data,CovidPeriodFlag,TEMPERATURA,Taxa_EUA,aspecto_PLANEJAMENTO,boi_dolar,boi_futuro,ciclo_MENOR_TX_NASC,ciclo_PICO_NASCIMENTOS,cme,dolar,el nino_encoded,ferias_verao_flag,ipca,milho_dolar,milho_futuro,milho_real,month,month_cos,month_sin,pib_agro,pib_brasil,sazonal_carne_weight,scpdsi,selic,soja_dolar,soja_futuro,soja_real,week,boi_negociado
02/01/2020,0,28.33,0.26,1,47.96,125.78,0,1,201.85,4.026,0,1,0.21,12.04,49.11,48.43,1,0.8660254037844387,0.49999999999999994,2.0,-0.7,0.5,0.44,4.4,20.61,956.25,82.92,1,192.95
03/01/2020,0,26.0,0.26,1,48.53,124.72,0,1,204.55,4.0669,0,1,0.21,12.07,48.92,48.91,1,0.8660254037844387,0.49999999999999994,2.0,-0.7,0.5,0.44,4.4,20.48,941.5,83.01,1,196.7
04/01/2020,0,25.95,0.26,1,48.53,124.72,0,1,204.55,4.0669,0,1,0.21,12.07,48.92,48.91,1,0.8660254037844387,0.49999999999999994,2.0,-0.7,0.5,0.44,4.4,20.48,941.5,83.01,1,196.7
05/01/2020,0,28.1,0.26,1,48.53,124.72,0,1,204.55,4.0669,0,1,0.21,12.07,48.92,48.91,1,0.8660254037844387,0.49999999999999994,2.0,-0.7,0.5,0.44,4.4,20.48,941.5,83.01,1,196.7
06/01/2020,0,27.04,0.26,1,48.24,127.28,0,1,205.39,4.0616,0,1,0.21,12.03,49.57,48.99,1,0.8660254037844387,0.49999999999999994,2.0,-0.7,0.5,0.44,4.4,20.35,944.75,82.83,2,196.4
07/01/2020,0,27.0,0.26,1,48.42,126.53,0,1,204.99,4.0676,0,1,0.21,12.15,50.21,49.31,1,0.8660254037844387,0.49999999999999994,2.0,-0.7,0.5,0.44,4.4,20.4,944.0,82.81,2,196.6
08/01/2020,0,30.2,0.26,1,48.58,126.35,0,1,206.1,4.0647,0,1,0.21,12.41,50.19,50.26,1,0.8660254037844387,0.49999999999999994,2.0,-0.7,0.5,0.44,4.4,20.49,947.25,82.95,2,196.7
09/01/2020,0,30.83,0.26,1,48.56,126.72,0,1,208.47,4.0925,0,1,0.21,12.6,50.86,51.5,1,0.8660254037844387,0.49999999999999994,2.0,-0.7,0.5,0.44,4.4,20.27,943.5,82.83,2,198.45
10/01/2020,0,33.02,0.26,1,48.09,127.42,0,1,205.09,4.096,0,1,0.21,12.64,51.4,51.56,1,0.8660254037844387,0.49999999999999994,2.0,-0.7,0.5,0.44,4.4,20.3,946.0,82.83,2,196.25
11/01/2020,0,29.48,0.26,1,48.09,127.42,0,1,205.09,4.096,0,1,0.21,12.64,51.4,51.56,1,0.8660254037844387,0.49999999999999994,2.0,-0.7,0.5,0.44,4.4,20.3,946.0,82.83,2,196.25
12/01/2020,0,31.47,0.26,1,48.09,127.42,0,1,205.09,4.096,0,1,0.21,12.64,51.4,51.56,1,0.8660254037844387,0.49999999999999994,2.0,-0.7,0.5,0.44,4.4,20.3,946.0,82.83,2,196.25
13/01/2020,0,26.76,0.26,1,47.45,126.55,0,1,204.14,4.1466,0,1,0.21,12.44,51.6,51.48,1,0.8660254037844387,0.49999999999999994,2.0,-0.7,0.5,0.44,4.4,20.2,942.25,83.59,3,196.3
14/01/2020,0,33.92,0.26,1,46.97,126.85,0,1,203.56,4.1326,0,1,0.21,12.52,51.92,51.7,1,0.8660254037844387,0.49999999999999994,2.0,-0.7,0.5,0.44,4.4,20.29,942.25,83.78,3,193.95
15/01/2020,0,34.2,0.26,1,46.5,126.6,0,1,205.01,4.1753,0,1,0.21,12.5,51.79,52.2,1,0.8660254037844387,0.49999999999999994,2.0,-0.7,0.5,0.44,4.4,20.04,942.0,83.72,3,194.25
16/01/2020,0,33.5,0.26,1,45.82,126.12,0,1,207.15,4.1847,0,1,0.21,12.4,52.07,51.99,1,0.8660254037844387,0.49999999999999994,2.0,-0.7,0.5,0.44,4.4,19.83,937.25,83.17,3,192.15
17/01/2020,0,27.1,0.26,1,46.26,126.35,0,1,206.86,4.1616,0,1,0.21,12.44,51.95,51.77,1,0.8660254037844387,0.49999999999999994,2.0,-0.7,0.5,0.44,4.4,20.1,943.0,83.66,3,192.5
18/01/2020,0,33.68,0.26,1,46.26,126.35,0,1,206.86,4.1616,0,1,0.21,12.44,51.95,51.77,1,0.8660254037844387,0.49999999999999994,2.0,-0.7,0.5,0.44,4.4,20.1,943.0,83.66,3,192.5
19/01/2020,0,31.33,0.26,1,46.26,126.35,0,1,206.86,4.1616,0,1,0.21,12.44,51.95,51.77,1,0.8660254037844387,0.49999999999999994,2.0,-0.7,0.5,0.44,4.4,20.1,943.0,83.66,3,192.5
20/01/2020,0,29.58,0.26,1,46.26,126.35,0,1,206.86,4.1616,0,1,0.21,12.44,51.95,51.77,1,0.8660254037844387,0.49999999999999994,2.0,-0.7,0.5,0.44,4.4,20.1,943.0,83.66,4,192.5
21/01/2020,0,31.2,0.26,1,45.38,126.38,0,1,206.86,4.2123,0,1,0.21,12.3,51.7,51.66,1,0.8660254037844387,0.49999999999999994,2.0,-0.7,0.5,0.44,4.4,19.82,929.75,83.22,4,190.6
22/01/2020,0,27.15,0.26,1,46.46,126.17,0,1,207.48,4.1826,0,1,0.21,12.39,52.05,51.74,1,0.8660254037844387,0.49999999999999994,2.0,-0.7,0.5,0.44,4.4,19.9,927.5,83.13,4,194.05
23/01/2020,0,27.33,0.26,1,45.91,124.67,0,1,208.24,4.1703,0,1,0.21,12.36,52.39,51.49,1,0.8660254037844387,0.49999999999999994,2.0,-0.7,0.5,0.44,4.4,19.75,923.25,82.26,4,191.2
24/01/2020,0,27.76,0.26,1,44.67,124.85,0,1,209.24,4.1814,0,1,0.21,12.28,51.93,51.42,1,0.8660254037844387,0.49999999999999994,2.0,-0.7,0.5,0.44,4.4,19.6,915.75,82.04,4,187.0
25/01/2020,0,27.77,0.26,1,44.67,124.85,0,1,209.24,4.1814,0,1,0.21,12.28,51.93,51.42,1,0.8660254037844387,0.49999999999999994,2.0,-0.7,0.5,0.44,4.4,19.6,915.75,82.04,4,187.0
26/01/2020,0,28.53,0.26,1,44.67,124.85,0,1,209.24,4.1814,0,1,0.21,12.28,51.93,51.42,1,0.8660254037844387,0.49999999999999994,2.0,-0.7,0.5,0.44,4.4,19.6,915.75,82.04,4,187.0
27/01/2020,0,29.09,0.26,1,45.35,122.25,0,1,212.99,4.2074,0,1,0.21,12.31,51.62,51.77,1,0.8660254037844387,0.49999999999999994,2.0,-0.7,0.5,0.44,4.4,19.33,911.0,81.3,5,190.7
28/01/2020,0,28.88,0.26,1,45.23,122.15,0,1,213.21,4.1943,0,1,0.21,12.38,51.49,51.91,1,0.8660254037844387,0.49999999999999994,2.0,-0.7,0.5,0.44,4.4,19.34,909.0,81.09,5,189.7
29/01/2020,0,28.38,0.26,1,44.08,121.75,0,1,213.58,4.2303,0,1,0.21,12.21,50.71,51.54,1,0.8660254037844387,0.49999999999999994,2.0,-0.7,0.5,0.44,4.4,19.24,907.0,81.22,5,186.1
30/01/2020,0,32.0,0.26,1,44.85,121.78,0,1,218.78,4.243,0,1,0.21,12.03,49.56,51.28,1,0.8660254037844387,0.49999999999999994,2.0,-0.7,0.5,0.44,4.4,19.04,890.5,81.13,5,191.1
31/01/2020,0,31.93,0.26,1,44.55,121.38,0,1,217.11,4.282,0,1,0.21,11.94,48.99,51.16,1,0.8660254037844387,0.49999999999999994,2.0,-0.7,0.5,0.44,4.4,18.76,886.75,80.36,5,190.8
01/02/2020,0,32.84,0.26,0,44.55,121.38,0,1,217.11,4.282,0,0,0.21,11.94,48.99,51.16,2,0.5000000000000001,0.8660254037844386,2.0,-0.7,0.0,1.88,4.4,18.76,886.75,80.36,5,190.8
02/02/2020,0,34.04,0.26,0,44.55,121.38,0,1,217.11,4.282,0,0,0.21,11.94,48.99,51.16,2,0.5000000000000001,0.8660254037844386,2.0,-0.7,0.0,1.88,4.4,18.76,886.75,80.36,5,190.8
03/02/2020,0,30.44,0.26,0,46.18,121.67,0,1,214.57,4.2476,0,0,0.25,11.97,48.19,50.86,2,0.5000000000000001,0.8660254037844386,2.0,-0.7,0.0,1.88,4.4,18.72,890.75,79.53,6,196.2
04/02/2020,0,27.36,0.26,0,45.44,121.62,0,1,215.54,4.2545,0,0,0.25,11.76,48.34,50.07,2,0.5000000000000001,0.8660254037844386,2.0,-0.7,0.0,1.88,4.4,18.73,893.0,79.75,6,193.45
05/02/2020,0,27.82,0.26,0,45.44,120.75,0,1,213.43,4.2353,0,0,0.25,11.82,48.83,50.17,2,0.5000000000000001,0.8660254037844386,2.0,-0.7,0.0,1.88,4.4,18.86,893.5,80.05,6,192.85
06/02/2020,0,26.89,0.26,0,45.48,121.12,0,1,212.63,4.2822,0,0,0.25,11.72,49.16,50.13,2,0.5000000000000001,0.8660254037844386,2.0,-0.7,0.0,1.88,4.15,18.72,894.75,80.07,6,194.5
07/02/2020,0,25.36,0.26,0,45.24,121.33,0,1,213.2,4.3203,0,0,0.25,11.74,49.38,50.71,2,0.5000000000000001,0.8660254037844386,2.0,-0.7,0.0,1.88,4.15,18.69,895.0,80.73,6,195.4
08/02/2020,0,24.8,0.26,0,45.24,121.33,0,1,213.2,4.3203,0,0,0.25,11.74,49.38,50.71,2,0.5000000000000001,0.8660254037844386,2.0,-0.7,0.0,1.88,4.15,18.69,895.0,80.73,6,195.4
09/02/2020,0,25.2,0.26,0,45.24,121.33,0,1,213.2,4.3203,0,0,0.25,11.74,49.38,50.71,2,0.5000000000000001,0.8660254037844386,2.0,-0.7,0.0,1.88,4.15,18.69,895.0,80.73,6,195.4
10/02/2020,0,29.58,0.26,0,45.23,120.3,0,1,213.37,4.3248,0,0,0.25,11.76,49.57,50.88,2,0.5000000000000001,0.8660254037844386,2.0,-0.7,0.0,1.88,4.15,18.75,897.25,81.15,7,195.7
11/02/2020,0,33.7,0.26,0,44.88,119.08,0,1,211.65,4.3316,0,0,0.25,11.81,49.06,51.11,2,0.5000000000000001,0.8660254037844386,2.0,-0.7,0.0,1.88,4.15,18.74,897.25,81.05,7,194.15
12/02/2020,0,24.45,0.26,0,45.45,118.95,0,1,207.64,4.3548,0,0,0.25,11.88,49.93,51.63,2,0.5000000000000001,0.8660254037844386,2.0,-0.7,0.0,1.88,4.15,18.75,903.5,81.5,7,197.55
13/02/2020,0,31.18,0.26,0,45.02,119.45,0,1,208.31,4.3498,0,0,0.25,11.92,51.29,51.8,2,0.5000000000000001,0.8660254037844386,2.0,-0.7,0.0,1.88,4.15,18.88,906.0,82.01,7,195.55
14/02/2020,0,34.13,0.26,0,45.71,120.83,0,1,213.13,4.2974,0,0,0.25,12.12,51.74,52.13,2,0.5000000000000001,0.8660254037844386,2.0,-0.7,0.0,1.88,4.15,18.99,903.25,81.64,7,196.55
15/02/2020,0,33.56,0.26,0,45.71,120.83,0,1,213.13,4.2974,0,0,0.25,12.12,51.74,52.13,2,0.5000000000000001,0.8660254037844386,2.0,-0.7,0.0,1.88,4.15,18.99,903.25,81.64,7,196.55
16/02/2020,0,30.66,0.26,0,45.71,120.83,0,1,213.13,4.2974,0,0,0.25,12.12,51.74,52.13,2,0.5000000000000001,0.8660254037844386,2.0,-0.7,0.0,1.88,4.15,18.99,903.25,81.64,7,196.55
17/02/2020,0,27.5,0.26,0,45.71,120.83,0,1,213.13,4.2974,0,0,0.25,12.12,51.74,52.13,2,0.5000000000000001,0.8660254037844386,2.0,-0.7,0.0,1.88,4.15,18.99,903.25,81.64,8,196.55
18/02/2020,0,30.07,0.26,0,45.22,121.42,0,1,213.37,4.3557,0,0,0.25,11.99,52.58,52.25,2,0.5000000000000001,0.8660254037844386,2.0,-0.7,0.0,1.88,4.15,18.74,902.25,81.65,8,197.05
19/02/2020,0,29.29,0.26,0,44.2,121.3,0,1,207.5,4.3649,0,0,0.25,12.0,52.13,52.42,2,0.5000000000000001,0.8660254037844386,2.0,-0.7,0.0,1.88,4.15,18.86,905.5,82.4,8,193.1
20/02/2020,0,29.0,0.26,0,46.25,120.1,0,1,209.0,4.3933,0,0,0.25,11.92,51.85,52.27,2,0.5000000000000001,0.8660254037844386,2.0,-0.7,0.0,1.88,4.15,18.86,901.0,82.72,8,202.85
21/02/2020,0,29.2,0.26,0,45.19,119.72,0,1,208.83,4.3895,0,0,0.25,11.92,51.87,52.32,2,0.5000000000000001,0.8660254037844386,2.0,-0.7,0.5,1.88,4.15,18.87,899.0,82.82,8,198.4
22/02/2020,0,28.62,0.26,0,45.19,119.72,0,1,208.83,4.3895,0,0,0.25,11.92,51.87,52.32,2,0.5000000000000001,0.8660254037844386,2.0,-0.7,0.5,1.88,4.15,18.87,899.0,82.82,8,198.4
23/02/2020,0,30.46,0.26,0,45.19,119.72,0,1,208.83,4.3895,0,0,0.25,11.92,51.87,52.32,2,0.5000000000000001,0.8660254037844386,2.0,-0.7,0.5,1.88,4.15,18.87,899.0,82.82,8,198.4
24/02/2020,0,28.61,0.26,0,45.19,117.0,0,1,208.83,4.3878,0,0,0.25,11.92,51.87,52.32,2,0.5000000000000001,0.8660254037844386,2.0,-0.7,0.5,1.88,4.15,18.87,882.5,82.82,9,198.4
25/02/2020,0,32.06,0.26,0,45.19,115.03,0,1,208.83,4.3878,0,0,0.25,11.92,51.87,52.32,2,0.5000000000000001,0.8660254037844386,2.0,-0.7,1.5,1.88,4.15,18.87,888.25,82.82,9,198.4
26/02/2020,0,28.0,0.26,0,45.69,114.08,0,1,220.18,4.4502,0,0,0.25,11.91,52.26,52.87,2,0.5000000000000001,0.8660254037844386,2.0,-0.7,0.0,1.88,4.15,18.57,892.0,82.42,9,202.8
27/02/2020,0,31.82,0.26,0,45.2,112.62,0,1,210.39,4.4861,0,0,0.25,11.92,53.16,53.3,2,0.5000000000000001,0.8660254037844386,2.0,-0.7,0.0,1.88,4.15,18.5,895.0,82.68,9,202.05
28/02/2020,0,28.23,0.26,0,44.91,112.7,0,1,198.82,4.4733,0,0,0.25,11.85,53.43,53.25,2,0.5000000000000001,0.8660254037844386,2.0,-0.7,0.0,1.88,4.15,18.46,892.75,82.91,9,201.75
29/02/2020,0,27.51,0.26,0,44.91,112.7,0,1,198.82,4.4733,0,0,0.25,11.85,53.43,53.25,2,0.5000000000000001,0.8660254037844386,2.0,-0.7,0.0,1.88,4.15,18.46,892.75,82.91,9,201.75
01/03/2020,0,28.57,0.26,0,44.91,112.7,0,1,198.82,4.4733,0,0,0.25,11.85,53.43,53.25,3,6.123233995736766e-17,1.0,2.0,-0.7,0.0,1.33,4.15,18.46,892.75,82.91,9,201.75
02/03/2020,0,28.18,0.26,0,45.52,110.15,0,1,209.4,4.474,0,0,0.07,11.94,54.24,53.55,3,6.123233995736766e-17,1.0,2.0,-0.7,0.0,1.33,4.15,18.71,901.0,83.91,10,204.15
03/03/2020,0,29.41,0.26,0,44.81,110.1,0,1,216.07,4.5144,0,0,0.07,11.93,54.95,53.81,3,6.123233995736766e-17,1.0,2.0,-0.7,0.0,1.33,4.15,18.65,903.5,84.11,10,202.1
04/03/2020,0,28.33,0.26,0,44.12,111.28,0,1,223.63,4.5847,0,0,0.07,11.83,55.25,54.18,3,6.123233995736766e-17,1.0,2.0,-0.7,0.0,1.33,4.15,18.66,907.25,85.43,10,202.0
05/03/2020,0,29.12,0.26,0,43.29,108.65,0,1,221.82,4.6073,0,0,0.07,11.77,55.26,54.69,3,6.123233995736766e-17,1.0,2.0,-0.7,0.0,1.33,4.15,18.57,897.0,86.3,10,201.2
06/03/2020,0,26.71,0.26,0,43.91,105.75,0,1,216.26,4.6269,0,0,0.07,11.95,55.59,55.3,3,6.123233995736766e-17,1.0,2.0,-0.7,0.0,1.33,4.15,18.65,891.25,86.32,10,203.25
07/03/2020,0,26.44,0.26,0,43.91,105.75,0,1,216.26,4.6269,0,0,0.07,11.95,55.59,55.3,3,6.123233995736766e-17,1.0,2.0,-0.7,0.0,1.33,4.15,18.65,891.25,86.32,10,203.25
08/03/2020,0,29.02,0.26,0,43.91,105.75,0,1,216.26,4.6269,0,0,0.07,11.95,55.59,55.3,3,6.123233995736766e-17,1.0,2.0,-0.7,0.0,1.33,4.15,18.65,891.25,86.32,10,203.25
09/03/2020,0,28.28,0.26,0,42.02,102.85,0,1,204.91,4.7231,0,0,0.07,11.71,56.04,55.55,3,6.123233995736766e-17,1.0,2.0,-0.7,0.0,1.33,4.15,18.11,870.0,85.94,11,199.4
10/03/2020,0,29.16,0.26,0,43.65,105.45,0,1,207.01,4.6425,0,0,0.07,12.02,56.19,55.83,3,6.123233995736766e-17,1.0,2.0,-0.7,0.0,1.33,4.15,18.46,876.25,85.71,11,202.7
11/03/2020,1,29.29,0.26,0,42.93,103.08,0,1,194.68,4.8136,0,0,0.07,11.99,56.74,56.77,3,6.123233995736766e-17,1.0,2.0,-0.7,0.0,1.33,4.15,18.15,873.25,85.92,11,203.25
12/03/2020,1,27.62,0.26,0,42.41,100.08,0,1,172.31,4.791,0,0,0.07,11.95,57.5,57.59,3,6.123233995736766e-17,1.0,2.0,-0.7,0.0,1.33,4.15,17.98,859.5,86.62,11,204.35
13/03/2020,1,30.5,0.26,0,42.19,95.58,0,1,182.01,4.858,0,0,0.07,11.87,57.75,57.58,3,6.123233995736766e-17,1.0,2.0,-0.7,0.0,1.33,4.15,17.7,848.75,85.89,11,204.7
14/03/2020,1,30.4,0.26,0,42.19,95.58,0,1,182.01,4.858,0,0,0.07,11.87,57.75,57.58,3,6.123233995736766e-17,1.0,2.0,-0.7,0.0,1.33,4.15,17.7,848.75,85.89,11,204.7
15/03/2020,1,28.18,0.26,0,42.19,95.58,0,1,182.01,4.858,0,0,0.07,11.87,57.75,57.58,3,6.123233995736766e-17,1.0,2.0,-0.7,0.0,1.33,4.15,17.7,848.75,85.89,11,204.7
16/03/2020,1,28.08,0.26,0,42.19,91.85,0,1,148.54,5.0002,0,0,0.07,11.56,49.37,58.16,3,6.123233995736766e-17,1.0,2.0,-0.7,0.0,1.33,4.15,17.16,830.5,86.32,12,204.7
17/03/2020,1,31.26,0.26,0,39.87,96.35,0,1,166.02,5.0084,0,0,0.07,11.68,47.61,58.41,3,6.123233995736766e-17,1.0,2.0,-0.7,0.0,1.33,4.15,17.54,831.0,87.69,12,199.4
18/03/2020,1,31.43,0.26,0,35.85,92.1,0,1,142.97,5.1064,0,0,0.07,11.05,49.41,57.75,3,6.123233995736766e-17,1.0,2.0,-0.7,0.0,1.33,4.15,16.78,832.75,87.71,12,187.4
19/03/2020,1,31.9,0.26,0,37.12,95.1,0,1,155.22,5.0957,0,0,0.07,11.43,49.07,58.27,3,6.123233995736766e-17,1.0,2.0,-0.7,0.0,1.33,3.65,17.61,848.0,89.82,12,189.25
20/03/2020,1,28.93,0.26,0,39.19,98.65,0,1,158.41,5.0627,0,0,0.07,11.69,49.09,59.04,3,6.123233995736766e-17,1.0,2.0,-0.7,0.0,1.33,3.65,17.86,864.75,90.16,12,197.85
21/03/2020,1,28.51,0.26,0,39.19,98.65,0,1,158.41,5.0627,0,0,0.07,11.69,49.09,59.04,3,6.123233995736766e-17,1.0,2.0,-0.7,0.0,1.33,3.65,17.86,864.75,90.16,12,197.85
22/03/2020,1,27.84,0.26,0,39.19,98.65,0,1,158.41,5.0627,0,0,0.07,11.69,49.09,59.04,3,6.123233995736766e-17,1.0,2.0,-0.7,0.0,1.33,3.65,17.86,864.75,90.16,12,197.85
23/03/2020,1,30.6,0.26,0,38.85,101.65,0,1,139.54,5.1444,0,0,0.07,11.41,48.84,58.62,3,6.123233995736766e-17,1.0,2.0,-0.7,0.0,1.33,3.65,17.64,885.5,90.63,13,199.65
24/03/2020,1,27.6,0.26,0,38.31,106.15,0,1,152.26,5.0983,0,0,0.07,11.69,48.69,59.55,3,6.123233995736766e-17,1.0,2.0,-0.7,0.0,1.33,3.65,17.83,887.5,90.79,13,195.05
25/03/2020,1,28.22,0.26,0,39.8,108.45,0,1,156.33,5.0353,0,0,0.07,11.87,48.95,59.49,3,6.123233995736766e-17,1.0,2.0,-0.7,0.0,1.33,3.65,18.21,884.75,91.26,13,199.5
26/03/2020,1,28.38,0.26,0,40.34,105.45,0,1,174.84,5.0212,0,0,0.07,11.83,49.29,59.21,3,6.123233995736766e-17,1.0,2.0,-0.7,0.0,1.33,3.65,18.42,884.75,92.15,13,201.85
27/03/2020,1,29.96,0.26,0,39.64,100.95,0,1,171.34,5.0997,0,0,0.07,11.76,47.89,59.5,3,6.123233995736766e-17,1.0,2.0,-0.7,0.0,1.33,3.65,18.11,885.25,91.59,13,200.5
28/03/2020,1,29.58,0.26,0,39.64,100.95,0,1,171.34,5.0997,0,0,0.07,11.76,47.89,59.5,3,6.123233995736766e-17,1.0,2.0,-0.7,0.0,1.33,3.65,18.11,885.25,91.59,13,200.5
29/03/2020,1,30.95,0.26,0,39.64,100.95,0,1,171.34,5.0997,0,0,0.07,11.76,47.89,59.5,3,6.123233995736766e-17,1.0,2.0,-0.7,0.0,1.33,3.65,18.11,885.25,91.59,13,200.5
30/03/2020,1,32.51,0.26,0,39.13,99.2,0,1,173.99,5.1936,0,0,0.07,11.61,49.44,60.08,3,6.123233995736766e-17,1.0,2.0,-0.7,0.0,1.33,3.65,17.96,886.5,92.93,14,202.5
31/03/2020,1,32.68,0.26,0,39.1,101.83,0,1,172.91,5.2046,0,0,0.07,11.57,50.69,60.14,3,6.123233995736766e-17,1.0,2.0,-0.7,0.0,1.33,3.65,18.06,889.5,93.84,14,203.15
01/04/2020,1,32.4,0.26,0,38.59,97.33,0,0,166.2,5.2493,0,0,-0.31,11.28,49.69,59.33,4,-0.4999999999999998,0.8660254037844387,-0.9,-9.2,0.0,1.0,3.65,17.83,867.25,93.78,14,203.0
02/04/2020,1,32.51,0.26,0,37.11,92.83,0,0,168.57,5.2533,0,0,-0.31,11.18,48.45,58.87,4,-0.4999999999999998,0.8660254037844387,-0.9,-9.2,0.0,1.0,3.65,17.87,864.0,94.06,14,195.4
03/04/2020,1,33.39,0.26,0,37.75,88.33,0,0,173.74,5.3506,0,0,-0.31,11.0,49.22,58.49,4,-0.4999999999999998,0.8660254037844387,-0.9,-9.2,0.0,1.0,3.65,17.77,859.5,94.45,14,200.65
04/04/2020,1,33.31,0.26,0,37.75,88.33,0,0,173.74,5.3506,0,0,-0.31,11.0,49.22,58.49,4,-0.4999999999999998,0.8660254037844387,-0.9,-9.2,0.0,1.0,3.65,17.77,859.5,94.45,14,200.65
05/04/2020,1,34.43,0.26,0,37.75,88.33,0,0,173.74,5.3506,0,0,-0.31,11.0,49.22,58.49,4,-0.4999999999999998,0.8660254037844387,-0.9,-9.2,0.0,1.0,3.65,17.77,859.5,94.45,14,200.65
06/04/2020,1,33.3,0.26,0,37.91,83.83,0,0,182.44,5.2863,0,0,-0.31,10.91,48.61,57.83,4,-0.4999999999999998,0.8660254037844387,-0.9,-9.2,0.0,1.0,3.65,17.73,861.25,94.02,15,201.0
07/04/2020,1,30.55,0.26,0,38.32,88.33,0,0,176.81,5.2214,0,0,-0.31,11.02,47.53,57.47,4,-0.4999999999999998,0.8660254037844387,-0.9,-9.2,0.0,1.0,3.65,18.01,861.0,93.96,15,199.9
08/04/2020,1,30.29,0.26,0,39.18,92.83,0,0,180.97,5.1233,0,0,-0.31,10.96,46.92,56.46,4,-0.4999999999999998,0.8660254037844387,-0.9,-9.2,0.0,1.0,3.65,18.29,861.75,94.21,15,201.8
09/04/2020,1,31.16,0.26,0,38.83,94.0,0,0,190.16,5.107,0,0,-0.31,11.06,46.77,56.41,4,-0.4999999999999998,0.8660254037844387,-0.9,-9.2,0.0,1.0,3.65,18.32,871.0,93.42,15,198.05
10/04/2020,1,30.45,0.26,0,38.83,84.57,0,0,190.16,5.1063,0,0,-0.31,11.06,46.77,56.41,4,-0.4999999999999998,0.8660254037844387,-0.9,-9.2,0.5,1.0,3.65,18.32,863.25,93.42,15,198.05
11/04/2020,1,28.2,0.26,0,38.83,84.57,0,0,190.16,5.1063,0,0,-0.31,11.06,46.77,56.41,4,-0.4999999999999998,0.8660254037844387,-0.9,-9.2,0.5,1.0,3.65,18.32,863.25,93.42,15,198.05
12/04/2020,1,28.4,0.26,0,38.83,84.57,0,0,190.16,5.1063,0,0,-0.31,11.06,46.77,56.41,4,-0.4999999999999998,0.8660254037844387,-0.9,-9.2,1.5,1.0,3.65,18.32,863.25,93.42,15,198.05
13/04/2020,1,30.4,0.26,0,39.08,91.0,0,0,182.68,5.1994,0,0,-0.31,10.85,47.06,56.19,4,-0.4999999999999998,0.8660254037844387,-0.9,-9.2,0.0,1.0,3.65,18.13,862.25,93.87,16,202.3
14/04/2020,1,28.85,0.26,0,38.38,93.7,0,0,188.07,5.1621,0,0,-0.31,10.37,46.93,53.79,4,-0.4999999999999998,0.8660254037844387,-0.9,-9.2,0.0,1.0,3.65,18.05,855.5,93.62,16,199.1
15/04/2020,1,26.5,0.26,0,37.91,94.72,0,0,184.98,5.2367,0,0,-0.31,9.97,46.15,52.2,4,-0.4999999999999998,0.8660254037844387,-0.9,-9.2,0.0,1.0,3.65,17.91,851.75,93.76,16,198.5
16/04/2020,1,28.5,0.26,0,38.13,95.5,0,0,187.34,5.2333,0,0,-0.31,9.89,45.55,52.02,4,-0.4999999999999998,0.8660254037844387,-0.9,-9.2,0.0,1.0,3.65,17.77,845.75,93.48,16,200.55
17/04/2020,1,29.85,0.26,0,38.43,94.65,0,0,191.62,5.2363,0,0,-0.31,9.83,45.61,51.55,4,-0.4999999999999998,0.8660254037844387,-0.9,-9.2,0.0,1.0,3.65,18.13,842.25,95.03,16,201.5
18/04/2020,1,25.0,0.26,0,38.43,94.65,0,0,191.62,5.2363,0,0,-0.31,9.83,45.61,51.55,4,-0.4999999999999998,0.8660254037844387,-0.9,-9.2,0.0,1.0,3.65,18.13,842.25,95.03,16,201.5
19/04/2020,1,29.3,0.26,0,38.43,94.65,0,0,191.62,5.2363,0,0,-0.31,9.83,45.61,51.55,4,-0.4999999999999998,0.8660254037844387,-0.9,-9.2,0.0,1.0,3.65,18.13,842.25,95.03,16,201.5
20/04/2020,1,27.92,0.26,0,37.02,93.53,0,0,184.62,5.3168,0,0,-0.31,9.56,45.31,50.74,4,-0.4999999999999998,0.8660254037844387,-0.9,-9.2,0.0,1.0,3.65,18.06,836.25,95.82,17,196.45
21/04/2020,1,28.8,0.26,0,37.02,91.6,0,0,184.62,5.3163,0,0,-0.31,9.56,45.31,50.74,4,-0.4999999999999998,0.8660254037844387,-0.9,-9.2,0.0,1.0,3.65,18.06,840.75,95.82,17,196.45
22/04/2020,1,29.0,0.26,0,37.17,88.95,0,0,179.39,5.458,0,0,-0.31,9.0,45.4,48.65,4,-0.4999999999999998,0.8660254037844387,-0.9,-9.2,0.0,1.0,3.65,17.61,842.5,95.22,17,201.0
23/04/2020,1,29.4,0.26,0,35.74,85.95,0,0,178.48,5.5335,0,0,-0.31,8.75,45.83,48.18,4,-0.4999999999999998,0.8660254037844387,-0.9,-9.2,0.0,1.0,3.65,17.39,846.75,95.73,17,196.7
24/04/2020,1,28.11,0.26,0,35.26,84.97,0,0,182.72,5.5907,0,0,-0.31,8.39,47.24,47.6,4,-0.4999999999999998,0.8660254037844387,-0.9,-9.2,0.0,1.0,3.65,17.43,839.5,98.84,17,199.95
25/04/2020,1,30.64,0.26,0,35.26,84.97,0,0,182.72,5.5907,0,0,-0.31,8.39,47.24,47.6,4,-0.4999999999999998,0.8660254037844387,-0.9,-9.2,0.0,1.0,3.65,17.43,839.5,98.84,17,199.95
26/04/2020,1,30.53,0.26,0,35.26,84.97,0,0,182.72,5.5907,0,0,-0.31,8.39,47.24,47.6,4,-0.4999999999999998,0.8660254037844387,-0.9,-9.2,0.0,1.0,3.65,17.43,839.5,98.84,17,199.95
27/04/2020,1,30.61,0.26,0,35.04,84.8,0,0,187.75,5.6526,0,0,-0.31,8.4,47.48,47.96,4,-0.4999999999999998,0.8660254037844387,-0.9,-9.2,0.0,1.0,3.65,17.21,836.5,98.23,18,200.05
28/04/2020,1,30.54,0.26,0,36.18,85.53,0,0,184.32,5.4999,0,0,-0.31,8.72,47.42,47.94,4,-0.4999999999999998,0.8660254037844387,-0.9,-9.2,0.0,1.0,3.65,17.78,832.0,97.76,18,198.9
29/04/2020,1,30.57,0.26,0,36.9,85.6,0,0,181.47,5.3348,0,0,-0.31,9.03,46.87,48.38,4,-0.4999999999999998,0.8660254037844387,-0.9,-9.2,0.0,1.0,3.65,18.23,837.5,97.64,18,197.7
30/04/2020,1,31.48,0.26,0,36.51,90.0,0,0,178.21,5.4858,0,0,-0.31,8.88,47.23,48.35,4,-0.4999999999999998,0.8660254037844387,-0.9,-9.2,0.0,1.0,3.65,17.79,855.25,96.88,18,198.85
01/05/2020,1,30.87,0.26,1,36.51,87.25,0,0,178.21,5.4856,0,0,-0.31,8.88,47.23,48.35,5,-0.8660254037844387,0.49999999999999994,-0.9,-9.2,0.0,-3.69,3.65,17.79,849.5,96.88,18,198.85
02/05/2020,1,30.66,0.26,1,36.51,87.25,0,0,178.21,5.4856,0,0,-0.31,8.88,47.23,48.35,5,-0.8660254037844387,0.49999999999999994,-0.9,-9.2,0.0,-3.69,3.65,17.79,849.5,96.88,18,198.85
03/05/2020,1,30.96,0.26,1,36.51,87.25,0,0,178.21,5.4856,0,0,-0.31,8.88,47.23,48.35,5,-0.8660254037844387,0.49999999999999994,-0.9,-9.2,0.0,-3.69,3.65,17.79,849.5,96.88,18,198.85
04/05/2020,1,31.32,0.26,1,36.17,88.08,0,0,172.56,5.545,0,0,-0.38,8.82,48.01,48.83,5,-0.8660254037844387,0.49999999999999994,-0.9,-9.2,0.0,-3.69,3.65,17.6,836.5,97.49,19,200.35
05/05/2020,1,31.11,0.26,1,36.07,86.47,0,0,178.51,5.5783,0,0,-0.38,8.71,48.83,48.78,5,-0.8660254037844387,0.49999999999999994,-0.9,-9.2,0.0,-3.69,3.65,17.45,839.5,97.67,19,201.9
06/05/2020,1,29.65,0.26,1,35.07,89.47,0,0,173.7,5.714,0,0,-0.38,8.64,48.81,49.25,5,-0.8660254037844387,0.49999999999999994,-0.9,-9.2,0.0,-3.69,3.65,17.63,832.5,100.49,19,199.95
07/05/2020,1,25.63,0.26,1,34.1,93.97,0,0,178.49,5.8307,0,0,-0.38,8.52,50.03,49.91,5,-0.8660254037844387,0.49999999999999994,-0.9,-9.2,0.0,-3.69,2.9,17.67,844.25,103.51,19,199.75
08/05/2020,1,30.14,0.26,1,35.02,94.65,0,0,181.53,5.7319,0,0,-0.38,8.66,49.9,49.76,5,-0.8660254037844387,0.49999999999999994,-0.9,-9.2,0.5,-3.69,2.9,18.16,850.5,104.41,19,201.3
09/05/2020,1,29.93,0.26,1,35.02,94.65,0,0,181.53,5.7319,0,0,-0.38,8.66,49.9,49.76,5,-0.8660254037844387,0.49999999999999994,-0.9,-9.2,0.5,-3.69,2.9,18.16,850.5,104.41,19,201.3
10/05/2020,1,30.28,0.26,1,35.02,94.65,0,0,181.53,5.7319,0,0,-0.38,8.66,49.9,49.76,5,-0.8660254037844387,0.49999999999999994,-0.9,-9.2,1.5,-3.69,2.9,18.16,850.5,104.41,19,201.3
11/05/2020,1,30.28,0.26,1,34.32,92.67,0,0,184.17,5.818,0,0,-0.38,8.57,49.96,50.01,5,-0.8660254037844387,0.49999999999999994,-0.9,-9.2,0.0,-3.69,2.9,18.32,855.0,106.9,20,200.25
12/05/2020,1,30.34,0.26,1,33.9,97.17,0,0,179.18,5.8856,0,0,-0.38,8.55,50.17,50.11,5,-0.8660254037844387,0.49999999999999994,-0.9,-9.2,0.0,-3.69,2.9,18.06,852.0,105.88,20,198.7
13/05/2020,1,30.59,0.26,1,33.8,93.88,0,0,177.96,5.8852,0,0,-0.38,8.61,50.35,50.91,5,-0.8660254037844387,0.49999999999999994,-0.9,-9.2,0.0,-3.69,2.9,18.02,839.5,106.61,20,199.9
14/05/2020,1,30.91,0.26,1,34.15,94.12,0,0,180.52,5.8115,0,0,-0.38,8.67,50.82,50.61,5,-0.8660254037844387,0.49999999999999994,-0.9,-9.2,0.0,-3.69,2.9,18.35,837.0,107.1,20,199.35
15/05/2020,1,30.5,0.26,1,33.42,97.0,0,0,181.07,5.8554,0,0,-0.38,8.67,46.71,50.57,5,-0.8660254037844387,0.49999999999999994,-0.9,-9.2,0.0,-3.69,2.9,18.43,840.75,107.5,20,194.9
16/05/2020,1,30.49,0.26,1,33.42,97.0,0,0,181.07,5.8554,0,0,-0.38,8.67,46.71,50.57,5,-0.8660254037844387,0.49999999999999994,-0.9,-9.2,0.0,-3.69,2.9,18.43,840.75,107.5,20,194.9
17/05/2020,1,30.87,0.26,1,33.42,97.0,0,0,181.07,5.8554,0,0,-0.38,8.67,46.71,50.57,5,-0.8660254037844387,0.49999999999999994,-0.9,-9.2,0.0,-3.69,2.9,18.43,840.75,107.5,20,194.9
18/05/2020,1,26.7,0.26,1,33.42,98.72,0,0,185.8,5.719,0,0,-0.38,8.79,46.35,50.23,5,-0.8660254037844387,0.49999999999999994,-0.9,-9.2,0.0,-3.69,2.9,18.56,847.75,106.07,21,194.9
19/05/2020,1,27.66,0.26,1,34.97,98.78,0,0,179.76,5.754,0,0,-0.38,8.73,46.95,50.06,5,-0.8660254037844387,0.49999999999999994,-0.9,-9.2,0.0,-3.69,2.9,18.4,845.25,105.48,21,200.5
20/05/2020,1,30.55,0.26,1,35.61,98.4,0,0,180.82,5.6925,0,0,-0.38,8.82,46.8,50.08,5,-0.8660254037844387,0.49999999999999994,-0.9,-9.2,0.0,-3.69,2.9,18.57,849.25,105.43,21,202.15
21/05/2020,1,30.32,0.26,1,36.24,98.8,0,0,178.18,5.5507,0,0,-0.38,9.06,46.55,50.51,5,-0.8660254037844387,0.49999999999999994,-0.9,-9.2,0.0,-3.69,2.9,18.71,838.5,104.31,21,202.0
22/05/2020,1,31.07,0.26,1,36.48,97.7,0,0,178.8,5.5338,0,0,-0.38,9.05,46.94,50.49,5,-0.8660254037844387,0.49999999999999994,-0.9,-9.2,0.0,-3.69,2.9,18.48,836.5,103.11,21,203.55
23/05/2020,1,31.31,0.26,1,36.48,97.7,0,0,178.8,5.5338,0,0,-0.38,9.05,46.94,50.49,5,-0.8660254037844387,0.49999999999999994,-0.9,-9.2,0.0,-3.69,2.9,18.48,836.5,103.11,21,203.55
24/05/2020,1,27.25,0.26,1,36.48,97.7,0,0,178.8,5.5338,0,0,-0.38,9.05,46.94,50.49,5,-0.8660254037844387,0.49999999999999994,-0.9,-9.2,0.0,-3.69,2.9,18.48,836.5,103.11,21,203.55
25/05/2020,1,28.02,0.26,1,36.48,97.7,0,0,178.8,5.5338,0,0,-0.38,9.05,46.94,50.49,5,-0.8660254037844387,0.49999999999999994,-0.9,-9.2,0.0,-3.69,2.9,18.48,836.5,103.11,22,203.55
26/05/2020,1,28.07,0.26,1,38.26,99.4,0,0,182.47,5.345,0,0,-0.38,9.42,45.7,50.29,5,-0.8660254037844387,0.49999999999999994,-0.9,-9.2,0.0,-3.69,2.9,18.9,848.75,100.93,22,204.3
27/05/2020,1,27.79,0.26,1,38.86,100.8,0,0,176.53,5.2733,0,0,-0.38,9.55,44.65,50.54,5,-0.8660254037844387,0.49999999999999994,-0.9,-9.2,0.0,-3.69,2.9,19.05,850.25,100.79,22,205.65
28/05/2020,1,29.09,0.26,1,37.93,101.47,0,0,180.49,5.4045,0,0,-0.38,9.33,45.55,50.06,5,-0.8660254037844387,0.49999999999999994,-0.9,-9.2,0.0,-3.69,2.9,18.61,849.25,99.81,22,203.4
29/05/2020,1,29.82,0.26,1,38.34,99.72,0,0,182.6,5.3361,0,0,-0.38,9.4,44.99,50.19,5,-0.8660254037844387,0.49999999999999994,-0.9,-9.2,0.0,-3.69,2.9,18.8,843.5,100.4,22,204.75
30/05/2020,1,28.57,0.26,1,38.34,99.72,0,0,182.6,5.3361,0,0,-0.38,9.4,44.99,50.19,5,-0.8660254037844387,0.49999999999999994,-0.9,-9.2,0.0,-3.69,2.9,18.8,843.5,100.4,22,204.75
31/05/2020,1,29.15,0.26,1,38.34,99.72,0,0,182.6,5.3361,0,0,-0.38,9.4,44.99,50.19,5,-0.8660254037844387,0.49999999999999994,-0.9,-9.2,0.0,-3.69,2.9,18.8,843.5,100.4,22,204.75
01/06/2020,1,29.46,0.26,1,37.93,98.3,0,0,182.32,5.3633,0,0,0.26,9.25,45.01,49.74,6,-1.0,1.2246467991473532e-16,-0.9,-9.2,0.5,-3.69,2.9,18.73,843.25,100.77,23,204.0
02/06/2020,1,29.63,0.26,1,38.79,95.3,0,0,178.78,5.2014,0,0,0.26,9.5,44.21,49.6,6,-1.0,1.2246467991473532e-16,-0.9,-9.2,0.5,-3.69,2.9,19.29,852.75,100.68,23,202.5
03/06/2020,1,30.91,0.26,1,40.18,95.45,0,0,186.26,5.0622,0,0,0.26,9.66,43.7,48.94,6,-1.0,1.2246467991473532e-16,-0.9,-9.2,0.5,-3.69,2.9,19.67,859.0,99.67,23,203.65
04/06/2020,1,31.41,0.26,1,40.16,95.72,0,0,184.51,5.119,0,0,0.26,9.51,43.7,48.66,6,-1.0,1.2246467991473532e-16,-0.9,-9.2,0.5,-3.69,2.9,19.76,868.75,101.07,23,205.45
05/06/2020,1,31.69,0.26,1,40.79,93.9,0,0,192.14,4.9585,0,0,0.26,9.7,43.7,48.2,6,-1.0,1.2246467991473532e-16,-0.9,-9.2,0.5,-3.69,2.9,20.3,870.0,100.87,23,202.65
06/06/2020,1,31.33,0.26,1,40.79,93.9,0,0,192.14,4.9585,0,0,0.26,9.7,43.7,48.2,6,-1.0,1.2246467991473532e-16,-0.9,-9.2,0.5,-3.69,2.9,20.3,870.0,100.87,23,202.65
07/06/2020,1,31.38,0.26,1,40.79,93.9,0,0,192.14,4.9585,0,0,0.26,9.7,43.7,48.2,6,-1.0,1.2246467991473532e-16,-0.9,-9.2,0.5,-3.69,2.9,20.3,870.0,100.87,23,202.65
08/06/2020,1,30.82,0.26,1,42.13,94.12,0,0,191.75,4.823,0,0,0.26,9.76,43.25,47.53,6,-1.0,1.2246467991473532e-16,-0.9,-9.2,0.5,-3.69,2.9,20.38,867.5,99.25,24,205.2
09/06/2020,1,30.92,0.26,1,42.32,96.33,0,0,191.1,4.8992,0,0,0.26,9.71,43.4,47.34,6,-1.0,1.2246467991473532e-16,-0.9,-9.2,0.5,-3.69,2.9,19.95,866.0,97.31,24,206.4
10/06/2020,1,30.9,0.26,1,41.98,96.6,0,0,188.7,4.9732,0,0,0.26,9.52,43.5,46.81,6,-1.0,1.2246467991473532e-16,-0.9,-9.2,0.5,-3.69,2.9,19.9,867.75,97.86,24,206.4
11/06/2020,1,31.04,0.26,1,41.98,96.83,0,0,188.7,4.976,0,0,0.26,9.52,43.5,46.81,6,-1.0,1.2246467991473532e-16,-0.9,-9.2,0.5,-3.69,2.9,19.9,868.0,97.86,24,206.4
12/06/2020,1,31.09,0.26,1,40.57,96.08,0,0,174.72,5.0505,0,0,0.26,9.27,43.8,46.92,6,-1.0,1.2246467991473532e-16,-0.9,-9.2,0.5,-3.69,2.9,19.73,872.5,99.81,24,205.25
13/06/2020,1,30.0,0.26,1,40.57,96.08,0,0,174.72,5.0505,0,0,0.26,9.27,43.8,46.92,6,-1.0,1.2246467991473532e-16,-0.9,-9.2,1.5,-3.69,2.9,19.73,872.5,99.81,24,205.25
14/06/2020,1,31.15,0.26,1,40.57,96.08,0,0,174.72,5.0505,0,0,0.26,9.27,43.8,46.92,6,-1.0,1.2246467991473532e-16,-0.9,-9.2,0.5,-3.69,2.9,19.73,872.5,99.81,24,205.25
15/06/2020,1,30.94,0.26,1,40.77,96.08,0,0,174.65,5.1557,0,0,0.26,9.12,44.6,46.96,6,-1.0,1.2246467991473532e-16,-0.9,-9.2,0.5,-3.69,2.9,19.79,870.0,101.92,25,209.95
16/06/2020,1,29.56,0.26,1,39.92,96.33,0,0,176.11,5.243,0,0,0.26,8.97,44.5,46.87,6,-1.0,1.2246467991473532e-16,-0.9,-9.2,0.5,-3.69,2.9,19.66,868.0,102.7,25,208.6
17/06/2020,1,29.22,0.26,1,39.2,96.5,0,0,178.36,5.2286,0,0,0.26,8.9,45.3,46.85,6,-1.0,1.2246467991473532e-16,-0.9,-9.2,0.5,-3.69,2.9,19.77,871.75,104.09,25,206.4
18/06/2020,1,29.2,0.26,1,39.43,96.08,0,0,176.32,5.3776,0,0,0.26,8.75,46.11,47.13,6,-1.0,1.2246467991473532e-16,-0.9,-9.2,0.5,-3.69,2.15,19.85,872.5,106.94,25,212.35
19/06/2020,1,29.49,0.26,1,39.66,94.7,0,0,175.52,5.3105,0,0,0.26,8.89,46.23,47.15,6,-1.0,1.2246467991473532e-16,-0.9,-9.2,0.5,-3.69,2.15,20.44,876.0,108.45,25,210.4
20/06/2020,1,30.36,0.26,1,39.66,94.7,0,0,175.52,5.3105,0,0,0.26,8.89,46.23,47.15,6,-1.0,1.2246467991473532e-16,-0.9,-9.2,0.5,-3.69,2.15,20.44,876.0,108.45,25,210.4
21/06/2020,1,30.22,0.26,1,39.66,94.7,0,0,175.52,5.3105,0,0,0.26,8.89,46.23,47.15,6,-1.0,1.2246467991473532e-16,-0.9,-9.2,0.5,-3.69,2.15,20.44,876.0,108.45,25,210.4
22/06/2020,1,29.75,0.26,1,40.62,94.4,0,0,175.09,5.2524,0,0,0.26,9.03,45.9,47.56,6,-1.0,1.2246467991473532e-16,-0.9,-9.2,0.5,-3.69,2.15,20.33,875.0,107.09,26,214.0
23/06/2020,1,29.93,0.26,1,41.07,93.53,0,0,173.55,5.1542,0,0,0.26,9.13,45.8,46.97,6,-1.0,1.2246467991473532e-16,-0.9,-9.2,0.5,-3.69,2.15,20.45,872.0,105.23,26,211.3
24/06/2020,1,30.48,0.26,1,41.19,93.3,0,0,167.47,5.3467,0,0,0.26,8.88,46.05,47.18,6,-1.0,1.2246467991473532e-16,-0.9,-9.2,1.5,-3.69,2.15,19.87,867.5,105.63,26,218.95
25/06/2020,1,30.67,0.26,1,40.82,94.17,0,0,168.69,5.3561,0,0,0.26,8.92,46.15,47.49,6,-1.0,1.2246467991473532e-16,-0.9,-9.2,0.5,-3.69,2.15,19.93,866.5,106.12,26,217.35
26/06/2020,1,31.34,0.26,1,39.93,94.7,0,0,162.45,5.484,0,0,0.26,8.81,46.65,48.15,6,-1.0,1.2246467991473532e-16,-0.9,-9.2,0.5,-3.69,2.15,19.8,860.0,108.27,26,218.35
27/06/2020,1,30.03,0.26,1,39.93,94.7,0,0,162.45,5.484,0,0,0.26,8.81,46.65,48.15,6,-1.0,1.2246467991473532e-16,-0.9,-9.2,0.5,-3.69,2.15,19.8,860.0,108.27,26,218.35
28/06/2020,1,31.57,0.26,1,39.93,94.7,0,0,162.45,5.484,0,0,0.26,8.81,46.65,48.15,6,-1.0,1.2246467991473532e-16,-0.9,-9.2,0.5,-3.69,2.15,19.8,860.0,108.27,26,218.35
29/06/2020,1,30.44,0.26,1,40.41,95.0,0,0,162.01,5.4034,0,0,0.26,8.88,47.35,48.28,6,-1.0,1.2246467991473532e-16,-0.9,-9.2,1.5,-3.69,2.15,20.06,861.5,109.05,27,219.65
30/06/2020,1,29.49,0.26,1,40.15,91.65,0,0,162.54,5.4661,0,0,0.26,8.92,48.1,48.53,6,-1.0,1.2246467991473532e-16,-0.9,-9.2,0.5,-3.69,2.15,20.1,878.75,109.35,27,218.4
01/07/2020,1,30.23,0.26,1,41.4,97.3,1,0,168.9,5.3174,0,0,0.36,9.32,48.8,49.51,7,-0.8660254037844388,-0.4999999999999997,-0.6,7.7,0.5,-3.88,2.15,20.69,891.5,109.88,27,219.9
02/07/2020,1,30.78,0.26,1,41.04,99.4,1,0,165.27,5.3596,0,0,0.36,9.3,48.9,49.79,7,-0.8660254037844388,-0.4999999999999997,-0.6,7.7,0.5,-3.88,2.15,20.36,891.25,108.99,27,219.65
03/07/2020,1,31.48,0.26,1,41.04,99.4,1,0,165.27,5.3596,0,0,0.36,9.3,48.9,49.79,7,-0.8660254037844388,-0.4999999999999997,-0.6,7.7,0.5,-3.88,2.15,20.36,891.25,108.99,27,219.65
04/07/2020,1,31.55,0.26,1,41.04,99.4,1,0,165.27,5.3596,0,0,0.36,9.3,48.9,49.79,7,-0.8660254037844388,-0.4999999999999997,-0.6,7.7,0.5,-3.88,2.15,20.36,891.25,108.99,27,219.65
05/07/2020,1,30.92,0.26,1,41.04,99.4,1,0,165.27,5.3596,0,0,0.36,9.3,48.9,49.79,7,-0.8660254037844388,-0.4999999999999997,-0.6,7.7,0.5,-3.88,2.15,20.36,891.25,108.99,27,219.65
06/07/2020,1,30.89,0.26,1,41.36,100.1,1,0,165.8,5.3562,0,0,0.36,9.35,49.7,49.93,7,-0.8660254037844388,-0.4999999999999997,-0.6,7.7,0.5,-3.88,2.15,20.56,898.5,109.82,28,220.95
07/07/2020,1,30.51,0.26,1,40.81,100.0,1,0,165.61,5.379,0,0,0.36,9.28,50.25,49.94,7,-0.8660254037844388,-0.4999999999999997,-0.6,7.7,0.5,-3.88,2.15,20.42,896.75,109.85,28,219.55
08/07/2020,1,31.36,0.26,1,40.93,99.15,1,0,168.08,5.3422,0,0,0.36,9.42,51.04,50.37,7,-0.8660254037844388,-0.4999999999999997,-0.6,7.7,0.5,-3.88,2.15,20.46,892.5,109.37,28,218.75
09/07/2020,1,30.7,0.26,1,40.97,99.25,1,0,165.53,5.3413,0,0,0.36,9.43,51.15,50.31,7,-0.8660254037844388,-0.4999999999999997,-0.6,7.7,0.5,-3.88,2.15,20.39,896.5,108.81,28,218.6
10/07/2020,1,30.71,0.26,1,40.97,100.0,1,0,164.59,5.3238,0,0,0.36,9.44,50.9,50.23,7,-0.8660254037844388,-0.4999999999999997,-0.6,7.7,0.5,-3.88,2.15,20.55,887.25,109.3,28,218.6
11/07/2020,1,31.26,0.26,1,40.97,100.0,1,0,164.59,5.3238,0,0,0.36,9.44,50.9,50.23,7,-0.8660254037844388,-0.4999999999999997,-0.6,7.7,0.5,-3.88,2.15,20.55,887.25,109.3,28,218.6
12/07/2020,1,30.93,0.26,1,40.97,100.0,1,0,164.59,5.3238,0,0,0.36,9.44,50.9,50.23,7,-0.8660254037844388,-0.4999999999999997,-0.6,7.7,0.5,-3.88,2.15,20.55,887.25,109.3,28,218.6
13/07/2020,1,32.11,0.26,1,40.57,99.65,1,0,165.2,5.404,0,0,0.36,9.27,49.83,49.78,7,-0.8660254037844388,-0.4999999999999997,-0.6,7.7,0.5,-3.88,2.15,20.03,874.0,107.61,29,217.95
14/07/2020,1,31.86,0.26,1,41.55,98.8,1,0,165.56,5.3674,0,0,0.36,9.33,49.6,49.83,7,-0.8660254037844388,-0.4999999999999997,-0.6,7.7,0.5,-3.88,2.15,20.26,878.0,108.21,29,221.9
15/07/2020,1,31.57,0.26,1,40.48,101.3,1,0,168.83,5.3698,0,0,0.36,9.18,47.0,49.4,7,-0.8660254037844388,-0.4999999999999997,-0.6,7.7,0.5,-3.88,2.15,20.2,880.75,108.73,29,217.85
16/07/2020,1,30.92,0.26,1,41.74,103.28,1,0,167.21,5.3311,0,0,0.36,9.2,46.83,49.01,7,-0.8660254037844388,-0.4999999999999997,-0.6,7.7,0.5,-3.88,2.15,20.4,888.25,108.63,29,222.25
17/07/2020,1,31.56,0.26,1,41.32,103.28,1,0,166.62,5.3849,0,0,0.36,9.18,47.82,49.43,7,-0.8660254037844388,-0.4999999999999997,-0.6,7.7,0.5,-3.88,2.15,20.15,892.25,108.54,29,222.55
18/07/2020,1,29.83,0.26,1,41.32,103.28,1,0,166.62,5.3849,0,0,0.36,9.18,47.82,49.43,7,-0.8660254037844388,-0.4999999999999997,-0.6,7.7,0.5,-3.88,2.15,20.15,892.25,108.54,29,222.55
19/07/2020,1,30.7,0.26,1,41.32,103.28,1,0,166.62,5.3849,0,0,0.36,9.18,47.82,49.43,7,-0.8660254037844388,-0.4999999999999997,-0.6,7.7,0.5,-3.88,2.15,20.15,892.25,108.54,29,222.55
20/07/2020,1,30.5,0.26,1,40.36,102.28,1,0,167.9,5.3283,0,0,0.36,9.28,48.0,49.5,7,-0.8660254037844388,-0.4999999999999997,-0.6,7.7,0.5,-3.88,2.15,20.61,896.75,109.93,30,215.3
21/07/2020,1,30.64,0.26,1,42.55,101.85,1,0,168.22,5.1713,0,0,0.36,9.55,47.22,49.62,7,-0.8660254037844388,-0.4999999999999997,-0.6,7.7,0.5,-3.88,2.15,20.98,891.0,109.03,30,221.15
22/07/2020,1,30.82,0.26,1,43.31,101.5,1,0,170.31,5.1166,0,0,0.36,9.48,47.25,48.54,7,-0.8660254037844388,-0.4999999999999997,-0.6,7.7,0.5,-3.88,2.15,21.11,894.0,108.05,30,221.65
23/07/2020,1,30.39,0.26,1,42.72,100.85,1,0,168.94,5.2112,0,0,0.36,9.38,47.87,48.83,7,-0.8660254037844388,-0.4999999999999997,-0.6,7.7,0.5,-3.88,2.15,20.97,900.75,109.17,30,222.4
24/07/2020,1,30.57,0.26,1,42.9,101.33,1,0,168.75,5.2329,0,0,0.36,9.46,48.04,49.25,7,-0.8660254037844388,-0.4999999999999997,-0.6,7.7,0.5,-3.88,2.15,21.31,898.75,111.0,30,223.45
25/07/2020,1,30.79,0.26,1,42.9,101.33,1,0,168.75,5.2329,0,0,0.36,9.46,48.04,49.25,7,-0.8660254037844388,-0.4999999999999997,-0.6,7.7,0.5,-3.88,2.15,21.31,898.75,111.0,30,223.45
26/07/2020,1,30.72,0.26,1,42.9,101.33,1,0,168.75,5.2329,0,0,0.36,9.46,48.04,49.25,7,-0.8660254037844388,-0.4999999999999997,-0.6,7.7,0.5,-3.88,2.15,21.31,898.75,111.0,30,223.45
27/07/2020,1,29.9,0.26,1,42.49,100.42,1,0,167.5,5.1447,0,0,0.36,9.62,48.8,49.73,7,-0.8660254037844388,-0.4999999999999997,-0.6,7.7,0.5,-3.88,2.15,21.42,898.75,110.72,31,219.65
28/07/2020,1,30.18,0.26,1,43.94,100.9,1,0,166.0,5.1533,0,0,0.36,9.59,48.95,49.4,7,-0.8660254037844388,-0.4999999999999997,-0.6,7.7,0.5,-3.88,2.15,21.43,887.75,110.41,31,226.4
29/07/2020,1,31.91,0.26,1,43.83,101.45,1,0,164.88,5.1692,0,0,0.36,9.63,48.65,49.79,7,-0.8660254037844388,-0.4999999999999997,-0.6,7.7,0.5,-3.88,2.15,21.29,884.5,110.07,31,226.6
30/07/2020,1,32.29,0.26,1,44.03,101.72,1,0,163.1,5.1534,0,0,0.36,9.79,49.81,50.47,7,-0.8660254037844388,-0.4999999999999997,-0.6,7.7,0.5,-3.88,2.15,21.44,886.75,110.57,31,227.0
31/07/2020,1,31.26,0.26,1,43.79,102.83,1,0,166.18,5.224,0,0,0.36,9.74,51.0,50.79,7,-0.8660254037844388,-0.4999999999999997,-0.6,7.7,0.5,-3.88,2.15,21.39,890.25,111.48,31,228.3
01/08/2020,1,29.09,0.26,1,43.79,102.83,1,0,166.18,5.224,0,0,0.36,9.74,51.0,50.79,8,-0.5000000000000004,-0.8660254037844385,-0.6,7.7,0.0,-2.27,2.15,21.39,890.25,111.48,31,228.3
02/08/2020,1,31.23,0.26,1,43.79,102.83,1,0,166.18,5.224,0,0,0.36,9.74,51.0,50.79,8,-0.5000000000000004,-0.8660254037844385,-0.6,7.7,0.0,-2.27,2.15,21.39,890.25,111.48,31,228.3
03/08/2020,1,31.32,0.26,1,42.73,103.03,1,0,163.0,5.3213,0,0,0.24,9.62,52.5,51.29,8,-0.5000000000000004,-0.8660254037844385,-0.6,7.7,0.0,-2.27,2.15,21.35,893.0,113.81,32,227.8
04/08/2020,1,30.9,0.26,1,42.82,102.28,1,0,163.13,5.29,0,0,0.24,9.81,51.99,51.97,8,-0.5000000000000004,-0.8660254037844385,-0.6,7.7,0.0,-2.27,2.15,21.84,879.75,115.68,32,226.85
05/08/2020,1,31.06,0.26,1,42.7,102.3,1,0,163.17,5.2902,0,0,0.24,9.84,52.92,52.14,8,-0.5000000000000004,-0.8660254037844385,-0.6,7.7,0.0,-2.27,2.15,21.82,876.25,115.62,32,226.25
06/08/2020,1,30.29,0.26,1,42.47,102.62,1,0,163.97,5.3315,0,0,0.24,9.82,53.69,52.59,8,-0.5000000000000004,-0.8660254037844385,-0.6,7.7,0.0,-2.27,1.9,21.88,874.75,117.17,32,227.4
07/08/2020,1,28.93,0.26,1,41.6,102.8,1,0,167.14,5.4383,0,0,0.24,9.73,54.8,52.72,8,-0.5000000000000004,-0.8660254037844385,-0.6,7.7,0.5,-2.27,1.9,21.81,865.75,118.22,32,225.45
08/08/2020,1,30.38,0.26,1,41.6,102.8,1,0,167.14,5.4383,0,0,0.24,9.73,54.8,52.72,8,-0.5000000000000004,-0.8660254037844385,-0.6,7.7,0.5,-2.27,1.9,21.81,865.75,118.22,32,225.45
09/08/2020,1,31.58,0.26,1,41.6,102.8,1,0,167.14,5.4383,0,0,0.24,9.73,54.8,52.72,8,-0.5000000000000004,-0.8660254037844385,-0.6,7.7,1.5,-2.27,1.9,21.81,865.75,118.22,32,225.45
10/08/2020,1,32.33,0.26,1,41.87,103.6,1,0,165.34,5.4812,0,0,0.24,9.82,54.91,53.59,8,-0.5000000000000004,-0.8660254037844385,-0.6,7.7,0.0,-2.27,1.9,21.62,870.0,118.02,33,228.5
11/08/2020,1,32.31,0.26,1,42.04,104.65,1,0,168.12,5.38,0,0,0.24,10.04,55.49,54.28,8,-0.5000000000000004,-0.8660254037844385,-0.6,7.7,0.0,-2.27,1.9,21.87,870.5,118.2,33,227.2
12/08/2020,1,33.32,0.26,1,41.48,106.35,1,0,169.96,5.4333,0,0,0.24,10.04,56.33,54.78,8,-0.5000000000000004,-0.8660254037844385,-0.6,7.7,0.0,-2.27,1.9,21.76,880.5,118.7,33,226.3
13/08/2020,1,34.26,0.26,1,42.43,107.05,1,0,169.57,5.369,0,0,0.24,10.27,57.7,55.16,8,-0.5000000000000004,-0.8660254037844385,-0.6,7.7,0.0,-2.27,1.9,22.43,896.25,120.47,33,227.85
14/08/2020,1,33.91,0.26,1,41.39,107.6,1,0,171.44,5.4204,0,0,0.24,10.22,58.38,55.51,8,-0.5000000000000004,-0.8660254037844385,-0.6,7.7,0.0,-2.27,1.9,22.38,897.0,121.54,33,224.75
15/08/2020,1,34.77,0.26,1,41.39,107.6,1,0,171.44,5.4204,0,0,0.24,10.22,58.38,55.51,8,-0.5000000000000004,-0.8660254037844385,-0.6,7.7,0.0,-2.27,1.9,22.38,897.0,121.54,33,224.75
16/08/2020,1,34.5,0.26,1,41.39,107.6,1,0,171.44,5.4204,0,0,0.24,10.22,58.38,55.51,8,-0.5000000000000004,-0.8660254037844385,-0.6,7.7,0.0,-2.27,1.9,22.38,897.0,121.54,33,224.75
17/08/2020,1,34.66,0.26,1,41.32,106.9,1,0,174.61,5.509,0,0,0.24,10.17,60.49,55.99,8,-0.5000000000000004,-0.8660254037844385,-0.6,7.7,0.0,-2.27,1.9,22.5,915.25,123.79,34,227.4
18/08/2020,1,36.19,0.26,1,41.37,106.72,1,0,173.81,5.4666,0,0,0.24,10.54,59.1,57.63,8,-0.5000000000000004,-0.8660254037844385,-0.6,7.7,0.0,-2.27,1.9,22.85,913.75,124.97,34,226.2
19/08/2020,1,35.31,0.26,1,41.14,107.47,1,0,172.2,5.5575,0,0,0.24,10.62,60.1,58.64,8,-0.5000000000000004,-0.8660254037844385,-0.6,7.7,0.0,-2.27,1.9,22.7,914.0,125.37,34,227.2
20/08/2020,1,34.9,0.26,1,40.53,107.03,1,0,173.18,5.5568,0,0,0.24,10.62,60.4,59.01,8,-0.5000000000000004,-0.8660254037844385,-0.6,7.7,0.0,-2.27,1.9,22.75,905.25,126.44,34,225.2
21/08/2020,1,30.94,0.26,1,40.88,105.8,1,0,173.86,5.6192,0,0,0.24,10.63,60.35,59.6,8,-0.5000000000000004,-0.8660254037844385,-0.6,7.7,0.0,-2.27,1.9,22.64,904.75,126.96,34,229.25
22/08/2020,1,31.7,0.26,1,40.88,105.8,1,0,173.86,5.6192,0,0,0.24,10.63,60.35,59.6,8,-0.5000000000000004,-0.8660254037844385,-0.6,7.7,0.0,-2.27,1.9,22.64,904.75,126.96,34,229.25
23/08/2020,1,33.08,0.26,1,40.88,105.8,1,0,173.86,5.6192,0,0,0.24,10.63,60.35,59.6,8,-0.5000000000000004,-0.8660254037844385,-0.6,7.7,0.0,-2.27,1.9,22.64,904.75,126.96,34,229.25
24/08/2020,1,34.15,0.26,1,40.98,105.58,1,0,175.21,5.61,0,0,0.24,10.7,60.59,59.93,8,-0.5000000000000004,-0.8660254037844385,-0.6,7.7,0.0,-2.27,1.9,22.49,905.75,125.95,35,229.45
25/08/2020,1,34.93,0.26,1,41.38,105.5,1,0,174.92,5.5075,0,0,0.24,10.94,61.39,60.41,8,-0.5000000000000004,-0.8660254037844385,-0.6,7.7,0.0,-2.27,1.9,22.92,920.25,126.59,35,228.6
26/08/2020,1,34.34,0.26,1,40.68,104.05,1,0,175.26,5.6054,0,0,0.24,10.84,60.29,60.7,8,-0.5000000000000004,-0.8660254037844385,-0.6,7.7,0.0,-2.27,1.9,22.63,924.25,126.75,35,227.85
27/08/2020,1,34.84,0.26,1,42.06,102.97,1,0,176.45,5.5691,0,0,0.24,10.93,59.97,60.87,8,-0.5000000000000004,-0.8660254037844385,-0.6,7.7,0.0,-2.27,1.9,22.97,942.0,127.91,35,234.25
28/08/2020,1,35.23,0.26,1,43.76,103.22,1,0,172.1,5.3881,0,0,0.24,11.27,59.65,60.97,8,-0.5000000000000004,-0.8660254037844385,-0.6,7.7,0.0,-2.27,1.9,24.08,950.5,130.21,35,236.65
29/08/2020,1,36.3,0.26,1,43.76,103.22,1,0,172.1,5.3881,0,0,0.24,11.27,59.65,60.97,8,-0.5000000000000004,-0.8660254037844385,-0.6,7.7,0.0,-2.27,1.9,24.08,950.5,130.21,35,236.65
30/08/2020,1,36.26,0.26,1,43.76,103.22,1,0,172.1,5.3881,0,0,0.24,11.27,59.65,60.97,8,-0.5000000000000004,-0.8660254037844385,-0.6,7.7,0.0,-2.27,1.9,24.08,950.5,130.21,35,236.65
31/08/2020,1,36.17,0.26,1,43.39,104.5,1,0,170.97,5.4914,0,0,0.24,11.18,60.59,61.25,8,-0.5000000000000004,-0.8660254037844385,-0.6,7.7,0.0,-2.27,1.9,23.85,953.5,130.61,36,237.6
01/09/2020,1,35.68,0.26,0,44.1,105.47,1,0,168.94,5.396,0,0,0.64,11.31,59.51,60.92,9,-1.8369701987210297e-16,-1.0,-0.6,7.7,0.0,-2.8,1.9,24.21,954.75,130.46,36,237.6
02/09/2020,1,34.38,0.26,0,44.61,104.47,1,0,167.9,5.3403,0,0,0.64,11.27,57.5,60.36,9,-1.8369701987210297e-16,-1.0,-0.6,7.7,0.0,-2.8,1.9,24.34,962.0,130.37,36,238.95
03/09/2020,1,34.23,0.26,0,45.34,103.92,1,0,167.1,5.2914,0,0,0.64,11.17,55.71,59.11,9,-1.8369701987210297e-16,-1.0,-0.6,7.7,0.0,-2.8,1.9,24.53,966.0,129.76,36,239.85
04/09/2020,1,33.79,0.26,0,45.32,104.45,1,0,164.89,5.3012,0,0,0.64,11.13,57.43,59.06,9,-1.8369701987210297e-16,-1.0,-0.6,7.7,0.0,-2.8,1.9,24.48,968.0,129.89,36,240.45
05/09/2020,1,35.37,0.26,0,45.32,104.45,1,0,164.89,5.3012,0,0,0.64,11.13,57.43,59.06,9,-1.8369701987210297e-16,-1.0,-0.6,7.7,0.0,-2.8,1.9,24.48,968.0,129.89,36,240.45
06/09/2020,1,35.24,0.26,0,45.32,104.45,1,0,164.89,5.3012,0,0,0.64,11.13,57.43,59.06,9,-1.8369701987210297e-16,-1.0,-0.6,7.7,0.5,-2.8,1.9,24.48,968.0,129.89,36,240.45
07/09/2020,1,35.52,0.26,0,45.32,104.45,1,0,164.89,5.3012,0,0,0.64,11.13,57.43,59.06,9,-1.8369701987210297e-16,-1.0,-0.6,7.7,1.5,-2.8,1.9,24.48,968.0,129.89,37,240.45
08/09/2020,1,36.8,0.26,0,45.51,105.78,1,0,162.35,5.3638,0,0,0.64,10.94,58.44,58.64,9,-1.8369701987210297e-16,-1.0,-0.6,7.7,0.5,-2.8,1.9,24.28,973.0,130.14,37,243.9
09/09/2020,1,37.03,0.26,0,46.72,104.7,1,0,163.33,5.3078,0,0,0.64,10.99,57.47,58.15,9,-1.8369701987210297e-16,-1.0,-0.6,7.7,0.0,-2.8,1.9,24.74,978.75,130.83,37,247.1
10/09/2020,1,36.79,0.26,0,46.55,105.1,1,0,159.37,5.321,0,0,0.64,10.98,58.0,58.38,9,-1.8369701987210297e-16,-1.0,-0.6,7.7,0.0,-2.8,1.9,24.59,977.5,130.7,37,247.45
11/09/2020,1,37.06,0.26,0,46.05,105.53,1,0,158.66,5.3189,0,0,0.64,11.06,58.72,58.99,9,-1.8369701987210297e-16,-1.0,-0.6,7.7,0.0,-2.8,1.9,24.74,996.0,131.94,37,245.65
12/09/2020,1,36.44,0.26,0,46.05,105.53,1,0,158.66,5.3189,0,0,0.64,11.06,58.72,58.99,9,-1.8369701987210297e-16,-1.0,-0.6,7.7,0.0,-2.8,1.9,24.74,996.0,131.94,37,245.65
13/09/2020,1,34.68,0.26,0,46.05,105.53,1,0,158.66,5.3189,0,0,0.64,11.06,58.72,58.99,9,-1.8369701987210297e-16,-1.0,-0.6,7.7,0.0,-2.8,1.9,24.74,996.0,131.94,37,245.65
14/09/2020,1,35.29,0.26,0,47.11,106.88,1,0,161.45,5.2706,0,0,0.64,11.31,59.17,59.7,9,-1.8369701987210297e-16,-1.0,-0.6,7.7,0.0,-2.8,1.9,25.35,999.5,133.76,38,248.6
15/09/2020,1,35.51,0.26,0,46.82,107.1,1,0,163.42,5.2748,0,0,0.64,11.16,59.22,58.97,9,-1.8369701987210297e-16,-1.0,-0.6,7.7,0.0,-2.8,1.9,25.29,995.75,133.69,38,247.5
16/09/2020,1,35.79,0.26,0,47.88,106.72,1,0,165.46,5.2377,0,0,0.64,11.24,59.85,58.88,9,-1.8369701987210297e-16,-1.0,-0.6,7.7,0.0,-2.8,1.9,25.86,1015.25,135.48,38,250.9
17/09/2020,1,36.84,0.26,0,47.82,106.78,1,0,165.95,5.2394,0,0,0.64,11.16,59.25,58.48,9,-1.8369701987210297e-16,-1.0,-0.6,7.7,0.0,-2.8,1.9,26.13,1031.25,136.85,38,250.5
18/09/2020,1,37.2,0.26,0,46.21,107.35,1,0,164.34,5.3876,0,0,0.64,10.9,59.77,58.48,9,-1.8369701987210297e-16,-1.0,-0.6,7.7,0.0,-2.8,1.9,25.72,1047.25,138.04,38,248.0
19/09/2020,1,37.21,0.26,0,46.21,107.35,1,0,164.34,5.3876,0,0,0.64,10.9,59.77,58.48,9,-1.8369701987210297e-16,-1.0,-0.6,7.7,0.0,-2.8,1.9,25.72,1047.25,138.04,38,248.0
20/09/2020,1,35.37,0.26,0,46.21,107.35,1,0,164.34,5.3876,0,0,0.64,10.9,59.77,58.48,9,-1.8369701987210297e-16,-1.0,-0.6,7.7,0.0,-2.8,1.9,25.72,1047.25,138.04,38,248.0
21/09/2020,1,34.33,0.26,0,46.24,106.7,1,0,163.02,5.4131,0,0,0.64,10.95,60.28,59.19,9,-1.8369701987210297e-16,-1.0,-0.6,7.7,0.0,-2.8,1.9,25.98,1027.5,140.34,39,249.85
22/09/2020,1,27.1,0.26,0,45.98,106.47,1,0,161.95,5.4704,0,0,0.64,10.96,61.44,59.91,9,-1.8369701987210297e-16,-1.0,-0.6,7.7,0.0,-2.8,1.9,25.79,1024.5,140.92,39,251.3
23/09/2020,1,34.09,0.26,0,45.58,107.15,1,0,157.83,5.5943,0,0,0.64,10.93,62.91,60.95,9,-1.8369701987210297e-16,-1.0,-0.6,7.7,0.0,-2.8,1.9,25.74,1018.75,143.56,39,254.2
24/09/2020,1,35.45,0.26,0,45.78,108.03,1,0,159.36,5.5089,0,0,0.64,11.11,62.66,61.28,9,-1.8369701987210297e-16,-1.0,-0.6,7.7,0.0,-2.8,1.9,26.27,1003.25,144.88,39,252.55
25/09/2020,1,35.77,0.26,0,46.11,107.58,1,0,162.13,5.5624,0,0,0.64,11.26,63.46,62.45,9,-1.8369701987210297e-16,-1.0,-0.6,7.7,0.0,-2.8,1.9,25.92,1006.25,143.72,39,255.65
26/09/2020,1,32.75,0.26,0,46.11,107.58,1,0,162.13,5.5624,0,0,0.64,11.26,63.46,62.45,9,-1.8369701987210297e-16,-1.0,-0.6,7.7,0.0,-2.8,1.9,25.92,1006.25,143.72,39,255.65
27/09/2020,1,35.2,0.26,0,46.11,107.58,1,0,162.13,5.5624,0,0,0.64,11.26,63.46,62.45,9,-1.8369701987210297e-16,-1.0,-0.6,7.7,0.0,-2.8,1.9,25.92,1006.25,143.72,39,255.65
28/09/2020,1,38.73,0.26,0,45.38,107.95,1,0,164.22,5.6627,0,0,0.64,11.08,65.19,62.42,9,-1.8369701987210297e-16,-1.0,-0.6,7.7,0.0,-2.8,1.9,25.7,1000.25,144.83,40,255.7
29/09/2020,1,40.19,0.26,0,45.42,108.9,1,0,161.49,5.6344,0,0,0.64,11.23,65.33,63.28,9,-1.8369701987210297e-16,-1.0,-0.6,7.7,0.0,-2.8,1.9,25.67,997.0,144.66,40,256.0
30/09/2020,1,37.45,0.26,0,45.69,108.55,1,0,162.65,5.6112,0,0,0.64,11.33,66.46,63.63,9,-1.8369701987210297e-16,-1.0,-0.6,7.7,0.0,-2.8,1.9,26.03,1027.25,146.23,40,256.7
01/10/2020,1,35.81,0.26,0,45.44,108.53,0,0,165.51,5.6437,0,0,0.86,11.36,66.58,64.22,10,0.5000000000000001,-0.8660254037844386,-0.5,3.2,0.0,1.27,1.9,26.36,1027.25,149.01,40,256.8
02/10/2020,1,38.31,0.26,0,45.62,108.17,0,0,163.8,5.6851,0,0,0.86,11.45,66.85,64.75,10,0.5000000000000001,-0.8660254037844386,-0.5,3.2,0.0,1.27,1.9,26.42,1024.75,149.47,40,258.05
03/10/2020,1,37.53,0.26,0,45.62,108.17,0,0,163.8,5.6851,0,0,0.86,11.45,66.85,64.75,10,0.5000000000000001,-0.8660254037844386,-0.5,3.2,0.0,1.27,1.9,26.42,1024.75,149.47,40,258.05
04/10/2020,1,37.71,0.26,0,45.62,108.17,0,0,163.8,5.6851,0,0,0.86,11.45,66.85,64.75,10,0.5000000000000001,-0.8660254037844386,-0.5,3.2,0.0,1.27,1.9,26.42,1024.75,149.47,40,258.05
05/10/2020,1,38.51,0.26,0,46.34,108.83,0,0,162.29,5.5743,0,0,0.86,11.75,67.72,65.36,10,0.5000000000000001,-0.8660254037844386,-0.5,3.2,0.0,1.27,1.9,27.17,1025.0,151.07,41,257.7
06/10/2020,1,36.56,0.26,0,45.28,109.2,0,0,163.64,5.593,0,0,0.86,11.69,68.75,65.48,10,0.5000000000000001,-0.8660254037844386,-0.5,3.2,0.0,1.27,1.9,26.95,1045.5,150.89,41,253.55
07/10/2020,1,36.04,0.26,0,45.93,110.17,0,0,164.78,5.6097,0,0,0.86,11.97,69.42,67.26,10,0.5000000000000001,-0.8660254037844386,-0.5,3.2,0.0,1.27,1.9,27.27,1051.5,153.2,41,258.0
08/10/2020,1,37.61,0.26,0,45.69,109.7,0,0,166.14,5.5987,0,0,0.86,12.09,70.96,67.55,10,0.5000000000000001,-0.8660254037844386,-0.5,3.2,0.0,1.27,1.9,27.71,1048.0,154.82,41,255.3
09/10/2020,1,36.61,0.26,0,47.29,109.88,0,0,164.69,5.5318,0,0,0.86,12.31,70.88,68.12,10,0.5000000000000001,-0.8660254037844386,-0.5,3.2,0.0,1.27,1.9,27.75,1065.75,153.53,41,261.6
10/10/2020,1,33.62,0.26,0,47.29,109.88,0,0,164.69,5.5318,0,0,0.86,12.31,70.88,68.12,10,0.5000000000000001,-0.8660254037844386,-0.5,3.2,0.5,1.27,1.9,27.75,1065.75,153.53,41,261.6
11/10/2020,1,29.25,0.26,0,47.29,109.88,0,0,164.69,5.5318,0,0,0.86,12.31,70.88,68.12,10,0.5000000000000001,-0.8660254037844386,-0.5,3.2,0.5,1.27,1.9,27.75,1065.75,153.53,41,261.6
12/10/2020,1,32.24,0.26,0,47.29,108.35,0,0,164.69,5.5316,0,0,0.86,12.31,70.88,68.12,10,0.5000000000000001,-0.8660254037844386,-0.5,3.2,1.5,1.27,1.9,27.75,1036.75,153.53,42,261.6
13/10/2020,1,32.34,0.26,0,46.99,108.83,0,0,162.83,5.5693,0,0,0.86,12.4,71.82,69.09,10,0.5000000000000001,-0.8660254037844386,-0.5,3.2,0.0,1.27,1.9,27.77,1047.0,154.81,42,261.9
14/10/2020,1,32.14,0.26,0,47.0,108.38,0,0,162.06,5.5912,0,0,0.86,12.41,72.42,69.53,10,0.5000000000000001,-0.8660254037844386,-0.5,3.2,0.0,1.27,1.9,27.69,1057.25,155.15,42,263.35
15/10/2020,1,34.93,0.26,0,46.59,107.78,0,0,162.43,5.6126,0,0,0.86,12.53,73.9,70.3,10,0.5000000000000001,-0.8660254037844386,-0.5,3.2,0.0,1.27,1.9,27.91,1062.0,156.62,42,261.45
16/10/2020,1,34.74,0.26,0,46.71,107.15,0,0,163.31,5.6428,0,0,0.86,12.53,75.92,70.72,10,0.5000000000000001,-0.8660254037844386,-0.5,3.2,0.0,1.27,1.9,27.95,1050.25,157.8,42,263.65
17/10/2020,1,37.38,0.26,0,46.71,107.15,0,0,163.31,5.6428,0,0,0.86,12.53,75.92,70.72,10,0.5000000000000001,-0.8660254037844386,-0.5,3.2,0.0,1.27,1.9,27.95,1050.25,157.8,42,263.65
18/10/2020,1,33.51,0.26,0,46.71,107.15,0,0,163.31,5.6428,0,0,0.86,12.53,75.92,70.72,10,0.5000000000000001,-0.8660254037844386,-0.5,3.2,0.0,1.27,1.9,27.95,1050.25,157.8,42,263.65
19/10/2020,1,27.1,0.26,0,47.16,104.0,0,0,158.79,5.6069,0,0,0.86,12.76,77.85,71.49,10,0.5000000000000001,-0.8660254037844386,-0.5,3.2,0.0,1.27,1.9,28.52,1054.0,159.84,43,264.3
20/10/2020,1,34.94,0.26,0,47.6,104.12,0,0,158.58,5.6054,0,0,0.86,13.1,79.92,73.33,10,0.5000000000000001,-0.8660254037844386,-0.5,3.2,0.0,1.27,1.9,28.66,1063.75,160.44,43,266.45
21/10/2020,1,35.51,0.26,0,47.92,103.65,0,0,160.0,5.6066,0,0,0.86,13.45,83.92,75.39,10,0.5000000000000001,-0.8660254037844386,-0.5,3.2,0.0,1.27,1.9,29.06,1071.5,162.96,43,268.7
22/10/2020,1,36.67,0.26,0,48.17,103.33,0,0,158.93,5.5893,0,0,0.86,13.81,82.89,77.33,10,0.5000000000000001,-0.8660254037844386,-0.5,3.2,0.0,1.27,1.9,29.36,1072.25,164.33,43,269.65
23/10/2020,1,33.51,0.26,0,47.81,103.35,0,0,159.29,5.6175,0,0,0.86,14.01,80.03,78.82,10,0.5000000000000001,-0.8660254037844386,-0.5,3.2,0.0,1.27,1.9,29.23,1081.0,164.5,43,269.1
24/10/2020,1,28.55,0.26,0,47.81,103.35,0,0,159.29,5.6175,0,0,0.86,14.01,80.03,78.82,10,0.5000000000000001,-0.8660254037844386,-0.5,3.2,0.0,1.27,1.9,29.23,1081.0,164.5,43,269.1
25/10/2020,1,28.54,0.26,0,47.81,103.35,0,0,159.29,5.6175,0,0,0.86,14.01,80.03,78.82,10,0.5000000000000001,-0.8660254037844386,-0.5,3.2,0.0,1.27,1.9,29.23,1081.0,164.5,43,269.1
26/10/2020,1,33.22,0.26,0,48.09,103.97,0,0,155.7,5.6229,0,0,0.86,14.16,83.33,79.67,10,0.5000000000000001,-0.8660254037844386,-0.5,3.2,0.0,1.27,1.9,29.29,1083.5,164.78,44,270.5
27/10/2020,1,30.15,0.26,0,48.41,104.85,0,0,155.03,5.7055,0,0,0.86,14.36,84.75,81.48,10,0.5000000000000001,-0.8660254037844386,-0.5,3.2,0.0,1.27,1.9,29.17,1076.5,165.51,44,274.7
28/10/2020,1,25.65,0.26,0,46.8,105.85,0,0,145.39,5.7457,0,0,0.86,14.4,83.34,82.67,10,0.5000000000000001,-0.8660254037844386,-0.5,3.2,0.0,1.27,1.9,28.92,1054.75,166.1,44,268.8
29/10/2020,1,30.88,0.26,0,47.92,106.28,0,0,145.81,5.779,0,0,0.86,14.35,81.56,82.55,10,0.5000000000000001,-0.8660254037844386,-0.5,3.2,0.0,1.27,1.9,28.83,1050.5,165.82,44,275.6
30/10/2020,1,33.6,0.26,0,48.43,105.97,0,0,146.52,5.7446,0,0,0.86,14.25,79.63,81.89,10,0.5000000000000001,-0.8660254037844386,-0.5,3.2,0.0,1.27,1.9,28.88,1056.25,165.97,44,278.4
31/10/2020,1,26.45,0.26,0,48.43,105.97,0,0,146.52,5.7446,0,0,0.86,14.25,79.63,81.89,10,0.5000000000000001,-0.8660254037844386,-0.5,3.2,0.5,1.27,1.9,28.88,1056.25,165.97,44,278.4
01/11/2020,1,27.6,0.26,0,48.43,105.97,0,0,146.52,5.7446,0,0,0.86,14.25,79.63,81.89,11,0.8660254037844384,-0.5000000000000004,-0.5,3.2,0.5,-0.45,1.9,28.88,1056.25,165.97,44,278.4
02/11/2020,1,26.13,0.26,0,48.43,108.55,0,0,146.52,5.7425,0,0,0.86,14.25,79.63,81.89,11,0.8660254037844384,-0.5000000000000004,-0.5,3.2,1.5,-0.45,1.9,28.88,1052.25,165.97,45,278.4
03/11/2020,1,29.78,0.26,0,48.16,107.83,0,0,149.2,5.756,0,0,0.89,14.05,81.57,80.77,11,0.8660254037844384,-0.5000000000000004,-0.5,3.2,0.0,-0.45,1.9,29.11,1064.25,167.4,45,276.95
04/11/2020,1,28.7,0.26,0,49.04,107.88,0,0,146.31,5.6635,0,0,0.89,14.38,82.24,81.41,11,0.8660254037844384,-0.5000000000000004,-0.5,3.2,0.0,-0.45,1.9,29.72,1086.25,168.25,45,277.65
05/11/2020,1,33.4,0.26,0,50.46,108.35,0,0,146.26,5.525,0,0,0.89,14.65,82.81,81.27,11,0.8660254037844384,-0.5000000000000004,-0.5,3.2,0.0,-0.45,1.9,30.43,1103.75,168.77,45,279.9
06/11/2020,1,34.14,0.26,0,53.42,108.65,0,0,146.39,5.3647,0,0,0.89,15.09,80.04,81.32,11,0.8660254037844384,-0.5000000000000004,-0.5,3.2,0.0,-0.45,1.9,31.31,1101.5,168.72,45,287.85
07/11/2020,1,28.11,0.26,0,53.42,108.65,0,0,146.39,5.3647,0,0,0.89,15.09,80.04,81.32,11,0.8660254037844384,-0.5000000000000004,-0.5,3.2,0.0,-0.45,1.9,31.31,1101.5,168.72,45,287.85
08/11/2020,1,35.58,0.26,0,53.42,108.65,0,0,146.39,5.3647,0,0,0.89,15.09,80.04,81.32,11,0.8660254037844384,-0.5000000000000004,-0.5,3.2,0.0,-0.45,1.9,31.31,1101.5,168.72,45,287.85
09/11/2020,1,34.98,0.26,0,53.06,111.83,0,0,157.89,5.3858,0,0,0.89,14.94,78.79,80.91,11,0.8660254037844384,-0.5000000000000004,-0.5,3.2,0.0,-0.45,1.9,30.46,1110.5,164.91,46,287.25
10/11/2020,1,30.53,0.26,0,53.54,111.88,0,0,164.01,5.4147,0,0,0.89,14.91,81.57,80.19,11,0.8660254037844384,-0.5000000000000004,-0.5,3.2,0.0,-0.45,1.9,30.79,1146.0,165.6,46,288.0
11/11/2020,1,35.63,0.26,0,53.93,112.4,0,0,161.19,5.391,0,0,0.89,14.88,81.0,80.58,11,0.8660254037844384,-0.5000000000000004,-0.5,3.2,0.0,-0.45,1.9,30.67,1152.5,166.03,46,292.0
12/11/2020,1,33.34,0.26,0,52.79,111.97,0,0,156.52,5.4581,0,0,0.89,14.74,80.18,80.55,11,0.8660254037844384,-0.5000000000000004,-0.5,3.2,0.0,-0.45,1.9,30.06,1145.5,164.3,46,288.55
13/11/2020,1,27.0,0.26,0,53.28,109.92,0,0,161.34,5.4582,0,0,0.89,14.74,80.3,80.74,11,0.8660254037844384,-0.5000000000000004,-0.5,3.2,0.0,-0.45,1.9,30.14,1148.0,165.08,46,291.8
14/11/2020,1,32.59,0.26,0,53.28,109.92,0,0,161.34,5.4582,0,0,0.89,14.74,80.3,80.74,11,0.8660254037844384,-0.5000000000000004,-0.5,3.2,0.0,-0.45,1.9,30.14,1148.0,165.08,46,291.8
15/11/2020,1,30.98,0.26,0,53.28,109.92,0,0,161.34,5.4582,0,0,0.89,14.74,80.3,80.74,11,0.8660254037844384,-0.5000000000000004,-0.5,3.2,0.0,-0.45,1.9,30.14,1148.0,165.08,46,291.8
16/11/2020,1,29.31,0.26,0,53.49,110.42,0,0,164.07,5.4152,0,0,0.89,14.83,80.61,80.54,11,0.8660254037844384,-0.5000000000000004,-0.5,3.2,0.0,-0.45,1.9,30.46,1154.5,165.47,47,290.55
17/11/2020,1,29.13,0.26,0,53.48,111.33,0,0,163.39,5.3281,0,0,0.89,15.16,79.87,80.92,11,0.8660254037844384,-0.5000000000000004,-0.5,3.2,0.0,-0.45,1.9,30.76,1168.5,164.18,47,285.45
18/11/2020,1,30.6,0.26,0,52.79,110.65,0,0,161.16,5.3629,0,0,0.89,15.05,79.98,80.44,11,0.8660254037844384,-0.5000000000000004,-0.5,3.2,0.0,-0.45,1.9,30.76,1174.75,164.4,47,282.15
19/11/2020,1,26.63,0.26,0,54.15,108.25,0,0,161.31,5.3054,0,0,0.89,15.06,78.83,80.02,11,0.8660254037844384,-0.5000000000000004,-0.5,3.2,0.0,-0.45,1.9,30.88,1175.5,164.02,47,287.65
20/11/2020,1,29.06,0.26,0,53.43,108.1,0,0,162.8,5.3797,0,0,0.89,14.93,78.84,80.21,11,0.8660254037844384,-0.5000000000000004,-0.5,3.2,0.0,-0.45,1.9,30.53,1181.25,163.98,47,287.05
21/11/2020,1,31.37,0.26,0,53.43,108.1,0,0,162.8,5.3797,0,0,0.89,14.93,78.84,80.21,11,0.8660254037844384,-0.5000000000000004,-0.5,3.2,0.0,-0.45,1.9,30.53,1181.25,163.98,47,287.05
22/11/2020,1,28.98,0.26,0,53.43,108.1,0,0,162.8,5.3797,0,0,0.89,14.93,78.84,80.21,11,0.8660254037844384,-0.5000000000000004,-0.5,3.2,0.0,-0.45,1.9,30.53,1181.25,163.98,47,287.05
23/11/2020,1,30.43,0.26,0,53.28,110.0,0,0,164.08,5.439,0,0,0.89,14.72,80.58,80.06,11,0.8660254037844384,-0.5000000000000004,-0.5,3.2,0.0,-0.45,1.9,30.04,1192.5,163.34,48,289.7
24/11/2020,1,31.54,0.26,0,53.28,111.17,0,0,168.35,5.3736,0,0,0.89,14.8,80.46,79.67,11,0.8660254037844384,-0.5000000000000004,-0.5,3.2,0.0,-0.45,1.9,30.14,1193.25,162.3,48,286.9
25/11/2020,1,33.13,0.26,0,52.33,111.38,0,0,169.92,5.3237,0,0,0.89,15.0,78.88,79.77,11,0.8660254037844384,-0.5000000000000004,-0.5,3.2,0.0,-0.45,1.9,30.54,1185.75,162.4,48,278.3
26/11/2020,1,33.15,0.26,0,52.33,111.38,0,0,169.92,5.3237,0,0,0.89,15.0,78.88,79.77,11,0.8660254037844384,-0.5000000000000004,-0.5,3.2,0.0,-0.45,1.9,30.54,1185.75,162.4,48,278.3
27/11/2020,1,33.53,0.26,0,52.51,110.62,0,0,169.9,5.3438,0,0,0.89,14.88,78.69,79.27,11,0.8660254037844384,-0.5000000000000004,-0.5,3.2,0.0,-0.45,1.9,30.23,1192.75,161.1,48,279.8
28/11/2020,1,33.9,0.26,0,52.51,110.62,0,0,169.9,5.3438,0,0,0.89,14.88,78.69,79.27,11,0.8660254037844384,-0.5000000000000004,-0.5,3.2,0.0,-0.45,1.9,30.23,1192.75,161.1,48,279.8
29/11/2020,1,33.03,0.26,0,52.51,110.62,0,0,169.9,5.3438,0,0,0.89,14.88,78.69,79.27,11,0.8660254037844384,-0.5000000000000004,-0.5,3.2,0.0,-0.45,1.9,30.23,1192.75,161.1,48,279.8
30/11/2020,1,32.55,0.26,0,53.01,110.17,0,0,170.15,5.3319,0,0,0.89,14.63,78.04,78.31,11,0.8660254037844384,-0.5000000000000004,-0.5,3.2,0.0,-0.45,1.9,29.88,1169.5,159.94,49,283.75
01/12/2020,1,34.7,0.26,1,51.89,110.62,0,0,174.17,5.2061,0,0,1.35,14.74,75.42,77.17,12,1.0,-2.4492935982947064e-16,-0.5,3.2,0.0,1.92,1.9,30.32,1163.0,158.7,49,271.6
02/12/2020,1,36.6,0.26,1,52.3,110.7,0,0,176.81,5.2175,0,0,1.35,14.57,74.63,76.44,12,1.0,-2.4492935982947064e-16,-0.5,3.2,0.0,1.92,1.9,29.6,1154.75,155.26,49,274.3
03/12/2020,1,34.73,0.26,1,53.6,109.6,0,0,176.65,5.1515,0,0,1.35,14.69,72.87,75.47,12,1.0,-2.4492935982947064e-16,-0.5,3.2,0.0,1.92,1.9,29.66,1170.25,152.38,49,275.35
04/12/2020,1,30.6,0.26,1,52.85,108.88,0,0,178.9,5.1557,0,0,1.35,14.56,69.87,74.69,12,1.0,-2.4492935982947064e-16,-0.5,3.2,0.0,1.92,1.9,28.93,1165.0,148.37,49,271.0
05/12/2020,1,32.13,0.26,1,52.85,108.88,0,0,178.9,5.1557,0,0,1.35,14.56,69.87,74.69,12,1.0,-2.4492935982947064e-16,-0.5,3.2,0.0,1.92,1.9,28.93,1165.0,148.37,49,271.0
06/12/2020,1,25.13,0.26,1,52.85,108.88,0,0,178.9,5.1557,0,0,1.35,14.56,69.87,74.69,12,1.0,-2.4492935982947064e-16,-0.5,3.2,0.0,1.92,1.9,28.93,1165.0,148.37,49,271.0
07/12/2020,1,31.95,0.26,1,53.18,108.0,0,0,178.08,5.099,0,0,1.35,14.53,68.02,73.84,12,1.0,-2.4492935982947064e-16,-0.5,3.2,0.0,1.92,1.9,28.89,1162.5,146.8,50,270.25
08/12/2020,1,32.56,0.26,1,52.02,107.85,0,0,178.27,5.1202,0,0,1.35,14.31,71.42,73.42,12,1.0,-2.4492935982947064e-16,-0.5,3.2,0.0,1.92,1.9,28.31,1151.5,145.18,50,266.8
09/12/2020,1,26.29,0.26,1,51.19,107.38,0,0,177.3,5.1708,0,0,1.35,14.2,74.99,73.61,12,1.0,-2.4492935982947064e-16,-0.5,3.2,0.0,1.92,1.9,27.95,1163.5,144.86,50,265.3
10/12/2020,1,28.7,0.26,1,52.21,107.92,0,0,177.4,5.0256,0,0,1.35,14.58,73.05,73.46,12,1.0,-2.4492935982947064e-16,-0.5,3.2,0.0,1.92,1.9,28.59,1158.75,144.0,50,263.0
11/12/2020,1,27.55,0.26,1,52.21,108.75,0,0,175.25,5.0656,0,0,1.35,14.47,74.14,73.1,12,1.0,-2.4492935982947064e-16,-0.5,3.2,0.0,1.92,1.9,27.95,1166.0,141.23,50,263.0
12/12/2020,1,28.35,0.26,1,52.21,108.75,0,0,175.25,5.0656,0,0,1.35,14.47,74.14,73.1,12,1.0,-2.4492935982947064e-16,-0.5,3.2,0.0,1.92,1.9,27.95,1166.0,141.23,50,263.0
13/12/2020,1,30.65,0.26,1,52.21,108.75,0,0,175.25,5.0656,0,0,1.35,14.47,74.14,73.1,12,1.0,-2.4492935982947064e-16,-0.5,3.2,0.0,1.92,1.9,27.95,1166.0,141.23,50,263.0
14/12/2020,1,35.15,0.26,1,50.82,109.1,0,0,172.6,5.1189,0,0,1.35,14.35,76.04,73.31,12,1.0,-2.4492935982947064e-16,-0.5,3.2,0.0,1.92,1.9,27.75,1174.5,141.81,51,259.7
15/12/2020,1,34.03,0.26,1,51.59,108.6,0,0,176.34,5.0842,0,1,1.35,14.51,76.35,73.84,12,1.0,-2.4492935982947064e-16,-0.5,3.2,0.5,1.92,1.9,27.91,1188.75,142.02,51,262.55
16/12/2020,1,34.7,0.26,1,51.73,108.78,0,0,176.66,5.0838,0,1,1.35,14.6,77.15,74.85,12,1.0,-2.4492935982947064e-16,-0.5,3.2,0.5,1.92,1.9,27.66,1188.0,141.78,51,265.15
17/12/2020,1,30.84,0.26,1,51.03,109.35,0,0,179.79,5.0582,0,1,1.35,14.6,76.87,74.11,12,1.0,-2.4492935982947064e-16,-0.5,3.2,0.5,1.92,1.9,28.0,1205.5,142.08,51,259.0
18/12/2020,1,29.86,0.26,1,50.19,110.47,0,0,178.85,5.1022,0,1,1.35,14.59,77.41,74.22,12,1.0,-2.4492935982947064e-16,-0.5,3.2,0.5,1.92,1.9,27.72,1224.0,141.0,51,255.3
19/12/2020,1,33.7,0.26,1,50.19,110.47,0,0,178.85,5.1022,0,1,1.35,14.59,77.41,74.22,12,1.0,-2.4492935982947064e-16,-0.5,3.2,0.5,1.92,1.9,27.72,1224.0,141.0,51,255.3
20/12/2020,1,30.6,0.26,1,50.19,110.47,0,0,178.85,5.1022,0,1,1.35,14.59,77.41,74.22,12,1.0,-2.4492935982947064e-16,-0.5,3.2,1.0,1.92,1.9,27.72,1224.0,141.0,51,255.3
21/12/2020,1,27.82,0.26,1,50.97,110.6,0,0,176.71,5.1222,0,1,1.35,14.66,78.0,75.1,12,1.0,-2.4492935982947064e-16,-0.5,3.2,1.0,1.92,1.9,27.63,1247.5,141.59,52,261.15
22/12/2020,1,29.28,0.26,1,50.88,110.33,0,0,175.96,5.1597,0,1,1.35,14.97,79.38,77.34,12,1.0,-2.4492935982947064e-16,-0.5,3.2,1.0,1.92,1.9,27.4,1250.0,141.53,52,262.8
23/12/2020,1,27.26,0.26,1,51.22,111.92,0,0,175.32,5.2164,0,1,1.35,14.93,79.87,77.6,12,1.0,-2.4492935982947064e-16,-0.5,3.2,1.0,1.92,1.9,27.34,1260.0,142.13,52,266.3
24/12/2020,1,29.04,0.26,1,51.22,112.15,0,0,175.95,5.2165,0,1,1.35,14.93,79.87,77.6,12,1.0,-2.4492935982947064e-16,-0.5,3.2,1.5,1.92,1.9,27.34,1264.5,142.13,52,266.3
25/12/2020,1,28.09,0.26,1,51.22,114.96,0,0,175.95,5.2165,0,1,1.35,14.93,79.87,77.6,12,1.0,-2.4492935982947064e-16,-0.5,3.2,2.5,1.92,1.9,27.34,1264.4,142.13,52,266.3
26/12/2020,1,27.07,0.26,1,51.22,114.96,0,0,175.95,5.2165,0,1,1.35,14.93,79.87,77.6,12,1.0,-2.4492935982947064e-16,-0.5,3.2,1.0,1.92,1.9,27.34,1264.4,142.13,52,266.3
27/12/2020,1,31.32,0.26,1,51.22,114.96,0,0,175.95,5.2165,0,1,1.35,14.93,79.87,77.6,12,1.0,-2.4492935982947064e-16,-0.5,3.2,1.0,1.92,1.9,27.34,1264.4,142.13,52,266.3
28/12/2020,1,33.1,0.26,1,51.59,113.05,0,0,177.83,5.2461,0,1,1.35,14.89,81.98,78.02,12,1.0,-2.4492935982947064e-16,-0.5,3.2,1.0,1.92,1.9,27.1,1257.25,141.99,53,270.3
29/12/2020,1,34.16,0.26,1,52.57,112.05,0,0,176.32,5.2099,0,1,1.35,15.13,82.96,78.45,12,1.0,-2.4492935982947064e-16,-0.5,3.2,1.0,1.92,1.9,27.92,1296.0,144.73,53,272.5
30/12/2020,1,34.54,0.26,1,51.51,112.12,0,0,175.47,5.1937,0,1,1.35,15.17,82.76,78.65,12,1.0,-2.4492935982947064e-16,-0.5,3.2,1.0,1.92,1.9,27.94,1300.5,144.89,53,267.15
31/12/2020,1,33.4,0.26,1,51.51,112.95,0,0,179.47,5.1937,0,1,1.35,15.17,82.76,78.65,12,1.0,-2.4492935982947064e-16,-0.5,3.2,1.0,1.92,1.9,27.94,1311.0,144.89,53,267.15
01/01/2021,1,30.67,0.26,1,51.51,115.13,0,1,179.47,5.1937,0,1,1.35,15.17,82.76,78.65,1,0.8660254037844387,0.49999999999999994,-0.5,3.2,2.0,1.58,1.9,27.94,1310.25,144.89,53,267.15
02/01/2021,1,28.33,0.26,1,51.51,115.13,0,1,179.47,5.1937,0,1,1.35,15.17,82.76,78.65,1,0.8660254037844387,0.49999999999999994,-0.5,3.2,0.5,1.58,1.9,27.94,1310.25,144.89,53,267.15
03/01/2021,1,26.0,0.26,1,51.51,115.13,0,1,179.47,5.1937,0,1,1.35,15.17,82.76,78.65,1,0.8660254037844387,0.49999999999999994,-0.5,3.2,0.5,1.58,1.9,27.94,1310.25,144.89,53,267.15
04/01/2021,1,29.7,0.26,1,52.02,112.3,0,1,176.75,5.2968,0,1,0.25,15.55,83.05,81.79,1,0.8660254037844387,0.49999999999999994,5.7,1.2,0.5,1.58,1.9,28.09,1313.0,147.78,1,273.7
05/01/2021,1,33.23,0.26,1,52.61,115.05,0,1,176.58,5.2854,0,1,0.25,15.51,84.39,81.62,1,0.8660254037844387,0.49999999999999994,5.7,1.2,0.5,1.58,1.9,29.59,1347.0,155.72,1,276.9
06/01/2021,1,35.23,0.26,1,52.68,115.0,0,1,190.63,5.3139,0,1,0.25,15.58,82.81,82.31,1,0.8660254037844387,0.49999999999999994,5.7,1.2,0.5,1.58,1.9,29.99,1361.5,158.46,1,278.3
07/01/2021,1,33.75,0.26,1,52.0,114.97,0,1,195.99,5.4101,0,1,0.25,15.34,83.01,82.65,1,0.8660254037844387,0.49999999999999994,5.7,1.2,0.5,1.58,1.9,29.55,1355.25,159.16,1,280.1
08/01/2021,1,32.46,0.26,1,51.61,114.47,0,1,196.85,5.4178,0,1,0.25,15.25,83.38,82.6,1,0.8660254037844387,0.49999999999999994,5.7,1.2,0.5,1.58,1.9,29.71,1374.75,160.93,1,279.5
09/01/2021,1,31.52,0.26,1,51.61,114.47,0,1,196.85,5.4178,0,1,0.25,15.25,83.38,82.6,1,0.8660254037844387,0.49999999999999994,5.7,1.2,0.5,1.58,1.9,29.71,1374.75,160.93,1,279.5
10/01/2021,1,31.88,0.26,1,51.61,114.47,0,1,196.85,5.4178,0,1,0.25,15.25,83.38,82.6,1,0.8660254037844387,0.49999999999999994,5.7,1.2,0.5,1.58,1.9,29.71,1374.75,160.93,1,279.5
11/01/2021,1,30.35,0.26,1,51.85,113.4,0,1,196.12,5.489,0,1,0.25,15.05,83.22,82.64,1,0.8660254037844387,0.49999999999999994,5.7,1.2,0.5,1.58,1.9,29.92,1372.5,164.28,2,284.7
12/01/2021,1,31.0,0.26,1,53.24,112.47,0,1,198.63,5.3226,0,1,0.25,15.62,83.58,83.32,1,0.8660254037844387,0.49999999999999994,5.7,1.2,0.5,1.58,1.9,31.11,1418.25,165.92,2,283.95
13/01/2021,1,29.3,0.26,1,53.95,112.25,0,1,195.14,5.299,0,1,0.25,15.82,84.27,83.87,1,0.8660254037844387,0.49999999999999994,5.7,1.2,0.5,1.58,1.9,31.42,1406.25,166.53,2,285.95
14/01/2021,1,26.54,0.26,1,55.78,112.08,0,1,191.38,5.1967,0,1,0.25,16.2,84.21,84.28,1,0.8660254037844387,0.49999999999999994,5.7,1.2,0.5,1.58,1.9,32.09,1430.5,166.99,2,290.2
15/01/2021,1,28.57,0.26,1,54.46,112.78,0,1,189.1,5.2927,0,1,0.25,15.99,84.22,84.52,1,0.8660254037844387,0.49999999999999994,5.7,1.2,0.5,1.58,1.9,31.59,1414.75,166.97,2,287.9
16/01/2021,1,24.93,0.26,1,54.46,112.78,0,1,189.1,5.2927,0,1,0.25,15.99,84.22,84.52,1,0.8660254037844387,0.49999999999999994,5.7,1.2,0.5,1.58,1.9,31.59,1414.75,166.97,2,287.9
17/01/2021,1,29.41,0.26,1,54.46,112.78,0,1,189.1,5.2927,0,1,0.25,15.99,84.22,84.52,1,0.8660254037844387,0.49999999999999994,5.7,1.2,0.5,1.58,1.9,31.59,1414.75,166.97,2,287.9
18/01/2021,1,30.18,0.26,1,54.46,112.78,0,1,189.1,5.2927,0,1,0.25,15.99,84.22,84.52,1,0.8660254037844387,0.49999999999999994,5.7,1.2,0.5,1.58,1.9,31.59,1414.75,166.97,3,287.9
19/01/2021,1,29.73,0.26,1,54.64,113.33,0,1,189.47,5.3578,0,1,0.25,15.93,88.98,85.22,1,0.8660254037844387,0.49999999999999994,5.7,1.2,0.5,1.58,1.9,31.38,1383.25,167.89,3,292.35
20/01/2021,1,33.68,0.26,1,55.39,113.35,0,1,187.14,5.2917,0,1,0.25,16.06,87.27,85.44,1,0.8660254037844387,0.49999999999999994,5.7,1.2,0.5,1.58,1.9,31.25,1367.25,166.22,3,294.6
21/01/2021,1,31.45,0.26,1,55.46,114.1,0,1,183.56,5.3506,0,1,0.25,15.88,88.35,85.03,1,0.8660254037844387,0.49999999999999994,5.7,1.2,0.5,1.58,1.9,31.21,1368.75,167.15,3,297.05
22/01/2021,1,27.84,0.26,1,53.9,116.72,0,1,181.43,5.4666,0,1,0.25,15.43,85.86,84.43,1,0.8660254037844387,0.49999999999999994,5.7,1.2,0.5,1.58,1.9,30.41,1311.75,166.39,3,294.95
23/01/2021,1,30.57,0.26,1,53.9,116.72,0,1,181.43,5.4666,0,1,0.25,15.43,85.86,84.43,1,0.8660254037844387,0.49999999999999994,5.7,1.2,0.5,1.58,1.9,30.41,1311.75,166.39,3,294.95
24/01/2021,1,32.5,0.26,1,53.9,116.72,0,1,181.43,5.4666,0,1,0.25,15.43,85.86,84.43,1,0.8660254037844387,0.49999999999999994,5.7,1.2,0.5,1.58,1.9,30.41,1311.75,166.39,3,294.95
25/01/2021,1,30.63,0.26,1,53.9,116.53,0,1,181.75,5.4665,0,1,0.25,15.23,85.86,83.87,1,0.8660254037844387,0.49999999999999994,5.7,1.2,0.5,1.58,1.9,30.2,1342.75,166.35,4,294.95
26/01/2021,1,33.95,0.26,1,55.93,117.0,0,1,181.14,5.3552,0,1,0.25,15.76,85.76,83.97,1,0.8660254037844387,0.49999999999999994,5.7,1.2,0.5,1.58,1.9,31.13,1369.5,165.87,4,298.0
27/01/2021,1,28.75,0.26,1,55.19,116.45,0,1,176.25,5.4138,0,1,0.25,15.53,83.9,83.83,1,0.8660254037844387,0.49999999999999994,5.7,1.2,0.5,1.58,1.9,30.82,1373.25,166.36,4,297.85
28/01/2021,1,32.1,0.26,1,55.13,116.0,0,1,179.88,5.441,0,1,0.25,15.31,84.41,83.25,1,0.8660254037844387,0.49999999999999994,5.7,1.2,0.5,1.58,1.9,30.6,1351.5,166.35,4,299.7
29/01/2021,1,32.4,0.26,1,54.69,115.05,0,1,179.16,5.4625,0,1,0.25,15.2,86.78,83.34,1,0.8660254037844387,0.49999999999999994,5.7,1.2,0.5,1.58,1.9,30.22,1367.0,165.72,4,299.85
30/01/2021,1,32.9,0.26,1,54.69,115.05,0,1,179.16,5.4625,0,1,0.25,15.2,86.78,83.34,1,0.8660254037844387,0.49999999999999994,5.7,1.2,0.5,1.58,1.9,30.22,1367.0,165.72,4,299.85
31/01/2021,1,28.9,0.26,1,54.69,115.05,0,1,179.16,5.4625,0,1,0.25,15.2,86.78,83.34,1,0.8660254037844387,0.49999999999999994,5.7,1.2,0.5,1.58,1.9,30.22,1367.0,165.72,4,299.85
01/02/2021,1,32.8,0.26,0,55.22,114.88,0,1,184.78,5.4322,0,0,0.86,15.4,88.17,83.95,2,0.5000000000000001,0.8660254037844386,5.7,1.2,0.0,0.03,1.9,30.57,1362.5,166.63,5,301.0
02/02/2021,1,30.2,0.26,0,56.19,115.97,0,1,189.28,5.368,0,0,0.86,15.5,87.0,83.03,2,0.5000000000000001,0.8660254037844386,5.7,1.2,0.0,0.03,1.9,30.85,1350.75,165.29,5,301.05
03/02/2021,1,29.95,0.26,0,56.3,115.47,0,1,189.26,5.3534,0,0,0.86,15.5,86.86,83.09,2,0.5000000000000001,0.8660254037844386,5.7,1.2,0.0,0.03,1.9,30.47,1367.5,163.39,5,301.9
04/02/2021,1,30.65,0.26,0,55.02,116.45,0,1,190.78,5.4266,0,0,0.86,15.22,85.41,83.02,2,0.5000000000000001,0.8660254037844386,5.7,1.2,0.0,0.03,1.9,30.33,1369.25,165.39,5,300.1
05/02/2021,1,28.89,0.26,0,56.02,116.72,0,1,188.67,5.3704,0,0,0.86,15.37,85.36,82.78,2,0.5000000000000001,0.8660254037844386,5.7,1.2,0.0,0.03,1.9,30.69,1365.75,165.29,5,301.7
06/02/2021,1,28.93,0.26,0,56.02,116.72,0,1,188.67,5.3704,0,0,0.86,15.37,85.36,82.78,2,0.5000000000000001,0.8660254037844386,5.7,1.2,0.0,0.03,1.9,30.69,1365.75,165.29,5,301.7
07/02/2021,1,26.25,0.26,0,56.02,116.72,0,1,188.67,5.3704,0,0,0.86,15.37,85.36,82.78,2,0.5000000000000001,0.8660254037844386,5.7,1.2,0.0,0.03,1.9,30.69,1365.75,165.29,5,301.7
08/02/2021,1,24.83,0.26,0,56.12,116.58,0,1,189.02,5.3657,0,0,0.86,15.39,86.51,82.69,2,0.5000000000000001,0.8660254037844386,5.7,1.2,0.0,0.03,1.9,30.49,1386.0,163.8,6,301.5
09/02/2021,1,29.3,0.26,0,56.15,117.45,0,1,189.24,5.3781,0,0,0.86,15.49,86.86,83.39,2,0.5000000000000001,0.8660254037844386,5.7,1.2,0.0,0.03,1.9,30.59,1398.75,164.64,6,302.2
10/02/2021,1,28.84,0.26,0,55.76,116.12,0,1,182.57,5.386,0,0,0.86,15.46,85.08,83.16,2,0.5000000000000001,0.8660254037844386,5.7,1.2,0.0,0.03,1.9,30.05,1352.5,161.66,6,299.95
11/02/2021,1,30.87,0.26,0,55.86,115.33,0,1,180.12,5.3665,0,0,0.86,15.43,86.48,83.19,2,0.5000000000000001,0.8660254037844386,5.7,1.2,0.0,0.03,1.9,29.62,1366.75,159.73,6,301.2
12/02/2021,1,26.4,0.26,0,56.34,117.2,0,1,181.75,5.3698,0,0,0.86,15.51,85.98,83.4,2,0.5000000000000001,0.8660254037844386,5.7,1.2,0.5,0.03,1.9,29.76,1371.25,160.06,6,303.0
13/02/2021,1,28.78,0.26,0,56.34,117.2,0,1,181.75,5.3698,0,0,0.86,15.51,85.98,83.4,2,0.5000000000000001,0.8660254037844386,5.7,1.2,0.5,0.03,1.9,29.76,1371.25,160.06,6,303.0
14/02/2021,1,30.17,0.26,0,56.34,117.2,0,1,181.75,5.3698,0,0,0.86,15.51,85.98,83.4,2,0.5000000000000001,0.8660254037844386,5.7,1.2,0.5,0.03,1.9,29.76,1371.25,160.06,6,303.0
15/02/2021,1,27.0,0.26,0,56.34,117.2,0,1,181.75,5.3698,0,0,0.86,15.51,85.98,83.4,2,0.5000000000000001,0.8660254037844386,5.7,1.2,0.5,0.03,1.9,29.76,1371.25,160.06,7,303.0
16/02/2021,1,26.4,0.26,0,56.34,116.15,0,1,181.75,5.3695,0,0,0.86,15.51,85.98,83.4,2,0.5000000000000001,0.8660254037844386,5.7,1.2,1.5,0.03,1.9,29.76,1385.75,160.06,7,303.0
17/02/2021,1,27.88,0.26,0,55.77,115.3,0,1,188.43,5.4105,0,0,0.86,15.46,86.84,83.8,2,0.5000000000000001,0.8660254037844386,5.7,1.2,0.0,0.03,1.9,29.33,1384.75,158.95,7,302.25
18/02/2021,1,26.5,0.26,0,55.84,115.12,0,1,191.24,5.427,0,0,0.86,15.45,86.66,84.06,2,0.5000000000000001,0.8660254037844386,5.7,1.2,0.0,0.03,1.9,29.04,1376.5,157.96,7,303.75
19/02/2021,1,28.88,0.26,0,56.05,115.92,0,1,192.3,5.3823,0,0,0.86,15.6,86.66,84.35,2,0.5000000000000001,0.8660254037844386,5.7,1.2,0.0,0.03,1.9,29.16,1380.0,157.66,7,303.05
20/02/2021,1,26.77,0.26,0,56.05,115.92,0,1,192.3,5.3823,0,0,0.86,15.6,86.66,84.35,2,0.5000000000000001,0.8660254037844386,5.7,1.2,0.0,0.03,1.9,29.16,1380.0,157.66,7,303.05
21/02/2021,1,25.2,0.26,0,56.05,115.92,0,1,192.3,5.3823,0,0,0.86,15.6,86.66,84.35,2,0.5000000000000001,0.8660254037844386,5.7,1.2,0.0,0.03,1.9,29.16,1380.0,157.66,7,303.05
22/02/2021,1,30.27,0.26,0,55.58,115.72,0,1,192.7,5.4659,0,0,0.86,15.6,87.19,84.89,2,0.5000000000000001,0.8660254037844386,5.7,1.2,0.0,0.03,1.9,29.04,1387.5,158.02,8,302.45
23/02/2021,1,26.96,0.26,0,55.17,115.62,0,1,195.93,5.4409,0,0,0.86,15.61,88.31,85.08,2,0.5000000000000001,0.8660254037844386,5.7,1.2,0.0,0.03,1.9,29.22,1408.5,159.32,8,300.8
24/02/2021,1,29.97,0.26,0,55.13,116.58,0,1,197.85,5.4062,0,0,0.86,15.68,88.62,85.19,2,0.5000000000000001,0.8660254037844386,5.7,1.2,0.0,0.03,1.9,29.37,1425.75,159.54,8,299.5
25/02/2021,1,28.61,0.26,0,54.95,117.0,0,1,201.89,5.5308,0,0,0.86,15.55,88.92,85.59,2,0.5000000000000001,0.8660254037844386,5.7,1.2,0.0,0.03,1.9,29.11,1407.5,160.3,8,302.55
26/02/2021,1,27.15,0.26,0,54.32,113.1,0,1,196.87,5.5986,0,0,0.86,15.3,88.28,85.41,2,0.5000000000000001,0.8660254037844386,5.7,1.2,0.0,0.03,1.9,28.76,1404.25,160.52,8,303.15
27/02/2021,1,24.83,0.26,0,54.32,113.1,0,1,196.87,5.5986,0,0,0.86,15.3,88.28,85.41,2,0.5000000000000001,0.8660254037844386,5.7,1.2,0.0,0.03,1.9,28.76,1404.25,160.52,8,303.15
28/02/2021,1,27.78,0.26,0,54.32,113.1,0,1,196.87,5.5986,0,0,0.86,15.3,88.28,85.41,2,0.5000000000000001,0.8660254037844386,5.7,1.2,0.0,0.03,1.9,28.76,1404.25,160.52,8,303.15
01/03/2021,1,26.78,0.26,0,53.55,118.97,0,1,206.72,5.6418,0,0,0.93,15.29,87.98,85.59,3,6.123233995736766e-17,1.0,5.7,1.2,0.0,-0.05,1.9,28.93,1391.25,161.97,9,299.8
02/03/2021,1,26.86,0.26,0,53.22,119.42,0,1,203.71,5.6761,0,0,0.93,15.2,87.67,86.11,3,6.123233995736766e-17,1.0,5.7,1.2,0.0,-0.05,1.9,28.87,1412.5,163.55,9,301.5
03/03/2021,1,28.92,0.26,0,51.83,119.4,0,1,202.87,5.6193,0,0,0.93,15.14,88.12,87.06,3,6.123233995736766e-17,1.0,5.7,1.2,0.0,-0.05,1.9,28.77,1407.5,165.47,9,298.15
04/03/2021,1,28.29,0.26,0,53.67,118.55,0,1,204.08,5.6693,0,0,0.93,15.64,89.0,88.59,3,6.123233995736766e-17,1.0,5.7,1.2,0.0,-0.05,1.9,29.11,1410.5,164.85,9,303.95
05/03/2021,1,30.83,0.26,0,52.88,119.03,0,1,210.88,5.6908,0,0,0.93,15.64,90.89,89.07,3,6.123233995736766e-17,1.0,5.7,1.2,0.0,-0.05,1.9,29.22,1430.0,166.4,9,301.1
06/03/2021,1,27.49,0.26,0,52.88,119.03,0,1,210.88,5.6908,0,0,0.93,15.64,90.89,89.07,3,6.123233995736766e-17,1.0,5.7,1.2,0.0,-0.05,1.9,29.22,1430.0,166.4,9,301.1
07/03/2021,1,30.96,0.26,0,52.88,119.03,0,1,210.88,5.6908,0,0,0.93,15.64,90.89,89.07,3,6.123233995736766e-17,1.0,5.7,1.2,0.0,-0.05,1.9,29.22,1430.0,166.4,9,301.1
08/03/2021,1,27.41,0.26,0,53.3,119.35,0,1,211.0,5.8755,0,0,0.93,15.54,90.64,89.63,3,6.123233995736766e-17,1.0,5.7,1.2,0.0,-0.05,1.9,29.4,1433.75,169.58,10,307.5
09/03/2021,1,29.37,0.26,0,52.88,119.65,0,1,206.74,5.8025,0,0,0.93,15.53,90.78,89.88,3,6.123233995736766e-17,1.0,5.7,1.2,0.0,-0.05,1.9,29.61,1440.0,171.42,10,306.15
10/03/2021,1,28.46,0.26,0,54.6,118.78,0,1,203.71,5.672,0,0,0.93,16.19,91.08,91.59,3,6.123233995736766e-17,1.0,5.7,1.2,0.0,-0.05,1.9,29.93,1409.75,169.31,10,308.8
11/03/2021,1,29.34,0.26,0,55.78,118.53,0,1,202.69,5.5357,0,0,0.93,16.57,92.33,91.72,3,6.123233995736766e-17,1.0,5.7,1.2,0.0,-0.05,1.9,29.83,1413.5,165.15,10,308.8
12/03/2021,1,29.54,0.26,0,55.81,119.0,0,1,206.18,5.5518,0,0,0.93,16.49,92.19,91.73,3,6.123233995736766e-17,1.0,5.7,1.2,0.0,-0.05,1.9,29.23,1413.25,162.65,10,310.5
13/03/2021,1,28.67,0.26,0,55.81,119.0,0,1,206.18,5.5518,0,0,0.93,16.49,92.19,91.73,3,6.123233995736766e-17,1.0,5.7,1.2,0.0,-0.05,1.9,29.23,1413.25,162.65,10,310.5
14/03/2021,1,28.13,0.26,0,55.81,119.0,0,1,206.18,5.5518,0,0,0.93,16.49,92.19,91.73,3,6.123233995736766e-17,1.0,5.7,1.2,0.0,-0.05,1.9,29.23,1413.25,162.65,10,310.5
15/03/2021,1,30.86,0.26,0,54.84,119.12,0,1,206.12,5.6156,0,0,0.93,16.33,91.87,92.17,3,6.123233995736766e-17,1.0,5.7,1.2,0.0,-0.05,1.9,29.0,1410.25,163.73,11,309.6
16/03/2021,1,30.33,0.26,0,55.23,118.2,0,1,204.18,5.6246,0,0,0.93,16.61,94.89,93.21,3,6.123233995736766e-17,1.0,5.7,1.2,0.0,-0.05,1.9,29.17,1413.75,163.67,11,309.9
17/03/2021,1,28.42,0.26,0,55.44,119.42,0,1,203.65,5.5832,0,0,0.93,16.74,94.9,93.44,3,6.123233995736766e-17,1.0,5.7,1.2,0.0,-0.05,1.9,29.37,1406.0,164.0,11,309.5
18/03/2021,1,28.16,0.26,0,56.4,118.58,0,1,202.86,5.5604,0,0,0.93,16.78,93.26,93.3,3,6.123233995736766e-17,1.0,5.7,1.2,0.0,-0.05,2.65,29.11,1380.5,161.82,11,313.5
19/03/2021,1,26.75,0.26,0,56.76,118.4,0,1,199.78,5.4917,0,0,0.93,17.1,92.78,93.85,3,6.123233995736766e-17,1.0,5.7,1.2,0.0,-0.05,2.65,29.24,1403.0,160.49,11,311.5
20/03/2021,1,29.29,0.26,0,56.76,118.4,0,1,199.78,5.4917,0,0,0.93,17.1,92.78,93.85,3,6.123233995736766e-17,1.0,5.7,1.2,0.0,-0.05,2.65,29.24,1403.0,160.49,11,311.5
21/03/2021,1,29.76,0.26,0,56.76,118.4,0,1,199.78,5.4917,0,0,0.93,17.1,92.78,93.85,3,6.123233995736766e-17,1.0,5.7,1.2,0.0,-0.05,2.65,29.24,1403.0,160.49,11,311.5
22/03/2021,1,30.1,0.26,0,57.17,118.78,0,1,196.52,5.5045,0,0,0.93,16.92,92.35,93.27,3,6.123233995736766e-17,1.0,5.7,1.2,0.0,-0.05,2.65,29.19,1404.0,160.91,12,315.2
23/03/2021,1,32.14,0.26,0,56.91,119.12,0,1,197.09,5.5214,0,0,0.93,16.79,92.33,92.56,3,6.123233995736766e-17,1.0,5.7,1.2,0.0,-0.05,2.65,29.13,1411.25,160.64,12,313.8
24/03/2021,1,32.71,0.26,0,55.37,119.12,0,1,201.87,5.6209,0,0,0.93,16.57,94.14,93.03,3,6.123233995736766e-17,1.0,5.7,1.2,0.0,-0.05,2.65,28.78,1421.0,161.54,12,310.8
25/03/2021,1,32.13,0.26,0,55.73,119.55,0,1,202.34,5.6475,0,0,0.93,16.47,93.35,93.31,3,6.123233995736766e-17,1.0,5.7,1.2,0.0,-0.05,2.65,29.02,1404.5,164.48,12,315.8
26/03/2021,1,30.88,0.26,0,54.73,120.1,0,1,205.48,5.7566,0,0,0.93,16.25,94.53,93.4,3,6.123233995736766e-17,1.0,5.7,1.2,0.0,-0.05,2.65,28.73,1391.25,165.07,12,314.45
27/03/2021,1,31.71,0.26,0,54.73,120.1,0,1,205.48,5.7566,0,0,0.93,16.25,94.53,93.4,3,6.123233995736766e-17,1.0,5.7,1.2,0.0,-0.05,2.65,28.73,1391.25,165.07,12,314.45
28/03/2021,1,32.94,0.26,0,54.73,120.1,0,1,205.48,5.7566,0,0,0.93,16.25,94.53,93.4,3,6.123233995736766e-17,1.0,5.7,1.2,0.0,-0.05,2.65,28.73,1391.25,165.07,12,314.45
29/03/2021,1,30.55,0.26,0,54.73,120.97,0,1,206.0,5.7799,0,0,0.93,16.37,94.59,94.4,3,6.123233995736766e-17,1.0,5.7,1.2,0.0,-0.05,2.65,28.78,1385.25,165.98,13,315.6
30/03/2021,1,32.98,0.26,0,54.48,120.97,0,1,202.03,5.7745,0,0,0.93,16.39,94.16,94.22,3,6.123233995736766e-17,1.0,5.7,1.2,0.0,-0.05,2.65,28.64,1357.75,164.59,13,313.1
31/03/2021,1,33.12,0.26,0,56.15,120.97,0,1,201.33,5.6315,0,0,0.93,16.66,96.59,93.71,3,6.123233995736766e-17,1.0,5.7,1.2,0.0,-0.05,2.65,29.59,1427.75,166.44,13,315.8
01/04/2021,1,31.83,0.26,0,55.4,120.03,0,0,203.16,5.7071,0,0,0.31,16.46,97.43,93.9,4,-0.4999999999999998,0.8660254037844387,-2.8,-0.2,0.0,-0.04,2.65,29.17,1396.75,166.42,13,316.1
02/04/2021,1,28.02,0.26,0,55.4,120.03,0,0,203.16,5.7071,0,0,0.31,16.46,97.43,93.9,4,-0.4999999999999998,0.8660254037844387,-2.8,-0.2,0.5,-0.04,2.65,29.17,1396.75,166.42,13,316.1
03/04/2021,1,30.31,0.26,0,55.4,120.03,0,0,203.16,5.7071,0,0,0.31,16.46,97.43,93.9,4,-0.4999999999999998,0.8660254037844387,-2.8,-0.2,0.5,-0.04,2.65,29.17,1396.75,166.42,13,316.1
04/04/2021,1,32.93,0.26,0,55.4,120.03,0,0,203.16,5.7071,0,0,0.31,16.46,97.43,93.9,4,-0.4999999999999998,0.8660254037844387,-2.8,-0.2,1.5,-0.04,2.65,29.17,1396.75,166.42,13,316.1
05/04/2021,1,31.05,0.26,0,55.97,121.38,0,0,204.5,5.6632,0,0,0.31,16.58,99.15,94.04,4,-0.4999999999999998,0.8660254037844387,-2.8,-0.2,0.0,-0.04,2.65,29.24,1405.5,165.83,14,317.45
06/04/2021,1,29.39,0.26,0,56.98,122.72,0,0,202.18,5.5904,0,0,0.31,16.92,99.79,94.7,4,-0.4999999999999998,0.8660254037844387,-2.8,-0.2,0.0,-0.04,2.65,29.89,1411.25,167.34,14,318.95
07/04/2021,1,30.6,0.26,0,55.99,123.15,0,0,201.44,5.6143,0,0,0.31,16.87,98.94,95.32,4,-0.4999999999999998,0.8660254037844387,-2.8,-0.2,0.0,-0.04,2.65,29.35,1403.0,165.82,14,316.3
08/04/2021,1,27.37,0.26,0,56.85,124.15,0,0,199.86,5.572,0,0,0.31,17.13,99.86,95.49,4,-0.4999999999999998,0.8660254037844387,-2.8,-0.2,0.0,-0.04,2.65,29.75,1409.75,165.82,14,316.8
09/04/2021,1,29.6,0.26,0,56.25,123.42,0,0,201.73,5.6821,0,0,0.31,16.8,100.51,95.37,4,-0.4999999999999998,0.8660254037844387,-2.8,-0.2,0.0,-0.04,2.65,29.74,1398.25,168.88,14,319.4
10/04/2021,1,31.24,0.26,0,56.25,123.42,0,0,201.73,5.6821,0,0,0.31,16.8,100.51,95.37,4,-0.4999999999999998,0.8660254037844387,-2.8,-0.2,0.0,-0.04,2.65,29.74,1398.25,168.88,14,319.4
11/04/2021,1,30.18,0.26,0,56.25,123.42,0,0,201.73,5.6821,0,0,0.31,16.8,100.51,95.37,4,-0.4999999999999998,0.8660254037844387,-2.8,-0.2,0.0,-0.04,2.65,29.74,1398.25,168.88,14,319.4
12/04/2021,1,30.61,0.26,0,55.28,122.72,0,0,201.79,5.7333,0,0,0.31,16.76,101.92,95.93,4,-0.4999999999999998,0.8660254037844387,-2.8,-0.2,0.0,-0.04,2.65,29.15,1379.0,166.91,15,316.45
13/04/2021,1,31.1,0.26,0,55.55,122.4,0,0,202.94,5.7166,0,0,0.31,16.94,103.87,96.57,4,-0.4999999999999998,0.8660254037844387,-2.8,-0.2,0.0,-0.04,2.65,29.56,1384.75,168.5,15,316.7
14/04/2021,1,32.05,0.26,0,56.4,122.1,0,0,203.83,5.6526,0,0,0.31,17.08,100.92,96.92,4,-0.4999999999999998,0.8660254037844387,-2.8,-0.2,0.0,-0.04,2.65,30.43,1402.25,172.66,15,320.0
15/04/2021,1,29.8,0.26,0,56.79,121.6,0,0,201.15,5.6162,0,0,0.31,17.36,101.75,97.64,4,-0.4999999999999998,0.8660254037844387,-2.8,-0.2,0.0,-0.04,2.65,30.12,1411.0,169.4,15,319.4
16/04/2021,1,31.81,0.26,0,55.96,120.85,0,0,204.63,5.5883,0,0,0.31,17.52,102.73,97.88,4,-0.4999999999999998,0.8660254037844387,-2.8,-0.2,0.0,-0.04,2.65,30.74,1422.5,171.74,15,312.6
17/04/2021,1,29.9,0.26,0,55.96,120.85,0,0,204.63,5.5883,0,0,0.31,17.52,102.73,97.88,4,-0.4999999999999998,0.8660254037844387,-2.8,-0.2,0.0,-0.04,2.65,30.74,1422.5,171.74,15,312.6
18/04/2021,1,28.21,0.26,0,55.96,120.85,0,0,204.63,5.5883,0,0,0.31,17.52,102.73,97.88,4,-0.4999999999999998,0.8660254037844387,-2.8,-0.2,0.0,-0.04,2.65,30.74,1422.5,171.74,15,312.6
19/04/2021,1,27.53,0.26,0,56.71,120.35,0,0,202.67,5.5461,0,0,0.31,17.6,103.53,97.91,4,-0.4999999999999998,0.8660254037844387,-2.8,-0.2,0.0,-0.04,2.65,30.93,1436.5,172.01,16,315.4
20/04/2021,1,26.33,0.26,0,56.84,120.58,0,0,203.19,5.5687,0,0,0.31,17.6,102.27,97.78,4,-0.4999999999999998,0.8660254037844387,-2.8,-0.2,0.0,-0.04,2.65,30.9,1457.75,171.7,16,315.85
21/04/2021,1,28.2,0.26,0,56.84,119.78,0,0,203.19,5.569,0,0,0.31,17.6,102.27,97.78,4,-0.4999999999999998,0.8660254037844387,-2.8,-0.2,0.0,-0.04,2.65,30.9,1479.5,171.7,16,315.85
22/04/2021,1,29.61,0.26,0,57.97,118.33,0,0,203.2,5.4448,0,0,0.31,17.94,104.34,97.98,4,-0.4999999999999998,0.8660254037844387,-2.8,-0.2,0.0,-0.04,2.65,32.16,1514.25,175.64,16,316.65
23/04/2021,1,30.17,0.26,0,57.4,117.85,0,0,204.37,5.4751,0,0,0.31,17.96,104.0,98.7,4,-0.4999999999999998,0.8660254037844387,-2.8,-0.2,0.0,-0.04,2.65,31.76,1516.0,174.5,16,315.4
24/04/2021,1,31.63,0.26,0,57.4,117.85,0,0,204.37,5.4751,0,0,0.31,17.96,104.0,98.7,4,-0.4999999999999998,0.8660254037844387,-2.8,-0.2,0.0,-0.04,2.65,31.76,1516.0,174.5,16,315.4
25/04/2021,1,31.91,0.26,0,57.4,117.85,0,0,204.37,5.4751,0,0,0.31,17.96,104.0,98.7,4,-0.4999999999999998,0.8660254037844387,-2.8,-0.2,0.0,-0.04,2.65,31.76,1516.0,174.5,16,315.4
26/04/2021,1,28.98,0.26,0,57.82,118.5,0,0,201.78,5.4364,0,0,0.31,18.19,106.22,99.28,4,-0.4999999999999998,0.8660254037844387,-2.8,-0.2,0.0,-0.04,2.65,32.27,1539.25,176.12,17,315.6
27/04/2021,1,30.46,0.26,0,57.35,118.38,0,0,201.87,5.449,0,0,0.31,18.09,106.92,98.88,4,-0.4999999999999998,0.8660254037844387,-2.8,-0.2,0.0,-0.04,2.65,32.31,1519.5,176.56,17,313.4
28/04/2021,1,29.9,0.26,0,58.18,118.95,0,0,198.17,5.343,0,0,0.31,18.5,104.34,99.25,4,-0.4999999999999998,0.8660254037844387,-2.8,-0.2,0.0,-0.04,2.65,32.71,1513.75,175.47,17,312.1
29/04/2021,1,28.13,0.26,0,58.59,119.47,0,0,200.84,5.3375,0,0,0.31,18.64,101.52,99.78,4,-0.4999999999999998,0.8660254037844387,-2.8,-0.2,0.0,-0.04,2.65,32.23,1502.25,172.57,17,313.7
30/04/2021,1,28.23,0.26,0,57.59,116.0,0,0,199.12,5.4366,0,0,0.31,18.36,103.2,99.76,4,-0.4999999999999998,0.8660254037844387,-2.8,-0.2,0.0,-0.04,2.65,31.67,1534.25,172.1,17,312.95
01/05/2021,1,29.91,0.26,1,57.59,116.0,0,0,199.12,5.4366,0,0,0.31,18.36,103.2,99.76,5,-0.8660254037844387,0.49999999999999994,-2.8,-0.2,0.0,-3.39,2.65,31.67,1534.25,172.1,17,312.95
02/05/2021,1,29.72,0.26,1,57.59,116.0,0,0,199.12,5.4366,0,0,0.31,18.36,103.2,99.76,5,-0.8660254037844387,0.49999999999999994,-2.8,-0.2,0.0,-3.39,2.65,31.67,1534.25,172.1,17,312.95
03/05/2021,1,30.51,0.26,1,57.95,115.3,0,0,200.81,5.442,0,0,0.83,18.41,104.64,99.84,5,-0.8660254037844387,0.49999999999999994,-2.8,-0.2,0.0,-3.39,2.65,31.89,1524.0,172.9,18,314.2
04/05/2021,1,30.06,0.26,1,57.63,113.03,0,0,201.46,5.4435,0,0,0.83,18.37,102.68,99.79,5,-0.8660254037844387,0.49999999999999994,-2.8,-0.2,0.0,-3.39,2.65,32.45,1538.25,176.32,18,313.1
05/05/2021,1,30.54,0.26,1,57.31,114.42,0,0,200.18,5.3542,0,0,0.83,18.68,101.72,100.24,5,-0.8660254037844387,0.49999999999999994,-2.8,-0.2,0.0,-3.39,2.65,32.98,1542.25,176.96,18,307.5
06/05/2021,1,30.29,0.26,1,58.63,115.47,0,0,201.45,5.276,0,0,0.83,19.11,102.32,100.9,5,-0.8660254037844387,0.49999999999999994,-2.8,-0.2,0.0,-3.39,3.4,32.98,1569.5,174.18,18,309.6
07/05/2021,1,28.85,0.26,1,59.64,116.03,0,0,200.04,5.2368,0,0,0.83,19.45,102.46,101.56,5,-0.8660254037844387,0.49999999999999994,-2.8,-0.2,0.5,-3.39,3.4,33.23,1589.75,173.52,18,311.45
08/05/2021,1,30.49,0.26,1,59.64,116.03,0,0,200.04,5.2368,0,0,0.83,19.45,102.46,101.56,5,-0.8660254037844387,0.49999999999999994,-2.8,-0.2,0.5,-3.39,3.4,33.23,1589.75,173.52,18,311.45
09/05/2021,1,32.18,0.26,1,59.64,116.03,0,0,200.04,5.2368,0,0,0.83,19.45,102.46,101.56,5,-0.8660254037844387,0.49999999999999994,-2.8,-0.2,1.5,-3.39,3.4,33.23,1589.75,173.52,18,311.45
10/05/2021,1,30.68,0.26,1,59.53,118.22,0,0,205.1,5.2272,0,0,0.83,19.35,102.73,101.23,5,-0.8660254037844387,0.49999999999999994,-2.8,-0.2,0.0,-3.39,3.4,32.96,1587.5,172.4,19,311.4
11/05/2021,1,29.74,0.26,1,59.74,118.62,0,0,209.08,5.2208,0,0,0.83,19.41,102.55,101.4,5,-0.8660254037844387,0.49999999999999994,-2.8,-0.2,0.0,-3.39,3.4,33.29,1614.75,173.93,19,312.1
12/05/2021,1,30.66,0.26,1,58.1,118.6,0,0,211.03,5.3061,0,0,0.83,19.33,102.35,102.39,5,-0.8660254037844387,0.49999999999999994,-2.8,-0.2,0.0,-3.39,3.4,33.51,1642.5,177.48,19,307.7
13/05/2021,1,31.42,0.26,1,58.85,115.6,0,0,212.2,5.309,0,0,0.83,19.21,102.28,101.79,5,-0.8660254037844387,0.49999999999999994,-2.8,-0.2,0.0,-3.39,3.4,32.65,1584.0,173.0,19,311.85
14/05/2021,1,32.19,0.26,1,58.25,115.3,0,0,213.91,5.2728,0,0,0.83,19.23,101.99,101.34,5,-0.8660254037844387,0.49999999999999994,-2.8,-0.2,0.0,-3.39,3.4,32.61,1586.25,171.88,19,307.0
15/05/2021,1,30.2,0.26,1,58.25,115.3,0,0,213.91,5.2728,0,0,0.83,19.23,101.99,101.34,5,-0.8660254037844387,0.49999999999999994,-2.8,-0.2,0.0,-3.39,3.4,32.61,1586.25,171.88,19,307.0
16/05/2021,1,29.8,0.26,1,58.25,115.3,0,0,213.91,5.2728,0,0,0.83,19.23,101.99,101.34,5,-0.8660254037844387,0.49999999999999994,-2.8,-0.2,0.0,-3.39,3.4,32.61,1586.25,171.88,19,307.0
17/05/2021,1,30.48,0.26,1,57.58,115.35,0,0,213.36,5.2729,0,0,0.83,19.2,101.4,101.08,5,-0.8660254037844387,0.49999999999999994,-2.8,-0.2,0.0,-3.39,3.4,32.58,1525.5,171.58,20,303.2
18/05/2021,1,28.98,0.26,1,58.43,116.75,0,0,211.19,5.2605,0,0,0.83,19.68,98.43,103.23,5,-0.8660254037844387,0.49999999999999994,-2.8,-0.2,0.0,-3.39,3.4,32.5,1521.25,170.51,20,306.55
19/05/2021,1,30.17,0.26,1,58.2,116.9,0,0,208.85,5.3094,0,0,0.83,19.33,98.12,102.72,5,-0.8660254037844387,0.49999999999999994,-2.8,-0.2,0.0,-3.39,3.4,31.53,1485.5,167.59,20,309.35
20/05/2021,1,31.18,0.26,1,57.93,116.6,0,0,212.94,5.2825,0,0,0.83,19.35,97.19,102.06,5,-0.8660254037844387,0.49999999999999994,-2.8,-0.2,0.0,-3.39,3.4,31.75,1480.25,167.4,20,305.45
21/05/2021,1,32.56,0.26,1,58.41,117.67,0,0,214.69,5.3617,0,0,0.83,19.06,94.96,101.93,5,-0.8660254037844387,0.49999999999999994,-2.8,-0.2,0.0,-3.39,3.4,31.48,1472.25,168.36,20,312.4
22/05/2021,1,32.12,0.26,1,58.41,117.67,0,0,214.69,5.3617,0,0,0.83,19.06,94.96,101.93,5,-0.8660254037844387,0.49999999999999994,-2.8,-0.2,0.0,-3.39,3.4,31.48,1472.25,168.36,20,312.4
23/05/2021,1,30.7,0.26,1,58.41,117.67,0,0,214.69,5.3617,0,0,0.83,19.06,94.96,101.93,5,-0.8660254037844387,0.49999999999999994,-2.8,-0.2,0.0,-3.39,3.4,31.48,1472.25,168.36,20,312.4
24/05/2021,1,31.24,0.26,1,57.78,116.75,0,0,214.23,5.3175,0,0,0.83,19.0,92.37,101.12,5,-0.8660254037844387,0.49999999999999994,-2.8,-0.2,0.0,-3.39,3.4,31.66,1471.0,168.49,21,307.5
25/05/2021,1,32.93,0.26,1,57.9,116.72,0,0,211.83,5.3312,0,0,0.83,18.49,91.45,98.66,5,-0.8660254037844387,0.49999999999999994,-2.8,-0.2,0.0,-3.39,3.4,31.6,1460.5,168.67,21,309.0
26/05/2021,1,32.61,0.26,1,58.91,116.45,0,0,213.06,5.3115,0,0,0.83,18.24,91.89,96.83,5,-0.8660254037844387,0.49999999999999994,-2.8,-0.2,0.0,-3.39,3.4,31.74,1453.0,168.51,21,312.75
27/05/2021,1,31.6,0.26,1,59.89,116.35,0,0,214.99,5.2383,0,0,0.83,18.6,93.93,97.69,5,-0.8660254037844387,0.49999999999999994,-2.8,-0.2,0.0,-3.39,3.4,32.06,1487.25,168.42,21,314.6
28/05/2021,1,31.07,0.26,1,60.77,115.88,0,0,215.65,5.2244,0,0,0.83,19.02,94.0,99.24,5,-0.8660254037844387,0.49999999999999994,-2.8,-0.2,0.0,-3.39,3.4,32.24,1482.0,168.22,21,317.1
29/05/2021,1,30.42,0.26,1,60.77,115.88,0,0,215.65,5.2244,0,0,0.83,19.02,94.0,99.24,5,-0.8660254037844387,0.49999999999999994,-2.8,-0.2,0.0,-3.39,3.4,32.24,1482.0,168.22,21,317.1
30/05/2021,1,31.28,0.26,1,60.77,115.88,0,0,215.65,5.2244,0,0,0.83,19.02,94.0,99.24,5,-0.8660254037844387,0.49999999999999994,-2.8,-0.2,0.0,-3.39,3.4,32.24,1482.0,168.22,21,317.1
31/05/2021,1,30.97,0.26,1,60.77,115.88,0,0,215.65,5.2244,0,0,0.83,19.02,94.0,99.24,5,-0.8660254037844387,0.49999999999999994,-2.8,-0.2,0.0,-3.39,3.4,32.24,1482.0,168.22,22,317.1
01/06/2021,1,31.48,0.26,1,60.71,113.55,0,0,210.12,5.1509,0,0,0.53,19.24,97.2,99.23,6,-1.0,1.2246467991473532e-16,-2.8,-0.2,0.5,-2.95,3.4,32.76,1500.75,168.91,22,313.0
02/06/2021,1,31.31,0.26,1,60.47,117.12,0,0,213.24,5.0754,0,0,0.53,19.38,95.42,98.67,6,-1.0,1.2246467991473532e-16,-2.8,-0.2,0.5,-2.95,3.4,32.99,1516.25,167.98,22,307.9
03/06/2021,1,32.59,0.26,1,60.47,116.78,0,0,213.24,5.0775,0,0,0.53,19.38,95.42,98.67,6,-1.0,1.2246467991473532e-16,-2.8,-0.2,0.5,-2.95,3.4,32.99,1504.25,167.98,22,307.9
04/06/2021,1,31.73,0.26,1,61.86,116.83,0,0,215.27,5.0495,0,0,0.53,19.59,95.09,98.63,6,-1.0,1.2246467991473532e-16,-2.8,-0.2,0.5,-2.95,3.4,33.42,1537.5,168.26,22,311.45
05/06/2021,1,30.93,0.26,1,61.86,116.83,0,0,215.27,5.0495,0,0,0.53,19.59,95.09,98.63,6,-1.0,1.2246467991473532e-16,-2.8,-0.2,0.5,-2.95,3.4,33.42,1537.5,168.26,22,311.45
06/06/2021,1,31.05,0.26,1,61.86,116.83,0,0,215.27,5.0495,0,0,0.53,19.59,95.09,98.63,6,-1.0,1.2246467991473532e-16,-2.8,-0.2,0.5,-2.95,3.4,33.42,1537.5,168.26,22,311.45
07/06/2021,1,31.07,0.26,1,61.3,116.22,0,0,215.0,5.0451,0,0,0.53,19.27,94.82,97.04,6,-1.0,1.2246467991473532e-16,-2.8,-0.2,0.5,-2.95,3.4,33.49,1522.25,168.69,23,308.75
08/06/2021,1,31.01,0.26,1,62.86,116.72,0,0,214.55,5.0325,0,0,0.53,19.17,94.46,96.57,6,-1.0,1.2246467991473532e-16,-2.8,-0.2,0.5,-2.95,3.4,33.41,1539.5,168.34,23,316.7
09/06/2021,1,31.86,0.26,1,62.3,117.4,0,0,212.45,5.0621,0,0,0.53,18.88,94.06,95.72,6,-1.0,1.2246467991473532e-16,-2.8,-0.2,0.5,-2.95,3.4,33.06,1523.0,167.62,23,315.85
10/06/2021,1,32.29,0.26,1,62.67,117.58,0,0,209.85,5.0552,0,0,0.53,18.8,93.66,95.21,6,-1.0,1.2246467991473532e-16,-2.8,-0.2,0.5,-2.95,3.4,32.77,1510.0,165.94,23,317.35
11/06/2021,1,31.08,0.26,1,62.39,118.7,0,0,211.42,5.1171,0,0,0.53,18.53,92.16,94.88,6,-1.0,1.2246467991473532e-16,-2.8,-0.2,0.5,-2.95,3.4,32.29,1482.5,165.35,23,319.45
12/06/2021,1,30.1,0.26,1,62.39,118.7,0,0,211.42,5.1171,0,0,0.53,18.53,92.16,94.88,6,-1.0,1.2246467991473532e-16,-2.8,-0.2,0.5,-2.95,3.4,32.29,1482.5,165.35,23,319.45
13/06/2021,1,30.83,0.26,1,62.39,118.7,0,0,211.42,5.1171,0,0,0.53,18.53,92.16,94.88,6,-1.0,1.2246467991473532e-16,-2.8,-0.2,1.5,-2.95,3.4,32.29,1482.5,165.35,23,319.45
14/06/2021,1,31.66,0.26,1,62.98,119.38,0,0,213.62,5.0601,0,0,0.53,18.59,89.98,94.29,6,-1.0,1.2246467991473532e-16,-2.8,-0.2,0.5,-2.95,3.4,32.01,1441.25,162.36,24,319.45
15/06/2021,1,29.73,0.26,1,62.93,121.22,0,0,213.9,5.0437,0,0,0.53,18.5,88.83,93.27,6,-1.0,1.2246467991473532e-16,-2.8,-0.2,0.5,-2.95,3.4,31.58,1426.0,159.24,24,317.35
16/06/2021,1,29.52,0.26,1,63.36,122.3,0,0,215.74,5.0545,0,0,0.53,18.16,87.16,91.6,6,-1.0,1.2246467991473532e-16,-2.8,-0.2,0.5,-2.95,3.4,31.16,1402.0,157.22,24,319.65
17/06/2021,1,30.82,0.26,1,63.48,120.1,0,0,213.92,5.0059,0,0,0.53,17.83,82.8,89.56,6,-1.0,1.2246467991473532e-16,-2.8,-0.2,0.5,-2.95,4.15,29.48,1295.0,148.09,24,318.9
18/06/2021,1,30.75,0.26,1,63.29,121.05,0,0,207.72,5.0894,0,0,0.53,17.73,83.98,89.87,6,-1.0,1.2246467991473532e-16,-2.8,-0.2,0.5,-2.95,4.15,29.21,1355.0,148.08,24,320.9
19/06/2021,1,32.29,0.26,1,63.29,121.05,0,0,207.72,5.0894,0,0,0.53,17.73,83.98,89.87,6,-1.0,1.2246467991473532e-16,-2.8,-0.2,0.5,-2.95,4.15,29.21,1355.0,148.08,24,320.9
20/06/2021,1,31.37,0.26,1,63.29,121.05,0,0,207.72,5.0894,0,0,0.53,17.73,83.98,89.87,6,-1.0,1.2246467991473532e-16,-2.8,-0.2,0.5,-2.95,4.15,29.21,1355.0,148.08,24,320.9
21/06/2021,1,32.78,0.26,1,63.37,120.97,0,0,212.94,5.013,0,0,0.53,17.63,83.21,88.52,6,-1.0,1.2246467991473532e-16,-2.8,-0.2,0.5,-2.95,4.15,29.67,1370.25,149.01,25,318.25
22/06/2021,1,32.07,0.26,1,64.37,123.1,0,0,212.8,4.9574,0,0,0.53,17.67,80.69,87.72,6,-1.0,1.2246467991473532e-16,-2.8,-0.2,0.5,-2.95,4.15,30.12,1352.0,149.5,25,319.55
23/06/2021,1,32.01,0.26,1,64.43,122.5,0,0,211.72,4.9667,0,0,0.53,17.58,81.17,87.27,6,-1.0,1.2246467991473532e-16,-2.8,-0.2,0.5,-2.95,4.15,29.89,1346.0,148.4,25,319.9
24/06/2021,1,32.6,0.26,1,65.02,122.83,0,0,213.9,4.9137,0,0,0.53,17.58,81.78,86.25,6,-1.0,1.2246467991473532e-16,-2.8,-0.2,1.5,-2.95,4.15,29.76,1334.0,145.95,25,318.9
25/06/2021,1,31.47,0.26,1,64.51,122.83,0,0,215.02,4.9335,0,0,0.53,17.42,83.01,86.27,6,-1.0,1.2246467991473532e-16,-2.8,-0.2,0.5,-2.95,4.15,29.19,1302.75,144.53,25,319.45
26/06/2021,1,30.7,0.26,1,64.51,122.83,0,0,215.02,4.9335,0,0,0.53,17.42,83.01,86.27,6,-1.0,1.2246467991473532e-16,-2.8,-0.2,0.5,-2.95,4.15,29.19,1302.75,144.53,25,319.45
27/06/2021,1,30.34,0.26,1,64.51,122.83,0,0,215.02,4.9335,0,0,0.53,17.42,83.01,86.27,6,-1.0,1.2246467991473532e-16,-2.8,-0.2,0.5,-2.95,4.15,29.19,1302.75,144.53,25,319.45
28/06/2021,1,30.28,0.26,1,65.35,122.1,0,0,212.16,4.9244,0,0,0.53,17.59,87.16,86.63,6,-1.0,1.2246467991473532e-16,-2.8,-0.2,0.5,-2.95,4.15,29.61,1336.75,145.88,26,321.9
29/06/2021,1,25.77,0.26,1,64.73,122.55,0,0,210.27,4.9559,0,0,0.53,17.65,93.26,87.14,6,-1.0,1.2246467991473532e-16,-2.8,-0.2,1.5,-2.95,4.15,29.88,1339.75,147.55,26,319.65
30/06/2021,1,25.21,0.26,1,64.05,122.5,0,0,209.66,4.9686,0,0,0.53,18.01,89.15,89.57,6,-1.0,1.2246467991473532e-16,-2.8,-0.2,0.5,-2.95,4.15,30.84,1430.0,153.38,26,318.5
01/07/2021,1,28.66,0.26,1,62.64,123.58,1,0,211.16,5.0476,0,0,0.96,18.08,91.03,91.25,7,-0.8660254037844388,-0.4999999999999997,-8.0,-0.2,0.5,-3.14,4.15,31.32,1429.75,158.1,26,316.2
02/07/2021,1,31.14,0.26,1,62.61,122.0,1,0,210.49,5.0575,0,0,0.96,18.24,92.07,92.1,7,-0.8660254037844388,-0.4999999999999997,-8.0,-0.2,0.5,-3.14,4.15,31.44,1433.25,158.69,26,316.05
03/07/2021,1,31.79,0.26,1,62.61,122.0,1,0,210.49,5.0575,0,0,0.96,18.24,92.07,92.1,7,-0.8660254037844388,-0.4999999999999997,-8.0,-0.2,0.5,-3.14,4.15,31.44,1433.25,158.69,26,316.05
04/07/2021,1,30.78,0.26,1,62.61,122.0,1,0,210.49,5.0575,0,0,0.96,18.24,92.07,92.1,7,-0.8660254037844388,-0.4999999999999997,-8.0,-0.2,0.5,-3.14,4.15,31.44,1433.25,158.69,26,316.05
05/07/2021,1,31.07,0.26,1,62.61,122.0,1,0,210.49,5.0575,0,0,0.96,18.24,92.07,92.1,7,-0.8660254037844388,-0.4999999999999997,-8.0,-0.2,0.5,-3.14,4.15,31.44,1433.25,158.69,27,316.05
06/07/2021,1,31.56,0.26,1,61.47,122.4,1,0,205.09,5.1969,0,0,0.96,18.16,92.34,94.44,7,-0.8660254037844388,-0.4999999999999997,-8.0,-0.2,0.5,-3.14,4.15,29.96,1344.25,155.77,27,319.65
07/07/2021,1,32.01,0.26,1,60.99,120.6,1,0,204.01,5.2315,0,0,0.96,18.18,94.1,95.17,7,-0.8660254037844388,-0.4999999999999997,-8.0,-0.2,0.5,-3.14,4.15,30.09,1366.75,157.5,27,319.2
08/07/2021,1,30.02,0.26,1,60.81,119.28,1,0,204.6,5.2579,0,0,0.96,18.26,95.25,95.93,7,-0.8660254037844388,-0.4999999999999997,-8.0,-0.2,0.5,-3.14,4.15,30.48,1365.25,160.17,27,319.5
09/07/2021,1,31.93,0.26,1,60.81,119.22,1,0,206.64,5.2579,0,0,0.96,18.36,95.25,96.21,7,-0.8660254037844388,-0.4999999999999997,-8.0,-0.2,0.5,-3.14,4.15,30.59,1379.25,160.24,27,319.5
10/07/2021,1,31.49,0.26,1,60.81,119.22,1,0,206.64,5.2579,0,0,0.96,18.36,95.25,96.21,7,-0.8660254037844388,-0.4999999999999997,-8.0,-0.2,0.5,-3.14,4.15,30.59,1379.25,160.24,27,319.5
11/07/2021,1,30.9,0.26,1,60.81,119.22,1,0,206.64,5.2579,0,0,0.96,18.36,95.25,96.21,7,-0.8660254037844388,-0.4999999999999997,-8.0,-0.2,0.5,-3.14,4.15,30.59,1379.25,160.24,27,319.5
12/07/2021,1,31.98,0.26,1,61.73,119.83,1,0,207.26,5.173,0,0,0.96,18.62,95.38,96.24,7,-0.8660254037844388,-0.4999999999999997,-8.0,-0.2,0.5,-3.14,4.15,31.3,1404.25,161.8,28,319.15
13/07/2021,1,32.63,0.26,1,61.5,121.75,1,0,207.44,5.1622,0,0,0.96,18.65,95.67,96.43,7,-0.8660254037844388,-0.4999999999999997,-8.0,-0.2,0.5,-3.14,4.15,31.61,1414.75,163.45,28,318.0
14/07/2021,1,31.93,0.26,1,63.23,121.25,1,0,207.18,5.0706,0,0,0.96,19.16,96.23,97.19,7,-0.8660254037844388,-0.4999999999999997,-8.0,-0.2,0.5,-3.14,4.15,32.34,1453.0,164.02,28,320.7
15/07/2021,1,31.47,0.26,1,62.55,121.12,1,0,207.43,5.11,0,0,0.96,19.12,97.21,98.01,7,-0.8660254037844388,-0.4999999999999997,-8.0,-0.2,0.5,-3.14,4.15,31.92,1394.25,163.6,28,320.55
16/07/2021,1,32.42,0.26,1,62.86,120.17,1,0,206.36,5.1147,0,0,0.96,19.01,95.12,97.34,7,-0.8660254037844388,-0.4999999999999997,-8.0,-0.2,0.5,-3.14,4.15,32.28,1406.0,165.25,28,321.85
17/07/2021,1,33.24,0.26,1,62.86,120.17,1,0,206.36,5.1147,0,0,0.96,19.01,95.12,97.34,7,-0.8660254037844388,-0.4999999999999997,-8.0,-0.2,0.5,-3.14,4.15,32.28,1406.0,165.25,28,321.85
18/07/2021,1,32.89,0.26,1,62.86,120.17,1,0,206.36,5.1147,0,0,0.96,19.01,95.12,97.34,7,-0.8660254037844388,-0.4999999999999997,-8.0,-0.2,0.5,-3.14,4.15,32.28,1406.0,165.25,28,321.85
19/07/2021,1,31.2,0.26,1,60.74,120.25,1,0,203.29,5.2519,0,0,0.96,18.55,96.11,97.48,7,-0.8660254037844388,-0.4999999999999997,-8.0,-0.2,0.5,-3.14,4.15,31.71,1382.75,166.67,29,319.25
20/07/2021,1,31.66,0.26,1,61.22,119.78,1,0,205.62,5.2205,0,0,0.96,18.68,97.15,97.49,7,-0.8660254037844388,-0.4999999999999997,-8.0,-0.2,0.5,-3.14,4.15,32.13,1399.0,167.71,29,319.5
21/07/2021,1,33.47,0.26,1,60.68,120.05,1,0,208.99,5.1874,0,0,0.96,19.01,98.26,98.54,7,-0.8660254037844388,-0.4999999999999997,-8.0,-0.2,0.5,-3.14,4.15,32.37,1397.75,167.77,29,314.5
22/07/2021,1,32.63,0.26,1,60.95,120.8,1,0,206.39,5.2003,0,0,0.96,19.04,99.12,99.19,7,-0.8660254037844388,-0.4999999999999997,-8.0,-0.2,0.5,-3.14,4.15,31.73,1369.0,165.27,29,317.5
23/07/2021,1,31.9,0.26,1,61.45,121.5,1,0,208.89,5.2006,0,0,0.96,19.17,99.32,99.99,7,-0.8660254037844388,-0.4999999999999997,-8.0,-0.2,0.5,-3.14,4.15,31.5,1355.75,164.31,29,320.6
24/07/2021,1,31.37,0.26,1,61.45,121.5,1,0,208.89,5.2006,0,0,0.96,19.17,99.32,99.99,7,-0.8660254037844388,-0.4999999999999997,-8.0,-0.2,0.5,-3.14,4.15,31.5,1355.75,164.31,29,320.6
25/07/2021,1,31.57,0.26,1,61.45,121.5,1,0,208.89,5.2006,0,0,0.96,19.17,99.32,99.99,7,-0.8660254037844388,-0.4999999999999997,-8.0,-0.2,0.5,-3.14,4.15,31.5,1355.75,164.31,29,320.6
26/07/2021,1,31.73,0.26,1,62.13,123.45,1,0,207.44,5.1761,0,0,0.96,19.45,101.97,100.63,7,-0.8660254037844388,-0.4999999999999997,-8.0,-0.2,0.5,-3.14,4.15,31.62,1362.5,163.63,30,321.5
27/07/2021,1,32.58,0.26,1,61.25,122.92,1,0,208.91,5.169,0,0,0.96,19.62,102.46,101.6,7,-0.8660254037844388,-0.4999999999999997,-8.0,-0.2,0.5,-3.14,4.15,31.83,1367.0,164.82,30,317.15
28/07/2021,1,33.08,0.26,1,61.96,123.08,1,0,210.4,5.1157,0,0,0.96,20.03,101.52,102.44,7,-0.8660254037844388,-0.4999999999999997,-8.0,-0.2,0.5,-3.14,4.15,32.18,1370.25,164.54,30,316.85
29/07/2021,1,27.14,0.26,1,62.15,122.5,1,0,211.65,5.0812,0,0,0.96,20.08,100.45,101.93,7,-0.8660254037844388,-0.4999999999999997,-8.0,-0.2,0.5,-3.14,4.15,32.22,1385.25,163.59,30,315.55
30/07/2021,1,29.06,0.26,1,61.55,122.08,1,0,209.12,5.2123,0,0,0.96,19.51,99.38,101.4,7,-0.8660254037844388,-0.4999999999999997,-8.0,-0.2,0.5,-3.14,4.15,31.47,1355.5,163.56,30,319.9
31/07/2021,1,32.66,0.26,1,61.55,122.08,1,0,209.12,5.2123,0,0,0.96,19.51,99.38,101.4,7,-0.8660254037844388,-0.4999999999999997,-8.0,-0.2,0.5,-3.14,4.15,31.47,1355.5,163.56,30,319.9
01/08/2021,1,33.16,0.26,1,61.55,122.08,1,0,209.12,5.2123,0,0,0.96,19.51,99.38,101.4,8,-0.5000000000000004,-0.8660254037844385,-8.0,-0.2,0.0,-3.42,4.15,31.47,1355.5,163.56,30,319.9
02/08/2021,1,32.48,0.26,1,61.24,122.12,1,0,208.5,5.1747,0,0,0.87,19.65,98.64,101.47,8,-0.5000000000000004,-0.8660254037844385,-8.0,-0.2,0.0,-3.42,4.15,31.71,1356.25,163.71,31,316.2
03/08/2021,1,32.72,0.26,1,60.85,123.25,1,0,205.81,5.1967,0,0,0.87,19.48,97.02,100.96,8,-0.5000000000000004,-0.8660254037844385,-8.0,-0.2,0.0,-3.42,4.15,31.7,1323.75,164.31,31,315.4
04/08/2021,1,32.49,0.26,1,61.03,124.05,1,0,205.54,5.1685,0,0,0.87,19.31,95.3,100.21,8,-0.5000000000000004,-0.8660254037844385,-8.0,-0.2,0.0,-3.42,4.15,31.79,1332.0,164.98,31,316.7
05/08/2021,1,32.51,0.26,1,61.35,122.58,1,0,205.29,5.2488,0,0,0.87,19.28,97.8,100.31,8,-0.5000000000000004,-0.8660254037844385,-8.0,-0.2,0.0,-3.42,5.15,31.63,1335.75,164.58,31,319.2
06/08/2021,1,32.31,0.26,1,59.71,123.0,1,0,206.86,5.2301,0,0,0.87,18.91,97.52,99.1,8,-0.5000000000000004,-0.8660254037844385,-8.0,-0.2,0.5,-3.42,5.15,31.9,1344.25,167.17,31,312.95
07/08/2021,1,31.58,0.26,1,59.71,123.0,1,0,206.86,5.2301,0,0,0.87,18.91,97.52,99.1,8,-0.5000000000000004,-0.8660254037844385,-8.0,-0.2,0.5,-3.42,5.15,31.9,1344.25,167.17,31,312.95
08/08/2021,1,31.83,0.26,1,59.71,123.0,1,0,206.86,5.2301,0,0,0.87,18.91,97.52,99.1,8,-0.5000000000000004,-0.8660254037844385,-8.0,-0.2,1.5,-3.42,5.15,31.9,1344.25,167.17,31,312.95
09/08/2021,1,32.83,0.26,1,60.82,123.0,1,0,206.14,5.2331,0,0,0.87,18.99,97.26,99.45,8,-0.5000000000000004,-0.8660254037844385,-8.0,-0.2,0.0,-3.42,5.15,32.11,1341.5,168.21,32,318.6
10/08/2021,1,34.24,0.26,1,60.88,123.65,1,0,205.96,5.1895,0,0,0.87,18.88,98.21,98.16,8,-0.5000000000000004,-0.8660254037844385,-8.0,-0.2,0.0,-3.42,5.15,32.28,1348.25,167.77,32,316.45
11/08/2021,1,35.07,0.26,1,60.95,122.95,1,0,206.1,5.2185,0,0,0.87,18.81,99.15,98.35,8,-0.5000000000000004,-0.8660254037844385,-8.0,-0.2,0.0,-3.42,5.15,32.13,1347.0,167.97,32,318.65
12/08/2021,1,35.17,0.26,1,59.82,123.15,1,0,205.42,5.2524,0,0,0.87,18.84,100.03,98.97,8,-0.5000000000000004,-0.8660254037844385,-8.0,-0.2,0.0,-3.42,5.15,32.02,1347.0,168.22,32,314.3
13/08/2021,1,34.64,0.26,1,60.53,122.75,1,0,204.09,5.2466,0,0,0.87,19.05,99.76,99.87,8,-0.5000000000000004,-0.8660254037844385,-8.0,-0.2,0.0,-3.42,5.15,32.39,1373.0,169.81,32,317.35
14/08/2021,1,34.72,0.26,1,60.53,122.75,1,0,204.09,5.2466,0,0,0.87,19.05,99.76,99.87,8,-0.5000000000000004,-0.8660254037844385,-8.0,-0.2,0.0,-3.42,5.15,32.39,1373.0,169.81,32,317.35
15/08/2021,1,34.63,0.26,1,60.53,122.75,1,0,204.09,5.2466,0,0,0.87,19.05,99.76,99.87,8,-0.5000000000000004,-0.8660254037844385,-8.0,-0.2,0.0,-3.42,5.15,32.39,1373.0,169.81,32,317.35
16/08/2021,1,34.79,0.26,1,59.26,123.53,1,0,204.25,5.2595,0,0,0.87,18.9,99.9,99.89,8,-0.5000000000000004,-0.8660254037844385,-8.0,-0.2,0.0,-3.42,5.15,32.03,1368.25,169.29,33,313.25
17/08/2021,1,34.9,0.26,1,60.61,123.3,1,0,202.47,5.2948,0,0,0.87,18.87,99.61,99.4,8,-0.5000000000000004,-0.8660254037844385,-8.0,-0.2,0.0,-3.42,5.15,32.35,1361.5,170.4,33,319.3
18/08/2021,1,34.39,0.26,1,58.25,124.03,1,0,194.78,5.3794,0,0,0.87,18.53,97.86,99.32,8,-0.5000000000000004,-0.8660254037844385,-8.0,-0.2,0.0,-3.42,5.15,32.14,1353.25,172.25,33,312.2
19/08/2021,1,32.88,0.26,1,58.11,123.4,1,0,195.27,5.4142,0,0,0.87,18.28,96.94,99.02,8,-0.5000000000000004,-0.8660254037844385,-8.0,-0.2,0.0,-3.42,5.15,31.81,1320.0,172.27,33,314.7
20/08/2021,1,33.34,0.26,1,58.27,124.28,1,0,195.54,5.377,0,0,0.87,18.37,95.88,98.79,8,-0.5000000000000004,-0.8660254037844385,-8.0,-0.2,0.0,-3.42,5.15,32.03,1290.75,172.24,33,313.4
21/08/2021,1,34.32,0.26,1,58.27,124.28,1,0,195.54,5.377,0,0,0.87,18.37,95.88,98.79,8,-0.5000000000000004,-0.8660254037844385,-8.0,-0.2,0.0,-3.42,5.15,32.03,1290.75,172.24,33,313.4
22/08/2021,1,34.92,0.26,1,58.27,124.28,1,0,195.54,5.377,0,0,0.87,18.37,95.88,98.79,8,-0.5000000000000004,-0.8660254037844385,-8.0,-0.2,0.0,-3.42,5.15,32.03,1290.75,172.24,33,313.4
23/08/2021,1,35.66,0.26,1,58.4,126.45,1,0,198.97,5.3802,0,0,0.87,18.28,95.73,98.21,8,-0.5000000000000004,-0.8660254037844385,-8.0,-0.2,0.0,-3.42,5.15,31.62,1292.75,169.89,34,313.75
24/08/2021,1,36.3,0.26,1,59.52,125.8,1,0,197.72,5.2463,0,0,0.87,18.56,95.27,97.59,8,-0.5000000000000004,-0.8660254037844385,-8.0,-0.2,0.0,-3.42,5.15,32.21,1331.75,169.41,34,313.0
25/08/2021,1,36.35,0.26,1,60.15,124.42,1,0,197.45,5.2117,0,0,0.87,18.71,95.27,97.49,8,-0.5000000000000004,-0.8660254037844385,-8.0,-0.2,0.0,-3.42,5.15,32.46,1332.75,169.14,34,313.4
26/08/2021,1,35.38,0.26,1,59.51,123.28,1,0,196.51,5.2522,0,0,0.87,18.49,95.37,97.06,8,-0.5000000000000004,-0.8660254037844385,-8.0,-0.2,0.0,-3.42,5.15,32.19,1326.25,169.0,34,312.45
27/08/2021,1,35.89,0.26,1,59.82,122.0,1,0,197.02,5.1996,0,0,0.87,18.45,95.16,95.84,8,-0.5000000000000004,-0.8660254037844385,-8.0,-0.2,0.0,-3.42,5.15,32.13,1323.25,166.96,34,310.85
28/08/2021,1,36.44,0.26,1,59.82,122.0,1,0,197.02,5.1996,0,0,0.87,18.45,95.16,95.84,8,-0.5000000000000004,-0.8660254037844385,-8.0,-0.2,0.0,-3.42,5.15,32.13,1323.25,166.96,34,310.85
29/08/2021,1,35.76,0.26,1,59.82,122.0,1,0,197.02,5.1996,0,0,0.87,18.45,95.16,95.84,8,-0.5000000000000004,-0.8660254037844385,-8.0,-0.2,0.0,-3.42,5.15,32.13,1323.25,166.96,34,310.85
30/08/2021,1,34.91,0.26,1,61.17,120.25,1,0,196.46,5.184,0,0,0.87,18.47,93.12,95.82,8,-0.5000000000000004,-0.8660254037844385,-8.0,-0.2,0.0,-3.42,5.15,32.01,1303.25,166.04,35,317.3
31/08/2021,1,34.88,0.26,1,60.56,118.95,1,0,198.86,5.1492,0,0,0.87,18.31,91.62,94.76,8,-0.5000000000000004,-0.8660254037844385,-8.0,-0.2,0.0,-3.42,5.15,31.78,1292.5,164.44,35,313.4
01/09/2021,1,32.11,0.26,0,59.05,127.58,1,0,196.38,5.1858,0,0,1.16,18.11,90.31,93.72,9,-1.8369701987210297e-16,-1.0,-8.0,-0.2,0.0,-2.78,5.15,31.68,1277.75,163.93,35,305.5
02/09/2021,1,27.82,0.26,0,58.84,126.05,1,0,194.81,5.1819,0,0,1.16,17.94,91.58,93.0,9,-1.8369701987210297e-16,-1.0,-8.0,-0.2,0.0,-2.78,5.15,31.87,1283.25,165.23,35,305.1
03/09/2021,1,28.53,0.26,0,58.84,124.8,1,0,192.53,5.1908,0,0,1.16,17.8,91.57,92.26,9,-1.8369701987210297e-16,-1.0,-8.0,-0.2,0.0,-2.78,5.15,32.34,1292.0,167.63,35,305.1
04/09/2021,1,29.24,0.26,0,58.84,124.8,1,0,192.53,5.1908,0,0,1.16,17.8,91.57,92.26,9,-1.8369701987210297e-16,-1.0,-8.0,-0.2,0.0,-2.78,5.15,32.34,1292.0,167.63,35,305.1
05/09/2021,1,30.6,0.26,0,58.84,124.8,1,0,192.53,5.1908,0,0,1.16,17.8,91.57,92.26,9,-1.8369701987210297e-16,-1.0,-8.0,-0.2,0.0,-2.78,5.15,32.34,1292.0,167.63,35,305.1
06/09/2021,1,29.48,0.26,0,58.84,124.8,1,0,192.53,5.1908,0,0,1.16,17.8,91.57,92.26,9,-1.8369701987210297e-16,-1.0,-8.0,-0.2,0.5,-2.78,5.15,32.34,1292.0,167.63,36,305.1
07/09/2021,1,30.2,0.26,0,58.84,123.75,1,0,192.53,5.1692,0,0,1.16,17.8,91.57,92.26,9,-1.8369701987210297e-16,-1.0,-8.0,-0.2,1.5,-2.78,5.15,32.34,1277.0,167.63,36,305.1
08/09/2021,1,29.75,0.26,0,58.77,123.1,1,0,191.0,5.3214,0,0,1.16,17.38,92.71,92.32,9,-1.8369701987210297e-16,-1.0,-8.0,-0.2,0.5,-2.78,5.15,31.85,1279.5,169.24,36,312.25
09/09/2021,1,29.76,0.26,0,57.65,123.75,1,0,189.73,5.1976,0,0,1.16,17.36,92.69,92.15,9,-1.8369701987210297e-16,-1.0,-8.0,-0.2,0.0,-2.78,5.15,31.92,1270.5,169.38,36,305.95
10/09/2021,1,30.16,0.26,0,57.97,123.42,1,0,186.52,5.2454,0,0,1.16,17.76,92.17,93.53,9,-1.8369701987210297e-16,-1.0,-8.0,-0.2,0.0,-2.78,5.15,32.23,1286.5,169.73,36,305.25
11/09/2021,1,31.04,0.26,0,57.97,123.42,1,0,186.52,5.2454,0,0,1.16,17.76,92.17,93.53,9,-1.8369701987210297e-16,-1.0,-8.0,-0.2,0.0,-2.78,5.15,32.23,1286.5,169.73,36,305.25
12/09/2021,1,29.35,0.26,0,57.97,123.42,1,0,186.52,5.2454,0,0,1.16,17.76,92.17,93.53,9,-1.8369701987210297e-16,-1.0,-8.0,-0.2,0.0,-2.78,5.15,32.23,1286.5,169.73,36,305.25
13/09/2021,1,29.26,0.26,0,59.38,122.28,1,0,186.54,5.2144,0,0,1.16,17.91,93.16,93.71,9,-1.8369701987210297e-16,-1.0,-8.0,-0.2,0.0,-2.78,5.15,32.4,1284.75,169.5,37,310.6
14/09/2021,1,29.0,0.26,0,57.61,124.12,1,0,186.17,5.2398,0,0,1.16,17.79,93.96,93.6,9,-1.8369701987210297e-16,-1.0,-8.0,-0.2,0.0,-2.78,5.15,32.39,1282.5,170.4,37,303.1
15/09/2021,1,29.91,0.26,0,56.28,124.17,1,0,186.28,5.2219,0,0,1.16,17.82,93.58,93.43,9,-1.8369701987210297e-16,-1.0,-8.0,-0.2,0.0,-2.78,5.15,32.72,1303.5,171.54,37,295.0
16/09/2021,1,30.62,0.26,0,57.34,123.6,1,0,186.01,5.2535,0,0,1.16,17.76,93.04,93.71,9,-1.8369701987210297e-16,-1.0,-8.0,-0.2,0.0,-2.78,5.15,32.64,1304.75,172.16,37,302.45
17/09/2021,1,30.39,0.26,0,57.31,122.8,1,0,185.97,5.2883,0,0,1.16,17.73,93.25,93.67,9,-1.8369701987210297e-16,-1.0,-8.0,-0.2,0.0,-2.78,5.15,32.48,1293.0,171.6,37,302.75
18/09/2021,1,29.45,0.26,0,57.31,122.8,1,0,185.97,5.2883,0,0,1.16,17.73,93.25,93.67,9,-1.8369701987210297e-16,-1.0,-8.0,-0.2,0.0,-2.78,5.15,32.48,1293.0,171.6,37,302.75
19/09/2021,1,29.14,0.26,0,57.31,122.8,1,0,185.97,5.2883,0,0,1.16,17.73,93.25,93.67,9,-1.8369701987210297e-16,-1.0,-8.0,-0.2,0.0,-2.78,5.15,32.48,1293.0,171.6,37,302.75
20/09/2021,1,29.69,0.26,0,56.14,122.78,1,0,185.34,5.324,0,0,1.16,17.34,92.77,92.81,9,-1.8369701987210297e-16,-1.0,-8.0,-0.2,0.0,-2.78,5.15,31.8,1271.75,170.18,38,300.4
21/09/2021,1,30.38,0.26,0,56.91,122.45,1,0,183.2,5.2699,0,0,1.16,17.43,92.67,92.08,9,-1.8369701987210297e-16,-1.0,-8.0,-0.2,0.0,-2.78,5.15,31.98,1282.75,168.94,38,300.6
22/09/2021,1,30.57,0.26,0,56.46,123.28,1,0,186.64,5.2888,0,0,1.16,17.28,92.22,91.59,9,-1.8369701987210297e-16,-1.0,-8.0,-0.2,0.0,-2.78,5.15,31.81,1291.75,168.61,38,299.3
23/09/2021,1,30.48,0.26,0,56.29,123.22,1,0,190.73,5.303,0,0,1.16,17.11,91.73,90.83,9,-1.8369701987210297e-16,-1.0,-8.0,-0.2,0.0,-2.78,6.15,31.84,1294.0,169.02,38,298.8
24/09/2021,1,25.2,0.26,0,56.16,122.92,1,0,195.2,5.3344,0,0,1.16,16.92,90.71,90.47,9,-1.8369701987210297e-16,-1.0,-8.0,-0.2,0.0,-2.78,6.15,31.81,1294.75,170.06,38,300.25
25/09/2021,1,26.91,0.26,0,56.16,122.92,1,0,195.2,5.3344,0,0,1.16,16.92,90.71,90.47,9,-1.8369701987210297e-16,-1.0,-8.0,-0.2,0.0,-2.78,6.15,31.81,1294.75,170.06,38,300.25
26/09/2021,1,23.58,0.26,0,56.16,122.92,1,0,195.2,5.3344,0,0,1.16,16.92,90.71,90.47,9,-1.8369701987210297e-16,-1.0,-8.0,-0.2,0.0,-2.78,6.15,31.81,1294.75,170.06,38,300.25
27/09/2021,1,26.15,0.26,0,56.59,122.4,1,0,195.61,5.3914,0,0,1.16,16.95,92.6,91.18,9,-1.8369701987210297e-16,-1.0,-8.0,-0.2,0.0,-2.78,6.15,31.81,1297.5,171.12,39,304.45
28/09/2021,1,29.21,0.26,0,54.27,122.0,1,0,195.08,5.4293,0,0,1.16,16.84,93.16,91.42,9,-1.8369701987210297e-16,-1.0,-8.0,-0.2,0.0,-2.78,6.15,31.62,1287.0,171.71,39,294.7
29/09/2021,1,29.5,0.26,0,54.33,121.78,1,0,193.38,5.4152,0,0,1.16,16.85,93.4,91.45,9,-1.8369701987210297e-16,-1.0,-8.0,-0.2,0.0,-2.78,6.15,31.66,1293.5,171.8,39,294.8
30/09/2021,1,28.49,0.26,0,53.63,120.58,1,0,190.63,5.4428,0,0,1.16,16.89,91.97,91.83,9,-1.8369701987210297e-16,-1.0,-8.0,-0.2,0.0,-2.78,6.15,31.55,1265.5,171.52,39,291.6
01/10/2021,1,28.61,0.26,0,54.49,120.4,0,0,193.8,5.3628,0,0,1.25,17.11,91.29,91.76,10,0.5000000000000001,-0.8660254037844386,5.8,0.2,0.0,-0.15,6.15,31.38,1256.5,168.31,39,292.25
02/10/2021,1,26.48,0.26,0,54.49,120.4,0,0,193.8,5.3628,0,0,1.25,17.11,91.29,91.76,10,0.5000000000000001,-0.8660254037844386,5.8,0.2,0.0,-0.15,6.15,31.38,1256.5,168.31,39,292.25
03/10/2021,1,26.73,0.26,0,54.49,120.4,0,0,193.8,5.3628,0,0,1.25,17.11,91.29,91.76,10,0.5000000000000001,-0.8660254037844386,5.8,0.2,0.0,-0.15,6.15,31.38,1256.5,168.31,39,292.25
04/10/2021,1,28.3,0.26,0,52.56,122.62,0,0,191.95,5.4535,0,0,1.25,16.88,90.41,92.03,10,0.5000000000000001,-0.8660254037844386,5.8,0.2,0.0,-0.15,6.15,30.65,1246.25,167.1,40,286.55
05/10/2021,1,29.25,0.26,0,51.75,122.83,0,0,195.5,5.4748,0,0,1.25,16.86,90.27,92.22,10,0.5000000000000001,-0.8660254037844386,5.8,0.2,0.0,-0.15,6.15,30.7,1261.0,167.88,40,283.0
06/10/2021,1,31.53,0.26,0,51.18,123.83,0,0,195.9,5.4912,0,0,1.25,16.76,89.73,91.98,10,0.5000000000000001,-0.8660254037844386,5.8,0.2,0.0,-0.15,6.15,30.69,1252.5,168.45,40,280.9
07/10/2021,1,30.58,0.26,0,51.37,125.28,0,0,199.24,5.5188,0,0,1.25,16.56,88.64,91.12,10,0.5000000000000001,-0.8660254037844386,5.8,0.2,0.0,-0.15,6.15,30.65,1258.25,168.69,40,282.7
08/10/2021,1,30.4,0.26,0,49.23,125.58,0,0,198.67,5.5082,0,0,1.25,16.52,88.57,91.03,10,0.5000000000000001,-0.8660254037844386,5.8,0.2,0.0,-0.15,6.15,30.74,1254.25,169.36,40,271.25
09/10/2021,1,29.21,0.26,0,49.23,125.58,0,0,198.67,5.5082,0,0,1.25,16.52,88.57,91.03,10,0.5000000000000001,-0.8660254037844386,5.8,0.2,0.0,-0.15,6.15,30.74,1254.25,169.36,40,271.25
10/10/2021,1,28.65,0.26,0,49.23,125.58,0,0,198.67,5.5082,0,0,1.25,16.52,88.57,91.03,10,0.5000000000000001,-0.8660254037844386,5.8,0.2,0.5,-0.15,6.15,30.74,1254.25,169.36,40,271.25
11/10/2021,1,26.04,0.26,0,49.23,125.62,0,0,198.46,5.5367,0,0,1.25,16.45,88.83,91.02,10,0.5000000000000001,-0.8660254037844386,5.8,0.2,0.5,-0.15,6.15,30.54,1239.75,168.97,41,271.25
12/10/2021,1,28.41,0.26,0,49.23,125.03,0,0,198.46,5.5325,0,0,1.25,16.45,88.83,91.02,10,0.5000000000000001,-0.8660254037844386,5.8,0.2,1.5,-0.15,6.15,30.54,1210.0,168.97,41,271.25
13/10/2021,1,29.91,0.26,0,49.08,124.78,0,0,201.36,5.5133,0,0,1.25,16.4,88.69,90.39,10,0.5000000000000001,-0.8660254037844386,5.8,0.2,0.0,-0.15,6.15,30.29,1206.0,166.94,41,270.5
14/10/2021,1,26.56,0.26,0,49.19,125.75,0,0,204.11,5.5132,0,0,1.25,16.33,88.82,90.13,10,0.5000000000000001,-0.8660254037844386,5.8,0.2,0.0,-0.15,6.15,29.98,1215.5,165.49,41,271.55
15/10/2021,1,27.45,0.26,0,48.86,125.97,0,0,208.89,5.4611,0,0,1.25,16.52,88.93,90.18,10,0.5000000000000001,-0.8660254037844386,5.8,0.2,0.0,-0.15,6.15,30.49,1226.25,166.48,41,266.8
16/10/2021,1,25.74,0.26,0,48.86,125.97,0,0,208.89,5.4611,0,0,1.25,16.52,88.93,90.18,10,0.5000000000000001,-0.8660254037844386,5.8,0.2,0.0,-0.15,6.15,30.49,1226.25,166.48,41,266.8
17/10/2021,1,27.25,0.26,0,48.86,125.97,0,0,208.89,5.4611,0,0,1.25,16.52,88.93,90.18,10,0.5000000000000001,-0.8660254037844386,5.8,0.2,0.0,-0.15,6.15,30.49,1226.25,166.48,41,266.8
18/10/2021,1,28.22,0.26,0,48.57,125.45,0,0,210.89,5.5117,0,0,1.25,16.3,89.61,89.89,10,0.5000000000000001,-0.8660254037844386,5.8,0.2,0.0,-0.15,6.15,30.1,1229.0,166.0,42,267.8
19/10/2021,1,25.43,0.26,0,48.78,125.0,0,0,214.47,5.5844,0,0,1.25,16.15,89.37,90.21,10,0.5000000000000001,-0.8660254037844386,5.8,0.2,0.0,-0.15,6.15,29.98,1237.0,167.48,42,272.55
20/10/2021,1,28.71,0.26,0,47.39,125.95,0,0,211.13,5.5975,0,0,1.25,16.15,88.68,89.56,10,0.5000000000000001,-0.8660254037844386,5.8,0.2,0.0,-0.15,6.15,30.6,1255.0,169.74,42,262.9
21/10/2021,1,28.65,0.26,0,46.48,124.97,0,0,211.74,5.6577,0,0,1.25,15.74,88.53,88.99,10,0.5000000000000001,-0.8660254037844386,5.8,0.2,0.0,-0.15,6.15,30.11,1233.5,170.23,42,262.8
22/10/2021,1,24.99,0.26,0,46.13,124.1,0,0,214.86,5.6474,0,0,1.25,15.83,88.52,89.27,10,0.5000000000000001,-0.8660254037844386,5.8,0.2,0.0,-0.15,6.15,30.25,1230.75,170.58,42,260.2
23/10/2021,1,25.8,0.26,0,46.13,124.1,0,0,214.86,5.6474,0,0,1.25,15.83,88.52,89.27,10,0.5000000000000001,-0.8660254037844386,5.8,0.2,0.0,-0.15,6.15,30.25,1230.75,170.58,42,260.2
24/10/2021,1,28.22,0.26,0,46.13,124.1,0,0,214.86,5.6474,0,0,1.25,15.83,88.52,89.27,10,0.5000000000000001,-0.8660254037844386,5.8,0.2,0.0,-0.15,6.15,30.25,1230.75,170.58,42,260.2
25/10/2021,1,27.18,0.26,0,47.48,125.03,0,0,214.6,5.5563,0,0,1.25,16.08,87.7,89.18,10,0.5000000000000001,-0.8660254037844386,5.8,0.2,0.0,-0.15,6.15,30.36,1247.0,168.37,43,263.35
26/10/2021,1,28.83,0.26,0,46.21,126.82,0,0,216.16,5.5666,0,0,1.25,15.86,87.55,88.27,10,0.5000000000000001,-0.8660254037844386,5.8,0.2,0.0,-0.15,6.15,30.32,1247.5,168.79,43,257.25
27/10/2021,1,27.76,0.26,0,46.04,127.22,0,0,213.98,5.538,0,0,1.25,15.71,87.79,87.5,10,0.5000000000000001,-0.8660254037844386,5.8,0.2,0.0,-0.15,6.15,30.32,1249.75,168.88,43,256.45
28/10/2021,1,29.56,0.26,0,45.15,124.5,0,0,215.24,5.6464,0,0,1.25,15.44,87.9,86.89,10,0.5000000000000001,-0.8660254037844386,5.8,0.2,0.0,-0.15,7.65,29.95,1246.0,168.55,43,254.1
29/10/2021,1,29.53,0.26,0,45.52,127.38,0,0,217.42,5.6372,0,0,1.25,15.38,88.44,86.84,10,0.5000000000000001,-0.8660254037844386,5.8,0.2,0.0,-0.15,7.65,29.76,1249.5,168.11,43,257.1
30/10/2021,1,27.4,0.26,0,45.52,127.38,0,0,217.42,5.6372,0,0,1.25,15.38,88.44,86.84,10,0.5000000000000001,-0.8660254037844386,5.8,0.2,0.0,-0.15,7.65,29.76,1249.5,168.11,43,257.1
31/10/2021,1,27.72,0.26,0,45.52,127.38,0,0,217.42,5.6372,0,0,1.25,15.38,88.44,86.84,10,0.5000000000000001,-0.8660254037844386,5.8,0.2,0.5,-0.15,7.65,29.76,1249.5,168.11,43,257.1
01/11/2021,1,26.45,0.26,0,46.54,128.85,0,0,215.23,5.6815,0,0,0.95,15.34,90.15,86.97,11,0.8660254037844384,-0.5000000000000004,5.8,0.2,0.5,0.23,7.65,29.62,1248.5,167.96,44,263.95
02/11/2021,1,26.84,0.26,0,46.54,129.95,0,0,215.23,5.6795,0,0,0.95,15.34,90.15,86.97,11,0.8660254037844384,-0.5000000000000004,5.8,0.2,1.5,0.23,7.65,29.62,1256.25,167.96,44,263.95
03/11/2021,1,25.01,0.26,0,45.87,131.65,0,0,217.31,5.5525,0,0,0.95,15.58,88.99,87.16,11,0.8660254037844384,-0.5000000000000004,5.8,0.2,0.0,0.23,7.65,29.71,1244.25,166.21,44,256.65
04/11/2021,1,26.47,0.26,0,47.68,130.63,0,0,217.44,5.602,0,0,0.95,15.39,88.63,86.4,11,0.8660254037844384,-0.5000000000000004,5.8,0.2,0.0,0.23,7.65,28.9,1222.75,162.28,44,267.75
05/11/2021,1,25.67,0.26,0,48.02,131.8,0,0,218.56,5.5428,0,0,0.95,15.72,87.07,86.61,11,0.8660254037844384,-0.5000000000000004,5.8,0.2,0.0,0.23,7.65,29.0,1205.5,159.8,44,264.6
06/11/2021,1,26.41,0.26,0,48.02,131.8,0,0,218.56,5.5428,0,0,0.95,15.72,87.07,86.61,11,0.8660254037844384,-0.5000000000000004,5.8,0.2,0.0,0.23,7.65,29.0,1205.5,159.8,44,264.6
07/11/2021,1,24.59,0.26,0,48.02,131.8,0,0,218.56,5.5428,0,0,0.95,15.72,87.07,86.61,11,0.8660254037844384,-0.5000000000000004,5.8,0.2,0.0,0.23,7.65,29.0,1205.5,159.8,44,264.6
08/11/2021,1,26.27,0.26,0,48.27,132.1,0,0,217.54,5.544,0,0,0.95,15.44,86.97,85.69,11,0.8660254037844384,-0.5000000000000004,5.8,0.2,0.0,0.23,7.65,28.27,1188.5,156.89,45,267.85
09/11/2021,1,25.93,0.26,0,51.19,132.2,0,0,218.58,5.4804,0,0,0.95,15.49,85.36,84.93,11,0.8660254037844384,-0.5000000000000004,5.8,0.2,0.0,0.23,7.65,28.52,1212.0,156.36,45,280.7
10/11/2021,1,24.06,0.26,0,52.99,132.0,0,0,217.94,5.491,0,0,0.95,15.38,85.05,84.51,11,0.8660254037844384,-0.5000000000000004,5.8,0.2,0.0,0.23,7.65,28.5,1216.75,156.62,45,291.2
11/11/2021,1,25.05,0.26,0,54.61,131.88,0,0,219.35,5.3989,0,0,0.95,15.49,84.06,83.59,11,0.8660254037844384,-0.5000000000000004,5.8,0.2,0.0,0.23,7.65,28.92,1221.5,156.11,45,294.8
12/11/2021,1,25.9,0.26,0,55.18,132.12,0,0,221.66,5.4588,0,0,0.95,15.17,83.31,82.75,11,0.8660254037844384,-0.5000000000000004,5.8,0.2,0.0,0.23,7.65,28.67,1244.25,156.39,45,301.0
13/11/2021,1,26.88,0.26,0,55.18,132.12,0,0,221.66,5.4588,0,0,0.95,15.17,83.31,82.75,11,0.8660254037844384,-0.5000000000000004,5.8,0.2,0.0,0.23,7.65,28.67,1244.25,156.39,45,301.0
14/11/2021,1,26.01,0.26,0,55.18,132.12,0,0,221.66,5.4588,0,0,0.95,15.17,83.31,82.75,11,0.8660254037844384,-0.5000000000000004,5.8,0.2,0.0,0.23,7.65,28.67,1244.25,156.39,45,301.0
15/11/2021,1,24.59,0.26,0,55.18,131.78,0,0,221.66,5.4575,0,0,0.95,15.17,83.31,82.75,11,0.8660254037844384,-0.5000000000000004,5.8,0.2,0.0,0.23,7.65,28.67,1268.75,156.39,46,301.0
16/11/2021,1,25.67,0.26,0,55.2,131.72,0,0,222.46,5.5028,0,0,0.95,15.07,83.03,82.74,11,0.8660254037844384,-0.5000000000000004,5.8,0.2,0.0,0.23,7.65,28.96,1263.25,159.08,46,303.15
17/11/2021,1,27.72,0.26,0,55.16,132.22,0,0,223.21,5.5292,0,0,0.95,14.92,84.45,82.45,11,0.8660254037844384,-0.5000000000000004,5.8,0.2,0.0,0.23,7.65,29.52,1288.25,163.11,46,304.8
18/11/2021,1,25.15,0.26,0,56.2,133.15,0,0,222.99,5.5576,0,0,0.95,14.79,85.09,82.34,11,0.8660254037844384,-0.5000000000000004,5.8,0.2,0.0,0.23,7.65,29.55,1276.5,164.58,46,313.0
19/11/2021,1,27.0,0.26,0,56.06,133.53,0,0,220.14,5.6135,0,0,0.95,14.78,86.09,82.84,11,0.8660254037844384,-0.5000000000000004,5.8,0.2,0.0,0.23,7.65,29.4,1275.0,164.78,46,314.15
20/11/2021,1,26.55,0.26,0,56.06,133.53,0,0,220.14,5.6135,0,0,0.95,14.78,86.09,82.84,11,0.8660254037844384,-0.5000000000000004,5.8,0.2,0.0,0.23,7.65,29.4,1275.0,164.78,46,314.15
21/11/2021,1,27.63,0.26,0,56.06,133.53,0,0,220.14,5.6135,0,0,0.95,14.78,86.09,82.84,11,0.8660254037844384,-0.5000000000000004,5.8,0.2,0.0,0.23,7.65,29.4,1275.0,164.78,46,314.15
22/11/2021,1,26.88,0.26,0,56.51,134.43,0,0,221.15,5.5865,0,0,0.95,14.81,87.41,82.81,11,0.8660254037844384,-0.5000000000000004,5.8,0.2,0.0,0.23,7.65,29.74,1286.25,166.26,47,315.9
23/11/2021,1,26.38,0.26,0,56.51,135.4,0,0,224.7,5.5712,0,0,0.95,14.85,89.16,83.26,11,0.8660254037844384,-0.5000000000000004,5.8,0.2,0.0,0.23,7.65,29.89,1284.5,167.62,47,316.9
24/11/2021,1,26.57,0.26,0,56.62,137.9,0,0,225.69,5.6061,0,0,0.95,14.94,87.76,83.59,11,0.8660254037844384,-0.5000000000000004,5.8,0.2,0.0,0.23,7.65,29.83,1277.25,166.82,47,316.65
25/11/2021,1,28.23,0.26,0,56.62,137.9,0,0,225.69,5.6061,0,0,0.95,14.94,87.76,83.59,11,0.8660254037844384,-0.5000000000000004,5.8,0.2,0.0,0.23,7.65,29.83,1277.25,166.82,47,316.65
26/11/2021,1,28.03,0.26,0,56.8,138.1,0,0,219.01,5.6093,0,0,0.95,14.95,88.9,83.72,11,0.8660254037844384,-0.5000000000000004,5.8,0.2,0.0,0.23,7.65,29.26,1263.0,163.84,47,318.1
27/11/2021,1,28.87,0.26,0,56.8,138.1,0,0,219.01,5.6093,0,0,0.95,14.95,88.9,83.72,11,0.8660254037844384,-0.5000000000000004,5.8,0.2,0.0,0.23,7.65,29.26,1263.0,163.84,47,318.1
28/11/2021,1,28.56,0.26,0,56.8,138.1,0,0,219.01,5.6093,0,0,0.95,14.95,88.9,83.72,11,0.8660254037844384,-0.5000000000000004,5.8,0.2,0.0,0.23,7.65,29.26,1263.0,163.84,47,318.1
29/11/2021,1,24.1,0.26,0,57.31,136.93,0,0,222.13,5.6017,0,0,0.95,14.86,89.33,83.44,11,0.8660254037844384,-0.5000000000000004,5.8,0.2,0.0,0.23,7.65,29.28,1252.0,164.38,48,321.8
30/11/2021,1,26.65,0.26,0,57.07,135.88,0,0,217.39,5.6239,0,0,0.95,14.96,88.77,84.46,11,0.8660254037844384,-0.5000000000000004,5.8,0.2,0.0,0.23,7.65,28.85,1226.5,162.89,48,322.3
01/12/2021,1,26.05,0.26,1,56.77,136.0,0,0,216.89,5.6955,0,0,0.73,15.0,90.35,84.98,12,1.0,-2.4492935982947064e-16,5.8,0.2,0.0,0.42,7.65,28.62,1235.0,162.14,48,321.6
02/12/2021,1,26.01,0.26,1,57.39,137.65,0,0,223.33,5.6462,0,0,0.73,15.26,91.85,86.22,12,1.0,-2.4492935982947064e-16,5.8,0.2,0.0,0.42,7.65,28.98,1250.0,163.82,48,324.35
03/12/2021,1,26.6,0.26,1,55.13,137.68,0,0,222.06,5.6532,0,0,0.73,15.3,93.09,86.86,12,1.0,-2.4492935982947064e-16,5.8,0.2,0.0,0.42,7.65,29.19,1271.25,165.69,48,312.95
04/12/2021,1,25.97,0.26,1,55.13,137.68,0,0,222.06,5.6532,0,0,0.73,15.3,93.09,86.86,12,1.0,-2.4492935982947064e-16,5.8,0.2,0.0,0.42,7.65,29.19,1271.25,165.69,48,312.95
05/12/2021,1,25.37,0.26,1,55.13,137.68,0,0,222.06,5.6532,0,0,0.73,15.3,93.09,86.86,12,1.0,-2.4492935982947064e-16,5.8,0.2,0.0,0.42,7.65,29.19,1271.25,165.69,48,312.95
06/12/2021,1,26.65,0.26,1,56.65,138.18,0,0,221.26,5.6891,0,0,0.73,15.15,94.67,86.12,12,1.0,-2.4492935982947064e-16,5.8,0.2,0.0,0.42,7.65,29.25,1266.5,166.33,49,322.1
07/12/2021,1,26.67,0.26,1,56.34,138.22,0,0,227.97,5.6128,0,0,0.73,15.59,94.47,87.58,12,1.0,-2.4492935982947064e-16,5.8,0.2,0.0,0.42,7.65,29.38,1258.25,165.07,49,316.5
08/12/2021,1,25.89,0.26,1,57.69,137.55,0,0,228.68,5.5327,0,0,0.73,15.81,93.49,87.55,12,1.0,-2.4492935982947064e-16,5.8,0.2,0.0,0.42,7.65,29.48,1268.75,163.27,49,319.5
09/12/2021,1,25.84,0.26,1,55.96,136.73,0,0,224.41,5.5727,0,0,0.73,15.69,93.21,87.54,12,1.0,-2.4492935982947064e-16,5.8,0.2,0.0,0.42,9.15,28.92,1272.25,161.36,49,312.25
10/12/2021,1,26.44,0.26,1,55.44,136.85,0,0,225.16,5.6127,0,0,0.73,15.69,93.2,88.06,12,1.0,-2.4492935982947064e-16,5.8,0.2,0.0,0.42,9.15,28.88,1274.25,162.09,49,311.2
11/12/2021,1,25.7,0.26,1,55.44,136.85,0,0,225.16,5.6127,0,0,0.73,15.69,93.2,88.06,12,1.0,-2.4492935982947064e-16,5.8,0.2,0.0,0.42,9.15,28.88,1274.25,162.09,49,311.2
12/12/2021,1,25.53,0.26,1,55.44,136.85,0,0,225.16,5.6127,0,0,0.73,15.69,93.2,88.06,12,1.0,-2.4492935982947064e-16,5.8,0.2,0.0,0.42,9.15,28.88,1274.25,162.09,49,311.2
13/12/2021,1,26.21,0.26,1,55.76,136.95,0,0,224.66,5.6804,0,0,0.73,15.53,93.73,88.1,12,1.0,-2.4492935982947064e-16,5.8,0.2,0.0,0.42,9.15,28.7,1250.75,162.8,50,316.35
14/12/2021,1,26.66,0.26,1,54.54,136.77,0,0,224.32,5.6815,0,0,0.73,15.42,93.33,87.75,12,1.0,-2.4492935982947064e-16,5.8,0.2,0.0,0.42,9.15,28.84,1264.5,164.13,50,310.4
15/12/2021,1,27.28,0.26,1,53.82,135.0,0,0,224.42,5.6806,0,1,0.73,15.3,91.21,87.56,12,1.0,-2.4492935982947064e-16,5.8,0.2,0.5,0.42,9.15,29.02,1265.25,166.1,50,308.0
16/12/2021,1,25.82,0.26,1,55.8,135.28,0,0,225.84,5.6884,0,1,0.73,15.4,90.7,87.39,12,1.0,-2.4492935982947064e-16,5.8,0.2,0.5,0.42,9.15,29.52,1278.25,167.52,50,316.65
17/12/2021,1,26.39,0.26,1,56.12,134.75,0,0,221.59,5.6959,0,1,0.73,15.34,89.39,87.18,12,1.0,-2.4492935982947064e-16,5.8,0.2,0.5,0.42,9.15,29.58,1288.5,168.07,50,318.85
18/12/2021,1,25.9,0.26,1,56.12,134.75,0,0,221.59,5.6959,0,1,0.73,15.34,89.39,87.18,12,1.0,-2.4492935982947064e-16,5.8,0.2,0.5,0.42,9.15,29.58,1288.5,168.07,50,318.85
19/12/2021,1,25.72,0.26,1,56.12,134.75,0,0,221.59,5.6959,0,1,0.73,15.34,89.39,87.18,12,1.0,-2.4492935982947064e-16,5.8,0.2,0.5,0.42,9.15,29.58,1288.5,168.07,50,318.85
20/12/2021,1,26.63,0.26,1,55.37,134.47,0,0,218.76,5.742,0,1,0.73,15.26,89.95,87.57,12,1.0,-2.4492935982947064e-16,5.8,0.2,1.0,0.42,9.15,29.26,1294.75,167.91,51,317.7
21/12/2021,1,26.62,0.26,1,57.13,135.53,0,0,222.0,5.7451,0,1,0.73,15.45,93.2,88.61,12,1.0,-2.4492935982947064e-16,5.8,0.2,1.0,0.42,9.15,29.41,1312.75,168.72,51,327.75
22/12/2021,1,26.15,0.26,1,56.86,135.75,0,0,223.97,5.654,0,1,0.73,15.64,92.56,88.69,12,1.0,-2.4492935982947064e-16,5.8,0.2,1.0,0.42,9.15,30.27,1335.0,171.66,51,322.4
23/12/2021,1,25.89,0.26,1,57.83,137.05,0,0,225.71,5.6749,0,1,0.73,15.86,93.16,89.81,12,1.0,-2.4492935982947064e-16,5.8,0.2,1.0,0.42,9.15,30.11,1340.75,170.5,51,327.5
24/12/2021,1,24.92,0.26,1,57.83,137.05,0,0,225.71,5.6749,0,1,0.73,15.86,93.16,89.81,12,1.0,-2.4492935982947064e-16,5.8,0.2,1.5,0.42,9.15,30.11,1340.75,170.5,51,327.5
25/12/2021,1,25.11,0.26,1,57.83,137.05,0,0,225.71,5.6749,0,1,0.73,15.86,93.16,89.81,12,1.0,-2.4492935982947064e-16,5.8,0.2,2.5,0.42,9.15,30.11,1340.75,170.5,51,327.5
26/12/2021,1,26.91,0.26,1,57.83,137.05,0,0,225.71,5.6749,0,1,0.73,15.86,93.16,89.81,12,1.0,-2.4492935982947064e-16,5.8,0.2,1.0,0.42,9.15,30.11,1340.75,170.5,51,327.5
27/12/2021,1,25.81,0.26,1,58.39,137.3,0,0,229.43,5.6249,0,1,0.73,15.97,93.26,89.99,12,1.0,-2.4492935982947064e-16,5.8,0.2,1.0,0.42,9.15,30.34,1371.5,171.02,52,329.1
28/12/2021,1,26.49,0.26,1,58.79,138.47,0,0,230.12,5.6283,0,1,0.73,16.03,89.37,90.34,12,1.0,-2.4492935982947064e-16,5.8,0.2,1.0,0.42,9.15,30.48,1368.0,171.81,52,331.4
29/12/2021,1,25.02,0.26,1,58.98,139.4,0,0,229.11,5.7032,0,1,0.73,15.87,89.24,90.37,12,1.0,-2.4492935982947064e-16,5.8,0.2,1.0,0.42,9.15,30.07,1368.75,171.22,52,335.85
30/12/2021,1,24.95,0.26,1,60.36,139.05,0,0,228.66,5.571,0,1,0.73,16.21,88.67,90.35,12,1.0,-2.4492935982947064e-16,5.8,0.2,1.0,0.42,9.15,30.53,1338.5,170.22,52,336.5
31/12/2021,1,24.6,0.26,1,60.36,138.9,0,0,228.46,5.5703,0,1,0.73,16.21,88.67,90.35,12,1.0,-2.4492935982947064e-16,5.8,0.2,1.0,0.42,9.15,30.53,1339.25,170.22,52,336.5
01/01/2022,1,24.8,0.26,1,60.36,138.9,0,1,228.46,5.5703,0,1,0.73,16.21,88.67,90.35,1,0.8660254037844387,0.49999999999999994,5.8,0.2,2.0,0.64,9.15,30.53,1339.25,170.22,52,336.5
02/01/2022,1,25.86,0.26,1,60.36,138.9,0,1,228.46,5.5703,0,1,0.73,16.21,88.67,90.35,1,0.8660254037844387,0.49999999999999994,5.8,0.2,0.5,0.64,9.15,30.53,1339.25,170.22,52,336.5
03/01/2022,1,26.43,0.26,1,59.09,138.93,0,1,225.46,5.6818,0,1,0.54,16.25,91.15,92.01,1,0.8660254037844387,0.49999999999999994,-5.4,1.0,0.5,0.64,9.15,30.14,1355.5,170.62,1,334.5
04/01/2022,1,25.82,0.26,1,59.72,137.82,0,1,227.27,5.677,0,1,0.54,16.3,93.83,92.72,1,0.8660254037844387,0.49999999999999994,-5.4,1.0,0.5,0.64,9.15,30.68,1389.75,174.46,1,339.65
05/01/2022,1,25.28,0.26,1,60.97,137.25,0,1,226.43,5.7087,0,1,0.54,16.3,93.41,92.81,1,0.8660254037844387,0.49999999999999994,-5.4,1.0,0.5,0.64,9.15,31.47,1394.75,178.23,1,345.25
06/01/2022,1,24.71,0.26,1,59.37,137.35,0,1,225.71,5.6834,0,1,0.54,16.41,93.56,93.28,1,0.8660254037844387,0.49999999999999994,-5.4,1.0,0.5,0.64,9.15,30.98,1387.25,176.13,1,337.6
07/01/2022,1,25.99,0.26,1,58.83,137.32,0,1,225.04,5.6355,0,1,0.54,16.6,94.16,93.52,1,0.8660254037844387,0.49999999999999994,-5.4,1.0,0.5,0.64,9.15,31.24,1410.25,175.97,1,331.4
08/01/2022,1,24.22,0.26,1,58.83,137.32,0,1,225.04,5.6355,0,1,0.54,16.6,94.16,93.52,1,0.8660254037844387,0.49999999999999994,-5.4,1.0,0.5,0.64,9.15,31.24,1410.25,175.97,1,331.4
09/01/2022,1,24.83,0.26,1,58.83,137.32,0,1,225.04,5.6355,0,1,0.54,16.6,94.16,93.52,1,0.8660254037844387,0.49999999999999994,-5.4,1.0,0.5,0.64,9.15,31.24,1410.25,175.97,1,331.4
10/01/2022,1,26.06,0.26,1,59.77,136.25,0,1,222.8,5.6633,0,1,0.54,16.65,94.32,94.43,1,0.8660254037844387,0.49999999999999994,-5.4,1.0,0.5,0.64,9.15,31.13,1384.75,176.56,2,339.0
11/01/2022,1,24.8,0.26,1,59.81,137.68,0,1,223.44,5.5686,0,1,0.54,17.05,94.94,95.13,1,0.8660254037844387,0.49999999999999994,-5.4,1.0,0.5,0.64,9.15,31.58,1386.5,176.17,2,333.7
12/01/2022,1,23.81,0.26,1,60.53,136.57,0,1,226.18,5.5338,0,1,0.54,17.21,95.79,95.27,1,0.8660254037844387,0.49999999999999994,-5.4,1.0,0.5,0.64,9.15,31.63,1399.25,175.07,2,335.05
13/01/2022,1,25.6,0.26,1,60.46,137.0,0,1,223.73,5.5286,0,1,0.54,17.48,95.84,96.5,1,0.8660254037844387,0.49999999999999994,-5.4,1.0,0.5,0.64,9.15,31.75,1377.25,175.25,2,333.7
14/01/2022,1,27.6,0.26,1,60.76,137.97,0,1,223.19,5.5344,0,1,0.54,17.52,96.71,96.77,1,0.8660254037844387,0.49999999999999994,-5.4,1.0,0.5,0.64,9.15,31.62,1369.75,174.6,2,335.5
15/01/2022,1,29.43,0.26,1,60.76,137.97,0,1,223.19,5.5344,0,1,0.54,17.52,96.71,96.77,1,0.8660254037844387,0.49999999999999994,-5.4,1.0,0.5,0.64,9.15,31.62,1369.75,174.6,2,335.5
16/01/2022,1,28.74,0.26,1,60.76,137.97,0,1,223.19,5.5344,0,1,0.54,17.52,96.71,96.77,1,0.8660254037844387,0.49999999999999994,-5.4,1.0,0.5,0.64,9.15,31.62,1369.75,174.6,2,335.5
17/01/2022,1,26.38,0.26,1,60.76,137.97,0,1,223.19,5.5344,0,1,0.54,17.52,96.71,96.77,1,0.8660254037844387,0.49999999999999994,-5.4,1.0,0.5,0.64,9.15,31.62,1369.75,174.6,3,335.5
18/01/2022,1,26.6,0.26,1,60.11,137.68,0,1,223.5,5.5666,0,1,0.54,17.53,99.34,97.39,1,0.8660254037844387,0.49999999999999994,-5.4,1.0,0.5,0.64,9.15,31.33,1371.0,174.06,3,333.95
19/01/2022,1,26.06,0.26,1,61.71,138.55,0,1,229.62,5.4383,0,1,0.54,17.88,100.0,97.7,1,0.8660254037844387,0.49999999999999994,-5.4,1.0,0.5,0.64,9.15,32.17,1400.75,175.78,3,337.2
20/01/2022,1,27.25,0.26,1,62.7,138.32,0,1,231.2,5.4191,0,1,0.54,18.14,99.32,98.13,1,0.8660254037844387,0.49999999999999994,-5.4,1.0,0.5,0.64,9.15,32.54,1434.5,176.07,3,339.25
21/01/2022,1,27.55,0.26,1,63.07,137.93,0,1,225.91,5.4582,0,1,0.54,18.02,99.77,98.33,1,0.8660254037844387,0.49999999999999994,-5.4,1.0,0.5,0.64,9.15,32.5,1423.0,177.33,3,344.2
22/01/2022,1,28.9,0.26,1,63.07,137.93,0,1,225.91,5.4582,0,1,0.54,18.02,99.77,98.33,1,0.8660254037844387,0.49999999999999994,-5.4,1.0,0.5,0.64,9.15,32.5,1423.0,177.33,3,344.2
23/01/2022,1,29.93,0.26,1,63.07,137.93,0,1,225.91,5.4582,0,1,0.54,18.02,99.77,98.33,1,0.8660254037844387,0.49999999999999994,-5.4,1.0,0.5,0.64,9.15,32.5,1423.0,177.33,3,344.2
24/01/2022,1,26.41,0.26,1,61.46,136.32,0,1,224.25,5.4877,0,1,0.54,17.8,101.0,97.93,1,0.8660254037844387,0.49999999999999994,-5.4,1.0,0.5,0.64,9.15,32.24,1411.0,177.4,4,338.2
25/01/2022,1,26.08,0.26,1,63.07,137.1,0,1,221.79,5.4437,0,1,0.54,17.97,100.53,97.76,1,0.8660254037844387,0.49999999999999994,-5.4,1.0,0.5,0.64,9.15,32.53,1416.0,176.97,4,343.1
26/01/2022,1,25.81,0.26,1,63.31,138.05,0,1,220.13,5.4324,0,1,0.54,18.11,99.57,97.9,1,0.8660254037844387,0.49999999999999994,-5.4,1.0,0.5,0.64,9.15,32.78,1447.0,177.26,4,342.3
27/01/2022,1,26.0,0.26,1,63.33,137.82,0,1,223.24,5.4065,0,1,0.54,17.94,100.32,97.37,1,0.8660254037844387,0.49999999999999994,-5.4,1.0,0.5,0.64,9.15,33.02,1454.0,179.22,4,343.7
28/01/2022,1,25.92,0.26,1,62.93,138.7,0,1,225.75,5.3674,0,1,0.54,18.06,99.03,97.4,1,0.8660254037844387,0.49999999999999994,-5.4,1.0,0.5,0.64,9.15,33.44,1475.25,180.32,4,339.4
29/01/2022,1,24.91,0.26,1,62.93,138.7,0,1,225.75,5.3674,0,1,0.54,18.06,99.03,97.4,1,0.8660254037844387,0.49999999999999994,-5.4,1.0,0.5,0.64,9.15,33.44,1475.25,180.32,4,339.4
30/01/2022,1,25.11,0.26,1,62.93,138.7,0,1,225.75,5.3674,0,1,0.54,18.06,99.03,97.4,1,0.8660254037844387,0.49999999999999994,-5.4,1.0,0.5,0.64,9.15,33.44,1475.25,180.32,4,339.4
31/01/2022,1,24.83,0.26,1,64.83,139.57,0,1,229.5,5.3041,0,1,0.54,18.37,98.75,97.42,1,0.8660254037844387,0.49999999999999994,-5.4,1.0,0.5,0.64,9.15,34.13,1495.25,180.99,5,343.8
01/02/2022,1,26.44,0.26,0,63.36,140.3,0,1,232.02,5.2655,0,0,1.01,18.48,98.28,97.4,2,0.5000000000000001,0.8660254037844386,-5.4,1.0,0.0,1.46,9.15,34.98,1534.25,184.33,5,333.9
02/02/2022,1,28.18,0.26,0,63.33,141.12,0,1,239.37,5.262,0,0,1.01,18.38,97.19,97.14,2,0.5000000000000001,0.8660254037844386,-5.4,1.0,0.0,1.46,9.15,35.6,1549.5,188.15,5,334.7
03/02/2022,1,26.58,0.26,0,63.1,141.6,0,1,241.07,5.2839,0,0,1.01,18.29,96.85,96.82,2,0.5000000000000001,0.8660254037844386,-5.4,1.0,0.0,1.46,10.65,35.7,1547.0,188.98,5,334.0
04/02/2022,1,28.0,0.26,0,64.57,142.05,0,1,246.17,5.3279,0,0,1.01,18.24,96.75,97.13,2,0.5000000000000001,0.8660254037844386,-5.4,1.0,0.0,1.46,10.65,35.72,1557.5,190.26,5,343.9
05/02/2022,1,25.96,0.26,0,64.57,142.05,0,1,246.17,5.3279,0,0,1.01,18.24,96.75,97.13,2,0.5000000000000001,0.8660254037844386,-5.4,1.0,0.0,1.46,10.65,35.72,1557.5,190.26,5,343.9
06/02/2022,1,26.16,0.26,0,64.57,142.05,0,1,246.17,5.3279,0,0,1.01,18.24,96.75,97.13,2,0.5000000000000001,0.8660254037844386,-5.4,1.0,0.0,1.46,10.65,35.72,1557.5,190.26,5,343.9
07/02/2022,1,26.69,0.26,0,62.79,141.82,0,1,242.67,5.2636,0,0,1.01,18.44,99.4,96.97,2,0.5000000000000001,0.8660254037844386,-5.4,1.0,0.0,1.46,10.65,36.96,1586.25,194.42,6,330.3
08/02/2022,1,26.66,0.26,0,64.58,141.97,0,1,241.41,5.2593,0,0,1.01,18.49,98.84,97.14,2,0.5000000000000001,0.8660254037844386,-5.4,1.0,0.0,1.46,10.65,36.51,1572.5,191.85,6,339.35
09/02/2022,1,25.82,0.26,0,65.34,142.9,0,1,249.51,5.2354,0,0,1.01,18.57,98.89,96.93,2,0.5000000000000001,0.8660254037844386,-5.4,1.0,0.0,1.46,10.65,36.82,1595.5,192.22,6,341.05
10/02/2022,1,26.01,0.26,0,65.46,142.35,0,1,244.05,5.2496,0,0,1.01,18.58,98.45,97.08,2,0.5000000000000001,0.8660254037844386,-5.4,1.0,0.0,1.46,10.65,37.01,1576.5,193.4,6,342.1
11/02/2022,1,24.88,0.26,0,65.45,141.88,0,1,241.03,5.2527,0,0,1.01,18.57,99.55,97.05,2,0.5000000000000001,0.8660254037844386,-5.4,1.0,0.0,1.46,10.65,36.61,1586.25,191.33,6,342.05
12/02/2022,1,25.8,0.26,0,65.45,141.88,0,1,241.03,5.2527,0,0,1.01,18.57,99.55,97.05,2,0.5000000000000001,0.8660254037844386,-5.4,1.0,0.0,1.46,10.65,36.61,1586.25,191.33,6,342.05
13/02/2022,1,25.24,0.26,0,65.45,141.88,0,1,241.03,5.2527,0,0,1.01,18.57,99.55,97.05,2,0.5000000000000001,0.8660254037844386,-5.4,1.0,0.0,1.46,10.65,36.61,1586.25,191.33,6,342.05
14/02/2022,1,25.58,0.26,0,64.96,142.43,0,1,239.17,5.2149,0,0,1.01,18.4,99.33,95.98,2,0.5000000000000001,0.8660254037844386,-5.4,1.0,0.0,1.46,10.65,36.13,1574.0,188.52,7,338.9
15/02/2022,1,27.47,0.26,0,65.27,142.9,0,1,238.84,5.159,0,0,1.01,18.63,97.09,96.55,2,0.5000000000000001,0.8660254037844386,-5.4,1.0,0.0,1.46,10.65,36.36,1555.75,188.38,7,338.15
16/02/2022,1,27.0,0.26,0,66.43,143.12,0,1,238.92,5.1365,0,0,1.01,18.82,96.91,96.53,2,0.5000000000000001,0.8660254037844386,-5.4,1.0,0.0,1.46,10.65,37.11,1591.25,190.32,7,340.65
17/02/2022,1,26.35,0.26,0,66.92,143.4,0,1,238.85,5.1718,0,0,1.01,18.67,96.83,96.51,2,0.5000000000000001,0.8660254037844386,-5.4,1.0,0.0,1.46,10.65,37.14,1596.0,192.0,7,345.9
18/02/2022,1,27.25,0.26,0,66.35,143.25,0,1,236.62,5.1385,0,0,1.01,18.78,96.8,96.49,2,0.5000000000000001,0.8660254037844386,-5.4,1.0,0.0,1.46,10.65,37.67,1603.5,193.54,7,340.9
19/02/2022,1,23.5,0.26,0,66.35,143.25,0,1,236.62,5.1385,0,0,1.01,18.78,96.8,96.49,2,0.5000000000000001,0.8660254037844386,-5.4,1.0,0.0,1.46,10.65,37.67,1603.5,193.54,7,340.9
20/02/2022,1,25.35,0.26,0,66.35,143.25,0,1,236.62,5.1385,0,0,1.01,18.78,96.8,96.49,2,0.5000000000000001,0.8660254037844386,-5.4,1.0,0.0,1.46,10.65,37.67,1603.5,193.54,7,340.9
21/02/2022,1,26.8,0.26,0,66.35,143.25,0,1,236.62,5.1385,0,0,1.01,18.78,96.8,96.49,2,0.5000000000000001,0.8660254037844386,-5.4,1.0,0.0,1.46,10.65,37.67,1603.5,193.54,8,340.9
22/02/2022,1,26.23,0.26,0,68.79,143.75,0,1,238.37,5.0583,0,0,1.01,19.11,97.98,96.8,2,0.5000000000000001,0.8660254037844386,-5.4,1.0,0.0,1.46,10.65,38.18,1635.0,193.4,8,348.4
23/02/2022,1,24.39,0.26,0,68.75,143.05,0,1,235.56,5.0097,0,0,1.01,19.36,98.13,96.85,2,0.5000000000000001,0.8660254037844386,-5.4,1.0,0.0,1.46,10.65,39.02,1671.0,195.23,8,343.95
24/02/2022,1,25.5,0.26,0,66.58,140.53,0,1,237.26,5.1231,0,0,1.01,18.93,98.71,96.89,2,0.5000000000000001,0.8660254037844386,-5.4,1.0,0.0,1.46,10.65,38.6,1654.0,197.5,8,340.7
25/02/2022,1,28.62,0.26,0,66.68,139.28,0,1,239.41,5.1623,0,0,1.01,18.92,97.4,97.34,2,0.5000000000000001,0.8660254037844386,-5.4,1.0,0.5,1.46,10.65,37.91,1584.5,195.03,8,343.05
26/02/2022,1,29.61,0.26,0,66.68,139.28,0,1,239.41,5.1623,0,0,1.01,18.92,97.4,97.34,2,0.5000000000000001,0.8660254037844386,-5.4,1.0,0.5,1.46,10.65,37.91,1584.5,195.03,8,343.05
27/02/2022,1,28.33,0.26,0,66.68,139.28,0,1,239.41,5.1623,0,0,1.01,18.92,97.4,97.34,2,0.5000000000000001,0.8660254037844386,-5.4,1.0,0.5,1.46,10.65,37.91,1584.5,195.03,8,343.05
28/02/2022,1,29.01,0.26,0,66.68,140.5,0,1,239.41,5.1599,0,0,1.01,18.92,97.4,97.34,2,0.5000000000000001,0.8660254037844386,-5.4,1.0,0.5,1.46,10.65,37.91,1636.75,195.03,9,343.05
01/03/2022,1,26.71,0.26,0,66.68,140.53,0,1,239.41,5.1595,0,0,1.01,18.92,97.4,97.34,3,6.123233995736766e-17,1.0,-5.4,1.0,1.5,-0.0,10.65,37.91,1690.0,195.03,9,343.05
02/03/2022,1,25.38,0.26,0,66.51,140.1,0,1,236.74,5.0995,0,0,1.62,19.02,99.53,97.2,3,6.123233995736766e-17,1.0,-5.4,1.0,0.0,-0.0,10.65,38.98,1663.0,199.19,9,339.85
03/03/2022,1,24.9,0.26,0,68.14,138.35,0,1,240.82,5.032,0,0,1.62,19.45,100.51,97.72,3,6.123233995736766e-17,1.0,-5.4,1.0,0.0,-0.0,10.65,39.78,1667.75,199.85,9,342.35
04/03/2022,1,26.4,0.26,0,67.17,135.78,0,1,243.77,5.062,0,0,1.62,19.32,102.33,98.15,3,6.123233995736766e-17,1.0,-5.4,1.0,0.0,-0.0,10.65,39.35,1660.5,199.88,9,341.15
05/03/2022,1,27.12,0.26,0,67.17,135.78,0,1,243.77,5.062,0,0,1.62,19.32,102.33,98.15,3,6.123233995736766e-17,1.0,-5.4,1.0,0.0,-0.0,10.65,39.35,1660.5,199.88,9,341.15
06/03/2022,1,25.27,0.26,0,67.17,135.78,0,1,243.77,5.062,0,0,1.62,19.32,102.33,98.15,3,6.123233995736766e-17,1.0,-5.4,1.0,0.0,-0.0,10.65,39.35,1660.5,199.88,9,341.15
07/03/2022,1,25.34,0.26,0,68.0,137.9,0,1,235.73,5.1115,0,0,1.62,19.73,101.82,100.19,3,6.123233995736766e-17,1.0,-5.4,1.0,0.0,-0.0,10.65,39.44,1659.5,200.3,10,345.35
08/03/2022,1,25.31,0.26,0,69.29,139.05,0,1,222.73,5.0599,0,0,1.62,20.05,102.0,101.36,3,6.123233995736766e-17,1.0,-5.4,1.0,0.0,-0.0,10.65,40.19,1689.75,203.22,10,350.35
09/03/2022,1,25.37,0.26,0,68.41,137.57,0,1,230.09,5.0123,0,0,1.62,20.21,101.88,101.25,3,6.123233995736766e-17,1.0,-5.4,1.0,0.0,-0.0,10.65,40.32,1671.75,202.02,10,342.8
10/03/2022,1,26.35,0.26,0,68.79,135.9,0,1,227.96,5.011,0,0,1.62,20.21,102.42,101.42,3,6.123233995736766e-17,1.0,-5.4,1.0,0.0,-0.0,10.65,40.37,1686.25,202.56,10,345.2
11/03/2022,1,26.88,0.26,0,68.69,137.3,0,1,225.96,5.0745,0,0,1.62,20.5,102.45,103.57,3,6.123233995736766e-17,1.0,-5.4,1.0,0.0,-0.0,10.65,39.66,1676.0,200.38,10,347.0
12/03/2022,1,25.93,0.26,0,68.69,137.3,0,1,225.96,5.0745,0,0,1.62,20.5,102.45,103.57,3,6.123233995736766e-17,1.0,-5.4,1.0,0.0,-0.0,10.65,39.66,1676.0,200.38,10,347.0
13/03/2022,1,27.35,0.26,0,68.69,137.3,0,1,225.96,5.0745,0,0,1.62,20.5,102.45,103.57,3,6.123233995736766e-17,1.0,-5.4,1.0,0.0,-0.0,10.65,39.66,1676.0,200.38,10,347.0
14/03/2022,1,25.53,0.26,0,67.27,140.32,0,1,229.57,5.1193,0,0,1.62,20.26,103.7,103.9,3,6.123233995736766e-17,1.0,-5.4,1.0,0.0,-0.0,10.65,39.08,1670.5,200.43,11,345.05
15/03/2022,1,27.04,0.26,0,66.18,140.85,0,1,232.0,5.1631,0,0,1.62,20.15,103.78,103.87,3,6.123233995736766e-17,1.0,-5.4,1.0,0.0,-0.0,10.65,38.74,1635.75,199.65,11,341.1
16/03/2022,1,24.98,0.26,0,67.25,139.35,0,1,242.01,5.0757,0,0,1.62,20.32,102.65,103.74,3,6.123233995736766e-17,1.0,-5.4,1.0,0.0,-0.0,10.65,39.1,1626.0,199.62,11,343.3
17/03/2022,1,26.77,0.26,0,69.36,139.47,0,1,246.28,5.039,0,0,1.62,20.56,102.47,103.57,3,6.123233995736766e-17,1.0,-5.4,1.0,0.0,-0.0,11.65,39.66,1647.25,199.8,11,349.45
18/03/2022,1,26.86,0.26,0,69.62,140.5,0,1,249.6,5.0231,0,0,1.62,20.46,101.29,102.59,3,6.123233995736766e-17,1.0,-5.4,1.0,0.0,-0.0,11.65,39.37,1645.75,197.41,11,349.05
19/03/2022,1,27.83,0.26,0,69.62,140.5,0,1,249.6,5.0231,0,0,1.62,20.46,101.29,102.59,3,6.123233995736766e-17,1.0,-5.4,1.0,0.0,-0.0,11.65,39.37,1645.75,197.41,11,349.05
20/03/2022,1,27.59,0.26,0,69.62,140.5,0,1,249.6,5.0231,0,0,1.62,20.46,101.29,102.59,3,6.123233995736766e-17,1.0,-5.4,1.0,0.0,-0.0,11.65,39.37,1645.75,197.41,11,349.05
21/03/2022,1,25.55,0.26,0,69.87,140.05,0,1,250.76,4.9354,0,0,1.62,20.72,101.32,102.63,3,6.123233995736766e-17,1.0,-5.4,1.0,0.0,-0.0,11.65,39.87,1672.25,197.44,12,346.0
22/03/2022,1,26.18,0.26,0,70.97,139.43,0,1,247.99,4.9094,0,0,1.62,20.59,99.43,101.29,3,6.123233995736766e-17,1.0,-5.4,1.0,0.0,-0.0,11.65,40.07,1678.75,197.11,12,349.1
23/03/2022,1,27.35,0.26,0,71.37,139.43,0,1,246.79,4.8258,0,0,1.62,20.65,98.43,99.93,3,6.123233995736766e-17,1.0,-5.4,1.0,0.0,-0.0,11.65,40.21,1698.5,194.55,12,345.3
24/03/2022,1,26.77,0.26,0,72.93,139.68,0,1,244.93,4.8253,0,0,1.62,20.55,97.3,99.2,3,6.123233995736766e-17,1.0,-5.4,1.0,0.0,-0.0,11.65,39.85,1682.25,192.38,12,352.05
25/03/2022,1,25.95,0.26,0,73.04,140.47,0,1,247.72,4.742,0,0,1.62,20.41,93.35,96.98,3,6.123233995736766e-17,1.0,-5.4,1.0,0.0,-0.0,11.65,39.89,1688.5,189.54,12,347.0
26/03/2022,1,27.99,0.26,0,73.04,140.47,0,1,247.72,4.742,0,0,1.62,20.41,93.35,96.98,3,6.123233995736766e-17,1.0,-5.4,1.0,0.0,-0.0,11.65,39.89,1688.5,189.54,12,347.0
27/03/2022,1,27.3,0.26,0,73.04,140.47,0,1,247.72,4.742,0,0,1.62,20.41,93.35,96.98,3,6.123233995736766e-17,1.0,-5.4,1.0,0.0,-0.0,11.65,39.89,1688.5,189.54,12,347.0
28/03/2022,1,28.26,0.26,0,73.36,140.3,0,1,232.41,4.7675,0,0,1.62,20.16,89.89,96.16,3,6.123233995736766e-17,1.0,-5.4,1.0,0.0,-0.0,11.65,39.11,1646.75,186.57,13,349.95
29/03/2022,1,24.38,0.26,0,71.75,140.9,0,1,228.9,4.7561,0,0,1.62,19.49,86.41,92.77,3,6.123233995736766e-17,1.0,-5.4,1.0,0.0,-0.0,11.65,38.01,1623.75,180.98,13,341.6
30/03/2022,1,26.0,0.26,0,72.64,140.18,0,1,229.77,4.7685,0,0,1.62,19.38,88.61,92.7,3,6.123233995736766e-17,1.0,-5.4,1.0,0.0,-0.0,11.65,38.35,1642.5,183.4,13,347.35
31/03/2022,1,28.0,0.26,0,67.9,139.38,0,1,226.02,4.739,0,0,1.62,19.55,91.31,93.09,3,6.123233995736766e-17,1.0,-5.4,1.0,0.0,-0.0,11.65,38.3,1598.0,182.32,13,323.25
01/04/2022,1,27.52,0.26,0,73.16,138.65,0,0,227.88,4.6575,0,0,1.06,19.71,89.17,92.04,4,-0.4999999999999998,0.8660254037844387,-2.6,1.3,0.0,0.79,11.65,38.33,1566.75,178.94,13,341.6
02/04/2022,1,26.95,0.26,0,73.16,138.65,0,0,227.88,4.6575,0,0,1.06,19.71,89.17,92.04,4,-0.4999999999999998,0.8660254037844387,-2.6,1.3,0.0,0.79,11.65,38.33,1566.75,178.94,13,341.6
03/04/2022,1,27.96,0.26,0,73.16,138.65,0,0,227.88,4.6575,0,0,1.06,19.71,89.17,92.04,4,-0.4999999999999998,0.8660254037844387,-2.6,1.3,0.0,0.79,11.65,38.33,1566.75,178.94,13,341.6
04/04/2022,1,27.6,0.26,0,72.72,138.0,0,0,222.91,4.5928,0,0,1.06,19.85,87.35,91.55,4,-0.4999999999999998,0.8660254037844387,-2.6,1.3,0.0,0.79,11.65,37.13,1589.0,171.22,14,335.4
05/04/2022,1,28.52,0.26,0,71.59,136.8,0,0,225.64,4.6506,0,0,1.06,19.37,88.37,90.19,4,-0.4999999999999998,0.8660254037844387,-2.6,1.3,0.0,0.79,11.65,37.08,1614.0,172.69,14,333.4
06/04/2022,1,28.97,0.26,0,71.33,137.7,0,0,231.33,4.7161,0,0,1.06,18.95,88.01,89.46,4,-0.4999999999999998,0.8660254037844387,-2.6,1.3,0.0,0.79,11.65,37.06,1603.5,174.91,14,336.7
07/04/2022,1,27.48,0.26,0,69.0,138.0,0,0,232.14,4.7524,0,0,1.06,18.77,86.53,89.06,4,-0.4999999999999998,0.8660254037844387,-2.6,1.3,0.0,0.79,11.65,37.48,1627.0,177.84,14,327.4
08/04/2022,1,27.59,0.26,0,73.53,137.82,0,0,230.43,4.697,0,0,1.06,18.92,87.2,89.02,4,-0.4999999999999998,0.8660254037844387,-2.6,1.3,0.0,0.79,11.65,38.45,1668.0,180.9,14,345.95
09/04/2022,1,29.44,0.26,0,73.53,137.82,0,0,230.43,4.697,0,0,1.06,18.92,87.2,89.02,4,-0.4999999999999998,0.8660254037844387,-2.6,1.3,0.0,0.79,11.65,38.45,1668.0,180.9,14,345.95
10/04/2022,1,28.95,0.26,0,73.53,137.82,0,0,230.43,4.697,0,0,1.06,18.92,87.2,89.02,4,-0.4999999999999998,0.8660254037844387,-2.6,1.3,0.0,0.79,11.65,38.45,1668.0,180.9,14,345.95
11/04/2022,1,28.85,0.26,0,72.3,138.53,0,0,227.9,4.6944,0,0,1.06,18.98,86.87,88.9,4,-0.4999999999999998,0.8660254037844387,-2.6,1.3,0.0,0.79,11.65,38.33,1640.75,179.49,15,338.6
12/04/2022,1,29.2,0.26,0,72.06,139.95,0,0,224.28,4.6735,0,0,1.06,18.85,88.03,88.17,4,-0.4999999999999998,0.8660254037844387,-2.6,1.3,0.0,0.79,11.65,38.17,1660.5,178.57,15,337.1
13/04/2022,1,27.8,0.26,0,71.77,140.62,0,0,227.45,4.6899,0,0,1.06,18.69,88.06,87.56,4,-0.4999999999999998,0.8660254037844387,-2.6,1.3,0.0,0.79,11.65,38.2,1665.0,178.99,15,336.3
14/04/2022,1,26.3,0.26,0,72.23,140.68,0,0,225.83,4.7013,0,0,1.06,18.61,88.51,87.3,4,-0.4999999999999998,0.8660254037844387,-2.6,1.3,0.0,0.79,11.65,38.47,1665.25,180.5,15,338.9
15/04/2022,1,25.92,0.26,0,72.23,140.68,0,0,225.83,4.7013,0,0,1.06,18.61,88.51,87.3,4,-0.4999999999999998,0.8660254037844387,-2.6,1.3,0.5,0.79,11.65,38.47,1665.25,180.5,15,338.9
16/04/2022,1,26.9,0.26,0,72.23,140.68,0,0,225.83,4.7013,0,0,1.06,18.61,88.51,87.3,4,-0.4999999999999998,0.8660254037844387,-2.6,1.3,0.5,0.79,11.65,38.47,1665.25,180.5,15,338.9
17/04/2022,1,27.05,0.26,0,72.23,140.68,0,0,225.83,4.7013,0,0,1.06,18.61,88.51,87.3,4,-0.4999999999999998,0.8660254037844387,-2.6,1.3,1.5,0.79,11.65,38.47,1665.25,180.5,15,338.9
18/04/2022,1,27.14,0.26,0,70.59,140.47,0,0,224.48,4.6527,0,0,1.06,18.81,89.86,87.63,4,-0.4999999999999998,0.8660254037844387,-2.6,1.3,0.0,0.79,11.65,39.08,1693.25,182.04,16,328.8
19/04/2022,1,27.21,0.26,0,72.81,141.35,0,0,222.45,4.6675,0,0,1.06,18.84,90.77,88.03,4,-0.4999999999999998,0.8660254037844387,-2.6,1.3,0.0,0.79,11.65,39.02,1691.75,182.35,16,340.25
20/04/2022,1,27.21,0.26,0,71.65,143.07,0,0,224.44,4.6219,0,0,1.06,19.0,91.91,87.87,4,-0.4999999999999998,0.8660254037844387,-2.6,1.3,0.0,0.79,11.65,39.51,1717.0,182.71,16,331.4
21/04/2022,1,27.61,0.26,0,71.65,144.1,0,0,224.44,4.622,0,0,1.06,19.0,91.91,87.87,4,-0.4999999999999998,0.8660254037844387,-2.6,1.3,0.0,0.79,11.65,39.51,1719.5,182.71,16,331.4
22/04/2022,1,26.63,0.26,0,68.32,142.45,0,0,211.83,4.7937,0,0,1.06,18.33,92.38,87.93,4,-0.4999999999999998,0.8660254037844387,-2.6,1.3,0.0,0.79,11.65,38.9,1688.0,186.62,16,327.75
23/04/2022,1,27.2,0.26,0,68.32,142.45,0,0,211.83,4.7937,0,0,1.06,18.33,92.38,87.93,4,-0.4999999999999998,0.8660254037844387,-2.6,1.3,0.0,0.79,11.65,38.9,1688.0,186.62,16,327.75
24/04/2022,1,27.65,0.26,0,68.32,142.45,0,0,211.83,4.7937,0,0,1.06,18.33,92.38,87.93,4,-0.4999999999999998,0.8660254037844387,-2.6,1.3,0.0,0.79,11.65,38.9,1688.0,186.62,16,327.75
25/04/2022,1,27.8,0.26,0,67.49,139.1,0,0,210.53,4.8766,0,0,1.06,18.2,93.69,88.71,4,-0.4999999999999998,0.8660254037844387,-2.6,1.3,0.0,0.79,11.65,38.55,1675.25,187.87,17,328.9
26/04/2022,1,27.41,0.26,0,66.93,140.0,0,0,202.66,4.9989,0,0,1.06,17.74,95.12,88.51,4,-0.4999999999999998,0.8660254037844387,-2.6,1.3,0.0,0.79,11.65,38.26,1671.75,190.93,17,334.0
27/04/2022,1,26.68,0.26,0,67.61,138.5,0,0,214.69,4.9651,0,0,1.06,17.77,93.4,88.21,4,-0.4999999999999998,0.8660254037844387,-2.6,1.3,0.0,0.79,11.65,38.59,1692.75,191.55,17,335.6
28/04/2022,1,27.19,0.26,0,67.5,138.5,0,0,214.49,4.9425,0,0,1.06,17.9,91.6,88.38,4,-0.4999999999999998,0.8660254037844387,-2.6,1.3,0.0,0.79,11.65,38.97,1684.75,192.44,17,333.3
29/04/2022,1,27.9,0.26,0,67.67,141.9,0,0,208.42,4.9721,0,0,1.06,17.83,92.26,88.25,4,-0.4999999999999998,0.8660254037844387,-2.6,1.3,0.0,0.79,11.65,38.63,1684.75,191.16,17,334.85
30/04/2022,1,27.25,0.26,0,67.67,141.9,0,0,208.42,4.9721,0,0,1.06,17.83,92.26,88.25,4,-0.4999999999999998,0.8660254037844387,-2.6,1.3,0.0,0.79,11.65,38.63,1684.75,191.16,17,334.85
01/05/2022,1,26.6,0.26,1,67.67,141.9,0,0,208.42,4.9721,0,0,1.06,17.83,92.26,88.25,5,-0.8660254037844387,0.49999999999999994,-2.6,1.3,0.0,-2.82,11.65,38.63,1684.75,191.16,17,334.85
02/05/2022,1,27.05,0.26,1,64.91,135.2,0,0,205.99,5.0848,0,0,0.47,17.34,91.87,87.87,5,-0.8660254037844387,0.49999999999999994,-2.6,1.3,0.0,-2.82,11.65,37.6,1645.25,190.51,18,328.9
03/05/2022,1,28.24,0.26,1,68.34,135.32,0,0,208.25,4.9584,0,0,0.47,17.64,90.07,87.6,5,-0.8660254037844387,0.49999999999999994,-2.6,1.3,0.0,-2.82,11.65,37.98,1630.5,188.59,18,339.3
04/05/2022,1,27.68,0.26,1,67.59,134.82,0,0,209.68,4.9198,0,0,0.47,17.83,89.4,87.55,5,-0.8660254037844387,0.49999999999999994,-2.6,1.3,0.0,-2.82,11.65,38.04,1640.5,186.82,18,331.95
05/05/2022,1,27.97,0.26,1,66.27,133.78,0,0,202.66,5.028,0,0,0.47,17.38,88.88,87.41,5,-0.8660254037844387,0.49999999999999994,-2.6,1.3,0.0,-2.82,12.65,37.47,1647.0,188.42,18,333.25
06/05/2022,1,28.26,0.26,1,66.27,132.75,0,0,199.9,5.0774,0,0,0.47,17.08,87.86,86.63,5,-0.8660254037844387,0.49999999999999994,-2.6,1.3,0.5,-2.82,12.65,37.34,1622.0,189.44,18,333.25
07/05/2022,1,26.69,0.26,1,66.27,132.75,0,0,199.9,5.0774,0,0,0.47,17.08,87.86,86.63,5,-0.8660254037844387,0.49999999999999994,-2.6,1.3,0.5,-2.82,12.65,37.34,1622.0,189.44,18,333.25
08/05/2022,1,27.33,0.26,1,66.27,132.75,0,0,199.9,5.0774,0,0,0.47,17.08,87.86,86.63,5,-0.8660254037844387,0.49999999999999994,-2.6,1.3,1.5,-2.82,12.65,37.34,1622.0,189.44,18,333.25
09/05/2022,1,27.55,0.26,1,64.26,133.55,0,0,191.57,5.1617,0,0,0.47,16.71,86.79,86.15,5,-0.8660254037844387,0.49999999999999994,-2.6,1.3,0.0,-2.82,12.65,36.36,1585.25,187.45,19,331.3
10/05/2022,1,27.11,0.26,1,64.49,132.4,0,0,190.3,5.1313,0,0,0.47,16.75,86.8,85.83,5,-0.8660254037844387,0.49999999999999994,-2.6,1.3,0.0,-2.82,12.65,36.54,1592.25,187.27,19,330.5
11/05/2022,1,27.05,0.26,1,60.56,133.57,0,0,188.74,5.1373,0,0,0.47,16.75,86.31,86.08,5,-0.8660254037844387,0.49999999999999994,-2.6,1.3,0.0,-2.82,12.65,36.62,1606.75,188.14,19,311.15
12/05/2022,1,26.63,0.26,1,63.23,131.65,0,0,186.25,5.1339,0,0,0.47,16.79,86.98,86.4,5,-0.8660254037844387,0.49999999999999994,-2.6,1.3,0.0,-2.82,12.65,37.06,1613.75,190.72,19,325.4
13/05/2022,1,26.54,0.26,1,64.79,132.07,0,0,190.14,5.0602,0,0,0.47,17.12,86.75,86.54,5,-0.8660254037844387,0.49999999999999994,-2.6,1.3,0.0,-2.82,12.65,37.89,1646.5,191.49,19,327.45
14/05/2022,1,26.95,0.26,1,64.79,132.07,0,0,190.14,5.0602,0,0,0.47,17.12,86.75,86.54,5,-0.8660254037844387,0.49999999999999994,-2.6,1.3,0.0,-2.82,12.65,37.89,1646.5,191.49,19,327.45
15/05/2022,1,27.01,0.26,1,64.79,132.07,0,0,190.14,5.0602,0,0,0.47,17.12,86.75,86.54,5,-0.8660254037844387,0.49999999999999994,-2.6,1.3,0.0,-2.82,12.65,37.89,1646.5,191.49,19,327.45
16/05/2022,1,27.59,0.26,1,66.36,133.18,0,0,186.41,5.0599,0,0,0.47,17.44,86.97,87.97,5,-0.8660254037844387,0.49999999999999994,-2.6,1.3,0.0,-2.82,12.65,38.08,1607.25,192.13,20,334.8
17/05/2022,1,26.66,0.26,1,65.44,133.0,0,0,186.27,4.9387,0,0,0.47,18.03,95.08,89.09,5,-0.8660254037844387,0.49999999999999994,-2.6,1.3,0.0,-2.82,12.65,38.74,1624.25,191.47,20,323.4
18/05/2022,1,21.79,0.26,1,61.61,131.5,0,0,179.1,4.9682,0,0,0.47,17.9,93.5,89.28,5,-0.8660254037844387,0.49999999999999994,-2.6,1.3,0.0,-2.82,12.65,38.13,1607.0,190.16,20,307.25
19/05/2022,1,18.83,0.26,1,63.39,131.5,0,0,180.69,4.9309,0,0,0.47,18.16,93.06,89.23,5,-0.8660254037844387,0.49999999999999994,-2.6,1.3,0.0,-2.82,12.65,38.75,1630.5,190.41,20,311.5
20/05/2022,1,19.26,0.26,1,66.64,131.57,0,0,182.55,4.8788,0,0,0.47,18.17,92.08,88.48,5,-0.8660254037844387,0.49999999999999994,-2.6,1.3,0.0,-2.82,12.65,39.24,1641.75,191.07,20,324.45
21/05/2022,1,20.88,0.26,1,66.64,131.57,0,0,182.55,4.8788,0,0,0.47,18.17,92.08,88.48,5,-0.8660254037844387,0.49999999999999994,-2.6,1.3,0.0,-2.82,12.65,39.24,1641.75,191.07,20,324.45
22/05/2022,1,21.82,0.26,1,66.64,131.57,0,0,182.55,4.8788,0,0,0.47,18.17,92.08,88.48,5,-0.8660254037844387,0.49999999999999994,-2.6,1.3,0.0,-2.82,12.65,39.24,1641.75,191.07,20,324.45
23/05/2022,1,23.39,0.26,1,63.41,132.78,0,0,182.06,4.813,0,0,0.47,18.29,90.84,88.03,5,-0.8660254037844387,0.49999999999999994,-2.6,1.3,0.0,-2.82,12.65,38.94,1628.75,187.44,21,305.2
24/05/2022,1,25.5,0.26,1,65.16,132.72,0,0,182.13,4.8191,0,0,0.47,18.13,92.1,87.43,5,-0.8660254037844387,0.49999999999999994,-2.6,1.3,0.0,-2.82,12.65,38.69,1632.25,186.51,21,314.15
25/05/2022,1,25.2,0.26,1,66.14,132.3,0,0,185.7,4.8275,0,0,0.47,18.15,91.31,87.33,5,-0.8660254037844387,0.49999999999999994,-2.6,1.3,0.0,-2.82,12.65,39.06,1620.5,187.93,21,318.2
26/05/2022,1,24.83,0.26,1,67.02,132.4,0,0,187.11,4.7677,0,0,0.47,18.27,90.56,86.99,5,-0.8660254037844387,0.49999999999999994,-2.6,1.3,0.0,-2.82,12.65,39.49,1659.5,188.01,21,319.1
27/05/2022,1,25.65,0.26,1,66.65,132.18,0,0,189.98,4.7295,0,0,0.47,18.34,90.74,86.9,5,-0.8660254037844387,0.49999999999999994,-2.6,1.3,0.0,-2.82,12.65,39.85,1663.0,188.81,21,315.8
28/05/2022,1,25.87,0.26,1,66.65,132.18,0,0,189.98,4.7295,0,0,0.47,18.34,90.74,86.9,5,-0.8660254037844387,0.49999999999999994,-2.6,1.3,0.0,-2.82,12.65,39.85,1663.0,188.81,21,315.8
29/05/2022,1,25.34,0.26,1,66.65,132.18,0,0,189.98,4.7295,0,0,0.47,18.34,90.74,86.9,5,-0.8660254037844387,0.49999999999999994,-2.6,1.3,0.0,-2.82,12.65,39.85,1663.0,188.81,21,315.8
30/05/2022,1,24.8,0.26,1,66.65,132.18,0,0,189.98,4.7295,0,0,0.47,18.34,90.74,86.9,5,-0.8660254037844387,0.49999999999999994,-2.6,1.3,0.0,-2.82,12.65,39.85,1663.0,188.81,22,315.8
31/05/2022,1,25.49,0.26,1,67.65,130.53,0,0,188.93,4.7315,0,0,0.47,18.15,88.42,86.25,5,-0.8660254037844387,0.49999999999999994,-2.6,1.3,0.0,-2.82,12.65,39.04,1620.25,185.47,22,321.4
01/06/2022,1,26.41,0.26,1,65.56,132.8,0,0,189.45,4.8151,0,0,0.67,17.88,87.13,85.8,6,-1.0,1.2246467991473532e-16,-2.6,1.3,0.5,-3.91,12.65,38.45,1625.0,184.5,22,314.6
02/06/2022,1,26.9,0.26,1,64.38,133.62,0,0,194.49,4.7962,0,0,0.67,17.84,86.56,85.52,6,-1.0,1.2246467991473532e-16,-2.6,1.3,0.5,-3.91,12.65,38.95,1658.75,186.7,22,308.65
03/06/2022,1,27.07,0.26,1,65.32,133.6,0,0,190.05,4.7734,0,0,0.67,17.78,86.34,85.07,6,-1.0,1.2246467991473532e-16,-2.6,1.3,0.5,-3.91,12.65,39.08,1633.75,186.96,22,312.5
04/06/2022,1,26.02,0.26,1,65.32,133.6,0,0,190.05,4.7734,0,0,0.67,17.78,86.34,85.07,6,-1.0,1.2246467991473532e-16,-2.6,1.3,0.5,-3.91,12.65,39.08,1633.75,186.96,22,312.5
05/06/2022,1,25.62,0.26,1,65.32,133.6,0,0,190.05,4.7734,0,0,0.67,17.78,86.34,85.07,6,-1.0,1.2246467991473532e-16,-2.6,1.3,0.5,-3.91,12.65,39.08,1633.75,186.96,22,312.5
06/06/2022,1,25.15,0.26,1,64.86,132.82,0,0,189.44,4.7945,0,0,0.67,17.66,87.11,84.8,6,-1.0,1.2246467991473532e-16,-2.6,1.3,0.5,-3.91,12.65,38.76,1635.75,186.07,23,311.4
07/06/2022,1,25.01,0.26,1,64.7,133.72,0,0,192.67,4.8696,0,0,0.67,17.56,88.41,85.56,6,-1.0,1.2246467991473532e-16,-2.6,1.3,0.5,-3.91,12.65,38.89,1653.75,189.45,23,315.15
08/06/2022,1,24.97,0.26,1,64.77,136.82,0,0,189.64,4.8988,0,0,0.67,17.59,88.42,85.86,6,-1.0,1.2246467991473532e-16,-2.6,1.3,0.5,-3.91,12.65,39.3,1662.75,191.82,23,316.15
09/06/2022,1,24.77,0.26,1,63.55,137.05,0,0,188.08,4.9063,0,0,0.67,17.48,89.6,85.85,6,-1.0,1.2246467991473532e-16,-2.6,1.3,0.5,-3.91,12.65,39.34,1679.75,193.18,23,312.1
10/06/2022,1,25.08,0.26,1,63.12,136.2,0,0,189.95,4.9865,0,0,0.67,17.15,89.31,85.42,6,-1.0,1.2246467991473532e-16,-2.6,1.3,0.5,-3.91,12.65,39.13,1662.0,194.93,23,314.4
11/06/2022,1,25.13,0.26,1,63.12,136.2,0,0,189.95,4.9865,0,0,0.67,17.15,89.31,85.42,6,-1.0,1.2246467991473532e-16,-2.6,1.3,0.5,-3.91,12.65,39.13,1662.0,194.93,23,314.4
12/06/2022,1,25.06,0.26,1,63.12,136.2,0,0,189.95,4.9865,0,0,0.67,17.15,89.31,85.42,6,-1.0,1.2246467991473532e-16,-2.6,1.3,0.5,-3.91,12.65,39.13,1662.0,194.93,23,314.4
13/06/2022,1,25.15,0.26,1,60.72,134.0,0,0,192.89,5.1154,0,0,0.67,16.67,89.03,85.41,6,-1.0,1.2246467991473532e-16,-2.6,1.3,1.5,-3.91,12.65,37.93,1627.75,194.3,24,311.05
14/06/2022,1,25.75,0.26,1,62.21,135.2,0,0,186.35,5.1168,0,0,0.67,16.81,88.93,86.42,6,-1.0,1.2246467991473532e-16,-2.6,1.3,0.5,-3.91,12.65,37.85,1616.5,194.56,24,319.75
15/06/2022,1,26.58,0.26,1,63.22,137.55,0,0,190.88,5.0536,0,0,0.67,17.16,90.02,86.25,6,-1.0,1.2246467991473532e-16,-2.6,1.3,0.5,-3.91,12.65,38.61,1613.75,194.0,24,317.7
16/06/2022,1,26.2,0.26,1,63.22,137.75,0,0,190.88,5.0535,0,0,0.67,17.16,90.02,86.25,6,-1.0,1.2246467991473532e-16,-2.6,1.3,0.5,-3.91,12.65,38.61,1630.75,194.0,24,317.7
17/06/2022,1,25.62,0.26,1,62.35,138.03,0,0,190.55,5.1518,0,0,0.67,16.79,91.25,86.32,6,-1.0,1.2246467991473532e-16,-2.6,1.3,0.5,-3.91,13.15,37.67,1622.25,193.65,24,320.5
18/06/2022,1,25.15,0.26,1,62.35,138.03,0,0,190.55,5.1518,0,0,0.67,16.79,91.25,86.32,6,-1.0,1.2246467991473532e-16,-2.6,1.3,0.5,-3.91,13.15,37.67,1622.25,193.65,24,320.5
19/06/2022,1,25.88,0.26,1,62.35,138.03,0,0,190.55,5.1518,0,0,0.67,16.79,91.25,86.32,6,-1.0,1.2246467991473532e-16,-2.6,1.3,0.5,-3.91,13.15,37.67,1622.25,193.65,24,320.5
20/06/2022,1,24.82,0.26,1,62.35,138.03,0,0,190.55,5.1518,0,0,0.67,16.79,91.25,86.32,6,-1.0,1.2246467991473532e-16,-2.6,1.3,0.5,-3.91,13.15,37.67,1622.25,193.65,25,320.5
21/06/2022,1,25.2,0.26,1,62.4,137.82,0,0,198.12,5.1257,0,0,0.67,16.92,89.03,87.15,6,-1.0,1.2246467991473532e-16,-2.6,1.3,0.5,-3.91,13.15,37.2,1598.5,191.62,25,321.4
22/06/2022,1,24.84,0.26,1,62.19,136.12,0,0,198.09,5.194,0,0,0.67,16.84,87.64,87.04,6,-1.0,1.2246467991473532e-16,-2.6,1.3,0.5,-3.91,13.15,36.55,1564.0,188.96,25,321.5
23/06/2022,1,25.44,0.26,1,61.53,135.25,0,0,198.09,5.2406,0,0,0.67,16.43,86.7,85.92,6,-1.0,1.2246467991473532e-16,-2.6,1.3,0.5,-3.91,13.15,35.47,1507.25,185.46,25,321.75
24/06/2022,1,25.42,0.26,1,61.41,135.35,0,0,199.55,5.2417,0,0,0.67,16.29,87.46,85.65,6,-1.0,1.2246467991473532e-16,-2.6,1.3,1.5,-3.91,13.15,35.01,1520.75,184.07,25,322.9
25/06/2022,1,26.13,0.26,1,61.41,135.35,0,0,199.55,5.2417,0,0,0.67,16.29,87.46,85.65,6,-1.0,1.2246467991473532e-16,-2.6,1.3,0.5,-3.91,13.15,35.01,1520.75,184.07,25,322.9
26/06/2022,1,25.01,0.26,1,61.41,135.35,0,0,199.55,5.2417,0,0,0.67,16.29,87.46,85.65,6,-1.0,1.2246467991473532e-16,-2.6,1.3,0.5,-3.91,13.15,35.01,1520.75,184.07,25,322.9
27/06/2022,1,24.6,0.26,1,62.4,136.25,0,0,199.02,5.2366,0,0,0.67,16.21,85.89,84.75,6,-1.0,1.2246467991473532e-16,-2.6,1.3,0.5,-3.91,13.15,35.37,1529.5,184.94,26,326.25
28/06/2022,1,24.09,0.26,1,61.91,136.3,0,0,195.86,5.2675,0,0,0.67,15.93,86.2,83.9,6,-1.0,1.2246467991473532e-16,-2.6,1.3,0.5,-3.91,13.15,35.69,1556.5,187.94,26,326.0
29/06/2022,1,24.62,0.26,1,61.52,136.8,0,0,195.89,5.1818,0,0,0.67,16.33,84.62,84.85,6,-1.0,1.2246467991473532e-16,-2.6,1.3,1.5,-3.91,13.15,36.41,1571.5,189.21,26,319.65
30/06/2022,1,24.27,0.26,1,61.23,138.0,0,0,194.51,5.2562,0,0,0.67,15.97,84.64,83.55,6,-1.0,1.2246467991473532e-16,-2.6,1.3,0.5,-3.91,13.15,36.28,1560.5,189.76,26,320.25
01/07/2022,1,25.1,0.26,1,59.14,134.6,1,0,194.11,5.331,0,0,-0.68,15.63,84.33,83.16,7,-0.8660254037844388,-0.4999999999999997,3.5,0.5,0.5,-2.78,13.15,35.47,1509.75,188.75,26,314.75
02/07/2022,1,25.66,0.26,1,59.14,134.6,1,0,194.11,5.331,0,0,-0.68,15.63,84.33,83.16,7,-0.8660254037844388,-0.4999999999999997,3.5,0.5,0.5,-2.78,13.15,35.47,1509.75,188.75,26,314.75
03/07/2022,1,26.42,0.26,1,59.14,134.6,1,0,194.11,5.331,0,0,-0.68,15.63,84.33,83.16,7,-0.8660254037844388,-0.4999999999999997,3.5,0.5,0.5,-2.78,13.15,35.47,1509.75,188.75,26,314.75
04/07/2022,1,24.35,0.26,1,59.14,134.6,1,0,194.11,5.331,0,0,-0.68,15.63,84.33,83.16,7,-0.8660254037844388,-0.4999999999999997,3.5,0.5,0.5,-2.78,13.15,35.47,1509.75,188.75,27,314.75
05/07/2022,1,23.56,0.26,1,60.01,132.93,1,0,194.19,5.3861,0,0,-0.68,15.32,82.1,82.6,7,-0.8660254037844388,-0.4999999999999997,3.5,0.5,0.5,-2.78,13.15,33.89,1439.25,182.73,27,323.55
06/07/2022,1,24.81,0.26,1,58.36,134.5,1,0,193.81,5.4287,0,0,-0.68,15.18,82.11,82.19,7,-0.8660254037844388,-0.4999999999999997,3.5,0.5,0.5,-2.78,13.15,33.68,1446.5,182.37,27,316.0
07/07/2022,1,25.07,0.26,1,60.78,134.55,1,0,198.39,5.3391,0,0,-0.68,15.28,82.82,81.68,7,-0.8660254037844388,-0.4999999999999997,3.5,0.5,0.5,-2.78,13.15,34.52,1485.25,184.45,27,324.8
08/07/2022,1,25.67,0.26,1,61.72,133.95,1,0,198.5,5.2536,0,0,-0.68,15.48,82.7,81.5,7,-0.8660254037844388,-0.4999999999999997,3.5,0.5,0.5,-2.78,13.15,35.18,1513.25,185.25,27,324.95
09/07/2022,1,26.15,0.26,1,61.72,133.95,1,0,198.5,5.2536,0,0,-0.68,15.48,82.7,81.5,7,-0.8660254037844388,-0.4999999999999997,3.5,0.5,0.5,-2.78,13.15,35.18,1513.25,185.25,27,324.95
10/07/2022,1,25.06,0.26,1,61.72,133.95,1,0,198.5,5.2536,0,0,-0.68,15.48,82.7,81.5,7,-0.8660254037844388,-0.4999999999999997,3.5,0.5,0.5,-2.78,13.15,35.18,1513.25,185.25,27,324.95
11/07/2022,1,24.28,0.26,1,62.22,136.15,1,0,197.97,5.3782,0,0,-0.68,15.34,82.94,82.36,7,-0.8660254037844388,-0.4999999999999997,3.5,0.5,0.5,-2.78,13.15,34.99,1522.0,187.8,28,334.0
12/07/2022,1,25.0,0.26,1,59.71,136.68,1,0,193.06,5.4368,0,0,-0.68,15.29,82.63,83.12,7,-0.8660254037844388,-0.4999999999999997,3.5,0.5,0.5,-2.78,13.15,34.37,1468.25,186.89,28,324.7
13/07/2022,1,24.95,0.26,1,61.11,136.88,1,0,193.42,5.3917,0,0,-0.68,15.3,82.78,82.73,7,-0.8660254037844388,-0.4999999999999997,3.5,0.5,0.5,-2.78,13.15,34.16,1484.75,184.65,28,330.35
14/07/2022,1,25.25,0.26,1,59.74,135.4,1,0,189.6,5.4233,0,0,-0.68,15.2,82.54,82.58,7,-0.8660254037844388,-0.4999999999999997,3.5,0.5,0.5,-2.78,13.15,34.16,1471.75,185.61,28,324.65
15/07/2022,1,26.62,0.26,1,60.28,134.93,1,0,191.89,5.4082,0,0,-0.68,15.25,82.59,82.46,7,-0.8660254037844388,-0.4999999999999997,3.5,0.5,0.5,-2.78,13.15,33.95,1359.5,183.56,28,325.95
16/07/2022,1,26.87,0.26,1,60.28,134.93,1,0,191.89,5.4082,0,0,-0.68,15.25,82.59,82.46,7,-0.8660254037844388,-0.4999999999999997,3.5,0.5,0.5,-2.78,13.15,33.95,1359.5,183.56,28,325.95
17/07/2022,1,25.82,0.26,1,60.28,134.93,1,0,191.89,5.4082,0,0,-0.68,15.25,82.59,82.46,7,-0.8660254037844388,-0.4999999999999997,3.5,0.5,0.5,-2.78,13.15,33.95,1359.5,183.56,28,325.95
18/07/2022,1,25.09,0.26,1,60.31,135.62,1,0,190.46,5.4375,0,0,-0.68,15.19,87.99,82.36,7,-0.8660254037844388,-0.4999999999999997,3.5,0.5,0.5,-2.78,13.15,34.11,1396.75,185.0,29,327.05
19/07/2022,1,24.78,0.26,1,59.3,135.72,1,0,193.68,5.4135,0,0,-0.68,15.07,85.32,81.67,7,-0.8660254037844388,-0.4999999999999997,3.5,0.5,0.5,-2.78,13.15,33.85,1375.5,183.45,29,321.4
20/07/2022,1,26.41,0.26,1,59.27,135.75,1,0,193.99,5.4714,0,0,-0.68,14.91,85.12,81.41,7,-0.8660254037844388,-0.4999999999999997,3.5,0.5,0.5,-2.78,13.15,33.55,1350.5,183.2,29,323.7
21/07/2022,1,25.17,0.26,1,58.4,135.72,1,0,195.55,5.4968,0,0,-0.68,14.72,83.65,80.85,7,-0.8660254037844388,-0.4999999999999997,3.5,0.5,0.5,-2.78,13.15,33.04,1317.0,181.4,29,320.65
22/07/2022,1,26.44,0.26,1,58.92,137.38,1,0,194.3,5.4968,0,0,-0.68,14.55,82.96,80.06,7,-0.8660254037844388,-0.4999999999999997,3.5,0.5,0.5,-2.78,13.15,32.59,1327.5,179.28,29,324.1
23/07/2022,1,26.8,0.26,1,58.92,137.38,1,0,194.3,5.4968,0,0,-0.68,14.55,82.96,80.06,7,-0.8660254037844388,-0.4999999999999997,3.5,0.5,0.5,-2.78,13.15,32.59,1327.5,179.28,29,324.1
24/07/2022,1,25.73,0.26,1,58.92,137.38,1,0,194.3,5.4968,0,0,-0.68,14.55,82.96,80.06,7,-0.8660254037844388,-0.4999999999999997,3.5,0.5,0.5,-2.78,13.15,32.59,1327.5,179.28,29,324.1
25/07/2022,1,25.25,0.26,1,61.41,137.75,1,0,194.28,5.3576,0,0,-0.68,14.92,83.87,80.2,7,-0.8660254037844388,-0.4999999999999997,3.5,0.5,0.5,-2.78,13.15,33.59,1356.0,180.49,30,330.0
26/07/2022,1,25.5,0.26,1,60.28,136.88,1,0,193.64,5.3511,0,0,-0.68,15.18,87.35,81.27,7,-0.8660254037844388,-0.4999999999999997,3.5,0.5,0.5,-2.78,13.15,34.26,1399.75,183.41,30,322.75
27/07/2022,1,24.85,0.26,1,61.93,136.8,1,0,186.24,5.2432,0,0,-0.68,15.51,86.7,81.4,7,-0.8660254037844388,-0.4999999999999997,3.5,0.5,0.5,-2.78,13.15,35.54,1424.5,186.56,30,325.05
28/07/2022,1,24.89,0.26,1,62.68,136.18,1,0,189.59,5.1823,0,0,-0.68,15.84,88.51,81.78,7,-0.8660254037844388,-0.4999999999999997,3.5,0.5,0.5,-2.78,13.15,36.06,1457.0,186.11,30,323.5
29/07/2022,1,24.6,0.26,1,62.9,136.45,1,0,189.55,5.1734,0,0,-0.68,16.02,86.11,82.93,7,-0.8660254037844388,-0.4999999999999997,3.5,0.5,0.5,-2.78,13.15,36.34,1487.25,188.17,30,325.7
30/07/2022,1,24.69,0.26,1,62.9,136.45,1,0,189.55,5.1734,0,0,-0.68,16.02,86.11,82.93,7,-0.8660254037844388,-0.4999999999999997,3.5,0.5,0.5,-2.78,13.15,36.34,1487.25,188.17,30,325.7
31/07/2022,1,26.62,0.26,1,62.9,136.45,1,0,189.55,5.1734,0,0,-0.68,16.02,86.11,82.93,7,-0.8660254037844388,-0.4999999999999997,3.5,0.5,0.5,-2.78,13.15,36.34,1487.25,188.17,30,325.7
01/08/2022,1,25.66,0.26,1,63.0,136.78,1,0,186.01,5.1838,0,0,-0.36,15.94,85.83,82.64,8,-0.5000000000000004,-0.8660254037844385,3.5,0.5,0.0,-3.66,13.15,35.75,1432.0,185.37,31,326.65
02/08/2022,1,26.09,0.26,1,61.08,136.57,1,0,187.69,5.2784,0,0,-0.36,15.64,85.62,82.58,8,-0.5000000000000004,-0.8660254037844385,3.5,0.5,0.0,-3.66,13.15,34.67,1415.75,183.04,31,322.5
03/08/2022,1,27.6,0.26,1,56.79,137.9,1,0,187.9,5.2815,0,0,-0.36,15.62,85.85,82.41,8,-0.5000000000000004,-0.8660254037844385,3.5,0.5,0.0,-3.66,13.15,34.21,1403.75,180.47,31,299.55
04/08/2022,1,26.65,0.26,1,57.04,137.7,1,0,190.07,5.2164,0,0,-0.36,15.76,87.31,82.24,8,-0.5000000000000004,-0.8660254037844385,3.5,0.5,0.0,-3.66,13.65,34.71,1461.25,181.08,31,297.6
05/08/2022,1,27.08,0.26,1,60.11,137.88,1,0,192.09,5.1646,0,0,-0.36,15.85,87.06,81.91,8,-0.5000000000000004,-0.8660254037844385,3.5,0.5,0.0,-3.66,13.65,35.34,1463.25,182.61,31,310.65
06/08/2022,1,27.5,0.26,1,60.11,137.88,1,0,192.09,5.1646,0,0,-0.36,15.85,87.06,81.91,8,-0.5000000000000004,-0.8660254037844385,3.5,0.5,0.0,-3.66,13.65,35.34,1463.25,182.61,31,310.65
07/08/2022,1,28.45,0.26,1,60.11,137.88,1,0,192.09,5.1646,0,0,-0.36,15.85,87.06,81.91,8,-0.5000000000000004,-0.8660254037844385,3.5,0.5,0.0,-3.66,13.65,35.34,1463.25,182.61,31,310.65
08/08/2022,1,28.58,0.26,1,61.74,138.35,1,0,191.43,5.1117,0,0,-0.36,16.04,86.13,82.05,8,-0.5000000000000004,-0.8660254037844385,3.5,0.5,0.0,-3.66,13.65,35.17,1464.0,179.84,32,315.75
09/08/2022,1,28.01,0.26,1,61.71,137.97,1,0,192.85,5.1237,0,0,-0.36,15.89,87.77,81.63,8,-0.5000000000000004,-0.8660254037844385,3.5,0.5,0.0,-3.66,13.65,35.2,1512.25,180.81,32,317.0
10/08/2022,1,27.08,0.26,1,61.1,139.2,1,0,188.53,5.0927,0,0,-0.36,16.25,87.08,82.76,8,-0.5000000000000004,-0.8660254037844385,3.5,0.5,0.0,-3.66,13.65,35.65,1509.0,181.56,32,311.2
11/08/2022,1,24.98,0.26,1,59.63,140.6,1,0,189.12,5.1581,0,0,-0.36,15.87,89.16,81.94,8,-0.5000000000000004,-0.8660254037844385,3.5,0.5,0.0,-3.66,13.65,35.47,1520.25,183.07,32,307.8
12/08/2022,1,25.96,0.26,1,62.46,140.22,1,0,192.52,5.0735,0,0,-0.36,16.09,88.74,81.55,8,-0.5000000000000004,-0.8660254037844385,3.5,0.5,0.5,-3.66,13.65,36.32,1535.0,184.05,32,316.5
13/08/2022,1,27.25,0.26,1,62.46,140.22,1,0,192.52,5.0735,0,0,-0.36,16.09,88.74,81.55,8,-0.5000000000000004,-0.8660254037844385,3.5,0.5,0.5,-3.66,13.65,36.32,1535.0,184.05,32,316.5
14/08/2022,1,27.4,0.26,1,62.46,140.22,1,0,192.52,5.0735,0,0,-0.36,16.09,88.74,81.55,8,-0.5000000000000004,-0.8660254037844385,3.5,0.5,1.5,-3.66,13.65,36.32,1535.0,184.05,32,316.5
15/08/2022,1,27.36,0.26,1,61.56,139.75,1,0,192.22,5.0961,0,0,-0.36,15.98,87.52,81.41,8,-0.5000000000000004,-0.8660254037844385,3.5,0.5,0.0,-3.66,13.65,35.4,1412.25,180.32,33,313.5
16/08/2022,1,29.23,0.26,1,61.05,141.3,1,0,195.23,5.1459,0,0,-0.36,15.95,85.69,82.11,8,-0.5000000000000004,-0.8660254037844385,3.5,0.5,0.0,-3.66,13.65,34.79,1381.0,179.05,33,314.2
17/08/2022,1,27.19,0.26,1,61.21,141.75,1,0,196.18,5.1642,0,0,-0.36,16.0,85.75,82.77,8,-0.5000000000000004,-0.8660254037844385,3.5,0.5,0.0,-3.66,13.65,34.58,1390.0,178.83,33,316.6
18/08/2022,1,27.15,0.26,1,60.49,141.28,1,0,197.57,5.1674,0,0,-0.36,15.87,85.8,82.1,8,-0.5000000000000004,-0.8660254037844385,3.5,0.5,0.0,-3.66,13.65,34.65,1405.25,179.27,33,313.0
19/08/2022,1,27.14,0.26,1,61.52,141.6,1,0,192.01,5.1697,0,0,-0.36,15.88,85.26,82.16,8,-0.5000000000000004,-0.8660254037844385,3.5,0.5,0.0,-3.66,13.65,34.72,1404.0,179.69,33,318.35
20/08/2022,1,27.22,0.26,1,61.52,141.6,1,0,192.01,5.1697,0,0,-0.36,15.88,85.26,82.16,8,-0.5000000000000004,-0.8660254037844385,3.5,0.5,0.0,-3.66,13.65,34.72,1404.0,179.69,33,318.35
21/08/2022,1,26.43,0.26,1,61.52,141.6,1,0,192.01,5.1697,0,0,-0.36,15.88,85.26,82.16,8,-0.5000000000000004,-0.8660254037844385,3.5,0.5,0.0,-3.66,13.65,34.72,1404.0,179.69,33,318.35
22/08/2022,1,25.95,0.26,1,63.27,141.22,1,0,189.75,5.1574,0,0,-0.36,15.87,84.38,81.9,8,-0.5000000000000004,-0.8660254037844385,3.5,0.5,0.0,-3.66,13.65,35.24,1435.25,181.9,34,326.6
23/08/2022,1,27.96,0.26,1,59.45,141.62,1,0,187.84,5.1037,0,0,-0.36,16.21,85.25,82.69,8,-0.5000000000000004,-0.8660254037844385,3.5,0.5,0.0,-3.66,13.65,36.04,1461.0,183.79,34,303.2
24/08/2022,1,27.01,0.26,1,60.27,141.32,1,0,189.0,5.1114,0,0,-0.36,16.2,85.22,82.77,8,-0.5000000000000004,-0.8660254037844385,3.5,0.5,0.0,-3.66,13.65,35.74,1457.0,182.6,34,307.9
25/08/2022,1,28.49,0.26,1,61.15,141.1,1,0,189.22,5.1099,0,0,-0.36,16.25,84.84,83.31,8,-0.5000000000000004,-0.8660254037844385,3.5,0.5,0.0,-3.66,13.65,35.93,1431.25,184.2,34,313.45
26/08/2022,1,29.33,0.26,1,63.78,140.8,1,0,186.58,5.0601,0,0,-0.36,16.48,86.54,83.6,8,-0.5000000000000004,-0.8660254037844385,3.5,0.5,0.0,-3.66,13.65,36.23,1461.25,183.83,34,323.6
27/08/2022,1,27.83,0.26,1,63.78,140.8,1,0,186.58,5.0601,0,0,-0.36,16.48,86.54,83.6,8,-0.5000000000000004,-0.8660254037844385,3.5,0.5,0.0,-3.66,13.65,36.23,1461.25,183.83,34,323.6
28/08/2022,1,28.12,0.26,1,63.78,140.8,1,0,186.58,5.0601,0,0,-0.36,16.48,86.54,83.6,8,-0.5000000000000004,-0.8660254037844385,3.5,0.5,0.0,-3.66,13.65,36.23,1461.25,183.83,34,323.6
29/08/2022,1,28.69,0.26,1,61.95,141.55,1,0,185.68,5.0282,0,0,-0.36,16.67,86.06,83.8,8,-0.5000000000000004,-0.8660254037844385,3.5,0.5,0.0,-3.66,13.65,36.49,1437.75,183.38,35,311.35
30/08/2022,1,28.02,0.26,1,61.06,142.5,1,0,185.48,5.1223,0,0,-0.36,16.39,85.57,83.73,8,-0.5000000000000004,-0.8660254037844385,3.5,0.5,0.0,-3.66,13.65,35.31,1432.5,180.44,35,312.0
31/08/2022,1,27.67,0.26,1,59.42,141.55,1,0,185.87,5.1831,0,0,-0.36,16.14,85.5,83.94,8,-0.5000000000000004,-0.8660254037844385,3.5,0.5,0.0,-3.66,13.65,35.27,1422.5,183.47,35,309.1
01/09/2022,1,27.35,0.26,0,60.12,142.8,1,0,189.5,5.2416,0,0,-0.29,15.98,84.71,83.66,9,-1.8369701987210297e-16,-1.0,3.5,0.5,0.0,-3.87,13.65,35.1,1394.75,183.76,35,314.75
02/09/2022,1,26.3,0.26,0,59.93,144.55,1,0,185.0,5.1681,0,0,-0.29,16.11,84.63,83.39,9,-1.8369701987210297e-16,-1.0,3.5,0.5,0.0,-3.87,13.65,35.53,1420.5,183.96,35,310.25
03/09/2022,1,27.14,0.26,0,59.93,144.55,1,0,185.0,5.1681,0,0,-0.29,16.11,84.63,83.39,9,-1.8369701987210297e-16,-1.0,3.5,0.5,0.0,-3.87,13.65,35.53,1420.5,183.96,35,310.25
04/09/2022,1,27.89,0.26,0,59.93,144.55,1,0,185.0,5.1681,0,0,-0.29,16.11,84.63,83.39,9,-1.8369701987210297e-16,-1.0,3.5,0.5,0.0,-3.87,13.65,35.53,1420.5,183.96,35,310.25
05/09/2022,1,28.28,0.26,0,59.93,144.55,1,0,185.0,5.1681,0,0,-0.29,16.11,84.63,83.39,9,-1.8369701987210297e-16,-1.0,3.5,0.5,0.0,-3.87,13.65,35.53,1420.5,183.96,36,310.25
06/09/2022,1,29.96,0.26,0,57.98,145.05,1,0,188.17,5.2528,0,0,-0.29,15.94,84.66,83.54,9,-1.8369701987210297e-16,-1.0,3.5,0.5,0.5,-3.87,13.65,34.86,1398.75,182.72,36,303.95
07/09/2022,1,27.42,0.26,0,57.98,144.25,1,0,188.17,5.248,0,0,-0.29,15.94,84.66,83.54,9,-1.8369701987210297e-16,-1.0,3.5,0.5,1.5,-3.87,13.65,34.86,1383.5,182.72,36,303.95
08/09/2022,1,27.57,0.26,0,58.94,144.38,1,0,191.93,5.2141,0,0,-0.29,15.98,84.27,83.25,9,-1.8369701987210297e-16,-1.0,3.5,0.5,0.5,-3.87,13.65,34.64,1386.0,180.42,36,307.0
09/09/2022,1,28.44,0.26,0,56.76,145.68,1,0,191.3,5.1462,0,0,-0.29,16.2,83.79,83.43,9,-1.8369701987210297e-16,-1.0,3.5,0.5,0.0,-3.87,13.65,34.78,1412.25,179.13,36,292.3
10/09/2022,1,28.72,0.26,0,56.76,145.68,1,0,191.3,5.1462,0,0,-0.29,16.2,83.79,83.43,9,-1.8369701987210297e-16,-1.0,3.5,0.5,0.0,-3.87,13.65,34.78,1412.25,179.13,36,292.3
11/09/2022,1,29.23,0.26,0,56.76,145.68,1,0,191.3,5.1462,0,0,-0.29,16.2,83.79,83.43,9,-1.8369701987210297e-16,-1.0,3.5,0.5,0.0,-3.87,13.65,34.78,1412.25,179.13,36,292.3
12/09/2022,1,31.51,0.26,0,60.16,145.75,1,0,190.25,5.093,0,0,-0.29,16.49,83.61,83.95,9,-1.8369701987210297e-16,-1.0,3.5,0.5,0.0,-3.87,13.65,35.68,1488.25,181.66,37,306.25
13/09/2022,1,30.48,0.26,0,59.43,144.8,1,0,184.42,5.1911,0,0,-0.29,16.13,84.05,83.72,9,-1.8369701987210297e-16,-1.0,3.5,0.5,0.0,-3.87,13.65,35.34,1478.75,183.36,37,308.4
14/09/2022,1,30.12,0.26,0,57.22,144.35,1,0,181.78,5.1631,0,0,-0.29,16.27,83.55,84.28,9,-1.8369701987210297e-16,-1.0,3.5,0.5,0.0,-3.87,13.65,35.21,1455.0,182.38,37,296.4
15/09/2022,1,29.94,0.26,0,55.62,145.62,1,0,181.28,5.247,0,0,-0.29,16.13,84.18,84.55,9,-1.8369701987210297e-16,-1.0,3.5,0.5,0.0,-3.87,13.65,34.72,1458.0,182.05,37,291.6
16/09/2022,1,31.02,0.26,0,56.03,145.5,1,0,182.03,5.2531,0,0,-0.29,16.04,89.97,84.35,9,-1.8369701987210297e-16,-1.0,3.5,0.5,0.0,-3.87,13.65,34.56,1455.25,181.66,37,294.55
17/09/2022,1,31.22,0.26,0,56.03,145.5,1,0,182.03,5.2531,0,0,-0.29,16.04,89.97,84.35,9,-1.8369701987210297e-16,-1.0,3.5,0.5,0.0,-3.87,13.65,34.56,1455.25,181.66,37,294.55
18/09/2022,1,28.34,0.26,0,56.03,145.5,1,0,182.03,5.2531,0,0,-0.29,16.04,89.97,84.35,9,-1.8369701987210297e-16,-1.0,3.5,0.5,0.0,-3.87,13.65,34.56,1455.25,181.66,37,294.55
19/09/2022,1,25.55,0.26,0,59.66,145.72,1,0,181.23,5.167,0,0,-0.29,16.27,89.11,84.02,9,-1.8369701987210297e-16,-1.0,3.5,0.5,0.0,-3.87,13.65,35.26,1467.5,182.04,38,308.05
20/09/2022,1,29.38,0.26,0,59.68,146.3,1,0,177.93,5.1417,0,0,-0.29,16.32,89.43,84.21,9,-1.8369701987210297e-16,-1.0,3.5,0.5,0.0,-3.87,13.65,35.02,1484.5,180.75,38,308.0
21/09/2022,1,28.4,0.26,0,57.58,145.88,1,0,172.97,5.1716,0,0,-0.29,16.3,89.47,84.24,9,-1.8369701987210297e-16,-1.0,3.5,0.5,0.0,-3.87,13.65,35.26,1467.0,182.17,38,297.5
22/09/2022,1,27.57,0.26,0,58.49,144.85,1,0,174.21,5.1166,0,0,-0.29,16.54,89.66,84.56,9,-1.8369701987210297e-16,-1.0,3.5,0.5,0.0,-3.87,13.65,35.55,1463.25,181.76,38,299.05
23/09/2022,1,25.42,0.26,0,57.25,144.25,1,0,172.07,5.2595,0,0,-0.29,16.1,89.21,84.54,9,-1.8369701987210297e-16,-1.0,3.5,0.5,0.0,-3.87,13.65,34.19,1431.75,179.52,38,300.6
24/09/2022,1,28.29,0.26,0,57.25,144.25,1,0,172.07,5.2595,0,0,-0.29,16.1,89.21,84.54,9,-1.8369701987210297e-16,-1.0,3.5,0.5,0.0,-3.87,13.65,34.19,1431.75,179.52,38,300.6
25/09/2022,1,26.36,0.26,0,57.25,144.25,1,0,172.07,5.2595,0,0,-0.29,16.1,89.21,84.54,9,-1.8369701987210297e-16,-1.0,3.5,0.5,0.0,-3.87,13.65,34.19,1431.75,179.52,38,300.6
26/09/2022,1,28.44,0.26,0,56.0,143.48,1,0,171.02,5.3898,0,0,-0.29,15.69,89.79,84.58,9,-1.8369701987210297e-16,-1.0,3.5,0.5,0.0,-3.87,13.65,33.57,1416.25,180.91,39,301.8
27/09/2022,1,29.03,0.26,0,57.01,143.57,1,0,167.49,5.3824,0,0,-0.29,15.75,89.12,84.72,9,-1.8369701987210297e-16,-1.0,3.5,0.5,0.0,-3.87,13.65,33.63,1414.0,180.91,39,306.7
28/09/2022,1,29.0,0.26,0,56.46,143.05,1,0,170.6,5.3745,0,0,-0.29,15.76,88.84,84.25,9,-1.8369701987210297e-16,-1.0,3.5,0.5,0.0,-3.87,13.65,33.58,1416.25,179.56,39,301.9
29/09/2022,1,28.95,0.26,0,56.0,144.13,1,0,169.78,5.3964,0,0,-0.29,15.61,89.03,84.24,9,-1.8369701987210297e-16,-1.0,3.5,0.5,0.0,-3.87,13.65,33.65,1420.5,181.64,39,302.3
30/09/2022,1,30.4,0.26,0,56.51,143.27,1,0,168.31,5.4154,0,0,-0.29,15.7,89.76,84.42,9,-1.8369701987210297e-16,-1.0,3.5,0.5,0.0,-3.87,13.65,33.78,1375.5,181.7,39,303.95
01/10/2022,1,30.5,0.26,0,56.51,143.27,0,0,168.31,5.4154,0,0,-0.29,15.7,89.76,84.42,10,0.5000000000000001,-0.8660254037844386,3.5,0.5,0.0,1.87,13.65,33.78,1375.5,181.7,39,303.95
02/10/2022,1,28.75,0.26,0,56.51,143.27,0,0,168.31,5.4154,0,0,-0.29,15.7,89.76,84.42,10,0.5000000000000001,-0.8660254037844386,3.5,0.5,0.0,1.87,13.65,33.78,1375.5,181.7,39,303.95
03/10/2022,1,29.91,0.26,0,56.04,144.32,0,0,169.31,5.1672,0,0,0.59,16.25,87.82,84.14,10,0.5000000000000001,-0.8660254037844386,1.8,0.2,0.0,1.87,13.65,34.19,1384.0,177.01,40,290.1
04/10/2022,1,29.53,0.26,0,56.97,144.2,0,0,173.07,5.177,0,0,0.59,16.09,86.41,83.27,10,0.5000000000000001,-0.8660254037844386,1.8,0.2,0.0,1.87,13.65,33.57,1393.5,173.75,40,294.9
05/10/2022,1,28.85,0.26,0,57.02,144.68,0,0,171.87,5.194,0,0,0.59,16.02,86.82,82.91,10,0.5000000000000001,-0.8660254037844386,1.8,0.2,0.0,1.87,13.65,33.48,1380.5,173.25,40,295.0
06/10/2022,1,29.01,0.26,0,57.95,145.32,0,0,166.91,5.2217,0,0,0.59,15.96,86.17,83.04,10,0.5000000000000001,-0.8660254037844386,1.8,0.2,0.0,1.87,13.65,33.35,1370.5,173.57,40,301.55
07/10/2022,1,27.52,0.26,0,58.09,145.32,0,0,161.46,5.1996,0,0,0.59,15.89,86.44,83.05,10,0.5000000000000001,-0.8660254037844386,1.8,0.2,0.0,1.87,13.65,33.44,1379.25,174.71,40,303.5
08/10/2022,1,28.7,0.26,0,58.09,145.32,0,0,161.46,5.1996,0,0,0.59,15.89,86.44,83.05,10,0.5000000000000001,-0.8660254037844386,1.8,0.2,0.0,1.87,13.65,33.44,1379.25,174.71,40,303.5
09/10/2022,1,28.02,0.26,0,58.09,145.32,0,0,161.46,5.1996,0,0,0.59,15.89,86.44,83.05,10,0.5000000000000001,-0.8660254037844386,1.8,0.2,0.0,1.87,13.65,33.44,1379.25,174.71,40,303.5
10/10/2022,1,28.51,0.26,0,58.66,144.7,0,0,161.03,5.1901,0,0,0.59,16.11,86.67,83.5,10,0.5000000000000001,-0.8660254037844386,1.8,0.2,0.5,1.87,13.65,34.34,1385.75,177.97,41,304.05
11/10/2022,1,28.97,0.26,0,57.36,145.8,0,0,161.49,5.3005,0,0,0.59,15.91,86.4,83.86,10,0.5000000000000001,-0.8660254037844386,1.8,0.2,0.5,1.87,13.65,33.79,1388.0,178.09,41,302.3
12/10/2022,1,30.4,0.26,0,57.36,146.18,0,0,161.49,5.293,0,0,0.59,15.91,86.4,83.86,10,0.5000000000000001,-0.8660254037844386,1.8,0.2,1.5,1.87,13.65,33.79,1405.0,178.09,41,302.3
13/10/2022,1,29.99,0.26,0,58.02,146.45,0,0,165.76,5.2626,0,0,0.59,15.99,87.69,84.42,10,0.5000000000000001,-0.8660254037844386,1.8,0.2,0.0,1.87,13.65,34.61,1405.5,182.72,41,306.3
14/10/2022,1,30.07,0.26,0,55.82,146.95,0,0,163.27,5.3252,0,0,0.59,15.89,87.58,84.67,10,0.5000000000000001,-0.8660254037844386,1.8,0.2,0.0,1.87,13.65,34.49,1392.75,183.77,41,297.4
15/10/2022,1,30.5,0.26,0,55.82,146.95,0,0,163.27,5.3252,0,0,0.59,15.89,87.58,84.67,10,0.5000000000000001,-0.8660254037844386,1.8,0.2,0.0,1.87,13.65,34.49,1392.75,183.77,41,297.4
16/10/2022,1,29.86,0.26,0,55.82,146.95,0,0,163.27,5.3252,0,0,0.59,15.89,87.58,84.67,10,0.5000000000000001,-0.8660254037844386,1.8,0.2,0.0,1.87,13.65,34.49,1392.75,183.77,41,297.4
17/10/2022,1,30.17,0.26,0,54.09,147.88,0,0,165.48,5.2808,0,0,0.59,16.03,87.08,84.86,10,0.5000000000000001,-0.8660254037844386,1.8,0.2,0.0,1.87,13.65,34.6,1392.75,183.2,42,286.4
18/10/2022,1,30.38,0.26,0,57.49,148.48,0,0,165.59,5.2405,0,0,0.59,16.23,86.86,85.38,10,0.5000000000000001,-0.8660254037844386,1.8,0.2,0.0,1.87,13.65,34.61,1382.0,182.08,42,302.45
19/10/2022,1,30.37,0.26,0,56.09,149.35,0,0,164.2,5.27,0,0,0.59,16.2,87.08,85.41,10,0.5000000000000001,-0.8660254037844386,1.8,0.2,0.0,1.87,13.65,34.26,1382.75,180.61,42,295.7
20/10/2022,1,30.33,0.26,0,57.37,149.77,0,0,161.92,5.2147,0,0,0.59,16.31,86.56,85.21,10,0.5000000000000001,-0.8660254037844386,1.8,0.2,0.0,1.87,13.65,34.57,1400.0,180.59,42,299.7
21/10/2022,1,29.12,0.26,0,57.36,150.48,0,0,161.53,5.1605,0,0,0.59,16.57,86.25,85.28,10,0.5000000000000001,-0.8660254037844386,1.8,0.2,0.0,1.87,13.65,34.93,1404.5,179.8,42,295.3
22/10/2022,1,26.66,0.26,0,57.36,150.48,0,0,161.53,5.1605,0,0,0.59,16.57,86.25,85.28,10,0.5000000000000001,-0.8660254037844386,1.8,0.2,0.0,1.87,13.65,34.93,1404.5,179.8,42,295.3
23/10/2022,1,28.04,0.26,0,57.36,150.48,0,0,161.53,5.1605,0,0,0.59,16.57,86.25,85.28,10,0.5000000000000001,-0.8660254037844386,1.8,0.2,0.0,1.87,13.65,34.93,1404.5,179.8,42,295.3
24/10/2022,1,27.92,0.26,0,58.76,151.6,0,0,163.45,5.3032,0,0,0.59,16.09,85.9,85.08,10,0.5000000000000001,-0.8660254037844386,1.8,0.2,0.0,1.87,13.65,33.99,1381.25,179.75,43,310.8
25/10/2022,1,25.92,0.26,0,55.09,151.68,0,0,167.05,5.3167,0,0,0.59,15.98,86.21,84.91,10,0.5000000000000001,-0.8660254037844386,1.8,0.2,0.0,1.87,13.65,34.1,1392.25,181.24,43,292.8
26/10/2022,1,26.59,0.26,0,52.89,151.45,0,0,163.37,5.3804,0,0,0.59,15.84,86.31,85.12,10,0.5000000000000001,-0.8660254037844386,1.8,0.2,0.0,1.87,13.65,33.91,1393.0,182.22,43,284.2
27/10/2022,1,28.17,0.26,0,55.65,151.4,0,0,164.13,5.3449,0,0,0.59,16.11,86.39,85.35,10,0.5000000000000001,-0.8660254037844386,1.8,0.2,0.0,1.87,13.65,34.57,1393.5,183.18,43,294.9
28/10/2022,1,28.74,0.26,0,53.71,150.38,0,0,166.05,5.2949,0,0,0.59,16.12,86.44,85.69,10,0.5000000000000001,-0.8660254037844386,1.8,0.2,0.0,1.87,13.65,34.5,1400.25,183.34,43,285.4
29/10/2022,1,24.54,0.26,0,53.71,150.38,0,0,166.05,5.2949,0,0,0.59,16.12,86.44,85.69,10,0.5000000000000001,-0.8660254037844386,1.8,0.2,0.0,1.87,13.65,34.5,1400.25,183.34,43,285.4
30/10/2022,1,27.61,0.26,0,53.71,150.38,0,0,166.05,5.2949,0,0,0.59,16.12,86.44,85.69,10,0.5000000000000001,-0.8660254037844386,1.8,0.2,0.0,1.87,13.65,34.5,1400.25,183.34,43,285.4
31/10/2022,1,29.09,0.26,0,56.44,146.77,0,0,164.68,5.1791,0,0,0.59,16.5,86.6,85.35,10,0.5000000000000001,-0.8660254037844386,1.8,0.2,0.5,1.87,13.65,35.45,1419.5,183.42,44,292.0
01/11/2022,1,26.0,0.26,0,55.04,151.95,0,0,164.89,5.1475,0,0,0.41,16.65,86.76,85.11,11,0.8660254037844384,-0.5000000000000004,1.8,0.2,0.5,1.91,13.65,35.84,1447.75,183.23,44,281.35
02/11/2022,1,22.42,0.26,0,55.04,151.4,0,0,164.89,5.1432,0,0,0.41,16.65,86.76,85.11,11,0.8660254037844384,-0.5000000000000004,1.8,0.2,1.5,1.91,13.65,35.84,1454.0,183.23,44,281.35
03/11/2022,1,26.23,0.26,0,56.58,151.95,0,0,162.41,5.1137,0,0,0.41,16.58,86.07,84.76,11,0.8660254037844384,-0.5000000000000004,1.8,0.2,0.0,1.91,13.65,35.73,1437.0,182.69,44,289.3
04/11/2022,1,27.95,0.26,0,57.15,151.65,0,0,162.18,5.0557,0,0,0.41,16.87,85.64,84.95,11,0.8660254037844384,-0.5000000000000004,1.8,0.2,0.0,1.91,13.65,36.13,1462.25,181.88,44,287.7
05/11/2022,1,27.43,0.26,0,57.15,151.65,0,0,162.18,5.0557,0,0,0.41,16.87,85.64,84.95,11,0.8660254037844384,-0.5000000000000004,1.8,0.2,0.0,1.91,13.65,36.13,1462.25,181.88,44,287.7
06/11/2022,1,26.65,0.26,0,57.15,151.65,0,0,162.18,5.0557,0,0,0.41,16.87,85.64,84.95,11,0.8660254037844384,-0.5000000000000004,1.8,0.2,0.0,1.91,13.65,36.13,1462.25,181.88,44,287.7
07/11/2022,1,27.59,0.26,0,55.87,153.05,0,0,161.29,5.1567,0,0,0.41,16.52,85.76,85.19,11,0.8660254037844384,-0.5000000000000004,1.8,0.2,0.0,1.91,13.65,35.31,1450.25,182.04,45,288.0
08/11/2022,1,26.81,0.26,0,54.9,153.05,0,0,164.58,5.144,0,0,0.41,16.5,85.83,85.3,11,0.8660254037844384,-0.5000000000000004,1.8,0.2,0.0,1.91,13.65,35.33,1446.5,182.64,45,283.8
09/11/2022,1,28.36,0.26,0,56.45,151.57,0,0,162.49,5.1864,0,0,0.41,16.37,85.73,84.76,11,0.8660254037844384,-0.5000000000000004,1.8,0.2,0.0,1.91,13.65,35.42,1452.0,183.38,45,292.3
10/11/2022,1,27.14,0.26,0,51.71,153.07,0,0,165.66,5.3449,0,0,0.41,15.65,85.42,84.48,11,0.8660254037844384,-0.5000000000000004,1.8,0.2,0.0,1.91,13.65,34.2,1423.0,184.56,45,279.1
11/11/2022,1,26.84,0.26,0,50.65,151.52,0,0,165.58,5.325,0,0,0.41,15.68,84.94,83.74,11,0.8660254037844384,-0.5000000000000004,1.8,0.2,0.0,1.91,13.65,34.63,1450.0,184.94,45,270.5
12/11/2022,1,25.61,0.26,0,50.65,151.52,0,0,165.58,5.325,0,0,0.41,15.68,84.94,83.74,11,0.8660254037844384,-0.5000000000000004,1.8,0.2,0.0,1.91,13.65,34.63,1450.0,184.94,45,270.5
13/11/2022,1,27.23,0.26,0,50.65,151.52,0,0,165.58,5.325,0,0,0.41,15.68,84.94,83.74,11,0.8660254037844384,-0.5000000000000004,1.8,0.2,0.0,1.91,13.65,34.63,1450.0,184.94,45,270.5
14/11/2022,1,27.55,0.26,0,50.65,151.57,0,0,165.25,5.3321,0,0,0.41,15.76,84.01,84.0,11,0.8660254037844384,-0.5000000000000004,1.8,0.2,0.0,1.91,13.65,34.68,1440.5,184.9,46,270.5
15/11/2022,1,27.24,0.26,0,50.65,151.27,0,0,165.25,5.3325,0,0,0.41,15.76,84.01,84.0,11,0.8660254037844384,-0.5000000000000004,1.8,0.2,0.0,1.91,13.65,34.68,1461.75,184.9,46,270.5
16/11/2022,1,26.12,0.26,0,49.8,151.8,0,0,166.19,5.3998,0,0,0.41,15.54,83.81,83.69,11,0.8660254037844384,-0.5000000000000004,1.8,0.2,0.0,1.91,13.65,34.27,1434.75,184.53,46,268.1
17/11/2022,1,27.27,0.26,0,52.74,152.75,0,0,164.89,5.4231,0,0,0.41,15.48,87.98,84.06,11,0.8660254037844384,-0.5000000000000004,1.8,0.2,0.0,1.91,13.65,33.88,1422.25,184.02,46,286.45
18/11/2022,1,25.9,0.26,0,52.0,153.07,0,0,163.91,5.3827,0,0,0.41,15.8,89.22,84.77,11,0.8660254037844384,-0.5000000000000004,1.8,0.2,0.0,1.91,13.65,33.92,1433.25,182.02,46,279.05
19/11/2022,1,26.45,0.26,0,52.0,153.07,0,0,163.91,5.3827,0,0,0.41,15.8,89.22,84.77,11,0.8660254037844384,-0.5000000000000004,1.8,0.2,0.0,1.91,13.65,33.92,1433.25,182.02,46,279.05
20/11/2022,1,24.55,0.26,0,52.0,153.07,0,0,163.91,5.3827,0,0,0.41,15.8,89.22,84.77,11,0.8660254037844384,-0.5000000000000004,1.8,0.2,0.0,1.91,13.65,33.92,1433.25,182.02,46,279.05
21/11/2022,1,26.61,0.26,0,54.87,153.55,0,0,167.72,5.32,0,0,0.41,16.02,88.74,85.08,11,0.8660254037844384,-0.5000000000000004,1.8,0.2,0.0,1.91,13.65,34.18,1441.75,181.52,47,291.4
22/11/2022,1,26.46,0.26,0,52.22,153.8,0,0,165.58,5.3586,0,0,0.41,15.83,89.47,85.19,11,0.8660254037844384,-0.5000000000000004,1.8,0.2,0.0,1.91,13.65,33.64,1436.5,181.02,47,281.0
23/11/2022,1,27.3,0.26,0,52.8,153.35,0,0,167.24,5.3591,0,0,0.41,15.92,89.67,85.51,11,0.8660254037844384,-0.5000000000000004,1.8,0.2,0.0,1.91,13.65,33.72,1442.0,181.13,47,283.65
24/11/2022,1,25.73,0.26,0,52.8,153.35,0,0,167.24,5.3591,0,0,0.41,15.92,89.67,85.51,11,0.8660254037844384,-0.5000000000000004,1.8,0.2,0.0,1.91,13.65,33.72,1442.0,181.13,47,283.65
25/11/2022,1,25.25,0.26,0,53.19,153.07,0,0,166.29,5.4098,0,0,0.41,15.8,90.42,85.48,11,0.8660254037844384,-0.5000000000000004,1.8,0.2,0.0,1.91,13.65,33.54,1442.25,181.43,47,287.75
26/11/2022,1,26.62,0.26,0,53.19,153.07,0,0,166.29,5.4098,0,0,0.41,15.8,90.42,85.48,11,0.8660254037844384,-0.5000000000000004,1.8,0.2,0.0,1.91,13.65,33.54,1442.25,181.43,47,287.75
27/11/2022,1,26.3,0.26,0,53.19,153.07,0,0,166.29,5.4098,0,0,0.41,15.8,90.42,85.48,11,0.8660254037844384,-0.5000000000000004,1.8,0.2,0.0,1.91,13.65,33.54,1442.25,181.43,47,287.75
28/11/2022,1,27.58,0.26,0,53.19,152.57,0,0,164.51,5.3654,0,0,0.41,16.02,90.1,85.96,11,0.8660254037844384,-0.5000000000000004,1.8,0.2,0.0,1.91,13.65,33.79,1462.75,181.34,48,287.75
29/11/2022,1,25.55,0.26,0,53.01,152.68,0,0,166.11,5.2695,0,0,0.41,16.21,88.59,85.76,11,0.8660254037844384,-0.5000000000000004,1.8,0.2,0.0,1.91,13.65,34.23,1466.0,181.13,48,280.45
30/11/2022,1,23.57,0.26,0,54.68,153.07,0,0,167.72,5.1851,0,0,0.41,16.55,88.47,86.2,11,0.8660254037844384,-0.5000000000000004,1.8,0.2,0.0,1.91,13.65,34.45,1475.5,179.5,48,284.9
01/12/2022,1,25.69,0.26,1,55.85,153.05,0,0,169.05,5.1848,0,0,0.62,16.52,88.35,86.0,12,1.0,-2.4492935982947064e-16,1.8,0.2,0.0,1.52,13.65,34.03,1436.75,177.11,48,290.7
02/12/2022,1,25.98,0.26,1,55.85,153.35,0,0,167.84,5.2189,0,0,0.62,16.47,87.43,86.03,12,1.0,-2.4492935982947064e-16,1.8,0.2,0.0,1.52,13.65,33.43,1446.5,174.59,48,290.7
03/12/2022,1,25.13,0.26,1,55.85,153.35,0,0,167.84,5.2189,0,0,0.62,16.47,87.43,86.03,12,1.0,-2.4492935982947064e-16,1.8,0.2,0.0,1.52,13.65,33.43,1446.5,174.59,48,290.7
04/12/2022,1,25.35,0.26,1,55.85,153.35,0,0,167.84,5.2189,0,0,0.62,16.47,87.43,86.03,12,1.0,-2.4492935982947064e-16,1.8,0.2,0.0,1.52,13.65,33.43,1446.5,174.59,48,290.7
05/12/2022,1,24.77,0.26,1,55.59,153.23,0,0,171.4,5.2809,0,0,0.62,16.2,87.25,85.54,12,1.0,-2.4492935982947064e-16,1.8,0.2,0.0,1.52,13.65,33.38,1445.0,176.25,49,293.5
06/12/2022,1,23.88,0.26,1,55.13,151.55,0,0,170.94,5.2352,0,0,0.62,16.34,87.48,86.1,12,1.0,-2.4492935982947064e-16,1.8,0.2,0.0,1.52,13.65,34.0,1461.5,179.16,49,290.5
07/12/2022,1,27.43,0.26,1,54.68,151.93,0,0,167.24,5.2048,0,0,0.62,16.54,87.2,86.19,12,1.0,-2.4492935982947064e-16,1.8,0.2,0.0,1.52,13.65,34.3,1477.25,178.68,49,284.9
08/12/2022,1,29.02,0.26,1,53.85,152.43,0,0,168.38,5.2253,0,0,0.62,16.48,87.55,85.9,12,1.0,-2.4492935982947064e-16,1.8,0.2,0.0,1.52,13.65,34.42,1490.25,179.39,49,280.65
09/12/2022,1,25.45,0.26,1,56.46,153.68,0,0,169.93,5.24,0,0,0.62,16.43,87.53,86.08,12,1.0,-2.4492935982947064e-16,1.8,0.2,0.0,1.52,13.65,34.34,1488.25,179.94,49,295.85
10/12/2022,1,27.11,0.26,1,56.46,153.68,0,0,169.93,5.24,0,0,0.62,16.43,87.53,86.08,12,1.0,-2.4492935982947064e-16,1.8,0.2,0.0,1.52,13.65,34.34,1488.25,179.94,49,295.85
11/12/2022,1,28.85,0.26,1,56.46,153.68,0,0,169.93,5.24,0,0,0.62,16.43,87.53,86.08,12,1.0,-2.4492935982947064e-16,1.8,0.2,0.0,1.52,13.65,34.34,1488.25,179.94,49,295.85
12/12/2022,1,27.78,0.26,1,56.11,154.4,0,0,171.89,5.3226,0,0,0.62,16.18,88.13,86.15,12,1.0,-2.4492935982947064e-16,1.8,0.2,0.0,1.52,13.65,33.82,1465.5,180.09,50,298.8
13/12/2022,1,27.41,0.26,1,54.79,154.9,0,0,169.26,5.2938,0,0,0.62,16.18,87.74,86.0,12,1.0,-2.4492935982947064e-16,1.8,0.2,0.0,1.52,13.65,33.58,1484.5,178.49,50,291.25
14/12/2022,1,25.54,0.26,1,55.2,154.5,0,0,166.21,5.2787,0,0,0.62,16.12,87.93,85.79,12,1.0,-2.4492935982947064e-16,1.8,0.2,0.0,1.52,13.65,33.8,1485.0,179.85,50,293.7
15/12/2022,1,26.89,0.26,1,55.7,154.05,0,0,163.89,5.313,0,1,0.62,16.14,87.91,85.91,12,1.0,-2.4492935982947064e-16,1.8,0.2,0.5,1.52,13.65,33.49,1476.75,178.24,50,296.45
16/12/2022,1,24.71,0.26,1,56.1,155.05,0,0,162.6,5.314,0,1,0.62,16.32,88.03,86.44,12,1.0,-2.4492935982947064e-16,1.8,0.2,0.5,1.52,13.65,33.56,1483.75,177.82,50,297.2
17/12/2022,1,25.49,0.26,1,56.1,155.05,0,0,162.6,5.314,0,1,0.62,16.32,88.03,86.44,12,1.0,-2.4492935982947064e-16,1.8,0.2,0.5,1.52,13.65,33.56,1483.75,177.82,50,297.2
18/12/2022,1,25.18,0.26,1,56.1,155.05,0,0,162.6,5.314,0,1,0.62,16.32,88.03,86.44,12,1.0,-2.4492935982947064e-16,1.8,0.2,0.5,1.52,13.65,33.56,1483.75,177.82,50,297.2
19/12/2022,1,24.39,0.26,1,57.38,155.27,0,0,162.19,5.293,0,1,0.62,16.21,88.04,86.05,12,1.0,-2.4492935982947064e-16,1.8,0.2,0.5,1.52,13.65,33.53,1463.5,177.99,51,304.55
20/12/2022,1,24.42,0.26,1,55.74,155.05,0,0,160.77,5.1996,0,1,0.62,16.51,87.93,85.98,12,1.0,-2.4492935982947064e-16,1.8,0.2,1.0,1.52,13.65,33.91,1479.75,176.6,51,290.3
21/12/2022,1,25.1,0.26,1,55.47,156.13,0,0,164.27,5.2009,0,1,0.62,16.51,88.06,85.82,12,1.0,-2.4492935982947064e-16,1.8,0.2,1.0,1.52,13.65,33.76,1484.5,175.43,51,288.3
22/12/2022,1,23.31,0.26,1,57.39,155.9,0,0,164.55,5.1665,0,1,0.62,16.53,88.08,85.58,12,1.0,-2.4492935982947064e-16,1.8,0.2,1.0,1.52,13.65,33.76,1472.0,174.79,51,297.1
23/12/2022,1,24.25,0.26,1,56.16,156.9,0,0,164.7,5.1652,0,1,0.62,16.61,88.03,85.8,12,1.0,-2.4492935982947064e-16,1.8,0.2,1.0,1.52,13.65,33.74,1484.5,174.23,51,290.0
24/12/2022,1,23.84,0.26,1,56.16,156.9,0,0,164.7,5.1652,0,1,0.62,16.61,88.03,85.8,12,1.0,-2.4492935982947064e-16,1.8,0.2,1.5,1.52,13.65,33.74,1484.5,174.23,51,290.0
25/12/2022,1,24.5,0.26,1,56.16,156.9,0,0,164.7,5.1652,0,1,0.62,16.61,88.03,85.8,12,1.0,-2.4492935982947064e-16,1.8,0.2,2.5,1.52,13.65,33.74,1484.5,174.23,51,290.0
26/12/2022,1,23.6,0.26,1,56.16,156.9,0,0,164.7,5.1652,0,1,0.62,16.61,88.03,85.8,12,1.0,-2.4492935982947064e-16,1.8,0.2,1.0,1.52,13.65,33.74,1484.5,174.23,52,290.0
27/12/2022,1,24.66,0.26,1,54.24,156.82,0,0,163.58,5.2928,0,1,0.62,16.39,88.27,86.61,12,1.0,-2.4492935982947064e-16,1.8,0.2,1.0,1.52,13.65,33.38,1489.0,176.37,52,286.6
28/12/2022,1,24.2,0.26,1,54.91,157.45,0,0,163.84,5.2676,0,1,0.62,16.45,89.42,86.42,12,1.0,-2.4492935982947064e-16,1.8,0.2,1.0,1.52,13.65,33.64,1514.25,176.72,52,288.45
29/12/2022,1,25.2,0.26,1,54.33,158.5,0,0,165.03,5.286,0,1,0.62,16.3,89.83,86.07,12,1.0,-2.4492935982947064e-16,1.8,0.2,1.0,1.52,13.65,33.44,1516.25,176.56,52,286.85
30/12/2022,1,25.73,0.26,1,54.33,154.82,0,0,164.05,5.286,0,1,0.62,16.3,89.83,86.07,12,1.0,-2.4492935982947064e-16,1.8,0.2,1.0,1.52,13.65,33.44,1524.0,176.56,52,286.85
31/12/2022,1,25.9,0.26,1,54.33,154.82,0,0,164.05,5.286,0,1,0.62,16.3,89.83,86.07,12,1.0,-2.4492935982947064e-16,1.8,0.2,1.0,1.52,13.65,33.44,1524.0,176.56,52,286.85
01/01/2023,1,27.77,0.26,1,54.33,154.82,0,1,164.05,5.286,0,1,0.62,16.3,89.83,86.07,1,0.8660254037844387,0.49999999999999994,1.8,0.2,2.0,0.26,13.65,33.44,1524.0,176.56,52,286.85
02/01/2023,1,27.11,0.26,1,54.33,154.82,0,1,164.05,5.286,0,1,0.53,16.3,89.83,86.07,1,0.8660254037844387,0.49999999999999994,20.9,1.8,0.5,0.26,13.65,33.44,1524.0,176.56,1,286.85
03/01/2023,1,26.67,0.26,1,53.86,156.85,0,1,164.82,5.4797,0,1,0.53,15.8,88.03,86.07,1,0.8660254037844387,0.49999999999999994,20.9,1.8,0.5,0.26,13.65,32.67,1492.25,177.96,1,293.45
04/01/2023,1,26.11,0.26,1,52.84,157.27,0,1,165.92,5.4312,0,1,0.53,15.83,87.81,86.35,1,0.8660254037844387,0.49999999999999994,20.9,1.8,0.5,0.26,13.65,32.7,1483.5,178.33,1,288.2
05/01/2023,1,25.7,0.26,1,53.14,157.35,0,1,165.6,5.3509,0,1,0.53,16.36,87.55,87.72,1,0.8660254037844387,0.49999999999999994,20.9,1.8,0.5,0.26,13.65,32.98,1470.75,176.86,1,284.95
06/01/2023,1,24.02,0.26,1,55.26,156.77,0,1,170.81,5.2254,0,1,0.53,16.69,88.11,87.5,1,0.8660254037844387,0.49999999999999994,20.9,1.8,0.5,0.26,13.65,33.22,1492.5,174.15,1,289.75
07/01/2023,1,25.53,0.26,1,55.26,156.77,0,1,170.81,5.2254,0,1,0.53,16.69,88.11,87.5,1,0.8660254037844387,0.49999999999999994,20.9,1.8,0.5,0.26,13.65,33.22,1492.5,174.15,1,289.75
08/01/2023,1,26.04,0.26,1,55.26,156.77,0,1,170.81,5.2254,0,1,0.53,16.69,88.11,87.5,1,0.8660254037844387,0.49999999999999994,20.9,1.8,0.5,0.26,13.65,33.22,1492.5,174.15,1,289.75
09/01/2023,1,25.58,0.26,1,51.73,157.75,0,1,171.5,5.2546,0,1,0.53,16.61,88.35,87.27,1,0.8660254037844387,0.49999999999999994,20.9,1.8,0.5,0.26,13.65,32.99,1488.5,173.35,2,271.85
10/01/2023,1,26.67,0.26,1,55.27,157.75,0,1,173.16,5.1997,0,1,0.53,16.79,88.02,87.33,1,0.8660254037844387,0.49999999999999994,20.9,1.8,0.5,0.26,13.65,33.14,1485.0,172.39,2,287.5
11/01/2023,1,25.2,0.26,1,55.37,157.75,0,1,171.35,5.16,0,1,0.53,16.81,87.64,87.19,1,0.8660254037844387,0.49999999999999994,20.9,1.8,0.5,0.26,13.65,32.99,1493.0,171.09,2,287.15
12/01/2023,1,27.46,0.26,1,56.89,157.55,0,1,172.39,5.1082,0,1,0.53,17.05,87.5,86.86,1,0.8660254037844387,0.49999999999999994,20.9,1.8,0.5,0.26,13.65,33.5,1518.5,170.67,2,289.8
13/01/2023,1,24.3,0.26,1,56.68,157.73,0,1,171.33,5.0956,0,1,0.53,17.05,87.0,86.87,1,0.8660254037844387,0.49999999999999994,20.9,1.8,0.5,0.26,13.65,33.64,1527.75,171.34,2,288.75
14/01/2023,1,26.59,0.26,1,56.68,157.73,0,1,171.33,5.0956,0,1,0.53,17.05,87.0,86.87,1,0.8660254037844387,0.49999999999999994,20.9,1.8,0.5,0.26,13.65,33.64,1527.75,171.34,2,288.75
15/01/2023,1,27.8,0.26,1,56.68,157.73,0,1,171.33,5.0956,0,1,0.53,17.05,87.0,86.87,1,0.8660254037844387,0.49999999999999994,20.9,1.8,0.5,0.26,13.65,33.64,1527.75,171.34,2,288.75
16/01/2023,1,26.87,0.26,1,56.68,157.73,0,1,171.33,5.0956,0,1,0.53,17.05,87.0,86.87,1,0.8660254037844387,0.49999999999999994,20.9,1.8,0.5,0.26,13.65,33.64,1527.75,171.34,3,288.75
17/01/2023,1,23.68,0.26,1,54.72,157.0,0,1,171.69,5.1003,0,1,0.53,16.87,91.91,86.19,1,0.8660254037844387,0.49999999999999994,20.9,1.8,0.5,0.26,13.65,33.46,1537.5,170.9,3,279.5
18/01/2023,1,25.58,0.26,1,55.63,156.8,0,1,171.48,5.1863,0,1,0.53,16.65,91.52,85.9,1,0.8660254037844387,0.49999999999999994,20.9,1.8,0.5,0.26,13.65,33.09,1521.5,170.73,3,287.0
19/01/2023,1,24.25,0.26,1,55.05,155.95,0,1,170.01,5.1741,0,1,0.53,16.5,90.78,85.38,1,0.8660254037844387,0.49999999999999994,20.9,1.8,0.5,0.26,13.65,33.06,1511.5,171.1,3,284.9
20/01/2023,1,25.85,0.26,1,53.33,156.63,0,1,170.78,5.2074,0,1,0.53,16.4,90.41,85.33,1,0.8660254037844387,0.49999999999999994,20.9,1.8,0.5,0.26,13.65,32.88,1501.75,171.05,3,277.5
21/01/2023,1,26.23,0.26,1,53.33,156.63,0,1,170.78,5.2074,0,1,0.53,16.4,90.41,85.33,1,0.8660254037844387,0.49999999999999994,20.9,1.8,0.5,0.26,13.65,32.88,1501.75,171.05,3,277.5
22/01/2023,1,24.29,0.26,1,53.33,156.63,0,1,170.78,5.2074,0,1,0.53,16.4,90.41,85.33,1,0.8660254037844387,0.49999999999999994,20.9,1.8,0.5,0.26,13.65,32.88,1501.75,171.05,3,277.5
23/01/2023,1,25.41,0.26,1,55.18,157.48,0,1,170.1,5.2076,0,1,0.53,16.44,89.97,85.43,1,0.8660254037844387,0.49999999999999994,20.9,1.8,0.5,0.26,13.65,32.54,1487.25,169.07,4,286.7
24/01/2023,1,25.57,0.26,1,53.81,157.85,0,1,168.9,5.1392,0,1,0.53,16.55,89.76,85.17,1,0.8660254037844387,0.49999999999999994,20.9,1.8,0.5,0.26,13.65,32.67,1486.5,168.14,4,276.95
25/01/2023,1,26.99,0.26,1,56.09,157.6,0,1,169.14,5.0734,0,1,0.53,16.79,89.11,85.22,1,0.8660254037844387,0.49999999999999994,20.9,1.8,0.5,0.26,13.65,32.53,1496.5,165.13,4,284.7
26/01/2023,1,26.52,0.26,1,57.19,156.73,0,1,172.45,5.0658,0,1,0.53,16.73,88.83,84.88,1,0.8660254037844387,0.49999999999999994,20.9,1.8,0.5,0.26,13.65,32.29,1514.75,163.78,4,290.05
27/01/2023,1,24.47,0.26,1,56.78,156.73,0,1,171.39,5.1089,0,1,0.53,16.58,87.8,84.74,1,0.8660254037844387,0.49999999999999994,20.9,1.8,0.5,0.26,13.65,32.19,1504.5,164.53,4,290.2
28/01/2023,1,25.61,0.26,1,56.78,156.73,0,1,171.39,5.1089,0,1,0.53,16.58,87.8,84.74,1,0.8660254037844387,0.49999999999999994,20.9,1.8,0.5,0.26,13.65,32.19,1504.5,164.53,4,290.2
29/01/2023,1,25.99,0.26,1,56.78,156.73,0,1,171.39,5.1089,0,1,0.53,16.58,87.8,84.74,1,0.8660254037844387,0.49999999999999994,20.9,1.8,0.5,0.26,13.65,32.19,1504.5,164.53,4,290.2
30/01/2023,1,25.54,0.26,1,56.6,158.75,0,1,171.66,5.1162,0,1,0.53,16.62,88.88,84.95,1,0.8660254037844387,0.49999999999999994,20.9,1.8,0.5,0.26,13.65,32.38,1529.5,165.51,5,289.35
31/01/2023,1,26.63,0.26,1,56.85,158.85,0,1,172.34,5.0731,0,1,0.53,16.83,89.0,85.49,1,0.8660254037844387,0.49999999999999994,20.9,1.8,0.5,0.26,13.65,32.72,1530.25,166.13,5,288.7
01/02/2023,1,26.19,0.26,0,57.19,158.43,0,1,171.25,5.0547,0,0,0.84,16.85,89.56,85.76,2,0.5000000000000001,0.8660254037844386,20.9,1.8,0.0,-0.26,13.65,32.56,1516.5,165.71,5,291.1
02/02/2023,1,25.35,0.26,0,57.61,159.75,0,1,171.69,5.0504,0,0,0.84,16.89,88.98,85.04,2,0.5000000000000001,0.8660254037844386,20.9,1.8,0.0,-0.26,13.65,32.6,1527.75,164.19,5,290.1
03/02/2023,1,26.18,0.26,0,55.73,160.27,0,1,172.23,5.1522,0,0,0.84,16.54,88.78,84.98,2,0.5000000000000001,0.8660254037844386,20.9,1.8,0.0,-0.26,13.65,32.04,1525.5,164.64,5,286.4
04/02/2023,1,27.69,0.26,0,55.73,160.27,0,1,172.23,5.1522,0,0,0.84,16.54,88.78,84.98,2,0.5000000000000001,0.8660254037844386,20.9,1.8,0.0,-0.26,13.65,32.04,1525.5,164.64,5,286.4
05/02/2023,1,27.09,0.26,0,55.73,160.27,0,1,172.23,5.1522,0,0,0.84,16.54,88.78,84.98,2,0.5000000000000001,0.8660254037844386,20.9,1.8,0.0,-0.26,13.65,32.04,1525.5,164.64,5,286.4
06/02/2023,1,26.39,0.26,0,56.63,160.82,0,1,170.49,5.1464,0,0,0.84,16.45,88.63,85.12,2,0.5000000000000001,0.8660254037844386,20.9,1.8,0.0,-0.26,13.65,32.14,1514.5,166.33,6,293.1
07/02/2023,1,27.1,0.26,0,55.64,160.57,0,1,173.45,5.2101,0,0,0.84,16.32,87.78,84.87,2,0.5000000000000001,0.8660254037844386,20.9,1.8,0.0,-0.26,13.65,32.05,1510.25,166.6,6,289.25
08/02/2023,1,26.34,0.26,0,57.16,160.8,0,1,182.85,5.2007,0,0,0.84,16.36,87.35,84.9,2,0.5000000000000001,0.8660254037844386,20.9,1.8,0.0,-0.26,13.65,32.07,1513.75,166.4,6,296.6
09/02/2023,1,27.41,0.26,0,56.01,160.82,0,1,178.45,5.2911,0,0,0.84,16.31,87.41,85.96,2,0.5000000000000001,0.8660254037844386,20.9,1.8,0.0,-0.26,13.65,31.65,1511.75,166.78,6,295.15
10/02/2023,1,27.95,0.26,0,56.48,161.2,0,1,179.6,5.2151,0,0,0.84,16.47,88.89,86.03,2,0.5000000000000001,0.8660254037844386,20.9,1.8,0.0,-0.26,13.65,32.09,1533.5,167.62,6,295.0
11/02/2023,1,28.95,0.26,0,56.48,161.2,0,1,179.6,5.2151,0,0,0.84,16.47,88.89,86.03,2,0.5000000000000001,0.8660254037844386,20.9,1.8,0.0,-0.26,13.65,32.09,1533.5,167.62,6,295.0
12/02/2023,1,27.16,0.26,0,56.48,161.2,0,1,179.6,5.2151,0,0,0.84,16.47,88.89,86.03,2,0.5000000000000001,0.8660254037844386,20.9,1.8,0.0,-0.26,13.65,32.09,1533.5,167.62,6,295.0
13/02/2023,1,28.78,0.26,0,58.41,162.27,0,1,180.68,5.1596,0,0,0.84,16.57,89.38,85.86,2,0.5000000000000001,0.8660254037844386,20.9,1.8,0.0,-0.26,13.65,32.34,1536.0,167.59,7,302.7
14/02/2023,1,30.51,0.26,0,57.85,162.15,0,1,181.83,5.1923,0,0,0.84,16.59,88.9,86.26,2,0.5000000000000001,0.8660254037844386,20.9,1.8,0.0,-0.26,13.65,31.96,1530.0,166.22,7,300.9
15/02/2023,1,28.65,0.26,0,56.75,162.55,0,1,183.69,5.219,0,0,0.84,16.5,88.46,86.06,2,0.5000000000000001,0.8660254037844386,20.9,1.8,0.0,-0.26,13.65,31.77,1519.5,165.71,7,296.0
16/02/2023,1,28.53,0.26,0,58.04,162.77,0,1,183.89,5.2178,0,0,0.84,16.52,88.67,86.24,2,0.5000000000000001,0.8660254037844386,20.9,1.8,0.0,-0.26,13.65,31.82,1521.25,166.11,7,302.95
17/02/2023,1,27.72,0.26,0,57.07,163.57,0,1,184.03,5.1674,0,0,0.84,16.61,88.96,85.73,2,0.5000000000000001,0.8660254037844386,20.9,1.8,0.5,-0.26,13.65,32.24,1522.25,166.41,7,294.6
18/02/2023,1,26.8,0.26,0,57.07,163.57,0,1,184.03,5.1674,0,0,0.84,16.61,88.96,85.73,2,0.5000000000000001,0.8660254037844386,20.9,1.8,0.5,-0.26,13.65,32.24,1522.25,166.41,7,294.6
19/02/2023,1,25.17,0.26,0,57.07,163.57,0,1,184.03,5.1674,0,0,0.84,16.61,88.96,85.73,2,0.5000000000000001,0.8660254037844386,20.9,1.8,0.5,-0.26,13.65,32.24,1522.25,166.41,7,294.6
20/02/2023,1,25.76,0.26,0,57.07,163.57,0,1,184.03,5.1674,0,0,0.84,16.61,88.96,85.73,2,0.5000000000000001,0.8660254037844386,20.9,1.8,0.5,-0.26,13.65,32.24,1522.25,166.41,8,294.6
21/02/2023,1,25.85,0.26,0,57.07,164.75,0,1,184.03,5.1675,0,0,0.84,16.61,88.96,85.73,2,0.5000000000000001,0.8660254037844386,20.9,1.8,1.5,-0.26,13.65,32.24,1544.0,166.41,8,294.6
22/02/2023,1,23.97,0.26,0,57.94,164.9,0,1,182.43,5.1522,0,0,0.84,16.65,88.37,86.06,2,0.5000000000000001,0.8660254037844386,20.9,1.8,0.0,-0.26,13.65,32.12,1534.75,166.05,8,299.5
23/02/2023,1,27.66,0.26,0,52.11,165.15,0,1,182.53,5.1373,0,0,0.84,16.8,88.32,86.22,2,0.5000000000000001,0.8660254037844386,20.9,1.8,0.0,-0.26,13.65,31.89,1527.25,163.65,8,267.45
24/02/2023,1,25.98,0.26,0,52.46,165.2,0,1,182.6,5.21,0,0,0.84,16.49,87.93,85.83,2,0.5000000000000001,0.8660254037844386,20.9,1.8,0.0,-0.26,13.65,31.43,1519.25,163.61,8,273.1
25/02/2023,1,28.0,0.26,0,52.46,165.2,0,1,182.6,5.21,0,0,0.84,16.49,87.93,85.83,2,0.5000000000000001,0.8660254037844386,20.9,1.8,0.0,-0.26,13.65,31.43,1519.25,163.61,8,273.1
26/02/2023,1,27.39,0.26,0,52.46,165.2,0,1,182.6,5.21,0,0,0.84,16.49,87.93,85.83,2,0.5000000000000001,0.8660254037844386,20.9,1.8,0.0,-0.26,13.65,31.43,1519.25,163.61,8,273.1
27/02/2023,1,26.81,0.26,0,52.46,165.0,0,1,179.64,5.2008,0,0,0.84,16.63,87.24,86.4,2,0.5000000000000001,0.8660254037844386,20.9,1.8,0.0,-0.26,13.65,31.63,1512.75,164.32,9,273.1
28/02/2023,1,24.95,0.26,0,51.32,167.5,0,1,180.83,5.2367,0,0,0.84,16.49,87.29,86.08,2,0.5000000000000001,0.8660254037844386,20.9,1.8,0.0,-0.26,13.65,31.06,1479.0,162.15,9,267.95
01/03/2023,1,25.62,0.26,0,52.7,165.13,0,1,179.73,5.1794,0,0,0.71,16.57,86.96,86.11,3,6.123233995736766e-17,1.0,20.9,1.8,0.0,1.21,13.65,31.05,1494.25,161.36,9,273.85
02/03/2023,1,27.36,0.26,0,52.7,164.1,0,1,181.94,5.2006,0,0,0.71,16.59,87.2,86.36,3,6.123233995736766e-17,1.0,20.9,1.8,0.0,1.21,13.65,31.13,1509.25,161.98,9,273.85
03/03/2023,1,26.39,0.26,0,52.7,165.43,0,1,180.76,5.1956,0,0,0.71,16.59,87.2,86.22,3,6.123233995736766e-17,1.0,20.9,1.8,0.0,1.21,13.65,31.34,1518.75,162.88,9,273.85
04/03/2023,1,26.11,0.26,0,52.7,165.43,0,1,180.76,5.1956,0,0,0.71,16.59,87.2,86.22,3,6.123233995736766e-17,1.0,20.9,1.8,0.0,1.21,13.65,31.34,1518.75,162.88,9,273.85
05/03/2023,1,27.66,0.26,0,52.7,165.43,0,1,180.76,5.1956,0,0,0.71,16.59,87.2,86.22,3,6.123233995736766e-17,1.0,20.9,1.8,0.0,1.21,13.65,31.34,1518.75,162.88,9,273.85
06/03/2023,1,27.85,0.26,0,52.7,166.1,0,1,180.38,5.1534,0,0,0.71,16.68,87.07,86.15,3,6.123233995736766e-17,1.0,20.9,1.8,0.0,1.21,13.65,31.45,1529.0,162.45,10,273.85
07/03/2023,1,26.77,0.26,0,51.43,165.98,0,1,177.77,5.191,0,0,0.71,16.54,86.78,85.84,3,6.123233995736766e-17,1.0,20.9,1.8,0.0,1.21,13.65,31.19,1515.5,161.93,10,266.95
08/03/2023,1,25.42,0.26,0,51.43,165.45,0,1,177.47,5.1453,0,0,0.71,16.73,86.2,86.03,3,6.123233995736766e-17,1.0,20.9,1.8,0.0,1.21,13.65,31.34,1517.75,161.2,10,266.95
09/03/2023,1,26.49,0.26,0,53.92,164.8,0,1,173.13,5.1645,0,0,0.71,16.65,86.35,85.47,3,6.123233995736766e-17,1.0,20.9,1.8,0.0,1.21,13.65,31.11,1510.75,159.73,10,276.8
10/03/2023,1,28.03,0.26,0,54.11,164.27,0,1,170.4,5.2166,0,0,0.71,16.36,86.05,85.32,3,6.123233995736766e-17,1.0,20.9,1.8,0.0,1.21,13.65,30.55,1507.0,159.34,10,282.2
11/03/2023,1,26.66,0.26,0,54.11,164.27,0,1,170.4,5.2166,0,0,0.71,16.36,86.05,85.32,3,6.123233995736766e-17,1.0,20.9,1.8,0.0,1.21,13.65,30.55,1507.0,159.34,10,282.2
12/03/2023,1,26.41,0.26,0,54.11,164.27,0,1,170.4,5.2166,0,0,0.71,16.36,86.05,85.32,3,6.123233995736766e-17,1.0,20.9,1.8,0.0,1.21,13.65,30.55,1507.0,159.34,10,282.2
13/03/2023,1,25.83,0.26,0,53.19,163.55,0,1,175.32,5.2459,0,0,0.71,16.25,85.85,85.61,3,6.123233995736766e-17,1.0,20.9,1.8,0.0,1.21,13.65,30.24,1491.25,159.32,11,280.2
14/03/2023,1,25.47,0.26,0,52.56,163.05,0,1,180.84,5.2543,0,0,0.71,16.25,85.74,85.42,3,6.123233995736766e-17,1.0,20.9,1.8,0.0,1.21,13.65,30.28,1493.75,159.17,11,276.25
15/03/2023,1,26.33,0.26,0,52.14,161.55,0,1,178.21,5.2882,0,0,0.71,16.15,85.51,85.49,3,6.123233995736766e-17,1.0,20.9,1.8,0.0,1.21,13.65,30.14,1474.5,159.58,11,276.05
16/03/2023,1,25.47,0.26,0,53.19,162.35,0,1,182.63,5.2285,0,0,0.71,16.28,86.75,85.37,3,6.123233995736766e-17,1.0,20.9,1.8,0.0,1.21,13.65,30.31,1476.0,158.9,11,278.9
17/03/2023,1,25.3,0.26,0,53.19,162.32,0,1,181.43,5.2778,0,0,0.71,16.16,86.38,85.24,3,6.123233995736766e-17,1.0,20.9,1.8,0.0,1.21,13.65,29.7,1461.25,156.66,11,278.9
18/03/2023,1,24.41,0.26,0,53.19,162.32,0,1,181.43,5.2778,0,0,0.71,16.16,86.38,85.24,3,6.123233995736766e-17,1.0,20.9,1.8,0.0,1.21,13.65,29.7,1461.25,156.66,11,278.9
19/03/2023,1,22.7,0.26,0,53.19,162.32,0,1,181.43,5.2778,0,0,0.71,16.16,86.38,85.24,3,6.123233995736766e-17,1.0,20.9,1.8,0.0,1.21,13.65,29.7,1461.25,156.66,11,278.9
20/03/2023,1,24.45,0.26,0,52.98,162.02,0,1,180.26,5.2368,0,0,0.71,16.15,85.86,84.66,3,6.123233995736766e-17,1.0,20.9,1.8,0.0,1.21,13.65,29.56,1466.75,155.0,12,277.8
21/03/2023,1,23.39,0.26,0,53.34,162.43,0,1,178.24,5.243,0,0,0.71,16.11,85.22,84.46,3,6.123233995736766e-17,1.0,20.9,1.8,0.0,1.21,13.65,29.34,1448.5,153.84,12,279.65
22/03/2023,1,25.28,0.26,0,52.94,162.3,0,1,175.09,5.2369,0,0,0.71,16.17,83.84,84.36,3,6.123233995736766e-17,1.0,20.9,1.8,0.0,1.21,13.65,28.97,1425.0,151.15,12,276.25
23/03/2023,1,24.7,0.26,0,55.38,162.15,0,1,175.63,5.2973,0,0,0.71,15.86,83.92,83.91,3,6.123233995736766e-17,1.0,20.9,1.8,0.0,1.21,13.65,27.92,1398.5,147.66,12,292.9
24/03/2023,1,25.62,0.26,0,56.94,163.0,0,1,179.06,5.2463,0,0,0.71,16.04,84.03,84.18,3,6.123233995736766e-17,1.0,20.9,1.8,0.0,1.21,13.65,27.79,1406.25,145.86,12,298.8
25/03/2023,1,26.31,0.26,0,56.94,163.0,0,1,179.06,5.2463,0,0,0.71,16.04,84.03,84.18,3,6.123233995736766e-17,1.0,20.9,1.8,0.0,1.21,13.65,27.79,1406.25,145.86,12,298.8
26/03/2023,1,27.36,0.26,0,56.94,163.0,0,1,179.06,5.2463,0,0,0.71,16.04,84.03,84.18,3,6.123233995736766e-17,1.0,20.9,1.8,0.0,1.21,13.65,27.79,1406.25,145.86,12,298.8
27/03/2023,1,26.7,0.26,0,56.68,164.9,0,1,180.5,5.1983,0,0,0.71,16.12,83.92,84.0,3,6.123233995736766e-17,1.0,20.9,1.8,0.0,1.21,13.65,27.8,1420.75,144.86,13,295.35
28/03/2023,1,25.43,0.26,0,57.14,164.95,0,1,182.74,5.1655,0,0,0.71,16.14,82.58,83.39,3,6.123233995736766e-17,1.0,20.9,1.8,0.0,1.21,13.65,28.1,1444.5,145.16,13,295.2
29/03/2023,1,26.96,0.26,0,57.53,165.82,0,1,182.48,5.1356,0,0,0.71,16.18,82.19,83.17,3,6.123233995736766e-17,1.0,20.9,1.8,0.0,1.21,13.65,28.51,1450.75,146.56,13,295.75
30/03/2023,1,27.45,0.26,0,57.85,167.55,0,1,184.31,5.0938,0,0,0.71,16.25,81.06,82.9,3,6.123233995736766e-17,1.0,20.9,1.8,0.0,1.21,13.65,28.88,1447.0,147.31,13,295.1
31/03/2023,1,28.34,0.26,0,58.38,168.35,0,1,186.84,5.0631,0,0,0.71,16.29,79.63,82.6,3,6.123233995736766e-17,1.0,20.9,1.8,0.0,1.21,13.65,29.1,1475.5,147.5,13,295.95
01/04/2023,1,26.06,0.26,0,58.38,168.35,0,0,186.84,5.0631,0,0,0.71,16.29,79.63,82.6,4,-0.4999999999999998,0.8660254037844387,20.9,1.8,0.0,0.6,13.65,29.1,1475.5,147.5,13,295.95
02/04/2023,1,26.35,0.26,0,58.38,168.35,0,0,186.84,5.0631,0,0,0.71,16.29,79.63,82.6,4,-0.4999999999999998,0.8660254037844387,20.9,1.8,0.0,0.6,13.65,29.1,1475.5,147.5,13,295.95
03/04/2023,1,25.06,0.26,0,58.5,168.13,0,0,185.66,5.0632,0,0,0.61,16.24,80.6,82.4,4,-0.4999999999999998,0.8660254037844387,-6.4,0.9,0.0,0.6,13.65,29.26,1495.0,148.45,14,296.85
04/04/2023,1,26.16,0.26,0,57.84,167.6,0,0,188.32,5.0716,0,0,0.61,15.95,79.93,81.12,4,-0.4999999999999998,0.8660254037844387,-6.4,0.9,0.0,0.6,13.65,29.31,1482.75,149.12,14,294.25
05/04/2023,1,26.97,0.26,0,57.44,168.4,0,0,190.42,5.034,0,0,0.61,16.0,80.02,80.89,4,-0.4999999999999998,0.8660254037844387,-6.4,0.9,0.0,0.6,13.65,29.36,1477.75,148.4,14,290.3
06/04/2023,1,26.57,0.26,0,58.13,171.07,0,0,190.33,5.057,0,0,0.61,15.86,79.79,80.24,4,-0.4999999999999998,0.8660254037844387,-6.4,0.9,0.0,0.6,13.65,28.9,1462.5,146.22,14,294.15
07/04/2023,1,24.82,0.26,0,58.13,171.07,0,0,190.33,5.057,0,0,0.61,15.86,79.79,80.24,4,-0.4999999999999998,0.8660254037844387,-6.4,0.9,0.5,0.6,13.65,28.9,1462.5,146.22,14,294.15
08/04/2023,1,26.65,0.26,0,58.13,171.07,0,0,190.33,5.057,0,0,0.61,15.86,79.79,80.24,4,-0.4999999999999998,0.8660254037844387,-6.4,0.9,0.5,0.6,13.65,28.9,1462.5,146.22,14,294.15
09/04/2023,1,26.65,0.26,0,58.13,171.07,0,0,190.33,5.057,0,0,0.61,15.86,79.79,80.24,4,-0.4999999999999998,0.8660254037844387,-6.4,0.9,1.5,0.6,13.65,28.9,1462.5,146.22,14,294.15
10/04/2023,1,26.75,0.26,0,56.19,171.38,0,0,188.03,5.0655,0,0,0.61,15.66,78.65,79.39,4,-0.4999999999999998,0.8660254037844387,-6.4,0.9,0.0,0.6,13.65,28.3,1461.75,143.48,15,284.9
11/04/2023,1,26.16,0.26,0,58.52,172.3,0,0,186.9,5.0054,0,0,0.61,15.65,76.24,78.34,4,-0.4999999999999998,0.8660254037844387,-6.4,0.9,0.0,0.6,13.65,28.47,1471.25,142.55,15,293.0
12/04/2023,1,26.94,0.26,0,58.97,174.27,0,0,187.05,4.9181,0,0,0.61,15.71,74.76,77.66,4,-0.4999999999999998,0.8660254037844387,-6.4,0.9,0.0,0.6,13.65,28.61,1472.25,141.47,15,291.55
13/04/2023,1,25.62,0.26,0,57.92,175.5,0,0,185.29,4.9272,0,0,0.61,15.6,73.35,76.88,4,-0.4999999999999998,0.8660254037844387,-6.4,0.9,0.0,0.6,13.65,28.42,1473.25,140.0,15,285.35
14/04/2023,1,27.33,0.26,0,58.13,174.75,0,0,185.82,4.9096,0,0,0.61,15.45,73.8,75.99,4,-0.4999999999999998,0.8660254037844387,-6.4,0.9,0.0,0.6,13.65,28.06,1467.25,137.98,15,285.9
15/04/2023,1,28.14,0.26,0,58.13,174.75,0,0,185.82,4.9096,0,0,0.61,15.45,73.8,75.99,4,-0.4999999999999998,0.8660254037844387,-6.4,0.9,0.0,0.6,13.65,28.06,1467.25,137.98,15,285.9
16/04/2023,1,28.58,0.26,0,58.13,174.75,0,0,185.82,4.9096,0,0,0.61,15.45,73.8,75.99,4,-0.4999999999999998,0.8660254037844387,-6.4,0.9,0.0,0.6,13.65,28.06,1467.25,137.98,15,285.9
17/04/2023,1,27.48,0.26,0,58.12,175.75,0,0,187.42,4.9413,0,0,0.61,15.26,72.0,75.29,4,-0.4999999999999998,0.8660254037844387,-6.4,0.9,0.0,0.6,13.65,27.78,1485.5,137.1,16,286.8
18/04/2023,1,26.36,0.26,0,57.17,176.48,0,0,186.7,4.984,0,0,0.61,14.86,70.03,73.92,4,-0.4999999999999998,0.8660254037844387,-6.4,0.9,0.0,0.6,13.65,27.67,1491.0,137.67,16,284.4
19/04/2023,1,27.73,0.26,0,54.85,175.43,0,0,187.57,5.0753,0,0,0.61,14.33,68.98,72.76,4,-0.4999999999999998,0.8660254037844387,-6.4,0.9,0.0,0.6,13.65,27.17,1478.75,137.91,16,278.4
20/04/2023,1,26.48,0.26,0,56.49,174.1,0,0,185.7,5.0486,0,0,0.61,13.97,66.72,70.6,4,-0.4999999999999998,0.8660254037844387,-6.4,0.9,0.0,0.6,13.65,27.09,1468.5,136.85,16,285.4
21/04/2023,1,28.34,0.26,0,56.49,173.98,0,0,185.7,5.0486,0,0,0.61,13.97,66.72,70.6,4,-0.4999999999999998,0.8660254037844387,-6.4,0.9,0.0,0.6,13.65,27.09,1449.0,136.85,16,285.4
22/04/2023,1,27.08,0.26,0,56.49,173.98,0,0,185.7,5.0486,0,0,0.61,13.97,66.72,70.6,4,-0.4999999999999998,0.8660254037844387,-6.4,0.9,0.0,0.6,13.65,27.09,1449.0,136.85,16,285.4
23/04/2023,1,27.46,0.26,0,56.49,173.98,0,0,185.7,5.0486,0,0,0.61,13.97,66.72,70.6,4,-0.4999999999999998,0.8660254037844387,-6.4,0.9,0.0,0.6,13.65,27.09,1449.0,136.85,16,285.4
24/04/2023,1,27.4,0.26,0,56.13,174.3,0,0,182.64,5.0337,0,0,0.61,13.91,64.22,70.11,4,-0.4999999999999998,0.8660254037844387,-6.4,0.9,0.0,0.6,13.65,26.56,1436.0,133.86,17,282.9
25/04/2023,1,27.5,0.26,0,55.55,174.3,0,0,183.2,5.0497,0,0,0.61,13.76,67.26,69.75,4,-0.4999999999999998,0.8660254037844387,-6.4,0.9,0.0,0.6,13.65,25.9,1417.5,131.27,17,281.6
26/04/2023,1,27.93,0.26,0,55.24,174.52,0,0,180.41,5.0435,0,0,0.61,13.59,66.05,68.68,4,-0.4999999999999998,0.8660254037844387,-6.4,0.9,0.0,0.6,13.65,25.78,1414.75,130.24,17,279.15
27/04/2023,1,27.77,0.26,0,55.83,175.45,0,0,179.9,4.9771,0,0,0.61,13.59,64.25,67.71,4,-0.4999999999999998,0.8660254037844387,-6.4,0.9,0.0,0.6,13.65,26.26,1403.75,130.83,17,278.2
28/04/2023,1,28.04,0.26,0,54.4,175.18,0,0,181.23,4.9865,0,0,0.61,13.15,65.29,65.61,4,-0.4999999999999998,0.8660254037844387,-6.4,0.9,0.0,0.6,13.65,26.17,1419.25,130.57,17,271.4
29/04/2023,1,28.39,0.26,0,54.4,175.18,0,0,181.23,4.9865,0,0,0.61,13.15,65.29,65.61,4,-0.4999999999999998,0.8660254037844387,-6.4,0.9,0.0,0.6,13.65,26.17,1419.25,130.57,17,271.4
30/04/2023,1,26.93,0.26,0,54.4,175.18,0,0,181.23,4.9865,0,0,0.61,13.15,65.29,65.61,4,-0.4999999999999998,0.8660254037844387,-6.4,0.9,0.0,0.6,13.65,26.17,1419.25,130.57,17,271.4
01/05/2023,1,26.1,0.26,1,54.4,164.88,0,0,181.23,4.9889,0,0,0.61,13.15,65.29,65.61,5,-0.8660254037844387,0.49999999999999994,-6.4,0.9,0.0,-3.76,13.65,26.17,1427.5,130.57,18,271.4
02/05/2023,1,27.61,0.26,1,54.16,162.9,0,0,181.0,5.0387,0,0,0.23,12.78,63.46,64.5,5,-0.8660254037844387,0.49999999999999994,-6.4,0.9,0.0,-3.76,13.65,26.06,1410.75,131.53,18,273.35
03/05/2023,1,25.94,0.26,1,52.55,161.65,0,0,176.9,4.9949,0,0,0.23,12.85,62.64,64.15,5,-0.8660254037844387,0.49999999999999994,-6.4,0.9,0.0,-3.76,13.65,26.37,1417.5,131.61,18,262.3
04/05/2023,1,25.78,0.26,1,52.16,161.57,0,0,179.43,4.9822,0,0,0.23,12.59,62.47,62.85,5,-0.8660254037844387,0.49999999999999994,-6.4,0.9,0.0,-3.76,13.65,26.47,1417.75,132.18,18,260.45
05/05/2023,1,25.9,0.26,1,54.53,161.93,0,0,180.61,4.9518,0,0,0.23,12.6,61.12,62.32,5,-0.8660254037844387,0.49999999999999994,-6.4,0.9,0.0,-3.76,13.65,26.82,1436.5,132.58,18,269.6
06/05/2023,0,28.05,0.26,1,54.53,161.93,0,0,180.61,4.9518,0,0,0.23,12.6,61.12,62.32,5,-0.8660254037844387,0.49999999999999994,-6.4,0.9,0.0,-3.76,13.65,26.82,1436.5,132.58,18,269.6
07/05/2023,0,27.98,0.26,1,54.53,161.93,0,0,180.61,4.9518,0,0,0.23,12.6,61.12,62.32,5,-0.8660254037844387,0.49999999999999994,-6.4,0.9,0.0,-3.76,13.65,26.82,1436.5,132.58,18,269.6
08/05/2023,0,27.11,0.26,1,54.72,162.43,0,0,181.15,5.0097,0,0,0.23,12.32,61.33,61.75,5,-0.8660254037844387,0.49999999999999994,-6.4,0.9,0.0,-3.76,13.65,26.72,1433.75,133.96,19,274.35
09/05/2023,0,27.13,0.26,1,54.64,163.93,0,0,180.12,4.9862,0,0,0.23,12.12,59.73,60.46,5,-0.8660254037844387,0.49999999999999994,-6.4,0.9,0.0,-3.76,13.65,27.03,1414.25,134.82,19,272.55
10/05/2023,0,28.08,0.26,1,55.48,163.0,0,0,180.78,4.9424,0,0,0.23,12.14,59.14,60.13,5,-0.8660254037844387,0.49999999999999994,-6.4,0.9,0.0,-3.76,13.65,26.89,1404.0,133.12,19,274.7
11/05/2023,0,27.89,0.26,1,54.88,162.95,0,0,179.0,4.9295,0,0,0.23,11.87,59.0,58.69,5,-0.8660254037844387,0.49999999999999994,-6.4,0.9,0.0,-3.76,13.65,27.04,1405.5,133.65,19,271.25
12/05/2023,0,27.75,0.26,1,55.32,164.4,0,0,180.43,4.9195,0,0,0.23,11.93,58.27,58.79,5,-0.8660254037844387,0.49999999999999994,-6.4,0.9,0.5,-3.76,13.65,27.02,1390.0,133.1,19,272.55
13/05/2023,0,27.46,0.26,1,55.32,164.4,0,0,180.43,4.9195,0,0,0.23,11.93,58.27,58.79,5,-0.8660254037844387,0.49999999999999994,-6.4,0.9,0.5,-3.76,13.65,27.02,1390.0,133.1,19,272.55
14/05/2023,0,27.86,0.26,1,55.32,164.4,0,0,180.43,4.9195,0,0,0.23,11.93,58.27,58.79,5,-0.8660254037844387,0.49999999999999994,-6.4,0.9,1.5,-3.76,13.65,27.02,1390.0,133.1,19,272.55
15/05/2023,0,27.47,0.26,1,55.91,164.32,0,0,179.86,4.8904,0,0,0.23,12.02,58.77,58.83,5,-0.8660254037844387,0.49999999999999994,-6.4,0.9,0.0,-3.76,13.65,27.17,1328.25,132.99,20,273.6
16/05/2023,0,28.16,0.26,1,54.1,163.88,0,0,177.15,4.9402,0,0,0.23,11.91,55.68,58.84,5,-0.8660254037844387,0.49999999999999994,-6.4,0.9,0.0,-3.76,13.65,26.63,1298.25,131.53,20,267.2
17/05/2023,0,27.53,0.26,1,54.21,164.82,0,0,178.05,4.9396,0,0,0.23,11.63,54.42,57.43,5,-0.8660254037844387,0.49999999999999994,-6.4,0.9,0.0,-3.76,13.65,26.37,1274.75,130.22,20,267.75
18/05/2023,0,27.49,0.26,1,53.79,165.52,0,0,177.37,4.9652,0,0,0.23,11.37,53.44,56.51,5,-0.8660254037844387,0.49999999999999994,-6.4,0.9,0.0,-3.76,13.65,25.93,1269.5,128.84,20,267.3
19/05/2023,0,27.9,0.26,1,52.71,165.73,0,0,177.38,4.9981,0,0,0.23,11.21,54.58,56.04,5,-0.8660254037844387,0.49999999999999994,-6.4,0.9,0.0,-3.76,13.65,25.86,1248.0,129.34,20,263.6
20/05/2023,0,26.64,0.26,1,52.71,165.73,0,0,177.38,4.9981,0,0,0.23,11.21,54.58,56.04,5,-0.8660254037844387,0.49999999999999994,-6.4,0.9,0.0,-3.76,13.65,25.86,1248.0,129.34,20,263.6
21/05/2023,0,25.77,0.26,1,52.71,165.73,0,0,177.38,4.9981,0,0,0.23,11.21,54.58,56.04,5,-0.8660254037844387,0.49999999999999994,-6.4,0.9,0.0,-3.76,13.65,25.86,1248.0,129.34,20,263.6
22/05/2023,0,26.4,0.26,1,53.04,165.05,0,0,177.48,4.9667,0,0,0.23,11.24,54.74,55.83,5,-0.8660254037844387,0.49999999999999994,-6.4,0.9,0.0,-3.76,13.65,25.95,1275.5,128.95,21,263.55
23/05/2023,0,25.99,0.26,1,52.66,164.27,0,0,174.7,4.9714,0,0,0.23,11.09,55.9,55.16,5,-0.8660254037844387,0.49999999999999994,-6.4,0.9,0.0,-3.76,13.65,26.09,1258.75,129.72,21,261.85
24/05/2023,0,26.63,0.26,1,51.96,166.1,0,0,175.67,4.9619,0,0,0.23,11.02,56.03,54.56,5,-0.8660254037844387,0.49999999999999994,-6.4,0.9,0.0,-3.76,13.65,26.02,1258.75,128.86,21,257.3
25/05/2023,0,26.65,0.26,1,50.78,167.3,0,0,172.69,5.0356,0,0,0.23,10.92,56.06,55.0,5,-0.8660254037844387,0.49999999999999994,-6.4,0.9,0.0,-3.76,13.65,25.68,1249.75,129.4,21,255.85
26/05/2023,0,26.4,0.26,1,50.76,167.35,0,0,172.35,4.9939,0,0,0.23,10.99,58.39,54.82,5,-0.8660254037844387,0.49999999999999994,-6.4,0.9,0.0,-3.76,13.65,26.2,1261.0,130.72,21,253.3
27/05/2023,0,27.35,0.26,1,50.76,167.35,0,0,172.35,4.9939,0,0,0.23,10.99,58.39,54.82,5,-0.8660254037844387,0.49999999999999994,-6.4,0.9,0.0,-3.76,13.65,26.2,1261.0,130.72,21,253.3
28/05/2023,0,26.95,0.26,1,50.76,167.35,0,0,172.35,4.9939,0,0,0.23,10.99,58.39,54.82,5,-0.8660254037844387,0.49999999999999994,-6.4,0.9,0.0,-3.76,13.65,26.2,1261.0,130.72,21,253.3
29/05/2023,0,26.95,0.26,1,50.76,167.35,0,0,172.35,4.9939,0,0,0.23,10.99,58.39,54.82,5,-0.8660254037844387,0.49999999999999994,-6.4,0.9,0.0,-3.76,13.65,26.2,1261.0,130.72,22,253.3
30/05/2023,0,27.31,0.26,1,47.96,168.88,0,0,173.84,5.0357,0,0,0.23,10.76,55.58,54.27,5,-0.8660254037844387,0.49999999999999994,-6.4,0.9,0.0,-3.76,13.65,25.68,1219.5,129.47,22,241.75
31/05/2023,0,25.65,0.26,1,47.89,169.13,0,0,174.38,5.0574,0,0,0.23,10.59,53.71,53.77,5,-0.8660254037844387,0.49999999999999994,-6.4,0.9,0.0,-3.76,13.65,25.21,1217.75,128.05,22,243.25
01/06/2023,0,27.59,0.26,1,48.65,174.9,0,0,175.62,5.014,1,0,-0.08,10.75,54.65,53.9,6,-1.0,1.2246467991473532e-16,-6.4,0.9,0.5,-3.01,13.65,25.42,1244.0,127.43,22,243.9
02/06/2023,0,27.93,0.26,1,50.09,176.43,0,0,180.77,4.9571,1,0,-0.08,10.84,53.83,53.72,6,-1.0,1.2246467991473532e-16,-6.4,0.9,0.5,-3.01,13.65,25.79,1262.5,127.82,22,248.3
03/06/2023,0,27.7,0.26,1,50.09,176.43,0,0,180.77,4.9571,1,0,-0.08,10.84,53.83,53.72,6,-1.0,1.2246467991473532e-16,-6.4,0.9,0.5,-3.01,13.65,25.79,1262.5,127.82,22,248.3
04/06/2023,0,27.13,0.26,1,50.09,176.43,0,0,180.77,4.9571,1,0,-0.08,10.84,53.83,53.72,6,-1.0,1.2246467991473532e-16,-6.4,0.9,0.5,-3.01,13.65,25.79,1262.5,127.82,22,248.3
05/06/2023,0,26.29,0.26,1,50.51,177.15,0,0,181.72,4.9289,1,0,-0.08,10.89,52.91,53.63,6,-1.0,1.2246467991473532e-16,-6.4,0.9,0.5,-3.01,13.65,25.95,1261.0,127.86,23,248.85
06/06/2023,0,25.75,0.26,1,49.85,179.82,0,0,179.84,4.9125,1,0,-0.08,11.01,52.96,54.07,6,-1.0,1.2246467991473532e-16,-6.4,0.9,0.5,-3.01,13.65,25.95,1265.75,127.48,23,244.9
07/06/2023,0,26.31,0.26,1,49.62,179.0,0,0,178.09,4.9235,1,0,-0.08,10.91,53.38,53.72,6,-1.0,1.2246467991473532e-16,-6.4,0.9,0.5,-3.01,13.65,25.89,1267.25,127.53,23,244.4
08/06/2023,0,25.86,0.26,1,49.62,178.77,0,0,178.09,4.9235,1,0,-0.08,10.91,53.38,53.72,6,-1.0,1.2246467991473532e-16,-6.4,0.9,0.5,-3.01,13.65,25.89,1279.25,127.53,23,244.4
09/06/2023,0,26.48,0.26,1,51.5,178.23,0,0,180.32,4.8791,1,0,-0.08,11.02,53.27,53.73,6,-1.0,1.2246467991473532e-16,-6.4,0.9,0.5,-3.01,13.65,26.17,1296.0,127.61,23,251.1
10/06/2023,0,26.68,0.26,1,51.5,178.23,0,0,180.32,4.8791,1,0,-0.08,11.02,53.27,53.73,6,-1.0,1.2246467991473532e-16,-6.4,0.9,0.5,-3.01,13.65,26.17,1296.0,127.61,23,251.1
11/06/2023,0,27.95,0.26,1,51.5,178.23,0,0,180.32,4.8791,1,0,-0.08,11.02,53.27,53.73,6,-1.0,1.2246467991473532e-16,-6.4,0.9,0.5,-3.01,13.65,26.17,1296.0,127.61,23,251.1
12/06/2023,0,27.57,0.26,1,48.84,179.07,0,0,174.97,4.8613,1,0,-0.08,11.05,53.18,53.77,6,-1.0,1.2246467991473532e-16,-6.4,0.9,0.5,-3.01,13.65,26.16,1292.5,127.28,24,237.65
13/06/2023,0,26.53,0.26,1,50.1,179.43,0,0,173.4,4.8622,1,0,-0.08,11.12,53.23,54.07,6,-1.0,1.2246467991473532e-16,-6.4,0.9,1.5,-3.01,13.65,26.19,1321.75,127.37,24,243.65
14/06/2023,0,25.74,0.26,1,51.66,177.45,0,0,177.07,4.8146,1,0,-0.08,11.25,53.52,54.33,6,-1.0,1.2246467991473532e-16,-6.4,0.9,0.5,-3.01,13.65,26.23,1318.5,126.62,24,249.4
15/06/2023,0,25.58,0.26,1,49.16,177.57,0,0,177.77,4.8102,1,0,-0.08,11.31,54.76,54.35,6,-1.0,1.2246467991473532e-16,-6.4,0.9,0.5,-3.01,13.65,26.46,1368.5,127.12,24,236.15
16/06/2023,0,26.04,0.26,1,50.68,178.35,0,0,179.61,4.8199,1,0,-0.08,11.28,57.2,54.36,6,-1.0,1.2246467991473532e-16,-6.4,0.9,0.5,-3.01,13.65,26.64,1407.5,128.34,24,244.2
17/06/2023,0,26.57,0.26,1,50.68,178.35,0,0,179.61,4.8199,1,0,-0.08,11.28,57.2,54.36,6,-1.0,1.2246467991473532e-16,-6.4,0.9,0.5,-3.01,13.65,26.64,1407.5,128.34,24,244.2
18/06/2023,0,26.54,0.26,1,50.68,178.35,0,0,179.61,4.8199,1,0,-0.08,11.28,57.2,54.36,6,-1.0,1.2246467991473532e-16,-6.4,0.9,0.5,-3.01,13.65,26.64,1407.5,128.34,24,244.2
19/06/2023,0,27.05,0.26,1,50.68,178.35,0,0,179.61,4.8199,1,0,-0.08,11.28,57.2,54.36,6,-1.0,1.2246467991473532e-16,-6.4,0.9,0.5,-3.01,13.65,26.64,1407.5,128.34,25,244.2
20/06/2023,0,27.07,0.26,1,52.5,177.13,0,0,178.22,4.7902,1,0,-0.08,11.44,56.31,54.83,6,-1.0,1.2246467991473532e-16,-6.4,0.9,0.5,-3.01,13.65,26.93,1408.25,129.07,25,251.6
21/06/2023,0,26.73,0.26,1,53.03,177.25,0,0,177.16,4.763,1,0,-0.08,11.64,59.13,55.52,6,-1.0,1.2246467991473532e-16,-6.4,0.9,0.5,-3.01,13.65,27.42,1445.0,130.8,25,252.95
22/06/2023,0,26.05,0.26,1,52.3,177.65,0,0,177.65,4.7689,1,0,-0.08,11.94,58.59,57.07,6,-1.0,1.2246467991473532e-16,-6.4,0.9,0.5,-3.01,13.65,27.14,1418.25,129.68,25,249.9
23/06/2023,0,26.2,0.26,1,52.79,177.5,0,0,177.23,4.7864,1,0,-0.08,12.0,56.13,57.36,6,-1.0,1.2246467991473532e-16,-6.4,0.9,0.5,-3.01,13.65,26.92,1404.0,128.7,25,252.4
24/06/2023,0,27.28,0.26,1,52.79,177.5,0,0,177.23,4.7864,1,0,-0.08,12.0,56.13,57.36,6,-1.0,1.2246467991473532e-16,-6.4,0.9,1.5,-3.01,13.65,26.92,1404.0,128.7,25,252.4
25/06/2023,0,25.36,0.26,1,52.79,177.5,0,0,177.23,4.7864,1,0,-0.08,12.0,56.13,57.36,6,-1.0,1.2246467991473532e-16,-6.4,0.9,0.5,-3.01,13.65,26.92,1404.0,128.7,25,252.4
26/06/2023,0,25.55,0.26,1,54.09,177.7,0,0,174.52,4.7675,1,0,-0.08,12.05,57.29,57.41,6,-1.0,1.2246467991473532e-16,-6.4,0.9,0.5,-3.01,13.65,27.33,1424.5,130.26,26,257.8
27/06/2023,0,25.01,0.26,1,53.79,179.3,0,0,174.58,4.8103,1,0,-0.08,12.02,55.7,57.67,6,-1.0,1.2246467991473532e-16,-6.4,0.9,0.5,-3.01,13.65,26.89,1395.5,128.97,26,258.0
28/06/2023,0,25.83,0.26,1,52.06,179.63,0,0,178.66,4.8506,1,0,-0.08,11.63,55.25,56.36,6,-1.0,1.2246467991473532e-16,-6.4,0.9,0.5,-3.01,13.65,26.52,1361.0,128.45,26,252.2
29/06/2023,0,25.67,0.26,1,53.54,179.75,0,0,178.88,4.8553,1,0,-0.08,11.56,54.48,56.12,6,-1.0,1.2246467991473532e-16,-6.4,0.9,1.5,-3.01,13.65,26.47,1367.75,128.56,26,260.0
30/06/2023,0,25.0,0.26,1,53.04,181.5,0,0,180.76,4.786,1,0,-0.08,11.55,53.3,55.36,6,-1.0,1.2246467991473532e-16,-6.4,0.9,0.5,-3.01,13.65,27.37,1442.0,131.2,26,254.2
01/07/2023,0,25.43,0.26,1,53.04,181.5,1,0,180.76,4.786,1,0,-0.08,11.55,53.3,55.36,7,-0.8660254037844388,-0.4999999999999997,-6.4,0.9,0.5,-3.93,13.65,27.37,1442.0,131.2,26,254.2
02/07/2023,0,24.95,0.26,1,53.04,181.5,1,0,180.76,4.786,1,0,-0.08,11.55,53.3,55.36,7,-0.8660254037844388,-0.4999999999999997,-6.4,0.9,0.5,-3.93,13.65,27.37,1442.0,131.2,26,254.2
03/07/2023,0,24.94,0.26,1,53.92,176.82,1,0,181.61,4.8077,1,0,0.12,11.56,52.94,55.53,7,-0.8660254037844388,-0.4999999999999997,-5.6,0.1,0.5,-3.93,13.65,27.65,1467.75,132.85,27,259.05
04/07/2023,0,25.28,0.26,1,53.92,176.82,1,0,181.61,4.8077,1,0,0.12,11.56,52.94,55.53,7,-0.8660254037844388,-0.4999999999999997,-5.6,0.1,0.5,-3.93,13.65,27.65,1467.75,132.85,27,259.05
05/07/2023,0,24.77,0.26,1,50.51,174.95,1,0,179.36,4.8478,1,0,0.12,11.58,53.2,56.12,7,-0.8660254037844388,-0.4999999999999997,-5.6,0.1,0.5,-3.93,13.65,27.64,1468.75,133.91,27,244.7
06/07/2023,0,25.05,0.26,1,52.23,174.57,1,0,178.77,4.9193,1,0,0.12,11.24,54.47,55.35,7,-0.8660254037844388,-0.4999999999999997,-5.6,0.1,0.5,-3.93,13.65,27.3,1448.25,134.46,27,257.3
07/07/2023,0,24.88,0.26,1,52.74,177.0,1,0,177.5,4.872,1,0,0.12,11.5,53.7,55.88,7,-0.8660254037844388,-0.4999999999999997,-5.6,0.1,0.5,-3.93,13.65,27.44,1427.75,133.34,27,256.25
08/07/2023,0,25.24,0.26,1,52.74,177.0,1,0,177.5,4.872,1,0,0.12,11.5,53.7,55.88,7,-0.8660254037844388,-0.4999999999999997,-5.6,0.1,0.5,-3.93,13.65,27.44,1427.75,133.34,27,256.25
09/07/2023,0,26.12,0.26,1,52.74,177.0,1,0,177.5,4.872,1,0,0.12,11.5,53.7,55.88,7,-0.8660254037844388,-0.4999999999999997,-5.6,0.1,0.5,-3.93,13.65,27.44,1427.75,133.34,27,256.25
10/07/2023,0,26.88,0.26,1,52.14,177.2,1,0,176.87,4.8978,1,0,0.12,11.42,54.38,55.79,7,-0.8660254037844388,-0.4999999999999997,-5.6,0.1,0.5,-3.93,13.65,27.59,1455.5,134.78,28,254.7
11/07/2023,0,26.48,0.26,1,52.93,178.82,1,0,177.87,4.8538,1,0,0.12,11.37,55.4,55.24,7,-0.8660254037844388,-0.4999999999999997,-5.6,0.1,0.5,-3.93,13.65,28.08,1471.5,136.44,28,257.15
12/07/2023,0,27.24,0.26,1,53.55,176.88,1,0,176.88,4.8184,1,0,0.12,11.48,54.84,55.29,7,-0.8660254037844388,-0.4999999999999997,-5.6,0.1,0.5,-3.93,13.65,27.96,1444.25,134.71,28,258.0
13/07/2023,0,26.95,0.26,1,52.86,176.9,1,0,178.74,4.7971,1,0,0.12,11.29,55.26,54.06,7,-0.8660254037844388,-0.4999999999999997,-5.6,0.1,0.5,-3.93,13.65,28.4,1484.75,136.02,28,253.2
14/07/2023,0,25.65,0.26,1,53.17,180.18,1,0,181.58,4.7894,1,0,0.12,11.32,54.4,54.28,7,-0.8660254037844388,-0.4999999999999997,-5.6,0.1,0.5,-3.93,13.65,28.43,1480.25,136.31,28,254.9
15/07/2023,0,26.47,0.26,1,53.17,180.18,1,0,181.58,4.7894,1,0,0.12,11.32,54.4,54.28,7,-0.8660254037844388,-0.4999999999999997,-5.6,0.1,0.5,-3.93,13.65,28.43,1480.25,136.31,28,254.9
16/07/2023,0,27.78,0.26,1,53.17,180.18,1,0,181.58,4.7894,1,0,0.12,11.32,54.4,54.28,7,-0.8660254037844388,-0.4999999999999997,-5.6,0.1,0.5,-3.93,13.65,28.43,1480.25,136.31,28,254.9
17/07/2023,0,27.57,0.26,1,53.37,180.13,1,0,180.72,4.8066,1,0,0.12,11.32,54.29,54.52,7,-0.8660254037844388,-0.4999999999999997,-5.6,0.1,0.5,-3.93,13.65,28.61,1407.25,137.75,29,257.0
18/07/2023,0,26.88,0.26,1,51.62,181.27,1,0,182.48,4.8105,1,0,0.12,11.35,57.67,54.57,7,-0.8660254037844388,-0.4999999999999997,-5.6,0.1,0.5,-3.93,13.65,28.71,1418.75,138.04,29,248.2
19/07/2023,0,27.22,0.26,1,51.44,181.32,1,0,181.82,4.7909,1,0,0.12,11.5,59.48,55.04,7,-0.8660254037844388,-0.4999999999999997,-5.6,0.1,0.5,-3.93,13.65,29.06,1432.0,139.04,29,246.15
20/07/2023,0,25.99,0.26,1,52.25,180.32,1,0,182.83,4.798,1,0,0.12,11.39,57.61,54.68,7,-0.8660254037844388,-0.4999999999999997,-5.6,0.1,0.5,-3.93,13.65,29.1,1426.25,139.73,29,250.9
21/07/2023,0,24.64,0.26,1,51.59,180.02,1,0,184.63,4.7795,1,0,0.12,11.25,57.29,53.74,7,-0.8660254037844388,-0.4999999999999997,-5.6,0.1,0.5,-3.93,13.65,29.2,1429.0,139.43,29,246.35
22/07/2023,0,25.34,0.26,1,51.59,180.02,1,0,184.63,4.7795,1,0,0.12,11.25,57.29,53.74,7,-0.8660254037844388,-0.4999999999999997,-5.6,0.1,0.5,-3.93,13.65,29.2,1429.0,139.43,29,246.35
23/07/2023,0,25.2,0.26,1,51.59,180.02,1,0,184.63,4.7795,1,0,0.12,11.25,57.29,53.74,7,-0.8660254037844388,-0.4999999999999997,-5.6,0.1,0.5,-3.93,13.65,29.2,1429.0,139.43,29,246.35
24/07/2023,0,25.46,0.26,1,52.19,178.75,1,0,186.37,4.7271,1,0,0.12,11.63,58.15,55.06,7,-0.8660254037844388,-0.4999999999999997,-5.6,0.1,0.5,-3.93,13.65,29.76,1453.25,140.91,30,247.1
25/07/2023,0,25.57,0.26,1,51.25,178.3,1,0,186.55,4.7498,1,0,0.12,11.63,57.37,55.28,7,-0.8660254037844388,-0.4999999999999997,-5.6,0.1,0.5,-3.93,13.65,29.45,1450.5,139.97,30,243.6
26/07/2023,0,25.85,0.26,1,51.47,178.68,1,0,193.89,4.7364,1,0,0.12,11.65,56.6,55.12,7,-0.8660254037844388,-0.4999999999999997,-5.6,0.1,0.5,-3.93,13.65,29.96,1468.5,141.75,30,243.5
27/07/2023,0,26.12,0.26,1,50.9,178.05,1,0,193.8,4.7424,1,0,0.12,11.53,57.11,54.71,7,-0.8660254037844388,-0.4999999999999997,-5.6,0.1,0.5,-3.93,13.65,29.94,1453.5,142.01,30,241.4
28/07/2023,0,26.97,0.26,1,51.8,178.15,1,0,194.55,4.7336,1,0,0.12,11.61,55.87,54.92,7,-0.8660254037844388,-0.4999999999999997,-5.6,0.1,0.5,-3.93,13.65,29.97,1433.0,141.8,30,245.05
29/07/2023,0,27.06,0.26,1,51.8,178.15,1,0,194.55,4.7336,1,0,0.12,11.61,55.87,54.92,7,-0.8660254037844388,-0.4999999999999997,-5.6,0.1,0.5,-3.93,13.65,29.97,1433.0,141.8,30,245.05
30/07/2023,0,27.8,0.26,1,51.8,178.15,1,0,194.55,4.7336,1,0,0.12,11.61,55.87,54.92,7,-0.8660254037844388,-0.4999999999999997,-5.6,0.1,0.5,-3.93,13.65,29.97,1433.0,141.8,30,245.05
31/07/2023,0,28.08,0.26,1,51.54,178.05,1,0,194.1,4.7241,1,0,0.12,11.33,55.35,53.62,7,-0.8660254037844388,-0.4999999999999997,-5.6,0.1,0.5,-3.93,13.65,29.58,1370.5,139.94,31,243.85
01/08/2023,0,28.86,0.26,1,50.11,179.5,1,0,194.94,4.7911,1,0,0.23,11.22,55.57,53.75,8,-0.5000000000000004,-0.8660254037844385,-5.6,0.1,0.0,-2.18,13.65,28.54,1386.75,136.71,31,240.1
02/08/2023,0,27.1,0.26,1,50.4,178.02,1,0,194.79,4.812,1,0,0.23,11.08,55.43,53.22,8,-0.5000000000000004,-0.8660254037844385,-5.6,0.1,0.0,-2.18,13.65,28.69,1376.5,137.83,31,242.1
03/08/2023,0,26.83,0.26,1,47.54,178.5,1,0,197.88,4.917,1,0,0.23,10.94,55.41,53.47,8,-0.5000000000000004,-0.8660254037844385,-5.6,0.1,0.0,-2.18,13.15,28.37,1382.0,138.72,31,232.4
04/08/2023,0,27.08,0.26,1,49.33,180.9,1,0,200.06,4.8733,1,0,0.23,10.92,54.94,53.19,8,-0.5000000000000004,-0.8660254037844385,-5.6,0.1,0.0,-2.18,13.15,28.73,1387.0,139.89,31,240.2
05/08/2023,0,28.0,0.26,1,49.33,180.9,1,0,200.06,4.8733,1,0,0.23,10.92,54.94,53.19,8,-0.5000000000000004,-0.8660254037844385,-5.6,0.1,0.0,-2.18,13.15,28.73,1387.0,139.89,31,240.2
06/08/2023,0,29.03,0.26,1,49.33,180.9,1,0,200.06,4.8733,1,0,0.23,10.92,54.94,53.19,8,-0.5000000000000004,-0.8660254037844385,-5.6,0.1,0.0,-2.18,13.15,28.73,1387.0,139.89,31,240.2
07/08/2023,0,28.05,0.26,1,48.55,179.7,1,0,203.27,4.8999,1,0,0.23,10.85,55.07,53.13,8,-0.5000000000000004,-0.8660254037844385,-5.6,0.1,0.0,-2.18,13.15,28.39,1348.25,138.98,32,237.7
08/08/2023,0,27.51,0.26,1,48.6,179.7,1,0,200.08,4.8996,1,0,0.23,10.81,55.73,52.96,8,-0.5000000000000004,-0.8660254037844385,-5.6,0.1,0.0,-2.18,13.15,28.21,1353.5,138.17,32,238.0
09/08/2023,0,27.65,0.26,1,48.36,180.57,1,0,201.47,4.902,1,0,0.23,10.79,55.15,52.97,8,-0.5000000000000004,-0.8660254037844385,-5.6,0.1,0.0,-2.18,13.15,28.3,1355.25,138.92,32,237.35
10/08/2023,0,28.75,0.26,1,47.94,181.1,1,0,199.79,4.8924,1,0,0.23,10.79,54.86,52.65,8,-0.5000000000000004,-0.8660254037844385,-5.6,0.1,0.0,-2.18,13.15,28.45,1352.0,138.82,32,233.95
11/08/2023,0,28.0,0.26,1,46.94,180.38,1,0,200.74,4.9048,1,0,0.23,10.78,53.65,52.84,8,-0.5000000000000004,-0.8660254037844385,-5.6,0.1,0.5,-2.18,13.15,28.25,1337.25,138.5,32,230.1
12/08/2023,0,28.04,0.26,1,46.94,180.38,1,0,200.74,4.9048,1,0,0.23,10.78,53.65,52.84,8,-0.5000000000000004,-0.8660254037844385,-5.6,0.1,0.5,-2.18,13.15,28.25,1337.25,138.5,32,230.1
13/08/2023,0,26.42,0.26,1,46.94,180.38,1,0,200.74,4.9048,1,0,0.23,10.78,53.65,52.84,8,-0.5000000000000004,-0.8660254037844385,-5.6,0.1,1.5,-2.18,13.15,28.25,1337.25,138.5,32,230.1
14/08/2023,0,27.3,0.26,1,46.36,179.75,1,0,201.4,4.9615,1,0,0.23,10.72,53.09,53.26,8,-0.5000000000000004,-0.8660254037844385,-5.6,0.1,0.0,-2.18,13.15,28.03,1353.0,139.32,33,230.4
15/08/2023,0,27.12,0.26,1,44.34,179.1,1,0,200.16,4.9845,1,0,0.23,10.69,52.71,53.33,8,-0.5000000000000004,-0.8660254037844385,-5.6,0.1,0.0,-2.18,13.15,27.96,1305.25,139.51,33,221.2
16/08/2023,0,25.97,0.26,1,43.55,178.77,1,0,200.97,4.9879,1,0,0.23,10.67,53.13,53.19,8,-0.5000000000000004,-0.8660254037844385,-5.6,0.1,0.0,-2.18,13.15,28.01,1323.5,139.66,33,217.15
17/08/2023,0,27.78,0.26,1,43.97,178.05,1,0,199.04,4.9758,1,0,0.23,10.68,53.61,53.22,8,-0.5000000000000004,-0.8660254037844385,-5.6,0.1,0.0,-2.18,13.15,28.07,1330.0,139.85,33,219.05
18/08/2023,0,29.0,0.26,1,42.62,178.52,1,0,198.75,4.9694,1,0,0.23,10.77,54.33,53.55,8,-0.5000000000000004,-0.8660254037844385,-5.6,0.1,0.0,-2.18,13.15,28.34,1353.25,140.86,33,211.85
19/08/2023,0,28.43,0.26,1,42.62,178.52,1,0,198.75,4.9694,1,0,0.23,10.77,54.33,53.55,8,-0.5000000000000004,-0.8660254037844385,-5.6,0.1,0.0,-2.18,13.15,28.34,1353.25,140.86,33,211.85
20/08/2023,0,29.19,0.26,1,42.62,178.52,1,0,198.75,4.9694,1,0,0.23,10.77,54.33,53.55,8,-0.5000000000000004,-0.8660254037844385,-5.6,0.1,0.0,-2.18,13.15,28.34,1353.25,140.86,33,211.85
21/08/2023,0,28.7,0.26,1,43.2,178.98,1,0,197.65,4.9793,1,0,0.23,10.77,53.5,53.65,8,-0.5000000000000004,-0.8660254037844385,-5.6,0.1,0.0,-2.18,13.15,28.57,1361.75,142.23,34,215.1
22/08/2023,0,29.97,0.26,1,43.54,177.95,1,0,194.61,4.9386,1,0,0.23,10.83,53.81,53.47,8,-0.5000000000000004,-0.8660254037844385,-5.6,0.1,0.0,-2.18,13.15,28.39,1346.0,140.17,34,214.95
23/08/2023,0,29.63,0.26,1,42.3,178.05,1,0,195.84,4.8572,2,0,0.23,11.12,53.6,53.96,8,-0.5000000000000004,-0.8660254037844385,-5.6,0.1,0.0,-2.18,13.15,28.71,1360.5,139.34,34,205.3
24/08/2023,0,29.9,0.26,1,40.99,179.85,1,0,195.22,4.8802,2,0,0.23,10.99,54.11,53.56,8,-0.5000000000000004,-0.8660254037844385,-5.6,0.1,0.0,-2.18,13.15,28.62,1371.75,139.48,34,199.75
25/08/2023,0,29.39,0.26,1,41.03,180.68,1,0,198.25,4.8711,2,0,0.23,10.96,54.19,53.38,8,-0.5000000000000004,-0.8660254037844385,-5.6,0.1,0.0,-2.18,13.15,28.83,1387.75,140.48,34,199.9
26/08/2023,0,27.13,0.26,1,41.03,180.68,1,0,198.25,4.8711,2,0,0.23,10.96,54.19,53.38,8,-0.5000000000000004,-0.8660254037844385,-5.6,0.1,0.0,-2.18,13.15,28.83,1387.75,140.48,34,199.9
27/08/2023,0,28.0,0.26,1,41.03,180.68,1,0,198.25,4.8711,2,0,0.23,10.96,54.19,53.38,8,-0.5000000000000004,-0.8660254037844385,-5.6,0.1,0.0,-2.18,13.15,28.83,1387.75,140.48,34,199.9
28/08/2023,0,28.59,0.26,1,40.86,180.7,1,0,198.35,4.8731,2,0,0.23,10.96,54.07,53.44,8,-0.5000000000000004,-0.8660254037844385,-5.6,0.1,0.0,-2.18,13.15,29.26,1405.75,142.7,35,199.25
29/08/2023,0,28.95,0.26,1,41.81,181.0,1,0,197.76,4.8523,2,0,0.23,11.02,53.36,53.5,8,-0.5000000000000004,-0.8660254037844385,-5.6,0.1,0.0,-2.18,13.15,29.4,1392.5,142.69,35,202.95
30/08/2023,0,26.87,0.26,1,41.06,178.8,1,0,197.5,4.889,2,0,0.23,11.04,53.06,53.7,8,-0.5000000000000004,-0.8660254037844385,-5.6,0.1,0.0,-2.18,13.15,29.11,1386.75,141.63,35,199.75
31/08/2023,0,28.68,0.26,1,40.36,179.73,1,0,197.73,4.9544,2,0,0.23,10.82,53.15,53.54,8,-0.5000000000000004,-0.8660254037844385,-5.6,0.1,0.0,-2.18,13.15,28.67,1368.75,141.9,35,199.8
01/09/2023,0,28.21,0.26,0,40.43,180.15,1,0,197.93,4.9463,2,0,0.26,10.91,53.18,53.88,9,-1.8369701987210297e-16,-1.0,-5.6,0.1,0.0,-3.48,13.15,28.89,1369.25,142.64,35,199.65
02/09/2023,0,26.99,0.26,0,40.43,180.15,1,0,197.93,4.9463,2,0,0.26,10.91,53.18,53.88,9,-1.8369701987210297e-16,-1.0,-5.6,0.1,0.0,-3.48,13.15,28.89,1369.25,142.64,35,199.65
03/09/2023,0,29.09,0.26,0,40.43,180.15,1,0,197.93,4.9463,2,0,0.26,10.91,53.18,53.88,9,-1.8369701987210297e-16,-1.0,-5.6,0.1,0.0,-3.48,13.15,28.89,1369.25,142.64,35,199.65
04/09/2023,0,29.88,0.26,0,40.43,180.15,1,0,197.93,4.9463,2,0,0.26,10.91,53.18,53.88,9,-1.8369701987210297e-16,-1.0,-5.6,0.1,0.0,-3.48,13.15,28.89,1369.25,142.64,36,199.65
05/09/2023,0,29.09,0.26,0,40.36,179.95,1,0,197.58,4.9671,2,0,0.26,10.84,53.98,54.0,9,-1.8369701987210297e-16,-1.0,-5.6,0.1,0.0,-3.48,13.15,28.7,1365.0,142.91,36,201.0
06/09/2023,0,30.39,0.26,0,40.17,182.7,1,0,198.68,4.9784,2,0,0.26,10.8,54.95,53.86,9,-1.8369701987210297e-16,-1.0,-5.6,0.1,0.5,-3.48,13.15,28.82,1376.25,143.74,36,200.35
07/09/2023,0,29.87,0.26,0,40.17,183.65,1,0,198.68,4.9767,2,0,0.26,10.8,54.95,53.86,9,-1.8369701987210297e-16,-1.0,-5.6,0.1,1.5,-3.48,13.15,28.82,1359.5,143.74,36,200.35
08/09/2023,0,29.21,0.26,0,40.66,183.23,1,0,199.98,4.9882,2,0,0.26,10.94,54.72,54.56,9,-1.8369701987210297e-16,-1.0,-5.6,0.1,0.5,-3.48,13.15,28.5,1363.0,142.07,36,202.7
09/09/2023,0,29.91,0.26,0,40.66,183.23,1,0,199.98,4.9882,2,0,0.26,10.94,54.72,54.56,9,-1.8369701987210297e-16,-1.0,-5.6,0.1,0.0,-3.48,13.15,28.5,1363.0,142.07,36,202.7
10/09/2023,0,30.32,0.26,0,40.66,183.23,1,0,199.98,4.9882,2,0,0.26,10.94,54.72,54.56,9,-1.8369701987210297e-16,-1.0,-5.6,0.1,0.0,-3.48,13.15,28.5,1363.0,142.07,36,202.7
11/09/2023,0,30.31,0.26,0,41.36,184.23,1,0,200.89,4.9307,2,0,0.26,10.9,54.99,53.82,9,-1.8369701987210297e-16,-1.0,-5.6,0.1,0.0,-3.48,13.15,28.51,1369.0,140.71,37,204.15
12/09/2023,0,30.16,0.26,0,39.63,184.15,1,0,201.11,4.947,2,0,0.26,10.76,54.48,53.28,9,-1.8369701987210297e-16,-1.0,-5.6,0.1,0.0,-3.48,13.15,28.26,1346.5,139.98,37,196.35
13/09/2023,0,30.53,0.26,0,41.09,183.15,1,0,202.35,4.9153,2,0,0.26,10.79,53.83,53.06,9,-1.8369701987210297e-16,-1.0,-5.6,0.1,0.0,-3.48,13.15,28.31,1349.75,139.16,37,202.0
14/09/2023,0,29.61,0.26,0,41.85,185.48,1,0,202.73,4.8668,2,0,0.26,11.07,53.47,53.99,9,-1.8369701987210297e-16,-1.0,-5.6,0.1,0.0,-3.48,13.15,28.53,1360.5,139.08,37,204.0
15/09/2023,0,30.91,0.26,0,43.88,186.93,1,0,201.77,4.8663,2,0,0.26,11.06,53.64,53.87,9,-1.8369701987210297e-16,-1.0,-5.6,0.1,0.0,-3.48,13.15,28.36,1355.75,138.14,37,213.7
16/09/2023,0,32.17,0.26,0,43.88,186.93,1,0,201.77,4.8663,2,0,0.26,11.06,53.64,53.87,9,-1.8369701987210297e-16,-1.0,-5.6,0.1,0.0,-3.48,13.15,28.36,1355.75,138.14,37,213.7
17/09/2023,0,30.25,0.26,0,43.88,186.93,1,0,201.77,4.8663,2,0,0.26,11.06,53.64,53.87,9,-1.8369701987210297e-16,-1.0,-5.6,0.1,0.0,-3.48,13.15,28.36,1355.75,138.14,37,213.7
18/09/2023,0,29.73,0.26,0,44.28,186.32,1,0,201.5,4.8556,2,0,0.26,11.09,57.45,53.82,9,-1.8369701987210297e-16,-1.0,-5.6,0.1,0.0,-3.48,13.15,28.41,1332.75,137.86,38,214.9
19/09/2023,0,29.98,0.26,0,43.05,185.68,1,0,201.43,4.8673,2,0,0.26,11.14,57.09,54.29,9,-1.8369701987210297e-16,-1.0,-5.6,0.1,0.0,-3.48,13.15,27.92,1331.75,136.12,38,209.85
20/09/2023,0,30.7,0.26,0,44.23,186.77,1,0,200.88,4.8801,2,0,0.26,11.16,57.18,54.34,9,-1.8369701987210297e-16,-1.0,-5.6,0.1,0.0,-3.48,13.15,27.95,1336.25,136.12,38,215.4
21/09/2023,0,30.73,0.26,0,44.34,184.98,1,0,197.27,4.9351,2,0,0.26,11.04,56.76,54.43,9,-1.8369701987210297e-16,-1.0,-5.6,0.1,0.0,-3.48,12.65,27.57,1310.75,135.95,38,218.65
22/09/2023,0,31.08,0.26,0,45.05,187.07,1,0,196.79,4.9351,2,0,0.26,11.14,56.91,54.9,9,-1.8369701987210297e-16,-1.0,-5.6,0.1,0.0,-3.48,12.65,27.67,1313.5,136.4,38,222.1
23/09/2023,0,31.73,0.26,0,45.05,187.07,1,0,196.79,4.9351,2,0,0.26,11.14,56.91,54.9,9,-1.8369701987210297e-16,-1.0,-5.6,0.1,0.0,-3.48,12.65,27.67,1313.5,136.4,38,222.1
24/09/2023,0,31.5,0.26,0,45.05,187.07,1,0,196.79,4.9351,2,0,0.26,11.14,56.91,54.9,9,-1.8369701987210297e-16,-1.0,-5.6,0.1,0.0,-3.48,12.65,27.67,1313.5,136.4,38,222.1
25/09/2023,0,31.77,0.26,0,44.42,186.98,1,0,195.94,4.9678,2,0,0.26,11.21,58.0,55.73,9,-1.8369701987210297e-16,-1.0,-5.6,0.1,0.0,-3.48,12.65,27.53,1315.5,136.87,39,220.8
26/09/2023,0,32.03,0.26,0,45.4,184.8,1,0,194.95,4.9898,2,0,0.26,11.22,57.82,55.97,9,-1.8369701987210297e-16,-1.0,-5.6,0.1,0.0,-3.48,12.65,27.58,1321.0,137.64,39,226.55
27/09/2023,0,29.15,0.26,0,45.19,184.9,1,0,195.46,5.0425,2,0,0.26,11.16,58.39,56.39,9,-1.8369701987210297e-16,-1.0,-5.6,0.1,0.0,-3.48,12.65,27.47,1323.0,138.79,39,228.3
28/09/2023,0,29.4,0.26,0,46.56,186.5,1,0,196.73,5.0331,2,0,0.26,11.32,58.57,57.02,9,-1.8369701987210297e-16,-1.0,-5.6,0.1,0.0,-3.48,12.65,27.54,1319.25,138.7,39,234.5
29/09/2023,0,27.59,0.26,0,46.96,184.2,1,0,195.33,5.032,2,0,0.26,11.43,58.29,57.47,9,-1.8369701987210297e-16,-1.0,-5.6,0.1,0.0,-3.48,12.65,27.37,1294.5,137.63,39,236.15
30/09/2023,0,29.32,0.26,0,46.96,184.2,1,0,195.33,5.032,2,0,0.26,11.43,58.29,57.47,9,-1.8369701987210297e-16,-1.0,-5.6,0.1,0.0,-3.48,12.65,27.37,1294.5,137.63,39,236.15
01/10/2023,0,31.43,0.26,0,46.96,184.2,0,0,195.33,5.032,2,0,0.26,11.43,58.29,57.47,10,0.5000000000000001,-0.8660254037844386,-5.6,0.1,0.0,1.16,12.65,27.37,1294.5,137.63,39,236.15
02/10/2023,0,32.21,0.26,0,46.59,184.43,0,0,195.26,5.061,2,0,0.24,11.46,59.36,58.08,10,0.5000000000000001,-0.8660254037844386,-5.3,0.6,0.0,1.16,12.65,26.95,1296.75,136.55,40,236.05
03/10/2023,0,30.06,0.26,0,46.32,182.13,0,0,196.73,5.1669,2,0,0.24,11.21,59.77,57.81,10,0.5000000000000001,-0.8660254037844386,-5.3,0.6,0.0,1.16,12.65,26.5,1292.0,136.6,40,238.8
04/10/2023,0,30.82,0.26,0,45.42,182.2,0,0,198.27,5.1562,2,0,0.24,11.35,59.91,58.47,10,0.5000000000000001,-0.8660254037844386,-5.3,0.6,0.0,1.16,12.65,26.77,1292.25,137.87,40,233.95
05/10/2023,0,30.3,0.26,0,46.23,181.95,0,0,202.33,5.1658,2,0,0.24,11.44,60.84,59.19,10,0.5000000000000001,-0.8660254037844386,-5.3,0.6,0.0,1.16,12.65,26.59,1298.5,137.56,40,239.2
06/10/2023,0,28.04,0.26,0,46.47,183.07,0,0,206.75,5.1457,2,0,0.24,11.57,60.7,59.72,10,0.5000000000000001,-0.8660254037844386,-5.3,0.6,0.0,1.16,12.65,26.78,1284.5,138.18,40,239.8
07/10/2023,0,28.58,0.26,0,46.47,183.07,0,0,206.75,5.1457,2,0,0.24,11.57,60.7,59.72,10,0.5000000000000001,-0.8660254037844386,-5.3,0.6,0.0,1.16,12.65,26.78,1284.5,138.18,40,239.8
08/10/2023,0,31.14,0.26,0,46.47,183.07,0,0,206.75,5.1457,2,0,0.24,11.57,60.7,59.72,10,0.5000000000000001,-0.8660254037844386,-5.3,0.6,0.0,1.16,12.65,26.78,1284.5,138.18,40,239.8
09/10/2023,0,30.75,0.26,0,46.35,182.38,0,0,210.49,5.1355,2,0,0.24,11.68,61.22,59.96,10,0.5000000000000001,-0.8660254037844386,-5.3,0.6,0.0,1.16,12.65,26.59,1282.5,136.52,41,238.0
10/10/2023,0,28.8,0.26,0,46.97,182.57,0,0,210.81,5.0516,2,0,0.24,11.95,60.49,60.52,10,0.5000000000000001,-0.8660254037844386,-5.3,0.6,0.5,1.16,12.65,26.69,1289.25,135.12,41,237.8
11/10/2023,0,27.23,0.26,0,46.13,184.5,0,0,211.79,5.0483,2,0,0.24,11.94,61.35,60.34,10,0.5000000000000001,-0.8660254037844386,-5.3,0.6,0.5,1.16,12.65,26.61,1272.25,134.42,41,233.05
12/10/2023,0,28.88,0.26,0,46.13,185.4,0,0,211.79,5.046,2,0,0.24,11.94,61.35,60.34,10,0.5000000000000001,-0.8660254037844386,-5.3,0.6,1.5,1.16,12.65,26.61,1308.75,134.42,41,233.05
13/10/2023,0,30.46,0.26,0,45.54,185.13,0,0,214.02,5.0801,2,0,0.24,11.73,62.14,59.74,10,0.5000000000000001,-0.8660254037844386,-5.3,0.6,0.0,1.16,12.65,26.75,1300.0,136.23,41,231.9
14/10/2023,0,28.56,0.26,0,45.54,185.13,0,0,214.02,5.0801,2,0,0.24,11.73,62.14,59.74,10,0.5000000000000001,-0.8660254037844386,-5.3,0.6,0.0,1.16,12.65,26.75,1300.0,136.23,41,231.9
15/10/2023,0,28.02,0.26,0,45.54,185.13,0,0,214.02,5.0801,2,0,0.24,11.73,62.14,59.74,10,0.5000000000000001,-0.8660254037844386,-5.3,0.6,0.0,1.16,12.65,26.75,1300.0,136.23,41,231.9
16/10/2023,0,29.7,0.26,0,48.29,185.2,0,0,213.47,5.0377,2,0,0.24,11.79,61.9,59.42,10,0.5000000000000001,-0.8660254037844386,-5.3,0.6,0.0,1.16,12.65,27.13,1305.75,136.74,42,243.45
17/10/2023,0,31.03,0.26,0,48.02,185.5,0,0,211.21,5.0414,2,0,0.24,11.69,60.55,58.81,10,0.5000000000000001,-0.8660254037844386,-5.3,0.6,0.0,1.16,12.65,27.21,1316.25,136.96,42,241.7
18/10/2023,0,30.9,0.26,0,45.65,185.73,0,0,210.71,5.0591,2,0,0.24,11.57,60.46,58.48,10,0.5000000000000001,-0.8660254037844386,-5.3,0.6,0.0,1.16,12.65,27.29,1329.25,137.99,42,230.8
19/10/2023,0,31.23,0.26,0,47.95,184.4,0,0,208.89,5.0646,2,0,0.24,11.59,61.29,58.53,10,0.5000000000000001,-0.8660254037844386,-5.3,0.6,0.0,1.16,12.65,27.45,1331.75,138.61,42,242.1
20/10/2023,0,31.11,0.26,0,47.88,184.27,0,0,207.61,5.0312,2,0,0.24,11.69,60.64,58.84,10,0.5000000000000001,-0.8660254037844386,-5.3,0.6,0.0,1.16,12.65,27.45,1320.25,138.21,42,241.1
21/10/2023,0,32.45,0.26,0,47.88,184.27,0,0,207.61,5.0312,2,0,0.24,11.69,60.64,58.84,10,0.5000000000000001,-0.8660254037844386,-5.3,0.6,0.0,1.16,12.65,27.45,1320.25,138.21,42,241.1
22/10/2023,0,31.95,0.26,0,47.88,184.27,0,0,207.61,5.0312,2,0,0.24,11.69,60.64,58.84,10,0.5000000000000001,-0.8660254037844386,-5.3,0.6,0.0,1.16,12.65,27.45,1320.25,138.21,42,241.1
23/10/2023,0,28.71,0.26,0,47.28,178.25,0,0,208.39,5.0112,2,0,0.24,11.75,60.03,59.0,10,0.5000000000000001,-0.8660254037844386,-5.3,0.6,0.0,1.16,12.65,27.3,1305.5,137.06,43,237.4
24/10/2023,0,28.44,0.26,0,47.92,180.0,0,0,209.01,4.9908,2,0,0.24,11.79,59.18,58.92,10,0.5000000000000001,-0.8660254037844386,-5.3,0.6,0.0,1.16,12.65,27.29,1314.5,136.38,43,239.45
25/10/2023,0,30.78,0.26,0,48.01,181.13,0,0,208.85,4.9947,2,0,0.24,11.78,59.33,58.91,10,0.5000000000000001,-0.8660254037844386,-5.3,0.6,0.0,1.16,12.65,27.25,1308.5,136.24,43,240.05
26/10/2023,0,26.1,0.26,0,48.22,181.7,0,0,210.16,4.9861,2,0,0.24,11.78,59.4,58.81,10,0.5000000000000001,-0.8660254037844386,-5.3,0.6,0.0,1.16,12.65,27.36,1300.25,136.58,43,240.75
27/10/2023,0,27.82,0.26,0,45.86,184.0,0,0,203.92,5.0152,2,0,0.24,11.76,60.23,58.98,10,0.5000000000000001,-0.8660254037844386,-5.3,0.6,0.0,1.16,12.65,27.21,1319.5,136.47,43,230.0
28/10/2023,0,30.46,0.26,0,45.86,184.0,0,0,203.92,5.0152,2,0,0.24,11.76,60.23,58.98,10,0.5000000000000001,-0.8660254037844386,-5.3,0.6,0.0,1.16,12.65,27.21,1319.5,136.47,43,230.0
29/10/2023,0,30.65,0.26,0,45.86,184.0,0,0,203.92,5.0152,2,0,0.24,11.76,60.23,58.98,10,0.5000000000000001,-0.8660254037844386,-5.3,0.6,0.0,1.16,12.65,27.21,1319.5,136.47,43,230.0
30/10/2023,0,30.77,0.26,0,47.94,184.13,0,0,206.16,5.0472,2,0,0.24,11.75,60.82,59.25,10,0.5000000000000001,-0.8660254037844386,-5.3,0.6,0.0,1.16,12.65,27.23,1307.25,137.31,44,241.7
31/10/2023,0,28.39,0.26,0,47.17,183.75,0,0,208.24,5.035,2,0,0.24,11.92,60.7,60.02,10,0.5000000000000001,-0.8660254037844386,-5.3,0.6,0.5,1.16,12.65,27.31,1310.5,137.53,44,237.5
01/11/2023,0,30.55,0.26,0,46.79,183.63,0,0,205.76,4.9534,2,0,0.28,12.06,60.2,60.03,11,0.8660254037844384,-0.5000000000000004,-5.3,0.6,0.5,0.28,12.65,27.47,1315.0,136.71,44,232.85
02/11/2023,0,28.73,0.26,0,46.79,184.68,0,0,205.76,4.9534,2,0,0.28,12.06,60.2,60.03,11,0.8660254037844384,-0.5000000000000004,-5.3,0.6,1.5,0.28,12.65,27.47,1328.25,136.71,44,232.85
03/11/2023,0,28.83,0.26,0,47.96,183.88,0,0,203.52,4.9012,2,0,0.28,12.25,60.14,59.99,11,0.8660254037844384,-0.5000000000000004,-5.3,0.6,0.0,0.28,12.15,28.05,1351.75,137.41,44,234.95
04/11/2023,0,28.4,0.26,0,47.96,183.88,0,0,203.52,4.9012,2,0,0.28,12.25,60.14,59.99,11,0.8660254037844384,-0.5000000000000004,-5.3,0.6,0.0,0.28,12.15,28.05,1351.75,137.41,44,234.95
05/11/2023,0,29.86,0.26,0,47.96,183.88,0,0,203.52,4.9012,2,0,0.28,12.25,60.14,59.99,11,0.8660254037844384,-0.5000000000000004,-5.3,0.6,0.0,0.28,12.15,28.05,1351.75,137.41,44,234.95
06/11/2023,0,28.39,0.26,0,49.19,181.32,0,0,207.83,4.8853,2,0,0.28,12.28,60.69,60.05,11,0.8660254037844384,-0.5000000000000004,-5.3,0.6,0.0,0.28,12.15,28.18,1364.0,137.82,45,240.6
07/11/2023,0,28.57,0.26,0,46.93,178.77,0,0,207.17,4.8724,2,0,0.28,12.21,59.98,59.46,11,0.8660254037844384,-0.5000000000000004,-5.3,0.6,0.0,0.28,12.15,28.31,1362.0,137.85,45,228.5
08/11/2023,0,27.8,0.26,0,46.79,179.4,0,0,207.36,4.9103,2,0,0.28,12.1,59.96,59.36,11,0.8660254037844384,-0.5000000000000004,-5.3,0.6,0.0,0.28,12.15,28.24,1365.75,138.5,45,229.5
09/11/2023,0,27.33,0.26,0,46.31,174.35,0,0,211.09,4.9342,2,0,0.28,12.07,59.91,59.51,11,0.8660254037844384,-0.5000000000000004,-5.3,0.6,0.0,0.28,12.15,28.03,1343.5,138.16,45,228.25
10/11/2023,0,28.83,0.26,0,47.78,174.18,0,0,211.8,4.9013,2,0,0.28,12.19,60.28,59.87,11,0.8660254037844384,-0.5000000000000004,-5.3,0.6,0.0,0.28,12.15,28.04,1347.5,137.71,45,234.65
11/11/2023,0,29.71,0.26,0,47.78,174.18,0,0,211.8,4.9013,2,0,0.28,12.19,60.28,59.87,11,0.8660254037844384,-0.5000000000000004,-5.3,0.6,0.0,0.28,12.15,28.04,1347.5,137.71,45,234.65
12/11/2023,0,30.38,0.26,0,47.78,174.18,0,0,211.8,4.9013,2,0,0.28,12.19,60.28,59.87,11,0.8660254037844384,-0.5000000000000004,-5.3,0.6,0.0,0.28,12.15,28.04,1347.5,137.71,45,234.65
13/11/2023,0,29.62,0.26,0,47.22,174.93,0,0,211.77,4.9075,2,0,0.28,12.16,60.66,59.67,11,0.8660254037844384,-0.5000000000000004,-5.3,0.6,0.0,0.28,12.15,28.23,1382.5,138.56,46,231.75
14/11/2023,0,30.19,0.26,0,47.53,175.85,0,0,206.58,4.8654,2,0,0.28,12.36,60.08,60.15,11,0.8660254037844384,-0.5000000000000004,-5.3,0.6,0.0,0.28,12.15,28.64,1389.75,139.31,46,231.25
15/11/2023,0,32.44,0.26,0,47.53,177.77,0,0,206.58,4.862,2,0,0.28,12.36,60.08,60.15,11,0.8660254037844384,-0.5000000000000004,-5.3,0.6,0.0,0.28,12.15,28.64,1399.5,139.31,46,231.25
16/11/2023,0,28.78,0.26,0,46.83,174.75,0,0,207.0,4.8632,2,0,0.28,12.56,60.32,61.14,11,0.8660254037844384,-0.5000000000000004,-5.3,0.6,0.0,0.28,12.15,28.5,1375.0,138.74,46,227.95
17/11/2023,0,29.23,0.26,0,48.03,175.75,0,0,208.2,4.9059,2,0,0.28,12.38,67.03,60.74,11,0.8660254037844384,-0.5000000000000004,-5.3,0.6,0.0,0.28,12.15,28.0,1356.5,137.35,46,235.6
18/11/2023,0,29.59,0.26,0,48.03,175.75,0,0,208.2,4.9059,2,0,0.28,12.38,67.03,60.74,11,0.8660254037844384,-0.5000000000000004,-5.3,0.6,0.0,0.28,12.15,28.0,1356.5,137.35,46,235.6
19/11/2023,0,31.23,0.26,0,48.03,175.75,0,0,208.2,4.9059,2,0,0.28,12.38,67.03,60.74,11,0.8660254037844384,-0.5000000000000004,-5.3,0.6,0.0,0.28,12.15,28.0,1356.5,137.35,46,235.6
20/11/2023,0,28.24,0.26,0,48.03,175.48,0,0,206.82,4.8543,2,0,0.28,12.52,67.76,60.76,11,0.8660254037844384,-0.5000000000000004,-5.3,0.6,0.0,0.28,12.15,28.41,1383.25,137.82,47,235.6
21/11/2023,0,28.65,0.26,0,48.08,175.0,0,0,210.29,4.9006,2,0,0.28,12.47,68.91,61.11,11,0.8660254037844384,-0.5000000000000004,-5.3,0.6,0.0,0.28,12.15,28.41,1393.0,139.23,47,235.65
22/11/2023,0,27.97,0.26,0,47.51,174.48,0,0,211.06,4.9068,2,0,0.28,12.48,68.81,61.16,11,0.8660254037844384,-0.5000000000000004,-5.3,0.6,0.0,0.28,12.15,28.42,1374.25,139.24,47,232.8
23/11/2023,0,27.96,0.26,0,48.46,174.4,0,0,211.06,4.9039,2,0,0.28,12.47,67.72,61.18,11,0.8660254037844384,-0.5000000000000004,-5.3,0.6,0.0,0.28,12.15,28.36,1374.25,139.16,47,237.8
24/11/2023,0,28.32,0.26,0,47.45,170.25,0,0,211.88,4.902,2,0,0.28,12.45,66.76,60.96,11,0.8660254037844384,-0.5000000000000004,-5.3,0.6,0.0,0.28,12.15,28.22,1348.75,138.2,47,232.35
25/11/2023,0,31.03,0.26,0,47.45,170.25,0,0,211.88,4.902,2,0,0.28,12.45,66.76,60.96,11,0.8660254037844384,-0.5000000000000004,-5.3,0.6,0.0,0.28,12.15,28.22,1348.75,138.2,47,232.35
26/11/2023,0,28.28,0.26,0,47.45,170.25,0,0,211.88,4.902,2,0,0.28,12.45,66.76,60.96,11,0.8660254037844384,-0.5000000000000004,-5.3,0.6,0.0,0.28,12.15,28.22,1348.75,138.2,47,232.35
27/11/2023,0,26.92,0.26,0,49.35,168.77,0,0,211.43,4.8964,2,0,0.28,12.56,65.77,61.51,11,0.8660254037844384,-0.5000000000000004,-5.3,0.6,0.0,0.28,12.15,27.94,1348.25,136.86,48,241.7
28/11/2023,0,30.41,0.26,0,50.23,171.65,0,0,210.66,4.8705,2,0,0.28,12.71,68.21,61.92,11,0.8660254037844384,-0.5000000000000004,-5.3,0.6,0.0,0.28,12.15,28.17,1364.75,137.27,48,244.7
29/11/2023,0,30.96,0.26,0,49.34,171.9,0,0,209.59,4.9029,2,0,0.28,12.61,67.93,61.63,11,0.8660254037844384,-0.5000000000000004,-5.3,0.6,0.0,0.28,12.15,28.25,1365.5,138.14,48,241.2
30/11/2023,0,30.04,0.26,0,48.71,170.88,0,0,213.02,4.9205,2,0,0.28,12.75,69.88,62.74,11,0.8660254037844384,-0.5000000000000004,-5.3,0.6,0.0,0.28,12.15,28.32,1362.25,139.39,48,239.7
01/12/2023,0,28.26,0.26,1,50.89,169.27,0,0,214.17,4.8801,3,0,0.56,12.85,69.9,62.63,12,1.0,-2.4492935982947064e-16,-5.3,0.6,0.0,0.8,12.15,28.37,1345.5,138.32,48,248.1
02/12/2023,0,29.31,0.26,1,50.89,169.27,0,0,214.17,4.8801,3,0,0.56,12.85,69.9,62.63,12,1.0,-2.4492935982947064e-16,-5.3,0.6,0.0,0.8,12.15,28.37,1345.5,138.32,48,248.1
03/12/2023,0,27.58,0.26,1,50.89,169.27,0,0,214.17,4.8801,3,0,0.56,12.85,69.9,62.63,12,1.0,-2.4492935982947064e-16,-5.3,0.6,0.0,0.8,12.15,28.37,1345.5,138.32,48,248.1
04/12/2023,0,26.31,0.26,1,50.4,167.25,0,0,214.41,4.9432,3,0,0.56,12.79,69.98,63.29,12,1.0,-2.4492935982947064e-16,-5.3,0.6,0.0,0.8,12.15,27.84,1326.5,137.8,49,249.45
05/12/2023,0,27.52,0.26,1,49.98,168.5,0,0,213.0,4.9306,3,0,0.56,13.12,70.59,64.67,12,1.0,-2.4492935982947064e-16,-5.3,0.6,0.0,0.8,12.15,28.13,1326.5,138.66,49,246.35
06/12/2023,0,31.06,0.26,1,49.07,163.45,0,0,209.01,4.9022,3,0,0.56,13.23,70.09,64.91,12,1.0,-2.4492935982947064e-16,-5.3,0.6,0.0,0.8,12.15,28.15,1315.5,138.06,49,240.7
07/12/2023,0,31.95,0.26,1,49.49,162.35,0,0,205.58,4.9115,3,0,0.56,13.4,70.97,65.79,12,1.0,-2.4492935982947064e-16,-5.3,0.6,0.0,0.8,12.15,28.09,1330.25,137.95,49,243.05
08/12/2023,0,30.5,0.26,1,50.35,165.45,0,0,206.45,4.9317,3,0,0.56,13.39,71.45,65.94,12,1.0,-2.4492935982947064e-16,-5.3,0.6,0.0,0.8,12.15,28.28,1323.0,139.29,49,247.95
09/12/2023,0,31.5,0.26,1,50.35,165.45,0,0,206.45,4.9317,3,0,0.56,13.39,71.45,65.94,12,1.0,-2.4492935982947064e-16,-5.3,0.6,0.0,0.8,12.15,28.28,1323.0,139.29,49,247.95
10/12/2023,0,30.94,0.26,1,50.35,165.45,0,0,206.45,4.9317,3,0,0.56,13.39,71.45,65.94,12,1.0,-2.4492935982947064e-16,-5.3,0.6,0.0,0.8,12.15,28.28,1323.0,139.29,49,247.95
11/12/2023,0,26.0,0.26,1,50.54,166.98,0,0,210.16,4.9386,3,0,0.56,13.63,71.37,67.26,12,1.0,-2.4492935982947064e-16,-5.3,0.6,0.0,0.8,12.15,28.3,1353.25,139.65,50,249.4
12/12/2023,0,28.78,0.26,1,50.51,167.7,0,0,208.9,4.9631,3,0,0.56,13.59,73.07,67.5,12,1.0,-2.4492935982947064e-16,-5.3,0.6,0.0,0.8,12.15,28.17,1342.75,139.84,50,250.8
13/12/2023,0,30.13,0.26,1,50.45,166.95,0,0,207.95,4.9197,3,0,0.56,13.82,73.13,68.13,12,1.0,-2.4492935982947064e-16,-5.3,0.6,0.0,0.8,12.15,28.74,1326.25,141.66,50,248.65
14/12/2023,0,28.43,0.26,1,50.84,167.5,0,0,205.02,4.9155,3,0,0.56,13.9,72.23,68.21,12,1.0,-2.4492935982947064e-16,-5.3,0.6,0.0,0.8,11.65,28.68,1332.0,140.7,50,249.4
15/12/2023,0,29.97,0.26,1,50.39,168.23,0,0,201.68,4.9371,3,1,0.56,13.67,73.12,67.57,12,1.0,-2.4492935982947064e-16,-5.3,0.6,0.5,0.8,11.65,28.42,1331.5,140.49,50,249.15
16/12/2023,0,29.88,0.26,1,50.39,168.23,0,0,201.68,4.9371,3,1,0.56,13.67,73.12,67.57,12,1.0,-2.4492935982947064e-16,-5.3,0.6,0.5,0.8,11.65,28.42,1331.5,140.49,50,249.15
17/12/2023,0,28.41,0.26,1,50.39,168.23,0,0,201.68,4.9371,3,1,0.56,13.67,73.12,67.57,12,1.0,-2.4492935982947064e-16,-5.3,0.6,0.5,0.8,11.65,28.42,1331.5,140.49,50,249.15
18/12/2023,0,28.44,0.26,1,51.0,168.82,0,0,206.03,4.8967,3,1,0.56,13.76,72.5,67.56,12,1.0,-2.4492935982947064e-16,-5.3,0.6,0.5,0.8,11.65,28.7,1340.0,140.91,51,250.35
19/12/2023,0,32.65,0.26,1,49.95,168.45,0,0,207.75,4.8675,3,1,0.56,13.87,70.48,67.42,12,1.0,-2.4492935982947064e-16,-5.3,0.6,0.5,0.8,11.65,28.79,1322.5,139.95,51,242.8
20/12/2023,0,24.42,0.26,1,50.79,170.02,0,0,205.89,4.9163,3,1,0.56,13.78,71.47,67.55,12,1.0,-2.4492935982947064e-16,-5.3,0.6,1.0,0.8,11.65,28.36,1315.75,138.98,51,248.9
21/12/2023,0,28.1,0.26,1,51.2,170.55,0,0,208.55,4.8844,3,1,0.56,13.83,71.44,67.59,12,1.0,-2.4492935982947064e-16,-5.3,0.6,1.0,0.8,11.65,28.48,1301.75,139.2,51,250.2
22/12/2023,0,28.2,0.26,1,51.82,170.05,0,0,209.07,4.8585,3,1,0.56,13.9,70.39,67.56,12,1.0,-2.4492935982947064e-16,-5.3,0.6,1.0,0.8,11.65,28.59,1306.25,138.99,51,251.9
23/12/2023,0,26.82,0.26,1,51.82,170.05,0,0,209.07,4.8585,3,1,0.56,13.9,70.39,67.56,12,1.0,-2.4492935982947064e-16,-5.3,0.6,1.0,0.8,11.65,28.59,1306.25,138.99,51,251.9
24/12/2023,0,33.99,0.26,1,51.82,170.05,0,0,209.07,4.8585,3,1,0.56,13.9,70.39,67.56,12,1.0,-2.4492935982947064e-16,-5.3,0.6,1.5,0.8,11.65,28.59,1306.25,138.99,51,251.9
25/12/2023,0,36.23,0.26,1,51.82,170.05,0,0,209.07,4.8585,3,1,0.56,13.9,70.39,67.56,12,1.0,-2.4492935982947064e-16,-5.3,0.6,2.5,0.8,11.65,28.59,1306.25,138.99,52,251.9
26/12/2023,0,32.69,0.26,1,52.32,170.57,0,0,209.55,4.814,3,1,0.56,14.06,70.16,67.84,12,1.0,-2.4492935982947064e-16,-5.3,0.6,1.0,0.8,11.65,28.59,1319.0,137.96,52,252.5
27/12/2023,0,35.69,0.26,1,52.15,170.73,0,0,210.54,4.8267,3,1,0.56,14.07,69.56,68.02,12,1.0,-2.4492935982947064e-16,-5.3,0.6,1.0,0.8,11.65,28.59,1320.5,137.96,52,252.05
28/12/2023,0,24.2,0.26,1,52.0,171.2,0,0,211.02,4.8521,3,1,0.56,14.26,71.12,69.21,12,1.0,-2.4492935982947064e-16,-5.3,0.6,1.0,0.8,11.65,28.21,1312.0,136.86,52,252.3
29/12/2023,0,33.66,0.26,1,52.0,173.68,0,0,210.6,4.8521,3,1,0.56,14.26,71.12,69.21,12,1.0,-2.4492935982947064e-16,-5.3,0.6,1.0,0.8,11.65,28.21,1298.0,136.86,52,252.3
30/12/2023,0,25.73,0.26,1,52.0,173.68,0,0,210.6,4.8521,3,1,0.56,14.26,71.12,69.21,12,1.0,-2.4492935982947064e-16,-5.3,0.6,1.0,0.8,11.65,28.21,1298.0,136.86,52,252.3
31/12/2023,0,25.9,0.26,1,52.0,173.68,0,0,210.6,4.8521,3,1,0.56,14.26,71.12,69.21,12,1.0,-2.4492935982947064e-16,-5.3,0.6,1.0,0.8,11.65,28.21,1298.0,136.86,52,252.3
01/01/2024,0,26.0,0.26,1,52.0,173.68,0,1,210.6,4.8521,3,1,0.56,14.26,71.12,69.21,1,0.8660254037844387,0.49999999999999994,-5.3,0.6,2.0,0.87,11.65,28.21,1298.0,136.86,1,252.3
02/01/2024,0,26.0,0.26,1,52.02,171.93,0,1,209.23,4.9235,3,1,0.42,14.2,71.88,69.75,1,0.8660254037844387,0.49999999999999994,3.6,0.8,0.5,0.87,11.65,27.75,1273.5,136.3,1,255.5
03/01/2024,0,27.7,0.26,1,50.94,171.85,0,1,201.41,4.9198,3,1,0.42,14.21,72.35,69.77,1,0.8660254037844387,0.49999999999999994,3.6,0.8,0.5,0.87,11.65,27.34,1277.0,134.28,1,250.15
04/01/2024,0,27.39,0.26,1,51.24,171.13,0,1,202.74,4.8968,3,1,0.42,14.52,72.45,71.32,1,0.8660254037844387,0.49999999999999994,3.6,0.8,0.5,0.87,11.65,27.3,1267.5,134.11,1,251.75
05/01/2024,0,27.39,0.26,1,51.61,170.57,0,1,199.19,4.8743,3,1,0.42,14.46,72.71,70.47,1,0.8660254037844387,0.49999999999999994,3.6,0.8,0.5,0.87,11.65,27.28,1256.25,132.89,1,251.45
06/01/2024,0,29.59,0.26,1,51.61,170.57,0,1,199.19,4.8743,3,1,0.42,14.46,72.71,70.47,1,0.8660254037844387,0.49999999999999994,3.6,0.8,0.5,0.87,11.65,27.28,1256.25,132.89,1,251.45
07/01/2024,0,31.02,0.26,1,51.61,170.57,0,1,199.19,4.8743,3,1,0.42,14.46,72.71,70.47,1,0.8660254037844387,0.49999999999999994,3.6,0.8,0.5,0.87,11.65,27.28,1256.25,132.89,1,251.45
08/01/2024,0,25.38,0.26,1,51.86,169.95,0,1,200.11,4.87,3,1,0.42,14.39,71.29,70.12,1,0.8660254037844387,0.49999999999999994,3.6,0.8,0.5,0.87,11.65,26.44,1245.5,128.83,2,252.65
09/01/2024,0,29.59,0.26,1,50.82,170.77,0,1,197.09,4.9038,3,1,0.42,14.33,70.9,70.24,1,0.8660254037844387,0.49999999999999994,3.6,0.8,0.5,0.87,11.65,26.02,1248.5,127.53,2,249.05
10/01/2024,0,29.59,0.26,1,51.16,170.75,0,1,197.83,4.8909,3,1,0.42,14.16,69.64,69.3,1,0.8660254037844387,0.49999999999999994,3.6,0.8,0.5,0.87,11.65,25.81,1236.5,126.3,2,250.4
11/01/2024,0,29.59,0.26,1,51.45,171.8,0,1,196.4,4.87,3,1,0.42,13.94,68.84,68.0,1,0.8660254037844387,0.49999999999999994,3.6,0.8,0.5,0.87,11.65,25.05,1236.5,122.2,2,250.95
12/01/2024,0,29.59,0.26,1,51.77,171.38,0,1,197.54,4.8539,3,1,0.42,13.85,67.86,67.24,1,0.8660254037844387,0.49999999999999994,3.6,0.8,0.5,0.87,11.65,24.85,1224.25,120.62,2,251.3
13/01/2024,0,32.87,0.26,1,51.77,171.38,0,1,197.54,4.8539,3,1,0.42,13.85,67.86,67.24,1,0.8660254037844387,0.49999999999999994,3.6,0.8,0.5,0.87,11.65,24.85,1224.25,120.62,2,251.3
14/01/2024,0,28.82,0.26,1,51.77,171.38,0,1,197.54,4.8539,3,1,0.42,13.85,67.86,67.24,1,0.8660254037844387,0.49999999999999994,3.6,0.8,0.5,0.87,11.65,24.85,1224.25,120.62,2,251.3
15/01/2024,0,28.82,0.26,1,51.77,171.38,0,1,197.54,4.8539,3,1,0.42,13.85,67.86,67.24,1,0.8660254037844387,0.49999999999999994,3.6,0.8,0.5,0.87,11.65,24.85,1224.25,120.62,3,251.3
16/01/2024,0,28.82,0.26,1,50.66,173.13,0,1,198.6,4.9258,3,1,0.42,13.3,66.92,65.53,1,0.8660254037844387,0.49999999999999994,3.6,0.8,0.5,0.87,11.65,24.08,1238.5,118.7,3,249.7
17/01/2024,0,28.82,0.26,1,50.62,173.1,0,1,202.97,4.9349,3,1,0.42,13.15,67.93,64.8,1,0.8660254037844387,0.49999999999999994,3.6,0.8,0.5,0.87,11.65,23.71,1218.25,116.89,3,249.5
18/01/2024,0,30.78,0.26,1,50.89,174.82,0,1,202.9,4.9269,3,1,0.42,12.99,66.72,64.09,1,0.8660254037844387,0.49999999999999994,3.6,0.8,0.5,0.87,11.65,23.57,1224.25,116.29,3,251.1
19/01/2024,0,33.66,0.26,1,50.64,174.38,0,1,202.05,4.931,3,1,0.42,12.78,65.4,63.0,1,0.8660254037844387,0.49999999999999994,3.6,0.8,0.5,0.87,11.65,23.6,1223.0,116.31,3,249.6
20/01/2024,0,34.6,0.26,1,50.64,174.38,0,1,202.05,4.931,3,1,0.42,12.78,65.4,63.0,1,0.8660254037844387,0.49999999999999994,3.6,0.8,0.5,0.87,11.65,23.6,1223.0,116.31,3,249.6
21/01/2024,0,33.52,0.26,1,50.64,174.38,0,1,202.05,4.931,3,1,0.42,12.78,65.4,63.0,1,0.8660254037844387,0.49999999999999994,3.6,0.8,0.5,0.87,11.65,23.6,1223.0,116.31,3,249.6
22/01/2024,0,33.55,0.26,1,49.92,173.77,0,1,203.27,4.9892,3,1,0.42,12.48,64.62,62.28,1,0.8660254037844387,0.49999999999999994,3.6,0.8,0.5,0.87,11.65,23.19,1233.0,115.73,4,249.1
23/01/2024,0,30.32,0.26,1,50.04,174.65,0,1,203.97,4.9535,3,1,0.42,12.53,66.14,62.11,1,0.8660254037844387,0.49999999999999994,3.6,0.8,0.5,0.87,11.65,23.63,1247.0,117.1,4,248.0
24/01/2024,0,28.88,0.26,1,50.27,175.35,0,1,204.27,4.9335,3,1,0.42,12.7,66.61,62.64,1,0.8660254037844387,0.49999999999999994,3.6,0.8,0.5,0.87,11.65,23.76,1246.5,117.23,4,248.0
25/01/2024,0,30.42,0.26,1,50.34,177.73,0,1,205.61,4.9165,3,1,0.42,12.65,67.27,62.24,1,0.8660254037844387,0.49999999999999994,3.6,0.8,0.5,0.87,11.65,23.56,1230.25,115.93,4,247.7
26/01/2024,0,28.44,0.26,1,50.31,178.45,0,1,206.78,4.9168,3,1,0.42,12.61,65.57,61.95,1,0.8660254037844387,0.49999999999999994,3.6,0.8,0.5,0.87,11.65,23.14,1216.25,113.68,4,247.1
27/01/2024,0,29.24,0.26,1,50.31,178.45,0,1,206.78,4.9168,3,1,0.42,12.61,65.57,61.95,1,0.8660254037844387,0.49999999999999994,3.6,0.8,0.5,0.87,11.65,23.14,1216.25,113.68,4,247.1
28/01/2024,0,25.54,0.26,1,50.31,178.45,0,1,206.78,4.9168,3,1,0.42,12.61,65.57,61.95,1,0.8660254037844387,0.49999999999999994,3.6,0.8,0.5,0.87,11.65,23.14,1216.25,113.68,4,247.1
29/01/2024,0,27.75,0.26,1,50.2,177.38,0,1,204.78,4.9518,3,1,0.42,12.55,64.3,62.15,1,0.8660254037844387,0.49999999999999994,3.6,0.8,0.5,0.87,11.65,22.64,1205.0,112.07,5,248.55
30/01/2024,0,27.75,0.26,1,50.0,178.02,0,1,206.11,4.9516,3,1,0.42,12.7,64.38,62.81,1,0.8660254037844387,0.49999999999999994,3.6,0.8,0.5,0.87,11.65,22.3,1227.75,110.23,5,247.2
31/01/2024,0,27.75,0.26,1,49.52,177.35,0,1,205.84,4.9526,3,1,0.42,12.6,65.17,62.34,1,0.8660254037844387,0.49999999999999994,3.6,0.8,0.5,0.87,11.65,22.43,1232.75,110.98,5,245.0
01/02/2024,0,27.75,0.26,0,49.42,179.75,0,1,205.79,4.9163,2,0,0.83,12.5,64.13,61.45,2,0.5000000000000001,0.8660254037844386,3.6,0.8,0.0,-0.04,11.15,22.67,1213.75,111.44,5,242.9
02/02/2024,0,27.75,0.26,0,48.36,180.55,0,1,206.55,4.9699,2,0,0.83,12.51,64.13,62.13,2,0.5000000000000001,0.8660254037844386,3.6,0.8,0.0,-0.04,11.15,22.5,1198.25,111.76,5,240.2
03/02/2024,0,27.75,0.26,0,48.36,180.55,0,1,206.55,4.9699,2,0,0.83,12.51,64.13,62.13,2,0.5000000000000001,0.8660254037844386,3.6,0.8,0.0,-0.04,11.15,22.5,1198.25,111.76,5,240.2
04/02/2024,0,31.52,0.26,0,48.36,180.55,0,1,206.55,4.9699,2,0,0.83,12.51,64.13,62.13,2,0.5000000000000001,0.8660254037844386,3.6,0.8,0.0,-0.04,11.15,22.5,1198.25,111.76,5,240.2
05/02/2024,0,31.52,0.26,0,48.12,179.73,0,1,204.82,4.9854,2,0,0.83,12.59,65.46,62.72,2,0.5000000000000001,0.8660254037844386,3.6,0.8,0.0,-0.04,11.15,22.62,1204.75,112.67,6,239.7
06/02/2024,0,31.52,0.26,0,47.88,183.0,0,1,202.78,4.9634,2,0,0.83,12.66,65.32,62.82,2,0.5000000000000001,0.8660254037844386,3.6,0.8,0.0,-0.04,11.15,22.74,1208.25,112.81,6,237.55
07/02/2024,0,31.52,0.26,0,47.92,182.23,0,1,205.46,4.9685,2,0,0.83,12.74,64.42,63.28,2,0.5000000000000001,0.8660254037844386,3.6,0.8,0.0,-0.04,11.15,22.6,1197.5,112.26,6,238.0
08/02/2024,0,29.91,0.26,0,47.92,183.77,0,1,204.0,4.992,2,0,0.83,12.56,65.21,62.71,2,0.5000000000000001,0.8660254037844386,3.6,0.8,0.0,-0.04,11.15,22.53,1199.75,112.46,6,239.15
09/02/2024,0,32.17,0.26,0,48.28,184.63,0,1,205.09,4.9517,2,0,0.83,12.54,64.98,62.17,2,0.5000000000000001,0.8660254037844386,3.6,0.8,0.5,-0.04,11.15,22.75,1190.0,112.8,6,239.35
10/02/2024,0,32.17,0.26,0,48.28,184.63,0,1,205.09,4.9517,2,0,0.83,12.54,64.98,62.17,2,0.5000000000000001,0.8660254037844386,3.6,0.8,0.5,-0.04,11.15,22.75,1190.0,112.8,6,239.35
11/02/2024,0,32.17,0.26,0,48.28,184.63,0,1,205.09,4.9517,2,0,0.83,12.54,64.98,62.17,2,0.5000000000000001,0.8660254037844386,3.6,0.8,0.5,-0.04,11.15,22.75,1190.0,112.8,6,239.35
12/02/2024,0,32.17,0.26,0,48.28,184.25,0,1,205.09,4.9536,2,0,0.83,12.54,64.98,62.17,2,0.5000000000000001,0.8660254037844386,3.6,0.8,0.5,-0.04,11.15,22.75,1197.75,112.8,7,239.35
13/02/2024,0,32.17,0.26,0,48.28,183.75,0,1,205.09,4.9536,2,0,0.83,12.54,64.98,62.17,2,0.5000000000000001,0.8660254037844386,3.6,0.8,1.5,-0.04,11.15,22.75,1191.75,112.8,7,239.35
14/02/2024,0,35.6,0.26,0,47.85,182.4,0,1,215.18,4.969,2,0,0.83,12.5,64.54,62.13,2,0.5000000000000001,0.8660254037844386,3.6,0.8,0.0,-0.04,11.15,22.64,1176.25,112.52,7,237.8
15/02/2024,0,33.53,0.26,0,48.09,183.4,0,1,211.02,4.9732,2,0,0.83,12.5,64.59,62.12,2,0.5000000000000001,0.8660254037844386,3.6,0.8,0.0,-0.04,11.15,22.43,1166.0,111.47,7,238.95
16/02/2024,0,35.05,0.26,0,48.42,184.77,0,1,212.26,4.9665,2,0,0.83,12.58,64.51,62.47,2,0.5000000000000001,0.8660254037844386,3.6,0.8,0.0,-0.04,11.15,22.63,1176.25,112.38,7,240.45
17/02/2024,0,35.05,0.26,0,48.42,184.77,0,1,212.26,4.9665,2,0,0.83,12.58,64.51,62.47,2,0.5000000000000001,0.8660254037844386,3.6,0.8,0.0,-0.04,11.15,22.63,1176.25,112.38,7,240.45
18/02/2024,0,30.73,0.26,0,48.42,184.77,0,1,212.26,4.9665,2,0,0.83,12.58,64.51,62.47,2,0.5000000000000001,0.8660254037844386,3.6,0.8,0.0,-0.04,11.15,22.63,1176.25,112.38,7,240.45
19/02/2024,0,30.73,0.26,0,48.42,184.77,0,1,212.26,4.9665,2,0,0.83,12.58,64.51,62.47,2,0.5000000000000001,0.8660254037844386,3.6,0.8,0.0,-0.04,11.15,22.63,1176.25,112.38,8,240.45
20/02/2024,0,29.09,0.26,0,47.77,184.4,0,1,210.99,4.9275,2,0,0.83,12.75,64.83,62.85,2,0.5000000000000001,0.8660254037844386,3.6,0.8,0.0,-0.04,11.15,22.91,1183.5,112.95,8,235.5
21/02/2024,0,29.09,0.26,0,47.84,183.98,0,1,215.0,4.9358,2,0,0.83,12.78,64.37,63.11,2,0.5000000000000001,0.8660254037844386,3.6,0.8,0.0,-0.04,11.15,22.87,1165.0,112.98,8,236.35
22/02/2024,0,29.43,0.26,0,47.6,183.5,0,1,218.0,4.9605,2,0,0.83,12.7,64.07,62.87,2,0.5000000000000001,0.8660254037844386,3.6,0.8,0.0,-0.04,11.15,22.75,1152.5,112.6,8,235.6
23/02/2024,0,28.93,0.26,0,47.36,185.6,0,1,217.96,4.9951,2,0,0.83,12.64,61.96,63.06,2,0.5000000000000001,0.8660254037844386,3.6,0.8,0.0,-0.04,11.15,22.39,1141.75,111.68,8,236.25
24/02/2024,0,28.93,0.26,0,47.36,185.6,0,1,217.96,4.9951,2,0,0.83,12.64,61.96,63.06,2,0.5000000000000001,0.8660254037844386,3.6,0.8,0.0,-0.04,11.15,22.39,1141.75,111.68,8,236.25
25/02/2024,0,28.93,0.26,0,47.36,185.6,0,1,217.96,4.9951,2,0,0.83,12.64,61.96,63.06,2,0.5000000000000001,0.8660254037844386,3.6,0.8,0.0,-0.04,11.15,22.39,1141.75,111.68,8,236.25
26/02/2024,0,33.98,0.26,0,47.51,185.73,0,1,219.44,4.9799,2,0,0.83,12.68,61.01,63.11,2,0.5000000000000001,0.8660254037844386,3.6,0.8,0.0,-0.04,11.15,22.05,1145.25,109.72,9,236.45
27/02/2024,0,33.98,0.26,0,47.66,185.6,0,1,219.45,4.9335,2,0,0.83,12.75,61.08,62.91,2,0.5000000000000001,0.8660254037844386,3.6,0.8,0.0,-0.04,11.15,22.4,1140.75,110.57,9,235.2
28/02/2024,0,34.04,0.26,0,47.25,184.65,0,1,220.84,4.9675,2,0,0.83,12.53,60.28,62.3,2,0.5000000000000001,0.8660254037844386,3.6,0.8,0.0,-0.04,11.15,22.19,1145.25,110.31,9,234.9
29/02/2024,0,34.04,0.26,0,47.34,184.0,0,1,220.35,4.9716,2,0,0.83,12.51,60.22,62.23,2,0.5000000000000001,0.8660254037844386,3.6,0.8,0.0,-0.04,11.15,22.26,1140.75,110.7,9,235.4
01/03/2024,0,34.04,0.26,0,47.46,188.45,0,1,219.21,4.9541,2,0,0.16,12.66,61.1,62.72,3,6.123233995736766e-17,1.0,3.6,0.8,0.0,1.92,11.15,22.43,1151.25,111.08,9,235.05
02/03/2024,0,34.04,0.26,0,47.46,188.45,0,1,219.21,4.9541,2,0,0.16,12.66,61.1,62.72,3,6.123233995736766e-17,1.0,3.6,0.8,0.0,1.92,11.15,22.43,1151.25,111.08,9,235.05
03/03/2024,0,34.04,0.26,0,47.46,188.45,0,1,219.21,4.9541,2,0,0.16,12.66,61.1,62.72,3,6.123233995736766e-17,1.0,3.6,0.8,0.0,1.92,11.15,22.43,1151.25,111.08,9,235.05
04/03/2024,0,30.22,0.26,0,47.52,186.68,0,1,221.35,4.9458,2,0,0.16,12.74,62.19,63.01,3,6.123233995736766e-17,1.0,3.6,0.8,0.0,1.92,11.15,22.81,1155.0,112.84,10,235.1
05/03/2024,0,30.22,0.26,0,47.09,188.0,0,1,219.9,4.9581,2,0,0.16,12.67,62.6,62.77,3,6.123233995736766e-17,1.0,3.6,0.8,0.0,1.92,11.15,22.8,1149.0,112.96,10,233.3
06/03/2024,0,32.54,0.26,0,47.33,187.25,0,1,219.69,4.9446,2,0,0.16,12.69,62.66,62.75,3,6.123233995736766e-17,1.0,3.6,0.8,0.0,1.92,11.15,22.85,1148.25,112.97,10,234.05
07/03/2024,0,32.54,0.26,0,47.95,188.73,0,1,213.53,4.935,2,0,0.16,12.73,63.4,62.84,3,6.123233995736766e-17,1.0,3.6,0.8,0.0,1.92,11.15,23.12,1166.25,114.11,10,236.7
08/03/2024,0,32.54,0.26,0,47.11,187.6,0,1,212.98,4.9806,2,0,0.16,12.63,63.17,62.87,3,6.123233995736766e-17,1.0,3.6,0.8,0.0,1.92,11.15,23.15,1184.0,115.28,10,234.6
09/03/2024,0,31.24,0.26,0,47.11,187.6,0,1,212.98,4.9806,2,0,0.16,12.63,63.17,62.87,3,6.123233995736766e-17,1.0,3.6,0.8,0.0,1.92,11.15,23.15,1184.0,115.28,10,234.6
10/03/2024,0,32.53,0.26,0,47.11,187.6,0,1,212.98,4.9806,2,0,0.16,12.63,63.17,62.87,3,6.123233995736766e-17,1.0,3.6,0.8,0.0,1.92,11.15,23.15,1184.0,115.28,10,234.6
11/03/2024,0,35.0,0.26,0,47.01,187.6,0,1,216.77,4.9771,2,0,0.16,12.64,62.91,62.9,3,6.123233995736766e-17,1.0,3.6,0.8,0.0,1.92,11.15,23.43,1179.25,116.58,11,233.85
12/03/2024,0,35.0,0.26,0,46.88,188.25,0,1,217.75,4.9718,2,0,0.16,12.68,63.4,63.07,3,6.123233995736766e-17,1.0,3.6,0.8,0.0,1.92,11.15,23.64,1196.0,117.56,11,233.15
13/03/2024,0,28.83,0.26,0,46.7,189.93,0,1,219.36,4.97,2,0,0.16,12.67,63.47,63.0,3,6.123233995736766e-17,1.0,3.6,0.8,0.0,1.92,11.15,23.72,1196.75,117.97,11,232.3
14/03/2024,0,28.54,0.26,0,46.79,186.95,0,1,219.41,4.9895,2,0,0.16,12.67,63.03,63.24,3,6.123233995736766e-17,1.0,3.6,0.8,0.0,1.92,11.15,23.63,1195.25,117.98,11,233.6
15/03/2024,0,30.24,0.26,0,46.35,187.25,0,1,217.5,4.9949,2,0,0.16,12.65,63.14,63.17,3,6.123233995736766e-17,1.0,3.6,0.8,0.0,1.92,11.15,23.75,1212.5,118.61,11,231.5
16/03/2024,0,27.92,0.26,0,46.35,187.25,0,1,217.5,4.9949,2,0,0.16,12.65,63.14,63.17,3,6.123233995736766e-17,1.0,3.6,0.8,0.0,1.92,11.15,23.75,1212.5,118.61,11,231.5
17/03/2024,0,28.66,0.26,0,46.35,187.25,0,1,217.5,4.9949,2,0,0.16,12.65,63.14,63.17,3,6.123233995736766e-17,1.0,3.6,0.8,0.0,1.92,11.15,23.75,1212.5,118.61,11,231.5
18/03/2024,0,30.17,0.26,0,46.0,188.57,0,1,218.89,5.0253,2,0,0.16,12.51,60.95,62.87,3,6.123233995736766e-17,1.0,3.6,0.8,0.0,1.92,11.15,23.57,1202.25,118.48,12,231.25
19/03/2024,0,27.18,0.26,0,45.51,188.05,0,1,216.36,5.0301,2,0,0.16,12.52,61.58,62.86,3,6.123233995736766e-17,1.0,3.6,0.8,0.0,1.92,11.15,23.68,1200.25,118.87,12,228.5
20/03/2024,0,26.94,0.26,0,46.44,187.8,0,1,213.62,4.9691,2,0,0.16,12.62,60.68,62.75,3,6.123233995736766e-17,1.0,3.6,0.8,0.0,1.92,11.15,24.01,1223.25,119.39,12,230.9
21/03/2024,0,28.13,0.26,0,46.53,188.38,0,1,216.09,4.9781,2,0,0.16,12.58,60.52,62.62,3,6.123233995736766e-17,1.0,3.6,0.8,0.0,1.92,10.65,24.17,1225.75,120.39,12,231.7
22/03/2024,0,28.14,0.26,0,46.46,187.5,0,1,214.5,4.9997,2,0,0.16,12.49,60.13,62.45,3,6.123233995736766e-17,1.0,3.6,0.8,0.0,1.92,10.65,24.02,1205.5,120.09,12,232.3
23/03/2024,0,26.91,0.26,0,46.46,187.5,0,1,214.5,4.9997,2,0,0.16,12.49,60.13,62.45,3,6.123233995736766e-17,1.0,3.6,0.8,0.0,1.92,10.65,24.02,1205.5,120.09,12,232.3
24/03/2024,0,28.15,0.26,0,46.46,187.5,0,1,214.5,4.9997,2,0,0.16,12.49,60.13,62.45,3,6.123233995736766e-17,1.0,3.6,0.8,0.0,1.92,10.65,24.02,1205.5,120.09,12,232.3
25/03/2024,0,25.05,0.26,0,46.62,186.2,0,1,215.19,4.9751,2,0,0.16,12.58,61.28,62.6,3,6.123233995736766e-17,1.0,3.6,0.8,0.0,1.92,10.65,24.15,1221.75,120.18,13,232.0
26/03/2024,0,25.63,0.26,0,46.59,183.1,0,1,212.88,4.9808,2,0,0.16,12.5,59.92,62.3,3,6.123233995736766e-17,1.0,3.6,0.8,0.0,1.92,10.65,24.17,1212.5,120.48,13,232.2
27/03/2024,0,26.85,0.26,0,46.55,183.6,0,1,215.6,4.9866,2,0,0.16,12.41,59.66,61.82,3,6.123233995736766e-17,1.0,3.6,0.8,0.0,1.92,10.65,24.12,1206.5,120.13,13,231.8
28/03/2024,0,24.56,0.26,0,46.37,185.0,0,1,215.29,5.0129,2,0,0.16,12.33,60.4,61.78,3,6.123233995736766e-17,1.0,3.6,0.8,0.0,1.92,10.65,23.87,1205.25,119.61,13,232.3
29/03/2024,0,27.28,0.26,0,46.37,185.0,0,1,215.29,5.0129,2,0,0.16,12.33,60.4,61.78,3,6.123233995736766e-17,1.0,3.6,0.8,0.5,1.92,10.65,23.87,1205.25,119.61,13,232.3
30/03/2024,0,25.73,0.26,0,46.37,185.0,0,1,215.29,5.0129,2,0,0.16,12.33,60.4,61.78,3,6.123233995736766e-17,1.0,3.6,0.8,0.5,1.92,10.65,23.87,1205.25,119.61,13,232.3
31/03/2024,0,27.83,0.26,0,46.37,185.0,0,1,215.29,5.0129,2,0,0.16,12.33,60.4,61.78,3,6.123233995736766e-17,1.0,3.6,0.8,1.5,1.92,10.65,23.87,1205.25,119.61,13,232.3
01/04/2024,0,26.49,0.26,0,45.02,180.07,0,0,212.02,5.0543,2,0,0.38,12.18,59.54,61.71,4,-0.4999999999999998,0.8660254037844387,-0.6,0.4,0.0,1.44,10.65,23.74,1199.5,120.23,14,228.05
02/04/2024,0,27.09,0.26,0,45.19,181.77,0,0,214.8,5.0576,2,0,0.38,12.17,58.89,61.57,4,-0.4999999999999998,0.8660254037844387,-0.6,0.4,0.0,1.44,10.65,23.87,1187.75,120.75,14,228.6
03/04/2024,0,27.26,0.26,0,45.11,180.93,0,0,212.03,5.0393,2,0,0.38,12.2,58.89,61.49,4,-0.4999999999999998,0.8660254037844387,-0.6,0.4,0.0,1.44,10.65,24.02,1195.25,121.02,14,227.3
04/04/2024,0,27.12,0.26,0,45.16,181.48,0,0,212.21,5.0538,2,0,0.38,12.18,59.39,61.48,4,-0.4999999999999998,0.8660254037844387,-0.6,0.4,0.0,1.44,10.65,23.88,1192.25,120.54,14,227.95
05/04/2024,0,25.14,0.26,0,45.49,178.25,0,0,211.08,5.0655,2,0,0.38,12.04,58.98,60.99,4,-0.4999999999999998,0.8660254037844387,-0.6,0.4,0.0,1.44,10.65,23.91,1196.75,121.08,14,230.4
06/04/2024,0,26.72,0.26,0,45.49,178.25,0,0,211.08,5.0655,2,0,0.38,12.04,58.98,60.99,4,-0.4999999999999998,0.8660254037844387,-0.6,0.4,0.0,1.44,10.65,23.91,1196.75,121.08,14,230.4
07/04/2024,0,25.88,0.26,0,45.49,178.25,0,0,211.08,5.0655,2,0,0.38,12.04,58.98,60.99,4,-0.4999999999999998,0.8660254037844387,-0.6,0.4,0.0,1.44,10.65,23.91,1196.75,121.08,14,230.4
08/04/2024,0,27.51,0.26,0,44.92,179.4,0,0,212.75,5.0268,2,0,0.38,12.05,58.01,60.62,4,-0.4999999999999998,0.8660254037844387,-0.6,0.4,0.0,1.44,10.65,24.14,1194.25,121.38,15,225.9
09/04/2024,0,27.88,0.26,0,45.72,180.7,0,0,209.78,5.009,2,0,0.38,12.01,56.95,60.14,4,-0.4999999999999998,0.8660254037844387,-0.6,0.4,0.0,1.44,10.65,24.17,1187.75,121.08,15,229.0
10/04/2024,0,26.81,0.26,0,45.92,179.07,0,0,212.0,5.0746,2,0,0.38,11.78,57.77,59.83,4,-0.4999999999999998,0.8660254037844387,-0.6,0.4,0.0,1.44,10.65,23.76,1178.0,120.67,15,233.2
11/04/2024,0,27.78,0.26,0,45.27,180.25,0,0,212.77,5.0917,2,0,0.38,11.7,57.06,59.53,4,-0.4999999999999998,0.8660254037844387,-0.6,0.4,0.0,1.44,10.65,23.79,1172.5,121.08,15,230.4
12/04/2024,0,27.49,0.26,0,45.11,178.9,0,0,209.5,5.1175,2,0,0.38,11.63,57.32,59.62,4,-0.4999999999999998,0.8660254037844387,-0.6,0.4,0.0,1.44,10.65,23.69,1186.75,121.39,15,231.2
13/04/2024,0,26.85,0.26,0,45.11,178.9,0,0,209.5,5.1175,2,0,0.38,11.63,57.32,59.62,4,-0.4999999999999998,0.8660254037844387,-0.6,0.4,0.0,1.44,10.65,23.69,1186.75,121.39,15,231.2
14/04/2024,0,26.36,0.26,0,45.11,178.9,0,0,209.5,5.1175,2,0,0.38,11.63,57.32,59.62,4,-0.4999999999999998,0.8660254037844387,-0.6,0.4,0.0,1.44,10.65,23.69,1186.75,121.39,15,231.2
15/04/2024,0,27.47,0.26,0,44.49,180.3,0,0,206.23,5.1846,2,0,0.38,11.51,58.42,59.7,4,-0.4999999999999998,0.8660254037844387,-0.6,0.4,0.0,1.44,10.65,23.53,1172.0,122.04,16,230.7
16/04/2024,0,28.13,0.26,0,43.87,181.5,0,0,206.48,5.2826,1,0,0.38,11.36,58.84,59.74,4,-0.4999999999999998,0.8660254037844387,-0.6,0.4,0.0,1.44,10.65,23.61,1160.0,124.2,16,230.8
17/04/2024,0,28.88,0.26,0,43.78,180.9,0,0,208.42,5.242,1,0,0.38,11.35,58.15,59.41,4,-0.4999999999999998,0.8660254037844387,-0.6,0.4,0.0,1.44,10.65,23.77,1164.25,124.42,16,229.2
18/04/2024,0,28.92,0.26,0,44.23,181.18,0,0,209.65,5.2482,1,0,0.38,11.3,57.81,59.29,4,-0.4999999999999998,0.8660254037844387,-0.6,0.4,0.0,1.44,10.65,23.57,1149.0,123.65,16,232.05
19/04/2024,0,28.02,0.26,0,45.14,181.48,0,0,213.04,5.2027,1,0,0.38,11.38,58.05,59.11,4,-0.4999999999999998,0.8660254037844387,-0.6,0.4,0.0,1.44,10.65,23.79,1165.75,123.58,16,234.5
20/04/2024,0,26.86,0.26,0,45.14,181.48,0,0,213.04,5.2027,1,0,0.38,11.38,58.05,59.11,4,-0.4999999999999998,0.8660254037844387,-0.6,0.4,0.0,1.44,10.65,23.79,1165.75,123.58,16,234.5
21/04/2024,0,27.95,0.26,0,45.14,181.48,0,0,213.04,5.2027,1,0,0.38,11.38,58.05,59.11,4,-0.4999999999999998,0.8660254037844387,-0.6,0.4,0.0,1.44,10.65,23.79,1165.75,123.58,16,234.5
22/04/2024,0,28.03,0.26,0,44.65,183.82,0,0,215.48,5.168,1,0,0.38,11.36,57.78,58.76,4,-0.4999999999999998,0.8660254037844387,-0.6,0.4,0.0,1.44,10.65,23.91,1176.5,123.73,17,231.0
23/04/2024,0,28.8,0.26,0,45.61,183.35,0,0,216.77,5.126,1,0,0.38,11.4,57.66,58.49,4,-0.4999999999999998,0.8660254037844387,-0.6,0.4,0.0,1.44,10.65,24.2,1182.0,124.15,17,233.95
24/04/2024,0,27.49,0.26,0,45.19,182.1,0,0,212.59,5.1457,1,0,0.38,11.32,57.73,58.27,4,-0.4999999999999998,0.8660254037844387,-0.6,0.4,0.0,1.44,10.65,24.26,1181.5,124.87,17,232.6
25/04/2024,0,28.15,0.26,0,45.14,183.95,0,0,212.54,5.1602,1,0,0.38,11.23,57.9,58.01,4,-0.4999999999999998,0.8660254037844387,-0.6,0.4,0.0,1.44,10.65,24.2,1179.75,124.98,17,233.15
26/04/2024,0,28.38,0.26,0,45.4,184.68,0,0,210.94,5.1151,1,0,0.38,11.35,56.88,58.09,4,-0.4999999999999998,0.8660254037844387,-0.6,0.4,0.0,1.44,10.65,24.36,1177.25,124.63,17,232.25
27/04/2024,0,28.93,0.26,0,45.4,184.68,0,0,210.94,5.1151,1,0,0.38,11.35,56.88,58.09,4,-0.4999999999999998,0.8660254037844387,-0.6,0.4,0.0,1.44,10.65,24.36,1177.25,124.63,17,232.25
28/04/2024,0,28.58,0.26,0,45.4,184.68,0,0,210.94,5.1151,1,0,0.38,11.35,56.88,58.09,4,-0.4999999999999998,0.8660254037844387,-0.6,0.4,0.0,1.44,10.65,24.36,1177.25,124.63,17,232.25
29/04/2024,0,28.18,0.26,0,44.91,185.4,0,0,209.62,5.1189,1,0,0.38,11.37,56.97,58.11,4,-0.4999999999999998,0.8660254037844387,-0.6,0.4,0.0,1.44,10.65,24.34,1182.0,124.46,18,229.6
30/04/2024,0,28.73,0.26,0,44.19,185.0,0,0,209.64,5.1934,1,0,0.38,11.16,57.34,57.93,4,-0.4999999999999998,0.8660254037844387,-0.6,0.4,0.0,1.44,10.65,23.99,1163.0,124.51,18,229.35
01/05/2024,0,27.55,0.26,1,44.19,173.85,0,0,209.64,5.1936,1,0,0.38,11.16,57.34,57.93,5,-0.8660254037844387,0.49999999999999994,-0.6,0.4,0.0,-2.12,10.65,23.99,1170.25,124.51,18,229.35
02/05/2024,0,27.55,0.26,1,45.2,176.8,0,0,207.48,5.1113,1,0,0.46,11.26,57.35,57.56,5,-0.8660254037844387,0.49999999999999994,-0.6,0.4,0.0,-2.12,10.65,24.48,1199.0,125.14,18,231.1
03/05/2024,0,27.97,0.26,1,46.11,176.68,0,0,207.65,5.0722,1,0,0.46,11.46,57.15,58.1,5,-0.8660254037844387,0.49999999999999994,-0.6,0.4,0.0,-2.12,10.65,24.87,1215.0,126.08,18,233.8
04/05/2024,0,28.73,0.26,1,46.11,176.68,0,0,207.65,5.0722,1,0,0.46,11.46,57.15,58.1,5,-0.8660254037844387,0.49999999999999994,-0.6,0.4,0.0,-2.12,10.65,24.87,1215.0,126.08,18,233.8
05/05/2024,0,27.43,0.26,1,46.11,176.68,0,0,207.65,5.0722,1,0,0.46,11.46,57.15,58.1,5,-0.8660254037844387,0.49999999999999994,-0.6,0.4,0.0,-2.12,10.65,24.87,1215.0,126.08,18,233.8
06/05/2024,0,27.4,0.26,1,46.07,176.98,0,0,208.0,5.0758,1,0,0.46,11.47,58.24,58.2,5,-0.8660254037844387,0.49999999999999994,-0.6,0.4,0.0,-2.12,10.65,25.11,1248.75,127.41,19,233.75
07/05/2024,0,28.33,0.26,1,45.97,177.63,0,0,208.34,5.0707,1,0,0.46,11.47,57.86,58.16,5,-0.8660254037844387,0.49999999999999994,-0.6,0.4,0.0,-2.12,10.65,25.52,1246.5,129.43,19,233.15
08/05/2024,0,27.57,0.26,1,45.75,176.48,0,0,211.84,5.0909,1,0,0.46,11.4,57.71,58.1,5,-0.8660254037844387,0.49999999999999994,-0.6,0.4,0.0,-2.12,10.65,25.47,1227.75,129.72,19,233.05
09/05/2024,0,27.81,0.26,1,45.06,175.95,0,0,213.61,5.1412,1,0,0.46,11.31,57.91,58.19,5,-0.8660254037844387,0.49999999999999994,-0.6,0.4,0.0,-2.12,10.4,25.13,1208.5,129.29,19,231.8
10/05/2024,0,27.41,0.26,1,44.63,176.15,0,0,208.46,5.1584,1,0,0.46,11.42,57.93,58.88,5,-0.8660254037844387,0.49999999999999994,-0.6,0.4,0.5,-2.12,10.4,25.14,1219.0,129.64,19,230.15
11/05/2024,0,27.37,0.26,1,44.63,176.15,0,0,208.46,5.1584,1,0,0.46,11.42,57.93,58.88,5,-0.8660254037844387,0.49999999999999994,-0.6,0.4,0.5,-2.12,10.4,25.14,1219.0,129.64,19,230.15
12/05/2024,0,27.95,0.26,1,44.63,176.15,0,0,208.46,5.1584,1,0,0.46,11.42,57.93,58.88,5,-0.8660254037844387,0.49999999999999994,-0.6,0.4,1.5,-2.12,10.4,25.14,1219.0,129.64,19,230.15
13/05/2024,0,26.99,0.26,1,44.38,175.57,0,0,209.92,5.1511,1,0,0.46,11.42,58.72,58.83,5,-0.8660254037844387,0.49999999999999994,-0.6,0.4,0.0,-2.12,10.4,25.18,1219.5,129.72,20,228.65
14/05/2024,0,27.95,0.26,1,44.24,178.18,0,0,210.8,5.1299,1,0,0.46,11.44,58.71,58.67,5,-0.8660254037844387,0.49999999999999994,-0.6,0.4,0.0,-2.12,10.4,25.14,1214.5,129.0,20,227.0
15/05/2024,0,27.8,0.26,1,44.09,178.25,0,0,208.26,5.1373,1,0,0.46,11.48,58.82,58.96,5,-0.8660254037844387,0.49999999999999994,-0.6,0.4,0.0,-2.12,10.4,25.33,1216.25,130.11,20,226.5
16/05/2024,0,28.88,0.26,1,44.04,179.02,0,0,212.73,5.1288,1,0,0.46,11.47,59.15,58.85,5,-0.8660254037844387,0.49999999999999994,-0.6,0.4,0.0,-2.12,10.4,25.33,1216.75,129.95,20,225.9
17/05/2024,0,26.94,0.26,1,44.2,181.05,0,0,213.14,5.1031,1,0,0.46,11.58,58.64,59.13,5,-0.8660254037844387,0.49999999999999994,-0.6,0.4,0.0,-2.12,10.4,25.58,1225.25,130.55,20,225.6
18/05/2024,0,26.69,0.26,1,44.2,181.05,0,0,213.14,5.1031,1,0,0.46,11.58,58.64,59.13,5,-0.8660254037844387,0.49999999999999994,-0.6,0.4,0.0,-2.12,10.4,25.58,1225.25,130.55,20,225.6
19/05/2024,0,26.73,0.26,1,44.2,181.05,0,0,213.14,5.1031,1,0,0.46,11.58,58.64,59.13,5,-0.8660254037844387,0.49999999999999994,-0.6,0.4,0.0,-2.12,10.4,25.58,1225.25,130.55,20,225.6
20/05/2024,0,27.75,0.26,1,44.16,181.48,0,0,211.27,5.1033,1,0,0.46,11.68,59.37,59.68,5,-0.8660254037844387,0.49999999999999994,-0.6,0.4,0.0,-2.12,10.4,25.94,1243.0,132.53,21,225.6
21/05/2024,0,28.53,0.26,1,44.01,182.98,0,0,210.35,5.1225,1,0,0.46,11.63,59.57,59.48,5,-0.8660254037844387,0.49999999999999994,-0.6,0.4,0.0,-2.12,10.4,26.08,1234.0,133.41,21,225.1
22/05/2024,0,27.14,0.26,1,43.4,184.18,0,0,211.48,5.1503,1,0,0.46,11.52,59.57,59.36,5,-0.8660254037844387,0.49999999999999994,-0.6,0.4,0.0,-2.12,10.4,26.04,1243.25,134.19,21,223.7
23/05/2024,0,27.43,0.26,1,43.16,183.52,0,0,212.07,5.1442,1,0,0.46,11.6,59.25,59.77,5,-0.8660254037844387,0.49999999999999994,-0.6,0.4,0.0,-2.12,10.4,26.16,1237.75,134.86,21,222.5
24/05/2024,0,27.85,0.26,1,42.92,183.7,0,0,214.92,5.166,1,0,0.46,11.55,59.39,59.74,5,-0.8660254037844387,0.49999999999999994,-0.6,0.4,0.0,-2.12,10.4,25.97,1245.0,134.35,21,222.05
25/05/2024,0,27.04,0.26,1,42.92,183.7,0,0,214.92,5.166,1,0,0.46,11.55,59.39,59.74,5,-0.8660254037844387,0.49999999999999994,-0.6,0.4,0.0,-2.12,10.4,25.97,1245.0,134.35,21,222.05
26/05/2024,0,26.85,0.26,1,42.92,183.7,0,0,214.92,5.166,1,0,0.46,11.55,59.39,59.74,5,-0.8660254037844387,0.49999999999999994,-0.6,0.4,0.0,-2.12,10.4,25.97,1245.0,134.35,21,222.05
27/05/2024,0,26.1,0.26,1,42.92,183.7,0,0,214.92,5.166,1,0,0.46,11.55,59.39,59.74,5,-0.8660254037844387,0.49999999999999994,-0.6,0.4,0.0,-2.12,10.4,25.97,1245.0,134.35,22,222.05
28/05/2024,0,26.4,0.26,1,43.0,184.55,0,0,208.5,5.1611,1,0,0.46,11.52,58.99,59.43,5,-0.8660254037844387,0.49999999999999994,-0.6,0.4,0.0,-2.12,10.4,25.93,1229.0,133.81,22,221.9
29/05/2024,0,27.07,0.26,1,42.57,183.35,0,0,205.89,5.2018,1,0,0.46,11.4,58.67,59.29,5,-0.8660254037844387,0.49999999999999994,-0.6,0.4,0.0,-2.12,10.4,25.63,1213.75,133.36,22,221.5
30/05/2024,0,27.28,0.26,1,42.57,182.55,0,0,205.89,5.2034,1,0,0.46,11.4,58.67,59.29,5,-0.8660254037844387,0.49999999999999994,-0.6,0.4,0.0,-2.12,10.4,25.63,1208.0,133.36,22,221.5
31/05/2024,0,26.89,0.26,1,42.07,181.55,0,0,202.98,5.2443,1,0,0.46,11.29,58.22,59.36,5,-0.8660254037844387,0.49999999999999994,-0.6,0.4,0.0,-2.12,10.4,25.35,1203.5,133.27,22,221.15
01/06/2024,0,26.58,0.26,1,42.07,181.55,0,0,202.98,5.2443,1,0,0.46,11.29,58.22,59.36,6,-1.0,1.2246467991473532e-16,-0.6,0.4,0.5,-2.21,10.4,25.35,1203.5,133.27,22,221.15
02/06/2024,0,25.5,0.26,1,42.07,181.55,0,0,202.98,5.2443,1,0,0.46,11.29,58.22,59.36,6,-1.0,1.2246467991473532e-16,-0.6,0.4,0.5,-2.21,10.4,25.35,1203.5,133.27,22,221.15
03/06/2024,0,26.19,0.26,1,41.41,182.02,0,0,201.75,5.2467,1,0,0.21,11.27,57.38,58.95,6,-1.0,1.2246467991473532e-16,-0.6,0.4,0.5,-2.21,10.4,25.31,1182.5,132.47,23,216.7
04/06/2024,0,26.38,0.26,1,40.96,182.18,0,0,203.78,5.2861,1,0,0.21,11.08,57.07,58.58,6,-1.0,1.2246467991473532e-16,-0.6,0.4,0.5,-2.21,10.4,24.89,1177.5,131.62,23,216.6
05/06/2024,0,26.64,0.26,1,40.87,181.77,0,0,200.49,5.2964,1,0,0.21,11.05,56.39,58.55,6,-1.0,1.2246467991473532e-16,-0.6,0.4,0.5,-2.21,10.4,24.88,1174.25,131.81,23,216.55
06/06/2024,0,26.17,0.26,1,41.09,181.82,0,0,201.49,5.256,1,0,0.21,11.09,57.36,58.27,6,-1.0,1.2246467991473532e-16,-0.6,0.4,0.5,-2.21,10.4,25.39,1193.5,133.45,23,215.95
07/06/2024,0,25.56,0.26,1,40.5,182.18,0,0,199.36,5.3448,1,0,0.21,10.88,57.13,57.85,6,-1.0,1.2246467991473532e-16,-0.6,0.4,0.5,-2.21,10.4,25.14,1176.75,133.66,23,215.3
08/06/2024,0,26.48,0.26,1,40.5,182.18,0,0,199.36,5.3448,1,0,0.21,10.88,57.13,57.85,6,-1.0,1.2246467991473532e-16,-0.6,0.4,0.5,-2.21,10.4,25.14,1176.75,133.66,23,215.3
09/06/2024,0,25.73,0.26,1,40.5,182.18,0,0,199.36,5.3448,1,0,0.21,10.88,57.13,57.85,6,-1.0,1.2246467991473532e-16,-0.6,0.4,0.5,-2.21,10.4,25.14,1176.75,133.66,23,215.3
10/06/2024,0,26.0,0.26,1,40.3,183.93,0,0,198.5,5.3547,1,0,0.21,10.87,58.38,58.22,6,-1.0,1.2246467991473532e-16,-0.6,0.4,0.5,-2.21,10.4,25.14,1182.75,134.6,24,215.8
11/06/2024,0,26.37,0.26,1,40.31,183.75,0,0,198.7,5.3662,1,0,0.21,10.81,58.65,57.94,6,-1.0,1.2246467991473532e-16,-0.6,0.4,0.5,-2.21,10.4,25.18,1171.75,134.93,24,216.0
12/06/2024,0,27.02,0.26,1,40.54,183.65,0,0,195.73,5.4123,1,0,0.21,10.63,58.76,57.51,6,-1.0,1.2246467991473532e-16,-0.6,0.4,0.5,-2.21,10.4,25.17,1166.75,136.13,24,219.25
13/06/2024,0,25.35,0.26,1,41.04,184.82,0,0,195.64,5.3636,1,0,0.21,10.71,58.38,57.53,6,-1.0,1.2246467991473532e-16,-0.6,0.4,1.5,-2.21,10.4,25.32,1178.25,136.06,24,220.5
14/06/2024,0,25.5,0.26,1,41.15,186.82,0,0,197.13,5.3757,1,0,0.21,10.74,57.57,57.77,6,-1.0,1.2246467991473532e-16,-0.6,0.4,0.5,-2.21,10.4,25.2,1168.25,135.52,24,221.25
15/06/2024,0,25.9,0.26,1,41.15,186.82,0,0,197.13,5.3757,1,0,0.21,10.74,57.57,57.77,6,-1.0,1.2246467991473532e-16,-0.6,0.4,0.5,-2.21,10.4,25.2,1168.25,135.52,24,221.25
16/06/2024,0,25.6,0.26,1,41.15,186.82,0,0,197.13,5.3757,1,0,0.21,10.74,57.57,57.77,6,-1.0,1.2246467991473532e-16,-0.6,0.4,0.5,-2.21,10.4,25.2,1168.25,135.52,24,221.25
17/06/2024,0,24.56,0.26,1,40.84,187.05,0,0,196.59,5.4195,1,0,0.21,10.64,57.09,57.72,6,-1.0,1.2246467991473532e-16,-0.6,0.4,0.5,-2.21,10.4,24.75,1146.0,134.26,25,221.5
18/06/2024,0,24.95,0.26,1,40.76,186.68,0,0,196.53,5.4359,1,0,0.21,10.62,57.15,57.71,6,-1.0,1.2246467991473532e-16,-0.6,0.4,0.5,-2.21,10.4,24.65,1156.0,133.95,25,221.5
19/06/2024,0,25.06,0.26,1,40.76,186.68,0,0,196.53,5.4359,1,0,0.21,10.62,57.15,57.71,6,-1.0,1.2246467991473532e-16,-0.6,0.4,0.5,-2.21,10.4,24.65,1156.0,133.95,25,221.5
20/06/2024,0,26.6,0.26,1,41.29,187.07,0,0,198.49,5.4483,1,0,0.21,10.74,57.49,58.15,6,-1.0,1.2246467991473532e-16,-0.6,0.4,0.5,-2.21,10.4,24.73,1139.75,133.91,25,223.6
21/06/2024,0,26.35,0.26,1,41.09,187.6,0,0,194.48,5.4302,1,0,0.21,10.68,57.59,58.13,6,-1.0,1.2246467991473532e-16,-0.6,0.4,0.5,-2.21,10.4,24.56,1147.0,133.73,25,223.75
22/06/2024,0,25.62,0.26,1,41.09,187.6,0,0,194.48,5.4302,1,0,0.21,10.68,57.59,58.13,6,-1.0,1.2246467991473532e-16,-0.6,0.4,0.5,-2.21,10.4,24.56,1147.0,133.73,25,223.75
23/06/2024,0,26.21,0.26,1,41.09,187.6,0,0,194.48,5.4302,1,0,0.21,10.68,57.59,58.13,6,-1.0,1.2246467991473532e-16,-0.6,0.4,0.5,-2.21,10.4,24.56,1147.0,133.73,25,223.75
24/06/2024,0,26.98,0.26,1,41.83,188.9,0,0,195.08,5.3928,1,0,0.21,10.61,57.78,57.26,6,-1.0,1.2246467991473532e-16,-0.6,0.4,1.5,-2.21,10.4,24.74,1160.5,133.43,26,225.65
25/06/2024,0,27.45,0.26,1,41.35,189.48,0,0,194.1,5.4509,1,0,0.21,10.43,57.15,56.88,6,-1.0,1.2246467991473532e-16,-0.6,0.4,0.5,-2.21,10.4,24.46,1145.5,133.31,26,225.4
26/06/2024,0,25.24,0.26,1,40.8,192.93,0,0,195.2,5.5194,1,0,0.21,10.4,57.11,57.37,6,-1.0,1.2246467991473532e-16,-0.6,0.4,0.5,-2.21,10.4,24.31,1142.25,134.06,26,225.0
27/06/2024,0,25.46,0.26,1,41.08,194.18,0,0,195.53,5.5019,1,0,0.21,10.46,57.92,57.54,6,-1.0,1.2246467991473532e-16,-0.6,0.4,0.5,-2.21,10.4,24.34,1136.25,133.94,26,226.0
28/06/2024,0,25.26,0.26,1,40.29,193.5,0,0,196.6,5.5925,1,0,0.21,10.24,57.02,57.22,6,-1.0,1.2246467991473532e-16,-0.6,0.4,0.5,-2.21,10.4,24.07,1133.5,134.5,26,225.15
29/06/2024,0,25.71,0.26,1,40.29,193.5,0,0,196.6,5.5925,1,0,0.21,10.24,57.02,57.22,6,-1.0,1.2246467991473532e-16,-0.6,0.4,1.5,-2.21,10.4,24.07,1133.5,134.5,26,225.15
30/06/2024,0,25.5,0.26,1,40.29,193.5,0,0,196.6,5.5925,1,0,0.21,10.24,57.02,57.22,6,-1.0,1.2246467991473532e-16,-0.6,0.4,0.5,-2.21,10.4,24.07,1133.5,134.5,26,225.15
01/07/2024,0,25.82,0.26,1,40.02,184.27,1,0,195.5,5.6603,0,0,0.38,10.17,56.73,57.32,7,-0.8660254037844388,-0.4999999999999997,0.6,0.2,0.5,-2.8,10.4,23.94,1146.0,134.98,27,225.65
02/07/2024,0,27.07,0.26,1,39.85,185.1,1,0,197.08,5.6777,0,0,0.38,10.06,57.37,56.87,7,-0.8660254037844388,-0.4999999999999997,0.6,0.2,0.5,-2.8,10.4,24.16,1150.25,136.59,27,225.3
03/07/2024,0,25.65,0.26,1,40.31,185.93,1,0,196.06,5.5563,0,0,0.38,10.14,56.62,56.4,7,-0.8660254037844388,-0.4999999999999997,0.6,0.2,0.5,-2.8,10.4,24.75,1157.75,137.68,27,224.25
04/07/2024,0,25.65,0.26,1,40.31,185.93,1,0,196.06,5.5563,0,0,0.38,10.14,56.62,56.4,7,-0.8660254037844388,-0.4999999999999997,0.6,0.2,0.5,-2.8,10.4,24.75,1157.75,137.68,27,224.25
05/07/2024,0,25.92,0.26,1,41.58,186.43,1,0,196.4,5.4592,0,0,0.38,10.26,55.99,56.11,7,-0.8660254037844388,-0.4999999999999997,0.6,0.2,0.5,-2.8,10.4,25.15,1166.25,137.49,27,227.3
06/07/2024,0,26.49,0.26,1,41.58,186.43,1,0,196.4,5.4592,0,0,0.38,10.26,55.99,56.11,7,-0.8660254037844388,-0.4999999999999997,0.6,0.2,0.5,-2.8,10.4,25.15,1166.25,137.49,27,227.3
07/07/2024,0,25.98,0.26,1,41.58,186.43,1,0,196.4,5.4592,0,0,0.38,10.26,55.99,56.11,7,-0.8660254037844388,-0.4999999999999997,0.6,0.2,0.5,-2.8,10.4,25.15,1166.25,137.49,27,227.3
08/07/2024,0,26.56,0.26,1,41.63,184.35,1,0,194.97,5.4699,0,0,0.38,10.25,55.66,56.14,7,-0.8660254037844388,-0.4999999999999997,0.6,0.2,0.5,-2.8,10.4,24.68,1149.0,135.18,28,228.0
09/07/2024,0,26.27,0.26,1,41.63,182.35,1,0,194.62,5.4222,0,0,0.38,10.37,55.88,56.21,7,-0.8660254037844388,-0.4999999999999997,0.6,0.2,0.5,-2.8,10.4,24.66,1131.25,133.6,28,228.0
10/07/2024,0,26.36,0.26,1,41.98,182.25,1,0,193.58,5.4144,0,0,0.38,10.32,56.03,55.84,7,-0.8660254037844388,-0.4999999999999997,0.6,0.2,0.5,-2.8,10.4,24.24,1113.25,131.22,28,227.25
11/07/2024,0,26.48,0.26,1,41.61,182.25,1,0,195.8,5.4381,0,0,0.38,10.38,55.71,56.49,7,-0.8660254037844388,-0.4999999999999997,0.6,0.2,0.5,-2.8,10.4,23.86,1117.0,129.89,28,226.55
12/07/2024,0,26.56,0.26,1,41.81,182.38,1,0,193.43,5.4285,0,0,0.38,10.44,56.29,56.7,7,-0.8660254037844388,-0.4999999999999997,0.6,0.2,0.5,-2.8,10.4,23.94,1105.0,130.06,28,227.1
13/07/2024,0,26.22,0.26,1,41.81,182.38,1,0,193.43,5.4285,0,0,0.38,10.44,56.29,56.7,7,-0.8660254037844388,-0.4999999999999997,0.6,0.2,0.5,-2.8,10.4,23.94,1105.0,130.06,28,227.1
14/07/2024,0,24.98,0.26,1,41.81,182.38,1,0,193.43,5.4285,0,0,0.38,10.44,56.29,56.7,7,-0.8660254037844388,-0.4999999999999997,0.6,0.2,0.5,-2.8,10.4,23.94,1105.0,130.06,28,227.1
15/07/2024,0,24.23,0.26,1,41.58,182.13,1,0,197.01,5.4448,0,0,0.38,10.35,56.51,56.35,7,-0.8660254037844388,-0.4999999999999997,0.6,0.2,0.5,-2.8,10.4,23.71,1033.75,129.14,29,226.5
16/07/2024,0,24.19,0.26,1,42.41,182.68,1,0,197.37,5.4286,0,0,0.38,10.37,58.61,56.33,7,-0.8660254037844388,-0.4999999999999997,0.6,0.2,0.5,-2.8,10.4,23.52,1037.75,127.8,29,230.4
17/07/2024,0,24.4,0.26,1,42.15,184.27,1,0,201.46,5.4821,0,0,0.38,10.24,59.05,56.17,7,-0.8660254037844388,-0.4999999999999997,0.6,0.2,0.5,-2.8,10.4,23.59,1038.25,129.41,29,231.2
18/07/2024,0,24.31,0.26,1,41.71,182.25,1,0,200.61,5.546,0,0,0.38,10.26,58.26,57.24,7,-0.8660254037844388,-0.4999999999999997,0.6,0.2,0.5,-2.8,10.4,23.38,1040.75,130.45,29,232.75
19/07/2024,0,24.81,0.26,1,41.49,183.1,1,0,199.85,5.5952,0,0,0.38,10.27,59.08,57.48,7,-0.8660254037844388,-0.4999999999999997,0.6,0.2,0.5,-2.8,10.4,23.51,1036.75,131.64,29,232.3
20/07/2024,0,25.13,0.26,1,41.49,183.1,1,0,199.85,5.5952,0,0,0.38,10.27,59.08,57.48,7,-0.8660254037844388,-0.4999999999999997,0.6,0.2,0.5,-2.8,10.4,23.51,1036.75,131.64,29,232.3
21/07/2024,0,23.99,0.26,1,41.49,183.1,1,0,199.85,5.5952,0,0,0.38,10.27,59.08,57.48,7,-0.8660254037844388,-0.4999999999999997,0.6,0.2,0.5,-2.8,10.4,23.51,1036.75,131.64,29,232.3
22/07/2024,0,24.49,0.26,1,41.53,183.93,1,0,199.88,5.5779,0,0,0.38,10.33,60.52,57.56,7,-0.8660254037844388,-0.4999999999999997,0.6,0.2,0.5,-2.8,10.4,23.92,1064.75,133.35,30,231.5
23/07/2024,0,24.9,0.26,1,41.2,186.3,1,0,197.44,5.5846,0,0,0.38,10.45,60.94,58.41,7,-0.8660254037844388,-0.4999999999999997,0.6,0.2,0.5,-2.8,10.4,24.15,1071.75,135.05,30,230.4
24/07/2024,0,25.12,0.26,1,40.6,186.9,1,0,197.25,5.6536,0,0,0.38,10.35,61.71,58.56,7,-0.8660254037844388,-0.4999999999999997,0.6,0.2,0.5,-2.8,10.4,24.19,1060.25,136.83,30,229.7
25/07/2024,0,25.71,0.26,1,41.16,188.9,1,0,199.38,5.6442,0,0,0.38,10.44,61.34,58.91,7,-0.8660254037844388,-0.4999999999999997,0.6,0.2,0.5,-2.8,10.4,24.35,1074.5,137.37,30,232.2
26/07/2024,0,25.3,0.26,1,41.04,188.57,1,0,200.54,5.6557,0,0,0.38,10.39,61.06,58.81,7,-0.8660254037844388,-0.4999999999999997,0.6,0.2,0.5,-2.8,10.4,24.11,1042.0,136.51,30,232.35
27/07/2024,0,25.28,0.26,1,41.04,188.57,1,0,200.54,5.6557,0,0,0.38,10.39,61.06,58.81,7,-0.8660254037844388,-0.4999999999999997,0.6,0.2,0.5,-2.8,10.4,24.11,1042.0,136.51,30,232.35
28/07/2024,0,26.19,0.26,1,41.04,188.57,1,0,200.54,5.6557,0,0,0.38,10.39,61.06,58.81,7,-0.8660254037844388,-0.4999999999999997,0.6,0.2,0.5,-2.8,10.4,24.11,1042.0,136.51,30,232.35
29/07/2024,0,26.99,0.26,1,41.28,186.98,1,0,198.92,5.6159,0,0,0.38,10.38,61.16,58.45,7,-0.8660254037844388,-0.4999999999999997,0.6,0.2,0.5,-2.8,10.4,23.75,1030.0,133.71,31,232.35
30/07/2024,0,27.17,0.26,1,41.36,187.7,1,0,197.2,5.6121,0,0,0.38,10.37,60.05,58.35,7,-0.8660254037844388,-0.4999999999999997,0.6,0.2,0.5,-2.8,10.4,23.44,1011.0,131.8,31,232.6
31/07/2024,0,27.96,0.26,1,41.06,187.13,1,0,193.71,5.65,0,0,0.38,10.46,59.59,59.2,7,-0.8660254037844388,-0.4999999999999997,0.6,0.2,0.5,-2.8,10.4,23.51,1014.5,133.14,31,232.5
01/08/2024,0,26.95,0.26,1,40.43,184.8,1,0,196.31,5.7483,0,0,-0.02,10.36,60.57,59.44,8,-0.5000000000000004,-0.8660254037844385,0.6,0.2,0.0,-2.16,10.4,23.2,1009.0,133.07,31,231.95
02/08/2024,0,26.43,0.26,1,40.82,184.1,1,0,199.83,5.7273,0,0,-0.02,10.39,61.74,59.34,8,-0.5000000000000004,-0.8660254037844385,0.6,0.2,0.0,-2.16,10.4,23.53,1018.0,134.39,31,233.15
03/08/2024,0,25.52,0.26,1,40.82,184.1,1,0,199.83,5.7273,0,0,-0.02,10.39,61.74,59.34,8,-0.5000000000000004,-0.8660254037844385,0.6,0.2,0.0,-2.16,10.4,23.53,1018.0,134.39,31,233.15
04/08/2024,0,25.56,0.26,1,40.82,184.1,1,0,199.83,5.7273,0,0,-0.02,10.39,61.74,59.34,8,-0.5000000000000004,-0.8660254037844385,0.6,0.2,0.0,-2.16,10.4,23.53,1018.0,134.39,31,233.15
05/08/2024,0,24.95,0.26,1,40.87,181.55,1,0,197.22,5.7238,0,0,-0.02,10.31,61.8,59.14,8,-0.5000000000000004,-0.8660254037844385,0.6,0.2,0.0,-2.16,10.4,23.52,1031.5,134.87,32,234.4
06/08/2024,0,25.79,0.26,1,41.53,181.98,1,0,202.38,5.6623,0,0,-0.02,10.47,60.37,59.19,8,-0.5000000000000004,-0.8660254037844385,0.6,0.2,0.0,-2.16,10.4,23.91,1014.0,135.15,32,234.7
07/08/2024,0,25.9,0.26,1,40.99,182.27,1,0,205.0,5.6341,0,0,-0.02,10.52,60.12,59.2,8,-0.5000000000000004,-0.8660254037844385,0.6,0.2,0.0,-2.16,10.4,23.73,1005.25,133.47,32,230.55
08/08/2024,0,26.06,0.26,1,41.48,182.05,1,0,205.15,5.5493,0,0,-0.02,10.59,60.06,59.02,8,-0.5000000000000004,-0.8660254037844385,0.6,0.2,0.0,-2.16,10.4,23.85,993.5,132.95,32,231.2
09/08/2024,0,26.4,0.26,1,42.51,184.25,1,0,206.66,5.5064,0,0,-0.02,10.68,60.15,58.86,8,-0.5000000000000004,-0.8660254037844385,0.6,0.2,0.5,-2.16,10.4,23.82,988.75,131.28,32,234.3
10/08/2024,0,24.38,0.26,1,42.51,184.25,1,0,206.66,5.5064,0,0,-0.02,10.68,60.15,58.86,8,-0.5000000000000004,-0.8660254037844385,0.6,0.2,0.5,-2.16,10.4,23.82,988.75,131.28,32,234.3
11/08/2024,0,26.14,0.26,1,42.51,184.25,1,0,206.66,5.5064,0,0,-0.02,10.68,60.15,58.86,8,-0.5000000000000004,-0.8660254037844385,0.6,0.2,1.5,-2.16,10.4,23.82,988.75,131.28,32,234.3
12/08/2024,0,26.63,0.26,1,42.78,183.32,1,0,206.59,5.4974,0,0,-0.02,10.73,60.39,59.07,8,-0.5000000000000004,-0.8660254037844385,0.6,0.2,0.0,-2.16,10.4,23.46,971.25,129.08,33,235.4
13/08/2024,0,26.81,0.26,1,43.14,184.0,1,0,207.57,5.4538,0,0,-0.02,10.85,59.94,59.22,8,-0.5000000000000004,-0.8660254037844385,0.6,0.2,0.0,-2.16,10.4,23.16,947.25,126.38,33,235.4
14/08/2024,0,27.85,0.26,1,42.78,184.6,1,0,207.85,5.473,0,0,-0.02,10.85,59.72,59.39,8,-0.5000000000000004,-0.8660254037844385,0.6,0.2,0.0,-2.16,10.4,22.6,952.25,123.73,33,234.2
15/08/2024,0,28.42,0.26,1,42.48,184.05,1,0,205.29,5.4827,0,0,-0.02,10.76,60.21,59.01,8,-0.5000000000000004,-0.8660254037844385,0.6,0.2,0.0,-2.16,10.4,22.7,968.5,124.43,33,232.85
16/08/2024,0,29.48,0.26,1,42.7,182.8,1,0,207.88,5.4753,0,0,-0.02,10.92,59.39,59.75,8,-0.5000000000000004,-0.8660254037844385,0.6,0.2,0.0,-2.16,10.4,22.8,957.0,124.72,33,233.5
17/08/2024,0,29.34,0.26,1,42.7,182.8,1,0,207.88,5.4753,0,0,-0.02,10.92,59.39,59.75,8,-0.5000000000000004,-0.8660254037844385,0.6,0.2,0.0,-2.16,10.4,22.8,957.0,124.72,33,233.5
18/08/2024,0,28.12,0.26,1,42.7,182.8,1,0,207.88,5.4753,0,0,-0.02,10.92,59.39,59.75,8,-0.5000000000000004,-0.8660254037844385,0.6,0.2,0.0,-2.16,10.4,22.8,957.0,124.72,33,233.5
19/08/2024,0,27.8,0.26,1,43.15,182.8,1,0,208.87,5.4121,0,0,-0.02,11.06,60.1,59.83,8,-0.5000000000000004,-0.8660254037844385,0.6,0.2,0.0,-2.16,10.4,23.01,976.0,124.47,34,233.45
20/08/2024,0,28.1,0.26,1,42.93,181.02,1,0,208.7,5.478,0,0,-0.02,10.92,60.5,59.69,8,-0.5000000000000004,-0.8660254037844385,0.6,0.2,0.0,-2.16,10.4,22.69,976.0,124.05,34,234.75
21/08/2024,0,28.29,0.26,1,43.01,181.23,1,0,209.4,5.4858,0,0,-0.02,10.94,60.15,59.89,8,-0.5000000000000004,-0.8660254037844385,0.6,0.2,0.0,-2.16,10.4,22.93,981.5,125.54,34,235.5
22/08/2024,0,28.91,0.26,1,42.28,182.55,1,0,209.62,5.5834,0,0,-0.02,10.76,60.48,60.12,8,-0.5000000000000004,-0.8660254037844385,0.6,0.2,0.0,-2.16,10.4,22.73,961.5,127.06,34,236.3
23/08/2024,0,29.06,0.26,1,43.4,182.57,1,0,207.05,5.4863,0,0,-0.02,10.96,60.26,60.02,8,-0.5000000000000004,-0.8660254037844385,0.6,0.2,0.0,-2.16,10.4,23.35,973.0,127.86,34,237.7
24/08/2024,0,28.66,0.26,1,43.4,182.57,1,0,207.05,5.4863,0,0,-0.02,10.96,60.26,60.02,8,-0.5000000000000004,-0.8660254037844385,0.6,0.2,0.0,-2.16,10.4,23.35,973.0,127.86,34,237.7
25/08/2024,0,27.83,0.26,1,43.4,182.57,1,0,207.05,5.4863,0,0,-0.02,10.96,60.26,60.02,8,-0.5000000000000004,-0.8660254037844385,0.6,0.2,0.0,-2.16,10.4,23.35,973.0,127.86,34,237.7
26/08/2024,0,25.95,0.26,1,43.33,183.6,1,0,208.43,5.495,0,0,-0.02,10.88,60.15,59.74,8,-0.5000000000000004,-0.8660254037844385,0.6,0.2,0.0,-2.16,10.4,23.16,980.75,127.12,35,237.8
27/08/2024,0,28.31,0.26,1,43.24,185.18,1,0,212.4,5.5082,0,0,-0.02,10.9,60.42,59.98,8,-0.5000000000000004,-0.8660254037844385,0.6,0.2,0.0,-2.16,10.4,23.39,986.5,128.67,35,237.85
28/08/2024,0,29.19,0.26,1,42.87,183.75,1,0,215.12,5.5644,0,0,-0.02,10.8,60.45,59.92,8,-0.5000000000000004,-0.8660254037844385,0.6,0.2,0.0,-2.16,10.4,23.31,977.0,129.36,35,237.9
29/08/2024,0,28.14,0.26,1,42.53,184.88,1,0,214.1,5.6266,0,0,-0.02,10.73,61.1,60.27,8,-0.5000000000000004,-0.8660254037844385,0.6,0.2,0.0,-2.16,10.4,23.37,992.5,131.3,35,239.0
30/08/2024,0,27.6,0.26,1,42.43,185.85,1,0,215.74,5.6103,0,0,-0.02,10.72,61.61,60.59,8,-0.5000000000000004,-0.8660254037844385,0.6,0.2,0.0,-2.16,10.4,23.79,1000.0,134.43,35,239.75
31/08/2024,0,28.19,0.26,1,42.43,185.85,1,0,215.74,5.6103,0,0,-0.02,10.72,61.61,60.59,8,-0.5000000000000004,-0.8660254037844385,0.6,0.2,0.0,-2.16,10.4,23.79,1000.0,134.43,35,239.75
01/09/2024,0,28.94,0.26,0,42.43,185.85,1,0,215.74,5.6103,0,0,-0.02,10.72,61.61,60.59,9,-1.8369701987210297e-16,-1.0,0.6,0.2,0.0,-3.82,10.4,23.79,1000.0,134.43,35,239.75
02/09/2024,0,28.58,0.26,0,42.43,185.85,1,0,215.74,5.6103,0,0,0.44,10.72,61.61,60.59,9,-1.8369701987210297e-16,-1.0,0.6,0.2,0.0,-3.82,10.4,23.79,1000.0,134.43,36,239.75
03/09/2024,0,28.68,0.26,0,42.82,179.27,1,0,212.64,5.6454,0,0,0.44,10.83,62.18,61.14,9,-1.8369701987210297e-16,-1.0,0.6,0.2,0.0,-3.82,10.4,24.07,1012.0,135.93,36,241.8
04/09/2024,0,28.72,0.26,0,43.21,179.23,1,0,216.0,5.6399,0,0,0.44,10.92,63.08,61.57,9,-1.8369701987210297e-16,-1.0,0.6,0.2,0.0,-3.82,10.4,24.39,1021.5,137.47,36,243.6
05/09/2024,0,28.61,0.26,0,44.24,177.25,1,0,219.38,5.5741,0,0,0.44,11.09,62.7,61.89,9,-1.8369701987210297e-16,-1.0,0.6,0.2,0.0,-3.82,10.4,24.56,1023.5,137.0,36,246.8
06/09/2024,0,29.36,0.26,0,44.13,175.18,1,0,220.5,5.599,0,0,0.44,11.11,62.82,62.17,9,-1.8369701987210297e-16,-1.0,0.6,0.2,0.5,-3.82,10.4,24.51,1005.0,137.12,36,246.9
07/09/2024,0,29.2,0.26,0,44.13,175.18,1,0,220.5,5.599,0,0,0.44,11.11,62.82,62.17,9,-1.8369701987210297e-16,-1.0,0.6,0.2,1.5,-3.82,10.4,24.51,1005.0,137.12,36,246.9
08/09/2024,0,29.62,0.26,0,44.13,175.18,1,0,220.5,5.599,0,0,0.44,11.11,62.82,62.17,9,-1.8369701987210297e-16,-1.0,0.6,0.2,0.5,-3.82,10.4,24.51,1005.0,137.12,36,246.9
09/09/2024,0,28.81,0.26,0,44.26,176.93,1,0,218.54,5.5842,0,0,0.44,11.16,63.85,62.33,9,-1.8369701987210297e-16,-1.0,0.6,0.2,0.0,-3.82,10.4,24.46,1018.0,136.6,37,247.15
10/09/2024,0,28.74,0.26,0,43.7,176.32,1,0,218.48,5.6582,0,0,0.44,11.1,63.45,62.82,9,-1.8369701987210297e-16,-1.0,0.6,0.2,0.0,-3.82,10.4,24.13,997.25,136.49,37,247.2
11/09/2024,0,29.18,0.26,0,44.12,176.95,1,0,218.59,5.6618,0,0,0.44,11.22,63.37,63.42,9,-1.8369701987210297e-16,-1.0,0.6,0.2,0.0,-3.82,10.4,24.09,1000.5,136.15,37,249.35
12/09/2024,0,29.21,0.26,0,44.72,178.02,1,0,217.3,5.6276,0,0,0.44,11.3,63.78,63.5,9,-1.8369701987210297e-16,-1.0,0.6,0.2,0.0,-3.82,10.4,24.29,1010.75,136.5,37,251.35
13/09/2024,0,29.16,0.26,0,45.65,177.65,1,0,216.99,5.564,0,0,0.44,11.28,63.91,62.74,9,-1.8369701987210297e-16,-1.0,0.6,0.2,0.0,-3.82,10.4,24.47,1006.25,136.15,37,254.0
14/09/2024,0,30.21,0.26,0,45.65,177.65,1,0,216.99,5.564,0,0,0.44,11.28,63.91,62.74,9,-1.8369701987210297e-16,-1.0,0.6,0.2,0.0,-3.82,10.4,24.47,1006.25,136.15,37,254.0
15/09/2024,0,30.24,0.26,0,45.65,177.65,1,0,216.99,5.564,0,0,0.44,11.28,63.91,62.74,9,-1.8369701987210297e-16,-1.0,0.6,0.2,0.0,-3.82,10.4,24.47,1006.25,136.15,37,254.0
16/09/2024,0,30.29,0.26,0,45.78,177.23,1,0,218.53,5.51,0,0,0.44,11.32,62.89,62.42,9,-1.8369701987210297e-16,-1.0,0.6,0.2,0.0,-3.82,10.4,24.55,1023.5,135.42,38,252.45
17/09/2024,0,30.47,0.26,0,46.86,178.8,1,0,218.18,5.4825,0,0,0.44,11.31,67.3,62.02,9,-1.8369701987210297e-16,-1.0,0.6,0.2,0.0,-3.82,10.4,24.71,1024.75,135.53,38,257.05
18/09/2024,0,30.6,0.26,0,47.25,178.3,1,0,216.3,5.4612,0,0,0.44,11.45,66.36,62.34,9,-1.8369701987210297e-16,-1.0,0.6,0.2,0.0,-3.82,10.4,24.79,1032.0,135.0,38,257.3
19/09/2024,0,31.58,0.26,0,47.9,179.98,1,0,214.76,5.4263,0,0,0.44,11.48,66.88,62.31,9,-1.8369701987210297e-16,-1.0,0.6,0.2,0.0,-3.82,10.65,24.79,1031.25,134.53,38,259.95
20/09/2024,0,30.4,0.26,0,47.3,182.48,1,0,213.16,5.5103,0,0,0.44,11.27,67.86,62.2,9,-1.8369701987210297e-16,-1.0,0.6,0.2,0.0,-3.82,10.65,24.42,1029.5,134.76,38,261.05
21/09/2024,0,31.05,0.26,0,47.3,182.48,1,0,213.16,5.5103,0,0,0.44,11.27,67.86,62.2,9,-1.8369701987210297e-16,-1.0,0.6,0.2,0.0,-3.82,10.65,24.42,1029.5,134.76,38,261.05
22/09/2024,0,30.7,0.26,0,47.3,182.48,1,0,213.16,5.5103,0,0,0.44,11.27,67.86,62.2,9,-1.8369701987210297e-16,-1.0,0.6,0.2,0.0,-3.82,10.65,24.42,1029.5,134.76,38,261.05
23/09/2024,0,31.1,0.26,0,47.29,183.25,1,0,215.86,5.5364,0,0,0.44,11.33,68.13,62.69,9,-1.8369701987210297e-16,-1.0,0.6,0.2,0.0,-3.82,10.65,24.73,1056.75,136.85,39,261.7
24/09/2024,0,32.14,0.26,0,48.54,183.2,1,0,218.16,5.4547,0,0,0.44,11.58,68.12,63.24,9,-1.8369701987210297e-16,-1.0,0.6,0.2,0.0,-3.82,10.65,25.38,1060.5,138.6,39,265.05
25/09/2024,0,31.57,0.26,0,48.48,183.05,1,0,217.52,5.4774,0,0,0.44,11.56,67.69,63.34,9,-1.8369701987210297e-16,-1.0,0.6,0.2,0.0,-3.82,10.65,25.2,1071.75,138.02,39,265.6
26/09/2024,0,30.91,0.26,0,49.67,184.1,1,0,218.47,5.4375,0,0,0.44,11.67,68.17,63.57,9,-1.8369701987210297e-16,-1.0,0.6,0.2,0.0,-3.82,10.65,25.48,1059.25,138.81,39,270.55
27/09/2024,0,30.66,0.26,0,50.38,183.75,1,0,218.3,5.4329,0,0,0.44,11.75,68.64,63.88,9,-1.8369701987210297e-16,-1.0,0.6,0.2,0.0,-3.82,10.65,25.5,1083.0,138.62,39,273.9
28/09/2024,0,31.92,0.26,0,50.38,183.75,1,0,218.3,5.4329,0,0,0.44,11.75,68.64,63.88,9,-1.8369701987210297e-16,-1.0,0.6,0.2,0.0,-3.82,10.65,25.5,1083.0,138.62,39,273.9
29/09/2024,0,32.79,0.26,0,50.38,183.75,1,0,218.3,5.4329,0,0,0.44,11.75,68.64,63.88,9,-1.8369701987210297e-16,-1.0,0.6,0.2,0.0,-3.82,10.65,25.5,1083.0,138.62,39,273.9
30/09/2024,0,33.0,0.26,0,50.28,183.77,1,0,220.65,5.4482,0,0,0.44,11.79,68.93,64.3,9,-1.8369701987210297e-16,-1.0,0.6,0.2,0.0,-3.82,10.65,25.48,1075.25,139.02,40,274.35
01/10/2024,0,30.93,0.26,0,50.63,184.48,0,0,225.28,5.4368,0,0,0.56,11.92,68.97,65.04,10,0.5000000000000001,-0.8660254037844386,-3.8,0.1,0.0,-0.01,10.65,25.42,1075.5,138.72,40,276.35
02/10/2024,0,31.09,0.26,0,51.59,187.43,0,0,223.57,5.4407,0,0,0.56,12.03,69.61,65.52,10,0.5000000000000001,-0.8660254037844386,-3.8,0.1,0.0,-0.01,10.65,25.52,1074.25,138.98,40,281.0
03/10/2024,0,31.43,0.26,0,52.22,186.0,0,0,224.27,5.4759,0,0,0.56,12.01,69.48,65.71,10,0.5000000000000001,-0.8660254037844386,-3.8,0.1,0.0,-0.01,10.65,25.54,1064.5,139.79,40,285.8
04/10/2024,0,31.32,0.26,0,53.44,187.0,0,0,224.43,5.4555,0,0,0.56,12.13,68.05,66.21,10,0.5000000000000001,-0.8660254037844386,-3.8,0.1,0.0,-0.01,10.65,25.66,1056.0,140.12,40,291.8
05/10/2024,0,32.37,0.26,0,53.44,187.0,0,0,224.43,5.4555,0,0,0.56,12.13,68.05,66.21,10,0.5000000000000001,-0.8660254037844386,-3.8,0.1,0.0,-0.01,10.65,25.66,1056.0,140.12,40,291.8
06/10/2024,0,32.74,0.26,0,53.44,187.0,0,0,224.43,5.4555,0,0,0.56,12.13,68.05,66.21,10,0.5000000000000001,-0.8660254037844386,-3.8,0.1,0.0,-0.01,10.65,25.66,1056.0,140.12,40,291.8
07/10/2024,0,30.28,0.26,0,53.46,187.48,0,0,221.73,5.49,0,0,0.56,12.04,67.0,66.05,10,0.5000000000000001,-0.8660254037844386,-3.8,0.1,0.0,-0.01,10.65,25.42,1052.5,139.4,41,293.15
08/10/2024,0,30.61,0.26,0,53.18,188.48,0,0,221.68,5.5349,0,0,0.56,11.97,67.83,66.21,10,0.5000000000000001,-0.8660254037844386,-3.8,0.1,0.0,-0.01,10.65,25.11,1034.5,138.91,41,294.2
09/10/2024,0,31.91,0.26,0,52.64,188.2,0,0,221.46,5.5941,0,0,0.56,12.01,68.23,67.07,10,0.5000000000000001,-0.8660254037844386,-3.8,0.1,0.0,-0.01,10.65,24.98,1037.0,139.47,41,293.9
10/10/2024,0,31.42,0.26,0,52.73,189.18,0,0,221.25,5.5821,0,0,0.56,12.12,68.82,67.69,10,0.5000000000000001,-0.8660254037844386,-3.8,0.1,0.5,-0.01,10.65,24.95,1031.5,139.35,41,294.5
11/10/2024,0,29.15,0.26,0,52.91,188.6,0,0,221.72,5.6126,0,0,0.56,12.05,68.49,67.75,10,0.5000000000000001,-0.8660254037844386,-3.8,0.1,0.5,-0.01,10.65,24.81,1021.0,139.49,41,297.5
12/10/2024,0,29.89,0.26,0,52.91,188.6,0,0,221.72,5.6126,0,0,0.56,12.05,68.49,67.75,10,0.5000000000000001,-0.8660254037844386,-3.8,0.1,1.5,-0.01,10.65,24.81,1021.0,139.49,41,297.5
13/10/2024,0,31.77,0.26,0,52.91,188.6,0,0,221.72,5.6126,0,0,0.56,12.05,68.49,67.75,10,0.5000000000000001,-0.8660254037844386,-3.8,0.1,0.0,-0.01,10.65,24.81,1021.0,139.49,41,297.5
14/10/2024,0,30.42,0.26,0,53.47,188.25,0,0,224.2,5.5928,0,0,0.56,12.15,67.38,67.81,10,0.5000000000000001,-0.8660254037844386,-3.8,0.1,0.0,-0.01,10.65,24.83,1011.5,138.61,42,298.55
15/10/2024,0,25.79,0.26,0,52.9,186.73,0,0,224.82,5.6502,0,0,0.56,12.01,68.61,67.96,10,0.5000000000000001,-0.8660254037844386,-3.8,0.1,0.0,-0.01,10.65,24.52,1003.5,138.7,42,299.25
16/10/2024,0,27.58,0.26,0,53.01,187.05,0,0,227.17,5.6652,0,0,0.56,12.08,68.51,68.44,10,0.5000000000000001,-0.8660254037844386,-3.8,0.1,0.0,-0.01,10.65,24.58,994.0,139.27,42,300.3
17/10/2024,0,27.08,0.26,0,53.28,186.63,0,0,227.23,5.6546,0,0,0.56,12.07,68.97,68.42,10,0.5000000000000001,-0.8660254037844386,-3.8,0.1,0.0,-0.01,10.65,24.5,998.0,138.85,42,301.95
18/10/2024,0,26.87,0.26,0,53.08,187.63,0,0,228.32,5.6912,0,0,0.56,12.08,69.26,68.77,10,0.5000000000000001,-0.8660254037844386,-3.8,0.1,0.0,-0.01,10.65,24.37,982.75,138.68,42,302.1
19/10/2024,0,26.24,0.26,0,53.08,187.63,0,0,228.32,5.6912,0,0,0.56,12.08,69.26,68.77,10,0.5000000000000001,-0.8660254037844386,-3.8,0.1,0.0,-0.01,10.65,24.37,982.75,138.68,42,302.1
20/10/2024,0,27.69,0.26,0,53.08,187.63,0,0,228.32,5.6912,0,0,0.56,12.08,69.26,68.77,10,0.5000000000000001,-0.8660254037844386,-3.8,0.1,0.0,-0.01,10.65,24.37,982.75,138.68,42,302.1
21/10/2024,0,23.7,0.26,0,53.72,187.0,0,0,227.05,5.6939,0,0,0.56,12.23,70.03,69.76,10,0.5000000000000001,-0.8660254037844386,-3.8,0.1,0.0,-0.01,10.65,24.37,989.75,138.98,43,306.3
22/10/2024,0,27.65,0.26,0,54.03,188.05,0,0,226.17,5.6894,0,0,0.56,12.27,70.88,69.94,10,0.5000000000000001,-0.8660254037844386,-3.8,0.1,0.0,-0.01,10.65,24.53,1000.5,139.86,43,308.1
23/10/2024,0,31.13,0.26,0,54.27,187.63,0,0,227.14,5.6884,0,0,0.56,12.41,71.63,70.59,10,0.5000000000000001,-0.8660254037844386,-3.8,0.1,0.0,-0.01,10.65,24.67,1005.0,140.35,43,308.8
24/10/2024,0,31.62,0.26,0,55.1,189.3,0,0,229.69,5.6643,0,0,0.56,12.57,72.2,71.36,10,0.5000000000000001,-0.8660254037844386,-3.8,0.1,0.0,-0.01,10.65,24.95,1005.0,141.64,43,312.75
25/10/2024,0,29.39,0.26,0,54.84,189.7,0,0,226.14,5.7073,0,0,0.56,12.55,72.56,71.67,10,0.5000000000000001,-0.8660254037844386,-3.8,0.1,0.0,-0.01,10.65,24.83,997.5,141.76,43,313.1
26/10/2024,0,28.26,0.26,0,54.84,189.7,0,0,226.14,5.7073,0,0,0.56,12.55,72.56,71.67,10,0.5000000000000001,-0.8660254037844386,-3.8,0.1,0.0,-0.01,10.65,24.83,997.5,141.76,43,313.1
27/10/2024,0,26.14,0.26,0,54.84,189.7,0,0,226.14,5.7073,0,0,0.56,12.55,72.56,71.67,10,0.5000000000000001,-0.8660254037844386,-3.8,0.1,0.0,-0.01,10.65,24.83,997.5,141.76,43,313.1
28/10/2024,0,27.03,0.26,0,55.04,190.18,0,0,228.12,5.7096,0,0,0.56,12.65,72.28,72.17,10,0.5000000000000001,-0.8660254037844386,-3.8,0.1,0.0,-0.01,10.65,24.65,986.0,140.68,44,314.1
29/10/2024,0,28.7,0.26,0,54.77,189.3,0,0,227.09,5.7604,0,0,0.56,12.56,73.29,72.37,10,0.5000000000000001,-0.8660254037844386,-3.8,0.1,0.0,-0.01,10.65,24.31,979.0,140.15,44,315.7
30/10/2024,0,27.22,0.26,0,55.22,188.4,0,0,227.26,5.763,0,0,0.56,12.61,73.2,72.67,10,0.5000000000000001,-0.8660254037844386,-3.8,0.1,0.0,-0.01,10.65,24.38,991.25,140.53,44,318.3
31/10/2024,0,26.47,0.26,0,55.11,193.0,0,0,225.36,5.7867,0,0,0.56,12.62,72.94,72.94,10,0.5000000000000001,-0.8660254037844386,-3.8,0.1,0.5,-0.01,10.65,24.41,994.5,141.13,44,318.6
01/11/2024,0,26.97,0.26,0,54.61,185.93,0,0,223.61,5.8681,0,0,0.39,12.46,72.99,73.11,11,0.8660254037844384,-0.5000000000000004,-3.8,0.1,0.5,-0.39,10.65,24.17,993.75,141.89,44,320.55
02/11/2024,0,29.19,0.26,0,54.61,185.93,0,0,223.61,5.8681,0,0,0.39,12.46,72.99,73.11,11,0.8660254037844384,-0.5000000000000004,-3.8,0.1,1.5,-0.39,10.65,24.17,993.75,141.89,44,320.55
03/11/2024,0,27.9,0.26,0,54.61,185.93,0,0,223.61,5.8681,0,0,0.39,12.46,72.99,73.11,11,0.8660254037844384,-0.5000000000000004,-3.8,0.1,0.0,-0.39,10.65,24.17,993.75,141.89,44,320.55
04/11/2024,0,27.27,0.26,0,55.56,185.07,0,0,223.08,5.7916,0,0,0.39,12.63,72.86,72.93,11,0.8660254037844384,-0.5000000000000004,-3.8,0.1,0.0,-0.39,10.65,24.47,997.25,141.31,45,320.8
05/11/2024,0,25.46,0.26,0,55.8,184.77,0,0,225.19,5.7508,0,0,0.39,12.71,72.22,73.07,11,0.8660254037844384,-0.5000000000000004,-3.8,0.1,0.0,-0.39,10.65,24.65,1001.75,141.74,45,320.9
06/11/2024,0,26.89,0.26,0,57.3,185.4,0,0,221.17,5.6793,0,0,0.39,13.06,72.39,74.21,11,0.8660254037844384,-0.5000000000000004,-3.8,0.1,0.0,-0.39,10.65,24.85,1003.75,141.18,45,325.5
07/11/2024,0,26.73,0.26,0,57.41,185.82,0,0,222.04,5.6923,0,0,0.39,13.09,73.57,74.41,11,0.8660254037844384,-0.5000000000000004,-3.8,0.1,0.0,-0.39,11.15,24.88,1026.25,141.44,45,326.3
08/11/2024,0,27.36,0.26,0,57.2,183.7,0,0,225.66,5.7376,0,0,0.39,12.97,73.8,74.64,11,0.8660254037844384,-0.5000000000000004,-3.8,0.1,0.0,-0.39,11.15,24.53,1030.25,141.12,45,329.05
09/11/2024,0,27.1,0.26,0,57.2,183.7,0,0,225.66,5.7376,0,0,0.39,12.97,73.8,74.64,11,0.8660254037844384,-0.5000000000000004,-3.8,0.1,0.0,-0.39,11.15,24.53,1030.25,141.12,45,329.05
10/11/2024,0,27.81,0.26,0,57.2,183.7,0,0,225.66,5.7376,0,0,0.39,12.97,73.8,74.64,11,0.8660254037844384,-0.5000000000000004,-3.8,0.1,0.0,-0.39,11.15,24.53,1030.25,141.12,45,329.05
11/11/2024,0,26.5,0.26,0,57.98,183.7,0,0,225.93,5.7559,0,0,0.39,12.92,74.44,74.55,11,0.8660254037844384,-0.5000000000000004,-3.8,0.1,0.0,-0.39,11.15,24.58,1022.25,141.85,46,334.6
12/11/2024,0,26.72,0.26,0,58.11,184.4,0,0,226.31,5.749,0,0,0.39,12.89,74.28,74.37,11,0.8660254037844384,-0.5000000000000004,-3.8,0.1,0.0,-0.39,11.15,24.57,1010.5,141.73,46,335.15
13/11/2024,0,27.71,0.26,0,58.57,184.02,0,0,228.14,5.8061,0,0,0.39,12.84,74.12,74.45,11,0.8660254037844384,-0.5000000000000004,-3.8,0.1,0.0,-0.39,11.15,24.28,1007.75,140.76,46,339.6
14/11/2024,0,26.06,0.26,0,59.21,182.95,0,0,223.42,5.789,0,0,0.39,12.92,74.18,74.67,11,0.8660254037844384,-0.5000000000000004,-3.8,0.1,0.0,-0.39,11.15,24.31,987.5,140.51,46,342.2
15/11/2024,0,25.47,0.26,0,59.21,182.95,0,0,223.42,5.7947,0,0,0.39,12.92,74.18,74.67,11,0.8660254037844384,-0.5000000000000004,-3.8,0.1,0.0,-0.39,11.15,24.31,1008.75,140.51,46,342.2
16/11/2024,0,26.39,0.26,0,59.21,182.95,0,0,223.42,5.7947,0,0,0.39,12.92,74.18,74.67,11,0.8660254037844384,-0.5000000000000004,-3.8,0.1,0.0,-0.39,11.15,24.31,1008.75,140.51,46,342.2
17/11/2024,0,27.41,0.26,0,59.21,182.95,0,0,223.42,5.7947,0,0,0.39,12.92,74.18,74.67,11,0.8660254037844384,-0.5000000000000004,-3.8,0.1,0.0,-0.39,11.15,24.31,1008.75,140.51,46,342.2
18/11/2024,0,27.72,0.26,0,59.92,184.1,0,0,227.56,5.7473,0,0,0.39,13.0,74.18,74.66,11,0.8660254037844384,-0.5000000000000004,-3.8,0.1,0.0,-0.39,11.15,24.35,1019.0,139.85,47,344.2
19/11/2024,0,28.66,0.26,0,59.66,186.57,0,0,229.66,5.7694,0,0,0.39,12.74,72.92,73.55,11,0.8660254037844384,-0.5000000000000004,-3.8,0.1,0.0,-0.39,11.15,24.2,1008.5,139.72,47,344.45
20/11/2024,0,29.06,0.26,0,59.66,186.3,0,0,229.66,5.7725,0,0,0.39,12.74,72.92,73.55,11,0.8660254037844384,-0.5000000000000004,-3.8,0.1,0.0,-0.39,11.15,24.2,999.25,139.72,47,344.45
21/11/2024,0,29.35,0.26,0,59.65,185.6,0,0,226.56,5.8144,0,0,0.39,12.63,72.38,73.46,11,0.8660254037844384,-0.5000000000000004,-3.8,0.1,0.0,-0.39,11.15,24.02,985.25,139.77,47,347.05
22/11/2024,0,26.27,0.26,0,59.82,186.77,0,0,229.04,5.801,0,0,0.39,12.63,72.0,73.41,11,0.8660254037844384,-0.5000000000000004,-3.8,0.1,0.0,-0.39,11.15,23.92,992.25,138.96,47,347.55
23/11/2024,0,25.37,0.26,0,59.82,186.77,0,0,229.04,5.801,0,0,0.39,12.63,72.0,73.41,11,0.8660254037844384,-0.5000000000000004,-3.8,0.1,0.0,-0.39,11.15,23.92,992.25,138.96,47,347.55
24/11/2024,0,24.49,0.26,0,59.82,186.77,0,0,229.04,5.801,0,0,0.39,12.63,72.0,73.41,11,0.8660254037844384,-0.5000000000000004,-3.8,0.1,0.0,-0.39,11.15,23.92,992.25,138.96,47,347.55
25/11/2024,0,26.33,0.26,0,60.21,186.5,0,0,229.37,5.7983,0,0,0.39,12.65,71.31,73.48,11,0.8660254037844384,-0.5000000000000004,-3.8,0.1,0.0,-0.39,11.15,23.91,994.25,138.89,48,349.75
26/11/2024,0,26.25,0.26,0,60.62,186.9,0,0,234.39,5.8095,0,0,0.39,12.59,70.31,73.12,11,0.8660254037844384,-0.5000000000000004,-3.8,0.1,0.0,-0.39,11.15,23.94,994.0,139.02,48,352.0
27/11/2024,0,27.81,0.26,0,59.61,188.0,0,0,237.33,5.9377,0,0,0.39,12.26,70.65,72.51,11,0.8660254037844384,-0.5000000000000004,-3.8,0.1,0.0,-0.39,11.15,23.54,997.0,139.26,48,352.65
28/11/2024,0,28.1,0.26,0,59.61,188.0,0,0,237.33,5.9377,0,0,0.39,12.26,70.65,72.51,11,0.8660254037844384,-0.5000000000000004,-3.8,0.1,0.0,-0.39,11.15,23.54,997.0,139.26,48,352.65
29/11/2024,0,28.14,0.26,0,58.6,187.98,0,0,238.0,5.973,0,0,0.39,12.12,71.42,72.77,11,0.8660254037844384,-0.5000000000000004,-3.8,0.1,0.0,-0.39,11.15,23.4,996.0,140.52,48,351.95
30/11/2024,0,27.6,0.26,0,58.6,187.98,0,0,238.0,5.973,0,0,0.39,12.12,71.42,72.77,11,0.8660254037844384,-0.5000000000000004,-3.8,0.1,0.0,-0.39,11.15,23.4,996.0,140.52,48,351.95
01/12/2024,0,27.4,0.26,1,58.6,187.98,0,0,238.0,5.973,0,0,0.39,12.12,71.42,72.77,12,1.0,-2.4492935982947064e-16,-3.8,0.1,0.0,0.31,11.15,23.4,996.0,140.52,48,351.95
02/12/2024,0,26.83,0.26,1,57.98,187.52,0,0,235.61,6.058,0,0,0.52,11.98,72.49,72.69,12,1.0,-2.4492935982947064e-16,-3.8,0.1,0.0,0.31,11.15,23.29,991.0,141.33,49,351.8
03/12/2024,0,26.68,0.26,1,55.55,188.48,0,0,240.73,6.044,0,0,0.52,11.98,72.33,72.57,12,1.0,-2.4492935982947064e-16,-3.8,0.1,0.0,0.31,11.15,23.34,997.25,141.35,49,336.4
04/12/2024,0,27.95,0.26,1,55.03,188.38,0,0,243.0,6.0409,0,0,0.52,12.0,71.12,72.47,12,1.0,-2.4492935982947064e-16,-3.8,0.1,0.0,0.31,11.15,23.37,989.75,141.13,49,332.35
05/12/2024,0,27.18,0.26,1,53.97,186.98,0,0,246.02,6.0113,0,0,0.52,12.18,72.32,73.09,12,1.0,-2.4492935982947064e-16,-3.8,0.1,0.0,0.31,11.15,23.47,999.0,140.84,49,323.9
06/12/2024,0,27.75,0.26,1,53.18,187.38,0,0,239.38,6.0894,0,0,0.52,12.03,73.97,73.2,12,1.0,-2.4492935982947064e-16,-3.8,0.1,0.0,0.31,11.15,23.02,999.25,140.12,49,323.7
07/12/2024,0,28.36,0.26,1,53.18,187.38,0,0,239.38,6.0894,0,0,0.52,12.03,73.97,73.2,12,1.0,-2.4492935982947064e-16,-3.8,0.1,0.0,0.31,11.15,23.02,999.25,140.12,49,323.7
08/12/2024,0,25.99,0.26,1,53.18,187.38,0,0,239.38,6.0894,0,0,0.52,12.03,73.97,73.2,12,1.0,-2.4492935982947064e-16,-3.8,0.1,0.0,0.31,11.15,23.02,999.25,140.12,49,323.7
09/12/2024,0,27.64,0.26,1,52.94,187.8,0,0,236.72,6.0788,0,0,0.52,12.08,74.89,73.54,12,1.0,-2.4492935982947064e-16,-3.8,0.1,0.0,0.31,11.15,23.13,995.5,140.74,50,322.15
10/12/2024,0,26.5,0.26,1,52.18,189.85,0,0,239.19,6.045,0,0,0.52,12.15,75.92,73.62,12,1.0,-2.4492935982947064e-16,-3.8,0.1,0.0,0.31,11.15,23.18,1000.25,140.45,50,316.1
11/12/2024,0,26.8,0.26,1,52.62,192.25,0,0,234.3,5.9543,0,0,0.52,12.25,76.38,73.67,12,1.0,-2.4492935982947064e-16,-3.8,0.1,0.0,0.31,11.15,23.23,1002.75,139.68,50,316.45
12/12/2024,0,29.2,0.26,1,52.51,192.13,0,0,235.95,5.9915,0,0,0.52,12.14,75.53,73.25,12,1.0,-2.4492935982947064e-16,-3.8,0.1,0.0,0.31,12.15,23.1,1003.25,139.4,50,316.85
13/12/2024,0,28.66,0.26,1,51.94,193.65,0,0,237.19,6.0419,0,0,0.52,12.07,74.43,72.93,12,1.0,-2.4492935982947064e-16,-3.8,0.1,0.0,0.31,12.15,22.99,995.0,138.94,50,313.8
14/12/2024,0,27.86,0.26,1,51.94,193.65,0,0,237.19,6.0419,0,0,0.52,12.07,74.43,72.93,12,1.0,-2.4492935982947064e-16,-3.8,0.1,0.0,0.31,12.15,22.99,995.0,138.94,50,313.8
15/12/2024,0,26.75,0.26,1,51.94,193.65,0,0,237.19,6.0419,0,1,0.52,12.07,74.43,72.93,12,1.0,-2.4492935982947064e-16,-3.8,0.1,0.5,0.31,12.15,22.99,995.0,138.94,50,313.8
16/12/2024,0,27.0,0.26,1,50.91,192.02,0,0,235.92,6.1479,0,1,0.52,11.98,74.0,72.89,12,1.0,-2.4492935982947064e-16,-3.8,0.1,0.5,0.31,12.15,22.62,986.0,137.62,51,309.8
17/12/2024,0,26.66,0.26,1,51.1,192.25,0,0,235.99,6.1048,0,1,0.52,11.95,74.56,72.73,12,1.0,-2.4492935982947064e-16,-3.8,0.1,0.5,0.31,12.15,22.59,978.75,137.47,51,310.9
18/12/2024,0,27.35,0.26,1,50.49,191.3,0,0,237.08,6.2896,0,1,0.52,11.65,74.66,72.74,12,1.0,-2.4492935982947064e-16,-3.8,0.1,0.5,0.31,12.15,21.93,953.25,136.87,51,315.15
19/12/2024,0,28.68,0.26,1,51.59,190.35,0,0,236.82,6.1525,0,1,0.52,11.85,73.9,72.45,12,1.0,-2.4492935982947064e-16,-3.8,0.1,0.5,0.31,12.15,22.18,966.5,135.66,51,315.55
20/12/2024,0,27.86,0.26,1,52.0,191.32,0,0,238.53,6.0853,0,1,0.52,12.0,73.29,72.73,12,1.0,-2.4492935982947064e-16,-3.8,0.1,1.0,0.31,12.15,22.29,979.25,135.07,51,315.1
21/12/2024,0,27.12,0.26,1,52.0,191.32,0,0,238.53,6.0853,0,1,0.52,12.0,73.29,72.73,12,1.0,-2.4492935982947064e-16,-3.8,0.1,1.0,0.31,12.15,22.29,979.25,135.07,51,315.1
22/12/2024,0,26.13,0.26,1,52.0,191.32,0,0,238.53,6.0853,0,1,0.52,12.0,73.29,72.73,12,1.0,-2.4492935982947064e-16,-3.8,0.1,1.0,0.31,12.15,22.29,979.25,135.07,51,315.1
23/12/2024,0,28.13,0.26,1,50.82,190.98,0,0,238.01,6.1939,0,1,0.52,11.77,73.4,72.84,12,1.0,-2.4492935982947064e-16,-3.8,0.1,1.0,0.31,12.15,21.88,975.5,135.43,52,314.6
24/12/2024,0,26.03,0.26,1,50.82,190.8,0,0,239.47,6.1906,0,1,0.52,11.77,73.4,72.84,12,1.0,-2.4492935982947064e-16,-3.8,0.1,1.5,0.31,12.15,21.88,981.25,135.43,52,314.6
25/12/2024,0,26.53,0.26,1,50.82,190.8,0,0,239.47,6.1906,0,1,0.52,11.77,73.4,72.84,12,1.0,-2.4492935982947064e-16,-3.8,0.1,2.5,0.31,12.15,21.88,981.25,135.43,52,314.6
26/12/2024,0,26.3,0.26,1,51.13,192.77,0,0,239.21,6.1828,0,1,0.52,11.77,73.17,72.69,12,1.0,-2.4492935982947064e-16,-3.8,0.1,1.0,0.31,12.15,21.97,997.25,135.74,52,315.85
27/12/2024,0,26.13,0.26,1,51.41,193.5,0,0,233.5,6.1964,0,1,0.52,11.73,73.29,72.65,12,1.0,-2.4492935982947064e-16,-3.8,0.1,1.0,0.31,12.15,21.93,989.75,135.8,52,318.35
28/12/2024,0,27.14,0.26,1,51.41,193.5,0,0,233.5,6.1964,0,1,0.52,11.73,73.29,72.65,12,1.0,-2.4492935982947064e-16,-3.8,0.1,1.0,0.31,12.15,21.93,989.75,135.8,52,318.35
29/12/2024,0,27.74,0.26,1,51.41,193.5,0,0,233.5,6.1964,0,1,0.52,11.73,73.29,72.65,12,1.0,-2.4492935982947064e-16,-3.8,0.1,1.0,0.31,12.15,21.93,989.75,135.8,52,318.35
30/12/2024,0,25.7,0.26,1,51.36,194.07,0,0,231.53,6.1778,0,1,0.52,11.76,73.8,72.69,12,1.0,-2.4492935982947064e-16,-3.8,0.1,1.0,0.31,12.15,21.95,991.75,135.66,1,317.4
31/12/2024,0,26.66,0.26,1,51.36,193.85,0,0,232.23,6.1778,0,1,0.52,11.76,73.8,72.69,12,1.0,-2.4492935982947064e-16,-3.8,0.1,1.0,0.31,12.15,21.95,1010.5,135.66,1,317.4
01/01/2025,0,27.94,0.36,1,51.36,193.85,0,1,232.23,6.1778,0,1,0.52,11.76,73.8,72.69,1,0.8660254037844387,0.49999999999999994,-3.8,0.1,2.0,0.47,12.15,21.95,1010.5,135.66,1,317.4
02/01/2025,0,27.1,0.36,1,52.16,193.6,0,1,232.72,6.1519,0,1,0.16,11.83,73.25,72.94,1,0.8660254037844387,0.49999999999999994,16.4,0.4,0.5,0.47,12.15,21.85,1012.0,134.73,1,321.55
03/01/2025,0,26.14,0.36,1,52.06,194.05,0,1,232.5,6.1798,0,1,0.16,11.81,72.73,72.99,1,0.8660254037844387,0.49999999999999994,16.4,0.4,0.5,0.47,12.15,21.6,991.75,133.51,1,321.85
04/01/2025,0,28.6,0.36,1,52.06,194.05,0,1,232.5,6.1798,0,1,0.16,11.81,72.73,72.99,1,0.8660254037844387,0.49999999999999994,16.4,0.4,0.5,0.47,12.15,21.6,991.75,133.51,1,321.85
05/01/2025,0,25.36,0.36,1,52.06,194.05,0,1,232.5,6.1798,0,1,0.16,11.81,72.73,72.99,1,0.8660254037844387,0.49999999999999994,16.4,0.4,0.5,0.47,12.15,21.6,991.75,133.51,1,321.85
06/01/2025,0,26.09,0.36,1,52.65,195.2,0,1,225.82,6.1152,0,1,0.16,11.96,73.9,73.14,1,0.8660254037844387,0.49999999999999994,16.4,0.4,0.5,0.47,12.15,21.78,997.75,133.17,2,321.85
07/01/2025,0,26.0,0.36,1,52.74,195.57,0,1,227.01,6.101,0,1,0.16,12.1,73.59,73.98,1,0.8660254037844387,0.49999999999999994,16.4,0.4,0.5,0.47,12.15,21.35,997.25,130.54,2,322.5
08/01/2025,0,26.09,0.36,1,53.0,193.7,0,1,229.3,6.1055,0,1,0.16,12.15,74.08,74.23,1,0.8660254037844387,0.49999999999999994,16.4,0.4,0.5,0.47,12.15,21.6,994.5,131.93,2,323.7
09/01/2025,0,24.7,0.36,1,53.51,197.6,0,1,229.3,6.0364,0,1,0.16,12.28,73.9,74.32,1,0.8660254037844387,0.49999999999999994,16.4,0.4,0.5,0.47,12.15,21.67,999.0,131.19,2,323.9
10/01/2025,0,24.38,0.36,1,53.19,198.77,0,1,229.2,6.1053,0,1,0.16,12.28,74.16,74.91,1,0.8660254037844387,0.49999999999999994,16.4,0.4,0.5,0.47,12.15,21.57,1025.25,131.56,2,324.35
11/01/2025,0,25.59,0.36,1,53.19,198.77,0,1,229.2,6.1053,0,1,0.16,12.28,74.16,74.91,1,0.8660254037844387,0.49999999999999994,16.4,0.4,0.5,0.47,12.15,21.57,1025.25,131.56,2,324.35
12/01/2025,0,24.63,0.36,1,53.19,198.77,0,1,229.2,6.1053,0,1,0.16,12.28,74.16,74.91,1,0.8660254037844387,0.49999999999999994,16.4,0.4,0.5,0.47,12.15,21.57,1025.25,131.56,2,324.35
13/01/2025,0,24.64,0.36,1,53.38,197.4,0,1,229.45,6.0944,0,1,0.16,12.28,75.07,74.92,1,0.8660254037844387,0.49999999999999994,16.4,0.4,0.5,0.47,12.15,21.68,1041.5,132.23,3,325.6
14/01/2025,0,23.81,0.36,1,53.86,197.4,0,1,231.73,6.0559,0,1,0.16,12.35,74.94,74.69,1,0.8660254037844387,0.49999999999999994,16.4,0.4,0.5,0.47,12.15,21.87,1043.0,132.22,3,325.7
15/01/2025,0,24.48,0.36,1,54.31,198.52,0,1,227.88,6.0098,0,1,0.16,12.45,74.86,74.97,1,0.8660254037844387,0.49999999999999994,16.4,0.4,0.5,0.47,12.15,21.83,1042.75,131.41,3,326.95
16/01/2025,0,24.12,0.36,1,53.68,196.6,0,1,232.31,6.0499,0,1,0.16,12.28,76.22,74.42,1,0.8660254037844387,0.49999999999999994,16.4,0.4,0.5,0.47,12.15,21.45,1019.0,129.98,3,325.3
17/01/2025,0,24.94,0.36,1,53.88,196.75,0,1,232.71,6.0704,0,1,0.16,12.25,76.67,74.25,1,0.8660254037844387,0.49999999999999994,16.4,0.4,0.5,0.47,12.15,21.33,1034.0,129.3,3,326.65
18/01/2025,0,26.31,0.36,1,53.88,196.75,0,1,232.71,6.0704,0,1,0.16,12.25,76.67,74.25,1,0.8660254037844387,0.49999999999999994,16.4,0.4,0.5,0.47,12.15,21.33,1034.0,129.3,3,326.65
19/01/2025,0,25.9,0.36,1,53.88,196.75,0,1,232.71,6.0704,0,1,0.16,12.25,76.67,74.25,1,0.8660254037844387,0.49999999999999994,16.4,0.4,0.5,0.47,12.15,21.33,1034.0,129.3,3,326.65
20/01/2025,0,26.82,0.36,1,53.88,196.75,0,1,232.71,6.0704,0,1,0.16,12.25,76.67,74.25,1,0.8660254037844387,0.49999999999999994,16.4,0.4,0.5,0.47,12.15,21.33,1034.0,129.3,4,326.65
21/01/2025,0,26.85,0.36,1,54.14,197.05,0,1,232.25,6.022,0,1,0.16,12.27,77.56,74.02,1,0.8660254037844387,0.49999999999999994,16.4,0.4,0.5,0.47,12.15,21.34,1067.25,128.7,4,326.6
22/01/2025,0,26.53,0.36,1,55.09,200.05,0,1,232.53,5.9415,0,1,0.16,12.48,76.06,74.1,1,0.8660254037844387,0.49999999999999994,16.4,0.4,0.5,0.47,12.15,21.76,1056.0,129.24,4,327.15
23/01/2025,0,27.65,0.36,1,54.99,201.1,0,1,233.38,5.9243,0,1,0.16,12.49,76.33,73.88,1,0.8660254037844387,0.49999999999999994,16.4,0.4,0.5,0.47,12.15,21.72,1065.5,128.5,4,325.4
24/01/2025,0,29.25,0.36,1,54.99,204.77,0,1,234.68,5.9109,0,1,0.16,12.49,75.21,73.86,1,0.8660254037844387,0.49999999999999994,16.4,0.4,0.5,0.47,12.15,21.67,1055.75,128.12,4,325.1
25/01/2025,0,27.8,0.36,1,54.99,204.77,0,1,234.68,5.9109,0,1,0.16,12.49,75.21,73.86,1,0.8660254037844387,0.49999999999999994,16.4,0.4,0.5,0.47,12.15,21.67,1055.75,128.12,4,325.1
26/01/2025,0,25.82,0.36,1,54.99,204.77,0,1,234.68,5.9109,0,1,0.16,12.49,75.21,73.86,1,0.8660254037844387,0.49999999999999994,16.4,0.4,0.5,0.47,12.15,21.67,1055.75,128.12,4,325.1
27/01/2025,0,27.91,0.36,1,55.27,205.68,0,1,236.95,5.8926,0,1,0.16,12.53,74.91,74.04,1,0.8660254037844387,0.49999999999999994,16.4,0.4,0.5,0.47,12.15,21.36,1045.0,126.26,5,326.7
28/01/2025,0,28.15,0.36,1,55.39,208.55,0,1,234.39,5.8571,0,1,0.16,12.61,74.84,74.05,1,0.8660254037844387,0.49999999999999994,16.4,0.4,0.5,0.47,12.15,21.12,1045.0,124.02,5,325.2
29/01/2025,0,27.94,0.36,1,55.43,207.02,0,1,232.5,5.8563,0,1,0.16,12.67,75.74,74.49,1,0.8660254037844387,0.49999999999999994,16.4,0.4,0.5,0.47,12.15,21.3,1060.5,125.22,5,325.85
30/01/2025,0,26.6,0.36,1,55.56,204.48,0,1,235.92,5.874,0,1,0.16,12.75,76.08,74.79,1,0.8660254037844387,0.49999999999999994,16.4,0.4,0.5,0.47,13.15,21.4,1044.0,125.57,5,326.0
31/01/2025,0,24.99,0.36,1,55.56,204.6,0,1,236.52,5.841,0,1,0.16,12.84,75.56,74.99,1,0.8660254037844387,0.49999999999999994,16.4,0.4,0.5,0.47,13.15,21.26,1042.0,124.18,5,324.45
01/02/2025,0,25.93,0.36,0,55.56,204.6,0,1,236.52,5.841,0,0,0.16,12.84,75.56,74.99,2,0.5000000000000001,0.8660254037844386,16.4,0.4,0.0,0.18,13.15,21.26,1042.0,124.18,5,324.45
02/02/2025,0,25.23,0.36,0,55.56,204.6,0,1,236.52,5.841,0,0,0.16,12.84,75.56,74.99,2,0.5000000000000001,0.8660254037844386,16.4,0.4,0.0,0.18,13.15,21.26,1042.0,124.18,5,324.45
03/02/2025,0,26.27,0.36,0,56.08,202.98,0,1,240.65,5.8066,0,0,1.31,12.95,75.64,75.32,2,0.5000000000000001,0.8660254037844386,16.4,0.4,0.0,0.18,13.15,21.46,1058.25,124.81,6,326.1
04/02/2025,0,26.7,0.36,0,56.71,201.88,0,1,242.53,5.754,0,0,1.31,13.11,76.62,75.6,2,0.5000000000000001,0.8660254037844386,16.4,0.4,0.0,0.18,13.15,21.74,1075.0,125.39,6,327.1
05/02/2025,0,27.28,0.36,0,56.29,203.6,0,1,241.64,5.7973,0,0,1.31,13.13,77.95,76.04,2,0.5000000000000001,0.8660254037844386,16.4,0.4,0.0,0.18,13.15,21.74,1057.0,125.85,6,325.85
06/02/2025,0,28.44,0.36,0,56.66,200.63,0,1,244.41,5.7617,0,0,1.31,13.25,78.22,76.42,2,0.5000000000000001,0.8660254037844386,16.4,0.4,0.0,0.18,13.15,21.85,1060.5,126.08,6,326.9
07/02/2025,0,28.82,0.36,0,56.08,200.77,0,1,244.83,5.8058,0,0,1.31,13.35,78.31,77.24,2,0.5000000000000001,0.8660254037844386,16.4,0.4,0.0,0.18,13.15,21.78,1049.5,126.03,6,324.6
08/02/2025,0,29.05,0.36,0,56.08,200.77,0,1,244.83,5.8058,0,0,1.31,13.35,78.31,77.24,2,0.5000000000000001,0.8660254037844386,16.4,0.4,0.0,0.18,13.15,21.78,1049.5,126.03,6,324.6
09/02/2025,0,25.92,0.36,0,56.08,200.77,0,1,244.83,5.8058,0,0,1.31,13.35,78.31,77.24,2,0.5000000000000001,0.8660254037844386,16.4,0.4,0.0,0.18,13.15,21.78,1049.5,126.03,6,324.6
10/02/2025,0,24.05,0.36,0,56.08,201.88,0,1,241.81,5.7874,0,0,1.31,13.35,79.27,77.26,2,0.5000000000000001,0.8660254037844386,16.4,0.4,0.0,0.18,13.15,21.65,1049.5,125.33,7,324.65
11/02/2025,0,23.91,0.36,0,56.21,199.68,0,1,241.74,5.7635,0,0,1.31,13.51,78.57,77.96,2,0.5000000000000001,0.8660254037844386,16.4,0.4,0.0,0.18,13.15,21.85,1043.5,126.03,7,324.25
12/02/2025,0,25.73,0.36,0,56.04,199.15,0,1,248.96,5.7649,0,0,1.31,13.71,78.65,79.0,2,0.5000000000000001,0.8660254037844386,16.4,0.4,0.0,0.18,13.15,21.92,1027.75,126.28,7,322.8
13/02/2025,0,26.37,0.36,0,55.48,199.55,0,1,250.11,5.7669,0,0,1.31,13.71,79.76,79.12,2,0.5000000000000001,0.8660254037844386,16.4,0.4,0.0,0.18,13.15,21.74,1030.0,125.39,7,320.05
14/02/2025,0,28.57,0.36,0,56.16,197.75,0,1,245.48,5.7042,0,0,1.31,14.0,80.75,79.86,2,0.5000000000000001,0.8660254037844386,16.4,0.4,0.0,0.18,13.15,22.02,1036.0,125.59,7,320.3
15/02/2025,0,27.74,0.36,0,56.16,197.75,0,1,245.48,5.7042,0,0,1.31,14.0,80.75,79.86,2,0.5000000000000001,0.8660254037844386,16.4,0.4,0.0,0.18,13.15,22.02,1036.0,125.59,7,320.3
16/02/2025,0,24.95,0.36,0,56.16,197.75,0,1,245.48,5.7042,0,0,1.31,14.0,80.75,79.86,2,0.5000000000000001,0.8660254037844386,16.4,0.4,0.0,0.18,13.15,22.02,1036.0,125.59,7,320.3
17/02/2025,0,27.11,0.36,0,56.16,197.75,0,1,245.48,5.7042,0,0,1.31,14.0,80.75,79.86,2,0.5000000000000001,0.8660254037844386,16.4,0.4,0.0,0.18,13.15,22.02,1036.0,125.59,8,320.3
18/02/2025,0,28.68,0.36,0,55.77,197.45,0,1,247.85,5.6892,0,0,1.31,13.86,80.74,78.91,2,0.5000000000000001,0.8660254037844386,16.4,0.4,0.0,0.18,13.15,21.99,1038.5,125.19,8,317.45
19/02/2025,0,28.11,0.36,0,55.14,197.82,0,1,250.75,5.7214,0,0,1.31,14.21,80.83,81.26,2,0.5000000000000001,0.8660254037844386,16.4,0.4,0.0,0.18,13.15,22.04,1031.75,126.04,8,315.3
20/02/2025,0,29.25,0.36,0,55.06,197.63,0,1,248.32,5.7029,0,0,1.31,14.65,82.72,83.62,2,0.5000000000000001,0.8660254037844386,16.4,0.4,0.0,0.18,13.15,21.99,1045.5,125.49,8,314.2
21/02/2025,0,29.17,0.36,0,55.06,197.82,0,1,248.87,5.732,0,0,1.31,14.7,85.06,84.19,2,0.5000000000000001,0.8660254037844386,16.4,0.4,0.0,0.18,13.15,22.1,1039.5,126.61,8,314.2
22/02/2025,0,27.5,0.36,0,55.06,197.82,0,1,248.87,5.732,0,0,1.31,14.7,85.06,84.19,2,0.5000000000000001,0.8660254037844386,16.4,0.4,0.0,0.18,13.15,22.1,1039.5,126.61,8,314.2
23/02/2025,0,27.87,0.36,0,55.06,197.82,0,1,248.87,5.732,0,0,1.31,14.7,85.06,84.19,2,0.5000000000000001,0.8660254037844386,16.4,0.4,0.0,0.18,13.15,22.1,1039.5,126.61,8,314.2
24/02/2025,0,26.28,0.36,0,54.65,198.9,0,1,247.75,5.7785,0,0,1.31,14.76,83.75,84.85,2,0.5000000000000001,0.8660254037844386,16.4,0.4,0.0,0.18,13.15,21.9,1047.5,125.9,9,314.25
25/02/2025,0,25.68,0.36,0,54.24,199.5,0,1,250.82,5.7396,0,0,1.31,15.06,84.82,86.67,2,0.5000000000000001,0.8660254037844386,16.4,0.4,0.0,0.18,13.15,22.0,1048.75,126.58,9,312.1
26/02/2025,0,25.79,0.36,0,53.7,198.82,0,1,247.99,5.8035,0,0,1.31,15.03,86.36,87.18,2,0.5000000000000001,0.8660254037844386,16.4,0.4,0.0,0.18,13.15,21.81,1041.25,126.47,9,311.4
27/02/2025,0,26.16,0.36,0,53.4,199.4,0,1,249.85,5.8401,0,0,1.31,15.04,86.83,87.68,2,0.5000000000000001,0.8660254037844386,16.4,0.4,0.0,0.18,13.15,21.84,1037.25,127.33,9,311.4
28/02/2025,0,24.92,0.36,0,52.66,197.73,0,1,253.77,5.8852,0,0,1.31,14.82,86.7,87.49,2,0.5000000000000001,0.8660254037844386,16.4,0.4,0.5,0.18,13.15,21.67,1025.75,127.95,9,310.95
01/03/2025,0,26.82,0.36,0,52.66,197.73,0,1,253.77,5.8852,0,0,1.31,14.82,86.7,87.49,3,6.123233995736766e-17,1.0,16.4,0.4,0.5,1.57,13.15,21.67,1025.75,127.95,9,310.95
02/03/2025,0,26.07,0.36,0,52.66,197.73,0,1,253.77,5.8852,0,0,1.31,14.82,86.7,87.49,3,6.123233995736766e-17,1.0,16.4,0.4,0.5,1.57,13.15,21.67,1025.75,127.95,9,310.95
03/03/2025,0,27.82,0.36,0,52.66,192.25,0,1,253.77,5.8852,0,0,1.31,14.82,86.7,87.49,3,6.123233995736766e-17,1.0,16.4,0.4,0.5,1.57,13.15,21.67,1011.5,127.95,10,310.95
04/03/2025,0,28.19,0.36,0,52.66,194.65,0,1,253.77,5.8852,0,0,1.31,14.82,86.7,87.49,3,6.123233995736766e-17,1.0,16.4,0.4,1.5,1.57,13.15,21.67,999.0,127.95,10,310.95
05/03/2025,0,26.08,0.36,0,53.8,196.55,0,1,254.48,5.7394,0,0,0.56,15.23,86.41,87.67,3,6.123233995736766e-17,1.0,16.4,0.4,0.0,1.57,13.15,22.3,1011.75,128.38,10,309.7
06/03/2025,0,27.39,0.36,0,53.96,196.28,0,1,254.04,5.7639,0,0,0.56,15.24,86.64,87.85,3,6.123233995736766e-17,1.0,16.4,0.4,0.0,1.57,13.15,22.35,1027.25,128.85,10,311.0
07/03/2025,0,28.41,0.36,0,53.81,200.28,0,1,254.57,5.7874,0,0,0.56,15.32,86.1,88.71,3,6.123233995736766e-17,1.0,16.4,0.4,0.0,1.57,13.15,22.42,1025.0,129.85,10,311.65
08/03/2025,0,27.11,0.36,0,53.81,200.28,0,1,254.57,5.7874,0,0,0.56,15.32,86.1,88.71,3,6.123233995736766e-17,1.0,16.4,0.4,0.0,1.57,13.15,22.42,1025.0,129.85,10,311.65
09/03/2025,0,28.18,0.36,0,53.81,200.28,0,1,254.57,5.7874,0,0,0.56,15.32,86.1,88.71,3,6.123233995736766e-17,1.0,16.4,0.4,0.0,1.57,13.15,22.42,1025.0,129.85,10,311.65
10/03/2025,0,29.12,0.36,0,53.2,200.57,0,1,262.28,5.8555,0,0,0.56,15.12,87.85,88.52,3,6.123233995736766e-17,1.0,16.4,0.4,0.0,1.57,13.15,21.94,999.75,128.46,11,311.45
11/03/2025,0,27.57,0.36,0,53.71,199.55,0,1,260.43,5.8103,0,0,0.56,15.34,87.46,89.08,3,6.123233995736766e-17,1.0,16.4,0.4,0.0,1.57,13.15,22.15,997.75,128.65,11,311.95
12/03/2025,0,27.54,0.36,0,53.75,201.4,0,1,256.72,5.7978,0,0,0.56,15.4,88.69,89.39,3,6.123233995736766e-17,1.0,16.4,0.4,0.0,1.57,13.15,21.98,987.5,127.59,11,312.1
13/03/2025,0,28.45,0.36,0,53.75,202.05,0,1,259.84,5.799,0,0,0.56,15.5,89.06,89.88,3,6.123233995736766e-17,1.0,16.4,0.4,0.0,1.57,13.15,22.08,996.75,128.07,11,312.1
14/03/2025,0,3.0,0.36,0,53.95,203.18,0,1,258.68,5.7385,0,0,0.56,15.65,89.75,89.83,3,6.123233995736766e-17,1.0,16.4,0.4,0.0,1.57,13.15,22.3,999.25,128.04,11,309.7
15/03/2025,0,29.27,0.36,0,53.95,203.18,0,1,258.68,5.7385,0,0,0.56,15.65,89.75,89.83,3,6.123233995736766e-17,1.0,16.4,0.4,0.0,1.57,13.15,22.3,999.25,128.04,11,309.7
16/03/2025,0,26.71,0.36,0,53.95,203.18,0,1,258.68,5.7385,0,0,0.56,15.65,89.75,89.83,3,6.123233995736766e-17,1.0,16.4,0.4,0.0,1.57,13.15,22.3,999.25,128.04,11,309.7
17/03/2025,0,27.69,0.36,0,54.5,205.02,0,1,263.58,5.6835,0,0,0.56,15.91,89.99,90.26,3,6.123233995736766e-17,1.0,16.4,0.4,0.0,1.57,13.15,22.47,1015.5,127.48,12,309.2
18/03/2025,0,27.84,0.36,0,54.66,205.38,0,1,266.49,5.6705,0,0,0.56,15.92,84.44,90.33,3,6.123233995736766e-17,1.0,16.4,0.4,0.0,1.57,13.15,22.55,1012.75,127.91,12,310.1
19/03/2025,0,27.21,0.36,0,54.9,206.82,0,1,265.47,5.6485,0,0,0.56,15.96,83.08,90.18,3,6.123233995736766e-17,1.0,16.4,0.4,0.0,1.57,13.15,22.54,1008.25,127.36,12,310.25
20/03/2025,0,26.38,0.36,0,54.91,208.48,0,1,266.54,5.6797,0,0,0.56,15.89,80.33,90.08,3,6.123233995736766e-17,1.0,16.4,0.4,0.0,1.57,14.15,22.58,1013.0,127.99,12,311.25
21/03/2025,0,26.11,0.36,0,54.68,206.95,0,1,263.35,5.7291,0,0,0.56,15.77,79.61,90.14,3,6.123233995736766e-17,1.0,16.4,0.4,0.0,1.57,14.15,22.33,1009.75,127.67,12,312.6
22/03/2025,0,26.27,0.36,0,54.68,206.95,0,1,263.35,5.7291,0,0,0.56,15.77,79.61,90.14,3,6.123233995736766e-17,1.0,16.4,0.4,0.0,1.57,14.15,22.33,1009.75,127.67,12,312.6
23/03/2025,0,27.23,0.36,0,54.68,206.95,0,1,263.35,5.7291,0,0,0.56,15.77,79.61,90.14,3,6.123233995736766e-17,1.0,16.4,0.4,0.0,1.57,14.15,22.33,1009.75,127.67,12,312.6
24/03/2025,0,26.0,0.36,0,54.37,205.9,0,1,262.94,5.7646,0,0,0.56,15.6,79.34,89.74,3,6.123233995736766e-17,1.0,16.4,0.4,0.0,1.57,14.15,22.29,1007.25,128.19,13,312.75
25/03/2025,0,27.78,0.36,0,54.88,206.38,0,1,262.06,5.6989,0,0,0.56,15.63,77.93,89.12,3,6.123233995736766e-17,1.0,16.4,0.4,0.0,1.57,14.15,22.27,1001.75,126.97,13,312.95
26/03/2025,0,26.24,0.36,0,54.57,207.07,0,1,262.72,5.7359,0,0,0.56,15.51,76.98,88.94,3,6.123233995736766e-17,1.0,16.4,0.4,0.0,1.57,14.15,22.15,1001.0,127.04,13,312.95
27/03/2025,0,27.41,0.36,0,54.99,209.55,0,1,261.85,5.7452,0,0,0.56,15.28,77.47,87.92,3,6.123233995736766e-17,1.0,16.4,0.4,0.0,1.57,14.15,22.16,1016.75,127.57,13,316.55
28/03/2025,0,27.3,0.36,0,55.42,208.82,0,1,262.22,5.7604,0,0,0.56,15.26,77.07,87.87,3,6.123233995736766e-17,1.0,16.4,0.4,0.0,1.57,14.15,22.17,1023.0,127.65,13,319.1
29/03/2025,0,26.83,0.36,0,55.42,208.82,0,1,262.22,5.7604,0,0,0.56,15.26,77.07,87.87,3,6.123233995736766e-17,1.0,16.4,0.4,0.0,1.57,14.15,22.17,1023.0,127.65,13,319.1
30/03/2025,0,26.95,0.36,0,55.42,208.82,0,1,262.22,5.7604,0,0,0.56,15.26,77.07,87.87,3,6.123233995736766e-17,1.0,16.4,0.4,0.0,1.57,14.15,22.17,1023.0,127.65,13,319.1
31/03/2025,0,26.49,0.36,0,55.99,207.8,0,1,265.29,5.7047,0,0,0.56,15.37,77.72,87.71,3,6.123233995736766e-17,1.0,16.4,0.4,0.0,1.57,14.15,22.31,1014.75,127.3,14,319.5
01/04/2025,0,28.63,0.36,0,56.42,209.13,0,0,262.24,5.6815,0,0,0.43,15.24,78.53,86.62,4,-0.4999999999999998,0.8660254037844387,-1.4,0.3,0.0,0.39,14.15,22.39,1034.25,127.28,14,320.75
02/04/2025,0,27.84,0.36,0,56.34,210.38,0,0,262.54,5.6607,0,0,0.43,15.1,77.3,85.97,4,-0.4999999999999998,0.8660254037844387,-1.4,0.3,0.0,0.39,14.15,22.35,1029.5,127.24,14,320.8
03/04/2025,0,28.4,0.36,0,57.16,208.05,0,0,268.36,5.629,0,0,0.43,15.08,76.63,84.82,4,-0.4999999999999998,0.8660254037844387,-1.4,0.3,0.0,0.39,14.15,22.57,1011.5,126.98,14,321.6
04/04/2025,0,29.3,0.36,0,55.62,202.63,0,0,254.46,5.8425,0,0,0.43,14.5,76.39,84.63,4,-0.4999999999999998,0.8660254037844387,-1.4,0.3,0.0,0.39,14.15,21.86,977.0,127.55,14,324.6
05/04/2025,0,27.38,0.36,0,55.62,202.63,0,0,254.46,5.8425,0,0,0.43,14.5,76.39,84.63,4,-0.4999999999999998,0.8660254037844387,-1.4,0.3,0.0,0.39,14.15,21.86,977.0,127.55,14,324.6
06/04/2025,0,26.98,0.36,0,55.62,202.63,0,0,254.46,5.8425,0,0,0.43,14.5,76.39,84.63,4,-0.4999999999999998,0.8660254037844387,-1.4,0.3,0.0,0.39,14.15,21.86,977.0,127.55,14,324.6
07/04/2025,0,28.0,0.36,0,55.62,198.93,0,0,252.37,5.9139,0,0,0.43,14.35,78.57,84.83,4,-0.4999999999999998,0.8660254037844387,-1.4,0.3,0.0,0.39,14.15,21.93,983.0,129.6,15,324.6
08/04/2025,0,26.86,0.36,0,54.18,199.1,0,0,255.03,6.0109,0,0,0.43,14.24,80.17,85.25,4,-0.4999999999999998,0.8660254037844387,-1.4,0.3,0.0,0.39,14.15,21.61,992.75,129.38,15,324.4
09/04/2025,0,27.94,0.36,0,55.15,202.8,0,0,254.13,5.8215,0,0,0.43,14.68,79.56,85.72,4,-0.4999999999999998,0.8660254037844387,-1.4,0.3,0.0,0.39,14.15,22.4,1012.75,130.77,15,322.0
10/04/2025,0,28.6,0.36,0,54.84,200.85,0,0,258.39,5.8856,0,0,0.43,14.49,80.57,85.57,4,-0.4999999999999998,0.8660254037844387,-1.4,0.3,0.0,0.39,14.15,22.21,1029.0,131.1,15,323.8
11/04/2025,0,26.53,0.36,0,55.28,202.48,0,0,261.54,5.8648,0,0,0.43,14.48,79.33,84.98,4,-0.4999999999999998,0.8660254037844387,-1.4,0.3,0.0,0.39,14.15,22.54,1042.75,132.33,15,324.5
12/04/2025,0,27.68,0.36,0,55.28,202.48,0,0,261.54,5.8648,0,0,0.43,14.48,79.33,84.98,4,-0.4999999999999998,0.8660254037844387,-1.4,0.3,0.0,0.39,14.15,22.54,1042.75,132.33,15,324.5
13/04/2025,0,26.88,0.36,0,55.28,202.48,0,0,261.54,5.8648,0,0,0.43,14.48,79.33,84.98,4,-0.4999999999999998,0.8660254037844387,-1.4,0.3,0.0,0.39,14.15,22.54,1042.75,132.33,15,324.5
14/04/2025,0,27.55,0.36,0,56.14,203.95,0,0,263.69,5.8551,0,0,0.43,14.58,78.9,85.3,4,-0.4999999999999998,0.8660254037844387,-1.4,0.3,0.0,0.39,14.15,22.66,1041.75,132.56,16,328.5
15/04/2025,0,27.08,0.36,0,55.5,204.8,0,0,262.87,5.8859,0,0,0.43,14.38,78.24,84.71,4,-0.4999999999999998,0.8660254037844387,-1.4,0.3,0.0,0.39,14.15,22.31,1036.0,131.48,16,327.0
16/04/2025,0,26.64,0.36,0,55.54,207.07,0,0,261.39,5.8664,0,0,0.43,14.27,77.02,83.78,4,-0.4999999999999998,0.8660254037844387,-1.4,0.3,0.0,0.39,14.15,22.51,1038.75,132.15,16,326.0
17/04/2025,0,28.2,0.36,0,56.25,209.82,0,0,262.53,5.8063,0,0,0.43,14.38,76.9,83.49,4,-0.4999999999999998,0.8660254037844387,-1.4,0.3,0.0,0.39,14.15,22.72,1036.5,131.91,16,326.65
18/04/2025,0,28.18,0.36,0,56.25,209.82,0,0,262.53,5.8063,0,0,0.43,14.38,76.9,83.49,4,-0.4999999999999998,0.8660254037844387,-1.4,0.3,0.5,0.39,14.15,22.72,1036.5,131.91,16,326.65
19/04/2025,0,28.13,0.36,0,56.25,209.82,0,0,262.53,5.8063,0,0,0.43,14.38,76.9,83.49,4,-0.4999999999999998,0.8660254037844387,-1.4,0.3,0.5,0.39,14.15,22.72,1036.5,131.91,16,326.65
20/04/2025,0,28.16,0.36,0,56.25,209.82,0,0,262.53,5.8063,0,0,0.43,14.38,76.9,83.49,4,-0.4999999999999998,0.8660254037844387,-1.4,0.3,1.5,0.39,14.15,22.72,1036.5,131.91,16,326.65
21/04/2025,0,28.73,0.36,0,56.25,209.77,0,0,262.53,5.8067,0,0,0.43,14.38,76.9,83.49,4,-0.4999999999999998,0.8660254037844387,-1.4,0.3,0.0,0.39,14.15,22.72,1041.5,131.91,17,326.65
22/04/2025,0,26.49,0.36,0,57.2,211.38,0,0,265.56,5.7255,0,0,0.43,14.43,77.11,82.57,4,-0.4999999999999998,0.8660254037844387,-1.4,0.3,0.0,0.39,14.15,22.75,1046.0,130.19,17,327.3
23/04/2025,0,26.58,0.36,0,57.03,212.7,0,0,261.48,5.7096,0,0,0.43,14.34,76.54,81.97,4,-0.4999999999999998,0.8660254037844387,-1.4,0.3,0.0,0.39,14.15,22.73,1050.25,129.92,17,325.95
24/04/2025,0,27.42,0.36,0,57.04,213.5,0,0,263.27,5.6833,0,0,0.43,14.36,76.97,81.6,4,-0.4999999999999998,0.8660254037844387,-1.4,0.3,0.0,0.39,14.15,22.71,1062.0,129.06,17,324.15
25/04/2025,0,27.27,0.36,0,56.99,214.25,0,0,266.3,5.6841,0,0,0.43,14.17,77.13,80.54,4,-0.4999999999999998,0.8660254037844387,-1.4,0.3,0.0,0.39,14.15,22.9,1059.25,130.14,17,323.9
26/04/2025,0,28.53,0.36,0,56.99,214.25,0,0,266.3,5.6841,0,0,0.43,14.17,77.13,80.54,4,-0.4999999999999998,0.8660254037844387,-1.4,0.3,0.0,0.39,14.15,22.9,1059.25,130.14,17,323.9
27/04/2025,0,25.55,0.36,0,56.99,214.25,0,0,266.3,5.6841,0,0,0.43,14.17,77.13,80.54,4,-0.4999999999999998,0.8660254037844387,-1.4,0.3,0.0,0.39,14.15,22.9,1059.25,130.14,17,323.9
28/04/2025,0,26.79,0.36,0,56.99,215.65,0,0,267.92,5.6546,0,0,0.43,14.24,75.69,80.49,4,-0.4999999999999998,0.8660254037844387,-1.4,0.3,0.0,0.39,14.15,22.97,1062.5,129.87,18,323.9
29/04/2025,0,28.26,0.36,0,56.8,216.35,0,0,272.36,5.621,0,0,0.43,14.27,76.41,80.37,4,-0.4999999999999998,0.8660254037844387,-1.4,0.3,0.0,0.39,14.15,22.94,1052.75,129.22,18,319.9
30/04/2025,0,27.81,0.36,0,56.21,215.75,0,0,277.08,5.6748,0,0,0.43,14.13,76.34,80.13,4,-0.4999999999999998,0.8660254037844387,-1.4,0.3,0.0,0.39,14.15,22.53,1044.5,127.79,18,318.85
01/05/2025,0,27.13,0.36,1,56.21,209.65,0,0,277.08,5.6734,0,0,0.43,14.13,76.34,80.13,5,-0.8660254037844387,0.49999999999999994,-1.4,0.3,0.0,-3.44,14.15,22.53,1050.25,127.79,18,318.85
02/05/2025,0,25.62,0.36,1,56.21,211.1,0,0,280.45,5.6579,0,0,0.26,13.98,76.47,79.07,5,-0.8660254037844387,0.49999999999999994,-1.4,0.3,0.0,-3.44,14.15,22.7,1058.0,128.37,18,318.85
03/05/2025,0,26.98,0.36,1,56.21,211.1,0,0,280.45,5.6579,0,0,0.26,13.98,76.47,79.07,5,-0.8660254037844387,0.49999999999999994,-1.4,0.3,0.0,-3.44,14.15,22.7,1058.0,128.37,18,318.85
04/05/2025,0,27.67,0.36,1,56.21,211.1,0,0,280.45,5.6579,0,0,0.26,13.98,76.47,79.07,5,-0.8660254037844387,0.49999999999999994,-1.4,0.3,0.0,-3.44,14.15,22.7,1058.0,128.37,18,318.85
05/05/2025,0,27.63,0.36,1,56.16,213.65,0,0,282.56,5.6886,0,0,0.26,13.9,75.29,79.05,5,-0.8660254037844387,0.49999999999999994,-1.4,0.3,0.0,-3.44,14.15,22.51,1045.5,128.02,19,319.45
06/05/2025,0,27.3,0.36,1,55.46,213.68,0,0,282.98,5.7135,0,0,0.26,13.6,75.09,77.61,5,-0.8660254037844387,0.49999999999999994,-1.4,0.3,0.0,-3.44,14.15,22.41,1041.25,127.92,19,316.5
07/05/2025,0,27.5,0.36,1,54.82,212.52,0,0,284.82,5.7459,0,0,0.26,13.26,74.37,76.38,5,-0.8660254037844387,0.49999999999999994,-1.4,0.3,0.0,-3.44,14.15,22.18,1039.25,127.77,19,315.75
08/05/2025,0,28.34,0.36,1,54.52,214.25,0,0,281.99,5.6615,0,0,0.26,13.39,73.93,75.93,5,-0.8660254037844387,0.49999999999999994,-1.4,0.3,0.0,-3.44,14.65,22.55,1045.0,127.88,19,309.2
09/05/2025,0,27.44,0.36,1,54.52,214.68,0,0,284.35,5.6556,0,0,0.26,13.27,73.94,75.07,5,-0.8660254037844387,0.49999999999999994,-1.4,0.3,0.5,-3.44,14.65,22.62,1051.75,127.91,19,309.2
10/05/2025,0,28.0,0.36,1,54.52,214.68,0,0,284.35,5.6556,0,0,0.26,13.27,73.94,75.07,5,-0.8660254037844387,0.49999999999999994,-1.4,0.3,0.5,-3.44,14.65,22.62,1051.75,127.91,19,309.2
11/05/2025,0,28.01,0.36,1,54.52,214.68,0,0,284.35,5.6556,0,0,0.26,13.27,73.94,75.07,5,-0.8660254037844387,0.49999999999999994,-1.4,0.3,1.5,-3.44,14.65,22.62,1051.75,127.91,19,309.2
12/05/2025,0,28.0,0.36,1,55.19,216.82,0,0,270.47,5.6752,0,0,0.26,13.07,73.92,74.34,5,-0.8660254037844387,0.49999999999999994,-1.4,0.3,0.0,-3.44,14.65,22.63,1066.0,128.68,20,313.8
13/05/2025,0,26.69,0.36,1,55.05,216.32,0,0,268.34,5.6085,0,0,0.26,13.14,73.4,73.57,5,-0.8660254037844387,0.49999999999999994,-1.4,0.3,0.0,-3.44,14.65,22.94,1067.25,128.51,20,308.35
14/05/2025,0,26.17,0.36,1,54.74,213.95,0,0,266.28,5.6384,0,0,0.26,12.99,72.86,73.12,5,-0.8660254037844387,0.49999999999999994,-1.4,0.3,0.0,-3.44,14.65,22.79,1067.0,128.25,20,308.0
15/05/2025,0,26.04,0.36,1,54.21,211.18,0,0,274.0,5.6821,0,0,0.26,12.86,73.25,73.07,5,-0.8660254037844387,0.49999999999999994,-1.4,0.3,0.0,-3.44,14.65,22.44,1051.25,127.51,20,308.0
16/05/2025,0,26.14,0.36,1,53.39,212.23,0,0,276.29,5.6633,0,0,0.26,12.87,62.01,72.93,5,-0.8660254037844387,0.49999999999999994,-1.4,0.3,0.0,-3.44,14.65,22.51,1050.0,127.56,20,302.6
17/05/2025,0,26.21,0.36,1,53.39,212.23,0,0,276.29,5.6633,0,0,0.26,12.87,62.01,72.93,5,-0.8660254037844387,0.49999999999999994,-1.4,0.3,0.0,-3.44,14.65,22.51,1050.0,127.56,20,302.6
18/05/2025,0,26.42,0.36,1,53.39,212.23,0,0,276.29,5.6633,0,0,0.26,12.87,62.01,72.93,5,-0.8660254037844387,0.49999999999999994,-1.4,0.3,0.0,-3.44,14.65,22.51,1050.0,127.56,20,302.6
19/05/2025,0,26.86,0.36,1,53.44,212.98,0,0,277.94,5.6516,0,0,0.26,12.86,62.07,72.68,5,-0.8660254037844387,0.49999999999999994,-1.4,0.3,0.0,-3.44,14.65,22.56,1050.75,127.56,21,302.15
20/05/2025,0,26.9,0.36,1,54.03,213.18,0,0,277.87,5.6682,0,0,0.26,12.8,62.97,72.59,5,-0.8660254037844387,0.49999999999999994,-1.4,0.3,0.0,-3.44,14.65,22.51,1053.0,127.66,21,306.4
21/05/2025,0,25.83,0.36,1,53.74,214.15,0,0,281.74,5.6458,0,0,0.26,12.75,64.47,72.03,5,-0.8660254037844387,0.49999999999999994,-1.4,0.3,0.0,-3.44,14.65,22.73,1062.75,128.42,21,303.65
22/05/2025,0,26.16,0.36,1,53.74,215.63,0,0,282.0,5.716,0,0,0.26,12.6,64.47,71.22,5,-0.8660254037844387,0.49999999999999994,-1.4,0.3,0.0,-3.44,14.65,22.68,1067.5,128.15,21,303.65
23/05/2025,0,27.03,0.36,1,53.24,215.8,0,0,284.07,5.6468,0,0,0.26,12.58,63.19,71.13,5,-0.8660254037844387,0.49999999999999994,-1.4,0.3,0.0,-3.44,14.65,22.76,1060.25,128.69,21,301.0
24/05/2025,0,27.75,0.36,1,53.24,215.8,0,0,284.07,5.6468,0,0,0.26,12.58,63.19,71.13,5,-0.8660254037844387,0.49999999999999994,-1.4,0.3,0.0,-3.44,14.65,22.76,1060.25,128.69,21,301.0
25/05/2025,0,27.28,0.36,1,53.24,215.8,0,0,284.07,5.6468,0,0,0.26,12.58,63.19,71.13,5,-0.8660254037844387,0.49999999999999994,-1.4,0.3,0.0,-3.44,14.65,22.76,1060.25,128.69,21,301.0
26/05/2025,0,26.67,0.36,1,53.24,215.8,0,0,284.07,5.6468,0,0,0.26,12.58,63.19,71.13,5,-0.8660254037844387,0.49999999999999994,-1.4,0.3,0.0,-3.44,14.65,22.76,1060.25,128.69,22,301.0
27/05/2025,0,26.4,0.36,1,54.1,215.13,0,0,284.36,5.6424,0,0,0.26,12.54,64.47,70.82,5,-0.8660254037844387,0.49999999999999994,-1.4,0.3,0.0,-3.44,14.65,22.66,1062.5,128.01,22,305.6
28/05/2025,0,26.73,0.36,1,53.59,213.93,0,0,285.98,5.689,0,0,0.26,12.19,63.65,69.42,5,-0.8660254037844387,0.49999999999999994,-1.4,0.3,0.0,-3.44,14.65,22.57,1048.5,128.49,22,305.1
29/05/2025,0,26.34,0.36,1,54.07,215.52,0,0,285.87,5.6666,0,0,0.26,12.2,62.72,69.17,5,-0.8660254037844387,0.49999999999999994,-1.4,0.3,0.0,-3.44,14.65,22.61,1051.75,128.18,22,306.5
30/05/2025,0,24.65,0.36,1,53.53,215.48,0,0,289.0,5.7227,0,0,0.26,12.06,62.95,68.95,5,-0.8660254037844387,0.49999999999999994,-1.4,0.3,0.0,-3.44,14.65,22.52,1041.75,128.76,22,306.1
31/05/2025,0,26.8,0.36,1,53.53,215.48,0,0,289.0,5.7227,0,0,0.26,12.06,62.95,68.95,5,-0.8660254037844387,0.49999999999999994,-1.4,0.3,0.0,-3.44,14.65,22.52,1041.75,128.76,22,306.1
01/06/2025,0,27.2,0.36,1,53.53,215.48,0,0,289.0,5.7227,0,0,0.26,12.06,62.95,68.95,6,-1.0,1.2246467991473532e-16,-1.4,0.3,0.5,-2.91,14.65,22.52,1041.75,128.76,22,306.1
02/06/2025,0,27.92,0.36,1,53.53,216.55,0,0,290.71,5.6734,0,0,0.24,12.12,62.73,68.85,6,-1.0,1.2246467991473532e-16,-1.4,0.3,0.5,-2.91,14.65,22.6,1033.5,128.41,23,306.1
03/06/2025,0,27.85,0.36,1,54.32,215.98,0,0,282.31,5.6393,0,0,0.24,12.21,62.73,68.89,6,-1.0,1.2246467991473532e-16,-1.4,0.3,0.5,-2.91,14.65,22.77,1040.75,128.42,23,306.4
04/06/2025,0,26.09,0.36,1,55.08,218.4,0,0,277.88,5.6368,0,0,0.24,12.22,64.0,69.02,6,-1.0,1.2246467991473532e-16,-1.4,0.3,0.5,-2.91,14.65,22.76,1045.0,128.59,23,311.2
05/06/2025,0,26.07,0.36,1,55.65,222.9,0,0,274.9,5.5893,0,0,0.24,12.33,64.37,68.96,6,-1.0,1.2246467991473532e-16,-1.4,0.3,0.5,-2.91,14.65,22.89,1051.75,127.97,23,311.15
06/06/2025,0,26.6,0.36,1,55.65,226.3,0,0,274.24,5.5594,0,0,0.24,12.5,64.6,69.53,6,-1.0,1.2246467991473532e-16,-1.4,0.3,0.5,-2.91,14.65,23.04,1057.25,128.13,23,311.15
07/06/2025,0,26.4,0.36,1,55.65,226.3,0,0,274.24,5.5594,0,0,0.24,12.5,64.6,69.53,6,-1.0,1.2246467991473532e-16,-1.4,0.3,0.5,-2.91,14.65,23.04,1057.25,128.13,23,311.15
08/06/2025,0,26.05,0.36,1,55.65,226.3,0,0,274.24,5.5594,0,0,0.24,12.5,64.6,69.53,6,-1.0,1.2246467991473532e-16,-1.4,0.3,0.5,-2.91,14.65,23.04,1057.25,128.13,23,311.15
09/06/2025,0,26.14,0.36,1,56.04,227.0,0,0,268.35,5.5588,0,0,0.24,12.37,64.11,68.79,6,-1.0,1.2246467991473532e-16,-1.4,0.3,0.5,-2.91,14.65,23.13,1056.0,128.68,24,311.75
10/06/2025,0,25.84,0.36,1,56.01,227.07,0,0,266.1,5.5744,0,0,0.24,12.15,64.24,67.73,6,-1.0,1.2246467991473532e-16,-1.4,0.3,0.5,-2.91,14.65,23.14,1057.75,128.97,24,312.2
11/06/2025,0,27.18,0.36,1,56.66,227.82,0,0,269.65,5.5364,0,0,0.24,12.26,63.73,67.97,6,-1.0,1.2246467991473532e-16,-1.4,0.3,0.5,-2.91,14.65,23.23,1050.5,128.8,24,314.2
12/06/2025,0,27.24,0.36,1,56.96,228.2,0,0,270.96,5.5375,0,0,0.24,12.2,63.1,67.64,6,-1.0,1.2246467991473532e-16,-1.4,0.3,0.5,-2.91,14.65,23.23,1042.25,128.8,24,315.85
13/06/2025,0,27.05,0.36,1,56.77,225.1,0,0,269.5,5.5439,0,0,0.24,12.21,63.29,67.61,6,-1.0,1.2246467991473532e-16,-1.4,0.3,1.5,-2.91,14.65,23.32,1069.75,129.14,24,314.35
14/06/2025,0,25.99,0.36,1,56.77,225.1,0,0,269.5,5.5439,0,0,0.24,12.21,63.29,67.61,6,-1.0,1.2246467991473532e-16,-1.4,0.3,0.5,-2.91,14.65,23.32,1069.75,129.14,24,314.35
15/06/2025,0,25.26,0.36,1,56.77,225.1,0,0,269.5,5.5439,0,0,0.24,12.21,63.29,67.61,6,-1.0,1.2246467991473532e-16,-1.4,0.3,0.5,-2.91,14.65,23.32,1069.75,129.14,24,314.35
16/06/2025,0,25.17,0.36,1,56.77,227.02,0,0,267.51,5.492,0,0,0.24,12.29,62.41,67.5,6,-1.0,1.2246467991473532e-16,-1.4,0.3,0.5,-2.91,14.65,23.59,1069.75,129.6,25,314.35
17/06/2025,0,24.31,0.36,1,57.05,223.25,0,0,269.7,5.4997,0,0,0.24,12.25,62.87,67.36,6,-1.0,1.2246467991473532e-16,-1.4,0.3,0.5,-2.91,14.65,23.54,1074.0,129.51,25,313.85
18/06/2025,0,25.76,0.36,1,57.13,224.3,0,0,272.1,5.4917,0,0,0.24,12.37,63.07,68.07,6,-1.0,1.2246467991473532e-16,-1.4,0.3,0.5,-2.91,14.65,23.51,1074.75,129.35,25,314.4
19/06/2025,0,25.71,0.36,1,57.13,224.3,0,0,272.1,5.4917,0,0,0.24,12.37,63.07,68.07,6,-1.0,1.2246467991473532e-16,-1.4,0.3,0.5,-2.91,14.65,23.51,1074.75,129.35,25,314.4
20/06/2025,0,26.01,0.36,1,57.13,223.02,0,0,273.99,5.5132,0,0,0.24,12.33,63.16,68.11,6,-1.0,1.2246467991473532e-16,-1.4,0.3,0.5,-2.91,14.9,23.55,1068.0,130.08,25,314.4
21/06/2025,0,24.96,0.36,1,57.13,223.02,0,0,273.99,5.5132,0,0,0.24,12.33,63.16,68.11,6,-1.0,1.2246467991473532e-16,-1.4,0.3,0.5,-2.91,14.9,23.55,1068.0,130.08,25,314.4
22/06/2025,0,26.14,0.36,1,57.13,223.02,0,0,273.99,5.5132,0,0,0.24,12.33,63.16,68.11,6,-1.0,1.2246467991473532e-16,-1.4,0.3,0.5,-2.91,14.9,23.55,1068.0,130.08,25,314.4
23/06/2025,0,26.28,0.36,1,57.13,222.3,0,0,272.66,5.4965,0,0,0.24,12.43,63.78,68.43,6,-1.0,1.2246467991473532e-16,-1.4,0.3,0.5,-2.91,14.9,23.7,1062.0,130.47,26,314.4
24/06/2025,0,24.98,0.36,1,57.62,221.6,0,0,271.38,5.5113,0,0,0.24,12.38,64.59,68.27,6,-1.0,1.2246467991473532e-16,-1.4,0.3,1.5,-2.91,14.9,23.55,1050.25,129.83,26,317.7
25/06/2025,0,26.45,0.36,1,56.91,221.6,0,0,273.03,5.5637,0,0,0.24,12.25,64.31,68.04,6,-1.0,1.2246467991473532e-16,-1.4,0.3,0.5,-2.91,14.9,23.1,1029.5,128.34,26,316.2
26/06/2025,0,26.83,0.36,1,57.39,221.7,0,0,272.83,5.489,0,0,0.24,12.28,63.95,67.58,6,-1.0,1.2246467991473532e-16,-1.4,0.3,0.5,-2.91,14.9,23.59,1027.75,129.79,26,315.75
27/06/2025,0,26.72,0.36,1,57.86,224.75,0,0,274.76,5.4856,0,0,0.24,12.33,63.54,67.65,6,-1.0,1.2246467991473532e-16,-1.4,0.3,0.5,-2.91,14.9,23.55,1033.25,129.22,26,317.4
28/06/2025,0,26.13,0.36,1,57.86,224.75,0,0,274.76,5.4856,0,0,0.24,12.33,63.54,67.65,6,-1.0,1.2246467991473532e-16,-1.4,0.3,0.5,-2.91,14.9,23.55,1033.25,129.22,26,317.4
29/06/2025,0,25.97,0.36,1,57.86,224.75,0,0,274.76,5.4856,0,0,0.24,12.33,63.54,67.65,6,-1.0,1.2246467991473532e-16,-1.4,0.3,1.5,-2.91,14.9,23.55,1033.25,129.22,26,317.4
30/06/2025,0,26.59,0.36,1,57.86,225.88,0,0,275.62,5.4326,0,0,0.24,12.34,63.44,67.02,6,-1.0,1.2246467991473532e-16,-1.4,0.3,0.5,-2.91,14.9,23.79,1029.75,129.15,27,317.4
01/07/2025,0,25.77,0.36,1,56.86,210.75,1,0,275.42,5.4588,0,0,0.26,12.02,62.98,65.68,7,-0.8660254037844388,-0.4999999999999997,0.4,0.3,0.5,-3.72,14.9,23.64,1029.75,129.13,27,310.65
02/07/2025,0,26.36,0.36,1,56.86,212.45,1,0,275.82,5.424,0,0,0.26,12.03,62.24,65.25,7,-0.8660254037844388,-0.4999999999999997,0.4,0.3,0.5,-3.72,14.9,23.89,1053.5,129.55,27,310.65
03/07/2025,0,26.58,0.36,1,57.35,214.05,1,0,276.7,5.409,0,0,0.26,11.85,62.51,64.15,7,-0.8660254037844388,-0.4999999999999997,0.4,0.3,0.5,-3.72,14.9,24.07,1055.5,130.26,27,310.4
04/07/2025,0,25.14,0.36,1,57.35,214.05,1,0,276.7,5.409,0,0,0.26,11.85,62.51,64.15,7,-0.8660254037844388,-0.4999999999999997,0.4,0.3,0.5,-3.72,14.9,24.07,1055.5,130.26,27,310.4
05/07/2025,0,24.64,0.36,1,57.35,214.05,1,0,276.7,5.409,0,0,0.26,11.85,62.51,64.15,7,-0.8660254037844388,-0.4999999999999997,0.4,0.3,0.5,-3.72,14.9,24.07,1055.5,130.26,27,310.4
06/07/2025,0,24.71,0.36,1,57.35,214.05,1,0,276.7,5.409,0,0,0.26,11.85,62.51,64.15,7,-0.8660254037844388,-0.4999999999999997,0.4,0.3,0.5,-3.72,14.9,24.07,1055.5,130.26,27,310.4
07/07/2025,0,25.38,0.36,1,55.77,215.9,1,0,282.55,5.488,0,0,0.26,11.58,61.61,63.44,7,-0.8660254037844388,-0.4999999999999997,0.4,0.3,0.5,-3.72,14.9,23.55,1031.5,129.04,28,305.55
08/07/2025,0,25.86,0.36,1,56.11,219.98,1,0,275.63,5.4474,0,0,0.26,11.63,62.24,63.35,7,-0.8660254037844388,-0.4999999999999997,0.4,0.3,0.5,-3.72,14.9,23.63,1021.25,128.7,28,305.6
09/07/2025,0,25.38,0.36,1,55.53,219.77,1,0,275.64,5.5766,0,0,0.26,11.5,62.99,63.19,7,-0.8660254037844388,-0.4999999999999997,0.4,0.3,0.5,-3.72,14.9,23.37,1009.0,128.35,28,305.0
10/07/2025,0,25.46,0.36,1,54.09,219.23,1,0,275.19,5.5321,0,0,0.26,11.37,62.46,62.98,7,-0.8660254037844388,-0.4999999999999997,0.4,0.3,0.5,-3.72,14.9,23.43,1012.5,129.83,28,299.7
11/07/2025,0,25.98,0.36,1,54.09,222.2,1,0,275.08,5.5589,0,0,0.26,11.34,62.46,62.91,7,-0.8660254037844388,-0.4999999999999997,0.4,0.3,0.5,-3.72,14.9,23.42,1004.25,129.93,28,299.7
12/07/2025,0,24.31,0.36,1,54.09,222.2,1,0,275.08,5.5589,0,0,0.26,11.34,62.46,62.91,7,-0.8660254037844388,-0.4999999999999997,0.4,0.3,0.5,-3.72,14.9,23.42,1004.25,129.93,28,299.7
13/07/2025,0,24.74,0.36,1,54.09,222.2,1,0,275.08,5.5589,0,0,0.26,11.34,62.46,62.91,7,-0.8660254037844388,-0.4999999999999997,0.4,0.3,0.5,-3.72,14.9,23.42,1004.25,129.93,28,299.7
14/07/2025,0,26.16,0.36,1,53.58,219.35,1,0,277.06,5.5893,0,0,0.26,11.23,63.07,62.73,7,-0.8660254037844388,-0.4999999999999997,0.4,0.3,0.5,-3.72,14.9,23.23,1001.0,129.75,29,299.25
15/07/2025,0,23.91,0.36,1,54.05,222.4,1,0,275.0,5.5571,0,0,0.26,11.29,62.81,62.78,7,-0.8660254037844388,-0.4999999999999997,0.4,0.3,0.5,-3.72,14.9,23.4,995.0,130.14,29,300.6
16/07/2025,0,24.36,0.36,1,53.67,223.9,1,0,277.53,5.569,0,0,0.26,11.3,64.03,62.84,7,-0.8660254037844388,-0.4999999999999997,0.4,0.3,0.5,-3.72,14.9,23.29,1013.5,129.52,29,298.5
17/07/2025,0,24.97,0.36,1,53.67,223.68,1,0,277.82,5.5449,0,0,0.26,11.34,64.48,62.93,7,-0.8660254037844388,-0.4999999999999997,0.4,0.3,0.5,-3.72,14.9,23.58,1021.5,130.8,29,298.5
18/07/2025,0,25.01,0.36,1,53.12,223.55,1,0,274.7,5.579,0,0,0.26,11.35,65.48,63.39,7,-0.8660254037844388,-0.4999999999999997,0.4,0.3,0.5,-3.72,14.9,23.53,1027.75,131.45,29,296.75
19/07/2025,0,24.64,0.36,1,53.12,223.55,1,0,274.7,5.579,0,0,0.26,11.35,65.48,63.39,7,-0.8660254037844388,-0.4999999999999997,0.4,0.3,0.5,-3.72,14.9,23.53,1027.75,131.45,29,296.75
20/07/2025,0,25.25,0.36,1,53.12,223.55,1,0,274.7,5.579,0,0,0.26,11.35,65.48,63.39,7,-0.8660254037844388,-0.4999999999999997,0.4,0.3,0.5,-3.72,14.9,23.53,1027.75,131.45,29,296.75
21/07/2025,0,25.62,0.36,1,52.78,225.23,1,0,275.0,5.5671,0,0,0.26,11.41,65.1,63.56,7,-0.8660254037844388,-0.4999999999999997,0.4,0.3,0.5,-3.72,14.9,23.5,1010.5,130.83,30,293.9
22/07/2025,0,26.17,0.36,1,53.2,224.98,1,0,274.64,5.5657,0,0,0.26,11.5,65.28,64.02,7,-0.8660254037844388,-0.4999999999999997,0.4,0.3,0.5,-3.72,14.9,23.48,1008.0,130.67,30,296.1
23/07/2025,0,26.8,0.36,1,53.2,227.02,1,0,276.48,5.5212,0,0,0.26,11.59,65.13,64.0,7,-0.8660254037844388,-0.4999999999999997,0.4,0.3,0.5,-3.72,14.9,23.86,1005.0,131.78,30,296.1
24/07/2025,0,26.82,0.36,1,53.36,225.8,1,0,277.18,5.5215,0,0,0.26,11.62,65.78,64.11,7,-0.8660254037844388,-0.4999999999999997,0.4,0.3,0.5,-3.72,14.9,23.81,1005.75,131.4,30,294.45
25/07/2025,0,26.39,0.36,1,52.42,226.48,1,0,279.55,5.5633,0,0,0.26,11.45,65.64,63.74,7,-0.8660254037844388,-0.4999999999999997,0.4,0.3,0.5,-3.72,14.9,23.57,1002.0,131.21,30,291.8
26/07/2025,0,26.75,0.36,1,52.42,226.48,1,0,279.55,5.5633,0,0,0.26,11.45,65.64,63.74,7,-0.8660254037844388,-0.4999999999999997,0.4,0.3,0.5,-3.72,14.9,23.57,1002.0,131.21,30,291.8
27/07/2025,0,26.58,0.36,1,52.42,226.48,1,0,279.55,5.5633,0,0,0.26,11.45,65.64,63.74,7,-0.8660254037844388,-0.4999999999999997,0.4,0.3,0.5,-3.72,14.9,23.57,1002.0,131.21,30,291.8
28/07/2025,0,26.17,0.36,1,52.3,227.88,1,0,274.12,5.5888,0,0,0.26,11.38,65.05,63.7,7,-0.8660254037844388,-0.4999999999999997,0.4,0.3,0.5,-3.72,14.9,23.52,1011.5,131.62,31,292.65
29/07/2025,0,25.61,0.36,1,52.88,229.73,1,0,274.6,5.5747,0,0,0.26,11.43,65.15,63.64,7,-0.8660254037844388,-0.4999999999999997,0.4,0.3,0.5,-3.72,14.9,23.63,1009.5,131.62,31,294.5
30/07/2025,0,27.2,0.36,1,52.78,233.07,1,0,277.74,5.5695,0,0,0.26,11.39,66.88,63.51,7,-0.8660254037844388,-0.4999999999999997,0.4,0.3,0.5,-3.72,14.9,23.8,995.75,132.66,31,294.2
31/07/2025,0,28.1,0.36,1,52.55,227.77,1,0,278.28,5.6015,0,0,0.26,11.35,66.83,63.54,7,-0.8660254037844388,-0.4999999999999997,0.4,0.3,0.5,-3.72,14.9,23.72,989.25,132.88,31,294.35
01/08/2025,0,27.19,0.76,1,52.55,230.13,1,0,280.76,5.542,0,0,-0.11,11.48,67.05,63.71,8,-0.5000000000000004,-0.8660254037844385,0.4,0.3,0.0,-2.4,14.9,23.98,989.25,133.08,31,294.35
02/08/2025,0,27.08,0.76,1,52.55,230.13,1,0,280.76,5.542,0,0,-0.11,11.48,67.05,63.71,8,-0.5000000000000004,-0.8660254037844385,0.4,0.3,0.0,-2.4,14.9,23.98,989.25,133.08,31,294.35
03/08/2025,0,25.65,0.76,1,52.55,230.13,1,0,280.76,5.542,0,0,-0.11,11.48,67.05,63.71,8,-0.5000000000000004,-0.8660254037844385,0.4,0.3,0.0,-2.4,14.9,23.98,989.25,133.08,31,294.35
04/08/2025,0,25.13,0.76,1,54.29,230.9,1,0,287.1,5.4988,0,0,-0.11,11.62,66.58,64.0,8,-0.5000000000000004,-0.8660254037844385,0.4,0.3,0.0,-2.4,14.9,24.03,994.5,132.34,32,298.95
05/08/2025,0,25.7,0.76,1,54.66,234.27,1,0,284.61,5.5075,0,0,-0.11,11.62,65.74,64.01,8,-0.5000000000000004,-0.8660254037844385,0.4,0.3,0.0,-2.4,14.9,24.21,990.75,133.32,32,301.0
06/08/2025,0,26.74,0.76,1,55.7,236.3,1,0,281.35,5.4632,0,0,-0.11,11.66,65.54,63.67,8,-0.5000000000000004,-0.8660254037844385,0.4,0.3,0.0,-2.4,14.9,24.33,984.5,132.89,32,304.3
07/08/2025,0,27.48,0.76,1,56.17,238.75,1,0,280.95,5.4236,0,0,-0.11,11.7,65.83,63.58,8,-0.5000000000000004,-0.8660254037844385,0.4,0.3,0.0,-2.4,14.9,24.32,993.75,132.17,32,305.3
08/08/2025,0,27.16,0.76,1,56.17,232.55,1,0,282.21,5.434,0,0,-0.11,11.69,65.19,63.61,8,-0.5000000000000004,-0.8660254037844385,0.4,0.3,0.5,-2.4,14.9,24.36,987.5,132.52,32,305.6
09/08/2025,0,27.06,0.76,1,56.17,232.55,1,0,282.21,5.434,0,0,-0.11,11.69,65.19,63.61,8,-0.5000000000000004,-0.8660254037844385,0.4,0.3,0.5,-2.4,14.9,24.36,987.5,132.52,32,305.6
10/08/2025,0,26.78,0.76,1,56.17,232.55,1,0,282.21,5.434,0,0,-0.11,11.69,65.19,63.61,8,-0.5000000000000004,-0.8660254037844385,0.4,0.3,1.5,-2.4,14.9,24.36,987.5,132.52,32,305.6
11/08/2025,0,27.07,0.76,1,56.17,233.07,1,0,285.75,5.4424,0,0,-0.11,11.69,65.3,63.65,8,-0.5000000000000004,-0.8660254037844385,0.4,0.3,0.0,-2.4,14.9,24.5,991.75,133.45,33,305.6
12/08/2025,0,25.88,0.76,1,57.49,235.82,1,0,275.88,5.3895,0,0,-0.11,11.85,64.78,63.89,8,-0.5000000000000004,-0.8660254037844385,0.4,0.3,0.0,-2.4,14.9,24.71,1012.75,133.2,33,309.85
13/08/2025,0,25.92,0.76,1,57.12,235.55,1,0,273.92,5.3991,0,0,-0.11,11.79,64.85,63.7,8,-0.5000000000000004,-0.8660254037844385,0.4,0.3,0.0,-2.4,14.9,24.75,1024.0,133.77,33,308.7
14/08/2025,0,25.92,0.76,1,57.02,233.35,1,0,274.7,5.416,0,0,-0.11,11.7,64.51,63.37,8,-0.5000000000000004,-0.8660254037844385,0.4,0.3,0.0,-2.4,14.9,24.61,1007.5,133.31,33,308.9
15/08/2025,0,28.1,0.76,1,57.11,236.25,1,0,273.92,5.4009,0,0,-0.11,11.72,64.75,63.26,8,-0.5000000000000004,-0.8660254037844385,0.4,0.3,0.0,-2.4,14.9,24.89,1042.5,134.38,33,308.3
16/08/2025,0,28.28,0.76,1,57.11,236.25,1,0,273.92,5.4009,0,0,-0.11,11.72,64.75,63.26,8,-0.5000000000000004,-0.8660254037844385,0.4,0.3,0.0,-2.4,14.9,24.89,1042.5,134.38,33,308.3
17/08/2025,0,28.2,0.76,1,57.11,236.25,1,0,273.92,5.4009,0,0,-0.11,11.72,64.75,63.26,8,-0.5000000000000004,-0.8660254037844385,0.4,0.3,0.0,-2.4,14.9,24.89,1042.5,134.38,33,308.3
18/08/2025,0,28.21,0.76,1,56.52,236.73,1,0,270.41,5.4368,0,0,-0.11,11.66,65.74,63.33,8,-0.5000000000000004,-0.8660254037844385,0.4,0.3,0.0,-2.4,14.9,24.74,1041.25,134.42,34,307.05
19/08/2025,0,28.35,0.76,1,55.94,236.32,1,0,271.49,5.504,0,0,-0.11,11.6,66.25,63.83,8,-0.5000000000000004,-0.8660254037844385,0.4,0.3,0.0,-2.4,14.9,24.63,1033.75,135.51,34,307.75
20/08/2025,0,28.09,0.76,1,56.74,238.52,1,0,274.61,5.4829,0,0,-0.11,11.67,65.37,63.87,8,-0.5000000000000004,-0.8660254037844385,0.4,0.3,0.0,-2.4,14.9,24.9,1036.0,136.29,34,310.55
21/08/2025,0,27.68,0.76,1,56.71,238.65,1,0,273.32,5.471,0,0,-0.11,11.68,66.36,64.03,8,-0.5000000000000004,-0.8660254037844385,0.4,0.3,0.0,-2.4,14.9,24.97,1056.0,136.83,34,310.75
22/08/2025,0,26.08,0.76,1,57.24,239.95,1,0,269.52,5.4227,0,0,-0.11,11.81,66.16,64.05,8,-0.5000000000000004,-0.8660254037844385,0.4,0.3,0.0,-2.4,14.9,25.06,1058.5,135.95,34,310.55
23/08/2025,0,26.88,0.76,1,57.24,239.95,1,0,269.52,5.4227,0,0,-0.11,11.81,66.16,64.05,8,-0.5000000000000004,-0.8660254037844385,0.4,0.3,0.0,-2.4,14.9,25.06,1058.5,135.95,34,310.55
24/08/2025,0,27.42,0.76,1,57.24,239.95,1,0,269.52,5.4227,0,0,-0.11,11.81,66.16,64.05,8,-0.5000000000000004,-0.8660254037844385,0.4,0.3,0.0,-2.4,14.9,25.06,1058.5,135.95,34,310.55
25/08/2025,0,27.6,0.76,1,57.24,240.23,1,0,271.39,5.4121,0,0,-0.11,11.88,65.99,64.32,8,-0.5000000000000004,-0.8660254037844385,0.4,0.3,0.0,-2.4,14.9,24.85,1047.75,134.55,35,310.55
26/08/2025,0,28.24,0.76,1,57.21,242.5,1,0,271.61,5.4311,0,0,-0.11,11.84,66.12,64.34,8,-0.5000000000000004,-0.8660254037844385,0.4,0.3,0.0,-2.4,14.9,24.74,1049.5,134.47,35,310.95
26/08/2025,0,28.24,0.76,1,57.21,242.5,1,0,271.61,5.4311,0,0,-0.11,11.84,66.12,64.34,8,-0.5000000000000004,-0.8660254037844385,0.4,0.3,0.0,-2.4,14.9,24.74,1049.5,134.47,35,310.95
26/08/2025,0,28.24,0.76,1,57.21,242.5,1,0,271.61,5.4311,0,0,-0.11,11.84,66.12,64.34,8,-0.5000000000000004,-0.8660254037844385,0.4,0.3,0.0,-2.4,14.9,24.74,1049.5,134.47,35,310.95
26/08/2025,0,28.24,0.76,1,57.21,242.5,1,0,271.61,5.4311,0,0,-0.11,11.84,66.12,64.34,8,-0.5000000000000004,-0.8660254037844385,0.4,0.3,0.0,-2.4,14.9,24.74,1049.5,134.47,35,310.95
26/08/2025,0,28.24,0.76,1,57.21,242.5,1,0,271.61,5.4311,0,0,-0.11,11.84,66.12,64.34,8,-0.5000000000000004,-0.8660254037844385,0.4,0.3,0.0,-2.4,14.9,24.74,1049.5,134.47,35,310.95
26/08/2025,0,28.24,0.76,1,57.21,242.5,1,0,271.61,5.4311,0,0,-0.11,11.84,66.12,64.34,8,-0.5000000000000004,-0.8660254037844385,0.4,0.3,0.0,-2.4,14.9,24.74,1049.5,134.47,35,310.95
26/08/2025,0,28.24,0.76,1,57.21,242.5,1,0,271.61,5.4311,0,0,-0.11,11.84,66.12,64.34,8,-0.5000000000000004,-0.8660254037844385,0.4,0.3,0.0,-2.4,14.9,24.74,1049.5,134.47,35,310.95
26/08/2025,0,28.24,0.76,1,57.21,242.5,1,0,271.61,5.4311,0,0,-0.11,11.84,66.12,64.34,8,-0.5000000000000004,-0.8660254037844385,0.4,0.3,0.0,-2.4,14.9,24.74,1049.5,134.47,35,310.95
26/08/2025,0,28.24,0.76,1,57.21,242.5,1,0,271.61,5.4311,0,0,-0.11,11.84,66.12,64.34,8,-0.5000000000000004,-0.8660254037844385,0.4,0.3,0.0,-2.4,14.9,24.74,1049.5,134.47,35,310.95
26/08/2025,0,28.24,0.76,1,57.21,242.5,1,0,271.61,5.4311,0,0,-0.11,11.84,66.12,64.34,8,-0.5000000000000004,-0.8660254037844385,0.4,0.3,0.0,-2.4,14.9,24.74,1049.5,134.47,35,310.95
26/08/2025,0,28.24,0.76,1,57.21,242.5,1,0,271.61,5.4311,0,0,-0.11,11.84,66.12,64.34,8,-0.5000000000000004,-0.8660254037844385,0.4,0.3,0.0,-2.4,14.9,24.74,1049.5,134.47,35,310.95
26/08/2025,0,28.24,0.76,1,57.21,242.5,1,0,271.61,5.4311,0,0,-0.11,11.84,66.12,64.34,8,-0.5000000000000004,-0.8660254037844385,0.4,0.3,0.0,-2.4,14.9,24.74,1049.5,134.47,35,310.95
26/08/2025,0,28.24,0.76,1,57.21,242.5,1,0,271.61,5.4311,0,0,-0.11,11.84,66.12,64.34,8,-0.5000000000000004,-0.8660254037844385,0.4,0.3,0.0,-2.4,14.9,24.74,1049.5,134.47,35,310.95
26/08/2025,0,28.24,0.76,1,57.21,242.5,1,0,271.61,5.4311,0,0,-0.11,11.84,66.12,64.34,8,-0.5000000000000004,-0.8660254037844385,0.4,0.3,0.0,-2.4,14.9,24.74,1049.5,134.47,35,310.95
26/08/2025,0,28.24,0.76,1,57.21,242.5,1,0,271.61,5.4311,0,0,-0.11,11.84,66.12,64.34,8,-0.5000000000000004,-0.8660254037844385,0.4,0.3,0.0,-2.4,14.9,24.74,1049.5,134.47,35,310.95
26/08/2025,0,28.24,0.76,1,57.21,242.5,1,0,271.61,5.4311,0,0,-0.11,11.84,66.12,64.34,8,-0.5000000000000004,-0.8660254037844385,0.4,0.3,0.0,-2.4,14.9,24.74,1049.5,134.47,35,310.95
26/08/2025,0,28.24,0.76,1,57.21,242.5,1,0,271.61,5.4311,0,0,-0.11,11.84,66.12,64.34,8,-0.5000000000000004,-0.8660254037844385,0.4,0.3,0.0,-2.4,14.9,24.74,1049.5,134.47,35,310.95
26/08/2025,0,28.24,0.76,1,57.21,242.5,1,0,271.61,5.4311,0,0,-0.11,11.84,66.12,64.34,8,-0.5000000000000004,-0.8660254037844385,0.4,0.3,0.0,-2.4,14.9,24.74,1049.5,134.47,35,310.95
27/08/2025,0,28.84,0.76,1,57.43,243.25,1,0,270.12,5.4178,0,0,-0.11,11.9,65.77,64.49,8,-0.5000000000000004,-0.8660254037844385,0.4,0.3,0.0,-2.4,14.9,24.77,1047.5,134.27,35,311.35
28/08/2025,0,28.84,0.76,1,57.61,237.0,1,0,266.77,5.4129,0,0,-0.11,11.89,65.12,64.26,8,-0.5000000000000004,-0.8660254037844385,0.4,0.3,0.0,-2.4,14.9,24.88,1048.0,134.48,35,311.4
29/08/2025,0,29.31,0.76,1,57.29,241.9,1,0,266.51,5.4304,0,0,-0.11,11.86,65.49,64.29,8,-0.5000000000000004,-0.8660254037844385,0.4,0.3,0.0,-2.4,14.9,24.77,1054.5,134.25,35,310.5
30/08/2025,0,28.93,0.76,1,57.29,241.9,1,0,266.51,5.4304,0,0,-0.11,11.86,65.49,64.29,8,-0.5000000000000004,-0.8660254037844385,0.4,0.3,0.0,-2.4,14.9,24.77,1054.5,134.25,35,310.5
31/08/2025,0,29.07,0.76,1,57.29,241.9,1,0,266.51,5.4304,0,0,-0.11,11.86,65.49,64.29,8,-0.5000000000000004,-0.8660254037844385,0.4,0.3,0.0,-2.4,14.9,24.77,1054.5,134.25,35,310.5
01/09/2025,0,29.83,0.76,0,57.29,241.9,1,0,266.51,5.4304,0,0,0.48,11.86,65.49,64.29,9,-1.8369701987210297e-16,-1.0,0.4,0.3,0.0,-3.85,14.9,24.77,1054.5,134.25,36,310.5
02/09/2025,0,28.63,0.76,0,57.29,239.52,1,0,265.4,5.465,0,0,0.48,11.79,64.95,64.53,9,-1.8369701987210297e-16,-1.0,0.4,0.3,0.0,-3.85,14.9,24.55,1041.0,134.41,36,313.65
03/09/2025,0,28.23,0.76,0,57.42,238.32,1,0,269.35,5.4516,0,0,0.48,11.83,65.31,64.58,9,-1.8369701987210297e-16,-1.0,0.4,0.3,0.0,-3.85,14.9,24.74,1031.5,135.04,36,313.4
04/09/2025,0,27.95,0.76,0,57.42,236.95,1,0,267.43,5.4462,0,0,0.48,11.88,65.39,64.7,9,-1.8369701987210297e-16,-1.0,0.4,0.3,0.0,-3.85,14.9,24.81,1033.0,135.11,36,313.4
05/09/2025,0,28.3,0.76,0,57.66,235.98,1,0,261.94,5.4134,0,0,0.48,11.97,65.37,64.78,9,-1.8369701987210297e-16,-1.0,0.4,0.3,0.0,-3.85,14.9,24.89,1027.0,134.75,36,312.1
06/09/2025,0,28.9,0.76,0,57.66,235.98,1,0,261.94,5.4134,0,0,0.48,11.97,65.37,64.78,9,-1.8369701987210297e-16,-1.0,0.4,0.3,0.5,-3.85,14.9,24.89,1027.0,134.75,36,312.1
07/09/2025,0,29.48,0.76,0,57.66,235.98,1,0,261.94,5.4134,0,0,0.48,11.97,65.37,64.78,9,-1.8369701987210297e-16,-1.0,0.4,0.3,1.5,-3.85,14.9,24.89,1027.0,134.75,36,312.1
08/09/2025,0,29.43,0.76,0,57.62,235.8,1,0,262.58,5.4196,0,0,0.48,11.96,65.39,64.82,9,-1.8369701987210297e-16,-1.0,0.4,0.3,0.5,-3.85,14.9,24.98,1013.5,135.35,37,312.25
09/09/2025,0,28.83,0.76,0,57.36,230.18,1,0,261.53,5.4398,0,0,0.48,11.99,65.47,65.15,9,-1.8369701987210297e-16,-1.0,0.4,0.3,0.0,-3.85,14.9,24.97,1011.5,135.69,37,311.7
10/09/2025,0,30.17,0.76,0,57.63,231.15,1,0,259.91,5.4087,0,0,0.48,12.03,65.37,65.07,9,-1.8369701987210297e-16,-1.0,0.4,0.3,0.0,-3.85,14.9,25.03,1005.5,135.38,37,311.65
11/09/2025,0,30.49,0.76,0,57.61,232.27,1,0,262.38,5.3903,0,0,0.48,12.04,65.19,64.97,9,-1.8369701987210297e-16,-1.0,0.4,0.3,0.0,-3.85,14.9,25.1,1015.25,135.37,37,310.75
12/09/2025,0,30.33,0.76,0,57.61,229.98,1,0,262.3,5.3549,0,0,0.48,12.14,65.12,65.03,9,-1.8369701987210297e-16,-1.0,0.4,0.3,0.0,-3.85,14.9,25.21,1025.75,134.98,37,310.75
13/09/2025,0,29.14,0.76,0,57.61,229.98,1,0,262.3,5.3549,0,0,0.48,12.14,65.12,65.03,9,-1.8369701987210297e-16,-1.0,0.4,0.3,0.0,-3.85,14.9,25.21,1025.75,134.98,37,310.75
14/09/2025,0,27.93,0.76,0,57.61,229.98,1,0,262.3,5.3549,0,0,0.48,12.14,65.12,65.03,9,-1.8369701987210297e-16,-1.0,0.4,0.3,0.0,-3.85,14.9,25.21,1025.75,134.98,37,310.75
15/09/2025,0,29.01,0.76,0,57.9,234.6,1,0,258.83,5.3168,0,0,0.48,12.24,65.03,65.08,9,-1.8369701987210297e-16,-1.0,0.4,0.3,0.0,-3.85,14.9,25.41,1042.75,135.13,38,307.9
16/09/2025,0,29.8,0.76,0,57.96,233.45,1,0,259.83,5.2972,0,0,0.48,12.3,67.5,65.19,9,-1.8369701987210297e-16,-1.0,0.4,0.3,0.0,-3.85,14.9,25.32,1049.75,134.12,38,307.05
17/09/2025,0,29.9,0.76,0,57.58,231.1,1,0,262.4,5.3059,0,0,0.48,12.33,67.18,65.36,9,-1.8369701987210297e-16,-1.0,0.4,0.3,0.0,-3.85,14.9,25.38,230300.0,134.48,38,305.1
18/09/2025,0,30.85,0.76,0,57.48,232.38,1,0,260.59,5.3138,0,0,0.48,12.3,67.27,65.33,9,-1.8369701987210297e-16,-1.0,0.4,0.3,0.0,-3.85,14.9,25.27,228700.0,134.18,38,305.2
19/09/2025,0,28.45,0.76,0,57.16,233.58,1,0,261.53,5.3238,0,0,0.48,12.28,67.34,65.32,9,-1.8369701987210297e-16,-1.0,0.4,0.3,0.0,-3.85,14.9,25.13,226100.0,133.69,38,304.1
20/09/2025,0,29.15,0.76,0,57.16,233.58,1,0,261.53,5.3238,0,0,0.48,12.28,67.34,65.32,9,-1.8369701987210297e-16,-1.0,0.4,0.3,0.0,-3.85,14.9,25.13,226100.0,133.69,38,304.1
21/09/2025,0,29.61,0.76,0,57.16,233.58,1,0,261.53,5.3238,0,0,0.48,12.28,67.34,65.32,9,-1.8369701987210297e-16,-1.0,0.4,0.3,0.0,-3.85,14.9,25.13,226100.0,133.69,38,304.1
22/09/2025,0,27.63,0.76,0,57.05,237.23,1,0,261.08,5.3353,0,0,0.48,12.13,66.57,64.75,9,-1.8369701987210297e-16,-1.0,0.4,0.3,0.0,-3.85,14.9,24.76,222900.0,132.16,39,304.45
23/09/2025,0,25.23,0.76,0,57.05,235.6,1,0,261.96,5.285,0,0,0.48,12.17,66.44,64.32,9,-1.8369701987210297e-16,-1.0,0.4,0.3,0.0,-3.85,14.9,24.43,223100.0,129.13,39,304.45
24/09/2025,0,28.01,0.76,0,56.65,234.05,1,0,264.43,5.327,0,0,0.48,12.08,66.12,64.33,9,-1.8369701987210297e-16,-1.0,0.4,0.3,0.0,-3.85,14.9,24.04,222400.0,128.08,39,301.8
25/09/2025,0,29.28,0.76,0,56.26,232.05,1,0,268.73,5.368,0,0,0.48,11.99,66.52,64.36,9,-1.8369701987210297e-16,-1.0,0.4,0.3,0.0,-3.85,14.9,23.9,223200.0,128.29,39,302.0
26/09/2025,0,30.7,0.76,0,56.73,231.8,1,0,270.28,5.34,0,0,0.48,12.05,66.22,64.34,9,-1.8369701987210297e-16,-1.0,0.4,0.3,0.0,-3.85,14.9,24.2,223500.0,129.22,39,302.95
27/09/2025,0,30.4,0.76,0,56.73,231.8,1,0,270.28,5.34,0,0,0.48,12.05,66.22,64.34,9,-1.8369701987210297e-16,-1.0,0.4,0.3,0.0,-3.85,14.9,24.2,223500.0,129.22,39,302.95
28/09/2025,0,30.4,0.76,0,56.73,231.8,1,0,270.28,5.34,0,0,0.48,12.05,66.22,64.34,9,-1.8369701987210297e-16,-1.0,0.4,0.3,0.0,-3.85,14.9,24.2,223500.0,129.22,39,302.95
29/09/2025,0,30.48,0.76,0,57.15,231.32,1,0,272.24,5.318,0,0,0.48,12.1,66.11,64.36,9,-1.8369701987210297e-16,-1.0,0.4,0.3,0.0,-3.85,14.9,24.26,222800.0,129.01,40,303.95
30/09/2025,0,30.92,0.76,0,57.12,231.85,1,0,270.19,5.324,0,0,0.48,12.07,65.28,64.26,9,-1.8369701987210297e-16,-1.0,0.4,0.3,0.0,-3.85,14.9,24.21,220800.0,128.88,40,304.1
01/10/2025,0,29.63,0.76,0,57.43,231.1,0,0,265.84,5.321,0,0,0.09,12.09,65.51,64.31,10,0.5000000000000001,-0.8660254037844386,-2.5,0.4,0.0,1.97,14.9,24.2,223300.0,128.76,40,305.6
02/10/2025,0,29.96,0.76,0,57.27,230.52,0,0,265.43,5.34,0,0,0.09,12.09,65.71,64.57,10,0.5000000000000001,-0.8660254037844386,-2.5,0.4,0.0,1.97,14.9,24.4,225700.0,130.27,40,305.8
03/10/2025,0,29.8,0.76,0,57.66,231.02,0,0,264.67,5.33,0,0,0.09,12.15,65.98,64.77,10,0.5000000000000001,-0.8660254037844386,-2.5,0.4,0.0,1.97,14.9,24.64,224100.0,131.3,40,307.35
04/10/2025,0,30.11,0.76,0,57.66,231.02,0,0,264.67,5.33,0,0,0.09,12.15,65.98,64.77,10,0.5000000000000001,-0.8660254037844386,-2.5,0.4,0.0,1.97,14.9,24.64,224100.0,131.3,40,307.35
05/10/2025,0,29.7,0.76,0,57.66,231.02,0,0,264.67,5.33,0,0,0.09,12.15,65.98,64.77,10,0.5000000000000001,-0.8660254037844386,-2.5,0.4,0.0,1.97,14.9,24.64,224100.0,131.3,40,307.35
06/10/2025,0,30.63,0.76,0,57.66,231.88,0,0,262.05,5.311,0,0,0.09,12.22,66.36,64.93,10,0.5000000000000001,-0.8660254037844386,-2.5,0.4,0.0,1.97,14.9,24.75,224400.0,131.47,41,307.35
07/10/2025,0,30.73,0.76,0,57.31,233.1,0,0,263.6,5.348,0,0,0.09,12.17,66.4,65.09,10,0.5000000000000001,-0.8660254037844386,-2.5,0.4,0.0,1.97,14.9,24.55,225100.0,131.29,41,306.5
08/10/2025,0,30.68,0.76,0,57.56,233.85,0,0,264.94,5.344,0,0,0.09,12.22,66.6,65.3,10,0.5000000000000001,-0.8660254037844386,-2.5,0.4,0.0,1.97,14.9,24.68,227000.0,131.9,41,307.6
09/10/2025,0,27.27,0.76,0,57.26,235.02,0,0,268.84,5.378,0,0,0.09,12.12,67.24,65.19,10,0.5000000000000001,-0.8660254037844386,-2.5,0.4,0.0,1.97,14.9,24.53,225100.0,131.95,41,307.95
10/10/2025,0,28.16,0.76,0,57.26,238.48,0,0,271.45,5.499,0,0,0.09,11.86,67.88,65.21,10,0.5000000000000001,-0.8660254037844386,-2.5,0.4,0.0,1.97,14.9,24.13,222000.0,132.68,41,307.95
11/10/2025,0,27.88,0.76,0,57.26,238.48,0,0,271.45,5.499,0,0,0.09,11.86,67.88,65.21,10,0.5000000000000001,-0.8660254037844386,-2.5,0.4,0.0,1.97,14.9,24.13,222000.0,132.68,41,307.95
12/10/2025,0,25.12,0.76,0,57.26,238.48,0,0,271.45,5.499,0,0,0.09,11.86,67.88,65.21,10,0.5000000000000001,-0.8660254037844386,-2.5,0.4,0.5,1.97,14.9,24.13,222000.0,132.68,41,307.95
13/10/2025,0,28.51,0.76,0,56.49,240.57,0,0,271.28,5.458,0,0,0.09,11.94,67.23,65.15,10,0.5000000000000001,-0.8660254037844386,-2.5,0.4,0.0,1.97,14.9,24.45,222200.0,133.44,42,308.3
14/10/2025,0,28.63,0.76,0,56.48,241.82,0,0,267.18,5.466,0,0,0.09,11.89,67.8,64.98,10,0.5000000000000001,-0.8660254037844386,-2.5,0.4,0.0,1.97,14.9,24.38,221900.0,133.29,42,308.7
15/10/2025,0,28.17,0.76,0,56.65,242.18,0,0,268.15,5.457,0,0,0.09,11.9,67.51,64.96,10,0.5000000000000001,-0.8660254037844386,-2.5,0.4,0.0,1.97,14.9,24.41,221900.0,133.23,42,309.15
16/10/2025,0,29.61,0.76,0,56.65,243.95,0,0,262.51,5.447,0,0,0.09,11.96,67.93,65.12,10,0.5000000000000001,-0.8660254037844386,-2.5,0.4,0.0,1.97,14.9,24.41,222800.0,132.96,42,309.15
17/10/2025,0,29.98,0.76,0,57.29,240.25,0,0,267.93,5.406,0,0,0.09,12.12,68.4,65.53,10,0.5000000000000001,-0.8660254037844386,-2.5,0.4,0.0,1.97,14.9,24.71,224800.0,133.56,42,309.7
18/10/2025,0,29.44,0.76,0,57.29,240.25,0,0,267.93,5.406,0,0,0.09,12.12,68.4,65.53,10,0.5000000000000001,-0.8660254037844386,-2.5,0.4,0.0,1.97,14.9,24.71,224800.0,133.56,42,309.7
19/10/2025,0,26.59,0.76,0,57.29,240.25,0,0,267.93,5.406,0,0,0.09,12.12,68.4,65.53,10,0.5000000000000001,-0.8660254037844386,-2.5,0.4,0.0,1.97,14.9,24.71,224800.0,133.56,42,309.7
20/10/2025,0,25.18,0.76,0,57.73,241.85,0,0,267.62,5.373,0,0,0.09,12.19,68.95,65.49,10,0.5000000000000001,-0.8660254037844386,-2.5,0.4,0.0,1.97,14.9,24.75,227500.0,133.01,43,310.2
21/10/2025,0,27.04,0.76,0,57.69,243.68,0,0,268.61,5.389,0,0,0.09,12.17,68.5,65.61,10,0.5000000000000001,-0.8660254037844386,-2.5,0.4,0.0,1.97,14.9,24.67,227400.0,132.95,43,310.9
22/10/2025,0,26.5,0.76,0,57.66,239.05,0,0,267.81,5.401,0,0,0.09,12.12,68.53,65.47,10,0.5000000000000001,-0.8660254037844386,-2.5,0.4,0.0,1.97,14.9,24.67,228100.0,133.24,43,311.4
23/10/2025,0,28.26,0.76,0,57.66,239.73,0,0,268.9,5.386,0,0,0.09,12.19,67.26,65.63,10,0.5000000000000001,-0.8660254037844386,-2.5,0.4,0.0,1.97,14.9,24.78,230000.0,133.45,43,311.4
24/10/2025,0,29.39,0.76,0,58.08,233.75,0,0,269.54,5.392,0,0,0.09,12.18,67.19,65.66,10,0.5000000000000001,-0.8660254037844386,-2.5,0.4,0.0,1.97,14.9,24.75,229700.0,133.44,43,313.15
25/10/2025,0,30.01,0.76,0,58.08,233.75,0,0,269.54,5.392,0,0,0.09,12.18,67.19,65.66,10,0.5000000000000001,-0.8660254037844386,-2.5,0.4,0.0,1.97,14.9,24.75,229700.0,133.44,43,313.15
26/10/2025,0,30.07,0.76,0,58.08,233.75,0,0,269.54,5.392,0,0,0.09,12.18,67.19,65.66,10,0.5000000000000001,-0.8660254037844386,-2.5,0.4,0.0,1.97,14.9,24.75,229700.0,133.44,43,313.15
27/10/2025,0,30.06,0.76,0,58.33,228.82,0,0,271.09,5.372,0,0,0.09,12.23,67.91,65.71,10,0.5000000000000001,-0.8660254037844386,-2.5,0.4,0.0,1.97,14.9,24.9,235300.0,133.76,44,313.35
28/10/2025,0,31.02,0.76,0,58.7,227.5,0,0,266.33,5.36,0,0,0.09,12.28,67.52,65.84,10,0.5000000000000001,-0.8660254037844386,-2.5,0.4,0.0,1.97,14.9,25.07,237700.0,134.36,44,314.65
29/10/2025,0,31.37,0.76,0,59.24,231.4,0,0,261.53,5.366,0,0,0.09,12.31,68.41,66.03,10,0.5000000000000001,-0.8660254037844386,-2.5,0.4,0.0,1.97,14.9,24.87,238200.0,133.43,44,317.9
30/10/2025,0,30.85,0.76,0,59.29,235.27,0,0,262.89,5.378,0,0,0.09,12.32,67.71,66.24,10,0.5000000000000001,-0.8660254037844386,-2.5,0.4,0.0,1.97,14.9,24.89,240600.0,133.84,44,318.85
31/10/2025,0,29.54,0.76,0,59.29,236.6,0,0,265.49,5.381,0,0,0.09,12.29,68.0,66.15,10,0.5000000000000001,-0.8660254037844386,-2.5,0.4,0.0,1.97,14.9,24.82,245900.0,133.58,44,318.85
01/11/2025,0,28.77,0.76,0,59.29,236.6,0,0,265.49,5.381,0,0,0.09,12.29,68.0,66.15,11,0.8660254037844384,-0.5000000000000004,-2.5,0.4,0.0,1.43,14.9,24.82,245900.0,133.58,44,318.85
02/11/2025,0,27.92,0.76,0,59.29,236.6,0,0,265.49,5.381,0,0,0.09,12.29,68.0,66.15,11,0.8660254037844384,-0.5000000000000004,-2.5,0.4,1.5,1.43,14.9,24.82,245900.0,133.58,44,318.85
03/11/2025,0,27.15,0.76,0,59.78,232.2,0,0,264.16,5.356,0,0,0.18,12.4,68.35,66.43,11,0.8660254037844384,-0.5000000000000004,-2.5,0.4,0.0,1.43,14.9,25.03,250100.0,134.07,45,320.2
04/11/2025,0,25.91,0.76,0,59.75,227.77,0,0,267.85,5.398,0,0,0.18,12.35,68.04,66.69,11,0.8660254037844384,-0.5000000000000004,-2.5,0.4,0.0,1.43,14.9,24.91,247200.0,134.47,45,322.55
05/11/2025,0,29.01,0.76,0,60.35,220.52,0,0,268.0,5.359,0,0,0.18,12.46,68.44,66.8,11,0.8660254037844384,-0.5000000000000004,-2.5,0.4,0.0,1.43,14.9,25.04,250100.0,134.17,45,323.4
06/11/2025,0,27.89,0.76,0,60.53,218.77,0,0,271.42,5.348,0,0,0.18,12.5,68.22,66.85,11,0.8660254037844384,-0.5000000000000004,-2.5,0.4,0.0,1.43,14.9,24.98,244200.0,133.61,45,323.7
07/11/2025,0,25.5,0.76,0,60.53,221.35,0,0,276.5,5.338,0,0,0.18,12.57,67.72,67.08,11,0.8660254037844384,-0.5000000000000004,-2.5,0.4,0.0,1.43,14.9,25.05,246300.0,133.71,45,323.7
08/11/2025,0,26.8,0.76,0,60.53,221.35,0,0,276.5,5.338,0,0,0.18,12.57,67.72,67.08,11,0.8660254037844384,-0.5000000000000004,-2.5,0.4,0.0,1.43,14.9,25.05,246300.0,133.71,45,323.7
09/11/2025,0,28.31,0.76,0,60.53,221.35,0,0,276.5,5.338,0,0,0.18,12.57,67.72,67.08,11,0.8660254037844384,-0.5000000000000004,-2.5,0.4,0.0,1.43,14.9,25.05,246300.0,133.71,45,323.7
10/11/2025,0,29.18,0.76,0,60.8,228.55,0,0,277.28,5.307,0,0,0.18,12.68,67.76,67.31,11,0.8660254037844384,-0.5000000000000004,-2.5,0.4,0.0,1.43,14.9,25.25,249100.0,133.98,46,322.65
11/11/2025,0,26.55,0.76,0,61.13,227.2,0,0,278.84,5.27,0,0,0.18,12.78,67.74,67.34,11,0.8660254037844384,-0.5000000000000004,-2.5,0.4,0.0,1.43,14.9,25.42,248500.0,133.95,46,322.15
12/11/2025,0,26.67,0.76,0,60.81,225.27,0,0,279.58,5.293,0,0,0.18,12.73,67.89,67.36,11,0.8660254037844384,-0.5000000000000004,-2.5,0.4,0.0,1.43,14.9,25.3,249900.0,133.94,46,321.85
13/11/2025,0,26.73,0.76,0,60.87,219.0,0,0,283.54,5.297,0,0,0.18,12.73,67.75,67.46,11,0.8660254037844384,-0.5000000000000004,-2.5,0.4,0.0,1.43,14.9,25.36,252900.0,134.31,46,322.45
14/11/2025,0,29.52,0.76,0,60.89,219.15,0,0,285.04,5.299,0,0,0.18,12.74,67.69,67.52,11,0.8660254037844384,-0.5000000000000004,-2.5,0.4,0.0,1.43,14.9,25.39,247900.0,134.57,46,322.65
15/11/2025,0,30.2,0.76,0,60.89,219.15,0,0,285.04,5.299,0,0,0.18,12.74,67.69,67.52,11,0.8660254037844384,-0.5000000000000004,-2.5,0.4,0.0,1.43,14.9,25.39,247900.0,134.57,46,322.65
16/11/2025,0,29.58,0.76,0,60.89,219.15,0,0,285.04,5.299,0,0,0.18,12.74,67.69,67.52,11,0.8660254037844384,-0.5000000000000004,-2.5,0.4,0.0,1.43,14.9,25.39,247900.0,134.57,46,322.65
17/11/2025,0,28.9,0.76,0,60.34,221.27,0,0,279.13,5.326,0,0,0.18,12.7,67.53,67.62,11,0.8660254037844384,-0.5000000000000004,-2.5,0.4,0.0,1.43,14.9,25.33,255200.0,134.92,47,321.35
18/11/2025,0,27.11,0.76,0,60.41,220.02,0,0,279.28,5.318,0,0,0.18,12.71,71.27,67.61,11,0.8660254037844384,-0.5000000000000004,-2.5,0.4,0.0,1.43,14.9,25.47,253900.0,135.44,47,321.25
19/11/2025,0,29.02,0.76,0,60.23,216.3,0,0,272.49,5.338,0,0,0.18,12.67,70.89,67.64,11,0.8660254037844384,-0.5000000000000004,-2.5,0.4,0.0,1.43,14.9,25.45,250500.0,135.85,47,321.5
20/11/2025,0,29.95,0.76,0,60.23,214.73,0,0,272.49,5.338,0,0,0.18,12.67,70.89,67.64,11,0.8660254037844384,-0.5000000000000004,-2.5,0.4,0.0,1.43,14.9,25.45,250500.0,135.85,47,321.5
21/11/2025,0,27.51,0.76,0,59.75,214.45,0,0,273.09,5.397,0,0,0.18,12.54,71.04,67.67,11,0.8660254037844384,-0.5000000000000004,-2.5,0.4,0.0,1.43,14.9,25.08,248000.0,135.37,47,322.45
22/11/2025,0,25.32,0.76,0,59.75,214.45,0,0,273.09,5.397,0,0,0.18,12.54,71.04,67.67,11,0.8660254037844384,-0.5000000000000004,-2.5,0.4,0.0,1.43,14.9,25.08,248000.0,135.37,47,322.45
23/11/2025,0,27.31,0.76,0,59.75,214.45,0,0,273.09,5.397,0,0,0.18,12.54,71.04,67.67,11,0.8660254037844384,-0.5000000000000004,-2.5,0.4,0.0,1.43,14.9,25.08,248000.0,135.37,47,322.45
24/11/2025,0,28.12,0.76,0,59.75,207.2,0,0,275.68,5.394,0,0,0.18,12.57,71.26,67.82,11,0.8660254037844384,-0.5000000000000004,-2.5,0.4,0.0,1.43,14.9,24.95,247600.0,134.58,48,322.45
25/11/2025,0,26.99,0.76,0,59.76,207.0,0,0,276.98,5.376,0,0,0.18,12.69,71.96,68.24,11,0.8660254037844384,-0.5000000000000004,-2.5,0.4,0.0,1.43,14.9,25.24,248000.0,135.69,48,321.25
26/11/2025,0,27.9,0.76,0,60.18,211.02,0,0,280.87,5.336,0,0,0.18,12.82,72.99,68.4,11,0.8660254037844384,-0.5000000000000004,-2.5,0.4,0.0,1.43,14.9,25.44,249400.0,135.74,48,321.1
27/11/2025,0,27.69,0.76,0,60.18,211.02,0,0,280.87,5.336,0,0,0.18,12.82,72.99,68.4,11,0.8660254037844384,-0.5000000000000004,-2.5,0.4,0.0,1.43,14.9,25.44,249400.0,135.74,48,321.1
28/11/2025,0,26.6,0.76,0,60.32,215.57,0,0,281.46,5.332,0,0,0.18,12.9,73.22,68.76,11,0.8660254037844384,-0.5000000000000004,-2.5,0.4,0.0,1.43,14.9,25.52,250800.0,136.07,48,321.6
29/11/2025,0,28.44,0.76,0,60.32,215.57,0,0,281.46,5.332,0,0,0.18,12.9,73.22,68.76,11,0.8660254037844384,-0.5000000000000004,-2.5,0.4,0.0,1.43,14.9,25.52,250800.0,136.07,48,321.6
30/11/2025,0,27.16,0.76,0,60.32,215.57,0,0,281.46,5.332,0,0,0.18,12.9,73.22,68.76,11,0.8660254037844384,-0.5000000000000004,-2.5,0.4,0.0,1.43,14.9,25.52,250800.0,136.07,48,321.6
01/12/2025,0,26.66,0.26,1,60.32,214.2,0,0,278.99,5.359,0,0,0.18,12.88,74.2,69.04,12,1.0,-2.4492935982947064e-16,-2.5,0.4,0.0,-0.0,14.9,25.26,248700.0,135.39,49,321.6
02/12/2025,0,26.13,0.26,1,60.34,218.48,0,0,277.49,5.332,0,0,0.18,13.04,76.47,69.54,12,1.0,-2.4492935982947064e-16,-2.5,0.4,0.0,-0.0,14.9,25.51,248000.0,136.04,49,321.75
03/12/2025,0,27.8,0.26,1,60.47,218.95,0,0,274.34,5.312,0,0,0.18,13.16,75.0,69.91,12,1.0,-2.4492935982947064e-16,-2.5,0.4,0.0,-0.0,14.9,25.57,246000.0,135.82,49,321.2
04/12/2025,0,25.1,0.26,1,60.66,221.45,0,0,273.19,5.309,0,0,0.18,13.18,74.4,69.97,12,1.0,-2.4492935982947064e-16,-2.5,0.4,0.0,-0.0,14.9,25.47,246803.0,135.21,49,322.05
05/12/2025,0,24.81,0.26,1,59.04,227.15,0,0,270.87,5.456,0,0,0.18,12.89,74.23,70.3,12,1.0,-2.4492935982947064e-16,-2.5,0.4,0.0,-0.0,14.9,24.83,243662.0,135.45,49,322.1
06/12/2025,0,25.19,0.26,1,59.04,227.15,0,0,270.87,5.456,0,0,0.18,12.89,74.23,70.3,12,1.0,-2.4492935982947064e-16,-2.5,0.4,0.0,-0.0,14.9,24.83,243662.0,135.45,49,322.1
07/12/2025,0,24.79,0.26,1,59.04,227.15,0,0,270.87,5.456,0,0,0.18,12.89,74.23,70.3,12,1.0,-2.4492935982947064e-16,-2.5,0.4,0.0,-0.0,14.9,24.83,243662.0,135.45,49,322.1
08/12/2025,0,24.33,0.26,1,59.04,227.32,0,0,270.42,5.424,0,0,0.18,12.93,74.5,70.15,12,1.0,-2.4492935982947064e-16,-2.5,0.4,0.0,-0.0,14.9,25.01,241127.0,135.64,50,322.1
09/12/2025,0,26.29,0.26,1,59.29,226.82,0,0,270.12,5.439,0,0,0.18,12.87,74.47,69.99,12,1.0,-2.4492935982947064e-16,-2.5,0.4,0.0,-0.0,14.9,24.91,239694.0,135.46,50,322.5
10/12/2025,0,25.77,0.26,1,58.58,226.8,0,0,266.33,5.478,0,0,0.18,12.74,73.03,69.76,12,1.0,-2.4492935982947064e-16,-2.5,0.4,0.0,-0.0,14.9,24.76,240575.0,135.63,50,320.9
11/12/2025,0,27.62,0.26,1,58.58,230.38,0,0,272.4,5.401,0,0,0.18,12.89,72.27,69.62,12,1.0,-2.4492935982947064e-16,-2.5,0.4,0.0,-0.0,14.9,25.15,241071.0,135.83,50,320.9
12/12/2025,0,27.76,0.26,1,59.26,229.8,0,0,273.55,5.413,0,0,0.18,12.83,71.91,69.46,12,1.0,-2.4492935982947064e-16,-2.5,0.4,0.0,-0.0,14.9,25.02,237379.0,135.41,50,320.8
13/12/2025,0,27.25,0.26,1,59.26,229.8,0,0,273.55,5.413,0,0,0.18,12.83,71.91,69.46,12,1.0,-2.4492935982947064e-16,-2.5,0.4,0.0,-0.0,14.9,25.02,237379.0,135.41,50,320.8
14/12/2025,0,28.88,0.26,1,59.26,229.8,0,0,273.55,5.413,0,0,0.18,12.83,71.91,69.46,12,1.0,-2.4492935982947064e-16,-2.5,0.4,0.0,-0.0,14.9,25.02,237379.0,135.41,50,320.8
15/12/2025,0,26.1,0.26,1,59.23,230.82,0,0,272.18,5.422,0,0,0.18,12.86,71.59,69.71,12,1.0,-2.4492935982947064e-16,-2.5,0.4,0.0,-0.0,14.9,24.83,236276.0,134.62,51,321.15
16/12/2025,0,27.03,0.26,1,58.41,231.15,0,0,272.95,5.466,0,0,0.18,12.73,71.81,69.56,12,1.0,-2.4492935982947064e-16,-2.5,0.4,0.0,-0.0,14.9,24.62,234292.0,134.55,51,319.25
17/12/2025,0,26.62,0.26,1,57.81,230.3,0,0,273.74,5.522,0,0,0.18,12.53,71.89,69.19,12,1.0,-2.4492935982947064e-16,-2.5,0.4,0.0,-0.0,14.9,24.61,233300.0,135.88,51,319.2
18/12/2025,0,25.36,0.26,1,57.6,228.43,0,0,266.03,5.521,0,0,0.18,12.55,71.13,69.27,12,1.0,-2.4492935982947064e-16,-2.5,0.4,0.0,-0.0,14.9,24.68,231978.0,136.24,51,318.0
19/12/2025,0,26.05,0.26,1,57.6,230.4,0,0,269.09,5.529,0,0,0.18,12.56,70.98,69.42,12,1.0,-2.4492935982947064e-16,-2.5,0.4,0.0,-0.0,14.9,24.62,231316.0,136.1,51,318.0
20/12/2025,0,25.06,0.26,1,57.6,230.4,0,0,269.09,5.529,0,0,0.18,12.56,70.98,69.42,12,1.0,-2.4492935982947064e-16,-2.5,0.4,0.0,-0.0,14.9,24.62,231316.0,136.1,51,318.0
21/12/2025,0,25.6,0.26,1,57.6,230.4,0,0,269.09,5.529,0,0,0.18,12.56,70.98,69.42,12,1.0,-2.4492935982947064e-16,-2.5,0.4,0.0,-0.0,14.9,24.62,231316.0,136.1,51,318.0
22/12/2025,0,26.88,0.26,1,56.94,230.73,0,0,273.2,5.582,0,0,0.18,12.45,70.99,69.47,12,1.0,-2.4492935982947064e-16,-2.5,0.4,0.0,-0.0,14.9,24.39,232198.0,136.16,52,317.85
23/12/2025,0,26.22,0.26,1,57.69,228.82,0,0,275.53,5.538,0,0,0.18,12.55,70.81,69.5,12,1.0,-2.4492935982947064e-16,-2.5,0.4,0.0,-0.0,14.9,24.59,231812.0,136.2,52,319.5
24/12/2025,0,27.01,0.26,1,57.69,228.7,0,0,276.38,5.538,0,0,0.18,12.55,70.81,69.5,12,1.0,-2.4492935982947064e-16,-2.5,0.4,1.5,-0.0,14.9,24.59,231812.0,136.2,52,319.5
25/12/2025,0,25.12,0.26,1,57.69,228.7,0,0,276.38,5.538,0,0,0.18,12.55,70.81,69.5,12,1.0,-2.4492935982947064e-16,-2.5,0.4,1.5,-0.0,14.9,24.59,231812.0,136.2,52,319.5
26/12/2025,0,27.27,0.26,1,57.69,229.82,0,0,276.73,5.544,0,0,0.18,12.53,70.08,69.48,12,1.0,-2.4492935982947064e-16,-2.5,0.4,1.5,-0.0,14.9,24.57,233410.0,136.23,52,319.5
27/12/2025,0,29.9,0.26,1,57.69,229.82,0,0,276.73,5.544,0,0,0.18,12.53,70.08,69.48,12,1.0,-2.4492935982947064e-16,-2.5,0.4,0.0,-0.0,14.9,24.57,233410.0,136.23,52,319.5
28/12/2025,0,30.06,0.26,1,57.69,229.82,0,0,276.73,5.544,0,0,0.18,12.53,70.08,69.48,12,1.0,-2.4492935982947064e-16,-2.5,0.4,0.0,-0.0,14.9,24.57,233410.0,136.23,52,319.5
29/12/2025,0,28.14,0.26,1,57.0,228.9,0,0,278.42,5.579,0,0,0.18,12.45,70.28,69.46,12,1.0,-2.4492935982947064e-16,-2.5,0.4,0.0,-0.0,14.9,24.41,231371.0,136.21,1,318.0
30/12/2025,0,27.66,0.26,1,58.16,231.18,0,0,275.83,5.488,0,0,0.18,12.66,70.25,69.5,12,1.0,-2.4492935982947064e-16,-2.5,0.4,1.5,-0.0,14.9,24.71,234182.0,135.6,1,319.2
31/12/2025,0,26.9,0.26,1,58.16,232.0,0,0,273.08,5.488,0,0,0.18,12.66,70.25,69.5,12,1.0,-2.4492935982947064e-16,-2.5,0.4,1.5,-0.0,14.9,24.71,234182.0,135.6,1,319.2
