data,ipca,scpdsi,pib_agro,boi_futuro,milho_real,selic,week,pib_brasil,milho_futuro,soja_real,soja_dolar,boi_dolar,cme,month,soja_futuro,dolar,month_cos,el nino_encoded,aspecto_PLANEJAMENTO,milho_dolar,month_sin,CovidPeriodFlag,Taxa_EUA,TEMPERATURA,sazonal_carne_weight,ciclo_PICO_NASCIMENTOS,ferias_verao_flag,ciclo_MENOR_TX_NASC,boi_negociado
02/01/2020,0.21,0.44,2.0,125.78,48.43,4.4,1,-0.7,49.11,82.92,20.61,47.96,201.85,1,956.25,4.026,0.8660254037844387,0,1,12.04,0.49999999999999994,0,0.26,28.33,0.5,1,1,0,192.95
03/01/2020,0.21,0.44,2.0,124.72,48.91,4.4,1,-0.7,48.92,83.01,20.48,48.53,204.55,1,941.5,4.0669,0.8660254037844387,0,1,12.07,0.49999999999999994,0,0.26,26.0,0.5,1,1,0,196.7
04/01/2020,0.21,0.44,2.0,124.72,48.91,4.4,1,-0.7,48.92,83.01,20.48,48.53,204.55,1,941.5,4.0669,0.8660254037844387,0,1,12.07,0.49999999999999994,0,0.26,25.95,0.5,1,1,0,196.7
05/01/2020,0.21,0.44,2.0,124.72,48.91,4.4,1,-0.7,48.92,83.01,20.48,48.53,204.55,1,941.5,4.0669,0.8660254037844387,0,1,12.07,0.49999999999999994,0,0.26,28.1,0.5,1,1,0,196.7
06/01/2020,0.21,0.44,2.0,127.28,48.99,4.4,2,-0.7,49.57,82.83,20.35,48.24,205.39,1,944.75,4.0616,0.8660254037844387,0,1,12.03,0.49999999999999994,0,0.26,27.04,0.5,1,1,0,196.4
07/01/2020,0.21,0.44,2.0,126.53,49.31,4.4,2,-0.7,50.21,82.81,20.4,48.42,204.99,1,944.0,4.0676,0.8660254037844387,0,1,12.15,0.49999999999999994,0,0.26,27.0,0.5,1,1,0,196.6
08/01/2020,0.21,0.44,2.0,126.35,50.26,4.4,2,-0.7,50.19,82.95,20.49,48.58,206.1,1,947.25,4.0647,0.8660254037844387,0,1,12.41,0.49999999999999994,0,0.26,30.2,0.5,1,1,0,196.7
09/01/2020,0.21,0.44,2.0,126.72,51.5,4.4,2,-0.7,50.86,82.83,20.27,48.56,208.47,1,943.5,4.0925,0.8660254037844387,0,1,12.6,0.49999999999999994,0,0.26,30.83,0.5,1,1,0,198.45
10/01/2020,0.21,0.44,2.0,127.42,51.56,4.4,2,-0.7,51.4,82.83,20.3,48.09,205.09,1,946.0,4.096,0.8660254037844387,0,1,12.64,0.49999999999999994,0,0.26,33.02,0.5,1,1,0,196.25
11/01/2020,0.21,0.44,2.0,127.42,51.56,4.4,2,-0.7,51.4,82.83,20.3,48.09,205.09,1,946.0,4.096,0.8660254037844387,0,1,12.64,0.49999999999999994,0,0.26,29.48,0.5,1,1,0,196.25
12/01/2020,0.21,0.44,2.0,127.42,51.56,4.4,2,-0.7,51.4,82.83,20.3,48.09,205.09,1,946.0,4.096,0.8660254037844387,0,1,12.64,0.49999999999999994,0,0.26,31.47,0.5,1,1,0,196.25
13/01/2020,0.21,0.44,2.0,126.55,51.48,4.4,3,-0.7,51.6,83.59,20.2,47.45,204.14,1,942.25,4.1466,0.8660254037844387,0,1,12.44,0.49999999999999994,0,0.26,26.76,0.5,1,1,0,196.3
14/01/2020,0.21,0.44,2.0,126.85,51.7,4.4,3,-0.7,51.92,83.78,20.29,46.97,203.56,1,942.25,4.1326,0.8660254037844387,0,1,12.52,0.49999999999999994,0,0.26,33.92,0.5,1,1,0,193.95
15/01/2020,0.21,0.44,2.0,126.6,52.2,4.4,3,-0.7,51.79,83.72,20.04,46.5,205.01,1,942.0,4.1753,0.8660254037844387,0,1,12.5,0.49999999999999994,0,0.26,34.2,0.5,1,1,0,194.25
16/01/2020,0.21,0.44,2.0,126.12,51.99,4.4,3,-0.7,52.07,83.17,19.83,45.82,207.15,1,937.25,4.1847,0.8660254037844387,0,1,12.4,0.49999999999999994,0,0.26,33.5,0.5,1,1,0,192.15
17/01/2020,0.21,0.44,2.0,126.35,51.77,4.4,3,-0.7,51.95,83.66,20.1,46.26,206.86,1,943.0,4.1616,0.8660254037844387,0,1,12.44,0.49999999999999994,0,0.26,27.1,0.5,1,1,0,192.5
18/01/2020,0.21,0.44,2.0,126.35,51.77,4.4,3,-0.7,51.95,83.66,20.1,46.26,206.86,1,943.0,4.1616,0.8660254037844387,0,1,12.44,0.49999999999999994,0,0.26,33.68,0.5,1,1,0,192.5
19/01/2020,0.21,0.44,2.0,126.35,51.77,4.4,3,-0.7,51.95,83.66,20.1,46.26,206.86,1,943.0,4.1616,0.8660254037844387,0,1,12.44,0.49999999999999994,0,0.26,31.33,0.5,1,1,0,192.5
20/01/2020,0.21,0.44,2.0,126.35,51.77,4.4,4,-0.7,51.95,83.66,20.1,46.26,206.86,1,943.0,4.1616,0.8660254037844387,0,1,12.44,0.49999999999999994,0,0.26,29.58,0.5,1,1,0,192.5
21/01/2020,0.21,0.44,2.0,126.38,51.66,4.4,4,-0.7,51.7,83.22,19.82,45.38,206.86,1,929.75,4.2123,0.8660254037844387,0,1,12.3,0.49999999999999994,0,0.26,31.2,0.5,1,1,0,190.6
22/01/2020,0.21,0.44,2.0,126.17,51.74,4.4,4,-0.7,52.05,83.13,19.9,46.46,207.48,1,927.5,4.1826,0.8660254037844387,0,1,12.39,0.49999999999999994,0,0.26,27.15,0.5,1,1,0,194.05
23/01/2020,0.21,0.44,2.0,124.67,51.49,4.4,4,-0.7,52.39,82.26,19.75,45.91,208.24,1,923.25,4.1703,0.8660254037844387,0,1,12.36,0.49999999999999994,0,0.26,27.33,0.5,1,1,0,191.2
24/01/2020,0.21,0.44,2.0,124.85,51.42,4.4,4,-0.7,51.93,82.04,19.6,44.67,209.24,1,915.75,4.1814,0.8660254037844387,0,1,12.28,0.49999999999999994,0,0.26,27.76,0.5,1,1,0,187.0
25/01/2020,0.21,0.44,2.0,124.85,51.42,4.4,4,-0.7,51.93,82.04,19.6,44.67,209.24,1,915.75,4.1814,0.8660254037844387,0,1,12.28,0.49999999999999994,0,0.26,27.77,0.5,1,1,0,187.0
26/01/2020,0.21,0.44,2.0,124.85,51.42,4.4,4,-0.7,51.93,82.04,19.6,44.67,209.24,1,915.75,4.1814,0.8660254037844387,0,1,12.28,0.49999999999999994,0,0.26,28.53,0.5,1,1,0,187.0
27/01/2020,0.21,0.44,2.0,122.25,51.77,4.4,5,-0.7,51.62,81.3,19.33,45.35,212.99,1,911.0,4.2074,0.8660254037844387,0,1,12.31,0.49999999999999994,0,0.26,29.09,0.5,1,1,0,190.7
28/01/2020,0.21,0.44,2.0,122.15,51.91,4.4,5,-0.7,51.49,81.09,19.34,45.23,213.21,1,909.0,4.1943,0.8660254037844387,0,1,12.38,0.49999999999999994,0,0.26,28.88,0.5,1,1,0,189.7
29/01/2020,0.21,0.44,2.0,121.75,51.54,4.4,5,-0.7,50.71,81.22,19.24,44.08,213.58,1,907.0,4.2303,0.8660254037844387,0,1,12.21,0.49999999999999994,0,0.26,28.38,0.5,1,1,0,186.1
30/01/2020,0.21,0.44,2.0,121.78,51.28,4.4,5,-0.7,49.56,81.13,19.04,44.85,218.78,1,890.5,4.243,0.8660254037844387,0,1,12.03,0.49999999999999994,0,0.26,32.0,0.5,1,1,0,191.1
31/01/2020,0.21,0.44,2.0,121.38,51.16,4.4,5,-0.7,48.99,80.36,18.76,44.55,217.11,1,886.75,4.282,0.8660254037844387,0,1,11.94,0.49999999999999994,0,0.26,31.93,0.5,1,1,0,190.8
01/02/2020,0.21,1.88,2.0,121.38,51.16,4.4,5,-0.7,48.99,80.36,18.76,44.55,217.11,2,886.75,4.282,0.5000000000000001,0,0,11.94,0.8660254037844386,0,0.26,32.84,0.0,1,0,0,190.8
02/02/2020,0.21,1.88,2.0,121.38,51.16,4.4,5,-0.7,48.99,80.36,18.76,44.55,217.11,2,886.75,4.282,0.5000000000000001,0,0,11.94,0.8660254037844386,0,0.26,34.04,0.0,1,0,0,190.8
03/02/2020,0.25,1.88,2.0,121.67,50.86,4.4,6,-0.7,48.19,79.53,18.72,46.18,214.57,2,890.75,4.2476,0.5000000000000001,0,0,11.97,0.8660254037844386,0,0.26,30.44,0.0,1,0,0,196.2
04/02/2020,0.25,1.88,2.0,121.62,50.07,4.4,6,-0.7,48.34,79.75,18.73,45.44,215.54,2,893.0,4.2545,0.5000000000000001,0,0,11.76,0.8660254037844386,0,0.26,27.36,0.0,1,0,0,193.45
05/02/2020,0.25,1.88,2.0,120.75,50.17,4.4,6,-0.7,48.83,80.05,18.86,45.44,213.43,2,893.5,4.2353,0.5000000000000001,0,0,11.82,0.8660254037844386,0,0.26,27.82,0.0,1,0,0,192.85
06/02/2020,0.25,1.88,2.0,121.12,50.13,4.15,6,-0.7,49.16,80.07,18.72,45.48,212.63,2,894.75,4.2822,0.5000000000000001,0,0,11.72,0.8660254037844386,0,0.26,26.89,0.0,1,0,0,194.5
07/02/2020,0.25,1.88,2.0,121.33,50.71,4.15,6,-0.7,49.38,80.73,18.69,45.24,213.2,2,895.0,4.3203,0.5000000000000001,0,0,11.74,0.8660254037844386,0,0.26,25.36,0.0,1,0,0,195.4
08/02/2020,0.25,1.88,2.0,121.33,50.71,4.15,6,-0.7,49.38,80.73,18.69,45.24,213.2,2,895.0,4.3203,0.5000000000000001,0,0,11.74,0.8660254037844386,0,0.26,24.8,0.0,1,0,0,195.4
09/02/2020,0.25,1.88,2.0,121.33,50.71,4.15,6,-0.7,49.38,80.73,18.69,45.24,213.2,2,895.0,4.3203,0.5000000000000001,0,0,11.74,0.8660254037844386,0,0.26,25.2,0.0,1,0,0,195.4
10/02/2020,0.25,1.88,2.0,120.3,50.88,4.15,7,-0.7,49.57,81.15,18.75,45.23,213.37,2,897.25,4.3248,0.5000000000000001,0,0,11.76,0.8660254037844386,0,0.26,29.58,0.0,1,0,0,195.7
11/02/2020,0.25,1.88,2.0,119.08,51.11,4.15,7,-0.7,49.06,81.05,18.74,44.88,211.65,2,897.25,4.3316,0.5000000000000001,0,0,11.81,0.8660254037844386,0,0.26,33.7,0.0,1,0,0,194.15
12/02/2020,0.25,1.88,2.0,118.95,51.63,4.15,7,-0.7,49.93,81.5,18.75,45.45,207.64,2,903.5,4.3548,0.5000000000000001,0,0,11.88,0.8660254037844386,0,0.26,24.45,0.0,1,0,0,197.55
13/02/2020,0.25,1.88,2.0,119.45,51.8,4.15,7,-0.7,51.29,82.01,18.88,45.02,208.31,2,906.0,4.3498,0.5000000000000001,0,0,11.92,0.8660254037844386,0,0.26,31.18,0.0,1,0,0,195.55
14/02/2020,0.25,1.88,2.0,120.83,52.13,4.15,7,-0.7,51.74,81.64,18.99,45.71,213.13,2,903.25,4.2974,0.5000000000000001,0,0,12.12,0.8660254037844386,0,0.26,34.13,0.0,1,0,0,196.55
15/02/2020,0.25,1.88,2.0,120.83,52.13,4.15,7,-0.7,51.74,81.64,18.99,45.71,213.13,2,903.25,4.2974,0.5000000000000001,0,0,12.12,0.8660254037844386,0,0.26,33.56,0.0,1,0,0,196.55
16/02/2020,0.25,1.88,2.0,120.83,52.13,4.15,7,-0.7,51.74,81.64,18.99,45.71,213.13,2,903.25,4.2974,0.5000000000000001,0,0,12.12,0.8660254037844386,0,0.26,30.66,0.0,1,0,0,196.55
17/02/2020,0.25,1.88,2.0,120.83,52.13,4.15,8,-0.7,51.74,81.64,18.99,45.71,213.13,2,903.25,4.2974,0.5000000000000001,0,0,12.12,0.8660254037844386,0,0.26,27.5,0.0,1,0,0,196.55
18/02/2020,0.25,1.88,2.0,121.42,52.25,4.15,8,-0.7,52.58,81.65,18.74,45.22,213.37,2,902.25,4.3557,0.5000000000000001,0,0,11.99,0.8660254037844386,0,0.26,30.07,0.0,1,0,0,197.05
19/02/2020,0.25,1.88,2.0,121.3,52.42,4.15,8,-0.7,52.13,82.4,18.86,44.2,207.5,2,905.5,4.3649,0.5000000000000001,0,0,12.0,0.8660254037844386,0,0.26,29.29,0.0,1,0,0,193.1
20/02/2020,0.25,1.88,2.0,120.1,52.27,4.15,8,-0.7,51.85,82.72,18.86,46.25,209.0,2,901.0,4.3933,0.5000000000000001,0,0,11.92,0.8660254037844386,0,0.26,29.0,0.0,1,0,0,202.85
21/02/2020,0.25,1.88,2.0,119.72,52.32,4.15,8,-0.7,51.87,82.82,18.87,45.19,208.83,2,899.0,4.3895,0.5000000000000001,0,0,11.92,0.8660254037844386,0,0.26,29.2,0.5,1,0,0,198.4
22/02/2020,0.25,1.88,2.0,119.72,52.32,4.15,8,-0.7,51.87,82.82,18.87,45.19,208.83,2,899.0,4.3895,0.5000000000000001,0,0,11.92,0.8660254037844386,0,0.26,28.62,0.5,1,0,0,198.4
23/02/2020,0.25,1.88,2.0,119.72,52.32,4.15,8,-0.7,51.87,82.82,18.87,45.19,208.83,2,899.0,4.3895,0.5000000000000001,0,0,11.92,0.8660254037844386,0,0.26,30.46,0.5,1,0,0,198.4
24/02/2020,0.25,1.88,2.0,117.0,52.32,4.15,9,-0.7,51.87,82.82,18.87,45.19,208.83,2,882.5,4.3878,0.5000000000000001,0,0,11.92,0.8660254037844386,0,0.26,28.61,0.5,1,0,0,198.4
25/02/2020,0.25,1.88,2.0,115.03,52.32,4.15,9,-0.7,51.87,82.82,18.87,45.19,208.83,2,888.25,4.3878,0.5000000000000001,0,0,11.92,0.8660254037844386,0,0.26,32.06,1.5,1,0,0,198.4
26/02/2020,0.25,1.88,2.0,114.08,52.87,4.15,9,-0.7,52.26,82.42,18.57,45.69,220.18,2,892.0,4.4502,0.5000000000000001,0,0,11.91,0.8660254037844386,0,0.26,28.0,0.0,1,0,0,202.8
27/02/2020,0.25,1.88,2.0,112.62,53.3,4.15,9,-0.7,53.16,82.68,18.5,45.2,210.39,2,895.0,4.4861,0.5000000000000001,0,0,11.92,0.8660254037844386,0,0.26,31.82,0.0,1,0,0,202.05
28/02/2020,0.25,1.88,2.0,112.7,53.25,4.15,9,-0.7,53.43,82.91,18.46,44.91,198.82,2,892.75,4.4733,0.5000000000000001,0,0,11.85,0.8660254037844386,0,0.26,28.23,0.0,1,0,0,201.75
29/02/2020,0.25,1.88,2.0,112.7,53.25,4.15,9,-0.7,53.43,82.91,18.46,44.91,198.82,2,892.75,4.4733,0.5000000000000001,0,0,11.85,0.8660254037844386,0,0.26,27.51,0.0,1,0,0,201.75
01/03/2020,0.25,1.33,2.0,112.7,53.25,4.15,9,-0.7,53.43,82.91,18.46,44.91,198.82,3,892.75,4.4733,6.123233995736766e-17,0,0,11.85,1.0,0,0.26,28.57,0.0,1,0,0,201.75
02/03/2020,0.07,1.33,2.0,110.15,53.55,4.15,10,-0.7,54.24,83.91,18.71,45.52,209.4,3,901.0,4.474,6.123233995736766e-17,0,0,11.94,1.0,0,0.26,28.18,0.0,1,0,0,204.15
03/03/2020,0.07,1.33,2.0,110.1,53.81,4.15,10,-0.7,54.95,84.11,18.65,44.81,216.07,3,903.5,4.5144,6.123233995736766e-17,0,0,11.93,1.0,0,0.26,29.41,0.0,1,0,0,202.1
04/03/2020,0.07,1.33,2.0,111.28,54.18,4.15,10,-0.7,55.25,85.43,18.66,44.12,223.63,3,907.25,4.5847,6.123233995736766e-17,0,0,11.83,1.0,0,0.26,28.33,0.0,1,0,0,202.0
05/03/2020,0.07,1.33,2.0,108.65,54.69,4.15,10,-0.7,55.26,86.3,18.57,43.29,221.82,3,897.0,4.6073,6.123233995736766e-17,0,0,11.77,1.0,0,0.26,29.12,0.0,1,0,0,201.2
06/03/2020,0.07,1.33,2.0,105.75,55.3,4.15,10,-0.7,55.59,86.32,18.65,43.91,216.26,3,891.25,4.6269,6.123233995736766e-17,0,0,11.95,1.0,0,0.26,26.71,0.0,1,0,0,203.25
07/03/2020,0.07,1.33,2.0,105.75,55.3,4.15,10,-0.7,55.59,86.32,18.65,43.91,216.26,3,891.25,4.6269,6.123233995736766e-17,0,0,11.95,1.0,0,0.26,26.44,0.0,1,0,0,203.25
08/03/2020,0.07,1.33,2.0,105.75,55.3,4.15,10,-0.7,55.59,86.32,18.65,43.91,216.26,3,891.25,4.6269,6.123233995736766e-17,0,0,11.95,1.0,0,0.26,29.02,0.0,1,0,0,203.25
09/03/2020,0.07,1.33,2.0,102.85,55.55,4.15,11,-0.7,56.04,85.94,18.11,42.02,204.91,3,870.0,4.7231,6.123233995736766e-17,0,0,11.71,1.0,0,0.26,28.28,0.0,1,0,0,199.4
10/03/2020,0.07,1.33,2.0,105.45,55.83,4.15,11,-0.7,56.19,85.71,18.46,43.65,207.01,3,876.25,4.6425,6.123233995736766e-17,0,0,12.02,1.0,0,0.26,29.16,0.0,1,0,0,202.7
11/03/2020,0.07,1.33,2.0,103.08,56.77,4.15,11,-0.7,56.74,85.92,18.15,42.93,194.68,3,873.25,4.8136,6.123233995736766e-17,0,0,11.99,1.0,1,0.26,29.29,0.0,1,0,0,203.25
12/03/2020,0.07,1.33,2.0,100.08,57.59,4.15,11,-0.7,57.5,86.62,17.98,42.41,172.31,3,859.5,4.791,6.123233995736766e-17,0,0,11.95,1.0,1,0.26,27.62,0.0,1,0,0,204.35
13/03/2020,0.07,1.33,2.0,95.58,57.58,4.15,11,-0.7,57.75,85.89,17.7,42.19,182.01,3,848.75,4.858,6.123233995736766e-17,0,0,11.87,1.0,1,0.26,30.5,0.0,1,0,0,204.7
14/03/2020,0.07,1.33,2.0,95.58,57.58,4.15,11,-0.7,57.75,85.89,17.7,42.19,182.01,3,848.75,4.858,6.123233995736766e-17,0,0,11.87,1.0,1,0.26,30.4,0.0,1,0,0,204.7
15/03/2020,0.07,1.33,2.0,95.58,57.58,4.15,11,-0.7,57.75,85.89,17.7,42.19,182.01,3,848.75,4.858,6.123233995736766e-17,0,0,11.87,1.0,1,0.26,28.18,0.0,1,0,0,204.7
16/03/2020,0.07,1.33,2.0,91.85,58.16,4.15,12,-0.7,49.37,86.32,17.16,42.19,148.54,3,830.5,5.0002,6.123233995736766e-17,0,0,11.56,1.0,1,0.26,28.08,0.0,1,0,0,204.7
17/03/2020,0.07,1.33,2.0,96.35,58.41,4.15,12,-0.7,47.61,87.69,17.54,39.87,166.02,3,831.0,5.0084,6.123233995736766e-17,0,0,11.68,1.0,1,0.26,31.26,0.0,1,0,0,199.4
18/03/2020,0.07,1.33,2.0,92.1,57.75,4.15,12,-0.7,49.41,87.71,16.78,35.85,142.97,3,832.75,5.1064,6.123233995736766e-17,0,0,11.05,1.0,1,0.26,31.43,0.0,1,0,0,187.4
19/03/2020,0.07,1.33,2.0,95.1,58.27,3.65,12,-0.7,49.07,89.82,17.61,37.12,155.22,3,848.0,5.0957,6.123233995736766e-17,0,0,11.43,1.0,1,0.26,31.9,0.0,1,0,0,189.25
20/03/2020,0.07,1.33,2.0,98.65,59.04,3.65,12,-0.7,49.09,90.16,17.86,39.19,158.41,3,864.75,5.0627,6.123233995736766e-17,0,0,11.69,1.0,1,0.26,28.93,0.0,1,0,0,197.85
21/03/2020,0.07,1.33,2.0,98.65,59.04,3.65,12,-0.7,49.09,90.16,17.86,39.19,158.41,3,864.75,5.0627,6.123233995736766e-17,0,0,11.69,1.0,1,0.26,28.51,0.0,1,0,0,197.85
22/03/2020,0.07,1.33,2.0,98.65,59.04,3.65,12,-0.7,49.09,90.16,17.86,39.19,158.41,3,864.75,5.0627,6.123233995736766e-17,0,0,11.69,1.0,1,0.26,27.84,0.0,1,0,0,197.85
23/03/2020,0.07,1.33,2.0,101.65,58.62,3.65,13,-0.7,48.84,90.63,17.64,38.85,139.54,3,885.5,5.1444,6.123233995736766e-17,0,0,11.41,1.0,1,0.26,30.6,0.0,1,0,0,199.65
24/03/2020,0.07,1.33,2.0,106.15,59.55,3.65,13,-0.7,48.69,90.79,17.83,38.31,152.26,3,887.5,5.0983,6.123233995736766e-17,0,0,11.69,1.0,1,0.26,27.6,0.0,1,0,0,195.05
25/03/2020,0.07,1.33,2.0,108.45,59.49,3.65,13,-0.7,48.95,91.26,18.21,39.8,156.33,3,884.75,5.0353,6.123233995736766e-17,0,0,11.87,1.0,1,0.26,28.22,0.0,1,0,0,199.5
26/03/2020,0.07,1.33,2.0,105.45,59.21,3.65,13,-0.7,49.29,92.15,18.42,40.34,174.84,3,884.75,5.0212,6.123233995736766e-17,0,0,11.83,1.0,1,0.26,28.38,0.0,1,0,0,201.85
27/03/2020,0.07,1.33,2.0,100.95,59.5,3.65,13,-0.7,47.89,91.59,18.11,39.64,171.34,3,885.25,5.0997,6.123233995736766e-17,0,0,11.76,1.0,1,0.26,29.96,0.0,1,0,0,200.5
28/03/2020,0.07,1.33,2.0,100.95,59.5,3.65,13,-0.7,47.89,91.59,18.11,39.64,171.34,3,885.25,5.0997,6.123233995736766e-17,0,0,11.76,1.0,1,0.26,29.58,0.0,1,0,0,200.5
29/03/2020,0.07,1.33,2.0,100.95,59.5,3.65,13,-0.7,47.89,91.59,18.11,39.64,171.34,3,885.25,5.0997,6.123233995736766e-17,0,0,11.76,1.0,1,0.26,30.95,0.0,1,0,0,200.5
30/03/2020,0.07,1.33,2.0,99.2,60.08,3.65,14,-0.7,49.44,92.93,17.96,39.13,173.99,3,886.5,5.1936,6.123233995736766e-17,0,0,11.61,1.0,1,0.26,32.51,0.0,1,0,0,202.5
31/03/2020,0.07,1.33,2.0,101.83,60.14,3.65,14,-0.7,50.69,93.84,18.06,39.1,172.91,3,889.5,5.2046,6.123233995736766e-17,0,0,11.57,1.0,1,0.26,32.68,0.0,1,0,0,203.15
01/04/2020,-0.31,1.0,-0.9,97.33,59.33,3.65,14,-9.2,49.69,93.78,17.83,38.59,166.2,4,867.25,5.2493,-0.4999999999999998,0,0,11.28,0.8660254037844387,1,0.26,32.4,0.0,0,0,0,203.0
02/04/2020,-0.31,1.0,-0.9,92.83,58.87,3.65,14,-9.2,48.45,94.06,17.87,37.11,168.57,4,864.0,5.2533,-0.4999999999999998,0,0,11.18,0.8660254037844387,1,0.26,32.51,0.0,0,0,0,195.4
03/04/2020,-0.31,1.0,-0.9,88.33,58.49,3.65,14,-9.2,49.22,94.45,17.77,37.75,173.74,4,859.5,5.3506,-0.4999999999999998,0,0,11.0,0.8660254037844387,1,0.26,33.39,0.0,0,0,0,200.65
04/04/2020,-0.31,1.0,-0.9,88.33,58.49,3.65,14,-9.2,49.22,94.45,17.77,37.75,173.74,4,859.5,5.3506,-0.4999999999999998,0,0,11.0,0.8660254037844387,1,0.26,33.31,0.0,0,0,0,200.65
05/04/2020,-0.31,1.0,-0.9,88.33,58.49,3.65,14,-9.2,49.22,94.45,17.77,37.75,173.74,4,859.5,5.3506,-0.4999999999999998,0,0,11.0,0.8660254037844387,1,0.26,34.43,0.0,0,0,0,200.65
06/04/2020,-0.31,1.0,-0.9,83.83,57.83,3.65,15,-9.2,48.61,94.02,17.73,37.91,182.44,4,861.25,5.2863,-0.4999999999999998,0,0,10.91,0.8660254037844387,1,0.26,33.3,0.0,0,0,0,201.0
07/04/2020,-0.31,1.0,-0.9,88.33,57.47,3.65,15,-9.2,47.53,93.96,18.01,38.32,176.81,4,861.0,5.2214,-0.4999999999999998,0,0,11.02,0.8660254037844387,1,0.26,30.55,0.0,0,0,0,199.9
08/04/2020,-0.31,1.0,-0.9,92.83,56.46,3.65,15,-9.2,46.92,94.21,18.29,39.18,180.97,4,861.75,5.1233,-0.4999999999999998,0,0,10.96,0.8660254037844387,1,0.26,30.29,0.0,0,0,0,201.8
09/04/2020,-0.31,1.0,-0.9,94.0,56.41,3.65,15,-9.2,46.77,93.42,18.32,38.83,190.16,4,871.0,5.107,-0.4999999999999998,0,0,11.06,0.8660254037844387,1,0.26,31.16,0.0,0,0,0,198.05
10/04/2020,-0.31,1.0,-0.9,84.57,56.41,3.65,15,-9.2,46.77,93.42,18.32,38.83,190.16,4,863.25,5.1063,-0.4999999999999998,0,0,11.06,0.8660254037844387,1,0.26,30.45,0.5,0,0,0,198.05
11/04/2020,-0.31,1.0,-0.9,84.57,56.41,3.65,15,-9.2,46.77,93.42,18.32,38.83,190.16,4,863.25,5.1063,-0.4999999999999998,0,0,11.06,0.8660254037844387,1,0.26,28.2,0.5,0,0,0,198.05
12/04/2020,-0.31,1.0,-0.9,84.57,56.41,3.65,15,-9.2,46.77,93.42,18.32,38.83,190.16,4,863.25,5.1063,-0.4999999999999998,0,0,11.06,0.8660254037844387,1,0.26,28.4,1.5,0,0,0,198.05
13/04/2020,-0.31,1.0,-0.9,91.0,56.19,3.65,16,-9.2,47.06,93.87,18.13,39.08,182.68,4,862.25,5.1994,-0.4999999999999998,0,0,10.85,0.8660254037844387,1,0.26,30.4,0.0,0,0,0,202.3
14/04/2020,-0.31,1.0,-0.9,93.7,53.79,3.65,16,-9.2,46.93,93.62,18.05,38.38,188.07,4,855.5,5.1621,-0.4999999999999998,0,0,10.37,0.8660254037844387,1,0.26,28.85,0.0,0,0,0,199.1
15/04/2020,-0.31,1.0,-0.9,94.72,52.2,3.65,16,-9.2,46.15,93.76,17.91,37.91,184.98,4,851.75,5.2367,-0.4999999999999998,0,0,9.97,0.8660254037844387,1,0.26,26.5,0.0,0,0,0,198.5
16/04/2020,-0.31,1.0,-0.9,95.5,52.02,3.65,16,-9.2,45.55,93.48,17.77,38.13,187.34,4,845.75,5.2333,-0.4999999999999998,0,0,9.89,0.8660254037844387,1,0.26,28.5,0.0,0,0,0,200.55
17/04/2020,-0.31,1.0,-0.9,94.65,51.55,3.65,16,-9.2,45.61,95.03,18.13,38.43,191.62,4,842.25,5.2363,-0.4999999999999998,0,0,9.83,0.8660254037844387,1,0.26,29.85,0.0,0,0,0,201.5
18/04/2020,-0.31,1.0,-0.9,94.65,51.55,3.65,16,-9.2,45.61,95.03,18.13,38.43,191.62,4,842.25,5.2363,-0.4999999999999998,0,0,9.83,0.8660254037844387,1,0.26,25.0,0.0,0,0,0,201.5
19/04/2020,-0.31,1.0,-0.9,94.65,51.55,3.65,16,-9.2,45.61,95.03,18.13,38.43,191.62,4,842.25,5.2363,-0.4999999999999998,0,0,9.83,0.8660254037844387,1,0.26,29.3,0.0,0,0,0,201.5
20/04/2020,-0.31,1.0,-0.9,93.53,50.74,3.65,17,-9.2,45.31,95.82,18.06,37.02,184.62,4,836.25,5.3168,-0.4999999999999998,0,0,9.56,0.8660254037844387,1,0.26,27.92,0.0,0,0,0,196.45
21/04/2020,-0.31,1.0,-0.9,91.6,50.74,3.65,17,-9.2,45.31,95.82,18.06,37.02,184.62,4,840.75,5.3163,-0.4999999999999998,0,0,9.56,0.8660254037844387,1,0.26,28.8,0.0,0,0,0,196.45
22/04/2020,-0.31,1.0,-0.9,88.95,48.65,3.65,17,-9.2,45.4,95.22,17.61,37.17,179.39,4,842.5,5.458,-0.4999999999999998,0,0,9.0,0.8660254037844387,1,0.26,29.0,0.0,0,0,0,201.0
23/04/2020,-0.31,1.0,-0.9,85.95,48.18,3.65,17,-9.2,45.83,95.73,17.39,35.74,178.48,4,846.75,5.5335,-0.4999999999999998,0,0,8.75,0.8660254037844387,1,0.26,29.4,0.0,0,0,0,196.7
24/04/2020,-0.31,1.0,-0.9,84.97,47.6,3.65,17,-9.2,47.24,98.84,17.43,35.26,182.72,4,839.5,5.5907,-0.4999999999999998,0,0,8.39,0.8660254037844387,1,0.26,28.11,0.0,0,0,0,199.95
25/04/2020,-0.31,1.0,-0.9,84.97,47.6,3.65,17,-9.2,47.24,98.84,17.43,35.26,182.72,4,839.5,5.5907,-0.4999999999999998,0,0,8.39,0.8660254037844387,1,0.26,30.64,0.0,0,0,0,199.95
26/04/2020,-0.31,1.0,-0.9,84.97,47.6,3.65,17,-9.2,47.24,98.84,17.43,35.26,182.72,4,839.5,5.5907,-0.4999999999999998,0,0,8.39,0.8660254037844387,1,0.26,30.53,0.0,0,0,0,199.95
27/04/2020,-0.31,1.0,-0.9,84.8,47.96,3.65,18,-9.2,47.48,98.23,17.21,35.04,187.75,4,836.5,5.6526,-0.4999999999999998,0,0,8.4,0.8660254037844387,1,0.26,30.61,0.0,0,0,0,200.05
28/04/2020,-0.31,1.0,-0.9,85.53,47.94,3.65,18,-9.2,47.42,97.76,17.78,36.18,184.32,4,832.0,5.4999,-0.4999999999999998,0,0,8.72,0.8660254037844387,1,0.26,30.54,0.0,0,0,0,198.9
29/04/2020,-0.31,1.0,-0.9,85.6,48.38,3.65,18,-9.2,46.87,97.64,18.23,36.9,181.47,4,837.5,5.3348,-0.4999999999999998,0,0,9.03,0.8660254037844387,1,0.26,30.57,0.0,0,0,0,197.7
30/04/2020,-0.31,1.0,-0.9,90.0,48.35,3.65,18,-9.2,47.23,96.88,17.79,36.51,178.21,4,855.25,5.4858,-0.4999999999999998,0,0,8.88,0.8660254037844387,1,0.26,31.48,0.0,0,0,0,198.85
01/05/2020,-0.31,-3.69,-0.9,87.25,48.35,3.65,18,-9.2,47.23,96.88,17.79,36.51,178.21,5,849.5,5.4856,-0.8660254037844387,0,1,8.88,0.49999999999999994,1,0.26,30.87,0.0,0,0,0,198.85
02/05/2020,-0.31,-3.69,-0.9,87.25,48.35,3.65,18,-9.2,47.23,96.88,17.79,36.51,178.21,5,849.5,5.4856,-0.8660254037844387,0,1,8.88,0.49999999999999994,1,0.26,30.66,0.0,0,0,0,198.85
03/05/2020,-0.31,-3.69,-0.9,87.25,48.35,3.65,18,-9.2,47.23,96.88,17.79,36.51,178.21,5,849.5,5.4856,-0.8660254037844387,0,1,8.88,0.49999999999999994,1,0.26,30.96,0.0,0,0,0,198.85
04/05/2020,-0.38,-3.69,-0.9,88.08,48.83,3.65,19,-9.2,48.01,97.49,17.6,36.17,172.56,5,836.5,5.545,-0.8660254037844387,0,1,8.82,0.49999999999999994,1,0.26,31.32,0.0,0,0,0,200.35
05/05/2020,-0.38,-3.69,-0.9,86.47,48.78,3.65,19,-9.2,48.83,97.67,17.45,36.07,178.51,5,839.5,5.5783,-0.8660254037844387,0,1,8.71,0.49999999999999994,1,0.26,31.11,0.0,0,0,0,201.9
06/05/2020,-0.38,-3.69,-0.9,89.47,49.25,3.65,19,-9.2,48.81,100.49,17.63,35.07,173.7,5,832.5,5.714,-0.8660254037844387,0,1,8.64,0.49999999999999994,1,0.26,29.65,0.0,0,0,0,199.95
07/05/2020,-0.38,-3.69,-0.9,93.97,49.91,2.9,19,-9.2,50.03,103.51,17.67,34.1,178.49,5,844.25,5.8307,-0.8660254037844387,0,1,8.52,0.49999999999999994,1,0.26,25.63,0.0,0,0,0,199.75
08/05/2020,-0.38,-3.69,-0.9,94.65,49.76,2.9,19,-9.2,49.9,104.41,18.16,35.02,181.53,5,850.5,5.7319,-0.8660254037844387,0,1,8.66,0.49999999999999994,1,0.26,30.14,0.5,0,0,0,201.3
09/05/2020,-0.38,-3.69,-0.9,94.65,49.76,2.9,19,-9.2,49.9,104.41,18.16,35.02,181.53,5,850.5,5.7319,-0.8660254037844387,0,1,8.66,0.49999999999999994,1,0.26,29.93,0.5,0,0,0,201.3
10/05/2020,-0.38,-3.69,-0.9,94.65,49.76,2.9,19,-9.2,49.9,104.41,18.16,35.02,181.53,5,850.5,5.7319,-0.8660254037844387,0,1,8.66,0.49999999999999994,1,0.26,30.28,1.5,0,0,0,201.3
11/05/2020,-0.38,-3.69,-0.9,92.67,50.01,2.9,20,-9.2,49.96,106.9,18.32,34.32,184.17,5,855.0,5.818,-0.8660254037844387,0,1,8.57,0.49999999999999994,1,0.26,30.28,0.0,0,0,0,200.25
12/05/2020,-0.38,-3.69,-0.9,97.17,50.11,2.9,20,-9.2,50.17,105.88,18.06,33.9,179.18,5,852.0,5.8856,-0.8660254037844387,0,1,8.55,0.49999999999999994,1,0.26,30.34,0.0,0,0,0,198.7
13/05/2020,-0.38,-3.69,-0.9,93.88,50.91,2.9,20,-9.2,50.35,106.61,18.02,33.8,177.96,5,839.5,5.8852,-0.8660254037844387,0,1,8.61,0.49999999999999994,1,0.26,30.59,0.0,0,0,0,199.9
14/05/2020,-0.38,-3.69,-0.9,94.12,50.61,2.9,20,-9.2,50.82,107.1,18.35,34.15,180.52,5,837.0,5.8115,-0.8660254037844387,0,1,8.67,0.49999999999999994,1,0.26,30.91,0.0,0,0,0,199.35
15/05/2020,-0.38,-3.69,-0.9,97.0,50.57,2.9,20,-9.2,46.71,107.5,18.43,33.42,181.07,5,840.75,5.8554,-0.8660254037844387,0,1,8.67,0.49999999999999994,1,0.26,30.5,0.0,0,0,0,194.9
16/05/2020,-0.38,-3.69,-0.9,97.0,50.57,2.9,20,-9.2,46.71,107.5,18.43,33.42,181.07,5,840.75,5.8554,-0.8660254037844387,0,1,8.67,0.49999999999999994,1,0.26,30.49,0.0,0,0,0,194.9
17/05/2020,-0.38,-3.69,-0.9,97.0,50.57,2.9,20,-9.2,46.71,107.5,18.43,33.42,181.07,5,840.75,5.8554,-0.8660254037844387,0,1,8.67,0.49999999999999994,1,0.26,30.87,0.0,0,0,0,194.9
18/05/2020,-0.38,-3.69,-0.9,98.72,50.23,2.9,21,-9.2,46.35,106.07,18.56,33.42,185.8,5,847.75,5.719,-0.8660254037844387,0,1,8.79,0.49999999999999994,1,0.26,26.7,0.0,0,0,0,194.9
19/05/2020,-0.38,-3.69,-0.9,98.78,50.06,2.9,21,-9.2,46.95,105.48,18.4,34.97,179.76,5,845.25,5.754,-0.8660254037844387,0,1,8.73,0.49999999999999994,1,0.26,27.66,0.0,0,0,0,200.5
20/05/2020,-0.38,-3.69,-0.9,98.4,50.08,2.9,21,-9.2,46.8,105.43,18.57,35.61,180.82,5,849.25,5.6925,-0.8660254037844387,0,1,8.82,0.49999999999999994,1,0.26,30.55,0.0,0,0,0,202.15
21/05/2020,-0.38,-3.69,-0.9,98.8,50.51,2.9,21,-9.2,46.55,104.31,18.71,36.24,178.18,5,838.5,5.5507,-0.8660254037844387,0,1,9.06,0.49999999999999994,1,0.26,30.32,0.0,0,0,0,202.0
22/05/2020,-0.38,-3.69,-0.9,97.7,50.49,2.9,21,-9.2,46.94,103.11,18.48,36.48,178.8,5,836.5,5.5338,-0.8660254037844387,0,1,9.05,0.49999999999999994,1,0.26,31.07,0.0,0,0,0,203.55
23/05/2020,-0.38,-3.69,-0.9,97.7,50.49,2.9,21,-9.2,46.94,103.11,18.48,36.48,178.8,5,836.5,5.5338,-0.8660254037844387,0,1,9.05,0.49999999999999994,1,0.26,31.31,0.0,0,0,0,203.55
24/05/2020,-0.38,-3.69,-0.9,97.7,50.49,2.9,21,-9.2,46.94,103.11,18.48,36.48,178.8,5,836.5,5.5338,-0.8660254037844387,0,1,9.05,0.49999999999999994,1,0.26,27.25,0.0,0,0,0,203.55
25/05/2020,-0.38,-3.69,-0.9,97.7,50.49,2.9,22,-9.2,46.94,103.11,18.48,36.48,178.8,5,836.5,5.5338,-0.8660254037844387,0,1,9.05,0.49999999999999994,1,0.26,28.02,0.0,0,0,0,203.55
26/05/2020,-0.38,-3.69,-0.9,99.4,50.29,2.9,22,-9.2,45.7,100.93,18.9,38.26,182.47,5,848.75,5.345,-0.8660254037844387,0,1,9.42,0.49999999999999994,1,0.26,28.07,0.0,0,0,0,204.3
27/05/2020,-0.38,-3.69,-0.9,100.8,50.54,2.9,22,-9.2,44.65,100.79,19.05,38.86,176.53,5,850.25,5.2733,-0.8660254037844387,0,1,9.55,0.49999999999999994,1,0.26,27.79,0.0,0,0,0,205.65
28/05/2020,-0.38,-3.69,-0.9,101.47,50.06,2.9,22,-9.2,45.55,99.81,18.61,37.93,180.49,5,849.25,5.4045,-0.8660254037844387,0,1,9.33,0.49999999999999994,1,0.26,29.09,0.0,0,0,0,203.4
29/05/2020,-0.38,-3.69,-0.9,99.72,50.19,2.9,22,-9.2,44.99,100.4,18.8,38.34,182.6,5,843.5,5.3361,-0.8660254037844387,0,1,9.4,0.49999999999999994,1,0.26,29.82,0.0,0,0,0,204.75
30/05/2020,-0.38,-3.69,-0.9,99.72,50.19,2.9,22,-9.2,44.99,100.4,18.8,38.34,182.6,5,843.5,5.3361,-0.8660254037844387,0,1,9.4,0.49999999999999994,1,0.26,28.57,0.0,0,0,0,204.75
31/05/2020,-0.38,-3.69,-0.9,99.72,50.19,2.9,22,-9.2,44.99,100.4,18.8,38.34,182.6,5,843.5,5.3361,-0.8660254037844387,0,1,9.4,0.49999999999999994,1,0.26,29.15,0.0,0,0,0,204.75
01/06/2020,0.26,-3.69,-0.9,98.3,49.74,2.9,23,-9.2,45.01,100.77,18.73,37.93,182.32,6,843.25,5.3633,-1.0,0,1,9.25,1.2246467991473532e-16,1,0.26,29.46,0.5,0,0,0,204.0
02/06/2020,0.26,-3.69,-0.9,95.3,49.6,2.9,23,-9.2,44.21,100.68,19.29,38.79,178.78,6,852.75,5.2014,-1.0,0,1,9.5,1.2246467991473532e-16,1,0.26,29.63,0.5,0,0,0,202.5
03/06/2020,0.26,-3.69,-0.9,95.45,48.94,2.9,23,-9.2,43.7,99.67,19.67,40.18,186.26,6,859.0,5.0622,-1.0,0,1,9.66,1.2246467991473532e-16,1,0.26,30.91,0.5,0,0,0,203.65
04/06/2020,0.26,-3.69,-0.9,95.72,48.66,2.9,23,-9.2,43.7,101.07,19.76,40.16,184.51,6,868.75,5.119,-1.0,0,1,9.51,1.2246467991473532e-16,1,0.26,31.41,0.5,0,0,0,205.45
05/06/2020,0.26,-3.69,-0.9,93.9,48.2,2.9,23,-9.2,43.7,100.87,20.3,40.79,192.14,6,870.0,4.9585,-1.0,0,1,9.7,1.2246467991473532e-16,1,0.26,31.69,0.5,0,0,0,202.65
06/06/2020,0.26,-3.69,-0.9,93.9,48.2,2.9,23,-9.2,43.7,100.87,20.3,40.79,192.14,6,870.0,4.9585,-1.0,0,1,9.7,1.2246467991473532e-16,1,0.26,31.33,0.5,0,0,0,202.65
07/06/2020,0.26,-3.69,-0.9,93.9,48.2,2.9,23,-9.2,43.7,100.87,20.3,40.79,192.14,6,870.0,4.9585,-1.0,0,1,9.7,1.2246467991473532e-16,1,0.26,31.38,0.5,0,0,0,202.65
08/06/2020,0.26,-3.69,-0.9,94.12,47.53,2.9,24,-9.2,43.25,99.25,20.38,42.13,191.75,6,867.5,4.823,-1.0,0,1,9.76,1.2246467991473532e-16,1,0.26,30.82,0.5,0,0,0,205.2
09/06/2020,0.26,-3.69,-0.9,96.33,47.34,2.9,24,-9.2,43.4,97.31,19.95,42.32,191.1,6,866.0,4.8992,-1.0,0,1,9.71,1.2246467991473532e-16,1,0.26,30.92,0.5,0,0,0,206.4
10/06/2020,0.26,-3.69,-0.9,96.6,46.81,2.9,24,-9.2,43.5,97.86,19.9,41.98,188.7,6,867.75,4.9732,-1.0,0,1,9.52,1.2246467991473532e-16,1,0.26,30.9,0.5,0,0,0,206.4
11/06/2020,0.26,-3.69,-0.9,96.83,46.81,2.9,24,-9.2,43.5,97.86,19.9,41.98,188.7,6,868.0,4.976,-1.0,0,1,9.52,1.2246467991473532e-16,1,0.26,31.04,0.5,0,0,0,206.4
12/06/2020,0.26,-3.69,-0.9,96.08,46.92,2.9,24,-9.2,43.8,99.81,19.73,40.57,174.72,6,872.5,5.0505,-1.0,0,1,9.27,1.2246467991473532e-16,1,0.26,31.09,0.5,0,0,0,205.25
13/06/2020,0.26,-3.69,-0.9,96.08,46.92,2.9,24,-9.2,43.8,99.81,19.73,40.57,174.72,6,872.5,5.0505,-1.0,0,1,9.27,1.2246467991473532e-16,1,0.26,30.0,1.5,0,0,0,205.25
14/06/2020,0.26,-3.69,-0.9,96.08,46.92,2.9,24,-9.2,43.8,99.81,19.73,40.57,174.72,6,872.5,5.0505,-1.0,0,1,9.27,1.2246467991473532e-16,1,0.26,31.15,0.5,0,0,0,205.25
15/06/2020,0.26,-3.69,-0.9,96.08,46.96,2.9,25,-9.2,44.6,101.92,19.79,40.77,174.65,6,870.0,5.1557,-1.0,0,1,9.12,1.2246467991473532e-16,1,0.26,30.94,0.5,0,0,0,209.95
16/06/2020,0.26,-3.69,-0.9,96.33,46.87,2.9,25,-9.2,44.5,102.7,19.66,39.92,176.11,6,868.0,5.243,-1.0,0,1,8.97,1.2246467991473532e-16,1,0.26,29.56,0.5,0,0,0,208.6
17/06/2020,0.26,-3.69,-0.9,96.5,46.85,2.9,25,-9.2,45.3,104.09,19.77,39.2,178.36,6,871.75,5.2286,-1.0,0,1,8.9,1.2246467991473532e-16,1,0.26,29.22,0.5,0,0,0,206.4
18/06/2020,0.26,-3.69,-0.9,96.08,47.13,2.15,25,-9.2,46.11,106.94,19.85,39.43,176.32,6,872.5,5.3776,-1.0,0,1,8.75,1.2246467991473532e-16,1,0.26,29.2,0.5,0,0,0,212.35
19/06/2020,0.26,-3.69,-0.9,94.7,47.15,2.15,25,-9.2,46.23,108.45,20.44,39.66,175.52,6,876.0,5.3105,-1.0,0,1,8.89,1.2246467991473532e-16,1,0.26,29.49,0.5,0,0,0,210.4
20/06/2020,0.26,-3.69,-0.9,94.7,47.15,2.15,25,-9.2,46.23,108.45,20.44,39.66,175.52,6,876.0,5.3105,-1.0,0,1,8.89,1.2246467991473532e-16,1,0.26,30.36,0.5,0,0,0,210.4
21/06/2020,0.26,-3.69,-0.9,94.7,47.15,2.15,25,-9.2,46.23,108.45,20.44,39.66,175.52,6,876.0,5.3105,-1.0,0,1,8.89,1.2246467991473532e-16,1,0.26,30.22,0.5,0,0,0,210.4
22/06/2020,0.26,-3.69,-0.9,94.4,47.56,2.15,26,-9.2,45.9,107.09,20.33,40.62,175.09,6,875.0,5.2524,-1.0,0,1,9.03,1.2246467991473532e-16,1,0.26,29.75,0.5,0,0,0,214.0
23/06/2020,0.26,-3.69,-0.9,93.53,46.97,2.15,26,-9.2,45.8,105.23,20.45,41.07,173.55,6,872.0,5.1542,-1.0,0,1,9.13,1.2246467991473532e-16,1,0.26,29.93,0.5,0,0,0,211.3
24/06/2020,0.26,-3.69,-0.9,93.3,47.18,2.15,26,-9.2,46.05,105.63,19.87,41.19,167.47,6,867.5,5.3467,-1.0,0,1,8.88,1.2246467991473532e-16,1,0.26,30.48,1.5,0,0,0,218.95
25/06/2020,0.26,-3.69,-0.9,94.17,47.49,2.15,26,-9.2,46.15,106.12,19.93,40.82,168.69,6,866.5,5.3561,-1.0,0,1,8.92,1.2246467991473532e-16,1,0.26,30.67,0.5,0,0,0,217.35
26/06/2020,0.26,-3.69,-0.9,94.7,48.15,2.15,26,-9.2,46.65,108.27,19.8,39.93,162.45,6,860.0,5.484,-1.0,0,1,8.81,1.2246467991473532e-16,1,0.26,31.34,0.5,0,0,0,218.35
27/06/2020,0.26,-3.69,-0.9,94.7,48.15,2.15,26,-9.2,46.65,108.27,19.8,39.93,162.45,6,860.0,5.484,-1.0,0,1,8.81,1.2246467991473532e-16,1,0.26,30.03,0.5,0,0,0,218.35
28/06/2020,0.26,-3.69,-0.9,94.7,48.15,2.15,26,-9.2,46.65,108.27,19.8,39.93,162.45,6,860.0,5.484,-1.0,0,1,8.81,1.2246467991473532e-16,1,0.26,31.57,0.5,0,0,0,218.35
29/06/2020,0.26,-3.69,-0.9,95.0,48.28,2.15,27,-9.2,47.35,109.05,20.06,40.41,162.01,6,861.5,5.4034,-1.0,0,1,8.88,1.2246467991473532e-16,1,0.26,30.44,1.5,0,0,0,219.65
30/06/2020,0.26,-3.69,-0.9,91.65,48.53,2.15,27,-9.2,48.1,109.35,20.1,40.15,162.54,6,878.75,5.4661,-1.0,0,1,8.92,1.2246467991473532e-16,1,0.26,29.49,0.5,0,0,0,218.4
01/07/2020,0.36,-3.88,-0.6,97.3,49.51,2.15,27,7.7,48.8,109.88,20.69,41.4,168.9,7,891.5,5.3174,-0.8660254037844388,0,1,9.32,-0.4999999999999997,1,0.26,30.23,0.5,0,0,1,219.9
02/07/2020,0.36,-3.88,-0.6,99.4,49.79,2.15,27,7.7,48.9,108.99,20.36,41.04,165.27,7,891.25,5.3596,-0.8660254037844388,0,1,9.3,-0.4999999999999997,1,0.26,30.78,0.5,0,0,1,219.65
03/07/2020,0.36,-3.88,-0.6,99.4,49.79,2.15,27,7.7,48.9,108.99,20.36,41.04,165.27,7,891.25,5.3596,-0.8660254037844388,0,1,9.3,-0.4999999999999997,1,0.26,31.48,0.5,0,0,1,219.65
04/07/2020,0.36,-3.88,-0.6,99.4,49.79,2.15,27,7.7,48.9,108.99,20.36,41.04,165.27,7,891.25,5.3596,-0.8660254037844388,0,1,9.3,-0.4999999999999997,1,0.26,31.55,0.5,0,0,1,219.65
05/07/2020,0.36,-3.88,-0.6,99.4,49.79,2.15,27,7.7,48.9,108.99,20.36,41.04,165.27,7,891.25,5.3596,-0.8660254037844388,0,1,9.3,-0.4999999999999997,1,0.26,30.92,0.5,0,0,1,219.65
06/07/2020,0.36,-3.88,-0.6,100.1,49.93,2.15,28,7.7,49.7,109.82,20.56,41.36,165.8,7,898.5,5.3562,-0.8660254037844388,0,1,9.35,-0.4999999999999997,1,0.26,30.89,0.5,0,0,1,220.95
07/07/2020,0.36,-3.88,-0.6,100.0,49.94,2.15,28,7.7,50.25,109.85,20.42,40.81,165.61,7,896.75,5.379,-0.8660254037844388,0,1,9.28,-0.4999999999999997,1,0.26,30.51,0.5,0,0,1,219.55
08/07/2020,0.36,-3.88,-0.6,99.15,50.37,2.15,28,7.7,51.04,109.37,20.46,40.93,168.08,7,892.5,5.3422,-0.8660254037844388,0,1,9.42,-0.4999999999999997,1,0.26,31.36,0.5,0,0,1,218.75
09/07/2020,0.36,-3.88,-0.6,99.25,50.31,2.15,28,7.7,51.15,108.81,20.39,40.97,165.53,7,896.5,5.3413,-0.8660254037844388,0,1,9.43,-0.4999999999999997,1,0.26,30.7,0.5,0,0,1,218.6
10/07/2020,0.36,-3.88,-0.6,100.0,50.23,2.15,28,7.7,50.9,109.3,20.55,40.97,164.59,7,887.25,5.3238,-0.8660254037844388,0,1,9.44,-0.4999999999999997,1,0.26,30.71,0.5,0,0,1,218.6
11/07/2020,0.36,-3.88,-0.6,100.0,50.23,2.15,28,7.7,50.9,109.3,20.55,40.97,164.59,7,887.25,5.3238,-0.8660254037844388,0,1,9.44,-0.4999999999999997,1,0.26,31.26,0.5,0,0,1,218.6
12/07/2020,0.36,-3.88,-0.6,100.0,50.23,2.15,28,7.7,50.9,109.3,20.55,40.97,164.59,7,887.25,5.3238,-0.8660254037844388,0,1,9.44,-0.4999999999999997,1,0.26,30.93,0.5,0,0,1,218.6
13/07/2020,0.36,-3.88,-0.6,99.65,49.78,2.15,29,7.7,49.83,107.61,20.03,40.57,165.2,7,874.0,5.404,-0.8660254037844388,0,1,9.27,-0.4999999999999997,1,0.26,32.11,0.5,0,0,1,217.95
14/07/2020,0.36,-3.88,-0.6,98.8,49.83,2.15,29,7.7,49.6,108.21,20.26,41.55,165.56,7,878.0,5.3674,-0.8660254037844388,0,1,9.33,-0.4999999999999997,1,0.26,31.86,0.5,0,0,1,221.9
15/07/2020,0.36,-3.88,-0.6,101.3,49.4,2.15,29,7.7,47.0,108.73,20.2,40.48,168.83,7,880.75,5.3698,-0.8660254037844388,0,1,9.18,-0.4999999999999997,1,0.26,31.57,0.5,0,0,1,217.85
16/07/2020,0.36,-3.88,-0.6,103.28,49.01,2.15,29,7.7,46.83,108.63,20.4,41.74,167.21,7,888.25,5.3311,-0.8660254037844388,0,1,9.2,-0.4999999999999997,1,0.26,30.92,0.5,0,0,1,222.25
17/07/2020,0.36,-3.88,-0.6,103.28,49.43,2.15,29,7.7,47.82,108.54,20.15,41.32,166.62,7,892.25,5.3849,-0.8660254037844388,0,1,9.18,-0.4999999999999997,1,0.26,31.56,0.5,0,0,1,222.55
18/07/2020,0.36,-3.88,-0.6,103.28,49.43,2.15,29,7.7,47.82,108.54,20.15,41.32,166.62,7,892.25,5.3849,-0.8660254037844388,0,1,9.18,-0.4999999999999997,1,0.26,29.83,0.5,0,0,1,222.55
19/07/2020,0.36,-3.88,-0.6,103.28,49.43,2.15,29,7.7,47.82,108.54,20.15,41.32,166.62,7,892.25,5.3849,-0.8660254037844388,0,1,9.18,-0.4999999999999997,1,0.26,30.7,0.5,0,0,1,222.55
20/07/2020,0.36,-3.88,-0.6,102.28,49.5,2.15,30,7.7,48.0,109.93,20.61,40.36,167.9,7,896.75,5.3283,-0.8660254037844388,0,1,9.28,-0.4999999999999997,1,0.26,30.5,0.5,0,0,1,215.3
21/07/2020,0.36,-3.88,-0.6,101.85,49.62,2.15,30,7.7,47.22,109.03,20.98,42.55,168.22,7,891.0,5.1713,-0.8660254037844388,0,1,9.55,-0.4999999999999997,1,0.26,30.64,0.5,0,0,1,221.15
22/07/2020,0.36,-3.88,-0.6,101.5,48.54,2.15,30,7.7,47.25,108.05,21.11,43.31,170.31,7,894.0,5.1166,-0.8660254037844388,0,1,9.48,-0.4999999999999997,1,0.26,30.82,0.5,0,0,1,221.65
23/07/2020,0.36,-3.88,-0.6,100.85,48.83,2.15,30,7.7,47.87,109.17,20.97,42.72,168.94,7,900.75,5.2112,-0.8660254037844388,0,1,9.38,-0.4999999999999997,1,0.26,30.39,0.5,0,0,1,222.4
24/07/2020,0.36,-3.88,-0.6,101.33,49.25,2.15,30,7.7,48.04,111.0,21.31,42.9,168.75,7,898.75,5.2329,-0.8660254037844388,0,1,9.46,-0.4999999999999997,1,0.26,30.57,0.5,0,0,1,223.45
25/07/2020,0.36,-3.88,-0.6,101.33,49.25,2.15,30,7.7,48.04,111.0,21.31,42.9,168.75,7,898.75,5.2329,-0.8660254037844388,0,1,9.46,-0.4999999999999997,1,0.26,30.79,0.5,0,0,1,223.45
26/07/2020,0.36,-3.88,-0.6,101.33,49.25,2.15,30,7.7,48.04,111.0,21.31,42.9,168.75,7,898.75,5.2329,-0.8660254037844388,0,1,9.46,-0.4999999999999997,1,0.26,30.72,0.5,0,0,1,223.45
27/07/2020,0.36,-3.88,-0.6,100.42,49.73,2.15,31,7.7,48.8,110.72,21.42,42.49,167.5,7,898.75,5.1447,-0.8660254037844388,0,1,9.62,-0.4999999999999997,1,0.26,29.9,0.5,0,0,1,219.65
28/07/2020,0.36,-3.88,-0.6,100.9,49.4,2.15,31,7.7,48.95,110.41,21.43,43.94,166.0,7,887.75,5.1533,-0.8660254037844388,0,1,9.59,-0.4999999999999997,1,0.26,30.18,0.5,0,0,1,226.4
29/07/2020,0.36,-3.88,-0.6,101.45,49.79,2.15,31,7.7,48.65,110.07,21.29,43.83,164.88,7,884.5,5.1692,-0.8660254037844388,0,1,9.63,-0.4999999999999997,1,0.26,31.91,0.5,0,0,1,226.6
30/07/2020,0.36,-3.88,-0.6,101.72,50.47,2.15,31,7.7,49.81,110.57,21.44,44.03,163.1,7,886.75,5.1534,-0.8660254037844388,0,1,9.79,-0.4999999999999997,1,0.26,32.29,0.5,0,0,1,227.0
31/07/2020,0.36,-3.88,-0.6,102.83,50.79,2.15,31,7.7,51.0,111.48,21.39,43.79,166.18,7,890.25,5.224,-0.8660254037844388,0,1,9.74,-0.4999999999999997,1,0.26,31.26,0.5,0,0,1,228.3
01/08/2020,0.36,-2.27,-0.6,102.83,50.79,2.15,31,7.7,51.0,111.48,21.39,43.79,166.18,8,890.25,5.224,-0.5000000000000004,0,1,9.74,-0.8660254037844385,1,0.26,29.09,0.0,0,0,1,228.3
02/08/2020,0.36,-2.27,-0.6,102.83,50.79,2.15,31,7.7,51.0,111.48,21.39,43.79,166.18,8,890.25,5.224,-0.5000000000000004,0,1,9.74,-0.8660254037844385,1,0.26,31.23,0.0,0,0,1,228.3
03/08/2020,0.24,-2.27,-0.6,103.03,51.29,2.15,32,7.7,52.5,113.81,21.35,42.73,163.0,8,893.0,5.3213,-0.5000000000000004,0,1,9.62,-0.8660254037844385,1,0.26,31.32,0.0,0,0,1,227.8
04/08/2020,0.24,-2.27,-0.6,102.28,51.97,2.15,32,7.7,51.99,115.68,21.84,42.82,163.13,8,879.75,5.29,-0.5000000000000004,0,1,9.81,-0.8660254037844385,1,0.26,30.9,0.0,0,0,1,226.85
05/08/2020,0.24,-2.27,-0.6,102.3,52.14,2.15,32,7.7,52.92,115.62,21.82,42.7,163.17,8,876.25,5.2902,-0.5000000000000004,0,1,9.84,-0.8660254037844385,1,0.26,31.06,0.0,0,0,1,226.25
06/08/2020,0.24,-2.27,-0.6,102.62,52.59,1.9,32,7.7,53.69,117.17,21.88,42.47,163.97,8,874.75,5.3315,-0.5000000000000004,0,1,9.82,-0.8660254037844385,1,0.26,30.29,0.0,0,0,1,227.4
07/08/2020,0.24,-2.27,-0.6,102.8,52.72,1.9,32,7.7,54.8,118.22,21.81,41.6,167.14,8,865.75,5.4383,-0.5000000000000004,0,1,9.73,-0.8660254037844385,1,0.26,28.93,0.5,0,0,1,225.45
08/08/2020,0.24,-2.27,-0.6,102.8,52.72,1.9,32,7.7,54.8,118.22,21.81,41.6,167.14,8,865.75,5.4383,-0.5000000000000004,0,1,9.73,-0.8660254037844385,1,0.26,30.38,0.5,0,0,1,225.45
09/08/2020,0.24,-2.27,-0.6,102.8,52.72,1.9,32,7.7,54.8,118.22,21.81,41.6,167.14,8,865.75,5.4383,-0.5000000000000004,0,1,9.73,-0.8660254037844385,1,0.26,31.58,1.5,0,0,1,225.45
10/08/2020,0.24,-2.27,-0.6,103.6,53.59,1.9,33,7.7,54.91,118.02,21.62,41.87,165.34,8,870.0,5.4812,-0.5000000000000004,0,1,9.82,-0.8660254037844385,1,0.26,32.33,0.0,0,0,1,228.5
11/08/2020,0.24,-2.27,-0.6,104.65,54.28,1.9,33,7.7,55.49,118.2,21.87,42.04,168.12,8,870.5,5.38,-0.5000000000000004,0,1,10.04,-0.8660254037844385,1,0.26,32.31,0.0,0,0,1,227.2
12/08/2020,0.24,-2.27,-0.6,106.35,54.78,1.9,33,7.7,56.33,118.7,21.76,41.48,169.96,8,880.5,5.4333,-0.5000000000000004,0,1,10.04,-0.8660254037844385,1,0.26,33.32,0.0,0,0,1,226.3
13/08/2020,0.24,-2.27,-0.6,107.05,55.16,1.9,33,7.7,57.7,120.47,22.43,42.43,169.57,8,896.25,5.369,-0.5000000000000004,0,1,10.27,-0.8660254037844385,1,0.26,34.26,0.0,0,0,1,227.85
14/08/2020,0.24,-2.27,-0.6,107.6,55.51,1.9,33,7.7,58.38,121.54,22.38,41.39,171.44,8,897.0,5.4204,-0.5000000000000004,0,1,10.22,-0.8660254037844385,1,0.26,33.91,0.0,0,0,1,224.75
15/08/2020,0.24,-2.27,-0.6,107.6,55.51,1.9,33,7.7,58.38,121.54,22.38,41.39,171.44,8,897.0,5.4204,-0.5000000000000004,0,1,10.22,-0.8660254037844385,1,0.26,34.77,0.0,0,0,1,224.75
16/08/2020,0.24,-2.27,-0.6,107.6,55.51,1.9,33,7.7,58.38,121.54,22.38,41.39,171.44,8,897.0,5.4204,-0.5000000000000004,0,1,10.22,-0.8660254037844385,1,0.26,34.5,0.0,0,0,1,224.75
17/08/2020,0.24,-2.27,-0.6,106.9,55.99,1.9,34,7.7,60.49,123.79,22.5,41.32,174.61,8,915.25,5.509,-0.5000000000000004,0,1,10.17,-0.8660254037844385,1,0.26,34.66,0.0,0,0,1,227.4
18/08/2020,0.24,-2.27,-0.6,106.72,57.63,1.9,34,7.7,59.1,124.97,22.85,41.37,173.81,8,913.75,5.4666,-0.5000000000000004,0,1,10.54,-0.8660254037844385,1,0.26,36.19,0.0,0,0,1,226.2
19/08/2020,0.24,-2.27,-0.6,107.47,58.64,1.9,34,7.7,60.1,125.37,22.7,41.14,172.2,8,914.0,5.5575,-0.5000000000000004,0,1,10.62,-0.8660254037844385,1,0.26,35.31,0.0,0,0,1,227.2
20/08/2020,0.24,-2.27,-0.6,107.03,59.01,1.9,34,7.7,60.4,126.44,22.75,40.53,173.18,8,905.25,5.5568,-0.5000000000000004,0,1,10.62,-0.8660254037844385,1,0.26,34.9,0.0,0,0,1,225.2
21/08/2020,0.24,-2.27,-0.6,105.8,59.6,1.9,34,7.7,60.35,126.96,22.64,40.88,173.86,8,904.75,5.6192,-0.5000000000000004,0,1,10.63,-0.8660254037844385,1,0.26,30.94,0.0,0,0,1,229.25
22/08/2020,0.24,-2.27,-0.6,105.8,59.6,1.9,34,7.7,60.35,126.96,22.64,40.88,173.86,8,904.75,5.6192,-0.5000000000000004,0,1,10.63,-0.8660254037844385,1,0.26,31.7,0.0,0,0,1,229.25
23/08/2020,0.24,-2.27,-0.6,105.8,59.6,1.9,34,7.7,60.35,126.96,22.64,40.88,173.86,8,904.75,5.6192,-0.5000000000000004,0,1,10.63,-0.8660254037844385,1,0.26,33.08,0.0,0,0,1,229.25
24/08/2020,0.24,-2.27,-0.6,105.58,59.93,1.9,35,7.7,60.59,125.95,22.49,40.98,175.21,8,905.75,5.61,-0.5000000000000004,0,1,10.7,-0.8660254037844385,1,0.26,34.15,0.0,0,0,1,229.45
25/08/2020,0.24,-2.27,-0.6,105.5,60.41,1.9,35,7.7,61.39,126.59,22.92,41.38,174.92,8,920.25,5.5075,-0.5000000000000004,0,1,10.94,-0.8660254037844385,1,0.26,34.93,0.0,0,0,1,228.6
26/08/2020,0.24,-2.27,-0.6,104.05,60.7,1.9,35,7.7,60.29,126.75,22.63,40.68,175.26,8,924.25,5.6054,-0.5000000000000004,0,1,10.84,-0.8660254037844385,1,0.26,34.34,0.0,0,0,1,227.85
27/08/2020,0.24,-2.27,-0.6,102.97,60.87,1.9,35,7.7,59.97,127.91,22.97,42.06,176.45,8,942.0,5.5691,-0.5000000000000004,0,1,10.93,-0.8660254037844385,1,0.26,34.84,0.0,0,0,1,234.25
28/08/2020,0.24,-2.27,-0.6,103.22,60.97,1.9,35,7.7,59.65,130.21,24.08,43.76,172.1,8,950.5,5.3881,-0.5000000000000004,0,1,11.27,-0.8660254037844385,1,0.26,35.23,0.0,0,0,1,236.65
29/08/2020,0.24,-2.27,-0.6,103.22,60.97,1.9,35,7.7,59.65,130.21,24.08,43.76,172.1,8,950.5,5.3881,-0.5000000000000004,0,1,11.27,-0.8660254037844385,1,0.26,36.3,0.0,0,0,1,236.65
30/08/2020,0.24,-2.27,-0.6,103.22,60.97,1.9,35,7.7,59.65,130.21,24.08,43.76,172.1,8,950.5,5.3881,-0.5000000000000004,0,1,11.27,-0.8660254037844385,1,0.26,36.26,0.0,0,0,1,236.65
31/08/2020,0.24,-2.27,-0.6,104.5,61.25,1.9,36,7.7,60.59,130.61,23.85,43.39,170.97,8,953.5,5.4914,-0.5000000000000004,0,1,11.18,-0.8660254037844385,1,0.26,36.17,0.0,0,0,1,237.6
01/09/2020,0.64,-2.8,-0.6,105.47,60.92,1.9,36,7.7,59.51,130.46,24.21,44.1,168.94,9,954.75,5.396,-1.8369701987210297e-16,0,0,11.31,-1.0,1,0.26,35.68,0.0,0,0,1,237.6
02/09/2020,0.64,-2.8,-0.6,104.47,60.36,1.9,36,7.7,57.5,130.37,24.34,44.61,167.9,9,962.0,5.3403,-1.8369701987210297e-16,0,0,11.27,-1.0,1,0.26,34.38,0.0,0,0,1,238.95
03/09/2020,0.64,-2.8,-0.6,103.92,59.11,1.9,36,7.7,55.71,129.76,24.53,45.34,167.1,9,966.0,5.2914,-1.8369701987210297e-16,0,0,11.17,-1.0,1,0.26,34.23,0.0,0,0,1,239.85
04/09/2020,0.64,-2.8,-0.6,104.45,59.06,1.9,36,7.7,57.43,129.89,24.48,45.32,164.89,9,968.0,5.3012,-1.8369701987210297e-16,0,0,11.13,-1.0,1,0.26,33.79,0.0,0,0,1,240.45
05/09/2020,0.64,-2.8,-0.6,104.45,59.06,1.9,36,7.7,57.43,129.89,24.48,45.32,164.89,9,968.0,5.3012,-1.8369701987210297e-16,0,0,11.13,-1.0,1,0.26,35.37,0.0,0,0,1,240.45
06/09/2020,0.64,-2.8,-0.6,104.45,59.06,1.9,36,7.7,57.43,129.89,24.48,45.32,164.89,9,968.0,5.3012,-1.8369701987210297e-16,0,0,11.13,-1.0,1,0.26,35.24,0.5,0,0,1,240.45
07/09/2020,0.64,-2.8,-0.6,104.45,59.06,1.9,37,7.7,57.43,129.89,24.48,45.32,164.89,9,968.0,5.3012,-1.8369701987210297e-16,0,0,11.13,-1.0,1,0.26,35.52,1.5,0,0,1,240.45
08/09/2020,0.64,-2.8,-0.6,105.78,58.64,1.9,37,7.7,58.44,130.14,24.28,45.51,162.35,9,973.0,5.3638,-1.8369701987210297e-16,0,0,10.94,-1.0,1,0.26,36.8,0.5,0,0,1,243.9
09/09/2020,0.64,-2.8,-0.6,104.7,58.15,1.9,37,7.7,57.47,130.83,24.74,46.72,163.33,9,978.75,5.3078,-1.8369701987210297e-16,0,0,10.99,-1.0,1,0.26,37.03,0.0,0,0,1,247.1
10/09/2020,0.64,-2.8,-0.6,105.1,58.38,1.9,37,7.7,58.0,130.7,24.59,46.55,159.37,9,977.5,5.321,-1.8369701987210297e-16,0,0,10.98,-1.0,1,0.26,36.79,0.0,0,0,1,247.45
11/09/2020,0.64,-2.8,-0.6,105.53,58.99,1.9,37,7.7,58.72,131.94,24.74,46.05,158.66,9,996.0,5.3189,-1.8369701987210297e-16,0,0,11.06,-1.0,1,0.26,37.06,0.0,0,0,1,245.65
12/09/2020,0.64,-2.8,-0.6,105.53,58.99,1.9,37,7.7,58.72,131.94,24.74,46.05,158.66,9,996.0,5.3189,-1.8369701987210297e-16,0,0,11.06,-1.0,1,0.26,36.44,0.0,0,0,1,245.65
13/09/2020,0.64,-2.8,-0.6,105.53,58.99,1.9,37,7.7,58.72,131.94,24.74,46.05,158.66,9,996.0,5.3189,-1.8369701987210297e-16,0,0,11.06,-1.0,1,0.26,34.68,0.0,0,0,1,245.65
14/09/2020,0.64,-2.8,-0.6,106.88,59.7,1.9,38,7.7,59.17,133.76,25.35,47.11,161.45,9,999.5,5.2706,-1.8369701987210297e-16,0,0,11.31,-1.0,1,0.26,35.29,0.0,0,0,1,248.6
15/09/2020,0.64,-2.8,-0.6,107.1,58.97,1.9,38,7.7,59.22,133.69,25.29,46.82,163.42,9,995.75,5.2748,-1.8369701987210297e-16,0,0,11.16,-1.0,1,0.26,35.51,0.0,0,0,1,247.5
16/09/2020,0.64,-2.8,-0.6,106.72,58.88,1.9,38,7.7,59.85,135.48,25.86,47.88,165.46,9,1015.25,5.2377,-1.8369701987210297e-16,0,0,11.24,-1.0,1,0.26,35.79,0.0,0,0,1,250.9
17/09/2020,0.64,-2.8,-0.6,106.78,58.48,1.9,38,7.7,59.25,136.85,26.13,47.82,165.95,9,1031.25,5.2394,-1.8369701987210297e-16,0,0,11.16,-1.0,1,0.26,36.84,0.0,0,0,1,250.5
18/09/2020,0.64,-2.8,-0.6,107.35,58.48,1.9,38,7.7,59.77,138.04,25.72,46.21,164.34,9,1047.25,5.3876,-1.8369701987210297e-16,0,0,10.9,-1.0,1,0.26,37.2,0.0,0,0,1,248.0
19/09/2020,0.64,-2.8,-0.6,107.35,58.48,1.9,38,7.7,59.77,138.04,25.72,46.21,164.34,9,1047.25,5.3876,-1.8369701987210297e-16,0,0,10.9,-1.0,1,0.26,37.21,0.0,0,0,1,248.0
20/09/2020,0.64,-2.8,-0.6,107.35,58.48,1.9,38,7.7,59.77,138.04,25.72,46.21,164.34,9,1047.25,5.3876,-1.8369701987210297e-16,0,0,10.9,-1.0,1,0.26,35.37,0.0,0,0,1,248.0
21/09/2020,0.64,-2.8,-0.6,106.7,59.19,1.9,39,7.7,60.28,140.34,25.98,46.24,163.02,9,1027.5,5.4131,-1.8369701987210297e-16,0,0,10.95,-1.0,1,0.26,34.33,0.0,0,0,1,249.85
22/09/2020,0.64,-2.8,-0.6,106.47,59.91,1.9,39,7.7,61.44,140.92,25.79,45.98,161.95,9,1024.5,5.4704,-1.8369701987210297e-16,0,0,10.96,-1.0,1,0.26,27.1,0.0,0,0,1,251.3
23/09/2020,0.64,-2.8,-0.6,107.15,60.95,1.9,39,7.7,62.91,143.56,25.74,45.58,157.83,9,1018.75,5.5943,-1.8369701987210297e-16,0,0,10.93,-1.0,1,0.26,34.09,0.0,0,0,1,254.2
24/09/2020,0.64,-2.8,-0.6,108.03,61.28,1.9,39,7.7,62.66,144.88,26.27,45.78,159.36,9,1003.25,5.5089,-1.8369701987210297e-16,0,0,11.11,-1.0,1,0.26,35.45,0.0,0,0,1,252.55
25/09/2020,0.64,-2.8,-0.6,107.58,62.45,1.9,39,7.7,63.46,143.72,25.92,46.11,162.13,9,1006.25,5.5624,-1.8369701987210297e-16,0,0,11.26,-1.0,1,0.26,35.77,0.0,0,0,1,255.65
26/09/2020,0.64,-2.8,-0.6,107.58,62.45,1.9,39,7.7,63.46,143.72,25.92,46.11,162.13,9,1006.25,5.5624,-1.8369701987210297e-16,0,0,11.26,-1.0,1,0.26,32.75,0.0,0,0,1,255.65
27/09/2020,0.64,-2.8,-0.6,107.58,62.45,1.9,39,7.7,63.46,143.72,25.92,46.11,162.13,9,1006.25,5.5624,-1.8369701987210297e-16,0,0,11.26,-1.0,1,0.26,35.2,0.0,0,0,1,255.65
28/09/2020,0.64,-2.8,-0.6,107.95,62.42,1.9,40,7.7,65.19,144.83,25.7,45.38,164.22,9,1000.25,5.6627,-1.8369701987210297e-16,0,0,11.08,-1.0,1,0.26,38.73,0.0,0,0,1,255.7
29/09/2020,0.64,-2.8,-0.6,108.9,63.28,1.9,40,7.7,65.33,144.66,25.67,45.42,161.49,9,997.0,5.6344,-1.8369701987210297e-16,0,0,11.23,-1.0,1,0.26,40.19,0.0,0,0,1,256.0
30/09/2020,0.64,-2.8,-0.6,108.55,63.63,1.9,40,7.7,66.46,146.23,26.03,45.69,162.65,9,1027.25,5.6112,-1.8369701987210297e-16,0,0,11.33,-1.0,1,0.26,37.45,0.0,0,0,1,256.7
01/10/2020,0.86,1.27,-0.5,108.53,64.22,1.9,40,3.2,66.58,149.01,26.36,45.44,165.51,10,1027.25,5.6437,0.5000000000000001,0,0,11.36,-0.8660254037844386,1,0.26,35.81,0.0,0,0,0,256.8
02/10/2020,0.86,1.27,-0.5,108.17,64.75,1.9,40,3.2,66.85,149.47,26.42,45.62,163.8,10,1024.75,5.6851,0.5000000000000001,0,0,11.45,-0.8660254037844386,1,0.26,38.31,0.0,0,0,0,258.05
03/10/2020,0.86,1.27,-0.5,108.17,64.75,1.9,40,3.2,66.85,149.47,26.42,45.62,163.8,10,1024.75,5.6851,0.5000000000000001,0,0,11.45,-0.8660254037844386,1,0.26,37.53,0.0,0,0,0,258.05
04/10/2020,0.86,1.27,-0.5,108.17,64.75,1.9,40,3.2,66.85,149.47,26.42,45.62,163.8,10,1024.75,5.6851,0.5000000000000001,0,0,11.45,-0.8660254037844386,1,0.26,37.71,0.0,0,0,0,258.05
05/10/2020,0.86,1.27,-0.5,108.83,65.36,1.9,41,3.2,67.72,151.07,27.17,46.34,162.29,10,1025.0,5.5743,0.5000000000000001,0,0,11.75,-0.8660254037844386,1,0.26,38.51,0.0,0,0,0,257.7
06/10/2020,0.86,1.27,-0.5,109.2,65.48,1.9,41,3.2,68.75,150.89,26.95,45.28,163.64,10,1045.5,5.593,0.5000000000000001,0,0,11.69,-0.8660254037844386,1,0.26,36.56,0.0,0,0,0,253.55
07/10/2020,0.86,1.27,-0.5,110.17,67.26,1.9,41,3.2,69.42,153.2,27.27,45.93,164.78,10,1051.5,5.6097,0.5000000000000001,0,0,11.97,-0.8660254037844386,1,0.26,36.04,0.0,0,0,0,258.0
08/10/2020,0.86,1.27,-0.5,109.7,67.55,1.9,41,3.2,70.96,154.82,27.71,45.69,166.14,10,1048.0,5.5987,0.5000000000000001,0,0,12.09,-0.8660254037844386,1,0.26,37.61,0.0,0,0,0,255.3
09/10/2020,0.86,1.27,-0.5,109.88,68.12,1.9,41,3.2,70.88,153.53,27.75,47.29,164.69,10,1065.75,5.5318,0.5000000000000001,0,0,12.31,-0.8660254037844386,1,0.26,36.61,0.0,0,0,0,261.6
10/10/2020,0.86,1.27,-0.5,109.88,68.12,1.9,41,3.2,70.88,153.53,27.75,47.29,164.69,10,1065.75,5.5318,0.5000000000000001,0,0,12.31,-0.8660254037844386,1,0.26,33.62,0.5,0,0,0,261.6
11/10/2020,0.86,1.27,-0.5,109.88,68.12,1.9,41,3.2,70.88,153.53,27.75,47.29,164.69,10,1065.75,5.5318,0.5000000000000001,0,0,12.31,-0.8660254037844386,1,0.26,29.25,0.5,0,0,0,261.6
12/10/2020,0.86,1.27,-0.5,108.35,68.12,1.9,42,3.2,70.88,153.53,27.75,47.29,164.69,10,1036.75,5.5316,0.5000000000000001,0,0,12.31,-0.8660254037844386,1,0.26,32.24,1.5,0,0,0,261.6
13/10/2020,0.86,1.27,-0.5,108.83,69.09,1.9,42,3.2,71.82,154.81,27.77,46.99,162.83,10,1047.0,5.5693,0.5000000000000001,0,0,12.4,-0.8660254037844386,1,0.26,32.34,0.0,0,0,0,261.9
14/10/2020,0.86,1.27,-0.5,108.38,69.53,1.9,42,3.2,72.42,155.15,27.69,47.0,162.06,10,1057.25,5.5912,0.5000000000000001,0,0,12.41,-0.8660254037844386,1,0.26,32.14,0.0,0,0,0,263.35
15/10/2020,0.86,1.27,-0.5,107.78,70.3,1.9,42,3.2,73.9,156.62,27.91,46.59,162.43,10,1062.0,5.6126,0.5000000000000001,0,0,12.53,-0.8660254037844386,1,0.26,34.93,0.0,0,0,0,261.45
16/10/2020,0.86,1.27,-0.5,107.15,70.72,1.9,42,3.2,75.92,157.8,27.95,46.71,163.31,10,1050.25,5.6428,0.5000000000000001,0,0,12.53,-0.8660254037844386,1,0.26,34.74,0.0,0,0,0,263.65
17/10/2020,0.86,1.27,-0.5,107.15,70.72,1.9,42,3.2,75.92,157.8,27.95,46.71,163.31,10,1050.25,5.6428,0.5000000000000001,0,0,12.53,-0.8660254037844386,1,0.26,37.38,0.0,0,0,0,263.65
18/10/2020,0.86,1.27,-0.5,107.15,70.72,1.9,42,3.2,75.92,157.8,27.95,46.71,163.31,10,1050.25,5.6428,0.5000000000000001,0,0,12.53,-0.8660254037844386,1,0.26,33.51,0.0,0,0,0,263.65
19/10/2020,0.86,1.27,-0.5,104.0,71.49,1.9,43,3.2,77.85,159.84,28.52,47.16,158.79,10,1054.0,5.6069,0.5000000000000001,0,0,12.76,-0.8660254037844386,1,0.26,27.1,0.0,0,0,0,264.3
20/10/2020,0.86,1.27,-0.5,104.12,73.33,1.9,43,3.2,79.92,160.44,28.66,47.6,158.58,10,1063.75,5.6054,0.5000000000000001,0,0,13.1,-0.8660254037844386,1,0.26,34.94,0.0,0,0,0,266.45
21/10/2020,0.86,1.27,-0.5,103.65,75.39,1.9,43,3.2,83.92,162.96,29.06,47.92,160.0,10,1071.5,5.6066,0.5000000000000001,0,0,13.45,-0.8660254037844386,1,0.26,35.51,0.0,0,0,0,268.7
22/10/2020,0.86,1.27,-0.5,103.33,77.33,1.9,43,3.2,82.89,164.33,29.36,48.17,158.93,10,1072.25,5.5893,0.5000000000000001,0,0,13.81,-0.8660254037844386,1,0.26,36.67,0.0,0,0,0,269.65
23/10/2020,0.86,1.27,-0.5,103.35,78.82,1.9,43,3.2,80.03,164.5,29.23,47.81,159.29,10,1081.0,5.6175,0.5000000000000001,0,0,14.01,-0.8660254037844386,1,0.26,33.51,0.0,0,0,0,269.1
24/10/2020,0.86,1.27,-0.5,103.35,78.82,1.9,43,3.2,80.03,164.5,29.23,47.81,159.29,10,1081.0,5.6175,0.5000000000000001,0,0,14.01,-0.8660254037844386,1,0.26,28.55,0.0,0,0,0,269.1
25/10/2020,0.86,1.27,-0.5,103.35,78.82,1.9,43,3.2,80.03,164.5,29.23,47.81,159.29,10,1081.0,5.6175,0.5000000000000001,0,0,14.01,-0.8660254037844386,1,0.26,28.54,0.0,0,0,0,269.1
26/10/2020,0.86,1.27,-0.5,103.97,79.67,1.9,44,3.2,83.33,164.78,29.29,48.09,155.7,10,1083.5,5.6229,0.5000000000000001,0,0,14.16,-0.8660254037844386,1,0.26,33.22,0.0,0,0,0,270.5
27/10/2020,0.86,1.27,-0.5,104.85,81.48,1.9,44,3.2,84.75,165.51,29.17,48.41,155.03,10,1076.5,5.7055,0.5000000000000001,0,0,14.36,-0.8660254037844386,1,0.26,30.15,0.0,0,0,0,274.7
28/10/2020,0.86,1.27,-0.5,105.85,82.67,1.9,44,3.2,83.34,166.1,28.92,46.8,145.39,10,1054.75,5.7457,0.5000000000000001,0,0,14.4,-0.8660254037844386,1,0.26,25.65,0.0,0,0,0,268.8
29/10/2020,0.86,1.27,-0.5,106.28,82.55,1.9,44,3.2,81.56,165.82,28.83,47.92,145.81,10,1050.5,5.779,0.5000000000000001,0,0,14.35,-0.8660254037844386,1,0.26,30.88,0.0,0,0,0,275.6
30/10/2020,0.86,1.27,-0.5,105.97,81.89,1.9,44,3.2,79.63,165.97,28.88,48.43,146.52,10,1056.25,5.7446,0.5000000000000001,0,0,14.25,-0.8660254037844386,1,0.26,33.6,0.0,0,0,0,278.4
31/10/2020,0.86,1.27,-0.5,105.97,81.89,1.9,44,3.2,79.63,165.97,28.88,48.43,146.52,10,1056.25,5.7446,0.5000000000000001,0,0,14.25,-0.8660254037844386,1,0.26,26.45,0.5,0,0,0,278.4
01/11/2020,0.86,-0.45,-0.5,105.97,81.89,1.9,44,3.2,79.63,165.97,28.88,48.43,146.52,11,1056.25,5.7446,0.8660254037844384,0,0,14.25,-0.5000000000000004,1,0.26,27.6,0.5,0,0,0,278.4
02/11/2020,0.86,-0.45,-0.5,108.55,81.89,1.9,45,3.2,79.63,165.97,28.88,48.43,146.52,11,1052.25,5.7425,0.8660254037844384,0,0,14.25,-0.5000000000000004,1,0.26,26.13,1.5,0,0,0,278.4
03/11/2020,0.89,-0.45,-0.5,107.83,80.77,1.9,45,3.2,81.57,167.4,29.11,48.16,149.2,11,1064.25,5.756,0.8660254037844384,0,0,14.05,-0.5000000000000004,1,0.26,29.78,0.0,0,0,0,276.95
04/11/2020,0.89,-0.45,-0.5,107.88,81.41,1.9,45,3.2,82.24,168.25,29.72,49.04,146.31,11,1086.25,5.6635,0.8660254037844384,0,0,14.38,-0.5000000000000004,1,0.26,28.7,0.0,0,0,0,277.65
05/11/2020,0.89,-0.45,-0.5,108.35,81.27,1.9,45,3.2,82.81,168.77,30.43,50.46,146.26,11,1103.75,5.525,0.8660254037844384,0,0,14.65,-0.5000000000000004,1,0.26,33.4,0.0,0,0,0,279.9
06/11/2020,0.89,-0.45,-0.5,108.65,81.32,1.9,45,3.2,80.04,168.72,31.31,53.42,146.39,11,1101.5,5.3647,0.8660254037844384,0,0,15.09,-0.5000000000000004,1,0.26,34.14,0.0,0,0,0,287.85
07/11/2020,0.89,-0.45,-0.5,108.65,81.32,1.9,45,3.2,80.04,168.72,31.31,53.42,146.39,11,1101.5,5.3647,0.8660254037844384,0,0,15.09,-0.5000000000000004,1,0.26,28.11,0.0,0,0,0,287.85
08/11/2020,0.89,-0.45,-0.5,108.65,81.32,1.9,45,3.2,80.04,168.72,31.31,53.42,146.39,11,1101.5,5.3647,0.8660254037844384,0,0,15.09,-0.5000000000000004,1,0.26,35.58,0.0,0,0,0,287.85
09/11/2020,0.89,-0.45,-0.5,111.83,80.91,1.9,46,3.2,78.79,164.91,30.46,53.06,157.89,11,1110.5,5.3858,0.8660254037844384,0,0,14.94,-0.5000000000000004,1,0.26,34.98,0.0,0,0,0,287.25
10/11/2020,0.89,-0.45,-0.5,111.88,80.19,1.9,46,3.2,81.57,165.6,30.79,53.54,164.01,11,1146.0,5.4147,0.8660254037844384,0,0,14.91,-0.5000000000000004,1,0.26,30.53,0.0,0,0,0,288.0
11/11/2020,0.89,-0.45,-0.5,112.4,80.58,1.9,46,3.2,81.0,166.03,30.67,53.93,161.19,11,1152.5,5.391,0.8660254037844384,0,0,14.88,-0.5000000000000004,1,0.26,35.63,0.0,0,0,0,292.0
12/11/2020,0.89,-0.45,-0.5,111.97,80.55,1.9,46,3.2,80.18,164.3,30.06,52.79,156.52,11,1145.5,5.4581,0.8660254037844384,0,0,14.74,-0.5000000000000004,1,0.26,33.34,0.0,0,0,0,288.55
13/11/2020,0.89,-0.45,-0.5,109.92,80.74,1.9,46,3.2,80.3,165.08,30.14,53.28,161.34,11,1148.0,5.4582,0.8660254037844384,0,0,14.74,-0.5000000000000004,1,0.26,27.0,0.0,0,0,0,291.8
14/11/2020,0.89,-0.45,-0.5,109.92,80.74,1.9,46,3.2,80.3,165.08,30.14,53.28,161.34,11,1148.0,5.4582,0.8660254037844384,0,0,14.74,-0.5000000000000004,1,0.26,32.59,0.0,0,0,0,291.8
15/11/2020,0.89,-0.45,-0.5,109.92,80.74,1.9,46,3.2,80.3,165.08,30.14,53.28,161.34,11,1148.0,5.4582,0.8660254037844384,0,0,14.74,-0.5000000000000004,1,0.26,30.98,0.0,0,0,0,291.8
16/11/2020,0.89,-0.45,-0.5,110.42,80.54,1.9,47,3.2,80.61,165.47,30.46,53.49,164.07,11,1154.5,5.4152,0.8660254037844384,0,0,14.83,-0.5000000000000004,1,0.26,29.31,0.0,0,0,0,290.55
17/11/2020,0.89,-0.45,-0.5,111.33,80.92,1.9,47,3.2,79.87,164.18,30.76,53.48,163.39,11,1168.5,5.3281,0.8660254037844384,0,0,15.16,-0.5000000000000004,1,0.26,29.13,0.0,0,0,0,285.45
18/11/2020,0.89,-0.45,-0.5,110.65,80.44,1.9,47,3.2,79.98,164.4,30.76,52.79,161.16,11,1174.75,5.3629,0.8660254037844384,0,0,15.05,-0.5000000000000004,1,0.26,30.6,0.0,0,0,0,282.15
19/11/2020,0.89,-0.45,-0.5,108.25,80.02,1.9,47,3.2,78.83,164.02,30.88,54.15,161.31,11,1175.5,5.3054,0.8660254037844384,0,0,15.06,-0.5000000000000004,1,0.26,26.63,0.0,0,0,0,287.65
20/11/2020,0.89,-0.45,-0.5,108.1,80.21,1.9,47,3.2,78.84,163.98,30.53,53.43,162.8,11,1181.25,5.3797,0.8660254037844384,0,0,14.93,-0.5000000000000004,1,0.26,29.06,0.0,0,0,0,287.05
21/11/2020,0.89,-0.45,-0.5,108.1,80.21,1.9,47,3.2,78.84,163.98,30.53,53.43,162.8,11,1181.25,5.3797,0.8660254037844384,0,0,14.93,-0.5000000000000004,1,0.26,31.37,0.0,0,0,0,287.05
22/11/2020,0.89,-0.45,-0.5,108.1,80.21,1.9,47,3.2,78.84,163.98,30.53,53.43,162.8,11,1181.25,5.3797,0.8660254037844384,0,0,14.93,-0.5000000000000004,1,0.26,28.98,0.0,0,0,0,287.05
23/11/2020,0.89,-0.45,-0.5,110.0,80.06,1.9,48,3.2,80.58,163.34,30.04,53.28,164.08,11,1192.5,5.439,0.8660254037844384,0,0,14.72,-0.5000000000000004,1,0.26,30.43,0.0,0,0,0,289.7
24/11/2020,0.89,-0.45,-0.5,111.17,79.67,1.9,48,3.2,80.46,162.3,30.14,53.28,168.35,11,1193.25,5.3736,0.8660254037844384,0,0,14.8,-0.5000000000000004,1,0.26,31.54,0.0,0,0,0,286.9
25/11/2020,0.89,-0.45,-0.5,111.38,79.77,1.9,48,3.2,78.88,162.4,30.54,52.33,169.92,11,1185.75,5.3237,0.8660254037844384,0,0,15.0,-0.5000000000000004,1,0.26,33.13,0.0,0,0,0,278.3
26/11/2020,0.89,-0.45,-0.5,111.38,79.77,1.9,48,3.2,78.88,162.4,30.54,52.33,169.92,11,1185.75,5.3237,0.8660254037844384,0,0,15.0,-0.5000000000000004,1,0.26,33.15,0.0,0,0,0,278.3
27/11/2020,0.89,-0.45,-0.5,110.62,79.27,1.9,48,3.2,78.69,161.1,30.23,52.51,169.9,11,1192.75,5.3438,0.8660254037844384,0,0,14.88,-0.5000000000000004,1,0.26,33.53,0.0,0,0,0,279.8
28/11/2020,0.89,-0.45,-0.5,110.62,79.27,1.9,48,3.2,78.69,161.1,30.23,52.51,169.9,11,1192.75,5.3438,0.8660254037844384,0,0,14.88,-0.5000000000000004,1,0.26,33.9,0.0,0,0,0,279.8
29/11/2020,0.89,-0.45,-0.5,110.62,79.27,1.9,48,3.2,78.69,161.1,30.23,52.51,169.9,11,1192.75,5.3438,0.8660254037844384,0,0,14.88,-0.5000000000000004,1,0.26,33.03,0.0,0,0,0,279.8
30/11/2020,0.89,-0.45,-0.5,110.17,78.31,1.9,49,3.2,78.04,159.94,29.88,53.01,170.15,11,1169.5,5.3319,0.8660254037844384,0,0,14.63,-0.5000000000000004,1,0.26,32.55,0.0,0,0,0,283.75
01/12/2020,1.35,1.92,-0.5,110.62,77.17,1.9,49,3.2,75.42,158.7,30.32,51.89,174.17,12,1163.0,5.2061,1.0,0,1,14.74,-2.4492935982947064e-16,1,0.26,34.7,0.0,0,0,0,271.6
02/12/2020,1.35,1.92,-0.5,110.7,76.44,1.9,49,3.2,74.63,155.26,29.6,52.3,176.81,12,1154.75,5.2175,1.0,0,1,14.57,-2.4492935982947064e-16,1,0.26,36.6,0.0,0,0,0,274.3
03/12/2020,1.35,1.92,-0.5,109.6,75.47,1.9,49,3.2,72.87,152.38,29.66,53.6,176.65,12,1170.25,5.1515,1.0,0,1,14.69,-2.4492935982947064e-16,1,0.26,34.73,0.0,0,0,0,275.35
04/12/2020,1.35,1.92,-0.5,108.88,74.69,1.9,49,3.2,69.87,148.37,28.93,52.85,178.9,12,1165.0,5.1557,1.0,0,1,14.56,-2.4492935982947064e-16,1,0.26,30.6,0.0,0,0,0,271.0
05/12/2020,1.35,1.92,-0.5,108.88,74.69,1.9,49,3.2,69.87,148.37,28.93,52.85,178.9,12,1165.0,5.1557,1.0,0,1,14.56,-2.4492935982947064e-16,1,0.26,32.13,0.0,0,0,0,271.0
06/12/2020,1.35,1.92,-0.5,108.88,74.69,1.9,49,3.2,69.87,148.37,28.93,52.85,178.9,12,1165.0,5.1557,1.0,0,1,14.56,-2.4492935982947064e-16,1,0.26,25.13,0.0,0,0,0,271.0
07/12/2020,1.35,1.92,-0.5,108.0,73.84,1.9,50,3.2,68.02,146.8,28.89,53.18,178.08,12,1162.5,5.099,1.0,0,1,14.53,-2.4492935982947064e-16,1,0.26,31.95,0.0,0,0,0,270.25
08/12/2020,1.35,1.92,-0.5,107.85,73.42,1.9,50,3.2,71.42,145.18,28.31,52.02,178.27,12,1151.5,5.1202,1.0,0,1,14.31,-2.4492935982947064e-16,1,0.26,32.56,0.0,0,0,0,266.8
09/12/2020,1.35,1.92,-0.5,107.38,73.61,1.9,50,3.2,74.99,144.86,27.95,51.19,177.3,12,1163.5,5.1708,1.0,0,1,14.2,-2.4492935982947064e-16,1,0.26,26.29,0.0,0,0,0,265.3
10/12/2020,1.35,1.92,-0.5,107.92,73.46,1.9,50,3.2,73.05,144.0,28.59,52.21,177.4,12,1158.75,5.0256,1.0,0,1,14.58,-2.4492935982947064e-16,1,0.26,28.7,0.0,0,0,0,263.0
11/12/2020,1.35,1.92,-0.5,108.75,73.1,1.9,50,3.2,74.14,141.23,27.95,52.21,175.25,12,1166.0,5.0656,1.0,0,1,14.47,-2.4492935982947064e-16,1,0.26,27.55,0.0,0,0,0,263.0
12/12/2020,1.35,1.92,-0.5,108.75,73.1,1.9,50,3.2,74.14,141.23,27.95,52.21,175.25,12,1166.0,5.0656,1.0,0,1,14.47,-2.4492935982947064e-16,1,0.26,28.35,0.0,0,0,0,263.0
13/12/2020,1.35,1.92,-0.5,108.75,73.1,1.9,50,3.2,74.14,141.23,27.95,52.21,175.25,12,1166.0,5.0656,1.0,0,1,14.47,-2.4492935982947064e-16,1,0.26,30.65,0.0,0,0,0,263.0
14/12/2020,1.35,1.92,-0.5,109.1,73.31,1.9,51,3.2,76.04,141.81,27.75,50.82,172.6,12,1174.5,5.1189,1.0,0,1,14.35,-2.4492935982947064e-16,1,0.26,35.15,0.0,0,0,0,259.7
15/12/2020,1.35,1.92,-0.5,108.6,73.84,1.9,51,3.2,76.35,142.02,27.91,51.59,176.34,12,1188.75,5.0842,1.0,0,1,14.51,-2.4492935982947064e-16,1,0.26,34.03,0.5,0,1,0,262.55
16/12/2020,1.35,1.92,-0.5,108.78,74.85,1.9,51,3.2,77.15,141.78,27.66,51.73,176.66,12,1188.0,5.0838,1.0,0,1,14.6,-2.4492935982947064e-16,1,0.26,34.7,0.5,0,1,0,265.15
17/12/2020,1.35,1.92,-0.5,109.35,74.11,1.9,51,3.2,76.87,142.08,28.0,51.03,179.79,12,1205.5,5.0582,1.0,0,1,14.6,-2.4492935982947064e-16,1,0.26,30.84,0.5,0,1,0,259.0
18/12/2020,1.35,1.92,-0.5,110.47,74.22,1.9,51,3.2,77.41,141.0,27.72,50.19,178.85,12,1224.0,5.1022,1.0,0,1,14.59,-2.4492935982947064e-16,1,0.26,29.86,0.5,0,1,0,255.3
19/12/2020,1.35,1.92,-0.5,110.47,74.22,1.9,51,3.2,77.41,141.0,27.72,50.19,178.85,12,1224.0,5.1022,1.0,0,1,14.59,-2.4492935982947064e-16,1,0.26,33.7,0.5,0,1,0,255.3
20/12/2020,1.35,1.92,-0.5,110.47,74.22,1.9,51,3.2,77.41,141.0,27.72,50.19,178.85,12,1224.0,5.1022,1.0,0,1,14.59,-2.4492935982947064e-16,1,0.26,30.6,1.0,0,1,0,255.3
21/12/2020,1.35,1.92,-0.5,110.6,75.1,1.9,52,3.2,78.0,141.59,27.63,50.97,176.71,12,1247.5,5.1222,1.0,0,1,14.66,-2.4492935982947064e-16,1,0.26,27.82,1.0,0,1,0,261.15
22/12/2020,1.35,1.92,-0.5,110.33,77.34,1.9,52,3.2,79.38,141.53,27.4,50.88,175.96,12,1250.0,5.1597,1.0,0,1,14.97,-2.4492935982947064e-16,1,0.26,29.28,1.0,0,1,0,262.8
23/12/2020,1.35,1.92,-0.5,111.92,77.6,1.9,52,3.2,79.87,142.13,27.34,51.22,175.32,12,1260.0,5.2164,1.0,0,1,14.93,-2.4492935982947064e-16,1,0.26,27.26,1.0,0,1,0,266.3
24/12/2020,1.35,1.92,-0.5,112.15,77.6,1.9,52,3.2,79.87,142.13,27.34,51.22,175.95,12,1264.5,5.2165,1.0,0,1,14.93,-2.4492935982947064e-16,1,0.26,29.04,1.5,0,1,0,266.3
25/12/2020,1.35,1.92,-0.5,114.96,77.6,1.9,52,3.2,79.87,142.13,27.34,51.22,175.95,12,1264.4,5.2165,1.0,0,1,14.93,-2.4492935982947064e-16,1,0.26,28.09,2.5,0,1,0,266.3
26/12/2020,1.35,1.92,-0.5,114.96,77.6,1.9,52,3.2,79.87,142.13,27.34,51.22,175.95,12,1264.4,5.2165,1.0,0,1,14.93,-2.4492935982947064e-16,1,0.26,27.07,1.0,0,1,0,266.3
27/12/2020,1.35,1.92,-0.5,114.96,77.6,1.9,52,3.2,79.87,142.13,27.34,51.22,175.95,12,1264.4,5.2165,1.0,0,1,14.93,-2.4492935982947064e-16,1,0.26,31.32,1.0,0,1,0,266.3
28/12/2020,1.35,1.92,-0.5,113.05,78.02,1.9,53,3.2,81.98,141.99,27.1,51.59,177.83,12,1257.25,5.2461,1.0,0,1,14.89,-2.4492935982947064e-16,1,0.26,33.1,1.0,0,1,0,270.3
29/12/2020,1.35,1.92,-0.5,112.05,78.45,1.9,53,3.2,82.96,144.73,27.92,52.57,176.32,12,1296.0,5.2099,1.0,0,1,15.13,-2.4492935982947064e-16,1,0.26,34.16,1.0,0,1,0,272.5
30/12/2020,1.35,1.92,-0.5,112.12,78.65,1.9,53,3.2,82.76,144.89,27.94,51.51,175.47,12,1300.5,5.1937,1.0,0,1,15.17,-2.4492935982947064e-16,1,0.26,34.54,1.0,0,1,0,267.15
31/12/2020,1.35,1.92,-0.5,112.95,78.65,1.9,53,3.2,82.76,144.89,27.94,51.51,179.47,12,1311.0,5.1937,1.0,0,1,15.17,-2.4492935982947064e-16,1,0.26,33.4,1.0,0,1,0,267.15
01/01/2021,1.35,1.58,-0.5,115.13,78.65,1.9,53,3.2,82.76,144.89,27.94,51.51,179.47,1,1310.25,5.1937,0.8660254037844387,0,1,15.17,0.49999999999999994,1,0.26,30.67,2.0,1,1,0,267.15
02/01/2021,1.35,1.58,-0.5,115.13,78.65,1.9,53,3.2,82.76,144.89,27.94,51.51,179.47,1,1310.25,5.1937,0.8660254037844387,0,1,15.17,0.49999999999999994,1,0.26,28.33,0.5,1,1,0,267.15
03/01/2021,1.35,1.58,-0.5,115.13,78.65,1.9,53,3.2,82.76,144.89,27.94,51.51,179.47,1,1310.25,5.1937,0.8660254037844387,0,1,15.17,0.49999999999999994,1,0.26,26.0,0.5,1,1,0,267.15
04/01/2021,0.25,1.58,5.7,112.3,81.79,1.9,1,1.2,83.05,147.78,28.09,52.02,176.75,1,1313.0,5.2968,0.8660254037844387,0,1,15.55,0.49999999999999994,1,0.26,29.7,0.5,1,1,0,273.7
05/01/2021,0.25,1.58,5.7,115.05,81.62,1.9,1,1.2,84.39,155.72,29.59,52.61,176.58,1,1347.0,5.2854,0.8660254037844387,0,1,15.51,0.49999999999999994,1,0.26,33.23,0.5,1,1,0,276.9
06/01/2021,0.25,1.58,5.7,115.0,82.31,1.9,1,1.2,82.81,158.46,29.99,52.68,190.63,1,1361.5,5.3139,0.8660254037844387,0,1,15.58,0.49999999999999994,1,0.26,35.23,0.5,1,1,0,278.3
07/01/2021,0.25,1.58,5.7,114.97,82.65,1.9,1,1.2,83.01,159.16,29.55,52.0,195.99,1,1355.25,5.4101,0.8660254037844387,0,1,15.34,0.49999999999999994,1,0.26,33.75,0.5,1,1,0,280.1
08/01/2021,0.25,1.58,5.7,114.47,82.6,1.9,1,1.2,83.38,160.93,29.71,51.61,196.85,1,1374.75,5.4178,0.8660254037844387,0,1,15.25,0.49999999999999994,1,0.26,32.46,0.5,1,1,0,279.5
09/01/2021,0.25,1.58,5.7,114.47,82.6,1.9,1,1.2,83.38,160.93,29.71,51.61,196.85,1,1374.75,5.4178,0.8660254037844387,0,1,15.25,0.49999999999999994,1,0.26,31.52,0.5,1,1,0,279.5
10/01/2021,0.25,1.58,5.7,114.47,82.6,1.9,1,1.2,83.38,160.93,29.71,51.61,196.85,1,1374.75,5.4178,0.8660254037844387,0,1,15.25,0.49999999999999994,1,0.26,31.88,0.5,1,1,0,279.5
11/01/2021,0.25,1.58,5.7,113.4,82.64,1.9,2,1.2,83.22,164.28,29.92,51.85,196.12,1,1372.5,5.489,0.8660254037844387,0,1,15.05,0.49999999999999994,1,0.26,30.35,0.5,1,1,0,284.7
12/01/2021,0.25,1.58,5.7,112.47,83.32,1.9,2,1.2,83.58,165.92,31.11,53.24,198.63,1,1418.25,5.3226,0.8660254037844387,0,1,15.62,0.49999999999999994,1,0.26,31.0,0.5,1,1,0,283.95
13/01/2021,0.25,1.58,5.7,112.25,83.87,1.9,2,1.2,84.27,166.53,31.42,53.95,195.14,1,1406.25,5.299,0.8660254037844387,0,1,15.82,0.49999999999999994,1,0.26,29.3,0.5,1,1,0,285.95
14/01/2021,0.25,1.58,5.7,112.08,84.28,1.9,2,1.2,84.21,166.99,32.09,55.78,191.38,1,1430.5,5.1967,0.8660254037844387,0,1,16.2,0.49999999999999994,1,0.26,26.54,0.5,1,1,0,290.2
15/01/2021,0.25,1.58,5.7,112.78,84.52,1.9,2,1.2,84.22,166.97,31.59,54.46,189.1,1,1414.75,5.2927,0.8660254037844387,0,1,15.99,0.49999999999999994,1,0.26,28.57,0.5,1,1,0,287.9
16/01/2021,0.25,1.58,5.7,112.78,84.52,1.9,2,1.2,84.22,166.97,31.59,54.46,189.1,1,1414.75,5.2927,0.8660254037844387,0,1,15.99,0.49999999999999994,1,0.26,24.93,0.5,1,1,0,287.9
17/01/2021,0.25,1.58,5.7,112.78,84.52,1.9,2,1.2,84.22,166.97,31.59,54.46,189.1,1,1414.75,5.2927,0.8660254037844387,0,1,15.99,0.49999999999999994,1,0.26,29.41,0.5,1,1,0,287.9
18/01/2021,0.25,1.58,5.7,112.78,84.52,1.9,3,1.2,84.22,166.97,31.59,54.46,189.1,1,1414.75,5.2927,0.8660254037844387,0,1,15.99,0.49999999999999994,1,0.26,30.18,0.5,1,1,0,287.9
19/01/2021,0.25,1.58,5.7,113.33,85.22,1.9,3,1.2,88.98,167.89,31.38,54.64,189.47,1,1383.25,5.3578,0.8660254037844387,0,1,15.93,0.49999999999999994,1,0.26,29.73,0.5,1,1,0,292.35
20/01/2021,0.25,1.58,5.7,113.35,85.44,1.9,3,1.2,87.27,166.22,31.25,55.39,187.14,1,1367.25,5.2917,0.8660254037844387,0,1,16.06,0.49999999999999994,1,0.26,33.68,0.5,1,1,0,294.6
21/01/2021,0.25,1.58,5.7,114.1,85.03,1.9,3,1.2,88.35,167.15,31.21,55.46,183.56,1,1368.75,5.3506,0.8660254037844387,0,1,15.88,0.49999999999999994,1,0.26,31.45,0.5,1,1,0,297.05
22/01/2021,0.25,1.58,5.7,116.72,84.43,1.9,3,1.2,85.86,166.39,30.41,53.9,181.43,1,1311.75,5.4666,0.8660254037844387,0,1,15.43,0.49999999999999994,1,0.26,27.84,0.5,1,1,0,294.95
23/01/2021,0.25,1.58,5.7,116.72,84.43,1.9,3,1.2,85.86,166.39,30.41,53.9,181.43,1,1311.75,5.4666,0.8660254037844387,0,1,15.43,0.49999999999999994,1,0.26,30.57,0.5,1,1,0,294.95
24/01/2021,0.25,1.58,5.7,116.72,84.43,1.9,3,1.2,85.86,166.39,30.41,53.9,181.43,1,1311.75,5.4666,0.8660254037844387,0,1,15.43,0.49999999999999994,1,0.26,32.5,0.5,1,1,0,294.95
25/01/2021,0.25,1.58,5.7,116.53,83.87,1.9,4,1.2,85.86,166.35,30.2,53.9,181.75,1,1342.75,5.4665,0.8660254037844387,0,1,15.23,0.49999999999999994,1,0.26,30.63,0.5,1,1,0,294.95
26/01/2021,0.25,1.58,5.7,117.0,83.97,1.9,4,1.2,85.76,165.87,31.13,55.93,181.14,1,1369.5,5.3552,0.8660254037844387,0,1,15.76,0.49999999999999994,1,0.26,33.95,0.5,1,1,0,298.0
27/01/2021,0.25,1.58,5.7,116.45,83.83,1.9,4,1.2,83.9,166.36,30.82,55.19,176.25,1,1373.25,5.4138,0.8660254037844387,0,1,15.53,0.49999999999999994,1,0.26,28.75,0.5,1,1,0,297.85
28/01/2021,0.25,1.58,5.7,116.0,83.25,1.9,4,1.2,84.41,166.35,30.6,55.13,179.88,1,1351.5,5.441,0.8660254037844387,0,1,15.31,0.49999999999999994,1,0.26,32.1,0.5,1,1,0,299.7
29/01/2021,0.25,1.58,5.7,115.05,83.34,1.9,4,1.2,86.78,165.72,30.22,54.69,179.16,1,1367.0,5.4625,0.8660254037844387,0,1,15.2,0.49999999999999994,1,0.26,32.4,0.5,1,1,0,299.85
30/01/2021,0.25,1.58,5.7,115.05,83.34,1.9,4,1.2,86.78,165.72,30.22,54.69,179.16,1,1367.0,5.4625,0.8660254037844387,0,1,15.2,0.49999999999999994,1,0.26,32.9,0.5,1,1,0,299.85
31/01/2021,0.25,1.58,5.7,115.05,83.34,1.9,4,1.2,86.78,165.72,30.22,54.69,179.16,1,1367.0,5.4625,0.8660254037844387,0,1,15.2,0.49999999999999994,1,0.26,28.9,0.5,1,1,0,299.85
01/02/2021,0.86,0.03,5.7,114.88,83.95,1.9,5,1.2,88.17,166.63,30.57,55.22,184.78,2,1362.5,5.4322,0.5000000000000001,0,0,15.4,0.8660254037844386,1,0.26,32.8,0.0,1,0,0,301.0
02/02/2021,0.86,0.03,5.7,115.97,83.03,1.9,5,1.2,87.0,165.29,30.85,56.19,189.28,2,1350.75,5.368,0.5000000000000001,0,0,15.5,0.8660254037844386,1,0.26,30.2,0.0,1,0,0,301.05
03/02/2021,0.86,0.03,5.7,115.47,83.09,1.9,5,1.2,86.86,163.39,30.47,56.3,189.26,2,1367.5,5.3534,0.5000000000000001,0,0,15.5,0.8660254037844386,1,0.26,29.95,0.0,1,0,0,301.9
04/02/2021,0.86,0.03,5.7,116.45,83.02,1.9,5,1.2,85.41,165.39,30.33,55.02,190.78,2,1369.25,5.4266,0.5000000000000001,0,0,15.22,0.8660254037844386,1,0.26,30.65,0.0,1,0,0,300.1
05/02/2021,0.86,0.03,5.7,116.72,82.78,1.9,5,1.2,85.36,165.29,30.69,56.02,188.67,2,1365.75,5.3704,0.5000000000000001,0,0,15.37,0.8660254037844386,1,0.26,28.89,0.0,1,0,0,301.7
06/02/2021,0.86,0.03,5.7,116.72,82.78,1.9,5,1.2,85.36,165.29,30.69,56.02,188.67,2,1365.75,5.3704,0.5000000000000001,0,0,15.37,0.8660254037844386,1,0.26,28.93,0.0,1,0,0,301.7
07/02/2021,0.86,0.03,5.7,116.72,82.78,1.9,5,1.2,85.36,165.29,30.69,56.02,188.67,2,1365.75,5.3704,0.5000000000000001,0,0,15.37,0.8660254037844386,1,0.26,26.25,0.0,1,0,0,301.7
08/02/2021,0.86,0.03,5.7,116.58,82.69,1.9,6,1.2,86.51,163.8,30.49,56.12,189.02,2,1386.0,5.3657,0.5000000000000001,0,0,15.39,0.8660254037844386,1,0.26,24.83,0.0,1,0,0,301.5
09/02/2021,0.86,0.03,5.7,117.45,83.39,1.9,6,1.2,86.86,164.64,30.59,56.15,189.24,2,1398.75,5.3781,0.5000000000000001,0,0,15.49,0.8660254037844386,1,0.26,29.3,0.0,1,0,0,302.2
10/02/2021,0.86,0.03,5.7,116.12,83.16,1.9,6,1.2,85.08,161.66,30.05,55.76,182.57,2,1352.5,5.386,0.5000000000000001,0,0,15.46,0.8660254037844386,1,0.26,28.84,0.0,1,0,0,299.95
11/02/2021,0.86,0.03,5.7,115.33,83.19,1.9,6,1.2,86.48,159.73,29.62,55.86,180.12,2,1366.75,5.3665,0.5000000000000001,0,0,15.43,0.8660254037844386,1,0.26,30.87,0.0,1,0,0,301.2
12/02/2021,0.86,0.03,5.7,117.2,83.4,1.9,6,1.2,85.98,160.06,29.76,56.34,181.75,2,1371.25,5.3698,0.5000000000000001,0,0,15.51,0.8660254037844386,1,0.26,26.4,0.5,1,0,0,303.0
13/02/2021,0.86,0.03,5.7,117.2,83.4,1.9,6,1.2,85.98,160.06,29.76,56.34,181.75,2,1371.25,5.3698,0.5000000000000001,0,0,15.51,0.8660254037844386,1,0.26,28.78,0.5,1,0,0,303.0
14/02/2021,0.86,0.03,5.7,117.2,83.4,1.9,6,1.2,85.98,160.06,29.76,56.34,181.75,2,1371.25,5.3698,0.5000000000000001,0,0,15.51,0.8660254037844386,1,0.26,30.17,0.5,1,0,0,303.0
15/02/2021,0.86,0.03,5.7,117.2,83.4,1.9,7,1.2,85.98,160.06,29.76,56.34,181.75,2,1371.25,5.3698,0.5000000000000001,0,0,15.51,0.8660254037844386,1,0.26,27.0,0.5,1,0,0,303.0
16/02/2021,0.86,0.03,5.7,116.15,83.4,1.9,7,1.2,85.98,160.06,29.76,56.34,181.75,2,1385.75,5.3695,0.5000000000000001,0,0,15.51,0.8660254037844386,1,0.26,26.4,1.5,1,0,0,303.0
17/02/2021,0.86,0.03,5.7,115.3,83.8,1.9,7,1.2,86.84,158.95,29.33,55.77,188.43,2,1384.75,5.4105,0.5000000000000001,0,0,15.46,0.8660254037844386,1,0.26,27.88,0.0,1,0,0,302.25
18/02/2021,0.86,0.03,5.7,115.12,84.06,1.9,7,1.2,86.66,157.96,29.04,55.84,191.24,2,1376.5,5.427,0.5000000000000001,0,0,15.45,0.8660254037844386,1,0.26,26.5,0.0,1,0,0,303.75
19/02/2021,0.86,0.03,5.7,115.92,84.35,1.9,7,1.2,86.66,157.66,29.16,56.05,192.3,2,1380.0,5.3823,0.5000000000000001,0,0,15.6,0.8660254037844386,1,0.26,28.88,0.0,1,0,0,303.05
20/02/2021,0.86,0.03,5.7,115.92,84.35,1.9,7,1.2,86.66,157.66,29.16,56.05,192.3,2,1380.0,5.3823,0.5000000000000001,0,0,15.6,0.8660254037844386,1,0.26,26.77,0.0,1,0,0,303.05
21/02/2021,0.86,0.03,5.7,115.92,84.35,1.9,7,1.2,86.66,157.66,29.16,56.05,192.3,2,1380.0,5.3823,0.5000000000000001,0,0,15.6,0.8660254037844386,1,0.26,25.2,0.0,1,0,0,303.05
22/02/2021,0.86,0.03,5.7,115.72,84.89,1.9,8,1.2,87.19,158.02,29.04,55.58,192.7,2,1387.5,5.4659,0.5000000000000001,0,0,15.6,0.8660254037844386,1,0.26,30.27,0.0,1,0,0,302.45
23/02/2021,0.86,0.03,5.7,115.62,85.08,1.9,8,1.2,88.31,159.32,29.22,55.17,195.93,2,1408.5,5.4409,0.5000000000000001,0,0,15.61,0.8660254037844386,1,0.26,26.96,0.0,1,0,0,300.8
24/02/2021,0.86,0.03,5.7,116.58,85.19,1.9,8,1.2,88.62,159.54,29.37,55.13,197.85,2,1425.75,5.4062,0.5000000000000001,0,0,15.68,0.8660254037844386,1,0.26,29.97,0.0,1,0,0,299.5
25/02/2021,0.86,0.03,5.7,117.0,85.59,1.9,8,1.2,88.92,160.3,29.11,54.95,201.89,2,1407.5,5.5308,0.5000000000000001,0,0,15.55,0.8660254037844386,1,0.26,28.61,0.0,1,0,0,302.55
26/02/2021,0.86,0.03,5.7,113.1,85.41,1.9,8,1.2,88.28,160.52,28.76,54.32,196.87,2,1404.25,5.5986,0.5000000000000001,0,0,15.3,0.8660254037844386,1,0.26,27.15,0.0,1,0,0,303.15
27/02/2021,0.86,0.03,5.7,113.1,85.41,1.9,8,1.2,88.28,160.52,28.76,54.32,196.87,2,1404.25,5.5986,0.5000000000000001,0,0,15.3,0.8660254037844386,1,0.26,24.83,0.0,1,0,0,303.15
28/02/2021,0.86,0.03,5.7,113.1,85.41,1.9,8,1.2,88.28,160.52,28.76,54.32,196.87,2,1404.25,5.5986,0.5000000000000001,0,0,15.3,0.8660254037844386,1,0.26,27.78,0.0,1,0,0,303.15
01/03/2021,0.93,-0.05,5.7,118.97,85.59,1.9,9,1.2,87.98,161.97,28.93,53.55,206.72,3,1391.25,5.6418,6.123233995736766e-17,0,0,15.29,1.0,1,0.26,26.78,0.0,1,0,0,299.8
02/03/2021,0.93,-0.05,5.7,119.42,86.11,1.9,9,1.2,87.67,163.55,28.87,53.22,203.71,3,1412.5,5.6761,6.123233995736766e-17,0,0,15.2,1.0,1,0.26,26.86,0.0,1,0,0,301.5
03/03/2021,0.93,-0.05,5.7,119.4,87.06,1.9,9,1.2,88.12,165.47,28.77,51.83,202.87,3,1407.5,5.6193,6.123233995736766e-17,0,0,15.14,1.0,1,0.26,28.92,0.0,1,0,0,298.15
04/03/2021,0.93,-0.05,5.7,118.55,88.59,1.9,9,1.2,89.0,164.85,29.11,53.67,204.08,3,1410.5,5.6693,6.123233995736766e-17,0,0,15.64,1.0,1,0.26,28.29,0.0,1,0,0,303.95
05/03/2021,0.93,-0.05,5.7,119.03,89.07,1.9,9,1.2,90.89,166.4,29.22,52.88,210.88,3,1430.0,5.6908,6.123233995736766e-17,0,0,15.64,1.0,1,0.26,30.83,0.0,1,0,0,301.1
06/03/2021,0.93,-0.05,5.7,119.03,89.07,1.9,9,1.2,90.89,166.4,29.22,52.88,210.88,3,1430.0,5.6908,6.123233995736766e-17,0,0,15.64,1.0,1,0.26,27.49,0.0,1,0,0,301.1
07/03/2021,0.93,-0.05,5.7,119.03,89.07,1.9,9,1.2,90.89,166.4,29.22,52.88,210.88,3,1430.0,5.6908,6.123233995736766e-17,0,0,15.64,1.0,1,0.26,30.96,0.0,1,0,0,301.1
08/03/2021,0.93,-0.05,5.7,119.35,89.63,1.9,10,1.2,90.64,169.58,29.4,53.3,211.0,3,1433.75,5.8755,6.123233995736766e-17,0,0,15.54,1.0,1,0.26,27.41,0.0,1,0,0,307.5
09/03/2021,0.93,-0.05,5.7,119.65,89.88,1.9,10,1.2,90.78,171.42,29.61,52.88,206.74,3,1440.0,5.8025,6.123233995736766e-17,0,0,15.53,1.0,1,0.26,29.37,0.0,1,0,0,306.15
10/03/2021,0.93,-0.05,5.7,118.78,91.59,1.9,10,1.2,91.08,169.31,29.93,54.6,203.71,3,1409.75,5.672,6.123233995736766e-17,0,0,16.19,1.0,1,0.26,28.46,0.0,1,0,0,308.8
11/03/2021,0.93,-0.05,5.7,118.53,91.72,1.9,10,1.2,92.33,165.15,29.83,55.78,202.69,3,1413.5,5.5357,6.123233995736766e-17,0,0,16.57,1.0,1,0.26,29.34,0.0,1,0,0,308.8
12/03/2021,0.93,-0.05,5.7,119.0,91.73,1.9,10,1.2,92.19,162.65,29.23,55.81,206.18,3,1413.25,5.5518,6.123233995736766e-17,0,0,16.49,1.0,1,0.26,29.54,0.0,1,0,0,310.5
13/03/2021,0.93,-0.05,5.7,119.0,91.73,1.9,10,1.2,92.19,162.65,29.23,55.81,206.18,3,1413.25,5.5518,6.123233995736766e-17,0,0,16.49,1.0,1,0.26,28.67,0.0,1,0,0,310.5
14/03/2021,0.93,-0.05,5.7,119.0,91.73,1.9,10,1.2,92.19,162.65,29.23,55.81,206.18,3,1413.25,5.5518,6.123233995736766e-17,0,0,16.49,1.0,1,0.26,28.13,0.0,1,0,0,310.5
15/03/2021,0.93,-0.05,5.7,119.12,92.17,1.9,11,1.2,91.87,163.73,29.0,54.84,206.12,3,1410.25,5.6156,6.123233995736766e-17,0,0,16.33,1.0,1,0.26,30.86,0.0,1,0,0,309.6
16/03/2021,0.93,-0.05,5.7,118.2,93.21,1.9,11,1.2,94.89,163.67,29.17,55.23,204.18,3,1413.75,5.6246,6.123233995736766e-17,0,0,16.61,1.0,1,0.26,30.33,0.0,1,0,0,309.9
17/03/2021,0.93,-0.05,5.7,119.42,93.44,1.9,11,1.2,94.9,164.0,29.37,55.44,203.65,3,1406.0,5.5832,6.123233995736766e-17,0,0,16.74,1.0,1,0.26,28.42,0.0,1,0,0,309.5
18/03/2021,0.93,-0.05,5.7,118.58,93.3,2.65,11,1.2,93.26,161.82,29.11,56.4,202.86,3,1380.5,5.5604,6.123233995736766e-17,0,0,16.78,1.0,1,0.26,28.16,0.0,1,0,0,313.5
19/03/2021,0.93,-0.05,5.7,118.4,93.85,2.65,11,1.2,92.78,160.49,29.24,56.76,199.78,3,1403.0,5.4917,6.123233995736766e-17,0,0,17.1,1.0,1,0.26,26.75,0.0,1,0,0,311.5
20/03/2021,0.93,-0.05,5.7,118.4,93.85,2.65,11,1.2,92.78,160.49,29.24,56.76,199.78,3,1403.0,5.4917,6.123233995736766e-17,0,0,17.1,1.0,1,0.26,29.29,0.0,1,0,0,311.5
21/03/2021,0.93,-0.05,5.7,118.4,93.85,2.65,11,1.2,92.78,160.49,29.24,56.76,199.78,3,1403.0,5.4917,6.123233995736766e-17,0,0,17.1,1.0,1,0.26,29.76,0.0,1,0,0,311.5
22/03/2021,0.93,-0.05,5.7,118.78,93.27,2.65,12,1.2,92.35,160.91,29.19,57.17,196.52,3,1404.0,5.5045,6.123233995736766e-17,0,0,16.92,1.0,1,0.26,30.1,0.0,1,0,0,315.2
23/03/2021,0.93,-0.05,5.7,119.12,92.56,2.65,12,1.2,92.33,160.64,29.13,56.91,197.09,3,1411.25,5.5214,6.123233995736766e-17,0,0,16.79,1.0,1,0.26,32.14,0.0,1,0,0,313.8
24/03/2021,0.93,-0.05,5.7,119.12,93.03,2.65,12,1.2,94.14,161.54,28.78,55.37,201.87,3,1421.0,5.6209,6.123233995736766e-17,0,0,16.57,1.0,1,0.26,32.71,0.0,1,0,0,310.8
25/03/2021,0.93,-0.05,5.7,119.55,93.31,2.65,12,1.2,93.35,164.48,29.02,55.73,202.34,3,1404.5,5.6475,6.123233995736766e-17,0,0,16.47,1.0,1,0.26,32.13,0.0,1,0,0,315.8
26/03/2021,0.93,-0.05,5.7,120.1,93.4,2.65,12,1.2,94.53,165.07,28.73,54.73,205.48,3,1391.25,5.7566,6.123233995736766e-17,0,0,16.25,1.0,1,0.26,30.88,0.0,1,0,0,314.45
27/03/2021,0.93,-0.05,5.7,120.1,93.4,2.65,12,1.2,94.53,165.07,28.73,54.73,205.48,3,1391.25,5.7566,6.123233995736766e-17,0,0,16.25,1.0,1,0.26,31.71,0.0,1,0,0,314.45
28/03/2021,0.93,-0.05,5.7,120.1,93.4,2.65,12,1.2,94.53,165.07,28.73,54.73,205.48,3,1391.25,5.7566,6.123233995736766e-17,0,0,16.25,1.0,1,0.26,32.94,0.0,1,0,0,314.45
29/03/2021,0.93,-0.05,5.7,120.97,94.4,2.65,13,1.2,94.59,165.98,28.78,54.73,206.0,3,1385.25,5.7799,6.123233995736766e-17,0,0,16.37,1.0,1,0.26,30.55,0.0,1,0,0,315.6
30/03/2021,0.93,-0.05,5.7,120.97,94.22,2.65,13,1.2,94.16,164.59,28.64,54.48,202.03,3,1357.75,5.7745,6.123233995736766e-17,0,0,16.39,1.0,1,0.26,32.98,0.0,1,0,0,313.1
31/03/2021,0.93,-0.05,5.7,120.97,93.71,2.65,13,1.2,96.59,166.44,29.59,56.15,201.33,3,1427.75,5.6315,6.123233995736766e-17,0,0,16.66,1.0,1,0.26,33.12,0.0,1,0,0,315.8
01/04/2021,0.31,-0.04,-2.8,120.03,93.9,2.65,13,-0.2,97.43,166.42,29.17,55.4,203.16,4,1396.75,5.7071,-0.4999999999999998,0,0,16.46,0.8660254037844387,1,0.26,31.83,0.0,0,0,0,316.1
02/04/2021,0.31,-0.04,-2.8,120.03,93.9,2.65,13,-0.2,97.43,166.42,29.17,55.4,203.16,4,1396.75,5.7071,-0.4999999999999998,0,0,16.46,0.8660254037844387,1,0.26,28.02,0.5,0,0,0,316.1
03/04/2021,0.31,-0.04,-2.8,120.03,93.9,2.65,13,-0.2,97.43,166.42,29.17,55.4,203.16,4,1396.75,5.7071,-0.4999999999999998,0,0,16.46,0.8660254037844387,1,0.26,30.31,0.5,0,0,0,316.1
04/04/2021,0.31,-0.04,-2.8,120.03,93.9,2.65,13,-0.2,97.43,166.42,29.17,55.4,203.16,4,1396.75,5.7071,-0.4999999999999998,0,0,16.46,0.8660254037844387,1,0.26,32.93,1.5,0,0,0,316.1
05/04/2021,0.31,-0.04,-2.8,121.38,94.04,2.65,14,-0.2,99.15,165.83,29.24,55.97,204.5,4,1405.5,5.6632,-0.4999999999999998,0,0,16.58,0.8660254037844387,1,0.26,31.05,0.0,0,0,0,317.45
06/04/2021,0.31,-0.04,-2.8,122.72,94.7,2.65,14,-0.2,99.79,167.34,29.89,56.98,202.18,4,1411.25,5.5904,-0.4999999999999998,0,0,16.92,0.8660254037844387,1,0.26,29.39,0.0,0,0,0,318.95
07/04/2021,0.31,-0.04,-2.8,123.15,95.32,2.65,14,-0.2,98.94,165.82,29.35,55.99,201.44,4,1403.0,5.6143,-0.4999999999999998,0,0,16.87,0.8660254037844387,1,0.26,30.6,0.0,0,0,0,316.3
08/04/2021,0.31,-0.04,-2.8,124.15,95.49,2.65,14,-0.2,99.86,165.82,29.75,56.85,199.86,4,1409.75,5.572,-0.4999999999999998,0,0,17.13,0.8660254037844387,1,0.26,27.37,0.0,0,0,0,316.8
09/04/2021,0.31,-0.04,-2.8,123.42,95.37,2.65,14,-0.2,100.51,168.88,29.74,56.25,201.73,4,1398.25,5.6821,-0.4999999999999998,0,0,16.8,0.8660254037844387,1,0.26,29.6,0.0,0,0,0,319.4
10/04/2021,0.31,-0.04,-2.8,123.42,95.37,2.65,14,-0.2,100.51,168.88,29.74,56.25,201.73,4,1398.25,5.6821,-0.4999999999999998,0,0,16.8,0.8660254037844387,1,0.26,31.24,0.0,0,0,0,319.4
11/04/2021,0.31,-0.04,-2.8,123.42,95.37,2.65,14,-0.2,100.51,168.88,29.74,56.25,201.73,4,1398.25,5.6821,-0.4999999999999998,0,0,16.8,0.8660254037844387,1,0.26,30.18,0.0,0,0,0,319.4
12/04/2021,0.31,-0.04,-2.8,122.72,95.93,2.65,15,-0.2,101.92,166.91,29.15,55.28,201.79,4,1379.0,5.7333,-0.4999999999999998,0,0,16.76,0.8660254037844387,1,0.26,30.61,0.0,0,0,0,316.45
13/04/2021,0.31,-0.04,-2.8,122.4,96.57,2.65,15,-0.2,103.87,168.5,29.56,55.55,202.94,4,1384.75,5.7166,-0.4999999999999998,0,0,16.94,0.8660254037844387,1,0.26,31.1,0.0,0,0,0,316.7
14/04/2021,0.31,-0.04,-2.8,122.1,96.92,2.65,15,-0.2,100.92,172.66,30.43,56.4,203.83,4,1402.25,5.6526,-0.4999999999999998,0,0,17.08,0.8660254037844387,1,0.26,32.05,0.0,0,0,0,320.0
15/04/2021,0.31,-0.04,-2.8,121.6,97.64,2.65,15,-0.2,101.75,169.4,30.12,56.79,201.15,4,1411.0,5.6162,-0.4999999999999998,0,0,17.36,0.8660254037844387,1,0.26,29.8,0.0,0,0,0,319.4
16/04/2021,0.31,-0.04,-2.8,120.85,97.88,2.65,15,-0.2,102.73,171.74,30.74,55.96,204.63,4,1422.5,5.5883,-0.4999999999999998,0,0,17.52,0.8660254037844387,1,0.26,31.81,0.0,0,0,0,312.6
17/04/2021,0.31,-0.04,-2.8,120.85,97.88,2.65,15,-0.2,102.73,171.74,30.74,55.96,204.63,4,1422.5,5.5883,-0.4999999999999998,0,0,17.52,0.8660254037844387,1,0.26,29.9,0.0,0,0,0,312.6
18/04/2021,0.31,-0.04,-2.8,120.85,97.88,2.65,15,-0.2,102.73,171.74,30.74,55.96,204.63,4,1422.5,5.5883,-0.4999999999999998,0,0,17.52,0.8660254037844387,1,0.26,28.21,0.0,0,0,0,312.6
19/04/2021,0.31,-0.04,-2.8,120.35,97.91,2.65,16,-0.2,103.53,172.01,30.93,56.71,202.67,4,1436.5,5.5461,-0.4999999999999998,0,0,17.6,0.8660254037844387,1,0.26,27.53,0.0,0,0,0,315.4
20/04/2021,0.31,-0.04,-2.8,120.58,97.78,2.65,16,-0.2,102.27,171.7,30.9,56.84,203.19,4,1457.75,5.5687,-0.4999999999999998,0,0,17.6,0.8660254037844387,1,0.26,26.33,0.0,0,0,0,315.85
21/04/2021,0.31,-0.04,-2.8,119.78,97.78,2.65,16,-0.2,102.27,171.7,30.9,56.84,203.19,4,1479.5,5.569,-0.4999999999999998,0,0,17.6,0.8660254037844387,1,0.26,28.2,0.0,0,0,0,315.85
22/04/2021,0.31,-0.04,-2.8,118.33,97.98,2.65,16,-0.2,104.34,175.64,32.16,57.97,203.2,4,1514.25,5.4448,-0.4999999999999998,0,0,17.94,0.8660254037844387,1,0.26,29.61,0.0,0,0,0,316.65
23/04/2021,0.31,-0.04,-2.8,117.85,98.7,2.65,16,-0.2,104.0,174.5,31.76,57.4,204.37,4,1516.0,5.4751,-0.4999999999999998,0,0,17.96,0.8660254037844387,1,0.26,30.17,0.0,0,0,0,315.4
24/04/2021,0.31,-0.04,-2.8,117.85,98.7,2.65,16,-0.2,104.0,174.5,31.76,57.4,204.37,4,1516.0,5.4751,-0.4999999999999998,0,0,17.96,0.8660254037844387,1,0.26,31.63,0.0,0,0,0,315.4
25/04/2021,0.31,-0.04,-2.8,117.85,98.7,2.65,16,-0.2,104.0,174.5,31.76,57.4,204.37,4,1516.0,5.4751,-0.4999999999999998,0,0,17.96,0.8660254037844387,1,0.26,31.91,0.0,0,0,0,315.4
26/04/2021,0.31,-0.04,-2.8,118.5,99.28,2.65,17,-0.2,106.22,176.12,32.27,57.82,201.78,4,1539.25,5.4364,-0.4999999999999998,0,0,18.19,0.8660254037844387,1,0.26,28.98,0.0,0,0,0,315.6
27/04/2021,0.31,-0.04,-2.8,118.38,98.88,2.65,17,-0.2,106.92,176.56,32.31,57.35,201.87,4,1519.5,5.449,-0.4999999999999998,0,0,18.09,0.8660254037844387,1,0.26,30.46,0.0,0,0,0,313.4
28/04/2021,0.31,-0.04,-2.8,118.95,99.25,2.65,17,-0.2,104.34,175.47,32.71,58.18,198.17,4,1513.75,5.343,-0.4999999999999998,0,0,18.5,0.8660254037844387,1,0.26,29.9,0.0,0,0,0,312.1
29/04/2021,0.31,-0.04,-2.8,119.47,99.78,2.65,17,-0.2,101.52,172.57,32.23,58.59,200.84,4,1502.25,5.3375,-0.4999999999999998,0,0,18.64,0.8660254037844387,1,0.26,28.13,0.0,0,0,0,313.7
30/04/2021,0.31,-0.04,-2.8,116.0,99.76,2.65,17,-0.2,103.2,172.1,31.67,57.59,199.12,4,1534.25,5.4366,-0.4999999999999998,0,0,18.36,0.8660254037844387,1,0.26,28.23,0.0,0,0,0,312.95
01/05/2021,0.31,-3.39,-2.8,116.0,99.76,2.65,17,-0.2,103.2,172.1,31.67,57.59,199.12,5,1534.25,5.4366,-0.8660254037844387,0,1,18.36,0.49999999999999994,1,0.26,29.91,0.0,0,0,0,312.95
02/05/2021,0.31,-3.39,-2.8,116.0,99.76,2.65,17,-0.2,103.2,172.1,31.67,57.59,199.12,5,1534.25,5.4366,-0.8660254037844387,0,1,18.36,0.49999999999999994,1,0.26,29.72,0.0,0,0,0,312.95
03/05/2021,0.83,-3.39,-2.8,115.3,99.84,2.65,18,-0.2,104.64,172.9,31.89,57.95,200.81,5,1524.0,5.442,-0.8660254037844387,0,1,18.41,0.49999999999999994,1,0.26,30.51,0.0,0,0,0,314.2
04/05/2021,0.83,-3.39,-2.8,113.03,99.79,2.65,18,-0.2,102.68,176.32,32.45,57.63,201.46,5,1538.25,5.4435,-0.8660254037844387,0,1,18.37,0.49999999999999994,1,0.26,30.06,0.0,0,0,0,313.1
05/05/2021,0.83,-3.39,-2.8,114.42,100.24,2.65,18,-0.2,101.72,176.96,32.98,57.31,200.18,5,1542.25,5.3542,-0.8660254037844387,0,1,18.68,0.49999999999999994,1,0.26,30.54,0.0,0,0,0,307.5
06/05/2021,0.83,-3.39,-2.8,115.47,100.9,3.4,18,-0.2,102.32,174.18,32.98,58.63,201.45,5,1569.5,5.276,-0.8660254037844387,0,1,19.11,0.49999999999999994,1,0.26,30.29,0.0,0,0,0,309.6
07/05/2021,0.83,-3.39,-2.8,116.03,101.56,3.4,18,-0.2,102.46,173.52,33.23,59.64,200.04,5,1589.75,5.2368,-0.8660254037844387,0,1,19.45,0.49999999999999994,1,0.26,28.85,0.5,0,0,0,311.45
08/05/2021,0.83,-3.39,-2.8,116.03,101.56,3.4,18,-0.2,102.46,173.52,33.23,59.64,200.04,5,1589.75,5.2368,-0.8660254037844387,0,1,19.45,0.49999999999999994,1,0.26,30.49,0.5,0,0,0,311.45
09/05/2021,0.83,-3.39,-2.8,116.03,101.56,3.4,18,-0.2,102.46,173.52,33.23,59.64,200.04,5,1589.75,5.2368,-0.8660254037844387,0,1,19.45,0.49999999999999994,1,0.26,32.18,1.5,0,0,0,311.45
10/05/2021,0.83,-3.39,-2.8,118.22,101.23,3.4,19,-0.2,102.73,172.4,32.96,59.53,205.1,5,1587.5,5.2272,-0.8660254037844387,0,1,19.35,0.49999999999999994,1,0.26,30.68,0.0,0,0,0,311.4
11/05/2021,0.83,-3.39,-2.8,118.62,101.4,3.4,19,-0.2,102.55,173.93,33.29,59.74,209.08,5,1614.75,5.2208,-0.8660254037844387,0,1,19.41,0.49999999999999994,1,0.26,29.74,0.0,0,0,0,312.1
12/05/2021,0.83,-3.39,-2.8,118.6,102.39,3.4,19,-0.2,102.35,177.48,33.51,58.1,211.03,5,1642.5,5.3061,-0.8660254037844387,0,1,19.33,0.49999999999999994,1,0.26,30.66,0.0,0,0,0,307.7
13/05/2021,0.83,-3.39,-2.8,115.6,101.79,3.4,19,-0.2,102.28,173.0,32.65,58.85,212.2,5,1584.0,5.309,-0.8660254037844387,0,1,19.21,0.49999999999999994,1,0.26,31.42,0.0,0,0,0,311.85
14/05/2021,0.83,-3.39,-2.8,115.3,101.34,3.4,19,-0.2,101.99,171.88,32.61,58.25,213.91,5,1586.25,5.2728,-0.8660254037844387,0,1,19.23,0.49999999999999994,1,0.26,32.19,0.0,0,0,0,307.0
15/05/2021,0.83,-3.39,-2.8,115.3,101.34,3.4,19,-0.2,101.99,171.88,32.61,58.25,213.91,5,1586.25,5.2728,-0.8660254037844387,0,1,19.23,0.49999999999999994,1,0.26,30.2,0.0,0,0,0,307.0
16/05/2021,0.83,-3.39,-2.8,115.3,101.34,3.4,19,-0.2,101.99,171.88,32.61,58.25,213.91,5,1586.25,5.2728,-0.8660254037844387,0,1,19.23,0.49999999999999994,1,0.26,29.8,0.0,0,0,0,307.0
17/05/2021,0.83,-3.39,-2.8,115.35,101.08,3.4,20,-0.2,101.4,171.58,32.58,57.58,213.36,5,1525.5,5.2729,-0.8660254037844387,0,1,19.2,0.49999999999999994,1,0.26,30.48,0.0,0,0,0,303.2
18/05/2021,0.83,-3.39,-2.8,116.75,103.23,3.4,20,-0.2,98.43,170.51,32.5,58.43,211.19,5,1521.25,5.2605,-0.8660254037844387,0,1,19.68,0.49999999999999994,1,0.26,28.98,0.0,0,0,0,306.55
19/05/2021,0.83,-3.39,-2.8,116.9,102.72,3.4,20,-0.2,98.12,167.59,31.53,58.2,208.85,5,1485.5,5.3094,-0.8660254037844387,0,1,19.33,0.49999999999999994,1,0.26,30.17,0.0,0,0,0,309.35
20/05/2021,0.83,-3.39,-2.8,116.6,102.06,3.4,20,-0.2,97.19,167.4,31.75,57.93,212.94,5,1480.25,5.2825,-0.8660254037844387,0,1,19.35,0.49999999999999994,1,0.26,31.18,0.0,0,0,0,305.45
21/05/2021,0.83,-3.39,-2.8,117.67,101.93,3.4,20,-0.2,94.96,168.36,31.48,58.41,214.69,5,1472.25,5.3617,-0.8660254037844387,0,1,19.06,0.49999999999999994,1,0.26,32.56,0.0,0,0,0,312.4
22/05/2021,0.83,-3.39,-2.8,117.67,101.93,3.4,20,-0.2,94.96,168.36,31.48,58.41,214.69,5,1472.25,5.3617,-0.8660254037844387,0,1,19.06,0.49999999999999994,1,0.26,32.12,0.0,0,0,0,312.4
23/05/2021,0.83,-3.39,-2.8,117.67,101.93,3.4,20,-0.2,94.96,168.36,31.48,58.41,214.69,5,1472.25,5.3617,-0.8660254037844387,0,1,19.06,0.49999999999999994,1,0.26,30.7,0.0,0,0,0,312.4
24/05/2021,0.83,-3.39,-2.8,116.75,101.12,3.4,21,-0.2,92.37,168.49,31.66,57.78,214.23,5,1471.0,5.3175,-0.8660254037844387,0,1,19.0,0.49999999999999994,1,0.26,31.24,0.0,0,0,0,307.5
25/05/2021,0.83,-3.39,-2.8,116.72,98.66,3.4,21,-0.2,91.45,168.67,31.6,57.9,211.83,5,1460.5,5.3312,-0.8660254037844387,0,1,18.49,0.49999999999999994,1,0.26,32.93,0.0,0,0,0,309.0
26/05/2021,0.83,-3.39,-2.8,116.45,96.83,3.4,21,-0.2,91.89,168.51,31.74,58.91,213.06,5,1453.0,5.3115,-0.8660254037844387,0,1,18.24,0.49999999999999994,1,0.26,32.61,0.0,0,0,0,312.75
27/05/2021,0.83,-3.39,-2.8,116.35,97.69,3.4,21,-0.2,93.93,168.42,32.06,59.89,214.99,5,1487.25,5.2383,-0.8660254037844387,0,1,18.6,0.49999999999999994,1,0.26,31.6,0.0,0,0,0,314.6
28/05/2021,0.83,-3.39,-2.8,115.88,99.24,3.4,21,-0.2,94.0,168.22,32.24,60.77,215.65,5,1482.0,5.2244,-0.8660254037844387,0,1,19.02,0.49999999999999994,1,0.26,31.07,0.0,0,0,0,317.1
29/05/2021,0.83,-3.39,-2.8,115.88,99.24,3.4,21,-0.2,94.0,168.22,32.24,60.77,215.65,5,1482.0,5.2244,-0.8660254037844387,0,1,19.02,0.49999999999999994,1,0.26,30.42,0.0,0,0,0,317.1
30/05/2021,0.83,-3.39,-2.8,115.88,99.24,3.4,21,-0.2,94.0,168.22,32.24,60.77,215.65,5,1482.0,5.2244,-0.8660254037844387,0,1,19.02,0.49999999999999994,1,0.26,31.28,0.0,0,0,0,317.1
31/05/2021,0.83,-3.39,-2.8,115.88,99.24,3.4,22,-0.2,94.0,168.22,32.24,60.77,215.65,5,1482.0,5.2244,-0.8660254037844387,0,1,19.02,0.49999999999999994,1,0.26,30.97,0.0,0,0,0,317.1
01/06/2021,0.53,-2.95,-2.8,113.55,99.23,3.4,22,-0.2,97.2,168.91,32.76,60.71,210.12,6,1500.75,5.1509,-1.0,0,1,19.24,1.2246467991473532e-16,1,0.26,31.48,0.5,0,0,0,313.0
02/06/2021,0.53,-2.95,-2.8,117.12,98.67,3.4,22,-0.2,95.42,167.98,32.99,60.47,213.24,6,1516.25,5.0754,-1.0,0,1,19.38,1.2246467991473532e-16,1,0.26,31.31,0.5,0,0,0,307.9
03/06/2021,0.53,-2.95,-2.8,116.78,98.67,3.4,22,-0.2,95.42,167.98,32.99,60.47,213.24,6,1504.25,5.0775,-1.0,0,1,19.38,1.2246467991473532e-16,1,0.26,32.59,0.5,0,0,0,307.9
04/06/2021,0.53,-2.95,-2.8,116.83,98.63,3.4,22,-0.2,95.09,168.26,33.42,61.86,215.27,6,1537.5,5.0495,-1.0,0,1,19.59,1.2246467991473532e-16,1,0.26,31.73,0.5,0,0,0,311.45
05/06/2021,0.53,-2.95,-2.8,116.83,98.63,3.4,22,-0.2,95.09,168.26,33.42,61.86,215.27,6,1537.5,5.0495,-1.0,0,1,19.59,1.2246467991473532e-16,1,0.26,30.93,0.5,0,0,0,311.45
06/06/2021,0.53,-2.95,-2.8,116.83,98.63,3.4,22,-0.2,95.09,168.26,33.42,61.86,215.27,6,1537.5,5.0495,-1.0,0,1,19.59,1.2246467991473532e-16,1,0.26,31.05,0.5,0,0,0,311.45
07/06/2021,0.53,-2.95,-2.8,116.22,97.04,3.4,23,-0.2,94.82,168.69,33.49,61.3,215.0,6,1522.25,5.0451,-1.0,0,1,19.27,1.2246467991473532e-16,1,0.26,31.07,0.5,0,0,0,308.75
08/06/2021,0.53,-2.95,-2.8,116.72,96.57,3.4,23,-0.2,94.46,168.34,33.41,62.86,214.55,6,1539.5,5.0325,-1.0,0,1,19.17,1.2246467991473532e-16,1,0.26,31.01,0.5,0,0,0,316.7
09/06/2021,0.53,-2.95,-2.8,117.4,95.72,3.4,23,-0.2,94.06,167.62,33.06,62.3,212.45,6,1523.0,5.0621,-1.0,0,1,18.88,1.2246467991473532e-16,1,0.26,31.86,0.5,0,0,0,315.85
10/06/2021,0.53,-2.95,-2.8,117.58,95.21,3.4,23,-0.2,93.66,165.94,32.77,62.67,209.85,6,1510.0,5.0552,-1.0,0,1,18.8,1.2246467991473532e-16,1,0.26,32.29,0.5,0,0,0,317.35
11/06/2021,0.53,-2.95,-2.8,118.7,94.88,3.4,23,-0.2,92.16,165.35,32.29,62.39,211.42,6,1482.5,5.1171,-1.0,0,1,18.53,1.2246467991473532e-16,1,0.26,31.08,0.5,0,0,0,319.45
12/06/2021,0.53,-2.95,-2.8,118.7,94.88,3.4,23,-0.2,92.16,165.35,32.29,62.39,211.42,6,1482.5,5.1171,-1.0,0,1,18.53,1.2246467991473532e-16,1,0.26,30.1,0.5,0,0,0,319.45
13/06/2021,0.53,-2.95,-2.8,118.7,94.88,3.4,23,-0.2,92.16,165.35,32.29,62.39,211.42,6,1482.5,5.1171,-1.0,0,1,18.53,1.2246467991473532e-16,1,0.26,30.83,1.5,0,0,0,319.45
14/06/2021,0.53,-2.95,-2.8,119.38,94.29,3.4,24,-0.2,89.98,162.36,32.01,62.98,213.62,6,1441.25,5.0601,-1.0,0,1,18.59,1.2246467991473532e-16,1,0.26,31.66,0.5,0,0,0,319.45
15/06/2021,0.53,-2.95,-2.8,121.22,93.27,3.4,24,-0.2,88.83,159.24,31.58,62.93,213.9,6,1426.0,5.0437,-1.0,0,1,18.5,1.2246467991473532e-16,1,0.26,29.73,0.5,0,0,0,317.35
16/06/2021,0.53,-2.95,-2.8,122.3,91.6,3.4,24,-0.2,87.16,157.22,31.16,63.36,215.74,6,1402.0,5.0545,-1.0,0,1,18.16,1.2246467991473532e-16,1,0.26,29.52,0.5,0,0,0,319.65
17/06/2021,0.53,-2.95,-2.8,120.1,89.56,4.15,24,-0.2,82.8,148.09,29.48,63.48,213.92,6,1295.0,5.0059,-1.0,0,1,17.83,1.2246467991473532e-16,1,0.26,30.82,0.5,0,0,0,318.9
18/06/2021,0.53,-2.95,-2.8,121.05,89.87,4.15,24,-0.2,83.98,148.08,29.21,63.29,207.72,6,1355.0,5.0894,-1.0,0,1,17.73,1.2246467991473532e-16,1,0.26,30.75,0.5,0,0,0,320.9
19/06/2021,0.53,-2.95,-2.8,121.05,89.87,4.15,24,-0.2,83.98,148.08,29.21,63.29,207.72,6,1355.0,5.0894,-1.0,0,1,17.73,1.2246467991473532e-16,1,0.26,32.29,0.5,0,0,0,320.9
20/06/2021,0.53,-2.95,-2.8,121.05,89.87,4.15,24,-0.2,83.98,148.08,29.21,63.29,207.72,6,1355.0,5.0894,-1.0,0,1,17.73,1.2246467991473532e-16,1,0.26,31.37,0.5,0,0,0,320.9
21/06/2021,0.53,-2.95,-2.8,120.97,88.52,4.15,25,-0.2,83.21,149.01,29.67,63.37,212.94,6,1370.25,5.013,-1.0,0,1,17.63,1.2246467991473532e-16,1,0.26,32.78,0.5,0,0,0,318.25
22/06/2021,0.53,-2.95,-2.8,123.1,87.72,4.15,25,-0.2,80.69,149.5,30.12,64.37,212.8,6,1352.0,4.9574,-1.0,0,1,17.67,1.2246467991473532e-16,1,0.26,32.07,0.5,0,0,0,319.55
23/06/2021,0.53,-2.95,-2.8,122.5,87.27,4.15,25,-0.2,81.17,148.4,29.89,64.43,211.72,6,1346.0,4.9667,-1.0,0,1,17.58,1.2246467991473532e-16,1,0.26,32.01,0.5,0,0,0,319.9
24/06/2021,0.53,-2.95,-2.8,122.83,86.25,4.15,25,-0.2,81.78,145.95,29.76,65.02,213.9,6,1334.0,4.9137,-1.0,0,1,17.58,1.2246467991473532e-16,1,0.26,32.6,1.5,0,0,0,318.9
25/06/2021,0.53,-2.95,-2.8,122.83,86.27,4.15,25,-0.2,83.01,144.53,29.19,64.51,215.02,6,1302.75,4.9335,-1.0,0,1,17.42,1.2246467991473532e-16,1,0.26,31.47,0.5,0,0,0,319.45
26/06/2021,0.53,-2.95,-2.8,122.83,86.27,4.15,25,-0.2,83.01,144.53,29.19,64.51,215.02,6,1302.75,4.9335,-1.0,0,1,17.42,1.2246467991473532e-16,1,0.26,30.7,0.5,0,0,0,319.45
27/06/2021,0.53,-2.95,-2.8,122.83,86.27,4.15,25,-0.2,83.01,144.53,29.19,64.51,215.02,6,1302.75,4.9335,-1.0,0,1,17.42,1.2246467991473532e-16,1,0.26,30.34,0.5,0,0,0,319.45
28/06/2021,0.53,-2.95,-2.8,122.1,86.63,4.15,26,-0.2,87.16,145.88,29.61,65.35,212.16,6,1336.75,4.9244,-1.0,0,1,17.59,1.2246467991473532e-16,1,0.26,30.28,0.5,0,0,0,321.9
29/06/2021,0.53,-2.95,-2.8,122.55,87.14,4.15,26,-0.2,93.26,147.55,29.88,64.73,210.27,6,1339.75,4.9559,-1.0,0,1,17.65,1.2246467991473532e-16,1,0.26,25.77,1.5,0,0,0,319.65
30/06/2021,0.53,-2.95,-2.8,122.5,89.57,4.15,26,-0.2,89.15,153.38,30.84,64.05,209.66,6,1430.0,4.9686,-1.0,0,1,18.01,1.2246467991473532e-16,1,0.26,25.21,0.5,0,0,0,318.5
01/07/2021,0.96,-3.14,-8.0,123.58,91.25,4.15,26,-0.2,91.03,158.1,31.32,62.64,211.16,7,1429.75,5.0476,-0.8660254037844388,0,1,18.08,-0.4999999999999997,1,0.26,28.66,0.5,0,0,1,316.2
02/07/2021,0.96,-3.14,-8.0,122.0,92.1,4.15,26,-0.2,92.07,158.69,31.44,62.61,210.49,7,1433.25,5.0575,-0.8660254037844388,0,1,18.24,-0.4999999999999997,1,0.26,31.14,0.5,0,0,1,316.05
03/07/2021,0.96,-3.14,-8.0,122.0,92.1,4.15,26,-0.2,92.07,158.69,31.44,62.61,210.49,7,1433.25,5.0575,-0.8660254037844388,0,1,18.24,-0.4999999999999997,1,0.26,31.79,0.5,0,0,1,316.05
04/07/2021,0.96,-3.14,-8.0,122.0,92.1,4.15,26,-0.2,92.07,158.69,31.44,62.61,210.49,7,1433.25,5.0575,-0.8660254037844388,0,1,18.24,-0.4999999999999997,1,0.26,30.78,0.5,0,0,1,316.05
05/07/2021,0.96,-3.14,-8.0,122.0,92.1,4.15,27,-0.2,92.07,158.69,31.44,62.61,210.49,7,1433.25,5.0575,-0.8660254037844388,0,1,18.24,-0.4999999999999997,1,0.26,31.07,0.5,0,0,1,316.05
06/07/2021,0.96,-3.14,-8.0,122.4,94.44,4.15,27,-0.2,92.34,155.77,29.96,61.47,205.09,7,1344.25,5.1969,-0.8660254037844388,0,1,18.16,-0.4999999999999997,1,0.26,31.56,0.5,0,0,1,319.65
07/07/2021,0.96,-3.14,-8.0,120.6,95.17,4.15,27,-0.2,94.1,157.5,30.09,60.99,204.01,7,1366.75,5.2315,-0.8660254037844388,0,1,18.18,-0.4999999999999997,1,0.26,32.01,0.5,0,0,1,319.2
08/07/2021,0.96,-3.14,-8.0,119.28,95.93,4.15,27,-0.2,95.25,160.17,30.48,60.81,204.6,7,1365.25,5.2579,-0.8660254037844388,0,1,18.26,-0.4999999999999997,1,0.26,30.02,0.5,0,0,1,319.5
09/07/2021,0.96,-3.14,-8.0,119.22,96.21,4.15,27,-0.2,95.25,160.24,30.59,60.81,206.64,7,1379.25,5.2579,-0.8660254037844388,0,1,18.36,-0.4999999999999997,1,0.26,31.93,0.5,0,0,1,319.5
10/07/2021,0.96,-3.14,-8.0,119.22,96.21,4.15,27,-0.2,95.25,160.24,30.59,60.81,206.64,7,1379.25,5.2579,-0.8660254037844388,0,1,18.36,-0.4999999999999997,1,0.26,31.49,0.5,0,0,1,319.5
11/07/2021,0.96,-3.14,-8.0,119.22,96.21,4.15,27,-0.2,95.25,160.24,30.59,60.81,206.64,7,1379.25,5.2579,-0.8660254037844388,0,1,18.36,-0.4999999999999997,1,0.26,30.9,0.5,0,0,1,319.5
12/07/2021,0.96,-3.14,-8.0,119.83,96.24,4.15,28,-0.2,95.38,161.8,31.3,61.73,207.26,7,1404.25,5.173,-0.8660254037844388,0,1,18.62,-0.4999999999999997,1,0.26,31.98,0.5,0,0,1,319.15
13/07/2021,0.96,-3.14,-8.0,121.75,96.43,4.15,28,-0.2,95.67,163.45,31.61,61.5,207.44,7,1414.75,5.1622,-0.8660254037844388,0,1,18.65,-0.4999999999999997,1,0.26,32.63,0.5,0,0,1,318.0
14/07/2021,0.96,-3.14,-8.0,121.25,97.19,4.15,28,-0.2,96.23,164.02,32.34,63.23,207.18,7,1453.0,5.0706,-0.8660254037844388,0,1,19.16,-0.4999999999999997,1,0.26,31.93,0.5,0,0,1,320.7
15/07/2021,0.96,-3.14,-8.0,121.12,98.01,4.15,28,-0.2,97.21,163.6,31.92,62.55,207.43,7,1394.25,5.11,-0.8660254037844388,0,1,19.12,-0.4999999999999997,1,0.26,31.47,0.5,0,0,1,320.55
16/07/2021,0.96,-3.14,-8.0,120.17,97.34,4.15,28,-0.2,95.12,165.25,32.28,62.86,206.36,7,1406.0,5.1147,-0.8660254037844388,0,1,19.01,-0.4999999999999997,1,0.26,32.42,0.5,0,0,1,321.85
17/07/2021,0.96,-3.14,-8.0,120.17,97.34,4.15,28,-0.2,95.12,165.25,32.28,62.86,206.36,7,1406.0,5.1147,-0.8660254037844388,0,1,19.01,-0.4999999999999997,1,0.26,33.24,0.5,0,0,1,321.85
18/07/2021,0.96,-3.14,-8.0,120.17,97.34,4.15,28,-0.2,95.12,165.25,32.28,62.86,206.36,7,1406.0,5.1147,-0.8660254037844388,0,1,19.01,-0.4999999999999997,1,0.26,32.89,0.5,0,0,1,321.85
19/07/2021,0.96,-3.14,-8.0,120.25,97.48,4.15,29,-0.2,96.11,166.67,31.71,60.74,203.29,7,1382.75,5.2519,-0.8660254037844388,0,1,18.55,-0.4999999999999997,1,0.26,31.2,0.5,0,0,1,319.25
20/07/2021,0.96,-3.14,-8.0,119.78,97.49,4.15,29,-0.2,97.15,167.71,32.13,61.22,205.62,7,1399.0,5.2205,-0.8660254037844388,0,1,18.68,-0.4999999999999997,1,0.26,31.66,0.5,0,0,1,319.5
21/07/2021,0.96,-3.14,-8.0,120.05,98.54,4.15,29,-0.2,98.26,167.77,32.37,60.68,208.99,7,1397.75,5.1874,-0.8660254037844388,0,1,19.01,-0.4999999999999997,1,0.26,33.47,0.5,0,0,1,314.5
22/07/2021,0.96,-3.14,-8.0,120.8,99.19,4.15,29,-0.2,99.12,165.27,31.73,60.95,206.39,7,1369.0,5.2003,-0.8660254037844388,0,1,19.04,-0.4999999999999997,1,0.26,32.63,0.5,0,0,1,317.5
23/07/2021,0.96,-3.14,-8.0,121.5,99.99,4.15,29,-0.2,99.32,164.31,31.5,61.45,208.89,7,1355.75,5.2006,-0.8660254037844388,0,1,19.17,-0.4999999999999997,1,0.26,31.9,0.5,0,0,1,320.6
24/07/2021,0.96,-3.14,-8.0,121.5,99.99,4.15,29,-0.2,99.32,164.31,31.5,61.45,208.89,7,1355.75,5.2006,-0.8660254037844388,0,1,19.17,-0.4999999999999997,1,0.26,31.37,0.5,0,0,1,320.6
25/07/2021,0.96,-3.14,-8.0,121.5,99.99,4.15,29,-0.2,99.32,164.31,31.5,61.45,208.89,7,1355.75,5.2006,-0.8660254037844388,0,1,19.17,-0.4999999999999997,1,0.26,31.57,0.5,0,0,1,320.6
26/07/2021,0.96,-3.14,-8.0,123.45,100.63,4.15,30,-0.2,101.97,163.63,31.62,62.13,207.44,7,1362.5,5.1761,-0.8660254037844388,0,1,19.45,-0.4999999999999997,1,0.26,31.73,0.5,0,0,1,321.5
27/07/2021,0.96,-3.14,-8.0,122.92,101.6,4.15,30,-0.2,102.46,164.82,31.83,61.25,208.91,7,1367.0,5.169,-0.8660254037844388,0,1,19.62,-0.4999999999999997,1,0.26,32.58,0.5,0,0,1,317.15
28/07/2021,0.96,-3.14,-8.0,123.08,102.44,4.15,30,-0.2,101.52,164.54,32.18,61.96,210.4,7,1370.25,5.1157,-0.8660254037844388,0,1,20.03,-0.4999999999999997,1,0.26,33.08,0.5,0,0,1,316.85
29/07/2021,0.96,-3.14,-8.0,122.5,101.93,4.15,30,-0.2,100.45,163.59,32.22,62.15,211.65,7,1385.25,5.0812,-0.8660254037844388,0,1,20.08,-0.4999999999999997,1,0.26,27.14,0.5,0,0,1,315.55
30/07/2021,0.96,-3.14,-8.0,122.08,101.4,4.15,30,-0.2,99.38,163.56,31.47,61.55,209.12,7,1355.5,5.2123,-0.8660254037844388,0,1,19.51,-0.4999999999999997,1,0.26,29.06,0.5,0,0,1,319.9
31/07/2021,0.96,-3.14,-8.0,122.08,101.4,4.15,30,-0.2,99.38,163.56,31.47,61.55,209.12,7,1355.5,5.2123,-0.8660254037844388,0,1,19.51,-0.4999999999999997,1,0.26,32.66,0.5,0,0,1,319.9
01/08/2021,0.96,-3.42,-8.0,122.08,101.4,4.15,30,-0.2,99.38,163.56,31.47,61.55,209.12,8,1355.5,5.2123,-0.5000000000000004,0,1,19.51,-0.8660254037844385,1,0.26,33.16,0.0,0,0,1,319.9
02/08/2021,0.87,-3.42,-8.0,122.12,101.47,4.15,31,-0.2,98.64,163.71,31.71,61.24,208.5,8,1356.25,5.1747,-0.5000000000000004,0,1,19.65,-0.8660254037844385,1,0.26,32.48,0.0,0,0,1,316.2
03/08/2021,0.87,-3.42,-8.0,123.25,100.96,4.15,31,-0.2,97.02,164.31,31.7,60.85,205.81,8,1323.75,5.1967,-0.5000000000000004,0,1,19.48,-0.8660254037844385,1,0.26,32.72,0.0,0,0,1,315.4
04/08/2021,0.87,-3.42,-8.0,124.05,100.21,4.15,31,-0.2,95.3,164.98,31.79,61.03,205.54,8,1332.0,5.1685,-0.5000000000000004,0,1,19.31,-0.8660254037844385,1,0.26,32.49,0.0,0,0,1,316.7
05/08/2021,0.87,-3.42,-8.0,122.58,100.31,5.15,31,-0.2,97.8,164.58,31.63,61.35,205.29,8,1335.75,5.2488,-0.5000000000000004,0,1,19.28,-0.8660254037844385,1,0.26,32.51,0.0,0,0,1,319.2
06/08/2021,0.87,-3.42,-8.0,123.0,99.1,5.15,31,-0.2,97.52,167.17,31.9,59.71,206.86,8,1344.25,5.2301,-0.5000000000000004,0,1,18.91,-0.8660254037844385,1,0.26,32.31,0.5,0,0,1,312.95
07/08/2021,0.87,-3.42,-8.0,123.0,99.1,5.15,31,-0.2,97.52,167.17,31.9,59.71,206.86,8,1344.25,5.2301,-0.5000000000000004,0,1,18.91,-0.8660254037844385,1,0.26,31.58,0.5,0,0,1,312.95
08/08/2021,0.87,-3.42,-8.0,123.0,99.1,5.15,31,-0.2,97.52,167.17,31.9,59.71,206.86,8,1344.25,5.2301,-0.5000000000000004,0,1,18.91,-0.8660254037844385,1,0.26,31.83,1.5,0,0,1,312.95
09/08/2021,0.87,-3.42,-8.0,123.0,99.45,5.15,32,-0.2,97.26,168.21,32.11,60.82,206.14,8,1341.5,5.2331,-0.5000000000000004,0,1,18.99,-0.8660254037844385,1,0.26,32.83,0.0,0,0,1,318.6
10/08/2021,0.87,-3.42,-8.0,123.65,98.16,5.15,32,-0.2,98.21,167.77,32.28,60.88,205.96,8,1348.25,5.1895,-0.5000000000000004,0,1,18.88,-0.8660254037844385,1,0.26,34.24,0.0,0,0,1,316.45
11/08/2021,0.87,-3.42,-8.0,122.95,98.35,5.15,32,-0.2,99.15,167.97,32.13,60.95,206.1,8,1347.0,5.2185,-0.5000000000000004,0,1,18.81,-0.8660254037844385,1,0.26,35.07,0.0,0,0,1,318.65
12/08/2021,0.87,-3.42,-8.0,123.15,98.97,5.15,32,-0.2,100.03,168.22,32.02,59.82,205.42,8,1347.0,5.2524,-0.5000000000000004,0,1,18.84,-0.8660254037844385,1,0.26,35.17,0.0,0,0,1,314.3
13/08/2021,0.87,-3.42,-8.0,122.75,99.87,5.15,32,-0.2,99.76,169.81,32.39,60.53,204.09,8,1373.0,5.2466,-0.5000000000000004,0,1,19.05,-0.8660254037844385,1,0.26,34.64,0.0,0,0,1,317.35
14/08/2021,0.87,-3.42,-8.0,122.75,99.87,5.15,32,-0.2,99.76,169.81,32.39,60.53,204.09,8,1373.0,5.2466,-0.5000000000000004,0,1,19.05,-0.8660254037844385,1,0.26,34.72,0.0,0,0,1,317.35
15/08/2021,0.87,-3.42,-8.0,122.75,99.87,5.15,32,-0.2,99.76,169.81,32.39,60.53,204.09,8,1373.0,5.2466,-0.5000000000000004,0,1,19.05,-0.8660254037844385,1,0.26,34.63,0.0,0,0,1,317.35
16/08/2021,0.87,-3.42,-8.0,123.53,99.89,5.15,33,-0.2,99.9,169.29,32.03,59.26,204.25,8,1368.25,5.2595,-0.5000000000000004,0,1,18.9,-0.8660254037844385,1,0.26,34.79,0.0,0,0,1,313.25
17/08/2021,0.87,-3.42,-8.0,123.3,99.4,5.15,33,-0.2,99.61,170.4,32.35,60.61,202.47,8,1361.5,5.2948,-0.5000000000000004,0,1,18.87,-0.8660254037844385,1,0.26,34.9,0.0,0,0,1,319.3
18/08/2021,0.87,-3.42,-8.0,124.03,99.32,5.15,33,-0.2,97.86,172.25,32.14,58.25,194.78,8,1353.25,5.3794,-0.5000000000000004,0,1,18.53,-0.8660254037844385,1,0.26,34.39,0.0,0,0,1,312.2
19/08/2021,0.87,-3.42,-8.0,123.4,99.02,5.15,33,-0.2,96.94,172.27,31.81,58.11,195.27,8,1320.0,5.4142,-0.5000000000000004,0,1,18.28,-0.8660254037844385,1,0.26,32.88,0.0,0,0,1,314.7
20/08/2021,0.87,-3.42,-8.0,124.28,98.79,5.15,33,-0.2,95.88,172.24,32.03,58.27,195.54,8,1290.75,5.377,-0.5000000000000004,0,1,18.37,-0.8660254037844385,1,0.26,33.34,0.0,0,0,1,313.4
21/08/2021,0.87,-3.42,-8.0,124.28,98.79,5.15,33,-0.2,95.88,172.24,32.03,58.27,195.54,8,1290.75,5.377,-0.5000000000000004,0,1,18.37,-0.8660254037844385,1,0.26,34.32,0.0,0,0,1,313.4
22/08/2021,0.87,-3.42,-8.0,124.28,98.79,5.15,33,-0.2,95.88,172.24,32.03,58.27,195.54,8,1290.75,5.377,-0.5000000000000004,0,1,18.37,-0.8660254037844385,1,0.26,34.92,0.0,0,0,1,313.4
23/08/2021,0.87,-3.42,-8.0,126.45,98.21,5.15,34,-0.2,95.73,169.89,31.62,58.4,198.97,8,1292.75,5.3802,-0.5000000000000004,0,1,18.28,-0.8660254037844385,1,0.26,35.66,0.0,0,0,1,313.75
24/08/2021,0.87,-3.42,-8.0,125.8,97.59,5.15,34,-0.2,95.27,169.41,32.21,59.52,197.72,8,1331.75,5.2463,-0.5000000000000004,0,1,18.56,-0.8660254037844385,1,0.26,36.3,0.0,0,0,1,313.0
25/08/2021,0.87,-3.42,-8.0,124.42,97.49,5.15,34,-0.2,95.27,169.14,32.46,60.15,197.45,8,1332.75,5.2117,-0.5000000000000004,0,1,18.71,-0.8660254037844385,1,0.26,36.35,0.0,0,0,1,313.4
26/08/2021,0.87,-3.42,-8.0,123.28,97.06,5.15,34,-0.2,95.37,169.0,32.19,59.51,196.51,8,1326.25,5.2522,-0.5000000000000004,0,1,18.49,-0.8660254037844385,1,0.26,35.38,0.0,0,0,1,312.45
27/08/2021,0.87,-3.42,-8.0,122.0,95.84,5.15,34,-0.2,95.16,166.96,32.13,59.82,197.02,8,1323.25,5.1996,-0.5000000000000004,0,1,18.45,-0.8660254037844385,1,0.26,35.89,0.0,0,0,1,310.85
28/08/2021,0.87,-3.42,-8.0,122.0,95.84,5.15,34,-0.2,95.16,166.96,32.13,59.82,197.02,8,1323.25,5.1996,-0.5000000000000004,0,1,18.45,-0.8660254037844385,1,0.26,36.44,0.0,0,0,1,310.85
29/08/2021,0.87,-3.42,-8.0,122.0,95.84,5.15,34,-0.2,95.16,166.96,32.13,59.82,197.02,8,1323.25,5.1996,-0.5000000000000004,0,1,18.45,-0.8660254037844385,1,0.26,35.76,0.0,0,0,1,310.85
30/08/2021,0.87,-3.42,-8.0,120.25,95.82,5.15,35,-0.2,93.12,166.04,32.01,61.17,196.46,8,1303.25,5.184,-0.5000000000000004,0,1,18.47,-0.8660254037844385,1,0.26,34.91,0.0,0,0,1,317.3
31/08/2021,0.87,-3.42,-8.0,118.95,94.76,5.15,35,-0.2,91.62,164.44,31.78,60.56,198.86,8,1292.5,5.1492,-0.5000000000000004,0,1,18.31,-0.8660254037844385,1,0.26,34.88,0.0,0,0,1,313.4
01/09/2021,1.16,-2.78,-8.0,127.58,93.72,5.15,35,-0.2,90.31,163.93,31.68,59.05,196.38,9,1277.75,5.1858,-1.8369701987210297e-16,0,0,18.11,-1.0,1,0.26,32.11,0.0,0,0,1,305.5
02/09/2021,1.16,-2.78,-8.0,126.05,93.0,5.15,35,-0.2,91.58,165.23,31.87,58.84,194.81,9,1283.25,5.1819,-1.8369701987210297e-16,0,0,17.94,-1.0,1,0.26,27.82,0.0,0,0,1,305.1
03/09/2021,1.16,-2.78,-8.0,124.8,92.26,5.15,35,-0.2,91.57,167.63,32.34,58.84,192.53,9,1292.0,5.1908,-1.8369701987210297e-16,0,0,17.8,-1.0,1,0.26,28.53,0.0,0,0,1,305.1
04/09/2021,1.16,-2.78,-8.0,124.8,92.26,5.15,35,-0.2,91.57,167.63,32.34,58.84,192.53,9,1292.0,5.1908,-1.8369701987210297e-16,0,0,17.8,-1.0,1,0.26,29.24,0.0,0,0,1,305.1
05/09/2021,1.16,-2.78,-8.0,124.8,92.26,5.15,35,-0.2,91.57,167.63,32.34,58.84,192.53,9,1292.0,5.1908,-1.8369701987210297e-16,0,0,17.8,-1.0,1,0.26,30.6,0.0,0,0,1,305.1
06/09/2021,1.16,-2.78,-8.0,124.8,92.26,5.15,36,-0.2,91.57,167.63,32.34,58.84,192.53,9,1292.0,5.1908,-1.8369701987210297e-16,0,0,17.8,-1.0,1,0.26,29.48,0.5,0,0,1,305.1
07/09/2021,1.16,-2.78,-8.0,123.75,92.26,5.15,36,-0.2,91.57,167.63,32.34,58.84,192.53,9,1277.0,5.1692,-1.8369701987210297e-16,0,0,17.8,-1.0,1,0.26,30.2,1.5,0,0,1,305.1
08/09/2021,1.16,-2.78,-8.0,123.1,92.32,5.15,36,-0.2,92.71,169.24,31.85,58.77,191.0,9,1279.5,5.3214,-1.8369701987210297e-16,0,0,17.38,-1.0,1,0.26,29.75,0.5,0,0,1,312.25
09/09/2021,1.16,-2.78,-8.0,123.75,92.15,5.15,36,-0.2,92.69,169.38,31.92,57.65,189.73,9,1270.5,5.1976,-1.8369701987210297e-16,0,0,17.36,-1.0,1,0.26,29.76,0.0,0,0,1,305.95
10/09/2021,1.16,-2.78,-8.0,123.42,93.53,5.15,36,-0.2,92.17,169.73,32.23,57.97,186.52,9,1286.5,5.2454,-1.8369701987210297e-16,0,0,17.76,-1.0,1,0.26,30.16,0.0,0,0,1,305.25
11/09/2021,1.16,-2.78,-8.0,123.42,93.53,5.15,36,-0.2,92.17,169.73,32.23,57.97,186.52,9,1286.5,5.2454,-1.8369701987210297e-16,0,0,17.76,-1.0,1,0.26,31.04,0.0,0,0,1,305.25
12/09/2021,1.16,-2.78,-8.0,123.42,93.53,5.15,36,-0.2,92.17,169.73,32.23,57.97,186.52,9,1286.5,5.2454,-1.8369701987210297e-16,0,0,17.76,-1.0,1,0.26,29.35,0.0,0,0,1,305.25
13/09/2021,1.16,-2.78,-8.0,122.28,93.71,5.15,37,-0.2,93.16,169.5,32.4,59.38,186.54,9,1284.75,5.2144,-1.8369701987210297e-16,0,0,17.91,-1.0,1,0.26,29.26,0.0,0,0,1,310.6
14/09/2021,1.16,-2.78,-8.0,124.12,93.6,5.15,37,-0.2,93.96,170.4,32.39,57.61,186.17,9,1282.5,5.2398,-1.8369701987210297e-16,0,0,17.79,-1.0,1,0.26,29.0,0.0,0,0,1,303.1
15/09/2021,1.16,-2.78,-8.0,124.17,93.43,5.15,37,-0.2,93.58,171.54,32.72,56.28,186.28,9,1303.5,5.2219,-1.8369701987210297e-16,0,0,17.82,-1.0,1,0.26,29.91,0.0,0,0,1,295.0
16/09/2021,1.16,-2.78,-8.0,123.6,93.71,5.15,37,-0.2,93.04,172.16,32.64,57.34,186.01,9,1304.75,5.2535,-1.8369701987210297e-16,0,0,17.76,-1.0,1,0.26,30.62,0.0,0,0,1,302.45
17/09/2021,1.16,-2.78,-8.0,122.8,93.67,5.15,37,-0.2,93.25,171.6,32.48,57.31,185.97,9,1293.0,5.2883,-1.8369701987210297e-16,0,0,17.73,-1.0,1,0.26,30.39,0.0,0,0,1,302.75
18/09/2021,1.16,-2.78,-8.0,122.8,93.67,5.15,37,-0.2,93.25,171.6,32.48,57.31,185.97,9,1293.0,5.2883,-1.8369701987210297e-16,0,0,17.73,-1.0,1,0.26,29.45,0.0,0,0,1,302.75
19/09/2021,1.16,-2.78,-8.0,122.8,93.67,5.15,37,-0.2,93.25,171.6,32.48,57.31,185.97,9,1293.0,5.2883,-1.8369701987210297e-16,0,0,17.73,-1.0,1,0.26,29.14,0.0,0,0,1,302.75
20/09/2021,1.16,-2.78,-8.0,122.78,92.81,5.15,38,-0.2,92.77,170.18,31.8,56.14,185.34,9,1271.75,5.324,-1.8369701987210297e-16,0,0,17.34,-1.0,1,0.26,29.69,0.0,0,0,1,300.4
21/09/2021,1.16,-2.78,-8.0,122.45,92.08,5.15,38,-0.2,92.67,168.94,31.98,56.91,183.2,9,1282.75,5.2699,-1.8369701987210297e-16,0,0,17.43,-1.0,1,0.26,30.38,0.0,0,0,1,300.6
22/09/2021,1.16,-2.78,-8.0,123.28,91.59,5.15,38,-0.2,92.22,168.61,31.81,56.46,186.64,9,1291.75,5.2888,-1.8369701987210297e-16,0,0,17.28,-1.0,1,0.26,30.57,0.0,0,0,1,299.3
23/09/2021,1.16,-2.78,-8.0,123.22,90.83,6.15,38,-0.2,91.73,169.02,31.84,56.29,190.73,9,1294.0,5.303,-1.8369701987210297e-16,0,0,17.11,-1.0,1,0.26,30.48,0.0,0,0,1,298.8
24/09/2021,1.16,-2.78,-8.0,122.92,90.47,6.15,38,-0.2,90.71,170.06,31.81,56.16,195.2,9,1294.75,5.3344,-1.8369701987210297e-16,0,0,16.92,-1.0,1,0.26,25.2,0.0,0,0,1,300.25
25/09/2021,1.16,-2.78,-8.0,122.92,90.47,6.15,38,-0.2,90.71,170.06,31.81,56.16,195.2,9,1294.75,5.3344,-1.8369701987210297e-16,0,0,16.92,-1.0,1,0.26,26.91,0.0,0,0,1,300.25
26/09/2021,1.16,-2.78,-8.0,122.92,90.47,6.15,38,-0.2,90.71,170.06,31.81,56.16,195.2,9,1294.75,5.3344,-1.8369701987210297e-16,0,0,16.92,-1.0,1,0.26,23.58,0.0,0,0,1,300.25
27/09/2021,1.16,-2.78,-8.0,122.4,91.18,6.15,39,-0.2,92.6,171.12,31.81,56.59,195.61,9,1297.5,5.3914,-1.8369701987210297e-16,0,0,16.95,-1.0,1,0.26,26.15,0.0,0,0,1,304.45
28/09/2021,1.16,-2.78,-8.0,122.0,91.42,6.15,39,-0.2,93.16,171.71,31.62,54.27,195.08,9,1287.0,5.4293,-1.8369701987210297e-16,0,0,16.84,-1.0,1,0.26,29.21,0.0,0,0,1,294.7
29/09/2021,1.16,-2.78,-8.0,121.78,91.45,6.15,39,-0.2,93.4,171.8,31.66,54.33,193.38,9,1293.5,5.4152,-1.8369701987210297e-16,0,0,16.85,-1.0,1,0.26,29.5,0.0,0,0,1,294.8
30/09/2021,1.16,-2.78,-8.0,120.58,91.83,6.15,39,-0.2,91.97,171.52,31.55,53.63,190.63,9,1265.5,5.4428,-1.8369701987210297e-16,0,0,16.89,-1.0,1,0.26,28.49,0.0,0,0,1,291.6
01/10/2021,1.25,-0.15,5.8,120.4,91.76,6.15,39,0.2,91.29,168.31,31.38,54.49,193.8,10,1256.5,5.3628,0.5000000000000001,0,0,17.11,-0.8660254037844386,1,0.26,28.61,0.0,0,0,0,292.25
02/10/2021,1.25,-0.15,5.8,120.4,91.76,6.15,39,0.2,91.29,168.31,31.38,54.49,193.8,10,1256.5,5.3628,0.5000000000000001,0,0,17.11,-0.8660254037844386,1,0.26,26.48,0.0,0,0,0,292.25
03/10/2021,1.25,-0.15,5.8,120.4,91.76,6.15,39,0.2,91.29,168.31,31.38,54.49,193.8,10,1256.5,5.3628,0.5000000000000001,0,0,17.11,-0.8660254037844386,1,0.26,26.73,0.0,0,0,0,292.25
04/10/2021,1.25,-0.15,5.8,122.62,92.03,6.15,40,0.2,90.41,167.1,30.65,52.56,191.95,10,1246.25,5.4535,0.5000000000000001,0,0,16.88,-0.8660254037844386,1,0.26,28.3,0.0,0,0,0,286.55
05/10/2021,1.25,-0.15,5.8,122.83,92.22,6.15,40,0.2,90.27,167.88,30.7,51.75,195.5,10,1261.0,5.4748,0.5000000000000001,0,0,16.86,-0.8660254037844386,1,0.26,29.25,0.0,0,0,0,283.0
06/10/2021,1.25,-0.15,5.8,123.83,91.98,6.15,40,0.2,89.73,168.45,30.69,51.18,195.9,10,1252.5,5.4912,0.5000000000000001,0,0,16.76,-0.8660254037844386,1,0.26,31.53,0.0,0,0,0,280.9
07/10/2021,1.25,-0.15,5.8,125.28,91.12,6.15,40,0.2,88.64,168.69,30.65,51.37,199.24,10,1258.25,5.5188,0.5000000000000001,0,0,16.56,-0.8660254037844386,1,0.26,30.58,0.0,0,0,0,282.7
08/10/2021,1.25,-0.15,5.8,125.58,91.03,6.15,40,0.2,88.57,169.36,30.74,49.23,198.67,10,1254.25,5.5082,0.5000000000000001,0,0,16.52,-0.8660254037844386,1,0.26,30.4,0.0,0,0,0,271.25
09/10/2021,1.25,-0.15,5.8,125.58,91.03,6.15,40,0.2,88.57,169.36,30.74,49.23,198.67,10,1254.25,5.5082,0.5000000000000001,0,0,16.52,-0.8660254037844386,1,0.26,29.21,0.0,0,0,0,271.25
10/10/2021,1.25,-0.15,5.8,125.58,91.03,6.15,40,0.2,88.57,169.36,30.74,49.23,198.67,10,1254.25,5.5082,0.5000000000000001,0,0,16.52,-0.8660254037844386,1,0.26,28.65,0.5,0,0,0,271.25
11/10/2021,1.25,-0.15,5.8,125.62,91.02,6.15,41,0.2,88.83,168.97,30.54,49.23,198.46,10,1239.75,5.5367,0.5000000000000001,0,0,16.45,-0.8660254037844386,1,0.26,26.04,0.5,0,0,0,271.25
12/10/2021,1.25,-0.15,5.8,125.03,91.02,6.15,41,0.2,88.83,168.97,30.54,49.23,198.46,10,1210.0,5.5325,0.5000000000000001,0,0,16.45,-0.8660254037844386,1,0.26,28.41,1.5,0,0,0,271.25
13/10/2021,1.25,-0.15,5.8,124.78,90.39,6.15,41,0.2,88.69,166.94,30.29,49.08,201.36,10,1206.0,5.5133,0.5000000000000001,0,0,16.4,-0.8660254037844386,1,0.26,29.91,0.0,0,0,0,270.5
14/10/2021,1.25,-0.15,5.8,125.75,90.13,6.15,41,0.2,88.82,165.49,29.98,49.19,204.11,10,1215.5,5.5132,0.5000000000000001,0,0,16.33,-0.8660254037844386,1,0.26,26.56,0.0,0,0,0,271.55
15/10/2021,1.25,-0.15,5.8,125.97,90.18,6.15,41,0.2,88.93,166.48,30.49,48.86,208.89,10,1226.25,5.4611,0.5000000000000001,0,0,16.52,-0.8660254037844386,1,0.26,27.45,0.0,0,0,0,266.8
16/10/2021,1.25,-0.15,5.8,125.97,90.18,6.15,41,0.2,88.93,166.48,30.49,48.86,208.89,10,1226.25,5.4611,0.5000000000000001,0,0,16.52,-0.8660254037844386,1,0.26,25.74,0.0,0,0,0,266.8
17/10/2021,1.25,-0.15,5.8,125.97,90.18,6.15,41,0.2,88.93,166.48,30.49,48.86,208.89,10,1226.25,5.4611,0.5000000000000001,0,0,16.52,-0.8660254037844386,1,0.26,27.25,0.0,0,0,0,266.8
18/10/2021,1.25,-0.15,5.8,125.45,89.89,6.15,42,0.2,89.61,166.0,30.1,48.57,210.89,10,1229.0,5.5117,0.5000000000000001,0,0,16.3,-0.8660254037844386,1,0.26,28.22,0.0,0,0,0,267.8
19/10/2021,1.25,-0.15,5.8,125.0,90.21,6.15,42,0.2,89.37,167.48,29.98,48.78,214.47,10,1237.0,5.5844,0.5000000000000001,0,0,16.15,-0.8660254037844386,1,0.26,25.43,0.0,0,0,0,272.55
20/10/2021,1.25,-0.15,5.8,125.95,89.56,6.15,42,0.2,88.68,169.74,30.6,47.39,211.13,10,1255.0,5.5975,0.5000000000000001,0,0,16.15,-0.8660254037844386,1,0.26,28.71,0.0,0,0,0,262.9
21/10/2021,1.25,-0.15,5.8,124.97,88.99,6.15,42,0.2,88.53,170.23,30.11,46.48,211.74,10,1233.5,5.6577,0.5000000000000001,0,0,15.74,-0.8660254037844386,1,0.26,28.65,0.0,0,0,0,262.8
22/10/2021,1.25,-0.15,5.8,124.1,89.27,6.15,42,0.2,88.52,170.58,30.25,46.13,214.86,10,1230.75,5.6474,0.5000000000000001,0,0,15.83,-0.8660254037844386,1,0.26,24.99,0.0,0,0,0,260.2
23/10/2021,1.25,-0.15,5.8,124.1,89.27,6.15,42,0.2,88.52,170.58,30.25,46.13,214.86,10,1230.75,5.6474,0.5000000000000001,0,0,15.83,-0.8660254037844386,1,0.26,25.8,0.0,0,0,0,260.2
24/10/2021,1.25,-0.15,5.8,124.1,89.27,6.15,42,0.2,88.52,170.58,30.25,46.13,214.86,10,1230.75,5.6474,0.5000000000000001,0,0,15.83,-0.8660254037844386,1,0.26,28.22,0.0,0,0,0,260.2
25/10/2021,1.25,-0.15,5.8,125.03,89.18,6.15,43,0.2,87.7,168.37,30.36,47.48,214.6,10,1247.0,5.5563,0.5000000000000001,0,0,16.08,-0.8660254037844386,1,0.26,27.18,0.0,0,0,0,263.35
26/10/2021,1.25,-0.15,5.8,126.82,88.27,6.15,43,0.2,87.55,168.79,30.32,46.21,216.16,10,1247.5,5.5666,0.5000000000000001,0,0,15.86,-0.8660254037844386,1,0.26,28.83,0.0,0,0,0,257.25
27/10/2021,1.25,-0.15,5.8,127.22,87.5,6.15,43,0.2,87.79,168.88,30.32,46.04,213.98,10,1249.75,5.538,0.5000000000000001,0,0,15.71,-0.8660254037844386,1,0.26,27.76,0.0,0,0,0,256.45
28/10/2021,1.25,-0.15,5.8,124.5,86.89,7.65,43,0.2,87.9,168.55,29.95,45.15,215.24,10,1246.0,5.6464,0.5000000000000001,0,0,15.44,-0.8660254037844386,1,0.26,29.56,0.0,0,0,0,254.1
29/10/2021,1.25,-0.15,5.8,127.38,86.84,7.65,43,0.2,88.44,168.11,29.76,45.52,217.42,10,1249.5,5.6372,0.5000000000000001,0,0,15.38,-0.8660254037844386,1,0.26,29.53,0.0,0,0,0,257.1
30/10/2021,1.25,-0.15,5.8,127.38,86.84,7.65,43,0.2,88.44,168.11,29.76,45.52,217.42,10,1249.5,5.6372,0.5000000000000001,0,0,15.38,-0.8660254037844386,1,0.26,27.4,0.0,0,0,0,257.1
31/10/2021,1.25,-0.15,5.8,127.38,86.84,7.65,43,0.2,88.44,168.11,29.76,45.52,217.42,10,1249.5,5.6372,0.5000000000000001,0,0,15.38,-0.8660254037844386,1,0.26,27.72,0.5,0,0,0,257.1
01/11/2021,0.95,0.23,5.8,128.85,86.97,7.65,44,0.2,90.15,167.96,29.62,46.54,215.23,11,1248.5,5.6815,0.8660254037844384,0,0,15.34,-0.5000000000000004,1,0.26,26.45,0.5,0,0,0,263.95
02/11/2021,0.95,0.23,5.8,129.95,86.97,7.65,44,0.2,90.15,167.96,29.62,46.54,215.23,11,1256.25,5.6795,0.8660254037844384,0,0,15.34,-0.5000000000000004,1,0.26,26.84,1.5,0,0,0,263.95
03/11/2021,0.95,0.23,5.8,131.65,87.16,7.65,44,0.2,88.99,166.21,29.71,45.87,217.31,11,1244.25,5.5525,0.8660254037844384,0,0,15.58,-0.5000000000000004,1,0.26,25.01,0.0,0,0,0,256.65
04/11/2021,0.95,0.23,5.8,130.63,86.4,7.65,44,0.2,88.63,162.28,28.9,47.68,217.44,11,1222.75,5.602,0.8660254037844384,0,0,15.39,-0.5000000000000004,1,0.26,26.47,0.0,0,0,0,267.75
05/11/2021,0.95,0.23,5.8,131.8,86.61,7.65,44,0.2,87.07,159.8,29.0,48.02,218.56,11,1205.5,5.5428,0.8660254037844384,0,0,15.72,-0.5000000000000004,1,0.26,25.67,0.0,0,0,0,264.6
06/11/2021,0.95,0.23,5.8,131.8,86.61,7.65,44,0.2,87.07,159.8,29.0,48.02,218.56,11,1205.5,5.5428,0.8660254037844384,0,0,15.72,-0.5000000000000004,1,0.26,26.41,0.0,0,0,0,264.6
07/11/2021,0.95,0.23,5.8,131.8,86.61,7.65,44,0.2,87.07,159.8,29.0,48.02,218.56,11,1205.5,5.5428,0.8660254037844384,0,0,15.72,-0.5000000000000004,1,0.26,24.59,0.0,0,0,0,264.6
08/11/2021,0.95,0.23,5.8,132.1,85.69,7.65,45,0.2,86.97,156.89,28.27,48.27,217.54,11,1188.5,5.544,0.8660254037844384,0,0,15.44,-0.5000000000000004,1,0.26,26.27,0.0,0,0,0,267.85
09/11/2021,0.95,0.23,5.8,132.2,84.93,7.65,45,0.2,85.36,156.36,28.52,51.19,218.58,11,1212.0,5.4804,0.8660254037844384,0,0,15.49,-0.5000000000000004,1,0.26,25.93,0.0,0,0,0,280.7
10/11/2021,0.95,0.23,5.8,132.0,84.51,7.65,45,0.2,85.05,156.62,28.5,52.99,217.94,11,1216.75,5.491,0.8660254037844384,0,0,15.38,-0.5000000000000004,1,0.26,24.06,0.0,0,0,0,291.2
11/11/2021,0.95,0.23,5.8,131.88,83.59,7.65,45,0.2,84.06,156.11,28.92,54.61,219.35,11,1221.5,5.3989,0.8660254037844384,0,0,15.49,-0.5000000000000004,1,0.26,25.05,0.0,0,0,0,294.8
12/11/2021,0.95,0.23,5.8,132.12,82.75,7.65,45,0.2,83.31,156.39,28.67,55.18,221.66,11,1244.25,5.4588,0.8660254037844384,0,0,15.17,-0.5000000000000004,1,0.26,25.9,0.0,0,0,0,301.0
13/11/2021,0.95,0.23,5.8,132.12,82.75,7.65,45,0.2,83.31,156.39,28.67,55.18,221.66,11,1244.25,5.4588,0.8660254037844384,0,0,15.17,-0.5000000000000004,1,0.26,26.88,0.0,0,0,0,301.0
14/11/2021,0.95,0.23,5.8,132.12,82.75,7.65,45,0.2,83.31,156.39,28.67,55.18,221.66,11,1244.25,5.4588,0.8660254037844384,0,0,15.17,-0.5000000000000004,1,0.26,26.01,0.0,0,0,0,301.0
15/11/2021,0.95,0.23,5.8,131.78,82.75,7.65,46,0.2,83.31,156.39,28.67,55.18,221.66,11,1268.75,5.4575,0.8660254037844384,0,0,15.17,-0.5000000000000004,1,0.26,24.59,0.0,0,0,0,301.0
16/11/2021,0.95,0.23,5.8,131.72,82.74,7.65,46,0.2,83.03,159.08,28.96,55.2,222.46,11,1263.25,5.5028,0.8660254037844384,0,0,15.07,-0.5000000000000004,1,0.26,25.67,0.0,0,0,0,303.15
17/11/2021,0.95,0.23,5.8,132.22,82.45,7.65,46,0.2,84.45,163.11,29.52,55.16,223.21,11,1288.25,5.5292,0.8660254037844384,0,0,14.92,-0.5000000000000004,1,0.26,27.72,0.0,0,0,0,304.8
18/11/2021,0.95,0.23,5.8,133.15,82.34,7.65,46,0.2,85.09,164.58,29.55,56.2,222.99,11,1276.5,5.5576,0.8660254037844384,0,0,14.79,-0.5000000000000004,1,0.26,25.15,0.0,0,0,0,313.0
19/11/2021,0.95,0.23,5.8,133.53,82.84,7.65,46,0.2,86.09,164.78,29.4,56.06,220.14,11,1275.0,5.6135,0.8660254037844384,0,0,14.78,-0.5000000000000004,1,0.26,27.0,0.0,0,0,0,314.15
20/11/2021,0.95,0.23,5.8,133.53,82.84,7.65,46,0.2,86.09,164.78,29.4,56.06,220.14,11,1275.0,5.6135,0.8660254037844384,0,0,14.78,-0.5000000000000004,1,0.26,26.55,0.0,0,0,0,314.15
21/11/2021,0.95,0.23,5.8,133.53,82.84,7.65,46,0.2,86.09,164.78,29.4,56.06,220.14,11,1275.0,5.6135,0.8660254037844384,0,0,14.78,-0.5000000000000004,1,0.26,27.63,0.0,0,0,0,314.15
22/11/2021,0.95,0.23,5.8,134.43,82.81,7.65,47,0.2,87.41,166.26,29.74,56.51,221.15,11,1286.25,5.5865,0.8660254037844384,0,0,14.81,-0.5000000000000004,1,0.26,26.88,0.0,0,0,0,315.9
23/11/2021,0.95,0.23,5.8,135.4,83.26,7.65,47,0.2,89.16,167.62,29.89,56.51,224.7,11,1284.5,5.5712,0.8660254037844384,0,0,14.85,-0.5000000000000004,1,0.26,26.38,0.0,0,0,0,316.9
24/11/2021,0.95,0.23,5.8,137.9,83.59,7.65,47,0.2,87.76,166.82,29.83,56.62,225.69,11,1277.25,5.6061,0.8660254037844384,0,0,14.94,-0.5000000000000004,1,0.26,26.57,0.0,0,0,0,316.65
25/11/2021,0.95,0.23,5.8,137.9,83.59,7.65,47,0.2,87.76,166.82,29.83,56.62,225.69,11,1277.25,5.6061,0.8660254037844384,0,0,14.94,-0.5000000000000004,1,0.26,28.23,0.0,0,0,0,316.65
26/11/2021,0.95,0.23,5.8,138.1,83.72,7.65,47,0.2,88.9,163.84,29.26,56.8,219.01,11,1263.0,5.6093,0.8660254037844384,0,0,14.95,-0.5000000000000004,1,0.26,28.03,0.0,0,0,0,318.1
27/11/2021,0.95,0.23,5.8,138.1,83.72,7.65,47,0.2,88.9,163.84,29.26,56.8,219.01,11,1263.0,5.6093,0.8660254037844384,0,0,14.95,-0.5000000000000004,1,0.26,28.87,0.0,0,0,0,318.1
28/11/2021,0.95,0.23,5.8,138.1,83.72,7.65,47,0.2,88.9,163.84,29.26,56.8,219.01,11,1263.0,5.6093,0.8660254037844384,0,0,14.95,-0.5000000000000004,1,0.26,28.56,0.0,0,0,0,318.1
29/11/2021,0.95,0.23,5.8,136.93,83.44,7.65,48,0.2,89.33,164.38,29.28,57.31,222.13,11,1252.0,5.6017,0.8660254037844384,0,0,14.86,-0.5000000000000004,1,0.26,24.1,0.0,0,0,0,321.8
30/11/2021,0.95,0.23,5.8,135.88,84.46,7.65,48,0.2,88.77,162.89,28.85,57.07,217.39,11,1226.5,5.6239,0.8660254037844384,0,0,14.96,-0.5000000000000004,1,0.26,26.65,0.0,0,0,0,322.3
01/12/2021,0.73,0.42,5.8,136.0,84.98,7.65,48,0.2,90.35,162.14,28.62,56.77,216.89,12,1235.0,5.6955,1.0,0,1,15.0,-2.4492935982947064e-16,1,0.26,26.05,0.0,0,0,0,321.6
02/12/2021,0.73,0.42,5.8,137.65,86.22,7.65,48,0.2,91.85,163.82,28.98,57.39,223.33,12,1250.0,5.6462,1.0,0,1,15.26,-2.4492935982947064e-16,1,0.26,26.01,0.0,0,0,0,324.35
03/12/2021,0.73,0.42,5.8,137.68,86.86,7.65,48,0.2,93.09,165.69,29.19,55.13,222.06,12,1271.25,5.6532,1.0,0,1,15.3,-2.4492935982947064e-16,1,0.26,26.6,0.0,0,0,0,312.95
04/12/2021,0.73,0.42,5.8,137.68,86.86,7.65,48,0.2,93.09,165.69,29.19,55.13,222.06,12,1271.25,5.6532,1.0,0,1,15.3,-2.4492935982947064e-16,1,0.26,25.97,0.0,0,0,0,312.95
05/12/2021,0.73,0.42,5.8,137.68,86.86,7.65,48,0.2,93.09,165.69,29.19,55.13,222.06,12,1271.25,5.6532,1.0,0,1,15.3,-2.4492935982947064e-16,1,0.26,25.37,0.0,0,0,0,312.95
06/12/2021,0.73,0.42,5.8,138.18,86.12,7.65,49,0.2,94.67,166.33,29.25,56.65,221.26,12,1266.5,5.6891,1.0,0,1,15.15,-2.4492935982947064e-16,1,0.26,26.65,0.0,0,0,0,322.1
07/12/2021,0.73,0.42,5.8,138.22,87.58,7.65,49,0.2,94.47,165.07,29.38,56.34,227.97,12,1258.25,5.6128,1.0,0,1,15.59,-2.4492935982947064e-16,1,0.26,26.67,0.0,0,0,0,316.5
08/12/2021,0.73,0.42,5.8,137.55,87.55,7.65,49,0.2,93.49,163.27,29.48,57.69,228.68,12,1268.75,5.5327,1.0,0,1,15.81,-2.4492935982947064e-16,1,0.26,25.89,0.0,0,0,0,319.5
09/12/2021,0.73,0.42,5.8,136.73,87.54,9.15,49,0.2,93.21,161.36,28.92,55.96,224.41,12,1272.25,5.5727,1.0,0,1,15.69,-2.4492935982947064e-16,1,0.26,25.84,0.0,0,0,0,312.25
10/12/2021,0.73,0.42,5.8,136.85,88.06,9.15,49,0.2,93.2,162.09,28.88,55.44,225.16,12,1274.25,5.6127,1.0,0,1,15.69,-2.4492935982947064e-16,1,0.26,26.44,0.0,0,0,0,311.2
11/12/2021,0.73,0.42,5.8,136.85,88.06,9.15,49,0.2,93.2,162.09,28.88,55.44,225.16,12,1274.25,5.6127,1.0,0,1,15.69,-2.4492935982947064e-16,1,0.26,25.7,0.0,0,0,0,311.2
12/12/2021,0.73,0.42,5.8,136.85,88.06,9.15,49,0.2,93.2,162.09,28.88,55.44,225.16,12,1274.25,5.6127,1.0,0,1,15.69,-2.4492935982947064e-16,1,0.26,25.53,0.0,0,0,0,311.2
13/12/2021,0.73,0.42,5.8,136.95,88.1,9.15,50,0.2,93.73,162.8,28.7,55.76,224.66,12,1250.75,5.6804,1.0,0,1,15.53,-2.4492935982947064e-16,1,0.26,26.21,0.0,0,0,0,316.35
14/12/2021,0.73,0.42,5.8,136.77,87.75,9.15,50,0.2,93.33,164.13,28.84,54.54,224.32,12,1264.5,5.6815,1.0,0,1,15.42,-2.4492935982947064e-16,1,0.26,26.66,0.0,0,0,0,310.4
15/12/2021,0.73,0.42,5.8,135.0,87.56,9.15,50,0.2,91.21,166.1,29.02,53.82,224.42,12,1265.25,5.6806,1.0,0,1,15.3,-2.4492935982947064e-16,1,0.26,27.28,0.5,0,1,0,308.0
16/12/2021,0.73,0.42,5.8,135.28,87.39,9.15,50,0.2,90.7,167.52,29.52,55.8,225.84,12,1278.25,5.6884,1.0,0,1,15.4,-2.4492935982947064e-16,1,0.26,25.82,0.5,0,1,0,316.65
17/12/2021,0.73,0.42,5.8,134.75,87.18,9.15,50,0.2,89.39,168.07,29.58,56.12,221.59,12,1288.5,5.6959,1.0,0,1,15.34,-2.4492935982947064e-16,1,0.26,26.39,0.5,0,1,0,318.85
18/12/2021,0.73,0.42,5.8,134.75,87.18,9.15,50,0.2,89.39,168.07,29.58,56.12,221.59,12,1288.5,5.6959,1.0,0,1,15.34,-2.4492935982947064e-16,1,0.26,25.9,0.5,0,1,0,318.85
19/12/2021,0.73,0.42,5.8,134.75,87.18,9.15,50,0.2,89.39,168.07,29.58,56.12,221.59,12,1288.5,5.6959,1.0,0,1,15.34,-2.4492935982947064e-16,1,0.26,25.72,0.5,0,1,0,318.85
20/12/2021,0.73,0.42,5.8,134.47,87.57,9.15,51,0.2,89.95,167.91,29.26,55.37,218.76,12,1294.75,5.742,1.0,0,1,15.26,-2.4492935982947064e-16,1,0.26,26.63,1.0,0,1,0,317.7
21/12/2021,0.73,0.42,5.8,135.53,88.61,9.15,51,0.2,93.2,168.72,29.41,57.13,222.0,12,1312.75,5.7451,1.0,0,1,15.45,-2.4492935982947064e-16,1,0.26,26.62,1.0,0,1,0,327.75
22/12/2021,0.73,0.42,5.8,135.75,88.69,9.15,51,0.2,92.56,171.66,30.27,56.86,223.97,12,1335.0,5.654,1.0,0,1,15.64,-2.4492935982947064e-16,1,0.26,26.15,1.0,0,1,0,322.4
23/12/2021,0.73,0.42,5.8,137.05,89.81,9.15,51,0.2,93.16,170.5,30.11,57.83,225.71,12,1340.75,5.6749,1.0,0,1,15.86,-2.4492935982947064e-16,1,0.26,25.89,1.0,0,1,0,327.5
24/12/2021,0.73,0.42,5.8,137.05,89.81,9.15,51,0.2,93.16,170.5,30.11,57.83,225.71,12,1340.75,5.6749,1.0,0,1,15.86,-2.4492935982947064e-16,1,0.26,24.92,1.5,0,1,0,327.5
25/12/2021,0.73,0.42,5.8,137.05,89.81,9.15,51,0.2,93.16,170.5,30.11,57.83,225.71,12,1340.75,5.6749,1.0,0,1,15.86,-2.4492935982947064e-16,1,0.26,25.11,2.5,0,1,0,327.5
26/12/2021,0.73,0.42,5.8,137.05,89.81,9.15,51,0.2,93.16,170.5,30.11,57.83,225.71,12,1340.75,5.6749,1.0,0,1,15.86,-2.4492935982947064e-16,1,0.26,26.91,1.0,0,1,0,327.5
27/12/2021,0.73,0.42,5.8,137.3,89.99,9.15,52,0.2,93.26,171.02,30.34,58.39,229.43,12,1371.5,5.6249,1.0,0,1,15.97,-2.4492935982947064e-16,1,0.26,25.81,1.0,0,1,0,329.1
28/12/2021,0.73,0.42,5.8,138.47,90.34,9.15,52,0.2,89.37,171.81,30.48,58.79,230.12,12,1368.0,5.6283,1.0,0,1,16.03,-2.4492935982947064e-16,1,0.26,26.49,1.0,0,1,0,331.4
29/12/2021,0.73,0.42,5.8,139.4,90.37,9.15,52,0.2,89.24,171.22,30.07,58.98,229.11,12,1368.75,5.7032,1.0,0,1,15.87,-2.4492935982947064e-16,1,0.26,25.02,1.0,0,1,0,335.85
30/12/2021,0.73,0.42,5.8,139.05,90.35,9.15,52,0.2,88.67,170.22,30.53,60.36,228.66,12,1338.5,5.571,1.0,0,1,16.21,-2.4492935982947064e-16,1,0.26,24.95,1.0,0,1,0,336.5
31/12/2021,0.73,0.42,5.8,138.9,90.35,9.15,52,0.2,88.67,170.22,30.53,60.36,228.46,12,1339.25,5.5703,1.0,0,1,16.21,-2.4492935982947064e-16,1,0.26,24.6,1.0,0,1,0,336.5
01/01/2022,0.73,0.64,5.8,138.9,90.35,9.15,52,0.2,88.67,170.22,30.53,60.36,228.46,1,1339.25,5.5703,0.8660254037844387,0,1,16.21,0.49999999999999994,1,0.26,24.8,2.0,1,1,0,336.5
02/01/2022,0.73,0.64,5.8,138.9,90.35,9.15,52,0.2,88.67,170.22,30.53,60.36,228.46,1,1339.25,5.5703,0.8660254037844387,0,1,16.21,0.49999999999999994,1,0.26,25.86,0.5,1,1,0,336.5
03/01/2022,0.54,0.64,-5.4,138.93,92.01,9.15,1,1.0,91.15,170.62,30.14,59.09,225.46,1,1355.5,5.6818,0.8660254037844387,0,1,16.25,0.49999999999999994,1,0.26,26.43,0.5,1,1,0,334.5
04/01/2022,0.54,0.64,-5.4,137.82,92.72,9.15,1,1.0,93.83,174.46,30.68,59.72,227.27,1,1389.75,5.677,0.8660254037844387,0,1,16.3,0.49999999999999994,1,0.26,25.82,0.5,1,1,0,339.65
05/01/2022,0.54,0.64,-5.4,137.25,92.81,9.15,1,1.0,93.41,178.23,31.47,60.97,226.43,1,1394.75,5.7087,0.8660254037844387,0,1,16.3,0.49999999999999994,1,0.26,25.28,0.5,1,1,0,345.25
06/01/2022,0.54,0.64,-5.4,137.35,93.28,9.15,1,1.0,93.56,176.13,30.98,59.37,225.71,1,1387.25,5.6834,0.8660254037844387,0,1,16.41,0.49999999999999994,1,0.26,24.71,0.5,1,1,0,337.6
07/01/2022,0.54,0.64,-5.4,137.32,93.52,9.15,1,1.0,94.16,175.97,31.24,58.83,225.04,1,1410.25,5.6355,0.8660254037844387,0,1,16.6,0.49999999999999994,1,0.26,25.99,0.5,1,1,0,331.4
08/01/2022,0.54,0.64,-5.4,137.32,93.52,9.15,1,1.0,94.16,175.97,31.24,58.83,225.04,1,1410.25,5.6355,0.8660254037844387,0,1,16.6,0.49999999999999994,1,0.26,24.22,0.5,1,1,0,331.4
09/01/2022,0.54,0.64,-5.4,137.32,93.52,9.15,1,1.0,94.16,175.97,31.24,58.83,225.04,1,1410.25,5.6355,0.8660254037844387,0,1,16.6,0.49999999999999994,1,0.26,24.83,0.5,1,1,0,331.4
10/01/2022,0.54,0.64,-5.4,136.25,94.43,9.15,2,1.0,94.32,176.56,31.13,59.77,222.8,1,1384.75,5.6633,0.8660254037844387,0,1,16.65,0.49999999999999994,1,0.26,26.06,0.5,1,1,0,339.0
11/01/2022,0.54,0.64,-5.4,137.68,95.13,9.15,2,1.0,94.94,176.17,31.58,59.81,223.44,1,1386.5,5.5686,0.8660254037844387,0,1,17.05,0.49999999999999994,1,0.26,24.8,0.5,1,1,0,333.7
12/01/2022,0.54,0.64,-5.4,136.57,95.27,9.15,2,1.0,95.79,175.07,31.63,60.53,226.18,1,1399.25,5.5338,0.8660254037844387,0,1,17.21,0.49999999999999994,1,0.26,23.81,0.5,1,1,0,335.05
13/01/2022,0.54,0.64,-5.4,137.0,96.5,9.15,2,1.0,95.84,175.25,31.75,60.46,223.73,1,1377.25,5.5286,0.8660254037844387,0,1,17.48,0.49999999999999994,1,0.26,25.6,0.5,1,1,0,333.7
14/01/2022,0.54,0.64,-5.4,137.97,96.77,9.15,2,1.0,96.71,174.6,31.62,60.76,223.19,1,1369.75,5.5344,0.8660254037844387,0,1,17.52,0.49999999999999994,1,0.26,27.6,0.5,1,1,0,335.5
15/01/2022,0.54,0.64,-5.4,137.97,96.77,9.15,2,1.0,96.71,174.6,31.62,60.76,223.19,1,1369.75,5.5344,0.8660254037844387,0,1,17.52,0.49999999999999994,1,0.26,29.43,0.5,1,1,0,335.5
16/01/2022,0.54,0.64,-5.4,137.97,96.77,9.15,2,1.0,96.71,174.6,31.62,60.76,223.19,1,1369.75,5.5344,0.8660254037844387,0,1,17.52,0.49999999999999994,1,0.26,28.74,0.5,1,1,0,335.5
17/01/2022,0.54,0.64,-5.4,137.97,96.77,9.15,3,1.0,96.71,174.6,31.62,60.76,223.19,1,1369.75,5.5344,0.8660254037844387,0,1,17.52,0.49999999999999994,1,0.26,26.38,0.5,1,1,0,335.5
18/01/2022,0.54,0.64,-5.4,137.68,97.39,9.15,3,1.0,99.34,174.06,31.33,60.11,223.5,1,1371.0,5.5666,0.8660254037844387,0,1,17.53,0.49999999999999994,1,0.26,26.6,0.5,1,1,0,333.95
19/01/2022,0.54,0.64,-5.4,138.55,97.7,9.15,3,1.0,100.0,175.78,32.17,61.71,229.62,1,1400.75,5.4383,0.8660254037844387,0,1,17.88,0.49999999999999994,1,0.26,26.06,0.5,1,1,0,337.2
20/01/2022,0.54,0.64,-5.4,138.32,98.13,9.15,3,1.0,99.32,176.07,32.54,62.7,231.2,1,1434.5,5.4191,0.8660254037844387,0,1,18.14,0.49999999999999994,1,0.26,27.25,0.5,1,1,0,339.25
21/01/2022,0.54,0.64,-5.4,137.93,98.33,9.15,3,1.0,99.77,177.33,32.5,63.07,225.91,1,1423.0,5.4582,0.8660254037844387,0,1,18.02,0.49999999999999994,1,0.26,27.55,0.5,1,1,0,344.2
22/01/2022,0.54,0.64,-5.4,137.93,98.33,9.15,3,1.0,99.77,177.33,32.5,63.07,225.91,1,1423.0,5.4582,0.8660254037844387,0,1,18.02,0.49999999999999994,1,0.26,28.9,0.5,1,1,0,344.2
23/01/2022,0.54,0.64,-5.4,137.93,98.33,9.15,3,1.0,99.77,177.33,32.5,63.07,225.91,1,1423.0,5.4582,0.8660254037844387,0,1,18.02,0.49999999999999994,1,0.26,29.93,0.5,1,1,0,344.2
24/01/2022,0.54,0.64,-5.4,136.32,97.93,9.15,4,1.0,101.0,177.4,32.24,61.46,224.25,1,1411.0,5.4877,0.8660254037844387,0,1,17.8,0.49999999999999994,1,0.26,26.41,0.5,1,1,0,338.2
25/01/2022,0.54,0.64,-5.4,137.1,97.76,9.15,4,1.0,100.53,176.97,32.53,63.07,221.79,1,1416.0,5.4437,0.8660254037844387,0,1,17.97,0.49999999999999994,1,0.26,26.08,0.5,1,1,0,343.1
26/01/2022,0.54,0.64,-5.4,138.05,97.9,9.15,4,1.0,99.57,177.26,32.78,63.31,220.13,1,1447.0,5.4324,0.8660254037844387,0,1,18.11,0.49999999999999994,1,0.26,25.81,0.5,1,1,0,342.3
27/01/2022,0.54,0.64,-5.4,137.82,97.37,9.15,4,1.0,100.32,179.22,33.02,63.33,223.24,1,1454.0,5.4065,0.8660254037844387,0,1,17.94,0.49999999999999994,1,0.26,26.0,0.5,1,1,0,343.7
28/01/2022,0.54,0.64,-5.4,138.7,97.4,9.15,4,1.0,99.03,180.32,33.44,62.93,225.75,1,1475.25,5.3674,0.8660254037844387,0,1,18.06,0.49999999999999994,1,0.26,25.92,0.5,1,1,0,339.4
29/01/2022,0.54,0.64,-5.4,138.7,97.4,9.15,4,1.0,99.03,180.32,33.44,62.93,225.75,1,1475.25,5.3674,0.8660254037844387,0,1,18.06,0.49999999999999994,1,0.26,24.91,0.5,1,1,0,339.4
30/01/2022,0.54,0.64,-5.4,138.7,97.4,9.15,4,1.0,99.03,180.32,33.44,62.93,225.75,1,1475.25,5.3674,0.8660254037844387,0,1,18.06,0.49999999999999994,1,0.26,25.11,0.5,1,1,0,339.4
31/01/2022,0.54,0.64,-5.4,139.57,97.42,9.15,5,1.0,98.75,180.99,34.13,64.83,229.5,1,1495.25,5.3041,0.8660254037844387,0,1,18.37,0.49999999999999994,1,0.26,24.83,0.5,1,1,0,343.8
01/02/2022,1.01,1.46,-5.4,140.3,97.4,9.15,5,1.0,98.28,184.33,34.98,63.36,232.02,2,1534.25,5.2655,0.5000000000000001,0,0,18.48,0.8660254037844386,1,0.26,26.44,0.0,1,0,0,333.9
02/02/2022,1.01,1.46,-5.4,141.12,97.14,9.15,5,1.0,97.19,188.15,35.6,63.33,239.37,2,1549.5,5.262,0.5000000000000001,0,0,18.38,0.8660254037844386,1,0.26,28.18,0.0,1,0,0,334.7
03/02/2022,1.01,1.46,-5.4,141.6,96.82,10.65,5,1.0,96.85,188.98,35.7,63.1,241.07,2,1547.0,5.2839,0.5000000000000001,0,0,18.29,0.8660254037844386,1,0.26,26.58,0.0,1,0,0,334.0
04/02/2022,1.01,1.46,-5.4,142.05,97.13,10.65,5,1.0,96.75,190.26,35.72,64.57,246.17,2,1557.5,5.3279,0.5000000000000001,0,0,18.24,0.8660254037844386,1,0.26,28.0,0.0,1,0,0,343.9
05/02/2022,1.01,1.46,-5.4,142.05,97.13,10.65,5,1.0,96.75,190.26,35.72,64.57,246.17,2,1557.5,5.3279,0.5000000000000001,0,0,18.24,0.8660254037844386,1,0.26,25.96,0.0,1,0,0,343.9
06/02/2022,1.01,1.46,-5.4,142.05,97.13,10.65,5,1.0,96.75,190.26,35.72,64.57,246.17,2,1557.5,5.3279,0.5000000000000001,0,0,18.24,0.8660254037844386,1,0.26,26.16,0.0,1,0,0,343.9
07/02/2022,1.01,1.46,-5.4,141.82,96.97,10.65,6,1.0,99.4,194.42,36.96,62.79,242.67,2,1586.25,5.2636,0.5000000000000001,0,0,18.44,0.8660254037844386,1,0.26,26.69,0.0,1,0,0,330.3
08/02/2022,1.01,1.46,-5.4,141.97,97.14,10.65,6,1.0,98.84,191.85,36.51,64.58,241.41,2,1572.5,5.2593,0.5000000000000001,0,0,18.49,0.8660254037844386,1,0.26,26.66,0.0,1,0,0,339.35
09/02/2022,1.01,1.46,-5.4,142.9,96.93,10.65,6,1.0,98.89,192.22,36.82,65.34,249.51,2,1595.5,5.2354,0.5000000000000001,0,0,18.57,0.8660254037844386,1,0.26,25.82,0.0,1,0,0,341.05
10/02/2022,1.01,1.46,-5.4,142.35,97.08,10.65,6,1.0,98.45,193.4,37.01,65.46,244.05,2,1576.5,5.2496,0.5000000000000001,0,0,18.58,0.8660254037844386,1,0.26,26.01,0.0,1,0,0,342.1
11/02/2022,1.01,1.46,-5.4,141.88,97.05,10.65,6,1.0,99.55,191.33,36.61,65.45,241.03,2,1586.25,5.2527,0.5000000000000001,0,0,18.57,0.8660254037844386,1,0.26,24.88,0.0,1,0,0,342.05
12/02/2022,1.01,1.46,-5.4,141.88,97.05,10.65,6,1.0,99.55,191.33,36.61,65.45,241.03,2,1586.25,5.2527,0.5000000000000001,0,0,18.57,0.8660254037844386,1,0.26,25.8,0.0,1,0,0,342.05
13/02/2022,1.01,1.46,-5.4,141.88,97.05,10.65,6,1.0,99.55,191.33,36.61,65.45,241.03,2,1586.25,5.2527,0.5000000000000001,0,0,18.57,0.8660254037844386,1,0.26,25.24,0.0,1,0,0,342.05
14/02/2022,1.01,1.46,-5.4,142.43,95.98,10.65,7,1.0,99.33,188.52,36.13,64.96,239.17,2,1574.0,5.2149,0.5000000000000001,0,0,18.4,0.8660254037844386,1,0.26,25.58,0.0,1,0,0,338.9
15/02/2022,1.01,1.46,-5.4,142.9,96.55,10.65,7,1.0,97.09,188.38,36.36,65.27,238.84,2,1555.75,5.159,0.5000000000000001,0,0,18.63,0.8660254037844386,1,0.26,27.47,0.0,1,0,0,338.15
16/02/2022,1.01,1.46,-5.4,143.12,96.53,10.65,7,1.0,96.91,190.32,37.11,66.43,238.92,2,1591.25,5.1365,0.5000000000000001,0,0,18.82,0.8660254037844386,1,0.26,27.0,0.0,1,0,0,340.65
17/02/2022,1.01,1.46,-5.4,143.4,96.51,10.65,7,1.0,96.83,192.0,37.14,66.92,238.85,2,1596.0,5.1718,0.5000000000000001,0,0,18.67,0.8660254037844386,1,0.26,26.35,0.0,1,0,0,345.9
18/02/2022,1.01,1.46,-5.4,143.25,96.49,10.65,7,1.0,96.8,193.54,37.67,66.35,236.62,2,1603.5,5.1385,0.5000000000000001,0,0,18.78,0.8660254037844386,1,0.26,27.25,0.0,1,0,0,340.9
19/02/2022,1.01,1.46,-5.4,143.25,96.49,10.65,7,1.0,96.8,193.54,37.67,66.35,236.62,2,1603.5,5.1385,0.5000000000000001,0,0,18.78,0.8660254037844386,1,0.26,23.5,0.0,1,0,0,340.9
20/02/2022,1.01,1.46,-5.4,143.25,96.49,10.65,7,1.0,96.8,193.54,37.67,66.35,236.62,2,1603.5,5.1385,0.5000000000000001,0,0,18.78,0.8660254037844386,1,0.26,25.35,0.0,1,0,0,340.9
21/02/2022,1.01,1.46,-5.4,143.25,96.49,10.65,8,1.0,96.8,193.54,37.67,66.35,236.62,2,1603.5,5.1385,0.5000000000000001,0,0,18.78,0.8660254037844386,1,0.26,26.8,0.0,1,0,0,340.9
22/02/2022,1.01,1.46,-5.4,143.75,96.8,10.65,8,1.0,97.98,193.4,38.18,68.79,238.37,2,1635.0,5.0583,0.5000000000000001,0,0,19.11,0.8660254037844386,1,0.26,26.23,0.0,1,0,0,348.4
23/02/2022,1.01,1.46,-5.4,143.05,96.85,10.65,8,1.0,98.13,195.23,39.02,68.75,235.56,2,1671.0,5.0097,0.5000000000000001,0,0,19.36,0.8660254037844386,1,0.26,24.39,0.0,1,0,0,343.95
24/02/2022,1.01,1.46,-5.4,140.53,96.89,10.65,8,1.0,98.71,197.5,38.6,66.58,237.26,2,1654.0,5.1231,0.5000000000000001,0,0,18.93,0.8660254037844386,1,0.26,25.5,0.0,1,0,0,340.7
25/02/2022,1.01,1.46,-5.4,139.28,97.34,10.65,8,1.0,97.4,195.03,37.91,66.68,239.41,2,1584.5,5.1623,0.5000000000000001,0,0,18.92,0.8660254037844386,1,0.26,28.62,0.5,1,0,0,343.05
26/02/2022,1.01,1.46,-5.4,139.28,97.34,10.65,8,1.0,97.4,195.03,37.91,66.68,239.41,2,1584.5,5.1623,0.5000000000000001,0,0,18.92,0.8660254037844386,1,0.26,29.61,0.5,1,0,0,343.05
27/02/2022,1.01,1.46,-5.4,139.28,97.34,10.65,8,1.0,97.4,195.03,37.91,66.68,239.41,2,1584.5,5.1623,0.5000000000000001,0,0,18.92,0.8660254037844386,1,0.26,28.33,0.5,1,0,0,343.05
28/02/2022,1.01,1.46,-5.4,140.5,97.34,10.65,9,1.0,97.4,195.03,37.91,66.68,239.41,2,1636.75,5.1599,0.5000000000000001,0,0,18.92,0.8660254037844386,1,0.26,29.01,0.5,1,0,0,343.05
01/03/2022,1.01,-0.0,-5.4,140.53,97.34,10.65,9,1.0,97.4,195.03,37.91,66.68,239.41,3,1690.0,5.1595,6.123233995736766e-17,0,0,18.92,1.0,1,0.26,26.71,1.5,1,0,0,343.05
02/03/2022,1.62,-0.0,-5.4,140.1,97.2,10.65,9,1.0,99.53,199.19,38.98,66.51,236.74,3,1663.0,5.0995,6.123233995736766e-17,0,0,19.02,1.0,1,0.26,25.38,0.0,1,0,0,339.85
03/03/2022,1.62,-0.0,-5.4,138.35,97.72,10.65,9,1.0,100.51,199.85,39.78,68.14,240.82,3,1667.75,5.032,6.123233995736766e-17,0,0,19.45,1.0,1,0.26,24.9,0.0,1,0,0,342.35
04/03/2022,1.62,-0.0,-5.4,135.78,98.15,10.65,9,1.0,102.33,199.88,39.35,67.17,243.77,3,1660.5,5.062,6.123233995736766e-17,0,0,19.32,1.0,1,0.26,26.4,0.0,1,0,0,341.15
05/03/2022,1.62,-0.0,-5.4,135.78,98.15,10.65,9,1.0,102.33,199.88,39.35,67.17,243.77,3,1660.5,5.062,6.123233995736766e-17,0,0,19.32,1.0,1,0.26,27.12,0.0,1,0,0,341.15
06/03/2022,1.62,-0.0,-5.4,135.78,98.15,10.65,9,1.0,102.33,199.88,39.35,67.17,243.77,3,1660.5,5.062,6.123233995736766e-17,0,0,19.32,1.0,1,0.26,25.27,0.0,1,0,0,341.15
07/03/2022,1.62,-0.0,-5.4,137.9,100.19,10.65,10,1.0,101.82,200.3,39.44,68.0,235.73,3,1659.5,5.1115,6.123233995736766e-17,0,0,19.73,1.0,1,0.26,25.34,0.0,1,0,0,345.35
08/03/2022,1.62,-0.0,-5.4,139.05,101.36,10.65,10,1.0,102.0,203.22,40.19,69.29,222.73,3,1689.75,5.0599,6.123233995736766e-17,0,0,20.05,1.0,1,0.26,25.31,0.0,1,0,0,350.35
09/03/2022,1.62,-0.0,-5.4,137.57,101.25,10.65,10,1.0,101.88,202.02,40.32,68.41,230.09,3,1671.75,5.0123,6.123233995736766e-17,0,0,20.21,1.0,1,0.26,25.37,0.0,1,0,0,342.8
10/03/2022,1.62,-0.0,-5.4,135.9,101.42,10.65,10,1.0,102.42,202.56,40.37,68.79,227.96,3,1686.25,5.011,6.123233995736766e-17,0,0,20.21,1.0,1,0.26,26.35,0.0,1,0,0,345.2
11/03/2022,1.62,-0.0,-5.4,137.3,103.57,10.65,10,1.0,102.45,200.38,39.66,68.69,225.96,3,1676.0,5.0745,6.123233995736766e-17,0,0,20.5,1.0,1,0.26,26.88,0.0,1,0,0,347.0
12/03/2022,1.62,-0.0,-5.4,137.3,103.57,10.65,10,1.0,102.45,200.38,39.66,68.69,225.96,3,1676.0,5.0745,6.123233995736766e-17,0,0,20.5,1.0,1,0.26,25.93,0.0,1,0,0,347.0
13/03/2022,1.62,-0.0,-5.4,137.3,103.57,10.65,10,1.0,102.45,200.38,39.66,68.69,225.96,3,1676.0,5.0745,6.123233995736766e-17,0,0,20.5,1.0,1,0.26,27.35,0.0,1,0,0,347.0
14/03/2022,1.62,-0.0,-5.4,140.32,103.9,10.65,11,1.0,103.7,200.43,39.08,67.27,229.57,3,1670.5,5.1193,6.123233995736766e-17,0,0,20.26,1.0,1,0.26,25.53,0.0,1,0,0,345.05
15/03/2022,1.62,-0.0,-5.4,140.85,103.87,10.65,11,1.0,103.78,199.65,38.74,66.18,232.0,3,1635.75,5.1631,6.123233995736766e-17,0,0,20.15,1.0,1,0.26,27.04,0.0,1,0,0,341.1
16/03/2022,1.62,-0.0,-5.4,139.35,103.74,10.65,11,1.0,102.65,199.62,39.1,67.25,242.01,3,1626.0,5.0757,6.123233995736766e-17,0,0,20.32,1.0,1,0.26,24.98,0.0,1,0,0,343.3
17/03/2022,1.62,-0.0,-5.4,139.47,103.57,11.65,11,1.0,102.47,199.8,39.66,69.36,246.28,3,1647.25,5.039,6.123233995736766e-17,0,0,20.56,1.0,1,0.26,26.77,0.0,1,0,0,349.45
18/03/2022,1.62,-0.0,-5.4,140.5,102.59,11.65,11,1.0,101.29,197.41,39.37,69.62,249.6,3,1645.75,5.0231,6.123233995736766e-17,0,0,20.46,1.0,1,0.26,26.86,0.0,1,0,0,349.05
19/03/2022,1.62,-0.0,-5.4,140.5,102.59,11.65,11,1.0,101.29,197.41,39.37,69.62,249.6,3,1645.75,5.0231,6.123233995736766e-17,0,0,20.46,1.0,1,0.26,27.83,0.0,1,0,0,349.05
20/03/2022,1.62,-0.0,-5.4,140.5,102.59,11.65,11,1.0,101.29,197.41,39.37,69.62,249.6,3,1645.75,5.0231,6.123233995736766e-17,0,0,20.46,1.0,1,0.26,27.59,0.0,1,0,0,349.05
21/03/2022,1.62,-0.0,-5.4,140.05,102.63,11.65,12,1.0,101.32,197.44,39.87,69.87,250.76,3,1672.25,4.9354,6.123233995736766e-17,0,0,20.72,1.0,1,0.26,25.55,0.0,1,0,0,346.0
22/03/2022,1.62,-0.0,-5.4,139.43,101.29,11.65,12,1.0,99.43,197.11,40.07,70.97,247.99,3,1678.75,4.9094,6.123233995736766e-17,0,0,20.59,1.0,1,0.26,26.18,0.0,1,0,0,349.1
23/03/2022,1.62,-0.0,-5.4,139.43,99.93,11.65,12,1.0,98.43,194.55,40.21,71.37,246.79,3,1698.5,4.8258,6.123233995736766e-17,0,0,20.65,1.0,1,0.26,27.35,0.0,1,0,0,345.3
24/03/2022,1.62,-0.0,-5.4,139.68,99.2,11.65,12,1.0,97.3,192.38,39.85,72.93,244.93,3,1682.25,4.8253,6.123233995736766e-17,0,0,20.55,1.0,1,0.26,26.77,0.0,1,0,0,352.05
25/03/2022,1.62,-0.0,-5.4,140.47,96.98,11.65,12,1.0,93.35,189.54,39.89,73.04,247.72,3,1688.5,4.742,6.123233995736766e-17,0,0,20.41,1.0,1,0.26,25.95,0.0,1,0,0,347.0
26/03/2022,1.62,-0.0,-5.4,140.47,96.98,11.65,12,1.0,93.35,189.54,39.89,73.04,247.72,3,1688.5,4.742,6.123233995736766e-17,0,0,20.41,1.0,1,0.26,27.99,0.0,1,0,0,347.0
27/03/2022,1.62,-0.0,-5.4,140.47,96.98,11.65,12,1.0,93.35,189.54,39.89,73.04,247.72,3,1688.5,4.742,6.123233995736766e-17,0,0,20.41,1.0,1,0.26,27.3,0.0,1,0,0,347.0
28/03/2022,1.62,-0.0,-5.4,140.3,96.16,11.65,13,1.0,89.89,186.57,39.11,73.36,232.41,3,1646.75,4.7675,6.123233995736766e-17,0,0,20.16,1.0,1,0.26,28.26,0.0,1,0,0,349.95
29/03/2022,1.62,-0.0,-5.4,140.9,92.77,11.65,13,1.0,86.41,180.98,38.01,71.75,228.9,3,1623.75,4.7561,6.123233995736766e-17,0,0,19.49,1.0,1,0.26,24.38,0.0,1,0,0,341.6
30/03/2022,1.62,-0.0,-5.4,140.18,92.7,11.65,13,1.0,88.61,183.4,38.35,72.64,229.77,3,1642.5,4.7685,6.123233995736766e-17,0,0,19.38,1.0,1,0.26,26.0,0.0,1,0,0,347.35
31/03/2022,1.62,-0.0,-5.4,139.38,93.09,11.65,13,1.0,91.31,182.32,38.3,67.9,226.02,3,1598.0,4.739,6.123233995736766e-17,0,0,19.55,1.0,1,0.26,28.0,0.0,1,0,0,323.25
01/04/2022,1.06,0.79,-2.6,138.65,92.04,11.65,13,1.3,89.17,178.94,38.33,73.16,227.88,4,1566.75,4.6575,-0.4999999999999998,0,0,19.71,0.8660254037844387,1,0.26,27.52,0.0,0,0,0,341.6
02/04/2022,1.06,0.79,-2.6,138.65,92.04,11.65,13,1.3,89.17,178.94,38.33,73.16,227.88,4,1566.75,4.6575,-0.4999999999999998,0,0,19.71,0.8660254037844387,1,0.26,26.95,0.0,0,0,0,341.6
03/04/2022,1.06,0.79,-2.6,138.65,92.04,11.65,13,1.3,89.17,178.94,38.33,73.16,227.88,4,1566.75,4.6575,-0.4999999999999998,0,0,19.71,0.8660254037844387,1,0.26,27.96,0.0,0,0,0,341.6
04/04/2022,1.06,0.79,-2.6,138.0,91.55,11.65,14,1.3,87.35,171.22,37.13,72.72,222.91,4,1589.0,4.5928,-0.4999999999999998,0,0,19.85,0.8660254037844387,1,0.26,27.6,0.0,0,0,0,335.4
05/04/2022,1.06,0.79,-2.6,136.8,90.19,11.65,14,1.3,88.37,172.69,37.08,71.59,225.64,4,1614.0,4.6506,-0.4999999999999998,0,0,19.37,0.8660254037844387,1,0.26,28.52,0.0,0,0,0,333.4
06/04/2022,1.06,0.79,-2.6,137.7,89.46,11.65,14,1.3,88.01,174.91,37.06,71.33,231.33,4,1603.5,4.7161,-0.4999999999999998,0,0,18.95,0.8660254037844387,1,0.26,28.97,0.0,0,0,0,336.7
07/04/2022,1.06,0.79,-2.6,138.0,89.06,11.65,14,1.3,86.53,177.84,37.48,69.0,232.14,4,1627.0,4.7524,-0.4999999999999998,0,0,18.77,0.8660254037844387,1,0.26,27.48,0.0,0,0,0,327.4
08/04/2022,1.06,0.79,-2.6,137.82,89.02,11.65,14,1.3,87.2,180.9,38.45,73.53,230.43,4,1668.0,4.697,-0.4999999999999998,0,0,18.92,0.8660254037844387,1,0.26,27.59,0.0,0,0,0,345.95
09/04/2022,1.06,0.79,-2.6,137.82,89.02,11.65,14,1.3,87.2,180.9,38.45,73.53,230.43,4,1668.0,4.697,-0.4999999999999998,0,0,18.92,0.8660254037844387,1,0.26,29.44,0.0,0,0,0,345.95
10/04/2022,1.06,0.79,-2.6,137.82,89.02,11.65,14,1.3,87.2,180.9,38.45,73.53,230.43,4,1668.0,4.697,-0.4999999999999998,0,0,18.92,0.8660254037844387,1,0.26,28.95,0.0,0,0,0,345.95
11/04/2022,1.06,0.79,-2.6,138.53,88.9,11.65,15,1.3,86.87,179.49,38.33,72.3,227.9,4,1640.75,4.6944,-0.4999999999999998,0,0,18.98,0.8660254037844387,1,0.26,28.85,0.0,0,0,0,338.6
12/04/2022,1.06,0.79,-2.6,139.95,88.17,11.65,15,1.3,88.03,178.57,38.17,72.06,224.28,4,1660.5,4.6735,-0.4999999999999998,0,0,18.85,0.8660254037844387,1,0.26,29.2,0.0,0,0,0,337.1
13/04/2022,1.06,0.79,-2.6,140.62,87.56,11.65,15,1.3,88.06,178.99,38.2,71.77,227.45,4,1665.0,4.6899,-0.4999999999999998,0,0,18.69,0.8660254037844387,1,0.26,27.8,0.0,0,0,0,336.3
14/04/2022,1.06,0.79,-2.6,140.68,87.3,11.65,15,1.3,88.51,180.5,38.47,72.23,225.83,4,1665.25,4.7013,-0.4999999999999998,0,0,18.61,0.8660254037844387,1,0.26,26.3,0.0,0,0,0,338.9
15/04/2022,1.06,0.79,-2.6,140.68,87.3,11.65,15,1.3,88.51,180.5,38.47,72.23,225.83,4,1665.25,4.7013,-0.4999999999999998,0,0,18.61,0.8660254037844387,1,0.26,25.92,0.5,0,0,0,338.9
16/04/2022,1.06,0.79,-2.6,140.68,87.3,11.65,15,1.3,88.51,180.5,38.47,72.23,225.83,4,1665.25,4.7013,-0.4999999999999998,0,0,18.61,0.8660254037844387,1,0.26,26.9,0.5,0,0,0,338.9
17/04/2022,1.06,0.79,-2.6,140.68,87.3,11.65,15,1.3,88.51,180.5,38.47,72.23,225.83,4,1665.25,4.7013,-0.4999999999999998,0,0,18.61,0.8660254037844387,1,0.26,27.05,1.5,0,0,0,338.9
18/04/2022,1.06,0.79,-2.6,140.47,87.63,11.65,16,1.3,89.86,182.04,39.08,70.59,224.48,4,1693.25,4.6527,-0.4999999999999998,0,0,18.81,0.8660254037844387,1,0.26,27.14,0.0,0,0,0,328.8
19/04/2022,1.06,0.79,-2.6,141.35,88.03,11.65,16,1.3,90.77,182.35,39.02,72.81,222.45,4,1691.75,4.6675,-0.4999999999999998,0,0,18.84,0.8660254037844387,1,0.26,27.21,0.0,0,0,0,340.25
20/04/2022,1.06,0.79,-2.6,143.07,87.87,11.65,16,1.3,91.91,182.71,39.51,71.65,224.44,4,1717.0,4.6219,-0.4999999999999998,0,0,19.0,0.8660254037844387,1,0.26,27.21,0.0,0,0,0,331.4
21/04/2022,1.06,0.79,-2.6,144.1,87.87,11.65,16,1.3,91.91,182.71,39.51,71.65,224.44,4,1719.5,4.622,-0.4999999999999998,0,0,19.0,0.8660254037844387,1,0.26,27.61,0.0,0,0,0,331.4
22/04/2022,1.06,0.79,-2.6,142.45,87.93,11.65,16,1.3,92.38,186.62,38.9,68.32,211.83,4,1688.0,4.7937,-0.4999999999999998,0,0,18.33,0.8660254037844387,1,0.26,26.63,0.0,0,0,0,327.75
23/04/2022,1.06,0.79,-2.6,142.45,87.93,11.65,16,1.3,92.38,186.62,38.9,68.32,211.83,4,1688.0,4.7937,-0.4999999999999998,0,0,18.33,0.8660254037844387,1,0.26,27.2,0.0,0,0,0,327.75
24/04/2022,1.06,0.79,-2.6,142.45,87.93,11.65,16,1.3,92.38,186.62,38.9,68.32,211.83,4,1688.0,4.7937,-0.4999999999999998,0,0,18.33,0.8660254037844387,1,0.26,27.65,0.0,0,0,0,327.75
25/04/2022,1.06,0.79,-2.6,139.1,88.71,11.65,17,1.3,93.69,187.87,38.55,67.49,210.53,4,1675.25,4.8766,-0.4999999999999998,0,0,18.2,0.8660254037844387,1,0.26,27.8,0.0,0,0,0,328.9
26/04/2022,1.06,0.79,-2.6,140.0,88.51,11.65,17,1.3,95.12,190.93,38.26,66.93,202.66,4,1671.75,4.9989,-0.4999999999999998,0,0,17.74,0.8660254037844387,1,0.26,27.41,0.0,0,0,0,334.0
27/04/2022,1.06,0.79,-2.6,138.5,88.21,11.65,17,1.3,93.4,191.55,38.59,67.61,214.69,4,1692.75,4.9651,-0.4999999999999998,0,0,17.77,0.8660254037844387,1,0.26,26.68,0.0,0,0,0,335.6
28/04/2022,1.06,0.79,-2.6,138.5,88.38,11.65,17,1.3,91.6,192.44,38.97,67.5,214.49,4,1684.75,4.9425,-0.4999999999999998,0,0,17.9,0.8660254037844387,1,0.26,27.19,0.0,0,0,0,333.3
29/04/2022,1.06,0.79,-2.6,141.9,88.25,11.65,17,1.3,92.26,191.16,38.63,67.67,208.42,4,1684.75,4.9721,-0.4999999999999998,0,0,17.83,0.8660254037844387,1,0.26,27.9,0.0,0,0,0,334.85
30/04/2022,1.06,0.79,-2.6,141.9,88.25,11.65,17,1.3,92.26,191.16,38.63,67.67,208.42,4,1684.75,4.9721,-0.4999999999999998,0,0,17.83,0.8660254037844387,1,0.26,27.25,0.0,0,0,0,334.85
01/05/2022,1.06,-2.82,-2.6,141.9,88.25,11.65,17,1.3,92.26,191.16,38.63,67.67,208.42,5,1684.75,4.9721,-0.8660254037844387,0,1,17.83,0.49999999999999994,1,0.26,26.6,0.0,0,0,0,334.85
02/05/2022,0.47,-2.82,-2.6,135.2,87.87,11.65,18,1.3,91.87,190.51,37.6,64.91,205.99,5,1645.25,5.0848,-0.8660254037844387,0,1,17.34,0.49999999999999994,1,0.26,27.05,0.0,0,0,0,328.9
03/05/2022,0.47,-2.82,-2.6,135.32,87.6,11.65,18,1.3,90.07,188.59,37.98,68.34,208.25,5,1630.5,4.9584,-0.8660254037844387,0,1,17.64,0.49999999999999994,1,0.26,28.24,0.0,0,0,0,339.3
04/05/2022,0.47,-2.82,-2.6,134.82,87.55,11.65,18,1.3,89.4,186.82,38.04,67.59,209.68,5,1640.5,4.9198,-0.8660254037844387,0,1,17.83,0.49999999999999994,1,0.26,27.68,0.0,0,0,0,331.95
05/05/2022,0.47,-2.82,-2.6,133.78,87.41,12.65,18,1.3,88.88,188.42,37.47,66.27,202.66,5,1647.0,5.028,-0.8660254037844387,0,1,17.38,0.49999999999999994,1,0.26,27.97,0.0,0,0,0,333.25
06/05/2022,0.47,-2.82,-2.6,132.75,86.63,12.65,18,1.3,87.86,189.44,37.34,66.27,199.9,5,1622.0,5.0774,-0.8660254037844387,0,1,17.08,0.49999999999999994,1,0.26,28.26,0.5,0,0,0,333.25
07/05/2022,0.47,-2.82,-2.6,132.75,86.63,12.65,18,1.3,87.86,189.44,37.34,66.27,199.9,5,1622.0,5.0774,-0.8660254037844387,0,1,17.08,0.49999999999999994,1,0.26,26.69,0.5,0,0,0,333.25
08/05/2022,0.47,-2.82,-2.6,132.75,86.63,12.65,18,1.3,87.86,189.44,37.34,66.27,199.9,5,1622.0,5.0774,-0.8660254037844387,0,1,17.08,0.49999999999999994,1,0.26,27.33,1.5,0,0,0,333.25
09/05/2022,0.47,-2.82,-2.6,133.55,86.15,12.65,19,1.3,86.79,187.45,36.36,64.26,191.57,5,1585.25,5.1617,-0.8660254037844387,0,1,16.71,0.49999999999999994,1,0.26,27.55,0.0,0,0,0,331.3
10/05/2022,0.47,-2.82,-2.6,132.4,85.83,12.65,19,1.3,86.8,187.27,36.54,64.49,190.3,5,1592.25,5.1313,-0.8660254037844387,0,1,16.75,0.49999999999999994,1,0.26,27.11,0.0,0,0,0,330.5
11/05/2022,0.47,-2.82,-2.6,133.57,86.08,12.65,19,1.3,86.31,188.14,36.62,60.56,188.74,5,1606.75,5.1373,-0.8660254037844387,0,1,16.75,0.49999999999999994,1,0.26,27.05,0.0,0,0,0,311.15
12/05/2022,0.47,-2.82,-2.6,131.65,86.4,12.65,19,1.3,86.98,190.72,37.06,63.23,186.25,5,1613.75,5.1339,-0.8660254037844387,0,1,16.79,0.49999999999999994,1,0.26,26.63,0.0,0,0,0,325.4
13/05/2022,0.47,-2.82,-2.6,132.07,86.54,12.65,19,1.3,86.75,191.49,37.89,64.79,190.14,5,1646.5,5.0602,-0.8660254037844387,0,1,17.12,0.49999999999999994,1,0.26,26.54,0.0,0,0,0,327.45
14/05/2022,0.47,-2.82,-2.6,132.07,86.54,12.65,19,1.3,86.75,191.49,37.89,64.79,190.14,5,1646.5,5.0602,-0.8660254037844387,0,1,17.12,0.49999999999999994,1,0.26,26.95,0.0,0,0,0,327.45
15/05/2022,0.47,-2.82,-2.6,132.07,86.54,12.65,19,1.3,86.75,191.49,37.89,64.79,190.14,5,1646.5,5.0602,-0.8660254037844387,0,1,17.12,0.49999999999999994,1,0.26,27.01,0.0,0,0,0,327.45
16/05/2022,0.47,-2.82,-2.6,133.18,87.97,12.65,20,1.3,86.97,192.13,38.08,66.36,186.41,5,1607.25,5.0599,-0.8660254037844387,0,1,17.44,0.49999999999999994,1,0.26,27.59,0.0,0,0,0,334.8
17/05/2022,0.47,-2.82,-2.6,133.0,89.09,12.65,20,1.3,95.08,191.47,38.74,65.44,186.27,5,1624.25,4.9387,-0.8660254037844387,0,1,18.03,0.49999999999999994,1,0.26,26.66,0.0,0,0,0,323.4
18/05/2022,0.47,-2.82,-2.6,131.5,89.28,12.65,20,1.3,93.5,190.16,38.13,61.61,179.1,5,1607.0,4.9682,-0.8660254037844387,0,1,17.9,0.49999999999999994,1,0.26,21.79,0.0,0,0,0,307.25
19/05/2022,0.47,-2.82,-2.6,131.5,89.23,12.65,20,1.3,93.06,190.41,38.75,63.39,180.69,5,1630.5,4.9309,-0.8660254037844387,0,1,18.16,0.49999999999999994,1,0.26,18.83,0.0,0,0,0,311.5
20/05/2022,0.47,-2.82,-2.6,131.57,88.48,12.65,20,1.3,92.08,191.07,39.24,66.64,182.55,5,1641.75,4.8788,-0.8660254037844387,0,1,18.17,0.49999999999999994,1,0.26,19.26,0.0,0,0,0,324.45
21/05/2022,0.47,-2.82,-2.6,131.57,88.48,12.65,20,1.3,92.08,191.07,39.24,66.64,182.55,5,1641.75,4.8788,-0.8660254037844387,0,1,18.17,0.49999999999999994,1,0.26,20.88,0.0,0,0,0,324.45
22/05/2022,0.47,-2.82,-2.6,131.57,88.48,12.65,20,1.3,92.08,191.07,39.24,66.64,182.55,5,1641.75,4.8788,-0.8660254037844387,0,1,18.17,0.49999999999999994,1,0.26,21.82,0.0,0,0,0,324.45
23/05/2022,0.47,-2.82,-2.6,132.78,88.03,12.65,21,1.3,90.84,187.44,38.94,63.41,182.06,5,1628.75,4.813,-0.8660254037844387,0,1,18.29,0.49999999999999994,1,0.26,23.39,0.0,0,0,0,305.2
24/05/2022,0.47,-2.82,-2.6,132.72,87.43,12.65,21,1.3,92.1,186.51,38.69,65.16,182.13,5,1632.25,4.8191,-0.8660254037844387,0,1,18.13,0.49999999999999994,1,0.26,25.5,0.0,0,0,0,314.15
25/05/2022,0.47,-2.82,-2.6,132.3,87.33,12.65,21,1.3,91.31,187.93,39.06,66.14,185.7,5,1620.5,4.8275,-0.8660254037844387,0,1,18.15,0.49999999999999994,1,0.26,25.2,0.0,0,0,0,318.2
26/05/2022,0.47,-2.82,-2.6,132.4,86.99,12.65,21,1.3,90.56,188.01,39.49,67.02,187.11,5,1659.5,4.7677,-0.8660254037844387,0,1,18.27,0.49999999999999994,1,0.26,24.83,0.0,0,0,0,319.1
27/05/2022,0.47,-2.82,-2.6,132.18,86.9,12.65,21,1.3,90.74,188.81,39.85,66.65,189.98,5,1663.0,4.7295,-0.8660254037844387,0,1,18.34,0.49999999999999994,1,0.26,25.65,0.0,0,0,0,315.8
28/05/2022,0.47,-2.82,-2.6,132.18,86.9,12.65,21,1.3,90.74,188.81,39.85,66.65,189.98,5,1663.0,4.7295,-0.8660254037844387,0,1,18.34,0.49999999999999994,1,0.26,25.87,0.0,0,0,0,315.8
29/05/2022,0.47,-2.82,-2.6,132.18,86.9,12.65,21,1.3,90.74,188.81,39.85,66.65,189.98,5,1663.0,4.7295,-0.8660254037844387,0,1,18.34,0.49999999999999994,1,0.26,25.34,0.0,0,0,0,315.8
30/05/2022,0.47,-2.82,-2.6,132.18,86.9,12.65,22,1.3,90.74,188.81,39.85,66.65,189.98,5,1663.0,4.7295,-0.8660254037844387,0,1,18.34,0.49999999999999994,1,0.26,24.8,0.0,0,0,0,315.8
31/05/2022,0.47,-2.82,-2.6,130.53,86.25,12.65,22,1.3,88.42,185.47,39.04,67.65,188.93,5,1620.25,4.7315,-0.8660254037844387,0,1,18.15,0.49999999999999994,1,0.26,25.49,0.0,0,0,0,321.4
01/06/2022,0.67,-3.91,-2.6,132.8,85.8,12.65,22,1.3,87.13,184.5,38.45,65.56,189.45,6,1625.0,4.8151,-1.0,0,1,17.88,1.2246467991473532e-16,1,0.26,26.41,0.5,0,0,0,314.6
02/06/2022,0.67,-3.91,-2.6,133.62,85.52,12.65,22,1.3,86.56,186.7,38.95,64.38,194.49,6,1658.75,4.7962,-1.0,0,1,17.84,1.2246467991473532e-16,1,0.26,26.9,0.5,0,0,0,308.65
03/06/2022,0.67,-3.91,-2.6,133.6,85.07,12.65,22,1.3,86.34,186.96,39.08,65.32,190.05,6,1633.75,4.7734,-1.0,0,1,17.78,1.2246467991473532e-16,1,0.26,27.07,0.5,0,0,0,312.5
04/06/2022,0.67,-3.91,-2.6,133.6,85.07,12.65,22,1.3,86.34,186.96,39.08,65.32,190.05,6,1633.75,4.7734,-1.0,0,1,17.78,1.2246467991473532e-16,1,0.26,26.02,0.5,0,0,0,312.5
05/06/2022,0.67,-3.91,-2.6,133.6,85.07,12.65,22,1.3,86.34,186.96,39.08,65.32,190.05,6,1633.75,4.7734,-1.0,0,1,17.78,1.2246467991473532e-16,1,0.26,25.62,0.5,0,0,0,312.5
06/06/2022,0.67,-3.91,-2.6,132.82,84.8,12.65,23,1.3,87.11,186.07,38.76,64.86,189.44,6,1635.75,4.7945,-1.0,0,1,17.66,1.2246467991473532e-16,1,0.26,25.15,0.5,0,0,0,311.4
07/06/2022,0.67,-3.91,-2.6,133.72,85.56,12.65,23,1.3,88.41,189.45,38.89,64.7,192.67,6,1653.75,4.8696,-1.0,0,1,17.56,1.2246467991473532e-16,1,0.26,25.01,0.5,0,0,0,315.15
08/06/2022,0.67,-3.91,-2.6,136.82,85.86,12.65,23,1.3,88.42,191.82,39.3,64.77,189.64,6,1662.75,4.8988,-1.0,0,1,17.59,1.2246467991473532e-16,1,0.26,24.97,0.5,0,0,0,316.15
09/06/2022,0.67,-3.91,-2.6,137.05,85.85,12.65,23,1.3,89.6,193.18,39.34,63.55,188.08,6,1679.75,4.9063,-1.0,0,1,17.48,1.2246467991473532e-16,1,0.26,24.77,0.5,0,0,0,312.1
10/06/2022,0.67,-3.91,-2.6,136.2,85.42,12.65,23,1.3,89.31,194.93,39.13,63.12,189.95,6,1662.0,4.9865,-1.0,0,1,17.15,1.2246467991473532e-16,1,0.26,25.08,0.5,0,0,0,314.4
11/06/2022,0.67,-3.91,-2.6,136.2,85.42,12.65,23,1.3,89.31,194.93,39.13,63.12,189.95,6,1662.0,4.9865,-1.0,0,1,17.15,1.2246467991473532e-16,1,0.26,25.13,0.5,0,0,0,314.4
12/06/2022,0.67,-3.91,-2.6,136.2,85.42,12.65,23,1.3,89.31,194.93,39.13,63.12,189.95,6,1662.0,4.9865,-1.0,0,1,17.15,1.2246467991473532e-16,1,0.26,25.06,0.5,0,0,0,314.4
13/06/2022,0.67,-3.91,-2.6,134.0,85.41,12.65,24,1.3,89.03,194.3,37.93,60.72,192.89,6,1627.75,5.1154,-1.0,0,1,16.67,1.2246467991473532e-16,1,0.26,25.15,1.5,0,0,0,311.05
14/06/2022,0.67,-3.91,-2.6,135.2,86.42,12.65,24,1.3,88.93,194.56,37.85,62.21,186.35,6,1616.5,5.1168,-1.0,0,1,16.81,1.2246467991473532e-16,1,0.26,25.75,0.5,0,0,0,319.75
15/06/2022,0.67,-3.91,-2.6,137.55,86.25,12.65,24,1.3,90.02,194.0,38.61,63.22,190.88,6,1613.75,5.0536,-1.0,0,1,17.16,1.2246467991473532e-16,1,0.26,26.58,0.5,0,0,0,317.7
16/06/2022,0.67,-3.91,-2.6,137.75,86.25,12.65,24,1.3,90.02,194.0,38.61,63.22,190.88,6,1630.75,5.0535,-1.0,0,1,17.16,1.2246467991473532e-16,1,0.26,26.2,0.5,0,0,0,317.7
17/06/2022,0.67,-3.91,-2.6,138.03,86.32,13.15,24,1.3,91.25,193.65,37.67,62.35,190.55,6,1622.25,5.1518,-1.0,0,1,16.79,1.2246467991473532e-16,1,0.26,25.62,0.5,0,0,0,320.5
18/06/2022,0.67,-3.91,-2.6,138.03,86.32,13.15,24,1.3,91.25,193.65,37.67,62.35,190.55,6,1622.25,5.1518,-1.0,0,1,16.79,1.2246467991473532e-16,1,0.26,25.15,0.5,0,0,0,320.5
19/06/2022,0.67,-3.91,-2.6,138.03,86.32,13.15,24,1.3,91.25,193.65,37.67,62.35,190.55,6,1622.25,5.1518,-1.0,0,1,16.79,1.2246467991473532e-16,1,0.26,25.88,0.5,0,0,0,320.5
20/06/2022,0.67,-3.91,-2.6,138.03,86.32,13.15,25,1.3,91.25,193.65,37.67,62.35,190.55,6,1622.25,5.1518,-1.0,0,1,16.79,1.2246467991473532e-16,1,0.26,24.82,0.5,0,0,0,320.5
21/06/2022,0.67,-3.91,-2.6,137.82,87.15,13.15,25,1.3,89.03,191.62,37.2,62.4,198.12,6,1598.5,5.1257,-1.0,0,1,16.92,1.2246467991473532e-16,1,0.26,25.2,0.5,0,0,0,321.4
22/06/2022,0.67,-3.91,-2.6,136.12,87.04,13.15,25,1.3,87.64,188.96,36.55,62.19,198.09,6,1564.0,5.194,-1.0,0,1,16.84,1.2246467991473532e-16,1,0.26,24.84,0.5,0,0,0,321.5
23/06/2022,0.67,-3.91,-2.6,135.25,85.92,13.15,25,1.3,86.7,185.46,35.47,61.53,198.09,6,1507.25,5.2406,-1.0,0,1,16.43,1.2246467991473532e-16,1,0.26,25.44,0.5,0,0,0,321.75
24/06/2022,0.67,-3.91,-2.6,135.35,85.65,13.15,25,1.3,87.46,184.07,35.01,61.41,199.55,6,1520.75,5.2417,-1.0,0,1,16.29,1.2246467991473532e-16,1,0.26,25.42,1.5,0,0,0,322.9
25/06/2022,0.67,-3.91,-2.6,135.35,85.65,13.15,25,1.3,87.46,184.07,35.01,61.41,199.55,6,1520.75,5.2417,-1.0,0,1,16.29,1.2246467991473532e-16,1,0.26,26.13,0.5,0,0,0,322.9
26/06/2022,0.67,-3.91,-2.6,135.35,85.65,13.15,25,1.3,87.46,184.07,35.01,61.41,199.55,6,1520.75,5.2417,-1.0,0,1,16.29,1.2246467991473532e-16,1,0.26,25.01,0.5,0,0,0,322.9
27/06/2022,0.67,-3.91,-2.6,136.25,84.75,13.15,26,1.3,85.89,184.94,35.37,62.4,199.02,6,1529.5,5.2366,-1.0,0,1,16.21,1.2246467991473532e-16,1,0.26,24.6,0.5,0,0,0,326.25
28/06/2022,0.67,-3.91,-2.6,136.3,83.9,13.15,26,1.3,86.2,187.94,35.69,61.91,195.86,6,1556.5,5.2675,-1.0,0,1,15.93,1.2246467991473532e-16,1,0.26,24.09,0.5,0,0,0,326.0
29/06/2022,0.67,-3.91,-2.6,136.8,84.85,13.15,26,1.3,84.62,189.21,36.41,61.52,195.89,6,1571.5,5.1818,-1.0,0,1,16.33,1.2246467991473532e-16,1,0.26,24.62,1.5,0,0,0,319.65
30/06/2022,0.67,-3.91,-2.6,138.0,83.55,13.15,26,1.3,84.64,189.76,36.28,61.23,194.51,6,1560.5,5.2562,-1.0,0,1,15.97,1.2246467991473532e-16,1,0.26,24.27,0.5,0,0,0,320.25
01/07/2022,-0.68,-2.78,3.5,134.6,83.16,13.15,26,0.5,84.33,188.75,35.47,59.14,194.11,7,1509.75,5.331,-0.8660254037844388,0,1,15.63,-0.4999999999999997,1,0.26,25.1,0.5,0,0,1,314.75
02/07/2022,-0.68,-2.78,3.5,134.6,83.16,13.15,26,0.5,84.33,188.75,35.47,59.14,194.11,7,1509.75,5.331,-0.8660254037844388,0,1,15.63,-0.4999999999999997,1,0.26,25.66,0.5,0,0,1,314.75
03/07/2022,-0.68,-2.78,3.5,134.6,83.16,13.15,26,0.5,84.33,188.75,35.47,59.14,194.11,7,1509.75,5.331,-0.8660254037844388,0,1,15.63,-0.4999999999999997,1,0.26,26.42,0.5,0,0,1,314.75
04/07/2022,-0.68,-2.78,3.5,134.6,83.16,13.15,27,0.5,84.33,188.75,35.47,59.14,194.11,7,1509.75,5.331,-0.8660254037844388,0,1,15.63,-0.4999999999999997,1,0.26,24.35,0.5,0,0,1,314.75
05/07/2022,-0.68,-2.78,3.5,132.93,82.6,13.15,27,0.5,82.1,182.73,33.89,60.01,194.19,7,1439.25,5.3861,-0.8660254037844388,0,1,15.32,-0.4999999999999997,1,0.26,23.56,0.5,0,0,1,323.55
06/07/2022,-0.68,-2.78,3.5,134.5,82.19,13.15,27,0.5,82.11,182.37,33.68,58.36,193.81,7,1446.5,5.4287,-0.8660254037844388,0,1,15.18,-0.4999999999999997,1,0.26,24.81,0.5,0,0,1,316.0
07/07/2022,-0.68,-2.78,3.5,134.55,81.68,13.15,27,0.5,82.82,184.45,34.52,60.78,198.39,7,1485.25,5.3391,-0.8660254037844388,0,1,15.28,-0.4999999999999997,1,0.26,25.07,0.5,0,0,1,324.8
08/07/2022,-0.68,-2.78,3.5,133.95,81.5,13.15,27,0.5,82.7,185.25,35.18,61.72,198.5,7,1513.25,5.2536,-0.8660254037844388,0,1,15.48,-0.4999999999999997,1,0.26,25.67,0.5,0,0,1,324.95
09/07/2022,-0.68,-2.78,3.5,133.95,81.5,13.15,27,0.5,82.7,185.25,35.18,61.72,198.5,7,1513.25,5.2536,-0.8660254037844388,0,1,15.48,-0.4999999999999997,1,0.26,26.15,0.5,0,0,1,324.95
10/07/2022,-0.68,-2.78,3.5,133.95,81.5,13.15,27,0.5,82.7,185.25,35.18,61.72,198.5,7,1513.25,5.2536,-0.8660254037844388,0,1,15.48,-0.4999999999999997,1,0.26,25.06,0.5,0,0,1,324.95
11/07/2022,-0.68,-2.78,3.5,136.15,82.36,13.15,28,0.5,82.94,187.8,34.99,62.22,197.97,7,1522.0,5.3782,-0.8660254037844388,0,1,15.34,-0.4999999999999997,1,0.26,24.28,0.5,0,0,1,334.0
12/07/2022,-0.68,-2.78,3.5,136.68,83.12,13.15,28,0.5,82.63,186.89,34.37,59.71,193.06,7,1468.25,5.4368,-0.8660254037844388,0,1,15.29,-0.4999999999999997,1,0.26,25.0,0.5,0,0,1,324.7
13/07/2022,-0.68,-2.78,3.5,136.88,82.73,13.15,28,0.5,82.78,184.65,34.16,61.11,193.42,7,1484.75,5.3917,-0.8660254037844388,0,1,15.3,-0.4999999999999997,1,0.26,24.95,0.5,0,0,1,330.35
14/07/2022,-0.68,-2.78,3.5,135.4,82.58,13.15,28,0.5,82.54,185.61,34.16,59.74,189.6,7,1471.75,5.4233,-0.8660254037844388,0,1,15.2,-0.4999999999999997,1,0.26,25.25,0.5,0,0,1,324.65
15/07/2022,-0.68,-2.78,3.5,134.93,82.46,13.15,28,0.5,82.59,183.56,33.95,60.28,191.89,7,1359.5,5.4082,-0.8660254037844388,0,1,15.25,-0.4999999999999997,1,0.26,26.62,0.5,0,0,1,325.95
16/07/2022,-0.68,-2.78,3.5,134.93,82.46,13.15,28,0.5,82.59,183.56,33.95,60.28,191.89,7,1359.5,5.4082,-0.8660254037844388,0,1,15.25,-0.4999999999999997,1,0.26,26.87,0.5,0,0,1,325.95
17/07/2022,-0.68,-2.78,3.5,134.93,82.46,13.15,28,0.5,82.59,183.56,33.95,60.28,191.89,7,1359.5,5.4082,-0.8660254037844388,0,1,15.25,-0.4999999999999997,1,0.26,25.82,0.5,0,0,1,325.95
18/07/2022,-0.68,-2.78,3.5,135.62,82.36,13.15,29,0.5,87.99,185.0,34.11,60.31,190.46,7,1396.75,5.4375,-0.8660254037844388,0,1,15.19,-0.4999999999999997,1,0.26,25.09,0.5,0,0,1,327.05
19/07/2022,-0.68,-2.78,3.5,135.72,81.67,13.15,29,0.5,85.32,183.45,33.85,59.3,193.68,7,1375.5,5.4135,-0.8660254037844388,0,1,15.07,-0.4999999999999997,1,0.26,24.78,0.5,0,0,1,321.4
20/07/2022,-0.68,-2.78,3.5,135.75,81.41,13.15,29,0.5,85.12,183.2,33.55,59.27,193.99,7,1350.5,5.4714,-0.8660254037844388,0,1,14.91,-0.4999999999999997,1,0.26,26.41,0.5,0,0,1,323.7
21/07/2022,-0.68,-2.78,3.5,135.72,80.85,13.15,29,0.5,83.65,181.4,33.04,58.4,195.55,7,1317.0,5.4968,-0.8660254037844388,0,1,14.72,-0.4999999999999997,1,0.26,25.17,0.5,0,0,1,320.65
22/07/2022,-0.68,-2.78,3.5,137.38,80.06,13.15,29,0.5,82.96,179.28,32.59,58.92,194.3,7,1327.5,5.4968,-0.8660254037844388,0,1,14.55,-0.4999999999999997,1,0.26,26.44,0.5,0,0,1,324.1
23/07/2022,-0.68,-2.78,3.5,137.38,80.06,13.15,29,0.5,82.96,179.28,32.59,58.92,194.3,7,1327.5,5.4968,-0.8660254037844388,0,1,14.55,-0.4999999999999997,1,0.26,26.8,0.5,0,0,1,324.1
24/07/2022,-0.68,-2.78,3.5,137.38,80.06,13.15,29,0.5,82.96,179.28,32.59,58.92,194.3,7,1327.5,5.4968,-0.8660254037844388,0,1,14.55,-0.4999999999999997,1,0.26,25.73,0.5,0,0,1,324.1
25/07/2022,-0.68,-2.78,3.5,137.75,80.2,13.15,30,0.5,83.87,180.49,33.59,61.41,194.28,7,1356.0,5.3576,-0.8660254037844388,0,1,14.92,-0.4999999999999997,1,0.26,25.25,0.5,0,0,1,330.0
26/07/2022,-0.68,-2.78,3.5,136.88,81.27,13.15,30,0.5,87.35,183.41,34.26,60.28,193.64,7,1399.75,5.3511,-0.8660254037844388,0,1,15.18,-0.4999999999999997,1,0.26,25.5,0.5,0,0,1,322.75
27/07/2022,-0.68,-2.78,3.5,136.8,81.4,13.15,30,0.5,86.7,186.56,35.54,61.93,186.24,7,1424.5,5.2432,-0.8660254037844388,0,1,15.51,-0.4999999999999997,1,0.26,24.85,0.5,0,0,1,325.05
28/07/2022,-0.68,-2.78,3.5,136.18,81.78,13.15,30,0.5,88.51,186.11,36.06,62.68,189.59,7,1457.0,5.1823,-0.8660254037844388,0,1,15.84,-0.4999999999999997,1,0.26,24.89,0.5,0,0,1,323.5
29/07/2022,-0.68,-2.78,3.5,136.45,82.93,13.15,30,0.5,86.11,188.17,36.34,62.9,189.55,7,1487.25,5.1734,-0.8660254037844388,0,1,16.02,-0.4999999999999997,1,0.26,24.6,0.5,0,0,1,325.7
30/07/2022,-0.68,-2.78,3.5,136.45,82.93,13.15,30,0.5,86.11,188.17,36.34,62.9,189.55,7,1487.25,5.1734,-0.8660254037844388,0,1,16.02,-0.4999999999999997,1,0.26,24.69,0.5,0,0,1,325.7
31/07/2022,-0.68,-2.78,3.5,136.45,82.93,13.15,30,0.5,86.11,188.17,36.34,62.9,189.55,7,1487.25,5.1734,-0.8660254037844388,0,1,16.02,-0.4999999999999997,1,0.26,26.62,0.5,0,0,1,325.7
01/08/2022,-0.36,-3.66,3.5,136.78,82.64,13.15,31,0.5,85.83,185.37,35.75,63.0,186.01,8,1432.0,5.1838,-0.5000000000000004,0,1,15.94,-0.8660254037844385,1,0.26,25.66,0.0,0,0,1,326.65
02/08/2022,-0.36,-3.66,3.5,136.57,82.58,13.15,31,0.5,85.62,183.04,34.67,61.08,187.69,8,1415.75,5.2784,-0.5000000000000004,0,1,15.64,-0.8660254037844385,1,0.26,26.09,0.0,0,0,1,322.5
03/08/2022,-0.36,-3.66,3.5,137.9,82.41,13.15,31,0.5,85.85,180.47,34.21,56.79,187.9,8,1403.75,5.2815,-0.5000000000000004,0,1,15.62,-0.8660254037844385,1,0.26,27.6,0.0,0,0,1,299.55
04/08/2022,-0.36,-3.66,3.5,137.7,82.24,13.65,31,0.5,87.31,181.08,34.71,57.04,190.07,8,1461.25,5.2164,-0.5000000000000004,0,1,15.76,-0.8660254037844385,1,0.26,26.65,0.0,0,0,1,297.6
05/08/2022,-0.36,-3.66,3.5,137.88,81.91,13.65,31,0.5,87.06,182.61,35.34,60.11,192.09,8,1463.25,5.1646,-0.5000000000000004,0,1,15.85,-0.8660254037844385,1,0.26,27.08,0.0,0,0,1,310.65
06/08/2022,-0.36,-3.66,3.5,137.88,81.91,13.65,31,0.5,87.06,182.61,35.34,60.11,192.09,8,1463.25,5.1646,-0.5000000000000004,0,1,15.85,-0.8660254037844385,1,0.26,27.5,0.0,0,0,1,310.65
07/08/2022,-0.36,-3.66,3.5,137.88,81.91,13.65,31,0.5,87.06,182.61,35.34,60.11,192.09,8,1463.25,5.1646,-0.5000000000000004,0,1,15.85,-0.8660254037844385,1,0.26,28.45,0.0,0,0,1,310.65
08/08/2022,-0.36,-3.66,3.5,138.35,82.05,13.65,32,0.5,86.13,179.84,35.17,61.74,191.43,8,1464.0,5.1117,-0.5000000000000004,0,1,16.04,-0.8660254037844385,1,0.26,28.58,0.0,0,0,1,315.75
09/08/2022,-0.36,-3.66,3.5,137.97,81.63,13.65,32,0.5,87.77,180.81,35.2,61.71,192.85,8,1512.25,5.1237,-0.5000000000000004,0,1,15.89,-0.8660254037844385,1,0.26,28.01,0.0,0,0,1,317.0
10/08/2022,-0.36,-3.66,3.5,139.2,82.76,13.65,32,0.5,87.08,181.56,35.65,61.1,188.53,8,1509.0,5.0927,-0.5000000000000004,0,1,16.25,-0.8660254037844385,1,0.26,27.08,0.0,0,0,1,311.2
11/08/2022,-0.36,-3.66,3.5,140.6,81.94,13.65,32,0.5,89.16,183.07,35.47,59.63,189.12,8,1520.25,5.1581,-0.5000000000000004,0,1,15.87,-0.8660254037844385,1,0.26,24.98,0.0,0,0,1,307.8
12/08/2022,-0.36,-3.66,3.5,140.22,81.55,13.65,32,0.5,88.74,184.05,36.32,62.46,192.52,8,1535.0,5.0735,-0.5000000000000004,0,1,16.09,-0.8660254037844385,1,0.26,25.96,0.5,0,0,1,316.5
13/08/2022,-0.36,-3.66,3.5,140.22,81.55,13.65,32,0.5,88.74,184.05,36.32,62.46,192.52,8,1535.0,5.0735,-0.5000000000000004,0,1,16.09,-0.8660254037844385,1,0.26,27.25,0.5,0,0,1,316.5
14/08/2022,-0.36,-3.66,3.5,140.22,81.55,13.65,32,0.5,88.74,184.05,36.32,62.46,192.52,8,1535.0,5.0735,-0.5000000000000004,0,1,16.09,-0.8660254037844385,1,0.26,27.4,1.5,0,0,1,316.5
15/08/2022,-0.36,-3.66,3.5,139.75,81.41,13.65,33,0.5,87.52,180.32,35.4,61.56,192.22,8,1412.25,5.0961,-0.5000000000000004,0,1,15.98,-0.8660254037844385,1,0.26,27.36,0.0,0,0,1,313.5
16/08/2022,-0.36,-3.66,3.5,141.3,82.11,13.65,33,0.5,85.69,179.05,34.79,61.05,195.23,8,1381.0,5.1459,-0.5000000000000004,0,1,15.95,-0.8660254037844385,1,0.26,29.23,0.0,0,0,1,314.2
17/08/2022,-0.36,-3.66,3.5,141.75,82.77,13.65,33,0.5,85.75,178.83,34.58,61.21,196.18,8,1390.0,5.1642,-0.5000000000000004,0,1,16.0,-0.8660254037844385,1,0.26,27.19,0.0,0,0,1,316.6
18/08/2022,-0.36,-3.66,3.5,141.28,82.1,13.65,33,0.5,85.8,179.27,34.65,60.49,197.57,8,1405.25,5.1674,-0.5000000000000004,0,1,15.87,-0.8660254037844385,1,0.26,27.15,0.0,0,0,1,313.0
19/08/2022,-0.36,-3.66,3.5,141.6,82.16,13.65,33,0.5,85.26,179.69,34.72,61.52,192.01,8,1404.0,5.1697,-0.5000000000000004,0,1,15.88,-0.8660254037844385,1,0.26,27.14,0.0,0,0,1,318.35
20/08/2022,-0.36,-3.66,3.5,141.6,82.16,13.65,33,0.5,85.26,179.69,34.72,61.52,192.01,8,1404.0,5.1697,-0.5000000000000004,0,1,15.88,-0.8660254037844385,1,0.26,27.22,0.0,0,0,1,318.35
21/08/2022,-0.36,-3.66,3.5,141.6,82.16,13.65,33,0.5,85.26,179.69,34.72,61.52,192.01,8,1404.0,5.1697,-0.5000000000000004,0,1,15.88,-0.8660254037844385,1,0.26,26.43,0.0,0,0,1,318.35
22/08/2022,-0.36,-3.66,3.5,141.22,81.9,13.65,34,0.5,84.38,181.9,35.24,63.27,189.75,8,1435.25,5.1574,-0.5000000000000004,0,1,15.87,-0.8660254037844385,1,0.26,25.95,0.0,0,0,1,326.6
23/08/2022,-0.36,-3.66,3.5,141.62,82.69,13.65,34,0.5,85.25,183.79,36.04,59.45,187.84,8,1461.0,5.1037,-0.5000000000000004,0,1,16.21,-0.8660254037844385,1,0.26,27.96,0.0,0,0,1,303.2
24/08/2022,-0.36,-3.66,3.5,141.32,82.77,13.65,34,0.5,85.22,182.6,35.74,60.27,189.0,8,1457.0,5.1114,-0.5000000000000004,0,1,16.2,-0.8660254037844385,1,0.26,27.01,0.0,0,0,1,307.9
25/08/2022,-0.36,-3.66,3.5,141.1,83.31,13.65,34,0.5,84.84,184.2,35.93,61.15,189.22,8,1431.25,5.1099,-0.5000000000000004,0,1,16.25,-0.8660254037844385,1,0.26,28.49,0.0,0,0,1,313.45
26/08/2022,-0.36,-3.66,3.5,140.8,83.6,13.65,34,0.5,86.54,183.83,36.23,63.78,186.58,8,1461.25,5.0601,-0.5000000000000004,0,1,16.48,-0.8660254037844385,1,0.26,29.33,0.0,0,0,1,323.6
27/08/2022,-0.36,-3.66,3.5,140.8,83.6,13.65,34,0.5,86.54,183.83,36.23,63.78,186.58,8,1461.25,5.0601,-0.5000000000000004,0,1,16.48,-0.8660254037844385,1,0.26,27.83,0.0,0,0,1,323.6
28/08/2022,-0.36,-3.66,3.5,140.8,83.6,13.65,34,0.5,86.54,183.83,36.23,63.78,186.58,8,1461.25,5.0601,-0.5000000000000004,0,1,16.48,-0.8660254037844385,1,0.26,28.12,0.0,0,0,1,323.6
29/08/2022,-0.36,-3.66,3.5,141.55,83.8,13.65,35,0.5,86.06,183.38,36.49,61.95,185.68,8,1437.75,5.0282,-0.5000000000000004,0,1,16.67,-0.8660254037844385,1,0.26,28.69,0.0,0,0,1,311.35
30/08/2022,-0.36,-3.66,3.5,142.5,83.73,13.65,35,0.5,85.57,180.44,35.31,61.06,185.48,8,1432.5,5.1223,-0.5000000000000004,0,1,16.39,-0.8660254037844385,1,0.26,28.02,0.0,0,0,1,312.0
31/08/2022,-0.36,-3.66,3.5,141.55,83.94,13.65,35,0.5,85.5,183.47,35.27,59.42,185.87,8,1422.5,5.1831,-0.5000000000000004,0,1,16.14,-0.8660254037844385,1,0.26,27.67,0.0,0,0,1,309.1
01/09/2022,-0.29,-3.87,3.5,142.8,83.66,13.65,35,0.5,84.71,183.76,35.1,60.12,189.5,9,1394.75,5.2416,-1.8369701987210297e-16,0,0,15.98,-1.0,1,0.26,27.35,0.0,0,0,1,314.75
02/09/2022,-0.29,-3.87,3.5,144.55,83.39,13.65,35,0.5,84.63,183.96,35.53,59.93,185.0,9,1420.5,5.1681,-1.8369701987210297e-16,0,0,16.11,-1.0,1,0.26,26.3,0.0,0,0,1,310.25
03/09/2022,-0.29,-3.87,3.5,144.55,83.39,13.65,35,0.5,84.63,183.96,35.53,59.93,185.0,9,1420.5,5.1681,-1.8369701987210297e-16,0,0,16.11,-1.0,1,0.26,27.14,0.0,0,0,1,310.25
04/09/2022,-0.29,-3.87,3.5,144.55,83.39,13.65,35,0.5,84.63,183.96,35.53,59.93,185.0,9,1420.5,5.1681,-1.8369701987210297e-16,0,0,16.11,-1.0,1,0.26,27.89,0.0,0,0,1,310.25
05/09/2022,-0.29,-3.87,3.5,144.55,83.39,13.65,36,0.5,84.63,183.96,35.53,59.93,185.0,9,1420.5,5.1681,-1.8369701987210297e-16,0,0,16.11,-1.0,1,0.26,28.28,0.0,0,0,1,310.25
06/09/2022,-0.29,-3.87,3.5,145.05,83.54,13.65,36,0.5,84.66,182.72,34.86,57.98,188.17,9,1398.75,5.2528,-1.8369701987210297e-16,0,0,15.94,-1.0,1,0.26,29.96,0.5,0,0,1,303.95
07/09/2022,-0.29,-3.87,3.5,144.25,83.54,13.65,36,0.5,84.66,182.72,34.86,57.98,188.17,9,1383.5,5.248,-1.8369701987210297e-16,0,0,15.94,-1.0,1,0.26,27.42,1.5,0,0,1,303.95
08/09/2022,-0.29,-3.87,3.5,144.38,83.25,13.65,36,0.5,84.27,180.42,34.64,58.94,191.93,9,1386.0,5.2141,-1.8369701987210297e-16,0,0,15.98,-1.0,1,0.26,27.57,0.5,0,0,1,307.0
09/09/2022,-0.29,-3.87,3.5,145.68,83.43,13.65,36,0.5,83.79,179.13,34.78,56.76,191.3,9,1412.25,5.1462,-1.8369701987210297e-16,0,0,16.2,-1.0,1,0.26,28.44,0.0,0,0,1,292.3
10/09/2022,-0.29,-3.87,3.5,145.68,83.43,13.65,36,0.5,83.79,179.13,34.78,56.76,191.3,9,1412.25,5.1462,-1.8369701987210297e-16,0,0,16.2,-1.0,1,0.26,28.72,0.0,0,0,1,292.3
11/09/2022,-0.29,-3.87,3.5,145.68,83.43,13.65,36,0.5,83.79,179.13,34.78,56.76,191.3,9,1412.25,5.1462,-1.8369701987210297e-16,0,0,16.2,-1.0,1,0.26,29.23,0.0,0,0,1,292.3
12/09/2022,-0.29,-3.87,3.5,145.75,83.95,13.65,37,0.5,83.61,181.66,35.68,60.16,190.25,9,1488.25,5.093,-1.8369701987210297e-16,0,0,16.49,-1.0,1,0.26,31.51,0.0,0,0,1,306.25
13/09/2022,-0.29,-3.87,3.5,144.8,83.72,13.65,37,0.5,84.05,183.36,35.34,59.43,184.42,9,1478.75,5.1911,-1.8369701987210297e-16,0,0,16.13,-1.0,1,0.26,30.48,0.0,0,0,1,308.4
14/09/2022,-0.29,-3.87,3.5,144.35,84.28,13.65,37,0.5,83.55,182.38,35.21,57.22,181.78,9,1455.0,5.1631,-1.8369701987210297e-16,0,0,16.27,-1.0,1,0.26,30.12,0.0,0,0,1,296.4
15/09/2022,-0.29,-3.87,3.5,145.62,84.55,13.65,37,0.5,84.18,182.05,34.72,55.62,181.28,9,1458.0,5.247,-1.8369701987210297e-16,0,0,16.13,-1.0,1,0.26,29.94,0.0,0,0,1,291.6
16/09/2022,-0.29,-3.87,3.5,145.5,84.35,13.65,37,0.5,89.97,181.66,34.56,56.03,182.03,9,1455.25,5.2531,-1.8369701987210297e-16,0,0,16.04,-1.0,1,0.26,31.02,0.0,0,0,1,294.55
17/09/2022,-0.29,-3.87,3.5,145.5,84.35,13.65,37,0.5,89.97,181.66,34.56,56.03,182.03,9,1455.25,5.2531,-1.8369701987210297e-16,0,0,16.04,-1.0,1,0.26,31.22,0.0,0,0,1,294.55
18/09/2022,-0.29,-3.87,3.5,145.5,84.35,13.65,37,0.5,89.97,181.66,34.56,56.03,182.03,9,1455.25,5.2531,-1.8369701987210297e-16,0,0,16.04,-1.0,1,0.26,28.34,0.0,0,0,1,294.55
19/09/2022,-0.29,-3.87,3.5,145.72,84.02,13.65,38,0.5,89.11,182.04,35.26,59.66,181.23,9,1467.5,5.167,-1.8369701987210297e-16,0,0,16.27,-1.0,1,0.26,25.55,0.0,0,0,1,308.05
20/09/2022,-0.29,-3.87,3.5,146.3,84.21,13.65,38,0.5,89.43,180.75,35.02,59.68,177.93,9,1484.5,5.1417,-1.8369701987210297e-16,0,0,16.32,-1.0,1,0.26,29.38,0.0,0,0,1,308.0
21/09/2022,-0.29,-3.87,3.5,145.88,84.24,13.65,38,0.5,89.47,182.17,35.26,57.58,172.97,9,1467.0,5.1716,-1.8369701987210297e-16,0,0,16.3,-1.0,1,0.26,28.4,0.0,0,0,1,297.5
22/09/2022,-0.29,-3.87,3.5,144.85,84.56,13.65,38,0.5,89.66,181.76,35.55,58.49,174.21,9,1463.25,5.1166,-1.8369701987210297e-16,0,0,16.54,-1.0,1,0.26,27.57,0.0,0,0,1,299.05
23/09/2022,-0.29,-3.87,3.5,144.25,84.54,13.65,38,0.5,89.21,179.52,34.19,57.25,172.07,9,1431.75,5.2595,-1.8369701987210297e-16,0,0,16.1,-1.0,1,0.26,25.42,0.0,0,0,1,300.6
24/09/2022,-0.29,-3.87,3.5,144.25,84.54,13.65,38,0.5,89.21,179.52,34.19,57.25,172.07,9,1431.75,5.2595,-1.8369701987210297e-16,0,0,16.1,-1.0,1,0.26,28.29,0.0,0,0,1,300.6
25/09/2022,-0.29,-3.87,3.5,144.25,84.54,13.65,38,0.5,89.21,179.52,34.19,57.25,172.07,9,1431.75,5.2595,-1.8369701987210297e-16,0,0,16.1,-1.0,1,0.26,26.36,0.0,0,0,1,300.6
26/09/2022,-0.29,-3.87,3.5,143.48,84.58,13.65,39,0.5,89.79,180.91,33.57,56.0,171.02,9,1416.25,5.3898,-1.8369701987210297e-16,0,0,15.69,-1.0,1,0.26,28.44,0.0,0,0,1,301.8
27/09/2022,-0.29,-3.87,3.5,143.57,84.72,13.65,39,0.5,89.12,180.91,33.63,57.01,167.49,9,1414.0,5.3824,-1.8369701987210297e-16,0,0,15.75,-1.0,1,0.26,29.03,0.0,0,0,1,306.7
28/09/2022,-0.29,-3.87,3.5,143.05,84.25,13.65,39,0.5,88.84,179.56,33.58,56.46,170.6,9,1416.25,5.3745,-1.8369701987210297e-16,0,0,15.76,-1.0,1,0.26,29.0,0.0,0,0,1,301.9
29/09/2022,-0.29,-3.87,3.5,144.13,84.24,13.65,39,0.5,89.03,181.64,33.65,56.0,169.78,9,1420.5,5.3964,-1.8369701987210297e-16,0,0,15.61,-1.0,1,0.26,28.95,0.0,0,0,1,302.3
30/09/2022,-0.29,-3.87,3.5,143.27,84.42,13.65,39,0.5,89.76,181.7,33.78,56.51,168.31,9,1375.5,5.4154,-1.8369701987210297e-16,0,0,15.7,-1.0,1,0.26,30.4,0.0,0,0,1,303.95
01/10/2022,-0.29,1.87,3.5,143.27,84.42,13.65,39,0.5,89.76,181.7,33.78,56.51,168.31,10,1375.5,5.4154,0.5000000000000001,0,0,15.7,-0.8660254037844386,1,0.26,30.5,0.0,0,0,0,303.95
02/10/2022,-0.29,1.87,3.5,143.27,84.42,13.65,39,0.5,89.76,181.7,33.78,56.51,168.31,10,1375.5,5.4154,0.5000000000000001,0,0,15.7,-0.8660254037844386,1,0.26,28.75,0.0,0,0,0,303.95
03/10/2022,0.59,1.87,1.8,144.32,84.14,13.65,40,0.2,87.82,177.01,34.19,56.04,169.31,10,1384.0,5.1672,0.5000000000000001,0,0,16.25,-0.8660254037844386,1,0.26,29.91,0.0,0,0,0,290.1
04/10/2022,0.59,1.87,1.8,144.2,83.27,13.65,40,0.2,86.41,173.75,33.57,56.97,173.07,10,1393.5,5.177,0.5000000000000001,0,0,16.09,-0.8660254037844386,1,0.26,29.53,0.0,0,0,0,294.9
05/10/2022,0.59,1.87,1.8,144.68,82.91,13.65,40,0.2,86.82,173.25,33.48,57.02,171.87,10,1380.5,5.194,0.5000000000000001,0,0,16.02,-0.8660254037844386,1,0.26,28.85,0.0,0,0,0,295.0
06/10/2022,0.59,1.87,1.8,145.32,83.04,13.65,40,0.2,86.17,173.57,33.35,57.95,166.91,10,1370.5,5.2217,0.5000000000000001,0,0,15.96,-0.8660254037844386,1,0.26,29.01,0.0,0,0,0,301.55
07/10/2022,0.59,1.87,1.8,145.32,83.05,13.65,40,0.2,86.44,174.71,33.44,58.09,161.46,10,1379.25,5.1996,0.5000000000000001,0,0,15.89,-0.8660254037844386,1,0.26,27.52,0.0,0,0,0,303.5
08/10/2022,0.59,1.87,1.8,145.32,83.05,13.65,40,0.2,86.44,174.71,33.44,58.09,161.46,10,1379.25,5.1996,0.5000000000000001,0,0,15.89,-0.8660254037844386,1,0.26,28.7,0.0,0,0,0,303.5
09/10/2022,0.59,1.87,1.8,145.32,83.05,13.65,40,0.2,86.44,174.71,33.44,58.09,161.46,10,1379.25,5.1996,0.5000000000000001,0,0,15.89,-0.8660254037844386,1,0.26,28.02,0.0,0,0,0,303.5
10/10/2022,0.59,1.87,1.8,144.7,83.5,13.65,41,0.2,86.67,177.97,34.34,58.66,161.03,10,1385.75,5.1901,0.5000000000000001,0,0,16.11,-0.8660254037844386,1,0.26,28.51,0.5,0,0,0,304.05
11/10/2022,0.59,1.87,1.8,145.8,83.86,13.65,41,0.2,86.4,178.09,33.79,57.36,161.49,10,1388.0,5.3005,0.5000000000000001,0,0,15.91,-0.8660254037844386,1,0.26,28.97,0.5,0,0,0,302.3
12/10/2022,0.59,1.87,1.8,146.18,83.86,13.65,41,0.2,86.4,178.09,33.79,57.36,161.49,10,1405.0,5.293,0.5000000000000001,0,0,15.91,-0.8660254037844386,1,0.26,30.4,1.5,0,0,0,302.3
13/10/2022,0.59,1.87,1.8,146.45,84.42,13.65,41,0.2,87.69,182.72,34.61,58.02,165.76,10,1405.5,5.2626,0.5000000000000001,0,0,15.99,-0.8660254037844386,1,0.26,29.99,0.0,0,0,0,306.3
14/10/2022,0.59,1.87,1.8,146.95,84.67,13.65,41,0.2,87.58,183.77,34.49,55.82,163.27,10,1392.75,5.3252,0.5000000000000001,0,0,15.89,-0.8660254037844386,1,0.26,30.07,0.0,0,0,0,297.4
15/10/2022,0.59,1.87,1.8,146.95,84.67,13.65,41,0.2,87.58,183.77,34.49,55.82,163.27,10,1392.75,5.3252,0.5000000000000001,0,0,15.89,-0.8660254037844386,1,0.26,30.5,0.0,0,0,0,297.4
16/10/2022,0.59,1.87,1.8,146.95,84.67,13.65,41,0.2,87.58,183.77,34.49,55.82,163.27,10,1392.75,5.3252,0.5000000000000001,0,0,15.89,-0.8660254037844386,1,0.26,29.86,0.0,0,0,0,297.4
17/10/2022,0.59,1.87,1.8,147.88,84.86,13.65,42,0.2,87.08,183.2,34.6,54.09,165.48,10,1392.75,5.2808,0.5000000000000001,0,0,16.03,-0.8660254037844386,1,0.26,30.17,0.0,0,0,0,286.4
18/10/2022,0.59,1.87,1.8,148.48,85.38,13.65,42,0.2,86.86,182.08,34.61,57.49,165.59,10,1382.0,5.2405,0.5000000000000001,0,0,16.23,-0.8660254037844386,1,0.26,30.38,0.0,0,0,0,302.45
19/10/2022,0.59,1.87,1.8,149.35,85.41,13.65,42,0.2,87.08,180.61,34.26,56.09,164.2,10,1382.75,5.27,0.5000000000000001,0,0,16.2,-0.8660254037844386,1,0.26,30.37,0.0,0,0,0,295.7
20/10/2022,0.59,1.87,1.8,149.77,85.21,13.65,42,0.2,86.56,180.59,34.57,57.37,161.92,10,1400.0,5.2147,0.5000000000000001,0,0,16.31,-0.8660254037844386,1,0.26,30.33,0.0,0,0,0,299.7
21/10/2022,0.59,1.87,1.8,150.48,85.28,13.65,42,0.2,86.25,179.8,34.93,57.36,161.53,10,1404.5,5.1605,0.5000000000000001,0,0,16.57,-0.8660254037844386,1,0.26,29.12,0.0,0,0,0,295.3
22/10/2022,0.59,1.87,1.8,150.48,85.28,13.65,42,0.2,86.25,179.8,34.93,57.36,161.53,10,1404.5,5.1605,0.5000000000000001,0,0,16.57,-0.8660254037844386,1,0.26,26.66,0.0,0,0,0,295.3
23/10/2022,0.59,1.87,1.8,150.48,85.28,13.65,42,0.2,86.25,179.8,34.93,57.36,161.53,10,1404.5,5.1605,0.5000000000000001,0,0,16.57,-0.8660254037844386,1,0.26,28.04,0.0,0,0,0,295.3
24/10/2022,0.59,1.87,1.8,151.6,85.08,13.65,43,0.2,85.9,179.75,33.99,58.76,163.45,10,1381.25,5.3032,0.5000000000000001,0,0,16.09,-0.8660254037844386,1,0.26,27.92,0.0,0,0,0,310.8
25/10/2022,0.59,1.87,1.8,151.68,84.91,13.65,43,0.2,86.21,181.24,34.1,55.09,167.05,10,1392.25,5.3167,0.5000000000000001,0,0,15.98,-0.8660254037844386,1,0.26,25.92,0.0,0,0,0,292.8
26/10/2022,0.59,1.87,1.8,151.45,85.12,13.65,43,0.2,86.31,182.22,33.91,52.89,163.37,10,1393.0,5.3804,0.5000000000000001,0,0,15.84,-0.8660254037844386,1,0.26,26.59,0.0,0,0,0,284.2
27/10/2022,0.59,1.87,1.8,151.4,85.35,13.65,43,0.2,86.39,183.18,34.57,55.65,164.13,10,1393.5,5.3449,0.5000000000000001,0,0,16.11,-0.8660254037844386,1,0.26,28.17,0.0,0,0,0,294.9
28/10/2022,0.59,1.87,1.8,150.38,85.69,13.65,43,0.2,86.44,183.34,34.5,53.71,166.05,10,1400.25,5.2949,0.5000000000000001,0,0,16.12,-0.8660254037844386,1,0.26,28.74,0.0,0,0,0,285.4
29/10/2022,0.59,1.87,1.8,150.38,85.69,13.65,43,0.2,86.44,183.34,34.5,53.71,166.05,10,1400.25,5.2949,0.5000000000000001,0,0,16.12,-0.8660254037844386,1,0.26,24.54,0.0,0,0,0,285.4
30/10/2022,0.59,1.87,1.8,150.38,85.69,13.65,43,0.2,86.44,183.34,34.5,53.71,166.05,10,1400.25,5.2949,0.5000000000000001,0,0,16.12,-0.8660254037844386,1,0.26,27.61,0.0,0,0,0,285.4
31/10/2022,0.59,1.87,1.8,146.77,85.35,13.65,44,0.2,86.6,183.42,35.45,56.44,164.68,10,1419.5,5.1791,0.5000000000000001,0,0,16.5,-0.8660254037844386,1,0.26,29.09,0.5,0,0,0,292.0
01/11/2022,0.41,1.91,1.8,151.95,85.11,13.65,44,0.2,86.76,183.23,35.84,55.04,164.89,11,1447.75,5.1475,0.8660254037844384,0,0,16.65,-0.5000000000000004,1,0.26,26.0,0.5,0,0,0,281.35
02/11/2022,0.41,1.91,1.8,151.4,85.11,13.65,44,0.2,86.76,183.23,35.84,55.04,164.89,11,1454.0,5.1432,0.8660254037844384,0,0,16.65,-0.5000000000000004,1,0.26,22.42,1.5,0,0,0,281.35
03/11/2022,0.41,1.91,1.8,151.95,84.76,13.65,44,0.2,86.07,182.69,35.73,56.58,162.41,11,1437.0,5.1137,0.8660254037844384,0,0,16.58,-0.5000000000000004,1,0.26,26.23,0.0,0,0,0,289.3
04/11/2022,0.41,1.91,1.8,151.65,84.95,13.65,44,0.2,85.64,181.88,36.13,57.15,162.18,11,1462.25,5.0557,0.8660254037844384,0,0,16.87,-0.5000000000000004,1,0.26,27.95,0.0,0,0,0,287.7
05/11/2022,0.41,1.91,1.8,151.65,84.95,13.65,44,0.2,85.64,181.88,36.13,57.15,162.18,11,1462.25,5.0557,0.8660254037844384,0,0,16.87,-0.5000000000000004,1,0.26,27.43,0.0,0,0,0,287.7
06/11/2022,0.41,1.91,1.8,151.65,84.95,13.65,44,0.2,85.64,181.88,36.13,57.15,162.18,11,1462.25,5.0557,0.8660254037844384,0,0,16.87,-0.5000000000000004,1,0.26,26.65,0.0,0,0,0,287.7
07/11/2022,0.41,1.91,1.8,153.05,85.19,13.65,45,0.2,85.76,182.04,35.31,55.87,161.29,11,1450.25,5.1567,0.8660254037844384,0,0,16.52,-0.5000000000000004,1,0.26,27.59,0.0,0,0,0,288.0
08/11/2022,0.41,1.91,1.8,153.05,85.3,13.65,45,0.2,85.83,182.64,35.33,54.9,164.58,11,1446.5,5.144,0.8660254037844384,0,0,16.5,-0.5000000000000004,1,0.26,26.81,0.0,0,0,0,283.8
09/11/2022,0.41,1.91,1.8,151.57,84.76,13.65,45,0.2,85.73,183.38,35.42,56.45,162.49,11,1452.0,5.1864,0.8660254037844384,0,0,16.37,-0.5000000000000004,1,0.26,28.36,0.0,0,0,0,292.3
10/11/2022,0.41,1.91,1.8,153.07,84.48,13.65,45,0.2,85.42,184.56,34.2,51.71,165.66,11,1423.0,5.3449,0.8660254037844384,0,0,15.65,-0.5000000000000004,1,0.26,27.14,0.0,0,0,0,279.1
11/11/2022,0.41,1.91,1.8,151.52,83.74,13.65,45,0.2,84.94,184.94,34.63,50.65,165.58,11,1450.0,5.325,0.8660254037844384,0,0,15.68,-0.5000000000000004,1,0.26,26.84,0.0,0,0,0,270.5
12/11/2022,0.41,1.91,1.8,151.52,83.74,13.65,45,0.2,84.94,184.94,34.63,50.65,165.58,11,1450.0,5.325,0.8660254037844384,0,0,15.68,-0.5000000000000004,1,0.26,25.61,0.0,0,0,0,270.5
13/11/2022,0.41,1.91,1.8,151.52,83.74,13.65,45,0.2,84.94,184.94,34.63,50.65,165.58,11,1450.0,5.325,0.8660254037844384,0,0,15.68,-0.5000000000000004,1,0.26,27.23,0.0,0,0,0,270.5
14/11/2022,0.41,1.91,1.8,151.57,84.0,13.65,46,0.2,84.01,184.9,34.68,50.65,165.25,11,1440.5,5.3321,0.8660254037844384,0,0,15.76,-0.5000000000000004,1,0.26,27.55,0.0,0,0,0,270.5
15/11/2022,0.41,1.91,1.8,151.27,84.0,13.65,46,0.2,84.01,184.9,34.68,50.65,165.25,11,1461.75,5.3325,0.8660254037844384,0,0,15.76,-0.5000000000000004,1,0.26,27.24,0.0,0,0,0,270.5
16/11/2022,0.41,1.91,1.8,151.8,83.69,13.65,46,0.2,83.81,184.53,34.27,49.8,166.19,11,1434.75,5.3998,0.8660254037844384,0,0,15.54,-0.5000000000000004,1,0.26,26.12,0.0,0,0,0,268.1
17/11/2022,0.41,1.91,1.8,152.75,84.06,13.65,46,0.2,87.98,184.02,33.88,52.74,164.89,11,1422.25,5.4231,0.8660254037844384,0,0,15.48,-0.5000000000000004,1,0.26,27.27,0.0,0,0,0,286.45
18/11/2022,0.41,1.91,1.8,153.07,84.77,13.65,46,0.2,89.22,182.02,33.92,52.0,163.91,11,1433.25,5.3827,0.8660254037844384,0,0,15.8,-0.5000000000000004,1,0.26,25.9,0.0,0,0,0,279.05
19/11/2022,0.41,1.91,1.8,153.07,84.77,13.65,46,0.2,89.22,182.02,33.92,52.0,163.91,11,1433.25,5.3827,0.8660254037844384,0,0,15.8,-0.5000000000000004,1,0.26,26.45,0.0,0,0,0,279.05
20/11/2022,0.41,1.91,1.8,153.07,84.77,13.65,46,0.2,89.22,182.02,33.92,52.0,163.91,11,1433.25,5.3827,0.8660254037844384,0,0,15.8,-0.5000000000000004,1,0.26,24.55,0.0,0,0,0,279.05
21/11/2022,0.41,1.91,1.8,153.55,85.08,13.65,47,0.2,88.74,181.52,34.18,54.87,167.72,11,1441.75,5.32,0.8660254037844384,0,0,16.02,-0.5000000000000004,1,0.26,26.61,0.0,0,0,0,291.4
22/11/2022,0.41,1.91,1.8,153.8,85.19,13.65,47,0.2,89.47,181.02,33.64,52.22,165.58,11,1436.5,5.3586,0.8660254037844384,0,0,15.83,-0.5000000000000004,1,0.26,26.46,0.0,0,0,0,281.0
23/11/2022,0.41,1.91,1.8,153.35,85.51,13.65,47,0.2,89.67,181.13,33.72,52.8,167.24,11,1442.0,5.3591,0.8660254037844384,0,0,15.92,-0.5000000000000004,1,0.26,27.3,0.0,0,0,0,283.65
24/11/2022,0.41,1.91,1.8,153.35,85.51,13.65,47,0.2,89.67,181.13,33.72,52.8,167.24,11,1442.0,5.3591,0.8660254037844384,0,0,15.92,-0.5000000000000004,1,0.26,25.73,0.0,0,0,0,283.65
25/11/2022,0.41,1.91,1.8,153.07,85.48,13.65,47,0.2,90.42,181.43,33.54,53.19,166.29,11,1442.25,5.4098,0.8660254037844384,0,0,15.8,-0.5000000000000004,1,0.26,25.25,0.0,0,0,0,287.75
26/11/2022,0.41,1.91,1.8,153.07,85.48,13.65,47,0.2,90.42,181.43,33.54,53.19,166.29,11,1442.25,5.4098,0.8660254037844384,0,0,15.8,-0.5000000000000004,1,0.26,26.62,0.0,0,0,0,287.75
27/11/2022,0.41,1.91,1.8,153.07,85.48,13.65,47,0.2,90.42,181.43,33.54,53.19,166.29,11,1442.25,5.4098,0.8660254037844384,0,0,15.8,-0.5000000000000004,1,0.26,26.3,0.0,0,0,0,287.75
28/11/2022,0.41,1.91,1.8,152.57,85.96,13.65,48,0.2,90.1,181.34,33.79,53.19,164.51,11,1462.75,5.3654,0.8660254037844384,0,0,16.02,-0.5000000000000004,1,0.26,27.58,0.0,0,0,0,287.75
29/11/2022,0.41,1.91,1.8,152.68,85.76,13.65,48,0.2,88.59,181.13,34.23,53.01,166.11,11,1466.0,5.2695,0.8660254037844384,0,0,16.21,-0.5000000000000004,1,0.26,25.55,0.0,0,0,0,280.45
30/11/2022,0.41,1.91,1.8,153.07,86.2,13.65,48,0.2,88.47,179.5,34.45,54.68,167.72,11,1475.5,5.1851,0.8660254037844384,0,0,16.55,-0.5000000000000004,1,0.26,23.57,0.0,0,0,0,284.9
01/12/2022,0.62,1.52,1.8,153.05,86.0,13.65,48,0.2,88.35,177.11,34.03,55.85,169.05,12,1436.75,5.1848,1.0,0,1,16.52,-2.4492935982947064e-16,1,0.26,25.69,0.0,0,0,0,290.7
02/12/2022,0.62,1.52,1.8,153.35,86.03,13.65,48,0.2,87.43,174.59,33.43,55.85,167.84,12,1446.5,5.2189,1.0,0,1,16.47,-2.4492935982947064e-16,1,0.26,25.98,0.0,0,0,0,290.7
03/12/2022,0.62,1.52,1.8,153.35,86.03,13.65,48,0.2,87.43,174.59,33.43,55.85,167.84,12,1446.5,5.2189,1.0,0,1,16.47,-2.4492935982947064e-16,1,0.26,25.13,0.0,0,0,0,290.7
04/12/2022,0.62,1.52,1.8,153.35,86.03,13.65,48,0.2,87.43,174.59,33.43,55.85,167.84,12,1446.5,5.2189,1.0,0,1,16.47,-2.4492935982947064e-16,1,0.26,25.35,0.0,0,0,0,290.7
05/12/2022,0.62,1.52,1.8,153.23,85.54,13.65,49,0.2,87.25,176.25,33.38,55.59,171.4,12,1445.0,5.2809,1.0,0,1,16.2,-2.4492935982947064e-16,1,0.26,24.77,0.0,0,0,0,293.5
06/12/2022,0.62,1.52,1.8,151.55,86.1,13.65,49,0.2,87.48,179.16,34.0,55.13,170.94,12,1461.5,5.2352,1.0,0,1,16.34,-2.4492935982947064e-16,1,0.26,23.88,0.0,0,0,0,290.5
07/12/2022,0.62,1.52,1.8,151.93,86.19,13.65,49,0.2,87.2,178.68,34.3,54.68,167.24,12,1477.25,5.2048,1.0,0,1,16.54,-2.4492935982947064e-16,1,0.26,27.43,0.0,0,0,0,284.9
08/12/2022,0.62,1.52,1.8,152.43,85.9,13.65,49,0.2,87.55,179.39,34.42,53.85,168.38,12,1490.25,5.2253,1.0,0,1,16.48,-2.4492935982947064e-16,1,0.26,29.02,0.0,0,0,0,280.65
09/12/2022,0.62,1.52,1.8,153.68,86.08,13.65,49,0.2,87.53,179.94,34.34,56.46,169.93,12,1488.25,5.24,1.0,0,1,16.43,-2.4492935982947064e-16,1,0.26,25.45,0.0,0,0,0,295.85
10/12/2022,0.62,1.52,1.8,153.68,86.08,13.65,49,0.2,87.53,179.94,34.34,56.46,169.93,12,1488.25,5.24,1.0,0,1,16.43,-2.4492935982947064e-16,1,0.26,27.11,0.0,0,0,0,295.85
11/12/2022,0.62,1.52,1.8,153.68,86.08,13.65,49,0.2,87.53,179.94,34.34,56.46,169.93,12,1488.25,5.24,1.0,0,1,16.43,-2.4492935982947064e-16,1,0.26,28.85,0.0,0,0,0,295.85
12/12/2022,0.62,1.52,1.8,154.4,86.15,13.65,50,0.2,88.13,180.09,33.82,56.11,171.89,12,1465.5,5.3226,1.0,0,1,16.18,-2.4492935982947064e-16,1,0.26,27.78,0.0,0,0,0,298.8
13/12/2022,0.62,1.52,1.8,154.9,86.0,13.65,50,0.2,87.74,178.49,33.58,54.79,169.26,12,1484.5,5.2938,1.0,0,1,16.18,-2.4492935982947064e-16,1,0.26,27.41,0.0,0,0,0,291.25
14/12/2022,0.62,1.52,1.8,154.5,85.79,13.65,50,0.2,87.93,179.85,33.8,55.2,166.21,12,1485.0,5.2787,1.0,0,1,16.12,-2.4492935982947064e-16,1,0.26,25.54,0.0,0,0,0,293.7
15/12/2022,0.62,1.52,1.8,154.05,85.91,13.65,50,0.2,87.91,178.24,33.49,55.7,163.89,12,1476.75,5.313,1.0,0,1,16.14,-2.4492935982947064e-16,1,0.26,26.89,0.5,0,1,0,296.45
16/12/2022,0.62,1.52,1.8,155.05,86.44,13.65,50,0.2,88.03,177.82,33.56,56.1,162.6,12,1483.75,5.314,1.0,0,1,16.32,-2.4492935982947064e-16,1,0.26,24.71,0.5,0,1,0,297.2
17/12/2022,0.62,1.52,1.8,155.05,86.44,13.65,50,0.2,88.03,177.82,33.56,56.1,162.6,12,1483.75,5.314,1.0,0,1,16.32,-2.4492935982947064e-16,1,0.26,25.49,0.5,0,1,0,297.2
18/12/2022,0.62,1.52,1.8,155.05,86.44,13.65,50,0.2,88.03,177.82,33.56,56.1,162.6,12,1483.75,5.314,1.0,0,1,16.32,-2.4492935982947064e-16,1,0.26,25.18,0.5,0,1,0,297.2
19/12/2022,0.62,1.52,1.8,155.27,86.05,13.65,51,0.2,88.04,177.99,33.53,57.38,162.19,12,1463.5,5.293,1.0,0,1,16.21,-2.4492935982947064e-16,1,0.26,24.39,0.5,0,1,0,304.55
20/12/2022,0.62,1.52,1.8,155.05,85.98,13.65,51,0.2,87.93,176.6,33.91,55.74,160.77,12,1479.75,5.1996,1.0,0,1,16.51,-2.4492935982947064e-16,1,0.26,24.42,1.0,0,1,0,290.3
21/12/2022,0.62,1.52,1.8,156.13,85.82,13.65,51,0.2,88.06,175.43,33.76,55.47,164.27,12,1484.5,5.2009,1.0,0,1,16.51,-2.4492935982947064e-16,1,0.26,25.1,1.0,0,1,0,288.3
22/12/2022,0.62,1.52,1.8,155.9,85.58,13.65,51,0.2,88.08,174.79,33.76,57.39,164.55,12,1472.0,5.1665,1.0,0,1,16.53,-2.4492935982947064e-16,1,0.26,23.31,1.0,0,1,0,297.1
23/12/2022,0.62,1.52,1.8,156.9,85.8,13.65,51,0.2,88.03,174.23,33.74,56.16,164.7,12,1484.5,5.1652,1.0,0,1,16.61,-2.4492935982947064e-16,1,0.26,24.25,1.0,0,1,0,290.0
24/12/2022,0.62,1.52,1.8,156.9,85.8,13.65,51,0.2,88.03,174.23,33.74,56.16,164.7,12,1484.5,5.1652,1.0,0,1,16.61,-2.4492935982947064e-16,1,0.26,23.84,1.5,0,1,0,290.0
25/12/2022,0.62,1.52,1.8,156.9,85.8,13.65,51,0.2,88.03,174.23,33.74,56.16,164.7,12,1484.5,5.1652,1.0,0,1,16.61,-2.4492935982947064e-16,1,0.26,24.5,2.5,0,1,0,290.0
26/12/2022,0.62,1.52,1.8,156.9,85.8,13.65,52,0.2,88.03,174.23,33.74,56.16,164.7,12,1484.5,5.1652,1.0,0,1,16.61,-2.4492935982947064e-16,1,0.26,23.6,1.0,0,1,0,290.0
27/12/2022,0.62,1.52,1.8,156.82,86.61,13.65,52,0.2,88.27,176.37,33.38,54.24,163.58,12,1489.0,5.2928,1.0,0,1,16.39,-2.4492935982947064e-16,1,0.26,24.66,1.0,0,1,0,286.6
28/12/2022,0.62,1.52,1.8,157.45,86.42,13.65,52,0.2,89.42,176.72,33.64,54.91,163.84,12,1514.25,5.2676,1.0,0,1,16.45,-2.4492935982947064e-16,1,0.26,24.2,1.0,0,1,0,288.45
29/12/2022,0.62,1.52,1.8,158.5,86.07,13.65,52,0.2,89.83,176.56,33.44,54.33,165.03,12,1516.25,5.286,1.0,0,1,16.3,-2.4492935982947064e-16,1,0.26,25.2,1.0,0,1,0,286.85
30/12/2022,0.62,1.52,1.8,154.82,86.07,13.65,52,0.2,89.83,176.56,33.44,54.33,164.05,12,1524.0,5.286,1.0,0,1,16.3,-2.4492935982947064e-16,1,0.26,25.73,1.0,0,1,0,286.85
31/12/2022,0.62,1.52,1.8,154.82,86.07,13.65,52,0.2,89.83,176.56,33.44,54.33,164.05,12,1524.0,5.286,1.0,0,1,16.3,-2.4492935982947064e-16,1,0.26,25.9,1.0,0,1,0,286.85
01/01/2023,0.62,0.26,1.8,154.82,86.07,13.65,52,0.2,89.83,176.56,33.44,54.33,164.05,1,1524.0,5.286,0.8660254037844387,0,1,16.3,0.49999999999999994,1,0.26,27.77,2.0,1,1,0,286.85
02/01/2023,0.53,0.26,20.9,154.82,86.07,13.65,1,1.8,89.83,176.56,33.44,54.33,164.05,1,1524.0,5.286,0.8660254037844387,0,1,16.3,0.49999999999999994,1,0.26,27.11,0.5,1,1,0,286.85
03/01/2023,0.53,0.26,20.9,156.85,86.07,13.65,1,1.8,88.03,177.96,32.67,53.86,164.82,1,1492.25,5.4797,0.8660254037844387,0,1,15.8,0.49999999999999994,1,0.26,26.67,0.5,1,1,0,293.45
04/01/2023,0.53,0.26,20.9,157.27,86.35,13.65,1,1.8,87.81,178.33,32.7,52.84,165.92,1,1483.5,5.4312,0.8660254037844387,0,1,15.83,0.49999999999999994,1,0.26,26.11,0.5,1,1,0,288.2
05/01/2023,0.53,0.26,20.9,157.35,87.72,13.65,1,1.8,87.55,176.86,32.98,53.14,165.6,1,1470.75,5.3509,0.8660254037844387,0,1,16.36,0.49999999999999994,1,0.26,25.7,0.5,1,1,0,284.95
06/01/2023,0.53,0.26,20.9,156.77,87.5,13.65,1,1.8,88.11,174.15,33.22,55.26,170.81,1,1492.5,5.2254,0.8660254037844387,0,1,16.69,0.49999999999999994,1,0.26,24.02,0.5,1,1,0,289.75
07/01/2023,0.53,0.26,20.9,156.77,87.5,13.65,1,1.8,88.11,174.15,33.22,55.26,170.81,1,1492.5,5.2254,0.8660254037844387,0,1,16.69,0.49999999999999994,1,0.26,25.53,0.5,1,1,0,289.75
08/01/2023,0.53,0.26,20.9,156.77,87.5,13.65,1,1.8,88.11,174.15,33.22,55.26,170.81,1,1492.5,5.2254,0.8660254037844387,0,1,16.69,0.49999999999999994,1,0.26,26.04,0.5,1,1,0,289.75
09/01/2023,0.53,0.26,20.9,157.75,87.27,13.65,2,1.8,88.35,173.35,32.99,51.73,171.5,1,1488.5,5.2546,0.8660254037844387,0,1,16.61,0.49999999999999994,1,0.26,25.58,0.5,1,1,0,271.85
10/01/2023,0.53,0.26,20.9,157.75,87.33,13.65,2,1.8,88.02,172.39,33.14,55.27,173.16,1,1485.0,5.1997,0.8660254037844387,0,1,16.79,0.49999999999999994,1,0.26,26.67,0.5,1,1,0,287.5
11/01/2023,0.53,0.26,20.9,157.75,87.19,13.65,2,1.8,87.64,171.09,32.99,55.37,171.35,1,1493.0,5.16,0.8660254037844387,0,1,16.81,0.49999999999999994,1,0.26,25.2,0.5,1,1,0,287.15
12/01/2023,0.53,0.26,20.9,157.55,86.86,13.65,2,1.8,87.5,170.67,33.5,56.89,172.39,1,1518.5,5.1082,0.8660254037844387,0,1,17.05,0.49999999999999994,1,0.26,27.46,0.5,1,1,0,289.8
13/01/2023,0.53,0.26,20.9,157.73,86.87,13.65,2,1.8,87.0,171.34,33.64,56.68,171.33,1,1527.75,5.0956,0.8660254037844387,0,1,17.05,0.49999999999999994,1,0.26,24.3,0.5,1,1,0,288.75
14/01/2023,0.53,0.26,20.9,157.73,86.87,13.65,2,1.8,87.0,171.34,33.64,56.68,171.33,1,1527.75,5.0956,0.8660254037844387,0,1,17.05,0.49999999999999994,1,0.26,26.59,0.5,1,1,0,288.75
15/01/2023,0.53,0.26,20.9,157.73,86.87,13.65,2,1.8,87.0,171.34,33.64,56.68,171.33,1,1527.75,5.0956,0.8660254037844387,0,1,17.05,0.49999999999999994,1,0.26,27.8,0.5,1,1,0,288.75
16/01/2023,0.53,0.26,20.9,157.73,86.87,13.65,3,1.8,87.0,171.34,33.64,56.68,171.33,1,1527.75,5.0956,0.8660254037844387,0,1,17.05,0.49999999999999994,1,0.26,26.87,0.5,1,1,0,288.75
17/01/2023,0.53,0.26,20.9,157.0,86.19,13.65,3,1.8,91.91,170.9,33.46,54.72,171.69,1,1537.5,5.1003,0.8660254037844387,0,1,16.87,0.49999999999999994,1,0.26,23.68,0.5,1,1,0,279.5
18/01/2023,0.53,0.26,20.9,156.8,85.9,13.65,3,1.8,91.52,170.73,33.09,55.63,171.48,1,1521.5,5.1863,0.8660254037844387,0,1,16.65,0.49999999999999994,1,0.26,25.58,0.5,1,1,0,287.0
19/01/2023,0.53,0.26,20.9,155.95,85.38,13.65,3,1.8,90.78,171.1,33.06,55.05,170.01,1,1511.5,5.1741,0.8660254037844387,0,1,16.5,0.49999999999999994,1,0.26,24.25,0.5,1,1,0,284.9
20/01/2023,0.53,0.26,20.9,156.63,85.33,13.65,3,1.8,90.41,171.05,32.88,53.33,170.78,1,1501.75,5.2074,0.8660254037844387,0,1,16.4,0.49999999999999994,1,0.26,25.85,0.5,1,1,0,277.5
21/01/2023,0.53,0.26,20.9,156.63,85.33,13.65,3,1.8,90.41,171.05,32.88,53.33,170.78,1,1501.75,5.2074,0.8660254037844387,0,1,16.4,0.49999999999999994,1,0.26,26.23,0.5,1,1,0,277.5
22/01/2023,0.53,0.26,20.9,156.63,85.33,13.65,3,1.8,90.41,171.05,32.88,53.33,170.78,1,1501.75,5.2074,0.8660254037844387,0,1,16.4,0.49999999999999994,1,0.26,24.29,0.5,1,1,0,277.5
23/01/2023,0.53,0.26,20.9,157.48,85.43,13.65,4,1.8,89.97,169.07,32.54,55.18,170.1,1,1487.25,5.2076,0.8660254037844387,0,1,16.44,0.49999999999999994,1,0.26,25.41,0.5,1,1,0,286.7
24/01/2023,0.53,0.26,20.9,157.85,85.17,13.65,4,1.8,89.76,168.14,32.67,53.81,168.9,1,1486.5,5.1392,0.8660254037844387,0,1,16.55,0.49999999999999994,1,0.26,25.57,0.5,1,1,0,276.95
25/01/2023,0.53,0.26,20.9,157.6,85.22,13.65,4,1.8,89.11,165.13,32.53,56.09,169.14,1,1496.5,5.0734,0.8660254037844387,0,1,16.79,0.49999999999999994,1,0.26,26.99,0.5,1,1,0,284.7
26/01/2023,0.53,0.26,20.9,156.73,84.88,13.65,4,1.8,88.83,163.78,32.29,57.19,172.45,1,1514.75,5.0658,0.8660254037844387,0,1,16.73,0.49999999999999994,1,0.26,26.52,0.5,1,1,0,290.05
27/01/2023,0.53,0.26,20.9,156.73,84.74,13.65,4,1.8,87.8,164.53,32.19,56.78,171.39,1,1504.5,5.1089,0.8660254037844387,0,1,16.58,0.49999999999999994,1,0.26,24.47,0.5,1,1,0,290.2
28/01/2023,0.53,0.26,20.9,156.73,84.74,13.65,4,1.8,87.8,164.53,32.19,56.78,171.39,1,1504.5,5.1089,0.8660254037844387,0,1,16.58,0.49999999999999994,1,0.26,25.61,0.5,1,1,0,290.2
29/01/2023,0.53,0.26,20.9,156.73,84.74,13.65,4,1.8,87.8,164.53,32.19,56.78,171.39,1,1504.5,5.1089,0.8660254037844387,0,1,16.58,0.49999999999999994,1,0.26,25.99,0.5,1,1,0,290.2
30/01/2023,0.53,0.26,20.9,158.75,84.95,13.65,5,1.8,88.88,165.51,32.38,56.6,171.66,1,1529.5,5.1162,0.8660254037844387,0,1,16.62,0.49999999999999994,1,0.26,25.54,0.5,1,1,0,289.35
31/01/2023,0.53,0.26,20.9,158.85,85.49,13.65,5,1.8,89.0,166.13,32.72,56.85,172.34,1,1530.25,5.0731,0.8660254037844387,0,1,16.83,0.49999999999999994,1,0.26,26.63,0.5,1,1,0,288.7
01/02/2023,0.84,-0.26,20.9,158.43,85.76,13.65,5,1.8,89.56,165.71,32.56,57.19,171.25,2,1516.5,5.0547,0.5000000000000001,0,0,16.85,0.8660254037844386,1,0.26,26.19,0.0,1,0,0,291.1
02/02/2023,0.84,-0.26,20.9,159.75,85.04,13.65,5,1.8,88.98,164.19,32.6,57.61,171.69,2,1527.75,5.0504,0.5000000000000001,0,0,16.89,0.8660254037844386,1,0.26,25.35,0.0,1,0,0,290.1
03/02/2023,0.84,-0.26,20.9,160.27,84.98,13.65,5,1.8,88.78,164.64,32.04,55.73,172.23,2,1525.5,5.1522,0.5000000000000001,0,0,16.54,0.8660254037844386,1,0.26,26.18,0.0,1,0,0,286.4
04/02/2023,0.84,-0.26,20.9,160.27,84.98,13.65,5,1.8,88.78,164.64,32.04,55.73,172.23,2,1525.5,5.1522,0.5000000000000001,0,0,16.54,0.8660254037844386,1,0.26,27.69,0.0,1,0,0,286.4
05/02/2023,0.84,-0.26,20.9,160.27,84.98,13.65,5,1.8,88.78,164.64,32.04,55.73,172.23,2,1525.5,5.1522,0.5000000000000001,0,0,16.54,0.8660254037844386,1,0.26,27.09,0.0,1,0,0,286.4
06/02/2023,0.84,-0.26,20.9,160.82,85.12,13.65,6,1.8,88.63,166.33,32.14,56.63,170.49,2,1514.5,5.1464,0.5000000000000001,0,0,16.45,0.8660254037844386,1,0.26,26.39,0.0,1,0,0,293.1
07/02/2023,0.84,-0.26,20.9,160.57,84.87,13.65,6,1.8,87.78,166.6,32.05,55.64,173.45,2,1510.25,5.2101,0.5000000000000001,0,0,16.32,0.8660254037844386,1,0.26,27.1,0.0,1,0,0,289.25
08/02/2023,0.84,-0.26,20.9,160.8,84.9,13.65,6,1.8,87.35,166.4,32.07,57.16,182.85,2,1513.75,5.2007,0.5000000000000001,0,0,16.36,0.8660254037844386,1,0.26,26.34,0.0,1,0,0,296.6
09/02/2023,0.84,-0.26,20.9,160.82,85.96,13.65,6,1.8,87.41,166.78,31.65,56.01,178.45,2,1511.75,5.2911,0.5000000000000001,0,0,16.31,0.8660254037844386,1,0.26,27.41,0.0,1,0,0,295.15
10/02/2023,0.84,-0.26,20.9,161.2,86.03,13.65,6,1.8,88.89,167.62,32.09,56.48,179.6,2,1533.5,5.2151,0.5000000000000001,0,0,16.47,0.8660254037844386,1,0.26,27.95,0.0,1,0,0,295.0
11/02/2023,0.84,-0.26,20.9,161.2,86.03,13.65,6,1.8,88.89,167.62,32.09,56.48,179.6,2,1533.5,5.2151,0.5000000000000001,0,0,16.47,0.8660254037844386,1,0.26,28.95,0.0,1,0,0,295.0
12/02/2023,0.84,-0.26,20.9,161.2,86.03,13.65,6,1.8,88.89,167.62,32.09,56.48,179.6,2,1533.5,5.2151,0.5000000000000001,0,0,16.47,0.8660254037844386,1,0.26,27.16,0.0,1,0,0,295.0
13/02/2023,0.84,-0.26,20.9,162.27,85.86,13.65,7,1.8,89.38,167.59,32.34,58.41,180.68,2,1536.0,5.1596,0.5000000000000001,0,0,16.57,0.8660254037844386,1,0.26,28.78,0.0,1,0,0,302.7
14/02/2023,0.84,-0.26,20.9,162.15,86.26,13.65,7,1.8,88.9,166.22,31.96,57.85,181.83,2,1530.0,5.1923,0.5000000000000001,0,0,16.59,0.8660254037844386,1,0.26,30.51,0.0,1,0,0,300.9
15/02/2023,0.84,-0.26,20.9,162.55,86.06,13.65,7,1.8,88.46,165.71,31.77,56.75,183.69,2,1519.5,5.219,0.5000000000000001,0,0,16.5,0.8660254037844386,1,0.26,28.65,0.0,1,0,0,296.0
16/02/2023,0.84,-0.26,20.9,162.77,86.24,13.65,7,1.8,88.67,166.11,31.82,58.04,183.89,2,1521.25,5.2178,0.5000000000000001,0,0,16.52,0.8660254037844386,1,0.26,28.53,0.0,1,0,0,302.95
17/02/2023,0.84,-0.26,20.9,163.57,85.73,13.65,7,1.8,88.96,166.41,32.24,57.07,184.03,2,1522.25,5.1674,0.5000000000000001,0,0,16.61,0.8660254037844386,1,0.26,27.72,0.5,1,0,0,294.6
18/02/2023,0.84,-0.26,20.9,163.57,85.73,13.65,7,1.8,88.96,166.41,32.24,57.07,184.03,2,1522.25,5.1674,0.5000000000000001,0,0,16.61,0.8660254037844386,1,0.26,26.8,0.5,1,0,0,294.6
19/02/2023,0.84,-0.26,20.9,163.57,85.73,13.65,7,1.8,88.96,166.41,32.24,57.07,184.03,2,1522.25,5.1674,0.5000000000000001,0,0,16.61,0.8660254037844386,1,0.26,25.17,0.5,1,0,0,294.6
20/02/2023,0.84,-0.26,20.9,163.57,85.73,13.65,8,1.8,88.96,166.41,32.24,57.07,184.03,2,1522.25,5.1674,0.5000000000000001,0,0,16.61,0.8660254037844386,1,0.26,25.76,0.5,1,0,0,294.6
21/02/2023,0.84,-0.26,20.9,164.75,85.73,13.65,8,1.8,88.96,166.41,32.24,57.07,184.03,2,1544.0,5.1675,0.5000000000000001,0,0,16.61,0.8660254037844386,1,0.26,25.85,1.5,1,0,0,294.6
22/02/2023,0.84,-0.26,20.9,164.9,86.06,13.65,8,1.8,88.37,166.05,32.12,57.94,182.43,2,1534.75,5.1522,0.5000000000000001,0,0,16.65,0.8660254037844386,1,0.26,23.97,0.0,1,0,0,299.5
23/02/2023,0.84,-0.26,20.9,165.15,86.22,13.65,8,1.8,88.32,163.65,31.89,52.11,182.53,2,1527.25,5.1373,0.5000000000000001,0,0,16.8,0.8660254037844386,1,0.26,27.66,0.0,1,0,0,267.45
24/02/2023,0.84,-0.26,20.9,165.2,85.83,13.65,8,1.8,87.93,163.61,31.43,52.46,182.6,2,1519.25,5.21,0.5000000000000001,0,0,16.49,0.8660254037844386,1,0.26,25.98,0.0,1,0,0,273.1
25/02/2023,0.84,-0.26,20.9,165.2,85.83,13.65,8,1.8,87.93,163.61,31.43,52.46,182.6,2,1519.25,5.21,0.5000000000000001,0,0,16.49,0.8660254037844386,1,0.26,28.0,0.0,1,0,0,273.1
26/02/2023,0.84,-0.26,20.9,165.2,85.83,13.65,8,1.8,87.93,163.61,31.43,52.46,182.6,2,1519.25,5.21,0.5000000000000001,0,0,16.49,0.8660254037844386,1,0.26,27.39,0.0,1,0,0,273.1
27/02/2023,0.84,-0.26,20.9,165.0,86.4,13.65,9,1.8,87.24,164.32,31.63,52.46,179.64,2,1512.75,5.2008,0.5000000000000001,0,0,16.63,0.8660254037844386,1,0.26,26.81,0.0,1,0,0,273.1
28/02/2023,0.84,-0.26,20.9,167.5,86.08,13.65,9,1.8,87.29,162.15,31.06,51.32,180.83,2,1479.0,5.2367,0.5000000000000001,0,0,16.49,0.8660254037844386,1,0.26,24.95,0.0,1,0,0,267.95
01/03/2023,0.71,1.21,20.9,165.13,86.11,13.65,9,1.8,86.96,161.36,31.05,52.7,179.73,3,1494.25,5.1794,6.123233995736766e-17,0,0,16.57,1.0,1,0.26,25.62,0.0,1,0,0,273.85
02/03/2023,0.71,1.21,20.9,164.1,86.36,13.65,9,1.8,87.2,161.98,31.13,52.7,181.94,3,1509.25,5.2006,6.123233995736766e-17,0,0,16.59,1.0,1,0.26,27.36,0.0,1,0,0,273.85
03/03/2023,0.71,1.21,20.9,165.43,86.22,13.65,9,1.8,87.2,162.88,31.34,52.7,180.76,3,1518.75,5.1956,6.123233995736766e-17,0,0,16.59,1.0,1,0.26,26.39,0.0,1,0,0,273.85
04/03/2023,0.71,1.21,20.9,165.43,86.22,13.65,9,1.8,87.2,162.88,31.34,52.7,180.76,3,1518.75,5.1956,6.123233995736766e-17,0,0,16.59,1.0,1,0.26,26.11,0.0,1,0,0,273.85
05/03/2023,0.71,1.21,20.9,165.43,86.22,13.65,9,1.8,87.2,162.88,31.34,52.7,180.76,3,1518.75,5.1956,6.123233995736766e-17,0,0,16.59,1.0,1,0.26,27.66,0.0,1,0,0,273.85
06/03/2023,0.71,1.21,20.9,166.1,86.15,13.65,10,1.8,87.07,162.45,31.45,52.7,180.38,3,1529.0,5.1534,6.123233995736766e-17,0,0,16.68,1.0,1,0.26,27.85,0.0,1,0,0,273.85
07/03/2023,0.71,1.21,20.9,165.98,85.84,13.65,10,1.8,86.78,161.93,31.19,51.43,177.77,3,1515.5,5.191,6.123233995736766e-17,0,0,16.54,1.0,1,0.26,26.77,0.0,1,0,0,266.95
08/03/2023,0.71,1.21,20.9,165.45,86.03,13.65,10,1.8,86.2,161.2,31.34,51.43,177.47,3,1517.75,5.1453,6.123233995736766e-17,0,0,16.73,1.0,1,0.26,25.42,0.0,1,0,0,266.95
09/03/2023,0.71,1.21,20.9,164.8,85.47,13.65,10,1.8,86.35,159.73,31.11,53.92,173.13,3,1510.75,5.1645,6.123233995736766e-17,0,0,16.65,1.0,1,0.26,26.49,0.0,1,0,0,276.8
10/03/2023,0.71,1.21,20.9,164.27,85.32,13.65,10,1.8,86.05,159.34,30.55,54.11,170.4,3,1507.0,5.2166,6.123233995736766e-17,0,0,16.36,1.0,1,0.26,28.03,0.0,1,0,0,282.2
11/03/2023,0.71,1.21,20.9,164.27,85.32,13.65,10,1.8,86.05,159.34,30.55,54.11,170.4,3,1507.0,5.2166,6.123233995736766e-17,0,0,16.36,1.0,1,0.26,26.66,0.0,1,0,0,282.2
12/03/2023,0.71,1.21,20.9,164.27,85.32,13.65,10,1.8,86.05,159.34,30.55,54.11,170.4,3,1507.0,5.2166,6.123233995736766e-17,0,0,16.36,1.0,1,0.26,26.41,0.0,1,0,0,282.2
13/03/2023,0.71,1.21,20.9,163.55,85.61,13.65,11,1.8,85.85,159.32,30.24,53.19,175.32,3,1491.25,5.2459,6.123233995736766e-17,0,0,16.25,1.0,1,0.26,25.83,0.0,1,0,0,280.2
14/03/2023,0.71,1.21,20.9,163.05,85.42,13.65,11,1.8,85.74,159.17,30.28,52.56,180.84,3,1493.75,5.2543,6.123233995736766e-17,0,0,16.25,1.0,1,0.26,25.47,0.0,1,0,0,276.25
15/03/2023,0.71,1.21,20.9,161.55,85.49,13.65,11,1.8,85.51,159.58,30.14,52.14,178.21,3,1474.5,5.2882,6.123233995736766e-17,0,0,16.15,1.0,1,0.26,26.33,0.0,1,0,0,276.05
16/03/2023,0.71,1.21,20.9,162.35,85.37,13.65,11,1.8,86.75,158.9,30.31,53.19,182.63,3,1476.0,5.2285,6.123233995736766e-17,0,0,16.28,1.0,1,0.26,25.47,0.0,1,0,0,278.9
17/03/2023,0.71,1.21,20.9,162.32,85.24,13.65,11,1.8,86.38,156.66,29.7,53.19,181.43,3,1461.25,5.2778,6.123233995736766e-17,0,0,16.16,1.0,1,0.26,25.3,0.0,1,0,0,278.9
18/03/2023,0.71,1.21,20.9,162.32,85.24,13.65,11,1.8,86.38,156.66,29.7,53.19,181.43,3,1461.25,5.2778,6.123233995736766e-17,0,0,16.16,1.0,1,0.26,24.41,0.0,1,0,0,278.9
19/03/2023,0.71,1.21,20.9,162.32,85.24,13.65,11,1.8,86.38,156.66,29.7,53.19,181.43,3,1461.25,5.2778,6.123233995736766e-17,0,0,16.16,1.0,1,0.26,22.7,0.0,1,0,0,278.9
20/03/2023,0.71,1.21,20.9,162.02,84.66,13.65,12,1.8,85.86,155.0,29.56,52.98,180.26,3,1466.75,5.2368,6.123233995736766e-17,0,0,16.15,1.0,1,0.26,24.45,0.0,1,0,0,277.8
21/03/2023,0.71,1.21,20.9,162.43,84.46,13.65,12,1.8,85.22,153.84,29.34,53.34,178.24,3,1448.5,5.243,6.123233995736766e-17,0,0,16.11,1.0,1,0.26,23.39,0.0,1,0,0,279.65
22/03/2023,0.71,1.21,20.9,162.3,84.36,13.65,12,1.8,83.84,151.15,28.97,52.94,175.09,3,1425.0,5.2369,6.123233995736766e-17,0,0,16.17,1.0,1,0.26,25.28,0.0,1,0,0,276.25
23/03/2023,0.71,1.21,20.9,162.15,83.91,13.65,12,1.8,83.92,147.66,27.92,55.38,175.63,3,1398.5,5.2973,6.123233995736766e-17,0,0,15.86,1.0,1,0.26,24.7,0.0,1,0,0,292.9
24/03/2023,0.71,1.21,20.9,163.0,84.18,13.65,12,1.8,84.03,145.86,27.79,56.94,179.06,3,1406.25,5.2463,6.123233995736766e-17,0,0,16.04,1.0,1,0.26,25.62,0.0,1,0,0,298.8
25/03/2023,0.71,1.21,20.9,163.0,84.18,13.65,12,1.8,84.03,145.86,27.79,56.94,179.06,3,1406.25,5.2463,6.123233995736766e-17,0,0,16.04,1.0,1,0.26,26.31,0.0,1,0,0,298.8
26/03/2023,0.71,1.21,20.9,163.0,84.18,13.65,12,1.8,84.03,145.86,27.79,56.94,179.06,3,1406.25,5.2463,6.123233995736766e-17,0,0,16.04,1.0,1,0.26,27.36,0.0,1,0,0,298.8
27/03/2023,0.71,1.21,20.9,164.9,84.0,13.65,13,1.8,83.92,144.86,27.8,56.68,180.5,3,1420.75,5.1983,6.123233995736766e-17,0,0,16.12,1.0,1,0.26,26.7,0.0,1,0,0,295.35
28/03/2023,0.71,1.21,20.9,164.95,83.39,13.65,13,1.8,82.58,145.16,28.1,57.14,182.74,3,1444.5,5.1655,6.123233995736766e-17,0,0,16.14,1.0,1,0.26,25.43,0.0,1,0,0,295.2
29/03/2023,0.71,1.21,20.9,165.82,83.17,13.65,13,1.8,82.19,146.56,28.51,57.53,182.48,3,1450.75,5.1356,6.123233995736766e-17,0,0,16.18,1.0,1,0.26,26.96,0.0,1,0,0,295.75
30/03/2023,0.71,1.21,20.9,167.55,82.9,13.65,13,1.8,81.06,147.31,28.88,57.85,184.31,3,1447.0,5.0938,6.123233995736766e-17,0,0,16.25,1.0,1,0.26,27.45,0.0,1,0,0,295.1
31/03/2023,0.71,1.21,20.9,168.35,82.6,13.65,13,1.8,79.63,147.5,29.1,58.38,186.84,3,1475.5,5.0631,6.123233995736766e-17,0,0,16.29,1.0,1,0.26,28.34,0.0,1,0,0,295.95
01/04/2023,0.71,0.6,20.9,168.35,82.6,13.65,13,1.8,79.63,147.5,29.1,58.38,186.84,4,1475.5,5.0631,-0.4999999999999998,0,0,16.29,0.8660254037844387,1,0.26,26.06,0.0,0,0,0,295.95
02/04/2023,0.71,0.6,20.9,168.35,82.6,13.65,13,1.8,79.63,147.5,29.1,58.38,186.84,4,1475.5,5.0631,-0.4999999999999998,0,0,16.29,0.8660254037844387,1,0.26,26.35,0.0,0,0,0,295.95
03/04/2023,0.61,0.6,-6.4,168.13,82.4,13.65,14,0.9,80.6,148.45,29.26,58.5,185.66,4,1495.0,5.0632,-0.4999999999999998,0,0,16.24,0.8660254037844387,1,0.26,25.06,0.0,0,0,0,296.85
04/04/2023,0.61,0.6,-6.4,167.6,81.12,13.65,14,0.9,79.93,149.12,29.31,57.84,188.32,4,1482.75,5.0716,-0.4999999999999998,0,0,15.95,0.8660254037844387,1,0.26,26.16,0.0,0,0,0,294.25
05/04/2023,0.61,0.6,-6.4,168.4,80.89,13.65,14,0.9,80.02,148.4,29.36,57.44,190.42,4,1477.75,5.034,-0.4999999999999998,0,0,16.0,0.8660254037844387,1,0.26,26.97,0.0,0,0,0,290.3
06/04/2023,0.61,0.6,-6.4,171.07,80.24,13.65,14,0.9,79.79,146.22,28.9,58.13,190.33,4,1462.5,5.057,-0.4999999999999998,0,0,15.86,0.8660254037844387,1,0.26,26.57,0.0,0,0,0,294.15
07/04/2023,0.61,0.6,-6.4,171.07,80.24,13.65,14,0.9,79.79,146.22,28.9,58.13,190.33,4,1462.5,5.057,-0.4999999999999998,0,0,15.86,0.8660254037844387,1,0.26,24.82,0.5,0,0,0,294.15
08/04/2023,0.61,0.6,-6.4,171.07,80.24,13.65,14,0.9,79.79,146.22,28.9,58.13,190.33,4,1462.5,5.057,-0.4999999999999998,0,0,15.86,0.8660254037844387,1,0.26,26.65,0.5,0,0,0,294.15
09/04/2023,0.61,0.6,-6.4,171.07,80.24,13.65,14,0.9,79.79,146.22,28.9,58.13,190.33,4,1462.5,5.057,-0.4999999999999998,0,0,15.86,0.8660254037844387,1,0.26,26.65,1.5,0,0,0,294.15
10/04/2023,0.61,0.6,-6.4,171.38,79.39,13.65,15,0.9,78.65,143.48,28.3,56.19,188.03,4,1461.75,5.0655,-0.4999999999999998,0,0,15.66,0.8660254037844387,1,0.26,26.75,0.0,0,0,0,284.9
11/04/2023,0.61,0.6,-6.4,172.3,78.34,13.65,15,0.9,76.24,142.55,28.47,58.52,186.9,4,1471.25,5.0054,-0.4999999999999998,0,0,15.65,0.8660254037844387,1,0.26,26.16,0.0,0,0,0,293.0
12/04/2023,0.61,0.6,-6.4,174.27,77.66,13.65,15,0.9,74.76,141.47,28.61,58.97,187.05,4,1472.25,4.9181,-0.4999999999999998,0,0,15.71,0.8660254037844387,1,0.26,26.94,0.0,0,0,0,291.55
13/04/2023,0.61,0.6,-6.4,175.5,76.88,13.65,15,0.9,73.35,140.0,28.42,57.92,185.29,4,1473.25,4.9272,-0.4999999999999998,0,0,15.6,0.8660254037844387,1,0.26,25.62,0.0,0,0,0,285.35
14/04/2023,0.61,0.6,-6.4,174.75,75.99,13.65,15,0.9,73.8,137.98,28.06,58.13,185.82,4,1467.25,4.9096,-0.4999999999999998,0,0,15.45,0.8660254037844387,1,0.26,27.33,0.0,0,0,0,285.9
15/04/2023,0.61,0.6,-6.4,174.75,75.99,13.65,15,0.9,73.8,137.98,28.06,58.13,185.82,4,1467.25,4.9096,-0.4999999999999998,0,0,15.45,0.8660254037844387,1,0.26,28.14,0.0,0,0,0,285.9
16/04/2023,0.61,0.6,-6.4,174.75,75.99,13.65,15,0.9,73.8,137.98,28.06,58.13,185.82,4,1467.25,4.9096,-0.4999999999999998,0,0,15.45,0.8660254037844387,1,0.26,28.58,0.0,0,0,0,285.9
17/04/2023,0.61,0.6,-6.4,175.75,75.29,13.65,16,0.9,72.0,137.1,27.78,58.12,187.42,4,1485.5,4.9413,-0.4999999999999998,0,0,15.26,0.8660254037844387,1,0.26,27.48,0.0,0,0,0,286.8
18/04/2023,0.61,0.6,-6.4,176.48,73.92,13.65,16,0.9,70.03,137.67,27.67,57.17,186.7,4,1491.0,4.984,-0.4999999999999998,0,0,14.86,0.8660254037844387,1,0.26,26.36,0.0,0,0,0,284.4
19/04/2023,0.61,0.6,-6.4,175.43,72.76,13.65,16,0.9,68.98,137.91,27.17,54.85,187.57,4,1478.75,5.0753,-0.4999999999999998,0,0,14.33,0.8660254037844387,1,0.26,27.73,0.0,0,0,0,278.4
20/04/2023,0.61,0.6,-6.4,174.1,70.6,13.65,16,0.9,66.72,136.85,27.09,56.49,185.7,4,1468.5,5.0486,-0.4999999999999998,0,0,13.97,0.8660254037844387,1,0.26,26.48,0.0,0,0,0,285.4
21/04/2023,0.61,0.6,-6.4,173.98,70.6,13.65,16,0.9,66.72,136.85,27.09,56.49,185.7,4,1449.0,5.0486,-0.4999999999999998,0,0,13.97,0.8660254037844387,1,0.26,28.34,0.0,0,0,0,285.4
22/04/2023,0.61,0.6,-6.4,173.98,70.6,13.65,16,0.9,66.72,136.85,27.09,56.49,185.7,4,1449.0,5.0486,-0.4999999999999998,0,0,13.97,0.8660254037844387,1,0.26,27.08,0.0,0,0,0,285.4
23/04/2023,0.61,0.6,-6.4,173.98,70.6,13.65,16,0.9,66.72,136.85,27.09,56.49,185.7,4,1449.0,5.0486,-0.4999999999999998,0,0,13.97,0.8660254037844387,1,0.26,27.46,0.0,0,0,0,285.4
24/04/2023,0.61,0.6,-6.4,174.3,70.11,13.65,17,0.9,64.22,133.86,26.56,56.13,182.64,4,1436.0,5.0337,-0.4999999999999998,0,0,13.91,0.8660254037844387,1,0.26,27.4,0.0,0,0,0,282.9
25/04/2023,0.61,0.6,-6.4,174.3,69.75,13.65,17,0.9,67.26,131.27,25.9,55.55,183.2,4,1417.5,5.0497,-0.4999999999999998,0,0,13.76,0.8660254037844387,1,0.26,27.5,0.0,0,0,0,281.6
26/04/2023,0.61,0.6,-6.4,174.52,68.68,13.65,17,0.9,66.05,130.24,25.78,55.24,180.41,4,1414.75,5.0435,-0.4999999999999998,0,0,13.59,0.8660254037844387,1,0.26,27.93,0.0,0,0,0,279.15
27/04/2023,0.61,0.6,-6.4,175.45,67.71,13.65,17,0.9,64.25,130.83,26.26,55.83,179.9,4,1403.75,4.9771,-0.4999999999999998,0,0,13.59,0.8660254037844387,1,0.26,27.77,0.0,0,0,0,278.2
28/04/2023,0.61,0.6,-6.4,175.18,65.61,13.65,17,0.9,65.29,130.57,26.17,54.4,181.23,4,1419.25,4.9865,-0.4999999999999998,0,0,13.15,0.8660254037844387,1,0.26,28.04,0.0,0,0,0,271.4
29/04/2023,0.61,0.6,-6.4,175.18,65.61,13.65,17,0.9,65.29,130.57,26.17,54.4,181.23,4,1419.25,4.9865,-0.4999999999999998,0,0,13.15,0.8660254037844387,1,0.26,28.39,0.0,0,0,0,271.4
30/04/2023,0.61,0.6,-6.4,175.18,65.61,13.65,17,0.9,65.29,130.57,26.17,54.4,181.23,4,1419.25,4.9865,-0.4999999999999998,0,0,13.15,0.8660254037844387,1,0.26,26.93,0.0,0,0,0,271.4
01/05/2023,0.61,-3.76,-6.4,164.88,65.61,13.65,18,0.9,65.29,130.57,26.17,54.4,181.23,5,1427.5,4.9889,-0.8660254037844387,0,1,13.15,0.49999999999999994,1,0.26,26.1,0.0,0,0,0,271.4
02/05/2023,0.23,-3.76,-6.4,162.9,64.5,13.65,18,0.9,63.46,131.53,26.06,54.16,181.0,5,1410.75,5.0387,-0.8660254037844387,0,1,12.78,0.49999999999999994,1,0.26,27.61,0.0,0,0,0,273.35
03/05/2023,0.23,-3.76,-6.4,161.65,64.15,13.65,18,0.9,62.64,131.61,26.37,52.55,176.9,5,1417.5,4.9949,-0.8660254037844387,0,1,12.85,0.49999999999999994,1,0.26,25.94,0.0,0,0,0,262.3
04/05/2023,0.23,-3.76,-6.4,161.57,62.85,13.65,18,0.9,62.47,132.18,26.47,52.16,179.43,5,1417.75,4.9822,-0.8660254037844387,0,1,12.59,0.49999999999999994,1,0.26,25.78,0.0,0,0,0,260.45
05/05/2023,0.23,-3.76,-6.4,161.93,62.32,13.65,18,0.9,61.12,132.58,26.82,54.53,180.61,5,1436.5,4.9518,-0.8660254037844387,0,1,12.6,0.49999999999999994,1,0.26,25.9,0.0,0,0,0,269.6
06/05/2023,0.23,-3.76,-6.4,161.93,62.32,13.65,18,0.9,61.12,132.58,26.82,54.53,180.61,5,1436.5,4.9518,-0.8660254037844387,0,1,12.6,0.49999999999999994,0,0.26,28.05,0.0,0,0,0,269.6
07/05/2023,0.23,-3.76,-6.4,161.93,62.32,13.65,18,0.9,61.12,132.58,26.82,54.53,180.61,5,1436.5,4.9518,-0.8660254037844387,0,1,12.6,0.49999999999999994,0,0.26,27.98,0.0,0,0,0,269.6
08/05/2023,0.23,-3.76,-6.4,162.43,61.75,13.65,19,0.9,61.33,133.96,26.72,54.72,181.15,5,1433.75,5.0097,-0.8660254037844387,0,1,12.32,0.49999999999999994,0,0.26,27.11,0.0,0,0,0,274.35
09/05/2023,0.23,-3.76,-6.4,163.93,60.46,13.65,19,0.9,59.73,134.82,27.03,54.64,180.12,5,1414.25,4.9862,-0.8660254037844387,0,1,12.12,0.49999999999999994,0,0.26,27.13,0.0,0,0,0,272.55
10/05/2023,0.23,-3.76,-6.4,163.0,60.13,13.65,19,0.9,59.14,133.12,26.89,55.48,180.78,5,1404.0,4.9424,-0.8660254037844387,0,1,12.14,0.49999999999999994,0,0.26,28.08,0.0,0,0,0,274.7
11/05/2023,0.23,-3.76,-6.4,162.95,58.69,13.65,19,0.9,59.0,133.65,27.04,54.88,179.0,5,1405.5,4.9295,-0.8660254037844387,0,1,11.87,0.49999999999999994,0,0.26,27.89,0.0,0,0,0,271.25
12/05/2023,0.23,-3.76,-6.4,164.4,58.79,13.65,19,0.9,58.27,133.1,27.02,55.32,180.43,5,1390.0,4.9195,-0.8660254037844387,0,1,11.93,0.49999999999999994,0,0.26,27.75,0.5,0,0,0,272.55
13/05/2023,0.23,-3.76,-6.4,164.4,58.79,13.65,19,0.9,58.27,133.1,27.02,55.32,180.43,5,1390.0,4.9195,-0.8660254037844387,0,1,11.93,0.49999999999999994,0,0.26,27.46,0.5,0,0,0,272.55
14/05/2023,0.23,-3.76,-6.4,164.4,58.79,13.65,19,0.9,58.27,133.1,27.02,55.32,180.43,5,1390.0,4.9195,-0.8660254037844387,0,1,11.93,0.49999999999999994,0,0.26,27.86,1.5,0,0,0,272.55
15/05/2023,0.23,-3.76,-6.4,164.32,58.83,13.65,20,0.9,58.77,132.99,27.17,55.91,179.86,5,1328.25,4.8904,-0.8660254037844387,0,1,12.02,0.49999999999999994,0,0.26,27.47,0.0,0,0,0,273.6
16/05/2023,0.23,-3.76,-6.4,163.88,58.84,13.65,20,0.9,55.68,131.53,26.63,54.1,177.15,5,1298.25,4.9402,-0.8660254037844387,0,1,11.91,0.49999999999999994,0,0.26,28.16,0.0,0,0,0,267.2
17/05/2023,0.23,-3.76,-6.4,164.82,57.43,13.65,20,0.9,54.42,130.22,26.37,54.21,178.05,5,1274.75,4.9396,-0.8660254037844387,0,1,11.63,0.49999999999999994,0,0.26,27.53,0.0,0,0,0,267.75
18/05/2023,0.23,-3.76,-6.4,165.52,56.51,13.65,20,0.9,53.44,128.84,25.93,53.79,177.37,5,1269.5,4.9652,-0.8660254037844387,0,1,11.37,0.49999999999999994,0,0.26,27.49,0.0,0,0,0,267.3
19/05/2023,0.23,-3.76,-6.4,165.73,56.04,13.65,20,0.9,54.58,129.34,25.86,52.71,177.38,5,1248.0,4.9981,-0.8660254037844387,0,1,11.21,0.49999999999999994,0,0.26,27.9,0.0,0,0,0,263.6
20/05/2023,0.23,-3.76,-6.4,165.73,56.04,13.65,20,0.9,54.58,129.34,25.86,52.71,177.38,5,1248.0,4.9981,-0.8660254037844387,0,1,11.21,0.49999999999999994,0,0.26,26.64,0.0,0,0,0,263.6
21/05/2023,0.23,-3.76,-6.4,165.73,56.04,13.65,20,0.9,54.58,129.34,25.86,52.71,177.38,5,1248.0,4.9981,-0.8660254037844387,0,1,11.21,0.49999999999999994,0,0.26,25.77,0.0,0,0,0,263.6
22/05/2023,0.23,-3.76,-6.4,165.05,55.83,13.65,21,0.9,54.74,128.95,25.95,53.04,177.48,5,1275.5,4.9667,-0.8660254037844387,0,1,11.24,0.49999999999999994,0,0.26,26.4,0.0,0,0,0,263.55
23/05/2023,0.23,-3.76,-6.4,164.27,55.16,13.65,21,0.9,55.9,129.72,26.09,52.66,174.7,5,1258.75,4.9714,-0.8660254037844387,0,1,11.09,0.49999999999999994,0,0.26,25.99,0.0,0,0,0,261.85
24/05/2023,0.23,-3.76,-6.4,166.1,54.56,13.65,21,0.9,56.03,128.86,26.02,51.96,175.67,5,1258.75,4.9619,-0.8660254037844387,0,1,11.02,0.49999999999999994,0,0.26,26.63,0.0,0,0,0,257.3
25/05/2023,0.23,-3.76,-6.4,167.3,55.0,13.65,21,0.9,56.06,129.4,25.68,50.78,172.69,5,1249.75,5.0356,-0.8660254037844387,0,1,10.92,0.49999999999999994,0,0.26,26.65,0.0,0,0,0,255.85
26/05/2023,0.23,-3.76,-6.4,167.35,54.82,13.65,21,0.9,58.39,130.72,26.2,50.76,172.35,5,1261.0,4.9939,-0.8660254037844387,0,1,10.99,0.49999999999999994,0,0.26,26.4,0.0,0,0,0,253.3
27/05/2023,0.23,-3.76,-6.4,167.35,54.82,13.65,21,0.9,58.39,130.72,26.2,50.76,172.35,5,1261.0,4.9939,-0.8660254037844387,0,1,10.99,0.49999999999999994,0,0.26,27.35,0.0,0,0,0,253.3
28/05/2023,0.23,-3.76,-6.4,167.35,54.82,13.65,21,0.9,58.39,130.72,26.2,50.76,172.35,5,1261.0,4.9939,-0.8660254037844387,0,1,10.99,0.49999999999999994,0,0.26,26.95,0.0,0,0,0,253.3
29/05/2023,0.23,-3.76,-6.4,167.35,54.82,13.65,22,0.9,58.39,130.72,26.2,50.76,172.35,5,1261.0,4.9939,-0.8660254037844387,0,1,10.99,0.49999999999999994,0,0.26,26.95,0.0,0,0,0,253.3
30/05/2023,0.23,-3.76,-6.4,168.88,54.27,13.65,22,0.9,55.58,129.47,25.68,47.96,173.84,5,1219.5,5.0357,-0.8660254037844387,0,1,10.76,0.49999999999999994,0,0.26,27.31,0.0,0,0,0,241.75
31/05/2023,0.23,-3.76,-6.4,169.13,53.77,13.65,22,0.9,53.71,128.05,25.21,47.89,174.38,5,1217.75,5.0574,-0.8660254037844387,0,1,10.59,0.49999999999999994,0,0.26,25.65,0.0,0,0,0,243.25
01/06/2023,-0.08,-3.01,-6.4,174.9,53.9,13.65,22,0.9,54.65,127.43,25.42,48.65,175.62,6,1244.0,5.014,-1.0,1,1,10.75,1.2246467991473532e-16,0,0.26,27.59,0.5,0,0,0,243.9
02/06/2023,-0.08,-3.01,-6.4,176.43,53.72,13.65,22,0.9,53.83,127.82,25.79,50.09,180.77,6,1262.5,4.9571,-1.0,1,1,10.84,1.2246467991473532e-16,0,0.26,27.93,0.5,0,0,0,248.3
03/06/2023,-0.08,-3.01,-6.4,176.43,53.72,13.65,22,0.9,53.83,127.82,25.79,50.09,180.77,6,1262.5,4.9571,-1.0,1,1,10.84,1.2246467991473532e-16,0,0.26,27.7,0.5,0,0,0,248.3
04/06/2023,-0.08,-3.01,-6.4,176.43,53.72,13.65,22,0.9,53.83,127.82,25.79,50.09,180.77,6,1262.5,4.9571,-1.0,1,1,10.84,1.2246467991473532e-16,0,0.26,27.13,0.5,0,0,0,248.3
05/06/2023,-0.08,-3.01,-6.4,177.15,53.63,13.65,23,0.9,52.91,127.86,25.95,50.51,181.72,6,1261.0,4.9289,-1.0,1,1,10.89,1.2246467991473532e-16,0,0.26,26.29,0.5,0,0,0,248.85
06/06/2023,-0.08,-3.01,-6.4,179.82,54.07,13.65,23,0.9,52.96,127.48,25.95,49.85,179.84,6,1265.75,4.9125,-1.0,1,1,11.01,1.2246467991473532e-16,0,0.26,25.75,0.5,0,0,0,244.9
07/06/2023,-0.08,-3.01,-6.4,179.0,53.72,13.65,23,0.9,53.38,127.53,25.89,49.62,178.09,6,1267.25,4.9235,-1.0,1,1,10.91,1.2246467991473532e-16,0,0.26,26.31,0.5,0,0,0,244.4
08/06/2023,-0.08,-3.01,-6.4,178.77,53.72,13.65,23,0.9,53.38,127.53,25.89,49.62,178.09,6,1279.25,4.9235,-1.0,1,1,10.91,1.2246467991473532e-16,0,0.26,25.86,0.5,0,0,0,244.4
09/06/2023,-0.08,-3.01,-6.4,178.23,53.73,13.65,23,0.9,53.27,127.61,26.17,51.5,180.32,6,1296.0,4.8791,-1.0,1,1,11.02,1.2246467991473532e-16,0,0.26,26.48,0.5,0,0,0,251.1
10/06/2023,-0.08,-3.01,-6.4,178.23,53.73,13.65,23,0.9,53.27,127.61,26.17,51.5,180.32,6,1296.0,4.8791,-1.0,1,1,11.02,1.2246467991473532e-16,0,0.26,26.68,0.5,0,0,0,251.1
11/06/2023,-0.08,-3.01,-6.4,178.23,53.73,13.65,23,0.9,53.27,127.61,26.17,51.5,180.32,6,1296.0,4.8791,-1.0,1,1,11.02,1.2246467991473532e-16,0,0.26,27.95,0.5,0,0,0,251.1
12/06/2023,-0.08,-3.01,-6.4,179.07,53.77,13.65,24,0.9,53.18,127.28,26.16,48.84,174.97,6,1292.5,4.8613,-1.0,1,1,11.05,1.2246467991473532e-16,0,0.26,27.57,0.5,0,0,0,237.65
13/06/2023,-0.08,-3.01,-6.4,179.43,54.07,13.65,24,0.9,53.23,127.37,26.19,50.1,173.4,6,1321.75,4.8622,-1.0,1,1,11.12,1.2246467991473532e-16,0,0.26,26.53,1.5,0,0,0,243.65
14/06/2023,-0.08,-3.01,-6.4,177.45,54.33,13.65,24,0.9,53.52,126.62,26.23,51.66,177.07,6,1318.5,4.8146,-1.0,1,1,11.25,1.2246467991473532e-16,0,0.26,25.74,0.5,0,0,0,249.4
15/06/2023,-0.08,-3.01,-6.4,177.57,54.35,13.65,24,0.9,54.76,127.12,26.46,49.16,177.77,6,1368.5,4.8102,-1.0,1,1,11.31,1.2246467991473532e-16,0,0.26,25.58,0.5,0,0,0,236.15
16/06/2023,-0.08,-3.01,-6.4,178.35,54.36,13.65,24,0.9,57.2,128.34,26.64,50.68,179.61,6,1407.5,4.8199,-1.0,1,1,11.28,1.2246467991473532e-16,0,0.26,26.04,0.5,0,0,0,244.2
17/06/2023,-0.08,-3.01,-6.4,178.35,54.36,13.65,24,0.9,57.2,128.34,26.64,50.68,179.61,6,1407.5,4.8199,-1.0,1,1,11.28,1.2246467991473532e-16,0,0.26,26.57,0.5,0,0,0,244.2
18/06/2023,-0.08,-3.01,-6.4,178.35,54.36,13.65,24,0.9,57.2,128.34,26.64,50.68,179.61,6,1407.5,4.8199,-1.0,1,1,11.28,1.2246467991473532e-16,0,0.26,26.54,0.5,0,0,0,244.2
19/06/2023,-0.08,-3.01,-6.4,178.35,54.36,13.65,25,0.9,57.2,128.34,26.64,50.68,179.61,6,1407.5,4.8199,-1.0,1,1,11.28,1.2246467991473532e-16,0,0.26,27.05,0.5,0,0,0,244.2
20/06/2023,-0.08,-3.01,-6.4,177.13,54.83,13.65,25,0.9,56.31,129.07,26.93,52.5,178.22,6,1408.25,4.7902,-1.0,1,1,11.44,1.2246467991473532e-16,0,0.26,27.07,0.5,0,0,0,251.6
21/06/2023,-0.08,-3.01,-6.4,177.25,55.52,13.65,25,0.9,59.13,130.8,27.42,53.03,177.16,6,1445.0,4.763,-1.0,1,1,11.64,1.2246467991473532e-16,0,0.26,26.73,0.5,0,0,0,252.95
22/06/2023,-0.08,-3.01,-6.4,177.65,57.07,13.65,25,0.9,58.59,129.68,27.14,52.3,177.65,6,1418.25,4.7689,-1.0,1,1,11.94,1.2246467991473532e-16,0,0.26,26.05,0.5,0,0,0,249.9
23/06/2023,-0.08,-3.01,-6.4,177.5,57.36,13.65,25,0.9,56.13,128.7,26.92,52.79,177.23,6,1404.0,4.7864,-1.0,1,1,12.0,1.2246467991473532e-16,0,0.26,26.2,0.5,0,0,0,252.4
24/06/2023,-0.08,-3.01,-6.4,177.5,57.36,13.65,25,0.9,56.13,128.7,26.92,52.79,177.23,6,1404.0,4.7864,-1.0,1,1,12.0,1.2246467991473532e-16,0,0.26,27.28,1.5,0,0,0,252.4
25/06/2023,-0.08,-3.01,-6.4,177.5,57.36,13.65,25,0.9,56.13,128.7,26.92,52.79,177.23,6,1404.0,4.7864,-1.0,1,1,12.0,1.2246467991473532e-16,0,0.26,25.36,0.5,0,0,0,252.4
26/06/2023,-0.08,-3.01,-6.4,177.7,57.41,13.65,26,0.9,57.29,130.26,27.33,54.09,174.52,6,1424.5,4.7675,-1.0,1,1,12.05,1.2246467991473532e-16,0,0.26,25.55,0.5,0,0,0,257.8
27/06/2023,-0.08,-3.01,-6.4,179.3,57.67,13.65,26,0.9,55.7,128.97,26.89,53.79,174.58,6,1395.5,4.8103,-1.0,1,1,12.02,1.2246467991473532e-16,0,0.26,25.01,0.5,0,0,0,258.0
28/06/2023,-0.08,-3.01,-6.4,179.63,56.36,13.65,26,0.9,55.25,128.45,26.52,52.06,178.66,6,1361.0,4.8506,-1.0,1,1,11.63,1.2246467991473532e-16,0,0.26,25.83,0.5,0,0,0,252.2
29/06/2023,-0.08,-3.01,-6.4,179.75,56.12,13.65,26,0.9,54.48,128.56,26.47,53.54,178.88,6,1367.75,4.8553,-1.0,1,1,11.56,1.2246467991473532e-16,0,0.26,25.67,1.5,0,0,0,260.0
30/06/2023,-0.08,-3.01,-6.4,181.5,55.36,13.65,26,0.9,53.3,131.2,27.37,53.04,180.76,6,1442.0,4.786,-1.0,1,1,11.55,1.2246467991473532e-16,0,0.26,25.0,0.5,0,0,0,254.2
01/07/2023,-0.08,-3.93,-6.4,181.5,55.36,13.65,26,0.9,53.3,131.2,27.37,53.04,180.76,7,1442.0,4.786,-0.8660254037844388,1,1,11.55,-0.4999999999999997,0,0.26,25.43,0.5,0,0,1,254.2
02/07/2023,-0.08,-3.93,-6.4,181.5,55.36,13.65,26,0.9,53.3,131.2,27.37,53.04,180.76,7,1442.0,4.786,-0.8660254037844388,1,1,11.55,-0.4999999999999997,0,0.26,24.95,0.5,0,0,1,254.2
03/07/2023,0.12,-3.93,-5.6,176.82,55.53,13.65,27,0.1,52.94,132.85,27.65,53.92,181.61,7,1467.75,4.8077,-0.8660254037844388,1,1,11.56,-0.4999999999999997,0,0.26,24.94,0.5,0,0,1,259.05
04/07/2023,0.12,-3.93,-5.6,176.82,55.53,13.65,27,0.1,52.94,132.85,27.65,53.92,181.61,7,1467.75,4.8077,-0.8660254037844388,1,1,11.56,-0.4999999999999997,0,0.26,25.28,0.5,0,0,1,259.05
05/07/2023,0.12,-3.93,-5.6,174.95,56.12,13.65,27,0.1,53.2,133.91,27.64,50.51,179.36,7,1468.75,4.8478,-0.8660254037844388,1,1,11.58,-0.4999999999999997,0,0.26,24.77,0.5,0,0,1,244.7
06/07/2023,0.12,-3.93,-5.6,174.57,55.35,13.65,27,0.1,54.47,134.46,27.3,52.23,178.77,7,1448.25,4.9193,-0.8660254037844388,1,1,11.24,-0.4999999999999997,0,0.26,25.05,0.5,0,0,1,257.3
07/07/2023,0.12,-3.93,-5.6,177.0,55.88,13.65,27,0.1,53.7,133.34,27.44,52.74,177.5,7,1427.75,4.872,-0.8660254037844388,1,1,11.5,-0.4999999999999997,0,0.26,24.88,0.5,0,0,1,256.25
08/07/2023,0.12,-3.93,-5.6,177.0,55.88,13.65,27,0.1,53.7,133.34,27.44,52.74,177.5,7,1427.75,4.872,-0.8660254037844388,1,1,11.5,-0.4999999999999997,0,0.26,25.24,0.5,0,0,1,256.25
09/07/2023,0.12,-3.93,-5.6,177.0,55.88,13.65,27,0.1,53.7,133.34,27.44,52.74,177.5,7,1427.75,4.872,-0.8660254037844388,1,1,11.5,-0.4999999999999997,0,0.26,26.12,0.5,0,0,1,256.25
10/07/2023,0.12,-3.93,-5.6,177.2,55.79,13.65,28,0.1,54.38,134.78,27.59,52.14,176.87,7,1455.5,4.8978,-0.8660254037844388,1,1,11.42,-0.4999999999999997,0,0.26,26.88,0.5,0,0,1,254.7
11/07/2023,0.12,-3.93,-5.6,178.82,55.24,13.65,28,0.1,55.4,136.44,28.08,52.93,177.87,7,1471.5,4.8538,-0.8660254037844388,1,1,11.37,-0.4999999999999997,0,0.26,26.48,0.5,0,0,1,257.15
12/07/2023,0.12,-3.93,-5.6,176.88,55.29,13.65,28,0.1,54.84,134.71,27.96,53.55,176.88,7,1444.25,4.8184,-0.8660254037844388,1,1,11.48,-0.4999999999999997,0,0.26,27.24,0.5,0,0,1,258.0
13/07/2023,0.12,-3.93,-5.6,176.9,54.06,13.65,28,0.1,55.26,136.02,28.4,52.86,178.74,7,1484.75,4.7971,-0.8660254037844388,1,1,11.29,-0.4999999999999997,0,0.26,26.95,0.5,0,0,1,253.2
14/07/2023,0.12,-3.93,-5.6,180.18,54.28,13.65,28,0.1,54.4,136.31,28.43,53.17,181.58,7,1480.25,4.7894,-0.8660254037844388,1,1,11.32,-0.4999999999999997,0,0.26,25.65,0.5,0,0,1,254.9
15/07/2023,0.12,-3.93,-5.6,180.18,54.28,13.65,28,0.1,54.4,136.31,28.43,53.17,181.58,7,1480.25,4.7894,-0.8660254037844388,1,1,11.32,-0.4999999999999997,0,0.26,26.47,0.5,0,0,1,254.9
16/07/2023,0.12,-3.93,-5.6,180.18,54.28,13.65,28,0.1,54.4,136.31,28.43,53.17,181.58,7,1480.25,4.7894,-0.8660254037844388,1,1,11.32,-0.4999999999999997,0,0.26,27.78,0.5,0,0,1,254.9
17/07/2023,0.12,-3.93,-5.6,180.13,54.52,13.65,29,0.1,54.29,137.75,28.61,53.37,180.72,7,1407.25,4.8066,-0.8660254037844388,1,1,11.32,-0.4999999999999997,0,0.26,27.57,0.5,0,0,1,257.0
18/07/2023,0.12,-3.93,-5.6,181.27,54.57,13.65,29,0.1,57.67,138.04,28.71,51.62,182.48,7,1418.75,4.8105,-0.8660254037844388,1,1,11.35,-0.4999999999999997,0,0.26,26.88,0.5,0,0,1,248.2
19/07/2023,0.12,-3.93,-5.6,181.32,55.04,13.65,29,0.1,59.48,139.04,29.06,51.44,181.82,7,1432.0,4.7909,-0.8660254037844388,1,1,11.5,-0.4999999999999997,0,0.26,27.22,0.5,0,0,1,246.15
20/07/2023,0.12,-3.93,-5.6,180.32,54.68,13.65,29,0.1,57.61,139.73,29.1,52.25,182.83,7,1426.25,4.798,-0.8660254037844388,1,1,11.39,-0.4999999999999997,0,0.26,25.99,0.5,0,0,1,250.9
21/07/2023,0.12,-3.93,-5.6,180.02,53.74,13.65,29,0.1,57.29,139.43,29.2,51.59,184.63,7,1429.0,4.7795,-0.8660254037844388,1,1,11.25,-0.4999999999999997,0,0.26,24.64,0.5,0,0,1,246.35
22/07/2023,0.12,-3.93,-5.6,180.02,53.74,13.65,29,0.1,57.29,139.43,29.2,51.59,184.63,7,1429.0,4.7795,-0.8660254037844388,1,1,11.25,-0.4999999999999997,0,0.26,25.34,0.5,0,0,1,246.35
23/07/2023,0.12,-3.93,-5.6,180.02,53.74,13.65,29,0.1,57.29,139.43,29.2,51.59,184.63,7,1429.0,4.7795,-0.8660254037844388,1,1,11.25,-0.4999999999999997,0,0.26,25.2,0.5,0,0,1,246.35
24/07/2023,0.12,-3.93,-5.6,178.75,55.06,13.65,30,0.1,58.15,140.91,29.76,52.19,186.37,7,1453.25,4.7271,-0.8660254037844388,1,1,11.63,-0.4999999999999997,0,0.26,25.46,0.5,0,0,1,247.1
25/07/2023,0.12,-3.93,-5.6,178.3,55.28,13.65,30,0.1,57.37,139.97,29.45,51.25,186.55,7,1450.5,4.7498,-0.8660254037844388,1,1,11.63,-0.4999999999999997,0,0.26,25.57,0.5,0,0,1,243.6
26/07/2023,0.12,-3.93,-5.6,178.68,55.12,13.65,30,0.1,56.6,141.75,29.96,51.47,193.89,7,1468.5,4.7364,-0.8660254037844388,1,1,11.65,-0.4999999999999997,0,0.26,25.85,0.5,0,0,1,243.5
27/07/2023,0.12,-3.93,-5.6,178.05,54.71,13.65,30,0.1,57.11,142.01,29.94,50.9,193.8,7,1453.5,4.7424,-0.8660254037844388,1,1,11.53,-0.4999999999999997,0,0.26,26.12,0.5,0,0,1,241.4
28/07/2023,0.12,-3.93,-5.6,178.15,54.92,13.65,30,0.1,55.87,141.8,29.97,51.8,194.55,7,1433.0,4.7336,-0.8660254037844388,1,1,11.61,-0.4999999999999997,0,0.26,26.97,0.5,0,0,1,245.05
29/07/2023,0.12,-3.93,-5.6,178.15,54.92,13.65,30,0.1,55.87,141.8,29.97,51.8,194.55,7,1433.0,4.7336,-0.8660254037844388,1,1,11.61,-0.4999999999999997,0,0.26,27.06,0.5,0,0,1,245.05
30/07/2023,0.12,-3.93,-5.6,178.15,54.92,13.65,30,0.1,55.87,141.8,29.97,51.8,194.55,7,1433.0,4.7336,-0.8660254037844388,1,1,11.61,-0.4999999999999997,0,0.26,27.8,0.5,0,0,1,245.05
31/07/2023,0.12,-3.93,-5.6,178.05,53.62,13.65,31,0.1,55.35,139.94,29.58,51.54,194.1,7,1370.5,4.7241,-0.8660254037844388,1,1,11.33,-0.4999999999999997,0,0.26,28.08,0.5,0,0,1,243.85
01/08/2023,0.23,-2.18,-5.6,179.5,53.75,13.65,31,0.1,55.57,136.71,28.54,50.11,194.94,8,1386.75,4.7911,-0.5000000000000004,1,1,11.22,-0.8660254037844385,0,0.26,28.86,0.0,0,0,1,240.1
02/08/2023,0.23,-2.18,-5.6,178.02,53.22,13.65,31,0.1,55.43,137.83,28.69,50.4,194.79,8,1376.5,4.812,-0.5000000000000004,1,1,11.08,-0.8660254037844385,0,0.26,27.1,0.0,0,0,1,242.1
03/08/2023,0.23,-2.18,-5.6,178.5,53.47,13.15,31,0.1,55.41,138.72,28.37,47.54,197.88,8,1382.0,4.917,-0.5000000000000004,1,1,10.94,-0.8660254037844385,0,0.26,26.83,0.0,0,0,1,232.4
04/08/2023,0.23,-2.18,-5.6,180.9,53.19,13.15,31,0.1,54.94,139.89,28.73,49.33,200.06,8,1387.0,4.8733,-0.5000000000000004,1,1,10.92,-0.8660254037844385,0,0.26,27.08,0.0,0,0,1,240.2
05/08/2023,0.23,-2.18,-5.6,180.9,53.19,13.15,31,0.1,54.94,139.89,28.73,49.33,200.06,8,1387.0,4.8733,-0.5000000000000004,1,1,10.92,-0.8660254037844385,0,0.26,28.0,0.0,0,0,1,240.2
06/08/2023,0.23,-2.18,-5.6,180.9,53.19,13.15,31,0.1,54.94,139.89,28.73,49.33,200.06,8,1387.0,4.8733,-0.5000000000000004,1,1,10.92,-0.8660254037844385,0,0.26,29.03,0.0,0,0,1,240.2
07/08/2023,0.23,-2.18,-5.6,179.7,53.13,13.15,32,0.1,55.07,138.98,28.39,48.55,203.27,8,1348.25,4.8999,-0.5000000000000004,1,1,10.85,-0.8660254037844385,0,0.26,28.05,0.0,0,0,1,237.7
08/08/2023,0.23,-2.18,-5.6,179.7,52.96,13.15,32,0.1,55.73,138.17,28.21,48.6,200.08,8,1353.5,4.8996,-0.5000000000000004,1,1,10.81,-0.8660254037844385,0,0.26,27.51,0.0,0,0,1,238.0
09/08/2023,0.23,-2.18,-5.6,180.57,52.97,13.15,32,0.1,55.15,138.92,28.3,48.36,201.47,8,1355.25,4.902,-0.5000000000000004,1,1,10.79,-0.8660254037844385,0,0.26,27.65,0.0,0,0,1,237.35
10/08/2023,0.23,-2.18,-5.6,181.1,52.65,13.15,32,0.1,54.86,138.82,28.45,47.94,199.79,8,1352.0,4.8924,-0.5000000000000004,1,1,10.79,-0.8660254037844385,0,0.26,28.75,0.0,0,0,1,233.95
11/08/2023,0.23,-2.18,-5.6,180.38,52.84,13.15,32,0.1,53.65,138.5,28.25,46.94,200.74,8,1337.25,4.9048,-0.5000000000000004,1,1,10.78,-0.8660254037844385,0,0.26,28.0,0.5,0,0,1,230.1
12/08/2023,0.23,-2.18,-5.6,180.38,52.84,13.15,32,0.1,53.65,138.5,28.25,46.94,200.74,8,1337.25,4.9048,-0.5000000000000004,1,1,10.78,-0.8660254037844385,0,0.26,28.04,0.5,0,0,1,230.1
13/08/2023,0.23,-2.18,-5.6,180.38,52.84,13.15,32,0.1,53.65,138.5,28.25,46.94,200.74,8,1337.25,4.9048,-0.5000000000000004,1,1,10.78,-0.8660254037844385,0,0.26,26.42,1.5,0,0,1,230.1
14/08/2023,0.23,-2.18,-5.6,179.75,53.26,13.15,33,0.1,53.09,139.32,28.03,46.36,201.4,8,1353.0,4.9615,-0.5000000000000004,1,1,10.72,-0.8660254037844385,0,0.26,27.3,0.0,0,0,1,230.4
15/08/2023,0.23,-2.18,-5.6,179.1,53.33,13.15,33,0.1,52.71,139.51,27.96,44.34,200.16,8,1305.25,4.9845,-0.5000000000000004,1,1,10.69,-0.8660254037844385,0,0.26,27.12,0.0,0,0,1,221.2
16/08/2023,0.23,-2.18,-5.6,178.77,53.19,13.15,33,0.1,53.13,139.66,28.01,43.55,200.97,8,1323.5,4.9879,-0.5000000000000004,1,1,10.67,-0.8660254037844385,0,0.26,25.97,0.0,0,0,1,217.15
17/08/2023,0.23,-2.18,-5.6,178.05,53.22,13.15,33,0.1,53.61,139.85,28.07,43.97,199.04,8,1330.0,4.9758,-0.5000000000000004,1,1,10.68,-0.8660254037844385,0,0.26,27.78,0.0,0,0,1,219.05
18/08/2023,0.23,-2.18,-5.6,178.52,53.55,13.15,33,0.1,54.33,140.86,28.34,42.62,198.75,8,1353.25,4.9694,-0.5000000000000004,1,1,10.77,-0.8660254037844385,0,0.26,29.0,0.0,0,0,1,211.85
19/08/2023,0.23,-2.18,-5.6,178.52,53.55,13.15,33,0.1,54.33,140.86,28.34,42.62,198.75,8,1353.25,4.9694,-0.5000000000000004,1,1,10.77,-0.8660254037844385,0,0.26,28.43,0.0,0,0,1,211.85
20/08/2023,0.23,-2.18,-5.6,178.52,53.55,13.15,33,0.1,54.33,140.86,28.34,42.62,198.75,8,1353.25,4.9694,-0.5000000000000004,1,1,10.77,-0.8660254037844385,0,0.26,29.19,0.0,0,0,1,211.85
21/08/2023,0.23,-2.18,-5.6,178.98,53.65,13.15,34,0.1,53.5,142.23,28.57,43.2,197.65,8,1361.75,4.9793,-0.5000000000000004,1,1,10.77,-0.8660254037844385,0,0.26,28.7,0.0,0,0,1,215.1
22/08/2023,0.23,-2.18,-5.6,177.95,53.47,13.15,34,0.1,53.81,140.17,28.39,43.54,194.61,8,1346.0,4.9386,-0.5000000000000004,1,1,10.83,-0.8660254037844385,0,0.26,29.97,0.0,0,0,1,214.95
23/08/2023,0.23,-2.18,-5.6,178.05,53.96,13.15,34,0.1,53.6,139.34,28.71,42.3,195.84,8,1360.5,4.8572,-0.5000000000000004,2,1,11.12,-0.8660254037844385,0,0.26,29.63,0.0,0,0,1,205.3
24/08/2023,0.23,-2.18,-5.6,179.85,53.56,13.15,34,0.1,54.11,139.48,28.62,40.99,195.22,8,1371.75,4.8802,-0.5000000000000004,2,1,10.99,-0.8660254037844385,0,0.26,29.9,0.0,0,0,1,199.75
25/08/2023,0.23,-2.18,-5.6,180.68,53.38,13.15,34,0.1,54.19,140.48,28.83,41.03,198.25,8,1387.75,4.8711,-0.5000000000000004,2,1,10.96,-0.8660254037844385,0,0.26,29.39,0.0,0,0,1,199.9
26/08/2023,0.23,-2.18,-5.6,180.68,53.38,13.15,34,0.1,54.19,140.48,28.83,41.03,198.25,8,1387.75,4.8711,-0.5000000000000004,2,1,10.96,-0.8660254037844385,0,0.26,27.13,0.0,0,0,1,199.9
27/08/2023,0.23,-2.18,-5.6,180.68,53.38,13.15,34,0.1,54.19,140.48,28.83,41.03,198.25,8,1387.75,4.8711,-0.5000000000000004,2,1,10.96,-0.8660254037844385,0,0.26,28.0,0.0,0,0,1,199.9
28/08/2023,0.23,-2.18,-5.6,180.7,53.44,13.15,35,0.1,54.07,142.7,29.26,40.86,198.35,8,1405.75,4.8731,-0.5000000000000004,2,1,10.96,-0.8660254037844385,0,0.26,28.59,0.0,0,0,1,199.25
29/08/2023,0.23,-2.18,-5.6,181.0,53.5,13.15,35,0.1,53.36,142.69,29.4,41.81,197.76,8,1392.5,4.8523,-0.5000000000000004,2,1,11.02,-0.8660254037844385,0,0.26,28.95,0.0,0,0,1,202.95
30/08/2023,0.23,-2.18,-5.6,178.8,53.7,13.15,35,0.1,53.06,141.63,29.11,41.06,197.5,8,1386.75,4.889,-0.5000000000000004,2,1,11.04,-0.8660254037844385,0,0.26,26.87,0.0,0,0,1,199.75
31/08/2023,0.23,-2.18,-5.6,179.73,53.54,13.15,35,0.1,53.15,141.9,28.67,40.36,197.73,8,1368.75,4.9544,-0.5000000000000004,2,1,10.82,-0.8660254037844385,0,0.26,28.68,0.0,0,0,1,199.8
01/09/2023,0.26,-3.48,-5.6,180.15,53.88,13.15,35,0.1,53.18,142.64,28.89,40.43,197.93,9,1369.25,4.9463,-1.8369701987210297e-16,2,0,10.91,-1.0,0,0.26,28.21,0.0,0,0,1,199.65
02/09/2023,0.26,-3.48,-5.6,180.15,53.88,13.15,35,0.1,53.18,142.64,28.89,40.43,197.93,9,1369.25,4.9463,-1.8369701987210297e-16,2,0,10.91,-1.0,0,0.26,26.99,0.0,0,0,1,199.65
03/09/2023,0.26,-3.48,-5.6,180.15,53.88,13.15,35,0.1,53.18,142.64,28.89,40.43,197.93,9,1369.25,4.9463,-1.8369701987210297e-16,2,0,10.91,-1.0,0,0.26,29.09,0.0,0,0,1,199.65
04/09/2023,0.26,-3.48,-5.6,180.15,53.88,13.15,36,0.1,53.18,142.64,28.89,40.43,197.93,9,1369.25,4.9463,-1.8369701987210297e-16,2,0,10.91,-1.0,0,0.26,29.88,0.0,0,0,1,199.65
05/09/2023,0.26,-3.48,-5.6,179.95,54.0,13.15,36,0.1,53.98,142.91,28.7,40.36,197.58,9,1365.0,4.9671,-1.8369701987210297e-16,2,0,10.84,-1.0,0,0.26,29.09,0.0,0,0,1,201.0
06/09/2023,0.26,-3.48,-5.6,182.7,53.86,13.15,36,0.1,54.95,143.74,28.82,40.17,198.68,9,1376.25,4.9784,-1.8369701987210297e-16,2,0,10.8,-1.0,0,0.26,30.39,0.5,0,0,1,200.35
07/09/2023,0.26,-3.48,-5.6,183.65,53.86,13.15,36,0.1,54.95,143.74,28.82,40.17,198.68,9,1359.5,4.9767,-1.8369701987210297e-16,2,0,10.8,-1.0,0,0.26,29.87,1.5,0,0,1,200.35
08/09/2023,0.26,-3.48,-5.6,183.23,54.56,13.15,36,0.1,54.72,142.07,28.5,40.66,199.98,9,1363.0,4.9882,-1.8369701987210297e-16,2,0,10.94,-1.0,0,0.26,29.21,0.5,0,0,1,202.7
09/09/2023,0.26,-3.48,-5.6,183.23,54.56,13.15,36,0.1,54.72,142.07,28.5,40.66,199.98,9,1363.0,4.9882,-1.8369701987210297e-16,2,0,10.94,-1.0,0,0.26,29.91,0.0,0,0,1,202.7
10/09/2023,0.26,-3.48,-5.6,183.23,54.56,13.15,36,0.1,54.72,142.07,28.5,40.66,199.98,9,1363.0,4.9882,-1.8369701987210297e-16,2,0,10.94,-1.0,0,0.26,30.32,0.0,0,0,1,202.7
11/09/2023,0.26,-3.48,-5.6,184.23,53.82,13.15,37,0.1,54.99,140.71,28.51,41.36,200.89,9,1369.0,4.9307,-1.8369701987210297e-16,2,0,10.9,-1.0,0,0.26,30.31,0.0,0,0,1,204.15
12/09/2023,0.26,-3.48,-5.6,184.15,53.28,13.15,37,0.1,54.48,139.98,28.26,39.63,201.11,9,1346.5,4.947,-1.8369701987210297e-16,2,0,10.76,-1.0,0,0.26,30.16,0.0,0,0,1,196.35
13/09/2023,0.26,-3.48,-5.6,183.15,53.06,13.15,37,0.1,53.83,139.16,28.31,41.09,202.35,9,1349.75,4.9153,-1.8369701987210297e-16,2,0,10.79,-1.0,0,0.26,30.53,0.0,0,0,1,202.0
14/09/2023,0.26,-3.48,-5.6,185.48,53.99,13.15,37,0.1,53.47,139.08,28.53,41.85,202.73,9,1360.5,4.8668,-1.8369701987210297e-16,2,0,11.07,-1.0,0,0.26,29.61,0.0,0,0,1,204.0
15/09/2023,0.26,-3.48,-5.6,186.93,53.87,13.15,37,0.1,53.64,138.14,28.36,43.88,201.77,9,1355.75,4.8663,-1.8369701987210297e-16,2,0,11.06,-1.0,0,0.26,30.91,0.0,0,0,1,213.7
16/09/2023,0.26,-3.48,-5.6,186.93,53.87,13.15,37,0.1,53.64,138.14,28.36,43.88,201.77,9,1355.75,4.8663,-1.8369701987210297e-16,2,0,11.06,-1.0,0,0.26,32.17,0.0,0,0,1,213.7
17/09/2023,0.26,-3.48,-5.6,186.93,53.87,13.15,37,0.1,53.64,138.14,28.36,43.88,201.77,9,1355.75,4.8663,-1.8369701987210297e-16,2,0,11.06,-1.0,0,0.26,30.25,0.0,0,0,1,213.7
18/09/2023,0.26,-3.48,-5.6,186.32,53.82,13.15,38,0.1,57.45,137.86,28.41,44.28,201.5,9,1332.75,4.8556,-1.8369701987210297e-16,2,0,11.09,-1.0,0,0.26,29.73,0.0,0,0,1,214.9
19/09/2023,0.26,-3.48,-5.6,185.68,54.29,13.15,38,0.1,57.09,136.12,27.92,43.05,201.43,9,1331.75,4.8673,-1.8369701987210297e-16,2,0,11.14,-1.0,0,0.26,29.98,0.0,0,0,1,209.85
20/09/2023,0.26,-3.48,-5.6,186.77,54.34,13.15,38,0.1,57.18,136.12,27.95,44.23,200.88,9,1336.25,4.8801,-1.8369701987210297e-16,2,0,11.16,-1.0,0,0.26,30.7,0.0,0,0,1,215.4
21/09/2023,0.26,-3.48,-5.6,184.98,54.43,12.65,38,0.1,56.76,135.95,27.57,44.34,197.27,9,1310.75,4.9351,-1.8369701987210297e-16,2,0,11.04,-1.0,0,0.26,30.73,0.0,0,0,1,218.65
22/09/2023,0.26,-3.48,-5.6,187.07,54.9,12.65,38,0.1,56.91,136.4,27.67,45.05,196.79,9,1313.5,4.9351,-1.8369701987210297e-16,2,0,11.14,-1.0,0,0.26,31.08,0.0,0,0,1,222.1
23/09/2023,0.26,-3.48,-5.6,187.07,54.9,12.65,38,0.1,56.91,136.4,27.67,45.05,196.79,9,1313.5,4.9351,-1.8369701987210297e-16,2,0,11.14,-1.0,0,0.26,31.73,0.0,0,0,1,222.1
24/09/2023,0.26,-3.48,-5.6,187.07,54.9,12.65,38,0.1,56.91,136.4,27.67,45.05,196.79,9,1313.5,4.9351,-1.8369701987210297e-16,2,0,11.14,-1.0,0,0.26,31.5,0.0,0,0,1,222.1
25/09/2023,0.26,-3.48,-5.6,186.98,55.73,12.65,39,0.1,58.0,136.87,27.53,44.42,195.94,9,1315.5,4.9678,-1.8369701987210297e-16,2,0,11.21,-1.0,0,0.26,31.77,0.0,0,0,1,220.8
26/09/2023,0.26,-3.48,-5.6,184.8,55.97,12.65,39,0.1,57.82,137.64,27.58,45.4,194.95,9,1321.0,4.9898,-1.8369701987210297e-16,2,0,11.22,-1.0,0,0.26,32.03,0.0,0,0,1,226.55
27/09/2023,0.26,-3.48,-5.6,184.9,56.39,12.65,39,0.1,58.39,138.79,27.47,45.19,195.46,9,1323.0,5.0425,-1.8369701987210297e-16,2,0,11.16,-1.0,0,0.26,29.15,0.0,0,0,1,228.3
28/09/2023,0.26,-3.48,-5.6,186.5,57.02,12.65,39,0.1,58.57,138.7,27.54,46.56,196.73,9,1319.25,5.0331,-1.8369701987210297e-16,2,0,11.32,-1.0,0,0.26,29.4,0.0,0,0,1,234.5
29/09/2023,0.26,-3.48,-5.6,184.2,57.47,12.65,39,0.1,58.29,137.63,27.37,46.96,195.33,9,1294.5,5.032,-1.8369701987210297e-16,2,0,11.43,-1.0,0,0.26,27.59,0.0,0,0,1,236.15
30/09/2023,0.26,-3.48,-5.6,184.2,57.47,12.65,39,0.1,58.29,137.63,27.37,46.96,195.33,9,1294.5,5.032,-1.8369701987210297e-16,2,0,11.43,-1.0,0,0.26,29.32,0.0,0,0,1,236.15
01/10/2023,0.26,1.16,-5.6,184.2,57.47,12.65,39,0.1,58.29,137.63,27.37,46.96,195.33,10,1294.5,5.032,0.5000000000000001,2,0,11.43,-0.8660254037844386,0,0.26,31.43,0.0,0,0,0,236.15
02/10/2023,0.24,1.16,-5.3,184.43,58.08,12.65,40,0.6,59.36,136.55,26.95,46.59,195.26,10,1296.75,5.061,0.5000000000000001,2,0,11.46,-0.8660254037844386,0,0.26,32.21,0.0,0,0,0,236.05
03/10/2023,0.24,1.16,-5.3,182.13,57.81,12.65,40,0.6,59.77,136.6,26.5,46.32,196.73,10,1292.0,5.1669,0.5000000000000001,2,0,11.21,-0.8660254037844386,0,0.26,30.06,0.0,0,0,0,238.8
04/10/2023,0.24,1.16,-5.3,182.2,58.47,12.65,40,0.6,59.91,137.87,26.77,45.42,198.27,10,1292.25,5.1562,0.5000000000000001,2,0,11.35,-0.8660254037844386,0,0.26,30.82,0.0,0,0,0,233.95
05/10/2023,0.24,1.16,-5.3,181.95,59.19,12.65,40,0.6,60.84,137.56,26.59,46.23,202.33,10,1298.5,5.1658,0.5000000000000001,2,0,11.44,-0.8660254037844386,0,0.26,30.3,0.0,0,0,0,239.2
06/10/2023,0.24,1.16,-5.3,183.07,59.72,12.65,40,0.6,60.7,138.18,26.78,46.47,206.75,10,1284.5,5.1457,0.5000000000000001,2,0,11.57,-0.8660254037844386,0,0.26,28.04,0.0,0,0,0,239.8
07/10/2023,0.24,1.16,-5.3,183.07,59.72,12.65,40,0.6,60.7,138.18,26.78,46.47,206.75,10,1284.5,5.1457,0.5000000000000001,2,0,11.57,-0.8660254037844386,0,0.26,28.58,0.0,0,0,0,239.8
08/10/2023,0.24,1.16,-5.3,183.07,59.72,12.65,40,0.6,60.7,138.18,26.78,46.47,206.75,10,1284.5,5.1457,0.5000000000000001,2,0,11.57,-0.8660254037844386,0,0.26,31.14,0.0,0,0,0,239.8
09/10/2023,0.24,1.16,-5.3,182.38,59.96,12.65,41,0.6,61.22,136.52,26.59,46.35,210.49,10,1282.5,5.1355,0.5000000000000001,2,0,11.68,-0.8660254037844386,0,0.26,30.75,0.0,0,0,0,238.0
10/10/2023,0.24,1.16,-5.3,182.57,60.52,12.65,41,0.6,60.49,135.12,26.69,46.97,210.81,10,1289.25,5.0516,0.5000000000000001,2,0,11.95,-0.8660254037844386,0,0.26,28.8,0.5,0,0,0,237.8
11/10/2023,0.24,1.16,-5.3,184.5,60.34,12.65,41,0.6,61.35,134.42,26.61,46.13,211.79,10,1272.25,5.0483,0.5000000000000001,2,0,11.94,-0.8660254037844386,0,0.26,27.23,0.5,0,0,0,233.05
12/10/2023,0.24,1.16,-5.3,185.4,60.34,12.65,41,0.6,61.35,134.42,26.61,46.13,211.79,10,1308.75,5.046,0.5000000000000001,2,0,11.94,-0.8660254037844386,0,0.26,28.88,1.5,0,0,0,233.05
13/10/2023,0.24,1.16,-5.3,185.13,59.74,12.65,41,0.6,62.14,136.23,26.75,45.54,214.02,10,1300.0,5.0801,0.5000000000000001,2,0,11.73,-0.8660254037844386,0,0.26,30.46,0.0,0,0,0,231.9
14/10/2023,0.24,1.16,-5.3,185.13,59.74,12.65,41,0.6,62.14,136.23,26.75,45.54,214.02,10,1300.0,5.0801,0.5000000000000001,2,0,11.73,-0.8660254037844386,0,0.26,28.56,0.0,0,0,0,231.9
15/10/2023,0.24,1.16,-5.3,185.13,59.74,12.65,41,0.6,62.14,136.23,26.75,45.54,214.02,10,1300.0,5.0801,0.5000000000000001,2,0,11.73,-0.8660254037844386,0,0.26,28.02,0.0,0,0,0,231.9
16/10/2023,0.24,1.16,-5.3,185.2,59.42,12.65,42,0.6,61.9,136.74,27.13,48.29,213.47,10,1305.75,5.0377,0.5000000000000001,2,0,11.79,-0.8660254037844386,0,0.26,29.7,0.0,0,0,0,243.45
17/10/2023,0.24,1.16,-5.3,185.5,58.81,12.65,42,0.6,60.55,136.96,27.21,48.02,211.21,10,1316.25,5.0414,0.5000000000000001,2,0,11.69,-0.8660254037844386,0,0.26,31.03,0.0,0,0,0,241.7
18/10/2023,0.24,1.16,-5.3,185.73,58.48,12.65,42,0.6,60.46,137.99,27.29,45.65,210.71,10,1329.25,5.0591,0.5000000000000001,2,0,11.57,-0.8660254037844386,0,0.26,30.9,0.0,0,0,0,230.8
19/10/2023,0.24,1.16,-5.3,184.4,58.53,12.65,42,0.6,61.29,138.61,27.45,47.95,208.89,10,1331.75,5.0646,0.5000000000000001,2,0,11.59,-0.8660254037844386,0,0.26,31.23,0.0,0,0,0,242.1
20/10/2023,0.24,1.16,-5.3,184.27,58.84,12.65,42,0.6,60.64,138.21,27.45,47.88,207.61,10,1320.25,5.0312,0.5000000000000001,2,0,11.69,-0.8660254037844386,0,0.26,31.11,0.0,0,0,0,241.1
21/10/2023,0.24,1.16,-5.3,184.27,58.84,12.65,42,0.6,60.64,138.21,27.45,47.88,207.61,10,1320.25,5.0312,0.5000000000000001,2,0,11.69,-0.8660254037844386,0,0.26,32.45,0.0,0,0,0,241.1
22/10/2023,0.24,1.16,-5.3,184.27,58.84,12.65,42,0.6,60.64,138.21,27.45,47.88,207.61,10,1320.25,5.0312,0.5000000000000001,2,0,11.69,-0.8660254037844386,0,0.26,31.95,0.0,0,0,0,241.1
23/10/2023,0.24,1.16,-5.3,178.25,59.0,12.65,43,0.6,60.03,137.06,27.3,47.28,208.39,10,1305.5,5.0112,0.5000000000000001,2,0,11.75,-0.8660254037844386,0,0.26,28.71,0.0,0,0,0,237.4
24/10/2023,0.24,1.16,-5.3,180.0,58.92,12.65,43,0.6,59.18,136.38,27.29,47.92,209.01,10,1314.5,4.9908,0.5000000000000001,2,0,11.79,-0.8660254037844386,0,0.26,28.44,0.0,0,0,0,239.45
25/10/2023,0.24,1.16,-5.3,181.13,58.91,12.65,43,0.6,59.33,136.24,27.25,48.01,208.85,10,1308.5,4.9947,0.5000000000000001,2,0,11.78,-0.8660254037844386,0,0.26,30.78,0.0,0,0,0,240.05
26/10/2023,0.24,1.16,-5.3,181.7,58.81,12.65,43,0.6,59.4,136.58,27.36,48.22,210.16,10,1300.25,4.9861,0.5000000000000001,2,0,11.78,-0.8660254037844386,0,0.26,26.1,0.0,0,0,0,240.75
27/10/2023,0.24,1.16,-5.3,184.0,58.98,12.65,43,0.6,60.23,136.47,27.21,45.86,203.92,10,1319.5,5.0152,0.5000000000000001,2,0,11.76,-0.8660254037844386,0,0.26,27.82,0.0,0,0,0,230.0
28/10/2023,0.24,1.16,-5.3,184.0,58.98,12.65,43,0.6,60.23,136.47,27.21,45.86,203.92,10,1319.5,5.0152,0.5000000000000001,2,0,11.76,-0.8660254037844386,0,0.26,30.46,0.0,0,0,0,230.0
29/10/2023,0.24,1.16,-5.3,184.0,58.98,12.65,43,0.6,60.23,136.47,27.21,45.86,203.92,10,1319.5,5.0152,0.5000000000000001,2,0,11.76,-0.8660254037844386,0,0.26,30.65,0.0,0,0,0,230.0
30/10/2023,0.24,1.16,-5.3,184.13,59.25,12.65,44,0.6,60.82,137.31,27.23,47.94,206.16,10,1307.25,5.0472,0.5000000000000001,2,0,11.75,-0.8660254037844386,0,0.26,30.77,0.0,0,0,0,241.7
31/10/2023,0.24,1.16,-5.3,183.75,60.02,12.65,44,0.6,60.7,137.53,27.31,47.17,208.24,10,1310.5,5.035,0.5000000000000001,2,0,11.92,-0.8660254037844386,0,0.26,28.39,0.5,0,0,0,237.5
01/11/2023,0.28,0.28,-5.3,183.63,60.03,12.65,44,0.6,60.2,136.71,27.47,46.79,205.76,11,1315.0,4.9534,0.8660254037844384,2,0,12.06,-0.5000000000000004,0,0.26,30.55,0.5,0,0,0,232.85
02/11/2023,0.28,0.28,-5.3,184.68,60.03,12.65,44,0.6,60.2,136.71,27.47,46.79,205.76,11,1328.25,4.9534,0.8660254037844384,2,0,12.06,-0.5000000000000004,0,0.26,28.73,1.5,0,0,0,232.85
03/11/2023,0.28,0.28,-5.3,183.88,59.99,12.15,44,0.6,60.14,137.41,28.05,47.96,203.52,11,1351.75,4.9012,0.8660254037844384,2,0,12.25,-0.5000000000000004,0,0.26,28.83,0.0,0,0,0,234.95
04/11/2023,0.28,0.28,-5.3,183.88,59.99,12.15,44,0.6,60.14,137.41,28.05,47.96,203.52,11,1351.75,4.9012,0.8660254037844384,2,0,12.25,-0.5000000000000004,0,0.26,28.4,0.0,0,0,0,234.95
05/11/2023,0.28,0.28,-5.3,183.88,59.99,12.15,44,0.6,60.14,137.41,28.05,47.96,203.52,11,1351.75,4.9012,0.8660254037844384,2,0,12.25,-0.5000000000000004,0,0.26,29.86,0.0,0,0,0,234.95
06/11/2023,0.28,0.28,-5.3,181.32,60.05,12.15,45,0.6,60.69,137.82,28.18,49.19,207.83,11,1364.0,4.8853,0.8660254037844384,2,0,12.28,-0.5000000000000004,0,0.26,28.39,0.0,0,0,0,240.6
07/11/2023,0.28,0.28,-5.3,178.77,59.46,12.15,45,0.6,59.98,137.85,28.31,46.93,207.17,11,1362.0,4.8724,0.8660254037844384,2,0,12.21,-0.5000000000000004,0,0.26,28.57,0.0,0,0,0,228.5
08/11/2023,0.28,0.28,-5.3,179.4,59.36,12.15,45,0.6,59.96,138.5,28.24,46.79,207.36,11,1365.75,4.9103,0.8660254037844384,2,0,12.1,-0.5000000000000004,0,0.26,27.8,0.0,0,0,0,229.5
09/11/2023,0.28,0.28,-5.3,174.35,59.51,12.15,45,0.6,59.91,138.16,28.03,46.31,211.09,11,1343.5,4.9342,0.8660254037844384,2,0,12.07,-0.5000000000000004,0,0.26,27.33,0.0,0,0,0,228.25
10/11/2023,0.28,0.28,-5.3,174.18,59.87,12.15,45,0.6,60.28,137.71,28.04,47.78,211.8,11,1347.5,4.9013,0.8660254037844384,2,0,12.19,-0.5000000000000004,0,0.26,28.83,0.0,0,0,0,234.65
11/11/2023,0.28,0.28,-5.3,174.18,59.87,12.15,45,0.6,60.28,137.71,28.04,47.78,211.8,11,1347.5,4.9013,0.8660254037844384,2,0,12.19,-0.5000000000000004,0,0.26,29.71,0.0,0,0,0,234.65
12/11/2023,0.28,0.28,-5.3,174.18,59.87,12.15,45,0.6,60.28,137.71,28.04,47.78,211.8,11,1347.5,4.9013,0.8660254037844384,2,0,12.19,-0.5000000000000004,0,0.26,30.38,0.0,0,0,0,234.65
13/11/2023,0.28,0.28,-5.3,174.93,59.67,12.15,46,0.6,60.66,138.56,28.23,47.22,211.77,11,1382.5,4.9075,0.8660254037844384,2,0,12.16,-0.5000000000000004,0,0.26,29.62,0.0,0,0,0,231.75
14/11/2023,0.28,0.28,-5.3,175.85,60.15,12.15,46,0.6,60.08,139.31,28.64,47.53,206.58,11,1389.75,4.8654,0.8660254037844384,2,0,12.36,-0.5000000000000004,0,0.26,30.19,0.0,0,0,0,231.25
15/11/2023,0.28,0.28,-5.3,177.77,60.15,12.15,46,0.6,60.08,139.31,28.64,47.53,206.58,11,1399.5,4.862,0.8660254037844384,2,0,12.36,-0.5000000000000004,0,0.26,32.44,0.0,0,0,0,231.25
16/11/2023,0.28,0.28,-5.3,174.75,61.14,12.15,46,0.6,60.32,138.74,28.5,46.83,207.0,11,1375.0,4.8632,0.8660254037844384,2,0,12.56,-0.5000000000000004,0,0.26,28.78,0.0,0,0,0,227.95
17/11/2023,0.28,0.28,-5.3,175.75,60.74,12.15,46,0.6,67.03,137.35,28.0,48.03,208.2,11,1356.5,4.9059,0.8660254037844384,2,0,12.38,-0.5000000000000004,0,0.26,29.23,0.0,0,0,0,235.6
18/11/2023,0.28,0.28,-5.3,175.75,60.74,12.15,46,0.6,67.03,137.35,28.0,48.03,208.2,11,1356.5,4.9059,0.8660254037844384,2,0,12.38,-0.5000000000000004,0,0.26,29.59,0.0,0,0,0,235.6
19/11/2023,0.28,0.28,-5.3,175.75,60.74,12.15,46,0.6,67.03,137.35,28.0,48.03,208.2,11,1356.5,4.9059,0.8660254037844384,2,0,12.38,-0.5000000000000004,0,0.26,31.23,0.0,0,0,0,235.6
20/11/2023,0.28,0.28,-5.3,175.48,60.76,12.15,47,0.6,67.76,137.82,28.41,48.03,206.82,11,1383.25,4.8543,0.8660254037844384,2,0,12.52,-0.5000000000000004,0,0.26,28.24,0.0,0,0,0,235.6
21/11/2023,0.28,0.28,-5.3,175.0,61.11,12.15,47,0.6,68.91,139.23,28.41,48.08,210.29,11,1393.0,4.9006,0.8660254037844384,2,0,12.47,-0.5000000000000004,0,0.26,28.65,0.0,0,0,0,235.65
22/11/2023,0.28,0.28,-5.3,174.48,61.16,12.15,47,0.6,68.81,139.24,28.42,47.51,211.06,11,1374.25,4.9068,0.8660254037844384,2,0,12.48,-0.5000000000000004,0,0.26,27.97,0.0,0,0,0,232.8
23/11/2023,0.28,0.28,-5.3,174.4,61.18,12.15,47,0.6,67.72,139.16,28.36,48.46,211.06,11,1374.25,4.9039,0.8660254037844384,2,0,12.47,-0.5000000000000004,0,0.26,27.96,0.0,0,0,0,237.8
24/11/2023,0.28,0.28,-5.3,170.25,60.96,12.15,47,0.6,66.76,138.2,28.22,47.45,211.88,11,1348.75,4.902,0.8660254037844384,2,0,12.45,-0.5000000000000004,0,0.26,28.32,0.0,0,0,0,232.35
25/11/2023,0.28,0.28,-5.3,170.25,60.96,12.15,47,0.6,66.76,138.2,28.22,47.45,211.88,11,1348.75,4.902,0.8660254037844384,2,0,12.45,-0.5000000000000004,0,0.26,31.03,0.0,0,0,0,232.35
26/11/2023,0.28,0.28,-5.3,170.25,60.96,12.15,47,0.6,66.76,138.2,28.22,47.45,211.88,11,1348.75,4.902,0.8660254037844384,2,0,12.45,-0.5000000000000004,0,0.26,28.28,0.0,0,0,0,232.35
27/11/2023,0.28,0.28,-5.3,168.77,61.51,12.15,48,0.6,65.77,136.86,27.94,49.35,211.43,11,1348.25,4.8964,0.8660254037844384,2,0,12.56,-0.5000000000000004,0,0.26,26.92,0.0,0,0,0,241.7
28/11/2023,0.28,0.28,-5.3,171.65,61.92,12.15,48,0.6,68.21,137.27,28.17,50.23,210.66,11,1364.75,4.8705,0.8660254037844384,2,0,12.71,-0.5000000000000004,0,0.26,30.41,0.0,0,0,0,244.7
29/11/2023,0.28,0.28,-5.3,171.9,61.63,12.15,48,0.6,67.93,138.14,28.25,49.34,209.59,11,1365.5,4.9029,0.8660254037844384,2,0,12.61,-0.5000000000000004,0,0.26,30.96,0.0,0,0,0,241.2
30/11/2023,0.28,0.28,-5.3,170.88,62.74,12.15,48,0.6,69.88,139.39,28.32,48.71,213.02,11,1362.25,4.9205,0.8660254037844384,2,0,12.75,-0.5000000000000004,0,0.26,30.04,0.0,0,0,0,239.7
01/12/2023,0.56,0.8,-5.3,169.27,62.63,12.15,48,0.6,69.9,138.32,28.37,50.89,214.17,12,1345.5,4.8801,1.0,3,1,12.85,-2.4492935982947064e-16,0,0.26,28.26,0.0,0,0,0,248.1
02/12/2023,0.56,0.8,-5.3,169.27,62.63,12.15,48,0.6,69.9,138.32,28.37,50.89,214.17,12,1345.5,4.8801,1.0,3,1,12.85,-2.4492935982947064e-16,0,0.26,29.31,0.0,0,0,0,248.1
03/12/2023,0.56,0.8,-5.3,169.27,62.63,12.15,48,0.6,69.9,138.32,28.37,50.89,214.17,12,1345.5,4.8801,1.0,3,1,12.85,-2.4492935982947064e-16,0,0.26,27.58,0.0,0,0,0,248.1
04/12/2023,0.56,0.8,-5.3,167.25,63.29,12.15,49,0.6,69.98,137.8,27.84,50.4,214.41,12,1326.5,4.9432,1.0,3,1,12.79,-2.4492935982947064e-16,0,0.26,26.31,0.0,0,0,0,249.45
05/12/2023,0.56,0.8,-5.3,168.5,64.67,12.15,49,0.6,70.59,138.66,28.13,49.98,213.0,12,1326.5,4.9306,1.0,3,1,13.12,-2.4492935982947064e-16,0,0.26,27.52,0.0,0,0,0,246.35
06/12/2023,0.56,0.8,-5.3,163.45,64.91,12.15,49,0.6,70.09,138.06,28.15,49.07,209.01,12,1315.5,4.9022,1.0,3,1,13.23,-2.4492935982947064e-16,0,0.26,31.06,0.0,0,0,0,240.7
07/12/2023,0.56,0.8,-5.3,162.35,65.79,12.15,49,0.6,70.97,137.95,28.09,49.49,205.58,12,1330.25,4.9115,1.0,3,1,13.4,-2.4492935982947064e-16,0,0.26,31.95,0.0,0,0,0,243.05
08/12/2023,0.56,0.8,-5.3,165.45,65.94,12.15,49,0.6,71.45,139.29,28.28,50.35,206.45,12,1323.0,4.9317,1.0,3,1,13.39,-2.4492935982947064e-16,0,0.26,30.5,0.0,0,0,0,247.95
09/12/2023,0.56,0.8,-5.3,165.45,65.94,12.15,49,0.6,71.45,139.29,28.28,50.35,206.45,12,1323.0,4.9317,1.0,3,1,13.39,-2.4492935982947064e-16,0,0.26,31.5,0.0,0,0,0,247.95
10/12/2023,0.56,0.8,-5.3,165.45,65.94,12.15,49,0.6,71.45,139.29,28.28,50.35,206.45,12,1323.0,4.9317,1.0,3,1,13.39,-2.4492935982947064e-16,0,0.26,30.94,0.0,0,0,0,247.95
11/12/2023,0.56,0.8,-5.3,166.98,67.26,12.15,50,0.6,71.37,139.65,28.3,50.54,210.16,12,1353.25,4.9386,1.0,3,1,13.63,-2.4492935982947064e-16,0,0.26,26.0,0.0,0,0,0,249.4
12/12/2023,0.56,0.8,-5.3,167.7,67.5,12.15,50,0.6,73.07,139.84,28.17,50.51,208.9,12,1342.75,4.9631,1.0,3,1,13.59,-2.4492935982947064e-16,0,0.26,28.78,0.0,0,0,0,250.8
13/12/2023,0.56,0.8,-5.3,166.95,68.13,12.15,50,0.6,73.13,141.66,28.74,50.45,207.95,12,1326.25,4.9197,1.0,3,1,13.82,-2.4492935982947064e-16,0,0.26,30.13,0.0,0,0,0,248.65
14/12/2023,0.56,0.8,-5.3,167.5,68.21,11.65,50,0.6,72.23,140.7,28.68,50.84,205.02,12,1332.0,4.9155,1.0,3,1,13.9,-2.4492935982947064e-16,0,0.26,28.43,0.0,0,0,0,249.4
15/12/2023,0.56,0.8,-5.3,168.23,67.57,11.65,50,0.6,73.12,140.49,28.42,50.39,201.68,12,1331.5,4.9371,1.0,3,1,13.67,-2.4492935982947064e-16,0,0.26,29.97,0.5,0,1,0,249.15
16/12/2023,0.56,0.8,-5.3,168.23,67.57,11.65,50,0.6,73.12,140.49,28.42,50.39,201.68,12,1331.5,4.9371,1.0,3,1,13.67,-2.4492935982947064e-16,0,0.26,29.88,0.5,0,1,0,249.15
17/12/2023,0.56,0.8,-5.3,168.23,67.57,11.65,50,0.6,73.12,140.49,28.42,50.39,201.68,12,1331.5,4.9371,1.0,3,1,13.67,-2.4492935982947064e-16,0,0.26,28.41,0.5,0,1,0,249.15
18/12/2023,0.56,0.8,-5.3,168.82,67.56,11.65,51,0.6,72.5,140.91,28.7,51.0,206.03,12,1340.0,4.8967,1.0,3,1,13.76,-2.4492935982947064e-16,0,0.26,28.44,0.5,0,1,0,250.35
19/12/2023,0.56,0.8,-5.3,168.45,67.42,11.65,51,0.6,70.48,139.95,28.79,49.95,207.75,12,1322.5,4.8675,1.0,3,1,13.87,-2.4492935982947064e-16,0,0.26,32.65,0.5,0,1,0,242.8
20/12/2023,0.56,0.8,-5.3,170.02,67.55,11.65,51,0.6,71.47,138.98,28.36,50.79,205.89,12,1315.75,4.9163,1.0,3,1,13.78,-2.4492935982947064e-16,0,0.26,24.42,1.0,0,1,0,248.9
21/12/2023,0.56,0.8,-5.3,170.55,67.59,11.65,51,0.6,71.44,139.2,28.48,51.2,208.55,12,1301.75,4.8844,1.0,3,1,13.83,-2.4492935982947064e-16,0,0.26,28.1,1.0,0,1,0,250.2
22/12/2023,0.56,0.8,-5.3,170.05,67.56,11.65,51,0.6,70.39,138.99,28.59,51.82,209.07,12,1306.25,4.8585,1.0,3,1,13.9,-2.4492935982947064e-16,0,0.26,28.2,1.0,0,1,0,251.9
23/12/2023,0.56,0.8,-5.3,170.05,67.56,11.65,51,0.6,70.39,138.99,28.59,51.82,209.07,12,1306.25,4.8585,1.0,3,1,13.9,-2.4492935982947064e-16,0,0.26,26.82,1.0,0,1,0,251.9
24/12/2023,0.56,0.8,-5.3,170.05,67.56,11.65,51,0.6,70.39,138.99,28.59,51.82,209.07,12,1306.25,4.8585,1.0,3,1,13.9,-2.4492935982947064e-16,0,0.26,33.99,1.5,0,1,0,251.9
25/12/2023,0.56,0.8,-5.3,170.05,67.56,11.65,52,0.6,70.39,138.99,28.59,51.82,209.07,12,1306.25,4.8585,1.0,3,1,13.9,-2.4492935982947064e-16,0,0.26,36.23,2.5,0,1,0,251.9
26/12/2023,0.56,0.8,-5.3,170.57,67.84,11.65,52,0.6,70.16,137.96,28.59,52.32,209.55,12,1319.0,4.814,1.0,3,1,14.06,-2.4492935982947064e-16,0,0.26,32.69,1.0,0,1,0,252.5
27/12/2023,0.56,0.8,-5.3,170.73,68.02,11.65,52,0.6,69.56,137.96,28.59,52.15,210.54,12,1320.5,4.8267,1.0,3,1,14.07,-2.4492935982947064e-16,0,0.26,35.69,1.0,0,1,0,252.05
28/12/2023,0.56,0.8,-5.3,171.2,69.21,11.65,52,0.6,71.12,136.86,28.21,52.0,211.02,12,1312.0,4.8521,1.0,3,1,14.26,-2.4492935982947064e-16,0,0.26,24.2,1.0,0,1,0,252.3
29/12/2023,0.56,0.8,-5.3,173.68,69.21,11.65,52,0.6,71.12,136.86,28.21,52.0,210.6,12,1298.0,4.8521,1.0,3,1,14.26,-2.4492935982947064e-16,0,0.26,33.66,1.0,0,1,0,252.3
30/12/2023,0.56,0.8,-5.3,173.68,69.21,11.65,52,0.6,71.12,136.86,28.21,52.0,210.6,12,1298.0,4.8521,1.0,3,1,14.26,-2.4492935982947064e-16,0,0.26,25.73,1.0,0,1,0,252.3
31/12/2023,0.56,0.8,-5.3,173.68,69.21,11.65,52,0.6,71.12,136.86,28.21,52.0,210.6,12,1298.0,4.8521,1.0,3,1,14.26,-2.4492935982947064e-16,0,0.26,25.9,1.0,0,1,0,252.3
01/01/2024,0.56,0.87,-5.3,173.68,69.21,11.65,1,0.6,71.12,136.86,28.21,52.0,210.6,1,1298.0,4.8521,0.8660254037844387,3,1,14.26,0.49999999999999994,0,0.26,26.0,2.0,1,1,0,252.3
02/01/2024,0.42,0.87,3.6,171.93,69.75,11.65,1,0.8,71.88,136.3,27.75,52.02,209.23,1,1273.5,4.9235,0.8660254037844387,3,1,14.2,0.49999999999999994,0,0.26,26.0,0.5,1,1,0,255.5
03/01/2024,0.42,0.87,3.6,171.85,69.77,11.65,1,0.8,72.35,134.28,27.34,50.94,201.41,1,1277.0,4.9198,0.8660254037844387,3,1,14.21,0.49999999999999994,0,0.26,27.7,0.5,1,1,0,250.15
04/01/2024,0.42,0.87,3.6,171.13,71.32,11.65,1,0.8,72.45,134.11,27.3,51.24,202.74,1,1267.5,4.8968,0.8660254037844387,3,1,14.52,0.49999999999999994,0,0.26,27.39,0.5,1,1,0,251.75
05/01/2024,0.42,0.87,3.6,170.57,70.47,11.65,1,0.8,72.71,132.89,27.28,51.61,199.19,1,1256.25,4.8743,0.8660254037844387,3,1,14.46,0.49999999999999994,0,0.26,27.39,0.5,1,1,0,251.45
06/01/2024,0.42,0.87,3.6,170.57,70.47,11.65,1,0.8,72.71,132.89,27.28,51.61,199.19,1,1256.25,4.8743,0.8660254037844387,3,1,14.46,0.49999999999999994,0,0.26,29.59,0.5,1,1,0,251.45
07/01/2024,0.42,0.87,3.6,170.57,70.47,11.65,1,0.8,72.71,132.89,27.28,51.61,199.19,1,1256.25,4.8743,0.8660254037844387,3,1,14.46,0.49999999999999994,0,0.26,31.02,0.5,1,1,0,251.45
08/01/2024,0.42,0.87,3.6,169.95,70.12,11.65,2,0.8,71.29,128.83,26.44,51.86,200.11,1,1245.5,4.87,0.8660254037844387,3,1,14.39,0.49999999999999994,0,0.26,25.38,0.5,1,1,0,252.65
09/01/2024,0.42,0.87,3.6,170.77,70.24,11.65,2,0.8,70.9,127.53,26.02,50.82,197.09,1,1248.5,4.9038,0.8660254037844387,3,1,14.33,0.49999999999999994,0,0.26,29.59,0.5,1,1,0,249.05
10/01/2024,0.42,0.87,3.6,170.75,69.3,11.65,2,0.8,69.64,126.3,25.81,51.16,197.83,1,1236.5,4.8909,0.8660254037844387,3,1,14.16,0.49999999999999994,0,0.26,29.59,0.5,1,1,0,250.4
11/01/2024,0.42,0.87,3.6,171.8,68.0,11.65,2,0.8,68.84,122.2,25.05,51.45,196.4,1,1236.5,4.87,0.8660254037844387,3,1,13.94,0.49999999999999994,0,0.26,29.59,0.5,1,1,0,250.95
12/01/2024,0.42,0.87,3.6,171.38,67.24,11.65,2,0.8,67.86,120.62,24.85,51.77,197.54,1,1224.25,4.8539,0.8660254037844387,3,1,13.85,0.49999999999999994,0,0.26,29.59,0.5,1,1,0,251.3
13/01/2024,0.42,0.87,3.6,171.38,67.24,11.65,2,0.8,67.86,120.62,24.85,51.77,197.54,1,1224.25,4.8539,0.8660254037844387,3,1,13.85,0.49999999999999994,0,0.26,32.87,0.5,1,1,0,251.3
14/01/2024,0.42,0.87,3.6,171.38,67.24,11.65,2,0.8,67.86,120.62,24.85,51.77,197.54,1,1224.25,4.8539,0.8660254037844387,3,1,13.85,0.49999999999999994,0,0.26,28.82,0.5,1,1,0,251.3
15/01/2024,0.42,0.87,3.6,171.38,67.24,11.65,3,0.8,67.86,120.62,24.85,51.77,197.54,1,1224.25,4.8539,0.8660254037844387,3,1,13.85,0.49999999999999994,0,0.26,28.82,0.5,1,1,0,251.3
16/01/2024,0.42,0.87,3.6,173.13,65.53,11.65,3,0.8,66.92,118.7,24.08,50.66,198.6,1,1238.5,4.9258,0.8660254037844387,3,1,13.3,0.49999999999999994,0,0.26,28.82,0.5,1,1,0,249.7
17/01/2024,0.42,0.87,3.6,173.1,64.8,11.65,3,0.8,67.93,116.89,23.71,50.62,202.97,1,1218.25,4.9349,0.8660254037844387,3,1,13.15,0.49999999999999994,0,0.26,28.82,0.5,1,1,0,249.5
18/01/2024,0.42,0.87,3.6,174.82,64.09,11.65,3,0.8,66.72,116.29,23.57,50.89,202.9,1,1224.25,4.9269,0.8660254037844387,3,1,12.99,0.49999999999999994,0,0.26,30.78,0.5,1,1,0,251.1
19/01/2024,0.42,0.87,3.6,174.38,63.0,11.65,3,0.8,65.4,116.31,23.6,50.64,202.05,1,1223.0,4.931,0.8660254037844387,3,1,12.78,0.49999999999999994,0,0.26,33.66,0.5,1,1,0,249.6
20/01/2024,0.42,0.87,3.6,174.38,63.0,11.65,3,0.8,65.4,116.31,23.6,50.64,202.05,1,1223.0,4.931,0.8660254037844387,3,1,12.78,0.49999999999999994,0,0.26,34.6,0.5,1,1,0,249.6
21/01/2024,0.42,0.87,3.6,174.38,63.0,11.65,3,0.8,65.4,116.31,23.6,50.64,202.05,1,1223.0,4.931,0.8660254037844387,3,1,12.78,0.49999999999999994,0,0.26,33.52,0.5,1,1,0,249.6
22/01/2024,0.42,0.87,3.6,173.77,62.28,11.65,4,0.8,64.62,115.73,23.19,49.92,203.27,1,1233.0,4.9892,0.8660254037844387,3,1,12.48,0.49999999999999994,0,0.26,33.55,0.5,1,1,0,249.1
23/01/2024,0.42,0.87,3.6,174.65,62.11,11.65,4,0.8,66.14,117.1,23.63,50.04,203.97,1,1247.0,4.9535,0.8660254037844387,3,1,12.53,0.49999999999999994,0,0.26,30.32,0.5,1,1,0,248.0
24/01/2024,0.42,0.87,3.6,175.35,62.64,11.65,4,0.8,66.61,117.23,23.76,50.27,204.27,1,1246.5,4.9335,0.8660254037844387,3,1,12.7,0.49999999999999994,0,0.26,28.88,0.5,1,1,0,248.0
25/01/2024,0.42,0.87,3.6,177.73,62.24,11.65,4,0.8,67.27,115.93,23.56,50.34,205.61,1,1230.25,4.9165,0.8660254037844387,3,1,12.65,0.49999999999999994,0,0.26,30.42,0.5,1,1,0,247.7
26/01/2024,0.42,0.87,3.6,178.45,61.95,11.65,4,0.8,65.57,113.68,23.14,50.31,206.78,1,1216.25,4.9168,0.8660254037844387,3,1,12.61,0.49999999999999994,0,0.26,28.44,0.5,1,1,0,247.1
27/01/2024,0.42,0.87,3.6,178.45,61.95,11.65,4,0.8,65.57,113.68,23.14,50.31,206.78,1,1216.25,4.9168,0.8660254037844387,3,1,12.61,0.49999999999999994,0,0.26,29.24,0.5,1,1,0,247.1
28/01/2024,0.42,0.87,3.6,178.45,61.95,11.65,4,0.8,65.57,113.68,23.14,50.31,206.78,1,1216.25,4.9168,0.8660254037844387,3,1,12.61,0.49999999999999994,0,0.26,25.54,0.5,1,1,0,247.1
29/01/2024,0.42,0.87,3.6,177.38,62.15,11.65,5,0.8,64.3,112.07,22.64,50.2,204.78,1,1205.0,4.9518,0.8660254037844387,3,1,12.55,0.49999999999999994,0,0.26,27.75,0.5,1,1,0,248.55
30/01/2024,0.42,0.87,3.6,178.02,62.81,11.65,5,0.8,64.38,110.23,22.3,50.0,206.11,1,1227.75,4.9516,0.8660254037844387,3,1,12.7,0.49999999999999994,0,0.26,27.75,0.5,1,1,0,247.2
31/01/2024,0.42,0.87,3.6,177.35,62.34,11.65,5,0.8,65.17,110.98,22.43,49.52,205.84,1,1232.75,4.9526,0.8660254037844387,3,1,12.6,0.49999999999999994,0,0.26,27.75,0.5,1,1,0,245.0
01/02/2024,0.83,-0.04,3.6,179.75,61.45,11.15,5,0.8,64.13,111.44,22.67,49.42,205.79,2,1213.75,4.9163,0.5000000000000001,2,0,12.5,0.8660254037844386,0,0.26,27.75,0.0,1,0,0,242.9
02/02/2024,0.83,-0.04,3.6,180.55,62.13,11.15,5,0.8,64.13,111.76,22.5,48.36,206.55,2,1198.25,4.9699,0.5000000000000001,2,0,12.51,0.8660254037844386,0,0.26,27.75,0.0,1,0,0,240.2
03/02/2024,0.83,-0.04,3.6,180.55,62.13,11.15,5,0.8,64.13,111.76,22.5,48.36,206.55,2,1198.25,4.9699,0.5000000000000001,2,0,12.51,0.8660254037844386,0,0.26,27.75,0.0,1,0,0,240.2
04/02/2024,0.83,-0.04,3.6,180.55,62.13,11.15,5,0.8,64.13,111.76,22.5,48.36,206.55,2,1198.25,4.9699,0.5000000000000001,2,0,12.51,0.8660254037844386,0,0.26,31.52,0.0,1,0,0,240.2
05/02/2024,0.83,-0.04,3.6,179.73,62.72,11.15,6,0.8,65.46,112.67,22.62,48.12,204.82,2,1204.75,4.9854,0.5000000000000001,2,0,12.59,0.8660254037844386,0,0.26,31.52,0.0,1,0,0,239.7
06/02/2024,0.83,-0.04,3.6,183.0,62.82,11.15,6,0.8,65.32,112.81,22.74,47.88,202.78,2,1208.25,4.9634,0.5000000000000001,2,0,12.66,0.8660254037844386,0,0.26,31.52,0.0,1,0,0,237.55
07/02/2024,0.83,-0.04,3.6,182.23,63.28,11.15,6,0.8,64.42,112.26,22.6,47.92,205.46,2,1197.5,4.9685,0.5000000000000001,2,0,12.74,0.8660254037844386,0,0.26,31.52,0.0,1,0,0,238.0
08/02/2024,0.83,-0.04,3.6,183.77,62.71,11.15,6,0.8,65.21,112.46,22.53,47.92,204.0,2,1199.75,4.992,0.5000000000000001,2,0,12.56,0.8660254037844386,0,0.26,29.91,0.0,1,0,0,239.15
09/02/2024,0.83,-0.04,3.6,184.63,62.17,11.15,6,0.8,64.98,112.8,22.75,48.28,205.09,2,1190.0,4.9517,0.5000000000000001,2,0,12.54,0.8660254037844386,0,0.26,32.17,0.5,1,0,0,239.35
10/02/2024,0.83,-0.04,3.6,184.63,62.17,11.15,6,0.8,64.98,112.8,22.75,48.28,205.09,2,1190.0,4.9517,0.5000000000000001,2,0,12.54,0.8660254037844386,0,0.26,32.17,0.5,1,0,0,239.35
11/02/2024,0.83,-0.04,3.6,184.63,62.17,11.15,6,0.8,64.98,112.8,22.75,48.28,205.09,2,1190.0,4.9517,0.5000000000000001,2,0,12.54,0.8660254037844386,0,0.26,32.17,0.5,1,0,0,239.35
12/02/2024,0.83,-0.04,3.6,184.25,62.17,11.15,7,0.8,64.98,112.8,22.75,48.28,205.09,2,1197.75,4.9536,0.5000000000000001,2,0,12.54,0.8660254037844386,0,0.26,32.17,0.5,1,0,0,239.35
13/02/2024,0.83,-0.04,3.6,183.75,62.17,11.15,7,0.8,64.98,112.8,22.75,48.28,205.09,2,1191.75,4.9536,0.5000000000000001,2,0,12.54,0.8660254037844386,0,0.26,32.17,1.5,1,0,0,239.35
14/02/2024,0.83,-0.04,3.6,182.4,62.13,11.15,7,0.8,64.54,112.52,22.64,47.85,215.18,2,1176.25,4.969,0.5000000000000001,2,0,12.5,0.8660254037844386,0,0.26,35.6,0.0,1,0,0,237.8
15/02/2024,0.83,-0.04,3.6,183.4,62.12,11.15,7,0.8,64.59,111.47,22.43,48.09,211.02,2,1166.0,4.9732,0.5000000000000001,2,0,12.5,0.8660254037844386,0,0.26,33.53,0.0,1,0,0,238.95
16/02/2024,0.83,-0.04,3.6,184.77,62.47,11.15,7,0.8,64.51,112.38,22.63,48.42,212.26,2,1176.25,4.9665,0.5000000000000001,2,0,12.58,0.8660254037844386,0,0.26,35.05,0.0,1,0,0,240.45
17/02/2024,0.83,-0.04,3.6,184.77,62.47,11.15,7,0.8,64.51,112.38,22.63,48.42,212.26,2,1176.25,4.9665,0.5000000000000001,2,0,12.58,0.8660254037844386,0,0.26,35.05,0.0,1,0,0,240.45
18/02/2024,0.83,-0.04,3.6,184.77,62.47,11.15,7,0.8,64.51,112.38,22.63,48.42,212.26,2,1176.25,4.9665,0.5000000000000001,2,0,12.58,0.8660254037844386,0,0.26,30.73,0.0,1,0,0,240.45
19/02/2024,0.83,-0.04,3.6,184.77,62.47,11.15,8,0.8,64.51,112.38,22.63,48.42,212.26,2,1176.25,4.9665,0.5000000000000001,2,0,12.58,0.8660254037844386,0,0.26,30.73,0.0,1,0,0,240.45
20/02/2024,0.83,-0.04,3.6,184.4,62.85,11.15,8,0.8,64.83,112.95,22.91,47.77,210.99,2,1183.5,4.9275,0.5000000000000001,2,0,12.75,0.8660254037844386,0,0.26,29.09,0.0,1,0,0,235.5
21/02/2024,0.83,-0.04,3.6,183.98,63.11,11.15,8,0.8,64.37,112.98,22.87,47.84,215.0,2,1165.0,4.9358,0.5000000000000001,2,0,12.78,0.8660254037844386,0,0.26,29.09,0.0,1,0,0,236.35
22/02/2024,0.83,-0.04,3.6,183.5,62.87,11.15,8,0.8,64.07,112.6,22.75,47.6,218.0,2,1152.5,4.9605,0.5000000000000001,2,0,12.7,0.8660254037844386,0,0.26,29.43,0.0,1,0,0,235.6
23/02/2024,0.83,-0.04,3.6,185.6,63.06,11.15,8,0.8,61.96,111.68,22.39,47.36,217.96,2,1141.75,4.9951,0.5000000000000001,2,0,12.64,0.8660254037844386,0,0.26,28.93,0.0,1,0,0,236.25
24/02/2024,0.83,-0.04,3.6,185.6,63.06,11.15,8,0.8,61.96,111.68,22.39,47.36,217.96,2,1141.75,4.9951,0.5000000000000001,2,0,12.64,0.8660254037844386,0,0.26,28.93,0.0,1,0,0,236.25
25/02/2024,0.83,-0.04,3.6,185.6,63.06,11.15,8,0.8,61.96,111.68,22.39,47.36,217.96,2,1141.75,4.9951,0.5000000000000001,2,0,12.64,0.8660254037844386,0,0.26,28.93,0.0,1,0,0,236.25
26/02/2024,0.83,-0.04,3.6,185.73,63.11,11.15,9,0.8,61.01,109.72,22.05,47.51,219.44,2,1145.25,4.9799,0.5000000000000001,2,0,12.68,0.8660254037844386,0,0.26,33.98,0.0,1,0,0,236.45
27/02/2024,0.83,-0.04,3.6,185.6,62.91,11.15,9,0.8,61.08,110.57,22.4,47.66,219.45,2,1140.75,4.9335,0.5000000000000001,2,0,12.75,0.8660254037844386,0,0.26,33.98,0.0,1,0,0,235.2
28/02/2024,0.83,-0.04,3.6,184.65,62.3,11.15,9,0.8,60.28,110.31,22.19,47.25,220.84,2,1145.25,4.9675,0.5000000000000001,2,0,12.53,0.8660254037844386,0,0.26,34.04,0.0,1,0,0,234.9
29/02/2024,0.83,-0.04,3.6,184.0,62.23,11.15,9,0.8,60.22,110.7,22.26,47.34,220.35,2,1140.75,4.9716,0.5000000000000001,2,0,12.51,0.8660254037844386,0,0.26,34.04,0.0,1,0,0,235.4
01/03/2024,0.16,1.92,3.6,188.45,62.72,11.15,9,0.8,61.1,111.08,22.43,47.46,219.21,3,1151.25,4.9541,6.123233995736766e-17,2,0,12.66,1.0,0,0.26,34.04,0.0,1,0,0,235.05
02/03/2024,0.16,1.92,3.6,188.45,62.72,11.15,9,0.8,61.1,111.08,22.43,47.46,219.21,3,1151.25,4.9541,6.123233995736766e-17,2,0,12.66,1.0,0,0.26,34.04,0.0,1,0,0,235.05
03/03/2024,0.16,1.92,3.6,188.45,62.72,11.15,9,0.8,61.1,111.08,22.43,47.46,219.21,3,1151.25,4.9541,6.123233995736766e-17,2,0,12.66,1.0,0,0.26,34.04,0.0,1,0,0,235.05
04/03/2024,0.16,1.92,3.6,186.68,63.01,11.15,10,0.8,62.19,112.84,22.81,47.52,221.35,3,1155.0,4.9458,6.123233995736766e-17,2,0,12.74,1.0,0,0.26,30.22,0.0,1,0,0,235.1
05/03/2024,0.16,1.92,3.6,188.0,62.77,11.15,10,0.8,62.6,112.96,22.8,47.09,219.9,3,1149.0,4.9581,6.123233995736766e-17,2,0,12.67,1.0,0,0.26,30.22,0.0,1,0,0,233.3
06/03/2024,0.16,1.92,3.6,187.25,62.75,11.15,10,0.8,62.66,112.97,22.85,47.33,219.69,3,1148.25,4.9446,6.123233995736766e-17,2,0,12.69,1.0,0,0.26,32.54,0.0,1,0,0,234.05
07/03/2024,0.16,1.92,3.6,188.73,62.84,11.15,10,0.8,63.4,114.11,23.12,47.95,213.53,3,1166.25,4.935,6.123233995736766e-17,2,0,12.73,1.0,0,0.26,32.54,0.0,1,0,0,236.7
08/03/2024,0.16,1.92,3.6,187.6,62.87,11.15,10,0.8,63.17,115.28,23.15,47.11,212.98,3,1184.0,4.9806,6.123233995736766e-17,2,0,12.63,1.0,0,0.26,32.54,0.0,1,0,0,234.6
09/03/2024,0.16,1.92,3.6,187.6,62.87,11.15,10,0.8,63.17,115.28,23.15,47.11,212.98,3,1184.0,4.9806,6.123233995736766e-17,2,0,12.63,1.0,0,0.26,31.24,0.0,1,0,0,234.6
10/03/2024,0.16,1.92,3.6,187.6,62.87,11.15,10,0.8,63.17,115.28,23.15,47.11,212.98,3,1184.0,4.9806,6.123233995736766e-17,2,0,12.63,1.0,0,0.26,32.53,0.0,1,0,0,234.6
11/03/2024,0.16,1.92,3.6,187.6,62.9,11.15,11,0.8,62.91,116.58,23.43,47.01,216.77,3,1179.25,4.9771,6.123233995736766e-17,2,0,12.64,1.0,0,0.26,35.0,0.0,1,0,0,233.85
12/03/2024,0.16,1.92,3.6,188.25,63.07,11.15,11,0.8,63.4,117.56,23.64,46.88,217.75,3,1196.0,4.9718,6.123233995736766e-17,2,0,12.68,1.0,0,0.26,35.0,0.0,1,0,0,233.15
13/03/2024,0.16,1.92,3.6,189.93,63.0,11.15,11,0.8,63.47,117.97,23.72,46.7,219.36,3,1196.75,4.97,6.123233995736766e-17,2,0,12.67,1.0,0,0.26,28.83,0.0,1,0,0,232.3
14/03/2024,0.16,1.92,3.6,186.95,63.24,11.15,11,0.8,63.03,117.98,23.63,46.79,219.41,3,1195.25,4.9895,6.123233995736766e-17,2,0,12.67,1.0,0,0.26,28.54,0.0,1,0,0,233.6
15/03/2024,0.16,1.92,3.6,187.25,63.17,11.15,11,0.8,63.14,118.61,23.75,46.35,217.5,3,1212.5,4.9949,6.123233995736766e-17,2,0,12.65,1.0,0,0.26,30.24,0.0,1,0,0,231.5
16/03/2024,0.16,1.92,3.6,187.25,63.17,11.15,11,0.8,63.14,118.61,23.75,46.35,217.5,3,1212.5,4.9949,6.123233995736766e-17,2,0,12.65,1.0,0,0.26,27.92,0.0,1,0,0,231.5
17/03/2024,0.16,1.92,3.6,187.25,63.17,11.15,11,0.8,63.14,118.61,23.75,46.35,217.5,3,1212.5,4.9949,6.123233995736766e-17,2,0,12.65,1.0,0,0.26,28.66,0.0,1,0,0,231.5
18/03/2024,0.16,1.92,3.6,188.57,62.87,11.15,12,0.8,60.95,118.48,23.57,46.0,218.89,3,1202.25,5.0253,6.123233995736766e-17,2,0,12.51,1.0,0,0.26,30.17,0.0,1,0,0,231.25
19/03/2024,0.16,1.92,3.6,188.05,62.86,11.15,12,0.8,61.58,118.87,23.68,45.51,216.36,3,1200.25,5.0301,6.123233995736766e-17,2,0,12.52,1.0,0,0.26,27.18,0.0,1,0,0,228.5
20/03/2024,0.16,1.92,3.6,187.8,62.75,11.15,12,0.8,60.68,119.39,24.01,46.44,213.62,3,1223.25,4.9691,6.123233995736766e-17,2,0,12.62,1.0,0,0.26,26.94,0.0,1,0,0,230.9
21/03/2024,0.16,1.92,3.6,188.38,62.62,10.65,12,0.8,60.52,120.39,24.17,46.53,216.09,3,1225.75,4.9781,6.123233995736766e-17,2,0,12.58,1.0,0,0.26,28.13,0.0,1,0,0,231.7
22/03/2024,0.16,1.92,3.6,187.5,62.45,10.65,12,0.8,60.13,120.09,24.02,46.46,214.5,3,1205.5,4.9997,6.123233995736766e-17,2,0,12.49,1.0,0,0.26,28.14,0.0,1,0,0,232.3
23/03/2024,0.16,1.92,3.6,187.5,62.45,10.65,12,0.8,60.13,120.09,24.02,46.46,214.5,3,1205.5,4.9997,6.123233995736766e-17,2,0,12.49,1.0,0,0.26,26.91,0.0,1,0,0,232.3
24/03/2024,0.16,1.92,3.6,187.5,62.45,10.65,12,0.8,60.13,120.09,24.02,46.46,214.5,3,1205.5,4.9997,6.123233995736766e-17,2,0,12.49,1.0,0,0.26,28.15,0.0,1,0,0,232.3
25/03/2024,0.16,1.92,3.6,186.2,62.6,10.65,13,0.8,61.28,120.18,24.15,46.62,215.19,3,1221.75,4.9751,6.123233995736766e-17,2,0,12.58,1.0,0,0.26,25.05,0.0,1,0,0,232.0
26/03/2024,0.16,1.92,3.6,183.1,62.3,10.65,13,0.8,59.92,120.48,24.17,46.59,212.88,3,1212.5,4.9808,6.123233995736766e-17,2,0,12.5,1.0,0,0.26,25.63,0.0,1,0,0,232.2
27/03/2024,0.16,1.92,3.6,183.6,61.82,10.65,13,0.8,59.66,120.13,24.12,46.55,215.6,3,1206.5,4.9866,6.123233995736766e-17,2,0,12.41,1.0,0,0.26,26.85,0.0,1,0,0,231.8
28/03/2024,0.16,1.92,3.6,185.0,61.78,10.65,13,0.8,60.4,119.61,23.87,46.37,215.29,3,1205.25,5.0129,6.123233995736766e-17,2,0,12.33,1.0,0,0.26,24.56,0.0,1,0,0,232.3
29/03/2024,0.16,1.92,3.6,185.0,61.78,10.65,13,0.8,60.4,119.61,23.87,46.37,215.29,3,1205.25,5.0129,6.123233995736766e-17,2,0,12.33,1.0,0,0.26,27.28,0.5,1,0,0,232.3
30/03/2024,0.16,1.92,3.6,185.0,61.78,10.65,13,0.8,60.4,119.61,23.87,46.37,215.29,3,1205.25,5.0129,6.123233995736766e-17,2,0,12.33,1.0,0,0.26,25.73,0.5,1,0,0,232.3
31/03/2024,0.16,1.92,3.6,185.0,61.78,10.65,13,0.8,60.4,119.61,23.87,46.37,215.29,3,1205.25,5.0129,6.123233995736766e-17,2,0,12.33,1.0,0,0.26,27.83,1.5,1,0,0,232.3
01/04/2024,0.38,1.44,-0.6,180.07,61.71,10.65,14,0.4,59.54,120.23,23.74,45.02,212.02,4,1199.5,5.0543,-0.4999999999999998,2,0,12.18,0.8660254037844387,0,0.26,26.49,0.0,0,0,0,228.05
02/04/2024,0.38,1.44,-0.6,181.77,61.57,10.65,14,0.4,58.89,120.75,23.87,45.19,214.8,4,1187.75,5.0576,-0.4999999999999998,2,0,12.17,0.8660254037844387,0,0.26,27.09,0.0,0,0,0,228.6
03/04/2024,0.38,1.44,-0.6,180.93,61.49,10.65,14,0.4,58.89,121.02,24.02,45.11,212.03,4,1195.25,5.0393,-0.4999999999999998,2,0,12.2,0.8660254037844387,0,0.26,27.26,0.0,0,0,0,227.3
04/04/2024,0.38,1.44,-0.6,181.48,61.48,10.65,14,0.4,59.39,120.54,23.88,45.16,212.21,4,1192.25,5.0538,-0.4999999999999998,2,0,12.18,0.8660254037844387,0,0.26,27.12,0.0,0,0,0,227.95
05/04/2024,0.38,1.44,-0.6,178.25,60.99,10.65,14,0.4,58.98,121.08,23.91,45.49,211.08,4,1196.75,5.0655,-0.4999999999999998,2,0,12.04,0.8660254037844387,0,0.26,25.14,0.0,0,0,0,230.4
06/04/2024,0.38,1.44,-0.6,178.25,60.99,10.65,14,0.4,58.98,121.08,23.91,45.49,211.08,4,1196.75,5.0655,-0.4999999999999998,2,0,12.04,0.8660254037844387,0,0.26,26.72,0.0,0,0,0,230.4
07/04/2024,0.38,1.44,-0.6,178.25,60.99,10.65,14,0.4,58.98,121.08,23.91,45.49,211.08,4,1196.75,5.0655,-0.4999999999999998,2,0,12.04,0.8660254037844387,0,0.26,25.88,0.0,0,0,0,230.4
08/04/2024,0.38,1.44,-0.6,179.4,60.62,10.65,15,0.4,58.01,121.38,24.14,44.92,212.75,4,1194.25,5.0268,-0.4999999999999998,2,0,12.05,0.8660254037844387,0,0.26,27.51,0.0,0,0,0,225.9
09/04/2024,0.38,1.44,-0.6,180.7,60.14,10.65,15,0.4,56.95,121.08,24.17,45.72,209.78,4,1187.75,5.009,-0.4999999999999998,2,0,12.01,0.8660254037844387,0,0.26,27.88,0.0,0,0,0,229.0
10/04/2024,0.38,1.44,-0.6,179.07,59.83,10.65,15,0.4,57.77,120.67,23.76,45.92,212.0,4,1178.0,5.0746,-0.4999999999999998,2,0,11.78,0.8660254037844387,0,0.26,26.81,0.0,0,0,0,233.2
11/04/2024,0.38,1.44,-0.6,180.25,59.53,10.65,15,0.4,57.06,121.08,23.79,45.27,212.77,4,1172.5,5.0917,-0.4999999999999998,2,0,11.7,0.8660254037844387,0,0.26,27.78,0.0,0,0,0,230.4
12/04/2024,0.38,1.44,-0.6,178.9,59.62,10.65,15,0.4,57.32,121.39,23.69,45.11,209.5,4,1186.75,5.1175,-0.4999999999999998,2,0,11.63,0.8660254037844387,0,0.26,27.49,0.0,0,0,0,231.2
13/04/2024,0.38,1.44,-0.6,178.9,59.62,10.65,15,0.4,57.32,121.39,23.69,45.11,209.5,4,1186.75,5.1175,-0.4999999999999998,2,0,11.63,0.8660254037844387,0,0.26,26.85,0.0,0,0,0,231.2
14/04/2024,0.38,1.44,-0.6,178.9,59.62,10.65,15,0.4,57.32,121.39,23.69,45.11,209.5,4,1186.75,5.1175,-0.4999999999999998,2,0,11.63,0.8660254037844387,0,0.26,26.36,0.0,0,0,0,231.2
15/04/2024,0.38,1.44,-0.6,180.3,59.7,10.65,16,0.4,58.42,122.04,23.53,44.49,206.23,4,1172.0,5.1846,-0.4999999999999998,2,0,11.51,0.8660254037844387,0,0.26,27.47,0.0,0,0,0,230.7
16/04/2024,0.38,1.44,-0.6,181.5,59.74,10.65,16,0.4,58.84,124.2,23.61,43.87,206.48,4,1160.0,5.2826,-0.4999999999999998,1,0,11.36,0.8660254037844387,0,0.26,28.13,0.0,0,0,0,230.8
17/04/2024,0.38,1.44,-0.6,180.9,59.41,10.65,16,0.4,58.15,124.42,23.77,43.78,208.42,4,1164.25,5.242,-0.4999999999999998,1,0,11.35,0.8660254037844387,0,0.26,28.88,0.0,0,0,0,229.2
18/04/2024,0.38,1.44,-0.6,181.18,59.29,10.65,16,0.4,57.81,123.65,23.57,44.23,209.65,4,1149.0,5.2482,-0.4999999999999998,1,0,11.3,0.8660254037844387,0,0.26,28.92,0.0,0,0,0,232.05
19/04/2024,0.38,1.44,-0.6,181.48,59.11,10.65,16,0.4,58.05,123.58,23.79,45.14,213.04,4,1165.75,5.2027,-0.4999999999999998,1,0,11.38,0.8660254037844387,0,0.26,28.02,0.0,0,0,0,234.5
20/04/2024,0.38,1.44,-0.6,181.48,59.11,10.65,16,0.4,58.05,123.58,23.79,45.14,213.04,4,1165.75,5.2027,-0.4999999999999998,1,0,11.38,0.8660254037844387,0,0.26,26.86,0.0,0,0,0,234.5
21/04/2024,0.38,1.44,-0.6,181.48,59.11,10.65,16,0.4,58.05,123.58,23.79,45.14,213.04,4,1165.75,5.2027,-0.4999999999999998,1,0,11.38,0.8660254037844387,0,0.26,27.95,0.0,0,0,0,234.5
22/04/2024,0.38,1.44,-0.6,183.82,58.76,10.65,17,0.4,57.78,123.73,23.91,44.65,215.48,4,1176.5,5.168,-0.4999999999999998,1,0,11.36,0.8660254037844387,0,0.26,28.03,0.0,0,0,0,231.0
23/04/2024,0.38,1.44,-0.6,183.35,58.49,10.65,17,0.4,57.66,124.15,24.2,45.61,216.77,4,1182.0,5.126,-0.4999999999999998,1,0,11.4,0.8660254037844387,0,0.26,28.8,0.0,0,0,0,233.95
24/04/2024,0.38,1.44,-0.6,182.1,58.27,10.65,17,0.4,57.73,124.87,24.26,45.19,212.59,4,1181.5,5.1457,-0.4999999999999998,1,0,11.32,0.8660254037844387,0,0.26,27.49,0.0,0,0,0,232.6
25/04/2024,0.38,1.44,-0.6,183.95,58.01,10.65,17,0.4,57.9,124.98,24.2,45.14,212.54,4,1179.75,5.1602,-0.4999999999999998,1,0,11.23,0.8660254037844387,0,0.26,28.15,0.0,0,0,0,233.15
26/04/2024,0.38,1.44,-0.6,184.68,58.09,10.65,17,0.4,56.88,124.63,24.36,45.4,210.94,4,1177.25,5.1151,-0.4999999999999998,1,0,11.35,0.8660254037844387,0,0.26,28.38,0.0,0,0,0,232.25
27/04/2024,0.38,1.44,-0.6,184.68,58.09,10.65,17,0.4,56.88,124.63,24.36,45.4,210.94,4,1177.25,5.1151,-0.4999999999999998,1,0,11.35,0.8660254037844387,0,0.26,28.93,0.0,0,0,0,232.25
28/04/2024,0.38,1.44,-0.6,184.68,58.09,10.65,17,0.4,56.88,124.63,24.36,45.4,210.94,4,1177.25,5.1151,-0.4999999999999998,1,0,11.35,0.8660254037844387,0,0.26,28.58,0.0,0,0,0,232.25
29/04/2024,0.38,1.44,-0.6,185.4,58.11,10.65,18,0.4,56.97,124.46,24.34,44.91,209.62,4,1182.0,5.1189,-0.4999999999999998,1,0,11.37,0.8660254037844387,0,0.26,28.18,0.0,0,0,0,229.6
30/04/2024,0.38,1.44,-0.6,185.0,57.93,10.65,18,0.4,57.34,124.51,23.99,44.19,209.64,4,1163.0,5.1934,-0.4999999999999998,1,0,11.16,0.8660254037844387,0,0.26,28.73,0.0,0,0,0,229.35
01/05/2024,0.38,-2.12,-0.6,173.85,57.93,10.65,18,0.4,57.34,124.51,23.99,44.19,209.64,5,1170.25,5.1936,-0.8660254037844387,1,1,11.16,0.49999999999999994,0,0.26,27.55,0.0,0,0,0,229.35
02/05/2024,0.46,-2.12,-0.6,176.8,57.56,10.65,18,0.4,57.35,125.14,24.48,45.2,207.48,5,1199.0,5.1113,-0.8660254037844387,1,1,11.26,0.49999999999999994,0,0.26,27.55,0.0,0,0,0,231.1
03/05/2024,0.46,-2.12,-0.6,176.68,58.1,10.65,18,0.4,57.15,126.08,24.87,46.11,207.65,5,1215.0,5.0722,-0.8660254037844387,1,1,11.46,0.49999999999999994,0,0.26,27.97,0.0,0,0,0,233.8
04/05/2024,0.46,-2.12,-0.6,176.68,58.1,10.65,18,0.4,57.15,126.08,24.87,46.11,207.65,5,1215.0,5.0722,-0.8660254037844387,1,1,11.46,0.49999999999999994,0,0.26,28.73,0.0,0,0,0,233.8
05/05/2024,0.46,-2.12,-0.6,176.68,58.1,10.65,18,0.4,57.15,126.08,24.87,46.11,207.65,5,1215.0,5.0722,-0.8660254037844387,1,1,11.46,0.49999999999999994,0,0.26,27.43,0.0,0,0,0,233.8
06/05/2024,0.46,-2.12,-0.6,176.98,58.2,10.65,19,0.4,58.24,127.41,25.11,46.07,208.0,5,1248.75,5.0758,-0.8660254037844387,1,1,11.47,0.49999999999999994,0,0.26,27.4,0.0,0,0,0,233.75
07/05/2024,0.46,-2.12,-0.6,177.63,58.16,10.65,19,0.4,57.86,129.43,25.52,45.97,208.34,5,1246.5,5.0707,-0.8660254037844387,1,1,11.47,0.49999999999999994,0,0.26,28.33,0.0,0,0,0,233.15
08/05/2024,0.46,-2.12,-0.6,176.48,58.1,10.65,19,0.4,57.71,129.72,25.47,45.75,211.84,5,1227.75,5.0909,-0.8660254037844387,1,1,11.4,0.49999999999999994,0,0.26,27.57,0.0,0,0,0,233.05
09/05/2024,0.46,-2.12,-0.6,175.95,58.19,10.4,19,0.4,57.91,129.29,25.13,45.06,213.61,5,1208.5,5.1412,-0.8660254037844387,1,1,11.31,0.49999999999999994,0,0.26,27.81,0.0,0,0,0,231.8
10/05/2024,0.46,-2.12,-0.6,176.15,58.88,10.4,19,0.4,57.93,129.64,25.14,44.63,208.46,5,1219.0,5.1584,-0.8660254037844387,1,1,11.42,0.49999999999999994,0,0.26,27.41,0.5,0,0,0,230.15
11/05/2024,0.46,-2.12,-0.6,176.15,58.88,10.4,19,0.4,57.93,129.64,25.14,44.63,208.46,5,1219.0,5.1584,-0.8660254037844387,1,1,11.42,0.49999999999999994,0,0.26,27.37,0.5,0,0,0,230.15
12/05/2024,0.46,-2.12,-0.6,176.15,58.88,10.4,19,0.4,57.93,129.64,25.14,44.63,208.46,5,1219.0,5.1584,-0.8660254037844387,1,1,11.42,0.49999999999999994,0,0.26,27.95,1.5,0,0,0,230.15
13/05/2024,0.46,-2.12,-0.6,175.57,58.83,10.4,20,0.4,58.72,129.72,25.18,44.38,209.92,5,1219.5,5.1511,-0.8660254037844387,1,1,11.42,0.49999999999999994,0,0.26,26.99,0.0,0,0,0,228.65
14/05/2024,0.46,-2.12,-0.6,178.18,58.67,10.4,20,0.4,58.71,129.0,25.14,44.24,210.8,5,1214.5,5.1299,-0.8660254037844387,1,1,11.44,0.49999999999999994,0,0.26,27.95,0.0,0,0,0,227.0
15/05/2024,0.46,-2.12,-0.6,178.25,58.96,10.4,20,0.4,58.82,130.11,25.33,44.09,208.26,5,1216.25,5.1373,-0.8660254037844387,1,1,11.48,0.49999999999999994,0,0.26,27.8,0.0,0,0,0,226.5
16/05/2024,0.46,-2.12,-0.6,179.02,58.85,10.4,20,0.4,59.15,129.95,25.33,44.04,212.73,5,1216.75,5.1288,-0.8660254037844387,1,1,11.47,0.49999999999999994,0,0.26,28.88,0.0,0,0,0,225.9
17/05/2024,0.46,-2.12,-0.6,181.05,59.13,10.4,20,0.4,58.64,130.55,25.58,44.2,213.14,5,1225.25,5.1031,-0.8660254037844387,1,1,11.58,0.49999999999999994,0,0.26,26.94,0.0,0,0,0,225.6
18/05/2024,0.46,-2.12,-0.6,181.05,59.13,10.4,20,0.4,58.64,130.55,25.58,44.2,213.14,5,1225.25,5.1031,-0.8660254037844387,1,1,11.58,0.49999999999999994,0,0.26,26.69,0.0,0,0,0,225.6
19/05/2024,0.46,-2.12,-0.6,181.05,59.13,10.4,20,0.4,58.64,130.55,25.58,44.2,213.14,5,1225.25,5.1031,-0.8660254037844387,1,1,11.58,0.49999999999999994,0,0.26,26.73,0.0,0,0,0,225.6
20/05/2024,0.46,-2.12,-0.6,181.48,59.68,10.4,21,0.4,59.37,132.53,25.94,44.16,211.27,5,1243.0,5.1033,-0.8660254037844387,1,1,11.68,0.49999999999999994,0,0.26,27.75,0.0,0,0,0,225.6
21/05/2024,0.46,-2.12,-0.6,182.98,59.48,10.4,21,0.4,59.57,133.41,26.08,44.01,210.35,5,1234.0,5.1225,-0.8660254037844387,1,1,11.63,0.49999999999999994,0,0.26,28.53,0.0,0,0,0,225.1
22/05/2024,0.46,-2.12,-0.6,184.18,59.36,10.4,21,0.4,59.57,134.19,26.04,43.4,211.48,5,1243.25,5.1503,-0.8660254037844387,1,1,11.52,0.49999999999999994,0,0.26,27.14,0.0,0,0,0,223.7
23/05/2024,0.46,-2.12,-0.6,183.52,59.77,10.4,21,0.4,59.25,134.86,26.16,43.16,212.07,5,1237.75,5.1442,-0.8660254037844387,1,1,11.6,0.49999999999999994,0,0.26,27.43,0.0,0,0,0,222.5
24/05/2024,0.46,-2.12,-0.6,183.7,59.74,10.4,21,0.4,59.39,134.35,25.97,42.92,214.92,5,1245.0,5.166,-0.8660254037844387,1,1,11.55,0.49999999999999994,0,0.26,27.85,0.0,0,0,0,222.05
25/05/2024,0.46,-2.12,-0.6,183.7,59.74,10.4,21,0.4,59.39,134.35,25.97,42.92,214.92,5,1245.0,5.166,-0.8660254037844387,1,1,11.55,0.49999999999999994,0,0.26,27.04,0.0,0,0,0,222.05
26/05/2024,0.46,-2.12,-0.6,183.7,59.74,10.4,21,0.4,59.39,134.35,25.97,42.92,214.92,5,1245.0,5.166,-0.8660254037844387,1,1,11.55,0.49999999999999994,0,0.26,26.85,0.0,0,0,0,222.05
27/05/2024,0.46,-2.12,-0.6,183.7,59.74,10.4,22,0.4,59.39,134.35,25.97,42.92,214.92,5,1245.0,5.166,-0.8660254037844387,1,1,11.55,0.49999999999999994,0,0.26,26.1,0.0,0,0,0,222.05
28/05/2024,0.46,-2.12,-0.6,184.55,59.43,10.4,22,0.4,58.99,133.81,25.93,43.0,208.5,5,1229.0,5.1611,-0.8660254037844387,1,1,11.52,0.49999999999999994,0,0.26,26.4,0.0,0,0,0,221.9
29/05/2024,0.46,-2.12,-0.6,183.35,59.29,10.4,22,0.4,58.67,133.36,25.63,42.57,205.89,5,1213.75,5.2018,-0.8660254037844387,1,1,11.4,0.49999999999999994,0,0.26,27.07,0.0,0,0,0,221.5
30/05/2024,0.46,-2.12,-0.6,182.55,59.29,10.4,22,0.4,58.67,133.36,25.63,42.57,205.89,5,1208.0,5.2034,-0.8660254037844387,1,1,11.4,0.49999999999999994,0,0.26,27.28,0.0,0,0,0,221.5
31/05/2024,0.46,-2.12,-0.6,181.55,59.36,10.4,22,0.4,58.22,133.27,25.35,42.07,202.98,5,1203.5,5.2443,-0.8660254037844387,1,1,11.29,0.49999999999999994,0,0.26,26.89,0.0,0,0,0,221.15
01/06/2024,0.46,-2.21,-0.6,181.55,59.36,10.4,22,0.4,58.22,133.27,25.35,42.07,202.98,6,1203.5,5.2443,-1.0,1,1,11.29,1.2246467991473532e-16,0,0.26,26.58,0.5,0,0,0,221.15
02/06/2024,0.46,-2.21,-0.6,181.55,59.36,10.4,22,0.4,58.22,133.27,25.35,42.07,202.98,6,1203.5,5.2443,-1.0,1,1,11.29,1.2246467991473532e-16,0,0.26,25.5,0.5,0,0,0,221.15
03/06/2024,0.21,-2.21,-0.6,182.02,58.95,10.4,23,0.4,57.38,132.47,25.31,41.41,201.75,6,1182.5,5.2467,-1.0,1,1,11.27,1.2246467991473532e-16,0,0.26,26.19,0.5,0,0,0,216.7
04/06/2024,0.21,-2.21,-0.6,182.18,58.58,10.4,23,0.4,57.07,131.62,24.89,40.96,203.78,6,1177.5,5.2861,-1.0,1,1,11.08,1.2246467991473532e-16,0,0.26,26.38,0.5,0,0,0,216.6
05/06/2024,0.21,-2.21,-0.6,181.77,58.55,10.4,23,0.4,56.39,131.81,24.88,40.87,200.49,6,1174.25,5.2964,-1.0,1,1,11.05,1.2246467991473532e-16,0,0.26,26.64,0.5,0,0,0,216.55
06/06/2024,0.21,-2.21,-0.6,181.82,58.27,10.4,23,0.4,57.36,133.45,25.39,41.09,201.49,6,1193.5,5.256,-1.0,1,1,11.09,1.2246467991473532e-16,0,0.26,26.17,0.5,0,0,0,215.95
07/06/2024,0.21,-2.21,-0.6,182.18,57.85,10.4,23,0.4,57.13,133.66,25.14,40.5,199.36,6,1176.75,5.3448,-1.0,1,1,10.88,1.2246467991473532e-16,0,0.26,25.56,0.5,0,0,0,215.3
08/06/2024,0.21,-2.21,-0.6,182.18,57.85,10.4,23,0.4,57.13,133.66,25.14,40.5,199.36,6,1176.75,5.3448,-1.0,1,1,10.88,1.2246467991473532e-16,0,0.26,26.48,0.5,0,0,0,215.3
09/06/2024,0.21,-2.21,-0.6,182.18,57.85,10.4,23,0.4,57.13,133.66,25.14,40.5,199.36,6,1176.75,5.3448,-1.0,1,1,10.88,1.2246467991473532e-16,0,0.26,25.73,0.5,0,0,0,215.3
10/06/2024,0.21,-2.21,-0.6,183.93,58.22,10.4,24,0.4,58.38,134.6,25.14,40.3,198.5,6,1182.75,5.3547,-1.0,1,1,10.87,1.2246467991473532e-16,0,0.26,26.0,0.5,0,0,0,215.8
11/06/2024,0.21,-2.21,-0.6,183.75,57.94,10.4,24,0.4,58.65,134.93,25.18,40.31,198.7,6,1171.75,5.3662,-1.0,1,1,10.81,1.2246467991473532e-16,0,0.26,26.37,0.5,0,0,0,216.0
12/06/2024,0.21,-2.21,-0.6,183.65,57.51,10.4,24,0.4,58.76,136.13,25.17,40.54,195.73,6,1166.75,5.4123,-1.0,1,1,10.63,1.2246467991473532e-16,0,0.26,27.02,0.5,0,0,0,219.25
13/06/2024,0.21,-2.21,-0.6,184.82,57.53,10.4,24,0.4,58.38,136.06,25.32,41.04,195.64,6,1178.25,5.3636,-1.0,1,1,10.71,1.2246467991473532e-16,0,0.26,25.35,1.5,0,0,0,220.5
14/06/2024,0.21,-2.21,-0.6,186.82,57.77,10.4,24,0.4,57.57,135.52,25.2,41.15,197.13,6,1168.25,5.3757,-1.0,1,1,10.74,1.2246467991473532e-16,0,0.26,25.5,0.5,0,0,0,221.25
15/06/2024,0.21,-2.21,-0.6,186.82,57.77,10.4,24,0.4,57.57,135.52,25.2,41.15,197.13,6,1168.25,5.3757,-1.0,1,1,10.74,1.2246467991473532e-16,0,0.26,25.9,0.5,0,0,0,221.25
16/06/2024,0.21,-2.21,-0.6,186.82,57.77,10.4,24,0.4,57.57,135.52,25.2,41.15,197.13,6,1168.25,5.3757,-1.0,1,1,10.74,1.2246467991473532e-16,0,0.26,25.6,0.5,0,0,0,221.25
17/06/2024,0.21,-2.21,-0.6,187.05,57.72,10.4,25,0.4,57.09,134.26,24.75,40.84,196.59,6,1146.0,5.4195,-1.0,1,1,10.64,1.2246467991473532e-16,0,0.26,24.56,0.5,0,0,0,221.5
18/06/2024,0.21,-2.21,-0.6,186.68,57.71,10.4,25,0.4,57.15,133.95,24.65,40.76,196.53,6,1156.0,5.4359,-1.0,1,1,10.62,1.2246467991473532e-16,0,0.26,24.95,0.5,0,0,0,221.5
19/06/2024,0.21,-2.21,-0.6,186.68,57.71,10.4,25,0.4,57.15,133.95,24.65,40.76,196.53,6,1156.0,5.4359,-1.0,1,1,10.62,1.2246467991473532e-16,0,0.26,25.06,0.5,0,0,0,221.5
20/06/2024,0.21,-2.21,-0.6,187.07,58.15,10.4,25,0.4,57.49,133.91,24.73,41.29,198.49,6,1139.75,5.4483,-1.0,1,1,10.74,1.2246467991473532e-16,0,0.26,26.6,0.5,0,0,0,223.6
21/06/2024,0.21,-2.21,-0.6,187.6,58.13,10.4,25,0.4,57.59,133.73,24.56,41.09,194.48,6,1147.0,5.4302,-1.0,1,1,10.68,1.2246467991473532e-16,0,0.26,26.35,0.5,0,0,0,223.75
22/06/2024,0.21,-2.21,-0.6,187.6,58.13,10.4,25,0.4,57.59,133.73,24.56,41.09,194.48,6,1147.0,5.4302,-1.0,1,1,10.68,1.2246467991473532e-16,0,0.26,25.62,0.5,0,0,0,223.75
23/06/2024,0.21,-2.21,-0.6,187.6,58.13,10.4,25,0.4,57.59,133.73,24.56,41.09,194.48,6,1147.0,5.4302,-1.0,1,1,10.68,1.2246467991473532e-16,0,0.26,26.21,0.5,0,0,0,223.75
24/06/2024,0.21,-2.21,-0.6,188.9,57.26,10.4,26,0.4,57.78,133.43,24.74,41.83,195.08,6,1160.5,5.3928,-1.0,1,1,10.61,1.2246467991473532e-16,0,0.26,26.98,1.5,0,0,0,225.65
25/06/2024,0.21,-2.21,-0.6,189.48,56.88,10.4,26,0.4,57.15,133.31,24.46,41.35,194.1,6,1145.5,5.4509,-1.0,1,1,10.43,1.2246467991473532e-16,0,0.26,27.45,0.5,0,0,0,225.4
26/06/2024,0.21,-2.21,-0.6,192.93,57.37,10.4,26,0.4,57.11,134.06,24.31,40.8,195.2,6,1142.25,5.5194,-1.0,1,1,10.4,1.2246467991473532e-16,0,0.26,25.24,0.5,0,0,0,225.0
27/06/2024,0.21,-2.21,-0.6,194.18,57.54,10.4,26,0.4,57.92,133.94,24.34,41.08,195.53,6,1136.25,5.5019,-1.0,1,1,10.46,1.2246467991473532e-16,0,0.26,25.46,0.5,0,0,0,226.0
28/06/2024,0.21,-2.21,-0.6,193.5,57.22,10.4,26,0.4,57.02,134.5,24.07,40.29,196.6,6,1133.5,5.5925,-1.0,1,1,10.24,1.2246467991473532e-16,0,0.26,25.26,0.5,0,0,0,225.15
29/06/2024,0.21,-2.21,-0.6,193.5,57.22,10.4,26,0.4,57.02,134.5,24.07,40.29,196.6,6,1133.5,5.5925,-1.0,1,1,10.24,1.2246467991473532e-16,0,0.26,25.71,1.5,0,0,0,225.15
30/06/2024,0.21,-2.21,-0.6,193.5,57.22,10.4,26,0.4,57.02,134.5,24.07,40.29,196.6,6,1133.5,5.5925,-1.0,1,1,10.24,1.2246467991473532e-16,0,0.26,25.5,0.5,0,0,0,225.15
01/07/2024,0.38,-2.8,0.6,184.27,57.32,10.4,27,0.2,56.73,134.98,23.94,40.02,195.5,7,1146.0,5.6603,-0.8660254037844388,0,1,10.17,-0.4999999999999997,0,0.26,25.82,0.5,0,0,1,225.65
02/07/2024,0.38,-2.8,0.6,185.1,56.87,10.4,27,0.2,57.37,136.59,24.16,39.85,197.08,7,1150.25,5.6777,-0.8660254037844388,0,1,10.06,-0.4999999999999997,0,0.26,27.07,0.5,0,0,1,225.3
03/07/2024,0.38,-2.8,0.6,185.93,56.4,10.4,27,0.2,56.62,137.68,24.75,40.31,196.06,7,1157.75,5.5563,-0.8660254037844388,0,1,10.14,-0.4999999999999997,0,0.26,25.65,0.5,0,0,1,224.25
04/07/2024,0.38,-2.8,0.6,185.93,56.4,10.4,27,0.2,56.62,137.68,24.75,40.31,196.06,7,1157.75,5.5563,-0.8660254037844388,0,1,10.14,-0.4999999999999997,0,0.26,25.65,0.5,0,0,1,224.25
05/07/2024,0.38,-2.8,0.6,186.43,56.11,10.4,27,0.2,55.99,137.49,25.15,41.58,196.4,7,1166.25,5.4592,-0.8660254037844388,0,1,10.26,-0.4999999999999997,0,0.26,25.92,0.5,0,0,1,227.3
06/07/2024,0.38,-2.8,0.6,186.43,56.11,10.4,27,0.2,55.99,137.49,25.15,41.58,196.4,7,1166.25,5.4592,-0.8660254037844388,0,1,10.26,-0.4999999999999997,0,0.26,26.49,0.5,0,0,1,227.3
07/07/2024,0.38,-2.8,0.6,186.43,56.11,10.4,27,0.2,55.99,137.49,25.15,41.58,196.4,7,1166.25,5.4592,-0.8660254037844388,0,1,10.26,-0.4999999999999997,0,0.26,25.98,0.5,0,0,1,227.3
08/07/2024,0.38,-2.8,0.6,184.35,56.14,10.4,28,0.2,55.66,135.18,24.68,41.63,194.97,7,1149.0,5.4699,-0.8660254037844388,0,1,10.25,-0.4999999999999997,0,0.26,26.56,0.5,0,0,1,228.0
09/07/2024,0.38,-2.8,0.6,182.35,56.21,10.4,28,0.2,55.88,133.6,24.66,41.63,194.62,7,1131.25,5.4222,-0.8660254037844388,0,1,10.37,-0.4999999999999997,0,0.26,26.27,0.5,0,0,1,228.0
10/07/2024,0.38,-2.8,0.6,182.25,55.84,10.4,28,0.2,56.03,131.22,24.24,41.98,193.58,7,1113.25,5.4144,-0.8660254037844388,0,1,10.32,-0.4999999999999997,0,0.26,26.36,0.5,0,0,1,227.25
11/07/2024,0.38,-2.8,0.6,182.25,56.49,10.4,28,0.2,55.71,129.89,23.86,41.61,195.8,7,1117.0,5.4381,-0.8660254037844388,0,1,10.38,-0.4999999999999997,0,0.26,26.48,0.5,0,0,1,226.55
12/07/2024,0.38,-2.8,0.6,182.38,56.7,10.4,28,0.2,56.29,130.06,23.94,41.81,193.43,7,1105.0,5.4285,-0.8660254037844388,0,1,10.44,-0.4999999999999997,0,0.26,26.56,0.5,0,0,1,227.1
13/07/2024,0.38,-2.8,0.6,182.38,56.7,10.4,28,0.2,56.29,130.06,23.94,41.81,193.43,7,1105.0,5.4285,-0.8660254037844388,0,1,10.44,-0.4999999999999997,0,0.26,26.22,0.5,0,0,1,227.1
14/07/2024,0.38,-2.8,0.6,182.38,56.7,10.4,28,0.2,56.29,130.06,23.94,41.81,193.43,7,1105.0,5.4285,-0.8660254037844388,0,1,10.44,-0.4999999999999997,0,0.26,24.98,0.5,0,0,1,227.1
15/07/2024,0.38,-2.8,0.6,182.13,56.35,10.4,29,0.2,56.51,129.14,23.71,41.58,197.01,7,1033.75,5.4448,-0.8660254037844388,0,1,10.35,-0.4999999999999997,0,0.26,24.23,0.5,0,0,1,226.5
16/07/2024,0.38,-2.8,0.6,182.68,56.33,10.4,29,0.2,58.61,127.8,23.52,42.41,197.37,7,1037.75,5.4286,-0.8660254037844388,0,1,10.37,-0.4999999999999997,0,0.26,24.19,0.5,0,0,1,230.4
17/07/2024,0.38,-2.8,0.6,184.27,56.17,10.4,29,0.2,59.05,129.41,23.59,42.15,201.46,7,1038.25,5.4821,-0.8660254037844388,0,1,10.24,-0.4999999999999997,0,0.26,24.4,0.5,0,0,1,231.2
18/07/2024,0.38,-2.8,0.6,182.25,57.24,10.4,29,0.2,58.26,130.45,23.38,41.71,200.61,7,1040.75,5.546,-0.8660254037844388,0,1,10.26,-0.4999999999999997,0,0.26,24.31,0.5,0,0,1,232.75
19/07/2024,0.38,-2.8,0.6,183.1,57.48,10.4,29,0.2,59.08,131.64,23.51,41.49,199.85,7,1036.75,5.5952,-0.8660254037844388,0,1,10.27,-0.4999999999999997,0,0.26,24.81,0.5,0,0,1,232.3
20/07/2024,0.38,-2.8,0.6,183.1,57.48,10.4,29,0.2,59.08,131.64,23.51,41.49,199.85,7,1036.75,5.5952,-0.8660254037844388,0,1,10.27,-0.4999999999999997,0,0.26,25.13,0.5,0,0,1,232.3
21/07/2024,0.38,-2.8,0.6,183.1,57.48,10.4,29,0.2,59.08,131.64,23.51,41.49,199.85,7,1036.75,5.5952,-0.8660254037844388,0,1,10.27,-0.4999999999999997,0,0.26,23.99,0.5,0,0,1,232.3
22/07/2024,0.38,-2.8,0.6,183.93,57.56,10.4,30,0.2,60.52,133.35,23.92,41.53,199.88,7,1064.75,5.5779,-0.8660254037844388,0,1,10.33,-0.4999999999999997,0,0.26,24.49,0.5,0,0,1,231.5
23/07/2024,0.38,-2.8,0.6,186.3,58.41,10.4,30,0.2,60.94,135.05,24.15,41.2,197.44,7,1071.75,5.5846,-0.8660254037844388,0,1,10.45,-0.4999999999999997,0,0.26,24.9,0.5,0,0,1,230.4
24/07/2024,0.38,-2.8,0.6,186.9,58.56,10.4,30,0.2,61.71,136.83,24.19,40.6,197.25,7,1060.25,5.6536,-0.8660254037844388,0,1,10.35,-0.4999999999999997,0,0.26,25.12,0.5,0,0,1,229.7
25/07/2024,0.38,-2.8,0.6,188.9,58.91,10.4,30,0.2,61.34,137.37,24.35,41.16,199.38,7,1074.5,5.6442,-0.8660254037844388,0,1,10.44,-0.4999999999999997,0,0.26,25.71,0.5,0,0,1,232.2
26/07/2024,0.38,-2.8,0.6,188.57,58.81,10.4,30,0.2,61.06,136.51,24.11,41.04,200.54,7,1042.0,5.6557,-0.8660254037844388,0,1,10.39,-0.4999999999999997,0,0.26,25.3,0.5,0,0,1,232.35
27/07/2024,0.38,-2.8,0.6,188.57,58.81,10.4,30,0.2,61.06,136.51,24.11,41.04,200.54,7,1042.0,5.6557,-0.8660254037844388,0,1,10.39,-0.4999999999999997,0,0.26,25.28,0.5,0,0,1,232.35
28/07/2024,0.38,-2.8,0.6,188.57,58.81,10.4,30,0.2,61.06,136.51,24.11,41.04,200.54,7,1042.0,5.6557,-0.8660254037844388,0,1,10.39,-0.4999999999999997,0,0.26,26.19,0.5,0,0,1,232.35
29/07/2024,0.38,-2.8,0.6,186.98,58.45,10.4,31,0.2,61.16,133.71,23.75,41.28,198.92,7,1030.0,5.6159,-0.8660254037844388,0,1,10.38,-0.4999999999999997,0,0.26,26.99,0.5,0,0,1,232.35
30/07/2024,0.38,-2.8,0.6,187.7,58.35,10.4,31,0.2,60.05,131.8,23.44,41.36,197.2,7,1011.0,5.6121,-0.8660254037844388,0,1,10.37,-0.4999999999999997,0,0.26,27.17,0.5,0,0,1,232.6
31/07/2024,0.38,-2.8,0.6,187.13,59.2,10.4,31,0.2,59.59,133.14,23.51,41.06,193.71,7,1014.5,5.65,-0.8660254037844388,0,1,10.46,-0.4999999999999997,0,0.26,27.96,0.5,0,0,1,232.5
01/08/2024,-0.02,-2.16,0.6,184.8,59.44,10.4,31,0.2,60.57,133.07,23.2,40.43,196.31,8,1009.0,5.7483,-0.5000000000000004,0,1,10.36,-0.8660254037844385,0,0.26,26.95,0.0,0,0,1,231.95
02/08/2024,-0.02,-2.16,0.6,184.1,59.34,10.4,31,0.2,61.74,134.39,23.53,40.82,199.83,8,1018.0,5.7273,-0.5000000000000004,0,1,10.39,-0.8660254037844385,0,0.26,26.43,0.0,0,0,1,233.15
03/08/2024,-0.02,-2.16,0.6,184.1,59.34,10.4,31,0.2,61.74,134.39,23.53,40.82,199.83,8,1018.0,5.7273,-0.5000000000000004,0,1,10.39,-0.8660254037844385,0,0.26,25.52,0.0,0,0,1,233.15
04/08/2024,-0.02,-2.16,0.6,184.1,59.34,10.4,31,0.2,61.74,134.39,23.53,40.82,199.83,8,1018.0,5.7273,-0.5000000000000004,0,1,10.39,-0.8660254037844385,0,0.26,25.56,0.0,0,0,1,233.15
05/08/2024,-0.02,-2.16,0.6,181.55,59.14,10.4,32,0.2,61.8,134.87,23.52,40.87,197.22,8,1031.5,5.7238,-0.5000000000000004,0,1,10.31,-0.8660254037844385,0,0.26,24.95,0.0,0,0,1,234.4
06/08/2024,-0.02,-2.16,0.6,181.98,59.19,10.4,32,0.2,60.37,135.15,23.91,41.53,202.38,8,1014.0,5.6623,-0.5000000000000004,0,1,10.47,-0.8660254037844385,0,0.26,25.79,0.0,0,0,1,234.7
07/08/2024,-0.02,-2.16,0.6,182.27,59.2,10.4,32,0.2,60.12,133.47,23.73,40.99,205.0,8,1005.25,5.6341,-0.5000000000000004,0,1,10.52,-0.8660254037844385,0,0.26,25.9,0.0,0,0,1,230.55
08/08/2024,-0.02,-2.16,0.6,182.05,59.02,10.4,32,0.2,60.06,132.95,23.85,41.48,205.15,8,993.5,5.5493,-0.5000000000000004,0,1,10.59,-0.8660254037844385,0,0.26,26.06,0.0,0,0,1,231.2
09/08/2024,-0.02,-2.16,0.6,184.25,58.86,10.4,32,0.2,60.15,131.28,23.82,42.51,206.66,8,988.75,5.5064,-0.5000000000000004,0,1,10.68,-0.8660254037844385,0,0.26,26.4,0.5,0,0,1,234.3
10/08/2024,-0.02,-2.16,0.6,184.25,58.86,10.4,32,0.2,60.15,131.28,23.82,42.51,206.66,8,988.75,5.5064,-0.5000000000000004,0,1,10.68,-0.8660254037844385,0,0.26,24.38,0.5,0,0,1,234.3
11/08/2024,-0.02,-2.16,0.6,184.25,58.86,10.4,32,0.2,60.15,131.28,23.82,42.51,206.66,8,988.75,5.5064,-0.5000000000000004,0,1,10.68,-0.8660254037844385,0,0.26,26.14,1.5,0,0,1,234.3
12/08/2024,-0.02,-2.16,0.6,183.32,59.07,10.4,33,0.2,60.39,129.08,23.46,42.78,206.59,8,971.25,5.4974,-0.5000000000000004,0,1,10.73,-0.8660254037844385,0,0.26,26.63,0.0,0,0,1,235.4
13/08/2024,-0.02,-2.16,0.6,184.0,59.22,10.4,33,0.2,59.94,126.38,23.16,43.14,207.57,8,947.25,5.4538,-0.5000000000000004,0,1,10.85,-0.8660254037844385,0,0.26,26.81,0.0,0,0,1,235.4
14/08/2024,-0.02,-2.16,0.6,184.6,59.39,10.4,33,0.2,59.72,123.73,22.6,42.78,207.85,8,952.25,5.473,-0.5000000000000004,0,1,10.85,-0.8660254037844385,0,0.26,27.85,0.0,0,0,1,234.2
15/08/2024,-0.02,-2.16,0.6,184.05,59.01,10.4,33,0.2,60.21,124.43,22.7,42.48,205.29,8,968.5,5.4827,-0.5000000000000004,0,1,10.76,-0.8660254037844385,0,0.26,28.42,0.0,0,0,1,232.85
16/08/2024,-0.02,-2.16,0.6,182.8,59.75,10.4,33,0.2,59.39,124.72,22.8,42.7,207.88,8,957.0,5.4753,-0.5000000000000004,0,1,10.92,-0.8660254037844385,0,0.26,29.48,0.0,0,0,1,233.5
17/08/2024,-0.02,-2.16,0.6,182.8,59.75,10.4,33,0.2,59.39,124.72,22.8,42.7,207.88,8,957.0,5.4753,-0.5000000000000004,0,1,10.92,-0.8660254037844385,0,0.26,29.34,0.0,0,0,1,233.5
18/08/2024,-0.02,-2.16,0.6,182.8,59.75,10.4,33,0.2,59.39,124.72,22.8,42.7,207.88,8,957.0,5.4753,-0.5000000000000004,0,1,10.92,-0.8660254037844385,0,0.26,28.12,0.0,0,0,1,233.5
19/08/2024,-0.02,-2.16,0.6,182.8,59.83,10.4,34,0.2,60.1,124.47,23.01,43.15,208.87,8,976.0,5.4121,-0.5000000000000004,0,1,11.06,-0.8660254037844385,0,0.26,27.8,0.0,0,0,1,233.45
20/08/2024,-0.02,-2.16,0.6,181.02,59.69,10.4,34,0.2,60.5,124.05,22.69,42.93,208.7,8,976.0,5.478,-0.5000000000000004,0,1,10.92,-0.8660254037844385,0,0.26,28.1,0.0,0,0,1,234.75
21/08/2024,-0.02,-2.16,0.6,181.23,59.89,10.4,34,0.2,60.15,125.54,22.93,43.01,209.4,8,981.5,5.4858,-0.5000000000000004,0,1,10.94,-0.8660254037844385,0,0.26,28.29,0.0,0,0,1,235.5
22/08/2024,-0.02,-2.16,0.6,182.55,60.12,10.4,34,0.2,60.48,127.06,22.73,42.28,209.62,8,961.5,5.5834,-0.5000000000000004,0,1,10.76,-0.8660254037844385,0,0.26,28.91,0.0,0,0,1,236.3
23/08/2024,-0.02,-2.16,0.6,182.57,60.02,10.4,34,0.2,60.26,127.86,23.35,43.4,207.05,8,973.0,5.4863,-0.5000000000000004,0,1,10.96,-0.8660254037844385,0,0.26,29.06,0.0,0,0,1,237.7
24/08/2024,-0.02,-2.16,0.6,182.57,60.02,10.4,34,0.2,60.26,127.86,23.35,43.4,207.05,8,973.0,5.4863,-0.5000000000000004,0,1,10.96,-0.8660254037844385,0,0.26,28.66,0.0,0,0,1,237.7
25/08/2024,-0.02,-2.16,0.6,182.57,60.02,10.4,34,0.2,60.26,127.86,23.35,43.4,207.05,8,973.0,5.4863,-0.5000000000000004,0,1,10.96,-0.8660254037844385,0,0.26,27.83,0.0,0,0,1,237.7
26/08/2024,-0.02,-2.16,0.6,183.6,59.74,10.4,35,0.2,60.15,127.12,23.16,43.33,208.43,8,980.75,5.495,-0.5000000000000004,0,1,10.88,-0.8660254037844385,0,0.26,25.95,0.0,0,0,1,237.8
27/08/2024,-0.02,-2.16,0.6,185.18,59.98,10.4,35,0.2,60.42,128.67,23.39,43.24,212.4,8,986.5,5.5082,-0.5000000000000004,0,1,10.9,-0.8660254037844385,0,0.26,28.31,0.0,0,0,1,237.85
28/08/2024,-0.02,-2.16,0.6,183.75,59.92,10.4,35,0.2,60.45,129.36,23.31,42.87,215.12,8,977.0,5.5644,-0.5000000000000004,0,1,10.8,-0.8660254037844385,0,0.26,29.19,0.0,0,0,1,237.9
29/08/2024,-0.02,-2.16,0.6,184.88,60.27,10.4,35,0.2,61.1,131.3,23.37,42.53,214.1,8,992.5,5.6266,-0.5000000000000004,0,1,10.73,-0.8660254037844385,0,0.26,28.14,0.0,0,0,1,239.0
30/08/2024,-0.02,-2.16,0.6,185.85,60.59,10.4,35,0.2,61.61,134.43,23.79,42.43,215.74,8,1000.0,5.6103,-0.5000000000000004,0,1,10.72,-0.8660254037844385,0,0.26,27.6,0.0,0,0,1,239.75
31/08/2024,-0.02,-2.16,0.6,185.85,60.59,10.4,35,0.2,61.61,134.43,23.79,42.43,215.74,8,1000.0,5.6103,-0.5000000000000004,0,1,10.72,-0.8660254037844385,0,0.26,28.19,0.0,0,0,1,239.75
01/09/2024,-0.02,-3.82,0.6,185.85,60.59,10.4,35,0.2,61.61,134.43,23.79,42.43,215.74,9,1000.0,5.6103,-1.8369701987210297e-16,0,0,10.72,-1.0,0,0.26,28.94,0.0,0,0,1,239.75
02/09/2024,0.44,-3.82,0.6,185.85,60.59,10.4,36,0.2,61.61,134.43,23.79,42.43,215.74,9,1000.0,5.6103,-1.8369701987210297e-16,0,0,10.72,-1.0,0,0.26,28.58,0.0,0,0,1,239.75
03/09/2024,0.44,-3.82,0.6,179.27,61.14,10.4,36,0.2,62.18,135.93,24.07,42.82,212.64,9,1012.0,5.6454,-1.8369701987210297e-16,0,0,10.83,-1.0,0,0.26,28.68,0.0,0,0,1,241.8
04/09/2024,0.44,-3.82,0.6,179.23,61.57,10.4,36,0.2,63.08,137.47,24.39,43.21,216.0,9,1021.5,5.6399,-1.8369701987210297e-16,0,0,10.92,-1.0,0,0.26,28.72,0.0,0,0,1,243.6
05/09/2024,0.44,-3.82,0.6,177.25,61.89,10.4,36,0.2,62.7,137.0,24.56,44.24,219.38,9,1023.5,5.5741,-1.8369701987210297e-16,0,0,11.09,-1.0,0,0.26,28.61,0.0,0,0,1,246.8
06/09/2024,0.44,-3.82,0.6,175.18,62.17,10.4,36,0.2,62.82,137.12,24.51,44.13,220.5,9,1005.0,5.599,-1.8369701987210297e-16,0,0,11.11,-1.0,0,0.26,29.36,0.5,0,0,1,246.9
07/09/2024,0.44,-3.82,0.6,175.18,62.17,10.4,36,0.2,62.82,137.12,24.51,44.13,220.5,9,1005.0,5.599,-1.8369701987210297e-16,0,0,11.11,-1.0,0,0.26,29.2,1.5,0,0,1,246.9
08/09/2024,0.44,-3.82,0.6,175.18,62.17,10.4,36,0.2,62.82,137.12,24.51,44.13,220.5,9,1005.0,5.599,-1.8369701987210297e-16,0,0,11.11,-1.0,0,0.26,29.62,0.5,0,0,1,246.9
09/09/2024,0.44,-3.82,0.6,176.93,62.33,10.4,37,0.2,63.85,136.6,24.46,44.26,218.54,9,1018.0,5.5842,-1.8369701987210297e-16,0,0,11.16,-1.0,0,0.26,28.81,0.0,0,0,1,247.15
10/09/2024,0.44,-3.82,0.6,176.32,62.82,10.4,37,0.2,63.45,136.49,24.13,43.7,218.48,9,997.25,5.6582,-1.8369701987210297e-16,0,0,11.1,-1.0,0,0.26,28.74,0.0,0,0,1,247.2
11/09/2024,0.44,-3.82,0.6,176.95,63.42,10.4,37,0.2,63.37,136.15,24.09,44.12,218.59,9,1000.5,5.6618,-1.8369701987210297e-16,0,0,11.22,-1.0,0,0.26,29.18,0.0,0,0,1,249.35
12/09/2024,0.44,-3.82,0.6,178.02,63.5,10.4,37,0.2,63.78,136.5,24.29,44.72,217.3,9,1010.75,5.6276,-1.8369701987210297e-16,0,0,11.3,-1.0,0,0.26,29.21,0.0,0,0,1,251.35
13/09/2024,0.44,-3.82,0.6,177.65,62.74,10.4,37,0.2,63.91,136.15,24.47,45.65,216.99,9,1006.25,5.564,-1.8369701987210297e-16,0,0,11.28,-1.0,0,0.26,29.16,0.0,0,0,1,254.0
14/09/2024,0.44,-3.82,0.6,177.65,62.74,10.4,37,0.2,63.91,136.15,24.47,45.65,216.99,9,1006.25,5.564,-1.8369701987210297e-16,0,0,11.28,-1.0,0,0.26,30.21,0.0,0,0,1,254.0
15/09/2024,0.44,-3.82,0.6,177.65,62.74,10.4,37,0.2,63.91,136.15,24.47,45.65,216.99,9,1006.25,5.564,-1.8369701987210297e-16,0,0,11.28,-1.0,0,0.26,30.24,0.0,0,0,1,254.0
16/09/2024,0.44,-3.82,0.6,177.23,62.42,10.4,38,0.2,62.89,135.42,24.55,45.78,218.53,9,1023.5,5.51,-1.8369701987210297e-16,0,0,11.32,-1.0,0,0.26,30.29,0.0,0,0,1,252.45
17/09/2024,0.44,-3.82,0.6,178.8,62.02,10.4,38,0.2,67.3,135.53,24.71,46.86,218.18,9,1024.75,5.4825,-1.8369701987210297e-16,0,0,11.31,-1.0,0,0.26,30.47,0.0,0,0,1,257.05
18/09/2024,0.44,-3.82,0.6,178.3,62.34,10.4,38,0.2,66.36,135.0,24.79,47.25,216.3,9,1032.0,5.4612,-1.8369701987210297e-16,0,0,11.45,-1.0,0,0.26,30.6,0.0,0,0,1,257.3
19/09/2024,0.44,-3.82,0.6,179.98,62.31,10.65,38,0.2,66.88,134.53,24.79,47.9,214.76,9,1031.25,5.4263,-1.8369701987210297e-16,0,0,11.48,-1.0,0,0.26,31.58,0.0,0,0,1,259.95
20/09/2024,0.44,-3.82,0.6,182.48,62.2,10.65,38,0.2,67.86,134.76,24.42,47.3,213.16,9,1029.5,5.5103,-1.8369701987210297e-16,0,0,11.27,-1.0,0,0.26,30.4,0.0,0,0,1,261.05
21/09/2024,0.44,-3.82,0.6,182.48,62.2,10.65,38,0.2,67.86,134.76,24.42,47.3,213.16,9,1029.5,5.5103,-1.8369701987210297e-16,0,0,11.27,-1.0,0,0.26,31.05,0.0,0,0,1,261.05
22/09/2024,0.44,-3.82,0.6,182.48,62.2,10.65,38,0.2,67.86,134.76,24.42,47.3,213.16,9,1029.5,5.5103,-1.8369701987210297e-16,0,0,11.27,-1.0,0,0.26,30.7,0.0,0,0,1,261.05
23/09/2024,0.44,-3.82,0.6,183.25,62.69,10.65,39,0.2,68.13,136.85,24.73,47.29,215.86,9,1056.75,5.5364,-1.8369701987210297e-16,0,0,11.33,-1.0,0,0.26,31.1,0.0,0,0,1,261.7
24/09/2024,0.44,-3.82,0.6,183.2,63.24,10.65,39,0.2,68.12,138.6,25.38,48.54,218.16,9,1060.5,5.4547,-1.8369701987210297e-16,0,0,11.58,-1.0,0,0.26,32.14,0.0,0,0,1,265.05
25/09/2024,0.44,-3.82,0.6,183.05,63.34,10.65,39,0.2,67.69,138.02,25.2,48.48,217.52,9,1071.75,5.4774,-1.8369701987210297e-16,0,0,11.56,-1.0,0,0.26,31.57,0.0,0,0,1,265.6
26/09/2024,0.44,-3.82,0.6,184.1,63.57,10.65,39,0.2,68.17,138.81,25.48,49.67,218.47,9,1059.25,5.4375,-1.8369701987210297e-16,0,0,11.67,-1.0,0,0.26,30.91,0.0,0,0,1,270.55
27/09/2024,0.44,-3.82,0.6,183.75,63.88,10.65,39,0.2,68.64,138.62,25.5,50.38,218.3,9,1083.0,5.4329,-1.8369701987210297e-16,0,0,11.75,-1.0,0,0.26,30.66,0.0,0,0,1,273.9
28/09/2024,0.44,-3.82,0.6,183.75,63.88,10.65,39,0.2,68.64,138.62,25.5,50.38,218.3,9,1083.0,5.4329,-1.8369701987210297e-16,0,0,11.75,-1.0,0,0.26,31.92,0.0,0,0,1,273.9
29/09/2024,0.44,-3.82,0.6,183.75,63.88,10.65,39,0.2,68.64,138.62,25.5,50.38,218.3,9,1083.0,5.4329,-1.8369701987210297e-16,0,0,11.75,-1.0,0,0.26,32.79,0.0,0,0,1,273.9
30/09/2024,0.44,-3.82,0.6,183.77,64.3,10.65,40,0.2,68.93,139.02,25.48,50.28,220.65,9,1075.25,5.4482,-1.8369701987210297e-16,0,0,11.79,-1.0,0,0.26,33.0,0.0,0,0,1,274.35
01/10/2024,0.56,-0.01,-3.8,184.48,65.04,10.65,40,0.1,68.97,138.72,25.42,50.63,225.28,10,1075.5,5.4368,0.5000000000000001,0,0,11.92,-0.8660254037844386,0,0.26,30.93,0.0,0,0,0,276.35
02/10/2024,0.56,-0.01,-3.8,187.43,65.52,10.65,40,0.1,69.61,138.98,25.52,51.59,223.57,10,1074.25,5.4407,0.5000000000000001,0,0,12.03,-0.8660254037844386,0,0.26,31.09,0.0,0,0,0,281.0
03/10/2024,0.56,-0.01,-3.8,186.0,65.71,10.65,40,0.1,69.48,139.79,25.54,52.22,224.27,10,1064.5,5.4759,0.5000000000000001,0,0,12.01,-0.8660254037844386,0,0.26,31.43,0.0,0,0,0,285.8
04/10/2024,0.56,-0.01,-3.8,187.0,66.21,10.65,40,0.1,68.05,140.12,25.66,53.44,224.43,10,1056.0,5.4555,0.5000000000000001,0,0,12.13,-0.8660254037844386,0,0.26,31.32,0.0,0,0,0,291.8
05/10/2024,0.56,-0.01,-3.8,187.0,66.21,10.65,40,0.1,68.05,140.12,25.66,53.44,224.43,10,1056.0,5.4555,0.5000000000000001,0,0,12.13,-0.8660254037844386,0,0.26,32.37,0.0,0,0,0,291.8
06/10/2024,0.56,-0.01,-3.8,187.0,66.21,10.65,40,0.1,68.05,140.12,25.66,53.44,224.43,10,1056.0,5.4555,0.5000000000000001,0,0,12.13,-0.8660254037844386,0,0.26,32.74,0.0,0,0,0,291.8
07/10/2024,0.56,-0.01,-3.8,187.48,66.05,10.65,41,0.1,67.0,139.4,25.42,53.46,221.73,10,1052.5,5.49,0.5000000000000001,0,0,12.04,-0.8660254037844386,0,0.26,30.28,0.0,0,0,0,293.15
08/10/2024,0.56,-0.01,-3.8,188.48,66.21,10.65,41,0.1,67.83,138.91,25.11,53.18,221.68,10,1034.5,5.5349,0.5000000000000001,0,0,11.97,-0.8660254037844386,0,0.26,30.61,0.0,0,0,0,294.2
09/10/2024,0.56,-0.01,-3.8,188.2,67.07,10.65,41,0.1,68.23,139.47,24.98,52.64,221.46,10,1037.0,5.5941,0.5000000000000001,0,0,12.01,-0.8660254037844386,0,0.26,31.91,0.0,0,0,0,293.9
10/10/2024,0.56,-0.01,-3.8,189.18,67.69,10.65,41,0.1,68.82,139.35,24.95,52.73,221.25,10,1031.5,5.5821,0.5000000000000001,0,0,12.12,-0.8660254037844386,0,0.26,31.42,0.5,0,0,0,294.5
11/10/2024,0.56,-0.01,-3.8,188.6,67.75,10.65,41,0.1,68.49,139.49,24.81,52.91,221.72,10,1021.0,5.6126,0.5000000000000001,0,0,12.05,-0.8660254037844386,0,0.26,29.15,0.5,0,0,0,297.5
12/10/2024,0.56,-0.01,-3.8,188.6,67.75,10.65,41,0.1,68.49,139.49,24.81,52.91,221.72,10,1021.0,5.6126,0.5000000000000001,0,0,12.05,-0.8660254037844386,0,0.26,29.89,1.5,0,0,0,297.5
13/10/2024,0.56,-0.01,-3.8,188.6,67.75,10.65,41,0.1,68.49,139.49,24.81,52.91,221.72,10,1021.0,5.6126,0.5000000000000001,0,0,12.05,-0.8660254037844386,0,0.26,31.77,0.0,0,0,0,297.5
14/10/2024,0.56,-0.01,-3.8,188.25,67.81,10.65,42,0.1,67.38,138.61,24.83,53.47,224.2,10,1011.5,5.5928,0.5000000000000001,0,0,12.15,-0.8660254037844386,0,0.26,30.42,0.0,0,0,0,298.55
15/10/2024,0.56,-0.01,-3.8,186.73,67.96,10.65,42,0.1,68.61,138.7,24.52,52.9,224.82,10,1003.5,5.6502,0.5000000000000001,0,0,12.01,-0.8660254037844386,0,0.26,25.79,0.0,0,0,0,299.25
16/10/2024,0.56,-0.01,-3.8,187.05,68.44,10.65,42,0.1,68.51,139.27,24.58,53.01,227.17,10,994.0,5.6652,0.5000000000000001,0,0,12.08,-0.8660254037844386,0,0.26,27.58,0.0,0,0,0,300.3
17/10/2024,0.56,-0.01,-3.8,186.63,68.42,10.65,42,0.1,68.97,138.85,24.5,53.28,227.23,10,998.0,5.6546,0.5000000000000001,0,0,12.07,-0.8660254037844386,0,0.26,27.08,0.0,0,0,0,301.95
18/10/2024,0.56,-0.01,-3.8,187.63,68.77,10.65,42,0.1,69.26,138.68,24.37,53.08,228.32,10,982.75,5.6912,0.5000000000000001,0,0,12.08,-0.8660254037844386,0,0.26,26.87,0.0,0,0,0,302.1
19/10/2024,0.56,-0.01,-3.8,187.63,68.77,10.65,42,0.1,69.26,138.68,24.37,53.08,228.32,10,982.75,5.6912,0.5000000000000001,0,0,12.08,-0.8660254037844386,0,0.26,26.24,0.0,0,0,0,302.1
20/10/2024,0.56,-0.01,-3.8,187.63,68.77,10.65,42,0.1,69.26,138.68,24.37,53.08,228.32,10,982.75,5.6912,0.5000000000000001,0,0,12.08,-0.8660254037844386,0,0.26,27.69,0.0,0,0,0,302.1
21/10/2024,0.56,-0.01,-3.8,187.0,69.76,10.65,43,0.1,70.03,138.98,24.37,53.72,227.05,10,989.75,5.6939,0.5000000000000001,0,0,12.23,-0.8660254037844386,0,0.26,23.7,0.0,0,0,0,306.3
22/10/2024,0.56,-0.01,-3.8,188.05,69.94,10.65,43,0.1,70.88,139.86,24.53,54.03,226.17,10,1000.5,5.6894,0.5000000000000001,0,0,12.27,-0.8660254037844386,0,0.26,27.65,0.0,0,0,0,308.1
23/10/2024,0.56,-0.01,-3.8,187.63,70.59,10.65,43,0.1,71.63,140.35,24.67,54.27,227.14,10,1005.0,5.6884,0.5000000000000001,0,0,12.41,-0.8660254037844386,0,0.26,31.13,0.0,0,0,0,308.8
24/10/2024,0.56,-0.01,-3.8,189.3,71.36,10.65,43,0.1,72.2,141.64,24.95,55.1,229.69,10,1005.0,5.6643,0.5000000000000001,0,0,12.57,-0.8660254037844386,0,0.26,31.62,0.0,0,0,0,312.75
25/10/2024,0.56,-0.01,-3.8,189.7,71.67,10.65,43,0.1,72.56,141.76,24.83,54.84,226.14,10,997.5,5.7073,0.5000000000000001,0,0,12.55,-0.8660254037844386,0,0.26,29.39,0.0,0,0,0,313.1
26/10/2024,0.56,-0.01,-3.8,189.7,71.67,10.65,43,0.1,72.56,141.76,24.83,54.84,226.14,10,997.5,5.7073,0.5000000000000001,0,0,12.55,-0.8660254037844386,0,0.26,28.26,0.0,0,0,0,313.1
27/10/2024,0.56,-0.01,-3.8,189.7,71.67,10.65,43,0.1,72.56,141.76,24.83,54.84,226.14,10,997.5,5.7073,0.5000000000000001,0,0,12.55,-0.8660254037844386,0,0.26,26.14,0.0,0,0,0,313.1
28/10/2024,0.56,-0.01,-3.8,190.18,72.17,10.65,44,0.1,72.28,140.68,24.65,55.04,228.12,10,986.0,5.7096,0.5000000000000001,0,0,12.65,-0.8660254037844386,0,0.26,27.03,0.0,0,0,0,314.1
29/10/2024,0.56,-0.01,-3.8,189.3,72.37,10.65,44,0.1,73.29,140.15,24.31,54.77,227.09,10,979.0,5.7604,0.5000000000000001,0,0,12.56,-0.8660254037844386,0,0.26,28.7,0.0,0,0,0,315.7
30/10/2024,0.56,-0.01,-3.8,188.4,72.67,10.65,44,0.1,73.2,140.53,24.38,55.22,227.26,10,991.25,5.763,0.5000000000000001,0,0,12.61,-0.8660254037844386,0,0.26,27.22,0.0,0,0,0,318.3
31/10/2024,0.56,-0.01,-3.8,193.0,72.94,10.65,44,0.1,72.94,141.13,24.41,55.11,225.36,10,994.5,5.7867,0.5000000000000001,0,0,12.62,-0.8660254037844386,0,0.26,26.47,0.5,0,0,0,318.6
01/11/2024,0.39,-0.39,-3.8,185.93,73.11,10.65,44,0.1,72.99,141.89,24.17,54.61,223.61,11,993.75,5.8681,0.8660254037844384,0,0,12.46,-0.5000000000000004,0,0.26,26.97,0.5,0,0,0,320.55
02/11/2024,0.39,-0.39,-3.8,185.93,73.11,10.65,44,0.1,72.99,141.89,24.17,54.61,223.61,11,993.75,5.8681,0.8660254037844384,0,0,12.46,-0.5000000000000004,0,0.26,29.19,1.5,0,0,0,320.55
03/11/2024,0.39,-0.39,-3.8,185.93,73.11,10.65,44,0.1,72.99,141.89,24.17,54.61,223.61,11,993.75,5.8681,0.8660254037844384,0,0,12.46,-0.5000000000000004,0,0.26,27.9,0.0,0,0,0,320.55
04/11/2024,0.39,-0.39,-3.8,185.07,72.93,10.65,45,0.1,72.86,141.31,24.47,55.56,223.08,11,997.25,5.7916,0.8660254037844384,0,0,12.63,-0.5000000000000004,0,0.26,27.27,0.0,0,0,0,320.8
05/11/2024,0.39,-0.39,-3.8,184.77,73.07,10.65,45,0.1,72.22,141.74,24.65,55.8,225.19,11,1001.75,5.7508,0.8660254037844384,0,0,12.71,-0.5000000000000004,0,0.26,25.46,0.0,0,0,0,320.9
06/11/2024,0.39,-0.39,-3.8,185.4,74.21,10.65,45,0.1,72.39,141.18,24.85,57.3,221.17,11,1003.75,5.6793,0.8660254037844384,0,0,13.06,-0.5000000000000004,0,0.26,26.89,0.0,0,0,0,325.5
07/11/2024,0.39,-0.39,-3.8,185.82,74.41,11.15,45,0.1,73.57,141.44,24.88,57.41,222.04,11,1026.25,5.6923,0.8660254037844384,0,0,13.09,-0.5000000000000004,0,0.26,26.73,0.0,0,0,0,326.3
08/11/2024,0.39,-0.39,-3.8,183.7,74.64,11.15,45,0.1,73.8,141.12,24.53,57.2,225.66,11,1030.25,5.7376,0.8660254037844384,0,0,12.97,-0.5000000000000004,0,0.26,27.36,0.0,0,0,0,329.05
09/11/2024,0.39,-0.39,-3.8,183.7,74.64,11.15,45,0.1,73.8,141.12,24.53,57.2,225.66,11,1030.25,5.7376,0.8660254037844384,0,0,12.97,-0.5000000000000004,0,0.26,27.1,0.0,0,0,0,329.05
10/11/2024,0.39,-0.39,-3.8,183.7,74.64,11.15,45,0.1,73.8,141.12,24.53,57.2,225.66,11,1030.25,5.7376,0.8660254037844384,0,0,12.97,-0.5000000000000004,0,0.26,27.81,0.0,0,0,0,329.05
11/11/2024,0.39,-0.39,-3.8,183.7,74.55,11.15,46,0.1,74.44,141.85,24.58,57.98,225.93,11,1022.25,5.7559,0.8660254037844384,0,0,12.92,-0.5000000000000004,0,0.26,26.5,0.0,0,0,0,334.6
12/11/2024,0.39,-0.39,-3.8,184.4,74.37,11.15,46,0.1,74.28,141.73,24.57,58.11,226.31,11,1010.5,5.749,0.8660254037844384,0,0,12.89,-0.5000000000000004,0,0.26,26.72,0.0,0,0,0,335.15
13/11/2024,0.39,-0.39,-3.8,184.02,74.45,11.15,46,0.1,74.12,140.76,24.28,58.57,228.14,11,1007.75,5.8061,0.8660254037844384,0,0,12.84,-0.5000000000000004,0,0.26,27.71,0.0,0,0,0,339.6
14/11/2024,0.39,-0.39,-3.8,182.95,74.67,11.15,46,0.1,74.18,140.51,24.31,59.21,223.42,11,987.5,5.789,0.8660254037844384,0,0,12.92,-0.5000000000000004,0,0.26,26.06,0.0,0,0,0,342.2
15/11/2024,0.39,-0.39,-3.8,182.95,74.67,11.15,46,0.1,74.18,140.51,24.31,59.21,223.42,11,1008.75,5.7947,0.8660254037844384,0,0,12.92,-0.5000000000000004,0,0.26,25.47,0.0,0,0,0,342.2
16/11/2024,0.39,-0.39,-3.8,182.95,74.67,11.15,46,0.1,74.18,140.51,24.31,59.21,223.42,11,1008.75,5.7947,0.8660254037844384,0,0,12.92,-0.5000000000000004,0,0.26,26.39,0.0,0,0,0,342.2
17/11/2024,0.39,-0.39,-3.8,182.95,74.67,11.15,46,0.1,74.18,140.51,24.31,59.21,223.42,11,1008.75,5.7947,0.8660254037844384,0,0,12.92,-0.5000000000000004,0,0.26,27.41,0.0,0,0,0,342.2
18/11/2024,0.39,-0.39,-3.8,184.1,74.66,11.15,47,0.1,74.18,139.85,24.35,59.92,227.56,11,1019.0,5.7473,0.8660254037844384,0,0,13.0,-0.5000000000000004,0,0.26,27.72,0.0,0,0,0,344.2
19/11/2024,0.39,-0.39,-3.8,186.57,73.55,11.15,47,0.1,72.92,139.72,24.2,59.66,229.66,11,1008.5,5.7694,0.8660254037844384,0,0,12.74,-0.5000000000000004,0,0.26,28.66,0.0,0,0,0,344.45
20/11/2024,0.39,-0.39,-3.8,186.3,73.55,11.15,47,0.1,72.92,139.72,24.2,59.66,229.66,11,999.25,5.7725,0.8660254037844384,0,0,12.74,-0.5000000000000004,0,0.26,29.06,0.0,0,0,0,344.45
21/11/2024,0.39,-0.39,-3.8,185.6,73.46,11.15,47,0.1,72.38,139.77,24.02,59.65,226.56,11,985.25,5.8144,0.8660254037844384,0,0,12.63,-0.5000000000000004,0,0.26,29.35,0.0,0,0,0,347.05
22/11/2024,0.39,-0.39,-3.8,186.77,73.41,11.15,47,0.1,72.0,138.96,23.92,59.82,229.04,11,992.25,5.801,0.8660254037844384,0,0,12.63,-0.5000000000000004,0,0.26,26.27,0.0,0,0,0,347.55
23/11/2024,0.39,-0.39,-3.8,186.77,73.41,11.15,47,0.1,72.0,138.96,23.92,59.82,229.04,11,992.25,5.801,0.8660254037844384,0,0,12.63,-0.5000000000000004,0,0.26,25.37,0.0,0,0,0,347.55
24/11/2024,0.39,-0.39,-3.8,186.77,73.41,11.15,47,0.1,72.0,138.96,23.92,59.82,229.04,11,992.25,5.801,0.8660254037844384,0,0,12.63,-0.5000000000000004,0,0.26,24.49,0.0,0,0,0,347.55
25/11/2024,0.39,-0.39,-3.8,186.5,73.48,11.15,48,0.1,71.31,138.89,23.91,60.21,229.37,11,994.25,5.7983,0.8660254037844384,0,0,12.65,-0.5000000000000004,0,0.26,26.33,0.0,0,0,0,349.75
26/11/2024,0.39,-0.39,-3.8,186.9,73.12,11.15,48,0.1,70.31,139.02,23.94,60.62,234.39,11,994.0,5.8095,0.8660254037844384,0,0,12.59,-0.5000000000000004,0,0.26,26.25,0.0,0,0,0,352.0
27/11/2024,0.39,-0.39,-3.8,188.0,72.51,11.15,48,0.1,70.65,139.26,23.54,59.61,237.33,11,997.0,5.9377,0.8660254037844384,0,0,12.26,-0.5000000000000004,0,0.26,27.81,0.0,0,0,0,352.65
28/11/2024,0.39,-0.39,-3.8,188.0,72.51,11.15,48,0.1,70.65,139.26,23.54,59.61,237.33,11,997.0,5.9377,0.8660254037844384,0,0,12.26,-0.5000000000000004,0,0.26,28.1,0.0,0,0,0,352.65
29/11/2024,0.39,-0.39,-3.8,187.98,72.77,11.15,48,0.1,71.42,140.52,23.4,58.6,238.0,11,996.0,5.973,0.8660254037844384,0,0,12.12,-0.5000000000000004,0,0.26,28.14,0.0,0,0,0,351.95
30/11/2024,0.39,-0.39,-3.8,187.98,72.77,11.15,48,0.1,71.42,140.52,23.4,58.6,238.0,11,996.0,5.973,0.8660254037844384,0,0,12.12,-0.5000000000000004,0,0.26,27.6,0.0,0,0,0,351.95
01/12/2024,0.39,0.31,-3.8,187.98,72.77,11.15,48,0.1,71.42,140.52,23.4,58.6,238.0,12,996.0,5.973,1.0,0,1,12.12,-2.4492935982947064e-16,0,0.26,27.4,0.0,0,0,0,351.95
02/12/2024,0.52,0.31,-3.8,187.52,72.69,11.15,49,0.1,72.49,141.33,23.29,57.98,235.61,12,991.0,6.058,1.0,0,1,11.98,-2.4492935982947064e-16,0,0.26,26.83,0.0,0,0,0,351.8
03/12/2024,0.52,0.31,-3.8,188.48,72.57,11.15,49,0.1,72.33,141.35,23.34,55.55,240.73,12,997.25,6.044,1.0,0,1,11.98,-2.4492935982947064e-16,0,0.26,26.68,0.0,0,0,0,336.4
04/12/2024,0.52,0.31,-3.8,188.38,72.47,11.15,49,0.1,71.12,141.13,23.37,55.03,243.0,12,989.75,6.0409,1.0,0,1,12.0,-2.4492935982947064e-16,0,0.26,27.95,0.0,0,0,0,332.35
05/12/2024,0.52,0.31,-3.8,186.98,73.09,11.15,49,0.1,72.32,140.84,23.47,53.97,246.02,12,999.0,6.0113,1.0,0,1,12.18,-2.4492935982947064e-16,0,0.26,27.18,0.0,0,0,0,323.9
06/12/2024,0.52,0.31,-3.8,187.38,73.2,11.15,49,0.1,73.97,140.12,23.02,53.18,239.38,12,999.25,6.0894,1.0,0,1,12.03,-2.4492935982947064e-16,0,0.26,27.75,0.0,0,0,0,323.7
07/12/2024,0.52,0.31,-3.8,187.38,73.2,11.15,49,0.1,73.97,140.12,23.02,53.18,239.38,12,999.25,6.0894,1.0,0,1,12.03,-2.4492935982947064e-16,0,0.26,28.36,0.0,0,0,0,323.7
08/12/2024,0.52,0.31,-3.8,187.38,73.2,11.15,49,0.1,73.97,140.12,23.02,53.18,239.38,12,999.25,6.0894,1.0,0,1,12.03,-2.4492935982947064e-16,0,0.26,25.99,0.0,0,0,0,323.7
09/12/2024,0.52,0.31,-3.8,187.8,73.54,11.15,50,0.1,74.89,140.74,23.13,52.94,236.72,12,995.5,6.0788,1.0,0,1,12.08,-2.4492935982947064e-16,0,0.26,27.64,0.0,0,0,0,322.15
10/12/2024,0.52,0.31,-3.8,189.85,73.62,11.15,50,0.1,75.92,140.45,23.18,52.18,239.19,12,1000.25,6.045,1.0,0,1,12.15,-2.4492935982947064e-16,0,0.26,26.5,0.0,0,0,0,316.1
11/12/2024,0.52,0.31,-3.8,192.25,73.67,11.15,50,0.1,76.38,139.68,23.23,52.62,234.3,12,1002.75,5.9543,1.0,0,1,12.25,-2.4492935982947064e-16,0,0.26,26.8,0.0,0,0,0,316.45
12/12/2024,0.52,0.31,-3.8,192.13,73.25,12.15,50,0.1,75.53,139.4,23.1,52.51,235.95,12,1003.25,5.9915,1.0,0,1,12.14,-2.4492935982947064e-16,0,0.26,29.2,0.0,0,0,0,316.85
13/12/2024,0.52,0.31,-3.8,193.65,72.93,12.15,50,0.1,74.43,138.94,22.99,51.94,237.19,12,995.0,6.0419,1.0,0,1,12.07,-2.4492935982947064e-16,0,0.26,28.66,0.0,0,0,0,313.8
14/12/2024,0.52,0.31,-3.8,193.65,72.93,12.15,50,0.1,74.43,138.94,22.99,51.94,237.19,12,995.0,6.0419,1.0,0,1,12.07,-2.4492935982947064e-16,0,0.26,27.86,0.0,0,0,0,313.8
15/12/2024,0.52,0.31,-3.8,193.65,72.93,12.15,50,0.1,74.43,138.94,22.99,51.94,237.19,12,995.0,6.0419,1.0,0,1,12.07,-2.4492935982947064e-16,0,0.26,26.75,0.5,0,1,0,313.8
16/12/2024,0.52,0.31,-3.8,192.02,72.89,12.15,51,0.1,74.0,137.62,22.62,50.91,235.92,12,986.0,6.1479,1.0,0,1,11.98,-2.4492935982947064e-16,0,0.26,27.0,0.5,0,1,0,309.8
17/12/2024,0.52,0.31,-3.8,192.25,72.73,12.15,51,0.1,74.56,137.47,22.59,51.1,235.99,12,978.75,6.1048,1.0,0,1,11.95,-2.4492935982947064e-16,0,0.26,26.66,0.5,0,1,0,310.9
18/12/2024,0.52,0.31,-3.8,191.3,72.74,12.15,51,0.1,74.66,136.87,21.93,50.49,237.08,12,953.25,6.2896,1.0,0,1,11.65,-2.4492935982947064e-16,0,0.26,27.35,0.5,0,1,0,315.15
19/12/2024,0.52,0.31,-3.8,190.35,72.45,12.15,51,0.1,73.9,135.66,22.18,51.59,236.82,12,966.5,6.1525,1.0,0,1,11.85,-2.4492935982947064e-16,0,0.26,28.68,0.5,0,1,0,315.55
20/12/2024,0.52,0.31,-3.8,191.32,72.73,12.15,51,0.1,73.29,135.07,22.29,52.0,238.53,12,979.25,6.0853,1.0,0,1,12.0,-2.4492935982947064e-16,0,0.26,27.86,1.0,0,1,0,315.1
21/12/2024,0.52,0.31,-3.8,191.32,72.73,12.15,51,0.1,73.29,135.07,22.29,52.0,238.53,12,979.25,6.0853,1.0,0,1,12.0,-2.4492935982947064e-16,0,0.26,27.12,1.0,0,1,0,315.1
22/12/2024,0.52,0.31,-3.8,191.32,72.73,12.15,51,0.1,73.29,135.07,22.29,52.0,238.53,12,979.25,6.0853,1.0,0,1,12.0,-2.4492935982947064e-16,0,0.26,26.13,1.0,0,1,0,315.1
23/12/2024,0.52,0.31,-3.8,190.98,72.84,12.15,52,0.1,73.4,135.43,21.88,50.82,238.01,12,975.5,6.1939,1.0,0,1,11.77,-2.4492935982947064e-16,0,0.26,28.13,1.0,0,1,0,314.6
24/12/2024,0.52,0.31,-3.8,190.8,72.84,12.15,52,0.1,73.4,135.43,21.88,50.82,239.47,12,981.25,6.1906,1.0,0,1,11.77,-2.4492935982947064e-16,0,0.26,26.03,1.5,0,1,0,314.6
25/12/2024,0.52,0.31,-3.8,190.8,72.84,12.15,52,0.1,73.4,135.43,21.88,50.82,239.47,12,981.25,6.1906,1.0,0,1,11.77,-2.4492935982947064e-16,0,0.26,26.53,2.5,0,1,0,314.6
26/12/2024,0.52,0.31,-3.8,192.77,72.69,12.15,52,0.1,73.17,135.74,21.97,51.13,239.21,12,997.25,6.1828,1.0,0,1,11.77,-2.4492935982947064e-16,0,0.26,26.3,1.0,0,1,0,315.85
27/12/2024,0.52,0.31,-3.8,193.5,72.65,12.15,52,0.1,73.29,135.8,21.93,51.41,233.5,12,989.75,6.1964,1.0,0,1,11.73,-2.4492935982947064e-16,0,0.26,26.13,1.0,0,1,0,318.35
28/12/2024,0.52,0.31,-3.8,193.5,72.65,12.15,52,0.1,73.29,135.8,21.93,51.41,233.5,12,989.75,6.1964,1.0,0,1,11.73,-2.4492935982947064e-16,0,0.26,27.14,1.0,0,1,0,318.35
29/12/2024,0.52,0.31,-3.8,193.5,72.65,12.15,52,0.1,73.29,135.8,21.93,51.41,233.5,12,989.75,6.1964,1.0,0,1,11.73,-2.4492935982947064e-16,0,0.26,27.74,1.0,0,1,0,318.35
30/12/2024,0.52,0.31,-3.8,194.07,72.69,12.15,1,0.1,73.8,135.66,21.95,51.36,231.53,12,991.75,6.1778,1.0,0,1,11.76,-2.4492935982947064e-16,0,0.26,25.7,1.0,0,1,0,317.4
31/12/2024,0.52,0.31,-3.8,193.85,72.69,12.15,1,0.1,73.8,135.66,21.95,51.36,232.23,12,1010.5,6.1778,1.0,0,1,11.76,-2.4492935982947064e-16,0,0.26,26.66,1.0,0,1,0,317.4
01/01/2025,0.52,0.47,-3.8,193.85,72.69,12.15,1,0.1,73.8,135.66,21.95,51.36,232.23,1,1010.5,6.1778,0.8660254037844387,0,1,11.76,0.49999999999999994,0,0.36,27.94,2.0,1,1,0,317.4
02/01/2025,0.16,0.47,16.4,193.6,72.94,12.15,1,0.4,73.25,134.73,21.85,52.16,232.72,1,1012.0,6.1519,0.8660254037844387,0,1,11.83,0.49999999999999994,0,0.36,27.1,0.5,1,1,0,321.55
03/01/2025,0.16,0.47,16.4,194.05,72.99,12.15,1,0.4,72.73,133.51,21.6,52.06,232.5,1,991.75,6.1798,0.8660254037844387,0,1,11.81,0.49999999999999994,0,0.36,26.14,0.5,1,1,0,321.85
04/01/2025,0.16,0.47,16.4,194.05,72.99,12.15,1,0.4,72.73,133.51,21.6,52.06,232.5,1,991.75,6.1798,0.8660254037844387,0,1,11.81,0.49999999999999994,0,0.36,28.6,0.5,1,1,0,321.85
05/01/2025,0.16,0.47,16.4,194.05,72.99,12.15,1,0.4,72.73,133.51,21.6,52.06,232.5,1,991.75,6.1798,0.8660254037844387,0,1,11.81,0.49999999999999994,0,0.36,25.36,0.5,1,1,0,321.85
06/01/2025,0.16,0.47,16.4,195.2,73.14,12.15,2,0.4,73.9,133.17,21.78,52.65,225.82,1,997.75,6.1152,0.8660254037844387,0,1,11.96,0.49999999999999994,0,0.36,26.09,0.5,1,1,0,321.85
07/01/2025,0.16,0.47,16.4,195.57,73.98,12.15,2,0.4,73.59,130.54,21.35,52.74,227.01,1,997.25,6.101,0.8660254037844387,0,1,12.1,0.49999999999999994,0,0.36,26.0,0.5,1,1,0,322.5
08/01/2025,0.16,0.47,16.4,193.7,74.23,12.15,2,0.4,74.08,131.93,21.6,53.0,229.3,1,994.5,6.1055,0.8660254037844387,0,1,12.15,0.49999999999999994,0,0.36,26.09,0.5,1,1,0,323.7
09/01/2025,0.16,0.47,16.4,197.6,74.32,12.15,2,0.4,73.9,131.19,21.67,53.51,229.3,1,999.0,6.0364,0.8660254037844387,0,1,12.28,0.49999999999999994,0,0.36,24.7,0.5,1,1,0,323.9
10/01/2025,0.16,0.47,16.4,198.77,74.91,12.15,2,0.4,74.16,131.56,21.57,53.19,229.2,1,1025.25,6.1053,0.8660254037844387,0,1,12.28,0.49999999999999994,0,0.36,24.38,0.5,1,1,0,324.35
11/01/2025,0.16,0.47,16.4,198.77,74.91,12.15,2,0.4,74.16,131.56,21.57,53.19,229.2,1,1025.25,6.1053,0.8660254037844387,0,1,12.28,0.49999999999999994,0,0.36,25.59,0.5,1,1,0,324.35
12/01/2025,0.16,0.47,16.4,198.77,74.91,12.15,2,0.4,74.16,131.56,21.57,53.19,229.2,1,1025.25,6.1053,0.8660254037844387,0,1,12.28,0.49999999999999994,0,0.36,24.63,0.5,1,1,0,324.35
13/01/2025,0.16,0.47,16.4,197.4,74.92,12.15,3,0.4,75.07,132.23,21.68,53.38,229.45,1,1041.5,6.0944,0.8660254037844387,0,1,12.28,0.49999999999999994,0,0.36,24.64,0.5,1,1,0,325.6
14/01/2025,0.16,0.47,16.4,197.4,74.69,12.15,3,0.4,74.94,132.22,21.87,53.86,231.73,1,1043.0,6.0559,0.8660254037844387,0,1,12.35,0.49999999999999994,0,0.36,23.81,0.5,1,1,0,325.7
15/01/2025,0.16,0.47,16.4,198.52,74.97,12.15,3,0.4,74.86,131.41,21.83,54.31,227.88,1,1042.75,6.0098,0.8660254037844387,0,1,12.45,0.49999999999999994,0,0.36,24.48,0.5,1,1,0,326.95
16/01/2025,0.16,0.47,16.4,196.6,74.42,12.15,3,0.4,76.22,129.98,21.45,53.68,232.31,1,1019.0,6.0499,0.8660254037844387,0,1,12.28,0.49999999999999994,0,0.36,24.12,0.5,1,1,0,325.3
17/01/2025,0.16,0.47,16.4,196.75,74.25,12.15,3,0.4,76.67,129.3,21.33,53.88,232.71,1,1034.0,6.0704,0.8660254037844387,0,1,12.25,0.49999999999999994,0,0.36,24.94,0.5,1,1,0,326.65
18/01/2025,0.16,0.47,16.4,196.75,74.25,12.15,3,0.4,76.67,129.3,21.33,53.88,232.71,1,1034.0,6.0704,0.8660254037844387,0,1,12.25,0.49999999999999994,0,0.36,26.31,0.5,1,1,0,326.65
19/01/2025,0.16,0.47,16.4,196.75,74.25,12.15,3,0.4,76.67,129.3,21.33,53.88,232.71,1,1034.0,6.0704,0.8660254037844387,0,1,12.25,0.49999999999999994,0,0.36,25.9,0.5,1,1,0,326.65
20/01/2025,0.16,0.47,16.4,196.75,74.25,12.15,4,0.4,76.67,129.3,21.33,53.88,232.71,1,1034.0,6.0704,0.8660254037844387,0,1,12.25,0.49999999999999994,0,0.36,26.82,0.5,1,1,0,326.65
21/01/2025,0.16,0.47,16.4,197.05,74.02,12.15,4,0.4,77.56,128.7,21.34,54.14,232.25,1,1067.25,6.022,0.8660254037844387,0,1,12.27,0.49999999999999994,0,0.36,26.85,0.5,1,1,0,326.6
22/01/2025,0.16,0.47,16.4,200.05,74.1,12.15,4,0.4,76.06,129.24,21.76,55.09,232.53,1,1056.0,5.9415,0.8660254037844387,0,1,12.48,0.49999999999999994,0,0.36,26.53,0.5,1,1,0,327.15
23/01/2025,0.16,0.47,16.4,201.1,73.88,12.15,4,0.4,76.33,128.5,21.72,54.99,233.38,1,1065.5,5.9243,0.8660254037844387,0,1,12.49,0.49999999999999994,0,0.36,27.65,0.5,1,1,0,325.4
24/01/2025,0.16,0.47,16.4,204.77,73.86,12.15,4,0.4,75.21,128.12,21.67,54.99,234.68,1,1055.75,5.9109,0.8660254037844387,0,1,12.49,0.49999999999999994,0,0.36,29.25,0.5,1,1,0,325.1
25/01/2025,0.16,0.47,16.4,204.77,73.86,12.15,4,0.4,75.21,128.12,21.67,54.99,234.68,1,1055.75,5.9109,0.8660254037844387,0,1,12.49,0.49999999999999994,0,0.36,27.8,0.5,1,1,0,325.1
26/01/2025,0.16,0.47,16.4,204.77,73.86,12.15,4,0.4,75.21,128.12,21.67,54.99,234.68,1,1055.75,5.9109,0.8660254037844387,0,1,12.49,0.49999999999999994,0,0.36,25.82,0.5,1,1,0,325.1
27/01/2025,0.16,0.47,16.4,205.68,74.04,12.15,5,0.4,74.91,126.26,21.36,55.27,236.95,1,1045.0,5.8926,0.8660254037844387,0,1,12.53,0.49999999999999994,0,0.36,27.91,0.5,1,1,0,326.7
28/01/2025,0.16,0.47,16.4,208.55,74.05,12.15,5,0.4,74.84,124.02,21.12,55.39,234.39,1,1045.0,5.8571,0.8660254037844387,0,1,12.61,0.49999999999999994,0,0.36,28.15,0.5,1,1,0,325.2
29/01/2025,0.16,0.47,16.4,207.02,74.49,12.15,5,0.4,75.74,125.22,21.3,55.43,232.5,1,1060.5,5.8563,0.8660254037844387,0,1,12.67,0.49999999999999994,0,0.36,27.94,0.5,1,1,0,325.85
30/01/2025,0.16,0.47,16.4,204.48,74.79,13.15,5,0.4,76.08,125.57,21.4,55.56,235.92,1,1044.0,5.874,0.8660254037844387,0,1,12.75,0.49999999999999994,0,0.36,26.6,0.5,1,1,0,326.0
31/01/2025,0.16,0.47,16.4,204.6,74.99,13.15,5,0.4,75.56,124.18,21.26,55.56,236.52,1,1042.0,5.841,0.8660254037844387,0,1,12.84,0.49999999999999994,0,0.36,24.99,0.5,1,1,0,324.45
01/02/2025,0.16,0.18,16.4,204.6,74.99,13.15,5,0.4,75.56,124.18,21.26,55.56,236.52,2,1042.0,5.841,0.5000000000000001,0,0,12.84,0.8660254037844386,0,0.36,25.93,0.0,1,0,0,324.45
02/02/2025,0.16,0.18,16.4,204.6,74.99,13.15,5,0.4,75.56,124.18,21.26,55.56,236.52,2,1042.0,5.841,0.5000000000000001,0,0,12.84,0.8660254037844386,0,0.36,25.23,0.0,1,0,0,324.45
03/02/2025,1.31,0.18,16.4,202.98,75.32,13.15,6,0.4,75.64,124.81,21.46,56.08,240.65,2,1058.25,5.8066,0.5000000000000001,0,0,12.95,0.8660254037844386,0,0.36,26.27,0.0,1,0,0,326.1
04/02/2025,1.31,0.18,16.4,201.88,75.6,13.15,6,0.4,76.62,125.39,21.74,56.71,242.53,2,1075.0,5.754,0.5000000000000001,0,0,13.11,0.8660254037844386,0,0.36,26.7,0.0,1,0,0,327.1
05/02/2025,1.31,0.18,16.4,203.6,76.04,13.15,6,0.4,77.95,125.85,21.74,56.29,241.64,2,1057.0,5.7973,0.5000000000000001,0,0,13.13,0.8660254037844386,0,0.36,27.28,0.0,1,0,0,325.85
06/02/2025,1.31,0.18,16.4,200.63,76.42,13.15,6,0.4,78.22,126.08,21.85,56.66,244.41,2,1060.5,5.7617,0.5000000000000001,0,0,13.25,0.8660254037844386,0,0.36,28.44,0.0,1,0,0,326.9
07/02/2025,1.31,0.18,16.4,200.77,77.24,13.15,6,0.4,78.31,126.03,21.78,56.08,244.83,2,1049.5,5.8058,0.5000000000000001,0,0,13.35,0.8660254037844386,0,0.36,28.82,0.0,1,0,0,324.6
08/02/2025,1.31,0.18,16.4,200.77,77.24,13.15,6,0.4,78.31,126.03,21.78,56.08,244.83,2,1049.5,5.8058,0.5000000000000001,0,0,13.35,0.8660254037844386,0,0.36,29.05,0.0,1,0,0,324.6
09/02/2025,1.31,0.18,16.4,200.77,77.24,13.15,6,0.4,78.31,126.03,21.78,56.08,244.83,2,1049.5,5.8058,0.5000000000000001,0,0,13.35,0.8660254037844386,0,0.36,25.92,0.0,1,0,0,324.6
10/02/2025,1.31,0.18,16.4,201.88,77.26,13.15,7,0.4,79.27,125.33,21.65,56.08,241.81,2,1049.5,5.7874,0.5000000000000001,0,0,13.35,0.8660254037844386,0,0.36,24.05,0.0,1,0,0,324.65
11/02/2025,1.31,0.18,16.4,199.68,77.96,13.15,7,0.4,78.57,126.03,21.85,56.21,241.74,2,1043.5,5.7635,0.5000000000000001,0,0,13.51,0.8660254037844386,0,0.36,23.91,0.0,1,0,0,324.25
12/02/2025,1.31,0.18,16.4,199.15,79.0,13.15,7,0.4,78.65,126.28,21.92,56.04,248.96,2,1027.75,5.7649,0.5000000000000001,0,0,13.71,0.8660254037844386,0,0.36,25.73,0.0,1,0,0,322.8
13/02/2025,1.31,0.18,16.4,199.55,79.12,13.15,7,0.4,79.76,125.39,21.74,55.48,250.11,2,1030.0,5.7669,0.5000000000000001,0,0,13.71,0.8660254037844386,0,0.36,26.37,0.0,1,0,0,320.05
14/02/2025,1.31,0.18,16.4,197.75,79.86,13.15,7,0.4,80.75,125.59,22.02,56.16,245.48,2,1036.0,5.7042,0.5000000000000001,0,0,14.0,0.8660254037844386,0,0.36,28.57,0.0,1,0,0,320.3
15/02/2025,1.31,0.18,16.4,197.75,79.86,13.15,7,0.4,80.75,125.59,22.02,56.16,245.48,2,1036.0,5.7042,0.5000000000000001,0,0,14.0,0.8660254037844386,0,0.36,27.74,0.0,1,0,0,320.3
16/02/2025,1.31,0.18,16.4,197.75,79.86,13.15,7,0.4,80.75,125.59,22.02,56.16,245.48,2,1036.0,5.7042,0.5000000000000001,0,0,14.0,0.8660254037844386,0,0.36,24.95,0.0,1,0,0,320.3
17/02/2025,1.31,0.18,16.4,197.75,79.86,13.15,8,0.4,80.75,125.59,22.02,56.16,245.48,2,1036.0,5.7042,0.5000000000000001,0,0,14.0,0.8660254037844386,0,0.36,27.11,0.0,1,0,0,320.3
18/02/2025,1.31,0.18,16.4,197.45,78.91,13.15,8,0.4,80.74,125.19,21.99,55.77,247.85,2,1038.5,5.6892,0.5000000000000001,0,0,13.86,0.8660254037844386,0,0.36,28.68,0.0,1,0,0,317.45
19/02/2025,1.31,0.18,16.4,197.82,81.26,13.15,8,0.4,80.83,126.04,22.04,55.14,250.75,2,1031.75,5.7214,0.5000000000000001,0,0,14.21,0.8660254037844386,0,0.36,28.11,0.0,1,0,0,315.3
20/02/2025,1.31,0.18,16.4,197.63,83.62,13.15,8,0.4,82.72,125.49,21.99,55.06,248.32,2,1045.5,5.7029,0.5000000000000001,0,0,14.65,0.8660254037844386,0,0.36,29.25,0.0,1,0,0,314.2
21/02/2025,1.31,0.18,16.4,197.82,84.19,13.15,8,0.4,85.06,126.61,22.1,55.06,248.87,2,1039.5,5.732,0.5000000000000001,0,0,14.7,0.8660254037844386,0,0.36,29.17,0.0,1,0,0,314.2
22/02/2025,1.31,0.18,16.4,197.82,84.19,13.15,8,0.4,85.06,126.61,22.1,55.06,248.87,2,1039.5,5.732,0.5000000000000001,0,0,14.7,0.8660254037844386,0,0.36,27.5,0.0,1,0,0,314.2
23/02/2025,1.31,0.18,16.4,197.82,84.19,13.15,8,0.4,85.06,126.61,22.1,55.06,248.87,2,1039.5,5.732,0.5000000000000001,0,0,14.7,0.8660254037844386,0,0.36,27.87,0.0,1,0,0,314.2
24/02/2025,1.31,0.18,16.4,198.9,84.85,13.15,9,0.4,83.75,125.9,21.9,54.65,247.75,2,1047.5,5.7785,0.5000000000000001,0,0,14.76,0.8660254037844386,0,0.36,26.28,0.0,1,0,0,314.25
25/02/2025,1.31,0.18,16.4,199.5,86.67,13.15,9,0.4,84.82,126.58,22.0,54.24,250.82,2,1048.75,5.7396,0.5000000000000001,0,0,15.06,0.8660254037844386,0,0.36,25.68,0.0,1,0,0,312.1
26/02/2025,1.31,0.18,16.4,198.82,87.18,13.15,9,0.4,86.36,126.47,21.81,53.7,247.99,2,1041.25,5.8035,0.5000000000000001,0,0,15.03,0.8660254037844386,0,0.36,25.79,0.0,1,0,0,311.4
27/02/2025,1.31,0.18,16.4,199.4,87.68,13.15,9,0.4,86.83,127.33,21.84,53.4,249.85,2,1037.25,5.8401,0.5000000000000001,0,0,15.04,0.8660254037844386,0,0.36,26.16,0.0,1,0,0,311.4
28/02/2025,1.31,0.18,16.4,197.73,87.49,13.15,9,0.4,86.7,127.95,21.67,52.66,253.77,2,1025.75,5.8852,0.5000000000000001,0,0,14.82,0.8660254037844386,0,0.36,24.92,0.5,1,0,0,310.95
01/03/2025,1.31,1.57,16.4,197.73,87.49,13.15,9,0.4,86.7,127.95,21.67,52.66,253.77,3,1025.75,5.8852,6.123233995736766e-17,0,0,14.82,1.0,0,0.36,26.82,0.5,1,0,0,310.95
02/03/2025,1.31,1.57,16.4,197.73,87.49,13.15,9,0.4,86.7,127.95,21.67,52.66,253.77,3,1025.75,5.8852,6.123233995736766e-17,0,0,14.82,1.0,0,0.36,26.07,0.5,1,0,0,310.95
03/03/2025,1.31,1.57,16.4,192.25,87.49,13.15,10,0.4,86.7,127.95,21.67,52.66,253.77,3,1011.5,5.8852,6.123233995736766e-17,0,0,14.82,1.0,0,0.36,27.82,0.5,1,0,0,310.95
04/03/2025,1.31,1.57,16.4,194.65,87.49,13.15,10,0.4,86.7,127.95,21.67,52.66,253.77,3,999.0,5.8852,6.123233995736766e-17,0,0,14.82,1.0,0,0.36,28.19,1.5,1,0,0,310.95
05/03/2025,0.56,1.57,16.4,196.55,87.67,13.15,10,0.4,86.41,128.38,22.3,53.8,254.48,3,1011.75,5.7394,6.123233995736766e-17,0,0,15.23,1.0,0,0.36,26.08,0.0,1,0,0,309.7
06/03/2025,0.56,1.57,16.4,196.28,87.85,13.15,10,0.4,86.64,128.85,22.35,53.96,254.04,3,1027.25,5.7639,6.123233995736766e-17,0,0,15.24,1.0,0,0.36,27.39,0.0,1,0,0,311.0
07/03/2025,0.56,1.57,16.4,200.28,88.71,13.15,10,0.4,86.1,129.85,22.42,53.81,254.57,3,1025.0,5.7874,6.123233995736766e-17,0,0,15.32,1.0,0,0.36,28.41,0.0,1,0,0,311.65
08/03/2025,0.56,1.57,16.4,200.28,88.71,13.15,10,0.4,86.1,129.85,22.42,53.81,254.57,3,1025.0,5.7874,6.123233995736766e-17,0,0,15.32,1.0,0,0.36,27.11,0.0,1,0,0,311.65
09/03/2025,0.56,1.57,16.4,200.28,88.71,13.15,10,0.4,86.1,129.85,22.42,53.81,254.57,3,1025.0,5.7874,6.123233995736766e-17,0,0,15.32,1.0,0,0.36,28.18,0.0,1,0,0,311.65
10/03/2025,0.56,1.57,16.4,200.57,88.52,13.15,11,0.4,87.85,128.46,21.94,53.2,262.28,3,999.75,5.8555,6.123233995736766e-17,0,0,15.12,1.0,0,0.36,29.12,0.0,1,0,0,311.45
11/03/2025,0.56,1.57,16.4,199.55,89.08,13.15,11,0.4,87.46,128.65,22.15,53.71,260.43,3,997.75,5.8103,6.123233995736766e-17,0,0,15.34,1.0,0,0.36,27.57,0.0,1,0,0,311.95
12/03/2025,0.56,1.57,16.4,201.4,89.39,13.15,11,0.4,88.69,127.59,21.98,53.75,256.72,3,987.5,5.7978,6.123233995736766e-17,0,0,15.4,1.0,0,0.36,27.54,0.0,1,0,0,312.1
13/03/2025,0.56,1.57,16.4,202.05,89.88,13.15,11,0.4,89.06,128.07,22.08,53.75,259.84,3,996.75,5.799,6.123233995736766e-17,0,0,15.5,1.0,0,0.36,28.45,0.0,1,0,0,312.1
14/03/2025,0.56,1.57,16.4,203.18,89.83,13.15,11,0.4,89.75,128.04,22.3,53.95,258.68,3,999.25,5.7385,6.123233995736766e-17,0,0,15.65,1.0,0,0.36,3.0,0.0,1,0,0,309.7
15/03/2025,0.56,1.57,16.4,203.18,89.83,13.15,11,0.4,89.75,128.04,22.3,53.95,258.68,3,999.25,5.7385,6.123233995736766e-17,0,0,15.65,1.0,0,0.36,29.27,0.0,1,0,0,309.7
16/03/2025,0.56,1.57,16.4,203.18,89.83,13.15,11,0.4,89.75,128.04,22.3,53.95,258.68,3,999.25,5.7385,6.123233995736766e-17,0,0,15.65,1.0,0,0.36,26.71,0.0,1,0,0,309.7
17/03/2025,0.56,1.57,16.4,205.02,90.26,13.15,12,0.4,89.99,127.48,22.47,54.5,263.58,3,1015.5,5.6835,6.123233995736766e-17,0,0,15.91,1.0,0,0.36,27.69,0.0,1,0,0,309.2
18/03/2025,0.56,1.57,16.4,205.38,90.33,13.15,12,0.4,84.44,127.91,22.55,54.66,266.49,3,1012.75,5.6705,6.123233995736766e-17,0,0,15.92,1.0,0,0.36,27.84,0.0,1,0,0,310.1
19/03/2025,0.56,1.57,16.4,206.82,90.18,13.15,12,0.4,83.08,127.36,22.54,54.9,265.47,3,1008.25,5.6485,6.123233995736766e-17,0,0,15.96,1.0,0,0.36,27.21,0.0,1,0,0,310.25
20/03/2025,0.56,1.57,16.4,208.48,90.08,14.15,12,0.4,80.33,127.99,22.58,54.91,266.54,3,1013.0,5.6797,6.123233995736766e-17,0,0,15.89,1.0,0,0.36,26.38,0.0,1,0,0,311.25
21/03/2025,0.56,1.57,16.4,206.95,90.14,14.15,12,0.4,79.61,127.67,22.33,54.68,263.35,3,1009.75,5.7291,6.123233995736766e-17,0,0,15.77,1.0,0,0.36,26.11,0.0,1,0,0,312.6
22/03/2025,0.56,1.57,16.4,206.95,90.14,14.15,12,0.4,79.61,127.67,22.33,54.68,263.35,3,1009.75,5.7291,6.123233995736766e-17,0,0,15.77,1.0,0,0.36,26.27,0.0,1,0,0,312.6
23/03/2025,0.56,1.57,16.4,206.95,90.14,14.15,12,0.4,79.61,127.67,22.33,54.68,263.35,3,1009.75,5.7291,6.123233995736766e-17,0,0,15.77,1.0,0,0.36,27.23,0.0,1,0,0,312.6
24/03/2025,0.56,1.57,16.4,205.9,89.74,14.15,13,0.4,79.34,128.19,22.29,54.37,262.94,3,1007.25,5.7646,6.123233995736766e-17,0,0,15.6,1.0,0,0.36,26.0,0.0,1,0,0,312.75
25/03/2025,0.56,1.57,16.4,206.38,89.12,14.15,13,0.4,77.93,126.97,22.27,54.88,262.06,3,1001.75,5.6989,6.123233995736766e-17,0,0,15.63,1.0,0,0.36,27.78,0.0,1,0,0,312.95
26/03/2025,0.56,1.57,16.4,207.07,88.94,14.15,13,0.4,76.98,127.04,22.15,54.57,262.72,3,1001.0,5.7359,6.123233995736766e-17,0,0,15.51,1.0,0,0.36,26.24,0.0,1,0,0,312.95
27/03/2025,0.56,1.57,16.4,209.55,87.92,14.15,13,0.4,77.47,127.57,22.16,54.99,261.85,3,1016.75,5.7452,6.123233995736766e-17,0,0,15.28,1.0,0,0.36,27.41,0.0,1,0,0,316.55
28/03/2025,0.56,1.57,16.4,208.82,87.87,14.15,13,0.4,77.07,127.65,22.17,55.42,262.22,3,1023.0,5.7604,6.123233995736766e-17,0,0,15.26,1.0,0,0.36,27.3,0.0,1,0,0,319.1
29/03/2025,0.56,1.57,16.4,208.82,87.87,14.15,13,0.4,77.07,127.65,22.17,55.42,262.22,3,1023.0,5.7604,6.123233995736766e-17,0,0,15.26,1.0,0,0.36,26.83,0.0,1,0,0,319.1
30/03/2025,0.56,1.57,16.4,208.82,87.87,14.15,13,0.4,77.07,127.65,22.17,55.42,262.22,3,1023.0,5.7604,6.123233995736766e-17,0,0,15.26,1.0,0,0.36,26.95,0.0,1,0,0,319.1
31/03/2025,0.56,1.57,16.4,207.8,87.71,14.15,14,0.4,77.72,127.3,22.31,55.99,265.29,3,1014.75,5.7047,6.123233995736766e-17,0,0,15.37,1.0,0,0.36,26.49,0.0,1,0,0,319.5
01/04/2025,0.43,0.39,-1.4,209.13,86.62,14.15,14,0.3,78.53,127.28,22.39,56.42,262.24,4,1034.25,5.6815,-0.4999999999999998,0,0,15.24,0.8660254037844387,0,0.36,28.63,0.0,0,0,0,320.75
02/04/2025,0.43,0.39,-1.4,210.38,85.97,14.15,14,0.3,77.3,127.24,22.35,56.34,262.54,4,1029.5,5.6607,-0.4999999999999998,0,0,15.1,0.8660254037844387,0,0.36,27.84,0.0,0,0,0,320.8
03/04/2025,0.43,0.39,-1.4,208.05,84.82,14.15,14,0.3,76.63,126.98,22.57,57.16,268.36,4,1011.5,5.629,-0.4999999999999998,0,0,15.08,0.8660254037844387,0,0.36,28.4,0.0,0,0,0,321.6
04/04/2025,0.43,0.39,-1.4,202.63,84.63,14.15,14,0.3,76.39,127.55,21.86,55.62,254.46,4,977.0,5.8425,-0.4999999999999998,0,0,14.5,0.8660254037844387,0,0.36,29.3,0.0,0,0,0,324.6
05/04/2025,0.43,0.39,-1.4,202.63,84.63,14.15,14,0.3,76.39,127.55,21.86,55.62,254.46,4,977.0,5.8425,-0.4999999999999998,0,0,14.5,0.8660254037844387,0,0.36,27.38,0.0,0,0,0,324.6
06/04/2025,0.43,0.39,-1.4,202.63,84.63,14.15,14,0.3,76.39,127.55,21.86,55.62,254.46,4,977.0,5.8425,-0.4999999999999998,0,0,14.5,0.8660254037844387,0,0.36,26.98,0.0,0,0,0,324.6
07/04/2025,0.43,0.39,-1.4,198.93,84.83,14.15,15,0.3,78.57,129.6,21.93,55.62,252.37,4,983.0,5.9139,-0.4999999999999998,0,0,14.35,0.8660254037844387,0,0.36,28.0,0.0,0,0,0,324.6
08/04/2025,0.43,0.39,-1.4,199.1,85.25,14.15,15,0.3,80.17,129.38,21.61,54.18,255.03,4,992.75,6.0109,-0.4999999999999998,0,0,14.24,0.8660254037844387,0,0.36,26.86,0.0,0,0,0,324.4
09/04/2025,0.43,0.39,-1.4,202.8,85.72,14.15,15,0.3,79.56,130.77,22.4,55.15,254.13,4,1012.75,5.8215,-0.4999999999999998,0,0,14.68,0.8660254037844387,0,0.36,27.94,0.0,0,0,0,322.0
10/04/2025,0.43,0.39,-1.4,200.85,85.57,14.15,15,0.3,80.57,131.1,22.21,54.84,258.39,4,1029.0,5.8856,-0.4999999999999998,0,0,14.49,0.8660254037844387,0,0.36,28.6,0.0,0,0,0,323.8
11/04/2025,0.43,0.39,-1.4,202.48,84.98,14.15,15,0.3,79.33,132.33,22.54,55.28,261.54,4,1042.75,5.8648,-0.4999999999999998,0,0,14.48,0.8660254037844387,0,0.36,26.53,0.0,0,0,0,324.5
12/04/2025,0.43,0.39,-1.4,202.48,84.98,14.15,15,0.3,79.33,132.33,22.54,55.28,261.54,4,1042.75,5.8648,-0.4999999999999998,0,0,14.48,0.8660254037844387,0,0.36,27.68,0.0,0,0,0,324.5
13/04/2025,0.43,0.39,-1.4,202.48,84.98,14.15,15,0.3,79.33,132.33,22.54,55.28,261.54,4,1042.75,5.8648,-0.4999999999999998,0,0,14.48,0.8660254037844387,0,0.36,26.88,0.0,0,0,0,324.5
14/04/2025,0.43,0.39,-1.4,203.95,85.3,14.15,16,0.3,78.9,132.56,22.66,56.14,263.69,4,1041.75,5.8551,-0.4999999999999998,0,0,14.58,0.8660254037844387,0,0.36,27.55,0.0,0,0,0,328.5
15/04/2025,0.43,0.39,-1.4,204.8,84.71,14.15,16,0.3,78.24,131.48,22.31,55.5,262.87,4,1036.0,5.8859,-0.4999999999999998,0,0,14.38,0.8660254037844387,0,0.36,27.08,0.0,0,0,0,327.0
16/04/2025,0.43,0.39,-1.4,207.07,83.78,14.15,16,0.3,77.02,132.15,22.51,55.54,261.39,4,1038.75,5.8664,-0.4999999999999998,0,0,14.27,0.8660254037844387,0,0.36,26.64,0.0,0,0,0,326.0
17/04/2025,0.43,0.39,-1.4,209.82,83.49,14.15,16,0.3,76.9,131.91,22.72,56.25,262.53,4,1036.5,5.8063,-0.4999999999999998,0,0,14.38,0.8660254037844387,0,0.36,28.2,0.0,0,0,0,326.65
18/04/2025,0.43,0.39,-1.4,209.82,83.49,14.15,16,0.3,76.9,131.91,22.72,56.25,262.53,4,1036.5,5.8063,-0.4999999999999998,0,0,14.38,0.8660254037844387,0,0.36,28.18,0.5,0,0,0,326.65
19/04/2025,0.43,0.39,-1.4,209.82,83.49,14.15,16,0.3,76.9,131.91,22.72,56.25,262.53,4,1036.5,5.8063,-0.4999999999999998,0,0,14.38,0.8660254037844387,0,0.36,28.13,0.5,0,0,0,326.65
20/04/2025,0.43,0.39,-1.4,209.82,83.49,14.15,16,0.3,76.9,131.91,22.72,56.25,262.53,4,1036.5,5.8063,-0.4999999999999998,0,0,14.38,0.8660254037844387,0,0.36,28.16,1.5,0,0,0,326.65
21/04/2025,0.43,0.39,-1.4,209.77,83.49,14.15,17,0.3,76.9,131.91,22.72,56.25,262.53,4,1041.5,5.8067,-0.4999999999999998,0,0,14.38,0.8660254037844387,0,0.36,28.73,0.0,0,0,0,326.65
22/04/2025,0.43,0.39,-1.4,211.38,82.57,14.15,17,0.3,77.11,130.19,22.75,57.2,265.56,4,1046.0,5.7255,-0.4999999999999998,0,0,14.43,0.8660254037844387,0,0.36,26.49,0.0,0,0,0,327.3
23/04/2025,0.43,0.39,-1.4,212.7,81.97,14.15,17,0.3,76.54,129.92,22.73,57.03,261.48,4,1050.25,5.7096,-0.4999999999999998,0,0,14.34,0.8660254037844387,0,0.36,26.58,0.0,0,0,0,325.95
24/04/2025,0.43,0.39,-1.4,213.5,81.6,14.15,17,0.3,76.97,129.06,22.71,57.04,263.27,4,1062.0,5.6833,-0.4999999999999998,0,0,14.36,0.8660254037844387,0,0.36,27.42,0.0,0,0,0,324.15
25/04/2025,0.43,0.39,-1.4,214.25,80.54,14.15,17,0.3,77.13,130.14,22.9,56.99,266.3,4,1059.25,5.6841,-0.4999999999999998,0,0,14.17,0.8660254037844387,0,0.36,27.27,0.0,0,0,0,323.9
26/04/2025,0.43,0.39,-1.4,214.25,80.54,14.15,17,0.3,77.13,130.14,22.9,56.99,266.3,4,1059.25,5.6841,-0.4999999999999998,0,0,14.17,0.8660254037844387,0,0.36,28.53,0.0,0,0,0,323.9
27/04/2025,0.43,0.39,-1.4,214.25,80.54,14.15,17,0.3,77.13,130.14,22.9,56.99,266.3,4,1059.25,5.6841,-0.4999999999999998,0,0,14.17,0.8660254037844387,0,0.36,25.55,0.0,0,0,0,323.9
28/04/2025,0.43,0.39,-1.4,215.65,80.49,14.15,18,0.3,75.69,129.87,22.97,56.99,267.92,4,1062.5,5.6546,-0.4999999999999998,0,0,14.24,0.8660254037844387,0,0.36,26.79,0.0,0,0,0,323.9
29/04/2025,0.43,0.39,-1.4,216.35,80.37,14.15,18,0.3,76.41,129.22,22.94,56.8,272.36,4,1052.75,5.621,-0.4999999999999998,0,0,14.27,0.8660254037844387,0,0.36,28.26,0.0,0,0,0,319.9
30/04/2025,0.43,0.39,-1.4,215.75,80.13,14.15,18,0.3,76.34,127.79,22.53,56.21,277.08,4,1044.5,5.6748,-0.4999999999999998,0,0,14.13,0.8660254037844387,0,0.36,27.81,0.0,0,0,0,318.85
01/05/2025,0.43,-3.44,-1.4,209.65,80.13,14.15,18,0.3,76.34,127.79,22.53,56.21,277.08,5,1050.25,5.6734,-0.8660254037844387,0,1,14.13,0.49999999999999994,0,0.36,27.13,0.0,0,0,0,318.85
02/05/2025,0.26,-3.44,-1.4,211.1,79.07,14.15,18,0.3,76.47,128.37,22.7,56.21,280.45,5,1058.0,5.6579,-0.8660254037844387,0,1,13.98,0.49999999999999994,0,0.36,25.62,0.0,0,0,0,318.85
03/05/2025,0.26,-3.44,-1.4,211.1,79.07,14.15,18,0.3,76.47,128.37,22.7,56.21,280.45,5,1058.0,5.6579,-0.8660254037844387,0,1,13.98,0.49999999999999994,0,0.36,26.98,0.0,0,0,0,318.85
04/05/2025,0.26,-3.44,-1.4,211.1,79.07,14.15,18,0.3,76.47,128.37,22.7,56.21,280.45,5,1058.0,5.6579,-0.8660254037844387,0,1,13.98,0.49999999999999994,0,0.36,27.67,0.0,0,0,0,318.85
05/05/2025,0.26,-3.44,-1.4,213.65,79.05,14.15,19,0.3,75.29,128.02,22.51,56.16,282.56,5,1045.5,5.6886,-0.8660254037844387,0,1,13.9,0.49999999999999994,0,0.36,27.63,0.0,0,0,0,319.45
06/05/2025,0.26,-3.44,-1.4,213.68,77.61,14.15,19,0.3,75.09,127.92,22.41,55.46,282.98,5,1041.25,5.7135,-0.8660254037844387,0,1,13.6,0.49999999999999994,0,0.36,27.3,0.0,0,0,0,316.5
07/05/2025,0.26,-3.44,-1.4,212.52,76.38,14.15,19,0.3,74.37,127.77,22.18,54.82,284.82,5,1039.25,5.7459,-0.8660254037844387,0,1,13.26,0.49999999999999994,0,0.36,27.5,0.0,0,0,0,315.75
08/05/2025,0.26,-3.44,-1.4,214.25,75.93,14.65,19,0.3,73.93,127.88,22.55,54.52,281.99,5,1045.0,5.6615,-0.8660254037844387,0,1,13.39,0.49999999999999994,0,0.36,28.34,0.0,0,0,0,309.2
09/05/2025,0.26,-3.44,-1.4,214.68,75.07,14.65,19,0.3,73.94,127.91,22.62,54.52,284.35,5,1051.75,5.6556,-0.8660254037844387,0,1,13.27,0.49999999999999994,0,0.36,27.44,0.5,0,0,0,309.2
10/05/2025,0.26,-3.44,-1.4,214.68,75.07,14.65,19,0.3,73.94,127.91,22.62,54.52,284.35,5,1051.75,5.6556,-0.8660254037844387,0,1,13.27,0.49999999999999994,0,0.36,28.0,0.5,0,0,0,309.2
11/05/2025,0.26,-3.44,-1.4,214.68,75.07,14.65,19,0.3,73.94,127.91,22.62,54.52,284.35,5,1051.75,5.6556,-0.8660254037844387,0,1,13.27,0.49999999999999994,0,0.36,28.01,1.5,0,0,0,309.2
12/05/2025,0.26,-3.44,-1.4,216.82,74.34,14.65,20,0.3,73.92,128.68,22.63,55.19,270.47,5,1066.0,5.6752,-0.8660254037844387,0,1,13.07,0.49999999999999994,0,0.36,28.0,0.0,0,0,0,313.8
13/05/2025,0.26,-3.44,-1.4,216.32,73.57,14.65,20,0.3,73.4,128.51,22.94,55.05,268.34,5,1067.25,5.6085,-0.8660254037844387,0,1,13.14,0.49999999999999994,0,0.36,26.69,0.0,0,0,0,308.35
14/05/2025,0.26,-3.44,-1.4,213.95,73.12,14.65,20,0.3,72.86,128.25,22.79,54.74,266.28,5,1067.0,5.6384,-0.8660254037844387,0,1,12.99,0.49999999999999994,0,0.36,26.17,0.0,0,0,0,308.0
15/05/2025,0.26,-3.44,-1.4,211.18,73.07,14.65,20,0.3,73.25,127.51,22.44,54.21,274.0,5,1051.25,5.6821,-0.8660254037844387,0,1,12.86,0.49999999999999994,0,0.36,26.04,0.0,0,0,0,308.0
16/05/2025,0.26,-3.44,-1.4,212.23,72.93,14.65,20,0.3,62.01,127.56,22.51,53.39,276.29,5,1050.0,5.6633,-0.8660254037844387,0,1,12.87,0.49999999999999994,0,0.36,26.14,0.0,0,0,0,302.6
17/05/2025,0.26,-3.44,-1.4,212.23,72.93,14.65,20,0.3,62.01,127.56,22.51,53.39,276.29,5,1050.0,5.6633,-0.8660254037844387,0,1,12.87,0.49999999999999994,0,0.36,26.21,0.0,0,0,0,302.6
18/05/2025,0.26,-3.44,-1.4,212.23,72.93,14.65,20,0.3,62.01,127.56,22.51,53.39,276.29,5,1050.0,5.6633,-0.8660254037844387,0,1,12.87,0.49999999999999994,0,0.36,26.42,0.0,0,0,0,302.6
19/05/2025,0.26,-3.44,-1.4,212.98,72.68,14.65,21,0.3,62.07,127.56,22.56,53.44,277.94,5,1050.75,5.6516,-0.8660254037844387,0,1,12.86,0.49999999999999994,0,0.36,26.86,0.0,0,0,0,302.15
20/05/2025,0.26,-3.44,-1.4,213.18,72.59,14.65,21,0.3,62.97,127.66,22.51,54.03,277.87,5,1053.0,5.6682,-0.8660254037844387,0,1,12.8,0.49999999999999994,0,0.36,26.9,0.0,0,0,0,306.4
21/05/2025,0.26,-3.44,-1.4,214.15,72.03,14.65,21,0.3,64.47,128.42,22.73,53.74,281.74,5,1062.75,5.6458,-0.8660254037844387,0,1,12.75,0.49999999999999994,0,0.36,25.83,0.0,0,0,0,303.65
22/05/2025,0.26,-3.44,-1.4,215.63,71.22,14.65,21,0.3,64.47,128.15,22.68,53.74,282.0,5,1067.5,5.716,-0.8660254037844387,0,1,12.6,0.49999999999999994,0,0.36,26.16,0.0,0,0,0,303.65
23/05/2025,0.26,-3.44,-1.4,215.8,71.13,14.65,21,0.3,63.19,128.69,22.76,53.24,284.07,5,1060.25,5.6468,-0.8660254037844387,0,1,12.58,0.49999999999999994,0,0.36,27.03,0.0,0,0,0,301.0
24/05/2025,0.26,-3.44,-1.4,215.8,71.13,14.65,21,0.3,63.19,128.69,22.76,53.24,284.07,5,1060.25,5.6468,-0.8660254037844387,0,1,12.58,0.49999999999999994,0,0.36,27.75,0.0,0,0,0,301.0
25/05/2025,0.26,-3.44,-1.4,215.8,71.13,14.65,21,0.3,63.19,128.69,22.76,53.24,284.07,5,1060.25,5.6468,-0.8660254037844387,0,1,12.58,0.49999999999999994,0,0.36,27.28,0.0,0,0,0,301.0
26/05/2025,0.26,-3.44,-1.4,215.8,71.13,14.65,22,0.3,63.19,128.69,22.76,53.24,284.07,5,1060.25,5.6468,-0.8660254037844387,0,1,12.58,0.49999999999999994,0,0.36,26.67,0.0,0,0,0,301.0
27/05/2025,0.26,-3.44,-1.4,215.13,70.82,14.65,22,0.3,64.47,128.01,22.66,54.1,284.36,5,1062.5,5.6424,-0.8660254037844387,0,1,12.54,0.49999999999999994,0,0.36,26.4,0.0,0,0,0,305.6
28/05/2025,0.26,-3.44,-1.4,213.93,69.42,14.65,22,0.3,63.65,128.49,22.57,53.59,285.98,5,1048.5,5.689,-0.8660254037844387,0,1,12.19,0.49999999999999994,0,0.36,26.73,0.0,0,0,0,305.1
29/05/2025,0.26,-3.44,-1.4,215.52,69.17,14.65,22,0.3,62.72,128.18,22.61,54.07,285.87,5,1051.75,5.6666,-0.8660254037844387,0,1,12.2,0.49999999999999994,0,0.36,26.34,0.0,0,0,0,306.5
30/05/2025,0.26,-3.44,-1.4,215.48,68.95,14.65,22,0.3,62.95,128.76,22.52,53.53,289.0,5,1041.75,5.7227,-0.8660254037844387,0,1,12.06,0.49999999999999994,0,0.36,24.65,0.0,0,0,0,306.1
31/05/2025,0.26,-3.44,-1.4,215.48,68.95,14.65,22,0.3,62.95,128.76,22.52,53.53,289.0,5,1041.75,5.7227,-0.8660254037844387,0,1,12.06,0.49999999999999994,0,0.36,26.8,0.0,0,0,0,306.1
01/06/2025,0.26,-2.91,-1.4,215.48,68.95,14.65,22,0.3,62.95,128.76,22.52,53.53,289.0,6,1041.75,5.7227,-1.0,0,1,12.06,1.2246467991473532e-16,0,0.36,27.2,0.5,0,0,0,306.1
02/06/2025,0.24,-2.91,-1.4,216.55,68.85,14.65,23,0.3,62.73,128.41,22.6,53.53,290.71,6,1033.5,5.6734,-1.0,0,1,12.12,1.2246467991473532e-16,0,0.36,27.92,0.5,0,0,0,306.1
03/06/2025,0.24,-2.91,-1.4,215.98,68.89,14.65,23,0.3,62.73,128.42,22.77,54.32,282.31,6,1040.75,5.6393,-1.0,0,1,12.21,1.2246467991473532e-16,0,0.36,27.85,0.5,0,0,0,306.4
04/06/2025,0.24,-2.91,-1.4,218.4,69.02,14.65,23,0.3,64.0,128.59,22.76,55.08,277.88,6,1045.0,5.6368,-1.0,0,1,12.22,1.2246467991473532e-16,0,0.36,26.09,0.5,0,0,0,311.2
05/06/2025,0.24,-2.91,-1.4,222.9,68.96,14.65,23,0.3,64.37,127.97,22.89,55.65,274.9,6,1051.75,5.5893,-1.0,0,1,12.33,1.2246467991473532e-16,0,0.36,26.07,0.5,0,0,0,311.15
06/06/2025,0.24,-2.91,-1.4,226.3,69.53,14.65,23,0.3,64.6,128.13,23.04,55.65,274.24,6,1057.25,5.5594,-1.0,0,1,12.5,1.2246467991473532e-16,0,0.36,26.6,0.5,0,0,0,311.15
07/06/2025,0.24,-2.91,-1.4,226.3,69.53,14.65,23,0.3,64.6,128.13,23.04,55.65,274.24,6,1057.25,5.5594,-1.0,0,1,12.5,1.2246467991473532e-16,0,0.36,26.4,0.5,0,0,0,311.15
08/06/2025,0.24,-2.91,-1.4,226.3,69.53,14.65,23,0.3,64.6,128.13,23.04,55.65,274.24,6,1057.25,5.5594,-1.0,0,1,12.5,1.2246467991473532e-16,0,0.36,26.05,0.5,0,0,0,311.15
09/06/2025,0.24,-2.91,-1.4,227.0,68.79,14.65,24,0.3,64.11,128.68,23.13,56.04,268.35,6,1056.0,5.5588,-1.0,0,1,12.37,1.2246467991473532e-16,0,0.36,26.14,0.5,0,0,0,311.75
10/06/2025,0.24,-2.91,-1.4,227.07,67.73,14.65,24,0.3,64.24,128.97,23.14,56.01,266.1,6,1057.75,5.5744,-1.0,0,1,12.15,1.2246467991473532e-16,0,0.36,25.84,0.5,0,0,0,312.2
11/06/2025,0.24,-2.91,-1.4,227.82,67.97,14.65,24,0.3,63.73,128.8,23.23,56.66,269.65,6,1050.5,5.5364,-1.0,0,1,12.26,1.2246467991473532e-16,0,0.36,27.18,0.5,0,0,0,314.2
12/06/2025,0.24,-2.91,-1.4,228.2,67.64,14.65,24,0.3,63.1,128.8,23.23,56.96,270.96,6,1042.25,5.5375,-1.0,0,1,12.2,1.2246467991473532e-16,0,0.36,27.24,0.5,0,0,0,315.85
13/06/2025,0.24,-2.91,-1.4,225.1,67.61,14.65,24,0.3,63.29,129.14,23.32,56.77,269.5,6,1069.75,5.5439,-1.0,0,1,12.21,1.2246467991473532e-16,0,0.36,27.05,1.5,0,0,0,314.35
14/06/2025,0.24,-2.91,-1.4,225.1,67.61,14.65,24,0.3,63.29,129.14,23.32,56.77,269.5,6,1069.75,5.5439,-1.0,0,1,12.21,1.2246467991473532e-16,0,0.36,25.99,0.5,0,0,0,314.35
15/06/2025,0.24,-2.91,-1.4,225.1,67.61,14.65,24,0.3,63.29,129.14,23.32,56.77,269.5,6,1069.75,5.5439,-1.0,0,1,12.21,1.2246467991473532e-16,0,0.36,25.26,0.5,0,0,0,314.35
16/06/2025,0.24,-2.91,-1.4,227.02,67.5,14.65,25,0.3,62.41,129.6,23.59,56.77,267.51,6,1069.75,5.492,-1.0,0,1,12.29,1.2246467991473532e-16,0,0.36,25.17,0.5,0,0,0,314.35
17/06/2025,0.24,-2.91,-1.4,223.25,67.36,14.65,25,0.3,62.87,129.51,23.54,57.05,269.7,6,1074.0,5.4997,-1.0,0,1,12.25,1.2246467991473532e-16,0,0.36,24.31,0.5,0,0,0,313.85
18/06/2025,0.24,-2.91,-1.4,224.3,68.07,14.65,25,0.3,63.07,129.35,23.51,57.13,272.1,6,1074.75,5.4917,-1.0,0,1,12.37,1.2246467991473532e-16,0,0.36,25.76,0.5,0,0,0,314.4
19/06/2025,0.24,-2.91,-1.4,224.3,68.07,14.65,25,0.3,63.07,129.35,23.51,57.13,272.1,6,1074.75,5.4917,-1.0,0,1,12.37,1.2246467991473532e-16,0,0.36,25.71,0.5,0,0,0,314.4
20/06/2025,0.24,-2.91,-1.4,223.02,68.11,14.9,25,0.3,63.16,130.08,23.55,57.13,273.99,6,1068.0,5.5132,-1.0,0,1,12.33,1.2246467991473532e-16,0,0.36,26.01,0.5,0,0,0,314.4
21/06/2025,0.24,-2.91,-1.4,223.02,68.11,14.9,25,0.3,63.16,130.08,23.55,57.13,273.99,6,1068.0,5.5132,-1.0,0,1,12.33,1.2246467991473532e-16,0,0.36,24.96,0.5,0,0,0,314.4
22/06/2025,0.24,-2.91,-1.4,223.02,68.11,14.9,25,0.3,63.16,130.08,23.55,57.13,273.99,6,1068.0,5.5132,-1.0,0,1,12.33,1.2246467991473532e-16,0,0.36,26.14,0.5,0,0,0,314.4
23/06/2025,0.24,-2.91,-1.4,222.3,68.43,14.9,26,0.3,63.78,130.47,23.7,57.13,272.66,6,1062.0,5.4965,-1.0,0,1,12.43,1.2246467991473532e-16,0,0.36,26.28,0.5,0,0,0,314.4
24/06/2025,0.24,-2.91,-1.4,221.6,68.27,14.9,26,0.3,64.59,129.83,23.55,57.62,271.38,6,1050.25,5.5113,-1.0,0,1,12.38,1.2246467991473532e-16,0,0.36,24.98,1.5,0,0,0,317.7
25/06/2025,0.24,-2.91,-1.4,221.6,68.04,14.9,26,0.3,64.31,128.34,23.1,56.91,273.03,6,1029.5,5.5637,-1.0,0,1,12.25,1.2246467991473532e-16,0,0.36,26.45,0.5,0,0,0,316.2
26/06/2025,0.24,-2.91,-1.4,221.7,67.58,14.9,26,0.3,63.95,129.79,23.59,57.39,272.83,6,1027.75,5.489,-1.0,0,1,12.28,1.2246467991473532e-16,0,0.36,26.83,0.5,0,0,0,315.75
27/06/2025,0.24,-2.91,-1.4,224.75,67.65,14.9,26,0.3,63.54,129.22,23.55,57.86,274.76,6,1033.25,5.4856,-1.0,0,1,12.33,1.2246467991473532e-16,0,0.36,26.72,0.5,0,0,0,317.4
28/06/2025,0.24,-2.91,-1.4,224.75,67.65,14.9,26,0.3,63.54,129.22,23.55,57.86,274.76,6,1033.25,5.4856,-1.0,0,1,12.33,1.2246467991473532e-16,0,0.36,26.13,0.5,0,0,0,317.4
29/06/2025,0.24,-2.91,-1.4,224.75,67.65,14.9,26,0.3,63.54,129.22,23.55,57.86,274.76,6,1033.25,5.4856,-1.0,0,1,12.33,1.2246467991473532e-16,0,0.36,25.97,1.5,0,0,0,317.4
30/06/2025,0.24,-2.91,-1.4,225.88,67.02,14.9,27,0.3,63.44,129.15,23.79,57.86,275.62,6,1029.75,5.4326,-1.0,0,1,12.34,1.2246467991473532e-16,0,0.36,26.59,0.5,0,0,0,317.4
01/07/2025,0.26,-3.72,0.4,210.75,65.68,14.9,27,0.3,62.98,129.13,23.64,56.86,275.42,7,1029.75,5.4588,-0.8660254037844388,0,1,12.02,-0.4999999999999997,0,0.36,25.77,0.5,0,0,1,310.65
02/07/2025,0.26,-3.72,0.4,212.45,65.25,14.9,27,0.3,62.24,129.55,23.89,56.86,275.82,7,1053.5,5.424,-0.8660254037844388,0,1,12.03,-0.4999999999999997,0,0.36,26.36,0.5,0,0,1,310.65
03/07/2025,0.26,-3.72,0.4,214.05,64.15,14.9,27,0.3,62.51,130.26,24.07,57.35,276.7,7,1055.5,5.409,-0.8660254037844388,0,1,11.85,-0.4999999999999997,0,0.36,26.58,0.5,0,0,1,310.4
04/07/2025,0.26,-3.72,0.4,214.05,64.15,14.9,27,0.3,62.51,130.26,24.07,57.35,276.7,7,1055.5,5.409,-0.8660254037844388,0,1,11.85,-0.4999999999999997,0,0.36,25.14,0.5,0,0,1,310.4
05/07/2025,0.26,-3.72,0.4,214.05,64.15,14.9,27,0.3,62.51,130.26,24.07,57.35,276.7,7,1055.5,5.409,-0.8660254037844388,0,1,11.85,-0.4999999999999997,0,0.36,24.64,0.5,0,0,1,310.4
06/07/2025,0.26,-3.72,0.4,214.05,64.15,14.9,27,0.3,62.51,130.26,24.07,57.35,276.7,7,1055.5,5.409,-0.8660254037844388,0,1,11.85,-0.4999999999999997,0,0.36,24.71,0.5,0,0,1,310.4
07/07/2025,0.26,-3.72,0.4,215.9,63.44,14.9,28,0.3,61.61,129.04,23.55,55.77,282.55,7,1031.5,5.488,-0.8660254037844388,0,1,11.58,-0.4999999999999997,0,0.36,25.38,0.5,0,0,1,305.55
08/07/2025,0.26,-3.72,0.4,219.98,63.35,14.9,28,0.3,62.24,128.7,23.63,56.11,275.63,7,1021.25,5.4474,-0.8660254037844388,0,1,11.63,-0.4999999999999997,0,0.36,25.86,0.5,0,0,1,305.6
09/07/2025,0.26,-3.72,0.4,219.77,63.19,14.9,28,0.3,62.99,128.35,23.37,55.53,275.64,7,1009.0,5.5766,-0.8660254037844388,0,1,11.5,-0.4999999999999997,0,0.36,25.38,0.5,0,0,1,305.0
10/07/2025,0.26,-3.72,0.4,219.23,62.98,14.9,28,0.3,62.46,129.83,23.43,54.09,275.19,7,1012.5,5.5321,-0.8660254037844388,0,1,11.37,-0.4999999999999997,0,0.36,25.46,0.5,0,0,1,299.7
11/07/2025,0.26,-3.72,0.4,222.2,62.91,14.9,28,0.3,62.46,129.93,23.42,54.09,275.08,7,1004.25,5.5589,-0.8660254037844388,0,1,11.34,-0.4999999999999997,0,0.36,25.98,0.5,0,0,1,299.7
12/07/2025,0.26,-3.72,0.4,222.2,62.91,14.9,28,0.3,62.46,129.93,23.42,54.09,275.08,7,1004.25,5.5589,-0.8660254037844388,0,1,11.34,-0.4999999999999997,0,0.36,24.31,0.5,0,0,1,299.7
13/07/2025,0.26,-3.72,0.4,222.2,62.91,14.9,28,0.3,62.46,129.93,23.42,54.09,275.08,7,1004.25,5.5589,-0.8660254037844388,0,1,11.34,-0.4999999999999997,0,0.36,24.74,0.5,0,0,1,299.7
14/07/2025,0.26,-3.72,0.4,219.35,62.73,14.9,29,0.3,63.07,129.75,23.23,53.58,277.06,7,1001.0,5.5893,-0.8660254037844388,0,1,11.23,-0.4999999999999997,0,0.36,26.16,0.5,0,0,1,299.25
15/07/2025,0.26,-3.72,0.4,222.4,62.78,14.9,29,0.3,62.81,130.14,23.4,54.05,275.0,7,995.0,5.5571,-0.8660254037844388,0,1,11.29,-0.4999999999999997,0,0.36,23.91,0.5,0,0,1,300.6
16/07/2025,0.26,-3.72,0.4,223.9,62.84,14.9,29,0.3,64.03,129.52,23.29,53.67,277.53,7,1013.5,5.569,-0.8660254037844388,0,1,11.3,-0.4999999999999997,0,0.36,24.36,0.5,0,0,1,298.5
17/07/2025,0.26,-3.72,0.4,223.68,62.93,14.9,29,0.3,64.48,130.8,23.58,53.67,277.82,7,1021.5,5.5449,-0.8660254037844388,0,1,11.34,-0.4999999999999997,0,0.36,24.97,0.5,0,0,1,298.5
18/07/2025,0.26,-3.72,0.4,223.55,63.39,14.9,29,0.3,65.48,131.45,23.53,53.12,274.7,7,1027.75,5.579,-0.8660254037844388,0,1,11.35,-0.4999999999999997,0,0.36,25.01,0.5,0,0,1,296.75
19/07/2025,0.26,-3.72,0.4,223.55,63.39,14.9,29,0.3,65.48,131.45,23.53,53.12,274.7,7,1027.75,5.579,-0.8660254037844388,0,1,11.35,-0.4999999999999997,0,0.36,24.64,0.5,0,0,1,296.75
20/07/2025,0.26,-3.72,0.4,223.55,63.39,14.9,29,0.3,65.48,131.45,23.53,53.12,274.7,7,1027.75,5.579,-0.8660254037844388,0,1,11.35,-0.4999999999999997,0,0.36,25.25,0.5,0,0,1,296.75
21/07/2025,0.26,-3.72,0.4,225.23,63.56,14.9,30,0.3,65.1,130.83,23.5,52.78,275.0,7,1010.5,5.5671,-0.8660254037844388,0,1,11.41,-0.4999999999999997,0,0.36,25.62,0.5,0,0,1,293.9
22/07/2025,0.26,-3.72,0.4,224.98,64.02,14.9,30,0.3,65.28,130.67,23.48,53.2,274.64,7,1008.0,5.5657,-0.8660254037844388,0,1,11.5,-0.4999999999999997,0,0.36,26.17,0.5,0,0,1,296.1
23/07/2025,0.26,-3.72,0.4,227.02,64.0,14.9,30,0.3,65.13,131.78,23.86,53.2,276.48,7,1005.0,5.5212,-0.8660254037844388,0,1,11.59,-0.4999999999999997,0,0.36,26.8,0.5,0,0,1,296.1
24/07/2025,0.26,-3.72,0.4,225.8,64.11,14.9,30,0.3,65.78,131.4,23.81,53.36,277.18,7,1005.75,5.5215,-0.8660254037844388,0,1,11.62,-0.4999999999999997,0,0.36,26.82,0.5,0,0,1,294.45
25/07/2025,0.26,-3.72,0.4,226.48,63.74,14.9,30,0.3,65.64,131.21,23.57,52.42,279.55,7,1002.0,5.5633,-0.8660254037844388,0,1,11.45,-0.4999999999999997,0,0.36,26.39,0.5,0,0,1,291.8
26/07/2025,0.26,-3.72,0.4,226.48,63.74,14.9,30,0.3,65.64,131.21,23.57,52.42,279.55,7,1002.0,5.5633,-0.8660254037844388,0,1,11.45,-0.4999999999999997,0,0.36,26.75,0.5,0,0,1,291.8
27/07/2025,0.26,-3.72,0.4,226.48,63.74,14.9,30,0.3,65.64,131.21,23.57,52.42,279.55,7,1002.0,5.5633,-0.8660254037844388,0,1,11.45,-0.4999999999999997,0,0.36,26.58,0.5,0,0,1,291.8
28/07/2025,0.26,-3.72,0.4,227.88,63.7,14.9,31,0.3,65.05,131.62,23.52,52.3,274.12,7,1011.5,5.5888,-0.8660254037844388,0,1,11.38,-0.4999999999999997,0,0.36,26.17,0.5,0,0,1,292.65
29/07/2025,0.26,-3.72,0.4,229.73,63.64,14.9,31,0.3,65.15,131.62,23.63,52.88,274.6,7,1009.5,5.5747,-0.8660254037844388,0,1,11.43,-0.4999999999999997,0,0.36,25.61,0.5,0,0,1,294.5
30/07/2025,0.26,-3.72,0.4,233.07,63.51,14.9,31,0.3,66.88,132.66,23.8,52.78,277.74,7,995.75,5.5695,-0.8660254037844388,0,1,11.39,-0.4999999999999997,0,0.36,27.2,0.5,0,0,1,294.2
31/07/2025,0.26,-3.72,0.4,227.77,63.54,14.9,31,0.3,66.83,132.88,23.72,52.55,278.28,7,989.25,5.6015,-0.8660254037844388,0,1,11.35,-0.4999999999999997,0,0.36,28.1,0.5,0,0,1,294.35
01/08/2025,-0.11,-2.4,0.4,230.13,63.71,14.9,31,0.3,67.05,133.08,23.98,52.55,280.76,8,989.25,5.542,-0.5000000000000004,0,1,11.48,-0.8660254037844385,0,0.76,27.19,0.0,0,0,1,294.35
02/08/2025,-0.11,-2.4,0.4,230.13,63.71,14.9,31,0.3,67.05,133.08,23.98,52.55,280.76,8,989.25,5.542,-0.5000000000000004,0,1,11.48,-0.8660254037844385,0,0.76,27.08,0.0,0,0,1,294.35
03/08/2025,-0.11,-2.4,0.4,230.13,63.71,14.9,31,0.3,67.05,133.08,23.98,52.55,280.76,8,989.25,5.542,-0.5000000000000004,0,1,11.48,-0.8660254037844385,0,0.76,25.65,0.0,0,0,1,294.35
04/08/2025,-0.11,-2.4,0.4,230.9,64.0,14.9,32,0.3,66.58,132.34,24.03,54.29,287.1,8,994.5,5.4988,-0.5000000000000004,0,1,11.62,-0.8660254037844385,0,0.76,25.13,0.0,0,0,1,298.95
05/08/2025,-0.11,-2.4,0.4,234.27,64.01,14.9,32,0.3,65.74,133.32,24.21,54.66,284.61,8,990.75,5.5075,-0.5000000000000004,0,1,11.62,-0.8660254037844385,0,0.76,25.7,0.0,0,0,1,301.0
06/08/2025,-0.11,-2.4,0.4,236.3,63.67,14.9,32,0.3,65.54,132.89,24.33,55.7,281.35,8,984.5,5.4632,-0.5000000000000004,0,1,11.66,-0.8660254037844385,0,0.76,26.74,0.0,0,0,1,304.3
07/08/2025,-0.11,-2.4,0.4,238.75,63.58,14.9,32,0.3,65.83,132.17,24.32,56.17,280.95,8,993.75,5.4236,-0.5000000000000004,0,1,11.7,-0.8660254037844385,0,0.76,27.48,0.0,0,0,1,305.3
08/08/2025,-0.11,-2.4,0.4,232.55,63.61,14.9,32,0.3,65.19,132.52,24.36,56.17,282.21,8,987.5,5.434,-0.5000000000000004,0,1,11.69,-0.8660254037844385,0,0.76,27.16,0.5,0,0,1,305.6
09/08/2025,-0.11,-2.4,0.4,232.55,63.61,14.9,32,0.3,65.19,132.52,24.36,56.17,282.21,8,987.5,5.434,-0.5000000000000004,0,1,11.69,-0.8660254037844385,0,0.76,27.06,0.5,0,0,1,305.6
10/08/2025,-0.11,-2.4,0.4,232.55,63.61,14.9,32,0.3,65.19,132.52,24.36,56.17,282.21,8,987.5,5.434,-0.5000000000000004,0,1,11.69,-0.8660254037844385,0,0.76,26.78,1.5,0,0,1,305.6
11/08/2025,-0.11,-2.4,0.4,233.07,63.65,14.9,33,0.3,65.3,133.45,24.5,56.17,285.75,8,991.75,5.4424,-0.5000000000000004,0,1,11.69,-0.8660254037844385,0,0.76,27.07,0.0,0,0,1,305.6
12/08/2025,-0.11,-2.4,0.4,235.82,63.89,14.9,33,0.3,64.78,133.2,24.71,57.49,275.88,8,1012.75,5.3895,-0.5000000000000004,0,1,11.85,-0.8660254037844385,0,0.76,25.88,0.0,0,0,1,309.85
13/08/2025,-0.11,-2.4,0.4,235.55,63.7,14.9,33,0.3,64.85,133.77,24.75,57.12,273.92,8,1024.0,5.3991,-0.5000000000000004,0,1,11.79,-0.8660254037844385,0,0.76,25.92,0.0,0,0,1,308.7
14/08/2025,-0.11,-2.4,0.4,233.35,63.37,14.9,33,0.3,64.51,133.31,24.61,57.02,274.7,8,1007.5,5.416,-0.5000000000000004,0,1,11.7,-0.8660254037844385,0,0.76,25.92,0.0,0,0,1,308.9
15/08/2025,-0.11,-2.4,0.4,236.25,63.26,14.9,33,0.3,64.75,134.38,24.89,57.11,273.92,8,1042.5,5.4009,-0.5000000000000004,0,1,11.72,-0.8660254037844385,0,0.76,28.1,0.0,0,0,1,308.3
16/08/2025,-0.11,-2.4,0.4,236.25,63.26,14.9,33,0.3,64.75,134.38,24.89,57.11,273.92,8,1042.5,5.4009,-0.5000000000000004,0,1,11.72,-0.8660254037844385,0,0.76,28.28,0.0,0,0,1,308.3
17/08/2025,-0.11,-2.4,0.4,236.25,63.26,14.9,33,0.3,64.75,134.38,24.89,57.11,273.92,8,1042.5,5.4009,-0.5000000000000004,0,1,11.72,-0.8660254037844385,0,0.76,28.2,0.0,0,0,1,308.3
18/08/2025,-0.11,-2.4,0.4,236.73,63.33,14.9,34,0.3,65.74,134.42,24.74,56.52,270.41,8,1041.25,5.4368,-0.5000000000000004,0,1,11.66,-0.8660254037844385,0,0.76,28.21,0.0,0,0,1,307.05
19/08/2025,-0.11,-2.4,0.4,236.32,63.83,14.9,34,0.3,66.25,135.51,24.63,55.94,271.49,8,1033.75,5.504,-0.5000000000000004,0,1,11.6,-0.8660254037844385,0,0.76,28.35,0.0,0,0,1,307.75
20/08/2025,-0.11,-2.4,0.4,238.52,63.87,14.9,34,0.3,65.37,136.29,24.9,56.74,274.61,8,1036.0,5.4829,-0.5000000000000004,0,1,11.67,-0.8660254037844385,0,0.76,28.09,0.0,0,0,1,310.55
21/08/2025,-0.11,-2.4,0.4,238.65,64.03,14.9,34,0.3,66.36,136.83,24.97,56.71,273.32,8,1056.0,5.471,-0.5000000000000004,0,1,11.68,-0.8660254037844385,0,0.76,27.68,0.0,0,0,1,310.75
22/08/2025,-0.11,-2.4,0.4,239.95,64.05,14.9,34,0.3,66.16,135.95,25.06,57.24,269.52,8,1058.5,5.4227,-0.5000000000000004,0,1,11.81,-0.8660254037844385,0,0.76,26.08,0.0,0,0,1,310.55
23/08/2025,-0.11,-2.4,0.4,239.95,64.05,14.9,34,0.3,66.16,135.95,25.06,57.24,269.52,8,1058.5,5.4227,-0.5000000000000004,0,1,11.81,-0.8660254037844385,0,0.76,26.88,0.0,0,0,1,310.55
24/08/2025,-0.11,-2.4,0.4,239.95,64.05,14.9,34,0.3,66.16,135.95,25.06,57.24,269.52,8,1058.5,5.4227,-0.5000000000000004,0,1,11.81,-0.8660254037844385,0,0.76,27.42,0.0,0,0,1,310.55
25/08/2025,-0.11,-2.4,0.4,240.23,64.32,14.9,35,0.3,65.99,134.55,24.85,57.24,271.39,8,1047.75,5.4121,-0.5000000000000004,0,1,11.88,-0.8660254037844385,0,0.76,27.6,0.0,0,0,1,310.55
26/08/2025,-0.11,-2.4,0.4,242.5,64.34,14.9,35,0.3,66.12,134.47,24.74,57.21,271.61,8,1049.5,5.4311,-0.5000000000000004,0,1,11.84,-0.8660254037844385,0,0.76,28.24,0.0,0,0,1,310.95
26/08/2025,-0.11,-2.4,0.4,242.5,64.34,14.9,35,0.3,66.12,134.47,24.74,57.21,271.61,8,1049.5,5.4311,-0.5000000000000004,0,1,11.84,-0.8660254037844385,0,0.76,28.24,0.0,0,0,1,310.95
26/08/2025,-0.11,-2.4,0.4,242.5,64.34,14.9,35,0.3,66.12,134.47,24.74,57.21,271.61,8,1049.5,5.4311,-0.5000000000000004,0,1,11.84,-0.8660254037844385,0,0.76,28.24,0.0,0,0,1,310.95
26/08/2025,-0.11,-2.4,0.4,242.5,64.34,14.9,35,0.3,66.12,134.47,24.74,57.21,271.61,8,1049.5,5.4311,-0.5000000000000004,0,1,11.84,-0.8660254037844385,0,0.76,28.24,0.0,0,0,1,310.95
26/08/2025,-0.11,-2.4,0.4,242.5,64.34,14.9,35,0.3,66.12,134.47,24.74,57.21,271.61,8,1049.5,5.4311,-0.5000000000000004,0,1,11.84,-0.8660254037844385,0,0.76,28.24,0.0,0,0,1,310.95
26/08/2025,-0.11,-2.4,0.4,242.5,64.34,14.9,35,0.3,66.12,134.47,24.74,57.21,271.61,8,1049.5,5.4311,-0.5000000000000004,0,1,11.84,-0.8660254037844385,0,0.76,28.24,0.0,0,0,1,310.95
26/08/2025,-0.11,-2.4,0.4,242.5,64.34,14.9,35,0.3,66.12,134.47,24.74,57.21,271.61,8,1049.5,5.4311,-0.5000000000000004,0,1,11.84,-0.8660254037844385,0,0.76,28.24,0.0,0,0,1,310.95
26/08/2025,-0.11,-2.4,0.4,242.5,64.34,14.9,35,0.3,66.12,134.47,24.74,57.21,271.61,8,1049.5,5.4311,-0.5000000000000004,0,1,11.84,-0.8660254037844385,0,0.76,28.24,0.0,0,0,1,310.95
26/08/2025,-0.11,-2.4,0.4,242.5,64.34,14.9,35,0.3,66.12,134.47,24.74,57.21,271.61,8,1049.5,5.4311,-0.5000000000000004,0,1,11.84,-0.8660254037844385,0,0.76,28.24,0.0,0,0,1,310.95
26/08/2025,-0.11,-2.4,0.4,242.5,64.34,14.9,35,0.3,66.12,134.47,24.74,57.21,271.61,8,1049.5,5.4311,-0.5000000000000004,0,1,11.84,-0.8660254037844385,0,0.76,28.24,0.0,0,0,1,310.95
26/08/2025,-0.11,-2.4,0.4,242.5,64.34,14.9,35,0.3,66.12,134.47,24.74,57.21,271.61,8,1049.5,5.4311,-0.5000000000000004,0,1,11.84,-0.8660254037844385,0,0.76,28.24,0.0,0,0,1,310.95
26/08/2025,-0.11,-2.4,0.4,242.5,64.34,14.9,35,0.3,66.12,134.47,24.74,57.21,271.61,8,1049.5,5.4311,-0.5000000000000004,0,1,11.84,-0.8660254037844385,0,0.76,28.24,0.0,0,0,1,310.95
26/08/2025,-0.11,-2.4,0.4,242.5,64.34,14.9,35,0.3,66.12,134.47,24.74,57.21,271.61,8,1049.5,5.4311,-0.5000000000000004,0,1,11.84,-0.8660254037844385,0,0.76,28.24,0.0,0,0,1,310.95
26/08/2025,-0.11,-2.4,0.4,242.5,64.34,14.9,35,0.3,66.12,134.47,24.74,57.21,271.61,8,1049.5,5.4311,-0.5000000000000004,0,1,11.84,-0.8660254037844385,0,0.76,28.24,0.0,0,0,1,310.95
26/08/2025,-0.11,-2.4,0.4,242.5,64.34,14.9,35,0.3,66.12,134.47,24.74,57.21,271.61,8,1049.5,5.4311,-0.5000000000000004,0,1,11.84,-0.8660254037844385,0,0.76,28.24,0.0,0,0,1,310.95
26/08/2025,-0.11,-2.4,0.4,242.5,64.34,14.9,35,0.3,66.12,134.47,24.74,57.21,271.61,8,1049.5,5.4311,-0.5000000000000004,0,1,11.84,-0.8660254037844385,0,0.76,28.24,0.0,0,0,1,310.95
26/08/2025,-0.11,-2.4,0.4,242.5,64.34,14.9,35,0.3,66.12,134.47,24.74,57.21,271.61,8,1049.5,5.4311,-0.5000000000000004,0,1,11.84,-0.8660254037844385,0,0.76,28.24,0.0,0,0,1,310.95
26/08/2025,-0.11,-2.4,0.4,242.5,64.34,14.9,35,0.3,66.12,134.47,24.74,57.21,271.61,8,1049.5,5.4311,-0.5000000000000004,0,1,11.84,-0.8660254037844385,0,0.76,28.24,0.0,0,0,1,310.95
27/08/2025,-0.11,-2.4,0.4,243.25,64.49,14.9,35,0.3,65.77,134.27,24.77,57.43,270.12,8,1047.5,5.4178,-0.5000000000000004,0,1,11.9,-0.8660254037844385,0,0.76,28.84,0.0,0,0,1,311.35
28/08/2025,-0.11,-2.4,0.4,237.0,64.26,14.9,35,0.3,65.12,134.48,24.88,57.61,266.77,8,1048.0,5.4129,-0.5000000000000004,0,1,11.89,-0.8660254037844385,0,0.76,28.84,0.0,0,0,1,311.4
29/08/2025,-0.11,-2.4,0.4,241.9,64.29,14.9,35,0.3,65.49,134.25,24.77,57.29,266.51,8,1054.5,5.4304,-0.5000000000000004,0,1,11.86,-0.8660254037844385,0,0.76,29.31,0.0,0,0,1,310.5
30/08/2025,-0.11,-2.4,0.4,241.9,64.29,14.9,35,0.3,65.49,134.25,24.77,57.29,266.51,8,1054.5,5.4304,-0.5000000000000004,0,1,11.86,-0.8660254037844385,0,0.76,28.93,0.0,0,0,1,310.5
31/08/2025,-0.11,-2.4,0.4,241.9,64.29,14.9,35,0.3,65.49,134.25,24.77,57.29,266.51,8,1054.5,5.4304,-0.5000000000000004,0,1,11.86,-0.8660254037844385,0,0.76,29.07,0.0,0,0,1,310.5
01/09/2025,0.48,-3.85,0.4,241.9,64.29,14.9,36,0.3,65.49,134.25,24.77,57.29,266.51,9,1054.5,5.4304,-1.8369701987210297e-16,0,0,11.86,-1.0,0,0.76,29.83,0.0,0,0,1,310.5
02/09/2025,0.48,-3.85,0.4,239.52,64.53,14.9,36,0.3,64.95,134.41,24.55,57.29,265.4,9,1041.0,5.465,-1.8369701987210297e-16,0,0,11.79,-1.0,0,0.76,28.63,0.0,0,0,1,313.65
03/09/2025,0.48,-3.85,0.4,238.32,64.58,14.9,36,0.3,65.31,135.04,24.74,57.42,269.35,9,1031.5,5.4516,-1.8369701987210297e-16,0,0,11.83,-1.0,0,0.76,28.23,0.0,0,0,1,313.4
04/09/2025,0.48,-3.85,0.4,236.95,64.7,14.9,36,0.3,65.39,135.11,24.81,57.42,267.43,9,1033.0,5.4462,-1.8369701987210297e-16,0,0,11.88,-1.0,0,0.76,27.95,0.0,0,0,1,313.4
05/09/2025,0.48,-3.85,0.4,235.98,64.78,14.9,36,0.3,65.37,134.75,24.89,57.66,261.94,9,1027.0,5.4134,-1.8369701987210297e-16,0,0,11.97,-1.0,0,0.76,28.3,0.0,0,0,1,312.1
06/09/2025,0.48,-3.85,0.4,235.98,64.78,14.9,36,0.3,65.37,134.75,24.89,57.66,261.94,9,1027.0,5.4134,-1.8369701987210297e-16,0,0,11.97,-1.0,0,0.76,28.9,0.5,0,0,1,312.1
07/09/2025,0.48,-3.85,0.4,235.98,64.78,14.9,36,0.3,65.37,134.75,24.89,57.66,261.94,9,1027.0,5.4134,-1.8369701987210297e-16,0,0,11.97,-1.0,0,0.76,29.48,1.5,0,0,1,312.1
08/09/2025,0.48,-3.85,0.4,235.8,64.82,14.9,37,0.3,65.39,135.35,24.98,57.62,262.58,9,1013.5,5.4196,-1.8369701987210297e-16,0,0,11.96,-1.0,0,0.76,29.43,0.5,0,0,1,312.25
09/09/2025,0.48,-3.85,0.4,230.18,65.15,14.9,37,0.3,65.47,135.69,24.97,57.36,261.53,9,1011.5,5.4398,-1.8369701987210297e-16,0,0,11.99,-1.0,0,0.76,28.83,0.0,0,0,1,311.7
10/09/2025,0.48,-3.85,0.4,231.15,65.07,14.9,37,0.3,65.37,135.38,25.03,57.63,259.91,9,1005.5,5.4087,-1.8369701987210297e-16,0,0,12.03,-1.0,0,0.76,30.17,0.0,0,0,1,311.65
11/09/2025,0.48,-3.85,0.4,232.27,64.97,14.9,37,0.3,65.19,135.37,25.1,57.61,262.38,9,1015.25,5.3903,-1.8369701987210297e-16,0,0,12.04,-1.0,0,0.76,30.49,0.0,0,0,1,310.75
12/09/2025,0.48,-3.85,0.4,229.98,65.03,14.9,37,0.3,65.12,134.98,25.21,57.61,262.3,9,1025.75,5.3549,-1.8369701987210297e-16,0,0,12.14,-1.0,0,0.76,30.33,0.0,0,0,1,310.75
13/09/2025,0.48,-3.85,0.4,229.98,65.03,14.9,37,0.3,65.12,134.98,25.21,57.61,262.3,9,1025.75,5.3549,-1.8369701987210297e-16,0,0,12.14,-1.0,0,0.76,29.14,0.0,0,0,1,310.75
14/09/2025,0.48,-3.85,0.4,229.98,65.03,14.9,37,0.3,65.12,134.98,25.21,57.61,262.3,9,1025.75,5.3549,-1.8369701987210297e-16,0,0,12.14,-1.0,0,0.76,27.93,0.0,0,0,1,310.75
15/09/2025,0.48,-3.85,0.4,234.6,65.08,14.9,38,0.3,65.03,135.13,25.41,57.9,258.83,9,1042.75,5.3168,-1.8369701987210297e-16,0,0,12.24,-1.0,0,0.76,29.01,0.0,0,0,1,307.9
16/09/2025,0.48,-3.85,0.4,233.45,65.19,14.9,38,0.3,67.5,134.12,25.32,57.96,259.83,9,1049.75,5.2972,-1.8369701987210297e-16,0,0,12.3,-1.0,0,0.76,29.8,0.0,0,0,1,307.05
17/09/2025,0.48,-3.85,0.4,231.1,65.36,14.9,38,0.3,67.18,134.48,25.38,57.58,262.4,9,230300.0,5.3059,-1.8369701987210297e-16,0,0,12.33,-1.0,0,0.76,29.9,0.0,0,0,1,305.1
18/09/2025,0.48,-3.85,0.4,232.38,65.33,14.9,38,0.3,67.27,134.18,25.27,57.48,260.59,9,228700.0,5.3138,-1.8369701987210297e-16,0,0,12.3,-1.0,0,0.76,30.85,0.0,0,0,1,305.2
19/09/2025,0.48,-3.85,0.4,233.58,65.32,14.9,38,0.3,67.34,133.69,25.13,57.16,261.53,9,226100.0,5.3238,-1.8369701987210297e-16,0,0,12.28,-1.0,0,0.76,28.45,0.0,0,0,1,304.1
20/09/2025,0.48,-3.85,0.4,233.58,65.32,14.9,38,0.3,67.34,133.69,25.13,57.16,261.53,9,226100.0,5.3238,-1.8369701987210297e-16,0,0,12.28,-1.0,0,0.76,29.15,0.0,0,0,1,304.1
21/09/2025,0.48,-3.85,0.4,233.58,65.32,14.9,38,0.3,67.34,133.69,25.13,57.16,261.53,9,226100.0,5.3238,-1.8369701987210297e-16,0,0,12.28,-1.0,0,0.76,29.61,0.0,0,0,1,304.1
22/09/2025,0.48,-3.85,0.4,237.23,64.75,14.9,39,0.3,66.57,132.16,24.76,57.05,261.08,9,222900.0,5.3353,-1.8369701987210297e-16,0,0,12.13,-1.0,0,0.76,27.63,0.0,0,0,1,304.45
23/09/2025,0.48,-3.85,0.4,235.6,64.32,14.9,39,0.3,66.44,129.13,24.43,57.05,261.96,9,223100.0,5.285,-1.8369701987210297e-16,0,0,12.17,-1.0,0,0.76,25.23,0.0,0,0,1,304.45
24/09/2025,0.48,-3.85,0.4,234.05,64.33,14.9,39,0.3,66.12,128.08,24.04,56.65,264.43,9,222400.0,5.327,-1.8369701987210297e-16,0,0,12.08,-1.0,0,0.76,28.01,0.0,0,0,1,301.8
25/09/2025,0.48,-3.85,0.4,232.05,64.36,14.9,39,0.3,66.52,128.29,23.9,56.26,268.73,9,223200.0,5.368,-1.8369701987210297e-16,0,0,11.99,-1.0,0,0.76,29.28,0.0,0,0,1,302.0
26/09/2025,0.48,-3.85,0.4,231.8,64.34,14.9,39,0.3,66.22,129.22,24.2,56.73,270.28,9,223500.0,5.34,-1.8369701987210297e-16,0,0,12.05,-1.0,0,0.76,30.7,0.0,0,0,1,302.95
27/09/2025,0.48,-3.85,0.4,231.8,64.34,14.9,39,0.3,66.22,129.22,24.2,56.73,270.28,9,223500.0,5.34,-1.8369701987210297e-16,0,0,12.05,-1.0,0,0.76,30.4,0.0,0,0,1,302.95
28/09/2025,0.48,-3.85,0.4,231.8,64.34,14.9,39,0.3,66.22,129.22,24.2,56.73,270.28,9,223500.0,5.34,-1.8369701987210297e-16,0,0,12.05,-1.0,0,0.76,30.4,0.0,0,0,1,302.95
29/09/2025,0.48,-3.85,0.4,231.32,64.36,14.9,40,0.3,66.11,129.01,24.26,57.15,272.24,9,222800.0,5.318,-1.8369701987210297e-16,0,0,12.1,-1.0,0,0.76,30.48,0.0,0,0,1,303.95
30/09/2025,0.48,-3.85,0.4,231.85,64.26,14.9,40,0.3,65.28,128.88,24.21,57.12,270.19,9,220800.0,5.324,-1.8369701987210297e-16,0,0,12.07,-1.0,0,0.76,30.92,0.0,0,0,1,304.1
01/10/2025,0.09,1.97,-2.5,231.1,64.31,14.9,40,0.4,65.51,128.76,24.2,57.43,265.84,10,223300.0,5.321,0.5000000000000001,0,0,12.09,-0.8660254037844386,0,0.76,29.63,0.0,0,0,0,305.6
02/10/2025,0.09,1.97,-2.5,230.52,64.57,14.9,40,0.4,65.71,130.27,24.4,57.27,265.43,10,225700.0,5.34,0.5000000000000001,0,0,12.09,-0.8660254037844386,0,0.76,29.96,0.0,0,0,0,305.8
03/10/2025,0.09,1.97,-2.5,231.02,64.77,14.9,40,0.4,65.98,131.3,24.64,57.66,264.67,10,224100.0,5.33,0.5000000000000001,0,0,12.15,-0.8660254037844386,0,0.76,29.8,0.0,0,0,0,307.35
04/10/2025,0.09,1.97,-2.5,231.02,64.77,14.9,40,0.4,65.98,131.3,24.64,57.66,264.67,10,224100.0,5.33,0.5000000000000001,0,0,12.15,-0.8660254037844386,0,0.76,30.11,0.0,0,0,0,307.35
05/10/2025,0.09,1.97,-2.5,231.02,64.77,14.9,40,0.4,65.98,131.3,24.64,57.66,264.67,10,224100.0,5.33,0.5000000000000001,0,0,12.15,-0.8660254037844386,0,0.76,29.7,0.0,0,0,0,307.35
06/10/2025,0.09,1.97,-2.5,231.88,64.93,14.9,41,0.4,66.36,131.47,24.75,57.66,262.05,10,224400.0,5.311,0.5000000000000001,0,0,12.22,-0.8660254037844386,0,0.76,30.63,0.0,0,0,0,307.35
07/10/2025,0.09,1.97,-2.5,233.1,65.09,14.9,41,0.4,66.4,131.29,24.55,57.31,263.6,10,225100.0,5.348,0.5000000000000001,0,0,12.17,-0.8660254037844386,0,0.76,30.73,0.0,0,0,0,306.5
08/10/2025,0.09,1.97,-2.5,233.85,65.3,14.9,41,0.4,66.6,131.9,24.68,57.56,264.94,10,227000.0,5.344,0.5000000000000001,0,0,12.22,-0.8660254037844386,0,0.76,30.68,0.0,0,0,0,307.6
09/10/2025,0.09,1.97,-2.5,235.02,65.19,14.9,41,0.4,67.24,131.95,24.53,57.26,268.84,10,225100.0,5.378,0.5000000000000001,0,0,12.12,-0.8660254037844386,0,0.76,27.27,0.0,0,0,0,307.95
10/10/2025,0.09,1.97,-2.5,238.48,65.21,14.9,41,0.4,67.88,132.68,24.13,57.26,271.45,10,222000.0,5.499,0.5000000000000001,0,0,11.86,-0.8660254037844386,0,0.76,28.16,0.0,0,0,0,307.95
11/10/2025,0.09,1.97,-2.5,238.48,65.21,14.9,41,0.4,67.88,132.68,24.13,57.26,271.45,10,222000.0,5.499,0.5000000000000001,0,0,11.86,-0.8660254037844386,0,0.76,27.88,0.0,0,0,0,307.95
12/10/2025,0.09,1.97,-2.5,238.48,65.21,14.9,41,0.4,67.88,132.68,24.13,57.26,271.45,10,222000.0,5.499,0.5000000000000001,0,0,11.86,-0.8660254037844386,0,0.76,25.12,0.5,0,0,0,307.95
13/10/2025,0.09,1.97,-2.5,240.57,65.15,14.9,42,0.4,67.23,133.44,24.45,56.49,271.28,10,222200.0,5.458,0.5000000000000001,0,0,11.94,-0.8660254037844386,0,0.76,28.51,0.0,0,0,0,308.3
14/10/2025,0.09,1.97,-2.5,241.82,64.98,14.9,42,0.4,67.8,133.29,24.38,56.48,267.18,10,221900.0,5.466,0.5000000000000001,0,0,11.89,-0.8660254037844386,0,0.76,28.63,0.0,0,0,0,308.7
15/10/2025,0.09,1.97,-2.5,242.18,64.96,14.9,42,0.4,67.51,133.23,24.41,56.65,268.15,10,221900.0,5.457,0.5000000000000001,0,0,11.9,-0.8660254037844386,0,0.76,28.17,0.0,0,0,0,309.15
16/10/2025,0.09,1.97,-2.5,243.95,65.12,14.9,42,0.4,67.93,132.96,24.41,56.65,262.51,10,222800.0,5.447,0.5000000000000001,0,0,11.96,-0.8660254037844386,0,0.76,29.61,0.0,0,0,0,309.15
17/10/2025,0.09,1.97,-2.5,240.25,65.53,14.9,42,0.4,68.4,133.56,24.71,57.29,267.93,10,224800.0,5.406,0.5000000000000001,0,0,12.12,-0.8660254037844386,0,0.76,29.98,0.0,0,0,0,309.7
18/10/2025,0.09,1.97,-2.5,240.25,65.53,14.9,42,0.4,68.4,133.56,24.71,57.29,267.93,10,224800.0,5.406,0.5000000000000001,0,0,12.12,-0.8660254037844386,0,0.76,29.44,0.0,0,0,0,309.7
19/10/2025,0.09,1.97,-2.5,240.25,65.53,14.9,42,0.4,68.4,133.56,24.71,57.29,267.93,10,224800.0,5.406,0.5000000000000001,0,0,12.12,-0.8660254037844386,0,0.76,26.59,0.0,0,0,0,309.7
20/10/2025,0.09,1.97,-2.5,241.85,65.49,14.9,43,0.4,68.95,133.01,24.75,57.73,267.62,10,227500.0,5.373,0.5000000000000001,0,0,12.19,-0.8660254037844386,0,0.76,25.18,0.0,0,0,0,310.2
21/10/2025,0.09,1.97,-2.5,243.68,65.61,14.9,43,0.4,68.5,132.95,24.67,57.69,268.61,10,227400.0,5.389,0.5000000000000001,0,0,12.17,-0.8660254037844386,0,0.76,27.04,0.0,0,0,0,310.9
22/10/2025,0.09,1.97,-2.5,239.05,65.47,14.9,43,0.4,68.53,133.24,24.67,57.66,267.81,10,228100.0,5.401,0.5000000000000001,0,0,12.12,-0.8660254037844386,0,0.76,26.5,0.0,0,0,0,311.4
23/10/2025,0.09,1.97,-2.5,239.73,65.63,14.9,43,0.4,67.26,133.45,24.78,57.66,268.9,10,230000.0,5.386,0.5000000000000001,0,0,12.19,-0.8660254037844386,0,0.76,28.26,0.0,0,0,0,311.4
24/10/2025,0.09,1.97,-2.5,233.75,65.66,14.9,43,0.4,67.19,133.44,24.75,58.08,269.54,10,229700.0,5.392,0.5000000000000001,0,0,12.18,-0.8660254037844386,0,0.76,29.39,0.0,0,0,0,313.15
25/10/2025,0.09,1.97,-2.5,233.75,65.66,14.9,43,0.4,67.19,133.44,24.75,58.08,269.54,10,229700.0,5.392,0.5000000000000001,0,0,12.18,-0.8660254037844386,0,0.76,30.01,0.0,0,0,0,313.15
26/10/2025,0.09,1.97,-2.5,233.75,65.66,14.9,43,0.4,67.19,133.44,24.75,58.08,269.54,10,229700.0,5.392,0.5000000000000001,0,0,12.18,-0.8660254037844386,0,0.76,30.07,0.0,0,0,0,313.15
27/10/2025,0.09,1.97,-2.5,228.82,65.71,14.9,44,0.4,67.91,133.76,24.9,58.33,271.09,10,235300.0,5.372,0.5000000000000001,0,0,12.23,-0.8660254037844386,0,0.76,30.06,0.0,0,0,0,313.35
28/10/2025,0.09,1.97,-2.5,227.5,65.84,14.9,44,0.4,67.52,134.36,25.07,58.7,266.33,10,237700.0,5.36,0.5000000000000001,0,0,12.28,-0.8660254037844386,0,0.76,31.02,0.0,0,0,0,314.65
29/10/2025,0.09,1.97,-2.5,231.4,66.03,14.9,44,0.4,68.41,133.43,24.87,59.24,261.53,10,238200.0,5.366,0.5000000000000001,0,0,12.31,-0.8660254037844386,0,0.76,31.37,0.0,0,0,0,317.9
30/10/2025,0.09,1.97,-2.5,235.27,66.24,14.9,44,0.4,67.71,133.84,24.89,59.29,262.89,10,240600.0,5.378,0.5000000000000001,0,0,12.32,-0.8660254037844386,0,0.76,30.85,0.0,0,0,0,318.85
31/10/2025,0.09,1.97,-2.5,236.6,66.15,14.9,44,0.4,68.0,133.58,24.82,59.29,265.49,10,245900.0,5.381,0.5000000000000001,0,0,12.29,-0.8660254037844386,0,0.76,29.54,0.0,0,0,0,318.85
01/11/2025,0.09,1.43,-2.5,236.6,66.15,14.9,44,0.4,68.0,133.58,24.82,59.29,265.49,11,245900.0,5.381,0.8660254037844384,0,0,12.29,-0.5000000000000004,0,0.76,28.77,0.0,0,0,0,318.85
02/11/2025,0.09,1.43,-2.5,236.6,66.15,14.9,44,0.4,68.0,133.58,24.82,59.29,265.49,11,245900.0,5.381,0.8660254037844384,0,0,12.29,-0.5000000000000004,0,0.76,27.92,1.5,0,0,0,318.85
03/11/2025,0.18,1.43,-2.5,232.2,66.43,14.9,45,0.4,68.35,134.07,25.03,59.78,264.16,11,250100.0,5.356,0.8660254037844384,0,0,12.4,-0.5000000000000004,0,0.76,27.15,0.0,0,0,0,320.2
04/11/2025,0.18,1.43,-2.5,227.77,66.69,14.9,45,0.4,68.04,134.47,24.91,59.75,267.85,11,247200.0,5.398,0.8660254037844384,0,0,12.35,-0.5000000000000004,0,0.76,25.91,0.0,0,0,0,322.55
05/11/2025,0.18,1.43,-2.5,220.52,66.8,14.9,45,0.4,68.44,134.17,25.04,60.35,268.0,11,250100.0,5.359,0.8660254037844384,0,0,12.46,-0.5000000000000004,0,0.76,29.01,0.0,0,0,0,323.4
06/11/2025,0.18,1.43,-2.5,218.77,66.85,14.9,45,0.4,68.22,133.61,24.98,60.53,271.42,11,244200.0,5.348,0.8660254037844384,0,0,12.5,-0.5000000000000004,0,0.76,27.89,0.0,0,0,0,323.7
07/11/2025,0.18,1.43,-2.5,221.35,67.08,14.9,45,0.4,67.72,133.71,25.05,60.53,276.5,11,246300.0,5.338,0.8660254037844384,0,0,12.57,-0.5000000000000004,0,0.76,25.5,0.0,0,0,0,323.7
08/11/2025,0.18,1.43,-2.5,221.35,67.08,14.9,45,0.4,67.72,133.71,25.05,60.53,276.5,11,246300.0,5.338,0.8660254037844384,0,0,12.57,-0.5000000000000004,0,0.76,26.8,0.0,0,0,0,323.7
09/11/2025,0.18,1.43,-2.5,221.35,67.08,14.9,45,0.4,67.72,133.71,25.05,60.53,276.5,11,246300.0,5.338,0.8660254037844384,0,0,12.57,-0.5000000000000004,0,0.76,28.31,0.0,0,0,0,323.7
10/11/2025,0.18,1.43,-2.5,228.55,67.31,14.9,46,0.4,67.76,133.98,25.25,60.8,277.28,11,249100.0,5.307,0.8660254037844384,0,0,12.68,-0.5000000000000004,0,0.76,29.18,0.0,0,0,0,322.65
11/11/2025,0.18,1.43,-2.5,227.2,67.34,14.9,46,0.4,67.74,133.95,25.42,61.13,278.84,11,248500.0,5.27,0.8660254037844384,0,0,12.78,-0.5000000000000004,0,0.76,26.55,0.0,0,0,0,322.15
12/11/2025,0.18,1.43,-2.5,225.27,67.36,14.9,46,0.4,67.89,133.94,25.3,60.81,279.58,11,249900.0,5.293,0.8660254037844384,0,0,12.73,-0.5000000000000004,0,0.76,26.67,0.0,0,0,0,321.85
13/11/2025,0.18,1.43,-2.5,219.0,67.46,14.9,46,0.4,67.75,134.31,25.36,60.87,283.54,11,252900.0,5.297,0.8660254037844384,0,0,12.73,-0.5000000000000004,0,0.76,26.73,0.0,0,0,0,322.45
14/11/2025,0.18,1.43,-2.5,219.15,67.52,14.9,46,0.4,67.69,134.57,25.39,60.89,285.04,11,247900.0,5.299,0.8660254037844384,0,0,12.74,-0.5000000000000004,0,0.76,29.52,0.0,0,0,0,322.65
15/11/2025,0.18,1.43,-2.5,219.15,67.52,14.9,46,0.4,67.69,134.57,25.39,60.89,285.04,11,247900.0,5.299,0.8660254037844384,0,0,12.74,-0.5000000000000004,0,0.76,30.2,0.0,0,0,0,322.65
16/11/2025,0.18,1.43,-2.5,219.15,67.52,14.9,46,0.4,67.69,134.57,25.39,60.89,285.04,11,247900.0,5.299,0.8660254037844384,0,0,12.74,-0.5000000000000004,0,0.76,29.58,0.0,0,0,0,322.65
17/11/2025,0.18,1.43,-2.5,221.27,67.62,14.9,47,0.4,67.53,134.92,25.33,60.34,279.13,11,255200.0,5.326,0.8660254037844384,0,0,12.7,-0.5000000000000004,0,0.76,28.9,0.0,0,0,0,321.35
18/11/2025,0.18,1.43,-2.5,220.02,67.61,14.9,47,0.4,71.27,135.44,25.47,60.41,279.28,11,253900.0,5.318,0.8660254037844384,0,0,12.71,-0.5000000000000004,0,0.76,27.11,0.0,0,0,0,321.25
19/11/2025,0.18,1.43,-2.5,216.3,67.64,14.9,47,0.4,70.89,135.85,25.45,60.23,272.49,11,250500.0,5.338,0.8660254037844384,0,0,12.67,-0.5000000000000004,0,0.76,29.02,0.0,0,0,0,321.5
20/11/2025,0.18,1.43,-2.5,214.73,67.64,14.9,47,0.4,70.89,135.85,25.45,60.23,272.49,11,250500.0,5.338,0.8660254037844384,0,0,12.67,-0.5000000000000004,0,0.76,29.95,0.0,0,0,0,321.5
21/11/2025,0.18,1.43,-2.5,214.45,67.67,14.9,47,0.4,71.04,135.37,25.08,59.75,273.09,11,248000.0,5.397,0.8660254037844384,0,0,12.54,-0.5000000000000004,0,0.76,27.51,0.0,0,0,0,322.45
22/11/2025,0.18,1.43,-2.5,214.45,67.67,14.9,47,0.4,71.04,135.37,25.08,59.75,273.09,11,248000.0,5.397,0.8660254037844384,0,0,12.54,-0.5000000000000004,0,0.76,25.32,0.0,0,0,0,322.45
23/11/2025,0.18,1.43,-2.5,214.45,67.67,14.9,47,0.4,71.04,135.37,25.08,59.75,273.09,11,248000.0,5.397,0.8660254037844384,0,0,12.54,-0.5000000000000004,0,0.76,27.31,0.0,0,0,0,322.45
24/11/2025,0.18,1.43,-2.5,207.2,67.82,14.9,48,0.4,71.26,134.58,24.95,59.75,275.68,11,247600.0,5.394,0.8660254037844384,0,0,12.57,-0.5000000000000004,0,0.76,28.12,0.0,0,0,0,322.45
25/11/2025,0.18,1.43,-2.5,207.0,68.24,14.9,48,0.4,71.96,135.69,25.24,59.76,276.98,11,248000.0,5.376,0.8660254037844384,0,0,12.69,-0.5000000000000004,0,0.76,26.99,0.0,0,0,0,321.25
26/11/2025,0.18,1.43,-2.5,211.02,68.4,14.9,48,0.4,72.99,135.74,25.44,60.18,280.87,11,249400.0,5.336,0.8660254037844384,0,0,12.82,-0.5000000000000004,0,0.76,27.9,0.0,0,0,0,321.1
27/11/2025,0.18,1.43,-2.5,211.02,68.4,14.9,48,0.4,72.99,135.74,25.44,60.18,280.87,11,249400.0,5.336,0.8660254037844384,0,0,12.82,-0.5000000000000004,0,0.76,27.69,0.0,0,0,0,321.1
28/11/2025,0.18,1.43,-2.5,215.57,68.76,14.9,48,0.4,73.22,136.07,25.52,60.32,281.46,11,250800.0,5.332,0.8660254037844384,0,0,12.9,-0.5000000000000004,0,0.76,26.6,0.0,0,0,0,321.6
29/11/2025,0.18,1.43,-2.5,215.57,68.76,14.9,48,0.4,73.22,136.07,25.52,60.32,281.46,11,250800.0,5.332,0.8660254037844384,0,0,12.9,-0.5000000000000004,0,0.76,28.44,0.0,0,0,0,321.6
30/11/2025,0.18,1.43,-2.5,215.57,68.76,14.9,48,0.4,73.22,136.07,25.52,60.32,281.46,11,250800.0,5.332,0.8660254037844384,0,0,12.9,-0.5000000000000004,0,0.76,27.16,0.0,0,0,0,321.6
01/12/2025,0.18,-0.0,-2.5,214.2,69.04,14.9,49,0.4,74.2,135.39,25.26,60.32,278.99,12,248700.0,5.359,1.0,0,1,12.88,-2.4492935982947064e-16,0,0.26,26.66,0.0,0,0,0,321.6
02/12/2025,0.18,-0.0,-2.5,218.48,69.54,14.9,49,0.4,76.47,136.04,25.51,60.34,277.49,12,248000.0,5.332,1.0,0,1,13.04,-2.4492935982947064e-16,0,0.26,26.13,0.0,0,0,0,321.75
03/12/2025,0.18,-0.0,-2.5,218.95,69.91,14.9,49,0.4,75.0,135.82,25.57,60.47,274.34,12,246000.0,5.312,1.0,0,1,13.16,-2.4492935982947064e-16,0,0.26,27.8,0.0,0,0,0,321.2
04/12/2025,0.18,-0.0,-2.5,221.45,69.97,14.9,49,0.4,74.4,135.21,25.47,60.66,273.19,12,246803.0,5.309,1.0,0,1,13.18,-2.4492935982947064e-16,0,0.26,25.1,0.0,0,0,0,322.05
05/12/2025,0.18,-0.0,-2.5,227.15,70.3,14.9,49,0.4,74.23,135.45,24.83,59.04,270.87,12,243662.0,5.456,1.0,0,1,12.89,-2.4492935982947064e-16,0,0.26,24.81,0.0,0,0,0,322.1
06/12/2025,0.18,-0.0,-2.5,227.15,70.3,14.9,49,0.4,74.23,135.45,24.83,59.04,270.87,12,243662.0,5.456,1.0,0,1,12.89,-2.4492935982947064e-16,0,0.26,25.19,0.0,0,0,0,322.1
07/12/2025,0.18,-0.0,-2.5,227.15,70.3,14.9,49,0.4,74.23,135.45,24.83,59.04,270.87,12,243662.0,5.456,1.0,0,1,12.89,-2.4492935982947064e-16,0,0.26,24.79,0.0,0,0,0,322.1
08/12/2025,0.18,-0.0,-2.5,227.32,70.15,14.9,50,0.4,74.5,135.64,25.01,59.04,270.42,12,241127.0,5.424,1.0,0,1,12.93,-2.4492935982947064e-16,0,0.26,24.33,0.0,0,0,0,322.1
09/12/2025,0.18,-0.0,-2.5,226.82,69.99,14.9,50,0.4,74.47,135.46,24.91,59.29,270.12,12,239694.0,5.439,1.0,0,1,12.87,-2.4492935982947064e-16,0,0.26,26.29,0.0,0,0,0,322.5
10/12/2025,0.18,-0.0,-2.5,226.8,69.76,14.9,50,0.4,73.03,135.63,24.76,58.58,266.33,12,240575.0,5.478,1.0,0,1,12.74,-2.4492935982947064e-16,0,0.26,25.77,0.0,0,0,0,320.9
11/12/2025,0.18,-0.0,-2.5,230.38,69.62,14.9,50,0.4,72.27,135.83,25.15,58.58,272.4,12,241071.0,5.401,1.0,0,1,12.89,-2.4492935982947064e-16,0,0.26,27.62,0.0,0,0,0,320.9
12/12/2025,0.18,-0.0,-2.5,229.8,69.46,14.9,50,0.4,71.91,135.41,25.02,59.26,273.55,12,237379.0,5.413,1.0,0,1,12.83,-2.4492935982947064e-16,0,0.26,27.76,0.0,0,0,0,320.8
13/12/2025,0.18,-0.0,-2.5,229.8,69.46,14.9,50,0.4,71.91,135.41,25.02,59.26,273.55,12,237379.0,5.413,1.0,0,1,12.83,-2.4492935982947064e-16,0,0.26,27.25,0.0,0,0,0,320.8
14/12/2025,0.18,-0.0,-2.5,229.8,69.46,14.9,50,0.4,71.91,135.41,25.02,59.26,273.55,12,237379.0,5.413,1.0,0,1,12.83,-2.4492935982947064e-16,0,0.26,28.88,0.0,0,0,0,320.8
15/12/2025,0.18,-0.0,-2.5,230.82,69.71,14.9,51,0.4,71.59,134.62,24.83,59.23,272.18,12,236276.0,5.422,1.0,0,1,12.86,-2.4492935982947064e-16,0,0.26,26.1,0.0,0,0,0,321.15
16/12/2025,0.18,-0.0,-2.5,231.15,69.56,14.9,51,0.4,71.81,134.55,24.62,58.41,272.95,12,234292.0,5.466,1.0,0,1,12.73,-2.4492935982947064e-16,0,0.26,27.03,0.0,0,0,0,319.25
17/12/2025,0.18,-0.0,-2.5,230.3,69.19,14.9,51,0.4,71.89,135.88,24.61,57.81,273.74,12,233300.0,5.522,1.0,0,1,12.53,-2.4492935982947064e-16,0,0.26,26.62,0.0,0,0,0,319.2
18/12/2025,0.18,-0.0,-2.5,228.43,69.27,14.9,51,0.4,71.13,136.24,24.68,57.6,266.03,12,231978.0,5.521,1.0,0,1,12.55,-2.4492935982947064e-16,0,0.26,25.36,0.0,0,0,0,318.0
19/12/2025,0.18,-0.0,-2.5,230.4,69.42,14.9,51,0.4,70.98,136.1,24.62,57.6,269.09,12,231316.0,5.529,1.0,0,1,12.56,-2.4492935982947064e-16,0,0.26,26.05,0.0,0,0,0,318.0
20/12/2025,0.18,-0.0,-2.5,230.4,69.42,14.9,51,0.4,70.98,136.1,24.62,57.6,269.09,12,231316.0,5.529,1.0,0,1,12.56,-2.4492935982947064e-16,0,0.26,25.06,0.0,0,0,0,318.0
21/12/2025,0.18,-0.0,-2.5,230.4,69.42,14.9,51,0.4,70.98,136.1,24.62,57.6,269.09,12,231316.0,5.529,1.0,0,1,12.56,-2.4492935982947064e-16,0,0.26,25.6,0.0,0,0,0,318.0
22/12/2025,0.18,-0.0,-2.5,230.73,69.47,14.9,52,0.4,70.99,136.16,24.39,56.94,273.2,12,232198.0,5.582,1.0,0,1,12.45,-2.4492935982947064e-16,0,0.26,26.88,0.0,0,0,0,317.85
23/12/2025,0.18,-0.0,-2.5,228.82,69.5,14.9,52,0.4,70.81,136.2,24.59,57.69,275.53,12,231812.0,5.538,1.0,0,1,12.55,-2.4492935982947064e-16,0,0.26,26.22,0.0,0,0,0,319.5
24/12/2025,0.18,-0.0,-2.5,228.7,69.5,14.9,52,0.4,70.81,136.2,24.59,57.69,276.38,12,231812.0,5.538,1.0,0,1,12.55,-2.4492935982947064e-16,0,0.26,27.01,1.5,0,0,0,319.5
25/12/2025,0.18,-0.0,-2.5,228.7,69.5,14.9,52,0.4,70.81,136.2,24.59,57.69,276.38,12,231812.0,5.538,1.0,0,1,12.55,-2.4492935982947064e-16,0,0.26,25.12,1.5,0,0,0,319.5
26/12/2025,0.18,-0.0,-2.5,229.82,69.48,14.9,52,0.4,70.08,136.23,24.57,57.69,276.73,12,233410.0,5.544,1.0,0,1,12.53,-2.4492935982947064e-16,0,0.26,27.27,1.5,0,0,0,319.5
27/12/2025,0.18,-0.0,-2.5,229.82,69.48,14.9,52,0.4,70.08,136.23,24.57,57.69,276.73,12,233410.0,5.544,1.0,0,1,12.53,-2.4492935982947064e-16,0,0.26,29.9,0.0,0,0,0,319.5
28/12/2025,0.18,-0.0,-2.5,229.82,69.48,14.9,52,0.4,70.08,136.23,24.57,57.69,276.73,12,233410.0,5.544,1.0,0,1,12.53,-2.4492935982947064e-16,0,0.26,30.06,0.0,0,0,0,319.5
29/12/2025,0.18,-0.0,-2.5,228.9,69.46,14.9,1,0.4,70.28,136.21,24.41,57.0,278.42,12,231371.0,5.579,1.0,0,1,12.45,-2.4492935982947064e-16,0,0.26,28.14,0.0,0,0,0,318.0
30/12/2025,0.18,-0.0,-2.5,231.18,69.5,14.9,1,0.4,70.25,135.6,24.71,58.16,275.83,12,234182.0,5.488,1.0,0,1,12.66,-2.4492935982947064e-16,0,0.26,27.66,1.5,0,0,0,319.2
31/12/2025,0.18,-0.0,-2.5,232.0,69.5,14.9,1,0.4,70.25,135.6,24.71,58.16,273.08,12,234182.0,5.488,1.0,0,1,12.66,-2.4492935982947064e-16,0,0.26,26.9,1.5,0,0,0,319.2
