data,boi_dolar,milho_real,milho_dolar,dolar,CovidPeriodFlag,dias_maes_weekend_flag,dia_criancas_flag,finados_weekend_flag,ipca,month_cos,boi_negociado
02/01/2020,47.96,48.43,12.04,4.026,0,0,0,0,0.21,0.8660254037844387,192.95
03/01/2020,48.53,48.91,12.07,4.0669,0,0,0,0,0.21,0.8660254037844387,196.7
04/01/2020,48.53,48.91,12.07,4.0669,0,0,0,0,0.21,0.8660254037844387,196.7
05/01/2020,48.53,48.91,12.07,4.0669,0,0,0,0,0.21,0.8660254037844387,196.7
06/01/2020,48.24,48.99,12.03,4.0616,0,0,0,0,0.21,0.8660254037844387,196.4
07/01/2020,48.42,49.31,12.15,4.0676,0,0,0,0,0.21,0.8660254037844387,196.6
08/01/2020,48.58,50.26,12.41,4.0647,0,0,0,0,0.21,0.8660254037844387,196.7
09/01/2020,48.56,51.5,12.6,4.0925,0,0,0,0,0.21,0.8660254037844387,198.45
10/01/2020,48.09,51.56,12.64,4.096,0,0,0,0,0.21,0.8660254037844387,196.25
11/01/2020,48.09,51.56,12.64,4.096,0,0,0,0,0.21,0.8660254037844387,196.25
12/01/2020,48.09,51.56,12.64,4.096,0,0,0,0,0.21,0.8660254037844387,196.25
13/01/2020,47.45,51.48,12.44,4.1466,0,0,0,0,0.21,0.8660254037844387,196.3
14/01/2020,46.97,51.7,12.52,4.1326,0,0,0,0,0.21,0.8660254037844387,193.95
15/01/2020,46.5,52.2,12.5,4.1753,0,0,0,0,0.21,0.8660254037844387,194.25
16/01/2020,45.82,51.99,12.4,4.1847,0,0,0,0,0.21,0.8660254037844387,192.15
17/01/2020,46.26,51.77,12.44,4.1616,0,0,0,0,0.21,0.8660254037844387,192.5
18/01/2020,46.26,51.77,12.44,4.1616,0,0,0,0,0.21,0.8660254037844387,192.5
19/01/2020,46.26,51.77,12.44,4.1616,0,0,0,0,0.21,0.8660254037844387,192.5
20/01/2020,46.26,51.77,12.44,4.1616,0,0,0,0,0.21,0.8660254037844387,192.5
21/01/2020,45.38,51.66,12.3,4.2123,0,0,0,0,0.21,0.8660254037844387,190.6
22/01/2020,46.46,51.74,12.39,4.1826,0,0,0,0,0.21,0.8660254037844387,194.05
23/01/2020,45.91,51.49,12.36,4.1703,0,0,0,0,0.21,0.8660254037844387,191.2
24/01/2020,44.67,51.42,12.28,4.1814,0,0,0,0,0.21,0.8660254037844387,187.0
25/01/2020,44.67,51.42,12.28,4.1814,0,0,0,0,0.21,0.8660254037844387,187.0
26/01/2020,44.67,51.42,12.28,4.1814,0,0,0,0,0.21,0.8660254037844387,187.0
27/01/2020,45.35,51.77,12.31,4.2074,0,0,0,0,0.21,0.8660254037844387,190.7
28/01/2020,45.23,51.91,12.38,4.1943,0,0,0,0,0.21,0.8660254037844387,189.7
29/01/2020,44.08,51.54,12.21,4.2303,0,0,0,0,0.21,0.8660254037844387,186.1
30/01/2020,44.85,51.28,12.03,4.243,0,0,0,0,0.21,0.8660254037844387,191.1
31/01/2020,44.55,51.16,11.94,4.282,0,0,0,0,0.21,0.8660254037844387,190.8
01/02/2020,44.55,51.16,11.94,4.282,0,0,0,0,0.21,0.5000000000000001,190.8
02/02/2020,44.55,51.16,11.94,4.282,0,0,0,0,0.21,0.5000000000000001,190.8
03/02/2020,46.18,50.86,11.97,4.2476,0,0,0,0,0.25,0.5000000000000001,196.2
04/02/2020,45.44,50.07,11.76,4.2545,0,0,0,0,0.25,0.5000000000000001,193.45
05/02/2020,45.44,50.17,11.82,4.2353,0,0,0,0,0.25,0.5000000000000001,192.85
06/02/2020,45.48,50.13,11.72,4.2822,0,0,0,0,0.25,0.5000000000000001,194.5
07/02/2020,45.24,50.71,11.74,4.3203,0,0,0,0,0.25,0.5000000000000001,195.4
08/02/2020,45.24,50.71,11.74,4.3203,0,0,0,0,0.25,0.5000000000000001,195.4
09/02/2020,45.24,50.71,11.74,4.3203,0,0,0,0,0.25,0.5000000000000001,195.4
10/02/2020,45.23,50.88,11.76,4.3248,0,0,0,0,0.25,0.5000000000000001,195.7
11/02/2020,44.88,51.11,11.81,4.3316,0,0,0,0,0.25,0.5000000000000001,194.15
12/02/2020,45.45,51.63,11.88,4.3548,0,0,0,0,0.25,0.5000000000000001,197.55
13/02/2020,45.02,51.8,11.92,4.3498,0,0,0,0,0.25,0.5000000000000001,195.55
14/02/2020,45.71,52.13,12.12,4.2974,0,0,0,0,0.25,0.5000000000000001,196.55
15/02/2020,45.71,52.13,12.12,4.2974,0,0,0,0,0.25,0.5000000000000001,196.55
16/02/2020,45.71,52.13,12.12,4.2974,0,0,0,0,0.25,0.5000000000000001,196.55
17/02/2020,45.71,52.13,12.12,4.2974,0,0,0,0,0.25,0.5000000000000001,196.55
18/02/2020,45.22,52.25,11.99,4.3557,0,0,0,0,0.25,0.5000000000000001,197.05
19/02/2020,44.2,52.42,12.0,4.3649,0,0,0,0,0.25,0.5000000000000001,193.1
20/02/2020,46.25,52.27,11.92,4.3933,0,0,0,0,0.25,0.5000000000000001,202.85
21/02/2020,45.19,52.32,11.92,4.3895,0,0,0,0,0.25,0.5000000000000001,198.4
22/02/2020,45.19,52.32,11.92,4.3895,0,0,0,0,0.25,0.5000000000000001,198.4
23/02/2020,45.19,52.32,11.92,4.3895,0,0,0,0,0.25,0.5000000000000001,198.4
24/02/2020,45.19,52.32,11.92,4.3878,0,0,0,0,0.25,0.5000000000000001,198.4
25/02/2020,45.19,52.32,11.92,4.3878,0,0,0,0,0.25,0.5000000000000001,198.4
26/02/2020,45.69,52.87,11.91,4.4502,0,0,0,0,0.25,0.5000000000000001,202.8
27/02/2020,45.2,53.3,11.92,4.4861,0,0,0,0,0.25,0.5000000000000001,202.05
28/02/2020,44.91,53.25,11.85,4.4733,0,0,0,0,0.25,0.5000000000000001,201.75
29/02/2020,44.91,53.25,11.85,4.4733,0,0,0,0,0.25,0.5000000000000001,201.75
01/03/2020,44.91,53.25,11.85,4.4733,0,0,0,0,0.25,6.123233995736766e-17,201.75
02/03/2020,45.52,53.55,11.94,4.474,0,0,0,0,0.07,6.123233995736766e-17,204.15
03/03/2020,44.81,53.81,11.93,4.5144,0,0,0,0,0.07,6.123233995736766e-17,202.1
04/03/2020,44.12,54.18,11.83,4.5847,0,0,0,0,0.07,6.123233995736766e-17,202.0
05/03/2020,43.29,54.69,11.77,4.6073,0,0,0,0,0.07,6.123233995736766e-17,201.2
06/03/2020,43.91,55.3,11.95,4.6269,0,0,0,0,0.07,6.123233995736766e-17,203.25
07/03/2020,43.91,55.3,11.95,4.6269,0,0,0,0,0.07,6.123233995736766e-17,203.25
08/03/2020,43.91,55.3,11.95,4.6269,0,0,0,0,0.07,6.123233995736766e-17,203.25
09/03/2020,42.02,55.55,11.71,4.7231,0,0,0,0,0.07,6.123233995736766e-17,199.4
10/03/2020,43.65,55.83,12.02,4.6425,0,0,0,0,0.07,6.123233995736766e-17,202.7
11/03/2020,42.93,56.77,11.99,4.8136,1,0,0,0,0.07,6.123233995736766e-17,203.25
12/03/2020,42.41,57.59,11.95,4.791,1,0,0,0,0.07,6.123233995736766e-17,204.35
13/03/2020,42.19,57.58,11.87,4.858,1,0,0,0,0.07,6.123233995736766e-17,204.7
14/03/2020,42.19,57.58,11.87,4.858,1,0,0,0,0.07,6.123233995736766e-17,204.7
15/03/2020,42.19,57.58,11.87,4.858,1,0,0,0,0.07,6.123233995736766e-17,204.7
16/03/2020,42.19,58.16,11.56,5.0002,1,0,0,0,0.07,6.123233995736766e-17,204.7
17/03/2020,39.87,58.41,11.68,5.0084,1,0,0,0,0.07,6.123233995736766e-17,199.4
18/03/2020,35.85,57.75,11.05,5.1064,1,0,0,0,0.07,6.123233995736766e-17,187.4
19/03/2020,37.12,58.27,11.43,5.0957,1,0,0,0,0.07,6.123233995736766e-17,189.25
20/03/2020,39.19,59.04,11.69,5.0627,1,0,0,0,0.07,6.123233995736766e-17,197.85
21/03/2020,39.19,59.04,11.69,5.0627,1,0,0,0,0.07,6.123233995736766e-17,197.85
22/03/2020,39.19,59.04,11.69,5.0627,1,0,0,0,0.07,6.123233995736766e-17,197.85
23/03/2020,38.85,58.62,11.41,5.1444,1,0,0,0,0.07,6.123233995736766e-17,199.65
24/03/2020,38.31,59.55,11.69,5.0983,1,0,0,0,0.07,6.123233995736766e-17,195.05
25/03/2020,39.8,59.49,11.87,5.0353,1,0,0,0,0.07,6.123233995736766e-17,199.5
26/03/2020,40.34,59.21,11.83,5.0212,1,0,0,0,0.07,6.123233995736766e-17,201.85
27/03/2020,39.64,59.5,11.76,5.0997,1,0,0,0,0.07,6.123233995736766e-17,200.5
28/03/2020,39.64,59.5,11.76,5.0997,1,0,0,0,0.07,6.123233995736766e-17,200.5
29/03/2020,39.64,59.5,11.76,5.0997,1,0,0,0,0.07,6.123233995736766e-17,200.5
30/03/2020,39.13,60.08,11.61,5.1936,1,0,0,0,0.07,6.123233995736766e-17,202.5
31/03/2020,39.1,60.14,11.57,5.2046,1,0,0,0,0.07,6.123233995736766e-17,203.15
01/04/2020,38.59,59.33,11.28,5.2493,1,0,0,0,-0.31,-0.4999999999999998,203.0
02/04/2020,37.11,58.87,11.18,5.2533,1,0,0,0,-0.31,-0.4999999999999998,195.4
03/04/2020,37.75,58.49,11.0,5.3506,1,0,0,0,-0.31,-0.4999999999999998,200.65
04/04/2020,37.75,58.49,11.0,5.3506,1,0,0,0,-0.31,-0.4999999999999998,200.65
05/04/2020,37.75,58.49,11.0,5.3506,1,0,0,0,-0.31,-0.4999999999999998,200.65
06/04/2020,37.91,57.83,10.91,5.2863,1,0,0,0,-0.31,-0.4999999999999998,201.0
07/04/2020,38.32,57.47,11.02,5.2214,1,0,0,0,-0.31,-0.4999999999999998,199.9
08/04/2020,39.18,56.46,10.96,5.1233,1,0,0,0,-0.31,-0.4999999999999998,201.8
09/04/2020,38.83,56.41,11.06,5.107,1,0,0,0,-0.31,-0.4999999999999998,198.05
10/04/2020,38.83,56.41,11.06,5.1063,1,0,0,0,-0.31,-0.4999999999999998,198.05
11/04/2020,38.83,56.41,11.06,5.1063,1,0,0,0,-0.31,-0.4999999999999998,198.05
12/04/2020,38.83,56.41,11.06,5.1063,1,0,0,0,-0.31,-0.4999999999999998,198.05
13/04/2020,39.08,56.19,10.85,5.1994,1,0,0,0,-0.31,-0.4999999999999998,202.3
14/04/2020,38.38,53.79,10.37,5.1621,1,0,0,0,-0.31,-0.4999999999999998,199.1
15/04/2020,37.91,52.2,9.97,5.2367,1,0,0,0,-0.31,-0.4999999999999998,198.5
16/04/2020,38.13,52.02,9.89,5.2333,1,0,0,0,-0.31,-0.4999999999999998,200.55
17/04/2020,38.43,51.55,9.83,5.2363,1,0,0,0,-0.31,-0.4999999999999998,201.5
18/04/2020,38.43,51.55,9.83,5.2363,1,0,0,0,-0.31,-0.4999999999999998,201.5
19/04/2020,38.43,51.55,9.83,5.2363,1,0,0,0,-0.31,-0.4999999999999998,201.5
20/04/2020,37.02,50.74,9.56,5.3168,1,0,0,0,-0.31,-0.4999999999999998,196.45
21/04/2020,37.02,50.74,9.56,5.3163,1,0,0,0,-0.31,-0.4999999999999998,196.45
22/04/2020,37.17,48.65,9.0,5.458,1,0,0,0,-0.31,-0.4999999999999998,201.0
23/04/2020,35.74,48.18,8.75,5.5335,1,0,0,0,-0.31,-0.4999999999999998,196.7
24/04/2020,35.26,47.6,8.39,5.5907,1,0,0,0,-0.31,-0.4999999999999998,199.95
25/04/2020,35.26,47.6,8.39,5.5907,1,0,0,0,-0.31,-0.4999999999999998,199.95
26/04/2020,35.26,47.6,8.39,5.5907,1,0,0,0,-0.31,-0.4999999999999998,199.95
27/04/2020,35.04,47.96,8.4,5.6526,1,0,0,0,-0.31,-0.4999999999999998,200.05
28/04/2020,36.18,47.94,8.72,5.4999,1,0,0,0,-0.31,-0.4999999999999998,198.9
29/04/2020,36.9,48.38,9.03,5.3348,1,0,0,0,-0.31,-0.4999999999999998,197.7
30/04/2020,36.51,48.35,8.88,5.4858,1,0,0,0,-0.31,-0.4999999999999998,198.85
01/05/2020,36.51,48.35,8.88,5.4856,1,0,0,0,-0.31,-0.8660254037844387,198.85
02/05/2020,36.51,48.35,8.88,5.4856,1,0,0,0,-0.31,-0.8660254037844387,198.85
03/05/2020,36.51,48.35,8.88,5.4856,1,0,0,0,-0.31,-0.8660254037844387,198.85
04/05/2020,36.17,48.83,8.82,5.545,1,0,0,0,-0.38,-0.8660254037844387,200.35
05/05/2020,36.07,48.78,8.71,5.5783,1,0,0,0,-0.38,-0.8660254037844387,201.9
06/05/2020,35.07,49.25,8.64,5.714,1,0,0,0,-0.38,-0.8660254037844387,199.95
07/05/2020,34.1,49.91,8.52,5.8307,1,0,0,0,-0.38,-0.8660254037844387,199.75
08/05/2020,35.02,49.76,8.66,5.7319,1,1,0,0,-0.38,-0.8660254037844387,201.3
09/05/2020,35.02,49.76,8.66,5.7319,1,1,0,0,-0.38,-0.8660254037844387,201.3
10/05/2020,35.02,49.76,8.66,5.7319,1,1,0,0,-0.38,-0.8660254037844387,201.3
11/05/2020,34.32,50.01,8.57,5.818,1,0,0,0,-0.38,-0.8660254037844387,200.25
12/05/2020,33.9,50.11,8.55,5.8856,1,0,0,0,-0.38,-0.8660254037844387,198.7
13/05/2020,33.8,50.91,8.61,5.8852,1,0,0,0,-0.38,-0.8660254037844387,199.9
14/05/2020,34.15,50.61,8.67,5.8115,1,0,0,0,-0.38,-0.8660254037844387,199.35
15/05/2020,33.42,50.57,8.67,5.8554,1,0,0,0,-0.38,-0.8660254037844387,194.9
16/05/2020,33.42,50.57,8.67,5.8554,1,0,0,0,-0.38,-0.8660254037844387,194.9
17/05/2020,33.42,50.57,8.67,5.8554,1,0,0,0,-0.38,-0.8660254037844387,194.9
18/05/2020,33.42,50.23,8.79,5.719,1,0,0,0,-0.38,-0.8660254037844387,194.9
19/05/2020,34.97,50.06,8.73,5.754,1,0,0,0,-0.38,-0.8660254037844387,200.5
20/05/2020,35.61,50.08,8.82,5.6925,1,0,0,0,-0.38,-0.8660254037844387,202.15
21/05/2020,36.24,50.51,9.06,5.5507,1,0,0,0,-0.38,-0.8660254037844387,202.0
22/05/2020,36.48,50.49,9.05,5.5338,1,0,0,0,-0.38,-0.8660254037844387,203.55
23/05/2020,36.48,50.49,9.05,5.5338,1,0,0,0,-0.38,-0.8660254037844387,203.55
24/05/2020,36.48,50.49,9.05,5.5338,1,0,0,0,-0.38,-0.8660254037844387,203.55
25/05/2020,36.48,50.49,9.05,5.5338,1,0,0,0,-0.38,-0.8660254037844387,203.55
26/05/2020,38.26,50.29,9.42,5.345,1,0,0,0,-0.38,-0.8660254037844387,204.3
27/05/2020,38.86,50.54,9.55,5.2733,1,0,0,0,-0.38,-0.8660254037844387,205.65
28/05/2020,37.93,50.06,9.33,5.4045,1,0,0,0,-0.38,-0.8660254037844387,203.4
29/05/2020,38.34,50.19,9.4,5.3361,1,0,0,0,-0.38,-0.8660254037844387,204.75
30/05/2020,38.34,50.19,9.4,5.3361,1,0,0,0,-0.38,-0.8660254037844387,204.75
31/05/2020,38.34,50.19,9.4,5.3361,1,0,0,0,-0.38,-0.8660254037844387,204.75
01/06/2020,37.93,49.74,9.25,5.3633,1,0,0,0,0.26,-1.0,204.0
02/06/2020,38.79,49.6,9.5,5.2014,1,0,0,0,0.26,-1.0,202.5
03/06/2020,40.18,48.94,9.66,5.0622,1,0,0,0,0.26,-1.0,203.65
04/06/2020,40.16,48.66,9.51,5.119,1,0,0,0,0.26,-1.0,205.45
05/06/2020,40.79,48.2,9.7,4.9585,1,0,0,0,0.26,-1.0,202.65
06/06/2020,40.79,48.2,9.7,4.9585,1,0,0,0,0.26,-1.0,202.65
07/06/2020,40.79,48.2,9.7,4.9585,1,0,0,0,0.26,-1.0,202.65
08/06/2020,42.13,47.53,9.76,4.823,1,0,0,0,0.26,-1.0,205.2
09/06/2020,42.32,47.34,9.71,4.8992,1,0,0,0,0.26,-1.0,206.4
10/06/2020,41.98,46.81,9.52,4.9732,1,0,0,0,0.26,-1.0,206.4
11/06/2020,41.98,46.81,9.52,4.976,1,0,0,0,0.26,-1.0,206.4
12/06/2020,40.57,46.92,9.27,5.0505,1,0,0,0,0.26,-1.0,205.25
13/06/2020,40.57,46.92,9.27,5.0505,1,0,0,0,0.26,-1.0,205.25
14/06/2020,40.57,46.92,9.27,5.0505,1,0,0,0,0.26,-1.0,205.25
15/06/2020,40.77,46.96,9.12,5.1557,1,0,0,0,0.26,-1.0,209.95
16/06/2020,39.92,46.87,8.97,5.243,1,0,0,0,0.26,-1.0,208.6
17/06/2020,39.2,46.85,8.9,5.2286,1,0,0,0,0.26,-1.0,206.4
18/06/2020,39.43,47.13,8.75,5.3776,1,0,0,0,0.26,-1.0,212.35
19/06/2020,39.66,47.15,8.89,5.3105,1,0,0,0,0.26,-1.0,210.4
20/06/2020,39.66,47.15,8.89,5.3105,1,0,0,0,0.26,-1.0,210.4
21/06/2020,39.66,47.15,8.89,5.3105,1,0,0,0,0.26,-1.0,210.4
22/06/2020,40.62,47.56,9.03,5.2524,1,0,0,0,0.26,-1.0,214.0
23/06/2020,41.07,46.97,9.13,5.1542,1,0,0,0,0.26,-1.0,211.3
24/06/2020,41.19,47.18,8.88,5.3467,1,0,0,0,0.26,-1.0,218.95
25/06/2020,40.82,47.49,8.92,5.3561,1,0,0,0,0.26,-1.0,217.35
26/06/2020,39.93,48.15,8.81,5.484,1,0,0,0,0.26,-1.0,218.35
27/06/2020,39.93,48.15,8.81,5.484,1,0,0,0,0.26,-1.0,218.35
28/06/2020,39.93,48.15,8.81,5.484,1,0,0,0,0.26,-1.0,218.35
29/06/2020,40.41,48.28,8.88,5.4034,1,0,0,0,0.26,-1.0,219.65
30/06/2020,40.15,48.53,8.92,5.4661,1,0,0,0,0.26,-1.0,218.4
01/07/2020,41.4,49.51,9.32,5.3174,1,0,0,0,0.36,-0.8660254037844388,219.9
02/07/2020,41.04,49.79,9.3,5.3596,1,0,0,0,0.36,-0.8660254037844388,219.65
03/07/2020,41.04,49.79,9.3,5.3596,1,0,0,0,0.36,-0.8660254037844388,219.65
04/07/2020,41.04,49.79,9.3,5.3596,1,0,0,0,0.36,-0.8660254037844388,219.65
05/07/2020,41.04,49.79,9.3,5.3596,1,0,0,0,0.36,-0.8660254037844388,219.65
06/07/2020,41.36,49.93,9.35,5.3562,1,0,0,0,0.36,-0.8660254037844388,220.95
07/07/2020,40.81,49.94,9.28,5.379,1,0,0,0,0.36,-0.8660254037844388,219.55
08/07/2020,40.93,50.37,9.42,5.3422,1,0,0,0,0.36,-0.8660254037844388,218.75
09/07/2020,40.97,50.31,9.43,5.3413,1,0,0,0,0.36,-0.8660254037844388,218.6
10/07/2020,40.97,50.23,9.44,5.3238,1,0,0,0,0.36,-0.8660254037844388,218.6
11/07/2020,40.97,50.23,9.44,5.3238,1,0,0,0,0.36,-0.8660254037844388,218.6
12/07/2020,40.97,50.23,9.44,5.3238,1,0,0,0,0.36,-0.8660254037844388,218.6
13/07/2020,40.57,49.78,9.27,5.404,1,0,0,0,0.36,-0.8660254037844388,217.95
14/07/2020,41.55,49.83,9.33,5.3674,1,0,0,0,0.36,-0.8660254037844388,221.9
15/07/2020,40.48,49.4,9.18,5.3698,1,0,0,0,0.36,-0.8660254037844388,217.85
16/07/2020,41.74,49.01,9.2,5.3311,1,0,0,0,0.36,-0.8660254037844388,222.25
17/07/2020,41.32,49.43,9.18,5.3849,1,0,0,0,0.36,-0.8660254037844388,222.55
18/07/2020,41.32,49.43,9.18,5.3849,1,0,0,0,0.36,-0.8660254037844388,222.55
19/07/2020,41.32,49.43,9.18,5.3849,1,0,0,0,0.36,-0.8660254037844388,222.55
20/07/2020,40.36,49.5,9.28,5.3283,1,0,0,0,0.36,-0.8660254037844388,215.3
21/07/2020,42.55,49.62,9.55,5.1713,1,0,0,0,0.36,-0.8660254037844388,221.15
22/07/2020,43.31,48.54,9.48,5.1166,1,0,0,0,0.36,-0.8660254037844388,221.65
23/07/2020,42.72,48.83,9.38,5.2112,1,0,0,0,0.36,-0.8660254037844388,222.4
24/07/2020,42.9,49.25,9.46,5.2329,1,0,0,0,0.36,-0.8660254037844388,223.45
25/07/2020,42.9,49.25,9.46,5.2329,1,0,0,0,0.36,-0.8660254037844388,223.45
26/07/2020,42.9,49.25,9.46,5.2329,1,0,0,0,0.36,-0.8660254037844388,223.45
27/07/2020,42.49,49.73,9.62,5.1447,1,0,0,0,0.36,-0.8660254037844388,219.65
28/07/2020,43.94,49.4,9.59,5.1533,1,0,0,0,0.36,-0.8660254037844388,226.4
29/07/2020,43.83,49.79,9.63,5.1692,1,0,0,0,0.36,-0.8660254037844388,226.6
30/07/2020,44.03,50.47,9.79,5.1534,1,0,0,0,0.36,-0.8660254037844388,227.0
31/07/2020,43.79,50.79,9.74,5.224,1,0,0,0,0.36,-0.8660254037844388,228.3
01/08/2020,43.79,50.79,9.74,5.224,1,0,0,0,0.36,-0.5000000000000004,228.3
02/08/2020,43.79,50.79,9.74,5.224,1,0,0,0,0.36,-0.5000000000000004,228.3
03/08/2020,42.73,51.29,9.62,5.3213,1,0,0,0,0.24,-0.5000000000000004,227.8
04/08/2020,42.82,51.97,9.81,5.29,1,0,0,0,0.24,-0.5000000000000004,226.85
05/08/2020,42.7,52.14,9.84,5.2902,1,0,0,0,0.24,-0.5000000000000004,226.25
06/08/2020,42.47,52.59,9.82,5.3315,1,0,0,0,0.24,-0.5000000000000004,227.4
07/08/2020,41.6,52.72,9.73,5.4383,1,0,0,0,0.24,-0.5000000000000004,225.45
08/08/2020,41.6,52.72,9.73,5.4383,1,0,0,0,0.24,-0.5000000000000004,225.45
09/08/2020,41.6,52.72,9.73,5.4383,1,0,0,0,0.24,-0.5000000000000004,225.45
10/08/2020,41.87,53.59,9.82,5.4812,1,0,0,0,0.24,-0.5000000000000004,228.5
11/08/2020,42.04,54.28,10.04,5.38,1,0,0,0,0.24,-0.5000000000000004,227.2
12/08/2020,41.48,54.78,10.04,5.4333,1,0,0,0,0.24,-0.5000000000000004,226.3
13/08/2020,42.43,55.16,10.27,5.369,1,0,0,0,0.24,-0.5000000000000004,227.85
14/08/2020,41.39,55.51,10.22,5.4204,1,0,0,0,0.24,-0.5000000000000004,224.75
15/08/2020,41.39,55.51,10.22,5.4204,1,0,0,0,0.24,-0.5000000000000004,224.75
16/08/2020,41.39,55.51,10.22,5.4204,1,0,0,0,0.24,-0.5000000000000004,224.75
17/08/2020,41.32,55.99,10.17,5.509,1,0,0,0,0.24,-0.5000000000000004,227.4
18/08/2020,41.37,57.63,10.54,5.4666,1,0,0,0,0.24,-0.5000000000000004,226.2
19/08/2020,41.14,58.64,10.62,5.5575,1,0,0,0,0.24,-0.5000000000000004,227.2
20/08/2020,40.53,59.01,10.62,5.5568,1,0,0,0,0.24,-0.5000000000000004,225.2
21/08/2020,40.88,59.6,10.63,5.6192,1,0,0,0,0.24,-0.5000000000000004,229.25
22/08/2020,40.88,59.6,10.63,5.6192,1,0,0,0,0.24,-0.5000000000000004,229.25
23/08/2020,40.88,59.6,10.63,5.6192,1,0,0,0,0.24,-0.5000000000000004,229.25
24/08/2020,40.98,59.93,10.7,5.61,1,0,0,0,0.24,-0.5000000000000004,229.45
25/08/2020,41.38,60.41,10.94,5.5075,1,0,0,0,0.24,-0.5000000000000004,228.6
26/08/2020,40.68,60.7,10.84,5.6054,1,0,0,0,0.24,-0.5000000000000004,227.85
27/08/2020,42.06,60.87,10.93,5.5691,1,0,0,0,0.24,-0.5000000000000004,234.25
28/08/2020,43.76,60.97,11.27,5.3881,1,0,0,0,0.24,-0.5000000000000004,236.65
29/08/2020,43.76,60.97,11.27,5.3881,1,0,0,0,0.24,-0.5000000000000004,236.65
30/08/2020,43.76,60.97,11.27,5.3881,1,0,0,0,0.24,-0.5000000000000004,236.65
31/08/2020,43.39,61.25,11.18,5.4914,1,0,0,0,0.24,-0.5000000000000004,237.6
01/09/2020,44.1,60.92,11.31,5.396,1,0,0,0,0.64,-1.8369701987210297e-16,237.6
02/09/2020,44.61,60.36,11.27,5.3403,1,0,0,0,0.64,-1.8369701987210297e-16,238.95
03/09/2020,45.34,59.11,11.17,5.2914,1,0,0,0,0.64,-1.8369701987210297e-16,239.85
04/09/2020,45.32,59.06,11.13,5.3012,1,0,0,0,0.64,-1.8369701987210297e-16,240.45
05/09/2020,45.32,59.06,11.13,5.3012,1,0,0,0,0.64,-1.8369701987210297e-16,240.45
06/09/2020,45.32,59.06,11.13,5.3012,1,0,0,0,0.64,-1.8369701987210297e-16,240.45
07/09/2020,45.32,59.06,11.13,5.3012,1,0,0,0,0.64,-1.8369701987210297e-16,240.45
08/09/2020,45.51,58.64,10.94,5.3638,1,0,0,0,0.64,-1.8369701987210297e-16,243.9
09/09/2020,46.72,58.15,10.99,5.3078,1,0,0,0,0.64,-1.8369701987210297e-16,247.1
10/09/2020,46.55,58.38,10.98,5.321,1,0,0,0,0.64,-1.8369701987210297e-16,247.45
11/09/2020,46.05,58.99,11.06,5.3189,1,0,0,0,0.64,-1.8369701987210297e-16,245.65
12/09/2020,46.05,58.99,11.06,5.3189,1,0,0,0,0.64,-1.8369701987210297e-16,245.65
13/09/2020,46.05,58.99,11.06,5.3189,1,0,0,0,0.64,-1.8369701987210297e-16,245.65
14/09/2020,47.11,59.7,11.31,5.2706,1,0,0,0,0.64,-1.8369701987210297e-16,248.6
15/09/2020,46.82,58.97,11.16,5.2748,1,0,0,0,0.64,-1.8369701987210297e-16,247.5
16/09/2020,47.88,58.88,11.24,5.2377,1,0,0,0,0.64,-1.8369701987210297e-16,250.9
17/09/2020,47.82,58.48,11.16,5.2394,1,0,0,0,0.64,-1.8369701987210297e-16,250.5
18/09/2020,46.21,58.48,10.9,5.3876,1,0,0,0,0.64,-1.8369701987210297e-16,248.0
19/09/2020,46.21,58.48,10.9,5.3876,1,0,0,0,0.64,-1.8369701987210297e-16,248.0
20/09/2020,46.21,58.48,10.9,5.3876,1,0,0,0,0.64,-1.8369701987210297e-16,248.0
21/09/2020,46.24,59.19,10.95,5.4131,1,0,0,0,0.64,-1.8369701987210297e-16,249.85
22/09/2020,45.98,59.91,10.96,5.4704,1,0,0,0,0.64,-1.8369701987210297e-16,251.3
23/09/2020,45.58,60.95,10.93,5.5943,1,0,0,0,0.64,-1.8369701987210297e-16,254.2
24/09/2020,45.78,61.28,11.11,5.5089,1,0,0,0,0.64,-1.8369701987210297e-16,252.55
25/09/2020,46.11,62.45,11.26,5.5624,1,0,0,0,0.64,-1.8369701987210297e-16,255.65
26/09/2020,46.11,62.45,11.26,5.5624,1,0,0,0,0.64,-1.8369701987210297e-16,255.65
27/09/2020,46.11,62.45,11.26,5.5624,1,0,0,0,0.64,-1.8369701987210297e-16,255.65
28/09/2020,45.38,62.42,11.08,5.6627,1,0,0,0,0.64,-1.8369701987210297e-16,255.7
29/09/2020,45.42,63.28,11.23,5.6344,1,0,0,0,0.64,-1.8369701987210297e-16,256.0
30/09/2020,45.69,63.63,11.33,5.6112,1,0,0,0,0.64,-1.8369701987210297e-16,256.7
01/10/2020,45.44,64.22,11.36,5.6437,1,0,0,0,0.86,0.5000000000000001,256.8
02/10/2020,45.62,64.75,11.45,5.6851,1,0,0,0,0.86,0.5000000000000001,258.05
03/10/2020,45.62,64.75,11.45,5.6851,1,0,0,0,0.86,0.5000000000000001,258.05
04/10/2020,45.62,64.75,11.45,5.6851,1,0,0,0,0.86,0.5000000000000001,258.05
05/10/2020,46.34,65.36,11.75,5.5743,1,0,0,0,0.86,0.5000000000000001,257.7
06/10/2020,45.28,65.48,11.69,5.593,1,0,0,0,0.86,0.5000000000000001,253.55
07/10/2020,45.93,67.26,11.97,5.6097,1,0,0,0,0.86,0.5000000000000001,258.0
08/10/2020,45.69,67.55,12.09,5.5987,1,0,0,0,0.86,0.5000000000000001,255.3
09/10/2020,47.29,68.12,12.31,5.5318,1,0,0,0,0.86,0.5000000000000001,261.6
10/10/2020,47.29,68.12,12.31,5.5318,1,0,0,0,0.86,0.5000000000000001,261.6
11/10/2020,47.29,68.12,12.31,5.5318,1,0,0,0,0.86,0.5000000000000001,261.6
12/10/2020,47.29,68.12,12.31,5.5316,1,0,1,0,0.86,0.5000000000000001,261.6
13/10/2020,46.99,69.09,12.4,5.5693,1,0,0,0,0.86,0.5000000000000001,261.9
14/10/2020,47.0,69.53,12.41,5.5912,1,0,0,0,0.86,0.5000000000000001,263.35
15/10/2020,46.59,70.3,12.53,5.6126,1,0,0,0,0.86,0.5000000000000001,261.45
16/10/2020,46.71,70.72,12.53,5.6428,1,0,0,0,0.86,0.5000000000000001,263.65
17/10/2020,46.71,70.72,12.53,5.6428,1,0,0,0,0.86,0.5000000000000001,263.65
18/10/2020,46.71,70.72,12.53,5.6428,1,0,0,0,0.86,0.5000000000000001,263.65
19/10/2020,47.16,71.49,12.76,5.6069,1,0,0,0,0.86,0.5000000000000001,264.3
20/10/2020,47.6,73.33,13.1,5.6054,1,0,0,0,0.86,0.5000000000000001,266.45
21/10/2020,47.92,75.39,13.45,5.6066,1,0,0,0,0.86,0.5000000000000001,268.7
22/10/2020,48.17,77.33,13.81,5.5893,1,0,0,0,0.86,0.5000000000000001,269.65
23/10/2020,47.81,78.82,14.01,5.6175,1,0,0,0,0.86,0.5000000000000001,269.1
24/10/2020,47.81,78.82,14.01,5.6175,1,0,0,0,0.86,0.5000000000000001,269.1
25/10/2020,47.81,78.82,14.01,5.6175,1,0,0,0,0.86,0.5000000000000001,269.1
26/10/2020,48.09,79.67,14.16,5.6229,1,0,0,0,0.86,0.5000000000000001,270.5
27/10/2020,48.41,81.48,14.36,5.7055,1,0,0,0,0.86,0.5000000000000001,274.7
28/10/2020,46.8,82.67,14.4,5.7457,1,0,0,0,0.86,0.5000000000000001,268.8
29/10/2020,47.92,82.55,14.35,5.779,1,0,0,0,0.86,0.5000000000000001,275.6
30/10/2020,48.43,81.89,14.25,5.7446,1,0,0,0,0.86,0.5000000000000001,278.4
31/10/2020,48.43,81.89,14.25,5.7446,1,0,0,1,0.86,0.5000000000000001,278.4
01/11/2020,48.43,81.89,14.25,5.7446,1,0,0,1,0.86,0.8660254037844384,278.4
02/11/2020,48.43,81.89,14.25,5.7425,1,0,0,1,0.86,0.8660254037844384,278.4
03/11/2020,48.16,80.77,14.05,5.756,1,0,0,0,0.89,0.8660254037844384,276.95
04/11/2020,49.04,81.41,14.38,5.6635,1,0,0,0,0.89,0.8660254037844384,277.65
05/11/2020,50.46,81.27,14.65,5.525,1,0,0,0,0.89,0.8660254037844384,279.9
06/11/2020,53.42,81.32,15.09,5.3647,1,0,0,0,0.89,0.8660254037844384,287.85
07/11/2020,53.42,81.32,15.09,5.3647,1,0,0,0,0.89,0.8660254037844384,287.85
08/11/2020,53.42,81.32,15.09,5.3647,1,0,0,0,0.89,0.8660254037844384,287.85
09/11/2020,53.06,80.91,14.94,5.3858,1,0,0,0,0.89,0.8660254037844384,287.25
10/11/2020,53.54,80.19,14.91,5.4147,1,0,0,0,0.89,0.8660254037844384,288.0
11/11/2020,53.93,80.58,14.88,5.391,1,0,0,0,0.89,0.8660254037844384,292.0
12/11/2020,52.79,80.55,14.74,5.4581,1,0,0,0,0.89,0.8660254037844384,288.55
13/11/2020,53.28,80.74,14.74,5.4582,1,0,0,0,0.89,0.8660254037844384,291.8
14/11/2020,53.28,80.74,14.74,5.4582,1,0,0,0,0.89,0.8660254037844384,291.8
15/11/2020,53.28,80.74,14.74,5.4582,1,0,0,0,0.89,0.8660254037844384,291.8
16/11/2020,53.49,80.54,14.83,5.4152,1,0,0,0,0.89,0.8660254037844384,290.55
17/11/2020,53.48,80.92,15.16,5.3281,1,0,0,0,0.89,0.8660254037844384,285.45
18/11/2020,52.79,80.44,15.05,5.3629,1,0,0,0,0.89,0.8660254037844384,282.15
19/11/2020,54.15,80.02,15.06,5.3054,1,0,0,0,0.89,0.8660254037844384,287.65
20/11/2020,53.43,80.21,14.93,5.3797,1,0,0,0,0.89,0.8660254037844384,287.05
21/11/2020,53.43,80.21,14.93,5.3797,1,0,0,0,0.89,0.8660254037844384,287.05
22/11/2020,53.43,80.21,14.93,5.3797,1,0,0,0,0.89,0.8660254037844384,287.05
23/11/2020,53.28,80.06,14.72,5.439,1,0,0,0,0.89,0.8660254037844384,289.7
24/11/2020,53.28,79.67,14.8,5.3736,1,0,0,0,0.89,0.8660254037844384,286.9
25/11/2020,52.33,79.77,15.0,5.3237,1,0,0,0,0.89,0.8660254037844384,278.3
26/11/2020,52.33,79.77,15.0,5.3237,1,0,0,0,0.89,0.8660254037844384,278.3
27/11/2020,52.51,79.27,14.88,5.3438,1,0,0,0,0.89,0.8660254037844384,279.8
28/11/2020,52.51,79.27,14.88,5.3438,1,0,0,0,0.89,0.8660254037844384,279.8
29/11/2020,52.51,79.27,14.88,5.3438,1,0,0,0,0.89,0.8660254037844384,279.8
30/11/2020,53.01,78.31,14.63,5.3319,1,0,0,0,0.89,0.8660254037844384,283.75
01/12/2020,51.89,77.17,14.74,5.2061,1,0,0,0,1.35,1.0,271.6
02/12/2020,52.3,76.44,14.57,5.2175,1,0,0,0,1.35,1.0,274.3
03/12/2020,53.6,75.47,14.69,5.1515,1,0,0,0,1.35,1.0,275.35
04/12/2020,52.85,74.69,14.56,5.1557,1,0,0,0,1.35,1.0,271.0
05/12/2020,52.85,74.69,14.56,5.1557,1,0,0,0,1.35,1.0,271.0
06/12/2020,52.85,74.69,14.56,5.1557,1,0,0,0,1.35,1.0,271.0
07/12/2020,53.18,73.84,14.53,5.099,1,0,0,0,1.35,1.0,270.25
08/12/2020,52.02,73.42,14.31,5.1202,1,0,0,0,1.35,1.0,266.8
09/12/2020,51.19,73.61,14.2,5.1708,1,0,0,0,1.35,1.0,265.3
10/12/2020,52.21,73.46,14.58,5.0256,1,0,0,0,1.35,1.0,263.0
11/12/2020,52.21,73.1,14.47,5.0656,1,0,0,0,1.35,1.0,263.0
12/12/2020,52.21,73.1,14.47,5.0656,1,0,0,0,1.35,1.0,263.0
13/12/2020,52.21,73.1,14.47,5.0656,1,0,0,0,1.35,1.0,263.0
14/12/2020,50.82,73.31,14.35,5.1189,1,0,0,0,1.35,1.0,259.7
15/12/2020,51.59,73.84,14.51,5.0842,1,0,0,0,1.35,1.0,262.55
16/12/2020,51.73,74.85,14.6,5.0838,1,0,0,0,1.35,1.0,265.15
17/12/2020,51.03,74.11,14.6,5.0582,1,0,0,0,1.35,1.0,259.0
18/12/2020,50.19,74.22,14.59,5.1022,1,0,0,0,1.35,1.0,255.3
19/12/2020,50.19,74.22,14.59,5.1022,1,0,0,0,1.35,1.0,255.3
20/12/2020,50.19,74.22,14.59,5.1022,1,0,0,0,1.35,1.0,255.3
21/12/2020,50.97,75.1,14.66,5.1222,1,0,0,0,1.35,1.0,261.15
22/12/2020,50.88,77.34,14.97,5.1597,1,0,0,0,1.35,1.0,262.8
23/12/2020,51.22,77.6,14.93,5.2164,1,0,0,0,1.35,1.0,266.3
24/12/2020,51.22,77.6,14.93,5.2165,1,0,0,0,1.35,1.0,266.3
25/12/2020,51.22,77.6,14.93,5.2165,1,0,0,0,1.35,1.0,266.3
26/12/2020,51.22,77.6,14.93,5.2165,1,0,0,0,1.35,1.0,266.3
27/12/2020,51.22,77.6,14.93,5.2165,1,0,0,0,1.35,1.0,266.3
28/12/2020,51.59,78.02,14.89,5.2461,1,0,0,0,1.35,1.0,270.3
29/12/2020,52.57,78.45,15.13,5.2099,1,0,0,0,1.35,1.0,272.5
30/12/2020,51.51,78.65,15.17,5.1937,1,0,0,0,1.35,1.0,267.15
31/12/2020,51.51,78.65,15.17,5.1937,1,0,0,0,1.35,1.0,267.15
01/01/2021,51.51,78.65,15.17,5.1937,1,0,0,0,1.35,0.8660254037844387,267.15
02/01/2021,51.51,78.65,15.17,5.1937,1,0,0,0,1.35,0.8660254037844387,267.15
03/01/2021,51.51,78.65,15.17,5.1937,1,0,0,0,1.35,0.8660254037844387,267.15
04/01/2021,52.02,81.79,15.55,5.2968,1,0,0,0,0.25,0.8660254037844387,273.7
05/01/2021,52.61,81.62,15.51,5.2854,1,0,0,0,0.25,0.8660254037844387,276.9
06/01/2021,52.68,82.31,15.58,5.3139,1,0,0,0,0.25,0.8660254037844387,278.3
07/01/2021,52.0,82.65,15.34,5.4101,1,0,0,0,0.25,0.8660254037844387,280.1
08/01/2021,51.61,82.6,15.25,5.4178,1,0,0,0,0.25,0.8660254037844387,279.5
09/01/2021,51.61,82.6,15.25,5.4178,1,0,0,0,0.25,0.8660254037844387,279.5
10/01/2021,51.61,82.6,15.25,5.4178,1,0,0,0,0.25,0.8660254037844387,279.5
11/01/2021,51.85,82.64,15.05,5.489,1,0,0,0,0.25,0.8660254037844387,284.7
12/01/2021,53.24,83.32,15.62,5.3226,1,0,0,0,0.25,0.8660254037844387,283.95
13/01/2021,53.95,83.87,15.82,5.299,1,0,0,0,0.25,0.8660254037844387,285.95
14/01/2021,55.78,84.28,16.2,5.1967,1,0,0,0,0.25,0.8660254037844387,290.2
15/01/2021,54.46,84.52,15.99,5.2927,1,0,0,0,0.25,0.8660254037844387,287.9
16/01/2021,54.46,84.52,15.99,5.2927,1,0,0,0,0.25,0.8660254037844387,287.9
17/01/2021,54.46,84.52,15.99,5.2927,1,0,0,0,0.25,0.8660254037844387,287.9
18/01/2021,54.46,84.52,15.99,5.2927,1,0,0,0,0.25,0.8660254037844387,287.9
19/01/2021,54.64,85.22,15.93,5.3578,1,0,0,0,0.25,0.8660254037844387,292.35
20/01/2021,55.39,85.44,16.06,5.2917,1,0,0,0,0.25,0.8660254037844387,294.6
21/01/2021,55.46,85.03,15.88,5.3506,1,0,0,0,0.25,0.8660254037844387,297.05
22/01/2021,53.9,84.43,15.43,5.4666,1,0,0,0,0.25,0.8660254037844387,294.95
23/01/2021,53.9,84.43,15.43,5.4666,1,0,0,0,0.25,0.8660254037844387,294.95
24/01/2021,53.9,84.43,15.43,5.4666,1,0,0,0,0.25,0.8660254037844387,294.95
25/01/2021,53.9,83.87,15.23,5.4665,1,0,0,0,0.25,0.8660254037844387,294.95
26/01/2021,55.93,83.97,15.76,5.3552,1,0,0,0,0.25,0.8660254037844387,298.0
27/01/2021,55.19,83.83,15.53,5.4138,1,0,0,0,0.25,0.8660254037844387,297.85
28/01/2021,55.13,83.25,15.31,5.441,1,0,0,0,0.25,0.8660254037844387,299.7
29/01/2021,54.69,83.34,15.2,5.4625,1,0,0,0,0.25,0.8660254037844387,299.85
30/01/2021,54.69,83.34,15.2,5.4625,1,0,0,0,0.25,0.8660254037844387,299.85
31/01/2021,54.69,83.34,15.2,5.4625,1,0,0,0,0.25,0.8660254037844387,299.85
01/02/2021,55.22,83.95,15.4,5.4322,1,0,0,0,0.86,0.5000000000000001,301.0
02/02/2021,56.19,83.03,15.5,5.368,1,0,0,0,0.86,0.5000000000000001,301.05
03/02/2021,56.3,83.09,15.5,5.3534,1,0,0,0,0.86,0.5000000000000001,301.9
04/02/2021,55.02,83.02,15.22,5.4266,1,0,0,0,0.86,0.5000000000000001,300.1
05/02/2021,56.02,82.78,15.37,5.3704,1,0,0,0,0.86,0.5000000000000001,301.7
06/02/2021,56.02,82.78,15.37,5.3704,1,0,0,0,0.86,0.5000000000000001,301.7
07/02/2021,56.02,82.78,15.37,5.3704,1,0,0,0,0.86,0.5000000000000001,301.7
08/02/2021,56.12,82.69,15.39,5.3657,1,0,0,0,0.86,0.5000000000000001,301.5
09/02/2021,56.15,83.39,15.49,5.3781,1,0,0,0,0.86,0.5000000000000001,302.2
10/02/2021,55.76,83.16,15.46,5.386,1,0,0,0,0.86,0.5000000000000001,299.95
11/02/2021,55.86,83.19,15.43,5.3665,1,0,0,0,0.86,0.5000000000000001,301.2
12/02/2021,56.34,83.4,15.51,5.3698,1,0,0,0,0.86,0.5000000000000001,303.0
13/02/2021,56.34,83.4,15.51,5.3698,1,0,0,0,0.86,0.5000000000000001,303.0
14/02/2021,56.34,83.4,15.51,5.3698,1,0,0,0,0.86,0.5000000000000001,303.0
15/02/2021,56.34,83.4,15.51,5.3698,1,0,0,0,0.86,0.5000000000000001,303.0
16/02/2021,56.34,83.4,15.51,5.3695,1,0,0,0,0.86,0.5000000000000001,303.0
17/02/2021,55.77,83.8,15.46,5.4105,1,0,0,0,0.86,0.5000000000000001,302.25
18/02/2021,55.84,84.06,15.45,5.427,1,0,0,0,0.86,0.5000000000000001,303.75
19/02/2021,56.05,84.35,15.6,5.3823,1,0,0,0,0.86,0.5000000000000001,303.05
20/02/2021,56.05,84.35,15.6,5.3823,1,0,0,0,0.86,0.5000000000000001,303.05
21/02/2021,56.05,84.35,15.6,5.3823,1,0,0,0,0.86,0.5000000000000001,303.05
22/02/2021,55.58,84.89,15.6,5.4659,1,0,0,0,0.86,0.5000000000000001,302.45
23/02/2021,55.17,85.08,15.61,5.4409,1,0,0,0,0.86,0.5000000000000001,300.8
24/02/2021,55.13,85.19,15.68,5.4062,1,0,0,0,0.86,0.5000000000000001,299.5
25/02/2021,54.95,85.59,15.55,5.5308,1,0,0,0,0.86,0.5000000000000001,302.55
26/02/2021,54.32,85.41,15.3,5.5986,1,0,0,0,0.86,0.5000000000000001,303.15
27/02/2021,54.32,85.41,15.3,5.5986,1,0,0,0,0.86,0.5000000000000001,303.15
28/02/2021,54.32,85.41,15.3,5.5986,1,0,0,0,0.86,0.5000000000000001,303.15
01/03/2021,53.55,85.59,15.29,5.6418,1,0,0,0,0.93,6.123233995736766e-17,299.8
02/03/2021,53.22,86.11,15.2,5.6761,1,0,0,0,0.93,6.123233995736766e-17,301.5
03/03/2021,51.83,87.06,15.14,5.6193,1,0,0,0,0.93,6.123233995736766e-17,298.15
04/03/2021,53.67,88.59,15.64,5.6693,1,0,0,0,0.93,6.123233995736766e-17,303.95
05/03/2021,52.88,89.07,15.64,5.6908,1,0,0,0,0.93,6.123233995736766e-17,301.1
06/03/2021,52.88,89.07,15.64,5.6908,1,0,0,0,0.93,6.123233995736766e-17,301.1
07/03/2021,52.88,89.07,15.64,5.6908,1,0,0,0,0.93,6.123233995736766e-17,301.1
08/03/2021,53.3,89.63,15.54,5.8755,1,0,0,0,0.93,6.123233995736766e-17,307.5
09/03/2021,52.88,89.88,15.53,5.8025,1,0,0,0,0.93,6.123233995736766e-17,306.15
10/03/2021,54.6,91.59,16.19,5.672,1,0,0,0,0.93,6.123233995736766e-17,308.8
11/03/2021,55.78,91.72,16.57,5.5357,1,0,0,0,0.93,6.123233995736766e-17,308.8
12/03/2021,55.81,91.73,16.49,5.5518,1,0,0,0,0.93,6.123233995736766e-17,310.5
13/03/2021,55.81,91.73,16.49,5.5518,1,0,0,0,0.93,6.123233995736766e-17,310.5
14/03/2021,55.81,91.73,16.49,5.5518,1,0,0,0,0.93,6.123233995736766e-17,310.5
15/03/2021,54.84,92.17,16.33,5.6156,1,0,0,0,0.93,6.123233995736766e-17,309.6
16/03/2021,55.23,93.21,16.61,5.6246,1,0,0,0,0.93,6.123233995736766e-17,309.9
17/03/2021,55.44,93.44,16.74,5.5832,1,0,0,0,0.93,6.123233995736766e-17,309.5
18/03/2021,56.4,93.3,16.78,5.5604,1,0,0,0,0.93,6.123233995736766e-17,313.5
19/03/2021,56.76,93.85,17.1,5.4917,1,0,0,0,0.93,6.123233995736766e-17,311.5
20/03/2021,56.76,93.85,17.1,5.4917,1,0,0,0,0.93,6.123233995736766e-17,311.5
21/03/2021,56.76,93.85,17.1,5.4917,1,0,0,0,0.93,6.123233995736766e-17,311.5
22/03/2021,57.17,93.27,16.92,5.5045,1,0,0,0,0.93,6.123233995736766e-17,315.2
23/03/2021,56.91,92.56,16.79,5.5214,1,0,0,0,0.93,6.123233995736766e-17,313.8
24/03/2021,55.37,93.03,16.57,5.6209,1,0,0,0,0.93,6.123233995736766e-17,310.8
25/03/2021,55.73,93.31,16.47,5.6475,1,0,0,0,0.93,6.123233995736766e-17,315.8
26/03/2021,54.73,93.4,16.25,5.7566,1,0,0,0,0.93,6.123233995736766e-17,314.45
27/03/2021,54.73,93.4,16.25,5.7566,1,0,0,0,0.93,6.123233995736766e-17,314.45
28/03/2021,54.73,93.4,16.25,5.7566,1,0,0,0,0.93,6.123233995736766e-17,314.45
29/03/2021,54.73,94.4,16.37,5.7799,1,0,0,0,0.93,6.123233995736766e-17,315.6
30/03/2021,54.48,94.22,16.39,5.7745,1,0,0,0,0.93,6.123233995736766e-17,313.1
31/03/2021,56.15,93.71,16.66,5.6315,1,0,0,0,0.93,6.123233995736766e-17,315.8
01/04/2021,55.4,93.9,16.46,5.7071,1,0,0,0,0.31,-0.4999999999999998,316.1
02/04/2021,55.4,93.9,16.46,5.7071,1,0,0,0,0.31,-0.4999999999999998,316.1
03/04/2021,55.4,93.9,16.46,5.7071,1,0,0,0,0.31,-0.4999999999999998,316.1
04/04/2021,55.4,93.9,16.46,5.7071,1,0,0,0,0.31,-0.4999999999999998,316.1
05/04/2021,55.97,94.04,16.58,5.6632,1,0,0,0,0.31,-0.4999999999999998,317.45
06/04/2021,56.98,94.7,16.92,5.5904,1,0,0,0,0.31,-0.4999999999999998,318.95
07/04/2021,55.99,95.32,16.87,5.6143,1,0,0,0,0.31,-0.4999999999999998,316.3
08/04/2021,56.85,95.49,17.13,5.572,1,0,0,0,0.31,-0.4999999999999998,316.8
09/04/2021,56.25,95.37,16.8,5.6821,1,0,0,0,0.31,-0.4999999999999998,319.4
10/04/2021,56.25,95.37,16.8,5.6821,1,0,0,0,0.31,-0.4999999999999998,319.4
11/04/2021,56.25,95.37,16.8,5.6821,1,0,0,0,0.31,-0.4999999999999998,319.4
12/04/2021,55.28,95.93,16.76,5.7333,1,0,0,0,0.31,-0.4999999999999998,316.45
13/04/2021,55.55,96.57,16.94,5.7166,1,0,0,0,0.31,-0.4999999999999998,316.7
14/04/2021,56.4,96.92,17.08,5.6526,1,0,0,0,0.31,-0.4999999999999998,320.0
15/04/2021,56.79,97.64,17.36,5.6162,1,0,0,0,0.31,-0.4999999999999998,319.4
16/04/2021,55.96,97.88,17.52,5.5883,1,0,0,0,0.31,-0.4999999999999998,312.6
17/04/2021,55.96,97.88,17.52,5.5883,1,0,0,0,0.31,-0.4999999999999998,312.6
18/04/2021,55.96,97.88,17.52,5.5883,1,0,0,0,0.31,-0.4999999999999998,312.6
19/04/2021,56.71,97.91,17.6,5.5461,1,0,0,0,0.31,-0.4999999999999998,315.4
20/04/2021,56.84,97.78,17.6,5.5687,1,0,0,0,0.31,-0.4999999999999998,315.85
21/04/2021,56.84,97.78,17.6,5.569,1,0,0,0,0.31,-0.4999999999999998,315.85
22/04/2021,57.97,97.98,17.94,5.4448,1,0,0,0,0.31,-0.4999999999999998,316.65
23/04/2021,57.4,98.7,17.96,5.4751,1,0,0,0,0.31,-0.4999999999999998,315.4
24/04/2021,57.4,98.7,17.96,5.4751,1,0,0,0,0.31,-0.4999999999999998,315.4
25/04/2021,57.4,98.7,17.96,5.4751,1,0,0,0,0.31,-0.4999999999999998,315.4
26/04/2021,57.82,99.28,18.19,5.4364,1,0,0,0,0.31,-0.4999999999999998,315.6
27/04/2021,57.35,98.88,18.09,5.449,1,0,0,0,0.31,-0.4999999999999998,313.4
28/04/2021,58.18,99.25,18.5,5.343,1,0,0,0,0.31,-0.4999999999999998,312.1
29/04/2021,58.59,99.78,18.64,5.3375,1,0,0,0,0.31,-0.4999999999999998,313.7
30/04/2021,57.59,99.76,18.36,5.4366,1,0,0,0,0.31,-0.4999999999999998,312.95
01/05/2021,57.59,99.76,18.36,5.4366,1,0,0,0,0.31,-0.8660254037844387,312.95
02/05/2021,57.59,99.76,18.36,5.4366,1,0,0,0,0.31,-0.8660254037844387,312.95
03/05/2021,57.95,99.84,18.41,5.442,1,0,0,0,0.83,-0.8660254037844387,314.2
04/05/2021,57.63,99.79,18.37,5.4435,1,0,0,0,0.83,-0.8660254037844387,313.1
05/05/2021,57.31,100.24,18.68,5.3542,1,0,0,0,0.83,-0.8660254037844387,307.5
06/05/2021,58.63,100.9,19.11,5.276,1,0,0,0,0.83,-0.8660254037844387,309.6
07/05/2021,59.64,101.56,19.45,5.2368,1,1,0,0,0.83,-0.8660254037844387,311.45
08/05/2021,59.64,101.56,19.45,5.2368,1,1,0,0,0.83,-0.8660254037844387,311.45
09/05/2021,59.64,101.56,19.45,5.2368,1,1,0,0,0.83,-0.8660254037844387,311.45
10/05/2021,59.53,101.23,19.35,5.2272,1,0,0,0,0.83,-0.8660254037844387,311.4
11/05/2021,59.74,101.4,19.41,5.2208,1,0,0,0,0.83,-0.8660254037844387,312.1
12/05/2021,58.1,102.39,19.33,5.3061,1,0,0,0,0.83,-0.8660254037844387,307.7
13/05/2021,58.85,101.79,19.21,5.309,1,0,0,0,0.83,-0.8660254037844387,311.85
14/05/2021,58.25,101.34,19.23,5.2728,1,0,0,0,0.83,-0.8660254037844387,307.0
15/05/2021,58.25,101.34,19.23,5.2728,1,0,0,0,0.83,-0.8660254037844387,307.0
16/05/2021,58.25,101.34,19.23,5.2728,1,0,0,0,0.83,-0.8660254037844387,307.0
17/05/2021,57.58,101.08,19.2,5.2729,1,0,0,0,0.83,-0.8660254037844387,303.2
18/05/2021,58.43,103.23,19.68,5.2605,1,0,0,0,0.83,-0.8660254037844387,306.55
19/05/2021,58.2,102.72,19.33,5.3094,1,0,0,0,0.83,-0.8660254037844387,309.35
20/05/2021,57.93,102.06,19.35,5.2825,1,0,0,0,0.83,-0.8660254037844387,305.45
21/05/2021,58.41,101.93,19.06,5.3617,1,0,0,0,0.83,-0.8660254037844387,312.4
22/05/2021,58.41,101.93,19.06,5.3617,1,0,0,0,0.83,-0.8660254037844387,312.4
23/05/2021,58.41,101.93,19.06,5.3617,1,0,0,0,0.83,-0.8660254037844387,312.4
24/05/2021,57.78,101.12,19.0,5.3175,1,0,0,0,0.83,-0.8660254037844387,307.5
25/05/2021,57.9,98.66,18.49,5.3312,1,0,0,0,0.83,-0.8660254037844387,309.0
26/05/2021,58.91,96.83,18.24,5.3115,1,0,0,0,0.83,-0.8660254037844387,312.75
27/05/2021,59.89,97.69,18.6,5.2383,1,0,0,0,0.83,-0.8660254037844387,314.6
28/05/2021,60.77,99.24,19.02,5.2244,1,0,0,0,0.83,-0.8660254037844387,317.1
29/05/2021,60.77,99.24,19.02,5.2244,1,0,0,0,0.83,-0.8660254037844387,317.1
30/05/2021,60.77,99.24,19.02,5.2244,1,0,0,0,0.83,-0.8660254037844387,317.1
31/05/2021,60.77,99.24,19.02,5.2244,1,0,0,0,0.83,-0.8660254037844387,317.1
01/06/2021,60.71,99.23,19.24,5.1509,1,0,0,0,0.53,-1.0,313.0
02/06/2021,60.47,98.67,19.38,5.0754,1,0,0,0,0.53,-1.0,307.9
03/06/2021,60.47,98.67,19.38,5.0775,1,0,0,0,0.53,-1.0,307.9
04/06/2021,61.86,98.63,19.59,5.0495,1,0,0,0,0.53,-1.0,311.45
05/06/2021,61.86,98.63,19.59,5.0495,1,0,0,0,0.53,-1.0,311.45
06/06/2021,61.86,98.63,19.59,5.0495,1,0,0,0,0.53,-1.0,311.45
07/06/2021,61.3,97.04,19.27,5.0451,1,0,0,0,0.53,-1.0,308.75
08/06/2021,62.86,96.57,19.17,5.0325,1,0,0,0,0.53,-1.0,316.7
09/06/2021,62.3,95.72,18.88,5.0621,1,0,0,0,0.53,-1.0,315.85
10/06/2021,62.67,95.21,18.8,5.0552,1,0,0,0,0.53,-1.0,317.35
11/06/2021,62.39,94.88,18.53,5.1171,1,0,0,0,0.53,-1.0,319.45
12/06/2021,62.39,94.88,18.53,5.1171,1,0,0,0,0.53,-1.0,319.45
13/06/2021,62.39,94.88,18.53,5.1171,1,0,0,0,0.53,-1.0,319.45
14/06/2021,62.98,94.29,18.59,5.0601,1,0,0,0,0.53,-1.0,319.45
15/06/2021,62.93,93.27,18.5,5.0437,1,0,0,0,0.53,-1.0,317.35
16/06/2021,63.36,91.6,18.16,5.0545,1,0,0,0,0.53,-1.0,319.65
17/06/2021,63.48,89.56,17.83,5.0059,1,0,0,0,0.53,-1.0,318.9
18/06/2021,63.29,89.87,17.73,5.0894,1,0,0,0,0.53,-1.0,320.9
19/06/2021,63.29,89.87,17.73,5.0894,1,0,0,0,0.53,-1.0,320.9
20/06/2021,63.29,89.87,17.73,5.0894,1,0,0,0,0.53,-1.0,320.9
21/06/2021,63.37,88.52,17.63,5.013,1,0,0,0,0.53,-1.0,318.25
22/06/2021,64.37,87.72,17.67,4.9574,1,0,0,0,0.53,-1.0,319.55
23/06/2021,64.43,87.27,17.58,4.9667,1,0,0,0,0.53,-1.0,319.9
24/06/2021,65.02,86.25,17.58,4.9137,1,0,0,0,0.53,-1.0,318.9
25/06/2021,64.51,86.27,17.42,4.9335,1,0,0,0,0.53,-1.0,319.45
26/06/2021,64.51,86.27,17.42,4.9335,1,0,0,0,0.53,-1.0,319.45
27/06/2021,64.51,86.27,17.42,4.9335,1,0,0,0,0.53,-1.0,319.45
28/06/2021,65.35,86.63,17.59,4.9244,1,0,0,0,0.53,-1.0,321.9
29/06/2021,64.73,87.14,17.65,4.9559,1,0,0,0,0.53,-1.0,319.65
30/06/2021,64.05,89.57,18.01,4.9686,1,0,0,0,0.53,-1.0,318.5
01/07/2021,62.64,91.25,18.08,5.0476,1,0,0,0,0.96,-0.8660254037844388,316.2
02/07/2021,62.61,92.1,18.24,5.0575,1,0,0,0,0.96,-0.8660254037844388,316.05
03/07/2021,62.61,92.1,18.24,5.0575,1,0,0,0,0.96,-0.8660254037844388,316.05
04/07/2021,62.61,92.1,18.24,5.0575,1,0,0,0,0.96,-0.8660254037844388,316.05
05/07/2021,62.61,92.1,18.24,5.0575,1,0,0,0,0.96,-0.8660254037844388,316.05
06/07/2021,61.47,94.44,18.16,5.1969,1,0,0,0,0.96,-0.8660254037844388,319.65
07/07/2021,60.99,95.17,18.18,5.2315,1,0,0,0,0.96,-0.8660254037844388,319.2
08/07/2021,60.81,95.93,18.26,5.2579,1,0,0,0,0.96,-0.8660254037844388,319.5
09/07/2021,60.81,96.21,18.36,5.2579,1,0,0,0,0.96,-0.8660254037844388,319.5
10/07/2021,60.81,96.21,18.36,5.2579,1,0,0,0,0.96,-0.8660254037844388,319.5
11/07/2021,60.81,96.21,18.36,5.2579,1,0,0,0,0.96,-0.8660254037844388,319.5
12/07/2021,61.73,96.24,18.62,5.173,1,0,0,0,0.96,-0.8660254037844388,319.15
13/07/2021,61.5,96.43,18.65,5.1622,1,0,0,0,0.96,-0.8660254037844388,318.0
14/07/2021,63.23,97.19,19.16,5.0706,1,0,0,0,0.96,-0.8660254037844388,320.7
15/07/2021,62.55,98.01,19.12,5.11,1,0,0,0,0.96,-0.8660254037844388,320.55
16/07/2021,62.86,97.34,19.01,5.1147,1,0,0,0,0.96,-0.8660254037844388,321.85
17/07/2021,62.86,97.34,19.01,5.1147,1,0,0,0,0.96,-0.8660254037844388,321.85
18/07/2021,62.86,97.34,19.01,5.1147,1,0,0,0,0.96,-0.8660254037844388,321.85
19/07/2021,60.74,97.48,18.55,5.2519,1,0,0,0,0.96,-0.8660254037844388,319.25
20/07/2021,61.22,97.49,18.68,5.2205,1,0,0,0,0.96,-0.8660254037844388,319.5
21/07/2021,60.68,98.54,19.01,5.1874,1,0,0,0,0.96,-0.8660254037844388,314.5
22/07/2021,60.95,99.19,19.04,5.2003,1,0,0,0,0.96,-0.8660254037844388,317.5
23/07/2021,61.45,99.99,19.17,5.2006,1,0,0,0,0.96,-0.8660254037844388,320.6
24/07/2021,61.45,99.99,19.17,5.2006,1,0,0,0,0.96,-0.8660254037844388,320.6
25/07/2021,61.45,99.99,19.17,5.2006,1,0,0,0,0.96,-0.8660254037844388,320.6
26/07/2021,62.13,100.63,19.45,5.1761,1,0,0,0,0.96,-0.8660254037844388,321.5
27/07/2021,61.25,101.6,19.62,5.169,1,0,0,0,0.96,-0.8660254037844388,317.15
28/07/2021,61.96,102.44,20.03,5.1157,1,0,0,0,0.96,-0.8660254037844388,316.85
29/07/2021,62.15,101.93,20.08,5.0812,1,0,0,0,0.96,-0.8660254037844388,315.55
30/07/2021,61.55,101.4,19.51,5.2123,1,0,0,0,0.96,-0.8660254037844388,319.9
31/07/2021,61.55,101.4,19.51,5.2123,1,0,0,0,0.96,-0.8660254037844388,319.9
01/08/2021,61.55,101.4,19.51,5.2123,1,0,0,0,0.96,-0.5000000000000004,319.9
02/08/2021,61.24,101.47,19.65,5.1747,1,0,0,0,0.87,-0.5000000000000004,316.2
03/08/2021,60.85,100.96,19.48,5.1967,1,0,0,0,0.87,-0.5000000000000004,315.4
04/08/2021,61.03,100.21,19.31,5.1685,1,0,0,0,0.87,-0.5000000000000004,316.7
05/08/2021,61.35,100.31,19.28,5.2488,1,0,0,0,0.87,-0.5000000000000004,319.2
06/08/2021,59.71,99.1,18.91,5.2301,1,0,0,0,0.87,-0.5000000000000004,312.95
07/08/2021,59.71,99.1,18.91,5.2301,1,0,0,0,0.87,-0.5000000000000004,312.95
08/08/2021,59.71,99.1,18.91,5.2301,1,0,0,0,0.87,-0.5000000000000004,312.95
09/08/2021,60.82,99.45,18.99,5.2331,1,0,0,0,0.87,-0.5000000000000004,318.6
10/08/2021,60.88,98.16,18.88,5.1895,1,0,0,0,0.87,-0.5000000000000004,316.45
11/08/2021,60.95,98.35,18.81,5.2185,1,0,0,0,0.87,-0.5000000000000004,318.65
12/08/2021,59.82,98.97,18.84,5.2524,1,0,0,0,0.87,-0.5000000000000004,314.3
13/08/2021,60.53,99.87,19.05,5.2466,1,0,0,0,0.87,-0.5000000000000004,317.35
14/08/2021,60.53,99.87,19.05,5.2466,1,0,0,0,0.87,-0.5000000000000004,317.35
15/08/2021,60.53,99.87,19.05,5.2466,1,0,0,0,0.87,-0.5000000000000004,317.35
16/08/2021,59.26,99.89,18.9,5.2595,1,0,0,0,0.87,-0.5000000000000004,313.25
17/08/2021,60.61,99.4,18.87,5.2948,1,0,0,0,0.87,-0.5000000000000004,319.3
18/08/2021,58.25,99.32,18.53,5.3794,1,0,0,0,0.87,-0.5000000000000004,312.2
19/08/2021,58.11,99.02,18.28,5.4142,1,0,0,0,0.87,-0.5000000000000004,314.7
20/08/2021,58.27,98.79,18.37,5.377,1,0,0,0,0.87,-0.5000000000000004,313.4
21/08/2021,58.27,98.79,18.37,5.377,1,0,0,0,0.87,-0.5000000000000004,313.4
22/08/2021,58.27,98.79,18.37,5.377,1,0,0,0,0.87,-0.5000000000000004,313.4
23/08/2021,58.4,98.21,18.28,5.3802,1,0,0,0,0.87,-0.5000000000000004,313.75
24/08/2021,59.52,97.59,18.56,5.2463,1,0,0,0,0.87,-0.5000000000000004,313.0
25/08/2021,60.15,97.49,18.71,5.2117,1,0,0,0,0.87,-0.5000000000000004,313.4
26/08/2021,59.51,97.06,18.49,5.2522,1,0,0,0,0.87,-0.5000000000000004,312.45
27/08/2021,59.82,95.84,18.45,5.1996,1,0,0,0,0.87,-0.5000000000000004,310.85
28/08/2021,59.82,95.84,18.45,5.1996,1,0,0,0,0.87,-0.5000000000000004,310.85
29/08/2021,59.82,95.84,18.45,5.1996,1,0,0,0,0.87,-0.5000000000000004,310.85
30/08/2021,61.17,95.82,18.47,5.184,1,0,0,0,0.87,-0.5000000000000004,317.3
31/08/2021,60.56,94.76,18.31,5.1492,1,0,0,0,0.87,-0.5000000000000004,313.4
01/09/2021,59.05,93.72,18.11,5.1858,1,0,0,0,1.16,-1.8369701987210297e-16,305.5
02/09/2021,58.84,93.0,17.94,5.1819,1,0,0,0,1.16,-1.8369701987210297e-16,305.1
03/09/2021,58.84,92.26,17.8,5.1908,1,0,0,0,1.16,-1.8369701987210297e-16,305.1
04/09/2021,58.84,92.26,17.8,5.1908,1,0,0,0,1.16,-1.8369701987210297e-16,305.1
05/09/2021,58.84,92.26,17.8,5.1908,1,0,0,0,1.16,-1.8369701987210297e-16,305.1
06/09/2021,58.84,92.26,17.8,5.1908,1,0,0,0,1.16,-1.8369701987210297e-16,305.1
07/09/2021,58.84,92.26,17.8,5.1692,1,0,0,0,1.16,-1.8369701987210297e-16,305.1
08/09/2021,58.77,92.32,17.38,5.3214,1,0,0,0,1.16,-1.8369701987210297e-16,312.25
09/09/2021,57.65,92.15,17.36,5.1976,1,0,0,0,1.16,-1.8369701987210297e-16,305.95
10/09/2021,57.97,93.53,17.76,5.2454,1,0,0,0,1.16,-1.8369701987210297e-16,305.25
11/09/2021,57.97,93.53,17.76,5.2454,1,0,0,0,1.16,-1.8369701987210297e-16,305.25
12/09/2021,57.97,93.53,17.76,5.2454,1,0,0,0,1.16,-1.8369701987210297e-16,305.25
13/09/2021,59.38,93.71,17.91,5.2144,1,0,0,0,1.16,-1.8369701987210297e-16,310.6
14/09/2021,57.61,93.6,17.79,5.2398,1,0,0,0,1.16,-1.8369701987210297e-16,303.1
15/09/2021,56.28,93.43,17.82,5.2219,1,0,0,0,1.16,-1.8369701987210297e-16,295.0
16/09/2021,57.34,93.71,17.76,5.2535,1,0,0,0,1.16,-1.8369701987210297e-16,302.45
17/09/2021,57.31,93.67,17.73,5.2883,1,0,0,0,1.16,-1.8369701987210297e-16,302.75
18/09/2021,57.31,93.67,17.73,5.2883,1,0,0,0,1.16,-1.8369701987210297e-16,302.75
19/09/2021,57.31,93.67,17.73,5.2883,1,0,0,0,1.16,-1.8369701987210297e-16,302.75
20/09/2021,56.14,92.81,17.34,5.324,1,0,0,0,1.16,-1.8369701987210297e-16,300.4
21/09/2021,56.91,92.08,17.43,5.2699,1,0,0,0,1.16,-1.8369701987210297e-16,300.6
22/09/2021,56.46,91.59,17.28,5.2888,1,0,0,0,1.16,-1.8369701987210297e-16,299.3
23/09/2021,56.29,90.83,17.11,5.303,1,0,0,0,1.16,-1.8369701987210297e-16,298.8
24/09/2021,56.16,90.47,16.92,5.3344,1,0,0,0,1.16,-1.8369701987210297e-16,300.25
25/09/2021,56.16,90.47,16.92,5.3344,1,0,0,0,1.16,-1.8369701987210297e-16,300.25
26/09/2021,56.16,90.47,16.92,5.3344,1,0,0,0,1.16,-1.8369701987210297e-16,300.25
27/09/2021,56.59,91.18,16.95,5.3914,1,0,0,0,1.16,-1.8369701987210297e-16,304.45
28/09/2021,54.27,91.42,16.84,5.4293,1,0,0,0,1.16,-1.8369701987210297e-16,294.7
29/09/2021,54.33,91.45,16.85,5.4152,1,0,0,0,1.16,-1.8369701987210297e-16,294.8
30/09/2021,53.63,91.83,16.89,5.4428,1,0,0,0,1.16,-1.8369701987210297e-16,291.6
01/10/2021,54.49,91.76,17.11,5.3628,1,0,0,0,1.25,0.5000000000000001,292.25
02/10/2021,54.49,91.76,17.11,5.3628,1,0,0,0,1.25,0.5000000000000001,292.25
03/10/2021,54.49,91.76,17.11,5.3628,1,0,0,0,1.25,0.5000000000000001,292.25
04/10/2021,52.56,92.03,16.88,5.4535,1,0,0,0,1.25,0.5000000000000001,286.55
05/10/2021,51.75,92.22,16.86,5.4748,1,0,0,0,1.25,0.5000000000000001,283.0
06/10/2021,51.18,91.98,16.76,5.4912,1,0,0,0,1.25,0.5000000000000001,280.9
07/10/2021,51.37,91.12,16.56,5.5188,1,0,0,0,1.25,0.5000000000000001,282.7
08/10/2021,49.23,91.03,16.52,5.5082,1,0,0,0,1.25,0.5000000000000001,271.25
09/10/2021,49.23,91.03,16.52,5.5082,1,0,0,0,1.25,0.5000000000000001,271.25
10/10/2021,49.23,91.03,16.52,5.5082,1,0,0,0,1.25,0.5000000000000001,271.25
11/10/2021,49.23,91.02,16.45,5.5367,1,0,0,0,1.25,0.5000000000000001,271.25
12/10/2021,49.23,91.02,16.45,5.5325,1,0,1,0,1.25,0.5000000000000001,271.25
13/10/2021,49.08,90.39,16.4,5.5133,1,0,0,0,1.25,0.5000000000000001,270.5
14/10/2021,49.19,90.13,16.33,5.5132,1,0,0,0,1.25,0.5000000000000001,271.55
15/10/2021,48.86,90.18,16.52,5.4611,1,0,0,0,1.25,0.5000000000000001,266.8
16/10/2021,48.86,90.18,16.52,5.4611,1,0,0,0,1.25,0.5000000000000001,266.8
17/10/2021,48.86,90.18,16.52,5.4611,1,0,0,0,1.25,0.5000000000000001,266.8
18/10/2021,48.57,89.89,16.3,5.5117,1,0,0,0,1.25,0.5000000000000001,267.8
19/10/2021,48.78,90.21,16.15,5.5844,1,0,0,0,1.25,0.5000000000000001,272.55
20/10/2021,47.39,89.56,16.15,5.5975,1,0,0,0,1.25,0.5000000000000001,262.9
21/10/2021,46.48,88.99,15.74,5.6577,1,0,0,0,1.25,0.5000000000000001,262.8
22/10/2021,46.13,89.27,15.83,5.6474,1,0,0,0,1.25,0.5000000000000001,260.2
23/10/2021,46.13,89.27,15.83,5.6474,1,0,0,0,1.25,0.5000000000000001,260.2
24/10/2021,46.13,89.27,15.83,5.6474,1,0,0,0,1.25,0.5000000000000001,260.2
25/10/2021,47.48,89.18,16.08,5.5563,1,0,0,0,1.25,0.5000000000000001,263.35
26/10/2021,46.21,88.27,15.86,5.5666,1,0,0,0,1.25,0.5000000000000001,257.25
27/10/2021,46.04,87.5,15.71,5.538,1,0,0,0,1.25,0.5000000000000001,256.45
28/10/2021,45.15,86.89,15.44,5.6464,1,0,0,0,1.25,0.5000000000000001,254.1
29/10/2021,45.52,86.84,15.38,5.6372,1,0,0,0,1.25,0.5000000000000001,257.1
30/10/2021,45.52,86.84,15.38,5.6372,1,0,0,0,1.25,0.5000000000000001,257.1
31/10/2021,45.52,86.84,15.38,5.6372,1,0,0,1,1.25,0.5000000000000001,257.1
01/11/2021,46.54,86.97,15.34,5.6815,1,0,0,1,0.95,0.8660254037844384,263.95
02/11/2021,46.54,86.97,15.34,5.6795,1,0,0,1,0.95,0.8660254037844384,263.95
03/11/2021,45.87,87.16,15.58,5.5525,1,0,0,0,0.95,0.8660254037844384,256.65
04/11/2021,47.68,86.4,15.39,5.602,1,0,0,0,0.95,0.8660254037844384,267.75
05/11/2021,48.02,86.61,15.72,5.5428,1,0,0,0,0.95,0.8660254037844384,264.6
06/11/2021,48.02,86.61,15.72,5.5428,1,0,0,0,0.95,0.8660254037844384,264.6
07/11/2021,48.02,86.61,15.72,5.5428,1,0,0,0,0.95,0.8660254037844384,264.6
08/11/2021,48.27,85.69,15.44,5.544,1,0,0,0,0.95,0.8660254037844384,267.85
09/11/2021,51.19,84.93,15.49,5.4804,1,0,0,0,0.95,0.8660254037844384,280.7
10/11/2021,52.99,84.51,15.38,5.491,1,0,0,0,0.95,0.8660254037844384,291.2
11/11/2021,54.61,83.59,15.49,5.3989,1,0,0,0,0.95,0.8660254037844384,294.8
12/11/2021,55.18,82.75,15.17,5.4588,1,0,0,0,0.95,0.8660254037844384,301.0
13/11/2021,55.18,82.75,15.17,5.4588,1,0,0,0,0.95,0.8660254037844384,301.0
14/11/2021,55.18,82.75,15.17,5.4588,1,0,0,0,0.95,0.8660254037844384,301.0
15/11/2021,55.18,82.75,15.17,5.4575,1,0,0,0,0.95,0.8660254037844384,301.0
16/11/2021,55.2,82.74,15.07,5.5028,1,0,0,0,0.95,0.8660254037844384,303.15
17/11/2021,55.16,82.45,14.92,5.5292,1,0,0,0,0.95,0.8660254037844384,304.8
18/11/2021,56.2,82.34,14.79,5.5576,1,0,0,0,0.95,0.8660254037844384,313.0
19/11/2021,56.06,82.84,14.78,5.6135,1,0,0,0,0.95,0.8660254037844384,314.15
20/11/2021,56.06,82.84,14.78,5.6135,1,0,0,0,0.95,0.8660254037844384,314.15
21/11/2021,56.06,82.84,14.78,5.6135,1,0,0,0,0.95,0.8660254037844384,314.15
22/11/2021,56.51,82.81,14.81,5.5865,1,0,0,0,0.95,0.8660254037844384,315.9
23/11/2021,56.51,83.26,14.85,5.5712,1,0,0,0,0.95,0.8660254037844384,316.9
24/11/2021,56.62,83.59,14.94,5.6061,1,0,0,0,0.95,0.8660254037844384,316.65
25/11/2021,56.62,83.59,14.94,5.6061,1,0,0,0,0.95,0.8660254037844384,316.65
26/11/2021,56.8,83.72,14.95,5.6093,1,0,0,0,0.95,0.8660254037844384,318.1
27/11/2021,56.8,83.72,14.95,5.6093,1,0,0,0,0.95,0.8660254037844384,318.1
28/11/2021,56.8,83.72,14.95,5.6093,1,0,0,0,0.95,0.8660254037844384,318.1
29/11/2021,57.31,83.44,14.86,5.6017,1,0,0,0,0.95,0.8660254037844384,321.8
30/11/2021,57.07,84.46,14.96,5.6239,1,0,0,0,0.95,0.8660254037844384,322.3
01/12/2021,56.77,84.98,15.0,5.6955,1,0,0,0,0.73,1.0,321.6
02/12/2021,57.39,86.22,15.26,5.6462,1,0,0,0,0.73,1.0,324.35
03/12/2021,55.13,86.86,15.3,5.6532,1,0,0,0,0.73,1.0,312.95
04/12/2021,55.13,86.86,15.3,5.6532,1,0,0,0,0.73,1.0,312.95
05/12/2021,55.13,86.86,15.3,5.6532,1,0,0,0,0.73,1.0,312.95
06/12/2021,56.65,86.12,15.15,5.6891,1,0,0,0,0.73,1.0,322.1
07/12/2021,56.34,87.58,15.59,5.6128,1,0,0,0,0.73,1.0,316.5
08/12/2021,57.69,87.55,15.81,5.5327,1,0,0,0,0.73,1.0,319.5
09/12/2021,55.96,87.54,15.69,5.5727,1,0,0,0,0.73,1.0,312.25
10/12/2021,55.44,88.06,15.69,5.6127,1,0,0,0,0.73,1.0,311.2
11/12/2021,55.44,88.06,15.69,5.6127,1,0,0,0,0.73,1.0,311.2
12/12/2021,55.44,88.06,15.69,5.6127,1,0,0,0,0.73,1.0,311.2
13/12/2021,55.76,88.1,15.53,5.6804,1,0,0,0,0.73,1.0,316.35
14/12/2021,54.54,87.75,15.42,5.6815,1,0,0,0,0.73,1.0,310.4
15/12/2021,53.82,87.56,15.3,5.6806,1,0,0,0,0.73,1.0,308.0
16/12/2021,55.8,87.39,15.4,5.6884,1,0,0,0,0.73,1.0,316.65
17/12/2021,56.12,87.18,15.34,5.6959,1,0,0,0,0.73,1.0,318.85
18/12/2021,56.12,87.18,15.34,5.6959,1,0,0,0,0.73,1.0,318.85
19/12/2021,56.12,87.18,15.34,5.6959,1,0,0,0,0.73,1.0,318.85
20/12/2021,55.37,87.57,15.26,5.742,1,0,0,0,0.73,1.0,317.7
21/12/2021,57.13,88.61,15.45,5.7451,1,0,0,0,0.73,1.0,327.75
22/12/2021,56.86,88.69,15.64,5.654,1,0,0,0,0.73,1.0,322.4
23/12/2021,57.83,89.81,15.86,5.6749,1,0,0,0,0.73,1.0,327.5
24/12/2021,57.83,89.81,15.86,5.6749,1,0,0,0,0.73,1.0,327.5
25/12/2021,57.83,89.81,15.86,5.6749,1,0,0,0,0.73,1.0,327.5
26/12/2021,57.83,89.81,15.86,5.6749,1,0,0,0,0.73,1.0,327.5
27/12/2021,58.39,89.99,15.97,5.6249,1,0,0,0,0.73,1.0,329.1
28/12/2021,58.79,90.34,16.03,5.6283,1,0,0,0,0.73,1.0,331.4
29/12/2021,58.98,90.37,15.87,5.7032,1,0,0,0,0.73,1.0,335.85
30/12/2021,60.36,90.35,16.21,5.571,1,0,0,0,0.73,1.0,336.5
31/12/2021,60.36,90.35,16.21,5.5703,1,0,0,0,0.73,1.0,336.5
01/01/2022,60.36,90.35,16.21,5.5703,1,0,0,0,0.73,0.8660254037844387,336.5
02/01/2022,60.36,90.35,16.21,5.5703,1,0,0,0,0.73,0.8660254037844387,336.5
03/01/2022,59.09,92.01,16.25,5.6818,1,0,0,0,0.54,0.8660254037844387,334.5
04/01/2022,59.72,92.72,16.3,5.677,1,0,0,0,0.54,0.8660254037844387,339.65
05/01/2022,60.97,92.81,16.3,5.7087,1,0,0,0,0.54,0.8660254037844387,345.25
06/01/2022,59.37,93.28,16.41,5.6834,1,0,0,0,0.54,0.8660254037844387,337.6
07/01/2022,58.83,93.52,16.6,5.6355,1,0,0,0,0.54,0.8660254037844387,331.4
08/01/2022,58.83,93.52,16.6,5.6355,1,0,0,0,0.54,0.8660254037844387,331.4
09/01/2022,58.83,93.52,16.6,5.6355,1,0,0,0,0.54,0.8660254037844387,331.4
10/01/2022,59.77,94.43,16.65,5.6633,1,0,0,0,0.54,0.8660254037844387,339.0
11/01/2022,59.81,95.13,17.05,5.5686,1,0,0,0,0.54,0.8660254037844387,333.7
12/01/2022,60.53,95.27,17.21,5.5338,1,0,0,0,0.54,0.8660254037844387,335.05
13/01/2022,60.46,96.5,17.48,5.5286,1,0,0,0,0.54,0.8660254037844387,333.7
14/01/2022,60.76,96.77,17.52,5.5344,1,0,0,0,0.54,0.8660254037844387,335.5
15/01/2022,60.76,96.77,17.52,5.5344,1,0,0,0,0.54,0.8660254037844387,335.5
16/01/2022,60.76,96.77,17.52,5.5344,1,0,0,0,0.54,0.8660254037844387,335.5
17/01/2022,60.76,96.77,17.52,5.5344,1,0,0,0,0.54,0.8660254037844387,335.5
18/01/2022,60.11,97.39,17.53,5.5666,1,0,0,0,0.54,0.8660254037844387,333.95
19/01/2022,61.71,97.7,17.88,5.4383,1,0,0,0,0.54,0.8660254037844387,337.2
20/01/2022,62.7,98.13,18.14,5.4191,1,0,0,0,0.54,0.8660254037844387,339.25
21/01/2022,63.07,98.33,18.02,5.4582,1,0,0,0,0.54,0.8660254037844387,344.2
22/01/2022,63.07,98.33,18.02,5.4582,1,0,0,0,0.54,0.8660254037844387,344.2
23/01/2022,63.07,98.33,18.02,5.4582,1,0,0,0,0.54,0.8660254037844387,344.2
24/01/2022,61.46,97.93,17.8,5.4877,1,0,0,0,0.54,0.8660254037844387,338.2
25/01/2022,63.07,97.76,17.97,5.4437,1,0,0,0,0.54,0.8660254037844387,343.1
26/01/2022,63.31,97.9,18.11,5.4324,1,0,0,0,0.54,0.8660254037844387,342.3
27/01/2022,63.33,97.37,17.94,5.4065,1,0,0,0,0.54,0.8660254037844387,343.7
28/01/2022,62.93,97.4,18.06,5.3674,1,0,0,0,0.54,0.8660254037844387,339.4
29/01/2022,62.93,97.4,18.06,5.3674,1,0,0,0,0.54,0.8660254037844387,339.4
30/01/2022,62.93,97.4,18.06,5.3674,1,0,0,0,0.54,0.8660254037844387,339.4
31/01/2022,64.83,97.42,18.37,5.3041,1,0,0,0,0.54,0.8660254037844387,343.8
01/02/2022,63.36,97.4,18.48,5.2655,1,0,0,0,1.01,0.5000000000000001,333.9
02/02/2022,63.33,97.14,18.38,5.262,1,0,0,0,1.01,0.5000000000000001,334.7
03/02/2022,63.1,96.82,18.29,5.2839,1,0,0,0,1.01,0.5000000000000001,334.0
04/02/2022,64.57,97.13,18.24,5.3279,1,0,0,0,1.01,0.5000000000000001,343.9
05/02/2022,64.57,97.13,18.24,5.3279,1,0,0,0,1.01,0.5000000000000001,343.9
06/02/2022,64.57,97.13,18.24,5.3279,1,0,0,0,1.01,0.5000000000000001,343.9
07/02/2022,62.79,96.97,18.44,5.2636,1,0,0,0,1.01,0.5000000000000001,330.3
08/02/2022,64.58,97.14,18.49,5.2593,1,0,0,0,1.01,0.5000000000000001,339.35
09/02/2022,65.34,96.93,18.57,5.2354,1,0,0,0,1.01,0.5000000000000001,341.05
10/02/2022,65.46,97.08,18.58,5.2496,1,0,0,0,1.01,0.5000000000000001,342.1
11/02/2022,65.45,97.05,18.57,5.2527,1,0,0,0,1.01,0.5000000000000001,342.05
12/02/2022,65.45,97.05,18.57,5.2527,1,0,0,0,1.01,0.5000000000000001,342.05
13/02/2022,65.45,97.05,18.57,5.2527,1,0,0,0,1.01,0.5000000000000001,342.05
14/02/2022,64.96,95.98,18.4,5.2149,1,0,0,0,1.01,0.5000000000000001,338.9
15/02/2022,65.27,96.55,18.63,5.159,1,0,0,0,1.01,0.5000000000000001,338.15
16/02/2022,66.43,96.53,18.82,5.1365,1,0,0,0,1.01,0.5000000000000001,340.65
17/02/2022,66.92,96.51,18.67,5.1718,1,0,0,0,1.01,0.5000000000000001,345.9
18/02/2022,66.35,96.49,18.78,5.1385,1,0,0,0,1.01,0.5000000000000001,340.9
19/02/2022,66.35,96.49,18.78,5.1385,1,0,0,0,1.01,0.5000000000000001,340.9
20/02/2022,66.35,96.49,18.78,5.1385,1,0,0,0,1.01,0.5000000000000001,340.9
21/02/2022,66.35,96.49,18.78,5.1385,1,0,0,0,1.01,0.5000000000000001,340.9
22/02/2022,68.79,96.8,19.11,5.0583,1,0,0,0,1.01,0.5000000000000001,348.4
23/02/2022,68.75,96.85,19.36,5.0097,1,0,0,0,1.01,0.5000000000000001,343.95
24/02/2022,66.58,96.89,18.93,5.1231,1,0,0,0,1.01,0.5000000000000001,340.7
25/02/2022,66.68,97.34,18.92,5.1623,1,0,0,0,1.01,0.5000000000000001,343.05
26/02/2022,66.68,97.34,18.92,5.1623,1,0,0,0,1.01,0.5000000000000001,343.05
27/02/2022,66.68,97.34,18.92,5.1623,1,0,0,0,1.01,0.5000000000000001,343.05
28/02/2022,66.68,97.34,18.92,5.1599,1,0,0,0,1.01,0.5000000000000001,343.05
01/03/2022,66.68,97.34,18.92,5.1595,1,0,0,0,1.01,6.123233995736766e-17,343.05
02/03/2022,66.51,97.2,19.02,5.0995,1,0,0,0,1.62,6.123233995736766e-17,339.85
03/03/2022,68.14,97.72,19.45,5.032,1,0,0,0,1.62,6.123233995736766e-17,342.35
04/03/2022,67.17,98.15,19.32,5.062,1,0,0,0,1.62,6.123233995736766e-17,341.15
05/03/2022,67.17,98.15,19.32,5.062,1,0,0,0,1.62,6.123233995736766e-17,341.15
06/03/2022,67.17,98.15,19.32,5.062,1,0,0,0,1.62,6.123233995736766e-17,341.15
07/03/2022,68.0,100.19,19.73,5.1115,1,0,0,0,1.62,6.123233995736766e-17,345.35
08/03/2022,69.29,101.36,20.05,5.0599,1,0,0,0,1.62,6.123233995736766e-17,350.35
09/03/2022,68.41,101.25,20.21,5.0123,1,0,0,0,1.62,6.123233995736766e-17,342.8
10/03/2022,68.79,101.42,20.21,5.011,1,0,0,0,1.62,6.123233995736766e-17,345.2
11/03/2022,68.69,103.57,20.5,5.0745,1,0,0,0,1.62,6.123233995736766e-17,347.0
12/03/2022,68.69,103.57,20.5,5.0745,1,0,0,0,1.62,6.123233995736766e-17,347.0
13/03/2022,68.69,103.57,20.5,5.0745,1,0,0,0,1.62,6.123233995736766e-17,347.0
14/03/2022,67.27,103.9,20.26,5.1193,1,0,0,0,1.62,6.123233995736766e-17,345.05
15/03/2022,66.18,103.87,20.15,5.1631,1,0,0,0,1.62,6.123233995736766e-17,341.1
16/03/2022,67.25,103.74,20.32,5.0757,1,0,0,0,1.62,6.123233995736766e-17,343.3
17/03/2022,69.36,103.57,20.56,5.039,1,0,0,0,1.62,6.123233995736766e-17,349.45
18/03/2022,69.62,102.59,20.46,5.0231,1,0,0,0,1.62,6.123233995736766e-17,349.05
19/03/2022,69.62,102.59,20.46,5.0231,1,0,0,0,1.62,6.123233995736766e-17,349.05
20/03/2022,69.62,102.59,20.46,5.0231,1,0,0,0,1.62,6.123233995736766e-17,349.05
21/03/2022,69.87,102.63,20.72,4.9354,1,0,0,0,1.62,6.123233995736766e-17,346.0
22/03/2022,70.97,101.29,20.59,4.9094,1,0,0,0,1.62,6.123233995736766e-17,349.1
23/03/2022,71.37,99.93,20.65,4.8258,1,0,0,0,1.62,6.123233995736766e-17,345.3
24/03/2022,72.93,99.2,20.55,4.8253,1,0,0,0,1.62,6.123233995736766e-17,352.05
25/03/2022,73.04,96.98,20.41,4.742,1,0,0,0,1.62,6.123233995736766e-17,347.0
26/03/2022,73.04,96.98,20.41,4.742,1,0,0,0,1.62,6.123233995736766e-17,347.0
27/03/2022,73.04,96.98,20.41,4.742,1,0,0,0,1.62,6.123233995736766e-17,347.0
28/03/2022,73.36,96.16,20.16,4.7675,1,0,0,0,1.62,6.123233995736766e-17,349.95
29/03/2022,71.75,92.77,19.49,4.7561,1,0,0,0,1.62,6.123233995736766e-17,341.6
30/03/2022,72.64,92.7,19.38,4.7685,1,0,0,0,1.62,6.123233995736766e-17,347.35
31/03/2022,67.9,93.09,19.55,4.739,1,0,0,0,1.62,6.123233995736766e-17,323.25
01/04/2022,73.16,92.04,19.71,4.6575,1,0,0,0,1.06,-0.4999999999999998,341.6
02/04/2022,73.16,92.04,19.71,4.6575,1,0,0,0,1.06,-0.4999999999999998,341.6
03/04/2022,73.16,92.04,19.71,4.6575,1,0,0,0,1.06,-0.4999999999999998,341.6
04/04/2022,72.72,91.55,19.85,4.5928,1,0,0,0,1.06,-0.4999999999999998,335.4
05/04/2022,71.59,90.19,19.37,4.6506,1,0,0,0,1.06,-0.4999999999999998,333.4
06/04/2022,71.33,89.46,18.95,4.7161,1,0,0,0,1.06,-0.4999999999999998,336.7
07/04/2022,69.0,89.06,18.77,4.7524,1,0,0,0,1.06,-0.4999999999999998,327.4
08/04/2022,73.53,89.02,18.92,4.697,1,0,0,0,1.06,-0.4999999999999998,345.95
09/04/2022,73.53,89.02,18.92,4.697,1,0,0,0,1.06,-0.4999999999999998,345.95
10/04/2022,73.53,89.02,18.92,4.697,1,0,0,0,1.06,-0.4999999999999998,345.95
11/04/2022,72.3,88.9,18.98,4.6944,1,0,0,0,1.06,-0.4999999999999998,338.6
12/04/2022,72.06,88.17,18.85,4.6735,1,0,0,0,1.06,-0.4999999999999998,337.1
13/04/2022,71.77,87.56,18.69,4.6899,1,0,0,0,1.06,-0.4999999999999998,336.3
14/04/2022,72.23,87.3,18.61,4.7013,1,0,0,0,1.06,-0.4999999999999998,338.9
15/04/2022,72.23,87.3,18.61,4.7013,1,0,0,0,1.06,-0.4999999999999998,338.9
16/04/2022,72.23,87.3,18.61,4.7013,1,0,0,0,1.06,-0.4999999999999998,338.9
17/04/2022,72.23,87.3,18.61,4.7013,1,0,0,0,1.06,-0.4999999999999998,338.9
18/04/2022,70.59,87.63,18.81,4.6527,1,0,0,0,1.06,-0.4999999999999998,328.8
19/04/2022,72.81,88.03,18.84,4.6675,1,0,0,0,1.06,-0.4999999999999998,340.25
20/04/2022,71.65,87.87,19.0,4.6219,1,0,0,0,1.06,-0.4999999999999998,331.4
21/04/2022,71.65,87.87,19.0,4.622,1,0,0,0,1.06,-0.4999999999999998,331.4
22/04/2022,68.32,87.93,18.33,4.7937,1,0,0,0,1.06,-0.4999999999999998,327.75
23/04/2022,68.32,87.93,18.33,4.7937,1,0,0,0,1.06,-0.4999999999999998,327.75
24/04/2022,68.32,87.93,18.33,4.7937,1,0,0,0,1.06,-0.4999999999999998,327.75
25/04/2022,67.49,88.71,18.2,4.8766,1,0,0,0,1.06,-0.4999999999999998,328.9
26/04/2022,66.93,88.51,17.74,4.9989,1,0,0,0,1.06,-0.4999999999999998,334.0
27/04/2022,67.61,88.21,17.77,4.9651,1,0,0,0,1.06,-0.4999999999999998,335.6
28/04/2022,67.5,88.38,17.9,4.9425,1,0,0,0,1.06,-0.4999999999999998,333.3
29/04/2022,67.67,88.25,17.83,4.9721,1,0,0,0,1.06,-0.4999999999999998,334.85
30/04/2022,67.67,88.25,17.83,4.9721,1,0,0,0,1.06,-0.4999999999999998,334.85
01/05/2022,67.67,88.25,17.83,4.9721,1,0,0,0,1.06,-0.8660254037844387,334.85
02/05/2022,64.91,87.87,17.34,5.0848,1,0,0,0,0.47,-0.8660254037844387,328.9
03/05/2022,68.34,87.6,17.64,4.9584,1,0,0,0,0.47,-0.8660254037844387,339.3
04/05/2022,67.59,87.55,17.83,4.9198,1,0,0,0,0.47,-0.8660254037844387,331.95
05/05/2022,66.27,87.41,17.38,5.028,1,0,0,0,0.47,-0.8660254037844387,333.25
06/05/2022,66.27,86.63,17.08,5.0774,1,1,0,0,0.47,-0.8660254037844387,333.25
07/05/2022,66.27,86.63,17.08,5.0774,1,1,0,0,0.47,-0.8660254037844387,333.25
08/05/2022,66.27,86.63,17.08,5.0774,1,1,0,0,0.47,-0.8660254037844387,333.25
09/05/2022,64.26,86.15,16.71,5.1617,1,0,0,0,0.47,-0.8660254037844387,331.3
10/05/2022,64.49,85.83,16.75,5.1313,1,0,0,0,0.47,-0.8660254037844387,330.5
11/05/2022,60.56,86.08,16.75,5.1373,1,0,0,0,0.47,-0.8660254037844387,311.15
12/05/2022,63.23,86.4,16.79,5.1339,1,0,0,0,0.47,-0.8660254037844387,325.4
13/05/2022,64.79,86.54,17.12,5.0602,1,0,0,0,0.47,-0.8660254037844387,327.45
14/05/2022,64.79,86.54,17.12,5.0602,1,0,0,0,0.47,-0.8660254037844387,327.45
15/05/2022,64.79,86.54,17.12,5.0602,1,0,0,0,0.47,-0.8660254037844387,327.45
16/05/2022,66.36,87.97,17.44,5.0599,1,0,0,0,0.47,-0.8660254037844387,334.8
17/05/2022,65.44,89.09,18.03,4.9387,1,0,0,0,0.47,-0.8660254037844387,323.4
18/05/2022,61.61,89.28,17.9,4.9682,1,0,0,0,0.47,-0.8660254037844387,307.25
19/05/2022,63.39,89.23,18.16,4.9309,1,0,0,0,0.47,-0.8660254037844387,311.5
20/05/2022,66.64,88.48,18.17,4.8788,1,0,0,0,0.47,-0.8660254037844387,324.45
21/05/2022,66.64,88.48,18.17,4.8788,1,0,0,0,0.47,-0.8660254037844387,324.45
22/05/2022,66.64,88.48,18.17,4.8788,1,0,0,0,0.47,-0.8660254037844387,324.45
23/05/2022,63.41,88.03,18.29,4.813,1,0,0,0,0.47,-0.8660254037844387,305.2
24/05/2022,65.16,87.43,18.13,4.8191,1,0,0,0,0.47,-0.8660254037844387,314.15
25/05/2022,66.14,87.33,18.15,4.8275,1,0,0,0,0.47,-0.8660254037844387,318.2
26/05/2022,67.02,86.99,18.27,4.7677,1,0,0,0,0.47,-0.8660254037844387,319.1
27/05/2022,66.65,86.9,18.34,4.7295,1,0,0,0,0.47,-0.8660254037844387,315.8
28/05/2022,66.65,86.9,18.34,4.7295,1,0,0,0,0.47,-0.8660254037844387,315.8
29/05/2022,66.65,86.9,18.34,4.7295,1,0,0,0,0.47,-0.8660254037844387,315.8
30/05/2022,66.65,86.9,18.34,4.7295,1,0,0,0,0.47,-0.8660254037844387,315.8
31/05/2022,67.65,86.25,18.15,4.7315,1,0,0,0,0.47,-0.8660254037844387,321.4
01/06/2022,65.56,85.8,17.88,4.8151,1,0,0,0,0.67,-1.0,314.6
02/06/2022,64.38,85.52,17.84,4.7962,1,0,0,0,0.67,-1.0,308.65
03/06/2022,65.32,85.07,17.78,4.7734,1,0,0,0,0.67,-1.0,312.5
04/06/2022,65.32,85.07,17.78,4.7734,1,0,0,0,0.67,-1.0,312.5
05/06/2022,65.32,85.07,17.78,4.7734,1,0,0,0,0.67,-1.0,312.5
06/06/2022,64.86,84.8,17.66,4.7945,1,0,0,0,0.67,-1.0,311.4
07/06/2022,64.7,85.56,17.56,4.8696,1,0,0,0,0.67,-1.0,315.15
08/06/2022,64.77,85.86,17.59,4.8988,1,0,0,0,0.67,-1.0,316.15
09/06/2022,63.55,85.85,17.48,4.9063,1,0,0,0,0.67,-1.0,312.1
10/06/2022,63.12,85.42,17.15,4.9865,1,0,0,0,0.67,-1.0,314.4
11/06/2022,63.12,85.42,17.15,4.9865,1,0,0,0,0.67,-1.0,314.4
12/06/2022,63.12,85.42,17.15,4.9865,1,0,0,0,0.67,-1.0,314.4
13/06/2022,60.72,85.41,16.67,5.1154,1,0,0,0,0.67,-1.0,311.05
14/06/2022,62.21,86.42,16.81,5.1168,1,0,0,0,0.67,-1.0,319.75
15/06/2022,63.22,86.25,17.16,5.0536,1,0,0,0,0.67,-1.0,317.7
16/06/2022,63.22,86.25,17.16,5.0535,1,0,0,0,0.67,-1.0,317.7
17/06/2022,62.35,86.32,16.79,5.1518,1,0,0,0,0.67,-1.0,320.5
18/06/2022,62.35,86.32,16.79,5.1518,1,0,0,0,0.67,-1.0,320.5
19/06/2022,62.35,86.32,16.79,5.1518,1,0,0,0,0.67,-1.0,320.5
20/06/2022,62.35,86.32,16.79,5.1518,1,0,0,0,0.67,-1.0,320.5
21/06/2022,62.4,87.15,16.92,5.1257,1,0,0,0,0.67,-1.0,321.4
22/06/2022,62.19,87.04,16.84,5.194,1,0,0,0,0.67,-1.0,321.5
23/06/2022,61.53,85.92,16.43,5.2406,1,0,0,0,0.67,-1.0,321.75
24/06/2022,61.41,85.65,16.29,5.2417,1,0,0,0,0.67,-1.0,322.9
25/06/2022,61.41,85.65,16.29,5.2417,1,0,0,0,0.67,-1.0,322.9
26/06/2022,61.41,85.65,16.29,5.2417,1,0,0,0,0.67,-1.0,322.9
27/06/2022,62.4,84.75,16.21,5.2366,1,0,0,0,0.67,-1.0,326.25
28/06/2022,61.91,83.9,15.93,5.2675,1,0,0,0,0.67,-1.0,326.0
29/06/2022,61.52,84.85,16.33,5.1818,1,0,0,0,0.67,-1.0,319.65
30/06/2022,61.23,83.55,15.97,5.2562,1,0,0,0,0.67,-1.0,320.25
01/07/2022,59.14,83.16,15.63,5.331,1,0,0,0,-0.68,-0.8660254037844388,314.75
02/07/2022,59.14,83.16,15.63,5.331,1,0,0,0,-0.68,-0.8660254037844388,314.75
03/07/2022,59.14,83.16,15.63,5.331,1,0,0,0,-0.68,-0.8660254037844388,314.75
04/07/2022,59.14,83.16,15.63,5.331,1,0,0,0,-0.68,-0.8660254037844388,314.75
05/07/2022,60.01,82.6,15.32,5.3861,1,0,0,0,-0.68,-0.8660254037844388,323.55
06/07/2022,58.36,82.19,15.18,5.4287,1,0,0,0,-0.68,-0.8660254037844388,316.0
07/07/2022,60.78,81.68,15.28,5.3391,1,0,0,0,-0.68,-0.8660254037844388,324.8
08/07/2022,61.72,81.5,15.48,5.2536,1,0,0,0,-0.68,-0.8660254037844388,324.95
09/07/2022,61.72,81.5,15.48,5.2536,1,0,0,0,-0.68,-0.8660254037844388,324.95
10/07/2022,61.72,81.5,15.48,5.2536,1,0,0,0,-0.68,-0.8660254037844388,324.95
11/07/2022,62.22,82.36,15.34,5.3782,1,0,0,0,-0.68,-0.8660254037844388,334.0
12/07/2022,59.71,83.12,15.29,5.4368,1,0,0,0,-0.68,-0.8660254037844388,324.7
13/07/2022,61.11,82.73,15.3,5.3917,1,0,0,0,-0.68,-0.8660254037844388,330.35
14/07/2022,59.74,82.58,15.2,5.4233,1,0,0,0,-0.68,-0.8660254037844388,324.65
15/07/2022,60.28,82.46,15.25,5.4082,1,0,0,0,-0.68,-0.8660254037844388,325.95
16/07/2022,60.28,82.46,15.25,5.4082,1,0,0,0,-0.68,-0.8660254037844388,325.95
17/07/2022,60.28,82.46,15.25,5.4082,1,0,0,0,-0.68,-0.8660254037844388,325.95
18/07/2022,60.31,82.36,15.19,5.4375,1,0,0,0,-0.68,-0.8660254037844388,327.05
19/07/2022,59.3,81.67,15.07,5.4135,1,0,0,0,-0.68,-0.8660254037844388,321.4
20/07/2022,59.27,81.41,14.91,5.4714,1,0,0,0,-0.68,-0.8660254037844388,323.7
21/07/2022,58.4,80.85,14.72,5.4968,1,0,0,0,-0.68,-0.8660254037844388,320.65
22/07/2022,58.92,80.06,14.55,5.4968,1,0,0,0,-0.68,-0.8660254037844388,324.1
23/07/2022,58.92,80.06,14.55,5.4968,1,0,0,0,-0.68,-0.8660254037844388,324.1
24/07/2022,58.92,80.06,14.55,5.4968,1,0,0,0,-0.68,-0.8660254037844388,324.1
25/07/2022,61.41,80.2,14.92,5.3576,1,0,0,0,-0.68,-0.8660254037844388,330.0
26/07/2022,60.28,81.27,15.18,5.3511,1,0,0,0,-0.68,-0.8660254037844388,322.75
27/07/2022,61.93,81.4,15.51,5.2432,1,0,0,0,-0.68,-0.8660254037844388,325.05
28/07/2022,62.68,81.78,15.84,5.1823,1,0,0,0,-0.68,-0.8660254037844388,323.5
29/07/2022,62.9,82.93,16.02,5.1734,1,0,0,0,-0.68,-0.8660254037844388,325.7
30/07/2022,62.9,82.93,16.02,5.1734,1,0,0,0,-0.68,-0.8660254037844388,325.7
31/07/2022,62.9,82.93,16.02,5.1734,1,0,0,0,-0.68,-0.8660254037844388,325.7
01/08/2022,63.0,82.64,15.94,5.1838,1,0,0,0,-0.36,-0.5000000000000004,326.65
02/08/2022,61.08,82.58,15.64,5.2784,1,0,0,0,-0.36,-0.5000000000000004,322.5
03/08/2022,56.79,82.41,15.62,5.2815,1,0,0,0,-0.36,-0.5000000000000004,299.55
04/08/2022,57.04,82.24,15.76,5.2164,1,0,0,0,-0.36,-0.5000000000000004,297.6
05/08/2022,60.11,81.91,15.85,5.1646,1,0,0,0,-0.36,-0.5000000000000004,310.65
06/08/2022,60.11,81.91,15.85,5.1646,1,0,0,0,-0.36,-0.5000000000000004,310.65
07/08/2022,60.11,81.91,15.85,5.1646,1,0,0,0,-0.36,-0.5000000000000004,310.65
08/08/2022,61.74,82.05,16.04,5.1117,1,0,0,0,-0.36,-0.5000000000000004,315.75
09/08/2022,61.71,81.63,15.89,5.1237,1,0,0,0,-0.36,-0.5000000000000004,317.0
10/08/2022,61.1,82.76,16.25,5.0927,1,0,0,0,-0.36,-0.5000000000000004,311.2
11/08/2022,59.63,81.94,15.87,5.1581,1,0,0,0,-0.36,-0.5000000000000004,307.8
12/08/2022,62.46,81.55,16.09,5.0735,1,0,0,0,-0.36,-0.5000000000000004,316.5
13/08/2022,62.46,81.55,16.09,5.0735,1,0,0,0,-0.36,-0.5000000000000004,316.5
14/08/2022,62.46,81.55,16.09,5.0735,1,0,0,0,-0.36,-0.5000000000000004,316.5
15/08/2022,61.56,81.41,15.98,5.0961,1,0,0,0,-0.36,-0.5000000000000004,313.5
16/08/2022,61.05,82.11,15.95,5.1459,1,0,0,0,-0.36,-0.5000000000000004,314.2
17/08/2022,61.21,82.77,16.0,5.1642,1,0,0,0,-0.36,-0.5000000000000004,316.6
18/08/2022,60.49,82.1,15.87,5.1674,1,0,0,0,-0.36,-0.5000000000000004,313.0
19/08/2022,61.52,82.16,15.88,5.1697,1,0,0,0,-0.36,-0.5000000000000004,318.35
20/08/2022,61.52,82.16,15.88,5.1697,1,0,0,0,-0.36,-0.5000000000000004,318.35
21/08/2022,61.52,82.16,15.88,5.1697,1,0,0,0,-0.36,-0.5000000000000004,318.35
22/08/2022,63.27,81.9,15.87,5.1574,1,0,0,0,-0.36,-0.5000000000000004,326.6
23/08/2022,59.45,82.69,16.21,5.1037,1,0,0,0,-0.36,-0.5000000000000004,303.2
24/08/2022,60.27,82.77,16.2,5.1114,1,0,0,0,-0.36,-0.5000000000000004,307.9
25/08/2022,61.15,83.31,16.25,5.1099,1,0,0,0,-0.36,-0.5000000000000004,313.45
26/08/2022,63.78,83.6,16.48,5.0601,1,0,0,0,-0.36,-0.5000000000000004,323.6
27/08/2022,63.78,83.6,16.48,5.0601,1,0,0,0,-0.36,-0.5000000000000004,323.6
28/08/2022,63.78,83.6,16.48,5.0601,1,0,0,0,-0.36,-0.5000000000000004,323.6
29/08/2022,61.95,83.8,16.67,5.0282,1,0,0,0,-0.36,-0.5000000000000004,311.35
30/08/2022,61.06,83.73,16.39,5.1223,1,0,0,0,-0.36,-0.5000000000000004,312.0
31/08/2022,59.42,83.94,16.14,5.1831,1,0,0,0,-0.36,-0.5000000000000004,309.1
01/09/2022,60.12,83.66,15.98,5.2416,1,0,0,0,-0.29,-1.8369701987210297e-16,314.75
02/09/2022,59.93,83.39,16.11,5.1681,1,0,0,0,-0.29,-1.8369701987210297e-16,310.25
03/09/2022,59.93,83.39,16.11,5.1681,1,0,0,0,-0.29,-1.8369701987210297e-16,310.25
04/09/2022,59.93,83.39,16.11,5.1681,1,0,0,0,-0.29,-1.8369701987210297e-16,310.25
05/09/2022,59.93,83.39,16.11,5.1681,1,0,0,0,-0.29,-1.8369701987210297e-16,310.25
06/09/2022,57.98,83.54,15.94,5.2528,1,0,0,0,-0.29,-1.8369701987210297e-16,303.95
07/09/2022,57.98,83.54,15.94,5.248,1,0,0,0,-0.29,-1.8369701987210297e-16,303.95
08/09/2022,58.94,83.25,15.98,5.2141,1,0,0,0,-0.29,-1.8369701987210297e-16,307.0
09/09/2022,56.76,83.43,16.2,5.1462,1,0,0,0,-0.29,-1.8369701987210297e-16,292.3
10/09/2022,56.76,83.43,16.2,5.1462,1,0,0,0,-0.29,-1.8369701987210297e-16,292.3
11/09/2022,56.76,83.43,16.2,5.1462,1,0,0,0,-0.29,-1.8369701987210297e-16,292.3
12/09/2022,60.16,83.95,16.49,5.093,1,0,0,0,-0.29,-1.8369701987210297e-16,306.25
13/09/2022,59.43,83.72,16.13,5.1911,1,0,0,0,-0.29,-1.8369701987210297e-16,308.4
14/09/2022,57.22,84.28,16.27,5.1631,1,0,0,0,-0.29,-1.8369701987210297e-16,296.4
15/09/2022,55.62,84.55,16.13,5.247,1,0,0,0,-0.29,-1.8369701987210297e-16,291.6
16/09/2022,56.03,84.35,16.04,5.2531,1,0,0,0,-0.29,-1.8369701987210297e-16,294.55
17/09/2022,56.03,84.35,16.04,5.2531,1,0,0,0,-0.29,-1.8369701987210297e-16,294.55
18/09/2022,56.03,84.35,16.04,5.2531,1,0,0,0,-0.29,-1.8369701987210297e-16,294.55
19/09/2022,59.66,84.02,16.27,5.167,1,0,0,0,-0.29,-1.8369701987210297e-16,308.05
20/09/2022,59.68,84.21,16.32,5.1417,1,0,0,0,-0.29,-1.8369701987210297e-16,308.0
21/09/2022,57.58,84.24,16.3,5.1716,1,0,0,0,-0.29,-1.8369701987210297e-16,297.5
22/09/2022,58.49,84.56,16.54,5.1166,1,0,0,0,-0.29,-1.8369701987210297e-16,299.05
23/09/2022,57.25,84.54,16.1,5.2595,1,0,0,0,-0.29,-1.8369701987210297e-16,300.6
24/09/2022,57.25,84.54,16.1,5.2595,1,0,0,0,-0.29,-1.8369701987210297e-16,300.6
25/09/2022,57.25,84.54,16.1,5.2595,1,0,0,0,-0.29,-1.8369701987210297e-16,300.6
26/09/2022,56.0,84.58,15.69,5.3898,1,0,0,0,-0.29,-1.8369701987210297e-16,301.8
27/09/2022,57.01,84.72,15.75,5.3824,1,0,0,0,-0.29,-1.8369701987210297e-16,306.7
28/09/2022,56.46,84.25,15.76,5.3745,1,0,0,0,-0.29,-1.8369701987210297e-16,301.9
29/09/2022,56.0,84.24,15.61,5.3964,1,0,0,0,-0.29,-1.8369701987210297e-16,302.3
30/09/2022,56.51,84.42,15.7,5.4154,1,0,0,0,-0.29,-1.8369701987210297e-16,303.95
01/10/2022,56.51,84.42,15.7,5.4154,1,0,0,0,-0.29,0.5000000000000001,303.95
02/10/2022,56.51,84.42,15.7,5.4154,1,0,0,0,-0.29,0.5000000000000001,303.95
03/10/2022,56.04,84.14,16.25,5.1672,1,0,0,0,0.59,0.5000000000000001,290.1
04/10/2022,56.97,83.27,16.09,5.177,1,0,0,0,0.59,0.5000000000000001,294.9
05/10/2022,57.02,82.91,16.02,5.194,1,0,0,0,0.59,0.5000000000000001,295.0
06/10/2022,57.95,83.04,15.96,5.2217,1,0,0,0,0.59,0.5000000000000001,301.55
07/10/2022,58.09,83.05,15.89,5.1996,1,0,0,0,0.59,0.5000000000000001,303.5
08/10/2022,58.09,83.05,15.89,5.1996,1,0,0,0,0.59,0.5000000000000001,303.5
09/10/2022,58.09,83.05,15.89,5.1996,1,0,0,0,0.59,0.5000000000000001,303.5
10/10/2022,58.66,83.5,16.11,5.1901,1,0,0,0,0.59,0.5000000000000001,304.05
11/10/2022,57.36,83.86,15.91,5.3005,1,0,0,0,0.59,0.5000000000000001,302.3
12/10/2022,57.36,83.86,15.91,5.293,1,0,1,0,0.59,0.5000000000000001,302.3
13/10/2022,58.02,84.42,15.99,5.2626,1,0,0,0,0.59,0.5000000000000001,306.3
14/10/2022,55.82,84.67,15.89,5.3252,1,0,0,0,0.59,0.5000000000000001,297.4
15/10/2022,55.82,84.67,15.89,5.3252,1,0,0,0,0.59,0.5000000000000001,297.4
16/10/2022,55.82,84.67,15.89,5.3252,1,0,0,0,0.59,0.5000000000000001,297.4
17/10/2022,54.09,84.86,16.03,5.2808,1,0,0,0,0.59,0.5000000000000001,286.4
18/10/2022,57.49,85.38,16.23,5.2405,1,0,0,0,0.59,0.5000000000000001,302.45
19/10/2022,56.09,85.41,16.2,5.27,1,0,0,0,0.59,0.5000000000000001,295.7
20/10/2022,57.37,85.21,16.31,5.2147,1,0,0,0,0.59,0.5000000000000001,299.7
21/10/2022,57.36,85.28,16.57,5.1605,1,0,0,0,0.59,0.5000000000000001,295.3
22/10/2022,57.36,85.28,16.57,5.1605,1,0,0,0,0.59,0.5000000000000001,295.3
23/10/2022,57.36,85.28,16.57,5.1605,1,0,0,0,0.59,0.5000000000000001,295.3
24/10/2022,58.76,85.08,16.09,5.3032,1,0,0,0,0.59,0.5000000000000001,310.8
25/10/2022,55.09,84.91,15.98,5.3167,1,0,0,0,0.59,0.5000000000000001,292.8
26/10/2022,52.89,85.12,15.84,5.3804,1,0,0,0,0.59,0.5000000000000001,284.2
27/10/2022,55.65,85.35,16.11,5.3449,1,0,0,0,0.59,0.5000000000000001,294.9
28/10/2022,53.71,85.69,16.12,5.2949,1,0,0,0,0.59,0.5000000000000001,285.4
29/10/2022,53.71,85.69,16.12,5.2949,1,0,0,0,0.59,0.5000000000000001,285.4
30/10/2022,53.71,85.69,16.12,5.2949,1,0,0,0,0.59,0.5000000000000001,285.4
31/10/2022,56.44,85.35,16.5,5.1791,1,0,0,1,0.59,0.5000000000000001,292.0
01/11/2022,55.04,85.11,16.65,5.1475,1,0,0,1,0.41,0.8660254037844384,281.35
02/11/2022,55.04,85.11,16.65,5.1432,1,0,0,1,0.41,0.8660254037844384,281.35
03/11/2022,56.58,84.76,16.58,5.1137,1,0,0,0,0.41,0.8660254037844384,289.3
04/11/2022,57.15,84.95,16.87,5.0557,1,0,0,0,0.41,0.8660254037844384,287.7
05/11/2022,57.15,84.95,16.87,5.0557,1,0,0,0,0.41,0.8660254037844384,287.7
06/11/2022,57.15,84.95,16.87,5.0557,1,0,0,0,0.41,0.8660254037844384,287.7
07/11/2022,55.87,85.19,16.52,5.1567,1,0,0,0,0.41,0.8660254037844384,288.0
08/11/2022,54.9,85.3,16.5,5.144,1,0,0,0,0.41,0.8660254037844384,283.8
09/11/2022,56.45,84.76,16.37,5.1864,1,0,0,0,0.41,0.8660254037844384,292.3
10/11/2022,51.71,84.48,15.65,5.3449,1,0,0,0,0.41,0.8660254037844384,279.1
11/11/2022,50.65,83.74,15.68,5.325,1,0,0,0,0.41,0.8660254037844384,270.5
12/11/2022,50.65,83.74,15.68,5.325,1,0,0,0,0.41,0.8660254037844384,270.5
13/11/2022,50.65,83.74,15.68,5.325,1,0,0,0,0.41,0.8660254037844384,270.5
14/11/2022,50.65,84.0,15.76,5.3321,1,0,0,0,0.41,0.8660254037844384,270.5
15/11/2022,50.65,84.0,15.76,5.3325,1,0,0,0,0.41,0.8660254037844384,270.5
16/11/2022,49.8,83.69,15.54,5.3998,1,0,0,0,0.41,0.8660254037844384,268.1
17/11/2022,52.74,84.06,15.48,5.4231,1,0,0,0,0.41,0.8660254037844384,286.45
18/11/2022,52.0,84.77,15.8,5.3827,1,0,0,0,0.41,0.8660254037844384,279.05
19/11/2022,52.0,84.77,15.8,5.3827,1,0,0,0,0.41,0.8660254037844384,279.05
20/11/2022,52.0,84.77,15.8,5.3827,1,0,0,0,0.41,0.8660254037844384,279.05
21/11/2022,54.87,85.08,16.02,5.32,1,0,0,0,0.41,0.8660254037844384,291.4
22/11/2022,52.22,85.19,15.83,5.3586,1,0,0,0,0.41,0.8660254037844384,281.0
23/11/2022,52.8,85.51,15.92,5.3591,1,0,0,0,0.41,0.8660254037844384,283.65
24/11/2022,52.8,85.51,15.92,5.3591,1,0,0,0,0.41,0.8660254037844384,283.65
25/11/2022,53.19,85.48,15.8,5.4098,1,0,0,0,0.41,0.8660254037844384,287.75
26/11/2022,53.19,85.48,15.8,5.4098,1,0,0,0,0.41,0.8660254037844384,287.75
27/11/2022,53.19,85.48,15.8,5.4098,1,0,0,0,0.41,0.8660254037844384,287.75
28/11/2022,53.19,85.96,16.02,5.3654,1,0,0,0,0.41,0.8660254037844384,287.75
29/11/2022,53.01,85.76,16.21,5.2695,1,0,0,0,0.41,0.8660254037844384,280.45
30/11/2022,54.68,86.2,16.55,5.1851,1,0,0,0,0.41,0.8660254037844384,284.9
01/12/2022,55.85,86.0,16.52,5.1848,1,0,0,0,0.62,1.0,290.7
02/12/2022,55.85,86.03,16.47,5.2189,1,0,0,0,0.62,1.0,290.7
03/12/2022,55.85,86.03,16.47,5.2189,1,0,0,0,0.62,1.0,290.7
04/12/2022,55.85,86.03,16.47,5.2189,1,0,0,0,0.62,1.0,290.7
05/12/2022,55.59,85.54,16.2,5.2809,1,0,0,0,0.62,1.0,293.5
06/12/2022,55.13,86.1,16.34,5.2352,1,0,0,0,0.62,1.0,290.5
07/12/2022,54.68,86.19,16.54,5.2048,1,0,0,0,0.62,1.0,284.9
08/12/2022,53.85,85.9,16.48,5.2253,1,0,0,0,0.62,1.0,280.65
09/12/2022,56.46,86.08,16.43,5.24,1,0,0,0,0.62,1.0,295.85
10/12/2022,56.46,86.08,16.43,5.24,1,0,0,0,0.62,1.0,295.85
11/12/2022,56.46,86.08,16.43,5.24,1,0,0,0,0.62,1.0,295.85
12/12/2022,56.11,86.15,16.18,5.3226,1,0,0,0,0.62,1.0,298.8
13/12/2022,54.79,86.0,16.18,5.2938,1,0,0,0,0.62,1.0,291.25
14/12/2022,55.2,85.79,16.12,5.2787,1,0,0,0,0.62,1.0,293.7
15/12/2022,55.7,85.91,16.14,5.313,1,0,0,0,0.62,1.0,296.45
16/12/2022,56.1,86.44,16.32,5.314,1,0,0,0,0.62,1.0,297.2
17/12/2022,56.1,86.44,16.32,5.314,1,0,0,0,0.62,1.0,297.2
18/12/2022,56.1,86.44,16.32,5.314,1,0,0,0,0.62,1.0,297.2
19/12/2022,57.38,86.05,16.21,5.293,1,0,0,0,0.62,1.0,304.55
20/12/2022,55.74,85.98,16.51,5.1996,1,0,0,0,0.62,1.0,290.3
21/12/2022,55.47,85.82,16.51,5.2009,1,0,0,0,0.62,1.0,288.3
22/12/2022,57.39,85.58,16.53,5.1665,1,0,0,0,0.62,1.0,297.1
23/12/2022,56.16,85.8,16.61,5.1652,1,0,0,0,0.62,1.0,290.0
24/12/2022,56.16,85.8,16.61,5.1652,1,0,0,0,0.62,1.0,290.0
25/12/2022,56.16,85.8,16.61,5.1652,1,0,0,0,0.62,1.0,290.0
26/12/2022,56.16,85.8,16.61,5.1652,1,0,0,0,0.62,1.0,290.0
27/12/2022,54.24,86.61,16.39,5.2928,1,0,0,0,0.62,1.0,286.6
28/12/2022,54.91,86.42,16.45,5.2676,1,0,0,0,0.62,1.0,288.45
29/12/2022,54.33,86.07,16.3,5.286,1,0,0,0,0.62,1.0,286.85
30/12/2022,54.33,86.07,16.3,5.286,1,0,0,0,0.62,1.0,286.85
31/12/2022,54.33,86.07,16.3,5.286,1,0,0,0,0.62,1.0,286.85
01/01/2023,54.33,86.07,16.3,5.286,1,0,0,0,0.62,0.8660254037844387,286.85
02/01/2023,54.33,86.07,16.3,5.286,1,0,0,0,0.53,0.8660254037844387,286.85
03/01/2023,53.86,86.07,15.8,5.4797,1,0,0,0,0.53,0.8660254037844387,293.45
04/01/2023,52.84,86.35,15.83,5.4312,1,0,0,0,0.53,0.8660254037844387,288.2
05/01/2023,53.14,87.72,16.36,5.3509,1,0,0,0,0.53,0.8660254037844387,284.95
06/01/2023,55.26,87.5,16.69,5.2254,1,0,0,0,0.53,0.8660254037844387,289.75
07/01/2023,55.26,87.5,16.69,5.2254,1,0,0,0,0.53,0.8660254037844387,289.75
08/01/2023,55.26,87.5,16.69,5.2254,1,0,0,0,0.53,0.8660254037844387,289.75
09/01/2023,51.73,87.27,16.61,5.2546,1,0,0,0,0.53,0.8660254037844387,271.85
10/01/2023,55.27,87.33,16.79,5.1997,1,0,0,0,0.53,0.8660254037844387,287.5
11/01/2023,55.37,87.19,16.81,5.16,1,0,0,0,0.53,0.8660254037844387,287.15
12/01/2023,56.89,86.86,17.05,5.1082,1,0,0,0,0.53,0.8660254037844387,289.8
13/01/2023,56.68,86.87,17.05,5.0956,1,0,0,0,0.53,0.8660254037844387,288.75
14/01/2023,56.68,86.87,17.05,5.0956,1,0,0,0,0.53,0.8660254037844387,288.75
15/01/2023,56.68,86.87,17.05,5.0956,1,0,0,0,0.53,0.8660254037844387,288.75
16/01/2023,56.68,86.87,17.05,5.0956,1,0,0,0,0.53,0.8660254037844387,288.75
17/01/2023,54.72,86.19,16.87,5.1003,1,0,0,0,0.53,0.8660254037844387,279.5
18/01/2023,55.63,85.9,16.65,5.1863,1,0,0,0,0.53,0.8660254037844387,287.0
19/01/2023,55.05,85.38,16.5,5.1741,1,0,0,0,0.53,0.8660254037844387,284.9
20/01/2023,53.33,85.33,16.4,5.2074,1,0,0,0,0.53,0.8660254037844387,277.5
21/01/2023,53.33,85.33,16.4,5.2074,1,0,0,0,0.53,0.8660254037844387,277.5
22/01/2023,53.33,85.33,16.4,5.2074,1,0,0,0,0.53,0.8660254037844387,277.5
23/01/2023,55.18,85.43,16.44,5.2076,1,0,0,0,0.53,0.8660254037844387,286.7
24/01/2023,53.81,85.17,16.55,5.1392,1,0,0,0,0.53,0.8660254037844387,276.95
25/01/2023,56.09,85.22,16.79,5.0734,1,0,0,0,0.53,0.8660254037844387,284.7
26/01/2023,57.19,84.88,16.73,5.0658,1,0,0,0,0.53,0.8660254037844387,290.05
27/01/2023,56.78,84.74,16.58,5.1089,1,0,0,0,0.53,0.8660254037844387,290.2
28/01/2023,56.78,84.74,16.58,5.1089,1,0,0,0,0.53,0.8660254037844387,290.2
29/01/2023,56.78,84.74,16.58,5.1089,1,0,0,0,0.53,0.8660254037844387,290.2
30/01/2023,56.6,84.95,16.62,5.1162,1,0,0,0,0.53,0.8660254037844387,289.35
31/01/2023,56.85,85.49,16.83,5.0731,1,0,0,0,0.53,0.8660254037844387,288.7
01/02/2023,57.19,85.76,16.85,5.0547,1,0,0,0,0.84,0.5000000000000001,291.1
02/02/2023,57.61,85.04,16.89,5.0504,1,0,0,0,0.84,0.5000000000000001,290.1
03/02/2023,55.73,84.98,16.54,5.1522,1,0,0,0,0.84,0.5000000000000001,286.4
04/02/2023,55.73,84.98,16.54,5.1522,1,0,0,0,0.84,0.5000000000000001,286.4
05/02/2023,55.73,84.98,16.54,5.1522,1,0,0,0,0.84,0.5000000000000001,286.4
06/02/2023,56.63,85.12,16.45,5.1464,1,0,0,0,0.84,0.5000000000000001,293.1
07/02/2023,55.64,84.87,16.32,5.2101,1,0,0,0,0.84,0.5000000000000001,289.25
08/02/2023,57.16,84.9,16.36,5.2007,1,0,0,0,0.84,0.5000000000000001,296.6
09/02/2023,56.01,85.96,16.31,5.2911,1,0,0,0,0.84,0.5000000000000001,295.15
10/02/2023,56.48,86.03,16.47,5.2151,1,0,0,0,0.84,0.5000000000000001,295.0
11/02/2023,56.48,86.03,16.47,5.2151,1,0,0,0,0.84,0.5000000000000001,295.0
12/02/2023,56.48,86.03,16.47,5.2151,1,0,0,0,0.84,0.5000000000000001,295.0
13/02/2023,58.41,85.86,16.57,5.1596,1,0,0,0,0.84,0.5000000000000001,302.7
14/02/2023,57.85,86.26,16.59,5.1923,1,0,0,0,0.84,0.5000000000000001,300.9
15/02/2023,56.75,86.06,16.5,5.219,1,0,0,0,0.84,0.5000000000000001,296.0
16/02/2023,58.04,86.24,16.52,5.2178,1,0,0,0,0.84,0.5000000000000001,302.95
17/02/2023,57.07,85.73,16.61,5.1674,1,0,0,0,0.84,0.5000000000000001,294.6
18/02/2023,57.07,85.73,16.61,5.1674,1,0,0,0,0.84,0.5000000000000001,294.6
19/02/2023,57.07,85.73,16.61,5.1674,1,0,0,0,0.84,0.5000000000000001,294.6
20/02/2023,57.07,85.73,16.61,5.1674,1,0,0,0,0.84,0.5000000000000001,294.6
21/02/2023,57.07,85.73,16.61,5.1675,1,0,0,0,0.84,0.5000000000000001,294.6
22/02/2023,57.94,86.06,16.65,5.1522,1,0,0,0,0.84,0.5000000000000001,299.5
23/02/2023,52.11,86.22,16.8,5.1373,1,0,0,0,0.84,0.5000000000000001,267.45
24/02/2023,52.46,85.83,16.49,5.21,1,0,0,0,0.84,0.5000000000000001,273.1
25/02/2023,52.46,85.83,16.49,5.21,1,0,0,0,0.84,0.5000000000000001,273.1
26/02/2023,52.46,85.83,16.49,5.21,1,0,0,0,0.84,0.5000000000000001,273.1
27/02/2023,52.46,86.4,16.63,5.2008,1,0,0,0,0.84,0.5000000000000001,273.1
28/02/2023,51.32,86.08,16.49,5.2367,1,0,0,0,0.84,0.5000000000000001,267.95
01/03/2023,52.7,86.11,16.57,5.1794,1,0,0,0,0.71,6.123233995736766e-17,273.85
02/03/2023,52.7,86.36,16.59,5.2006,1,0,0,0,0.71,6.123233995736766e-17,273.85
03/03/2023,52.7,86.22,16.59,5.1956,1,0,0,0,0.71,6.123233995736766e-17,273.85
04/03/2023,52.7,86.22,16.59,5.1956,1,0,0,0,0.71,6.123233995736766e-17,273.85
05/03/2023,52.7,86.22,16.59,5.1956,1,0,0,0,0.71,6.123233995736766e-17,273.85
06/03/2023,52.7,86.15,16.68,5.1534,1,0,0,0,0.71,6.123233995736766e-17,273.85
07/03/2023,51.43,85.84,16.54,5.191,1,0,0,0,0.71,6.123233995736766e-17,266.95
08/03/2023,51.43,86.03,16.73,5.1453,1,0,0,0,0.71,6.123233995736766e-17,266.95
09/03/2023,53.92,85.47,16.65,5.1645,1,0,0,0,0.71,6.123233995736766e-17,276.8
10/03/2023,54.11,85.32,16.36,5.2166,1,0,0,0,0.71,6.123233995736766e-17,282.2
11/03/2023,54.11,85.32,16.36,5.2166,1,0,0,0,0.71,6.123233995736766e-17,282.2
12/03/2023,54.11,85.32,16.36,5.2166,1,0,0,0,0.71,6.123233995736766e-17,282.2
13/03/2023,53.19,85.61,16.25,5.2459,1,0,0,0,0.71,6.123233995736766e-17,280.2
14/03/2023,52.56,85.42,16.25,5.2543,1,0,0,0,0.71,6.123233995736766e-17,276.25
15/03/2023,52.14,85.49,16.15,5.2882,1,0,0,0,0.71,6.123233995736766e-17,276.05
16/03/2023,53.19,85.37,16.28,5.2285,1,0,0,0,0.71,6.123233995736766e-17,278.9
17/03/2023,53.19,85.24,16.16,5.2778,1,0,0,0,0.71,6.123233995736766e-17,278.9
18/03/2023,53.19,85.24,16.16,5.2778,1,0,0,0,0.71,6.123233995736766e-17,278.9
19/03/2023,53.19,85.24,16.16,5.2778,1,0,0,0,0.71,6.123233995736766e-17,278.9
20/03/2023,52.98,84.66,16.15,5.2368,1,0,0,0,0.71,6.123233995736766e-17,277.8
21/03/2023,53.34,84.46,16.11,5.243,1,0,0,0,0.71,6.123233995736766e-17,279.65
22/03/2023,52.94,84.36,16.17,5.2369,1,0,0,0,0.71,6.123233995736766e-17,276.25
23/03/2023,55.38,83.91,15.86,5.2973,1,0,0,0,0.71,6.123233995736766e-17,292.9
24/03/2023,56.94,84.18,16.04,5.2463,1,0,0,0,0.71,6.123233995736766e-17,298.8
25/03/2023,56.94,84.18,16.04,5.2463,1,0,0,0,0.71,6.123233995736766e-17,298.8
26/03/2023,56.94,84.18,16.04,5.2463,1,0,0,0,0.71,6.123233995736766e-17,298.8
27/03/2023,56.68,84.0,16.12,5.1983,1,0,0,0,0.71,6.123233995736766e-17,295.35
28/03/2023,57.14,83.39,16.14,5.1655,1,0,0,0,0.71,6.123233995736766e-17,295.2
29/03/2023,57.53,83.17,16.18,5.1356,1,0,0,0,0.71,6.123233995736766e-17,295.75
30/03/2023,57.85,82.9,16.25,5.0938,1,0,0,0,0.71,6.123233995736766e-17,295.1
31/03/2023,58.38,82.6,16.29,5.0631,1,0,0,0,0.71,6.123233995736766e-17,295.95
01/04/2023,58.38,82.6,16.29,5.0631,1,0,0,0,0.71,-0.4999999999999998,295.95
02/04/2023,58.38,82.6,16.29,5.0631,1,0,0,0,0.71,-0.4999999999999998,295.95
03/04/2023,58.5,82.4,16.24,5.0632,1,0,0,0,0.61,-0.4999999999999998,296.85
04/04/2023,57.84,81.12,15.95,5.0716,1,0,0,0,0.61,-0.4999999999999998,294.25
05/04/2023,57.44,80.89,16.0,5.034,1,0,0,0,0.61,-0.4999999999999998,290.3
06/04/2023,58.13,80.24,15.86,5.057,1,0,0,0,0.61,-0.4999999999999998,294.15
07/04/2023,58.13,80.24,15.86,5.057,1,0,0,0,0.61,-0.4999999999999998,294.15
08/04/2023,58.13,80.24,15.86,5.057,1,0,0,0,0.61,-0.4999999999999998,294.15
09/04/2023,58.13,80.24,15.86,5.057,1,0,0,0,0.61,-0.4999999999999998,294.15
10/04/2023,56.19,79.39,15.66,5.0655,1,0,0,0,0.61,-0.4999999999999998,284.9
11/04/2023,58.52,78.34,15.65,5.0054,1,0,0,0,0.61,-0.4999999999999998,293.0
12/04/2023,58.97,77.66,15.71,4.9181,1,0,0,0,0.61,-0.4999999999999998,291.55
13/04/2023,57.92,76.88,15.6,4.9272,1,0,0,0,0.61,-0.4999999999999998,285.35
14/04/2023,58.13,75.99,15.45,4.9096,1,0,0,0,0.61,-0.4999999999999998,285.9
15/04/2023,58.13,75.99,15.45,4.9096,1,0,0,0,0.61,-0.4999999999999998,285.9
16/04/2023,58.13,75.99,15.45,4.9096,1,0,0,0,0.61,-0.4999999999999998,285.9
17/04/2023,58.12,75.29,15.26,4.9413,1,0,0,0,0.61,-0.4999999999999998,286.8
18/04/2023,57.17,73.92,14.86,4.984,1,0,0,0,0.61,-0.4999999999999998,284.4
19/04/2023,54.85,72.76,14.33,5.0753,1,0,0,0,0.61,-0.4999999999999998,278.4
20/04/2023,56.49,70.6,13.97,5.0486,1,0,0,0,0.61,-0.4999999999999998,285.4
21/04/2023,56.49,70.6,13.97,5.0486,1,0,0,0,0.61,-0.4999999999999998,285.4
22/04/2023,56.49,70.6,13.97,5.0486,1,0,0,0,0.61,-0.4999999999999998,285.4
23/04/2023,56.49,70.6,13.97,5.0486,1,0,0,0,0.61,-0.4999999999999998,285.4
24/04/2023,56.13,70.11,13.91,5.0337,1,0,0,0,0.61,-0.4999999999999998,282.9
25/04/2023,55.55,69.75,13.76,5.0497,1,0,0,0,0.61,-0.4999999999999998,281.6
26/04/2023,55.24,68.68,13.59,5.0435,1,0,0,0,0.61,-0.4999999999999998,279.15
27/04/2023,55.83,67.71,13.59,4.9771,1,0,0,0,0.61,-0.4999999999999998,278.2
28/04/2023,54.4,65.61,13.15,4.9865,1,0,0,0,0.61,-0.4999999999999998,271.4
29/04/2023,54.4,65.61,13.15,4.9865,1,0,0,0,0.61,-0.4999999999999998,271.4
30/04/2023,54.4,65.61,13.15,4.9865,1,0,0,0,0.61,-0.4999999999999998,271.4
01/05/2023,54.4,65.61,13.15,4.9889,1,0,0,0,0.61,-0.8660254037844387,271.4
02/05/2023,54.16,64.5,12.78,5.0387,1,0,0,0,0.23,-0.8660254037844387,273.35
03/05/2023,52.55,64.15,12.85,4.9949,1,0,0,0,0.23,-0.8660254037844387,262.3
04/05/2023,52.16,62.85,12.59,4.9822,1,0,0,0,0.23,-0.8660254037844387,260.45
05/05/2023,54.53,62.32,12.6,4.9518,1,0,0,0,0.23,-0.8660254037844387,269.6
06/05/2023,54.53,62.32,12.6,4.9518,0,0,0,0,0.23,-0.8660254037844387,269.6
07/05/2023,54.53,62.32,12.6,4.9518,0,0,0,0,0.23,-0.8660254037844387,269.6
08/05/2023,54.72,61.75,12.32,5.0097,0,0,0,0,0.23,-0.8660254037844387,274.35
09/05/2023,54.64,60.46,12.12,4.9862,0,0,0,0,0.23,-0.8660254037844387,272.55
10/05/2023,55.48,60.13,12.14,4.9424,0,0,0,0,0.23,-0.8660254037844387,274.7
11/05/2023,54.88,58.69,11.87,4.9295,0,0,0,0,0.23,-0.8660254037844387,271.25
12/05/2023,55.32,58.79,11.93,4.9195,0,1,0,0,0.23,-0.8660254037844387,272.55
13/05/2023,55.32,58.79,11.93,4.9195,0,1,0,0,0.23,-0.8660254037844387,272.55
14/05/2023,55.32,58.79,11.93,4.9195,0,1,0,0,0.23,-0.8660254037844387,272.55
15/05/2023,55.91,58.83,12.02,4.8904,0,0,0,0,0.23,-0.8660254037844387,273.6
16/05/2023,54.1,58.84,11.91,4.9402,0,0,0,0,0.23,-0.8660254037844387,267.2
17/05/2023,54.21,57.43,11.63,4.9396,0,0,0,0,0.23,-0.8660254037844387,267.75
18/05/2023,53.79,56.51,11.37,4.9652,0,0,0,0,0.23,-0.8660254037844387,267.3
19/05/2023,52.71,56.04,11.21,4.9981,0,0,0,0,0.23,-0.8660254037844387,263.6
20/05/2023,52.71,56.04,11.21,4.9981,0,0,0,0,0.23,-0.8660254037844387,263.6
21/05/2023,52.71,56.04,11.21,4.9981,0,0,0,0,0.23,-0.8660254037844387,263.6
22/05/2023,53.04,55.83,11.24,4.9667,0,0,0,0,0.23,-0.8660254037844387,263.55
23/05/2023,52.66,55.16,11.09,4.9714,0,0,0,0,0.23,-0.8660254037844387,261.85
24/05/2023,51.96,54.56,11.02,4.9619,0,0,0,0,0.23,-0.8660254037844387,257.3
25/05/2023,50.78,55.0,10.92,5.0356,0,0,0,0,0.23,-0.8660254037844387,255.85
26/05/2023,50.76,54.82,10.99,4.9939,0,0,0,0,0.23,-0.8660254037844387,253.3
27/05/2023,50.76,54.82,10.99,4.9939,0,0,0,0,0.23,-0.8660254037844387,253.3
28/05/2023,50.76,54.82,10.99,4.9939,0,0,0,0,0.23,-0.8660254037844387,253.3
29/05/2023,50.76,54.82,10.99,4.9939,0,0,0,0,0.23,-0.8660254037844387,253.3
30/05/2023,47.96,54.27,10.76,5.0357,0,0,0,0,0.23,-0.8660254037844387,241.75
31/05/2023,47.89,53.77,10.59,5.0574,0,0,0,0,0.23,-0.8660254037844387,243.25
01/06/2023,48.65,53.9,10.75,5.014,0,0,0,0,-0.08,-1.0,243.9
02/06/2023,50.09,53.72,10.84,4.9571,0,0,0,0,-0.08,-1.0,248.3
03/06/2023,50.09,53.72,10.84,4.9571,0,0,0,0,-0.08,-1.0,248.3
04/06/2023,50.09,53.72,10.84,4.9571,0,0,0,0,-0.08,-1.0,248.3
05/06/2023,50.51,53.63,10.89,4.9289,0,0,0,0,-0.08,-1.0,248.85
06/06/2023,49.85,54.07,11.01,4.9125,0,0,0,0,-0.08,-1.0,244.9
07/06/2023,49.62,53.72,10.91,4.9235,0,0,0,0,-0.08,-1.0,244.4
08/06/2023,49.62,53.72,10.91,4.9235,0,0,0,0,-0.08,-1.0,244.4
09/06/2023,51.5,53.73,11.02,4.8791,0,0,0,0,-0.08,-1.0,251.1
10/06/2023,51.5,53.73,11.02,4.8791,0,0,0,0,-0.08,-1.0,251.1
11/06/2023,51.5,53.73,11.02,4.8791,0,0,0,0,-0.08,-1.0,251.1
12/06/2023,48.84,53.77,11.05,4.8613,0,0,0,0,-0.08,-1.0,237.65
13/06/2023,50.1,54.07,11.12,4.8622,0,0,0,0,-0.08,-1.0,243.65
14/06/2023,51.66,54.33,11.25,4.8146,0,0,0,0,-0.08,-1.0,249.4
15/06/2023,49.16,54.35,11.31,4.8102,0,0,0,0,-0.08,-1.0,236.15
16/06/2023,50.68,54.36,11.28,4.8199,0,0,0,0,-0.08,-1.0,244.2
17/06/2023,50.68,54.36,11.28,4.8199,0,0,0,0,-0.08,-1.0,244.2
18/06/2023,50.68,54.36,11.28,4.8199,0,0,0,0,-0.08,-1.0,244.2
19/06/2023,50.68,54.36,11.28,4.8199,0,0,0,0,-0.08,-1.0,244.2
20/06/2023,52.5,54.83,11.44,4.7902,0,0,0,0,-0.08,-1.0,251.6
21/06/2023,53.03,55.52,11.64,4.763,0,0,0,0,-0.08,-1.0,252.95
22/06/2023,52.3,57.07,11.94,4.7689,0,0,0,0,-0.08,-1.0,249.9
23/06/2023,52.79,57.36,12.0,4.7864,0,0,0,0,-0.08,-1.0,252.4
24/06/2023,52.79,57.36,12.0,4.7864,0,0,0,0,-0.08,-1.0,252.4
25/06/2023,52.79,57.36,12.0,4.7864,0,0,0,0,-0.08,-1.0,252.4
26/06/2023,54.09,57.41,12.05,4.7675,0,0,0,0,-0.08,-1.0,257.8
27/06/2023,53.79,57.67,12.02,4.8103,0,0,0,0,-0.08,-1.0,258.0
28/06/2023,52.06,56.36,11.63,4.8506,0,0,0,0,-0.08,-1.0,252.2
29/06/2023,53.54,56.12,11.56,4.8553,0,0,0,0,-0.08,-1.0,260.0
30/06/2023,53.04,55.36,11.55,4.786,0,0,0,0,-0.08,-1.0,254.2
01/07/2023,53.04,55.36,11.55,4.786,0,0,0,0,-0.08,-0.8660254037844388,254.2
02/07/2023,53.04,55.36,11.55,4.786,0,0,0,0,-0.08,-0.8660254037844388,254.2
03/07/2023,53.92,55.53,11.56,4.8077,0,0,0,0,0.12,-0.8660254037844388,259.05
04/07/2023,53.92,55.53,11.56,4.8077,0,0,0,0,0.12,-0.8660254037844388,259.05
05/07/2023,50.51,56.12,11.58,4.8478,0,0,0,0,0.12,-0.8660254037844388,244.7
06/07/2023,52.23,55.35,11.24,4.9193,0,0,0,0,0.12,-0.8660254037844388,257.3
07/07/2023,52.74,55.88,11.5,4.872,0,0,0,0,0.12,-0.8660254037844388,256.25
08/07/2023,52.74,55.88,11.5,4.872,0,0,0,0,0.12,-0.8660254037844388,256.25
09/07/2023,52.74,55.88,11.5,4.872,0,0,0,0,0.12,-0.8660254037844388,256.25
10/07/2023,52.14,55.79,11.42,4.8978,0,0,0,0,0.12,-0.8660254037844388,254.7
11/07/2023,52.93,55.24,11.37,4.8538,0,0,0,0,0.12,-0.8660254037844388,257.15
12/07/2023,53.55,55.29,11.48,4.8184,0,0,0,0,0.12,-0.8660254037844388,258.0
13/07/2023,52.86,54.06,11.29,4.7971,0,0,0,0,0.12,-0.8660254037844388,253.2
14/07/2023,53.17,54.28,11.32,4.7894,0,0,0,0,0.12,-0.8660254037844388,254.9
15/07/2023,53.17,54.28,11.32,4.7894,0,0,0,0,0.12,-0.8660254037844388,254.9
16/07/2023,53.17,54.28,11.32,4.7894,0,0,0,0,0.12,-0.8660254037844388,254.9
17/07/2023,53.37,54.52,11.32,4.8066,0,0,0,0,0.12,-0.8660254037844388,257.0
18/07/2023,51.62,54.57,11.35,4.8105,0,0,0,0,0.12,-0.8660254037844388,248.2
19/07/2023,51.44,55.04,11.5,4.7909,0,0,0,0,0.12,-0.8660254037844388,246.15
20/07/2023,52.25,54.68,11.39,4.798,0,0,0,0,0.12,-0.8660254037844388,250.9
21/07/2023,51.59,53.74,11.25,4.7795,0,0,0,0,0.12,-0.8660254037844388,246.35
22/07/2023,51.59,53.74,11.25,4.7795,0,0,0,0,0.12,-0.8660254037844388,246.35
23/07/2023,51.59,53.74,11.25,4.7795,0,0,0,0,0.12,-0.8660254037844388,246.35
24/07/2023,52.19,55.06,11.63,4.7271,0,0,0,0,0.12,-0.8660254037844388,247.1
25/07/2023,51.25,55.28,11.63,4.7498,0,0,0,0,0.12,-0.8660254037844388,243.6
26/07/2023,51.47,55.12,11.65,4.7364,0,0,0,0,0.12,-0.8660254037844388,243.5
27/07/2023,50.9,54.71,11.53,4.7424,0,0,0,0,0.12,-0.8660254037844388,241.4
28/07/2023,51.8,54.92,11.61,4.7336,0,0,0,0,0.12,-0.8660254037844388,245.05
29/07/2023,51.8,54.92,11.61,4.7336,0,0,0,0,0.12,-0.8660254037844388,245.05
30/07/2023,51.8,54.92,11.61,4.7336,0,0,0,0,0.12,-0.8660254037844388,245.05
31/07/2023,51.54,53.62,11.33,4.7241,0,0,0,0,0.12,-0.8660254037844388,243.85
01/08/2023,50.11,53.75,11.22,4.7911,0,0,0,0,0.23,-0.5000000000000004,240.1
02/08/2023,50.4,53.22,11.08,4.812,0,0,0,0,0.23,-0.5000000000000004,242.1
03/08/2023,47.54,53.47,10.94,4.917,0,0,0,0,0.23,-0.5000000000000004,232.4
04/08/2023,49.33,53.19,10.92,4.8733,0,0,0,0,0.23,-0.5000000000000004,240.2
05/08/2023,49.33,53.19,10.92,4.8733,0,0,0,0,0.23,-0.5000000000000004,240.2
06/08/2023,49.33,53.19,10.92,4.8733,0,0,0,0,0.23,-0.5000000000000004,240.2
07/08/2023,48.55,53.13,10.85,4.8999,0,0,0,0,0.23,-0.5000000000000004,237.7
08/08/2023,48.6,52.96,10.81,4.8996,0,0,0,0,0.23,-0.5000000000000004,238.0
09/08/2023,48.36,52.97,10.79,4.902,0,0,0,0,0.23,-0.5000000000000004,237.35
10/08/2023,47.94,52.65,10.79,4.8924,0,0,0,0,0.23,-0.5000000000000004,233.95
11/08/2023,46.94,52.84,10.78,4.9048,0,0,0,0,0.23,-0.5000000000000004,230.1
12/08/2023,46.94,52.84,10.78,4.9048,0,0,0,0,0.23,-0.5000000000000004,230.1
13/08/2023,46.94,52.84,10.78,4.9048,0,0,0,0,0.23,-0.5000000000000004,230.1
14/08/2023,46.36,53.26,10.72,4.9615,0,0,0,0,0.23,-0.5000000000000004,230.4
15/08/2023,44.34,53.33,10.69,4.9845,0,0,0,0,0.23,-0.5000000000000004,221.2
16/08/2023,43.55,53.19,10.67,4.9879,0,0,0,0,0.23,-0.5000000000000004,217.15
17/08/2023,43.97,53.22,10.68,4.9758,0,0,0,0,0.23,-0.5000000000000004,219.05
18/08/2023,42.62,53.55,10.77,4.9694,0,0,0,0,0.23,-0.5000000000000004,211.85
19/08/2023,42.62,53.55,10.77,4.9694,0,0,0,0,0.23,-0.5000000000000004,211.85
20/08/2023,42.62,53.55,10.77,4.9694,0,0,0,0,0.23,-0.5000000000000004,211.85
21/08/2023,43.2,53.65,10.77,4.9793,0,0,0,0,0.23,-0.5000000000000004,215.1
22/08/2023,43.54,53.47,10.83,4.9386,0,0,0,0,0.23,-0.5000000000000004,214.95
23/08/2023,42.3,53.96,11.12,4.8572,0,0,0,0,0.23,-0.5000000000000004,205.3
24/08/2023,40.99,53.56,10.99,4.8802,0,0,0,0,0.23,-0.5000000000000004,199.75
25/08/2023,41.03,53.38,10.96,4.8711,0,0,0,0,0.23,-0.5000000000000004,199.9
26/08/2023,41.03,53.38,10.96,4.8711,0,0,0,0,0.23,-0.5000000000000004,199.9
27/08/2023,41.03,53.38,10.96,4.8711,0,0,0,0,0.23,-0.5000000000000004,199.9
28/08/2023,40.86,53.44,10.96,4.8731,0,0,0,0,0.23,-0.5000000000000004,199.25
29/08/2023,41.81,53.5,11.02,4.8523,0,0,0,0,0.23,-0.5000000000000004,202.95
30/08/2023,41.06,53.7,11.04,4.889,0,0,0,0,0.23,-0.5000000000000004,199.75
31/08/2023,40.36,53.54,10.82,4.9544,0,0,0,0,0.23,-0.5000000000000004,199.8
01/09/2023,40.43,53.88,10.91,4.9463,0,0,0,0,0.26,-1.8369701987210297e-16,199.65
02/09/2023,40.43,53.88,10.91,4.9463,0,0,0,0,0.26,-1.8369701987210297e-16,199.65
03/09/2023,40.43,53.88,10.91,4.9463,0,0,0,0,0.26,-1.8369701987210297e-16,199.65
04/09/2023,40.43,53.88,10.91,4.9463,0,0,0,0,0.26,-1.8369701987210297e-16,199.65
05/09/2023,40.36,54.0,10.84,4.9671,0,0,0,0,0.26,-1.8369701987210297e-16,201.0
06/09/2023,40.17,53.86,10.8,4.9784,0,0,0,0,0.26,-1.8369701987210297e-16,200.35
07/09/2023,40.17,53.86,10.8,4.9767,0,0,0,0,0.26,-1.8369701987210297e-16,200.35
08/09/2023,40.66,54.56,10.94,4.9882,0,0,0,0,0.26,-1.8369701987210297e-16,202.7
09/09/2023,40.66,54.56,10.94,4.9882,0,0,0,0,0.26,-1.8369701987210297e-16,202.7
10/09/2023,40.66,54.56,10.94,4.9882,0,0,0,0,0.26,-1.8369701987210297e-16,202.7
11/09/2023,41.36,53.82,10.9,4.9307,0,0,0,0,0.26,-1.8369701987210297e-16,204.15
12/09/2023,39.63,53.28,10.76,4.947,0,0,0,0,0.26,-1.8369701987210297e-16,196.35
13/09/2023,41.09,53.06,10.79,4.9153,0,0,0,0,0.26,-1.8369701987210297e-16,202.0
14/09/2023,41.85,53.99,11.07,4.8668,0,0,0,0,0.26,-1.8369701987210297e-16,204.0
15/09/2023,43.88,53.87,11.06,4.8663,0,0,0,0,0.26,-1.8369701987210297e-16,213.7
16/09/2023,43.88,53.87,11.06,4.8663,0,0,0,0,0.26,-1.8369701987210297e-16,213.7
17/09/2023,43.88,53.87,11.06,4.8663,0,0,0,0,0.26,-1.8369701987210297e-16,213.7
18/09/2023,44.28,53.82,11.09,4.8556,0,0,0,0,0.26,-1.8369701987210297e-16,214.9
19/09/2023,43.05,54.29,11.14,4.8673,0,0,0,0,0.26,-1.8369701987210297e-16,209.85
20/09/2023,44.23,54.34,11.16,4.8801,0,0,0,0,0.26,-1.8369701987210297e-16,215.4
21/09/2023,44.34,54.43,11.04,4.9351,0,0,0,0,0.26,-1.8369701987210297e-16,218.65
22/09/2023,45.05,54.9,11.14,4.9351,0,0,0,0,0.26,-1.8369701987210297e-16,222.1
23/09/2023,45.05,54.9,11.14,4.9351,0,0,0,0,0.26,-1.8369701987210297e-16,222.1
24/09/2023,45.05,54.9,11.14,4.9351,0,0,0,0,0.26,-1.8369701987210297e-16,222.1
25/09/2023,44.42,55.73,11.21,4.9678,0,0,0,0,0.26,-1.8369701987210297e-16,220.8
26/09/2023,45.4,55.97,11.22,4.9898,0,0,0,0,0.26,-1.8369701987210297e-16,226.55
27/09/2023,45.19,56.39,11.16,5.0425,0,0,0,0,0.26,-1.8369701987210297e-16,228.3
28/09/2023,46.56,57.02,11.32,5.0331,0,0,0,0,0.26,-1.8369701987210297e-16,234.5
29/09/2023,46.96,57.47,11.43,5.032,0,0,0,0,0.26,-1.8369701987210297e-16,236.15
30/09/2023,46.96,57.47,11.43,5.032,0,0,0,0,0.26,-1.8369701987210297e-16,236.15
01/10/2023,46.96,57.47,11.43,5.032,0,0,0,0,0.26,0.5000000000000001,236.15
02/10/2023,46.59,58.08,11.46,5.061,0,0,0,0,0.24,0.5000000000000001,236.05
03/10/2023,46.32,57.81,11.21,5.1669,0,0,0,0,0.24,0.5000000000000001,238.8
04/10/2023,45.42,58.47,11.35,5.1562,0,0,0,0,0.24,0.5000000000000001,233.95
05/10/2023,46.23,59.19,11.44,5.1658,0,0,0,0,0.24,0.5000000000000001,239.2
06/10/2023,46.47,59.72,11.57,5.1457,0,0,0,0,0.24,0.5000000000000001,239.8
07/10/2023,46.47,59.72,11.57,5.1457,0,0,0,0,0.24,0.5000000000000001,239.8
08/10/2023,46.47,59.72,11.57,5.1457,0,0,0,0,0.24,0.5000000000000001,239.8
09/10/2023,46.35,59.96,11.68,5.1355,0,0,0,0,0.24,0.5000000000000001,238.0
10/10/2023,46.97,60.52,11.95,5.0516,0,0,0,0,0.24,0.5000000000000001,237.8
11/10/2023,46.13,60.34,11.94,5.0483,0,0,0,0,0.24,0.5000000000000001,233.05
12/10/2023,46.13,60.34,11.94,5.046,0,0,1,0,0.24,0.5000000000000001,233.05
13/10/2023,45.54,59.74,11.73,5.0801,0,0,0,0,0.24,0.5000000000000001,231.9
14/10/2023,45.54,59.74,11.73,5.0801,0,0,0,0,0.24,0.5000000000000001,231.9
15/10/2023,45.54,59.74,11.73,5.0801,0,0,0,0,0.24,0.5000000000000001,231.9
16/10/2023,48.29,59.42,11.79,5.0377,0,0,0,0,0.24,0.5000000000000001,243.45
17/10/2023,48.02,58.81,11.69,5.0414,0,0,0,0,0.24,0.5000000000000001,241.7
18/10/2023,45.65,58.48,11.57,5.0591,0,0,0,0,0.24,0.5000000000000001,230.8
19/10/2023,47.95,58.53,11.59,5.0646,0,0,0,0,0.24,0.5000000000000001,242.1
20/10/2023,47.88,58.84,11.69,5.0312,0,0,0,0,0.24,0.5000000000000001,241.1
21/10/2023,47.88,58.84,11.69,5.0312,0,0,0,0,0.24,0.5000000000000001,241.1
22/10/2023,47.88,58.84,11.69,5.0312,0,0,0,0,0.24,0.5000000000000001,241.1
23/10/2023,47.28,59.0,11.75,5.0112,0,0,0,0,0.24,0.5000000000000001,237.4
24/10/2023,47.92,58.92,11.79,4.9908,0,0,0,0,0.24,0.5000000000000001,239.45
25/10/2023,48.01,58.91,11.78,4.9947,0,0,0,0,0.24,0.5000000000000001,240.05
26/10/2023,48.22,58.81,11.78,4.9861,0,0,0,0,0.24,0.5000000000000001,240.75
27/10/2023,45.86,58.98,11.76,5.0152,0,0,0,0,0.24,0.5000000000000001,230.0
28/10/2023,45.86,58.98,11.76,5.0152,0,0,0,0,0.24,0.5000000000000001,230.0
29/10/2023,45.86,58.98,11.76,5.0152,0,0,0,0,0.24,0.5000000000000001,230.0
30/10/2023,47.94,59.25,11.75,5.0472,0,0,0,0,0.24,0.5000000000000001,241.7
31/10/2023,47.17,60.02,11.92,5.035,0,0,0,1,0.24,0.5000000000000001,237.5
01/11/2023,46.79,60.03,12.06,4.9534,0,0,0,1,0.28,0.8660254037844384,232.85
02/11/2023,46.79,60.03,12.06,4.9534,0,0,0,1,0.28,0.8660254037844384,232.85
03/11/2023,47.96,59.99,12.25,4.9012,0,0,0,0,0.28,0.8660254037844384,234.95
04/11/2023,47.96,59.99,12.25,4.9012,0,0,0,0,0.28,0.8660254037844384,234.95
05/11/2023,47.96,59.99,12.25,4.9012,0,0,0,0,0.28,0.8660254037844384,234.95
06/11/2023,49.19,60.05,12.28,4.8853,0,0,0,0,0.28,0.8660254037844384,240.6
07/11/2023,46.93,59.46,12.21,4.8724,0,0,0,0,0.28,0.8660254037844384,228.5
08/11/2023,46.79,59.36,12.1,4.9103,0,0,0,0,0.28,0.8660254037844384,229.5
09/11/2023,46.31,59.51,12.07,4.9342,0,0,0,0,0.28,0.8660254037844384,228.25
10/11/2023,47.78,59.87,12.19,4.9013,0,0,0,0,0.28,0.8660254037844384,234.65
11/11/2023,47.78,59.87,12.19,4.9013,0,0,0,0,0.28,0.8660254037844384,234.65
12/11/2023,47.78,59.87,12.19,4.9013,0,0,0,0,0.28,0.8660254037844384,234.65
13/11/2023,47.22,59.67,12.16,4.9075,0,0,0,0,0.28,0.8660254037844384,231.75
14/11/2023,47.53,60.15,12.36,4.8654,0,0,0,0,0.28,0.8660254037844384,231.25
15/11/2023,47.53,60.15,12.36,4.862,0,0,0,0,0.28,0.8660254037844384,231.25
16/11/2023,46.83,61.14,12.56,4.8632,0,0,0,0,0.28,0.8660254037844384,227.95
17/11/2023,48.03,60.74,12.38,4.9059,0,0,0,0,0.28,0.8660254037844384,235.6
18/11/2023,48.03,60.74,12.38,4.9059,0,0,0,0,0.28,0.8660254037844384,235.6
19/11/2023,48.03,60.74,12.38,4.9059,0,0,0,0,0.28,0.8660254037844384,235.6
20/11/2023,48.03,60.76,12.52,4.8543,0,0,0,0,0.28,0.8660254037844384,235.6
21/11/2023,48.08,61.11,12.47,4.9006,0,0,0,0,0.28,0.8660254037844384,235.65
22/11/2023,47.51,61.16,12.48,4.9068,0,0,0,0,0.28,0.8660254037844384,232.8
23/11/2023,48.46,61.18,12.47,4.9039,0,0,0,0,0.28,0.8660254037844384,237.8
24/11/2023,47.45,60.96,12.45,4.902,0,0,0,0,0.28,0.8660254037844384,232.35
25/11/2023,47.45,60.96,12.45,4.902,0,0,0,0,0.28,0.8660254037844384,232.35
26/11/2023,47.45,60.96,12.45,4.902,0,0,0,0,0.28,0.8660254037844384,232.35
27/11/2023,49.35,61.51,12.56,4.8964,0,0,0,0,0.28,0.8660254037844384,241.7
28/11/2023,50.23,61.92,12.71,4.8705,0,0,0,0,0.28,0.8660254037844384,244.7
29/11/2023,49.34,61.63,12.61,4.9029,0,0,0,0,0.28,0.8660254037844384,241.2
30/11/2023,48.71,62.74,12.75,4.9205,0,0,0,0,0.28,0.8660254037844384,239.7
01/12/2023,50.89,62.63,12.85,4.8801,0,0,0,0,0.56,1.0,248.1
02/12/2023,50.89,62.63,12.85,4.8801,0,0,0,0,0.56,1.0,248.1
03/12/2023,50.89,62.63,12.85,4.8801,0,0,0,0,0.56,1.0,248.1
04/12/2023,50.4,63.29,12.79,4.9432,0,0,0,0,0.56,1.0,249.45
05/12/2023,49.98,64.67,13.12,4.9306,0,0,0,0,0.56,1.0,246.35
06/12/2023,49.07,64.91,13.23,4.9022,0,0,0,0,0.56,1.0,240.7
07/12/2023,49.49,65.79,13.4,4.9115,0,0,0,0,0.56,1.0,243.05
08/12/2023,50.35,65.94,13.39,4.9317,0,0,0,0,0.56,1.0,247.95
09/12/2023,50.35,65.94,13.39,4.9317,0,0,0,0,0.56,1.0,247.95
10/12/2023,50.35,65.94,13.39,4.9317,0,0,0,0,0.56,1.0,247.95
11/12/2023,50.54,67.26,13.63,4.9386,0,0,0,0,0.56,1.0,249.4
12/12/2023,50.51,67.5,13.59,4.9631,0,0,0,0,0.56,1.0,250.8
13/12/2023,50.45,68.13,13.82,4.9197,0,0,0,0,0.56,1.0,248.65
14/12/2023,50.84,68.21,13.9,4.9155,0,0,0,0,0.56,1.0,249.4
15/12/2023,50.39,67.57,13.67,4.9371,0,0,0,0,0.56,1.0,249.15
16/12/2023,50.39,67.57,13.67,4.9371,0,0,0,0,0.56,1.0,249.15
17/12/2023,50.39,67.57,13.67,4.9371,0,0,0,0,0.56,1.0,249.15
18/12/2023,51.0,67.56,13.76,4.8967,0,0,0,0,0.56,1.0,250.35
19/12/2023,49.95,67.42,13.87,4.8675,0,0,0,0,0.56,1.0,242.8
20/12/2023,50.79,67.55,13.78,4.9163,0,0,0,0,0.56,1.0,248.9
21/12/2023,51.2,67.59,13.83,4.8844,0,0,0,0,0.56,1.0,250.2
22/12/2023,51.82,67.56,13.9,4.8585,0,0,0,0,0.56,1.0,251.9
23/12/2023,51.82,67.56,13.9,4.8585,0,0,0,0,0.56,1.0,251.9
24/12/2023,51.82,67.56,13.9,4.8585,0,0,0,0,0.56,1.0,251.9
25/12/2023,51.82,67.56,13.9,4.8585,0,0,0,0,0.56,1.0,251.9
26/12/2023,52.32,67.84,14.06,4.814,0,0,0,0,0.56,1.0,252.5
27/12/2023,52.15,68.02,14.07,4.8267,0,0,0,0,0.56,1.0,252.05
28/12/2023,52.0,69.21,14.26,4.8521,0,0,0,0,0.56,1.0,252.3
29/12/2023,52.0,69.21,14.26,4.8521,0,0,0,0,0.56,1.0,252.3
30/12/2023,52.0,69.21,14.26,4.8521,0,0,0,0,0.56,1.0,252.3
31/12/2023,52.0,69.21,14.26,4.8521,0,0,0,0,0.56,1.0,252.3
01/01/2024,52.0,69.21,14.26,4.8521,0,0,0,0,0.56,0.8660254037844387,252.3
02/01/2024,52.02,69.75,14.2,4.9235,0,0,0,0,0.42,0.8660254037844387,255.5
03/01/2024,50.94,69.77,14.21,4.9198,0,0,0,0,0.42,0.8660254037844387,250.15
04/01/2024,51.24,71.32,14.52,4.8968,0,0,0,0,0.42,0.8660254037844387,251.75
05/01/2024,51.61,70.47,14.46,4.8743,0,0,0,0,0.42,0.8660254037844387,251.45
06/01/2024,51.61,70.47,14.46,4.8743,0,0,0,0,0.42,0.8660254037844387,251.45
07/01/2024,51.61,70.47,14.46,4.8743,0,0,0,0,0.42,0.8660254037844387,251.45
08/01/2024,51.86,70.12,14.39,4.87,0,0,0,0,0.42,0.8660254037844387,252.65
09/01/2024,50.82,70.24,14.33,4.9038,0,0,0,0,0.42,0.8660254037844387,249.05
10/01/2024,51.16,69.3,14.16,4.8909,0,0,0,0,0.42,0.8660254037844387,250.4
11/01/2024,51.45,68.0,13.94,4.87,0,0,0,0,0.42,0.8660254037844387,250.95
12/01/2024,51.77,67.24,13.85,4.8539,0,0,0,0,0.42,0.8660254037844387,251.3
13/01/2024,51.77,67.24,13.85,4.8539,0,0,0,0,0.42,0.8660254037844387,251.3
14/01/2024,51.77,67.24,13.85,4.8539,0,0,0,0,0.42,0.8660254037844387,251.3
15/01/2024,51.77,67.24,13.85,4.8539,0,0,0,0,0.42,0.8660254037844387,251.3
16/01/2024,50.66,65.53,13.3,4.9258,0,0,0,0,0.42,0.8660254037844387,249.7
17/01/2024,50.62,64.8,13.15,4.9349,0,0,0,0,0.42,0.8660254037844387,249.5
18/01/2024,50.89,64.09,12.99,4.9269,0,0,0,0,0.42,0.8660254037844387,251.1
19/01/2024,50.64,63.0,12.78,4.931,0,0,0,0,0.42,0.8660254037844387,249.6
20/01/2024,50.64,63.0,12.78,4.931,0,0,0,0,0.42,0.8660254037844387,249.6
21/01/2024,50.64,63.0,12.78,4.931,0,0,0,0,0.42,0.8660254037844387,249.6
22/01/2024,49.92,62.28,12.48,4.9892,0,0,0,0,0.42,0.8660254037844387,249.1
23/01/2024,50.04,62.11,12.53,4.9535,0,0,0,0,0.42,0.8660254037844387,248.0
24/01/2024,50.27,62.64,12.7,4.9335,0,0,0,0,0.42,0.8660254037844387,248.0
25/01/2024,50.34,62.24,12.65,4.9165,0,0,0,0,0.42,0.8660254037844387,247.7
26/01/2024,50.31,61.95,12.61,4.9168,0,0,0,0,0.42,0.8660254037844387,247.1
27/01/2024,50.31,61.95,12.61,4.9168,0,0,0,0,0.42,0.8660254037844387,247.1
28/01/2024,50.31,61.95,12.61,4.9168,0,0,0,0,0.42,0.8660254037844387,247.1
29/01/2024,50.2,62.15,12.55,4.9518,0,0,0,0,0.42,0.8660254037844387,248.55
30/01/2024,50.0,62.81,12.7,4.9516,0,0,0,0,0.42,0.8660254037844387,247.2
31/01/2024,49.52,62.34,12.6,4.9526,0,0,0,0,0.42,0.8660254037844387,245.0
01/02/2024,49.42,61.45,12.5,4.9163,0,0,0,0,0.83,0.5000000000000001,242.9
02/02/2024,48.36,62.13,12.51,4.9699,0,0,0,0,0.83,0.5000000000000001,240.2
03/02/2024,48.36,62.13,12.51,4.9699,0,0,0,0,0.83,0.5000000000000001,240.2
04/02/2024,48.36,62.13,12.51,4.9699,0,0,0,0,0.83,0.5000000000000001,240.2
05/02/2024,48.12,62.72,12.59,4.9854,0,0,0,0,0.83,0.5000000000000001,239.7
06/02/2024,47.88,62.82,12.66,4.9634,0,0,0,0,0.83,0.5000000000000001,237.55
07/02/2024,47.92,63.28,12.74,4.9685,0,0,0,0,0.83,0.5000000000000001,238.0
08/02/2024,47.92,62.71,12.56,4.992,0,0,0,0,0.83,0.5000000000000001,239.15
09/02/2024,48.28,62.17,12.54,4.9517,0,0,0,0,0.83,0.5000000000000001,239.35
10/02/2024,48.28,62.17,12.54,4.9517,0,0,0,0,0.83,0.5000000000000001,239.35
11/02/2024,48.28,62.17,12.54,4.9517,0,0,0,0,0.83,0.5000000000000001,239.35
12/02/2024,48.28,62.17,12.54,4.9536,0,0,0,0,0.83,0.5000000000000001,239.35
13/02/2024,48.28,62.17,12.54,4.9536,0,0,0,0,0.83,0.5000000000000001,239.35
14/02/2024,47.85,62.13,12.5,4.969,0,0,0,0,0.83,0.5000000000000001,237.8
15/02/2024,48.09,62.12,12.5,4.9732,0,0,0,0,0.83,0.5000000000000001,238.95
16/02/2024,48.42,62.47,12.58,4.9665,0,0,0,0,0.83,0.5000000000000001,240.45
17/02/2024,48.42,62.47,12.58,4.9665,0,0,0,0,0.83,0.5000000000000001,240.45
18/02/2024,48.42,62.47,12.58,4.9665,0,0,0,0,0.83,0.5000000000000001,240.45
19/02/2024,48.42,62.47,12.58,4.9665,0,0,0,0,0.83,0.5000000000000001,240.45
20/02/2024,47.77,62.85,12.75,4.9275,0,0,0,0,0.83,0.5000000000000001,235.5
21/02/2024,47.84,63.11,12.78,4.9358,0,0,0,0,0.83,0.5000000000000001,236.35
22/02/2024,47.6,62.87,12.7,4.9605,0,0,0,0,0.83,0.5000000000000001,235.6
23/02/2024,47.36,63.06,12.64,4.9951,0,0,0,0,0.83,0.5000000000000001,236.25
24/02/2024,47.36,63.06,12.64,4.9951,0,0,0,0,0.83,0.5000000000000001,236.25
25/02/2024,47.36,63.06,12.64,4.9951,0,0,0,0,0.83,0.5000000000000001,236.25
26/02/2024,47.51,63.11,12.68,4.9799,0,0,0,0,0.83,0.5000000000000001,236.45
27/02/2024,47.66,62.91,12.75,4.9335,0,0,0,0,0.83,0.5000000000000001,235.2
28/02/2024,47.25,62.3,12.53,4.9675,0,0,0,0,0.83,0.5000000000000001,234.9
29/02/2024,47.34,62.23,12.51,4.9716,0,0,0,0,0.83,0.5000000000000001,235.4
01/03/2024,47.46,62.72,12.66,4.9541,0,0,0,0,0.16,6.123233995736766e-17,235.05
02/03/2024,47.46,62.72,12.66,4.9541,0,0,0,0,0.16,6.123233995736766e-17,235.05
03/03/2024,47.46,62.72,12.66,4.9541,0,0,0,0,0.16,6.123233995736766e-17,235.05
04/03/2024,47.52,63.01,12.74,4.9458,0,0,0,0,0.16,6.123233995736766e-17,235.1
05/03/2024,47.09,62.77,12.67,4.9581,0,0,0,0,0.16,6.123233995736766e-17,233.3
06/03/2024,47.33,62.75,12.69,4.9446,0,0,0,0,0.16,6.123233995736766e-17,234.05
07/03/2024,47.95,62.84,12.73,4.935,0,0,0,0,0.16,6.123233995736766e-17,236.7
08/03/2024,47.11,62.87,12.63,4.9806,0,0,0,0,0.16,6.123233995736766e-17,234.6
09/03/2024,47.11,62.87,12.63,4.9806,0,0,0,0,0.16,6.123233995736766e-17,234.6
10/03/2024,47.11,62.87,12.63,4.9806,0,0,0,0,0.16,6.123233995736766e-17,234.6
11/03/2024,47.01,62.9,12.64,4.9771,0,0,0,0,0.16,6.123233995736766e-17,233.85
12/03/2024,46.88,63.07,12.68,4.9718,0,0,0,0,0.16,6.123233995736766e-17,233.15
13/03/2024,46.7,63.0,12.67,4.97,0,0,0,0,0.16,6.123233995736766e-17,232.3
14/03/2024,46.79,63.24,12.67,4.9895,0,0,0,0,0.16,6.123233995736766e-17,233.6
15/03/2024,46.35,63.17,12.65,4.9949,0,0,0,0,0.16,6.123233995736766e-17,231.5
16/03/2024,46.35,63.17,12.65,4.9949,0,0,0,0,0.16,6.123233995736766e-17,231.5
17/03/2024,46.35,63.17,12.65,4.9949,0,0,0,0,0.16,6.123233995736766e-17,231.5
18/03/2024,46.0,62.87,12.51,5.0253,0,0,0,0,0.16,6.123233995736766e-17,231.25
19/03/2024,45.51,62.86,12.52,5.0301,0,0,0,0,0.16,6.123233995736766e-17,228.5
20/03/2024,46.44,62.75,12.62,4.9691,0,0,0,0,0.16,6.123233995736766e-17,230.9
21/03/2024,46.53,62.62,12.58,4.9781,0,0,0,0,0.16,6.123233995736766e-17,231.7
22/03/2024,46.46,62.45,12.49,4.9997,0,0,0,0,0.16,6.123233995736766e-17,232.3
23/03/2024,46.46,62.45,12.49,4.9997,0,0,0,0,0.16,6.123233995736766e-17,232.3
24/03/2024,46.46,62.45,12.49,4.9997,0,0,0,0,0.16,6.123233995736766e-17,232.3
25/03/2024,46.62,62.6,12.58,4.9751,0,0,0,0,0.16,6.123233995736766e-17,232.0
26/03/2024,46.59,62.3,12.5,4.9808,0,0,0,0,0.16,6.123233995736766e-17,232.2
27/03/2024,46.55,61.82,12.41,4.9866,0,0,0,0,0.16,6.123233995736766e-17,231.8
28/03/2024,46.37,61.78,12.33,5.0129,0,0,0,0,0.16,6.123233995736766e-17,232.3
29/03/2024,46.37,61.78,12.33,5.0129,0,0,0,0,0.16,6.123233995736766e-17,232.3
30/03/2024,46.37,61.78,12.33,5.0129,0,0,0,0,0.16,6.123233995736766e-17,232.3
31/03/2024,46.37,61.78,12.33,5.0129,0,0,0,0,0.16,6.123233995736766e-17,232.3
01/04/2024,45.02,61.71,12.18,5.0543,0,0,0,0,0.38,-0.4999999999999998,228.05
02/04/2024,45.19,61.57,12.17,5.0576,0,0,0,0,0.38,-0.4999999999999998,228.6
03/04/2024,45.11,61.49,12.2,5.0393,0,0,0,0,0.38,-0.4999999999999998,227.3
04/04/2024,45.16,61.48,12.18,5.0538,0,0,0,0,0.38,-0.4999999999999998,227.95
05/04/2024,45.49,60.99,12.04,5.0655,0,0,0,0,0.38,-0.4999999999999998,230.4
06/04/2024,45.49,60.99,12.04,5.0655,0,0,0,0,0.38,-0.4999999999999998,230.4
07/04/2024,45.49,60.99,12.04,5.0655,0,0,0,0,0.38,-0.4999999999999998,230.4
08/04/2024,44.92,60.62,12.05,5.0268,0,0,0,0,0.38,-0.4999999999999998,225.9
09/04/2024,45.72,60.14,12.01,5.009,0,0,0,0,0.38,-0.4999999999999998,229.0
10/04/2024,45.92,59.83,11.78,5.0746,0,0,0,0,0.38,-0.4999999999999998,233.2
11/04/2024,45.27,59.53,11.7,5.0917,0,0,0,0,0.38,-0.4999999999999998,230.4
12/04/2024,45.11,59.62,11.63,5.1175,0,0,0,0,0.38,-0.4999999999999998,231.2
13/04/2024,45.11,59.62,11.63,5.1175,0,0,0,0,0.38,-0.4999999999999998,231.2
14/04/2024,45.11,59.62,11.63,5.1175,0,0,0,0,0.38,-0.4999999999999998,231.2
15/04/2024,44.49,59.7,11.51,5.1846,0,0,0,0,0.38,-0.4999999999999998,230.7
16/04/2024,43.87,59.74,11.36,5.2826,0,0,0,0,0.38,-0.4999999999999998,230.8
17/04/2024,43.78,59.41,11.35,5.242,0,0,0,0,0.38,-0.4999999999999998,229.2
18/04/2024,44.23,59.29,11.3,5.2482,0,0,0,0,0.38,-0.4999999999999998,232.05
19/04/2024,45.14,59.11,11.38,5.2027,0,0,0,0,0.38,-0.4999999999999998,234.5
20/04/2024,45.14,59.11,11.38,5.2027,0,0,0,0,0.38,-0.4999999999999998,234.5
21/04/2024,45.14,59.11,11.38,5.2027,0,0,0,0,0.38,-0.4999999999999998,234.5
22/04/2024,44.65,58.76,11.36,5.168,0,0,0,0,0.38,-0.4999999999999998,231.0
23/04/2024,45.61,58.49,11.4,5.126,0,0,0,0,0.38,-0.4999999999999998,233.95
24/04/2024,45.19,58.27,11.32,5.1457,0,0,0,0,0.38,-0.4999999999999998,232.6
25/04/2024,45.14,58.01,11.23,5.1602,0,0,0,0,0.38,-0.4999999999999998,233.15
26/04/2024,45.4,58.09,11.35,5.1151,0,0,0,0,0.38,-0.4999999999999998,232.25
27/04/2024,45.4,58.09,11.35,5.1151,0,0,0,0,0.38,-0.4999999999999998,232.25
28/04/2024,45.4,58.09,11.35,5.1151,0,0,0,0,0.38,-0.4999999999999998,232.25
29/04/2024,44.91,58.11,11.37,5.1189,0,0,0,0,0.38,-0.4999999999999998,229.6
30/04/2024,44.19,57.93,11.16,5.1934,0,0,0,0,0.38,-0.4999999999999998,229.35
01/05/2024,44.19,57.93,11.16,5.1936,0,0,0,0,0.38,-0.8660254037844387,229.35
02/05/2024,45.2,57.56,11.26,5.1113,0,0,0,0,0.46,-0.8660254037844387,231.1
03/05/2024,46.11,58.1,11.46,5.0722,0,0,0,0,0.46,-0.8660254037844387,233.8
04/05/2024,46.11,58.1,11.46,5.0722,0,0,0,0,0.46,-0.8660254037844387,233.8
05/05/2024,46.11,58.1,11.46,5.0722,0,0,0,0,0.46,-0.8660254037844387,233.8
06/05/2024,46.07,58.2,11.47,5.0758,0,0,0,0,0.46,-0.8660254037844387,233.75
07/05/2024,45.97,58.16,11.47,5.0707,0,0,0,0,0.46,-0.8660254037844387,233.15
08/05/2024,45.75,58.1,11.4,5.0909,0,0,0,0,0.46,-0.8660254037844387,233.05
09/05/2024,45.06,58.19,11.31,5.1412,0,0,0,0,0.46,-0.8660254037844387,231.8
10/05/2024,44.63,58.88,11.42,5.1584,0,1,0,0,0.46,-0.8660254037844387,230.15
11/05/2024,44.63,58.88,11.42,5.1584,0,1,0,0,0.46,-0.8660254037844387,230.15
12/05/2024,44.63,58.88,11.42,5.1584,0,1,0,0,0.46,-0.8660254037844387,230.15
13/05/2024,44.38,58.83,11.42,5.1511,0,0,0,0,0.46,-0.8660254037844387,228.65
14/05/2024,44.24,58.67,11.44,5.1299,0,0,0,0,0.46,-0.8660254037844387,227.0
15/05/2024,44.09,58.96,11.48,5.1373,0,0,0,0,0.46,-0.8660254037844387,226.5
16/05/2024,44.04,58.85,11.47,5.1288,0,0,0,0,0.46,-0.8660254037844387,225.9
17/05/2024,44.2,59.13,11.58,5.1031,0,0,0,0,0.46,-0.8660254037844387,225.6
18/05/2024,44.2,59.13,11.58,5.1031,0,0,0,0,0.46,-0.8660254037844387,225.6
19/05/2024,44.2,59.13,11.58,5.1031,0,0,0,0,0.46,-0.8660254037844387,225.6
20/05/2024,44.16,59.68,11.68,5.1033,0,0,0,0,0.46,-0.8660254037844387,225.6
21/05/2024,44.01,59.48,11.63,5.1225,0,0,0,0,0.46,-0.8660254037844387,225.1
22/05/2024,43.4,59.36,11.52,5.1503,0,0,0,0,0.46,-0.8660254037844387,223.7
23/05/2024,43.16,59.77,11.6,5.1442,0,0,0,0,0.46,-0.8660254037844387,222.5
24/05/2024,42.92,59.74,11.55,5.166,0,0,0,0,0.46,-0.8660254037844387,222.05
25/05/2024,42.92,59.74,11.55,5.166,0,0,0,0,0.46,-0.8660254037844387,222.05
26/05/2024,42.92,59.74,11.55,5.166,0,0,0,0,0.46,-0.8660254037844387,222.05
27/05/2024,42.92,59.74,11.55,5.166,0,0,0,0,0.46,-0.8660254037844387,222.05
28/05/2024,43.0,59.43,11.52,5.1611,0,0,0,0,0.46,-0.8660254037844387,221.9
29/05/2024,42.57,59.29,11.4,5.2018,0,0,0,0,0.46,-0.8660254037844387,221.5
30/05/2024,42.57,59.29,11.4,5.2034,0,0,0,0,0.46,-0.8660254037844387,221.5
31/05/2024,42.07,59.36,11.29,5.2443,0,0,0,0,0.46,-0.8660254037844387,221.15
01/06/2024,42.07,59.36,11.29,5.2443,0,0,0,0,0.46,-1.0,221.15
02/06/2024,42.07,59.36,11.29,5.2443,0,0,0,0,0.46,-1.0,221.15
03/06/2024,41.41,58.95,11.27,5.2467,0,0,0,0,0.21,-1.0,216.7
04/06/2024,40.96,58.58,11.08,5.2861,0,0,0,0,0.21,-1.0,216.6
05/06/2024,40.87,58.55,11.05,5.2964,0,0,0,0,0.21,-1.0,216.55
06/06/2024,41.09,58.27,11.09,5.256,0,0,0,0,0.21,-1.0,215.95
07/06/2024,40.5,57.85,10.88,5.3448,0,0,0,0,0.21,-1.0,215.3
08/06/2024,40.5,57.85,10.88,5.3448,0,0,0,0,0.21,-1.0,215.3
09/06/2024,40.5,57.85,10.88,5.3448,0,0,0,0,0.21,-1.0,215.3
10/06/2024,40.3,58.22,10.87,5.3547,0,0,0,0,0.21,-1.0,215.8
11/06/2024,40.31,57.94,10.81,5.3662,0,0,0,0,0.21,-1.0,216.0
12/06/2024,40.54,57.51,10.63,5.4123,0,0,0,0,0.21,-1.0,219.25
13/06/2024,41.04,57.53,10.71,5.3636,0,0,0,0,0.21,-1.0,220.5
14/06/2024,41.15,57.77,10.74,5.3757,0,0,0,0,0.21,-1.0,221.25
15/06/2024,41.15,57.77,10.74,5.3757,0,0,0,0,0.21,-1.0,221.25
16/06/2024,41.15,57.77,10.74,5.3757,0,0,0,0,0.21,-1.0,221.25
17/06/2024,40.84,57.72,10.64,5.4195,0,0,0,0,0.21,-1.0,221.5
18/06/2024,40.76,57.71,10.62,5.4359,0,0,0,0,0.21,-1.0,221.5
19/06/2024,40.76,57.71,10.62,5.4359,0,0,0,0,0.21,-1.0,221.5
20/06/2024,41.29,58.15,10.74,5.4483,0,0,0,0,0.21,-1.0,223.6
21/06/2024,41.09,58.13,10.68,5.4302,0,0,0,0,0.21,-1.0,223.75
22/06/2024,41.09,58.13,10.68,5.4302,0,0,0,0,0.21,-1.0,223.75
23/06/2024,41.09,58.13,10.68,5.4302,0,0,0,0,0.21,-1.0,223.75
24/06/2024,41.83,57.26,10.61,5.3928,0,0,0,0,0.21,-1.0,225.65
25/06/2024,41.35,56.88,10.43,5.4509,0,0,0,0,0.21,-1.0,225.4
26/06/2024,40.8,57.37,10.4,5.5194,0,0,0,0,0.21,-1.0,225.0
27/06/2024,41.08,57.54,10.46,5.5019,0,0,0,0,0.21,-1.0,226.0
28/06/2024,40.29,57.22,10.24,5.5925,0,0,0,0,0.21,-1.0,225.15
29/06/2024,40.29,57.22,10.24,5.5925,0,0,0,0,0.21,-1.0,225.15
30/06/2024,40.29,57.22,10.24,5.5925,0,0,0,0,0.21,-1.0,225.15
01/07/2024,40.02,57.32,10.17,5.6603,0,0,0,0,0.38,-0.8660254037844388,225.65
02/07/2024,39.85,56.87,10.06,5.6777,0,0,0,0,0.38,-0.8660254037844388,225.3
03/07/2024,40.31,56.4,10.14,5.5563,0,0,0,0,0.38,-0.8660254037844388,224.25
04/07/2024,40.31,56.4,10.14,5.5563,0,0,0,0,0.38,-0.8660254037844388,224.25
05/07/2024,41.58,56.11,10.26,5.4592,0,0,0,0,0.38,-0.8660254037844388,227.3
06/07/2024,41.58,56.11,10.26,5.4592,0,0,0,0,0.38,-0.8660254037844388,227.3
07/07/2024,41.58,56.11,10.26,5.4592,0,0,0,0,0.38,-0.8660254037844388,227.3
08/07/2024,41.63,56.14,10.25,5.4699,0,0,0,0,0.38,-0.8660254037844388,228.0
09/07/2024,41.63,56.21,10.37,5.4222,0,0,0,0,0.38,-0.8660254037844388,228.0
10/07/2024,41.98,55.84,10.32,5.4144,0,0,0,0,0.38,-0.8660254037844388,227.25
11/07/2024,41.61,56.49,10.38,5.4381,0,0,0,0,0.38,-0.8660254037844388,226.55
12/07/2024,41.81,56.7,10.44,5.4285,0,0,0,0,0.38,-0.8660254037844388,227.1
13/07/2024,41.81,56.7,10.44,5.4285,0,0,0,0,0.38,-0.8660254037844388,227.1
14/07/2024,41.81,56.7,10.44,5.4285,0,0,0,0,0.38,-0.8660254037844388,227.1
15/07/2024,41.58,56.35,10.35,5.4448,0,0,0,0,0.38,-0.8660254037844388,226.5
16/07/2024,42.41,56.33,10.37,5.4286,0,0,0,0,0.38,-0.8660254037844388,230.4
17/07/2024,42.15,56.17,10.24,5.4821,0,0,0,0,0.38,-0.8660254037844388,231.2
18/07/2024,41.71,57.24,10.26,5.546,0,0,0,0,0.38,-0.8660254037844388,232.75
19/07/2024,41.49,57.48,10.27,5.5952,0,0,0,0,0.38,-0.8660254037844388,232.3
20/07/2024,41.49,57.48,10.27,5.5952,0,0,0,0,0.38,-0.8660254037844388,232.3
21/07/2024,41.49,57.48,10.27,5.5952,0,0,0,0,0.38,-0.8660254037844388,232.3
22/07/2024,41.53,57.56,10.33,5.5779,0,0,0,0,0.38,-0.8660254037844388,231.5
23/07/2024,41.2,58.41,10.45,5.5846,0,0,0,0,0.38,-0.8660254037844388,230.4
24/07/2024,40.6,58.56,10.35,5.6536,0,0,0,0,0.38,-0.8660254037844388,229.7
25/07/2024,41.16,58.91,10.44,5.6442,0,0,0,0,0.38,-0.8660254037844388,232.2
26/07/2024,41.04,58.81,10.39,5.6557,0,0,0,0,0.38,-0.8660254037844388,232.35
27/07/2024,41.04,58.81,10.39,5.6557,0,0,0,0,0.38,-0.8660254037844388,232.35
28/07/2024,41.04,58.81,10.39,5.6557,0,0,0,0,0.38,-0.8660254037844388,232.35
29/07/2024,41.28,58.45,10.38,5.6159,0,0,0,0,0.38,-0.8660254037844388,232.35
30/07/2024,41.36,58.35,10.37,5.6121,0,0,0,0,0.38,-0.8660254037844388,232.6
31/07/2024,41.06,59.2,10.46,5.65,0,0,0,0,0.38,-0.8660254037844388,232.5
01/08/2024,40.43,59.44,10.36,5.7483,0,0,0,0,-0.02,-0.5000000000000004,231.95
02/08/2024,40.82,59.34,10.39,5.7273,0,0,0,0,-0.02,-0.5000000000000004,233.15
03/08/2024,40.82,59.34,10.39,5.7273,0,0,0,0,-0.02,-0.5000000000000004,233.15
04/08/2024,40.82,59.34,10.39,5.7273,0,0,0,0,-0.02,-0.5000000000000004,233.15
05/08/2024,40.87,59.14,10.31,5.7238,0,0,0,0,-0.02,-0.5000000000000004,234.4
06/08/2024,41.53,59.19,10.47,5.6623,0,0,0,0,-0.02,-0.5000000000000004,234.7
07/08/2024,40.99,59.2,10.52,5.6341,0,0,0,0,-0.02,-0.5000000000000004,230.55
08/08/2024,41.48,59.02,10.59,5.5493,0,0,0,0,-0.02,-0.5000000000000004,231.2
09/08/2024,42.51,58.86,10.68,5.5064,0,0,0,0,-0.02,-0.5000000000000004,234.3
10/08/2024,42.51,58.86,10.68,5.5064,0,0,0,0,-0.02,-0.5000000000000004,234.3
11/08/2024,42.51,58.86,10.68,5.5064,0,0,0,0,-0.02,-0.5000000000000004,234.3
12/08/2024,42.78,59.07,10.73,5.4974,0,0,0,0,-0.02,-0.5000000000000004,235.4
13/08/2024,43.14,59.22,10.85,5.4538,0,0,0,0,-0.02,-0.5000000000000004,235.4
14/08/2024,42.78,59.39,10.85,5.473,0,0,0,0,-0.02,-0.5000000000000004,234.2
15/08/2024,42.48,59.01,10.76,5.4827,0,0,0,0,-0.02,-0.5000000000000004,232.85
16/08/2024,42.7,59.75,10.92,5.4753,0,0,0,0,-0.02,-0.5000000000000004,233.5
17/08/2024,42.7,59.75,10.92,5.4753,0,0,0,0,-0.02,-0.5000000000000004,233.5
18/08/2024,42.7,59.75,10.92,5.4753,0,0,0,0,-0.02,-0.5000000000000004,233.5
19/08/2024,43.15,59.83,11.06,5.4121,0,0,0,0,-0.02,-0.5000000000000004,233.45
20/08/2024,42.93,59.69,10.92,5.478,0,0,0,0,-0.02,-0.5000000000000004,234.75
21/08/2024,43.01,59.89,10.94,5.4858,0,0,0,0,-0.02,-0.5000000000000004,235.5
22/08/2024,42.28,60.12,10.76,5.5834,0,0,0,0,-0.02,-0.5000000000000004,236.3
23/08/2024,43.4,60.02,10.96,5.4863,0,0,0,0,-0.02,-0.5000000000000004,237.7
24/08/2024,43.4,60.02,10.96,5.4863,0,0,0,0,-0.02,-0.5000000000000004,237.7
25/08/2024,43.4,60.02,10.96,5.4863,0,0,0,0,-0.02,-0.5000000000000004,237.7
26/08/2024,43.33,59.74,10.88,5.495,0,0,0,0,-0.02,-0.5000000000000004,237.8
27/08/2024,43.24,59.98,10.9,5.5082,0,0,0,0,-0.02,-0.5000000000000004,237.85
28/08/2024,42.87,59.92,10.8,5.5644,0,0,0,0,-0.02,-0.5000000000000004,237.9
29/08/2024,42.53,60.27,10.73,5.6266,0,0,0,0,-0.02,-0.5000000000000004,239.0
30/08/2024,42.43,60.59,10.72,5.6103,0,0,0,0,-0.02,-0.5000000000000004,239.75
31/08/2024,42.43,60.59,10.72,5.6103,0,0,0,0,-0.02,-0.5000000000000004,239.75
01/09/2024,42.43,60.59,10.72,5.6103,0,0,0,0,-0.02,-1.8369701987210297e-16,239.75
02/09/2024,42.43,60.59,10.72,5.6103,0,0,0,0,0.44,-1.8369701987210297e-16,239.75
03/09/2024,42.82,61.14,10.83,5.6454,0,0,0,0,0.44,-1.8369701987210297e-16,241.8
04/09/2024,43.21,61.57,10.92,5.6399,0,0,0,0,0.44,-1.8369701987210297e-16,243.6
05/09/2024,44.24,61.89,11.09,5.5741,0,0,0,0,0.44,-1.8369701987210297e-16,246.8
06/09/2024,44.13,62.17,11.11,5.599,0,0,0,0,0.44,-1.8369701987210297e-16,246.9
07/09/2024,44.13,62.17,11.11,5.599,0,0,0,0,0.44,-1.8369701987210297e-16,246.9
08/09/2024,44.13,62.17,11.11,5.599,0,0,0,0,0.44,-1.8369701987210297e-16,246.9
09/09/2024,44.26,62.33,11.16,5.5842,0,0,0,0,0.44,-1.8369701987210297e-16,247.15
10/09/2024,43.7,62.82,11.1,5.6582,0,0,0,0,0.44,-1.8369701987210297e-16,247.2
11/09/2024,44.12,63.42,11.22,5.6618,0,0,0,0,0.44,-1.8369701987210297e-16,249.35
12/09/2024,44.72,63.5,11.3,5.6276,0,0,0,0,0.44,-1.8369701987210297e-16,251.35
13/09/2024,45.65,62.74,11.28,5.564,0,0,0,0,0.44,-1.8369701987210297e-16,254.0
14/09/2024,45.65,62.74,11.28,5.564,0,0,0,0,0.44,-1.8369701987210297e-16,254.0
15/09/2024,45.65,62.74,11.28,5.564,0,0,0,0,0.44,-1.8369701987210297e-16,254.0
16/09/2024,45.78,62.42,11.32,5.51,0,0,0,0,0.44,-1.8369701987210297e-16,252.45
17/09/2024,46.86,62.02,11.31,5.4825,0,0,0,0,0.44,-1.8369701987210297e-16,257.05
18/09/2024,47.25,62.34,11.45,5.4612,0,0,0,0,0.44,-1.8369701987210297e-16,257.3
19/09/2024,47.9,62.31,11.48,5.4263,0,0,0,0,0.44,-1.8369701987210297e-16,259.95
20/09/2024,47.3,62.2,11.27,5.5103,0,0,0,0,0.44,-1.8369701987210297e-16,261.05
21/09/2024,47.3,62.2,11.27,5.5103,0,0,0,0,0.44,-1.8369701987210297e-16,261.05
22/09/2024,47.3,62.2,11.27,5.5103,0,0,0,0,0.44,-1.8369701987210297e-16,261.05
23/09/2024,47.29,62.69,11.33,5.5364,0,0,0,0,0.44,-1.8369701987210297e-16,261.7
24/09/2024,48.54,63.24,11.58,5.4547,0,0,0,0,0.44,-1.8369701987210297e-16,265.05
25/09/2024,48.48,63.34,11.56,5.4774,0,0,0,0,0.44,-1.8369701987210297e-16,265.6
26/09/2024,49.67,63.57,11.67,5.4375,0,0,0,0,0.44,-1.8369701987210297e-16,270.55
27/09/2024,50.38,63.88,11.75,5.4329,0,0,0,0,0.44,-1.8369701987210297e-16,273.9
28/09/2024,50.38,63.88,11.75,5.4329,0,0,0,0,0.44,-1.8369701987210297e-16,273.9
29/09/2024,50.38,63.88,11.75,5.4329,0,0,0,0,0.44,-1.8369701987210297e-16,273.9
30/09/2024,50.28,64.3,11.79,5.4482,0,0,0,0,0.44,-1.8369701987210297e-16,274.35
01/10/2024,50.63,65.04,11.92,5.4368,0,0,0,0,0.56,0.5000000000000001,276.35
02/10/2024,51.59,65.52,12.03,5.4407,0,0,0,0,0.56,0.5000000000000001,281.0
03/10/2024,52.22,65.71,12.01,5.4759,0,0,0,0,0.56,0.5000000000000001,285.8
04/10/2024,53.44,66.21,12.13,5.4555,0,0,0,0,0.56,0.5000000000000001,291.8
05/10/2024,53.44,66.21,12.13,5.4555,0,0,0,0,0.56,0.5000000000000001,291.8
06/10/2024,53.44,66.21,12.13,5.4555,0,0,0,0,0.56,0.5000000000000001,291.8
07/10/2024,53.46,66.05,12.04,5.49,0,0,0,0,0.56,0.5000000000000001,293.15
08/10/2024,53.18,66.21,11.97,5.5349,0,0,0,0,0.56,0.5000000000000001,294.2
09/10/2024,52.64,67.07,12.01,5.5941,0,0,0,0,0.56,0.5000000000000001,293.9
10/10/2024,52.73,67.69,12.12,5.5821,0,0,0,0,0.56,0.5000000000000001,294.5
11/10/2024,52.91,67.75,12.05,5.6126,0,0,0,0,0.56,0.5000000000000001,297.5
12/10/2024,52.91,67.75,12.05,5.6126,0,0,1,0,0.56,0.5000000000000001,297.5
13/10/2024,52.91,67.75,12.05,5.6126,0,0,0,0,0.56,0.5000000000000001,297.5
14/10/2024,53.47,67.81,12.15,5.5928,0,0,0,0,0.56,0.5000000000000001,298.55
15/10/2024,52.9,67.96,12.01,5.6502,0,0,0,0,0.56,0.5000000000000001,299.25
16/10/2024,53.01,68.44,12.08,5.6652,0,0,0,0,0.56,0.5000000000000001,300.3
17/10/2024,53.28,68.42,12.07,5.6546,0,0,0,0,0.56,0.5000000000000001,301.95
18/10/2024,53.08,68.77,12.08,5.6912,0,0,0,0,0.56,0.5000000000000001,302.1
19/10/2024,53.08,68.77,12.08,5.6912,0,0,0,0,0.56,0.5000000000000001,302.1
20/10/2024,53.08,68.77,12.08,5.6912,0,0,0,0,0.56,0.5000000000000001,302.1
21/10/2024,53.72,69.76,12.23,5.6939,0,0,0,0,0.56,0.5000000000000001,306.3
22/10/2024,54.03,69.94,12.27,5.6894,0,0,0,0,0.56,0.5000000000000001,308.1
23/10/2024,54.27,70.59,12.41,5.6884,0,0,0,0,0.56,0.5000000000000001,308.8
24/10/2024,55.1,71.36,12.57,5.6643,0,0,0,0,0.56,0.5000000000000001,312.75
25/10/2024,54.84,71.67,12.55,5.7073,0,0,0,0,0.56,0.5000000000000001,313.1
26/10/2024,54.84,71.67,12.55,5.7073,0,0,0,0,0.56,0.5000000000000001,313.1
27/10/2024,54.84,71.67,12.55,5.7073,0,0,0,0,0.56,0.5000000000000001,313.1
28/10/2024,55.04,72.17,12.65,5.7096,0,0,0,0,0.56,0.5000000000000001,314.1
29/10/2024,54.77,72.37,12.56,5.7604,0,0,0,0,0.56,0.5000000000000001,315.7
30/10/2024,55.22,72.67,12.61,5.763,0,0,0,0,0.56,0.5000000000000001,318.3
31/10/2024,55.11,72.94,12.62,5.7867,0,0,0,1,0.56,0.5000000000000001,318.6
01/11/2024,54.61,73.11,12.46,5.8681,0,0,0,1,0.39,0.8660254037844384,320.55
02/11/2024,54.61,73.11,12.46,5.8681,0,0,0,1,0.39,0.8660254037844384,320.55
03/11/2024,54.61,73.11,12.46,5.8681,0,0,0,0,0.39,0.8660254037844384,320.55
04/11/2024,55.56,72.93,12.63,5.7916,0,0,0,0,0.39,0.8660254037844384,320.8
05/11/2024,55.8,73.07,12.71,5.7508,0,0,0,0,0.39,0.8660254037844384,320.9
06/11/2024,57.3,74.21,13.06,5.6793,0,0,0,0,0.39,0.8660254037844384,325.5
07/11/2024,57.41,74.41,13.09,5.6923,0,0,0,0,0.39,0.8660254037844384,326.3
08/11/2024,57.2,74.64,12.97,5.7376,0,0,0,0,0.39,0.8660254037844384,329.05
09/11/2024,57.2,74.64,12.97,5.7376,0,0,0,0,0.39,0.8660254037844384,329.05
10/11/2024,57.2,74.64,12.97,5.7376,0,0,0,0,0.39,0.8660254037844384,329.05
11/11/2024,57.98,74.55,12.92,5.7559,0,0,0,0,0.39,0.8660254037844384,334.6
12/11/2024,58.11,74.37,12.89,5.749,0,0,0,0,0.39,0.8660254037844384,335.15
13/11/2024,58.57,74.45,12.84,5.8061,0,0,0,0,0.39,0.8660254037844384,339.6
14/11/2024,59.21,74.67,12.92,5.789,0,0,0,0,0.39,0.8660254037844384,342.2
15/11/2024,59.21,74.67,12.92,5.7947,0,0,0,0,0.39,0.8660254037844384,342.2
16/11/2024,59.21,74.67,12.92,5.7947,0,0,0,0,0.39,0.8660254037844384,342.2
17/11/2024,59.21,74.67,12.92,5.7947,0,0,0,0,0.39,0.8660254037844384,342.2
18/11/2024,59.92,74.66,13.0,5.7473,0,0,0,0,0.39,0.8660254037844384,344.2
19/11/2024,59.66,73.55,12.74,5.7694,0,0,0,0,0.39,0.8660254037844384,344.45
20/11/2024,59.66,73.55,12.74,5.7725,0,0,0,0,0.39,0.8660254037844384,344.45
21/11/2024,59.65,73.46,12.63,5.8144,0,0,0,0,0.39,0.8660254037844384,347.05
22/11/2024,59.82,73.41,12.63,5.801,0,0,0,0,0.39,0.8660254037844384,347.55
23/11/2024,59.82,73.41,12.63,5.801,0,0,0,0,0.39,0.8660254037844384,347.55
24/11/2024,59.82,73.41,12.63,5.801,0,0,0,0,0.39,0.8660254037844384,347.55
25/11/2024,60.21,73.48,12.65,5.7983,0,0,0,0,0.39,0.8660254037844384,349.75
26/11/2024,60.62,73.12,12.59,5.8095,0,0,0,0,0.39,0.8660254037844384,352.0
27/11/2024,59.61,72.51,12.26,5.9377,0,0,0,0,0.39,0.8660254037844384,352.65
28/11/2024,59.61,72.51,12.26,5.9377,0,0,0,0,0.39,0.8660254037844384,352.65
29/11/2024,58.6,72.77,12.12,5.973,0,0,0,0,0.39,0.8660254037844384,351.95
30/11/2024,58.6,72.77,12.12,5.973,0,0,0,0,0.39,0.8660254037844384,351.95
01/12/2024,58.6,72.77,12.12,5.973,0,0,0,0,0.39,1.0,351.95
02/12/2024,57.98,72.69,11.98,6.058,0,0,0,0,0.52,1.0,351.8
03/12/2024,55.55,72.57,11.98,6.044,0,0,0,0,0.52,1.0,336.4
04/12/2024,55.03,72.47,12.0,6.0409,0,0,0,0,0.52,1.0,332.35
05/12/2024,53.97,73.09,12.18,6.0113,0,0,0,0,0.52,1.0,323.9
06/12/2024,53.18,73.2,12.03,6.0894,0,0,0,0,0.52,1.0,323.7
07/12/2024,53.18,73.2,12.03,6.0894,0,0,0,0,0.52,1.0,323.7
08/12/2024,53.18,73.2,12.03,6.0894,0,0,0,0,0.52,1.0,323.7
09/12/2024,52.94,73.54,12.08,6.0788,0,0,0,0,0.52,1.0,322.15
10/12/2024,52.18,73.62,12.15,6.045,0,0,0,0,0.52,1.0,316.1
11/12/2024,52.62,73.67,12.25,5.9543,0,0,0,0,0.52,1.0,316.45
12/12/2024,52.51,73.25,12.14,5.9915,0,0,0,0,0.52,1.0,316.85
13/12/2024,51.94,72.93,12.07,6.0419,0,0,0,0,0.52,1.0,313.8
14/12/2024,51.94,72.93,12.07,6.0419,0,0,0,0,0.52,1.0,313.8
15/12/2024,51.94,72.93,12.07,6.0419,0,0,0,0,0.52,1.0,313.8
16/12/2024,50.91,72.89,11.98,6.1479,0,0,0,0,0.52,1.0,309.8
17/12/2024,51.1,72.73,11.95,6.1048,0,0,0,0,0.52,1.0,310.9
18/12/2024,50.49,72.74,11.65,6.2896,0,0,0,0,0.52,1.0,315.15
19/12/2024,51.59,72.45,11.85,6.1525,0,0,0,0,0.52,1.0,315.55
20/12/2024,52.0,72.73,12.0,6.0853,0,0,0,0,0.52,1.0,315.1
21/12/2024,52.0,72.73,12.0,6.0853,0,0,0,0,0.52,1.0,315.1
22/12/2024,52.0,72.73,12.0,6.0853,0,0,0,0,0.52,1.0,315.1
23/12/2024,50.82,72.84,11.77,6.1939,0,0,0,0,0.52,1.0,314.6
24/12/2024,50.82,72.84,11.77,6.1906,0,0,0,0,0.52,1.0,314.6
25/12/2024,50.82,72.84,11.77,6.1906,0,0,0,0,0.52,1.0,314.6
26/12/2024,51.13,72.69,11.77,6.1828,0,0,0,0,0.52,1.0,315.85
27/12/2024,51.41,72.65,11.73,6.1964,0,0,0,0,0.52,1.0,318.35
28/12/2024,51.41,72.65,11.73,6.1964,0,0,0,0,0.52,1.0,318.35
29/12/2024,51.41,72.65,11.73,6.1964,0,0,0,0,0.52,1.0,318.35
30/12/2024,51.36,72.69,11.76,6.1778,0,0,0,0,0.52,1.0,317.4
31/12/2024,51.36,72.69,11.76,6.1778,0,0,0,0,0.52,1.0,317.4
01/01/2025,51.36,72.69,11.76,6.1778,0,0,0,0,0.52,0.8660254037844387,317.4
02/01/2025,52.16,72.94,11.83,6.1519,0,0,0,0,0.16,0.8660254037844387,321.55
03/01/2025,52.06,72.99,11.81,6.1798,0,0,0,0,0.16,0.8660254037844387,321.85
04/01/2025,52.06,72.99,11.81,6.1798,0,0,0,0,0.16,0.8660254037844387,321.85
05/01/2025,52.06,72.99,11.81,6.1798,0,0,0,0,0.16,0.8660254037844387,321.85
06/01/2025,52.65,73.14,11.96,6.1152,0,0,0,0,0.16,0.8660254037844387,321.85
07/01/2025,52.74,73.98,12.1,6.101,0,0,0,0,0.16,0.8660254037844387,322.5
08/01/2025,53.0,74.23,12.15,6.1055,0,0,0,0,0.16,0.8660254037844387,323.7
09/01/2025,53.51,74.32,12.28,6.0364,0,0,0,0,0.16,0.8660254037844387,323.9
10/01/2025,53.19,74.91,12.28,6.1053,0,0,0,0,0.16,0.8660254037844387,324.35
11/01/2025,53.19,74.91,12.28,6.1053,0,0,0,0,0.16,0.8660254037844387,324.35
12/01/2025,53.19,74.91,12.28,6.1053,0,0,0,0,0.16,0.8660254037844387,324.35
13/01/2025,53.38,74.92,12.28,6.0944,0,0,0,0,0.16,0.8660254037844387,325.6
14/01/2025,53.86,74.69,12.35,6.0559,0,0,0,0,0.16,0.8660254037844387,325.7
15/01/2025,54.31,74.97,12.45,6.0098,0,0,0,0,0.16,0.8660254037844387,326.95
16/01/2025,53.68,74.42,12.28,6.0499,0,0,0,0,0.16,0.8660254037844387,325.3
17/01/2025,53.88,74.25,12.25,6.0704,0,0,0,0,0.16,0.8660254037844387,326.65
18/01/2025,53.88,74.25,12.25,6.0704,0,0,0,0,0.16,0.8660254037844387,326.65
19/01/2025,53.88,74.25,12.25,6.0704,0,0,0,0,0.16,0.8660254037844387,326.65
20/01/2025,53.88,74.25,12.25,6.0704,0,0,0,0,0.16,0.8660254037844387,326.65
21/01/2025,54.14,74.02,12.27,6.022,0,0,0,0,0.16,0.8660254037844387,326.6
22/01/2025,55.09,74.1,12.48,5.9415,0,0,0,0,0.16,0.8660254037844387,327.15
23/01/2025,54.99,73.88,12.49,5.9243,0,0,0,0,0.16,0.8660254037844387,325.4
24/01/2025,54.99,73.86,12.49,5.9109,0,0,0,0,0.16,0.8660254037844387,325.1
25/01/2025,54.99,73.86,12.49,5.9109,0,0,0,0,0.16,0.8660254037844387,325.1
26/01/2025,54.99,73.86,12.49,5.9109,0,0,0,0,0.16,0.8660254037844387,325.1
27/01/2025,55.27,74.04,12.53,5.8926,0,0,0,0,0.16,0.8660254037844387,326.7
28/01/2025,55.39,74.05,12.61,5.8571,0,0,0,0,0.16,0.8660254037844387,325.2
29/01/2025,55.43,74.49,12.67,5.8563,0,0,0,0,0.16,0.8660254037844387,325.85
30/01/2025,55.56,74.79,12.75,5.874,0,0,0,0,0.16,0.8660254037844387,326.0
31/01/2025,55.56,74.99,12.84,5.841,0,0,0,0,0.16,0.8660254037844387,324.45
01/02/2025,55.56,74.99,12.84,5.841,0,0,0,0,0.16,0.5000000000000001,324.45
02/02/2025,55.56,74.99,12.84,5.841,0,0,0,0,0.16,0.5000000000000001,324.45
03/02/2025,56.08,75.32,12.95,5.8066,0,0,0,0,1.31,0.5000000000000001,326.1
04/02/2025,56.71,75.6,13.11,5.754,0,0,0,0,1.31,0.5000000000000001,327.1
05/02/2025,56.29,76.04,13.13,5.7973,0,0,0,0,1.31,0.5000000000000001,325.85
06/02/2025,56.66,76.42,13.25,5.7617,0,0,0,0,1.31,0.5000000000000001,326.9
07/02/2025,56.08,77.24,13.35,5.8058,0,0,0,0,1.31,0.5000000000000001,324.6
08/02/2025,56.08,77.24,13.35,5.8058,0,0,0,0,1.31,0.5000000000000001,324.6
09/02/2025,56.08,77.24,13.35,5.8058,0,0,0,0,1.31,0.5000000000000001,324.6
10/02/2025,56.08,77.26,13.35,5.7874,0,0,0,0,1.31,0.5000000000000001,324.65
11/02/2025,56.21,77.96,13.51,5.7635,0,0,0,0,1.31,0.5000000000000001,324.25
12/02/2025,56.04,79.0,13.71,5.7649,0,0,0,0,1.31,0.5000000000000001,322.8
13/02/2025,55.48,79.12,13.71,5.7669,0,0,0,0,1.31,0.5000000000000001,320.05
14/02/2025,56.16,79.86,14.0,5.7042,0,0,0,0,1.31,0.5000000000000001,320.3
15/02/2025,56.16,79.86,14.0,5.7042,0,0,0,0,1.31,0.5000000000000001,320.3
16/02/2025,56.16,79.86,14.0,5.7042,0,0,0,0,1.31,0.5000000000000001,320.3
17/02/2025,56.16,79.86,14.0,5.7042,0,0,0,0,1.31,0.5000000000000001,320.3
18/02/2025,55.77,78.91,13.86,5.6892,0,0,0,0,1.31,0.5000000000000001,317.45
19/02/2025,55.14,81.26,14.21,5.7214,0,0,0,0,1.31,0.5000000000000001,315.3
20/02/2025,55.06,83.62,14.65,5.7029,0,0,0,0,1.31,0.5000000000000001,314.2
21/02/2025,55.06,84.19,14.7,5.732,0,0,0,0,1.31,0.5000000000000001,314.2
22/02/2025,55.06,84.19,14.7,5.732,0,0,0,0,1.31,0.5000000000000001,314.2
23/02/2025,55.06,84.19,14.7,5.732,0,0,0,0,1.31,0.5000000000000001,314.2
24/02/2025,54.65,84.85,14.76,5.7785,0,0,0,0,1.31,0.5000000000000001,314.25
25/02/2025,54.24,86.67,15.06,5.7396,0,0,0,0,1.31,0.5000000000000001,312.1
26/02/2025,53.7,87.18,15.03,5.8035,0,0,0,0,1.31,0.5000000000000001,311.4
27/02/2025,53.4,87.68,15.04,5.8401,0,0,0,0,1.31,0.5000000000000001,311.4
28/02/2025,52.66,87.49,14.82,5.8852,0,0,0,0,1.31,0.5000000000000001,310.95
01/03/2025,52.66,87.49,14.82,5.8852,0,0,0,0,1.31,6.123233995736766e-17,310.95
02/03/2025,52.66,87.49,14.82,5.8852,0,0,0,0,1.31,6.123233995736766e-17,310.95
03/03/2025,52.66,87.49,14.82,5.8852,0,0,0,0,1.31,6.123233995736766e-17,310.95
04/03/2025,52.66,87.49,14.82,5.8852,0,0,0,0,1.31,6.123233995736766e-17,310.95
05/03/2025,53.8,87.67,15.23,5.7394,0,0,0,0,0.56,6.123233995736766e-17,309.7
06/03/2025,53.96,87.85,15.24,5.7639,0,0,0,0,0.56,6.123233995736766e-17,311.0
07/03/2025,53.81,88.71,15.32,5.7874,0,0,0,0,0.56,6.123233995736766e-17,311.65
08/03/2025,53.81,88.71,15.32,5.7874,0,0,0,0,0.56,6.123233995736766e-17,311.65
09/03/2025,53.81,88.71,15.32,5.7874,0,0,0,0,0.56,6.123233995736766e-17,311.65
10/03/2025,53.2,88.52,15.12,5.8555,0,0,0,0,0.56,6.123233995736766e-17,311.45
11/03/2025,53.71,89.08,15.34,5.8103,0,0,0,0,0.56,6.123233995736766e-17,311.95
12/03/2025,53.75,89.39,15.4,5.7978,0,0,0,0,0.56,6.123233995736766e-17,312.1
13/03/2025,53.75,89.88,15.5,5.799,0,0,0,0,0.56,6.123233995736766e-17,312.1
14/03/2025,53.95,89.83,15.65,5.7385,0,0,0,0,0.56,6.123233995736766e-17,309.7
15/03/2025,53.95,89.83,15.65,5.7385,0,0,0,0,0.56,6.123233995736766e-17,309.7
16/03/2025,53.95,89.83,15.65,5.7385,0,0,0,0,0.56,6.123233995736766e-17,309.7
17/03/2025,54.5,90.26,15.91,5.6835,0,0,0,0,0.56,6.123233995736766e-17,309.2
18/03/2025,54.66,90.33,15.92,5.6705,0,0,0,0,0.56,6.123233995736766e-17,310.1
19/03/2025,54.9,90.18,15.96,5.6485,0,0,0,0,0.56,6.123233995736766e-17,310.25
20/03/2025,54.91,90.08,15.89,5.6797,0,0,0,0,0.56,6.123233995736766e-17,311.25
21/03/2025,54.68,90.14,15.77,5.7291,0,0,0,0,0.56,6.123233995736766e-17,312.6
22/03/2025,54.68,90.14,15.77,5.7291,0,0,0,0,0.56,6.123233995736766e-17,312.6
23/03/2025,54.68,90.14,15.77,5.7291,0,0,0,0,0.56,6.123233995736766e-17,312.6
24/03/2025,54.37,89.74,15.6,5.7646,0,0,0,0,0.56,6.123233995736766e-17,312.75
25/03/2025,54.88,89.12,15.63,5.6989,0,0,0,0,0.56,6.123233995736766e-17,312.95
26/03/2025,54.57,88.94,15.51,5.7359,0,0,0,0,0.56,6.123233995736766e-17,312.95
27/03/2025,54.99,87.92,15.28,5.7452,0,0,0,0,0.56,6.123233995736766e-17,316.55
28/03/2025,55.42,87.87,15.26,5.7604,0,0,0,0,0.56,6.123233995736766e-17,319.1
29/03/2025,55.42,87.87,15.26,5.7604,0,0,0,0,0.56,6.123233995736766e-17,319.1
30/03/2025,55.42,87.87,15.26,5.7604,0,0,0,0,0.56,6.123233995736766e-17,319.1
31/03/2025,55.99,87.71,15.37,5.7047,0,0,0,0,0.56,6.123233995736766e-17,319.5
01/04/2025,56.42,86.62,15.24,5.6815,0,0,0,0,0.43,-0.4999999999999998,320.75
02/04/2025,56.34,85.97,15.1,5.6607,0,0,0,0,0.43,-0.4999999999999998,320.8
03/04/2025,57.16,84.82,15.08,5.629,0,0,0,0,0.43,-0.4999999999999998,321.6
04/04/2025,55.62,84.63,14.5,5.8425,0,0,0,0,0.43,-0.4999999999999998,324.6
05/04/2025,55.62,84.63,14.5,5.8425,0,0,0,0,0.43,-0.4999999999999998,324.6
06/04/2025,55.62,84.63,14.5,5.8425,0,0,0,0,0.43,-0.4999999999999998,324.6
07/04/2025,55.62,84.83,14.35,5.9139,0,0,0,0,0.43,-0.4999999999999998,324.6
08/04/2025,54.18,85.25,14.24,6.0109,0,0,0,0,0.43,-0.4999999999999998,324.4
09/04/2025,55.15,85.72,14.68,5.8215,0,0,0,0,0.43,-0.4999999999999998,322.0
10/04/2025,54.84,85.57,14.49,5.8856,0,0,0,0,0.43,-0.4999999999999998,323.8
11/04/2025,55.28,84.98,14.48,5.8648,0,0,0,0,0.43,-0.4999999999999998,324.5
12/04/2025,55.28,84.98,14.48,5.8648,0,0,0,0,0.43,-0.4999999999999998,324.5
13/04/2025,55.28,84.98,14.48,5.8648,0,0,0,0,0.43,-0.4999999999999998,324.5
14/04/2025,56.14,85.3,14.58,5.8551,0,0,0,0,0.43,-0.4999999999999998,328.5
15/04/2025,55.5,84.71,14.38,5.8859,0,0,0,0,0.43,-0.4999999999999998,327.0
16/04/2025,55.54,83.78,14.27,5.8664,0,0,0,0,0.43,-0.4999999999999998,326.0
17/04/2025,56.25,83.49,14.38,5.8063,0,0,0,0,0.43,-0.4999999999999998,326.65
18/04/2025,56.25,83.49,14.38,5.8063,0,0,0,0,0.43,-0.4999999999999998,326.65
19/04/2025,56.25,83.49,14.38,5.8063,0,0,0,0,0.43,-0.4999999999999998,326.65
20/04/2025,56.25,83.49,14.38,5.8063,0,0,0,0,0.43,-0.4999999999999998,326.65
21/04/2025,56.25,83.49,14.38,5.8067,0,0,0,0,0.43,-0.4999999999999998,326.65
22/04/2025,57.2,82.57,14.43,5.7255,0,0,0,0,0.43,-0.4999999999999998,327.3
23/04/2025,57.03,81.97,14.34,5.7096,0,0,0,0,0.43,-0.4999999999999998,325.95
24/04/2025,57.04,81.6,14.36,5.6833,0,0,0,0,0.43,-0.4999999999999998,324.15
25/04/2025,56.99,80.54,14.17,5.6841,0,0,0,0,0.43,-0.4999999999999998,323.9
26/04/2025,56.99,80.54,14.17,5.6841,0,0,0,0,0.43,-0.4999999999999998,323.9
27/04/2025,56.99,80.54,14.17,5.6841,0,0,0,0,0.43,-0.4999999999999998,323.9
28/04/2025,56.99,80.49,14.24,5.6546,0,0,0,0,0.43,-0.4999999999999998,323.9
29/04/2025,56.8,80.37,14.27,5.621,0,0,0,0,0.43,-0.4999999999999998,319.9
30/04/2025,56.21,80.13,14.13,5.6748,0,0,0,0,0.43,-0.4999999999999998,318.85
01/05/2025,56.21,80.13,14.13,5.6734,0,0,0,0,0.43,-0.8660254037844387,318.85
02/05/2025,56.21,79.07,13.98,5.6579,0,0,0,0,0.26,-0.8660254037844387,318.85
03/05/2025,56.21,79.07,13.98,5.6579,0,0,0,0,0.26,-0.8660254037844387,318.85
04/05/2025,56.21,79.07,13.98,5.6579,0,0,0,0,0.26,-0.8660254037844387,318.85
05/05/2025,56.16,79.05,13.9,5.6886,0,0,0,0,0.26,-0.8660254037844387,319.45
06/05/2025,55.46,77.61,13.6,5.7135,0,0,0,0,0.26,-0.8660254037844387,316.5
07/05/2025,54.82,76.38,13.26,5.7459,0,0,0,0,0.26,-0.8660254037844387,315.75
08/05/2025,54.52,75.93,13.39,5.6615,0,0,0,0,0.26,-0.8660254037844387,309.2
09/05/2025,54.52,75.07,13.27,5.6556,0,1,0,0,0.26,-0.8660254037844387,309.2
10/05/2025,54.52,75.07,13.27,5.6556,0,1,0,0,0.26,-0.8660254037844387,309.2
11/05/2025,54.52,75.07,13.27,5.6556,0,1,0,0,0.26,-0.8660254037844387,309.2
12/05/2025,55.19,74.34,13.07,5.6752,0,0,0,0,0.26,-0.8660254037844387,313.8
13/05/2025,55.05,73.57,13.14,5.6085,0,0,0,0,0.26,-0.8660254037844387,308.35
14/05/2025,54.74,73.12,12.99,5.6384,0,0,0,0,0.26,-0.8660254037844387,308.0
15/05/2025,54.21,73.07,12.86,5.6821,0,0,0,0,0.26,-0.8660254037844387,308.0
16/05/2025,53.39,72.93,12.87,5.6633,0,0,0,0,0.26,-0.8660254037844387,302.6
17/05/2025,53.39,72.93,12.87,5.6633,0,0,0,0,0.26,-0.8660254037844387,302.6
18/05/2025,53.39,72.93,12.87,5.6633,0,0,0,0,0.26,-0.8660254037844387,302.6
19/05/2025,53.44,72.68,12.86,5.6516,0,0,0,0,0.26,-0.8660254037844387,302.15
20/05/2025,54.03,72.59,12.8,5.6682,0,0,0,0,0.26,-0.8660254037844387,306.4
21/05/2025,53.74,72.03,12.75,5.6458,0,0,0,0,0.26,-0.8660254037844387,303.65
22/05/2025,53.74,71.22,12.6,5.716,0,0,0,0,0.26,-0.8660254037844387,303.65
23/05/2025,53.24,71.13,12.58,5.6468,0,0,0,0,0.26,-0.8660254037844387,301.0
24/05/2025,53.24,71.13,12.58,5.6468,0,0,0,0,0.26,-0.8660254037844387,301.0
25/05/2025,53.24,71.13,12.58,5.6468,0,0,0,0,0.26,-0.8660254037844387,301.0
26/05/2025,53.24,71.13,12.58,5.6468,0,0,0,0,0.26,-0.8660254037844387,301.0
27/05/2025,54.1,70.82,12.54,5.6424,0,0,0,0,0.26,-0.8660254037844387,305.6
28/05/2025,53.59,69.42,12.19,5.689,0,0,0,0,0.26,-0.8660254037844387,305.1
29/05/2025,54.07,69.17,12.2,5.6666,0,0,0,0,0.26,-0.8660254037844387,306.5
30/05/2025,53.53,68.95,12.06,5.7227,0,0,0,0,0.26,-0.8660254037844387,306.1
31/05/2025,53.53,68.95,12.06,5.7227,0,0,0,0,0.26,-0.8660254037844387,306.1
01/06/2025,53.53,68.95,12.06,5.7227,0,0,0,0,0.26,-1.0,306.1
02/06/2025,53.53,68.85,12.12,5.6734,0,0,0,0,0.24,-1.0,306.1
03/06/2025,54.32,68.89,12.21,5.6393,0,0,0,0,0.24,-1.0,306.4
04/06/2025,55.08,69.02,12.22,5.6368,0,0,0,0,0.24,-1.0,311.2
05/06/2025,55.65,68.96,12.33,5.5893,0,0,0,0,0.24,-1.0,311.15
06/06/2025,55.65,69.53,12.5,5.5594,0,0,0,0,0.24,-1.0,311.15
07/06/2025,55.65,69.53,12.5,5.5594,0,0,0,0,0.24,-1.0,311.15
08/06/2025,55.65,69.53,12.5,5.5594,0,0,0,0,0.24,-1.0,311.15
09/06/2025,56.04,68.79,12.37,5.5588,0,0,0,0,0.24,-1.0,311.75
10/06/2025,56.01,67.73,12.15,5.5744,0,0,0,0,0.24,-1.0,312.2
11/06/2025,56.66,67.97,12.26,5.5364,0,0,0,0,0.24,-1.0,314.2
12/06/2025,56.96,67.64,12.2,5.5375,0,0,0,0,0.24,-1.0,315.85
13/06/2025,56.77,67.61,12.21,5.5439,0,0,0,0,0.24,-1.0,314.35
14/06/2025,56.77,67.61,12.21,5.5439,0,0,0,0,0.24,-1.0,314.35
15/06/2025,56.77,67.61,12.21,5.5439,0,0,0,0,0.24,-1.0,314.35
16/06/2025,56.77,67.5,12.29,5.492,0,0,0,0,0.24,-1.0,314.35
17/06/2025,57.05,67.36,12.25,5.4997,0,0,0,0,0.24,-1.0,313.85
18/06/2025,57.13,68.07,12.37,5.4917,0,0,0,0,0.24,-1.0,314.4
19/06/2025,57.13,68.07,12.37,5.4917,0,0,0,0,0.24,-1.0,314.4
20/06/2025,57.13,68.11,12.33,5.5132,0,0,0,0,0.24,-1.0,314.4
21/06/2025,57.13,68.11,12.33,5.5132,0,0,0,0,0.24,-1.0,314.4
22/06/2025,57.13,68.11,12.33,5.5132,0,0,0,0,0.24,-1.0,314.4
23/06/2025,57.13,68.43,12.43,5.4965,0,0,0,0,0.24,-1.0,314.4
24/06/2025,57.62,68.27,12.38,5.5113,0,0,0,0,0.24,-1.0,317.7
25/06/2025,56.91,68.04,12.25,5.5637,0,0,0,0,0.24,-1.0,316.2
26/06/2025,57.39,67.58,12.28,5.489,0,0,0,0,0.24,-1.0,315.75
27/06/2025,57.86,67.65,12.33,5.4856,0,0,0,0,0.24,-1.0,317.4
28/06/2025,57.86,67.65,12.33,5.4856,0,0,0,0,0.24,-1.0,317.4
29/06/2025,57.86,67.65,12.33,5.4856,0,0,0,0,0.24,-1.0,317.4
30/06/2025,57.86,67.02,12.34,5.4326,0,0,0,0,0.24,-1.0,317.4
01/07/2025,56.86,65.68,12.02,5.4588,0,0,0,0,0.26,-0.8660254037844388,310.65
02/07/2025,56.86,65.25,12.03,5.424,0,0,0,0,0.26,-0.8660254037844388,310.65
03/07/2025,57.35,64.15,11.85,5.409,0,0,0,0,0.26,-0.8660254037844388,310.4
04/07/2025,57.35,64.15,11.85,5.409,0,0,0,0,0.26,-0.8660254037844388,310.4
05/07/2025,57.35,64.15,11.85,5.409,0,0,0,0,0.26,-0.8660254037844388,310.4
06/07/2025,57.35,64.15,11.85,5.409,0,0,0,0,0.26,-0.8660254037844388,310.4
07/07/2025,55.77,63.44,11.58,5.488,0,0,0,0,0.26,-0.8660254037844388,305.55
08/07/2025,56.11,63.35,11.63,5.4474,0,0,0,0,0.26,-0.8660254037844388,305.6
09/07/2025,55.53,63.19,11.5,5.5766,0,0,0,0,0.26,-0.8660254037844388,305.0
10/07/2025,54.09,62.98,11.37,5.5321,0,0,0,0,0.26,-0.8660254037844388,299.7
11/07/2025,54.09,62.91,11.34,5.5589,0,0,0,0,0.26,-0.8660254037844388,299.7
12/07/2025,54.09,62.91,11.34,5.5589,0,0,0,0,0.26,-0.8660254037844388,299.7
13/07/2025,54.09,62.91,11.34,5.5589,0,0,0,0,0.26,-0.8660254037844388,299.7
14/07/2025,53.58,62.73,11.23,5.5893,0,0,0,0,0.26,-0.8660254037844388,299.25
15/07/2025,54.05,62.78,11.29,5.5571,0,0,0,0,0.26,-0.8660254037844388,300.6
16/07/2025,53.67,62.84,11.3,5.569,0,0,0,0,0.26,-0.8660254037844388,298.5
17/07/2025,53.67,62.93,11.34,5.5449,0,0,0,0,0.26,-0.8660254037844388,298.5
18/07/2025,53.12,63.39,11.35,5.579,0,0,0,0,0.26,-0.8660254037844388,296.75
19/07/2025,53.12,63.39,11.35,5.579,0,0,0,0,0.26,-0.8660254037844388,296.75
20/07/2025,53.12,63.39,11.35,5.579,0,0,0,0,0.26,-0.8660254037844388,296.75
21/07/2025,52.78,63.56,11.41,5.5671,0,0,0,0,0.26,-0.8660254037844388,293.9
22/07/2025,53.2,64.02,11.5,5.5657,0,0,0,0,0.26,-0.8660254037844388,296.1
23/07/2025,53.2,64.0,11.59,5.5212,0,0,0,0,0.26,-0.8660254037844388,296.1
24/07/2025,53.36,64.11,11.62,5.5215,0,0,0,0,0.26,-0.8660254037844388,294.45
25/07/2025,52.42,63.74,11.45,5.5633,0,0,0,0,0.26,-0.8660254037844388,291.8
26/07/2025,52.42,63.74,11.45,5.5633,0,0,0,0,0.26,-0.8660254037844388,291.8
27/07/2025,52.42,63.74,11.45,5.5633,0,0,0,0,0.26,-0.8660254037844388,291.8
28/07/2025,52.3,63.7,11.38,5.5888,0,0,0,0,0.26,-0.8660254037844388,292.65
29/07/2025,52.88,63.64,11.43,5.5747,0,0,0,0,0.26,-0.8660254037844388,294.5
30/07/2025,52.78,63.51,11.39,5.5695,0,0,0,0,0.26,-0.8660254037844388,294.2
31/07/2025,52.55,63.54,11.35,5.6015,0,0,0,0,0.26,-0.8660254037844388,294.35
01/08/2025,52.55,63.71,11.48,5.542,0,0,0,0,-0.11,-0.5000000000000004,294.35
02/08/2025,52.55,63.71,11.48,5.542,0,0,0,0,-0.11,-0.5000000000000004,294.35
03/08/2025,52.55,63.71,11.48,5.542,0,0,0,0,-0.11,-0.5000000000000004,294.35
04/08/2025,54.29,64.0,11.62,5.4988,0,0,0,0,-0.11,-0.5000000000000004,298.95
05/08/2025,54.66,64.01,11.62,5.5075,0,0,0,0,-0.11,-0.5000000000000004,301.0
06/08/2025,55.7,63.67,11.66,5.4632,0,0,0,0,-0.11,-0.5000000000000004,304.3
07/08/2025,56.17,63.58,11.7,5.4236,0,0,0,0,-0.11,-0.5000000000000004,305.3
08/08/2025,56.17,63.61,11.69,5.434,0,0,0,0,-0.11,-0.5000000000000004,305.6
09/08/2025,56.17,63.61,11.69,5.434,0,0,0,0,-0.11,-0.5000000000000004,305.6
10/08/2025,56.17,63.61,11.69,5.434,0,0,0,0,-0.11,-0.5000000000000004,305.6
11/08/2025,56.17,63.65,11.69,5.4424,0,0,0,0,-0.11,-0.5000000000000004,305.6
12/08/2025,57.49,63.89,11.85,5.3895,0,0,0,0,-0.11,-0.5000000000000004,309.85
13/08/2025,57.12,63.7,11.79,5.3991,0,0,0,0,-0.11,-0.5000000000000004,308.7
14/08/2025,57.02,63.37,11.7,5.416,0,0,0,0,-0.11,-0.5000000000000004,308.9
15/08/2025,57.11,63.26,11.72,5.4009,0,0,0,0,-0.11,-0.5000000000000004,308.3
16/08/2025,57.11,63.26,11.72,5.4009,0,0,0,0,-0.11,-0.5000000000000004,308.3
17/08/2025,57.11,63.26,11.72,5.4009,0,0,0,0,-0.11,-0.5000000000000004,308.3
18/08/2025,56.52,63.33,11.66,5.4368,0,0,0,0,-0.11,-0.5000000000000004,307.05
19/08/2025,55.94,63.83,11.6,5.504,0,0,0,0,-0.11,-0.5000000000000004,307.75
20/08/2025,56.74,63.87,11.67,5.4829,0,0,0,0,-0.11,-0.5000000000000004,310.55
21/08/2025,56.71,64.03,11.68,5.471,0,0,0,0,-0.11,-0.5000000000000004,310.75
22/08/2025,57.24,64.05,11.81,5.4227,0,0,0,0,-0.11,-0.5000000000000004,310.55
23/08/2025,57.24,64.05,11.81,5.4227,0,0,0,0,-0.11,-0.5000000000000004,310.55
24/08/2025,57.24,64.05,11.81,5.4227,0,0,0,0,-0.11,-0.5000000000000004,310.55
25/08/2025,57.24,64.32,11.88,5.4121,0,0,0,0,-0.11,-0.5000000000000004,310.55
26/08/2025,57.21,64.34,11.84,5.4311,0,0,0,0,-0.11,-0.5000000000000004,310.95
26/08/2025,57.21,64.34,11.84,5.4311,0,0,0,0,-0.11,-0.5000000000000004,310.95
26/08/2025,57.21,64.34,11.84,5.4311,0,0,0,0,-0.11,-0.5000000000000004,310.95
26/08/2025,57.21,64.34,11.84,5.4311,0,0,0,0,-0.11,-0.5000000000000004,310.95
26/08/2025,57.21,64.34,11.84,5.4311,0,0,0,0,-0.11,-0.5000000000000004,310.95
26/08/2025,57.21,64.34,11.84,5.4311,0,0,0,0,-0.11,-0.5000000000000004,310.95
26/08/2025,57.21,64.34,11.84,5.4311,0,0,0,0,-0.11,-0.5000000000000004,310.95
26/08/2025,57.21,64.34,11.84,5.4311,0,0,0,0,-0.11,-0.5000000000000004,310.95
26/08/2025,57.21,64.34,11.84,5.4311,0,0,0,0,-0.11,-0.5000000000000004,310.95
26/08/2025,57.21,64.34,11.84,5.4311,0,0,0,0,-0.11,-0.5000000000000004,310.95
26/08/2025,57.21,64.34,11.84,5.4311,0,0,0,0,-0.11,-0.5000000000000004,310.95
26/08/2025,57.21,64.34,11.84,5.4311,0,0,0,0,-0.11,-0.5000000000000004,310.95
26/08/2025,57.21,64.34,11.84,5.4311,0,0,0,0,-0.11,-0.5000000000000004,310.95
26/08/2025,57.21,64.34,11.84,5.4311,0,0,0,0,-0.11,-0.5000000000000004,310.95
26/08/2025,57.21,64.34,11.84,5.4311,0,0,0,0,-0.11,-0.5000000000000004,310.95
26/08/2025,57.21,64.34,11.84,5.4311,0,0,0,0,-0.11,-0.5000000000000004,310.95
26/08/2025,57.21,64.34,11.84,5.4311,0,0,0,0,-0.11,-0.5000000000000004,310.95
26/08/2025,57.21,64.34,11.84,5.4311,0,0,0,0,-0.11,-0.5000000000000004,310.95
27/08/2025,57.43,64.49,11.9,5.4178,0,0,0,0,-0.11,-0.5000000000000004,311.35
28/08/2025,57.61,64.26,11.89,5.4129,0,0,0,0,-0.11,-0.5000000000000004,311.4
29/08/2025,57.29,64.29,11.86,5.4304,0,0,0,0,-0.11,-0.5000000000000004,310.5
30/08/2025,57.29,64.29,11.86,5.4304,0,0,0,0,-0.11,-0.5000000000000004,310.5
31/08/2025,57.29,64.29,11.86,5.4304,0,0,0,0,-0.11,-0.5000000000000004,310.5
01/09/2025,57.29,64.29,11.86,5.4304,0,0,0,0,0.48,-1.8369701987210297e-16,310.5
02/09/2025,57.29,64.53,11.79,5.465,0,0,0,0,0.48,-1.8369701987210297e-16,313.65
03/09/2025,57.42,64.58,11.83,5.4516,0,0,0,0,0.48,-1.8369701987210297e-16,313.4
04/09/2025,57.42,64.7,11.88,5.4462,0,0,0,0,0.48,-1.8369701987210297e-16,313.4
05/09/2025,57.66,64.78,11.97,5.4134,0,0,0,0,0.48,-1.8369701987210297e-16,312.1
06/09/2025,57.66,64.78,11.97,5.4134,0,0,0,0,0.48,-1.8369701987210297e-16,312.1
07/09/2025,57.66,64.78,11.97,5.4134,0,0,0,0,0.48,-1.8369701987210297e-16,312.1
08/09/2025,57.62,64.82,11.96,5.4196,0,0,0,0,0.48,-1.8369701987210297e-16,312.25
09/09/2025,57.36,65.15,11.99,5.4398,0,0,0,0,0.48,-1.8369701987210297e-16,311.7
10/09/2025,57.63,65.07,12.03,5.4087,0,0,0,0,0.48,-1.8369701987210297e-16,311.65
11/09/2025,57.61,64.97,12.04,5.3903,0,0,0,0,0.48,-1.8369701987210297e-16,310.75
12/09/2025,57.61,65.03,12.14,5.3549,0,0,0,0,0.48,-1.8369701987210297e-16,310.75
13/09/2025,57.61,65.03,12.14,5.3549,0,0,0,0,0.48,-1.8369701987210297e-16,310.75
14/09/2025,57.61,65.03,12.14,5.3549,0,0,0,0,0.48,-1.8369701987210297e-16,310.75
15/09/2025,57.9,65.08,12.24,5.3168,0,0,0,0,0.48,-1.8369701987210297e-16,307.9
16/09/2025,57.96,65.19,12.3,5.2972,0,0,0,0,0.48,-1.8369701987210297e-16,307.05
17/09/2025,57.58,65.36,12.33,5.3059,0,0,0,0,0.48,-1.8369701987210297e-16,305.1
18/09/2025,57.48,65.33,12.3,5.3138,0,0,0,0,0.48,-1.8369701987210297e-16,305.2
19/09/2025,57.16,65.32,12.28,5.3238,0,0,0,0,0.48,-1.8369701987210297e-16,304.1
20/09/2025,57.16,65.32,12.28,5.3238,0,0,0,0,0.48,-1.8369701987210297e-16,304.1
21/09/2025,57.16,65.32,12.28,5.3238,0,0,0,0,0.48,-1.8369701987210297e-16,304.1
22/09/2025,57.05,64.75,12.13,5.3353,0,0,0,0,0.48,-1.8369701987210297e-16,304.45
23/09/2025,57.05,64.32,12.17,5.285,0,0,0,0,0.48,-1.8369701987210297e-16,304.45
24/09/2025,56.65,64.33,12.08,5.327,0,0,0,0,0.48,-1.8369701987210297e-16,301.8
25/09/2025,56.26,64.36,11.99,5.368,0,0,0,0,0.48,-1.8369701987210297e-16,302.0
26/09/2025,56.73,64.34,12.05,5.34,0,0,0,0,0.48,-1.8369701987210297e-16,302.95
27/09/2025,56.73,64.34,12.05,5.34,0,0,0,0,0.48,-1.8369701987210297e-16,302.95
28/09/2025,56.73,64.34,12.05,5.34,0,0,0,0,0.48,-1.8369701987210297e-16,302.95
29/09/2025,57.15,64.36,12.1,5.318,0,0,0,0,0.48,-1.8369701987210297e-16,303.95
30/09/2025,57.12,64.26,12.07,5.324,0,0,0,0,0.48,-1.8369701987210297e-16,304.1
01/10/2025,57.43,64.31,12.09,5.321,0,0,0,0,0.09,0.5000000000000001,305.6
02/10/2025,57.27,64.57,12.09,5.34,0,0,0,0,0.09,0.5000000000000001,305.8
03/10/2025,57.66,64.77,12.15,5.33,0,0,0,0,0.09,0.5000000000000001,307.35
04/10/2025,57.66,64.77,12.15,5.33,0,0,0,0,0.09,0.5000000000000001,307.35
05/10/2025,57.66,64.77,12.15,5.33,0,0,0,0,0.09,0.5000000000000001,307.35
06/10/2025,57.66,64.93,12.22,5.311,0,0,0,0,0.09,0.5000000000000001,307.35
07/10/2025,57.31,65.09,12.17,5.348,0,0,0,0,0.09,0.5000000000000001,306.5
08/10/2025,57.56,65.3,12.22,5.344,0,0,0,0,0.09,0.5000000000000001,307.6
09/10/2025,57.26,65.19,12.12,5.378,0,0,0,0,0.09,0.5000000000000001,307.95
10/10/2025,57.26,65.21,11.86,5.499,0,0,0,0,0.09,0.5000000000000001,307.95
11/10/2025,57.26,65.21,11.86,5.499,0,0,0,0,0.09,0.5000000000000001,307.95
12/10/2025,57.26,65.21,11.86,5.499,0,0,1,0,0.09,0.5000000000000001,307.95
13/10/2025,56.49,65.15,11.94,5.458,0,0,0,0,0.09,0.5000000000000001,308.3
14/10/2025,56.48,64.98,11.89,5.466,0,0,0,0,0.09,0.5000000000000001,308.7
15/10/2025,56.65,64.96,11.9,5.457,0,0,0,0,0.09,0.5000000000000001,309.15
16/10/2025,56.65,65.12,11.96,5.447,0,0,0,0,0.09,0.5000000000000001,309.15
17/10/2025,57.29,65.53,12.12,5.406,0,0,0,0,0.09,0.5000000000000001,309.7
18/10/2025,57.29,65.53,12.12,5.406,0,0,0,0,0.09,0.5000000000000001,309.7
19/10/2025,57.29,65.53,12.12,5.406,0,0,0,0,0.09,0.5000000000000001,309.7
20/10/2025,57.73,65.49,12.19,5.373,0,0,0,0,0.09,0.5000000000000001,310.2
21/10/2025,57.69,65.61,12.17,5.389,0,0,0,0,0.09,0.5000000000000001,310.9
22/10/2025,57.66,65.47,12.12,5.401,0,0,0,0,0.09,0.5000000000000001,311.4
23/10/2025,57.66,65.63,12.19,5.386,0,0,0,0,0.09,0.5000000000000001,311.4
24/10/2025,58.08,65.66,12.18,5.392,0,0,0,0,0.09,0.5000000000000001,313.15
25/10/2025,58.08,65.66,12.18,5.392,0,0,0,0,0.09,0.5000000000000001,313.15
26/10/2025,58.08,65.66,12.18,5.392,0,0,0,0,0.09,0.5000000000000001,313.15
27/10/2025,58.33,65.71,12.23,5.372,0,0,0,0,0.09,0.5000000000000001,313.35
28/10/2025,58.7,65.84,12.28,5.36,0,0,0,0,0.09,0.5000000000000001,314.65
29/10/2025,59.24,66.03,12.31,5.366,0,0,0,0,0.09,0.5000000000000001,317.9
30/10/2025,59.29,66.24,12.32,5.378,0,0,0,0,0.09,0.5000000000000001,318.85
31/10/2025,59.29,66.15,12.29,5.381,0,0,0,0,0.09,0.5000000000000001,318.85
01/11/2025,59.29,66.15,12.29,5.381,0,0,0,0,0.09,0.8660254037844384,318.85
02/11/2025,59.29,66.15,12.29,5.381,0,0,0,1,0.09,0.8660254037844384,318.85
03/11/2025,59.78,66.43,12.4,5.356,0,0,0,0,0.18,0.8660254037844384,320.2
04/11/2025,59.75,66.69,12.35,5.398,0,0,0,0,0.18,0.8660254037844384,322.55
05/11/2025,60.35,66.8,12.46,5.359,0,0,0,0,0.18,0.8660254037844384,323.4
06/11/2025,60.53,66.85,12.5,5.348,0,0,0,0,0.18,0.8660254037844384,323.7
07/11/2025,60.53,67.08,12.57,5.338,0,0,0,0,0.18,0.8660254037844384,323.7
08/11/2025,60.53,67.08,12.57,5.338,0,0,0,0,0.18,0.8660254037844384,323.7
09/11/2025,60.53,67.08,12.57,5.338,0,0,0,0,0.18,0.8660254037844384,323.7
10/11/2025,60.8,67.31,12.68,5.307,0,0,0,0,0.18,0.8660254037844384,322.65
11/11/2025,61.13,67.34,12.78,5.27,0,0,0,0,0.18,0.8660254037844384,322.15
12/11/2025,60.81,67.36,12.73,5.293,0,0,0,0,0.18,0.8660254037844384,321.85
13/11/2025,60.87,67.46,12.73,5.297,0,0,0,0,0.18,0.8660254037844384,322.45
14/11/2025,60.89,67.52,12.74,5.299,0,0,0,0,0.18,0.8660254037844384,322.65
15/11/2025,60.89,67.52,12.74,5.299,0,0,0,0,0.18,0.8660254037844384,322.65
16/11/2025,60.89,67.52,12.74,5.299,0,0,0,0,0.18,0.8660254037844384,322.65
17/11/2025,60.34,67.62,12.7,5.326,0,0,0,0,0.18,0.8660254037844384,321.35
18/11/2025,60.41,67.61,12.71,5.318,0,0,0,0,0.18,0.8660254037844384,321.25
19/11/2025,60.23,67.64,12.67,5.338,0,0,0,0,0.18,0.8660254037844384,321.5
20/11/2025,60.23,67.64,12.67,5.338,0,0,0,0,0.18,0.8660254037844384,321.5
21/11/2025,59.75,67.67,12.54,5.397,0,0,0,0,0.18,0.8660254037844384,322.45
22/11/2025,59.75,67.67,12.54,5.397,0,0,0,0,0.18,0.8660254037844384,322.45
23/11/2025,59.75,67.67,12.54,5.397,0,0,0,0,0.18,0.8660254037844384,322.45
24/11/2025,59.75,67.82,12.57,5.394,0,0,0,0,0.18,0.8660254037844384,322.45
25/11/2025,59.76,68.24,12.69,5.376,0,0,0,0,0.18,0.8660254037844384,321.25
26/11/2025,60.18,68.4,12.82,5.336,0,0,0,0,0.18,0.8660254037844384,321.1
27/11/2025,60.18,68.4,12.82,5.336,0,0,0,0,0.18,0.8660254037844384,321.1
28/11/2025,60.32,68.76,12.9,5.332,0,0,0,0,0.18,0.8660254037844384,321.6
29/11/2025,60.32,68.76,12.9,5.332,0,0,0,0,0.18,0.8660254037844384,321.6
30/11/2025,60.32,68.76,12.9,5.332,0,0,0,0,0.18,0.8660254037844384,321.6
01/12/2025,60.32,69.04,12.88,5.359,0,0,0,0,0.18,1.0,321.6
02/12/2025,60.34,69.54,13.04,5.332,0,0,0,0,0.18,1.0,321.75
03/12/2025,60.47,69.91,13.16,5.312,0,0,0,0,0.18,1.0,321.2
04/12/2025,60.66,69.97,13.18,5.309,0,0,0,0,0.18,1.0,322.05
05/12/2025,59.04,70.3,12.89,5.456,0,0,0,0,0.18,1.0,322.1
06/12/2025,59.04,70.3,12.89,5.456,0,0,0,0,0.18,1.0,322.1
07/12/2025,59.04,70.3,12.89,5.456,0,0,0,0,0.18,1.0,322.1
08/12/2025,59.04,70.15,12.93,5.424,0,0,0,0,0.18,1.0,322.1
09/12/2025,59.29,69.99,12.87,5.439,0,0,0,0,0.18,1.0,322.5
10/12/2025,58.58,69.76,12.74,5.478,0,0,0,0,0.18,1.0,320.9
11/12/2025,58.58,69.62,12.89,5.401,0,0,0,0,0.18,1.0,320.9
12/12/2025,59.26,69.46,12.83,5.413,0,0,0,0,0.18,1.0,320.8
13/12/2025,59.26,69.46,12.83,5.413,0,0,0,0,0.18,1.0,320.8
14/12/2025,59.26,69.46,12.83,5.413,0,0,0,0,0.18,1.0,320.8
15/12/2025,59.23,69.71,12.86,5.422,0,0,0,0,0.18,1.0,321.15
16/12/2025,58.41,69.56,12.73,5.466,0,0,0,0,0.18,1.0,319.25
17/12/2025,57.81,69.19,12.53,5.522,0,0,0,0,0.18,1.0,319.2
18/12/2025,57.6,69.27,12.55,5.521,0,0,0,0,0.18,1.0,318.0
19/12/2025,57.6,69.42,12.56,5.529,0,0,0,0,0.18,1.0,318.0
20/12/2025,57.6,69.42,12.56,5.529,0,0,0,0,0.18,1.0,318.0
21/12/2025,57.6,69.42,12.56,5.529,0,0,0,0,0.18,1.0,318.0
22/12/2025,56.94,69.47,12.45,5.582,0,0,0,0,0.18,1.0,317.85
23/12/2025,57.69,69.5,12.55,5.538,0,0,0,0,0.18,1.0,319.5
24/12/2025,57.69,69.5,12.55,5.538,0,0,0,0,0.18,1.0,319.5
25/12/2025,57.69,69.5,12.55,5.538,0,0,0,0,0.18,1.0,319.5
26/12/2025,57.69,69.48,12.53,5.544,0,0,0,0,0.18,1.0,319.5
27/12/2025,57.69,69.48,12.53,5.544,0,0,0,0,0.18,1.0,319.5
28/12/2025,57.69,69.48,12.53,5.544,0,0,0,0,0.18,1.0,319.5
29/12/2025,57.0,69.46,12.45,5.579,0,0,0,0,0.18,1.0,318.0
30/12/2025,58.16,69.5,12.66,5.488,0,0,0,0,0.18,1.0,319.2
31/12/2025,58.16,69.5,12.66,5.488,0,0,0,0,0.18,1.0,319.2
