data,boi_futuro,boi_dolar,soja_real,soja_dolar,soja_futuro,milho_futuro,milho_real,milho_dolar,precip_total_mm,selic,cme,week,boi_negociado,boi_futuro_norm,boi_dolar_norm,soja_real_norm,soja_dolar_norm,soja_futuro_norm,milho_futuro_norm,milho_real_norm,milho_dolar_norm,precip_total_mm_norm,selic_norm,cme_norm,week_norm,boi_negociado_norm
02/01/2020,125.78,47.96,82.92,20.61,956.25,49.11,48.43,12.04,0.0,4.4,201.85,1,192.95,0.47058795566156325,0.5496142087043665,0.4925547674762249,0.4593467710761644,0.37239976259482155,0.5691153337765846,0.6034261785868448,0.5209684749066031,0.0,0.6150867818029779,0.6129334484647603,0.0,0.6512819112873807
03/01/2020,124.72,48.53,83.01,20.48,941.5,48.92,48.91,12.07,0.2,4.4,204.55,1,196.7,0.47058795566156325,0.5496142087043665,0.4925547674762249,0.4593467710761644,0.37239976259482155,0.5691153337765846,0.6034261785868448,0.5209684749066031,0.2895944468794358,0.6150867818029779,0.6129334484647603,0.0,0.6512819112873807
04/01/2020,124.72,48.53,83.01,20.48,941.5,48.92,48.91,12.07,0.8,4.4,204.55,1,196.7,0.5155630767475817,0.49749785559889903,0.48724306665073785,0.500111398569815,0.3727585780452793,0.5789414980448113,0.5304313584418854,0.4991275511270036,0.6679492834303831,0.6150867818029779,0.5544755223119107,0.0,0.5698366820387978
05/01/2020,124.72,48.53,83.01,20.48,941.5,48.92,48.91,12.07,0.0,4.4,204.55,1,196.7,0.5155630767475817,0.49749785559889903,0.48724306665073785,0.500111398569815,0.3727585780452793,0.5789414980448113,0.5304313584418854,0.4991275511270036,0.0,0.6150867818029779,0.5544755223119107,0.0,0.5698366820387978
06/01/2020,127.28,48.24,82.83,20.35,944.75,49.57,48.99,12.03,0.4,4.4,205.39,2,196.4,0.6441300621241537,0.4714403667099498,0.4767052349966221,0.4593467710761644,0.37280788554021344,0.6125873798182142,0.5426495054495394,0.4701657893424396,0.46795964422223424,0.6150867818029779,0.5720175627335957,0.03362089965624637,0.5637161455131088
07/01/2020,126.53,48.42,82.81,20.4,944.0,50.21,49.31,12.15,0.2,4.4,204.99,2,196.6,0.48329298612256705,0.5138356481890418,0.48606666236990126,0.5159306339848538,0.3727447352090851,0.6120694602844031,0.5791728096390247,0.5870891709569134,0.2895944468794358,0.6150867818029779,0.5464517259923302,0.03362089965624637,0.5739701858982316
08/01/2020,126.35,48.58,82.95,20.49,947.25,50.19,50.26,12.41,0.0,4.4,206.1,2,196.7,0.5075711799972727,0.5120142720734064,0.4955178000034775,0.5286420333775557,0.37280788554021344,0.5779069610568891,0.674310317514586,0.6916127032419175,0.0,0.6150867818029779,0.5778095266861261,0.03362089965624637,0.5718981586235731
09/01/2020,126.72,48.56,82.83,20.27,943.5,50.86,51.5,12.6,0.0,4.4,208.47,2,198.45,0.5325930489368204,0.49569053109416683,0.48020579749139103,0.4314097374365717,0.3726811313500115,0.6136232421704593,0.7178237478999843,0.6391067690245289,0.0,0.6150867818029779,0.6055240709838655,0.03362089965624637,0.6070290003781301
10/01/2020,127.42,48.09,82.83,20.3,946.0,51.4,51.56,12.64,0.0,4.4,205.09,2,196.25,0.5483602209624829,0.4554077699017618,0.48724306665073785,0.5095934433208895,0.3727973632945372,0.6068907033904698,0.5395971843223267,0.5282714036279939,0.0,0.6150867818029779,0.4904422111659617,0.03362089965624637,0.5263212198370597
11/01/2020,127.42,48.09,82.83,20.3,946.0,51.4,51.56,12.64,0.0,4.4,205.09,2,196.25,0.5155630767475817,0.49749785559889903,0.48724306665073785,0.500111398569815,0.3727585780452793,0.5789414980448113,0.5304313584418854,0.4991275511270036,0.0,0.6150867818029779,0.5544755223119107,0.03362089965624637,0.5698366820387978
12/01/2020,127.42,48.09,82.83,20.3,946.0,51.4,51.56,12.64,0.0,4.4,205.09,2,196.25,0.5155630767475817,0.49749785559889903,0.48724306665073785,0.500111398569815,0.3727585780452793,0.5789414980448113,0.5304313584418854,0.4991275511270036,0.0,0.6150867818029779,0.5544755223119107,0.03362089965624637,0.5698366820387978
13/01/2020,126.55,47.45,83.59,20.2,942.25,51.6,51.48,12.44,0.0,4.4,204.14,3,196.3,0.4783394583906581,0.4403496720834152,0.532854218572599,0.4687091475864579,0.3726811313500115,0.5892895305661944,0.5181890884794822,0.35600967195303246,0.0,0.6150867818029779,0.5357034471699963,0.06436587743317368,0.5708660435601616
14/01/2020,126.85,46.97,83.78,20.29,942.25,51.92,51.7,12.52,0.0,4.4,203.56,3,193.95,0.5293140358167031,0.4545198475626507,0.4984890131860294,0.5286420333775557,0.3727585780452793,0.5955004548683782,0.5639771399643002,0.5575938042351137,0.0,0.6150867818029779,0.5429029045028124,0.06436587743317368,0.5234358625803325
15/01/2020,126.6,46.5,83.72,20.04,942.0,51.79,52.2,12.5,2.6,4.4,205.01,3,194.25,0.5045117209098212,0.4554077699017618,0.48371817052921257,0.42214512936062787,0.37275410767170797,0.5722178808847165,0.6064530317150703,0.4846241288515194,0.9096263213999098,0.6150867818029779,0.5851854930304545,0.06436587743317368,0.5760519299755075
16/01/2020,126.12,45.82,83.17,19.83,937.25,52.07,51.99,12.4,0.0,4.4,207.15,3,192.15,0.4946238885153156,0.43681739665718494,0.4553454601098761,0.43450311472813996,0.3726580673918075,0.593429984720224,0.49824706569362615,0.4270514369237306,0.0,0.6150867818029779,0.6003931561418855,0.06436587743317368,0.5282489886501897
17/01/2020,126.35,46.26,83.66,20.1,943.0,51.95,51.77,12.44,0.0,4.4,206.86,3,192.5,0.5260602490068538,0.5376363073310183,0.5164716306637371,0.5864161925277992,0.3728410343581868,0.5727350111826162,0.49671073859338366,0.5282714036279926,0.0,0.6150867818029779,0.5486378418807522,0.06436587743317368,0.5770962202861667
18/01/2020,126.35,46.26,83.66,20.1,943.0,51.95,51.77,12.44,0.0,4.4,206.86,3,192.5,0.5155630767475817,0.49749785559889903,0.48724306665073785,0.500111398569815,0.3727585780452793,0.5789414980448113,0.5304313584418854,0.4991275511270036,0.0,0.6150867818029779,0.5544755223119107,0.06436587743317368,0.5698366820387978
19/01/2020,126.35,46.26,83.66,20.1,943.0,51.95,51.77,12.44,0.8,4.4,206.86,3,192.5,0.5155630767475817,0.49749785559889903,0.48724306665073785,0.500111398569815,0.3727585780452793,0.5789414980448113,0.5304313584418854,0.4991275511270036,0.6679492834303831,0.6150867818029779,0.5544755223119107,0.06436587743317368,0.5698366820387978
20/01/2020,126.35,46.26,83.66,20.1,943.0,51.95,51.77,12.44,0.0,4.4,206.86,4,192.5,0.5155630767475817,0.49749785559889903,0.48724306665073785,0.500111398569815,0.3727585780452793,0.5789414980448113,0.5304313584418854,0.4991275511270036,0.0,0.6150867818029779,0.5544755223119107,0.09313526815026307,0.5698366820387978
21/01/2020,126.38,45.38,83.22,19.82,929.75,51.7,51.66,12.3,0.0,4.4,206.86,4,190.6,0.5169142410672677,0.4192126900893157,0.4616582604262453,0.41290332941450814,0.3724409150097849,0.566013174385067,0.5135922223877257,0.39851660024716584,0.0,0.6150867818029779,0.5544755223119107,0.09313526815026307,0.5321151227442207
22/01/2020,126.17,46.46,83.13,19.9,927.5,52.05,51.74,12.39,9.4,4.4,207.48,4,194.05,0.5062568836544783,0.5970204209981638,0.4819604650563743,0.5254596210911557,0.3727141877521351,0.5970534097668775,0.5426495054495394,0.5649516399985806,0.9878242788945253,0.6150867818029779,0.5673468309458745,0.09313526815026307,0.6445632453804963
23/01/2020,124.67,45.91,82.26,19.75,923.25,52.39,51.49,12.36,7.6,4.4,208.24,4,191.2,0.4530123315915541,0.4483120763483757,0.43713386118060144,0.4531193955658536,0.37266969019479285,0.5965357485387183,0.49209985523086486,0.47738938743779863,0.982518122004319,0.6150867818029779,0.570313759666815,0.09313526815026307,0.5138684957506748
24/01/2020,124.85,44.67,82.04,19.6,915.75,51.93,51.42,12.28,0.2,4.4,209.24,4,187.0,0.5237522342468925,0.38773713763466977,0.4743777703809261,0.4531193955658536,0.3725914040630109,0.5551584150986406,0.5197206636548447,0.4413803865727718,0.2895944468794358,0.6150867818029779,0.575442378208934,0.09313526815026307,0.488361344633139
25/01/2020,124.85,44.67,82.04,19.6,915.75,51.93,51.42,12.28,0.0,4.4,209.24,4,187.0,0.5155630767475817,0.49749785559889903,0.48724306665073785,0.500111398569815,0.3727585780452793,0.5789414980448113,0.5304313584418854,0.4991275511270036,0.0,0.6150867818029779,0.5544755223119107,0.09313526815026307,0.5698366820387978
26/01/2020,124.85,44.67,82.04,19.6,915.75,51.93,51.42,12.28,0.0,4.4,209.24,4,187.0,0.5155630767475817,0.49749785559889903,0.48724306665073785,0.500111398569815,0.3727585780452793,0.5789414980448113,0.5304313584418854,0.4991275511270036,0.0,0.6150867818029779,0.5544755223119107,0.09313526815026307,0.5698366820387978
27/01/2020,122.25,45.35,81.3,19.33,911.0,51.62,51.77,12.31,0.0,4.4,212.99,5,190.7,0.4108413367618019,0.5597855483586068,0.4445066140003116,0.41598143211222244,0.3726580673918075,0.5629113840400564,0.5837257283122147,0.5209684749066031,0.0,0.6150867818029779,0.6368363034845376,0.12042235276213964,0.6501604384715223
28/01/2020,122.15,45.23,81.09,19.34,909.0,51.49,51.91,12.38,0.0,4.4,213.21,5,189.7,0.5110998286543278,0.4866779192186613,0.47495918078354554,0.5032688774758333,0.3727194811580692,0.5722178808847168,0.5517979941935244,0.550246777058737,0.0,0.6150867818029779,0.5589864613591069,0.12042235276213964,0.5497171742238265
29/01/2020,121.75,44.08,81.22,19.24,907.0,50.71,51.54,12.21,0.0,4.4,213.58,5,186.1,0.4980362709557701,0.39558242631295015,0.49492452823678645,0.4687091475864579,0.3727194811580692,0.5386251223796701,0.47362893473797785,0.37721987057655115,0.0,0.6150867818029779,0.56209968620702,0.12042235276213964,0.49964527470770914
30/01/2020,121.78,44.85,81.13,19.04,890.5,49.56,51.28,12.03,0.0,4.4,218.78,5,191.1,0.5169142410672677,0.568130672421183,0.4819604650563743,0.4375991185336223,0.3723509291405662,0.5195176518966319,0.4905622683753232,0.3701403161995951,0.0,0.6150867818029779,0.6705207327913988,0.12042235276213964,0.6795187447781326
31/01/2020,121.38,44.55,80.36,18.76,886.75,48.99,51.16,11.94,3.0,4.4,217.11,5,190.8,0.4980362709557701,0.4705470665195721,0.44280222650127693,0.41290332941450925,0.3726811313500115,0.5494741719819474,0.5120592306771193,0.4342106939122111,0.9258653771985961,0.6150867818029779,0.5219831488711002,0.12042235276213964,0.5637161455131088
01/02/2020,121.38,44.55,80.36,18.76,886.75,48.99,51.16,11.94,0.0,4.4,217.11,5,190.8,0.5155630767475817,0.49749785559889903,0.48724306665073785,0.500111398569815,0.3727585780452793,0.5789414980448113,0.5304313584418854,0.4991275511270036,0.0,0.6150867818029779,0.5544755223119107,0.12042235276213964,0.5698366820387978
02/02/2020,121.38,44.55,80.36,18.76,886.75,48.99,51.16,11.94,0.0,4.4,217.11,5,190.8,0.5155630767475817,0.49749785559889903,0.48724306665073785,0.500111398569815,0.3727585780452793,0.5789414980448113,0.5304313584418854,0.4991275511270036,0.0,0.6150867818029779,0.5544755223119107,0.12042235276213964,0.5698366820387978
03/02/2020,121.67,46.18,79.53,18.72,890.75,48.19,50.86,11.97,0.0,4.4,214.57,6,196.2,0.5288476374143053,0.6487553906070413,0.4393988629031557,0.4875134989231646,0.3728181038248673,0.5375920512046375,0.48440885625407276,0.5209684749066031,0.0,0.6150867818029779,0.5057849946649737,0.14653540631051742,0.6886281842855205
04/02/2020,121.62,45.44,79.75,18.73,893.0,48.34,50.07,11.76,0.0,4.4,215.54,6,193.45,0.5133238322102879,0.4315262666567077,0.5002755324616317,0.5032688774758333,0.3727937758511222,0.5867020912881871,0.4086776085156463,0.348958398484136,0.0,0.6150867818029779,0.5747985363718852,0.14653540631051742,0.5157760884618153
05/02/2020,120.75,45.44,80.05,18.86,893.5,48.83,50.17,11.82,9.2,4.4,213.43,6,192.85,0.4783394583906581,0.49749785559889903,0.5050529247846356,0.5414014371439677,0.37276704265950933,0.6043016341479287,0.5457003965273644,0.5429106433860613,0.9873646611908653,0.6150867818029779,0.5137464447158296,0.14653540631051742,0.5576750363652282
06/02/2020,121.12,45.48,80.07,18.72,894.75,49.16,50.13,11.72,0.2,4.15,212.63,6,194.5,0.5325930489368204,0.5011174846960261,0.4884209406505187,0.456231680866723,0.37277891712708583,0.5960180968819555,0.5243132028382091,0.4270514369237306,0.2895944468794358,0.46285298612500037,0.5386079792385231,0.14653540631051742,0.6048553578814887
07/02/2020,121.33,45.24,80.73,18.69,895.0,49.38,50.71,11.74,4.2,4.15,213.2,6,195.4,0.5251353973889998,0.47591174106795253,0.5267667591312404,0.49065823424064087,0.37276288076251535,0.5903245817111981,0.6185503693385707,0.5136767945011111,0.9547550184940269,0.6150867818029779,0.566291983323667,0.14653540631051742,0.588712722418331
08/02/2020,121.33,45.24,80.73,18.69,895.0,49.38,50.71,11.74,6.4,4.15,213.2,6,195.4,0.5155630767475817,0.49749785559889903,0.48724306665073785,0.500111398569815,0.3727585780452793,0.5789414980448113,0.5304313584418854,0.4991275511270036,0.9767567010430647,0.6150867818029779,0.5544755223119107,0.14653540631051742,0.5698366820387978
09/02/2020,121.33,45.24,80.73,18.69,895.0,49.38,50.71,11.74,0.6,4.15,213.2,6,195.4,0.5155630767475817,0.49749785559889903,0.48724306665073785,0.500111398569815,0.3727585780452793,0.5789414980448113,0.5304313584418854,0.4991275511270036,0.5858421037283797,0.6150867818029779,0.5544755223119107,0.14653540631051742,0.5698366820387978
10/02/2020,120.3,45.23,81.15,18.75,897.25,49.57,50.88,11.76,0.0,4.15,213.37,7,195.7,0.4718048191365509,0.4965939857850257,0.5122534229075306,0.519103895814613,0.3727937758511222,0.588772020977391,0.5563676299412925,0.5136767945011111,0.0,0.6150867818029779,0.5579551919669199,0.17168377365995158,0.5760519299755069
11/02/2020,119.08,44.88,81.05,18.74,897.25,49.06,51.11,11.81,0.0,4.15,211.65,7,194.15,0.46413989149499024,0.46608529665970505,0.4813752426909918,0.4969571497792754,0.3727585780452793,0.5525745412962716,0.5654980846472744,0.5355854896076736,0.0,0.6150867818029779,0.5210421025599453,0.17168377365995158,0.5389176373017783
12/02/2020,118.95,45.45,81.5,18.75,903.5,49.93,51.63,11.88,0.2,4.15,207.64,7,197.55,0.5097724103462766,0.5496142087043665,0.5140596628025209,0.5032688774758333,0.37284739476841966,0.6239834990423255,0.6094788637603017,0.550246777058737,0.2895944468794358,0.6150867818029779,0.4790885630242364,0.17168377365995158,0.6434458905360492
13/02/2020,119.45,45.02,82.01,18.88,906.0,51.29,51.8,11.92,0.0,4.15,208.31,7,195.55,0.5387458619234445,0.4589622824369819,0.5176791483349886,0.5414014371439677,0.3727973632945372,0.6493772222234215,0.5563676299412915,0.5282714036279926,0.0,0.6150867818029779,0.5684042308243983,0.17168377365995158,0.5301802486002121
14/02/2020,120.83,45.71,81.64,18.99,903.25,51.74,52.13,12.12,0.0,4.15,213.13,7,196.55,0.582190955364829,0.5607117801794789,0.4656911692038484,0.5350158326757246,0.3727034017793062,0.602230533412516,0.5806907372312042,0.6465782803409181,0.0,0.6150867818029779,0.6616266437084547,0.17168377365995158,0.5908470508977683
15/02/2020,120.83,45.71,81.64,18.99,903.25,51.74,52.13,12.12,0.0,4.15,213.13,7,196.55,0.5155630767475817,0.49749785559889903,0.48724306665073785,0.500111398569815,0.3727585780452793,0.5789414980448113,0.5304313584418854,0.4991275511270036,0.0,0.6150867818029779,0.5544755223119107,0.17168377365995158,0.5698366820387978
16/02/2020,120.83,45.71,81.64,18.99,903.25,51.74,52.13,12.12,0.0,4.15,213.13,7,196.55,0.5155630767475817,0.49749785559889903,0.48724306665073785,0.500111398569815,0.3727585780452793,0.5789414980448113,0.5304313584418854,0.4991275511270036,0.0,0.6150867818029779,0.5544755223119107,0.17168377365995158,0.5698366820387978
17/02/2020,120.83,45.71,81.64,18.99,903.25,51.74,52.13,12.12,0.4,4.15,213.13,8,196.55,0.5155630767475817,0.49749785559889903,0.48724306665073785,0.500111398569815,0.3727585780452793,0.5789414980448113,0.5304313584418854,0.4991275511270036,0.46795964422223424,0.6150867818029779,0.5544755223119107,0.19601805204551692,0.5698366820387978
18/02/2020,121.42,45.22,81.65,18.74,902.25,52.58,52.25,11.99,0.0,4.15,213.37,8,197.05,0.543050951286855,0.4536322035364587,0.48783182042886003,0.42214512936062787,0.3727398704100904,0.6224292778978641,0.5487498842114628,0.4056351920506306,0.0,0.6150867818029779,0.5593999042778982,0.19601805204551692,0.5802418333278172
19/02/2020,121.3,44.2,82.4,18.86,905.5,52.13,52.42,12.0,0.0,4.15,207.5,8,193.1,0.5102143151509466,0.40694162438135095,0.532244473053736,0.5382071711422812,0.37280788554021344,0.5556752159325884,0.5563676299412925,0.5063964551116429,0.0,0.6150867818029779,0.44617050835037253,0.19601805204551692,0.49305359319940834
20/02/2020,120.1,46.25,82.72,18.86,901.0,51.85,52.27,11.92,0.0,4.15,209.0,8,202.85,0.4649421586630636,0.6886092522812909,0.5062502084258111,0.500111398569815,0.37266390061477067,0.5644622341788192,0.5074581890951493,0.4413803865727718,0.0,0.6150867818029779,0.5862772569368888,0.19601805204551692,0.7894540623306051
21/02/2020,119.72,45.19,82.82,18.87,899.0,51.87,52.32,11.92,2.6,4.15,208.83,8,198.4,0.49889368275184426,0.40344297130288437,0.4931467031048022,0.5032688774758333,0.3727194811580692,0.5799760859593712,0.5380704788832585,0.4991275511270036,0.9096263213999098,0.6150867818029779,0.5510394654698721,0.19601805204551692,0.48368173491385
22/02/2020,119.72,45.19,82.82,18.87,899.0,51.87,52.32,11.92,3.6,4.15,208.83,8,198.4,0.5155630767475817,0.49749785559889903,0.48724306665073785,0.500111398569815,0.3727585780452793,0.5789414980448113,0.5304313584418854,0.4991275511270036,0.9430054518267896,0.6150867818029779,0.5544755223119107,0.19601805204551692,0.5698366820387978
23/02/2020,119.72,45.19,82.82,18.87,899.0,51.87,52.32,11.92,0.0,4.15,208.83,8,198.4,0.5155630767475817,0.49749785559889903,0.48724306665073785,0.500111398569815,0.3727585780452793,0.5789414980448113,0.5304313584418854,0.4991275511270036,0.0,0.6150867818029779,0.5544755223119107,0.19601805204551692,0.5698366820387978
24/02/2020,117.0,45.19,82.82,18.87,882.5,51.87,52.32,11.92,0.0,4.15,208.83,9,198.4,0.4063635438644379,0.49749785559889903,0.48724306665073785,0.500111398569815,0.3723509291405662,0.5789414980448113,0.5304313584418854,0.4991275511270036,0.0,0.6150867818029779,0.5544755223119107,0.21965127772590198,0.5698366820387978
25/02/2020,115.03,45.19,82.82,18.87,888.25,51.87,52.32,11.92,0.0,4.15,208.83,9,198.4,0.4347227384069899,0.49749785559889903,0.48724306665073785,0.500111398569815,0.3728410343581868,0.5789414980448113,0.5304313584418854,0.4991275511270036,0.0,0.6150867818029779,0.5544755223119107,0.21965127772590198,0.5698366820387978
26/02/2020,114.08,45.69,82.42,18.57,892.0,52.26,52.87,11.91,0.0,4.15,220.18,9,202.8,0.4750625274392727,0.5431585964549946,0.46396123147257756,0.4067545086493552,0.372814727859684,0.5991241489944251,0.6140157273282292,0.4918701402792801,0.0,0.6150867818029779,0.819236620761457,0.21965127772590198,0.6659190725982319
27/02/2020,112.62,45.2,82.68,18.5,895.0,53.16,53.3,11.92,0.2,4.15,210.39,9,202.05,0.4545905709907932,0.45363220353645933,0.5026618455156103,0.4780977857677457,0.3728044151005749,0.6255377819676813,0.5958544846927645,0.5063964551116429,0.2895944468794358,0.6150867818029779,0.37889094141348933,0.21965127772590198,0.5546790759942132
28/02/2020,112.7,44.91,82.91,18.46,892.75,53.43,53.25,11.85,0.0,4.15,198.82,9,201.75,0.5191786789767092,0.4714403667099492,0.5008716560460365,0.48751349892316576,0.3727141877521351,0.5929123920382974,0.5227827241953691,0.44856062695850235,0.0,0.6150867818029779,0.3490208599057078,0.21965127772590198,0.5637161455131082
29/02/2020,112.7,44.91,82.91,18.46,892.75,53.43,53.25,11.85,0.0,4.15,198.82,9,201.75,0.5155630767475817,0.49749785559889903,0.48724306665073785,0.500111398569815,0.3727585780452793,0.5789414980448113,0.5304313584418854,0.4991275511270036,0.0,0.6150867818029779,0.5544755223119107,0.21965127772590198,0.5698366820387978
01/03/2020,112.7,44.91,82.91,18.46,892.75,53.43,53.25,11.85,0.0,4.15,198.82,9,201.75,0.5155630767475817,0.49749785559889903,0.48724306665073785,0.500111398569815,0.3727585780452793,0.5789414980448113,0.5304313584418854,0.4991275511270036,0.0,0.6150867818029779,0.5544755223119107,0.21965127772590198,0.5698366820387978
02/03/2020,110.15,45.52,83.91,18.71,901.0,54.24,53.55,11.94,7.4,4.15,209.4,10,204.15,0.41271336836907696,0.5533091699724467,0.5475509338934981,0.5799528800334859,0.372872165990113,0.6208751195391666,0.5761360791341725,0.5649516399985806,0.9817196692873514,0.6150867818029779,0.8002162422249355,0.24267111083626458,0.6212597339051252
03/03/2020,110.1,44.81,84.11,18.65,903.5,54.95,53.81,11.93,1.0,4.15,216.07,10,202.1,0.5133238322102872,0.434170754891407,0.4990842086353515,0.4812333069438162,0.3727973632945372,0.6156950587242181,0.5700590517997053,0.4918701402792801,0.7275090786514087,0.6150867818029779,0.7053102836703263,0.24267111083626458,0.5292141747365001
04/03/2020,111.28,44.12,85.43,18.66,907.25,55.25,54.18,11.83,1.0,4.15,223.63,10,202.0,0.5720754091817886,0.4359349409988388,0.567317995624466,0.5032688774758333,0.372814727859684,0.5944652000633859,0.5867595818195825,0.4270514369237306,0.7275090786514087,0.6150867818029779,0.7266361696737047,0.24267111083626458,0.5677863685818793
05/03/2020,108.65,43.29,86.3,18.57,897.0,55.26,54.69,11.77,0.4,4.15,221.82,10,201.2,0.40971990904635225,0.42360534139611095,0.539575543480884,0.4718357364906687,0.372521018979203,0.5794587856571499,0.6079660745035383,0.4557515293849788,0.46795964422223424,0.6150867818029779,0.5193516119442657,0.24267111083626458,0.5536836825352084
06/03/2020,105.75,43.91,86.32,18.65,891.25,55.59,55.3,11.95,6.8,4.15,216.26,10,203.25,0.39968536744285227,0.5542335801741494,0.4884209406505187,0.5254596210911557,0.37263432813651454,0.596018096881956,0.6230828330350215,0.6316452193880668,0.9789619633002615,0.6150867818029779,0.45160258271442316,0.24267111083626458,0.6135759772540635
07/03/2020,105.75,43.91,86.32,18.65,891.25,55.59,55.3,11.95,7.6,4.15,216.26,10,203.25,0.5155630767475817,0.49749785559889903,0.48724306665073785,0.500111398569815,0.3727585780452793,0.5789414980448113,0.5304313584418854,0.4991275511270036,0.982518122004319,0.6150867818029779,0.5544755223119107,0.24267111083626458,0.5698366820387978
08/03/2020,105.75,43.91,86.32,18.65,891.25,55.59,55.3,11.95,1.2,4.15,216.26,10,203.25,0.5155630767475817,0.49749785559889903,0.48724306665073785,0.500111398569815,0.3727585780452793,0.5789414980448113,0.5304313584418854,0.4991275511270036,0.7721351562515812,0.6150867818029779,0.5544755223119107,0.24267111083626458,0.5698366820387978
09/03/2020,102.85,42.02,85.94,18.11,870.0,56.04,55.55,11.71,3.4,4.15,204.91,11,199.4,0.39968536744285227,0.3314776018985766,0.4651142613080347,0.3336828308455108,0.37221445025245536,0.6022305334125155,0.5685390379991737,0.3278597051701865,0.9380327354229893,0.6150867818029779,0.3526937345289657,0.2651473174209875,0.4949341804814158
10/03/2020,105.45,43.65,85.71,18.46,876.25,56.19,55.83,12.02,0.0,4.15,207.01,11,202.7,0.6462884419277495,0.6487553906070407,0.47379665939008164,0.6123726214070944,0.37284739476841966,0.5867020912881867,0.5730981661706364,0.7294031196275301,0.0,0.6150867818029779,0.5995037644374567,0.2651473174209875,0.6412133240881184
11/03/2020,103.08,42.93,85.92,18.15,873.25,56.74,56.77,11.99,0.0,4.15,194.68,11,203.25,0.41948446283711077,0.4332890214785069,0.4996797158657056,0.4036837487361089,0.37269791685207365,0.6074085424520408,0.6728070621912021,0.47738938743779996,0.0,0.6150867818029779,0.3363708646472862,0.2651473174209875,0.581294389909952
12/03/2020,100.08,42.41,86.62,17.98,859.5,57.5,57.59,11.95,11.0,4.15,172.31,11,204.35,0.3959944539926342,0.45097092192554733,0.5291990530532991,0.4469031326412257,0.37242727344180176,0.6182849979673393,0.6547523973545146,0.4701657893424396,0.9907413372856727,0.6150867818029779,0.17358239233340517,0.2651473174209875,0.592987374799222
13/03/2020,95.58,42.19,85.89,17.7,848.75,57.75,57.58,11.87,0.2,4.15,182.01,11,204.7,0.34203860177956735,0.4777026159400515,0.44507515210759213,0.41290332941450814,0.3725078898701178,0.5918772370472541,0.5289023905700262,0.4413803865727718,0.2895944468794358,0.6150867818029779,0.7786000438897953,0.2651473174209875,0.5770962202861667
14/03/2020,95.58,42.19,85.89,17.7,848.75,57.75,57.58,11.87,0.0,4.15,182.01,11,204.7,0.5155630767475817,0.49749785559889903,0.48724306665073785,0.500111398569815,0.3727585780452793,0.5789414980448113,0.5304313584418854,0.4991275511270036,0.0,0.6150867818029779,0.5544755223119107,0.2651473174209875,0.5698366820387978
15/03/2020,95.58,42.19,85.89,17.7,848.75,57.75,57.58,11.87,3.2,4.15,182.01,11,204.7,0.5155630767475817,0.49749785559889903,0.48724306665073785,0.500111398569815,0.3727585780452793,0.5789414980448113,0.5304313584418854,0.4991275511270036,0.9323652131620573,0.6150867818029779,0.5544755223119107,0.2651473174209875,0.5698366820387978
16/03/2020,91.85,42.19,86.32,17.16,830.5,49.37,58.16,11.56,0.0,4.15,148.54,12,204.7,0.36942896221766464,0.49749785559889903,0.5128552389138645,0.3336828308455108,0.37230128116769307,0.14707351971655486,0.6185503693385707,0.2789402086711169,0.0,0.6150867818029779,0.0,0.2871366055179304,0.5698366820387978
17/03/2020,96.35,39.87,87.69,17.54,831.0,47.61,58.41,11.68,0.0,4.15,166.02,12,199.4,0.7523010794474098,0.2945915894107132,0.57042275448838,0.6221476011909655,0.37276704265950933,0.48803343178346714,0.5685390379991737,0.5870891709569119,0.0,0.6150867818029779,0.9736195947220712,0.2871366055179304,0.4678577912745985
18/03/2020,92.1,35.85,87.71,16.78,832.75,49.41,57.75,11.05,0.0,4.15,142.97,12,187.4,0.35086734931319286,0.15070145615644792,0.4884209406505187,0.2677285224094223,0.3727864587080175,0.6721910377604238,0.4288276594918485,0.06022982221252565,0.0,0.6150867818029779,0.1627874896422546,0.2871366055179304,0.34640737091699136
19/03/2020,95.1,37.12,89.82,17.61,848.0,49.07,58.27,11.43,0.0,3.65,155.22,12,189.25,0.6680563494923146,0.6148282384198377,0.6168166201481882,0.7711865643418423,0.3729530123946903,0.5613606219007471,0.6094788637603017,0.7826940647488657,0.0,0.2592920140146494,0.84158589787292,0.2871366055179304,0.6092070809503094
20/03/2020,98.65,39.19,90.16,17.86,864.75,49.09,59.04,11.69,0.0,3.65,158.41,12,197.85,0.6984960639882155,0.6905137129440044,0.5074486326548174,0.5799528800334859,0.37296949283784897,0.5799760859593717,0.6472208348345428,0.6916127032419175,0.0,0.6150867818029779,0.624029949035324,0.2871366055179304,0.7625271648295984
21/03/2020,98.65,39.19,90.16,17.86,864.75,49.09,59.04,11.69,0.2,3.65,158.41,12,197.85,0.5155630767475817,0.49749785559889903,0.48724306665073785,0.500111398569815,0.3727585780452793,0.5789414980448113,0.5304313584418854,0.4991275511270036,0.2895944468794358,0.6150867818029779,0.5544755223119107,0.2871366055179304,0.5698366820387978
22/03/2020,98.65,39.19,90.16,17.86,864.75,49.09,59.04,11.69,0.6,3.65,158.41,12,197.85,0.5155630767475817,0.49749785559889903,0.48724306665073785,0.500111398569815,0.3727585780452793,0.5789414980448113,0.5304313584418854,0.4991275511270036,0.5858421037283797,0.6150867818029779,0.5544755223119107,0.2871366055179304,0.5698366820387978
23/03/2020,101.65,38.85,90.63,17.64,885.5,48.84,58.62,11.41,0.0,3.65,139.54,13,199.65,0.6680563494923146,0.46697702811075537,0.5152651311604681,0.4314097374365717,0.3730123771558787,0.566013174385067,0.46592040863776996,0.29985356582251727,0.0,0.6150867818029779,0.22955224102029198,0.30868588292533583,0.6081174953440823
24/03/2020,106.15,38.31,90.79,17.83,887.5,48.69,59.55,11.69,0.0,3.65,152.26,13,195.05,0.7523010794474098,0.44919809062201427,0.4967053222744193,0.5606272355127605,0.37279014248879205,0.5711836542048137,0.6713036107791548,0.7067008228737508,0.0,0.6150867818029779,0.8533050499426993,0.30868588292533583,0.48087977878284577
25/03/2020,108.45,39.8,91.26,18.21,884.75,48.95,59.49,11.87,0.2,3.65,156.33,13,199.5,0.6301868200197,0.6355341313693396,0.5152651311604681,0.6221476011909667,0.3727034017793062,0.5923948094539935,0.5212518766700912,0.6316452193880668,0.2895944468794358,0.6150867818029779,0.6442084592150856,0.30868588292533583,0.6670492677073028
26/03/2020,105.45,40.34,92.15,18.42,884.75,49.29,59.21,11.83,0.6,3.65,174.84,13,201.85,0.3959944539926342,0.5468458468245604,0.5408003184542017,0.5670582443913101,0.3727585780452793,0.5965357485387179,0.48748617056827326,0.47016578934244074,0.5858421037283797,0.6150867818029779,1.0,0.30868588292533583,0.6201592241968292
27/03/2020,100.95,39.64,91.59,18.11,885.25,47.89,59.5,11.76,0.2,3.65,171.34,13,200.5,0.34203860177956735,0.43505272757385516,0.45477299510312497,0.4036837487361089,0.37276704265950933,0.5066119150870056,0.5746172716300886,0.44856062695850235,0.2895944468794358,0.6150867818029779,0.4882702684835513,0.30868588292533583,0.5428279524943292
28/03/2020,100.95,39.64,91.59,18.11,885.25,47.89,59.5,11.76,0.0,3.65,171.34,13,200.5,0.5155630767475817,0.49749785559889903,0.48724306665073785,0.500111398569815,0.3727585780452793,0.5789414980448113,0.5304313584418854,0.4991275511270036,0.0,0.6150867818029779,0.5544755223119107,0.30868588292533583,0.5698366820387978
29/03/2020,100.95,39.64,91.59,18.11,885.25,47.89,59.5,11.76,0.0,3.65,171.34,13,200.5,0.5155630767475817,0.49749785559889903,0.48724306665073785,0.500111398569815,0.3727585780452793,0.5789414980448113,0.5304313584418854,0.4991275511270036,0.0,0.6150867818029779,0.5544755223119107,0.30868588292533583,0.5698366820387978
30/03/2020,99.2,39.13,92.93,17.96,886.5,49.44,60.08,11.61,0.0,3.65,173.99,14,202.5,0.44322777400692714,0.4518577426324494,0.5685593996114199,0.4531193955658536,0.37277891712708583,0.6592274539631563,0.6185503693385707,0.3914079155979913,0.0,0.6150867818029779,0.6118073678933045,0.3298345278005889,0.6124822038930255
31/03/2020,101.83,39.1,93.84,18.06,889.5,50.69,60.14,11.57,0.0,3.65,172.91,14,203.15,0.6479094866782058,0.4947874872684917,0.5420259081871467,0.5318274453997264,0.3728044151005749,0.6436753450244787,0.5395971843223267,0.47016578934244074,0.0,0.6150867818029779,0.533200356827011,0.3298345278005889,0.583405165178428
01/04/2020,97.33,38.59,93.78,17.83,867.25,49.69,59.33,11.28,0.0,3.65,166.2,14,203.0,0.34203860177956735,0.4518577426324494,0.48371817052921257,0.4283189629287014,0.3721850601493787,0.5272628540957827,0.4055742426457974,0.2928738872855674,0.0,0.6150867818029779,0.43154513522214655,0.3298345278005889,0.5667651884954138
02/04/2020,92.83,37.11,94.06,17.87,864.0,48.45,58.87,11.18,0.0,3.65,168.57,14,195.4,0.34203860177956735,0.36688623629955264,0.5038567981694073,0.5127604742362127,0.3726923749771655,0.5148711795532266,0.45974862825636537,0.4270514369237306,0.0,0.6150867818029779,0.6055240709838655,0.3298345278005889,0.4255987562695994
03/04/2020,88.33,37.75,94.45,17.77,859.5,49.22,58.49,11.0,0.0,3.65,173.74,14,200.65,0.34203860177956735,0.5560831933942129,0.5104495796596589,0.4687091475864579,0.37266390061477067,0.6188030078603011,0.47208779081657615,0.3701403161995962,0.0,0.6150867818029779,0.6698169799086836,0.3298345278005889,0.6852082912987248
04/04/2020,88.33,37.75,94.45,17.77,859.5,49.22,58.49,11.0,0.0,3.65,173.74,14,200.65,0.5155630767475817,0.49749785559889903,0.48724306665073785,0.500111398569815,0.3727585780452793,0.5789414980448113,0.5304313584418854,0.4991275511270036,0.0,0.6150867818029779,0.5544755223119107,0.3298345278005889,0.5698366820387978
05/04/2020,88.33,37.75,94.45,17.77,859.5,49.22,58.49,11.0,0.0,3.65,173.74,14,200.65,0.5155630767475817,0.49749785559889903,0.48724306665073785,0.500111398569815,0.3727585780452793,0.5789414980448113,0.5304313584418854,0.4991275511270036,0.0,0.6150867818029779,0.5544755223119107,0.3298345278005889,0.5698366820387978
06/04/2020,83.83,37.91,94.02,17.73,861.25,48.61,57.83,10.91,0.0,3.65,182.44,15,201.0,0.34203860177956735,0.5120142720734064,0.4622336219307324,0.48751349892316576,0.3727864587080175,0.5474074229134449,0.42882765949184737,0.4342106939122111,0.0,0.6150867818029779,0.7542053694767622,0.3506160171067816,0.5770962202861667
07/04/2020,88.33,38.32,93.96,18.01,861.0,47.53,57.47,11.02,0.2,3.65,176.81,15,199.9,0.7523010794474098,0.5348791366133985,0.48371817052921257,0.5896517810283661,0.37275410767170797,0.5231319070609428,0.4751697940314452,0.5796994047608528,0.2895944468794358,0.6150867818029779,0.4503742612256372,0.3506160171067816,0.5477423956593632
08/04/2020,92.83,39.18,94.21,18.29,861.75,46.92,56.46,10.96,0.0,3.65,180.97,15,201.8,0.7523010794474098,0.5764955153697302,0.5020648148582604,0.5896517810283649,0.3727710909864317,0.5474074229134449,0.37449431543825573,0.45575152938498015,0.0,0.6150867818029779,0.6462885527934377,0.3506160171067816,0.6102977391250384
09/04/2020,94.0,38.83,93.42,18.32,871.0,46.77,56.41,11.06,2.2,3.65,190.16,15,198.05,0.5715730192077055,0.4660852966597044,0.4416669782355248,0.5095934433208895,0.3728842098458278,0.5711836542048141,0.522782724195368,0.5723202008680504,0.8872396918336801,0.6150867818029779,0.76613534909075,0.3506160171067816,0.4968169436574117
10/04/2020,84.57,38.83,93.42,18.32,863.25,46.77,56.41,11.06,0.0,3.65,190.16,15,198.05,0.17703801583206913,0.49749785559889903,0.48724306665073785,0.500111398569815,0.37258514409297244,0.5789414980448113,0.5304313584418854,0.4991275511270036,0.0,0.6150867818029779,0.5544755223119107,0.3506160171067816,0.5698366820387978
11/04/2020,84.57,38.83,93.42,18.32,863.25,46.77,56.41,11.06,0.0,3.65,190.16,15,198.05,0.5155630767475817,0.49749785559889903,0.48724306665073785,0.500111398569815,0.3727585780452793,0.5789414980448113,0.5304313584418854,0.4991275511270036,0.0,0.6150867818029779,0.5544755223119107,0.3506160171067816,0.5698366820387978
12/04/2020,84.57,38.83,93.42,18.32,863.25,46.77,56.41,11.06,0.0,3.65,190.16,15,198.05,0.5155630767475817,0.49749785559889903,0.48724306665073785,0.500111398569815,0.3727585780452793,0.5789414980448113,0.5304313584418854,0.4991275511270036,0.0,0.6150867818029779,0.5544755223119107,0.3506160171067816,0.5698366820387978
13/04/2020,91.0,39.08,93.87,18.13,862.25,47.06,56.19,10.85,0.0,3.65,182.68,16,202.3,0.8655998940135253,0.5202216011410754,0.5140596628025209,0.44069777299923407,0.3727398704100904,0.5939475874210789,0.49671073859338366,0.348958398484136,0.0,0.6150867818029779,0.4182482258261269,0.3710591232878496,0.6625320283459378
14/04/2020,93.7,38.38,93.62,18.05,855.5,46.93,53.79,10.37,0.8,3.65,188.07,16,199.1,0.651699374791273,0.43505272757385577,0.47263532534029123,0.47496527251588516,0.3726099988253717,0.5722178808847165,0.15663618120750317,0.16180962590669562,0.6679492834303831,0.6150867818029779,0.6749839779251051,0.3710591232878496,0.5072133116532525
15/04/2020,94.72,37.91,93.76,17.91,851.75,46.15,52.2,9.97,0.0,3.65,184.98,16,198.5,0.5640777435775647,0.4554077699017612,0.4955178000034775,0.456231680866723,0.3726811313500115,0.5386251223796701,0.28394268491739416,0.21664780736587652,0.0,0.6150867818029779,0.49571060647332077,0.3710591232878496,0.5576750363652282
16/04/2020,95.5,38.13,93.48,17.77,845.75,45.55,52.02,9.89,0.2,3.65,187.34,16,200.55,0.5522527601777849,0.5174826764108076,0.47089550656490003,0.456231680866723,0.37262829831510325,0.547924098128629,0.5028541089884692,0.4413803865727718,0.2895944468794358,0.6150867818029779,0.6053004031775809,0.3710591232878496,0.6135759772540635
17/04/2020,94.65,38.43,95.03,18.13,842.25,45.61,51.55,9.83,0.0,3.65,191.62,16,201.5,0.4791618033584763,0.5247932236746319,0.5816334301585431,0.6156284939185489,0.3726867789681567,0.5820454116206186,0.4582050098536865,0.4557515293849788,0.0,0.6150867818029779,0.6490664245635221,0.3710591232878496,0.5897791193211852
18/04/2020,94.65,38.43,95.03,18.13,842.25,45.61,51.55,9.83,0.2,3.65,191.62,16,201.5,0.5155630767475817,0.49749785559889903,0.48724306665073785,0.500111398569815,0.3727585780452793,0.5789414980448113,0.5304313584418854,0.4991275511270036,0.2895944468794358,0.6150867818029779,0.5544755223119107,0.3710591232878496,0.5698366820387978
19/04/2020,94.65,38.43,95.03,18.13,842.25,45.61,51.55,9.83,0.0,3.65,191.62,16,201.5,0.5155630767475817,0.49749785559889903,0.48724306665073785,0.500111398569815,0.3727585780452793,0.5789414980448113,0.5304313584418854,0.4991275511270036,0.0,0.6150867818029779,0.5544755223119107,0.3710591232878496,0.5698366820387978
20/04/2020,93.53,37.02,95.82,18.06,836.25,45.31,50.74,9.56,2.4,3.65,184.62,17,196.45,0.4681618011726606,0.3729576564969629,0.5346847570601692,0.4780977857677457,0.37262829831510325,0.5634283242084385,0.40557424264579844,0.30684190710688597,0.8993785323552774,0.6150867818029779,0.42652553079334754,0.39118881230011915,0.4724986906425089
21/04/2020,91.6,37.02,95.82,18.06,840.75,45.31,50.74,9.56,0.0,3.65,184.62,17,196.45,0.4362621946280822,0.49749785559889903,0.48724306665073785,0.500111398569815,0.37282477395934877,0.5789414980448113,0.5304313584418854,0.4991275511270036,0.0,0.6150867818029779,0.5544755223119107,0.39118881230011915,0.5698366820387978
22/04/2020,88.95,37.17,95.22,17.61,842.5,45.4,48.65,9.0,0.2,3.65,179.39,17,201.0,0.40897302907312827,0.5111041286915605,0.4524854252182645,0.3609370420276409,0.3727864587080175,0.5835975332613357,0.2054605961914479,0.10744029312319342,0.2895944468794358,0.6150867818029779,0.45740727059986674,0.39118881230011915,0.6693113978269684
23/04/2020,85.95,35.74,95.73,17.39,846.75,45.83,48.18,8.75,0.0,3.65,178.48,17,196.7,0.3959944539926342,0.3712221402765987,0.5176791483349886,0.4314097374365717,0.3728214520126403,0.6011950358879544,0.4582050098536876,0.3208448956384684,0.0,0.6150867818029779,0.5364762217207829,0.39118881230011915,0.4864880196794848
24/04/2020,84.97,35.26,98.84,17.43,839.5,47.24,47.6,8.39,0.4,3.65,182.72,17,199.95,0.47383868221696507,0.4545198475626507,0.6806063183229389,0.5127604742362117,0.37259763369296467,0.6519692041746844,0.44120804261284907,0.24425232069695224,0.46795964422223424,0.6150867818029779,0.648139912467275,0.39118881230011915,0.6400981281012605
25/04/2020,84.97,35.26,98.84,17.43,839.5,47.24,47.6,8.39,0.0,3.65,182.72,17,199.95,0.5155630767475817,0.49749785559889903,0.48724306665073785,0.500111398569815,0.3727585780452793,0.5789414980448113,0.5304313584418854,0.4991275511270036,0.0,0.6150867818029779,0.5544755223119107,0.39118881230011915,0.5698366820387978
26/04/2020,84.97,35.26,98.84,17.43,839.5,47.24,47.6,8.39,0.0,3.65,182.72,17,199.95,0.5155630767475817,0.49749785559889903,0.48724306665073785,0.500111398569815,0.3727585780452793,0.5789414980448113,0.5304313584418854,0.4991275511270036,0.0,0.6150867818029779,0.5544755223119107,0.39118881230011915,0.5698366820387978
27/04/2020,84.8,35.04,98.23,17.21,836.5,47.48,47.96,8.4,0.0,3.65,187.75,18,200.05,0.5080103384495492,0.4777026159400515,0.45191409763080415,0.4314097374365717,0.37269791685207365,0.5913596748992995,0.585242796186643,0.5063964551116429,0.0,0.6150867818029779,0.6665363607456637,0.41102692996415213,0.5718981586235736
28/04/2020,85.53,36.18,97.76,17.78,832.0,47.42,47.94,8.72,0.0,3.65,184.32,18,198.9,0.5498169112645733,0.6026361022911215,0.4599336748093296,0.6845466421919284,0.37266390061477067,0.5758380368937975,0.527373039582788,0.7369890078545078,0.0,0.6150867818029779,0.48953667609416485,0.41102692996415213,0.5467569984485192
29/04/2020,85.6,36.9,97.64,18.23,837.5,46.87,48.38,9.03,0.0,3.65,181.47,18,197.7,0.5187245654051789,0.5634919958689464,0.48020579749139103,0.6450401335994075,0.3728378251950769,0.550507595236488,0.5973693520853081,0.7294031196275301,0.0,0.6150867818029779,0.500092753771197,0.41102692996415213,0.5457728856460977
30/04/2020,90.0,36.51,96.88,17.79,855.25,47.23,48.35,8.88,0.0,3.65,178.21,18,198.85,0.7465700442985864,0.4625214116401458,0.4433701524364998,0.36397583352534063,0.37298035138046065,0.5975710804957092,0.5258433091417318,0.39140791559799265,0.0,0.6150867818029779,0.49261881793153317,0.41102692996415213,0.5940596996677725
01/05/2020,87.25,36.51,96.88,17.79,849.5,47.23,48.35,8.88,0.0,3.65,178.21,18,198.85,0.40524735404860945,0.49749785559889903,0.48724306665073785,0.500111398569815,0.37263432813651454,0.5789414980448113,0.5304313584418854,0.4991275511270036,0.0,0.6150867818029779,0.5544755223119107,0.41102692996415213,0.5698366820387978
02/05/2020,87.25,36.51,96.88,17.79,849.5,47.23,48.35,8.88,0.0,3.65,178.21,18,198.85,0.5155630767475817,0.49749785559889903,0.48724306665073785,0.500111398569815,0.3727585780452793,0.5789414980448113,0.5304313584418854,0.4991275511270036,0.0,0.6150867818029779,0.5544755223119107,0.41102692996415213,0.5698366820387978
03/05/2020,87.25,36.51,96.88,17.79,849.5,47.23,48.35,8.88,0.0,3.65,178.21,18,198.85,0.5155630767475817,0.49749785559889903,0.48724306665073785,0.500111398569815,0.3727585780452793,0.5789414980448113,0.5304313584418854,0.4991275511270036,0.0,0.6150867818029779,0.5544755223119107,0.41102692996415213,0.5698366820387978
04/05/2020,88.08,36.17,97.49,17.6,836.5,48.01,48.83,8.82,0.0,3.65,172.56,19,200.35,0.5546984393530148,0.46697702811075537,0.5237315776249212,0.4406977729992352,0.3724477063731532,0.6193210250043752,0.6034261785868448,0.4557515293849788,0.0,0.6150867818029779,0.4500234991395242,0.4305927350339436,0.6016035643834113
05/05/2020,86.47,36.07,97.67,17.45,839.5,48.83,48.78,8.71,0.0,3.65,178.51,19,201.9,0.44869062481698296,0.4884773442133033,0.49789413197251037,0.4531193955658525,0.3728044151005749,0.6213931652858229,0.5227827241953691,0.41990250575180144,0.0,0.6150867818029779,0.6881982882508136,0.4305927350339436,0.6026863114494962
06/05/2020,89.47,35.07,100.49,17.63,832.5,48.81,49.25,8.64,3.6,3.65,173.7,19,199.95,0.6680563494923146,0.40869215275316745,0.6619946620610067,0.5574158794995683,0.3726038322169775,0.5779069610568894,0.6019123647096201,0.44856062695850235,0.9430054518267896,0.6150867818029779,0.46483014574933146,0.4305927350339436,0.5311472258761227
07/05/2020,93.97,34.1,103.51,17.67,844.25,50.03,49.91,8.52,0.0,2.9,178.49,19,199.75,0.7523010794474098,0.41131947121059925,0.6748211699219555,0.5127604742362127,0.37291351829386704,0.6421204060856069,0.6306322108176533,0.41276379267595825,0.0,0.0,0.6609263755776627,0.4305927350339436,0.5657464960570511
08/05/2020,94.65,35.02,104.41,18.16,850.5,49.9,49.76,8.66,0.2,2.9,181.53,19,201.3,0.5473911355569824,0.5820825785707195,0.5414130119794366,0.6581729940927669,0.37284739476841966,0.5722178808847165,0.5074581890951493,0.6019000739850862,0.2895944468794358,0.6150867818029779,0.6206216782968813,0.4305927350339436,0.6026863114494962
09/05/2020,94.65,35.02,104.41,18.16,850.5,49.9,49.76,8.66,0.0,2.9,181.53,19,201.3,0.5155630767475817,0.49749785559889903,0.48724306665073785,0.500111398569815,0.3727585780452793,0.5789414980448113,0.5304313584418854,0.4991275511270036,0.0,0.6150867818029779,0.5544755223119107,0.4305927350339436,0.5698366820387978
10/05/2020,94.65,35.02,104.41,18.16,850.5,49.9,49.76,8.66,0.0,2.9,181.53,19,201.3,0.5155630767475817,0.49749785559889903,0.48724306665073785,0.500111398569815,0.3727585780452793,0.5789414980448113,0.5304313584418854,0.4991275511270036,0.0,0.6150867818029779,0.5544755223119107,0.4305927350339436,0.5698366820387978
11/05/2020,92.67,34.32,106.9,18.32,855.0,49.96,50.01,8.57,0.0,2.9,184.17,20,200.25,0.4343383401397788,0.43505272757385516,0.6409240994647392,0.5510015697059439,0.37282477395934877,0.5820454116206186,0.5685390379991737,0.4342106939122111,0.0,0.6150867818029779,0.6115822961333274,0.44990331915737813,0.5487291096023672
12/05/2020,97.17,33.9,105.88,18.06,852.0,50.17,50.11,8.55,0.0,2.9,179.18,20,198.7,0.7523010794474098,0.45985162662715373,0.4286666626580751,0.41906202482732485,0.37269791685207365,0.5898070508401602,0.5457003965273644,0.4846241288515194,0.0,0.6150867818029779,0.4616439391597479,0.44990331915737813,0.5389176373017778
13/05/2020,93.88,33.8,106.61,18.02,839.5,50.35,50.91,8.61,0.0,2.9,177.96,20,199.9,0.38536418475867235,0.4884773442133033,0.5310256399582161,0.48751349892316576,0.37246122879113147,0.588254522163321,0.6517404087964133,0.54291064338606,0.0,0.6150867818029779,0.5305183708401819,0.44990331915737813,0.5951334240670684
14/05/2020,94.12,34.15,107.1,18.35,837.0,50.82,50.61,8.67,0.0,2.9,180.52,20,199.35,0.526523486136281,0.5293730134251112,0.5164716306637371,0.6058683203454728,0.3727088266022801,0.6032660663259493,0.48440885625407276,0.5429106433860613,0.0,0.6150867818029779,0.6097834749251153,0.44990331915737813,0.5586771259084997
15/05/2020,97.0,33.42,107.5,18.43,840.75,46.71,50.57,8.67,0.0,2.9,181.07,20,194.9,0.6614916760296261,0.43240752587969067,0.5110505914987334,0.5254596210911557,0.372814727859684,0.3668796401078676,0.5243132028382091,0.4991275511270036,0.0,0.6150867818029779,0.5658707755189323,0.44990331915737813,0.48368173491385
16/05/2020,97.0,33.42,107.5,18.43,840.75,46.71,50.57,8.67,0.2,2.9,181.07,20,194.9,0.5155630767475817,0.49749785559889903,0.48724306665073785,0.500111398569815,0.3727585780452793,0.5789414980448113,0.5304313584418854,0.4991275511270036,0.2895944468794358,0.6150867818029779,0.5544755223119107,0.44990331915737813,0.5698366820387978
17/05/2020,97.0,33.42,107.5,18.43,840.75,46.71,50.57,8.67,0.0,2.9,181.07,20,194.9,0.5155630767475817,0.49749785559889903,0.48724306665073785,0.500111398569815,0.3727585780452793,0.5789414980448113,0.5304313584418854,0.4991275511270036,0.0,0.6150867818029779,0.5544755223119107,0.44990331915737813,0.5698366820387978
18/05/2020,98.72,33.42,106.07,18.56,847.75,46.35,50.23,8.79,0.0,2.9,185.8,21,194.9,0.5996646207171502,0.49749785559889903,0.40571597798050535,0.5414014371439677,0.37285680191188986,0.5603268283840417,0.4782506505457769,0.5870891709569119,0.0,0.6150867818029779,0.6595266926613548,0.4689739419624208,0.5698366820387978
19/05/2020,98.78,34.97,105.48,18.4,845.25,46.95,50.06,8.73,0.4,2.9,179.76,21,200.5,0.5182710598741517,0.6411962719972588,0.45305697724877503,0.4500098882896243,0.3727088266022801,0.6099978608751939,0.5043891352421782,0.45575152938498015,0.46795964422223424,0.6150867818029779,0.44319982316811524,0.4689739419624208,0.6931950220553829
20/05/2020,98.4,35.61,105.43,18.57,849.25,46.8,50.08,8.82,0.0,2.9,180.82,21,202.15,0.49889368275184426,0.5560831933942129,0.48430476310276194,0.5542073170919359,0.3728181038248673,0.5711836542048137,0.533488140142682,0.5649516399985806,0.0,0.6150867818029779,0.5767323211790502,0.4689739419624208,0.6048553578814887
21/05/2020,98.8,36.24,104.31,18.71,838.5,46.55,50.51,9.06,0.0,2.9,178.18,21,202.0,0.5340057840171732,0.555158255164519,0.4230439721467203,0.5445986074227384,0.3725078898701178,0.566013174385067,0.5958544846927645,0.6765625605777916,0.0,0.6150867818029779,0.5039446797133674,0.4689739419624208,0.5667651884954138
22/05/2020,97.7,36.48,103.11,18.48,836.5,46.94,50.49,9.05,0.0,2.9,178.8,21,203.55,0.4689694118377182,0.5193082836770773,0.418557846203511,0.4283189629287014,0.3727194811580692,0.5991241489944251,0.5273730395827891,0.4918701402792801,0.0,0.6150867818029779,0.5673468309458751,0.4689739419624208,0.6026863114494962
23/05/2020,97.7,36.48,103.11,18.48,836.5,46.94,50.49,9.05,0.0,2.9,178.8,21,203.55,0.5155630767475817,0.49749785559889903,0.48724306665073785,0.500111398569815,0.3727585780452793,0.5789414980448113,0.5304313584418854,0.4991275511270036,0.0,0.6150867818029779,0.5544755223119107,0.4689739419624208,0.5698366820387978
24/05/2020,97.7,36.48,103.11,18.48,836.5,46.94,50.49,9.05,0.0,2.9,178.8,21,203.55,0.5155630767475817,0.49749785559889903,0.48724306665073785,0.500111398569815,0.3727585780452793,0.5789414980448113,0.5304313584418854,0.4991275511270036,0.0,0.6150867818029779,0.5544755223119107,0.4689739419624208,0.5698366820387978
25/05/2020,97.7,36.48,103.11,18.48,836.5,46.94,50.49,9.05,0.0,2.9,178.8,22,203.55,0.5155630767475817,0.49749785559889903,0.48724306665073785,0.500111398569815,0.3727585780452793,0.5789414980448113,0.5304313584418854,0.4991275511270036,0.0,0.6150867818029779,0.5544755223119107,0.48781830149373506,0.5698366820387978
26/05/2020,99.4,38.26,100.93,18.9,848.75,45.7,50.29,9.42,0.0,2.9,182.47,22,204.3,0.5986276571870431,0.6629572797635367,0.3643353886465084,0.6352148211759798,0.37291926036288986,0.5148711795532266,0.4997830715395448,0.7750542497657313,0.0,0.6150867818029779,0.6349992331862994,0.48781830149373506,0.5855231309396244
27/05/2020,100.8,38.86,100.79,19.05,850.25,44.65,50.54,9.55,0.0,2.9,176.53,22,205.65,0.5832094058841161,0.5523850261275468,0.47903766396222397,0.547798659107818,0.37278271911358024,0.5246809652374138,0.5685390379991737,0.594489420064154,0.0,0.6150867818029779,0.4449465960464727,0.48781830149373506,0.5983627003805421
28/05/2020,101.47,37.93,99.81,18.61,849.25,45.55,50.06,9.33,0.0,2.9,180.49,22,203.4,0.546907211509899,0.4148254563972767,0.4309205941957546,0.36397583352534063,0.3727398704100904,0.6255377819676813,0.4566611257125034,0.3419163711174946,0.0,0.6150867818029779,0.641670050563397,0.48781830149373506,0.5253586083333082
29/05/2020,99.72,38.34,100.4,18.8,843.5,44.99,50.19,9.4,0.0,2.9,182.6,22,204.75,0.44322777400692714,0.5348791366133985,0.5225191525485838,0.5606272355127616,0.37263432813651454,0.5499908795059384,0.5502741098457486,0.550246777058737,0.0,0.6150867818029779,0.5997260285934429,0.48781830149373506,0.5983627003805421
30/05/2020,99.72,38.34,100.4,18.8,843.5,44.99,50.19,9.4,0.0,2.9,182.6,22,204.75,0.5155630767475817,0.49749785559889903,0.48724306665073785,0.500111398569815,0.3727585780452793,0.5789414980448113,0.5304313584418854,0.4991275511270036,0.0,0.6150867818029779,0.5544755223119107,0.48781830149373506,0.5698366820387978
31/05/2020,99.72,38.34,100.4,18.8,843.5,44.99,50.19,9.4,0.0,2.9,182.6,22,204.75,0.5155630767475817,0.49749785559889903,0.48724306665073785,0.500111398569815,0.3727585780452793,0.5789414980448113,0.5304313584418854,0.4991275511270036,0.0,0.6150867818029779,0.5544755223119107,0.48781830149373506,0.5698366820387978
01/06/2020,98.3,37.93,100.77,18.73,843.25,45.01,49.74,9.25,0.0,2.9,182.32,23,204.0,0.4561724938965432,0.4607412614476606,0.5092483728073389,0.4780977857677457,0.37275410767170797,0.5799760859593712,0.4612919791465939,0.3914079155979913,0.0,0.6150867818029779,0.5488372863251141,0.5064487547362421,0.5546790759942132
02/06/2020,95.3,38.79,100.68,19.29,852.75,44.21,49.6,9.5,0.0,2.9,178.78,23,202.5,0.3959944539926342,0.5764955153697302,0.48196046505637513,0.6812422357491971,0.3728871898313638,0.5375920512046378,0.5089922110684558,0.6840828529775309,0.0,0.6150867818029779,0.4875473006771122,0.5064487547362421,0.5398935493341942
03/06/2020,95.45,40.18,99.67,19.67,859.0,43.7,48.94,9.66,0.0,2.9,186.26,23,203.65,0.5223741038117575,0.6261113641451703,0.4292298804275786,0.6221476011909667,0.37284739476841966,0.5525745412962716,0.42882765949184737,0.6167522901583335,0.0,0.6150867818029779,0.7247118442522902,0.5064487547362421,0.5940596996677725
04/06/2020,95.72,40.16,101.07,19.76,868.75,43.7,48.66,9.51,0.0,2.9,184.51,23,205.45,0.5279163982076389,0.49569053109416616,0.5722875922426148,0.5286420333775557,0.372890158119856,0.5789414980448113,0.48748617056827326,0.3914079155979913,0.0,0.6150867818029779,0.5204781260933887,0.5064487547362421,0.6081174953440818
05/06/2020,93.9,40.79,100.87,20.3,870.0,43.7,48.2,9.7,0.0,2.9,192.14,23,202.65,0.440511395177895,0.555158255164519,0.4755408932286623,0.6746399591288048,0.37277891712708583,0.5789414980448113,0.4597486282563665,0.6391067690245289,0.0,0.6150867818029779,0.7283211102174741,0.5064487547362421,0.5148219401990496
06/06/2020,93.9,40.79,100.87,20.3,870.0,43.7,48.2,9.7,0.0,2.9,192.14,23,202.65,0.5155630767475817,0.49749785559889903,0.48724306665073785,0.500111398569815,0.3727585780452793,0.5789414980448113,0.5304313584418854,0.4991275511270036,0.0,0.6150867818029779,0.5544755223119107,0.5064487547362421,0.5698366820387978
07/06/2020,93.9,40.79,100.87,20.3,870.0,43.7,48.2,9.7,0.0,2.9,192.14,23,202.65,0.5155630767475817,0.49749785559889903,0.48724306665073785,0.500111398569815,0.3727585780452793,0.5789414980448113,0.5304313584418854,0.4991275511270036,0.0,0.6150867818029779,0.5544755223119107,0.5064487547362421,0.5698366820387978
08/06/2020,94.12,42.13,99.25,20.38,867.5,43.25,47.53,9.76,0.0,2.9,191.75,24,205.2,0.5255975514954776,0.6214067893305375,0.39516533153297806,0.5254596210911557,0.3727088266022801,0.555675215932588,0.427279034479843,0.5429106433860613,0.0,0.6150867818029779,0.5466498920891194,0.5248764991297242,0.6245666616240936
09/06/2020,96.33,42.32,97.31,19.95,866.0,43.4,47.34,9.71,0.0,2.9,191.1,24,206.4,0.62539629090653,0.5147468750353896,0.37750255957971296,0.36701679292493666,0.3727298451944452,0.5867020912881867,0.5013187535219785,0.46295321049774185,0.0,0.6150867818029779,0.5415315451290345,0.5248764991297242,0.5951334240670684
10/06/2020,96.6,41.98,97.86,19.9,867.75,43.5,46.81,9.52,0.0,2.9,188.7,24,206.4,0.5279163982076389,0.46697702811075475,0.5200971879249637,0.4843718673509234,0.3727864587080175,0.5841149308085057,0.4489377793861393,0.36307028086920135,0.0,0.6150867818029779,0.5083683098334343,0.5248764991297242,0.5698366820387978
11/06/2020,96.83,41.98,97.86,19.9,868.0,43.5,46.81,9.52,0.0,2.9,188.7,24,206.4,0.5260602490068544,0.49749785559889903,0.48724306665073785,0.500111398569815,0.37276288076251535,0.5789414980448113,0.5304313584418854,0.4991275511270036,0.0,0.6150867818029779,0.5544755223119107,0.5248764991297242,0.5698366820387978
12/06/2020,96.08,40.57,99.81,19.73,872.5,43.8,46.92,9.27,0.0,2.9,174.72,24,205.25,0.48329298612256705,0.3729576564969629,0.6067201466114247,0.4469031326412257,0.37282477395934877,0.5944652000633859,0.5472253141659233,0.3208448956384684,0.0,0.6150867818029779,0.3090967148923777,0.5248764991297242,0.5467569984485192
13/06/2020,96.08,40.57,99.81,19.73,872.5,43.8,46.92,9.27,0.0,2.9,174.72,24,205.25,0.5155630767475817,0.49749785559889903,0.48724306665073785,0.500111398569815,0.3727585780452793,0.5789414980448113,0.5304313584418854,0.4991275511270036,0.0,0.6150867818029779,0.5544755223119107,0.5248764991297242,0.5698366820387978
14/06/2020,96.08,40.57,99.81,19.73,872.5,43.8,46.92,9.27,0.0,2.9,174.72,24,205.25,0.5155630767475817,0.49749785559889903,0.48724306665073785,0.500111398569815,0.3727585780452793,0.5789414980448113,0.5304313584418854,0.4991275511270036,0.0,0.6150867818029779,0.5544755223119107,0.5248764991297242,0.5698366820387978
15/06/2020,96.08,40.77,101.92,19.79,870.0,44.6,46.96,9.12,0.0,2.9,174.65,25,209.95,0.5155630767475817,0.5156584572298348,0.6168166201481882,0.519103895814613,0.3727088266022801,0.6203570808837681,0.5365434054710463,0.3914079155979913,0.0,0.6150867818029779,0.5530555400349972,0.543111723256146,0.6727088691717377
16/06/2020,96.33,39.92,102.7,19.66,868.0,44.5,46.87,8.97,0.0,2.9,176.11,25,208.6,0.5269872591536416,0.42184762102983375,0.5340743617226995,0.4593467710761644,0.3727194811580692,0.5737693062018169,0.5166571544129627,0.39140791559799265,0.0,0.6150867818029779,0.5854037074170871,0.543111723256146,0.5428279524943292
17/06/2020,96.5,39.2,104.09,19.77,871.75,45.3,46.85,8.9,0.0,2.9,178.36,25,206.4,0.5232922928109707,0.4332890214785069,0.5716658159752004,0.5350158326757246,0.372814727859684,0.6203570808837676,0.5273730395827891,0.44856062695850235,0.0,0.6150867818029779,0.6028435283740734,0.543111723256146,0.5263212198370597
18/06/2020,96.08,39.43,106.94,19.85,872.5,46.11,47.13,8.75,0.0,2.15,176.32,25,212.35,0.49718061344178693,0.5183953078841574,0.6639160014959424,0.5254596210911568,0.3727710909864317,0.6208751195391666,0.5730981661706364,0.3914079155979913,0.0,0.0,0.5150503754868778,0.543111723256146,0.7012055508205611
19/06/2020,94.7,39.66,108.45,20.44,876.0,46.23,47.15,8.89,0.0,2.15,175.52,25,210.4,0.4577581700106248,0.5183953078841574,0.5791377410894667,0.6911619291768705,0.37281132240467857,0.5851497607602727,0.533488140142682,0.6019000739850862,0.0,0.6150867818029779,0.5386079792385237,0.543111723256146,0.5311472258761233
20/06/2020,94.7,39.66,108.45,20.44,876.0,46.23,47.15,8.89,0.0,2.15,175.52,25,210.4,0.5155630767475817,0.49749785559889903,0.48724306665073785,0.500111398569815,0.3727585780452793,0.5789414980448113,0.5304313584418854,0.4991275511270036,0.0,0.6150867818029779,0.5544755223119107,0.543111723256146,0.5698366820387978
21/06/2020,94.7,39.66,108.45,20.44,876.0,46.23,47.15,8.89,0.0,2.15,175.52,25,210.4,0.5155630767475817,0.49749785559889903,0.48724306665073785,0.500111398569815,0.3727585780452793,0.5789414980448113,0.5304313584418854,0.4991275511270036,0.0,0.6150867818029779,0.5544755223119107,0.543111723256146,0.5698366820387978
22/06/2020,94.4,40.62,107.09,20.33,875.0,45.9,47.56,9.03,0.0,2.15,175.09,26,214.0,0.5023414688244817,0.5858118064644813,0.4096159392736701,0.46558547627284963,0.3727398704100904,0.561877532959904,0.5928239437181448,0.6019000739850849,0.0,0.6150867818029779,0.5458578890229596,0.5611637329171254,0.6479195062406006
23/06/2020,93.53,41.07,105.23,20.45,872.0,45.8,46.97,9.13,0.0,2.15,173.55,26,211.3,0.4783394583906581,0.5385559594083426,0.3819063881061493,0.5382071711422812,0.37269791685207365,0.5737693062018169,0.43966134598084944,0.5723202008680516,0.0,0.6150867818029779,0.5244364024174855,0.5611637329171254,0.5167309504537152
24/06/2020,93.3,41.19,105.63,19.87,867.5,46.05,47.18,8.88,0.0,2.15,167.47,26,218.95,0.5053832851954126,0.5083759136336135,0.5110505914987327,0.32162284236101557,0.37266390061477067,0.5918772370472541,0.5624558797846808,0.3208448956384684,0.0,0.6150867818029779,0.4425016592827976,0.5611637329171254,0.7404185620125692
25/06/2020,94.17,40.82,106.12,19.93,866.5,46.15,47.49,8.92,0.0,2.15,168.69,26,217.35,0.5566619051344482,0.4643027506549216,0.516471630663738,0.519103895814613,0.3727398704100904,0.5841149308085057,0.5776545910326678,0.5282714036279926,0.0,0.6150867818029779,0.5801863601776508,0.5611637329171254,0.5379427978588937
26/06/2020,94.7,39.93,108.27,19.8,860.0,46.65,48.15,8.81,0.0,2.15,162.45,26,218.35,0.5401768853064746,0.4183348147537507,0.6193459105930571,0.4593467710761644,0.372616132660649,0.6048194310030577,0.6306322108176533,0.41990250575180144,0.0,0.6150867818029779,0.43971207245186117,0.5611637329171254,0.5908470508977683
27/06/2020,94.7,39.93,108.27,19.8,860.0,46.65,48.15,8.81,0.0,2.15,162.45,26,218.35,0.5155630767475817,0.49749785559889903,0.48724306665073785,0.500111398569815,0.3727585780452793,0.5789414980448113,0.5304313584418854,0.4991275511270036,0.0,0.6150867818029779,0.5544755223119107,0.5611637329171254,0.5698366820387978
28/06/2020,94.7,39.93,108.27,19.8,860.0,46.65,48.15,8.81,0.0,2.15,162.45,26,218.35,0.5155630767475817,0.49749785559889903,0.48724306665073785,0.500111398569815,0.3727585780452793,0.5789414980448113,0.5304313584418854,0.4991275511270036,0.0,0.6150867818029779,0.5544755223119107,0.5611637329171254,0.5698366820387978
29/06/2020,95.0,40.41,109.05,20.06,861.5,47.35,48.28,8.88,0.0,2.15,162.01,27,219.65,0.5293140358167031,0.54131667386843,0.5340743617226995,0.5831832193236428,0.37278271911358024,0.6151770932176843,0.5502741098457498,0.550246777058737,0.0,0.6150867818029779,0.545660161024607,0.5790410573815297,0.5972849525644631
30/06/2020,91.65,40.15,109.35,20.1,878.75,48.1,48.53,8.92,0.0,2.15,162.54,27,218.4,0.3831778891688341,0.4741222059191711,0.5050529247846356,0.5127604742362127,0.3729749343947823,0.6177669953665874,0.5685390379991737,0.5282714036279926,0.0,0.6150867818029779,0.5654499929946062,0.5790410573815297,0.5447900264382528
01/07/2020,97.3,41.4,109.88,20.69,891.5,48.8,49.51,9.32,0.0,2.15,168.9,27,219.9,0.8192296204140603,0.6129503680814012,0.518887671530018,0.6911619291768705,0.3729249667455993,0.6151770932176839,0.6788189172093788,0.7980000250809717,0.0,0.6150867818029779,0.697926471222543,0.5790410573815297,0.6016035643834113
02/07/2020,99.4,41.04,108.99,20.36,891.25,48.9,49.79,9.3,0.0,2.15,165.27,27,219.65,0.6195673472718696,0.4651938716268434,0.43600250569195526,0.3975494277434541,0.37275410767170797,0.5841149308085057,0.5730981661706364,0.4846241288515194,0.0,0.6150867818029779,0.48592243862188605,0.5790410573815297,0.564730181865189
03/07/2020,99.4,41.04,108.99,20.36,891.25,48.9,49.79,9.3,0.0,2.15,165.27,27,219.65,0.5155630767475817,0.49749785559889903,0.48724306665073785,0.500111398569815,0.3727585780452793,0.5789414980448113,0.5304313584418854,0.4991275511270036,0.0,0.6150867818029779,0.5544755223119107,0.5790410573815297,0.5698366820387978
04/07/2020,99.4,41.04,108.99,20.36,891.25,48.9,49.79,9.3,0.0,2.15,165.27,27,219.65,0.5155630767475817,0.49749785559889903,0.48724306665073785,0.500111398569815,0.3727585780452793,0.5789414980448113,0.5304313584418854,0.4991275511270036,0.0,0.6150867818029779,0.5544755223119107,0.5790410573815297,0.5698366820387978
05/07/2020,99.4,41.04,108.99,20.36,891.25,48.9,49.79,9.3,0.0,2.15,165.27,27,219.65,0.5155630767475817,0.49749785559889903,0.48724306665073785,0.500111398569815,0.3727585780452793,0.5789414980448113,0.5304313584418854,0.4991275511270036,0.0,0.6150867818029779,0.5544755223119107,0.5790410573815297,0.5698366820387978
06/07/2020,100.1,41.36,109.82,20.56,898.5,49.7,49.93,9.35,0.0,2.15,165.8,28,220.95,0.5483602209624823,0.5266241761619215,0.5371284706399116,0.5638413640570443,0.37285990468652586,0.6203570808837681,0.5517979941935255,0.5355854896076724,0.0,0.6150867818029779,0.5654499929946062,0.5967515395174675,0.5972849525644625
07/07/2020,100.0,40.81,109.85,20.42,896.75,50.25,49.94,9.28,0.0,2.15,165.61,28,219.55,0.5110998286543278,0.44831207634837633,0.48901042394775257,0.4562316808667241,0.37272470212906617,0.6074085424520403,0.5319599407537731,0.44856062695850235,0.0,0.6150867818029779,0.5506379053737017,0.5967515395174675,0.5418486828016249
08/07/2020,99.15,40.93,109.37,20.46,892.5,51.04,50.37,9.42,0.0,2.15,168.08,28,218.75,0.4791618033584763,0.5083759136336135,0.459359306522869,0.5127604742362117,0.37266969019479285,0.619839049358925,0.5958544846927645,0.6019000739850862,0.0,0.6150867818029779,0.6077635840132598,0.5967515395174675,0.5536836825352084
09/07/2020,99.25,40.97,108.81,20.39,896.5,51.15,50.31,9.43,0.0,2.15,165.53,28,218.6,0.5200887110186938,0.5011174846960261,0.45477299510312497,0.4780977857677457,0.3728181038248673,0.5846323400097297,0.5212518766700912,0.5063964551116429,0.0,0.6150867818029779,0.5056007818442151,0.5967515395174675,0.5667651884954138
10/07/2020,100.0,40.97,109.3,20.55,887.25,50.9,50.23,9.44,0.0,2.15,164.59,28,218.6,0.550790055938409,0.49749785559889903,0.5164716306637371,0.5510015697059439,0.37254698532029495,0.566013174385067,0.5181890884794822,0.5063964551116429,0.0,0.6150867818029779,0.5358965234758584,0.5967515395174675,0.5698366820387978
11/07/2020,100.0,40.97,109.3,20.55,887.25,50.9,50.23,9.44,0.0,2.15,164.59,28,218.6,0.5155630767475817,0.49749785559889903,0.48724306665073785,0.500111398569815,0.3727585780452793,0.5789414980448113,0.5304313584418854,0.4991275511270036,0.0,0.6150867818029779,0.5544755223119107,0.5967515395174675,0.5698366820387978
12/07/2020,100.0,40.97,109.3,20.55,887.25,50.9,50.23,9.44,0.0,2.15,164.59,28,218.6,0.5155630767475817,0.49749785559889903,0.48724306665073785,0.500111398569815,0.3727585780452793,0.5789414980448113,0.5304313584418854,0.4991275511270036,0.0,0.6150867818029779,0.5544755223119107,0.5967515395174675,0.5698366820387978
13/07/2020,99.65,40.57,107.61,20.03,874.0,49.83,49.78,9.27,0.0,2.15,165.2,29,217.95,0.500183153634434,0.46163118905573497,0.3912905489311892,0.33972484768347755,0.3724409150097849,0.5236482535961057,0.4612919791465939,0.37721987057655115,0.0,0.6150867818029779,0.5671356549103105,0.614302412723353,0.5566747017200465
14/07/2020,98.8,41.55,108.21,20.26,878.0,49.6,49.83,9.33,0.0,2.15,165.56,29,221.9,0.4791618033584757,0.5876777495598131,0.5231252460364748,0.5735001790844935,0.3728181038248673,0.5670471856260954,0.5380704788832585,0.5429106433860613,0.0,0.6150867818029779,0.5618912723668126,0.614302412723353,0.6557743602965699
15/07/2020,101.3,40.48,108.73,20.2,880.75,47.0,49.4,9.18,0.0,2.15,168.83,29,217.85,0.6408990167554012,0.4025688028289477,0.5182832850196354,0.4812333069438162,0.37280090862492854,0.44470586184962035,0.46437787117263724,0.3914079155979913,0.0,0.6150867818029779,0.6258516253684064,0.614302412723353,0.491175135408741
16/07/2020,103.28,41.74,108.63,20.4,888.25,46.83,49.01,9.2,0.0,2.15,167.21,29,222.25,0.6132422702818076,0.6138892068714141,0.4813752426909918,0.5638413640570443,0.37286299196792055,0.5701494720900175,0.4705463642777897,0.5136767945011111,0.0,0.6150867818029779,0.5229255758937893,0.614302412723353,0.6659190725982319
17/07/2020,103.28,41.32,108.54,20.15,892.25,47.82,49.43,9.18,0.0,2.15,166.62,29,222.55,0.5155630767475817,0.45985162662715373,0.48196046505637513,0.42214512936062787,0.3728181038248673,0.6302009918471161,0.5943393492156758,0.4846241288515194,0.0,0.6150867818029779,0.5427067095008268,0.614302412723353,0.5760519299755075
18/07/2020,103.28,41.32,108.54,20.15,892.25,47.82,49.43,9.18,0.0,2.15,166.62,29,222.55,0.5155630767475817,0.49749785559889903,0.48724306665073785,0.500111398569815,0.3727585780452793,0.5789414980448113,0.5304313584418854,0.4991275511270036,0.0,0.6150867818029779,0.5544755223119107,0.614302412723353,0.5698366820387978
19/07/2020,103.28,41.32,108.54,20.15,892.25,47.82,49.43,9.18,0.0,2.15,166.62,29,222.55,0.5155630767475817,0.49749785559889903,0.48724306665073785,0.500111398569815,0.3727585780452793,0.5789414980448113,0.5304313584418854,0.4991275511270036,0.0,0.6150867818029779,0.5544755223119107,0.614302412723353,0.5698366820387978
20/07/2020,102.28,40.36,109.93,20.61,896.75,48.0,49.5,9.28,0.0,2.15,167.9,30,215.3,0.4730242635700709,0.4121956552419108,0.5716658159752004,0.6483199011437699,0.37282477395934877,0.588254522163321,0.5411235253472169,0.5723202008680504,0.0,0.6150867818029779,0.5814867365890386,0.6317003669661485,0.4319837918812388
21/07/2020,101.85,42.55,109.03,20.98,891.0,47.22,49.62,9.55,0.0,2.15,168.22,30,221.15,0.4967534336874133,0.701952444352539,0.4354371105178444,0.6188868258848319,0.37263432813651454,0.5386251223796701,0.5487498842114628,0.6991520475166416,0.0,0.6150867818029779,0.5610588246260237,0.6317003669661485,0.6989144681826287
22/07/2020,101.5,43.31,108.05,21.11,894.0,47.25,48.54,9.48,0.0,2.15,170.31,30,221.65,0.500183153634434,0.567202445099988,0.4309205941957546,0.5414014371439677,0.3728044151005749,0.5804933988273678,0.3635974163116379,0.44856062695850235,0.0,0.6150867818029779,0.5992815564046221,0.6317003669661485,0.5802418333278172
23/07/2020,100.85,42.72,109.17,20.97,900.75,47.87,48.83,9.38,0.0,2.15,168.94,30,222.4,0.4874581711589515,0.44477065333046256,0.5549418707063442,0.456231680866723,0.37285368307824124,0.6110336447379344,0.5746172716300886,0.4270514369237306,0.0,0.6150867818029779,0.5276594587730628,0.6317003669661485,0.5855231309396244
24/07/2020,101.33,42.9,111.0,21.31,898.75,48.04,49.25,9.46,0.0,2.15,168.75,30,223.45,0.5377941183576752,0.5138356481890418,0.5991702496300644,0.6091192246918439,0.3727194811580692,0.5877370342150702,0.5943393492156758,0.5575938042351137,0.0,0.6150867818029779,0.5506379053737017,0.6317003669661485,0.5919164808997709
25/07/2020,101.33,42.9,111.0,21.31,898.75,48.04,49.25,9.46,0.0,2.15,168.75,30,223.45,0.5155630767475817,0.49749785559889903,0.48724306665073785,0.500111398569815,0.3727585780452793,0.5789414980448113,0.5304313584418854,0.4991275511270036,0.0,0.6150867818029779,0.5544755223119107,0.6317003669661485,0.5698366820387978
26/07/2020,101.33,42.9,111.0,21.31,898.75,48.04,49.25,9.46,0.0,2.15,168.75,30,223.45,0.5155630767475817,0.49749785559889903,0.48724306665073785,0.500111398569815,0.3727585780452793,0.5789414980448113,0.5304313584418854,0.4991275511270036,0.0,0.6150867818029779,0.5544755223119107,0.6317003669661485,0.5698366820387978
27/07/2020,100.42,42.49,110.72,21.42,898.75,48.8,49.73,9.62,0.0,2.15,167.5,31,219.65,0.4766985330884774,0.4607412614476612,0.47089550656490003,0.5350158326757258,0.3727585780452793,0.6182849979673393,0.6034261785868448,0.6167522901583323,0.0,0.6150867818029779,0.5299454096007966,0.648951605770016,0.49587528710547146
28/07/2020,100.9,43.94,110.41,21.43,887.75,48.95,49.4,9.59,0.0,2.15,166.0,31,226.4,0.5377941183576752,0.6317628770483094,0.4691582486695626,0.503268877475832,0.3725012903768719,0.5867020912881871,0.47979064359699464,0.47738938743779996,0.0,0.6150867818029779,0.5251932066400151,0.648951605770016,0.7195987936575801
29/07/2020,101.45,43.83,110.07,21.29,884.5,48.65,49.79,9.63,0.0,2.15,164.88,31,226.6,0.5411331431360438,0.4875774436797363,0.4674234893565274,0.456231680866723,0.3726923749771655,0.5634283242084381,0.5897923147785207,0.5282714036279939,0.0,0.6150867818029779,0.5324326727007355,0.648951605770016,0.5739701858982316
30/07/2020,101.72,44.03,110.57,21.44,886.75,49.81,50.47,9.79,0.0,2.15,163.1,31,227.0,0.5279163982076389,0.5156584572298348,0.5170752630262825,0.547798659107818,0.3727937758511222,0.6390106851057382,0.6336503413089958,0.6167522901583323,0.0,0.6150867818029779,0.5199146310882382,0.648951605770016,0.578142682339877
31/07/2020,102.83,43.79,111.48,21.39,890.25,51.0,50.79,9.74,0.0,2.15,166.18,31,228.3,0.56856569359978,0.4759117410679519,0.5420259081871476,0.4843718673509234,0.37281132240467857,0.6405655192088783,0.5791728096390247,0.46295321049774185,0.0,0.6150867818029779,0.6215295969399034,0.648951605770016,0.5972849525644631
01/08/2020,102.83,43.79,111.48,21.39,890.25,51.0,50.79,9.74,0.0,2.15,166.18,31,228.3,0.5155630767475817,0.49749785559889903,0.48724306665073785,0.500111398569815,0.3727585780452793,0.5789414980448113,0.5304313584418854,0.4991275511270036,0.0,0.6150867818029779,0.5544755223119107,0.648951605770016,0.5698366820387978
02/08/2020,102.83,43.79,111.48,21.39,890.25,51.0,50.79,9.74,0.0,2.15,166.18,31,228.3,0.5155630767475817,0.49749785559889903,0.48724306665073785,0.500111398569815,0.3727585780452793,0.5789414980448113,0.5304313584418854,0.4991275511270036,0.0,0.6150867818029779,0.5544755223119107,0.648951605770016,0.5698366820387978
03/08/2020,103.03,42.73,113.81,21.35,893.0,52.5,51.29,9.62,0.0,2.15,163.0,32,227.8,0.5246737905323446,0.40344297130288437,0.6307523679036773,0.48751349892316576,0.37280090862492854,0.6566351056532657,0.6064530317150703,0.41276379267595825,0.0,0.6150867818029779,0.4940725499770009,0.6660618956389507,0.5596810302086817
04/08/2020,102.28,42.82,115.68,21.84,879.75,51.99,51.97,9.81,0.0,2.15,163.13,32,226.85,0.48329298612256705,0.505651087387823,0.6016846881124339,0.6581729940927669,0.3724409150097849,0.5525745412962716,0.6336503413089958,0.6391067690245303,0.0,0.6150867818029779,0.557132650548297,0.6660618956389507,0.5507066252166932
05/08/2020,102.3,42.7,115.62,21.82,876.25,52.92,52.14,9.84,0.0,2.15,163.17,32,226.25,0.5164632176849353,0.48667791921866194,0.48371817052921257,0.493806106548914,0.3726867789681567,0.6270921257007596,0.5563676299412925,0.5209684749066019,0.0,0.6150867818029779,0.555290374411144,0.6660618956389507,0.5576750363652282
06/08/2020,102.62,42.47,117.17,21.88,874.75,53.69,52.59,9.82,0.0,1.9,163.97,32,227.4,0.5302483731404902,0.4768070096194907,0.5816334301585431,0.519103895814613,0.3727298451944452,0.6188030078603011,0.5988839533019741,0.4846241288515194,0.0,0.46285298612500037,0.5711649201125845,0.6660618956389507,0.5940596996677725
07/08/2020,102.8,41.6,118.22,21.81,865.75,54.8,52.72,9.73,0.0,1.9,167.14,32,225.45,0.5237522342468925,0.4200907821032073,0.5506271973744201,0.4780977857677457,0.3725534132973112,0.6364194142036979,0.5502741098457486,0.4342106939122111,0.0,0.6150867818029779,0.6235749532410662,0.6660618956389507,0.5311472258761227
08/08/2020,102.8,41.6,118.22,21.81,865.75,54.8,52.72,9.73,0.0,1.9,167.14,32,225.45,0.5155630767475817,0.49749785559889903,0.48724306665073785,0.500111398569815,0.3727585780452793,0.5789414980448113,0.5304313584418854,0.4991275511270036,0.0,0.6150867818029779,0.5544755223119107,0.6660618956389507,0.5698366820387978
09/08/2020,102.8,41.6,118.22,21.81,865.75,54.8,52.72,9.73,0.0,1.9,167.14,32,225.45,0.5155630767475817,0.49749785559889903,0.48724306665073785,0.500111398569815,0.3727585780452793,0.5789414980448113,0.5304313584418854,0.4991275511270036,0.0,0.6150867818029779,0.5544755223119107,0.6660618956389507,0.5698366820387978
10/08/2020,103.6,41.87,118.02,21.62,870.0,54.91,53.59,9.82,0.0,1.9,165.34,33,228.5,0.5532298653956299,0.522049250694376,0.47554089322866144,0.4406977729992352,0.3728214520126403,0.5846323400097297,0.6622787253255794,0.5649516399985806,0.0,0.6150867818029779,0.5195392324593291,0.6830366091162476,0.6356447830839654
11/08/2020,104.65,42.04,118.2,21.87,870.5,55.49,54.28,10.04,0.0,1.9,168.12,33,227.2,0.5655706044406414,0.5129247795619999,0.49789413197251037,0.5799528800334859,0.37276704265950933,0.6089621090912607,0.6351590649638936,0.661550909549254,0.0,0.6150867818029779,0.6147376505824896,0.6830366091162476,0.5438083914185166
12/08/2020,106.35,41.48,118.7,21.76,880.5,56.33,54.78,10.04,0.0,1.9,169.96,33,226.3,0.5986276571870424,0.44742632724932074,0.5170752630262825,0.46558547627285074,0.37289311502770733,0.6224292778978641,0.6064530317150703,0.4991275511270036,0.0,0.6150867818029779,0.5937451043883984,0.6830366091162476,0.5516975001576063
13/08/2020,107.05,42.43,120.47,22.43,896.25,57.7,55.16,10.27,0.0,1.9,169.57,33,227.85,0.5483602209624829,0.5848791655803196,0.5954027871523845,0.7177076440924522,0.3729585327251006,0.6498956078203271,0.5882760873231634,0.6690518908445869,0.0,0.6150867818029779,0.5466498920891188,0.6830366091162476,0.6026863114494956
14/08/2020,107.6,41.39,121.54,22.38,897.0,58.38,55.51,10.22,0.0,1.9,171.44,33,224.75,0.5411331431360438,0.40519189997997396,0.5518590301514339,0.4843718673509234,0.3727710909864317,0.6141411848959819,0.5837257283122147,0.46295321049774185,0.0,0.6150867818029779,0.594407529170773,0.6830366091162476,0.5091115016698791
15/08/2020,107.6,41.39,121.54,22.38,897.0,58.38,55.51,10.22,0.0,1.9,171.44,33,224.75,0.5155630767475817,0.49749785559889903,0.48724306665073785,0.500111398569815,0.3727585780452793,0.5789414980448113,0.5304313584418854,0.4991275511270036,0.0,0.6150867818029779,0.5544755223119107,0.6830366091162476,0.5698366820387978
16/08/2020,107.6,41.39,121.54,22.38,897.0,58.38,55.51,10.22,0.0,1.9,171.44,33,224.75,0.5155630767475817,0.49749785559889903,0.48724306665073785,0.500111398569815,0.3727585780452793,0.5789414980448113,0.5304313584418854,0.4991275511270036,0.0,0.6150867818029779,0.5544755223119107,0.6830366091162476,0.5698366820387978
17/08/2020,106.9,41.32,123.79,22.5,915.25,60.49,55.99,10.17,0.0,1.9,174.61,34,227.4,0.4853711872840094,0.49117933836999955,0.625677919057741,0.5382071711422812,0.3729857445568437,0.6882698431742815,0.6034261785868459,0.4629532104977405,0.0,0.6150867818029779,0.6235749532410668,0.6998807624627255,0.6267756588899098
18/08/2020,106.72,41.37,124.97,22.85,913.75,59.1,57.63,10.54,0.0,1.9,173.81,34,226.2,0.5075711799972727,0.5020234115805353,0.5586473069243696,0.6123726214070944,0.3727298451944452,0.5071280781731735,0.7776116989501571,0.7750542497657313,0.0,0.6150867818029779,0.5386079792385231,0.6998807624627255,0.5457728856460977
19/08/2020,107.47,41.14,125.37,22.7,914.0,60.1,58.64,10.62,0.0,1.9,172.2,34,227.2,0.550790055938409,0.47680700961949135,0.5110505914987334,0.4531193955658525,0.37276288076251535,0.6307191589760908,0.683325788590737,0.5575938042351137,0.0,0.6150867818029779,0.5231142294663347,0.6998807624627255,0.5908470508977683
20/08/2020,107.03,40.53,126.44,22.75,905.25,60.4,59.01,10.62,0.0,1.9,173.18,34,225.2,0.4963266819860808,0.44300149792850146,0.551859030151433,0.515930633984855,0.37255981478444744,0.5944652000633859,0.5867595818195825,0.4991275511270036,0.0,0.6150867818029779,0.575013065609224,0.6998807624627255,0.5301802486002121
21/08/2020,105.8,40.88,126.96,22.64,904.75,60.35,59.6,10.63,0.0,1.9,173.86,34,229.25,0.46373914689624496,0.5293730134251112,0.5182832850196345,0.46558547627285074,0.37274948621358206,0.576355249509347,0.6200614305180119,0.5063964551116443,0.0,0.6150867818029779,0.5686160107919963,0.6998807624627255,0.6580244313863495
22/08/2020,105.8,40.88,126.96,22.64,904.75,60.35,59.6,10.63,0.0,1.9,173.86,34,229.25,0.5155630767475817,0.49749785559889903,0.48724306665073785,0.500111398569815,0.3727585780452793,0.5789414980448113,0.5304313584418854,0.4991275511270036,0.0,0.6150867818029779,0.5544755223119107,0.6998807624627255,0.5698366820387978
23/08/2020,105.8,40.88,126.96,22.64,904.75,60.35,59.6,10.63,0.0,1.9,173.86,34,229.25,0.5155630767475817,0.49749785559889903,0.48724306665073785,0.500111398569815,0.3727585780452793,0.5789414980448113,0.5304313584418854,0.4991275511270036,0.0,0.6150867818029779,0.5544755223119107,0.6998807624627255,0.5698366820387978
24/08/2020,105.58,40.98,125.95,22.49,905.75,60.59,59.93,10.7,0.0,1.9,175.21,35,229.45,0.5058198277792114,0.5065589808775585,0.4292298804275794,0.4531193955658525,0.3727750445640851,0.5913596748992999,0.5806907372312032,0.5502467770587357,0.0,0.6150867818029779,0.5830072277345114,0.7165990487604349,0.5739701858982316
25/08/2020,105.5,41.38,126.59,22.92,920.25,61.39,60.41,10.94,0.0,1.9,174.92,35,228.6,0.5119876534835106,0.5339606815546766,0.5255519872138161,0.6384875790552823,0.37294467883067806,0.6203570808837676,0.6034261785868448,0.6765625605777916,0.0,0.6150867818029779,0.5486378418807516,0.7165990487604349,0.5526898386585559
26/08/2020,104.05,40.68,126.75,22.63,924.25,60.29,60.7,10.84,0.0,1.9,175.26,35,227.85,0.4549857037075179,0.43505272757385516,0.4967053222744185,0.40982769529136165,0.3728181038248673,0.5220992324126615,0.5746172716300896,0.4270514369237306,0.0,0.6150867818029779,0.5614748053174242,0.7165990487604349,0.5546790759942132
27/08/2020,102.97,42.06,127.91,22.97,942.0,59.97,60.87,10.93,0.0,1.9,176.45,35,234.25,0.4697781259540381,0.6251700807410783,0.5574114405006696,0.6091192246918439,0.37298035138046065,0.562394453648629,0.5563676299412915,0.5649516399985806,0.0,0.6150867818029779,0.5795371984733226,0.7165990487604349,0.7115379583018291
28/08/2020,103.22,43.76,130.21,24.08,950.5,59.65,60.97,11.27,0.0,1.9,172.1,35,236.65,0.5269872591536416,0.6553783885796403,0.6288485417337691,0.8659154063556304,0.3728751962836023,0.562394453648629,0.5457003965273644,0.7521881154439742,0.0,0.6150867818029779,0.4730084668374327,0.7165990487604349,0.6212597339051252
29/08/2020,103.22,43.76,130.21,24.08,950.5,59.65,60.97,11.27,0.0,1.9,172.1,35,236.65,0.5155630767475817,0.49749785559889903,0.48724306665073785,0.500111398569815,0.3727585780452793,0.5789414980448113,0.5304313584418854,0.4991275511270036,0.0,0.6150867818029779,0.5544755223119107,0.7165990487604349,0.5698366820387978
30/08/2020,103.22,43.76,130.21,24.08,950.5,59.65,60.97,11.27,0.0,1.9,172.1,35,236.65,0.5155630767475817,0.49749785559889903,0.48724306665073785,0.500111398569815,0.3727585780452793,0.5789414980448113,0.5304313584418854,0.4991275511270036,0.0,0.6150867818029779,0.5544755223119107,0.7165990487604349,0.5698366820387978
31/08/2020,104.5,43.39,130.61,23.85,953.5,60.59,61.25,11.18,0.0,1.9,170.97,36,237.6,0.577117276336575,0.4643027506549216,0.5110505914987334,0.42831896292870253,0.3728044151005749,0.6276102536274574,0.5730981661706364,0.4342106939122111,0.0,0.6150867818029779,0.5322409296278823,0.733195867108624,0.5897791193211852
01/09/2020,105.47,44.1,130.46,24.21,954.75,59.51,60.92,11.31,0.0,1.9,168.94,36,237.6,0.5615967184435124,0.5625650053532973,0.47845408139989254,0.6156284939185489,0.37277891712708583,0.5231319070609424,0.47979064359699464,0.594489420064154,0.0,0.6150867818029779,0.5152368420177533,0.733195867108624,0.5698366820387978
02/09/2020,104.47,44.61,130.37,24.34,962.0,57.5,60.36,11.27,0.0,1.9,167.9,36,238.95,0.4730242635700709,0.5440799860891036,0.4819604650563743,0.5414014371439677,0.37285990468652586,0.4751352944582593,0.4443006912711884,0.4701657893424396,0.0,0.6150867818029779,0.5339691976578393,0.733195867108624,0.5983627003805421
03/09/2020,103.92,45.34,129.76,24.53,966.0,55.71,59.11,11.17,0.0,1.9,167.1,36,239.85,0.49165972774519345,0.5644192364724498,0.45191409763080337,0.5606272355127616,0.3728181038248673,0.4864855074075321,0.33709544204412967,0.4270514369237306,0.0,0.6150867818029779,0.5386079792385231,0.733195867108624,0.588712722418331
04/09/2020,104.45,45.32,129.89,24.48,968.0,57.43,59.06,11.13,0.0,1.9,164.89,36,240.45,0.5401768853064746,0.49569053109416616,0.49492452823678645,0.4843718673509234,0.37279014248879205,0.6680423660479347,0.5227827241953691,0.47016578934244074,0.0,0.6150867818029779,0.5118876554178508,0.733195867108624,0.5823488526248641
05/09/2020,104.45,45.32,129.89,24.48,968.0,57.43,59.06,11.13,0.0,1.9,164.89,36,240.45,0.5155630767475817,0.49749785559889903,0.48724306665073785,0.500111398569815,0.3727585780452793,0.5789414980448113,0.5304313584418854,0.4991275511270036,0.0,0.6150867818029779,0.5544755223119107,0.733195867108624,0.5698366820387978
06/09/2020,104.45,45.32,129.89,24.48,968.0,57.43,59.06,11.13,0.0,1.9,164.89,36,240.45,0.5155630767475817,0.49749785559889903,0.48724306665073785,0.500111398569815,0.3727585780452793,0.5789414980448113,0.5304313584418854,0.4991275511270036,0.0,0.6150867818029779,0.5544755223119107,0.733195867108624,0.5698366820387978
07/09/2020,104.45,45.32,129.89,24.48,968.0,57.43,59.06,11.13,0.0,1.9,164.89,37,240.45,0.5155630767475817,0.49749785559889903,0.48724306665073785,0.500111398569815,0.3727585780452793,0.5789414980448113,0.5304313584418854,0.4991275511270036,0.0,0.6150867818029779,0.5544755223119107,0.749675348466186,0.5698366820387978
08/09/2020,105.78,45.51,130.14,24.28,973.0,58.44,58.64,10.94,0.0,1.9,162.35,37,243.9,0.5796502133361039,0.5147468750353896,0.5020648148582604,0.4375991185336223,0.3728313445416882,0.6312373325242351,0.46592040863776996,0.36307028086920135,0.0,0.6150867818029779,0.5057849946649742,0.749675348466186,0.6445632453804963
09/09/2020,104.7,46.72,130.83,24.74,978.75,57.47,58.15,10.99,0.0,1.9,163.33,37,247.1,0.4697781259540381,0.6091969569504371,0.5285906390119433,0.6483199011437687,0.3728410343581868,0.5288120639259148,0.45511697758308417,0.5355854896076736,0.0,0.6150867818029779,0.575013065609224,0.749675348466186,0.6389836676470646
10/09/2020,105.1,46.55,130.7,24.59,977.5,58.0,58.38,10.98,0.0,1.9,159.37,37,247.45,0.5340057840171732,0.4821858172385756,0.47962156831685626,0.4531193955658536,0.3727349038833178,0.6063728726601102,0.5654980846472754,0.4918701402792801,0.0,0.6150867818029779,0.479985371543496,0.749675348466186,0.5770962202861667
11/09/2020,105.53,46.05,131.94,24.74,996.0,58.72,58.99,11.06,0.0,1.9,158.66,37,245.65,0.5354228660907776,0.4527448358689256,0.5623591584227562,0.5477986591078168,0.37298843244286983,0.6162130317356508,0.6230828330350215,0.5575938042351137,0.0,0.6150867818029779,0.5403597222127575,0.749675348466186,0.5340537428773964
12/09/2020,105.53,46.05,131.94,24.74,996.0,58.72,58.99,11.06,0.0,1.9,158.66,37,245.65,0.5155630767475817,0.49749785559889903,0.48724306665073785,0.500111398569815,0.3727585780452793,0.5789414980448113,0.5304313584418854,0.4991275511270036,0.0,0.6150867818029779,0.5544755223119107,0.749675348466186,0.5698366820387978
13/09/2020,105.53,46.05,131.94,24.74,996.0,58.72,58.99,11.06,0.0,1.9,158.66,37,245.65,0.5155630767475817,0.49749785559889903,0.48724306665073785,0.500111398569815,0.3727585780452793,0.5789414980448113,0.5304313584418854,0.4991275511270036,0.0,0.6150867818029779,0.5544755223119107,0.749675348466186,0.5698366820387978
14/09/2020,106.88,47.11,133.76,25.35,999.5,59.17,59.7,11.31,0.0,1.9,161.45,38,248.6,0.5806655815474928,0.5951501862668532,0.5985419876780216,0.6977857671368157,0.37281132240467857,0.602230533412516,0.6381758359858742,0.6840828529775309,0.0,0.6150867818029779,0.6149633874183037,0.7660413786037178,0.6334226944879924
15/09/2020,107.1,46.82,133.69,25.29,995.75,59.22,58.97,11.16,0.0,1.9,163.42,38,247.5,0.5255975514954776,0.4714403667099498,0.48313192562096663,0.4812333069438162,0.3726811313500115,0.5815280617762189,0.41798240345593035,0.3914079155979913,0.0,0.6150867818029779,0.59661949961148,0.7660413786037178,0.5477423956593632
16/09/2020,106.72,47.88,135.48,25.86,1015.25,59.85,58.88,11.24,0.0,1.9,165.46,38,250.9,0.49889368275184426,0.5951501862668532,0.5966580436321853,0.6845466421919284,0.37299912795571094,0.6115515485750154,0.5166571544129638,0.5575938042351137,0.0,0.6150867818029779,0.5981713639830838,0.7660413786037178,0.6434458905360492
17/09/2020,106.78,47.82,136.85,26.13,1031.25,59.25,58.48,11.16,0.0,1.9,165.95,38,250.5,0.5182710598741517,0.49208077965821867,0.57042275448838,0.5864161925277981,0.3729612826488396,0.547924098128629,0.46900465710360406,0.4413803865727718,0.0,0.6150867818029779,0.5646097244041883,0.7660413786037178,0.561694543491318
18/09/2020,107.35,46.21,138.04,25.72,1047.25,59.77,58.48,10.9,0.0,1.9,164.34,38,248.0,0.5420911715763803,0.35563165186740886,0.5592655077944857,0.3731052825706498,0.3729612826488396,0.6058550503152793,0.5304313584418854,0.31383899022982875,0.0,0.6150867818029779,0.5231142294663352,0.7660413786037178,0.5205577439008089
19/09/2020,107.35,46.21,138.04,25.72,1047.25,59.77,58.48,10.9,0.0,1.9,164.34,38,248.0,0.5155630767475817,0.49749785559889903,0.48724306665073785,0.500111398569815,0.3727585780452793,0.5789414980448113,0.5304313584418854,0.4991275511270036,0.0,0.6150867818029779,0.5544755223119107,0.7660413786037178,0.5698366820387978
20/09/2020,107.35,46.21,138.04,25.72,1047.25,59.77,58.48,10.9,0.0,1.9,164.34,38,248.0,0.5155630767475817,0.49749785559889903,0.48724306665073785,0.500111398569815,0.3727585780452793,0.5789414980448113,0.5304313584418854,0.4991275511270036,0.0,0.6150867818029779,0.5544755223119107,0.7660413786037178,0.5698366820387978
21/09/2020,106.7,46.24,140.34,25.98,1027.5,60.28,59.19,10.95,0.0,1.9,163.02,39,249.85,0.4874581711589521,0.5002119618793363,0.6288485417337691,0.583183219323644,0.37225812509844036,0.6053372364110083,0.6381758359858742,0.5355854896076724,0.0,0.6150867818029779,0.5286108101110444,0.7822976185541417,0.6092070809503094
22/09/2020,106.47,45.98,140.92,25.79,1024.5,61.44,59.91,10.96,0.0,1.9,161.95,39,251.3,0.5053832851954126,0.4741222059191704,0.5219132985643689,0.44069777299923407,0.37269791685207365,0.6390106851057378,0.6396838860613467,0.5063964551116443,0.0,0.6150867818029779,0.5333924576543287,0.7822976185541417,0.6005220311108792
23/09/2020,107.15,45.58,143.56,25.74,1018.75,62.91,60.95,10.93,0.0,1.9,157.83,39,254.2,0.5473911355569824,0.46163118905573497,0.650486783550903,0.4843718673509234,0.37263432813651454,0.6550797581642551,0.6878309581041071,0.47738938743779863,0.0,0.6150867818029779,0.477118039265337,0.7822976185541417,0.6323128277729295
24/09/2020,108.03,45.78,144.88,26.27,1003.25,62.66,61.28,11.11,0.0,1.9,159.36,39,252.55,0.5571537181996867,0.5156584572298348,0.5673179956244652,0.6713421142755323,0.37237893819422735,0.566013174385067,0.5806907372312032,0.6316452193880668,0.0,0.6150867818029779,0.5869331385016364,0.7822976185541417,0.5369690092311182
25/09/2020,107.58,46.11,143.72,25.92,1006.25,63.46,62.45,11.26,0.0,1.9,162.13,39,255.65,0.49590035494067486,0.5275401364205919,0.42079960391818233,0.39142457281477466,0.3728044151005749,0.6203570808837681,0.7073343042194407,0.6093210558845157,0.0,0.6150867818029779,0.6145119604937643,0.7822976185541417,0.636756986581816
26/09/2020,107.58,46.11,143.72,25.92,1006.25,63.46,62.45,11.26,0.0,1.9,162.13,39,255.65,0.5155630767475817,0.49749785559889903,0.48724306665073785,0.500111398569815,0.3727585780452793,0.5789414980448113,0.5304313584418854,0.4991275511270036,0.0,0.6150867818029779,0.5544755223119107,0.7822976185541417,0.5698366820387978
27/09/2020,107.58,46.11,143.72,25.92,1006.25,63.46,62.45,11.26,0.0,1.9,162.13,39,255.65,0.5155630767475817,0.49749785559889903,0.48724306665073785,0.500111398569815,0.3727585780452793,0.5789414980448113,0.5304313584418854,0.4991275511270036,0.0,0.6150867818029779,0.5544755223119107,0.7822976185541417,0.5698366820387978
28/09/2020,107.95,45.38,144.83,25.7,1000.25,65.19,62.42,11.08,0.0,1.9,164.22,40,255.7,0.5325930489368204,0.43240752587969067,0.5543249335152688,0.43140973743657063,0.37262829831510325,0.668560933658782,0.5258433091417318,0.3701403161995962,0.0,0.6150867818029779,0.5992815564046221,0.798447522890112,0.570866043560161
29/09/2020,108.9,45.42,144.66,25.67,997.0,65.33,63.28,11.23,0.0,1.9,161.49,40,256.0,0.5606068207471251,0.5011174846960261,0.4772878698117915,0.49065823424064087,0.3726923749771655,0.5861846364996648,0.6607738714949362,0.6093210558845157,0.0,0.6150867818029779,0.5022917804750043,0.798447522890112,0.5760519299755075
30/09/2020,108.55,45.69,146.23,26.03,1027.25,66.46,63.63,11.33,0.0,1.9,162.65,40,256.7,0.5001831536344334,0.522049250694376,0.5828821999970176,0.6156284939185489,0.37310946903945624,0.6374559045073702,0.5837257283122147,0.5723202008680504,0.0,0.6150867818029779,0.5788887325917887,0.798447522890112,0.5844632745970247
01/10/2020,108.53,45.44,149.01,26.36,1027.25,66.58,64.22,11.36,0.0,1.9,165.51,40,256.8,0.5146654960627892,0.47501680743558056,0.6594343520385917,0.6058683203454717,0.3727585780452793,0.585149760760273,0.6200614305180109,0.5209684749066019,0.0,0.6150867818029779,0.6165448447086862,0.798447522890112,0.5718981586235736
02/10/2020,108.17,45.62,149.47,26.42,1024.75,66.85,64.75,11.45,0.0,1.9,163.8,40,258.05,0.49975287793154477,0.5138356481890418,0.5146622672638689,0.5191038958146141,0.3727088266022801,0.592912392038297,0.6109914011954187,0.5649516399985806,0.0,0.6150867818029779,0.5212302026932437,0.798447522890112,0.596208517948959
03/10/2020,108.17,45.62,149.47,26.42,1024.75,66.85,64.75,11.45,0.0,1.9,163.8,40,258.05,0.5155630767475817,0.49749785559889903,0.48724306665073785,0.500111398569815,0.3727585780452793,0.5789414980448113,0.5304313584418854,0.4991275511270036,0.0,0.6150867818029779,0.5544755223119107,0.798447522890112,0.5698366820387978
04/10/2020,108.17,45.62,149.47,26.42,1024.75,66.85,64.75,11.45,0.0,1.9,163.8,40,258.05,0.5155630767475817,0.49749785559889903,0.48724306665073785,0.500111398569815,0.3727585780452793,0.5789414980448113,0.5304313584418854,0.4991275511270036,0.0,0.6150867818029779,0.5544755223119107,0.798447522890112,0.5698366820387978
05/10/2020,108.83,46.34,151.07,27.17,1025.0,67.72,65.36,11.75,0.0,1.9,162.29,41,257.7,0.5464237027165935,0.5634919958689469,0.584756498734874,0.7443843186179498,0.37276288076251535,0.623983499042326,0.6230828330350215,0.7218264196323108,0.0,0.6150867818029779,0.5250039172910915,0.8144943561064077,0.5627042945317452
06/10/2020,109.2,45.28,150.89,26.95,1045.5,68.75,65.48,11.69,0.0,1.9,163.64,41,253.55,0.5325930489368204,0.40344297130288437,0.4767052349966221,0.43140973743657063,0.37300973760559836,0.6322736987509179,0.5487498842114639,0.4557515293849788,0.0,0.6150867818029779,0.5830072277345114,0.8144943561064077,0.48929876259534777
07/10/2020,110.17,45.93,153.2,27.27,1051.5,69.42,67.26,11.97,0.0,1.9,164.78,41,258.0,0.5615967184435124,0.5570083933323502,0.6294830300972852,0.6026199251769843,0.37284422394510824,0.6136232421704593,0.7984814359834684,0.7067008228737521,0.0,0.6150867818029779,0.578456812959232,0.8144943561064077,0.6670492677073028
08/10/2020,109.7,45.69,154.82,27.71,1048.0,70.96,67.55,12.09,0.0,1.9,166.14,41,255.3,0.49504896147907096,0.4759117410679519,0.586006787455764,0.6417626880818091,0.3726867789681567,0.6587089741462379,0.5746172716300875,0.5870891709569119,0.0,0.6150867818029779,0.5832247328486382,0.8144943561064077,0.5167309504537152
09/10/2020,109.88,47.29,153.53,27.75,1065.75,70.88,68.12,12.31,0.0,1.9,164.69,41,261.6,0.5237522342468925,0.645919453149658,0.41352317785639536,0.5127604742362117,0.37298035138046065,0.5748036478171616,0.6170390661376781,0.6615509095492552,0.0,0.6150867818029779,0.5261405478254396,0.8144943561064077,0.7092387437573651
10/10/2020,109.88,47.29,153.53,27.75,1065.75,70.88,68.12,12.31,0.0,1.9,164.69,41,261.6,0.5155630767475817,0.49749785559889903,0.48724306665073785,0.500111398569815,0.3727585780452793,0.5789414980448113,0.5304313584418854,0.4991275511270036,0.0,0.6150867818029779,0.5544755223119107,0.8144943561064077,0.5698366820387978
11/10/2020,109.88,47.29,153.53,27.75,1065.75,70.88,68.12,12.31,0.0,1.9,164.69,41,261.6,0.5155630767475817,0.49749785559889903,0.48724306665073785,0.500111398569815,0.3727585780452793,0.5789414980448113,0.5304313584418854,0.4991275511270036,0.0,0.6150867818029779,0.5544755223119107,0.8144943561064077,0.5698366820387978
12/10/2020,108.35,47.29,153.53,27.75,1036.75,70.88,68.12,12.31,0.0,1.9,164.69,42,261.6,0.45183102876334175,0.49749785559889903,0.48724306665073785,0.500111398569815,0.3719815290297362,0.5789414980448113,0.5304313584418854,0.4991275511270036,0.0,0.6150867818029779,0.5544755223119107,0.8304412073441474,0.5698366820387978
13/10/2020,108.83,46.99,154.81,27.77,1047.0,71.82,69.09,12.4,0.0,1.9,162.83,42,261.9,0.5377941183576752,0.47054706651957273,0.5648372101785677,0.5064295684836558,0.37289606085577653,0.6276102536274569,0.6773162440086022,0.5649516399985806,0.0,0.6150867818029779,0.5184142893549887,0.8304412073441474,0.5760519299755062
14/10/2020,108.38,47.0,155.15,27.69,1057.25,72.42,69.53,12.41,0.0,1.9,162.06,42,263.35,0.49590035494067486,0.4984021434820389,0.5074486326548174,0.47496527251588516,0.37289606085577653,0.6099978608751943,0.597369352085307,0.5063964551116429,0.0,0.6150867818029779,0.5391911144500389,0.8304412073441474,0.6005220311108798
15/10/2020,107.78,46.59,156.62,27.91,1062.0,73.9,70.3,12.53,0.0,1.9,162.43,42,261.45,0.4895542427994214,0.4607412614476612,0.576644550235537,0.5702778560998225,0.3728280710505443,0.6555982021546736,0.6472208348345428,0.5870891709569119,0.0,0.6150867818029779,0.56209968620702,0.8304412073441474,0.53211512274422
16/10/2020,107.15,46.71,157.8,27.95,1050.25,75.92,70.72,12.53,0.0,1.9,163.31,42,263.65,0.4882954915331419,0.5083759136336135,0.5586473069243705,0.5127604742362117,0.3724813569408215,0.6836013752819268,0.5943393492156758,0.4991275511270036,0.0,0.6150867818029779,0.5728716578011176,0.8304412073441474,0.6168632728068123
17/10/2020,107.15,46.71,157.8,27.95,1050.25,75.92,70.72,12.53,0.0,1.9,163.31,42,263.65,0.5155630767475817,0.49749785559889903,0.48724306665073785,0.500111398569815,0.3727585780452793,0.5789414980448113,0.5304313584418854,0.4991275511270036,0.0,0.6150867818029779,0.5544755223119107,0.8304412073441474,0.5698366820387978
18/10/2020,107.15,46.71,157.8,27.95,1050.25,75.92,70.72,12.53,0.0,1.9,163.31,42,263.65,0.5155630767475817,0.49749785559889903,0.48724306665073785,0.500111398569815,0.3727585780452793,0.5789414980448113,0.5304313584418854,0.4991275511270036,0.0,0.6150867818029779,0.5544755223119107,0.8304412073441474,0.5698366820387978
19/10/2020,104.0,47.16,159.84,28.52,1054.0,77.85,71.49,12.76,0.0,1.9,158.79,43,264.3,0.3904827299666149,0.5385559594083419,0.6123952941647558,0.6845466421919284,0.372814727859684,0.6789332521303197,0.6472208348345428,0.6690518908445869,0.0,0.6150867818029779,0.469979869494517,0.8462910036592428,0.5834051651784286
20/10/2020,104.12,47.6,160.44,28.66,1063.75,79.92,73.33,13.1,0.0,1.9,158.58,43,266.45,0.5210011183648303,0.537636307331019,0.5231252460364748,0.5445986074227384,0.372890158119856,0.6861949266456169,0.8074173903182804,0.7521881154439742,0.0,0.6150867818029779,0.5502368733062781,0.8462910036592428,0.615766526799283
21/10/2020,103.65,47.92,162.96,29.06,1071.5,83.92,75.39,13.45,0.0,1.9,160.0,43,268.7,0.49504896147907096,0.5266241761619215,0.6428346053051616,0.6286764184664982,0.37286606428588825,0.7863734583986296,0.8401424506028465,0.759801220038516,0.0,0.6150867818029779,0.5845312692267515,0.8462910036592428,0.6179609802866333
22/10/2020,103.33,48.17,164.33,29.36,1072.25,82.89,77.33,13.81,0.0,1.9,158.93,43,269.65,0.5014767394828343,0.5202216011410754,0.57042275448838,0.5961307308226108,0.3727710909864317,0.5257137018420137,0.8223000839873105,0.7674232832949679,0.0,0.6150867818029779,0.5333924576543293,0.8462910036592428,0.5897791193211852
23/10/2020,103.35,47.81,164.5,29.23,1081.0,80.03,78.82,14.01,0.0,1.9,159.29,43,269.1,0.5164632176849353,0.4651938716268434,0.49729956748985193,0.4593467710761644,0.3728782134329465,0.4313003374961172,0.7552201125335949,0.6465782803409181,0.0,0.6150867818029779,0.561891272366812,0.8462910036592428,0.5586771259085008
24/10/2020,103.35,47.81,164.5,29.23,1081.0,80.03,78.82,14.01,0.0,1.9,159.29,43,269.1,0.5155630767475817,0.49749785559889903,0.48724306665073785,0.500111398569815,0.3727585780452793,0.5789414980448113,0.5304313584418854,0.4991275511270036,0.0,0.6150867818029779,0.5544755223119107,0.8462910036592428,0.5698366820387978
25/10/2020,103.35,47.81,164.5,29.23,1081.0,80.03,78.82,14.01,0.0,1.9,159.29,43,269.1,0.5155630767475817,0.49749785559889903,0.48724306665073785,0.500111398569815,0.3727585780452793,0.5789414980448113,0.5304313584418854,0.4991275511270036,0.0,0.6150867818029779,0.5544755223119107,0.8462910036592428,0.5698366820387978
26/10/2020,103.97,48.09,164.78,29.29,1083.5,83.33,79.67,14.16,0.0,1.9,155.7,44,270.5,0.5444938632851283,0.5229635776898532,0.5038567981694073,0.519103895814613,0.3727973632945372,0.7500257165532193,0.659268812923576,0.6093210558845157,0.0,0.6150867818029779,0.48664429138676635,0.8620465220087719,0.5994417350038719
27/10/2020,104.85,48.41,165.51,29.17,1076.5,84.75,81.48,14.36,0.0,1.9,155.03,44,274.7,0.5571537181996867,0.5266241761619208,0.5310256399582152,0.46246469357860653,0.3726038322169775,0.6524876166428011,0.8029500166760988,0.6465782803409181,0.0,0.6150867818029779,0.5411405726482404,0.8620465220087719,0.6614042115210512
28/10/2020,105.85,46.8,166.1,28.92,1054.75,83.34,82.67,14.4,0.0,1.9,145.39,44,268.8,0.5630842645275516,0.35563165186740886,0.5225191525485838,0.42214512936062787,0.37219978187453284,0.5060957573293899,0.710332149989783,0.5282714036279939,0.0,0.6150867818029779,0.3814249280140166,0.8620465220087719,0.456760948986579
29/10/2020,106.28,47.92,165.82,28.83,1050.5,81.56,82.55,14.35,0.0,1.9,145.81,44,275.6,0.5354228660907776,0.6007633865216313,0.47089550656490003,0.47183573649066757,0.37266969019479285,0.4870014775954524,0.5120592306771193,0.4629532104977405,0.0,0.6150867818029779,0.5631435266077962,0.8620465220087719,0.7207520310337495
30/10/2020,105.97,48.43,165.97,28.88,1056.25,79.63,81.89,14.25,0.0,1.9,146.52,44,278.4,0.5019088675670074,0.5440799860891036,0.49611139890491557,0.515930633984855,0.3728410343581868,0.4792623985770786,0.4288276594918485,0.4270514369237306,0.0,0.6150867818029779,0.5692519408157998,0.8620465220087719,0.6300954971925197
31/10/2020,105.97,48.43,165.97,28.88,1056.25,79.63,81.89,14.25,0.0,1.9,146.52,44,278.4,0.5155630767475817,0.49749785559889903,0.48724306665073785,0.500111398569815,0.3727585780452793,0.5789414980448113,0.5304313584418854,0.4991275511270036,0.0,0.6150867818029779,0.5544755223119107,0.8620465220087719,0.5698366820387978
01/11/2020,105.97,48.43,165.97,28.88,1056.25,79.63,81.89,14.25,0.0,1.9,146.52,44,278.4,0.5155630767475817,0.49749785559889903,0.48724306665073785,0.500111398569815,0.3727585780452793,0.5789414980448113,0.5304313584418854,0.4991275511270036,0.0,0.6150867818029779,0.5544755223119107,0.8620465220087719,0.5698366820387978
02/11/2020,108.55,48.43,165.97,28.88,1052.25,79.63,81.89,14.25,0.0,1.9,146.52,45,278.4,0.6452088198567923,0.49749785559889903,0.48724306665073785,0.500111398569815,0.37267543440242396,0.5789414980448113,0.5304313584418854,0.4991275511270036,0.0,0.6150867818029779,0.5544755223119107,0.877710400104841,0.5698366820387978
03/11/2020,107.83,48.16,167.4,29.11,1064.25,81.57,80.77,14.05,0.0,1.9,149.2,45,276.95,0.48453886933167306,0.4732279337610378,0.5741538954952701,0.5735001790844935,0.3729163938882673,0.6794519151332942,0.35736642855666567,0.3560096719530338,0.0,0.6150867818029779,0.6124828723650824,0.877710400104841,0.5408705566266405
04/11/2020,107.88,49.04,168.25,29.72,1086.25,82.24,81.41,14.38,0.0,1.9,146.31,45,277.65,0.5178181672943181,0.5783569538347089,0.5383515914311585,0.6977857671368144,0.3730255011113736,0.6136232421704593,0.6276131600294197,0.7445840257203867,0.0,0.6150867818029779,0.4993609448799411,0.877710400104841,0.5844632745970247
05/11/2020,108.35,50.46,168.77,30.43,1103.75,82.81,81.27,14.65,0.0,1.9,146.26,45,279.9,0.5373189360308666,0.6289363079416416,0.5182832850196354,0.7310299593958656,0.37297764591036064,0.6084442453550306,0.5089922110684558,0.6991520475166404,0.0,0.6150867818029779,0.553460485883286,0.877710400104841,0.6179609802866333
06/11/2020,108.65,53.42,168.72,31.31,1101.5,80.04,81.32,15.09,0.0,1.9,146.39,45,287.85,0.5293140358167038,0.7757989241080765,0.4843047631027611,0.7879995225486429,0.3727141877521351,0.4359404501941101,0.5380704788832585,0.8287158002668172,0.0,0.6150867818029779,0.557132650548297,0.877710400104841,0.7473861901237264
07/11/2020,108.65,53.42,168.72,31.31,1101.5,80.04,81.32,15.09,0.0,1.9,146.39,45,287.85,0.5155630767475817,0.49749785559889903,0.48724306665073785,0.500111398569815,0.3727585780452793,0.5789414980448113,0.5304313584418854,0.4991275511270036,0.0,0.6150867818029779,0.5544755223119107,0.877710400104841,0.5698366820387978
08/11/2020,108.65,53.42,168.72,31.31,1101.5,80.04,81.32,15.09,0.0,1.9,146.39,45,287.85,0.5155630767475817,0.49749785559889903,0.48724306665073785,0.500111398569815,0.3727585780452793,0.5789414980448113,0.5304313584418854,0.4991275511270036,0.0,0.6150867818029779,0.5544755223119107,0.877710400104841,0.5698366820387978
09/11/2020,111.83,53.06,164.91,30.46,1110.5,78.79,80.91,14.94,0.0,1.9,157.89,46,287.25,0.6779561970399259,0.4651938716268434,0.27635448939316887,0.24099678030581456,0.3728812178300975,0.5143549337468658,0.46746267124804686,0.3914079155979913,0.0,0.6150867818029779,0.8229528931227195,0.8932851462651816,0.5576750363652275
10/11/2020,111.88,53.54,165.6,30.79,1146.0,81.57,80.19,14.91,0.0,1.9,164.01,46,288.0,0.5178181672943181,0.54131667386843,0.5285906390119415,0.6058683203454717,0.37316094896396423,0.7230339257222849,0.4195324163741783,0.47738938743779996,0.0,0.6150867818029779,0.6922266203102941,0.8932851462651816,0.5855231309396244
11/11/2020,112.4,53.93,166.03,30.67,1152.5,81.0,80.58,14.88,0.0,1.9,161.19,46,292.0,0.5396994265424364,0.5330425308270358,0.5128552389138654,0.46246469357860653,0.3728505475801677,0.5494741719819477,0.5897923147785207,0.47738938743779996,0.0,0.6150867818029779,0.5006420008597204,0.8932851462651816,0.6568990803798712
12/11/2020,111.97,52.79,164.3,30.06,1145.5,80.18,80.55,14.74,0.0,1.9,156.52,46,288.55,0.4967534336874133,0.3964550545480507,0.38907924153424556,0.31259844996157315,0.3726038322169775,0.5365590084693177,0.5258433091417318,0.3985166002471645,0.0,0.6150867818029779,0.4673136431077785,0.8932851462651816,0.5024787835340043
13/11/2020,109.92,53.28,165.08,30.14,1148.0,80.3,80.74,14.74,0.0,1.9,161.34,46,291.8,0.4316526897790218,0.5422374917736211,0.5340743617226995,0.5254596210911568,0.3727973632945372,0.5851497607602724,0.5594124021954665,0.4991275511270036,0.0,0.6150867818029779,0.6616266437084547,0.8932851462651816,0.6400981281012605
14/11/2020,109.92,53.28,165.08,30.14,1148.0,80.3,80.74,14.74,0.0,1.9,161.34,46,291.8,0.5155630767475817,0.49749785559889903,0.48724306665073785,0.500111398569815,0.3727585780452793,0.5789414980448113,0.5304313584418854,0.4991275511270036,0.0,0.6150867818029779,0.5544755223119107,0.8932851462651816,0.5698366820387978
15/11/2020,109.92,53.28,165.08,30.14,1148.0,80.3,80.74,14.74,0.0,1.9,161.34,46,291.8,0.5155630767475817,0.49749785559889903,0.48724306665073785,0.500111398569815,0.3727585780452793,0.5789414980448113,0.5304313584418854,0.4991275511270036,0.0,0.6150867818029779,0.5544755223119107,0.8932851462651816,0.5698366820387978
16/11/2020,110.42,53.49,165.47,30.46,1154.5,80.61,80.54,14.83,0.0,1.9,164.07,47,290.55,0.5387458619234445,0.5165703919479213,0.510449579659658,0.6026199251769843,0.3728505475801677,0.59498282257086,0.49978307153954704,0.5649516399985806,0.0,0.6150867818029779,0.6136096699041187,0.908773148372555,0.5447900264382528
17/11/2020,111.33,53.48,164.18,30.76,1168.5,79.87,80.92,15.16,0.0,1.9,163.39,47,285.45,0.5586314017230046,0.4965939857850257,0.41352317785639536,0.5961307308226108,0.37293908619378446,0.5406913513375892,0.5882760873231634,0.7445840257203867,0.0,0.6150867818029779,0.5409452241026177,0.908773148372555,0.4715696641392229
18/11/2020,110.65,52.79,164.4,30.76,1174.75,79.98,80.44,15.05,0.0,1.9,161.16,47,282.15,0.4862049102619212,0.43593494099883945,0.5002755324616317,0.500111398569815,0.37284739476841966,0.5846323400097297,0.4566611257125023,0.41990250575180144,0.0,0.6150867818029779,0.5115164458343215,0.908773148372555,0.5053176546988773
19/11/2020,108.25,54.15,164.02,30.88,1175.5,78.83,80.02,15.06,0.0,1.9,161.31,47,287.65,0.4183524163218369,0.6232880651090785,0.4651142613080347,0.53820717114228,0.3727710909864317,0.5195176518966316,0.46592040863776996,0.5063964551116429,0.0,0.6150867818029779,0.5575436412696602,0.908773148372555,0.6909106181118336
20/11/2020,108.1,53.43,163.98,30.53,1181.25,78.84,80.21,14.93,0.0,1.9,162.8,47,287.05,0.5088902760096623,0.4332890214785069,0.484891706861947,0.39142457281477466,0.3728410343581868,0.5794587856571503,0.5594124021954665,0.4056351920506294,0.0,0.6150867818029779,0.5860587662753939,0.908773148372555,0.5576750363652287
21/11/2020,108.1,53.43,163.98,30.53,1181.25,78.84,80.21,14.93,0.0,1.9,162.8,47,287.05,0.5155630767475817,0.49749785559889903,0.48724306665073785,0.500111398569815,0.3727585780452793,0.5789414980448113,0.5304313584418854,0.4991275511270036,0.0,0.6150867818029779,0.5544755223119107,0.908773148372555,0.5698366820387978
22/11/2020,108.1,53.43,163.98,30.53,1181.25,78.84,80.21,14.93,0.0,1.9,162.8,47,287.05,0.5155630767475817,0.49749785559889903,0.48724306665073785,0.500111398569815,0.3727585780452793,0.5789414980448113,0.5304313584418854,0.4991275511270036,0.0,0.6150867818029779,0.5544755223119107,0.908773148372555,0.5698366820387978
23/11/2020,110.0,53.28,163.34,30.04,1192.5,80.58,80.06,14.72,0.0,1.9,164.08,48,289.7,0.6090457063027327,0.48398156745727544,0.4502014468067516,0.34880322896813204,0.3729077389018052,0.6690795059759355,0.5074581890951504,0.34895839848413734,0.0,0.6150867818029779,0.5814867365890386,0.924176682040444,0.6267756588899093
24/11/2020,111.17,53.28,162.3,30.14,1193.25,80.46,79.67,14.8,0.0,1.9,168.35,48,286.9,0.5715730192077055,0.49749785559889903,0.42754075177520934,0.5318274453997276,0.3727710909864317,0.5727350111826157,0.4705463642777897,0.5575938042351137,0.0,0.6150867818029779,0.6488347448582668,0.924176682040444,0.514821940199049
25/11/2020,111.38,52.33,162.4,30.54,1185.75,78.88,79.77,15.0,0.0,1.9,169.92,48,278.3,0.5251353973889998,0.41307204670600034,0.4931467031048022,0.6286764184664982,0.3725914040630109,0.4973218699260324,0.5457003965273632,0.6465782803409181,0.0,0.6150867818029779,0.5878085936829704,0.924176682040444,0.4074340105231814
26/11/2020,111.38,52.33,162.4,30.54,1185.75,78.88,79.77,15.0,0.0,1.9,169.92,48,278.3,0.5155630767475817,0.49749785559889903,0.48724306665073785,0.500111398569815,0.3727585780452793,0.5789414980448113,0.5304313584418854,0.4991275511270036,0.0,0.6150867818029779,0.5544755223119107,0.924176682040444,0.5698366820387978
27/11/2020,110.62,52.51,161.1,30.23,1192.75,78.69,79.27,14.88,0.0,1.9,169.9,48,279.8,0.48287837430328245,0.5138356481890418,0.4129645465557269,0.40368374873611,0.37285680191188986,0.5691153337765846,0.4535725671925057,0.4127637926759596,0.0,0.6150867818029779,0.5540690417201533,0.924176682040444,0.6016035643834113
28/11/2020,110.62,52.51,161.1,30.23,1192.75,78.69,79.27,14.88,0.0,1.9,169.9,48,279.8,0.5155630767475817,0.49749785559889903,0.48724306665073785,0.500111398569815,0.3727585780452793,0.5789414980448113,0.5304313584418854,0.4991275511270036,0.0,0.6150867818029779,0.5544755223119107,0.924176682040444,0.5698366820387978
29/11/2020,110.62,52.51,161.1,30.23,1192.75,78.69,79.27,14.88,0.0,1.9,169.9,48,279.8,0.5155630767475817,0.49749785559889903,0.48724306665073785,0.500111398569815,0.3727585780452793,0.5789414980448113,0.5304313584418854,0.4991275511270036,0.0,0.6150867818029779,0.5544755223119107,0.924176682040444,0.5698366820387978
30/11/2020,110.17,53.01,159.94,29.88,1169.5,78.04,78.31,14.63,0.0,1.9,170.15,49,283.75,0.49590035494067486,0.5431585964549946,0.42079960391818233,0.39142457281477355,0.3721554604587065,0.5453408010744165,0.3822719562319994,0.3208448956384684,0.0,0.6150867818029779,0.5596068221214812,0.9394979180700787,0.6557743602965692
01/12/2020,110.62,51.89,158.7,30.32,1163.0,75.42,77.17,14.74,0.0,1.9,174.17,49,271.6,0.5363699637020487,0.39820087958428463,0.41631864857927786,0.6417626880818091,0.372616132660649,0.44367458463406656,0.35424981535562583,0.5796994047608528,0.0,0.6150867818029779,0.643054096902707,0.9394979180700787,0.34373755782731646
02/12/2020,110.7,52.3,155.26,29.6,1154.75,74.63,76.44,14.57,0.0,1.9,176.81,49,274.3,0.5191786789767092,0.5348791366133979,0.29613374484229693,0.2796540177930179,0.37257253599793955,0.5381085832173353,0.41798240345593035,0.37721987057655115,0.0,0.6150867818029779,0.611582296133328,0.9394979180700787,0.6278814368424069
03/12/2020,109.6,53.6,152.38,29.66,1170.25,72.87,75.47,14.69,0.0,1.9,176.65,49,275.35,0.46896941183771756,0.617646481551731,0.3262709061807297,0.519103895814613,0.37295577601371366,0.4880334317834675,0.380716825648047,0.5870891709569119,0.0,0.6150867818029779,0.5512404465590096,0.9394979180700787,0.5919164808997714
04/12/2020,108.88,52.85,148.37,28.93,1165.0,69.87,74.69,14.56,0.0,1.9,178.9,49,271.0,0.48453886933167306,0.4306452423882225,0.2657032419056621,0.276669998918515,0.3726462762582796,0.42408291497149353,0.41022896306146645,0.4056351920506306,0.0,0.6150867818029779,0.6028435283740734,0.9394979180700787,0.48555210262345616
05/12/2020,108.88,52.85,148.37,28.93,1165.0,69.87,74.69,14.56,0.0,1.9,178.9,49,271.0,0.5155630767475817,0.49749785559889903,0.48724306665073785,0.500111398569815,0.3727585780452793,0.5789414980448113,0.5304313584418854,0.4991275511270036,0.0,0.6150867818029779,0.5544755223119107,0.9394979180700787,0.5698366820387978
06/12/2020,108.88,52.85,148.37,28.93,1165.0,69.87,74.69,14.56,0.0,1.9,178.9,49,271.0,0.5155630767475817,0.49749785559889903,0.48724306665073785,0.500111398569815,0.3727585780452793,0.5789414980448113,0.5304313584418854,0.4991275511270036,0.0,0.6150867818029779,0.5544755223119107,0.9394979180700787,0.5698366820387978
07/12/2020,108.0,53.18,146.8,28.89,1162.5,68.02,73.84,14.53,0.0,1.9,178.08,50,270.25,0.4779287593503192,0.5275401364205919,0.3979370094432754,0.48751349892316576,0.3727088266022801,0.4833897819316444,0.3993649166002601,0.47738938743779863,0.0,0.6150867818029779,0.5382196457159032,0.9547389292732174,0.5546790759942132
08/12/2020,107.85,52.02,145.18,28.31,1151.5,71.42,73.42,14.31,0.0,1.9,178.27,50,266.8,0.5088902760096623,0.3947099863691842,0.39516533153297806,0.32162284236101446,0.3725012903768719,0.7552174050344757,0.46592040863776996,0.34191637111749595,0.0,0.6150867818029779,0.5583672938104431,0.9547389292732174,0.5024787835340043
09/12/2020,107.38,51.19,144.86,27.95,1163.5,74.99,73.61,14.2,0.0,1.9,177.3,50,265.3,0.49504896147907096,0.4236053413961103,0.46857972093662503,0.38836564664504525,0.3729163938882673,0.764043942970078,0.5594124021954665,0.41990250575180005,0.0,0.6150867818029779,0.5353175266297988,0.9547389292732174,0.5398935493341942
10/12/2020,107.92,52.21,144.0,28.59,1158.75,73.05,73.46,14.58,0.0,1.9,177.4,50,263.0,0.5406547916680076,0.5914122514941409,0.4376998236332168,0.707737349119497,0.3726580673918075,0.47874649544801273,0.5074581890951482,0.7826940647488669,0.0,0.6150867818029779,0.556517234478412,0.9547389292732174,0.5243968270074747
11/12/2020,108.75,52.21,141.23,27.95,1166.0,74.14,73.1,14.47,0.0,1.9,175.25,50,263.0,0.5546984393530148,0.49749785559889903,0.33222173449392023,0.3035913106554511,0.37285990468652586,0.6353829482416002,0.4751697940314452,0.41990250575180144,0.0,0.6150867818029779,0.5130023757407287,0.9547389292732174,0.5698366820387978
12/12/2020,108.75,52.21,141.23,27.95,1166.0,74.14,73.1,14.47,0.0,1.9,175.25,50,263.0,0.5155630767475817,0.49749785559889903,0.48724306665073785,0.500111398569815,0.3727585780452793,0.5789414980448113,0.5304313584418854,0.4991275511270036,0.0,0.6150867818029779,0.5544755223119107,0.9547389292732174,0.5698366820387978
13/12/2020,108.75,52.21,141.23,27.95,1166.0,74.14,73.1,14.47,0.4,1.9,175.25,50,263.0,0.5155630767475817,0.49749785559889903,0.48724306665073785,0.500111398569815,0.3727585780452793,0.5789414980448113,0.5304313584418854,0.4991275511270036,0.46795964422223424,0.6150867818029779,0.5544755223119107,0.9547389292732174,0.5698366820387978
14/12/2020,109.1,50.82,141.81,27.75,1174.5,76.04,73.31,14.35,0.0,1.9,172.6,51,259.7,0.5316536806207528,0.3746938410845325,0.5219132985643705,0.4375991185336223,0.3728751962836023,0.6773772894963722,0.5624558797846818,0.41276379267595825,0.0,0.6150867818029779,0.5037608676346218,0.9699016967259845,0.5053176546988773
15/12/2020,108.6,51.59,142.02,27.91,1188.75,76.35,73.84,14.51,0.0,1.9,176.34,51,262.55,0.49377497410737403,0.568130672421183,0.4996797158657056,0.5510015697059439,0.37294188629812275,0.5949828225708592,0.6109914011954187,0.6167522901583335,0.0,0.6150867818029779,0.6366065363671516,0.9699016967259845,0.6312037587492225
16/12/2020,108.78,51.73,141.78,27.66,1188.0,77.15,74.85,14.6,0.0,1.9,176.66,51,265.15,0.5237522342468932,0.5101943524351752,0.4732158452244002,0.42214512936062787,0.3727447352090851,0.6203570808837684,0.683325788590736,0.5649516399985806,0.0,0.6150867818029779,0.5610588246260237,0.9699016967259845,0.6256707301074703
17/12/2020,109.35,51.03,142.08,28.0,1205.5,76.87,74.11,14.6,0.0,1.9,179.79,51,259.0,0.5420911715763803,0.43505272757385577,0.5050529247846365,0.6091192246918439,0.37297764591036064,0.5644622341788192,0.41643216380477865,0.4991275511270036,0.0,0.6150867818029779,0.6226654748370459,0.9699016967259845,0.45215349739156097
18/12/2020,110.47,50.19,141.0,27.72,1224.0,77.41,74.22,14.59,0.0,1.9,178.85,51,255.3,0.5690660728140284,0.42272637040807737,0.42529100327661695,0.41290332941450814,0.37298843244286983,0.6068907033904695,0.5472253141659233,0.4918701402792801,0.0,0.6150867818029779,0.5358965234758584,0.9699016967259845,0.4977591562526092
19/12/2020,110.47,50.19,141.0,27.72,1224.0,77.41,74.22,14.59,0.0,1.9,178.85,51,255.3,0.5155630767475817,0.49749785559889903,0.48724306665073785,0.500111398569815,0.3727585780452793,0.5789414980448113,0.5304313584418854,0.4991275511270036,0.0,0.6150867818029779,0.5544755223119107,0.9699016967259845,0.5698366820387978
20/12/2020,110.47,50.19,141.0,27.72,1224.0,77.41,74.22,14.59,0.0,1.9,178.85,51,255.3,0.5155630767475817,0.49749785559889903,0.48724306665073785,0.500111398569815,0.3727585780452793,0.5789414980448113,0.5304313584418854,0.4991275511270036,0.0,0.6150867818029779,0.5544755223119107,0.9699016967259845,0.5698366820387978
21/12/2020,110.6,50.97,141.59,27.63,1247.5,78.0,75.1,14.66,0.2,1.9,176.71,52,261.15,0.5214582013593562,0.569059143088847,0.5225191525485838,0.4718357364906687,0.37304109559958887,0.609479980948298,0.663783375538011,0.550246777058737,0.2895944468794358,0.6150867818029779,0.5131883232747682,0.9849881155112172,0.698914468182628
22/12/2020,110.33,50.88,141.53,27.4,1250.0,79.38,77.34,14.97,0.0,1.9,175.96,52,262.8,0.5036421536243795,0.48937762439767907,0.48371817052921257,0.4283189629287014,0.3727973632945372,0.6504139988365247,0.866873026987864,0.7294031196275315,0.0,0.6150867818029779,0.5395803005517962,0.9849881155112172,0.6048553578814894
23/12/2020,111.92,51.22,142.13,27.34,1260.0,79.87,77.6,14.93,0.0,1.9,175.32,52,266.3,0.5929442223418251,0.5284564162665756,0.5231252460364748,0.4812333069438174,0.37289311502770733,0.6043016341479295,0.5700590517997032,0.4701657893424396,0.0,0.6150867818029779,0.5417271702619879,0.9849881155112172,0.64568130451254
24/12/2020,112.15,51.22,142.13,27.34,1264.5,79.87,77.6,14.93,0.2,1.9,175.95,52,266.3,0.5260602490068544,0.49749785559889903,0.48724306665073785,0.500111398569815,0.37282477395934877,0.5789414980448113,0.5304313584418854,0.4991275511270036,0.2895944468794358,0.6150867818029779,0.5675581090579077,0.9849881155112172,0.5698366820387978
25/12/2020,114.96,51.22,142.13,27.34,1264.4,79.87,77.6,14.93,0.2,1.9,175.95,52,266.3,0.657675647455655,0.49749785559889903,0.48724306665073785,0.500111398569815,0.37275680974551206,0.5789414980448113,0.5304313584418854,0.4991275511270036,0.2895944468794358,0.6150867818029779,0.5544755223119107,0.9849881155112172,0.5698366820387978
26/12/2020,114.96,51.22,142.13,27.34,1264.4,79.87,77.6,14.93,0.0,1.9,175.95,52,266.3,0.5155630767475817,0.49749785559889903,0.48724306665073785,0.500111398569815,0.3727585780452793,0.5789414980448113,0.5304313584418854,0.4991275511270036,0.0,0.6150867818029779,0.5544755223119107,0.9849881155112172,0.5698366820387978
27/12/2020,114.96,51.22,142.13,27.34,1264.4,79.87,77.6,14.93,0.0,1.9,175.95,52,266.3,0.5155630767475817,0.49749785559889903,0.48724306665073785,0.500111398569815,0.3727585780452793,0.5789414980448113,0.5304313584418854,0.4991275511270036,0.0,0.6150867818029779,0.5544755223119107,0.9849881155112172,0.5698366820387978
28/12/2020,113.05,51.59,141.99,27.1,1257.25,81.98,78.02,14.89,0.0,1.9,177.83,53,270.3,0.43703305079781474,0.5312071507447004,0.4790376639622248,0.4252307678798307,0.37260011687960226,0.6882698431742815,0.5943393492156758,0.47016578934244074,0.0,0.6150867818029779,0.5946284582030655,1.0,0.6568990803798712
29/12/2020,112.05,52.57,144.73,27.92,1296.0,82.96,78.45,15.13,0.2,1.9,176.32,53,272.5,0.4730242635700709,0.5876777495598131,0.6568757440843185,0.7678295892899983,0.3731921971931125,0.6296828311694875,0.5958544846927656,0.6765625605777916,0.2895944468794358,0.6150867818029779,0.5250039172910915,1.0,0.6168632728068123
30/12/2020,112.12,51.51,144.89,27.94,1300.5,82.76,78.65,15.17,0.0,1.9,175.47,53,267.15,0.5187245654051795,0.40344297130288437,0.4967053222744185,0.5064295684836558,0.37282477395934877,0.5685982808137748,0.5609343014346906,0.5282714036279926,0.0,0.6150867818029779,0.5376377703516722,1.0,0.4669308634694296
31/12/2020,112.95,51.51,144.89,27.94,1311.0,82.76,78.65,15.17,0.0,1.9,179.47,53,267.15,0.5546984393530148,0.49749785559889903,0.48724306665073785,0.500111398569815,0.37289899589046954,0.5789414980448113,0.5304313584418854,0.4991275511270036,0.0,0.6150867818029779,0.6425926034515868,1.0,0.5698366820387978
01/01/2021,115.13,51.51,144.89,27.94,1310.25,82.76,78.65,15.17,0.0,1.9,179.47,53,267.15,0.6238036959314427,0.49749785559889903,0.48724306665073785,0.500111398569815,0.3727447352090851,0.5789414980448113,0.5304313584418854,0.4991275511270036,0.0,0.6150867818029779,0.5544755223119107,1.0,0.5698366820387978
02/01/2021,115.13,51.51,144.89,27.94,1310.25,82.76,78.65,15.17,0.0,1.9,179.47,53,267.15,0.5155630767475817,0.49749785559889903,0.48724306665073785,0.500111398569815,0.3727585780452793,0.5789414980448113,0.5304313584418854,0.4991275511270036,0.0,0.6150867818029779,0.5544755223119107,1.0,0.5698366820387978
03/01/2021,115.13,51.51,144.89,27.94,1310.25,82.76,78.65,15.17,0.0,1.9,179.47,53,267.15,0.5155630767475817,0.49749785559889903,0.48724306665073785,0.500111398569815,0.3727585780452793,0.5789414980448113,0.5304313584418854,0.4991275511270036,0.0,0.6150867818029779,0.5544755223119107,1.0,0.5698366820387978
04/01/2021,112.3,52.02,147.78,28.09,1313.0,83.05,81.79,15.55,0.0,1.9,176.75,1,273.7,0.4022770714986663,0.5440799860891042,0.6664792501343125,0.5477986591078168,0.37280090862492854,0.5939475874210784,1.0,0.7826940647488669,0.0,0.6150867818029779,0.5024752804037823,0.0,0.714990041596143
05/01/2021,115.05,52.61,155.72,29.59,1347.0,84.39,81.62,15.51,0.0,1.9,176.58,1,276.9,0.6544127496797437,0.5514611502267337,1.0,1.0,0.37314637331725253,0.6483404673793096,0.5043891352421771,0.4701657893424396,0.0,0.6150867818029779,0.5510394654698721,0.0,0.6389836676470646
06/01/2021,115.0,52.68,158.46,29.99,1361.5,82.81,82.31,15.58,0.0,1.9,190.63,1,278.3,0.5133238322102879,0.5038364629381149,0.6568757440843203,0.6286764184664982,0.37294467883067806,0.4973218699260324,0.6351590649638936,0.550246777058737,0.0,0.6150867818029779,0.886635181850106,0.0,0.5994417350038731
07/01/2021,114.97,52.0,159.16,29.55,1355.25,83.01,82.65,15.34,0.0,1.9,195.99,1,280.1,0.5142176541438985,0.43681739665718494,0.5291990530532983,0.3639758335253417,0.3726222328129808,0.5892895305661944,0.5822083760524773,0.3278597051701853,0.0,0.6150867818029779,0.6742785560631688,0.0,0.6081174953440823
08/01/2021,114.47,51.61,160.93,29.71,1374.75,83.38,82.6,15.25,0.0,1.9,196.85,1,279.5,0.49377497410737403,0.4625214116401458,0.5954027871523854,0.5510015697059439,0.37299912795571094,0.5980887606555251,0.5227827241953669,0.4342106939122111,0.0,0.6150867818029779,0.5724444305211568,0.0,0.5576750363652275
09/01/2021,114.47,51.61,160.93,29.71,1374.75,83.38,82.6,15.25,0.0,1.9,196.85,1,279.5,0.5155630767475817,0.49749785559889903,0.48724306665073785,0.500111398569815,0.3727585780452793,0.5789414980448113,0.5304313584418854,0.4991275511270036,0.0,0.6150867818029779,0.5544755223119107,0.0,0.5698366820387978
10/01/2021,114.47,51.61,160.93,29.71,1374.75,83.38,82.6,15.25,0.0,1.9,196.85,1,279.5,0.5155630767475817,0.49749785559889903,0.48724306665073785,0.500111398569815,0.3727585780452793,0.5789414980448113,0.5304313584418854,0.4991275511270036,0.0,0.6150867818029779,0.5544755223119107,0.0,0.5698366820387978
11/01/2021,113.4,51.85,164.28,29.92,1372.5,83.22,82.64,15.05,0.0,1.9,196.12,2,284.7,0.47018290059036827,0.5193082836770779,0.6960718990531821,0.5670582443913101,0.3727141877521351,0.5706665576251296,0.5365434054710474,0.3560096719530338,0.0,0.6150867818029779,0.5399698350244159,0.03362089965624637,0.6840693440661861
12/01/2021,112.47,53.24,165.92,31.11,1418.25,83.58,83.32,15.62,0.0,1.9,198.63,2,283.95,0.4758799226291352,0.6261113641451703,0.587257676105877,0.8932268783484802,0.37325812354033483,0.5975710804957092,0.6336503413089947,0.9294639902794443,0.0,0.6150867818029779,0.6086608132155837,0.03362089965624637,0.5546790759942132
13/01/2021,112.25,53.95,166.53,31.42,1406.25,84.27,83.87,15.82,0.0,1.9,195.14,2,285.95,0.5058198277792114,0.5625650053532973,0.5237315776249221,0.5993740562369041,0.37247466872423124,0.6146591352600861,0.6140157273282313,0.6465782803409194,0.0,0.6150867818029779,0.4884510888844178,0.03362089965624637,0.6124822038930255
14/01/2021,112.08,55.78,166.99,32.09,1430.5,84.21,84.28,16.2,0.0,1.9,191.38,2,290.2,0.5080103384495492,0.6676992469000343,0.5146622672638689,0.7177076440924534,0.373048833277573,0.5758380368937972,0.5928239437181438,0.7826940647488657,0.0,0.6150867818029779,0.4835797646002091,0.03362089965624637,0.6625320283459378
15/01/2021,112.78,54.46,166.97,31.59,1414.75,84.22,84.52,15.99,0.0,1.9,189.1,2,287.9,0.5483602209624829,0.3807758359665263,0.48606666236990037,0.3457750344385125,0.37237196155109104,0.5794587856571503,0.5670187164633128,0.34895839848413734,0.0,0.6150867818029779,0.5105892063342157,0.03362089965624637,0.5243968270074747
16/01/2021,112.78,54.46,166.97,31.59,1414.75,84.22,84.52,15.99,0.0,1.9,189.1,2,287.9,0.5155630767475817,0.49749785559889903,0.48724306665073785,0.500111398569815,0.3727585780452793,0.5789414980448113,0.5304313584418854,0.4991275511270036,0.0,0.6150867818029779,0.5544755223119107,0.03362089965624637,0.5698366820387978
17/01/2021,112.78,54.46,166.97,31.59,1414.75,84.22,84.52,15.99,0.0,1.9,189.1,2,287.9,0.5155630767475817,0.49749785559889903,0.48724306665073785,0.500111398569815,0.3727585780452793,0.5789414980448113,0.5304313584418854,0.4991275511270036,0.0,0.6150867818029779,0.5544755223119107,0.03362089965624637,0.5698366820387978
18/01/2021,112.78,54.46,166.97,31.59,1414.75,84.22,84.52,15.99,0.0,1.9,189.1,3,287.9,0.5155630767475817,0.49749785559889903,0.48724306665073785,0.500111398569815,0.3727585780452793,0.5789414980448113,0.5304313584418854,0.4991275511270036,0.0,0.6150867818029779,0.5544755223119107,0.06436587743317368,0.5698366820387978
19/01/2021,113.33,54.64,167.89,31.38,1383.25,88.98,85.22,15.93,0.0,1.9,189.47,3,292.35,0.5411331431360438,0.5138356481890418,0.5426390060826789,0.43450311472813996,0.3719041004723336,0.8258509922378408,0.6366675627354331,0.4557515293849788,0.0,0.6150867818029779,0.56209968620702,0.06436587743317368,0.6670492677073041
20/01/2021,113.35,55.39,166.22,31.25,1367.25,87.27,85.44,16.06,0.0,1.9,187.14,3,294.6,0.5164632176849353,0.5662744624436018,0.3923969758626416,0.4593467710761644,0.3723649676875839,0.4906133986096882,0.5639771399642991,0.5944894200641526,0.0,0.6150867818029779,0.5096630727825102,0.06436587743317368,0.6179609802866333
21/01/2021,114.1,55.46,167.15,31.21,1368.75,88.35,85.03,15.88,0.0,1.9,183.56,3,297.05,0.550790055938409,0.5038364629381149,0.5432523046814217,0.48751349892316576,0.37278271911358024,0.6348647244610806,0.46746267124804686,0.37014031619959753,0.0,0.6150867818029779,0.4868248313734624,0.06436587743317368,0.6223611516064058
22/01/2021,116.72,53.9,166.39,30.41,1311.75,85.86,84.43,15.43,0.0,1.9,181.43,3,294.95,0.6473689242218743,0.3599571877544214,0.443370152436499,0.2558308304948247,0.37106606826850874,0.45037814242779733,0.4381144031780215,0.18231740532912655,0.0,0.6150867818029779,0.5133743171752848,0.06436587743317368,0.5282489886501891
23/01/2021,116.72,53.9,166.39,30.41,1311.75,85.86,84.43,15.43,0.0,1.9,181.43,3,294.95,0.5155630767475817,0.49749785559889903,0.48724306665073785,0.500111398569815,0.3727585780452793,0.5789414980448113,0.5304313584418854,0.4991275511270036,0.0,0.6150867818029779,0.5544755223119107,0.06436587743317368,0.5698366820387978
24/01/2021,116.72,53.9,166.39,30.41,1311.75,85.86,84.43,15.43,0.0,1.9,181.43,3,294.95,0.5155630767475817,0.49749785559889903,0.48724306665073785,0.500111398569815,0.3727585780452793,0.5789414980448113,0.5304313584418854,0.4991275511270036,0.0,0.6150867818029779,0.5544755223119107,0.06436587743317368,0.5698366820387978
25/01/2021,116.53,53.9,166.35,30.2,1342.75,85.86,83.87,15.23,0.0,1.9,181.75,4,294.95,0.5071325547790333,0.49749785559889903,0.48489170686194866,0.43450311472813996,0.3731169058721475,0.5789414980448113,0.4443006912711884,0.3560096719530338,0.0,0.6150867818029779,0.5610588246260237,0.09313526815026307,0.5698366820387978
26/01/2021,117.0,55.93,165.87,31.13,1369.5,85.76,83.97,15.76,0.0,1.9,181.14,4,298.0,0.5373189360308666,0.6867053709457909,0.459359306522869,0.8048584683633624,0.37307435899906893,0.5737693062018172,0.5457003965273632,0.8983180275524062,0.0,0.6150867818029779,0.5423146085782075,0.09313526815026307,0.6356447830839654
27/01/2021,116.45,55.19,166.36,30.82,1373.25,83.9,83.83,15.53,0.0,1.9,176.25,4,297.85,0.49165972774519345,0.4315262666567077,0.516471630663738,0.40368374873611,0.372814727859684,0.4828738434771848,0.5089922110684558,0.3348835020880564,0.0,0.6150867818029779,0.46341311381882344,0.09313526815026307,0.5667651884954144
28/01/2021,116.0,55.13,166.35,30.6,1351.5,84.41,83.25,15.31,0.0,1.9,179.88,4,299.7,0.49590035494067486,0.4920807796582193,0.4866546815169808,0.4314097374365717,0.37219978187453284,0.6053372364110079,0.44120804261284907,0.34191637111749595,0.0,0.6150867818029779,0.6340816189078005,0.09313526815026307,0.6092070809503087
29/01/2021,115.05,54.69,165.72,30.22,1367.0,86.78,83.34,15.2,0.0,1.9,179.16,4,299.85,0.4750625274392727,0.4580732267507796,0.45077210987832667,0.3822547025521916,0.37295577601371366,0.7017583759587196,0.5441751280554281,0.41990250575180005,0.0,0.6150867818029779,0.5401647342534842,0.09313526815026307,0.5729329088526542
30/01/2021,115.05,54.69,165.72,30.22,1367.0,86.78,83.34,15.2,0.0,1.9,179.16,4,299.85,0.5155630767475817,0.49749785559889903,0.48724306665073785,0.500111398569815,0.3727585780452793,0.5789414980448113,0.5304313584418854,0.4991275511270036,0.0,0.6150867818029779,0.5544755223119107,0.09313526815026307,0.5698366820387978
31/01/2021,115.05,54.69,165.72,30.22,1367.0,86.78,83.34,15.2,0.0,1.9,179.16,4,299.85,0.5155630767475817,0.49749785559889903,0.48724306665073785,0.500111398569815,0.3727585780452793,0.5789414980448113,0.5304313584418854,0.4991275511270036,0.0,0.6150867818029779,0.5544755223119107,0.09313526815026307,0.5698366820387978
01/02/2021,114.88,55.22,166.63,30.57,1362.5,88.17,83.95,15.4,0.0,1.9,184.78,5,301.0,0.5080103384495492,0.5459236130392566,0.5420259081871467,0.6123726214070944,0.37266390061477067,0.6509323952493021,0.6230828330350215,0.6465782803409194,0.0,0.6150867818029779,0.6804007460045275,0.12042235276213964,0.5940596996677718
02/02/2021,115.97,56.19,165.29,30.85,1350.75,87.0,83.03,15.5,0.4,1.9,189.28,5,301.05,0.5675659561550073,0.5867446681472922,0.4107315404958298,0.5896517810283661,0.3724813569408215,0.5184850615355994,0.38849046088868566,0.5723202008680504,0.46795964422223424,0.6150867818029779,0.6541719654617971,0.12042235276213964,0.5708660435601616
03/02/2021,115.47,56.3,163.39,30.47,1367.5,86.86,83.09,15.5,0.0,1.9,189.26,5,301.9,0.49377497410737403,0.5074672573899338,0.3797035195112932,0.3822547025521916,0.37296949283784897,0.5717007619253521,0.5395971843223267,0.4991275511270036,0.0,0.6150867818029779,0.5540690417201527,0.12042235276213964,0.5876478982910868
04/02/2021,116.45,55.02,165.39,30.33,1369.25,85.41,83.02,15.22,0.0,1.9,190.78,5,300.1,0.5620922087597034,0.38425507014862714,0.6098716839110658,0.456231680866723,0.3727864587080175,0.5040311791438841,0.5197206636548436,0.29985356582251727,0.0,0.6150867818029779,0.5867144433003809,0.12042235276213964,0.5340537428773969
05/02/2021,116.72,56.02,165.29,30.69,1365.75,85.36,82.78,15.37,3.4,1.9,188.67,5,301.7,0.5279163982076389,0.5895445673508144,0.48137524269099263,0.61562849391855,0.3726867789681567,0.576355249509347,0.4936371308564088,0.6093210558845142,0.9380327354229893,0.6150867818029779,0.5137464447158291,0.12042235276213964,0.6037702498286731
06/02/2021,116.72,56.02,165.29,30.69,1365.75,85.36,82.78,15.37,0.0,1.9,188.67,5,301.7,0.5155630767475817,0.49749785559889903,0.48724306665073785,0.500111398569815,0.3727585780452793,0.5789414980448113,0.5304313584418854,0.4991275511270036,0.0,0.6150867818029779,0.5544755223119107,0.12042235276213964,0.5698366820387978
07/02/2021,116.72,56.02,165.29,30.69,1365.75,85.36,82.78,15.37,0.0,1.9,188.67,5,301.7,0.5155630767475817,0.49749785559889903,0.48724306665073785,0.500111398569815,0.3727585780452793,0.5789414980448113,0.5304313584418854,0.4991275511270036,0.0,0.6150867818029779,0.5544755223119107,0.12042235276213964,0.5698366820387978
08/02/2021,116.58,56.12,163.8,30.49,1386.0,86.51,82.69,15.39,4.2,1.9,189.02,6,301.5,0.5093310658378829,0.5065589808775585,0.40237877700170255,0.4375991185336212,0.3730070929809757,0.6384924189246154,0.5166571544129627,0.5136767945011126,0.9547550184940269,0.6150867818029779,0.5616829784640638,0.14653540631051742,0.5657464960570511
09/02/2021,117.45,56.15,164.64,30.59,1398.75,86.86,83.39,15.49,3.6,1.9,189.24,6,302.2,0.5566619051344482,0.5002119618793363,0.5377399266004684,0.5318274453997276,0.3729249667455993,0.5970534097668775,0.6366675627354331,0.5723202008680504,0.9430054518267896,0.6150867818029779,0.5589864613591069,0.14653540631051742,0.5844632745970247
10/02/2021,116.12,55.76,161.66,30.05,1352.5,85.08,83.16,15.46,0.4,1.9,182.57,6,299.95,0.459745653369326,0.4625214116401458,0.32087026377662475,0.3336828308455108,0.3714288665277955,0.4870014775954524,0.49517409280574065,0.47738938743779996,0.46795964422223424,0.6150867818029779,0.43223864284419855,0.14653540631051742,0.5253586083333082
11/02/2021,115.33,55.86,159.73,29.62,1366.75,86.48,83.19,15.43,0.0,1.9,180.12,6,301.2,0.4816365557011434,0.5065589808775591,0.37805262214755203,0.36701679292493666,0.37294188629812275,0.6514507970361344,0.5350159604574021,0.47738938743779863,0.0,0.6150867818029779,0.5074447585818062,0.14653540631051742,0.596208517948959
12/02/2021,117.2,56.34,160.06,29.76,1371.25,85.98,83.4,15.51,0.0,1.9,181.75,6,303.0,0.607476244578429,0.5413166738684306,0.5068492789753959,0.5445986074227384,0.37282477395934877,0.5530912988697946,0.5624558797846818,0.5575938042351137,0.0,0.6150867818029779,0.5891237731136116,0.14653540631051742,0.6081174953440823
13/02/2021,117.2,56.34,160.06,29.76,1371.25,85.98,83.4,15.51,0.0,1.9,181.75,6,303.0,0.5155630767475817,0.49749785559889903,0.48724306665073785,0.500111398569815,0.3727585780452793,0.5789414980448113,0.5304313584418854,0.4991275511270036,0.0,0.6150867818029779,0.5544755223119107,0.14653540631051742,0.5698366820387978
14/02/2021,117.2,56.34,160.06,29.76,1371.25,85.98,83.4,15.51,0.0,1.9,181.75,6,303.0,0.5155630767475817,0.49749785559889903,0.48724306665073785,0.500111398569815,0.3727585780452793,0.5789414980448113,0.5304313584418854,0.4991275511270036,0.0,0.6150867818029779,0.5544755223119107,0.14653540631051742,0.5698366820387978
15/02/2021,117.2,56.34,160.06,29.76,1371.25,85.98,83.4,15.51,8.0,1.9,181.75,7,303.0,0.5155630767475817,0.49749785559889903,0.48724306665073785,0.500111398569815,0.3727585780452793,0.5789414980448113,0.5304313584418854,0.4991275511270036,0.9839644868512838,0.6150867818029779,0.5544755223119107,0.17168377365995158,0.5698366820387978
16/02/2021,116.15,56.34,160.06,29.76,1385.75,85.98,83.4,15.51,0.0,1.9,181.75,7,303.0,0.47099329272467716,0.49749785559889903,0.48724306665073785,0.500111398569815,0.37294467883067806,0.5789414980448113,0.5304313584418854,0.4991275511270036,0.0,0.6150867818029779,0.5544755223119107,0.17168377365995158,0.5698366820387978
17/02/2021,115.3,55.77,158.95,29.33,1384.75,86.84,83.8,15.46,0.0,1.9,188.43,7,302.25,0.4791618033584757,0.44654084154638524,0.423605478191033,0.36701679292493555,0.3727398704100904,0.6234654184140052,0.5913082662364638,0.46295321049774185,0.0,0.6150867818029779,0.7055488655522684,0.17168377365995158,0.5546790759942132
18/02/2021,115.12,55.84,157.96,29.04,1376.5,86.66,84.06,15.45,0.0,1.9,191.24,7,303.75,0.5075711799972734,0.5038364629381149,0.4303568452554859,0.40982769529136276,0.37257253599793955,0.5696323975048447,0.5700590517997053,0.4918701402792787,0.0,0.6150867818029779,0.6154150008769793,0.17168377365995158,0.6016035643834113
19/02/2021,115.92,56.05,157.66,29.16,1380.0,86.66,84.35,15.6,0.0,1.9,192.3,7,303.05,0.5532298653956299,0.5165703919479206,0.46973705399910687,0.5382071711422812,0.37281132240467857,0.5789414980448113,0.5746172716300875,0.6093210558845157,0.0,0.6150867818029779,0.5767323211790502,0.17168377365995158,0.5556760658422484
20/02/2021,115.92,56.05,157.66,29.16,1380.0,86.66,84.35,15.6,7.8,1.9,192.3,7,303.05,0.5155630767475817,0.49749785559889903,0.48724306665073785,0.500111398569815,0.3727585780452793,0.5789414980448113,0.5304313584418854,0.4991275511270036,0.9832649266189799,0.6150867818029779,0.5544755223119107,0.17168377365995158,0.5698366820387978
21/02/2021,115.92,56.05,157.66,29.16,1380.0,86.66,84.35,15.6,0.0,1.9,192.3,7,303.05,0.5155630767475817,0.49749785559889903,0.48724306665073785,0.500111398569815,0.3727585780452793,0.5789414980448113,0.5304313584418854,0.4991275511270036,0.0,0.6150867818029779,0.5544755223119107,0.17168377365995158,0.5698366820387978
22/02/2021,115.72,55.58,158.02,29.04,1387.5,87.19,84.89,15.6,0.0,1.9,192.7,8,302.45,0.506694457674432,0.4554077699017618,0.5086481815090855,0.4624646935786054,0.37286299196792055,0.6063728726601102,0.6125036884963173,0.4991275511270036,0.0,0.6150867818029779,0.5627256393367328,0.19601805204551692,0.5576750363652275
23/02/2021,115.62,55.17,159.32,29.22,1408.5,88.31,85.08,15.61,3.2,1.9,195.93,8,300.8,0.5110998286543278,0.4607412614476612,0.566077263987596,0.5574158794995683,0.3730150116997144,0.6369376563271885,0.5594124021954665,0.5063964551116429,0.9323652131620573,0.6150867818029779,0.6249404500500708,0.19601805204551692,0.5369690092311182
24/02/2021,116.58,55.13,159.54,29.37,1425.75,88.62,85.19,15.68,0.2,1.9,197.85,8,299.5,0.561101588581041,0.4938848501347535,0.5002755324616317,0.547798659107818,0.3729749343947823,0.59498282257086,0.5472253141659233,0.550246777058737,0.2895944468794358,0.6150867818029779,0.5955127730548753,0.19601805204551692,0.5438083914185166
25/02/2021,117.0,54.95,160.3,29.11,1407.5,88.92,85.59,15.55,0.2,1.9,201.89,8,302.55,0.5349500272938812,0.48128847760862425,0.5328542185725998,0.41906202482732485,0.37230128116769307,0.5944652000633859,0.5913082662364659,0.4056351920506306,0.2895944468794358,0.6150867818029779,0.6435157343162294,0.19601805204551692,0.6356447830839654
26/02/2021,113.1,54.32,160.52,28.76,1404.25,88.28,85.41,15.3,0.0,1.9,196.87,8,303.15,0.3633300064570306,0.4412333619184211,0.5002755324616317,0.39142457281477466,0.3726923749771655,0.5458574447781199,0.502854108988468,0.3208448956384684,0.0,0.6150867818029779,0.46111363926331805,0.19601805204551692,0.5823488526248636
27/02/2021,113.1,54.32,160.52,28.76,1404.25,88.28,85.41,15.3,0.0,1.9,196.87,8,303.15,0.5155630767475817,0.49749785559889903,0.48724306665073785,0.500111398569815,0.3727585780452793,0.5789414980448113,0.5304313584418854,0.4991275511270036,0.0,0.6150867818029779,0.5544755223119107,0.19601805204551692,0.5698366820387978
28/02/2021,113.1,54.32,160.52,28.76,1404.25,88.28,85.41,15.3,0.0,1.9,196.87,8,303.15,0.5155630767475817,0.49749785559889903,0.48724306665073785,0.500111398569815,0.3727585780452793,0.5789414980448113,0.5304313584418854,0.4991275511270036,0.0,0.6150867818029779,0.5544755223119107,0.19601805204551692,0.5698366820387978
01/03/2021,118.97,53.55,161.97,28.93,1391.25,87.98,85.59,15.29,0.8,1.9,206.72,9,299.8,0.8322332855270123,0.4288838931122022,0.5753989034360264,0.5542073170919347,0.3724477063731532,0.5634283242084385,0.557890179301871,0.4918701402792787,0.6679492834303831,0.6150867818029779,0.7822750930741974,0.21965127772590198,0.5043707565720584
02/03/2021,119.42,53.22,163.55,28.87,1412.5,87.67,86.11,15.2,0.0,1.9,203.71,9,301.5,0.5363699637020487,0.4678690683732514,0.5835068142670831,0.4812333069438174,0.3730176413033341,0.5629113840400564,0.6094788637603006,0.4342106939122111,0.0,0.6150867818029779,0.49716902580217703,0.21965127772590198,0.6059416147627356
03/03/2021,119.4,51.83,165.47,28.77,1407.5,88.12,87.06,15.14,0.0,1.9,202.87,9,298.15,0.5146654960627892,0.3746938410845325,0.6048308312762206,0.4687091475864579,0.3726521921167477,0.602230533412516,0.6743103175145871,0.45575152938498015,0.0,0.6150867818029779,0.5378316461377095,0.21965127772590198,0.5043707565720573
04/03/2021,118.55,53.67,164.85,29.11,1410.5,89.0,88.59,15.64,0.0,1.9,204.08,9,303.95,0.4791618033584757,0.6686481090887056,0.4513429930050019,0.6091192246918439,0.3728044151005749,0.624501586534929,0.7611944577444721,0.8750430709580544,0.0,0.6150867818029779,0.579969896169199,0.21965127772590198,0.6977696283508342
05/03/2021,119.03,52.88,166.4,29.22,1430.0,90.89,89.07,15.64,0.0,1.9,210.88,9,301.1,0.5377941183576752,0.42712346700818,0.581633430158544,0.5350158326757246,0.37299912795571094,0.6768586441270004,0.6034261785868438,0.4991275511270036,0.0,0.6150867818029779,0.7084137369115613,0.21965127772590198,0.513868495750676
06/03/2021,119.03,52.88,166.4,29.22,1430.0,90.89,89.07,15.64,1.0,1.9,210.88,9,301.1,0.5155630767475817,0.49749785559889903,0.48724306665073785,0.500111398569815,0.3727585780452793,0.5789414980448113,0.5304313584418854,0.4991275511270036,0.7275090786514087,0.6150867818029779,0.5544755223119107,0.21965127772590198,0.5698366820387978
07/03/2021,119.03,52.88,166.4,29.22,1430.0,90.89,89.07,15.64,0.0,1.9,210.88,9,301.1,0.5155630767475817,0.49749785559889903,0.48724306665073785,0.500111398569815,0.3727585780452793,0.5789414980448113,0.5304313584418854,0.4991275511270036,0.0,0.6150867818029779,0.5544755223119107,0.21965127772590198,0.5698366820387978
08/03/2021,119.35,53.3,169.58,29.4,1433.75,90.64,89.63,15.54,0.2,1.9,211.0,10,307.5,0.5302483731404896,0.5357978939445929,0.6851113946161562,0.5574158794995683,0.372814727859684,0.566013174385067,0.6155275193346361,0.42705143692372927,0.2895944468794358,0.6150867818029779,0.556927368019487,0.24267111083626458,0.7115379583018285
09/03/2021,119.65,52.88,171.42,29.61,1440.0,90.78,89.88,15.53,0.0,1.9,206.74,10,306.15,0.5293140358167038,0.45985162662715434,0.5997986511084323,0.5670582443913101,0.37284739476841966,0.5861846364996648,0.5685390379991737,0.4918701402792801,0.0,0.6150867818029779,0.47461487976275885,0.24267111083626458,0.5428279524943287
10/03/2021,118.78,54.6,169.31,29.93,1409.75,91.08,91.59,16.19,0.0,1.9,203.71,10,308.8,0.4783394583906581,0.6572721465999805,0.36816914630397846,0.6026199251769843,0.37194294266750083,0.5944652000633859,0.788049978027834,1.0,0.0,0.6150867818029779,0.49680420915503876,0.24267111083626458,0.6267756588899105
11/03/2021,118.53,55.78,165.15,29.83,1413.5,92.33,91.72,16.57,0.0,1.9,202.69,10,308.8,0.5045117209098212,0.6063839633141433,0.2577323854860659,0.4687091475864579,0.372814727859684,0.6436753450244787,0.5502741098457486,0.7826940647488657,0.0,0.6150867818029779,0.534354059447763,0.24267111083626458,0.5698366820387978
12/03/2021,119.0,55.81,162.65,29.23,1413.25,92.19,91.73,16.49,0.0,1.9,206.18,10,310.5,0.5373189360308666,0.5002119618793363,0.346875346437581,0.31560464618661765,0.37275410767170797,0.5717007619253521,0.5319599407537741,0.4413803865727706,0.0,0.6150867818029779,0.6308748876431246,0.24267111083626458,0.6059416147627356
13/03/2021,119.0,55.81,162.65,29.23,1413.25,92.19,91.73,16.49,0.0,1.9,206.18,10,310.5,0.5155630767475817,0.49749785559889903,0.48724306665073785,0.500111398569815,0.3727585780452793,0.5789414980448113,0.5304313584418854,0.4991275511270036,0.0,0.6150867818029779,0.5544755223119107,0.24267111083626458,0.5698366820387978
14/03/2021,119.0,55.81,162.65,29.23,1413.25,92.19,91.73,16.49,0.6,1.9,206.18,10,310.5,0.5155630767475817,0.49749785559889903,0.48724306665073785,0.500111398569815,0.3727585780452793,0.5789414980448113,0.5304313584418854,0.4991275511270036,0.5858421037283797,0.6150867818029779,0.5544755223119107,0.24267111083626458,0.5698366820387978
15/03/2021,119.12,54.84,163.73,29.0,1410.25,91.87,92.17,16.33,0.0,1.9,206.12,11,309.6,0.5210011183648303,0.41131947121059925,0.5524752275275687,0.4283189629287014,0.37269791685207365,0.5623944536486293,0.597369352085307,0.3843090383427822,0.0,0.6150867818029779,0.5532579381893455,0.2651473174209875,0.5516975001576063
16/03/2021,118.2,55.23,163.67,29.17,1413.75,94.89,93.21,16.61,0.0,1.9,204.18,11,309.9,0.47628907504767043,0.5330425308270351,0.48371817052921257,0.5542073170919359,0.37281132240467857,0.7354906032322843,0.687830958104105,0.7067008228737521,0.0,0.6150867818029779,0.5169172299797031,0.2651473174209875,0.5760519299755062
17/03/2021,119.42,55.44,164.0,29.37,1406.0,94.9,93.44,16.74,5.2,1.9,203.65,11,309.5,0.5740882611555894,0.5165703919479213,0.5068492789753959,0.5638413640570443,0.37258514409297244,0.5794587856571503,0.5654980846472754,0.5944894200641526,0.9675268440095589,0.6150867818029779,0.5438853515568256,0.2651473174209875,0.5616945434913185
18/03/2021,118.58,56.4,161.82,29.11,1380.5,93.26,93.3,16.78,0.0,2.65,202.86,11,313.5,0.47957345318241157,0.5858118064644813,0.3643353886465076,0.41906202482732485,0.372088131521523,0.4942255508111036,0.5089922110684558,0.5282714036279953,0.0,0.8686894763475872,0.5388022724762783,0.2651473174209875,0.6568990803798712
19/03/2021,118.4,56.76,160.49,29.24,1403.0,92.78,93.85,17.1,0.0,2.65,199.78,11,311.5,0.5075711799972734,0.5302899256543614,0.41128956553113494,0.5414014371439677,0.37303071742660593,0.5541248396812373,0.6140157273282292,0.7369890078545078,0.0,0.6150867818029779,0.49589278587733904,0.2651473174209875,0.5301802486002121
20/03/2021,118.4,56.76,160.49,29.24,1403.0,92.78,93.85,17.1,0.0,2.65,199.78,11,311.5,0.5155630767475817,0.49749785559889903,0.48724306665073785,0.500111398569815,0.3727585780452793,0.5789414980448113,0.5304313584418854,0.4991275511270036,0.0,0.6150867818029779,0.5544755223119107,0.2651473174209875,0.5698366820387978
21/03/2021,118.4,56.76,160.49,29.24,1403.0,92.78,93.85,17.1,2.8,2.65,199.78,11,311.5,0.5155630767475817,0.49749785559889903,0.48724306665073785,0.500111398569815,0.3727585780452793,0.5789414980448113,0.5304313584418854,0.4991275511270036,0.9183596473569063,0.6150867818029779,0.5544755223119107,0.2651473174209875,0.5698366820387978
22/03/2021,118.78,57.17,160.91,29.19,1404.0,92.35,93.27,16.92,0.0,2.65,196.52,12,315.2,0.5330634726721316,0.5348791366133985,0.5122534229075298,0.4843718673509246,0.3727750445640851,0.5567088441541657,0.44120804261284907,0.3701403161995962,0.0,0.6150867818029779,0.49261881793153317,0.2871366055179304,0.6501604384715223
23/03/2021,119.12,56.91,160.64,29.13,1411.25,92.33,92.56,16.79,0.0,2.65,197.09,12,313.8,0.5311847422776826,0.4741222059191704,0.47147515845123755,0.4812333069438162,0.37285990468652586,0.5779069610568894,0.42108220127474205,0.4056351920506281,0.0,0.6150867818029779,0.566291983323667,0.2871366055179304,0.5418486828016249
24/03/2021,119.12,55.37,161.54,28.78,1421.0,94.14,93.03,16.57,0.0,2.65,201.87,12,310.8,0.5155630767475817,0.36168849569229405,0.5414130119794375,0.39142457281477466,0.372890158119856,0.6727096425488472,0.6019123647096201,0.34191637111749595,0.0,0.6150867818029779,0.6606930159101585,0.2871366055179304,0.5110122900529079
25/03/2021,119.55,55.73,164.48,29.02,1404.5,93.35,93.31,16.47,0.0,2.65,202.34,12,315.8,0.5354228660907769,0.5302899256543614,0.6696856391167917,0.5767251935573886,0.3723509291405662,0.5381085832173353,0.5730981661706364,0.42705143692372927,0.0,0.6150867818029779,0.5641902489774787,0.2871366055179304,0.6795187447781326
26/03/2021,120.1,54.73,165.07,28.73,1391.25,94.53,93.4,16.25,0.0,2.65,205.48,12,314.45,0.5411331431360438,0.40869215275316745,0.5225191525485838,0.40982769529136276,0.3724409150097849,0.6400472352750727,0.5441751280554281,0.34191637111749595,0.0,0.6150867818029779,0.622892780052654,0.2871366055179304,0.5428279524943287
27/03/2021,120.1,54.73,165.07,28.73,1391.25,94.53,93.4,16.25,0.0,2.65,205.48,12,314.45,0.5155630767475817,0.49749785559889903,0.48724306665073785,0.500111398569815,0.3727585780452793,0.5789414980448113,0.5304313584418854,0.4991275511270036,0.0,0.6150867818029779,0.5544755223119107,0.2871366055179304,0.5698366820387978
28/03/2021,120.1,54.73,165.07,28.73,1391.25,94.53,93.4,16.25,0.0,2.65,205.48,12,314.45,0.5155630767475817,0.49749785559889903,0.48724306665073785,0.500111398569815,0.3727585780452793,0.5789414980448113,0.5304313584418854,0.4991275511270036,0.0,0.6150867818029779,0.5544755223119107,0.2871366055179304,0.5698366820387978
29/03/2021,120.97,54.73,165.98,28.78,1385.25,94.59,94.4,16.37,0.0,2.65,206.0,13,315.6,0.5566619051344482,0.49749785559889903,0.5420259081871467,0.515930633984855,0.37262829831510325,0.5820454116206186,0.6818236885161277,0.5870891709569134,0.0,0.6150867818029779,0.5652397628080884,0.30868588292533583,0.5940596996677731
30/03/2021,120.97,54.48,164.59,28.64,1357.75,94.16,94.22,16.39,0.0,2.65,202.03,13,313.1,0.5155630767475817,0.47501680743558056,0.4079436494857903,0.456231680866723,0.3720274824222556,0.5567088441541657,0.502854108988468,0.5136767945011111,0.0,0.6150867818029779,0.47980595344276755,0.30868588292533583,0.5205577439008089
31/03/2021,120.97,56.15,166.44,29.59,1427.75,96.59,93.71,16.66,0.0,2.65,201.33,13,315.8,0.5155630767475817,0.6525389731232225,0.600427191652661,0.811614681613329,0.3734754223469856,0.704871488024603,0.4520278962451008,0.6991520475166404,0.0,0.6150867818029779,0.5405547994618831,0.30868588292533583,0.6278814368424069
01/04/2021,120.03,55.4,166.42,29.17,1396.75,97.43,93.9,16.46,0.0,2.65,203.16,13,316.1,0.47547107402297306,0.4306452423882225,0.48606666236990037,0.37005993694970474,0.3719196675094174,0.6224292778978644,0.5594124021954686,0.3560096719530338,0.0,0.6150867818029779,0.5935244175507041,0.30868588292533583,0.5760519299755075
02/04/2021,120.03,55.4,166.42,29.17,1396.75,97.43,93.9,16.46,0.0,2.65,203.16,13,316.1,0.5155630767475817,0.49749785559889903,0.48724306665073785,0.500111398569815,0.3727585780452793,0.5789414980448113,0.5304313584418854,0.4991275511270036,0.0,0.6150867818029779,0.5544755223119107,0.30868588292533583,0.5698366820387978
03/04/2021,120.03,55.4,166.42,29.17,1396.75,97.43,93.9,16.46,0.0,2.65,203.16,13,316.1,0.5155630767475817,0.49749785559889903,0.48724306665073785,0.500111398569815,0.3727585780452793,0.5789414980448113,0.5304313584418854,0.4991275511270036,0.0,0.6150867818029779,0.5544755223119107,0.30868588292533583,0.5698366820387978
04/04/2021,120.03,55.4,166.42,29.17,1396.75,97.43,93.9,16.46,0.0,2.65,203.16,13,316.1,0.5155630767475817,0.49749785559889903,0.48724306665073785,0.500111398569815,0.3727585780452793,0.5789414980448113,0.5304313584418854,0.4991275511270036,0.0,0.6150867818029779,0.5544755223119107,0.30868588292533583,0.5698366820387978
05/04/2021,121.38,55.97,165.83,29.24,1405.5,99.15,94.04,16.58,0.0,2.65,204.5,14,317.45,0.5806655815474928,0.5496142087043665,0.4530569772487758,0.5222802334523776,0.3728782134329465,0.6680423660479347,0.5517979941935255,0.5870891709569107,0.0,0.6150867818029779,0.5827897950671435,0.3298345278005889,0.5983627003805414
06/04/2021,122.72,56.98,167.34,29.89,1411.25,99.79,94.7,16.92,7.6,2.65,202.18,14,318.95,0.5801577419219668,0.5904783016435342,0.5791377410894658,0.7110587166812465,0.3728410343581868,0.6120694602844031,0.6306322108176533,0.7521881154439769,0.982518122004319,0.6150867818029779,0.5098482118841012,0.3298345278005889,0.6016035643834113
07/04/2021,123.15,55.99,165.82,29.35,1403.0,98.94,95.32,16.87,0.0,2.65,201.44,14,316.3,0.5354228660907776,0.4095677210509288,0.400712078340978,0.3336828308455108,0.37257253599793955,0.5350094970073078,0.6245931774348243,0.4629532104977405,0.0,0.6150867818029779,0.5397750239726269,0.3298345278005889,0.517686536365099
08/04/2021,124.15,56.85,165.82,29.75,1409.75,99.86,95.49,17.13,0.0,2.65,199.86,14,316.8,0.5630842645275516,0.5764955153697302,0.48724306665073785,0.6286764184664982,0.37285368307824124,0.6265740044254664,0.5563676299412925,0.6916127032419161,0.0,0.6150867818029779,0.5236805306957433,0.3298345278005889,0.5802418333278172
09/04/2021,123.42,56.25,168.88,29.74,1398.25,100.51,95.37,16.8,0.2,2.65,201.73,14,319.4,0.48412323138914365,0.44388594737466414,0.6773913528670158,0.4969571497792754,0.3724880235310652,0.6125873798182145,0.5120592306771216,0.26504026441887996,0.2895944468794358,0.6150867818029779,0.5944075291707723,0.3298345278005889,0.6256707301074703
10/04/2021,123.42,56.25,168.88,29.74,1398.25,100.51,95.37,16.8,0.0,2.65,201.73,14,319.4,0.5155630767475817,0.49749785559889903,0.48724306665073785,0.500111398569815,0.3727585780452793,0.5789414980448113,0.5304313584418854,0.4991275511270036,0.0,0.6150867818029779,0.5544755223119107,0.3298345278005889,0.5698366820387978
11/04/2021,123.42,56.25,168.88,29.74,1398.25,100.51,95.37,16.8,0.0,2.65,201.73,14,319.4,0.5155630767475817,0.49749785559889903,0.48724306665073785,0.500111398569815,0.3727585780452793,0.5789414980448113,0.5304313584418854,0.4991275511270036,0.0,0.6150867818029779,0.5544755223119107,0.3298345278005889,0.5698366820387978
12/04/2021,122.72,55.28,166.91,29.15,1379.0,101.92,95.93,16.76,0.0,2.65,201.79,15,316.45,0.4853711872840088,0.41131947121059925,0.37585307556516395,0.31861277252304154,0.3722725696612053,0.6519692041746841,0.6155275193346361,0.47016578934244074,0.0,0.6150867818029779,0.5556987275421277,0.3506160171067816,0.5119636799511333
13/04/2021,122.4,55.55,168.5,29.56,1384.75,103.87,96.57,16.94,0.8,2.65,202.94,15,316.7,0.501476739482835,0.522049250694376,0.5841315806965808,0.6319444292958212,0.3728410343581868,0.6799705825072111,0.6276131600294175,0.6316452193880668,0.6679492834303831,0.6150867818029779,0.5786727334572385,0.3506160171067816,0.575009890205388
14/04/2021,122.1,56.4,172.66,30.43,1402.25,100.92,96.92,17.08,0.0,2.65,203.83,15,320.0,0.502341468824481,0.5755651437028833,0.7486500710616346,0.7846332166873168,0.37297764591036064,0.42666049286619157,0.5837257283122157,0.6019000739850835,0.0,0.6150867818029779,0.5730854051458749,0.3506160171067816,0.641213324088119
15/04/2021,121.6,56.79,169.4,30.12,1411.0,101.75,97.64,17.36,0.0,2.65,201.15,15,319.4,0.49377497410737403,0.5330425308270358,0.30579309859781023,0.40368374873611,0.3728782134329465,0.6219112180848696,0.6396838860613467,0.7067008228737521,0.0,0.6150867818029779,0.503209667458339,0.3506160171067816,0.5576750363652275
16/04/2021,120.85,55.96,171.74,30.74,1422.5,102.73,97.88,17.52,0.2,2.65,204.63,15,312.6,0.48329298612256705,0.42360534139611095,0.631387216668331,0.7011008628382368,0.37291063337097075,0.6296828311694882,0.5670187164633128,0.6167522901583335,0.2895944468794358,0.6150867818029779,0.6306461319546823,0.3506160171067816,0.44021557621322394
17/04/2021,120.85,55.96,171.74,30.74,1422.5,102.73,97.88,17.52,0.0,2.65,204.63,15,312.6,0.5155630767475817,0.49749785559889903,0.48724306665073785,0.500111398569815,0.3727585780452793,0.5789414980448113,0.5304313584418854,0.4991275511270036,0.0,0.6150867818029779,0.5544755223119107,0.3506160171067816,0.5698366820387978
18/04/2021,120.85,55.96,171.74,30.74,1422.5,102.73,97.88,17.52,0.0,2.65,204.63,15,312.6,0.5155630767475817,0.49749785559889903,0.48724306665073785,0.500111398569815,0.3727585780452793,0.5789414980448113,0.5304313584418854,0.4991275511270036,0.0,0.6150867818029779,0.5544755223119107,0.3506160171067816,0.5698366820387978
19/04/2021,120.35,56.71,172.01,30.93,1436.5,103.53,97.91,17.6,0.0,2.65,202.67,16,315.4,0.49377497410737403,0.5662744624436018,0.5032591740188085,0.5606272355127616,0.37293908619378446,0.6203570808837676,0.5350159604574021,0.5575938042351151,0.0,0.6150867818029779,0.5165434666076756,0.3710591232878496,0.6300954971925197
20/04/2021,120.58,56.84,171.7,30.9,1457.75,102.27,97.78,17.6,1.4,2.65,203.19,16,315.85,0.5260602490068544,0.5092849463746898,0.4691582486695626,0.4906582342406397,0.3730176413033341,0.513838693625205,0.5105258925746103,0.4991275511270036,0.8064673820574741,0.6150867818029779,0.5652397628080884,0.3710591232878496,0.5791912428188708
21/04/2021,119.78,56.84,171.7,30.9,1479.5,102.27,97.78,17.6,0.0,2.65,203.19,16,315.85,0.4812232812730956,0.49749785559889903,0.48724306665073785,0.500111398569815,0.37302288594684774,0.5789414980448113,0.5304313584418854,0.4991275511270036,0.0,0.6150867818029779,0.5544755223119107,0.3710591232878496,0.5698366820387978
22/04/2021,118.33,57.97,175.64,32.16,1514.25,104.34,97.98,17.94,0.0,2.65,203.2,16,316.65,0.4549857037075179,0.6016996424255278,0.7343145043510635,0.9172087505361952,0.37315367376782654,0.6861949266456169,0.5609343014346906,0.7521881154439742,0.0,0.6150867818029779,0.5546790000825097,0.3710591232878496,0.5865846870423513
23/04/2021,117.85,57.4,174.5,31.76,1516.0,104.0,98.7,17.96,0.0,2.65,204.37,16,315.4,0.49462388851531497,0.44654084154638524,0.4219214584913471,0.376152847011963,0.3727864587080175,0.5613606219007468,0.6396838860613467,0.5136767945011111,0.0,0.6150867818029779,0.5791048100272629,0.3710591232878496,0.5447900264382528
24/04/2021,117.85,57.4,174.5,31.76,1516.0,104.0,98.7,17.96,0.0,2.65,204.37,16,315.4,0.5155630767475817,0.49749785559889903,0.48724306665073785,0.500111398569815,0.3727585780452793,0.5789414980448113,0.5304313584418854,0.4991275511270036,0.0,0.6150867818029779,0.5544755223119107,0.3710591232878496,0.5698366820387978
25/04/2021,117.85,57.4,174.5,31.76,1516.0,104.0,98.7,17.96,0.0,2.65,204.37,16,315.4,0.5155630767475817,0.49749785559889903,0.48724306665073785,0.500111398569815,0.3727585780452793,0.5789414980448113,0.5304313584418854,0.4991275511270036,0.0,0.6150867818029779,0.5544755223119107,0.3710591232878496,0.5698366820387978
26/04/2021,118.5,57.82,176.12,32.27,1539.25,106.22,99.28,18.19,0.0,2.65,201.78,17,315.6,0.5459406113190697,0.5357978939445934,0.586006787455764,0.6647530759739619,0.37303850772570496,0.6939762020680545,0.6185503693385707,0.6690518908445869,0.0,0.6150867818029779,0.5048643355277603,0.39118881230011915,0.5739701858982328
27/04/2021,118.38,57.35,176.56,32.31,1519.5,106.92,98.88,18.09,0.0,2.65,201.87,17,313.4,0.5102143151509466,0.4554077699017618,0.513457319452859,0.5127604742362117,0.37225812509844036,0.6151770932176843,0.46900465710360406,0.42705143692372927,0.0,0.6150867818029779,0.5563123858683715,0.39118881230011915,0.5263212198370586
28/04/2021,118.95,58.18,175.47,32.71,1513.75,104.34,99.25,18.5,0.0,2.65,198.17,17,312.1,0.542091171576381,0.57370510148204,0.42472899290514343,0.6286764184664982,0.37263432813651454,0.44573715326041063,0.5867595818195837,0.8056660646181588,0.0,0.6150867818029779,0.48466036796820955,0.39118881230011915,0.5438083914185177
29/04/2021,119.47,58.59,172.57,32.23,1502.25,101.52,99.78,18.64,0.0,2.65,200.84,17,313.7,0.5396994265424357,0.5348791366133985,0.3251900849359959,0.35183351131882545,0.3724880235310652,0.4333625763370898,0.6109914011954187,0.6019000739850862,0.0,0.6150867818029779,0.6122576561304618,0.39118881230011915,0.6037702498286731
30/04/2021,116.0,57.59,172.1,31.67,1534.25,103.2,99.76,18.36,13.4,2.65,199.12,17,312.95,0.3788181881593834,0.40869215275316745,0.4599336748093296,0.3276488669971047,0.373126777082409,0.6659681430147176,0.5273730395827891,0.2998535658225161,0.9934858456703929,0.6150867818029779,0.5210421025599453,0.39118881230011915,0.5546790759942132
01/05/2021,116.0,57.59,172.1,31.67,1534.25,103.2,99.76,18.36,0.0,2.65,199.12,17,312.95,0.5155630767475817,0.49749785559889903,0.48724306665073785,0.500111398569815,0.3727585780452793,0.5789414980448113,0.5304313584418854,0.4991275511270036,0.0,0.6150867818029779,0.5544755223119107,0.39118881230011915,0.5698366820387978
02/05/2021,116.0,57.59,172.1,31.67,1534.25,103.2,99.76,18.36,0.0,2.65,199.12,17,312.95,0.5155630767475817,0.49749785559889903,0.48724306665073785,0.500111398569815,0.3727585780452793,0.5789414980448113,0.5304313584418854,0.4991275511270036,0.0,0.6150867818029779,0.5544755223119107,0.39118881230011915,0.5698366820387978
03/05/2021,115.3,57.95,172.9,31.89,1524.0,104.64,99.84,18.41,0.0,2.65,200.81,18,314.2,0.4853711872840088,0.5302899256543614,0.5352953667307893,0.5702778560998225,0.372521018979203,0.6535244574800402,0.5426495054495383,0.5355854896076736,0.0,0.6150867818029779,0.5904413037631214,0.41102692996415213,0.596208517948959
04/05/2021,113.03,57.63,176.32,32.45,1538.25,102.68,99.79,18.37,0.0,2.65,201.46,18,313.1,0.42326847632727044,0.46876141987728065,0.7005929392546423,0.6812422357491982,0.37294188629812275,0.47771470221804857,0.5227827241953691,0.47016578934244074,0.0,0.6150867818029779,0.5679809692087233,0.41102692996415213,0.5477423956593638
05/05/2021,114.42,57.31,176.96,32.98,1542.25,101.72,100.24,18.68,0.0,2.65,200.18,18,307.5,0.5827000278959837,0.46876141987728065,0.525551987213817,0.6713421142755298,0.3728181038248673,0.5293284801485354,0.598883953301972,0.7294031196275301,0.0,0.6150867818029779,0.5293730461383122,0.41102692996415213,0.46230229599196526
06/05/2021,115.47,58.63,174.18,32.98,1569.5,102.32,100.9,19.11,0.0,3.4,201.45,18,309.6,0.5655706044406408,0.619526259434549,0.33168030382029845,0.500111398569815,0.37307941757929475,0.6099978608751935,0.6306322108176554,0.8210240030771345,0.0,0.8686894763475872,0.5812698191717418,0.41102692996415213,0.6146707566644478
07/05/2021,116.03,59.64,173.52,33.23,1589.75,102.46,101.56,19.45,0.0,3.4,200.04,18,311.45,0.5416119372494461,0.5904783016435342,0.44906077514326037,0.5799528800334859,0.3730070929809757,0.5861846364996648,0.6306322108176533,0.7521881154439742,0.0,0.6150867818029779,0.5268995098706057,0.41102692996415213,0.6092070809503087
08/05/2021,116.03,59.64,173.52,33.23,1589.75,102.46,101.56,19.45,0.0,3.4,200.04,18,311.45,0.5155630767475817,0.49749785559889903,0.48724306665073785,0.500111398569815,0.3727585780452793,0.5789414980448113,0.5304313584418854,0.4991275511270036,0.0,0.6150867818029779,0.5544755223119107,0.41102692996415213,0.5698366820387978
09/05/2021,116.03,59.64,173.52,33.23,1589.75,102.46,101.56,19.45,0.0,3.4,200.04,18,311.45,0.5155630767475817,0.49749785559889903,0.48724306665073785,0.500111398569815,0.3727585780452793,0.5789414980448113,0.5304313584418854,0.4991275511270036,0.0,0.6150867818029779,0.5544755223119107,0.41102692996415213,0.5698366820387978
10/05/2021,118.22,59.53,172.4,32.96,1587.5,102.73,101.23,19.35,0.0,3.4,205.1,19,311.4,0.6243343226112505,0.4875774436797363,0.4230439721467203,0.4159814321122246,0.3727141877521351,0.5929123920382977,0.47979064359699464,0.427051436923732,0.0,0.6150867818029779,0.667238853337475,0.4305927350339436,0.5688101559656252
11/05/2021,118.62,59.74,173.93,33.29,1614.75,102.55,101.4,19.41,0.0,3.4,209.08,19,312.1,0.5340057840171739,0.5165703919479213,0.580385275670127,0.6058683203454717,0.37307941757929475,0.5696323975048447,0.5563676299412925,0.54291064338606,0.0,0.6150867818029779,0.642131254493556,0.4305927350339436,0.584463274597026
12/05/2021,118.6,58.1,177.48,33.51,1642.5,102.35,102.39,19.33,0.0,3.4,211.03,19,307.7,0.5146654960627886,0.3530381799536477,0.7090010507778359,0.5702778560998225,0.373084461392576,0.5685982808137742,0.6803213983821109,0.4413803865727706,0.0,0.6150867818029779,0.5961766325584902,0.4305927350339436,0.48461667596633246
13/05/2021,115.6,58.85,173.0,32.65,1584.0,102.28,101.79,19.21,0.0,3.4,212.2,19,311.85,0.3959944539926342,0.5662744624436018,0.24077597125176978,0.23803494378252438,0.37101450406497444,0.575320836367491,0.4381144031780215,0.41276379267596075,0.0,0.6150867818029779,0.5791048100272623,0.4305927350339436,0.660277002688159
14/05/2021,115.3,58.25,171.88,32.61,1586.25,101.99,101.34,19.23,0.0,3.4,213.91,19,307.0,0.5023414688244817,0.44388594737466414,0.4230439721467203,0.48751349892316576,0.3727937758511222,0.5639452742291702,0.46129197914659276,0.5136767945011111,0.0,0.6150867818029779,0.5908809947161974,0.4305927350339436,0.4762191416670686
15/05/2021,115.3,58.25,171.88,32.61,1586.25,101.99,101.34,19.23,0.0,3.4,213.91,19,307.0,0.5155630767475817,0.49749785559889903,0.48724306665073785,0.500111398569815,0.3727585780452793,0.5789414980448113,0.5304313584418854,0.4991275511270036,0.0,0.6150867818029779,0.5544755223119107,0.4305927350339436,0.5698366820387978
16/05/2021,115.3,58.25,171.88,32.61,1586.25,101.99,101.34,19.23,0.0,3.4,213.91,19,307.0,0.5155630767475817,0.49749785559889903,0.48724306665073785,0.500111398569815,0.3727585780452793,0.5789414980448113,0.5304313584418854,0.4991275511270036,0.0,0.6150867818029779,0.5544755223119107,0.4305927350339436,0.5698366820387978
17/05/2021,115.35,57.58,171.58,32.58,1525.5,101.4,101.08,19.2,0.0,3.4,213.36,20,303.2,0.5178181672943181,0.4377000960578811,0.46973705399910853,0.4906582342406397,0.3709367556995428,0.5484407813447043,0.49056226837532213,0.47738938743779863,0.0,0.6150867818029779,0.5434920756094543,0.44990331915737813,0.4958752871054709
18/05/2021,116.75,58.43,170.51,32.5,1521.25,98.43,103.23,19.68,0.0,3.4,211.19,20,306.55,0.5832094058841168,0.5755651437028833,0.42585318347287443,0.47496527251588516,0.37266969019479285,0.4256294520645636,0.8535125708441313,0.8595673519458435,0.0,0.6150867818029779,0.5126306191383299,0.44990331915737813,0.6423292475315663
19/05/2021,116.9,58.2,167.59,31.53,1485.5,98.12,102.72,19.33,0.0,3.4,208.85,20,309.35,0.5223741038117575,0.47680700961949135,0.32410961195157856,0.20556057263229432,0.371770229971723,0.5629113840400564,0.4520278962451008,0.2511734673626817,0.0,0.6150867818029779,0.5094779772012292,0.44990331915737813,0.630095497192521
20/05/2021,116.6,57.93,167.4,31.75,1480.25,97.19,102.06,19.35,0.0,3.4,212.94,20,305.45,0.502341468824481,0.4732279337610378,0.4761229103922342,0.5702778560998225,0.3726462762582796,0.5308777681192383,0.4288276594918485,0.5136767945011138,0.0,0.6150867818029779,0.6446704542392989,0.44990331915737813,0.4939936177994682
21/05/2021,117.67,58.41,168.36,31.48,1472.25,94.96,101.93,19.06,0.0,3.4,214.69,20,312.4,0.566567589323084,0.54131667386843,0.5450933949981285,0.41598143211222355,0.37257885450844436,0.4637871385508854,0.5105258925746103,0.29287388728556624,0.0,0.6150867818029779,0.5917611372432405,0.44990331915737813,0.7242142210997846
22/05/2021,117.67,58.41,168.36,31.48,1472.25,94.96,101.93,19.06,0.0,3.4,214.69,20,312.4,0.5155630767475817,0.49749785559889903,0.48724306665073785,0.500111398569815,0.3727585780452793,0.5789414980448113,0.5304313584418854,0.4991275511270036,0.0,0.6150867818029779,0.5544755223119107,0.44990331915737813,0.5698366820387978
23/05/2021,117.67,58.41,168.36,31.48,1472.25,94.96,101.93,19.06,0.0,3.4,214.69,20,312.4,0.5155630767475817,0.49749785559889903,0.48724306665073785,0.500111398569815,0.3727585780452793,0.5789414980448113,0.5304313584418854,0.4991275511270036,0.0,0.6150867818029779,0.5544755223119107,0.44990331915737813,0.5698366820387978
24/05/2021,116.75,57.78,168.49,31.66,1471.0,92.37,101.12,19.0,0.0,3.4,214.23,21,307.5,0.47628907504767043,0.4412333619184218,0.49492452823678645,0.5574158794995683,0.3727349038833178,0.44522150577566344,0.4055742426457974,0.45575152938498015,0.0,0.6150867818029779,0.5452650266333053,0.4689739419624208,0.47528836944472264
25/05/2021,116.72,57.9,168.67,31.6,1460.5,91.45,98.66,18.49,0.0,3.4,211.83,21,309.0,0.5142176541438985,0.5083759136336135,0.49789413197250865,0.4812333069438174,0.37251446621072776,0.5313942106567814,0.1471729412500723,0.1413677437891585,0.0,0.6150867818029779,0.5083683098334348,0.4689739419624208,0.6016035643834113
26/05/2021,116.45,58.91,168.51,31.74,1453.0,91.89,96.83,18.24,0.0,3.4,213.06,21,312.75,0.5036421536243795,0.5904783016435342,0.4778708176565624,0.5445986074227372,0.3725914040630109,0.6017127801960879,0.24631502254135706,0.3208448956384684,0.0,0.6150867818029779,0.5804029005343617,0.4689739419624208,0.6512819112873807
27/05/2021,116.35,59.89,168.42,32.06,1487.25,93.93,97.69,18.6,0.0,3.4,214.99,21,314.6,0.5110998286543272,0.5876777495598138,0.4819604650563743,0.6026199251769855,0.37314880964522523,0.6846387831586048,0.6607738714949362,0.7674232832949692,0.0,0.6150867818029779,0.5957340005000173,0.4689739419624208,0.60920708095031
28/05/2021,115.88,60.77,168.22,32.24,1482.0,94.0,99.24,19.02,0.0,3.4,215.65,21,317.1,0.49504896147907096,0.5783569538347089,0.4755408932286623,0.5574158794995683,0.3726462762582796,0.5825627735577503,0.7641807317821555,0.8133407410154907,0.0,0.6150867818029779,0.5681925501129751,0.4689739419624208,0.6234634648733938
29/05/2021,115.88,60.77,168.22,32.24,1482.0,94.0,99.24,19.02,0.0,3.4,215.65,21,317.1,0.5155630767475817,0.49749785559889903,0.48724306665073785,0.500111398569815,0.3727585780452793,0.5789414980448113,0.5304313584418854,0.4991275511270036,0.0,0.6150867818029779,0.5544755223119107,0.4689739419624208,0.5698366820387978
30/05/2021,115.88,60.77,168.22,32.24,1482.0,94.0,99.24,19.02,0.0,3.4,215.65,21,317.1,0.5155630767475817,0.49749785559889903,0.48724306665073785,0.500111398569815,0.3727585780452793,0.5789414980448113,0.5304313584418854,0.4991275511270036,0.0,0.6150867818029779,0.5544755223119107,0.4689739419624208,0.5698366820387978
31/05/2021,115.88,60.77,168.22,32.24,1482.0,94.0,99.24,19.02,0.0,3.4,215.65,22,317.1,0.5155630767475817,0.49749785559889903,0.48724306665073785,0.500111398569815,0.3727585780452793,0.5789414980448113,0.5304313584418854,0.4991275511270036,0.0,0.6150867818029779,0.5544755223119107,0.48781830149373506,0.5698366820387978
01/06/2021,113.55,60.71,168.91,32.76,1500.75,97.2,99.23,19.24,0.0,3.4,210.12,22,313.0,0.42099610960468314,0.49208077965821867,0.5285906390119415,0.6680464822043942,0.3729911146431173,0.7448343272303979,0.5289023905700284,0.661550909549254,0.0,0.6150867818029779,0.45212931977252896,0.48781830149373506,0.4902366910913658
02/06/2021,117.12,60.47,167.98,32.99,1516.25,95.42,98.67,19.38,0.0,3.4,213.24,22,307.9,0.6996133463532592,0.4759117410679519,0.4337420426902659,0.5735001790844946,0.37295577601371366,0.4870014775954524,0.4443006912711884,0.6019000739850862,0.0,0.6150867818029779,0.6224382127045456,0.48781830149373506,0.4715696641392229
03/06/2021,116.78,60.47,167.98,32.99,1504.25,95.42,98.67,19.38,0.0,3.4,213.24,22,307.9,0.5006138865147537,0.49749785559889903,0.48724306665073785,0.500111398569815,0.37247466872423124,0.5789414980448113,0.5304313584418854,0.4991275511270036,0.0,0.6150867818029779,0.5544755223119107,0.48781830149373506,0.5698366820387978
04/06/2021,116.83,61.86,168.26,33.42,1537.5,95.09,98.63,19.59,0.0,3.4,215.27,22,311.45,0.5178181672943181,0.6261113641451703,0.5038567981694073,0.6384875790552812,0.37313904698048034,0.561877532959904,0.524313202838208,0.65405968345515,0.0,0.6150867818029779,0.5979494962412191,0.48781830149373506,0.6468000605430007
05/06/2021,116.83,61.86,168.26,33.42,1537.5,95.09,98.63,19.59,0.0,3.4,215.27,22,311.45,0.5155630767475817,0.49749785559889903,0.48724306665073785,0.500111398569815,0.3727585780452793,0.5789414980448113,0.5304313584418854,0.4991275511270036,0.0,0.6150867818029779,0.5544755223119107,0.48781830149373506,0.5698366820387978
06/06/2021,116.83,61.86,168.26,33.42,1537.5,95.09,98.63,19.59,0.0,3.4,215.27,22,311.45,0.5155630767475817,0.49749785559889903,0.48724306665073785,0.500111398569815,0.3727585780452793,0.5789414980448113,0.5304313584418854,0.4991275511270036,0.0,0.6150867818029779,0.5544755223119107,0.48781830149373506,0.5698366820387978
07/06/2021,116.22,61.3,168.69,33.49,1522.25,94.82,97.04,19.27,0.0,3.4,215.0,23,308.75,0.48913428613521037,0.44742632724932074,0.5128552389138654,0.5222802334523788,0.37238589739942823,0.5649792041351482,0.28394268491739516,0.27198605689775707,0.0,0.6150867818029779,0.5490368527913838,0.5064487547362421,0.5167309504537152
08/06/2021,116.72,62.86,168.34,33.41,1539.5,94.46,96.57,19.17,0.0,3.4,214.55,23,316.7,0.5387458619234445,0.6421405671805063,0.46684578114318864,0.4749652725158829,0.3729749343947823,0.5603268283840417,0.4582050098536854,0.427051436923732,0.0,0.6150867818029779,0.5454625404943823,0.5064487547362421,0.7473861901237251
09/06/2021,117.4,62.3,167.62,33.06,1523.0,94.06,95.72,18.88,0.0,3.4,212.45,23,315.85,0.5473911355569824,0.44742632724932074,0.44564389677552413,0.3914245728147758,0.3723509291405662,0.5582593538059342,0.3993649166002601,0.29287388728556624,0.0,0.6150867818029779,0.5139325786785667,0.5064487547362421,0.5526898386585565
10/06/2021,117.58,62.67,165.94,32.77,1510.0,93.66,95.21,18.8,0.0,3.4,209.85,23,317.35,0.5237522342468925,0.5312071507447004,0.3918436975361995,0.40982769529136276,0.3724477063731532,0.5582593538059334,0.4520278962451008,0.4413803865727731,0.0,0.6150867818029779,0.5046803245805423,0.5064487547362421,0.6016035643834113
11/06/2021,118.7,62.39,165.35,32.29,1482.5,92.16,94.88,18.53,0.0,3.4,211.42,23,319.45,0.5690660728140284,0.4723339882479258,0.4530569772487742,0.35183351131882545,0.3720274824222556,0.501450573697961,0.47979064359699464,0.30684190710688597,0.0,0.6150867818029779,0.5878085936829704,0.5064487547362421,0.6146707566644466
12/06/2021,118.7,62.39,165.35,32.29,1482.5,92.16,94.88,18.53,0.0,3.4,211.42,23,319.45,0.5155630767475817,0.49749785559889903,0.48724306665073785,0.500111398569815,0.3727585780452793,0.5789414980448113,0.5304313584418854,0.4991275511270036,0.0,0.6150867818029779,0.5544755223119107,0.5064487547362421,0.5698366820387978
13/06/2021,118.7,62.39,165.35,32.29,1482.5,92.16,94.88,18.53,0.0,3.4,211.42,23,319.45,0.5155630767475817,0.49749785559889903,0.48724306665073785,0.500111398569815,0.3727585780452793,0.5789414980448113,0.5304313584418854,0.4991275511270036,0.0,0.6150867818029779,0.5544755223119107,0.5064487547362421,0.5698366820387978
14/06/2021,119.38,62.98,162.36,32.01,1441.25,89.98,94.29,18.59,0.0,3.4,213.62,24,319.45,0.5473911355569816,0.5514611502267337,0.32033067197258147,0.41290332941450814,0.3715931797238268,0.46636609187678457,0.43966134598085166,0.54291064338606,0.0,0.6150867818029779,0.6017289044245184,0.5248764991297242,0.5698366820387978
15/06/2021,121.22,62.93,159.24,31.58,1426.0,88.83,93.27,18.5,0.0,3.4,213.9,24,317.35,0.6059091330762202,0.4929826156018048,0.3133236305670842,0.36701679292493666,0.37238589739942823,0.5195176518966316,0.372938195762065,0.4342106939122111,0.0,0.6150867818029779,0.5602283496723918,0.5248764991297242,0.5282489886501902
16/06/2021,122.3,63.36,157.22,31.16,1402.0,87.16,91.6,18.16,0.0,3.4,215.74,24,319.65,0.5670666007086431,0.5367169515179799,0.37310625610994713,0.37005993694970474,0.3721331275270835,0.49267745688642567,0.2714095482031506,0.2581027584460174,0.0,0.6150867818029779,0.5937451043883984,0.5248764991297242,0.6190596352692466
17/06/2021,120.1,63.48,148.09,29.48,1295.0,82.8,89.56,17.83,0.0,4.15,213.92,24,318.9,0.42592714503980694,0.5083759136336135,0.0,0.0,0.36925019120273483,0.35400053683165156,0.21332420993420204,0.2650402644188775,0.0,0.8686894763475873,0.5191640436932317,0.5248764991297242,0.5546790759942132
18/06/2021,121.05,63.29,148.08,29.21,1355.0,83.98,89.87,17.73,0.0,4.15,207.72,24,320.9,0.5606068207471251,0.48039149073886556,0.48665468151698255,0.41598143211222355,0.3733875945186055,0.6400472352750727,0.5776545910326678,0.427051436923732,0.0,0.6150867818029779,0.4404090125495186,0.5248764991297242,0.6124822038930255
19/06/2021,121.05,63.29,148.08,29.21,1355.0,83.98,89.87,17.73,0.0,4.15,207.72,24,320.9,0.5155630767475817,0.49749785559889903,0.48724306665073785,0.500111398569815,0.3727585780452793,0.5789414980448113,0.5304313584418854,0.4991275511270036,0.0,0.6150867818029779,0.5544755223119107,0.5248764991297242,0.5698366820387978
20/06/2021,121.05,63.29,148.08,29.21,1355.0,83.98,89.87,17.73,0.0,4.15,207.72,24,320.9,0.5155630767475817,0.49749785559889903,0.48724306665073785,0.500111398569815,0.3727585780452793,0.5789414980448113,0.5304313584418854,0.4991275511270036,0.0,0.6150867818029779,0.5544755223119107,0.5248764991297242,0.5698366820387978
21/06/2021,120.97,63.37,149.01,29.67,1370.25,83.21,88.52,17.63,0.0,4.15,212.94,25,318.25,0.5119876534835106,0.5047435802710388,0.5432523046814199,0.6483199011437699,0.3729530123946903,0.5391416687319074,0.3214820971464802,0.42705143692372927,0.0,0.6150867818029779,0.6709900495853998,0.543111723256146,0.517686536365099
22/06/2021,123.1,64.37,149.5,30.12,1352.0,80.69,87.72,17.67,0.0,4.15,212.8,25,319.55,0.6211541630205369,0.5895445673508151,0.516471630663738,0.6450401335994075,0.37230128116769307,0.448831113463696,0.4071260346478506,0.5282714036279953,0.0,0.6150867818029779,0.551642817070577,0.543111723256146,0.5972849525644631
23/06/2021,122.5,64.43,148.4,29.89,1346.0,81.17,87.27,17.58,0.0,4.15,211.72,25,319.9,0.4895542427994214,0.502929738862223,0.4241671514949552,0.4283189629287014,0.37262829831510325,0.6037838459028823,0.46129197914659276,0.4342106939122086,0.0,0.6150867818029779,0.533200356827011,0.543111723256146,0.5770962202861661
24/06/2021,122.83,65.02,145.95,29.76,1334.0,81.78,86.25,17.58,0.0,4.15,213.9,25,318.9,0.5307163053749155,0.551461150226733,0.34959662530935043,0.4593467710761644,0.37247466872423124,0.6105157488216355,0.3729381957620673,0.4991275511270036,0.0,0.6150867818029779,0.6012834352877711,0.543111723256146,0.5497171742238265
25/06/2021,122.83,64.51,144.53,29.19,1302.75,83.01,86.27,17.42,0.0,4.15,215.02,25,319.45,0.5155630767475817,0.45185774263245,0.4062726783435834,0.32463486926896484,0.37191188897375926,0.6426387133151283,0.533488140142682,0.3843090383427846,0.0,0.6150867818029779,0.578025209230439,0.543111723256146,0.581294389909952
26/06/2021,122.83,64.51,144.53,29.19,1302.75,83.01,86.27,17.42,0.0,4.15,215.02,25,319.45,0.5155630767475817,0.49749785559889903,0.48724306665073785,0.500111398569815,0.3727585780452793,0.5789414980448113,0.5304313584418854,0.4991275511270036,0.0,0.6150867818029779,0.5544755223119107,0.543111723256146,0.5698366820387978
27/06/2021,122.83,64.51,144.53,29.19,1302.75,83.01,86.27,17.42,0.0,4.15,215.02,25,319.45,0.5155630767475817,0.49749785559889903,0.48724306665073785,0.500111398569815,0.3727585780452793,0.5789414980448113,0.5304313584418854,0.4991275511270036,0.0,0.6150867818029779,0.5544755223119107,0.543111723256146,0.5698366820387978
28/06/2021,122.1,65.35,145.88,29.61,1336.75,87.16,86.63,17.59,0.0,4.15,212.16,26,321.9,0.48412323138914365,0.5746350053373276,0.5691803520492497,0.6352148211759798,0.37314637331725253,0.7941639656777358,0.585242796186643,0.6241937024033403,0.0,0.6150867818029779,0.49990974598200005,0.5611637329171254,0.6223611516064058
29/06/2021,122.55,64.73,147.55,29.88,1339.75,93.26,87.14,17.65,0.0,4.15,210.27,26,319.65,0.5363699637020487,0.44211730332504623,0.5891351246457296,0.5864161925277981,0.3728044151005749,0.8954867016801733,0.6079660745035395,0.54291064338606,0.0,0.6150867818029779,0.5178525127271795,0.5611637329171254,0.5253586083333082
30/06/2021,122.5,64.05,153.38,30.84,1430.0,89.15,89.57,18.01,0.0,4.15,209.66,26,318.5,0.5133238322102879,0.43681739665718433,0.8586289108950309,0.8149954623076832,0.3736473693141379,0.3668796401078676,0.8950479177153445,0.7674232832949692,0.0,0.6150867818029779,0.5423146085782075,0.5611637329171254,0.5467569984485198
01/07/2021,123.58,62.64,158.1,31.32,1429.75,91.03,91.25,18.08,0.0,4.15,211.16,26,316.2,0.5670666007086431,0.3729576564969629,0.7853108100766717,0.6548863453920296,0.37275410767170797,0.6763400032040041,0.7835772756850174,0.5502467770587344,0.0,0.6150867818029779,0.5862772569368888,0.5611637329171254,0.5243968270074747
02/07/2021,122.0,62.61,158.69,31.44,1433.25,92.07,92.1,18.24,0.0,4.15,210.49,26,316.05,0.44986663632676166,0.4947874872684917,0.5225191525485838,0.5382071711422812,0.37281132240467857,0.6327918913666811,0.6592688129235738,0.6167522901583335,0.0,0.6150867818029779,0.5411405726482404,0.5611637329171254,0.5667651884954144
03/07/2021,122.0,62.61,158.69,31.44,1433.25,92.07,92.1,18.24,0.0,4.15,210.49,26,316.05,0.5155630767475817,0.49749785559889903,0.48724306665073785,0.500111398569815,0.3727585780452793,0.5789414980448113,0.5304313584418854,0.4991275511270036,0.0,0.6150867818029779,0.5544755223119107,0.5611637329171254,0.5698366820387978
04/07/2021,122.0,62.61,158.69,31.44,1433.25,92.07,92.1,18.24,0.0,4.15,210.49,26,316.05,0.5155630767475817,0.49749785559889903,0.48724306665073785,0.500111398569815,0.3727585780452793,0.5789414980448113,0.5304313584418854,0.4991275511270036,0.0,0.6150867818029779,0.5544755223119107,0.5611637329171254,0.5698366820387978
05/07/2021,122.0,62.61,158.69,31.44,1433.25,92.07,92.1,18.24,0.0,4.15,210.49,27,316.05,0.5155630767475817,0.49749785559889903,0.48724306665073785,0.500111398569815,0.3727585780452793,0.5789414980448113,0.5304313584418854,0.4991275511270036,0.0,0.6150867818029779,0.5544755223119107,0.5790410573815297,0.5698366820387978
06/07/2021,122.4,61.47,155.77,29.96,1344.25,92.34,94.44,18.16,0.0,4.15,205.09,27,319.65,0.5340057840171739,0.3964550545480507,0.32410961195157856,0.057265078042527895,0.3699245323156479,0.5929123920382977,0.8817069780448531,0.4413803865727731,0.0,0.6150867818029779,0.45441404878300184,0.5790410573815297,0.6479195062406
07/07/2021,120.6,60.99,157.5,30.09,1366.75,94.1,95.17,18.18,0.0,4.15,204.01,27,319.2,0.4412865066418235,0.4545198475626513,0.5928939863639174,0.5414014371439677,0.37303071742660593,0.6701166646607496,0.6411917142921307,0.5136767945011111,0.0,0.6150867818029779,0.533200356827011,0.5790410573815297,0.5606868132331049
08/07/2021,119.28,60.81,160.17,30.48,1365.25,95.25,95.93,18.26,0.0,4.15,204.6,27,319.5,0.46014388014055996,0.48128847760862425,0.6524023272647269,0.625410803943623,0.3727298451944452,0.6384924189246154,0.6457138809871598,0.5575938042351151,0.0,0.6150867818029779,0.5667136114125874,0.5790410573815297,0.5760519299755075
09/07/2021,119.22,60.81,160.24,30.59,1379.25,95.25,96.21,18.36,0.0,4.15,206.64,27,319.5,0.5128778386476722,0.49749785559889903,0.4913719227138145,0.5350158326757246,0.37293908619378446,0.5789414980448113,0.5730981661706341,0.5723202008680489,0.0,0.6150867818029779,0.5981713639830831,0.5790410573815297,0.5698366820387978
10/07/2021,119.22,60.81,160.24,30.59,1379.25,95.25,96.21,18.36,0.0,4.15,206.64,27,319.5,0.5155630767475817,0.49749785559889903,0.48724306665073785,0.500111398569815,0.3727585780452793,0.5789414980448113,0.5304313584418854,0.4991275511270036,0.0,0.6150867818029779,0.5544755223119107,0.5790410573815297,0.5698366820387978
11/07/2021,119.22,60.81,160.24,30.59,1379.25,95.25,96.21,18.36,0.0,4.15,206.64,27,319.5,0.5155630767475817,0.49749785559889903,0.48724306665073785,0.500111398569815,0.3727585780452793,0.5789414980448113,0.5304313584418854,0.4991275511270036,0.0,0.6150867818029779,0.5544755223119107,0.5790410573815297,0.5698366820387978
12/07/2021,119.83,61.73,161.8,31.3,1404.25,95.38,96.24,18.62,0.0,4.15,207.26,28,319.15,0.5440124633789611,0.5820825785707189,0.5822577384411765,0.7310299593958656,0.3730565330820769,0.5856671929572672,0.5350159604574021,0.6916127032419188,0.0,0.6150867818029779,0.5673468309458751,0.5967515395174675,0.5627042945317452
13/07/2021,121.75,61.5,163.45,31.61,1414.75,95.67,96.43,18.65,0.0,4.15,207.44,28,318.0,0.610093309488437,0.47680700961949135,0.5878833440705767,0.599374056236903,0.37289899589046954,0.5939475874210792,0.5594124021954686,0.5209684749066007,0.0,0.6150867818029779,0.5581611745359356,0.5967515395174675,0.5467569984485198
14/07/2021,121.25,63.23,164.02,32.34,1453.0,96.23,97.19,19.16,0.0,4.15,207.18,28,320.7,0.49377497410737403,0.6582192682073974,0.5213076855041582,0.7377031753253356,0.3731874180961515,0.6079263897912045,0.6457138809871577,0.8827932517823671,0.0,0.6150867818029779,0.5492365423159231,0.5967515395174675,0.6278814368424069
15/07/2021,121.12,62.55,163.6,31.92,1394.25,97.21,98.01,19.12,0.0,4.15,207.43,28,320.55,0.5097724103462766,0.43681739665718494,0.4628092363397377,0.3700599369497036,0.37100588898927445,0.6296828311694875,0.6547523973545156,0.47016578934244074,0.0,0.6150867818029779,0.5596068221214812,0.5967515395174675,0.5667651884954144
16/07/2021,120.17,62.86,165.25,32.28,1406.0,95.12,97.34,19.01,0.0,4.15,206.36,28,321.85,0.4750625274392727,0.5257085377989872,0.5878833440705786,0.6156284939185489,0.37291351829386704,0.47100846213371894,0.427279034479843,0.41990250575180144,0.0,0.6150867818029779,0.5333924576543293,0.5967515395174675,0.5972849525644631
17/07/2021,120.17,62.86,165.25,32.28,1406.0,95.12,97.34,19.01,0.0,4.15,206.36,28,321.85,0.5155630767475817,0.49749785559889903,0.48724306665073785,0.500111398569815,0.3727585780452793,0.5789414980448113,0.5304313584418854,0.4991275511270036,0.0,0.6150867818029779,0.5544755223119107,0.5967515395174675,0.5698366820387978
18/07/2021,120.17,62.86,165.25,32.28,1406.0,95.12,97.34,19.01,0.0,4.15,206.36,28,321.85,0.5155630767475817,0.49749785559889903,0.48724306665073785,0.500111398569815,0.3727585780452793,0.5789414980448113,0.5304313584418854,0.4991275511270036,0.0,0.6150867818029779,0.5544755223119107,0.5967515395174675,0.5698366820387978
19/07/2021,120.25,60.74,166.67,31.71,1382.75,96.11,97.48,18.55,0.0,4.15,203.29,29,319.25,0.5191786789767092,0.31171841864802297,0.5735316326333837,0.32463486926896484,0.3721554604587065,0.6302009918471156,0.5517979941935255,0.17547406067917448,0.0,0.6150867818029779,0.4960750002412153,0.614302412723353,0.5186428566734683
20/07/2021,119.78,61.22,167.71,32.13,1399.0,97.15,97.49,18.68,0.0,4.15,205.62,29,319.5,0.49504896147907096,0.54131667386843,0.5500115636831558,0.6352148211759809,0.37296402590110295,0.6327918913666818,0.531959940753772,0.5944894200641526,0.0,0.6150867818029779,0.6046297129796978,0.614302412723353,0.575009890205388
21/07/2021,120.05,60.68,167.77,32.37,1397.75,98.26,98.54,19.01,0.0,4.15,208.99,29,314.5,0.5279163982076389,0.44919809062201427,0.49078101955306835,0.5767251935573874,0.3727349038833178,0.6364194142036979,0.6893323075390494,0.744584025720388,0.0,0.6150867818029779,0.6281324757745054,0.614302412723353,0.47342814782279
22/07/2021,120.8,60.95,165.27,31.73,1369.0,99.12,99.19,19.04,0.0,4.15,206.39,29,317.5,0.550790055938409,0.5220492506943766,0.346875346437581,0.3035913106554522,0.37198921483325315,0.6234654184140052,0.6291228011733662,0.5209684749066007,0.0,0.6150867818029779,0.5046803245805418,0.614302412723353,0.634533349359408
23/07/2021,121.5,61.45,164.31,31.5,1355.75,99.32,99.99,19.17,0.0,4.15,208.89,29,320.6,0.5483602209624829,0.5431585964549946,0.4320486299072896,0.4283189629287014,0.3724409150097849,0.5892895305661936,0.6517404087964133,0.5944894200641553,0.0,0.6150867818029779,0.6084364305069069,0.614302412723353,0.6367569865818166
24/07/2021,121.5,61.45,164.31,31.5,1355.75,99.32,99.99,19.17,0.0,4.15,208.89,29,320.6,0.5155630767475817,0.49749785559889903,0.48724306665073785,0.500111398569815,0.3727585780452793,0.5789414980448113,0.5304313584418854,0.4991275511270036,0.0,0.6150867818029779,0.5544755223119107,0.614302412723353,0.5698366820387978
25/07/2021,121.5,61.45,164.31,31.5,1355.75,99.32,99.99,19.17,0.0,4.15,208.89,29,320.6,0.5155630767475817,0.49749785559889903,0.48724306665073785,0.500111398569815,0.3727585780452793,0.5789414980448113,0.5304313584418854,0.4991275511270036,0.0,0.6150867818029779,0.5544755223119107,0.614302412723353,0.5698366820387978
26/07/2021,123.45,62.13,163.63,31.62,1362.5,101.97,100.63,19.45,0.0,4.15,207.44,30,321.5,0.611666642127399,0.5597855483586068,0.4479209668195171,0.5382071711422812,0.37285368307824124,0.7162873693381414,0.6276131600294197,0.7067008228737495,0.0,0.6150867818029779,0.5261405478254396,0.6317003669661485,0.5887127224183303
27/07/2021,122.92,61.25,164.82,31.83,1367.0,102.46,101.6,19.62,0.0,4.15,208.91,30,317.15,0.49250463461521915,0.4192126900893151,0.5592655077944857,0.5670582443913089,0.37282477395934877,0.6043016341479287,0.6773162440086022,0.6241937024033429,0.0,0.6150867818029779,0.5856219912592693,0.6317003669661485,0.48555210262345616
28/07/2021,123.08,61.96,164.54,32.18,1370.25,101.52,102.44,20.03,0.0,4.15,210.4,30,316.85,0.5228329146136124,0.5625650053532973,0.47089550656490003,0.6123726214070944,0.37280788554021344,0.5303613322114641,0.6577635484766949,0.8056660646181588,0.0,0.6150867818029779,0.5860587662753939,0.6317003669661485,0.5637161455131093
29/07/2021,122.5,62.15,163.59,32.22,1385.25,100.45,101.93,20.08,0.0,4.15,211.65,30,315.55,0.49039528821652517,0.5147468750353896,0.4326129186200208,0.5127604742362117,0.37295024174403957,0.523648253596106,0.452027896245103,0.5355854896076712,0.0,0.6150867818029779,0.580836209032776,0.6317003669661485,0.5438083914185166
30/07/2021,122.08,61.55,163.56,31.47,1355.5,99.38,101.4,19.51,0.0,4.15,209.12,30,319.9,0.49718061344178693,0.44388594737466414,0.4854790053969569,0.2707072623783309,0.3719584083944078,0.5236482535961053,0.4489377793861393,0.10067567553923601,0.0,0.6150867818029779,0.5059692482287925,0.6317003669661485,0.6647894642027683
31/07/2021,122.08,61.55,163.56,31.47,1355.5,99.38,101.4,19.51,0.0,4.15,209.12,30,319.9,0.5155630767475817,0.49749785559889903,0.48724306665073785,0.500111398569815,0.3727585780452793,0.5789414980448113,0.5304313584418854,0.4991275511270036,0.0,0.6150867818029779,0.5544755223119107,0.6317003669661485,0.5698366820387978
01/08/2021,122.08,61.55,163.56,31.47,1355.5,99.38,101.4,19.51,0.0,4.15,209.12,30,319.9,0.5155630767475817,0.49749785559889903,0.48724306665073785,0.500111398569815,0.3727585780452793,0.5789414980448113,0.5304313584418854,0.4991275511270036,0.0,0.6150867818029779,0.5544755223119107,0.6317003669661485,0.5698366820387978
02/08/2021,122.12,61.24,163.71,31.71,1356.25,98.64,101.47,19.65,0.0,4.15,208.5,31,316.2,0.517365892663148,0.4696540850906126,0.49611139890491557,0.5767251935573897,0.3727710909864317,0.5406913513375892,0.5411235253472158,0.6019000739850835,0.0,0.6150867818029779,0.542118701364547,0.648951605770016,0.4977591562526092
03/08/2021,123.25,60.85,164.31,31.7,1323.75,97.02,100.96,19.48,0.0,4.15,205.81,31,315.4,0.5695667905204236,0.4625214116401458,0.5231252460364748,0.4969571497792754,0.3718728480764095,0.495257637612212,0.4520278962451008,0.3772198705765525,0.0,0.6150867818029779,0.5030260123679937,0.648951605770016,0.5536836825352084
04/08/2021,124.05,61.03,164.98,31.79,1332.0,95.3,100.21,19.31,0.0,4.15,205.54,31,316.7,0.5532298653956299,0.5138356481890418,0.5273744907820173,0.5286420333775557,0.372872165990113,0.49009739587843215,0.41488169869091507,0.37721987057655,0.0,0.6150867818029779,0.5490368527913838,0.648951605770016,0.5972849525644631
05/08/2021,122.58,61.35,164.58,31.63,1335.75,97.8,100.31,19.28,0.0,5.15,205.29,31,319.2,0.4541956684815705,0.5266241761619215,0.4639612314725784,0.4500098882896243,0.372814727859684,0.7085036224780159,0.5457003965273654,0.4773893874378013,0.0,0.920333355250954,0.5494363559521923,0.648951605770016,0.6234634648733938
06/08/2021,123.0,59.71,167.17,31.9,1344.25,97.52,99.1,18.91,0.0,5.15,206.86,31,312.95,0.5349500272938812,0.3530381799536477,0.647296418670019,0.5864161925277981,0.3728751962836023,0.5644622341788192,0.3433359075704295,0.237339249094898,0.0,0.6150867818029779,0.5878085936829711,0.648951605770016,0.45031306296558304
07/08/2021,123.0,59.71,167.17,31.9,1344.25,97.52,99.1,18.91,0.0,5.15,206.86,31,312.95,0.5155630767475817,0.49749785559889903,0.48724306665073785,0.500111398569815,0.3727585780452793,0.5789414980448113,0.5304313584418854,0.4991275511270036,0.0,0.6150867818029779,0.5544755223119107,0.648951605770016,0.5698366820387978
08/08/2021,123.0,59.71,167.17,31.9,1344.25,97.52,99.1,18.91,0.0,5.15,206.86,31,312.95,0.5155630767475817,0.49749785559889903,0.48724306665073785,0.500111398569815,0.3727585780452793,0.5789414980448113,0.5304313584418854,0.4991275511270036,0.0,0.6150867818029779,0.5544755223119107,0.648951605770016,0.5698366820387978
09/08/2021,123.0,60.82,168.21,32.11,1341.5,97.26,99.45,18.99,0.0,5.15,206.14,32,318.6,0.5155630767475817,0.5998273354967821,0.5500115636831558,0.5670582443913101,0.3727034017793062,0.56549618417715,0.5837257283122157,0.5575938042351125,0.0,0.6150867818029779,0.5401647342534837,0.6660618956389507,0.6943379539792218
10/08/2021,123.65,60.88,167.77,32.28,1348.25,98.21,98.16,18.88,0.0,5.15,205.96,32,316.45,0.5459406113190697,0.502929738862223,0.4616582604262453,0.5542073170919359,0.37285368307824124,0.6281283881713569,0.3308521684607366,0.41990250575180144,0.0,0.6150867818029779,0.5508386188174724,0.6660618956389507,0.5272846752248045
11/08/2021,122.95,60.95,167.97,32.13,1347.0,99.15,98.35,18.81,0.0,5.15,206.1,32,318.65,0.4853711872840088,0.5038364629381149,0.4990842086353507,0.4531193955658536,0.3727349038833178,0.6276102536274577,0.5594124021954665,0.44856062695850235,0.0,0.6150867818029779,0.5573380753485941,0.6660618956389507,0.6168632728068123
12/08/2021,123.15,59.82,168.22,32.02,1347.0,100.03,98.97,18.84,0.0,5.15,205.42,32,314.3,0.5246737905323446,0.397327871995281,0.5020648148582604,0.46558547627285074,0.3727585780452793,0.624501586534929,0.6245931774348266,0.5209684749066031,0.0,0.6150867818029779,0.5409452241026177,0.6660618956389507,0.4855521026234572
13/08/2021,122.75,60.53,169.81,32.39,1373.0,99.76,99.87,19.05,0.0,5.15,204.09,32,317.35,0.4980362709557701,0.5625650053532973,0.5841315806965808,0.6188868258848307,0.37306674275810486,0.564979204135149,0.6667920695380222,0.65405968345515,0.0,0.6150867818029779,0.5284204125061248,0.6660618956389507,0.6356447830839654
14/08/2021,122.75,60.53,169.81,32.39,1373.0,99.76,99.87,19.05,0.0,5.15,204.09,32,317.35,0.5155630767475817,0.49749785559889903,0.48724306665073785,0.500111398569815,0.3727585780452793,0.5789414980448113,0.5304313584418854,0.4991275511270036,0.0,0.6150867818029779,0.5544755223119107,0.6660618956389507,0.5698366820387978
15/08/2021,122.75,60.53,169.81,32.39,1373.0,99.76,99.87,19.05,0.0,5.15,204.09,32,317.35,0.5155630767475817,0.49749785559889903,0.48724306665073785,0.500111398569815,0.3727585780452793,0.5789414980448113,0.5304313584418854,0.4991275511270036,0.0,0.6150867818029779,0.5544755223119107,0.6660618956389507,0.5698366820387978
16/08/2021,123.53,59.26,169.29,32.03,1368.25,99.9,99.89,18.9,0.0,5.15,204.25,33,313.25,0.5522527601777849,0.3851253193614672,0.4570642544376139,0.38836564664504525,0.3726580673918075,0.5861846364996648,0.533488140142682,0.39140791559799015,0.0,0.6150867818029779,0.5577493471800119,0.6830366091162476,0.4902366910913658
17/08/2021,123.3,60.61,170.4,32.35,1361.5,99.61,99.4,18.87,0.0,5.15,202.47,33,319.3,0.5053832851954126,0.6223473343636567,0.5543249335152688,0.6026199251769843,0.3726099988253717,0.5639452742291702,0.4551169775830852,0.4773893874378013,0.0,0.6150867818029779,0.5199146310882382,0.6830366091162476,0.7034984829356091
18/08/2021,124.03,58.25,172.25,32.14,1353.25,97.86,99.32,18.53,0.0,5.15,194.78,33,312.2,0.5498169112645733,0.2911720593038628,0.600427191652661,0.43450311472813996,0.37257253599793955,0.4885494158169667,0.5181890884794811,0.2581027584460174,0.0,0.6150867818029779,0.4146385498936609,0.6830366091162476,0.43472485280430756
19/08/2021,123.4,58.11,172.27,31.81,1320.0,96.94,99.02,18.28,0.0,5.15,195.27,33,314.7,0.4882954915331419,0.48487998452581493,0.48842094065051955,0.3975494277434541,0.3718493071895238,0.5313942106567814,0.48440885625407276,0.3208448956384684,0.0,0.6150867818029779,0.5646097244041889,0.6830366091162476,0.6234634648733938
20/08/2021,124.28,58.27,172.24,32.03,1290.75,95.88,98.79,18.37,0.0,5.15,195.54,33,313.4,0.5571537181996867,0.5120142720734071,0.4854790053969569,0.5702778560998236,0.37197383264021355,0.5241646063115706,0.49517409280574287,0.5649516399985806,0.0,0.6150867818029779,0.5600210457601549,0.6830366091162476,0.5438083914185166
21/08/2021,124.28,58.27,172.24,32.03,1290.75,95.88,98.79,18.37,0.0,5.15,195.54,33,313.4,0.5155630767475817,0.49749785559889903,0.48724306665073785,0.500111398569815,0.3727585780452793,0.5789414980448113,0.5304313584418854,0.4991275511270036,0.0,0.6150867818029779,0.5544755223119107,0.6830366091162476,0.5698366820387978
22/08/2021,124.28,58.27,172.24,32.03,1290.75,95.88,98.79,18.37,0.0,5.15,195.54,33,313.4,0.5155630767475817,0.49749785559889903,0.48724306665073785,0.500111398569815,0.3727585780452793,0.5789414980448113,0.5304313584418854,0.4991275511270036,0.0,0.6150867818029779,0.5544755223119107,0.6830366091162476,0.5698366820387978
23/08/2021,126.45,58.4,169.89,31.62,1292.75,95.73,98.21,18.28,0.0,5.15,198.97,34,313.75,0.623273308418817,0.5092849463746892,0.35504666077696784,0.3731052825706498,0.37279014248879205,0.5711836542048144,0.44120804261284685,0.4342106939122111,0.0,0.6150867818029779,0.6295029547306642,0.6998807624627255,0.5770962202861674
24/08/2021,125.8,59.52,169.41,32.21,1331.75,95.27,97.59,18.56,0.0,5.15,197.72,34,313.0,0.4874581711589515,0.6007633865216313,0.459359306522869,0.6911619291768705,0.3731945830129752,0.5551584150986403,0.4350197850405701,0.7067008228737495,0.0,0.6150867818029779,0.5299454096007966,0.6998807624627255,0.5546790759942132
25/08/2021,124.42,60.15,169.14,32.46,1332.75,95.27,97.49,18.71,0.0,5.15,197.45,34,313.4,0.4577581700106248,0.5551582551645183,0.47147515845123755,0.5799528800334859,0.3727750445640851,0.5789414980448113,0.5151248646650107,0.6093210558845169,0.0,0.6150867818029779,0.5490368527913838,0.6998807624627255,0.5781426823398764
26/08/2021,123.28,59.51,169.0,32.19,1326.25,95.37,97.06,18.49,0.0,5.15,196.51,34,312.45,0.46735528206424365,0.4403496720834152,0.4790376639622248,0.41598143211222244,0.372616132660649,0.5841149308085062,0.46437787117263835,0.3419163711174934,0.0,0.6150867818029779,0.5358965234758584,0.6998807624627255,0.5507066252166938
27/08/2021,122.0,59.82,166.96,32.13,1323.25,95.16,95.84,18.45,0.0,5.15,197.02,34,310.85,0.46173926105588714,0.5257085377989872,0.3720083309647584,0.4812333069438185,0.37269791685207365,0.5680812385264784,0.3417760571229508,0.47016578934244074,0.0,0.6150867818029779,0.5650296408723642,0.6998807624627255,0.5379427978588942
28/08/2021,122.0,59.82,166.96,32.13,1323.25,95.16,95.84,18.45,0.0,5.15,197.02,34,310.85,0.5155630767475817,0.49749785559889903,0.48724306665073785,0.500111398569815,0.3727585780452793,0.5789414980448113,0.5304313584418854,0.4991275511270036,0.0,0.6150867818029779,0.5544755223119107,0.6998807624627255,0.5698366820387978
29/08/2021,122.0,59.82,166.96,32.13,1323.25,95.16,95.84,18.45,0.0,5.15,197.02,34,310.85,0.5155630767475817,0.49749785559889903,0.48724306665073785,0.500111398569815,0.3727585780452793,0.5789414980448113,0.5304313584418854,0.4991275511270036,0.0,0.6150867818029779,0.5544755223119107,0.6998807624627255,0.5698366820387978
30/08/2021,120.25,61.17,166.04,32.01,1303.25,93.12,95.82,18.47,0.0,5.15,196.46,35,317.3,0.44322777400692714,0.6223473343636567,0.4343068800516901,0.4624646935786043,0.37225088114215904,0.47358770087272856,0.5273730395827869,0.5136767945011111,0.0,0.6150867818029779,0.5432955868846714,0.7165990487604349,0.712688220630921
31/08/2021,118.95,60.56,164.44,31.78,1292.5,91.62,94.76,18.31,0.0,5.15,198.86,35,313.4,0.46094107337750045,0.44300149792850146,0.3962736002395859,0.42831896292870253,0.3725078898701178,0.501450573697961,0.3667117769244833,0.3843090383427822,0.0,0.6150867818029779,0.6061953856281568,0.7165990487604349,0.4939936177994682
01/09/2021,127.58,59.05,163.93,31.68,1277.75,90.31,93.72,18.11,0.0,5.15,196.38,35,305.5,1.0000000000000002,0.3642866453905383,0.4576376577302357,0.4687091475864579,0.37239976259482155,0.5112575774125702,0.3698253725112217,0.3560096719530338,0.0,0.6150867818029779,0.5068911315760706,0.7165990487604349,0.4201374805454079
02/09/2021,126.05,58.84,165.23,31.87,1283.25,91.58,93.0,17.94,0.8,5.15,194.81,35,305.1,0.45183102876334175,0.4785985629273009,0.566077263987596,0.5606272355127616,0.3728378251950769,0.6447119995644093,0.4195324163741783,0.3772198705765525,0.6679492834303831,0.6150867818029779,0.5238694120649424,0.7165990487604349,0.5616945434913185
03/09/2021,124.8,58.84,167.63,32.34,1292.0,91.57,92.26,17.8,0.0,5.15,192.53,35,305.1,0.4629384290346924,0.49749785559889903,0.6351988062599442,0.6516019764386244,0.3728782134329465,0.5784242232062207,0.41643216380477865,0.3985166002471645,0.0,0.6150867818029779,0.5105892063342157,0.7165990487604349,0.5698366820387978
04/09/2021,124.8,58.84,167.63,32.34,1292.0,91.57,92.26,17.8,0.0,5.15,192.53,35,305.1,0.5155630767475817,0.49749785559889903,0.48724306665073785,0.500111398569815,0.3727585780452793,0.5789414980448113,0.5304313584418854,0.4991275511270036,0.0,0.6150867818029779,0.5544755223119107,0.7165990487604349,0.5698366820387978
05/09/2021,124.8,58.84,167.63,32.34,1292.0,91.57,92.26,17.8,0.0,5.15,192.53,35,305.1,0.5155630767475817,0.49749785559889903,0.48724306665073785,0.500111398569815,0.3727585780452793,0.5789414980448113,0.5304313584418854,0.4991275511270036,0.0,0.6150867818029779,0.5544755223119107,0.7165990487604349,0.5698366820387978
06/09/2021,124.8,58.84,167.63,32.34,1292.0,91.57,92.26,17.8,0.0,5.15,192.53,36,305.1,0.5155630767475817,0.49749785559889903,0.48724306665073785,0.500111398569815,0.3727585780452793,0.5789414980448113,0.5304313584418854,0.4991275511270036,0.0,0.6150867818029779,0.5544755223119107,0.733195867108624,0.5698366820387978
07/09/2021,123.75,58.84,167.63,32.34,1277.0,91.57,92.26,17.8,0.0,5.15,192.53,36,305.1,0.47099329272467716,0.49749785559889903,0.48724306665073785,0.500111398569815,0.3723928389429946,0.5789414980448113,0.5304313584418854,0.4991275511270036,0.0,0.6150867818029779,0.5544755223119107,0.733195867108624,0.5698366820387978
08/09/2021,123.1,58.77,169.24,31.85,1279.5,92.71,92.32,17.38,0.0,5.15,191.0,36,312.25,0.4874581711589515,0.49117933836999955,0.5853815678354292,0.34880322896813204,0.3727973632945372,0.6379741587158796,0.5395971843223246,0.20289266473017065,0.0,0.6150867818029779,0.5246255154313373,0.733195867108624,0.7288361652604862
09/09/2021,123.75,57.65,169.38,31.92,1270.5,92.69,92.15,17.36,0.0,5.15,189.73,36,305.95,0.5459406113190697,0.398200879584284,0.49551780000347667,0.5222802334523788,0.3725534132973112,0.5779069610568894,0.5043891352421793,0.4846241288515194,0.0,0.6150867818029779,0.5295637680675744,0.733195867108624,0.44939338070164625
10/09/2021,123.42,57.97,169.73,32.23,1286.5,92.17,93.53,17.76,0.0,5.15,186.52,36,305.25,0.501045080475558,0.5266241761619215,0.5080482674834474,0.5993740562369018,0.3729612826488396,0.5520577922017363,0.7387780149318339,0.7980000250809731,0.0,0.6150867818029779,0.49352714740865933,0.733195867108624,0.5556760658422484
11/09/2021,123.42,57.97,169.73,32.23,1286.5,92.17,93.53,17.76,0.0,5.15,186.52,36,305.25,0.5155630767475817,0.49749785559889903,0.48724306665073785,0.500111398569815,0.3727585780452793,0.5789414980448113,0.5304313584418854,0.4991275511270036,0.0,0.6150867818029779,0.5544755223119107,0.733195867108624,0.5698366820387978
12/09/2021,123.42,57.97,169.73,32.23,1286.5,92.17,93.53,17.76,0.0,5.15,186.52,36,305.25,0.5155630767475817,0.49749785559889903,0.48724306665073785,0.500111398569815,0.3727585780452793,0.5789414980448113,0.5304313584418854,0.4991275511270036,0.0,0.6150867818029779,0.5544755223119107,0.733195867108624,0.5698366820387978
13/09/2021,122.28,59.38,169.5,32.4,1284.75,93.16,93.71,17.91,1.6,5.15,186.54,37,310.6,0.46735528206424365,0.6279944784687012,0.4737966593900825,0.5542073170919359,0.37272470212906617,0.6302009918471156,0.5578901793018688,0.6093210558845142,0.8334672784935411,0.6150867818029779,0.5548826356357314,0.749675348466186,0.6874877152088169
14/09/2021,124.12,57.61,170.4,32.39,1282.5,93.96,93.6,17.79,0.0,5.15,186.17,37,303.1,0.6059091330762202,0.3418153948702695,0.5414130119794375,0.4969571497792765,0.3727141877521351,0.6203570808837676,0.5135922223877268,0.41276379267595825,0.0,0.6150867818029779,0.5470465600825123,0.749675348466186,0.4274215388982031
15/09/2021,124.17,56.28,171.54,32.72,1303.5,93.58,93.43,17.82,0.0,5.15,186.28,37,295.0,0.5178181672943181,0.37990646409667095,0.5561762929963348,0.6058683203454717,0.3730150116997144,0.5592930725348667,0.5043891352421793,0.5209684749066031,0.0,0.6150867818029779,0.5567222289326207,0.749675348466186,0.41650238347234203
16/09/2021,123.6,57.34,172.16,32.64,1304.75,93.04,93.71,17.76,0.0,5.15,186.01,37,302.45,0.49081638242290915,0.5951501862668532,0.5243381459276851,0.47496527251588516,0.37277891712708583,0.5510243192266755,0.5730981661706341,0.45575152938498015,0.0,0.6150867818029779,0.5490368527913838,0.749675348466186,0.7357809717872317
17/09/2021,122.8,57.31,171.6,32.48,1293.0,93.25,93.67,17.73,0.0,5.15,185.97,37,302.75,0.4812232812730956,0.4947874872684917,0.45477299510312497,0.4500098882896232,0.3724813569408215,0.5898070508401598,0.5243132028382103,0.47738938743779863,0.0,0.6150867818029779,0.5536631846531198,0.749675348466186,0.5760519299755075
18/09/2021,122.8,57.31,171.6,32.48,1293.0,93.25,93.67,17.73,0.0,5.15,185.97,37,302.75,0.5155630767475817,0.49749785559889903,0.48724306665073785,0.500111398569815,0.3727585780452793,0.5789414980448113,0.5304313584418854,0.4991275511270036,0.0,0.6150867818029779,0.5544755223119107,0.749675348466186,0.5698366820387978
19/09/2021,122.8,57.31,171.6,32.48,1293.0,93.25,93.67,17.73,0.0,5.15,185.97,37,302.75,0.5155630767475817,0.49749785559889903,0.48724306665073785,0.500111398569815,0.3727585780452793,0.5789414980448113,0.5304313584418854,0.4991275511270036,0.0,0.6150867818029779,0.5544755223119107,0.749675348466186,0.5698366820387978
20/09/2021,122.78,56.14,170.18,31.8,1271.75,92.77,92.81,17.34,0.0,5.15,185.34,38,300.4,0.5146654960627892,0.3938377338046799,0.4062726783435834,0.2916080306181974,0.37221445025245536,0.5541248396812373,0.3978120512964655,0.2235370591023022,0.0,0.6150867818029779,0.5419228888011385,0.7660413786037178,0.5234358625803325
21/09/2021,122.45,56.91,168.94,31.98,1282.75,92.67,92.08,17.43,0.0,5.15,183.2,38,300.6,0.501045080475558,0.5681306724211823,0.41631864857927786,0.5574158794995683,0.3729048346589564,0.5737693062018172,0.41798240345593035,0.5649516399985806,0.0,0.6150867818029779,0.5131883232747676,0.7660413786037178,0.5739701858982328
22/09/2021,123.28,56.46,168.61,31.81,1291.75,92.22,91.59,17.28,0.0,5.15,186.64,38,299.3,0.5546984393530148,0.45718445747239744,0.4680014685656207,0.4469031326412246,0.3728812178300975,0.555675215932588,0.4551169775830852,0.39140791559799265,0.0,0.6150867818029779,0.6297315097365499,0.7660413786037178,0.5438083914185166
23/09/2021,123.22,56.29,169.02,31.84,1294.0,91.73,90.83,17.11,0.0,6.15,190.73,38,298.8,0.5128778386476722,0.4821858172385756,0.5116518731793348,0.5095934433208895,0.3727937758511222,0.5536080649789736,0.41333100937020384,0.37721987057655,0.0,0.920333355250954,0.6446704542392989,0.7660413786037178,0.5596810302086817
24/09/2021,122.92,56.16,170.06,31.81,1294.75,90.71,90.47,16.92,62.8,6.15,195.2,38,300.25,0.5023414688244817,0.48577876731713365,0.5500115636831542,0.4906582342406397,0.3727710909864317,0.5262300795824083,0.4751697940314452,0.3630702808692039,0.9998071791760629,0.6150867818029779,0.6534747989791525,0.7660413786037178,0.6005220311108785
25/09/2021,122.92,56.16,170.06,31.81,1294.75,90.71,90.47,16.92,1.6,6.15,195.2,38,300.25,0.5155630767475817,0.49749785559889903,0.48724306665073785,0.500111398569815,0.3727585780452793,0.5789414980448113,0.5304313584418854,0.4991275511270036,0.8334672784935411,0.6150867818029779,0.5544755223119107,0.7660413786037178,0.5698366820387978
26/09/2021,122.92,56.16,170.06,31.81,1294.75,90.71,90.47,16.92,45.8,6.15,195.2,38,300.25,0.5155630767475817,0.49749785559889903,0.48724306665073785,0.500111398569815,0.3727585780452793,0.5789414980448113,0.5304313584418854,0.4991275511270036,0.9994815776468634,0.6150867818029779,0.5544755223119107,0.7660413786037178,0.5698366820387978
27/09/2021,122.4,56.59,171.12,31.81,1297.5,92.6,91.18,16.95,0.0,6.15,195.61,39,304.45,0.4929276809056398,0.5367169515179806,0.5512430198167882,0.500111398569815,0.37280090862492854,0.6768586441270004,0.6381758359858754,0.5209684749066007,0.0,0.6150867818029779,0.562934524966394,0.7822976185541417,0.6614042115210512
28/09/2021,122.0,54.27,171.71,31.62,1287.0,93.16,91.42,16.84,0.0,6.15,195.08,39,294.7,0.4980362709557701,0.2945915894107132,0.5225191525485838,0.4406977729992352,0.37251446621072776,0.6079263897912045,0.5670187164633128,0.41990250575180144,0.0,0.6150867818029779,0.5438853515568256,0.7822976185541417,0.38667491369919627
29/09/2021,121.78,54.33,171.8,31.66,1293.5,93.4,91.45,16.85,0.0,6.15,193.38,39,294.8,0.5058198277792114,0.5029297388622224,0.4925547674762249,0.5127604742362117,0.3728505475801677,0.5913596748993002,0.5350159604574021,0.5063964551116443,0.0,0.6150867818029779,0.521418357173093,0.7822976185541417,0.5718981586235736
30/09/2021,120.58,53.63,171.52,31.55,1265.5,91.97,91.83,16.89,0.0,6.15,190.63,39,291.6,0.4649421586630636,0.43505272757385577,0.47089550656490003,0.46558547627285074,0.3720122079798211,0.5050634577113371,0.5882760873231634,0.5282714036279926,0.0,0.6150867818029779,0.5019248960356177,0.7822976185541417,0.5072133116532529
01/10/2021,120.4,54.49,168.31,31.38,1256.5,91.29,91.76,17.11,0.0,6.15,193.8,39,292.25,0.5075711799972734,0.5764955153697302,0.30848076210002817,0.4469031326412246,0.3725534132973112,0.5437909163235355,0.5197206636548458,0.661550909549254,0.0,0.6150867818029779,0.6235749532410668,0.7822976185541417,0.5834051651784274
02/10/2021,120.4,54.49,168.31,31.38,1256.5,91.29,91.76,17.11,3.8,6.15,193.8,39,292.25,0.5155630767475817,0.49749785559889903,0.48724306665073785,0.500111398569815,0.3727585780452793,0.5789414980448113,0.5304313584418854,0.4991275511270036,0.947393461538417,0.6150867818029779,0.5544755223119107,0.7822976185541417,0.5698366820387978
03/10/2021,120.4,54.49,168.31,31.38,1256.5,91.29,91.76,17.11,0.2,6.15,193.8,39,292.25,0.5155630767475817,0.49749785559889903,0.48724306665073785,0.500111398569815,0.3727585780452793,0.5789414980448113,0.5304313584418854,0.4991275511270036,0.2895944468794358,0.6150867818029779,0.5544755223119107,0.7822976185541417,0.5698366820387978
04/10/2021,122.62,52.56,167.1,30.65,1246.25,90.41,92.03,16.88,0.0,6.15,191.95,40,286.55,0.6259276312483498,0.3280361360760189,0.41799780871705017,0.276669998918515,0.372521018979203,0.5334600478024356,0.571578760368852,0.3348835020880564,0.0,0.6150867818029779,0.518601650533469,0.798447522890112,0.46045364158217805
05/10/2021,122.83,51.75,167.88,30.7,1261.0,90.27,92.22,16.86,0.0,6.15,195.5,40,283.0,0.5251353973889998,0.42536395328516063,0.5340743617226995,0.515930633984855,0.37294746393357,0.5717007619253521,0.5594124021954665,0.4846241288515194,0.0,0.6150867818029779,0.6322482565932357,0.798447522890112,0.5005891934851939
06/10/2021,123.83,51.18,168.45,30.69,1252.5,89.73,91.98,16.76,0.0,6.15,195.9,40,280.9,0.5630842645275516,0.44654084154638524,0.5213076855041565,0.4969571497792765,0.37256618921573803,0.5510243192266755,0.4936371308564088,0.427051436923732,0.0,0.6150867818029779,0.5627256393367334,0.798447522890112,0.5282489886501891
07/10/2021,125.28,51.37,168.69,30.65,1258.25,88.64,91.12,16.56,0.0,6.15,199.24,40,282.7,0.5857608398003266,0.5147468750353896,0.5014680842792756,0.4875134989231646,0.3728410343581868,0.5226155666762949,0.3978120512964655,0.35600967195303124,0.0,0.6150867818029779,0.6274477872583191,0.798447522890112,0.6081174953440823
08/10/2021,125.58,49.23,169.36,30.74,1254.25,88.57,91.03,16.52,0.0,6.15,198.67,40,271.25,0.5293140358167031,0.3100034948591803,0.5273744907820189,0.5286420333775557,0.37267543440242396,0.5753208363674903,0.5166571544129627,0.47016578934244074,0.0,0.6150867818029779,0.5430991967414254,0.798447522890112,0.3562116346222789
09/10/2021,125.58,49.23,169.36,30.74,1254.25,88.57,91.03,16.52,0.0,6.15,198.67,40,271.25,0.5155630767475817,0.49749785559889903,0.48724306665073785,0.500111398569815,0.3727585780452793,0.5789414980448113,0.5304313584418854,0.4991275511270036,0.0,0.6150867818029779,0.5544755223119107,0.798447522890112,0.5698366820387978
10/10/2021,125.58,49.23,169.36,30.74,1254.25,88.57,91.03,16.52,4.8,6.15,198.67,40,271.25,0.5155630767475817,0.49749785559889903,0.48724306665073785,0.500111398569815,0.3727585780452793,0.5789414980448113,0.5304313584418854,0.4991275511270036,0.9631723362966845,0.6150867818029779,0.5544755223119107,0.798447522890112,0.5698366820387978
11/10/2021,125.62,49.23,168.97,30.54,1239.75,88.83,91.02,16.45,13.2,6.15,198.46,41,271.25,0.517365892663148,0.49749785559889903,0.46453761606691973,0.4375991185336223,0.3724066681181105,0.5923948094539935,0.5289023905700262,0.44856062695850235,0.9933069110143418,0.6150867818029779,0.5502368733062781,0.8144943561064077,0.5698366820387978
12/10/2021,125.03,49.23,168.97,30.54,1210.0,88.83,91.02,16.45,0.0,6.15,198.46,41,271.25,0.48997457592373705,0.49749785559889903,0.48724306665073785,0.500111398569815,0.3719584083944078,0.5789414980448113,0.5304313584418854,0.4991275511270036,0.0,0.6150867818029779,0.5544755223119107,0.8144943561064077,0.5698366820387978
13/10/2021,124.78,49.08,166.94,30.29,1206.0,88.69,90.39,16.4,0.0,6.15,201.36,41,270.5,0.5045117209098212,0.48398156745727544,0.3725572366096491,0.42214512936062787,0.37267543440242396,0.5717007619253521,0.43347211265064156,0.4629532104977405,0.0,0.6150867818029779,0.6174495458077803,0.8144943561064077,0.5546790759942132
14/10/2021,125.75,49.19,165.49,29.98,1215.5,88.82,90.13,16.33,8.4,6.15,204.11,41,271.55,0.5615967184435124,0.5074672573899338,0.40460300847879876,0.40368374873611,0.3728871898313638,0.5856671929572672,0.49056226837532213,0.44856062695850235,0.9852372353094186,0.6150867818029779,0.6140607210152816,0.8144943561064077,0.5919164808997714
15/10/2021,125.97,48.86,166.48,30.49,1226.25,88.93,90.18,16.52,0.0,6.15,208.89,41,266.8,0.5255975514954776,0.4678690683732514,0.5469362571296862,0.6647530759739608,0.3729019204047323,0.5846323400097305,0.5380704788832606,0.6391067690245303,0.0,0.6150867818029779,0.6606930159101578,0.8144943561064077,0.47808202890100976
16/10/2021,125.97,48.86,166.48,30.49,1226.25,88.93,90.18,16.52,16.8,6.15,208.89,41,266.8,0.5155630767475817,0.49749785559889903,0.48724306665073785,0.500111398569815,0.3727585780452793,0.5789414980448113,0.5304313584418854,0.4991275511270036,0.9956944507398562,0.6150867818029779,0.5544755223119107,0.8144943561064077,0.5698366820387978
17/10/2021,125.97,48.86,166.48,30.49,1226.25,88.93,90.18,16.52,0.2,6.15,208.89,41,266.8,0.5155630767475817,0.49749785559889903,0.48724306665073785,0.500111398569815,0.3727585780452793,0.5789414980448113,0.5304313584418854,0.4991275511270036,0.2895944468794358,0.6150867818029779,0.5544755223119107,0.8144943561064077,0.5698366820387978
18/10/2021,125.45,48.57,166.0,30.1,1229.0,89.61,89.89,16.3,0.0,6.15,210.89,42,267.8,0.4929276809056398,0.4714403667099498,0.459359306522869,0.3792026477566239,0.37280090862492854,0.6141411848959816,0.48594766432103964,0.34191637111749595,0.0,0.6150867818029779,0.5972842376193119,0.8304412073441474,0.5908470508977683
19/10/2021,125.0,48.78,167.48,29.98,1237.0,89.37,90.21,16.15,49.2,6.15,214.47,42,272.55,0.49590035494067486,0.5165703919479213,0.5772676116889778,0.4624646935786054,0.37286912213753165,0.5665301748404332,0.5791728096390236,0.39140791559799015,0.9995726207875995,0.6150867818029779,0.6329354741075488,0.8304412073441474,0.6738424808971999
20/10/2021,125.95,47.39,169.74,30.6,1255.0,88.68,89.56,16.15,0.0,6.15,211.13,42,262.9,0.5606068207471251,0.3746938410845325,0.6263117998834885,0.701100862838238,0.3729830508989044,0.5432743033723476,0.43037604845664795,0.4991275511270036,0.0,0.6150867818029779,0.4911672216855808,0.8304412073441474,0.3884749103862922
21/10/2021,124.97,46.48,170.23,30.11,1233.5,88.53,88.99,15.74,0.2,6.15,211.74,42,262.8,0.47383868221696507,0.41657970933251603,0.5164716306637362,0.34880322896813204,0.37220712279338825,0.5711836542048137,0.44275449155549895,0.2097663639535975,0.2895944468794358,0.6150867818029779,0.5671356549103111,0.8304412073441474,0.5677863685818798
22/10/2021,124.1,46.13,170.58,30.25,1230.75,88.52,89.27,15.83,19.4,6.15,214.86,42,260.2,0.4783394583906581,0.46608529665970505,0.5080482674834492,0.5445986074227384,0.3727034017793062,0.5784242232062207,0.5730981661706364,0.5649516399985806,0.996715340480013,0.6150867818029779,0.6224382127045456,0.8304412073441474,0.5186428566734683
23/10/2021,124.1,46.13,170.58,30.25,1230.75,88.52,89.27,15.83,0.0,6.15,214.86,42,260.2,0.5155630767475817,0.49749785559889903,0.48724306665073785,0.500111398569815,0.3727585780452793,0.5789414980448113,0.5304313584418854,0.4991275511270036,0.0,0.6150867818029779,0.5544755223119107,0.8304412073441474,0.5698366820387978
24/10/2021,124.1,46.13,170.58,30.25,1230.75,88.52,89.27,15.83,0.0,6.15,214.86,42,260.2,0.5155630767475817,0.49749785559889903,0.48724306665073785,0.500111398569815,0.3727585780452793,0.5789414980448113,0.5304313584418854,0.4991275511270036,0.0,0.6150867818029779,0.5544755223119107,0.8304412073441474,0.5698366820387978
25/10/2021,125.03,47.48,168.37,30.36,1247.0,87.7,89.18,16.08,3.0,6.15,214.6,43,263.35,0.5596183775394665,0.6223473343636561,0.36269397932611225,0.5350158326757246,0.37296402590110295,0.5365590084693177,0.5166571544129649,0.6840828529775296,0.9258653771985961,0.6150867818029779,0.5492365423159226,0.8462910036592428,0.6378699509884532
26/10/2021,126.82,46.21,168.79,30.32,1247.5,87.55,88.27,15.86,0.0,6.15,216.16,43,257.25,0.6033025611994377,0.3851253193614679,0.5122534229075298,0.48751349892316576,0.37276704265950933,0.5711836542048137,0.390044577538629,0.34191637111749595,0.0,0.6150867818029779,0.5875896292187887,0.8462910036592428,0.4530742548104784
27/10/2021,127.22,46.04,168.88,30.32,1249.75,87.79,87.5,15.71,5.2,6.15,213.98,43,256.45,0.5340057840171739,0.4821858172385756,0.4925547674762249,0.500111398569815,0.3727937758511222,0.5913596748993002,0.4117800970844173,0.39140791559799265,0.9675268440095589,0.6150867818029779,0.5124448097556923,0.8462910036592428,0.5536836825352084
28/10/2021,124.5,45.15,168.55,29.95,1246.0,87.9,86.89,15.44,0.0,7.65,215.24,43,254.1,0.4063635438644379,0.4183348147537507,0.4680014685656207,0.3853090294167534,0.3726811313500115,0.5846323400097297,0.43656721570413465,0.30684190710688464,0.0,1.0,0.5810529765513222,0.8462910036592428,0.523435862580333
29/10/2021,127.38,45.52,168.11,29.76,1249.5,88.44,86.84,15.38,0.0,7.65,217.42,43,257.1,0.6614916760296261,0.5312071507447004,0.4616582604262453,0.4406977729992352,0.37281132240467857,0.6068907033904695,0.5227827241953691,0.45575152938498015,0.0,0.6150867818029779,0.6012834352877705,0.8462910036592428,0.6345333493594086
30/10/2021,127.38,45.52,168.11,29.76,1249.5,88.44,86.84,15.38,5.8,7.65,217.42,43,257.1,0.5155630767475817,0.49749785559889903,0.48724306665073785,0.500111398569815,0.3727585780452793,0.5789414980448113,0.5304313584418854,0.4991275511270036,0.9727258077697475,0.6150867818029779,0.5544755223119107,0.8462910036592428,0.5698366820387978
31/10/2021,127.38,45.52,168.11,29.76,1249.5,88.44,86.84,15.38,0.2,7.65,217.42,43,257.1,0.5155630767475817,0.49749785559889903,0.48724306665073785,0.500111398569815,0.3727585780452793,0.5789414980448113,0.5304313584418854,0.4991275511270036,0.2895944468794358,0.6150867818029779,0.5544755223119107,0.8462910036592428,0.5698366820387978
01/11/2021,128.85,46.54,167.96,29.62,1248.5,90.15,86.97,15.34,16.8,7.65,215.23,44,263.95,0.5867835140321201,0.5914122514941402,0.47845408139989254,0.456231680866723,0.3727398704100904,0.6675238031606535,0.5502741098457486,0.4701657893424396,0.9956944507398562,0.6150867818029779,0.5122590461109562,0.8620465220087719,0.7219056830566799
02/11/2021,129.95,46.54,167.96,29.62,1256.25,90.15,86.97,15.34,0.0,7.65,215.23,44,263.95,0.5680656542514638,0.49749785559889903,0.48724306665073785,0.500111398569815,0.37286606428588825,0.5789414980448113,0.5304313584418854,0.4991275511270036,0.0,0.6150867818029779,0.5544755223119107,0.8620465220087719,0.5698366820387978
03/11/2021,131.65,45.87,166.21,29.71,1244.25,88.99,87.16,15.58,66.8,7.65,217.31,44,256.65,0.5986276571870439,0.4377000960578811,0.38797435302369365,0.5286420333775557,0.37247466872423124,0.5190013537550335,0.5594124021954665,0.6765625605777916,0.9998517147910772,0.6150867818029779,0.5990594046623279,0.8620465220087719,0.4310707283451224
04/11/2021,130.63,47.68,162.28,28.9,1222.75,88.63,86.4,15.39,14.0,7.65,217.44,44,267.75,0.47221101168185386,0.6658019896951729,0.2699604736084499,0.25286067134615164,0.37220712279338825,0.5603268283840417,0.413331009370206,0.3630702808692025,0.9939820579406723,0.6150867818029779,0.557132650548297,0.8620465220087719,0.8212698822472506
05/11/2021,131.8,48.02,159.8,29.0,1205.5,87.07,86.61,15.72,35.8,7.65,218.56,44,264.6,0.5715730192077063,0.5284564162665761,0.3479635628620973,0.5318274453997276,0.372329747280946,0.49835401574214655,0.5624558797846797,0.7445840257203867,0.9990608360649157,0.6150867818029779,0.578025209230439,0.8620465220087719,0.5081620860231169
06/11/2021,131.8,48.02,159.8,29.0,1205.5,87.07,86.61,15.72,1.0,7.65,218.56,44,264.6,0.5155630767475817,0.49749785559889903,0.48724306665073785,0.500111398569815,0.3727585780452793,0.5789414980448113,0.5304313584418854,0.4991275511270036,0.7275090786514087,0.6150867818029779,0.5544755223119107,0.8620465220087719,0.5698366820387978
07/11/2021,131.8,48.02,159.8,29.0,1205.5,87.07,86.61,15.72,3.4,7.65,218.56,44,264.6,0.5155630767475817,0.49749785559889903,0.48724306665073785,0.500111398569815,0.3727585780452793,0.5789414980448113,0.5304313584418854,0.4991275511270036,0.9380327354229893,0.6150867818029779,0.5544755223119107,0.8620465220087719,0.5698366820387978
08/11/2021,132.1,48.27,156.89,28.27,1188.5,86.97,85.69,15.44,0.0,7.65,217.54,45,267.85,0.5293140358167024,0.5202216011410754,0.3246498050297266,0.276669998918515,0.37233682418038627,0.5737693062018172,0.38849046088868566,0.2998535658225161,0.0,0.6150867818029779,0.534354059447763,0.877710400104841,0.6400981281012605
09/11/2021,132.2,51.19,156.36,28.52,1212.0,85.36,84.93,15.49,0.0,7.65,218.58,45,280.7,0.5200887110186938,0.7719450713732593,0.4564910881637947,0.5799528800334859,0.37304109559958887,0.4957736883235461,0.413331009370206,0.5355854896076736,0.0,0.6150867818029779,0.5763020090346189,0.877710400104841,0.8628075196025268
10/11/2021,132.0,52.99,156.62,28.5,1216.75,85.05,84.51,15.38,31.2,7.65,217.94,45,291.2,0.5066944576744327,0.6648535957345558,0.5026618455156094,0.493806106548914,0.3728280710505443,0.5629113840400564,0.46592040863776996,0.41990250575180144,0.9987309339491234,0.6150867818029779,0.5417271702619879,0.877710400104841,0.8071035288857538
11/11/2021,131.88,54.61,156.11,28.92,1221.5,84.06,83.59,15.49,15.2,7.65,219.35,45,294.8,0.5102143151509466,0.6478099105007878,0.4576376577302357,0.6352148211759809,0.3728280710505443,0.5277792509322565,0.38849046088868566,0.5796994047608528,0.9948202870063647,0.6150867818029779,0.5843133352955985,0.877710400104841,0.6479195062406012
12/11/2021,132.12,55.18,156.39,28.67,1244.25,83.31,82.75,15.17,3.8,7.65,221.66,45,301.0,0.526523486136281,0.5496142087043665,0.5038567981694057,0.42214512936062787,0.3730333186934013,0.540174783169446,0.400917569518175,0.27198605689775707,0.947393461538417,0.6150867818029779,0.6041828486424583,0.877710400104841,0.7069412948695092
13/11/2021,132.12,55.18,156.39,28.67,1244.25,83.31,82.75,15.17,0.0,7.65,221.66,45,301.0,0.5155630767475817,0.49749785559889903,0.48724306665073785,0.500111398569815,0.3727585780452793,0.5789414980448113,0.5304313584418854,0.4991275511270036,0.0,0.6150867818029779,0.5544755223119107,0.877710400104841,0.5698366820387978
14/11/2021,132.12,55.18,156.39,28.67,1244.25,83.31,82.75,15.17,19.0,7.65,221.66,45,301.0,0.5155630767475817,0.49749785559889903,0.48724306665073785,0.500111398569815,0.3727585780452793,0.5789414980448113,0.5304313584418854,0.4991275511270036,0.996582757022566,0.6150867818029779,0.5544755223119107,0.877710400104841,0.5698366820387978
15/11/2021,131.78,55.18,156.39,28.67,1268.75,83.31,82.75,15.17,2.0,7.65,221.66,46,301.0,0.5006138865147537,0.49749785559889903,0.48724306665073785,0.500111398569815,0.37305140402284714,0.5789414980448113,0.5304313584418854,0.4991275511270036,0.8727073659051631,0.6150867818029779,0.5544755223119107,0.8932851462651816,0.5698366820387978
16/11/2021,131.72,55.2,159.08,28.96,1263.25,83.03,82.74,15.07,0.6,7.65,222.46,46,303.15,0.5128778386476722,0.4993068468707159,0.653679903690678,0.592889966483844,0.37264032117684964,0.5644622341788192,0.5289023905700262,0.4270514369237306,0.5858421037283797,0.6150867818029779,0.5711649201125845,0.8932851462651816,0.615766526799283
17/11/2021,132.22,55.16,163.11,29.52,1288.25,84.45,82.45,14.92,0.0,7.65,223.21,46,304.8,0.5387458619234445,0.4938848501347528,0.7401743045108047,0.6812422357491971,0.3730565330820769,0.6524876166428011,0.4859476643210418,0.3914079155979913,0.0,0.6150867818029779,0.5701012047514136,0.8932851462651816,0.6048553578814894
18/11/2021,133.15,56.2,164.58,29.55,1276.5,85.09,82.34,14.79,15.6,7.65,222.99,46,313.0,0.5596183775394665,0.5932807938078758,0.576644550235537,0.5095934433208895,0.3724813569408215,0.6120694602844031,0.5135922223877268,0.4056351920506294,0.9950616816733624,0.6150867818029779,0.5500365523314372,0.8932851462651816,0.753202580479596
19/11/2021,133.53,56.06,164.78,29.4,1275.0,86.09,82.84,14.78,0.0,7.65,220.14,46,314.15,0.5330634726721316,0.48487998452581493,0.4990842086353507,0.4531193955658525,0.3727298451944452,0.6307191589760908,0.6064530317150703,0.4918701402792801,0.0,0.6150867818029779,0.5000927537711966,0.8932851462651816,0.5940596996677718
20/11/2021,133.53,56.06,164.78,29.4,1275.0,86.09,82.84,14.78,68.0,7.65,220.14,46,314.15,0.5155630767475817,0.49749785559889903,0.48724306665073785,0.500111398569815,0.3727585780452793,0.5789414980448113,0.5304313584418854,0.4991275511270036,0.9998636480976466,0.6150867818029779,0.5544755223119107,0.8932851462651816,0.5698366820387978
21/11/2021,133.53,56.06,164.78,29.4,1275.0,86.09,82.84,14.78,0.0,7.65,220.14,46,314.15,0.5155630767475817,0.49749785559889903,0.48724306665073785,0.500111398569815,0.3727585780452793,0.5789414980448113,0.5304313584418854,0.4991275511270036,0.0,0.6150867818029779,0.5544755223119107,0.8932851462651816,0.5698366820387978
22/11/2021,134.43,56.51,166.26,29.74,1286.25,87.41,82.81,14.81,2.6,7.65,221.15,47,315.9,0.5581384681868311,0.5385559594083419,0.5772676116889778,0.6091192246918439,0.3729077389018052,0.6473037344897897,0.5258433091417318,0.5209684749066031,0.9096263213999098,0.6150867818029779,0.5756571607890172,0.908773148372555,0.6070290003781301
23/11/2021,135.4,56.51,167.62,29.89,1284.5,89.16,83.26,14.85,0.0,7.65,224.7,47,316.9,0.5615967184435124,0.49749785559889903,0.5698014705614288,0.547798659107818,0.37272470212906617,0.6695980829822615,0.5988839533019741,0.5282714036279926,0.0,0.6150867818029779,0.632248256593235,0.908773148372555,0.5908470508977683
24/11/2021,137.9,56.62,166.82,29.83,1277.25,87.76,83.59,14.94,1.4,7.65,225.69,47,316.65,0.6408990167554012,0.5074672573899338,0.4410996535117124,0.4812333069438162,0.37259763369296467,0.5066119150870061,0.5806907372312032,0.5649516399985806,0.8064673820574741,0.6150867818029779,0.5752276796859178,0.908773148372555,0.564730181865189
25/11/2021,137.9,56.62,166.82,29.83,1277.25,87.76,83.59,14.94,0.2,7.65,225.69,47,316.65,0.5155630767475817,0.49749785559889903,0.48724306665073785,0.500111398569815,0.3727585780452793,0.5789414980448113,0.5304313584418854,0.4991275511270036,0.2895944468794358,0.6150867818029779,0.5544755223119107,0.908773148372555,0.5698366820387978
26/11/2021,138.1,56.8,163.84,29.26,1263.0,88.9,83.72,14.95,0.0,7.65,219.01,47,318.1,0.524673790532344,0.5138356481890418,0.32087026377662475,0.3246348692689659,0.3724135552690635,0.6379741587158796,0.5502741098457486,0.5063964551116429,0.0,0.6150867818029779,0.43206523945074593,0.908773148372555,0.6005220311108798
27/11/2021,138.1,56.8,163.84,29.26,1263.0,88.9,83.72,14.95,0.0,7.65,219.01,47,318.1,0.5155630767475817,0.49749785559889903,0.48724306665073785,0.500111398569815,0.3727585780452793,0.5789414980448113,0.5304313584418854,0.4991275511270036,0.0,0.6150867818029779,0.5544755223119107,0.908773148372555,0.5698366820387978
28/11/2021,138.1,56.8,163.84,29.26,1263.0,88.9,83.72,14.95,0.0,7.65,219.01,47,318.1,0.5155630767475817,0.49749785559889903,0.48724306665073785,0.500111398569815,0.3727585780452793,0.5789414980448113,0.5304313584418854,0.4991275511270036,0.0,0.6150867818029779,0.5544755223119107,0.908773148372555,0.5698366820387978
29/11/2021,136.93,57.31,164.38,29.28,1252.0,89.33,83.44,14.86,19.8,7.65,222.13,48,321.8,0.4661475246351119,0.5440799860891042,0.5194923063355655,0.5064295684836558,0.3725012903768719,0.6011950358879541,0.48748617056827326,0.4342106939122111,0.9968406558459926,0.6150867818029779,0.6224382127045456,0.924176682040444,0.6501604384715223
30/11/2021,135.88,57.07,162.89,28.85,1226.5,88.77,84.46,14.96,0.0,7.65,217.39,48,322.3,0.4709932927246766,0.4759117410679519,0.402378777001701,0.36701679292493666,0.372088131521523,0.5499908795059381,0.6848276995753831,0.5723202008680516,0.0,0.6150867818029779,0.4660713016541541,0.924176682040444,0.5802418333278172
01/12/2021,136.0,56.77,162.14,28.62,1235.0,90.35,84.98,15.0,10.0,7.65,216.89,48,321.6,0.5210011183648303,0.47054706651957273,0.44393828119216483,0.4283189629287014,0.3728751962836023,0.6607829235615412,0.6094788637603027,0.5282714036279926,0.9890616697066904,0.6150867818029779,0.5444760222939091,0.924176682040444,0.5556760658422484
02/12/2021,137.65,57.39,163.82,28.98,1250.0,91.85,86.22,15.26,2.8,7.65,223.33,48,324.35,0.5960400790097374,0.5542335801741494,0.5897612362142477,0.6156284939185489,0.37295024174403957,0.6566351056532657,0.7178237478999832,0.6916127032419175,0.9183596473569063,0.6150867818029779,0.69982968122836,0.924176682040444,0.6289880531284485
03/12/2021,137.68,55.13,165.69,29.19,1271.25,93.09,86.86,15.3,5.8,7.65,222.06,48,312.95,0.5169142410672677,0.2997244773181675,0.6016846881124339,0.5670582443913101,0.3730176413033341,0.6431570263033008,0.6276131600294197,0.5282714036279939,0.9727258077697475,0.6150867818029779,0.5295637680675744,0.924176682040444,0.35710412054429264
04/12/2021,137.68,55.13,165.69,29.19,1271.25,93.09,86.86,15.3,1.2,7.65,222.06,48,312.95,0.5155630767475817,0.49749785559889903,0.48724306665073785,0.500111398569815,0.3727585780452793,0.5789414980448113,0.5304313584418854,0.4991275511270036,0.7721351562515812,0.6150867818029779,0.5544755223119107,0.924176682040444,0.5698366820387978
05/12/2021,137.68,55.13,165.69,29.19,1271.25,93.09,86.86,15.3,4.4,7.65,222.06,48,312.95,0.5155630767475817,0.49749785559889903,0.48724306665073785,0.500111398569815,0.3727585780452793,0.5789414980448113,0.5304313584418854,0.4991275511270036,0.9578608974505406,0.6150867818029779,0.5544755223119107,0.924176682040444,0.5698366820387978
06/12/2021,138.18,56.65,166.33,29.25,1266.5,94.67,86.12,15.15,2.6,7.65,221.26,49,322.1,0.5387458619234445,0.6383644198103763,0.525551987213817,0.519103895814613,0.3726580673918075,0.6607829235615412,0.41643216380477865,0.3914079155979913,0.9096263213999098,0.6150867818029779,0.5386079792385231,0.9394979180700787,0.7753839255213997
07/12/2021,138.22,56.34,165.07,29.38,1258.25,94.47,87.58,15.59,0.2,7.65,227.97,49,316.5,0.5173658926631474,0.4696540850906126,0.41519999455421525,0.5414014371439677,0.37257253599793955,0.5685982808137742,0.7507377617156182,0.8287158002668172,0.2895944468794358,0.6150867818029779,0.7062647570094008,0.9394979180700787,0.46230229599196526
08/12/2021,137.55,57.69,163.27,29.48,1268.75,93.49,87.55,15.81,30.0,7.65,228.68,49,319.5,0.4866223045981353,0.6223473343636561,0.3852143320636946,0.5318274453997276,0.37289899589046954,0.5282956541981159,0.5258433091417318,0.6615509095492552,0.9986209999110659,0.6150867818029779,0.5692519408157998,0.9394979180700787,0.634533349359408
09/12/2021,136.73,55.96,161.36,28.92,1272.25,93.21,87.54,15.69,0.2,9.15,224.41,49,312.25,0.48039771742216936,0.345265902494702,0.37915310168230465,0.3276488669971036,0.37281132240467857,0.5644622341788192,0.5289023905700284,0.41276379267595825,0.2895944468794358,1.0,0.4744362838252282,0.9394979180700787,0.4319837918812388
10/12/2021,136.85,55.44,162.09,28.88,1274.25,93.2,88.06,15.69,8.8,9.15,225.16,49,311.2,0.5210011183648303,0.45097092192554733,0.5310256399582152,0.4875134989231646,0.37279014248879205,0.5784242232062214,0.6094788637603006,0.4991275511270036,0.9863633278046916,0.6150867818029779,0.5701012047514136,0.9394979180700787,0.5487291096023672
11/12/2021,136.85,55.44,162.09,28.88,1274.25,93.2,88.06,15.69,18.6,9.15,225.16,49,311.2,0.5155630767475817,0.49749785559889903,0.48724306665073785,0.500111398569815,0.3727585780452793,0.5789414980448113,0.5304313584418854,0.4991275511270036,0.9964423256271107,0.6150867818029779,0.5544755223119107,0.9394979180700787,0.5698366820387978
12/12/2021,136.85,55.44,162.09,28.88,1274.25,93.2,88.06,15.69,0.0,9.15,225.16,49,311.2,0.5155630767475817,0.49749785559889903,0.48724306665073785,0.500111398569815,0.3727585780452793,0.5789414980448113,0.5304313584418854,0.4991275511270036,0.0,0.6150867818029779,0.5544755223119107,0.9394979180700787,0.5698366820387978
13/12/2021,136.95,55.76,162.8,28.7,1250.75,93.73,88.1,15.53,7.8,9.15,224.66,50,316.35,0.5200887110186938,0.5266241761619215,0.5298076920445278,0.44379910269805,0.37214802864898494,0.6063728726601102,0.5365434054710453,0.3843090383427822,0.9832649266189799,0.6150867818029779,0.5444760222939091,0.9547389292732174,0.682930911815002
14/12/2021,136.77,54.54,164.13,28.84,1264.5,93.33,87.75,15.42,0.2,9.15,224.32,50,310.4,0.5075711799972741,0.3894792503439184,0.5679386139129698,0.5445986074227384,0.37293627837040744,0.5582593538059334,0.4767103666572379,0.41990250575180144,0.2895944468794358,0.6150867818029779,0.5476424148615663,0.9547389292732174,0.4558387202374866
15/12/2021,135.0,53.82,166.1,29.02,1265.25,91.21,87.56,15.3,0.0,9.15,224.42,50,308.0,0.44245066489642,0.4332890214785069,0.6079803618879638,0.5574158794995683,0.3727710909864317,0.46946096863226905,0.5013187535219785,0.4127637926759596,0.0,0.6150867818029779,0.556517234478412,0.9547389292732174,0.5224757021800404
16/12/2021,135.28,55.8,167.52,29.52,1278.25,90.7,87.39,15.4,8.6,9.15,225.84,50,316.65,0.5283817570562406,0.6819482262072818,0.5735316326333854,0.6614619088068227,0.37292780703050465,0.5525745412962719,0.5043891352421771,0.5723202008680504,0.9858171407953471,0.6150867818029779,0.5845312692267521,0.9547389292732174,0.7636942896388332
17/12/2021,134.75,56.12,168.07,29.58,1288.5,89.39,87.18,15.34,0.0,9.15,221.59,50,318.85,0.49250463461521915,0.5266241761619215,0.520097187924963,0.519103895814613,0.37289606085577653,0.5112575774125702,0.49824706569362726,0.4557515293849788,0.0,0.6150867818029779,0.47479350228346395,0.9547389292732174,0.6168632728068135
18/12/2021,134.75,56.12,168.07,29.58,1288.5,89.39,87.18,15.34,1.6,9.15,221.59,50,318.85,0.5155630767475817,0.49749785559889903,0.48724306665073785,0.500111398569815,0.3727585780452793,0.5789414980448113,0.5304313584418854,0.4991275511270036,0.8334672784935411,0.6150867818029779,0.5544755223119107,0.9547389292732174,0.5698366820387978
19/12/2021,134.75,56.12,168.07,29.58,1288.5,89.39,87.18,15.34,10.2,9.15,221.59,50,318.85,0.5155630767475817,0.49749785559889903,0.48724306665073785,0.500111398569815,0.3727585780452793,0.5789414980448113,0.5304313584418854,0.4991275511270036,0.9894323451650606,0.6150867818029779,0.5544755223119107,0.9547389292732174,0.5698366820387978
20/12/2021,134.47,55.37,167.91,29.26,1294.75,89.95,87.57,15.26,2.2,9.15,218.76,51,317.7,0.5032081075844944,0.4306452423882225,0.4778708176565624,0.40061539513222594,0.37284739476841966,0.6079263897912045,0.5897923147785185,0.4413803865727718,0.8872396918336801,0.6150867818029779,0.5004588811052554,0.9699016967259845,0.5467569984485187
21/12/2021,135.53,57.13,168.72,29.41,1312.75,93.2,88.61,15.45,10.2,9.15,222.0,51,327.75,0.5660689234216884,0.6610615966586749,0.5359061896184393,0.5477986591078168,0.3729830508989044,0.7474299840606904,0.6878309581041071,0.6391067690245289,0.9894323451650606,0.6150867818029779,0.6251681808930137,0.9699016967259845,0.796505823297014
22/12/2021,135.75,56.86,171.66,30.27,1335.0,92.56,88.69,15.64,6.8,9.15,223.97,51,322.4,0.5255975514954776,0.4732279337610378,0.6696856391167917,0.7812687589766074,0.37302811158505295,0.5458574447781199,0.5426495054495383,0.6391067690245303,0.9789619633002615,0.6150867818029779,0.59661949961148,0.9699016967259845,0.4669308634694296
23/12/2021,137.05,57.83,170.5,30.11,1340.75,93.16,89.81,15.86,17.0,9.15,225.71,51,327.5,0.578129505294436,0.5867446681472922,0.42079960391818233,0.4500098882896243,0.3728410343581868,0.6099978608751935,0.6998366159835754,0.661550909549254,0.9957882785144571,0.6150867818029779,0.5915410070693037,0.9699016967259845,0.6817929984964006
24/12/2021,137.05,57.83,170.5,30.11,1340.75,93.16,89.81,15.86,44.4,9.15,225.71,51,327.5,0.5155630767475817,0.49749785559889903,0.48724306665073785,0.500111398569815,0.3727585780452793,0.5789414980448113,0.5304313584418854,0.4991275511270036,0.9994382808759928,0.6150867818029779,0.5544755223119107,0.9699016967259845,0.5698366820387978
25/12/2021,137.05,57.83,170.5,30.11,1340.75,93.16,89.81,15.86,15.8,9.15,225.71,51,327.5,0.5155630767475817,0.49749785559889903,0.48724306665073785,0.500111398569815,0.3727585780452793,0.5789414980448113,0.5304313584418854,0.4991275511270036,0.9951762260797014,0.6150867818029779,0.5544755223119107,0.9699016967259845,0.5698366820387978
26/12/2021,137.05,57.83,170.5,30.11,1340.75,93.16,89.81,15.86,0.2,9.15,225.71,51,327.5,0.5155630767475817,0.49749785559889903,0.48724306665073785,0.500111398569815,0.3727585780452793,0.5789414980448113,0.5304313584418854,0.4991275511270036,0.2895944468794358,0.6150867818029779,0.5544755223119107,0.9699016967259845,0.5698366820387978
27/12/2021,137.3,58.39,171.02,30.34,1371.5,93.26,89.99,15.97,33.2,9.15,229.43,52,329.1,0.5269872591536416,0.5486911463563456,0.5182832850196354,0.5735001790844935,0.37311443015969775,0.5841149308085062,0.5578901793018688,0.5796994047608541,0.9988900643606967,0.6150867818029779,0.6361471160433736,0.9849881155112172,0.6037702498286744
28/12/2021,138.47,58.79,171.81,30.48,1368.0,89.37,90.34,16.03,0.0,9.15,230.12,52,331.4,0.5715730192077049,0.5339606815546759,0.5346847570601692,0.5445986074227384,0.3726867789681567,0.37821454036126245,0.5837257283122157,0.5429106433860613,0.0,0.6150867818029779,0.5688278894710782,0.9849881155112172,0.6190596352692466
29/12/2021,139.4,58.98,171.22,30.07,1368.75,89.24,90.37,15.87,23.4,9.15,229.11,52,335.85,0.5596183775394665,0.5147468750353896,0.4530569772487742,0.3731052825706498,0.3727710909864317,0.5722178808847161,0.5350159604574021,0.3843090383427808,0.9977148619238819,0.6150867818029779,0.5345466020556343,0.9849881155112172,0.6670492677073041
30/12/2021,139.05,60.36,170.22,30.53,1338.5,88.67,90.35,16.21,3.8,9.15,228.66,52,336.5,0.500183153634434,0.6251700807410783,0.4297932743146882,0.6483199011437699,0.37194294266750083,0.5494741719819477,0.5273730395827869,0.7521881154439756,0.947393461538417,0.6150867818029779,0.5454625404943817,0.9849881155112172,0.5834051651784274
31/12/2021,138.9,60.36,170.22,30.53,1339.25,88.67,90.35,16.21,9.2,9.15,228.46,52,336.5,0.5088902760096623,0.49749785559889903,0.48724306665073785,0.500111398569815,0.3727710909864317,0.5789414980448113,0.5304313584418854,0.4991275511270036,0.9873646611908653,0.6150867818029779,0.550437323931895,0.9849881155112172,0.5698366820387978
01/01/2022,138.9,60.36,170.22,30.53,1339.25,88.67,90.35,16.21,41.4,9.15,228.46,52,336.5,0.5155630767475817,0.49749785559889903,0.48724306665073785,0.500111398569815,0.3727585780452793,0.5789414980448113,0.5304313584418854,0.4991275511270036,0.9993313121929969,0.6150867818029779,0.5544755223119107,0.9849881155112172,0.5698366820387978
02/01/2022,138.9,60.36,170.22,30.53,1339.25,88.67,90.35,16.21,4.0,9.15,228.46,52,336.5,0.5155630767475817,0.49749785559889903,0.48724306665073785,0.500111398569815,0.3727585780452793,0.5789414980448113,0.5304313584418854,0.4991275511270036,0.9512857796178624,0.6150867818029779,0.5544755223119107,0.9849881155112172,0.5698366820387978
03/01/2022,138.93,59.09,170.62,30.14,1355.5,91.15,92.01,16.25,0.2,9.15,225.46,1,334.5,0.5169142410672677,0.3851253193614679,0.5110505914987334,0.37920264775662277,0.37296402590110295,0.7074658512524654,0.7805947710677623,0.5282714036279926,0.2895944468794358,0.6150867818029779,0.4973514875055129,0.0,0.5301802486002121
04/01/2022,137.82,59.72,174.46,30.68,1389.75,93.83,92.72,16.3,2.6,9.15,227.27,1,339.65,0.46856546932285875,0.5551582551645183,0.7278114846851007,0.6746399591288048,0.37314880964522523,0.7178442148826457,0.6381758359858731,0.5355854896076736,0.9096263213999098,0.6150867818029779,0.5930832271967814,0.0,0.6829309118150007
05/01/2022,137.25,60.97,178.23,31.47,1394.75,93.41,92.81,16.3,30.2,9.15,226.43,1,345.25,0.4908163824229097,0.6129503680814012,0.7232643820952419,0.7577700636542418,0.3728313445416882,0.5572256716656132,0.5441751280554281,0.4991275511270036,0.9986401694589555,0.6150867818029779,0.5378316461377095,0.0,0.6931950220553835
06/01/2022,137.35,59.37,176.13,30.98,1387.25,93.56,93.28,16.41,11.8,9.15,225.71,1,337.6,0.5200887110186938,0.3564964491218347,0.36871726595672705,0.34880322896813304,0.3725914040630109,0.5867020912881871,0.6019123647096201,0.5796994047608528,0.9918216519865035,0.6150867818029779,0.5401647342534842,0.0,0.4246878114586249
07/01/2022,137.32,58.83,175.97,31.24,1410.25,94.16,93.52,16.6,6.4,9.15,225.04,1,331.4,0.5142176541438985,0.44919809062201427,0.4778708176565624,0.5831832193236428,0.37303591544150133,0.6099978608751935,0.5670187164633128,0.6391067690245303,0.9767567010430647,0.6150867818029779,0.5411405726482399,0.0,0.4512331009923291
08/01/2022,137.32,58.83,175.97,31.24,1410.25,94.16,93.52,16.6,88.2,9.15,225.04,1,331.4,0.5155630767475817,0.49749785559889903,0.48724306665073785,0.500111398569815,0.3727585780452793,0.5789414980448113,0.5304313584418854,0.4991275511270036,0.9999999999999999,0.6150867818029779,0.5544755223119107,0.0,0.5698366820387978
09/01/2022,137.32,58.83,175.97,31.24,1410.25,94.16,93.52,16.6,3.4,9.15,225.04,1,331.4,0.5155630767475817,0.49749785559889903,0.48724306665073785,0.500111398569815,0.3727585780452793,0.5789414980448113,0.5304313584418854,0.4991275511270036,0.9380327354229893,0.6150867818029779,0.5544755223119107,0.0,0.5698366820387978
10/01/2022,136.25,59.77,176.56,31.13,1384.75,94.32,94.43,16.65,1.6,9.15,222.8,2,339.0,0.47018290059036827,0.5839467465744539,0.5225191525485838,0.46558547627285074,0.372088131521523,0.5872195572252796,0.6682961155109287,0.5355854896076712,0.8334672784935411,0.6150867818029779,0.5113309085802479,0.03362089965624637,0.7392585951541626
11/01/2022,137.68,59.81,176.17,31.58,1386.5,94.94,95.13,17.05,69.6,9.15,223.44,2,333.7,0.5847393617262476,0.5011174846960261,0.46453761606691973,0.6450401335994075,0.3727864587080175,0.6110336447379348,0.6366675627354309,0.7980000250809731,0.9998786603723336,0.6150867818029779,0.5677694886690533,0.03362089965624637,0.467857791274598
12/01/2022,136.57,60.53,175.07,31.63,1399.25,95.79,95.27,17.21,14.6,9.15,226.18,2,335.05,0.46856546932285875,0.5634919958689464,0.4241671514949552,0.515930633984855,0.3729249667455993,0.6229473446867815,0.5517979941935255,0.6167522901583335,0.9944243339478609,0.6150867818029779,0.6138351718558374,0.03362089965624637,0.5983627003805427
13/01/2022,137.0,60.46,175.25,31.75,1377.25,95.84,96.5,17.48,5.4,9.15,223.73,2,333.7,0.5354228660907776,0.49117933836999955,0.49789413197251037,0.5382071711422812,0.37219242761948634,0.5815280617762189,0.7163257698711363,0.6991520475166404,0.9694161370794764,0.6150867818029779,0.5074447585818056,0.03362089965624637,0.5428279524943287
14/01/2022,137.97,60.76,174.6,31.62,1369.75,96.71,96.77,17.52,0.0,9.15,223.19,2,335.5,0.5615967184435124,0.5247932236746319,0.4496310023644093,0.4593467710761644,0.3725914040630109,0.6239834990423252,0.571578760368852,0.5282714036279926,0.0,0.6150867818029779,0.5436886636017576,0.03362089965624637,0.6081174953440823
15/01/2022,137.97,60.76,174.6,31.62,1369.75,96.71,96.77,17.52,0.0,9.15,223.19,2,335.5,0.5155630767475817,0.49749785559889903,0.48724306665073785,0.500111398569815,0.3727585780452793,0.5789414980448113,0.5304313584418854,0.4991275511270036,0.0,0.6150867818029779,0.5544755223119107,0.03362089965624637,0.5698366820387978
16/01/2022,137.97,60.76,174.6,31.62,1369.75,96.71,96.77,17.52,0.0,9.15,223.19,2,335.5,0.5155630767475817,0.49749785559889903,0.48724306665073785,0.500111398569815,0.3727585780452793,0.5789414980448113,0.5304313584418854,0.4991275511270036,0.0,0.6150867818029779,0.5544755223119107,0.03362089965624637,0.5698366820387978
17/01/2022,137.97,60.76,174.6,31.62,1369.75,96.71,96.77,17.52,0.0,9.15,223.19,3,335.5,0.5155630767475817,0.49749785559889903,0.48724306665073785,0.500111398569815,0.3727585780452793,0.5789414980448113,0.5304313584418854,0.4991275511270036,0.0,0.6150867818029779,0.5544755223119107,0.06436587743317368,0.5698366820387978
18/01/2022,137.68,60.11,174.06,31.33,1371.0,99.34,97.39,17.53,0.0,9.15,223.5,3,333.95,0.5027745474192411,0.43946623221509007,0.45591815726259177,0.40982769529136165,0.37277891712708583,0.7152494899055051,0.6245931774348266,0.5063964551116443,0.0,0.6150867818029779,0.5608510187782906,0.06436587743317368,0.5389176373017778
19/01/2022,138.55,61.71,175.78,32.17,1400.75,100.0,97.7,17.88,14.2,9.15,229.62,3,337.2,0.5566619051344482,0.645919453149658,0.5922671457134868,0.7745454237525404,0.37310449479073726,0.6131053071291445,0.5776545910326678,0.7598012200385147,0.9941350700591727,0.6150867818029779,0.6922266203102941,0.06436587743317368,0.6400981281012605
20/01/2022,138.32,62.7,176.07,32.54,1434.5,99.32,98.13,18.14,0.0,9.15,231.2,3,339.25,0.505383285195412,0.588611049643654,0.5044547158022317,0.6188868258848307,0.37314393411328245,0.5437909163235347,0.5958544846927634,0.6916127032419188,0.0,0.6150867818029779,0.5880276248579517,0.06436587743317368,0.6135759772540635
21/01/2022,137.93,63.07,177.33,32.5,1423.0,99.77,98.33,18.02,0.0,9.15,225.91,3,344.2,0.4984647557707363,0.5312071507446997,0.5635978397681916,0.48751349892316576,0.3724880235310652,0.602230533412516,0.5609343014346906,0.41276379267595825,0.0,0.6150867818029779,0.4563501180114859,0.06436587743317368,0.678382412601831
22/01/2022,137.93,63.07,177.33,32.5,1423.0,99.77,98.33,18.02,0.0,9.15,225.91,3,344.2,0.5155630767475817,0.49749785559889903,0.48724306665073785,0.500111398569815,0.3727585780452793,0.5789414980448113,0.5304313584418854,0.4991275511270036,0.0,0.6150867818029779,0.5544755223119107,0.06436587743317368,0.5698366820387978
23/01/2022,137.93,63.07,177.33,32.5,1423.0,99.77,98.33,18.02,0.0,9.15,225.91,3,344.2,0.5155630767475817,0.49749785559889903,0.48724306665073785,0.500111398569815,0.3727585780452793,0.5789414980448113,0.5304313584418854,0.4991275511270036,0.0,0.6150867818029779,0.5544755223119107,0.06436587743317368,0.5698366820387978
24/01/2022,136.32,61.46,177.4,32.24,1411.0,101.0,97.93,17.8,61.6,9.15,224.25,4,338.2,0.4486906248169824,0.35563165186740886,0.49137192271381286,0.4190620248273259,0.37247466872423124,0.6426387133151283,0.4690046571036062,0.34191637111749595,0.9997921998700644,0.6150867818029779,0.5221715229247665,0.09313526815026307,0.45491686348871774
25/01/2022,137.1,63.07,176.97,32.53,1416.0,100.53,97.76,17.97,0.2,9.15,221.79,4,343.1,0.5522527601777849,0.6468645978111167,0.4622336219307324,0.592889966483844,0.3728313445416882,0.5546416230347934,0.5043891352421771,0.6241937024033403,0.2895944468794358,0.6150867818029779,0.5072601745300509,0.09313526815026307,0.6772466158080599
26/01/2022,138.05,63.31,177.26,32.78,1447.0,99.57,97.9,18.11,5.4,9.15,220.13,4,342.3,0.5606068207471259,0.5193082836770779,0.5044547158022317,0.5799528800334859,0.3731169058721475,0.5293284801485354,0.5517979941935255,0.6019000739850862,0.9694161370794764,0.6150867818029779,0.5221715229247665,0.09313526815026307,0.5536836825352084
27/01/2022,137.82,63.33,179.22,33.02,1454.0,100.32,97.37,17.94,0.0,9.15,223.24,4,343.7,0.505383285195412,0.49930684687071525,0.607350187361946,0.5767251935573897,0.37285680191188986,0.6177669953665874,0.4489377793861393,0.3772198705765525,0.0,0.6150867818029779,0.6222109937515283,0.09313526815026307,0.5994417350038719
28/01/2022,138.7,62.93,180.32,33.44,1475.25,99.03,97.4,18.06,0.6,9.15,225.75,4,339.4,0.5571537181996867,0.46163118905573497,0.5537081800406826,0.6352148211759786,0.3730176413033341,0.5122900071173742,0.5350159604574021,0.5870891709569107,0.5858421037283797,0.6150867818029779,0.6086608132155837,0.09313526815026307,0.4864880196794848
29/01/2022,138.7,62.93,180.32,33.44,1475.25,99.03,97.4,18.06,8.8,9.15,225.75,4,339.4,0.5155630767475817,0.49749785559889903,0.48724306665073785,0.500111398569815,0.3727585780452793,0.5789414980448113,0.5304313584418854,0.4991275511270036,0.9863633278046916,0.6150867818029779,0.5544755223119107,0.09313526815026307,0.5698366820387978
30/01/2022,138.7,62.93,180.32,33.44,1475.25,99.03,97.4,18.06,0.8,9.15,225.75,4,339.4,0.5155630767475817,0.49749785559889903,0.48724306665073785,0.500111398569815,0.3727585780452793,0.5789414980448113,0.5304313584418854,0.4991275511270036,0.6679492834303831,0.6150867818029779,0.5544755223119107,0.09313526815026307,0.5698366820387978
31/01/2022,139.57,64.83,180.99,34.13,1495.25,98.75,97.42,18.37,14.0,9.15,229.5,5,343.8,0.5566619051344482,0.6743445197439187,0.5273744907820189,0.7243647539795679,0.3730044432123815,0.5644622341788192,0.533488140142682,0.7294031196275328,0.9939820579406723,0.6150867818029779,0.6368363034845376,0.12042235276213964,0.6659190725982326
01/02/2022,140.3,63.36,184.33,34.98,1534.25,98.28,97.4,18.48,0.2,9.15,232.02,5,333.9,0.549816911264574,0.36775309001273054,0.6954264076040353,0.777906158330041,0.3731945830129752,0.5546416230347934,0.5273730395827891,0.5796994047608528,0.2895944468794358,0.6150867818029779,0.6088852459760606,0.12042235276213964,0.3839766760024238
02/02/2022,141.12,63.33,188.15,35.6,1549.5,97.19,97.14,18.38,0.0,9.15,239.37,5,334.7,0.5542085283353563,0.4947874872684917,0.7265118881446004,0.7011008628382391,0.3729530123946903,0.5226155666762949,0.49056226837532213,0.42705143692372927,0.0,0.6150867818029779,0.7215878510908089,0.12042235276213964,0.5865846870423526
03/02/2022,141.6,63.1,188.98,35.7,1547.0,96.85,96.82,18.29,26.8,10.65,241.07,5,334.0,0.5377941183576745,0.47680700961949135,0.5371284706399108,0.5318274453997276,0.3727088266022801,0.5613606219007468,0.4813303436796364,0.4342106939122111,0.9982585069406428,1.0,0.5906611173673776,0.12042235276213964,0.5556760658422484
04/02/2022,142.05,64.57,190.26,35.72,1557.5,96.75,97.13,18.24,0.0,10.65,246.17,5,343.9,0.5363699637020494,0.6336481500090402,0.5648372101785677,0.5064295684836547,0.37289899589046954,0.5737693062018172,0.5776545910326678,0.4629532104977405,0.0,0.6150867818029779,0.6681759335068632,0.12042235276213964,0.7929785822501463
05/02/2022,142.05,64.57,190.26,35.72,1557.5,96.75,97.13,18.24,0.0,10.65,246.17,5,343.9,0.5155630767475817,0.49749785559889903,0.48724306665073785,0.500111398569815,0.3727585780452793,0.5789414980448113,0.5304313584418854,0.4991275511270036,0.0,0.6150867818029779,0.5544755223119107,0.12042235276213964,0.5698366820387978
06/02/2022,142.05,64.57,190.26,35.72,1557.5,96.75,97.13,18.24,0.0,10.65,246.17,5,343.9,0.5155630767475817,0.49749785559889903,0.48724306665073785,0.500111398569815,0.3727585780452793,0.5789414980448113,0.5304313584418854,0.4991275511270036,0.0,0.6150867818029779,0.5544755223119107,0.12042235276213964,0.5698366820387978
07/02/2022,141.82,62.79,194.42,36.96,1586.25,99.4,96.97,18.44,0.0,10.65,242.67,6,330.3,0.505383285195412,0.34095313043454517,0.7486500710616346,0.9103488964405322,0.3730945059025975,0.7162873693381414,0.5059238295407493,0.6465782803409207,0.0,0.6150867818029779,0.4882702684835513,0.14653540631051742,0.3180144869469241
08/02/2022,141.97,64.58,191.85,36.51,1572.5,98.84,97.14,18.49,0.0,10.65,241.41,6,339.35,0.5223741038117575,0.6639053589116619,0.3430696503785981,0.36093704202763977,0.37242727344180176,0.5499908795059381,0.5563676299412925,0.5355854896076712,0.0,0.6150867818029779,0.5297545557837571,0.14653540631051742,0.7730433619318618
09/02/2022,142.9,65.34,192.22,36.82,1595.5,98.89,96.93,18.57,5.0,10.65,249.51,6,341.05,0.5596183775394665,0.567202445099988,0.5092483728073398,0.5993740562369041,0.37303591544150133,0.5815280617762189,0.49824706569362726,0.5575938042351151,0.9654538794732821,0.6150867818029779,0.739661616131448,0.14653540631051742,0.6059416147627356
10/02/2022,142.35,65.46,193.4,37.01,1576.5,98.45,97.08,18.58,2.2,10.65,244.05,6,342.1,0.49165972774519284,0.5083759136336128,0.5586473069243705,0.5606272355127605,0.37227976997142226,0.5561920255972708,0.5533215403240237,0.5063964551116417,0.8872396918336801,0.6150867818029779,0.45335911141761703,0.14653540631051742,0.5919164808997714
11/02/2022,141.88,65.45,191.33,36.61,1586.25,99.55,97.05,18.57,6.0,10.65,241.03,6,342.05,0.49504896147907096,0.49659398578502706,0.3703622931957531,0.37615284701196194,0.372890158119856,0.6359011781655328,0.5258433091417318,0.49187014027928144,0.9741802067696631,0.6150867818029779,0.4969865997171954,0.14653540631051742,0.5688101559656252
12/02/2022,141.88,65.45,191.33,36.61,1586.25,99.55,97.05,18.57,0.2,10.65,241.03,6,342.05,0.5155630767475817,0.49749785559889903,0.48724306665073785,0.500111398569815,0.3727585780452793,0.5789414980448113,0.5304313584418854,0.4991275511270036,0.2895944468794358,0.6150867818029779,0.5544755223119107,0.14653540631051742,0.5698366820387978
13/02/2022,141.88,65.45,191.33,36.61,1586.25,99.55,97.05,18.57,29.4,10.65,241.03,6,342.05,0.5155630767475817,0.49749785559889903,0.48724306665073785,0.500111398569815,0.3727585780452793,0.5789414980448113,0.5304313584418854,0.4991275511270036,0.9985613012826714,0.6150867818029779,0.5544755223119107,0.14653540631051742,0.5698366820387978
14/02/2022,142.43,64.96,188.52,36.13,1574.0,99.33,95.98,18.4,26.2,10.65,239.17,7,338.9,0.5411331431360444,0.45363220353645806,0.33005655082323326,0.3518335113188277,0.37246795922908993,0.5675642068262509,0.36515469179493065,0.37721987057655,0.998176581556412,0.6150867818029779,0.5184142893549881,0.17168377365995158,0.5081620860231157
15/02/2022,142.9,65.27,188.38,36.36,1555.75,97.09,96.55,18.63,0.0,10.65,238.84,7,338.15,0.5373189360308666,0.5257085377989872,0.47903766396222314,0.5735001790844922,0.37230128116769307,0.463271359804341,0.617039066137676,0.6690518908445869,0.0,0.6150867818029779,0.5478412641711642,0.17168377365995158,0.5546790759942132
16/02/2022,143.12,66.43,190.32,37.11,1591.25,96.91,96.53,18.82,0.0,10.65,238.92,7,340.65,0.5255975514954776,0.6045096302797492,0.6060902400613356,0.7443843186179498,0.37316094896396423,0.5696323975048447,0.5273730395827891,0.6391067690245303,0.0,0.6150867818029779,0.5561076843353605,0.17168377365995158,0.6234634648733938
17/02/2022,143.4,66.92,192.0,37.14,1596.0,96.83,96.51,18.67,0.0,10.65,238.85,7,345.9,0.5283817570562406,0.5422374917736205,0.5897612362142477,0.5095934433208895,0.3728280710505443,0.5748036478171616,0.5273730395827891,0.39140791559799265,0.0,0.6150867818029779,0.5530555400349972,0.17168377365995158,0.6852082912987248
18/02/2022,143.25,66.35,193.54,37.67,1603.5,96.8,96.49,18.78,0.0,10.65,236.62,7,340.9,0.5088902760096623,0.4465408415463846,0.5810092757123506,0.6713421142755323,0.37286299196792055,0.5773897114721007,0.5273730395827869,0.5796994047608528,0.0,0.6150867818029779,0.5115164458343215,0.17168377365995158,0.47342814782279
19/02/2022,143.25,66.35,193.54,37.67,1603.5,96.8,96.49,18.78,55.2,10.65,236.62,7,340.9,0.5155630767475817,0.49749785559889903,0.48724306665073785,0.500111398569815,0.3727585780452793,0.5789414980448113,0.5304313584418854,0.4991275511270036,0.9996962192887785,0.6150867818029779,0.5544755223119107,0.17168377365995158,0.5698366820387978
20/02/2022,143.25,66.35,193.54,37.67,1603.5,96.8,96.49,18.78,9.6,10.65,236.62,7,340.9,0.5155630767475817,0.49749785559889903,0.48724306665073785,0.500111398569815,0.3727585780452793,0.5789414980448113,0.5304313584418854,0.4991275511270036,0.9882591722214084,0.6150867818029779,0.5544755223119107,0.17168377365995158,0.5698366820387978
21/02/2022,143.25,66.35,193.54,37.67,1603.5,96.8,96.49,18.78,1.6,10.65,236.62,8,340.9,0.5155630767475817,0.49749785559889903,0.48724306665073785,0.500111398569815,0.3727585780452793,0.5789414980448113,0.5304313584418854,0.4991275511270036,0.8334672784935411,0.6150867818029779,0.5544755223119107,0.19601805204551692,0.5698366820387978
22/02/2022,143.75,68.79,193.4,38.18,1635.0,97.98,96.8,19.11,0.6,10.65,238.37,8,348.4,0.5387458619234445,0.7258465256462383,0.4790376639622248,0.6647530759739608,0.37312184774826573,0.6400472352750727,0.5776545910326678,0.7445840257203853,0.5858421037283797,0.6150867818029779,0.5917611372432405,0.19601805204551692,0.7369397979425503
23/02/2022,143.05,68.75,195.23,39.02,1671.0,98.13,96.85,19.36,59.4,10.65,235.56,8,343.95,0.4853711872840094,0.4938848501347528,0.5991702496300635,0.7745454237525404,0.3731657853637021,0.5867020912881863,0.5380704788832585,0.6840828529775309,0.9997624857713316,0.6150867818029779,0.5008251581464938,0.19601805204551692,0.48368173491385
24/02/2022,140.53,66.58,197.5,38.6,1654.0,98.71,96.89,18.93,0.0,10.65,237.26,8,340.7,0.41383839971266934,0.3074320582272857,0.6269458029131935,0.3700599369497036,0.37233682418038627,0.6089621090912604,0.5365434054710474,0.19602664653480867,0.0,0.6150867818029779,0.5906611173673776,0.19601805204551692,0.506265170500223
25/02/2022,139.28,66.68,195.03,37.91,1584.5,97.4,97.34,18.92,0.0,10.65,239.41,8,343.05,0.4629384290346924,0.5065589808775598,0.3485078183354122,0.28861681353503577,0.3706300615045053,0.5112575774125709,0.5988839533019741,0.49187014027928144,0.0,0.6150867818029779,0.6006156431371368,0.19601805204551692,0.6201592241968299
26/02/2022,139.28,66.68,195.03,37.91,1584.5,97.4,97.34,18.92,0.0,10.65,239.41,8,343.05,0.5155630767475817,0.49749785559889903,0.48724306665073785,0.500111398569815,0.3727585780452793,0.5789414980448113,0.5304313584418854,0.4991275511270036,0.0,0.6150867818029779,0.5544755223119107,0.19601805204551692,0.5698366820387978
27/02/2022,139.28,66.68,195.03,37.91,1584.5,97.4,97.34,18.92,2.6,10.65,239.41,8,343.05,0.5155630767475817,0.49749785559889903,0.48724306665073785,0.500111398569815,0.3727585780452793,0.5789414980448113,0.5304313584418854,0.4991275511270036,0.9096263213999098,0.6150867818029779,0.5544755223119107,0.19601805204551692,0.5698366820387978
28/02/2022,140.5,66.68,195.03,37.91,1636.75,97.4,97.34,18.92,0.0,10.65,239.41,9,343.05,0.5740882611555894,0.49749785559889903,0.48724306665073785,0.500111398569815,0.37331788745677863,0.5789414980448113,0.5304313584418854,0.4991275511270036,0.0,0.6150867818029779,0.5544755223119107,0.21965127772590198,0.5698366820387978
01/03/2022,140.53,66.68,195.03,37.91,1690.0,97.4,97.34,18.92,37.8,10.65,239.41,9,343.05,0.5169142410672677,0.49749785559889903,0.48724306665073785,0.500111398569815,0.37332697152432703,0.5789414980448113,0.5304313584418854,0.4991275511270036,0.9991703769316255,0.6150867818029779,0.5544755223119107,0.21965127772590198,0.5698366820387978
02/03/2022,140.1,66.51,199.19,38.98,1663.0,99.53,97.2,19.02,0.2,10.65,236.74,9,339.85,0.4967534336874133,0.4821858172385756,0.7486500710616346,0.852299251417159,0.37204271266670974,0.6893073262876523,0.5089922110684558,0.5723202008680489,0.2895944468794358,0.6150867818029779,0.5033933616229058,0.21965127772590198,0.5072133116532529
03/03/2022,138.35,68.14,199.85,39.78,1667.75,100.51,97.72,19.45,0.6,10.65,240.82,9,342.35,0.44322777400692714,0.6487553906070407,0.5267667591312395,0.7611213295115737,0.3728280710505443,0.6296828311694882,0.6094788637603006,0.8210240030771345,0.5858421037283797,0.6150867818029779,0.6444394389279176,0.21965127772590198,0.6234634648733938
04/03/2022,135.78,67.17,199.88,39.35,1660.5,102.33,98.15,19.32,0.0,10.65,243.77,9,341.15,0.4119641050541456,0.41131947121059925,0.48901042394775257,0.36701679292493666,0.37259763369296467,0.6732282519099154,0.5958544846927656,0.4056351920506306,0.0,0.6150867818029779,0.6185814433397182,0.21965127772590198,0.5457728856460972
05/03/2022,135.78,67.17,199.88,39.35,1660.5,102.33,98.15,19.32,0.0,10.65,243.77,9,341.15,0.5155630767475817,0.49749785559889903,0.48724306665073785,0.500111398569815,0.3727585780452793,0.5789414980448113,0.5304313584418854,0.4991275511270036,0.0,0.6150867818029779,0.5544755223119107,0.21965127772590198,0.5698366820387978
06/03/2022,135.78,67.17,199.88,39.35,1660.5,102.33,98.15,19.32,14.2,10.65,243.77,9,341.15,0.5155630767475817,0.49749785559889903,0.48724306665073785,0.500111398569815,0.3727585780452793,0.5789414980448113,0.5304313584418854,0.4991275511270036,0.9941350700591727,0.6150867818029779,0.5544755223119107,0.21965127772590198,0.5698366820387978
07/03/2022,137.9,68.0,200.3,39.44,1659.5,101.82,100.19,19.73,17.8,10.65,235.73,10,345.35,0.6206249811127023,0.57370510148204,0.5122534229075315,0.5286420333775546,0.3727398704100904,0.5525745412962713,0.837169971366827,0.8056660646181588,0.9961352950404986,0.6150867818029779,0.40863750003392435,0.24267111083626458,0.6614042115210526
08/03/2022,139.05,69.29,203.22,40.19,1689.75,102.0,101.36,20.05,38.4,10.65,222.73,10,350.35,0.5705692359742525,0.6167068765594782,0.6684027748369753,0.7443843186179498,0.37310946903945624,0.5882545221633214,0.7073343042194407,0.7369890078545078,0.9992001595597519,0.6150867818029779,0.325265756804911,0.24267111083626458,0.6795187447781326
09/03/2022,137.57,68.41,202.02,40.32,1671.75,101.88,101.25,20.21,18.2,10.65,230.09,10,342.8,0.45380099511452265,0.41921269008931444,0.4185578462035118,0.5414014371439688,0.37230842111997875,0.5727350111826157,0.5135922223877268,0.6167522901583335,0.9962934070270996,0.6150867818029779,0.7218280238474444,0.24267111083626458,0.4265099981378192
10/03/2022,135.9,68.79,202.56,40.37,1686.25,102.42,101.42,20.21,1.2,10.65,227.96,10,345.2,0.44634438567864343,0.5321246865180159,0.5194923063355655,0.5159306339848538,0.37294467883067806,0.6068907033904702,0.5563676299412925,0.4991275511270036,0.7721351562515812,0.6150867818029779,0.5133743171752848,0.24267111083626458,0.6212597339051247
11/03/2022,137.3,68.69,200.38,39.66,1676.0,102.45,103.57,20.5,3.6,10.65,225.96,10,347.0,0.5832094058841168,0.4884773442133027,0.3643353886465076,0.2826398188329822,0.372521018979203,0.5804933988273678,0.8535125708441293,0.7142589672910868,0.9430054518267896,0.6150867818029779,0.5157965314043306,0.24267111083626458,0.6081174953440823
12/03/2022,137.3,68.69,200.38,39.66,1676.0,102.45,103.57,20.5,0.0,10.65,225.96,10,347.0,0.5155630767475817,0.49749785559889903,0.48724306665073785,0.500111398569815,0.3727585780452793,0.5789414980448113,0.5304313584418854,0.4991275511270036,0.0,0.6150867818029779,0.5544755223119107,0.24267111083626458,0.5698366820387978
13/03/2022,137.3,68.69,200.38,39.66,1676.0,102.45,103.57,20.5,0.0,10.65,225.96,10,347.0,0.5155630767475817,0.49749785559889903,0.48724306665073785,0.500111398569815,0.3727585780452793,0.5789414980448113,0.5304313584418854,0.4991275511270036,0.0,0.6150867818029779,0.5544755223119107,0.24267111083626458,0.5698366820387978
14/03/2022,140.32,67.27,200.43,39.08,1670.5,103.7,103.9,20.26,0.2,10.65,229.57,11,345.05,0.6691532325933992,0.37208981520286244,0.49019046661212545,0.32162284236101557,0.37264032117684964,0.6436753450244787,0.5806907372312053,0.3278597051701865,0.2895944468794358,0.6150867818029779,0.6336230441167023,0.2651473174209875,0.5311472258761233
15/03/2022,140.85,66.18,199.65,38.74,1635.75,103.78,103.87,20.15,0.2,10.65,232.0,11,341.1,0.5401768853064746,0.40082105263375983,0.44223450216880983,0.3944858267931241,0.3718019710372954,0.5830801474748749,0.5258433091417318,0.4199025057517987,0.2895944468794358,0.6150867818029779,0.606867164159563,0.2651473174209875,0.4930535931994089
16/03/2022,139.35,67.25,199.62,39.1,1626.0,102.65,103.74,20.32,64.6,10.65,242.01,11,343.3,0.4530123315915541,0.596085198834695,0.4854790053969569,0.6156284939185489,0.3725340520352666,0.5205502660570294,0.5105258925746081,0.6241937024033429,0.9998281869201648,0.6150867818029779,0.7861995309301015,0.2651473174209875,0.6168632728068123
17/03/2022,139.47,69.36,199.8,39.66,1647.25,102.47,103.57,20.56,13.4,11.65,246.28,11,349.45,0.5210011183648303,0.6943243578981607,0.49789413197251037,0.6812422357491958,0.3730176413033341,0.5696323975048447,0.5043891352421771,0.6765625605777903,0.9934858456703929,0.920333355250954,0.6488347448582674,0.2651473174209875,0.7057932397536977
18/03/2022,140.5,69.62,197.41,39.37,1645.75,101.29,102.59,20.46,0.0,11.65,249.6,11,349.05,0.5645750130495225,0.5211352576690615,0.352865436483639,0.40982769529136276,0.3727298451944452,0.5179687752109696,0.37916149529810306,0.427051436923732,0.0,0.6150867818029779,0.6269915338924876,0.2651473174209875,0.5616945434913185
19/03/2022,140.5,69.62,197.41,39.37,1645.75,101.29,102.59,20.46,2.0,11.65,249.6,11,349.05,0.5155630767475817,0.49749785559889903,0.48724306665073785,0.500111398569815,0.3727585780452793,0.5789414980448113,0.5304313584418854,0.4991275511270036,0.8727073659051631,0.6150867818029779,0.5544755223119107,0.2651473174209875,0.5698366820387978
20/03/2022,140.5,69.62,197.41,39.37,1645.75,101.29,102.59,20.46,0.0,11.65,249.6,11,349.05,0.5155630767475817,0.49749785559889903,0.48724306665073785,0.500111398569815,0.3727585780452793,0.5789414980448113,0.5304313584418854,0.4991275511270036,0.0,0.6150867818029779,0.5544755223119107,0.2651473174209875,0.5698366820387978
21/03/2022,140.05,69.87,197.44,39.87,1672.25,101.32,102.63,20.72,0.8,11.65,250.76,12,346.0,0.49590035494067547,0.5202216011410754,0.48901042394775257,0.6614619088068227,0.37307182407479117,0.5804933988273671,0.5365434054710453,0.6916127032419161,0.6679492834303831,0.6150867818029779,0.5788887325917887,0.2871366055179304,0.5100615668557884
22/03/2022,139.43,70.97,197.11,40.07,1678.75,99.43,101.29,20.59,1.0,11.65,247.99,12,349.1,0.48871470325877847,0.598891490276827,0.4680014685656207,0.5638413640570455,0.3728505475801677,0.4813260548688624,0.32304420035151415,0.4056351920506306,0.7275090786514087,0.6150867818029779,0.5015581647500839,0.2871366055179304,0.6367569865818166
23/03/2022,139.43,71.37,194.55,40.21,1698.5,98.43,99.93,20.65,0.0,11.65,246.79,12,345.3,0.5155630767475817,0.5339606815546766,0.34361303201479676,0.5445986074227384,0.37300178822839025,0.5272628540957827,0.3199198257291592,0.54291064338606,0.0,0.6150867818029779,0.5309006813919508,0.2871366055179304,0.4958752871054709
24/03/2022,139.68,72.93,192.38,39.85,1682.25,97.3,99.2,20.55,29.6,11.65,244.93,12,352.05,0.5269872591536416,0.6421405671805063,0.36488274091886674,0.38836564664504525,0.37235795681539235,0.5205502660570286,0.41798240345593035,0.427051436923732,0.9985815750842054,0.6150867818029779,0.5184142893549887,0.2871366055179304,0.7195987936575801
25/03/2022,140.47,73.04,189.54,39.89,1688.5,93.35,96.98,20.41,2.4,11.65,247.72,12,347.0,0.5527411171423913,0.5074672573899338,0.3284336011047172,0.5127604742362117,0.37284739476841966,0.3751230809605435,0.18500025241769347,0.3985166002471645,0.8993785323552774,0.6150867818029779,0.6149633874183037,0.2871366055179304,0.4724986906425089
26/03/2022,140.47,73.04,189.54,39.89,1688.5,93.35,96.98,20.41,0.0,11.65,247.72,12,347.0,0.5155630767475817,0.49749785559889903,0.48724306665073785,0.500111398569815,0.3727585780452793,0.5789414980448113,0.5304313584418854,0.4991275511270036,0.0,0.6150867818029779,0.5544755223119107,0.2871366055179304,0.5698366820387978
27/03/2022,140.47,73.04,189.54,39.89,1688.5,93.35,96.98,20.41,0.0,11.65,247.72,12,347.0,0.5155630767475817,0.49749785559889903,0.48724306665073785,0.500111398569815,0.3727585780452793,0.5789414980448113,0.5304313584418854,0.4991275511270036,0.0,0.6150867818029779,0.5544755223119107,0.2871366055179304,0.5698366820387978
28/03/2022,140.3,73.36,186.57,39.11,1646.75,89.89,96.16,20.16,0.0,11.65,232.41,13,349.95,0.5080103384495499,0.5266241761619208,0.3214099407865886,0.26177624431242885,0.3715768866555658,0.4003728225373344,0.40402223368424806,0.3208448956384684,0.0,0.6150867818029779,0.28728416709656324,0.30868588292533583,0.6334226944879924
29/03/2022,140.9,71.75,180.98,38.01,1623.75,86.41,92.77,19.49,32.6,11.65,228.9,13,341.6,0.5435314919485187,0.35563165186740886,0.1824177515735695,0.16742042578516303,0.37216287962453626,0.39934209115633984,0.0,0.03339749864578828,0.9988451738287362,0.6150867818029779,0.48808947953741305,0.30868588292533583,0.4119647971918746
30/03/2022,140.18,72.64,183.4,38.35,1642.5,88.61,92.7,19.38,3.8,11.65,229.77,13,347.35,0.48453886933167306,0.5792880182775947,0.6364702794678105,0.6091192246918451,0.3729911146431173,0.6929386458525033,0.5197206636548458,0.41990250575180144,0.947393461538417,0.6150867818029779,0.5726579994466983,0.30868588292533583,0.6966252604987191
31/03/2022,139.38,67.9,182.32,38.3,1598.0,91.31,93.09,19.55,0.0,11.65,226.02,13,323.25,0.48122328127309505,0.09049419939637782,0.42529100327661695,0.4843718673509223,0.37148671963329866,0.7188821293979474,0.5897923147785207,0.6241937024033429,0.0,0.6150867818029779,0.48375979075240194,0.30868588292533583,0.13532351125294428
01/04/2022,138.65,73.16,178.94,38.33,1566.75,89.17,92.04,19.71,1.0,11.65,227.88,13,341.6,0.4841232313891442,1.0,0.2993507451357008,0.5095934433208895,0.37191188897375926,0.46842932680120614,0.36826867079967684,0.6167522901583335,0.7275090786514087,0.6150867818029779,0.5941866603945686,0.30868588292533583,0.9951436438866135
02/04/2022,138.65,73.16,178.94,38.33,1566.75,89.17,92.04,19.71,3.2,11.65,227.88,13,341.6,0.5155630767475817,0.49749785559889903,0.48724306665073785,0.500111398569815,0.3727585780452793,0.5789414980448113,0.5304313584418854,0.4991275511270036,0.9323652131620573,0.6150867818029779,0.5544755223119107,0.30868588292533583,0.5698366820387978
03/04/2022,138.65,73.16,178.94,38.33,1566.75,89.17,92.04,19.71,0.2,11.65,227.88,13,341.6,0.5155630767475817,0.49749785559889903,0.48724306665073785,0.500111398569815,0.3727585780452793,0.5789414980448113,0.5304313584418854,0.4991275511270036,0.2895944468794358,0.6150867818029779,0.5544755223119107,0.30868588292533583,0.5698366820387978
04/04/2022,138.0,72.72,171.22,37.13,1589.0,87.35,91.55,19.85,0.0,11.65,222.91,14,335.4,0.4874581711589515,0.4580732267507802,0.07208048929851113,0.13824727280559546,0.37302811158505295,0.48493762427019305,0.455116977583083,0.6019000739850862,0.0,0.6150867818029779,0.4619975878910116,0.3298345278005889,0.4512331009923291
05/04/2022,136.8,71.59,172.69,37.08,1614.0,88.37,90.19,19.37,0.0,11.65,225.64,14,333.4,0.46494215866306415,0.39732787199528163,0.576644550235537,0.4843718673509223,0.3730565330820769,0.6317555124596922,0.3199198257291592,0.16180962590669562,0.0,0.6150867818029779,0.6136096699041187,0.3298345278005889,0.5301802486002121
06/04/2022,137.7,71.33,174.91,37.06,1603.5,88.01,89.46,18.95,0.0,11.65,231.33,14,336.7,0.5581384681868298,0.4741222059191704,0.6237770133383055,0.49380610654891516,0.37251446621072776,0.5603268283840417,0.41798240345593035,0.20289266473017065,0.0,0.6150867818029779,0.6820522781533512,0.3298345278005889,0.641213324088119
07/04/2022,138.0,69.0,177.84,37.48,1627.0,86.53,89.06,18.77,0.0,11.65,232.14,14,327.4,0.5293140358167038,0.293736528567032,0.6690441556929465,0.6352148211759786,0.37304109559958887,0.5024828003865035,0.4690046571036062,0.3701403161995962,0.0,0.6150867818029779,0.5713779429967162,0.3298345278005889,0.39478242770353833
08/04/2022,137.82,73.53,180.9,38.45,1668.0,87.2,89.02,18.92,0.0,11.65,230.43,14,345.95,0.5075711799972727,0.9283420171175398,0.6773913528670158,0.8183780148202875,0.3732135824206339,0.6136232421704593,0.524313202838208,0.6093210558845169,0.0,0.6150867818029779,0.5212302026932437,0.3298345278005889,0.9999999999999999
09/04/2022,137.82,73.53,180.9,38.45,1668.0,87.2,89.02,18.92,0.0,11.65,230.43,14,345.95,0.5155630767475817,0.49749785559889903,0.48724306665073785,0.500111398569815,0.3727585780452793,0.5789414980448113,0.5304313584418854,0.4991275511270036,0.0,0.6150867818029779,0.5544755223119107,0.3298345278005889,0.5698366820387978
10/04/2022,137.82,73.53,180.9,38.45,1668.0,87.2,89.02,18.92,0.0,11.65,230.43,14,345.95,0.5155630767475817,0.49749785559889903,0.48724306665073785,0.500111398569815,0.3727585780452793,0.5789414980448113,0.5304313584418854,0.4991275511270036,0.0,0.6150867818029779,0.5544755223119107,0.3298345278005889,0.5698366820387978
11/04/2022,138.53,72.3,179.49,38.33,1640.75,86.87,88.9,18.98,0.0,11.65,227.9,15,338.6,0.5488453781537154,0.388608103374799,0.40682952328943134,0.4624646935786043,0.37203510310985377,0.561877532959904,0.5120592306771216,0.54291064338606,0.0,0.6150867818029779,0.5059692482287925,0.3506160171067816,0.4301579732168883
12/04/2022,139.95,72.06,178.57,38.17,1660.5,88.03,88.17,18.85,0.0,11.65,224.28,15,337.1,0.5842290738772966,0.47591174106795253,0.4343068800516901,0.45000988828962535,0.37300178822839025,0.6390106851057378,0.41798240345593035,0.4056351920506306,0.0,0.6150867818029779,0.48610285587950997,0.3506160171067816,0.5398935493341942
13/04/2022,140.62,71.77,178.99,38.2,1665.0,88.06,87.56,18.69,0.0,11.65,227.45,15,336.3,0.5469072115098996,0.4714403667099492,0.5122534229075315,0.5095934433208895,0.37282477395934877,0.5804933988273678,0.43656721570413465,0.3843090383427822,0.0,0.6150867818029779,0.6235749532410662,0.3506160171067816,0.5536836825352084
14/04/2022,140.68,72.23,180.5,38.47,1665.25,88.51,87.3,18.61,75.0,11.65,225.83,15,338.9,0.5182710598741517,0.5394759058012046,0.5791377410894658,0.586416192527797,0.37276288076251535,0.602230533412516,0.49056226837532213,0.4413803865727706,0.9999227790291005,0.6150867818029779,0.5229255758937899,0.3506160171067816,0.6256707301074703
15/04/2022,140.68,72.23,180.5,38.47,1665.25,88.51,87.3,18.61,0.0,11.65,225.83,15,338.9,0.5155630767475817,0.49749785559889903,0.48724306665073785,0.500111398569815,0.3727585780452793,0.5789414980448113,0.5304313584418854,0.4991275511270036,0.0,0.6150867818029779,0.5544755223119107,0.3506160171067816,0.5698366820387978
16/04/2022,140.68,72.23,180.5,38.47,1665.25,88.51,87.3,18.61,7.4,11.65,225.83,15,338.9,0.5155630767475817,0.49749785559889903,0.48724306665073785,0.500111398569815,0.3727585780452793,0.5789414980448113,0.5304313584418854,0.4991275511270036,0.9817196692873514,0.6150867818029779,0.5544755223119107,0.3506160171067816,0.5698366820387978
17/04/2022,140.68,72.23,180.5,38.47,1665.25,88.51,87.3,18.61,0.2,11.65,225.83,15,338.9,0.5155630767475817,0.49749785559889903,0.48724306665073785,0.500111398569815,0.3727585780452793,0.5789414980448113,0.5304313584418854,0.4991275511270036,0.2895944468794358,0.6150867818029779,0.5544755223119107,0.3506160171067816,0.5698366820387978
18/04/2022,140.47,70.59,182.04,39.08,1693.25,89.86,87.63,18.81,3.2,11.65,224.48,16,328.8,0.5062568836544776,0.3530381799536477,0.5810092757123506,0.6977857671368144,0.3730869778554368,0.6488588420687151,0.5806907372312032,0.6465782803409181,0.9323652131620573,0.6150867818029779,0.5280398088877587,0.3710591232878496,0.38038225858513464
19/04/2022,141.35,72.81,182.35,39.02,1691.75,90.77,88.03,18.84,0.0,11.65,222.45,16,340.25,0.5571537181996867,0.7048152779476552,0.5056514230157577,0.4812333069438185,0.3727298451944452,0.6260558898361339,0.5913082662364659,0.5209684749066031,0.0,0.6150867818029779,0.5152368420177533,0.3710591232878496,0.8295519300888973
20/04/2022,143.07,71.65,182.71,39.51,1717.0,91.91,87.87,19.0,0.0,11.65,224.44,16,331.4,0.5996646207171502,0.3947099863691842,0.5086481815090855,0.6581729940927656,0.37305909148908767,0.6379741587158796,0.5059238295407493,0.6167522901583335,0.0,0.6150867818029779,0.59706260020001,0.3710591232878496,0.4029098365565712
21/04/2022,144.1,71.65,182.71,39.51,1719.5,91.91,87.87,19.0,0.0,11.65,224.44,16,331.4,0.5645750130495225,0.49749785559889903,0.48724306665073785,0.500111398569815,0.3727973632945372,0.5789414980448113,0.5304313584418854,0.4991275511270036,0.0,0.6150867818029779,0.5544755223119107,0.3710591232878496,0.5698366820387978
22/04/2022,142.45,68.32,186.62,38.9,1688.0,92.38,87.93,18.33,0.0,11.65,211.83,16,327.75,0.44712561719252486,0.20877777246851503,0.7323627220531841,0.3125984499615742,0.3719041004723336,0.6032660663259493,0.5395971843223267,0.03339749864578828,0.0,0.6150867818029779,0.3317247313511035,0.3710591232878496,0.4987019311402451
23/04/2022,142.45,68.32,186.62,38.9,1688.0,92.38,87.93,18.33,0.0,11.65,211.83,16,327.75,0.5155630767475817,0.49749785559889903,0.48724306665073785,0.500111398569815,0.3727585780452793,0.5789414980448113,0.5304313584418854,0.4991275511270036,0.0,0.6150867818029779,0.5544755223119107,0.3710591232878496,0.5698366820387978
24/04/2022,142.45,68.32,186.62,38.9,1688.0,92.38,87.93,18.33,2.4,11.65,211.83,16,327.75,0.5155630767475817,0.49749785559889903,0.48724306665073785,0.500111398569815,0.3727585780452793,0.5789414980448113,0.5304313584418854,0.4991275511270036,0.8993785323552774,0.6150867818029779,0.5544755223119107,0.3710591232878496,0.5698366820387978
25/04/2022,139.1,67.49,187.87,38.55,1675.25,93.69,88.71,18.2,0.0,11.65,210.53,17,328.9,0.3831778891688341,0.42360534139611095,0.5629784126044145,0.39142457281477355,0.3724544777346627,0.6467853763368748,0.6487275732603636,0.4056351920506306,0.0,0.6150867818029779,0.5289917983990629,0.39118881230011915,0.5940596996677718
26/04/2022,140.0,66.93,190.93,38.26,1671.75,95.12,88.51,17.74,0.0,11.65,202.66,17,334.0,0.5581384681868311,0.44742632724932196,0.6773913528670158,0.40982769529136276,0.3726867789681567,0.653006034418516,0.49978307153954704,0.17547406067917448,0.0,0.6150867818029779,0.4115499793443437,0.39118881230011915,0.6817929984964006
27/04/2022,138.5,67.61,191.55,38.59,1692.75,93.4,88.21,17.77,0.0,11.65,214.69,17,335.6,0.4530123315915541,0.5597855483586062,0.5243381459276851,0.6058683203454739,0.3730150116997144,0.49009739587843215,0.4844088562540706,0.5209684749066031,0.0,0.6150867818029779,0.836111440614318,0.39118881230011915,0.6037702498286744
28/04/2022,138.5,67.5,192.44,38.97,1684.75,91.6,88.38,17.9,0.0,11.65,214.49,17,333.3,0.5155630767475817,0.4875774436797363,0.5408003184542008,0.6221476011909643,0.37257885450844436,0.4859695418015985,0.5563676299412925,0.5944894200641526,0.0,0.6150867818029779,0.550437323931895,0.39118881230011915,0.5243968270074747
29/04/2022,141.9,67.67,191.16,38.63,1684.75,92.26,88.25,17.83,0.0,11.65,208.42,17,334.85,0.6901390675038725,0.5129247795619999,0.4140819624787322,0.3944858267931241,0.3727585780452793,0.6131053071291451,0.5105258925746103,0.44856062695850235,0.0,0.6150867818029779,0.4426761712371623,0.39118881230011915,0.6026863114494962
30/04/2022,141.9,67.67,191.16,38.63,1684.75,92.26,88.25,17.83,0.0,11.65,208.42,17,334.85,0.5155630767475817,0.49749785559889903,0.48724306665073785,0.500111398569815,0.3727585780452793,0.5789414980448113,0.5304313584418854,0.4991275511270036,0.0,0.6150867818029779,0.5544755223119107,0.39118881230011915,0.5698366820387978
01/05/2022,141.9,67.67,191.16,38.63,1684.75,92.26,88.25,17.83,0.0,11.65,208.42,17,334.85,0.5155630767475817,0.49749785559889903,0.48724306665073785,0.500111398569815,0.3727585780452793,0.5789414980448113,0.5304313584418854,0.4991275511270036,0.0,0.6150867818029779,0.5544755223119107,0.39118881230011915,0.5698366820387978
02/05/2022,135.2,64.91,190.51,37.6,1645.25,91.87,87.87,17.34,0.0,11.65,205.99,18,328.9,0.26654243458465543,0.25707695196476166,0.4496310023644093,0.18792630314304315,0.37164995280522206,0.5587762085639556,0.47208779081657615,0.1549884194406343,0.0,0.6150867818029779,0.5078140524875226,0.41102692996415213,0.4558387202374866
03/05/2022,135.32,68.34,188.59,37.98,1630.5,90.07,87.6,17.64,0.0,11.65,208.25,18,339.3,0.5210011183648303,0.8212125990615318,0.3786028027052451,0.6221476011909643,0.37239976259482155,0.4859695418015985,0.4890243726976494,0.7218264196323108,0.0,0.6150867818029779,0.6030666149718005,0.41102692996415213,0.804746440321029
04/05/2022,134.82,67.59,186.82,38.04,1640.5,89.4,87.55,17.83,0.0,11.65,209.68,18,331.95,0.49377497410737403,0.4306452423882225,0.3868699693757527,0.5191038958146141,0.37289311502770733,0.5443075368936934,0.5227827241953691,0.6391067690245277,0.0,0.6150867818029779,0.5847492736709309,0.41102692996415213,0.43015797321688726
05/05/2022,133.78,66.27,188.42,37.47,1647.0,88.88,87.41,17.38,0.0,12.65,202.66,18,333.25,0.4713989133530482,0.38077583596652576,0.584756498734874,0.32463486926896484,0.3728505475801677,0.5520577922017356,0.5089922110684558,0.1823174053291277,0.0,0.920333355250954,0.42617988199483653,0.41102692996415213,0.5972849525644631
06/05/2022,132.75,66.27,189.44,37.34,1622.0,87.86,86.63,17.08,0.0,12.65,199.9,18,333.25,0.4718048191365509,0.49749785559889903,0.5487808660301184,0.4593467710761655,0.3721031781690994,0.5262300795824091,0.41022896306146645,0.28590279372766975,0.0,0.6150867818029779,0.5017415113035912,0.41102692996415213,0.5698366820387978
07/05/2022,132.75,66.27,189.44,37.34,1622.0,87.86,86.63,17.08,9.0,12.65,199.9,18,333.25,0.5155630767475817,0.49749785559889903,0.48724306665073785,0.500111398569815,0.3727585780452793,0.5789414980448113,0.5304313584418854,0.4991275511270036,0.9868783863930494,0.6150867818029779,0.5544755223119107,0.41102692996415213,0.5698366820387978
08/05/2022,132.75,66.27,189.44,37.34,1622.0,87.86,86.63,17.08,0.2,12.65,199.9,18,333.25,0.5155630767475817,0.49749785559889903,0.48724306665073785,0.500111398569815,0.3727585780452793,0.5789414980448113,0.5304313584418854,0.4991275511270036,0.2895944468794358,0.6150867818029779,0.5544755223119107,0.41102692996415213,0.5698366820387978
09/05/2022,133.55,64.26,187.45,36.36,1585.25,86.79,86.15,16.71,0.0,12.65,191.57,19,331.3,0.5532298653956307,0.3211597113243837,0.3747540017644446,0.20261774087009243,0.3717383459146221,0.523648253596106,0.45666112571250445,0.2373392490949005,0.0,0.6150867818029779,0.4036789958863286,0.4305927350339436,0.5311472258761233
10/05/2022,132.4,64.49,187.27,36.54,1592.25,86.8,85.83,16.75,0.0,12.65,190.3,19,330.5,0.46695242819200655,0.5183953078841569,0.4767052349966237,0.5574158794995683,0.37285680191188986,0.5794587856571496,0.4813303436796364,0.5282714036279926,0.0,0.6150867818029779,0.529563768067575,0.4305927350339436,0.5536836825352084
11/05/2022,133.57,60.56,188.14,36.62,1606.75,86.31,86.08,16.75,0.0,12.65,188.74,19,311.15,0.5715730192077049,0.15825447141296484,0.5395755434808831,0.5254596210911557,0.37294467883067806,0.5536080649789736,0.5685390379991737,0.4991275511270036,0.0,0.6150867818029779,0.5240583509796874,0.4305927350339436,0.2172958846107506
12/05/2022,131.65,63.23,190.72,37.06,1613.75,86.98,86.4,16.79,0.0,12.65,186.25,19,325.4,0.43664752809614776,0.7479005465296762,0.6466586794713859,0.6417626880818104,0.37285680191188986,0.6136232421704593,0.5791728096390257,0.5282714036279926,0.0,0.6150867818029779,0.5067066724151157,0.4305927350339436,0.8962524746019924
13/05/2022,132.07,64.79,191.49,37.89,1646.5,86.75,86.54,17.12,0.0,12.65,190.14,19,327.45,0.5349500272938805,0.6421405671805069,0.5334641818466405,0.7711865643418423,0.37313414804923944,0.567047185626095,0.5517979941935255,0.744584025720388,0.0,0.6150867818029779,0.6400569867210493,0.4305927350339436,0.6135759772540635
14/05/2022,132.07,64.79,191.49,37.89,1646.5,86.75,86.54,17.12,0.0,12.65,190.14,19,327.45,0.5155630767475817,0.49749785559889903,0.48724306665073785,0.500111398569815,0.3727585780452793,0.5789414980448113,0.5304313584418854,0.4991275511270036,0.0,0.6150867818029779,0.5544755223119107,0.4305927350339436,0.5698366820387978
15/05/2022,132.07,64.79,191.49,37.89,1646.5,86.75,86.54,17.12,0.0,12.65,190.14,19,327.45,0.5155630767475817,0.49749785559889903,0.48724306665073785,0.500111398569815,0.3727585780452793,0.5789414980448113,0.5304313584418854,0.4991275511270036,0.0,0.6150867818029779,0.5544755223119107,0.4305927350339436,0.5698366820387978
16/05/2022,133.18,66.36,192.13,38.08,1607.25,86.97,87.97,17.44,0.0,12.65,186.41,20,334.8,0.5685656935997807,0.6430850335201088,0.5255519872138152,0.5606272355127605,0.37165803061884783,0.5903245817111977,0.7462540274551985,0.7369890078545078,0.0,0.6150867818029779,0.48411993214433874,0.44990331915737813,0.7334644750537471
17/05/2022,133.0,65.44,191.47,38.74,1624.25,95.08,89.09,18.03,0.0,12.65,186.27,20,323.4,0.5075711799972727,0.4157024768863915,0.44906077514326037,0.7143821520659426,0.3729722167371174,0.9999999999999999,0.6998366159835754,0.9450844845005342,0.0,0.6150867818029779,0.551642817070577,0.44990331915737813,0.35710412054429264
18/05/2022,131.5,61.61,190.16,38.13,1607.0,93.5,89.28,17.9,0.0,12.65,179.1,20,307.25,0.4530123315915541,0.16665422263487867,0.41240606786831446,0.3125984499615742,0.372329747280946,0.4973218699260324,0.5594124021954665,0.4056351920506281,0.0,0.6150867818029779,0.42358965433318907,0.44990331915737813,0.27311602934177653
19/05/2022,131.5,63.39,190.41,38.75,1630.5,93.06,89.23,18.16,0.0,12.65,180.69,20,311.5,0.5155630767475817,0.6629572797635367,0.5020648148582604,0.7011008628382368,0.37304109559958887,0.5561920255972708,0.5227827241953691,0.6916127032419188,0.0,0.6150867818029779,0.588246722505369,0.44990331915737813,0.6625320283459378
20/05/2022,131.57,66.64,191.07,39.24,1641.75,92.08,88.48,18.17,0.0,12.65,182.55,20,324.45,0.5187245654051789,0.803792337002424,0.5267667591312395,0.6581729940927681,0.3729077389018052,0.5282956541981159,0.41488169869091507,0.5063964551116443,0.0,0.6150867818029779,0.5941866603945692,0.44990331915737813,0.8651903785248032
21/05/2022,131.57,66.64,191.07,39.24,1641.75,92.08,88.48,18.17,0.0,12.65,182.55,20,324.45,0.5155630767475817,0.49749785559889903,0.48724306665073785,0.500111398569815,0.3727585780452793,0.5789414980448113,0.5304313584418854,0.4991275511270036,0.0,0.6150867818029779,0.5544755223119107,0.44990331915737813,0.5698366820387978
22/05/2022,131.57,66.64,191.07,39.24,1641.75,92.08,88.48,18.17,0.0,12.65,182.55,20,324.45,0.5155630767475817,0.49749785559889903,0.48724306665073785,0.500111398569815,0.3727585780452793,0.5789414980448113,0.5304313584418854,0.4991275511270036,0.0,0.6150867818029779,0.5544755223119107,0.44990331915737813,0.5698366820387978
23/05/2022,132.78,63.41,187.44,38.94,1628.75,90.84,88.03,18.29,0.0,12.65,182.06,21,305.2,0.573584556915156,0.21722880981889614,0.28596441054805866,0.4067545086493541,0.3724477063731532,0.5148711795532266,0.46129197914659276,0.5870891709569107,0.0,0.6150867818029779,0.5446731172443074,0.4689739419624208,0.2190323865582866
24/05/2022,132.72,65.16,186.51,38.69,1632.25,92.1,87.43,18.13,0.0,12.65,182.13,21,314.15,0.5128778386476722,0.6601139937950558,0.4337420426902659,0.42214512936062787,0.37281132240467857,0.6441936694532454,0.4381144031780215,0.3843090383427822,0.0,0.6150867818029779,0.5559031311341723,0.4689739419624208,0.7707041040423006
25/05/2022,132.3,66.14,187.93,39.06,1620.5,91.31,87.33,18.15,0.0,12.65,185.7,21,318.2,0.49718061344178754,0.5876777495598138,0.5735316326333854,0.618886825884833,0.3724813569408215,0.538108583217336,0.5151248646650107,0.5136767945011111,0.0,0.6150867818029779,0.6327063623314785,0.4689739419624208,0.6580244313863495
26/05/2022,132.4,67.02,188.01,39.49,1659.5,90.56,86.99,18.27,0.0,12.65,187.11,21,319.1,0.5200887110186938,0.5783569538347082,0.49196317302597437,0.6384875790552812,0.3731945830129752,0.540174783169446,0.4782506505457769,0.5870891709569134,0.0,0.6150867818029779,0.5843133352955991,0.4689739419624208,0.5887127224183315
27/05/2022,132.18,66.65,188.81,39.85,1663.0,90.74,86.9,18.34,0.0,12.65,189.98,21,315.8,0.5058198277792114,0.4643027506549222,0.5352953667307893,0.6156284939185489,0.37281132240467857,0.5882545221633206,0.5166571544129649,0.550246777058737,0.0,0.6150867818029779,0.6167709514758021,0.4689739419624208,0.5053176546988773
28/05/2022,132.18,66.65,188.81,39.85,1663.0,90.74,86.9,18.34,0.0,12.65,189.98,21,315.8,0.5155630767475817,0.49749785559889903,0.48724306665073785,0.500111398569815,0.3727585780452793,0.5789414980448113,0.5304313584418854,0.4991275511270036,0.0,0.6150867818029779,0.5544755223119107,0.4689739419624208,0.5698366820387978
29/05/2022,132.18,66.65,188.81,39.85,1663.0,90.74,86.9,18.34,0.0,12.65,189.98,21,315.8,0.5155630767475817,0.49749785559889903,0.48724306665073785,0.500111398569815,0.3727585780452793,0.5789414980448113,0.5304313584418854,0.4991275511270036,0.0,0.6150867818029779,0.5544755223119107,0.4689739419624208,0.5698366820387978
30/05/2022,132.18,66.65,188.81,39.85,1663.0,90.74,86.9,18.34,0.0,12.65,189.98,22,315.8,0.5155630767475817,0.49749785559889903,0.48724306665073785,0.500111398569815,0.3727585780452793,0.5789414980448113,0.5304313584418854,0.4991275511270036,0.0,0.6150867818029779,0.5544755223119107,0.48781830149373506,0.5698366820387978
31/05/2022,130.53,67.65,185.47,39.04,1620.25,88.42,86.25,18.15,0.0,12.65,188.93,22,321.4,0.44712561719252486,0.5895445673508144,0.3014969487470174,0.25286067134615164,0.3715442063070045,0.45914527080829837,0.43037604845664573,0.36307028086920135,0.0,0.6150867818029779,0.5337768776873764,0.48781830149373506,0.6931950220553822
01/06/2022,132.8,65.56,184.5,38.45,1625.0,87.13,85.8,17.88,0.0,12.65,189.45,22,314.6,0.6285878697546305,0.31429176188151486,0.43148452209114,0.3186127725230427,0.3728280710505443,0.5122900071173735,0.46129197914659276,0.30684190710688597,0.0,0.6150867818029779,0.5652397628080877,0.48781830149373506,0.44021557621322394
02/06/2022,133.62,64.38,186.7,38.95,1658.75,86.56,85.52,17.84,0.0,12.65,194.49,22,308.65,0.5542085283353563,0.3929656677159657,0.6225103603947663,0.6614619088068227,0.37314393411328245,0.5494741719819477,0.48748617056827326,0.47016578934244074,0.0,0.6150867818029779,0.6667704946093707,0.48781830149373506,0.4558387202374866
03/06/2022,133.6,65.32,186.96,39.08,1633.75,86.34,85.07,17.78,0.0,12.65,190.05,22,312.5,0.5146654960627886,0.5839467465744532,0.5026618455156112,0.5414014371439666,0.3721031781690994,0.5675642068262509,0.46129197914659276,0.45575152938498015,0.0,0.6150867818029779,0.4714041682270174,0.48781830149373506,0.6535268370750406
04/06/2022,133.6,65.32,186.96,39.08,1633.75,86.34,85.07,17.78,0.0,12.65,190.05,22,312.5,0.5155630767475817,0.49749785559889903,0.48724306665073785,0.500111398569815,0.3727585780452793,0.5789414980448113,0.5304313584418854,0.4991275511270036,0.0,0.6150867818029779,0.5544755223119107,0.48781830149373506,0.5698366820387978
05/06/2022,133.6,65.32,186.96,39.08,1633.75,86.34,85.07,17.78,0.0,12.65,190.05,22,312.5,0.5155630767475817,0.49749785559889903,0.48724306665073785,0.500111398569815,0.3727585780452793,0.5789414980448113,0.5304313584418854,0.4991275511270036,0.0,0.6150867818029779,0.5544755223119107,0.48781830149373506,0.5698366820387978
06/06/2022,132.82,64.86,186.07,38.76,1635.75,87.11,84.8,17.66,0.0,12.65,189.44,23,311.4,0.4820501612593236,0.45629597253526155,0.4360025056919544,0.4006153951322249,0.37279014248879205,0.6188030078603011,0.4890243726976516,0.41276379267595825,0.0,0.6150867818029779,0.5423146085782075,0.5064487547362421,0.5477423956593627
07/06/2022,133.72,64.7,189.45,38.89,1653.75,88.41,85.56,17.56,0.0,12.65,192.67,23,315.15,0.5581384681868311,0.4830835127843542,0.698008932147157,0.5414014371439688,0.3729830508989044,0.6462670237436606,0.6457138809871598,0.42705143692372927,0.0,0.6150867818029779,0.6249404500500702,0.5064487547362421,0.6512819112873807
08/06/2022,136.82,64.77,191.82,39.3,1662.75,88.42,85.86,17.59,0.0,12.65,189.64,23,316.15,0.6735485582690929,0.5038364629381142,0.6332924783799734,0.63194442929582,0.3728812178300975,0.5794587856571503,0.5761360791341725,0.5209684749066031,0.0,0.6150867818029779,0.49680420915503876,0.5064487547362421,0.5908470508977683
09/06/2022,137.05,63.55,193.18,39.34,1679.75,89.6,85.85,17.48,0.0,12.65,188.08,23,312.1,0.5260602490068551,0.3894792503439184,0.5698014705614288,0.512760474236214,0.3729722167371174,0.6400472352750719,0.5289023905700262,0.41990250575180144,0.0,0.6150867818029779,0.5240583509796879,0.5064487547362421,0.4911751354087421
10/06/2022,136.2,63.12,194.93,39.13,1662.0,89.31,85.42,17.15,0.0,12.65,189.95,23,314.4,0.47916180335847514,0.4589622824369819,0.5941481001028812,0.43450311472813996,0.37231554557189883,0.563945274229171,0.46437787117263835,0.2650402644188775,0.0,0.6150867818029779,0.5944075291707723,0.5064487547362421,0.6190596352692466
11/06/2022,136.2,63.12,194.93,39.13,1662.0,89.31,85.42,17.15,0.0,12.65,189.95,23,314.4,0.5155630767475817,0.49749785559889903,0.48724306665073785,0.500111398569815,0.3727585780452793,0.5789414980448113,0.5304313584418854,0.4991275511270036,0.0,0.6150867818029779,0.5544755223119107,0.5064487547362421,0.5698366820387978
12/06/2022,136.2,63.12,194.93,39.13,1662.0,89.31,85.42,17.15,0.0,12.65,189.95,23,314.4,0.5155630767475817,0.49749785559889903,0.48724306665073785,0.500111398569815,0.3727585780452793,0.5789414980448113,0.5304313584418854,0.4991275511270036,0.0,0.6150867818029779,0.5544755223119107,0.5064487547362421,0.5698366820387978
13/06/2022,134.0,60.72,194.3,37.93,1627.75,89.03,85.41,16.67,0.0,12.65,192.89,24,311.05,0.42592714503980755,0.28775441746006614,0.45077210987832667,0.1382472728055934,0.37181778691361195,0.5644622341788192,0.5289023905700262,0.16180962590669795,0.0,0.6150867818029779,0.6183549736327385,0.5248764991297242,0.5043707565720584
14/06/2022,135.2,62.21,194.56,37.85,1616.5,88.93,86.42,16.81,0.0,12.65,186.35,24,319.75,0.5730811793232475,0.6355341313693402,0.5026618455156094,0.47496527251588516,0.3724946681344222,0.5737693062018172,0.6833257885907381,0.6019000739850835,0.0,0.6150867818029779,0.4344945067961144,0.5248764991297242,0.764861753626472
15/06/2022,137.55,63.22,194.0,38.61,1613.75,90.02,86.25,17.16,0.0,12.65,190.88,24,317.7,0.6328563631556647,0.5904783016435342,0.45477299510312497,0.7477278375360148,0.3727034017793062,0.6353829482415995,0.5043891352421771,0.7598012200385174,0.0,0.6150867818029779,0.6548694297126251,0.5248764991297242,0.5292141747365001
16/06/2022,137.75,63.22,194.0,38.61,1630.75,90.02,86.25,17.16,0.0,12.65,190.88,24,317.7,0.524673790532344,0.49749785559889903,0.48724306665073785,0.500111398569815,0.3729722167371174,0.5789414980448113,0.5304313584418854,0.4991275511270036,0.0,0.6150867818029779,0.5544755223119107,0.5248764991297242,0.5698366820387978
17/06/2022,138.03,62.35,193.65,37.67,1622.25,91.25,86.32,16.79,0.0,13.15,190.55,24,320.5,0.5283817570562406,0.4200907821032073,0.46684578114318864,0.21439830934417087,0.37256618921573803,0.6426387133151283,0.5411235253472158,0.237339249094898,0.0,0.805080276115845,0.5478412641711642,0.5248764991297242,0.630095497192521
18/06/2022,138.03,62.35,193.65,37.67,1622.25,91.25,86.32,16.79,0.0,13.15,190.55,24,320.5,0.5155630767475817,0.49749785559889903,0.48724306665073785,0.500111398569815,0.3727585780452793,0.5789414980448113,0.5304313584418854,0.4991275511270036,0.0,0.6150867818029779,0.5544755223119107,0.5248764991297242,0.5698366820387978
19/06/2022,138.03,62.35,193.65,37.67,1622.25,91.25,86.32,16.79,0.0,13.15,190.55,24,320.5,0.5155630767475817,0.49749785559889903,0.48724306665073785,0.500111398569815,0.3727585780452793,0.5789414980448113,0.5304313584418854,0.4991275511270036,0.0,0.6150867818029779,0.5544755223119107,0.5248764991297242,0.5698366820387978
20/06/2022,138.03,62.35,193.65,37.67,1622.25,91.25,86.32,16.79,0.0,13.15,190.55,25,320.5,0.5155630767475817,0.49749785559889903,0.48724306665073785,0.500111398569815,0.3727585780452793,0.5789414980448113,0.5304313584418854,0.4991275511270036,0.0,0.6150867818029779,0.5544755223119107,0.543111723256146,0.5698366820387978
21/06/2022,137.82,62.4,191.62,37.2,1598.5,89.03,87.15,16.92,0.0,13.15,198.12,25,321.4,0.5062568836544776,0.5020234115805353,0.3725572366096491,0.35486589705181537,0.37214058430317576,0.46430292125380845,0.6562580770070062,0.5944894200641553,0.0,0.6150867818029779,0.7268768096332288,0.543111723256146,0.5887127224183303
22/06/2022,136.12,62.19,188.96,36.55,1564.0,87.64,87.04,16.84,0.0,13.15,198.09,25,321.5,0.4451741083770316,0.4785985629273003,0.338183485842817,0.30059270442107133,0.37180988357451006,0.5071280781731735,0.5135922223877268,0.4413803865727706,0.0,0.6150867818029779,0.5538660360658598,0.543111723256146,0.5718981586235736
23/06/2022,135.25,61.53,185.46,35.47,1507.25,86.7,85.92,16.43,0.0,13.15,198.09,25,321.75,0.4783394583906581,0.4385830407284113,0.2929194754209786,0.17327198284809414,0.3710746410603578,0.5303613322114641,0.35736642855666567,0.20976636395359632,0.0,0.6150867818029779,0.5544755223119107,0.543111723256146,0.575009890205388
24/06/2022,135.35,61.41,184.07,35.01,1520.75,87.46,85.65,16.29,0.0,13.15,199.55,25,322.9,0.5200887110186938,0.4866779192186613,0.4079436494857887,0.3579004019509877,0.37293346267532357,0.6182849979673389,0.4890243726976516,0.3985166002471645,0.0,0.6150867818029779,0.5854037074170871,0.543111723256146,0.5940596996677718
25/06/2022,135.35,61.41,184.07,35.01,1520.75,87.46,85.65,16.29,0.0,13.15,199.55,25,322.9,0.5155630767475817,0.49749785559889903,0.48724306665073785,0.500111398569815,0.3727585780452793,0.5789414980448113,0.5304313584418854,0.4991275511270036,0.0,0.6150867818029779,0.5544755223119107,0.543111723256146,0.5698366820387978
26/06/2022,135.35,61.41,184.07,35.01,1520.75,87.46,85.65,16.29,0.0,13.15,199.55,25,322.9,0.5155630767475817,0.49749785559889903,0.48724306665073785,0.500111398569815,0.3727585780452793,0.5789414980448113,0.5304313584418854,0.4991275511270036,0.0,0.6150867818029779,0.5544755223119107,0.543111723256146,0.5698366820387978
27/06/2022,136.25,62.4,184.94,35.37,1529.5,85.89,84.75,16.21,0.0,13.15,199.02,26,326.25,0.5581384681868311,0.588611049643654,0.5395755434808849,0.6156284939185489,0.3728782134329465,0.4978379403464728,0.391598488308353,0.4413803865727731,0.0,0.6150867818029779,0.5438853515568256,0.5611637329171254,0.6423292475315663
28/06/2022,136.3,61.91,187.94,35.69,1556.5,86.2,83.9,15.93,0.0,13.15,195.86,26,326.0,0.5178181672943187,0.4536322035364587,0.673536680005365,0.6026199251769843,0.37307689015417556,0.59498282257086,0.3993649166002601,0.2998535658225161,0.0,0.6150867818029779,0.4944363218382397,0.5611637329171254,0.564730181865189
29/06/2022,136.8,61.52,189.21,36.41,1571.5,84.62,84.85,16.33,0.0,13.15,195.89,26,319.65,0.5387458619234445,0.46252141164014643,0.5642174391966716,0.7343655712863255,0.37295024174403957,0.4973218699260324,0.674310317514585,0.7980000250809702,0.0,0.6150867818029779,0.555086427545195,0.5611637329171254,0.4484740516275917
30/06/2022,138.0,61.23,189.76,36.28,1560.5,84.64,83.55,15.97,0.0,13.15,194.51,26,320.25,0.5730811793232475,0.4714403667099492,0.520097187924963,0.4593467710761655,0.3725012903768719,0.5799760859593712,0.3292909169465522,0.24425232069695363,0.0,0.6150867818029779,0.5274693780573743,0.5611637329171254,0.5823488526248648
01/07/2022,134.6,59.14,188.75,35.47,1509.75,84.33,83.16,15.63,0.0,13.15,194.11,26,314.75,0.38135927836199934,0.3142917618815155,0.4292298804275794,0.25286067134615164,0.37127849632915294,0.5629113840400564,0.4705463642777897,0.2581027584460174,0.0,0.6150867818029779,0.5464517259923302,0.5611637329171254,0.46415252190983974
02/07/2022,134.6,59.14,188.75,35.47,1509.75,84.33,83.16,15.63,0.0,13.15,194.11,26,314.75,0.5155630767475817,0.49749785559889903,0.48724306665073785,0.500111398569815,0.3727585780452793,0.5789414980448113,0.5304313584418854,0.4991275511270036,0.0,0.6150867818029779,0.5544755223119107,0.5611637329171254,0.5698366820387978
03/07/2022,134.6,59.14,188.75,35.47,1509.75,84.33,83.16,15.63,0.0,13.15,194.11,26,314.75,0.5155630767475817,0.49749785559889903,0.48724306665073785,0.500111398569815,0.3727585780452793,0.5789414980448113,0.5304313584418854,0.4991275511270036,0.0,0.6150867818029779,0.5544755223119107,0.5611637329171254,0.5698366820387978
04/07/2022,134.6,59.14,188.75,35.47,1509.75,84.33,83.16,15.63,0.0,13.15,194.11,27,314.75,0.5155630767475817,0.49749785559889903,0.48724306665073785,0.500111398569815,0.3727585780452793,0.5789414980448113,0.5304313584418854,0.4991275511270036,0.0,0.6150867818029779,0.5544755223119107,0.5790410573815297,0.5698366820387978
05/07/2022,132.93,60.01,182.73,33.89,1439.25,82.1,82.6,15.32,0.0,13.15,194.19,27,323.55,0.44634438567864343,0.5774261191415965,0.15998233906627896,0.02857554009917279,0.370594592976392,0.4637871385508854,0.4443006912711884,0.2789402086711158,0.0,0.6150867818029779,0.5561076843353605,0.5790410573815297,0.767197692551217
06/07/2022,134.5,58.36,182.37,33.68,1446.5,82.11,82.19,15.18,0.0,13.15,193.81,27,316.0,0.5919145412658003,0.3521739939018498,0.46626834179253596,0.43450311472813996,0.37285990468652586,0.5794587856571503,0.46746267124804686,0.3985166002471645,0.0,0.6150867818029779,0.5468481698283135,0.5790410573815297,0.4265099981378192
07/07/2022,134.55,60.78,184.45,34.52,1485.25,82.82,81.68,15.28,0.0,13.15,198.39,27,324.8,0.5178181672943187,0.7239319522903722,0.6149209920465856,0.7745454237525404,0.3731921971931125,0.6156950587242178,0.452027896245103,0.5723202008680504,0.0,0.6150867818029779,0.6560325277998762,0.5790410573815297,0.767197692551217
08/07/2022,133.95,61.72,185.25,35.18,1513.25,82.7,81.5,15.48,0.0,13.15,198.5,27,324.95,0.4895542427994202,0.5839467465744532,0.5352953667307893,0.7143821520659402,0.3730869778554368,0.5727350111826165,0.502854108988468,0.6465782803409194,0.0,0.6150867818029779,0.5567222289326207,0.5790410573815297,0.572932908852653
09/07/2022,133.95,61.72,185.25,35.18,1513.25,82.7,81.5,15.48,0.0,13.15,198.5,27,324.95,0.5155630767475817,0.49749785559889903,0.48724306665073785,0.500111398569815,0.3727585780452793,0.5789414980448113,0.5304313584418854,0.4991275511270036,0.0,0.6150867818029779,0.5544755223119107,0.5790410573815297,0.5698366820387978
10/07/2022,133.95,61.72,185.25,35.18,1513.25,82.7,81.5,15.48,0.0,13.15,198.5,27,324.95,0.5155630767475817,0.49749785559889903,0.48724306665073785,0.500111398569815,0.3727585780452793,0.5789414980448113,0.5304313584418854,0.4991275511270036,0.0,0.6150867818029779,0.5544755223119107,0.5790410573815297,0.5698366820387978
11/07/2022,136.15,62.22,187.8,34.99,1522.0,82.94,82.36,15.34,0.0,13.15,197.97,28,334.0,0.6248651878158386,0.5431585964549946,0.6447461346768262,0.4406977729992352,0.3728782134329465,0.5913596748992995,0.6607738714949362,0.3985166002471645,0.0,0.6150867818029779,0.5438853515568256,0.5967515395174675,0.7730433619318618
12/07/2022,136.68,59.71,186.89,34.37,1468.25,82.63,83.12,15.29,0.0,13.15,193.06,28,324.7,0.5401768853064746,0.2783654509752915,0.434871902317848,0.30959417063257,0.3711770301358124,0.5629113840400564,0.6457138809871598,0.4629532104977405,0.0,0.6150867818029779,0.4630590920092001,0.5967515395174675,0.39478242770353833
13/07/2022,136.88,61.11,184.65,34.16,1484.75,82.78,82.73,15.3,0.0,13.15,193.42,28,330.35,0.524673790532344,0.6270528302964419,0.36105353375674026,0.43450311472813996,0.3729667625944214,0.5867020912881871,0.4705463642777897,0.5063964551116443,0.0,0.6150867818029779,0.561891272366812,0.5967515395174675,0.6943379539792218
14/07/2022,135.4,59.74,185.61,34.16,1471.75,82.54,82.58,15.2,0.0,13.15,189.6,28,324.65,0.45380099511452376,0.376430699893109,0.5450933949981285,0.500111398569815,0.3724477063731532,0.5665301748404332,0.5074581890951482,0.42705143692372927,0.0,0.6150867818029779,0.48250022708376183,0.5967515395174675,0.46045364158217705
15/07/2022,134.93,60.28,183.56,33.95,1359.5,82.59,82.46,15.25,0.0,13.15,191.89,28,325.95,0.49504896147907096,0.5468458468245597,0.3714595387772527,0.4345031147281421,0.3690498328404681,0.5815280617762189,0.5120592306771193,0.5355854896076736,0.0,0.6150867818029779,0.6037361956375535,0.5967515395174675,0.5972849525644631
16/07/2022,134.93,60.28,183.56,33.95,1359.5,82.59,82.46,15.25,0.0,13.15,191.89,28,325.95,0.5155630767475817,0.49749785559889903,0.48724306665073785,0.500111398569815,0.3727585780452793,0.5789414980448113,0.5304313584418854,0.4991275511270036,0.0,0.6150867818029779,0.5544755223119107,0.5967515395174675,0.5698366820387978
17/07/2022,134.93,60.28,183.56,33.95,1359.5,82.59,82.46,15.25,0.0,13.15,191.89,28,325.95,0.5155630767475817,0.49749785559889903,0.48724306665073785,0.500111398569815,0.3727585780452793,0.5789414980448113,0.5304313584418854,0.4991275511270036,0.0,0.6150867818029779,0.5544755223119107,0.5967515395174675,0.5698366820387978
18/07/2022,135.62,60.31,185.0,34.11,1396.75,87.99,82.36,15.19,0.0,13.15,190.46,29,327.05,0.5478754727395226,0.5002119618793363,0.5747763193022313,0.5510015697059428,0.3731778295520584,0.859105338024404,0.515124864665013,0.4557515293849788,0.0,0.6150867818029779,0.5265199065900202,0.614302412723353,0.5929873747992226
19/07/2022,135.72,59.3,183.45,33.85,1375.5,85.32,81.67,15.07,0.0,13.15,193.68,29,321.4,0.5200887110186938,0.4078167875490353,0.3990466261412035,0.4190620248273259,0.37221445025245536,0.44109645318551544,0.4241810818092639,0.4127637926759596,0.0,0.6150867818029779,0.6247127613505801,0.614302412723353,0.4613777739141425
20/07/2022,135.75,59.27,183.2,33.55,1350.5,85.12,81.41,14.91,0.0,13.15,193.99,29,323.7,0.5169142410672677,0.4947874872684923,0.47263532534029123,0.4067545086493541,0.3721031781690994,0.5685982808137748,0.49056226837532213,0.3843090383427822,0.0,0.6150867818029779,0.5608510187782906,0.614302412723353,0.6190596352692478
21/07/2022,135.72,58.4,181.4,33.04,1317.0,83.65,80.85,14.72,0.0,13.15,195.55,29,320.65,0.5142176541438985,0.4200907821032067,0.3852143320636946,0.34274891238681754,0.37184144119436857,0.5029989214547606,0.4443006912711884,0.3630702808692025,0.0,0.6150867818029779,0.5875896292187887,0.614302412723353,0.5100615668557884
22/07/2022,137.38,58.92,179.28,32.59,1327.5,82.96,80.06,14.55,0.0,13.15,194.3,29,324.1,0.5965570390365555,0.5450016588760964,0.3676211373963543,0.360937042027642,0.37289899589046954,0.5432743033723468,0.4086776085156474,0.37721987057655115,0.0,0.6150867818029779,0.5299454096007966,0.614302412723353,0.6445632453804969
23/07/2022,137.38,58.92,179.28,32.59,1327.5,82.96,80.06,14.55,0.0,13.15,194.3,29,324.1,0.5155630767475817,0.49749785559889903,0.48724306665073785,0.500111398569815,0.3727585780452793,0.5789414980448113,0.5304313584418854,0.4991275511270036,0.0,0.6150867818029779,0.5544755223119107,0.614302412723353,0.5698366820387978
24/07/2022,137.38,58.92,179.28,32.59,1327.5,82.96,80.06,14.55,0.0,13.15,194.3,29,324.1,0.5155630767475817,0.49749785559889903,0.48724306665073785,0.500111398569815,0.3727585780452793,0.5789414980448113,0.5304313584418854,0.4991275511270036,0.0,0.6150867818029779,0.5544755223119107,0.614302412723353,0.5698366820387978
25/07/2022,137.75,61.41,180.49,33.59,1356.0,83.87,80.2,14.92,0.0,13.15,194.28,30,330.0,0.5325930489368204,0.7306352126019315,0.5605024410381426,0.828536222927838,0.37309200007514104,0.6260558898361346,0.5517979941935255,0.7750542497657313,0.0,0.6150867818029779,0.5540690417201527,0.6317003669661485,0.7000597767414718
26/07/2022,136.88,60.28,183.41,34.26,1399.75,87.35,81.27,15.18,0.0,13.15,193.64,30,322.75,0.4783394583906581,0.39732787199528163,0.6684027748369753,0.717707644092451,0.3732394651002136,0.7593709666447006,0.6923344514073425,0.6916127032419175,0.0,0.6150867818029779,0.5417271702619879,0.6317003669661485,0.4319837918812388
27/07/2022,136.8,61.93,186.56,35.54,1424.5,86.7,81.4,15.51,0.0,13.15,186.24,30,325.05,0.5119876534835112,0.6506468506454368,0.683180062405523,0.9240748417195145,0.3730539706086763,0.5453408010744165,0.5502741098457508,0.7445840257203867,0.0,0.6150867818029779,0.4196251730136631,0.6317003669661485,0.6190596352692478
28/07/2022,136.18,62.68,186.11,36.06,1457.0,88.51,81.78,15.84,0.0,13.15,189.59,30,323.5,0.48871470325877847,0.5662744624436018,0.4610831499600031,0.6680464822043966,0.37313169409573377,0.6727096425488472,0.5882760873231634,0.7445840257203867,0.0,0.6150867818029779,0.6276759757219397,0.6317003669661485,0.5389176373017778
29/07/2022,136.45,62.9,188.17,36.34,1487.25,86.11,82.93,16.02,0.0,13.15,189.55,30,325.7,0.5279163982076382,0.517482676410807,0.6136578837559944,0.5896517810283661,0.37310946903945624,0.45501942816312835,0.7043357592069338,0.6316452193880668,0.0,0.6150867818029779,0.5536631846531198,0.6317003669661485,0.6168632728068123
30/07/2022,136.45,62.9,188.17,36.34,1487.25,86.11,82.93,16.02,0.0,13.15,189.55,30,325.7,0.5155630767475817,0.49749785559889903,0.48724306665073785,0.500111398569815,0.3727585780452793,0.5789414980448113,0.5304313584418854,0.4991275511270036,0.0,0.6150867818029779,0.5544755223119107,0.6317003669661485,0.5698366820387978
31/07/2022,136.45,62.9,188.17,36.34,1487.25,86.11,82.93,16.02,0.0,13.15,189.55,30,325.7,0.5155630767475817,0.49749785559889903,0.48724306665073785,0.500111398569815,0.3727585780452793,0.5789414980448113,0.5304313584418854,0.4991275511270036,0.0,0.6150867818029779,0.5544755223119107,0.6317003669661485,0.5698366820387978
01/08/2022,136.78,63.0,185.37,35.75,1432.0,85.83,82.64,15.94,0.0,13.15,186.01,31,326.65,0.5307163053749162,0.5065589808775591,0.3305977122366554,0.3186127725230405,0.3711259483514362,0.5644622341788192,0.48594766432103964,0.4413803865727718,0.0,0.6150867818029779,0.4875473006771117,0.648951605770016,0.5897791193211852
02/08/2022,136.57,61.08,183.04,34.67,1415.75,85.62,82.58,15.64,0.0,13.15,187.69,31,322.5,0.5062568836544776,0.32889629701356193,0.3561378856276127,0.17327198284809414,0.37235795681539235,0.5680812385264791,0.5212518766700902,0.2859027937276709,0.0,0.6150867818029779,0.5902215541218148,0.648951605770016,0.48929876259534777
03/08/2022,137.9,56.79,180.47,34.21,1403.75,85.85,82.41,15.62,0.0,13.15,187.9,31,299.55,0.5796502133361046,0.1280796340267824,0.3430696503785981,0.3579004019509877,0.37247466872423124,0.5908421230926576,0.5043891352421771,0.484624128851518,0.0,0.6150867818029779,0.558779938256005,0.648951605770016,0.15508276784019387
04/08/2022,137.7,57.04,181.08,34.71,1461.25,87.31,82.24,15.76,0.0,13.65,190.07,31,297.6,0.5066944576744314,0.5202216011410754,0.5237315776249221,0.6614619088068227,0.37336527759534416,0.654561319374257,0.5043891352421771,0.6019000739850862,0.0,0.805080276115845,0.601060782870915,0.648951605770016,0.5311472258761233
05/08/2022,137.88,60.11,182.61,35.34,1463.25,87.06,81.91,15.85,0.0,13.65,192.09,31,310.65,0.5237522342468932,0.7864062825893741,0.580385275670127,0.7044180606911417,0.37279014248879205,0.566013174385067,0.47979064359699464,0.5649516399985806,0.0,0.6150867818029779,0.5977276858165087,0.648951605770016,0.8675741955634222
06/08/2022,137.88,60.11,182.61,35.34,1463.25,87.06,81.91,15.85,0.0,13.65,192.09,31,310.65,0.5155630767475817,0.49749785559889903,0.48724306665073785,0.500111398569815,0.3727585780452793,0.5789414980448113,0.5304313584418854,0.4991275511270036,0.0,0.6150867818029779,0.5544755223119107,0.648951605770016,0.5698366820387978
07/08/2022,137.88,60.11,182.61,35.34,1463.25,87.06,81.91,15.85,0.0,13.65,192.09,31,310.65,0.5155630767475817,0.49749785559889903,0.48724306665073785,0.500111398569815,0.3727585780452793,0.5789414980448113,0.5304313584418854,0.4991275511270036,0.0,0.6150867818029779,0.5544755223119107,0.648951605770016,0.5698366820387978
08/08/2022,138.35,61.74,179.84,35.17,1464.0,86.13,82.05,16.04,0.0,13.65,191.43,32,315.75,0.5373189360308666,0.6487553906070413,0.33222173449392023,0.4469031326412246,0.3727710909864317,0.5308777681192383,0.5517979941935255,0.6391067690245289,0.0,0.6150867818029779,0.5413360127919986,0.6660618956389507,0.6817929984964006
09/08/2022,137.97,61.71,180.81,35.2,1512.25,87.77,81.63,15.89,0.0,13.65,192.85,32,317.0,0.49889368275184426,0.4947874872684917,0.5457074867590238,0.5095934433208895,0.37328126253070376,0.6638939966864187,0.46592040863776996,0.39140791559799265,0.0,0.6150867818029779,0.5845312692267515,0.6660618956389507,0.596208517948959
10/08/2022,139.2,61.1,181.56,35.65,1509.0,87.08,82.76,16.25,0.0,13.65,188.53,32,311.2,0.5745922907836865,0.44300149792850146,0.532244473053736,0.6450401335994063,0.3726923749771655,0.5432743033723476,0.7013365082821152,0.7674232832949665,0.0,0.6150867818029779,0.47354370098910725,0.6660618956389507,0.45860653391828204
11/08/2022,140.6,59.63,183.07,35.47,1520.25,89.16,81.94,15.87,0.0,13.65,189.12,32,307.8,0.5832094058841168,0.36775309001273054,0.5791377410894658,0.44379910269805,0.3729077389018052,0.6867136495321164,0.40402223368424806,0.2304341842948303,0.0,0.6150867818029779,0.5667136114125874,0.6660618956389507,0.5034244686239935
12/08/2022,140.22,62.46,184.05,36.32,1535.0,88.74,81.55,16.09,0.0,13.65,192.52,32,316.5,0.49889368275184426,0.7632805995841124,0.5463217744453759,0.7779061583300433,0.37294746393357,0.5572256716656132,0.4705463642777897,0.6615509095492552,0.0,0.6150867818029779,0.6288175323698916,0.6660618956389507,0.764861753626472
13/08/2022,140.22,62.46,184.05,36.32,1535.0,88.74,81.55,16.09,0.0,13.65,192.52,32,316.5,0.5155630767475817,0.49749785559889903,0.48724306665073785,0.500111398569815,0.3727585780452793,0.5789414980448113,0.5304313584418854,0.4991275511270036,0.0,0.6150867818029779,0.5544755223119107,0.6660618956389507,0.5698366820387978
14/08/2022,140.22,62.46,184.05,36.32,1535.0,88.74,81.55,16.09,0.0,13.65,192.52,32,316.5,0.5155630767475817,0.49749785559889903,0.48724306665073785,0.500111398569815,0.3727585780452793,0.5789414980448113,0.5304313584418854,0.4991275511270036,0.0,0.6150867818029779,0.5544755223119107,0.6660618956389507,0.5698366820387978
15/08/2022,139.75,61.56,180.32,35.4,1412.25,87.52,81.41,15.98,0.0,13.65,192.22,33,313.5,0.49504896147907096,0.41745715489701235,0.2806227241469843,0.22029792253187963,0.3686445518989562,0.5159036883220411,0.5089922110684558,0.41990250575180144,0.0,0.6150867818029779,0.5484385184386283,0.6830366091162476,0.5110122900529079
16/08/2022,141.3,61.05,179.05,34.79,1381.0,85.69,82.11,15.95,0.0,13.65,195.23,33,314.2,0.5908860083388519,0.45185774263244877,0.41464090113756613,0.3125984499615742,0.37191188897375926,0.48442167231226063,0.6366675627354331,0.47738938743779863,0.0,0.6150867818029779,0.619941200621807,0.6830366091162476,0.5844632745970247
17/08/2022,141.75,61.21,178.83,34.58,1390.0,85.75,82.77,16.0,0.0,13.65,196.18,33,316.6,0.536369963702048,0.5120142720734071,0.4743777703809261,0.43450311472813996,0.3728812178300975,0.5820454116206186,0.6306322108176533,0.5355854896076736,0.0,0.6150867818029779,0.5743697340066314,0.6830366091162476,0.6212597339051259
18/08/2022,141.28,60.49,179.27,34.65,1405.25,85.8,82.1,15.87,0.0,13.65,197.57,33,313.0,0.49504896147907096,0.4332890214785069,0.513457319452859,0.5222802334523788,0.3729530123946903,0.5815280617762189,0.427279034479843,0.4056351920506294,0.0,0.6150867818029779,0.5838776800530774,0.6830366091162476,0.4996452747077086
19/08/2022,141.6,61.52,179.69,34.72,1404.0,85.26,82.16,15.88,0.0,13.65,192.01,33,318.35,0.5302483731404896,0.5923464158849001,0.5122534229075298,0.5222802334523788,0.3727349038833178,0.5510243192266755,0.5395971843223267,0.5063964551116443,0.0,0.6150867818029779,0.45160258271442316,0.6830366091162476,0.6874877152088169
20/08/2022,141.6,61.52,179.69,34.72,1404.0,85.26,82.16,15.88,0.0,13.65,192.01,33,318.35,0.5155630767475817,0.49749785559889903,0.48724306665073785,0.500111398569815,0.3727585780452793,0.5789414980448113,0.5304313584418854,0.4991275511270036,0.0,0.6150867818029779,0.5544755223119107,0.6830366091162476,0.5698366820387978
21/08/2022,141.6,61.52,179.69,34.72,1404.0,85.26,82.16,15.88,0.0,13.65,192.01,33,318.35,0.5155630767475817,0.49749785559889903,0.48724306665073785,0.500111398569815,0.3727585780452793,0.5789414980448113,0.5304313584418854,0.4991275511270036,0.0,0.6150867818029779,0.5544755223119107,0.6830366091162476,0.5698366820387978
22/08/2022,141.22,63.27,181.9,35.24,1435.25,84.38,81.9,15.87,0.0,13.65,189.75,34,326.6,0.49889368275184426,0.6601139937950558,0.6231436248730542,0.6680464822043966,0.37311937839206416,0.5334600478024356,0.4905622683753243,0.4918701402792787,0.0,0.6150867818029779,0.510959968399168,0.6998807624627255,0.754366930381301
23/08/2022,141.62,59.45,183.79,36.04,1461.0,85.25,82.69,16.21,0.0,13.65,187.84,34,303.2,0.5340057840171739,0.16749463889268396,0.6029427353876574,0.7611213295115713,0.37306419628337867,0.623983499042326,0.6502340975054064,0.7521881154439756,0.0,0.6150867818029779,0.5174782488225895,0.6998807624627255,0.1473446851518717
24/08/2022,141.32,60.27,182.6,35.74,1457.0,85.22,82.77,16.2,0.0,13.65,189.0,34,307.9,0.502341468824481,0.5727754333588957,0.4191180436865633,0.4067545086493563,0.37267543440242396,0.5773897114721007,0.5426495054495383,0.4918701402792787,0.0,0.6150867818029779,0.5788887325917887,0.6998807624627255,0.6727088691717377
25/08/2022,141.1,61.15,184.2,35.93,1431.25,84.84,83.31,16.25,0.0,13.65,189.22,34,313.45,0.5058198277792114,0.5783569538347082,0.584756498734874,0.5606272355127605,0.3720805905393866,0.5592930725348667,0.6125036884963173,0.5355854896076736,0.0,0.6150867818029779,0.5589864613591069,0.6998807624627255,0.6920525756004656
26/08/2022,140.8,63.78,183.83,36.23,1461.25,86.54,83.6,16.48,0.0,13.65,186.58,34,323.6,0.5023414688244824,0.7440603399843795,0.46569116920385006,0.5961307308226096,0.3731069835715204,0.6670052450143245,0.5746172716300875,0.6690518908445869,0.0,0.6150867818029779,0.5039446797133674,0.6998807624627255,0.7988588118020334
27/08/2022,140.8,63.78,183.83,36.23,1461.25,86.54,83.6,16.48,0.0,13.65,186.58,34,323.6,0.5155630767475817,0.49749785559889903,0.48724306665073785,0.500111398569815,0.3727585780452793,0.5789414980448113,0.5304313584418854,0.4991275511270036,0.0,0.6150867818029779,0.5544755223119107,0.6998807624627255,0.5698366820387978
28/08/2022,140.8,63.78,183.83,36.23,1461.25,86.54,83.6,16.48,0.0,13.65,186.58,34,323.6,0.5155630767475817,0.49749785559889903,0.48724306665073785,0.500111398569815,0.3727585780452793,0.5789414980448113,0.5304313584418854,0.4991275511270036,0.0,0.6150867818029779,0.5544755223119107,0.6998807624627255,0.5698366820387978
29/08/2022,141.55,61.95,183.38,36.49,1437.75,86.06,83.8,16.67,0.0,13.65,185.68,35,311.35,0.550790055938409,0.33664395594447327,0.46108314996000144,0.5831832193236451,0.37214802864898494,0.5541248396812373,0.5609343014346906,0.6391067690245303,0.0,0.6150867818029779,0.5366696123789498,0.7165990487604349,0.3419586322218524
30/08/2022,142.5,61.06,180.44,35.31,1432.5,85.57,83.73,16.39,0.0,13.65,185.48,35,312.0,0.5606068207471244,0.4183348147537507,0.3230294853392618,0.14407081161484298,0.3726462762582796,0.553608064978973,0.5197206636548458,0.2998535658225161,0.0,0.6150867818029779,0.5504373239318945,0.7165990487604349,0.5834051651784274
31/08/2022,141.55,59.42,183.47,35.27,1422.5,85.5,83.94,16.14,0.0,13.65,185.87,35,309.1,0.4750625274392733,0.3530381799536477,0.6754635656191094,0.48751349892316576,0.37252754773896685,0.575320836367491,0.5624558797846797,0.3208448956384684,0.0,0.6150867818029779,0.5625168704823977,0.7165990487604349,0.5129157454666249
01/09/2022,142.8,60.12,183.76,35.1,1394.75,84.71,83.66,15.98,0.0,13.65,189.5,35,314.75,0.5756013212117939,0.5616382663199755,0.5044547158022317,0.4469031326412246,0.37201985068548793,0.5381085832173353,0.48748617056827326,0.3843090383427822,0.0,0.6150867818029779,0.6340816189078005,0.7165990487604349,0.6943379539792205
02/09/2022,144.55,59.93,183.96,35.53,1420.5,84.63,83.39,16.11,0.0,13.65,185.0,35,310.25,0.601222114537988,0.48039149073886556,0.49908420863535236,0.6384875790552812,0.37306419628337867,0.5748036478171616,0.4890243726976516,0.5944894200641526,0.0,0.6150867818029779,0.4703357917705362,0.7165990487604349,0.4827472747621573
03/09/2022,144.55,59.93,183.96,35.53,1420.5,84.63,83.39,16.11,0.0,13.65,185.0,35,310.25,0.5155630767475817,0.49749785559889903,0.48724306665073785,0.500111398569815,0.3727585780452793,0.5789414980448113,0.5304313584418854,0.4991275511270036,0.0,0.6150867818029779,0.5544755223119107,0.7165990487604349,0.5698366820387978
04/09/2022,144.55,59.93,183.96,35.53,1420.5,84.63,83.39,16.11,0.0,13.65,185.0,35,310.25,0.5155630767475817,0.49749785559889903,0.48724306665073785,0.500111398569815,0.3727585780452793,0.5789414980448113,0.5304313584418854,0.4991275511270036,0.0,0.6150867818029779,0.5544755223119107,0.7165990487604349,0.5698366820387978
05/09/2022,144.55,59.93,183.96,35.53,1420.5,84.63,83.39,16.11,0.0,13.65,185.0,36,310.25,0.5155630767475817,0.49749785559889903,0.48724306665073785,0.500111398569815,0.3727585780452793,0.5789414980448113,0.5304313584418854,0.4991275511270036,0.0,0.6150867818029779,0.5544755223119107,0.733195867108624,0.5698366820387978
06/09/2022,145.05,57.98,182.72,34.86,1398.75,84.66,83.54,15.94,0.0,13.65,188.17,36,303.95,0.5387458619234445,0.3263162223032937,0.41631864857927786,0.2946010767142442,0.37219978187453284,0.5804933988273678,0.5533215403240258,0.37721987057655115,0.0,0.6150867818029779,0.6235749532410662,0.733195867108624,0.44939338070164625
07/09/2022,144.25,57.98,182.72,34.86,1383.5,84.66,83.54,15.94,0.0,13.65,188.17,36,303.95,0.48122328127309505,0.49749785559889903,0.48724306665073785,0.500111398569815,0.37238589739942823,0.5789414980448113,0.5304313584418854,0.4991275511270036,0.0,0.6150867818029779,0.5544755223119107,0.733195867108624,0.5698366820387978
08/09/2022,144.38,58.94,180.42,34.64,1386.0,84.27,83.25,15.98,0.0,13.65,191.93,36,307.0,0.5214582013593562,0.5858118064644813,0.3577754961227978,0.4314097374365717,0.3727973632945372,0.5587762085639556,0.48594766432103964,0.5282714036279939,0.0,0.6150867818029779,0.6370661084739722,0.733195867108624,0.6356447830839654
09/09/2022,145.68,56.76,179.13,34.78,1412.25,83.79,83.43,16.2,0.0,13.65,191.3,36,292.3,0.578129505294436,0.30657516408867846,0.41352317785639536,0.5445986074227384,0.3730692853413865,0.5541248396812379,0.557890179301871,0.661550909549254,0.0,0.6150867818029779,0.5419228888011385,0.733195867108624,0.29859667259116074
10/09/2022,145.68,56.76,179.13,34.78,1412.25,83.79,83.43,16.2,0.0,13.65,191.3,36,292.3,0.5155630767475817,0.49749785559889903,0.48724306665073785,0.500111398569815,0.3727585780452793,0.5789414980448113,0.5304313584418854,0.4991275511270036,0.0,0.6150867818029779,0.5544755223119107,0.733195867108624,0.5698366820387978
11/09/2022,145.68,56.76,179.13,34.78,1412.25,83.79,83.43,16.2,0.0,13.65,191.3,36,292.3,0.5155630767475817,0.49749785559889903,0.48724306665073785,0.500111398569815,0.3727585780452793,0.5789414980448113,0.5304313584418854,0.4991275511270036,0.0,0.6150867818029779,0.5544755223119107,0.733195867108624,0.5698366820387978
12/09/2022,145.75,60.16,181.66,35.68,1488.25,83.61,83.95,16.49,0.0,13.65,190.25,37,306.25,0.5187245654051789,0.8183069041759115,0.6434716684398463,0.7947376435175739,0.3735271257912022,0.5696323975048447,0.6094788637603006,0.7142589672910868,0.0,0.6150867818029779,0.5337768776873758,0.749675348466186,0.8890706301992439
13/09/2022,144.8,59.43,183.36,35.34,1478.75,84.05,83.72,16.13,0.0,13.65,184.42,37,308.4,0.4750625274392733,0.43240752587969067,0.5910138993365502,0.3944858267931241,0.37254053139397714,0.6017127801960879,0.49517409280574065,0.24425232069695224,0.0,0.6150867818029779,0.4468703246376125,0.749675348466186,0.615766526799283
14/09/2022,144.35,57.22,182.38,35.21,1455.0,83.55,84.28,16.27,0.0,13.65,181.78,37,296.4,0.49590035494067425,0.30400523011108715,0.43092059419575385,0.4593467710761633,0.37214058430317576,0.5530912988697946,0.6155275193346361,0.6019000739850862,0.0,0.6150867818029779,0.5039446797133674,0.749675348466186,0.34640737091699136
15/09/2022,145.62,55.62,182.05,34.72,1458.0,84.18,84.55,16.13,0.0,13.65,181.28,37,291.6,0.5766116383202021,0.3564964491218347,0.4680014685656207,0.34880322896813204,0.3728044151005749,0.6115515485750157,0.571578760368852,0.3985166002471645,0.0,0.6150867818029779,0.5444760222939091,0.749675348466186,0.4771503601312566
16/09/2022,145.5,56.03,181.66,34.56,1455.25,89.97,84.35,16.04,0.0,13.65,182.03,37,294.55,0.5102143151509466,0.5348791366133985,0.46453761606691973,0.45000988828962535,0.3727034017793062,0.8793738034602687,0.4997830715395448,0.4342106939122111,0.0,0.6150867818029779,0.5701012047514136,0.749675348466186,0.6334226944879924
17/09/2022,145.5,56.03,181.66,34.56,1455.25,89.97,84.35,16.04,0.0,13.65,182.03,37,294.55,0.5155630767475817,0.49749785559889903,0.48724306665073785,0.500111398569815,0.3727585780452793,0.5789414980448113,0.5304313584418854,0.4991275511270036,0.0,0.6150867818029779,0.5544755223119107,0.749675348466186,0.5698366820387978
18/09/2022,145.5,56.03,181.66,34.56,1455.25,89.97,84.35,16.04,2.0,13.65,182.03,37,294.55,0.5155630767475817,0.49749785559889903,0.48724306665073785,0.500111398569815,0.3727585780452793,0.5789414980448113,0.5304313584418854,0.4991275511270036,0.8727073659051631,0.6150867818029779,0.5544755223119107,0.749675348466186,0.5698366820387978
19/09/2022,145.72,59.66,182.04,35.26,1467.5,89.11,84.02,16.27,0.4,13.65,181.23,38,308.05,0.5255975514954776,0.8406069548387218,0.5098488394810415,0.7276963501045453,0.37291926036288986,0.5344930070714039,0.47979064359699464,0.6690518908445869,0.46795964422223424,0.6150867818029779,0.5386079792385231,0.7660413786037178,0.8783130583542273
20/09/2022,146.3,59.68,180.75,35.02,1484.5,89.43,84.21,16.32,0.0,13.65,177.93,38,308.0,0.5425708437137874,0.4993068468707159,0.41352317785639536,0.42523076787983183,0.3729722167371174,0.5955004548683785,0.5594124021954665,0.5355854896076736,0.0,0.6150867818029779,0.491892755523689,0.7660413786037178,0.5688101559656252
21/09/2022,145.88,57.58,182.17,35.26,1467.0,89.47,84.24,16.3,0.2,13.65,172.97,38,297.5,0.4971806134417863,0.3134338525572089,0.5735316326333837,0.5767251935573874,0.3723226543510965,0.5810107241394376,0.5350159604574021,0.4846241288515194,0.2895944468794358,0.6150867818029779,0.46217444702174343,0.7660413786037178,0.3732042468450424
22/09/2022,144.85,58.49,181.76,35.55,1463.25,89.66,84.56,16.54,12.4,13.65,174.21,38,299.05,0.4718048191365509,0.5811508317871696,0.463385105546654,0.592889966483844,0.3726811313500115,0.588772020977391,0.5791728096390257,0.6765625605777903,0.992512894583348,0.6150867818029779,0.580619516923709,0.7660413786037178,0.6026863114494962
23/09/2022,144.25,57.25,179.52,34.19,1431.75,89.21,84.54,16.1,20.2,13.65,172.07,38,300.6,0.4895542427994214,0.38773713763466916,0.36105353375674026,0.09185018716621646,0.3719041004723336,0.555675215932588,0.5273730395827891,0.18916824715970054,0.9969592300784179,0.6150867818029779,0.5131883232747676,0.7660413786037178,0.6026863114494962
24/09/2022,144.25,57.25,179.52,34.19,1431.75,89.21,84.54,16.1,0.0,13.65,172.07,38,300.6,0.5155630767475817,0.49749785559889903,0.48724306665073785,0.500111398569815,0.3727585780452793,0.5789414980448113,0.5304313584418854,0.4991275511270036,0.0,0.6150867818029779,0.5544755223119107,0.7660413786037178,0.5698366820387978
25/09/2022,144.25,57.25,179.52,34.19,1431.75,89.21,84.54,16.1,0.0,13.65,172.07,38,300.6,0.5155630767475817,0.49749785559889903,0.48724306665073785,0.500111398569815,0.3727585780452793,0.5789414980448113,0.5304313584418854,0.4991275511270036,0.0,0.6150867818029779,0.5544755223119107,0.7660413786037178,0.5698366820387978
26/09/2022,143.48,56.0,180.91,33.57,1416.25,89.79,84.58,15.69,0.0,13.65,171.02,39,301.8,0.48246410007549134,0.3868663522770149,0.5716658159751995,0.3095941706325721,0.37237893819422735,0.608962109091261,0.5365434054710453,0.209766363953595,0.0,0.6150867818029779,0.5337768776873764,0.7822976185541417,0.5951334240670678
27/09/2022,143.57,57.01,180.91,33.63,1414.0,89.12,84.72,15.75,0.0,13.65,167.49,39,306.7,0.5196333957625302,0.5904783016435342,0.48724306665073785,0.5191038958146141,0.3727141877521351,0.5443075368936927,0.5517979941935255,0.5429106433860613,0.0,0.6150867818029779,0.4877279957088739,0.7822976185541417,0.6772466158080586
28/09/2022,143.05,56.46,179.56,33.58,1416.25,88.84,84.25,15.76,0.0,13.65,170.6,39,301.9,0.49292768090564043,0.44831207634837633,0.41017366530254534,0.4843718673509223,0.3727937758511222,0.5644622341788192,0.4582050098536876,0.5063964551116429,0.0,0.6150867818029779,0.6222109937515277,0.7822976185541417,0.47715036013125556
29/09/2022,144.13,56.0,181.64,33.65,1420.5,89.03,84.24,15.61,0.0,13.65,169.78,39,302.3,0.5670666007086425,0.45629597253526094,0.6149209920465856,0.5222802334523788,0.3728214520126403,0.588772020977391,0.5289023905700262,0.3914079155979913,0.0,0.6150867818029779,0.5382196457159032,0.7822976185541417,0.5781426823398776
30/09/2022,143.27,56.51,181.7,33.78,1375.5,89.76,84.42,15.7,0.0,13.65,168.31,39,303.95,0.47875047241437685,0.5440799860891036,0.49078101955306835,0.5414014371439688,0.3714702270535233,0.6167310122084567,0.557890179301871,0.5649516399985806,0.0,0.6150867818029779,0.5257614314251907,0.7822976185541417,0.6048553578814881
01/10/2022,143.27,56.51,181.7,33.78,1375.5,89.76,84.42,15.7,0.0,13.65,168.31,39,303.95,0.5155630767475817,0.49749785559889903,0.48724306665073785,0.500111398569815,0.3727585780452793,0.5789414980448113,0.5304313584418854,0.4991275511270036,0.0,0.6150867818029779,0.5544755223119107,0.7822976185541417,0.5698366820387978
02/10/2022,143.27,56.51,181.7,33.78,1375.5,89.76,84.42,15.7,0.0,13.65,168.31,39,303.95,0.5155630767475817,0.49749785559889903,0.48724306665073785,0.500111398569815,0.3727585780452793,0.5789414980448113,0.5304313584418854,0.4991275511270036,0.0,0.6150867818029779,0.5544755223119107,0.7822976185541417,0.5698366820387978
03/10/2022,144.32,56.04,177.01,34.19,1384.0,87.82,84.14,16.25,0.0,13.65,169.31,40,290.1,0.56557060444064,0.4554077699017618,0.22968233380038333,0.63194442929582,0.3728751962836023,0.47874649544801195,0.48748617056827326,0.9138750572123624,0.0,0.6150867818029779,0.575442378208934,0.798447522890112,0.3135943541593852
04/10/2022,144.2,56.97,173.75,33.57,1393.5,86.41,83.27,16.09,0.0,13.65,173.07,40,294.9,0.5102143151509466,0.5830145505374016,0.30579309859781023,0.3095941706325721,0.3728871898313638,0.5060957573293899,0.39625897471984584,0.3843090383427822,0.0,0.6150867818029779,0.6370661084739715,0.798447522890112,0.6749766455663662
05/10/2022,144.68,57.02,173.25,33.48,1380.5,86.82,82.91,16.02,0.0,13.65,171.87,40,295.0,0.5377941183576759,0.502023411580536,0.45821129971032876,0.47183573649066757,0.3724477063731532,0.6001595742460117,0.4751697940314452,0.44856062695850235,0.0,0.6150867818029779,0.5309006813919513,0.798447522890112,0.5718981586235736
06/10/2022,145.32,57.95,173.57,33.35,1370.5,86.17,83.04,15.96,0.0,13.65,166.91,40,301.55,0.5454579394834211,0.5830145505374016,0.5062502084258111,0.4593467710761655,0.37252754773896685,0.5453408010744165,0.5502741098457508,0.45575152938498015,0.0,0.6150867818029779,0.46217444702174343,0.798447522890112,0.714990041596143
07/10/2022,145.32,58.09,174.71,33.44,1379.25,86.44,83.05,15.89,0.0,13.65,161.46,40,303.5,0.5155630767475817,0.5101943524351759,0.5561762929963365,0.5286420333775546,0.3728782134329465,0.592912392038297,0.531959940753772,0.44856062695850235,0.0,0.6150867818029779,0.4535348808542423,0.798447522890112,0.6113894524025708
08/10/2022,145.32,58.09,174.71,33.44,1379.25,86.44,83.05,15.89,0.0,13.65,161.46,40,303.5,0.5155630767475817,0.49749785559889903,0.48724306665073785,0.500111398569815,0.3727585780452793,0.5789414980448113,0.5304313584418854,0.4991275511270036,0.0,0.6150867818029779,0.5544755223119107,0.798447522890112,0.5698366820387978
09/10/2022,145.32,58.09,174.71,33.44,1379.25,86.44,83.05,15.89,0.0,13.65,161.46,40,303.5,0.5155630767475817,0.49749785559889903,0.48724306665073785,0.500111398569815,0.3727585780452793,0.5789414980448113,0.5304313584418854,0.4991275511270036,0.0,0.6150867818029779,0.5544755223119107,0.798447522890112,0.5698366820387978
10/10/2022,144.7,58.66,177.97,34.34,1385.75,86.67,83.5,16.11,0.0,13.65,161.03,41,304.05,0.48871470325877847,0.5496142087043658,0.6902658576501204,0.7947376435175761,0.3728505475801677,0.5908421230926584,0.5988839533019741,0.661550909549254,0.0,0.6150867818029779,0.5458578890229596,0.8144943561064077,0.581294389909952
11/10/2022,145.8,57.36,178.09,33.79,1388.0,86.4,83.86,15.91,0.0,13.65,161.49,41,302.3,0.5680656542514653,0.3825151021310374,0.4943315863172286,0.3306648494810416,0.3727937758511222,0.564979204135149,0.585242796186643,0.3560096719530338,0.0,0.6150867818029779,0.563980678376581,0.8144943561064077,0.5350245014975296
12/10/2022,146.18,57.36,178.09,33.79,1405.0,86.4,83.86,15.91,0.0,13.65,161.49,41,302.3,0.5330634726721316,0.49749785559889903,0.48724306665073785,0.500111398569815,0.3729722167371174,0.5789414980448113,0.5304313584418854,0.4991275511270036,0.0,0.6150867818029779,0.5544755223119107,0.8144943561064077,0.5698366820387978
13/10/2022,146.45,58.02,182.72,34.61,1405.5,87.69,84.42,15.99,0.0,13.65,165.76,41,306.3,0.5279163982076382,0.5579338534661784,0.7794030757625463,0.7678295892899983,0.37276704265950933,0.6457486767342606,0.6155275193346361,0.5575938042351137,0.0,0.6150867818029779,0.6488347448582668,0.8144943561064077,0.6568990803798712
14/10/2022,146.95,55.82,183.77,34.49,1392.75,87.58,84.67,15.89,0.0,13.65,163.27,41,297.4,0.5387458619234445,0.30486175043931074,0.550627197374421,0.46246469357860653,0.3724544777346627,0.573252152920542,0.5685390379991737,0.4270514369237306,0.0,0.6150867818029779,0.5067066724151161,0.8144943561064077,0.40200577953441485
15/10/2022,146.95,55.82,183.77,34.49,1392.75,87.58,84.67,15.89,0.0,13.65,163.27,41,297.4,0.5155630767475817,0.49749785559889903,0.48724306665073785,0.500111398569815,0.3727585780452793,0.5789414980448113,0.5304313584418854,0.4991275511270036,0.0,0.6150867818029779,0.5544755223119107,0.8144943561064077,0.5698366820387978
16/10/2022,146.95,55.82,183.77,34.49,1392.75,87.58,84.67,15.89,0.0,13.65,163.27,41,297.4,0.5155630767475817,0.49749785559889903,0.48724306665073785,0.500111398569815,0.3727585780452793,0.5789414980448113,0.5304313584418854,0.4991275511270036,0.0,0.6150867818029779,0.5544755223119107,0.8144943561064077,0.5698366820387978
17/10/2022,147.88,54.09,183.2,34.6,1392.75,87.08,84.86,16.03,0.0,13.65,165.48,42,286.4,0.5596183775394665,0.345265902494702,0.45420076066100246,0.5350158326757246,0.3727585780452793,0.5530912988697946,0.5594124021954665,0.6019000739850862,0.0,0.6150867818029779,0.6019517208285259,0.8304412073441474,0.3642513475129976
18/10/2022,148.48,57.49,182.08,34.61,1382.0,86.86,85.38,16.23,0.0,13.65,165.59,42,302.45,0.5435314919485187,0.8183069041759115,0.4230439721467219,0.503268877475832,0.3725078898701178,0.5675642068262509,0.6094788637603006,0.6465782803409181,0.0,0.6150867818029779,0.5567222289326207,0.8304412073441474,0.9395051504500164
19/10/2022,149.35,56.09,180.61,34.26,1382.75,87.08,85.41,16.2,0.0,13.65,164.2,42,295.7,0.5566619051344482,0.3738256648813242,0.40349060978962253,0.39142457281477355,0.3727710909864317,0.5903245817111977,0.5350159604574021,0.47738938743779863,0.0,0.6150867818029779,0.5272793598559938,0.8304412073441474,0.4411318366592948
20/10/2022,149.77,57.37,180.59,34.57,1400.0,86.56,85.21,16.31,0.0,13.65,161.92,42,299.7,0.5349500272938819,0.6157674619168275,0.48606666236990037,0.5993740562369041,0.3729749343947823,0.5520577922017363,0.4997830715395448,0.5796994047608528,0.0,0.6150867818029779,0.5105892063342157,0.8304412073441474,0.6568990803798712
21/10/2022,150.48,57.36,179.8,34.93,1404.5,86.25,85.28,16.57,0.0,13.65,161.53,42,295.3,0.5488453781537139,0.4965939857850264,0.4416669782355248,0.6156284939185489,0.37282477395934877,0.5629113840400564,0.5411235253472179,0.6916127032419188,0.0,0.6150867818029779,0.5466498920891194,0.8304412073441474,0.48461667596633357
22/10/2022,150.48,57.36,179.8,34.93,1404.5,86.25,85.28,16.57,24.4,13.65,161.53,42,295.3,0.5155630767475817,0.49749785559889903,0.48724306665073785,0.500111398569815,0.3727585780452793,0.5789414980448113,0.5304313584418854,0.4991275511270036,0.9978966223248148,0.6150867818029779,0.5544755223119107,0.8304412073441474,0.5698366820387978
23/10/2022,150.48,57.36,179.8,34.93,1404.5,86.25,85.28,16.57,0.0,13.65,161.53,42,295.3,0.5155630767475817,0.49749785559889903,0.48724306665073785,0.500111398569815,0.3727585780452793,0.5789414980448113,0.5304313584418854,0.4991275511270036,0.0,0.6150867818029779,0.5544755223119107,0.8304412073441474,0.5698366820387978
24/10/2022,151.6,58.76,179.75,33.99,1381.25,85.9,85.08,16.09,6.8,13.65,163.45,43,310.8,0.5690660728140284,0.6270528302964419,0.4843047631027611,0.21439830934417087,0.3721554604587065,0.5608437203991173,0.4997830715395448,0.16180962590669562,0.9789619633002615,0.6150867818029779,0.5955127730548753,0.8462910036592428,0.9262605520579275
25/10/2022,151.68,55.09,181.24,34.1,1392.25,86.21,84.91,15.98,26.6,13.65,167.05,43,292.8,0.5191786789767099,0.18011069081919118,0.5778908310445948,0.5350158326757246,0.3729048346589564,0.5949828225708592,0.5043891352421771,0.41990250575180144,0.9982317667597586,0.6150867818029779,0.6333938150786521,0.8462910036592428,0.24078008055615574
26/10/2022,151.45,52.89,182.22,33.91,1393.0,86.31,85.12,15.84,0.2,13.65,163.37,43,284.2,0.505383285195412,0.30486175043931074,0.5463217744453742,0.440697772999233,0.3727710909864317,0.5841149308085062,0.5624558797846818,0.3985166002471645,0.2895944468794358,0.6150867818029779,0.4850208084728328,0.8462910036592428,0.40743401052318035
27/10/2022,151.4,55.65,183.18,34.57,1393.5,86.39,85.35,16.11,0.0,13.65,164.13,43,294.9,0.5133238322102885,0.7565480829727156,0.5450933949981285,0.7143821520659426,0.37276704265950933,0.5830801474748749,0.5654980846472732,0.6991520475166404,0.0,0.6150867818029779,0.5703137596668143,0.8462910036592428,0.8118211458203533
28/10/2022,150.38,53.71,183.34,34.5,1400.25,86.44,85.69,16.12,0.0,13.65,166.05,43,285.4,0.47221101168185386,0.32717611133416546,0.4967053222744185,0.4780977857677457,0.37285368307824124,0.5815280617762189,0.5822083760524773,0.5063964551116443,0.0,0.6150867818029779,0.5955127730548759,0.8462910036592428,0.39117668603142797
29/10/2022,150.38,53.71,183.34,34.5,1400.25,86.44,85.69,16.12,24.0,13.65,166.05,43,285.4,0.5155630767475817,0.49749785559889903,0.48724306665073785,0.500111398569815,0.3727585780452793,0.5789414980448113,0.5304313584418854,0.4991275511270036,0.9978264231346827,0.6150867818029779,0.5544755223119107,0.8462910036592428,0.5698366820387978
30/10/2022,150.38,53.71,183.34,34.5,1400.25,86.44,85.69,16.12,0.0,13.65,166.05,43,285.4,0.5155630767475817,0.49749785559889903,0.48724306665073785,0.500111398569815,0.3727585780452793,0.5789414980448113,0.5304313584418854,0.4991275511270036,0.0,0.6150867818029779,0.5544755223119107,0.8462910036592428,0.5698366820387978
31/10/2022,146.77,56.44,183.42,35.45,1419.5,86.6,85.35,16.5,0.0,13.65,164.68,44,292.0,0.3737530036218677,0.753664492196094,0.49196317302597437,0.8116146816133302,0.3729964623191153,0.5872195572252796,0.4782506505457769,0.7826940647488657,0.0,0.6150867818029779,0.5276594587730628,0.8620465220087719,0.7161415948165615
01/11/2022,151.95,55.04,183.23,35.84,1447.75,86.76,85.11,16.65,4.6,13.65,164.89,44,281.35,0.7916575193086964,0.3738256648813242,0.4761229103922342,0.625410803943623,0.37308949073774744,0.5872195572252803,0.4936371308564088,0.6093210558845142,0.9606529043663492,0.6150867818029779,0.5587799382560045,0.8620465220087719,0.3705161268151636
02/11/2022,151.4,55.04,183.23,35.84,1454.0,86.76,85.11,16.65,7.0,13.65,164.89,44,281.35,0.49165972774519406,0.49749785559889903,0.48724306665073785,0.500111398569815,0.37284739476841966,0.5789414980448113,0.5304313584418854,0.4991275511270036,0.9799474805398708,0.6150867818029779,0.5544755223119107,0.8620465220087719,0.5698366820387978
03/11/2022,151.95,56.58,182.69,35.73,1437.0,86.07,84.76,16.58,0.0,13.65,162.41,44,289.3,0.5411331431360431,0.6402521486103738,0.45591815726259177,0.4655854762728485,0.37233682418038627,0.5432743033723468,0.4767103666572379,0.44856062695850235,0.0,0.6150867818029779,0.506891131576071,0.8620465220087719,0.7473861901237251
04/11/2022,151.65,57.15,181.88,36.13,1462.25,85.64,84.95,16.87,0.0,13.65,162.18,44,287.7,0.5023414688244824,0.5496142087043665,0.4405325268213007,0.6286764184665006,0.37305909148908767,0.5567088441541664,0.5594124021954665,0.7142589672910894,0.0,0.6150867818029779,0.5498363598618079,0.8620465220087719,0.5379427978588931
05/11/2022,151.65,57.15,181.88,36.13,1462.25,85.64,84.95,16.87,0.0,13.65,162.18,44,287.7,0.5155630767475817,0.49749785559889903,0.48724306665073785,0.500111398569815,0.3727585780452793,0.5789414980448113,0.5304313584418854,0.4991275511270036,0.0,0.6150867818029779,0.5544755223119107,0.8620465220087719,0.5698366820387978
06/11/2022,151.65,57.15,181.88,36.13,1462.25,85.64,84.95,16.87,16.2,13.65,162.18,44,287.7,0.5155630767475817,0.49749785559889903,0.48724306665073785,0.500111398569815,0.3727585780452793,0.5789414980448113,0.5304313584418854,0.4991275511270036,0.9953939252537052,0.6150867818029779,0.5544755223119107,0.8620465220087719,0.5698366820387978
07/11/2022,153.05,55.87,182.04,35.31,1450.25,85.76,85.19,16.52,0.2,13.65,161.29,45,288.0,0.5832094058841168,0.3842550701486265,0.4967053222744185,0.24989219689892023,0.37247466872423124,0.585149760760273,0.5670187164633128,0.2511734673626817,0.2895944468794358,0.6150867818029779,0.5368630827377694,0.877710400104841,0.5760519299755075
08/11/2022,153.05,54.9,182.64,35.33,1446.5,85.83,85.3,16.5,0.0,13.65,164.58,45,283.8,0.5155630767475817,0.41131947121059925,0.5231252460364748,0.5064295684836547,0.3726811313500115,0.5825627735577503,0.5472253141659233,0.4846241288515194,0.0,0.6150867818029779,0.6263074640671852,0.877710400104841,0.488361344633139
09/11/2022,151.57,56.45,183.38,35.42,1452.0,85.73,84.76,16.37,0.2,13.65,162.49,45,292.3,0.45380099511452265,0.6411962719972595,0.5316349464559753,0.5286420333775568,0.3728378251950769,0.5737693062018172,0.44739233677353274,0.4056351920506306,0.2895944468794358,0.6150867818029779,0.5141187596532237,0.877710400104841,0.7601939394323372
10/11/2022,153.07,51.71,184.56,34.2,1423.0,85.42,84.48,15.65,52.0,13.65,165.66,45,279.1,0.5883197500489667,0.09049419939637726,0.5586473069243705,0.13242916825797213,0.3719815290297362,0.5629113840400564,0.48748617056827326,0.0,0.9996353069860321,0.6150867818029779,0.6235749532410662,0.877710400104841,0.32509556503990156
11/11/2022,151.52,50.65,184.94,34.63,1450.0,84.94,83.74,15.68,0.2,13.65,165.58,45,270.5,0.451044609942723,0.40344297130288437,0.5098488394810415,0.6384875790552812,0.37307689015417556,0.5541248396812373,0.4164321638047765,0.5209684749066019,0.2895944468794358,0.6150867818029779,0.552853289913771,0.877710400104841,0.40743401052318035
12/11/2022,151.52,50.65,184.94,34.63,1450.0,84.94,83.74,15.68,17.4,13.65,165.58,45,270.5,0.5155630767475817,0.49749785559889903,0.48724306665073785,0.500111398569815,0.3727585780452793,0.5789414980448113,0.5304313584418854,0.4991275511270036,0.9959672079436098,0.6150867818029779,0.5544755223119107,0.877710400104841,0.5698366820387978
13/11/2022,151.52,50.65,184.94,34.63,1450.0,84.94,83.74,15.68,0.0,13.65,165.58,45,270.5,0.5155630767475817,0.49749785559889903,0.48724306665073785,0.500111398569815,0.3727585780452793,0.5789414980448113,0.5304313584418854,0.4991275511270036,0.0,0.6150867818029779,0.5544755223119107,0.877710400104841,0.5698366820387978
14/11/2022,151.57,50.65,184.9,34.68,1440.5,84.01,84.0,15.76,0.0,13.65,165.25,46,270.5,0.5178181672943174,0.49749785559889903,0.48489170686194866,0.5159306339848538,0.37254053139397714,0.530877768119239,0.5700590517997053,0.5575938042351137,0.0,0.6150867818029779,0.5478412641711636,0.8932851462651816,0.5698366820387978
15/11/2022,151.27,50.65,184.9,34.68,1461.75,84.01,84.0,15.76,0.2,13.65,165.25,46,270.5,0.5023414688244824,0.49749785559889903,0.48724306665073785,0.500111398569815,0.3730176413033341,0.5789414980448113,0.5304313584418854,0.4991275511270036,0.2895944468794358,0.6150867818029779,0.5544755223119107,0.8932851462651816,0.5698366820387978
16/11/2022,151.8,49.8,184.53,34.27,1434.75,83.81,83.69,15.54,0.0,13.65,166.19,46,268.1,0.5401768853064746,0.42184762102983375,0.4656911692038484,0.37310528257065084,0.37204271266670974,0.5685982808137742,0.48286974863057525,0.3419163711174946,0.0,0.6150867818029779,0.5741554616841777,0.8932851462651816,0.5224757021800404
17/11/2022,152.75,52.74,184.02,33.88,1422.25,87.98,84.06,15.48,1.2,13.65,164.89,46,286.45,0.5606068207471244,0.7738717708296909,0.4576376577302357,0.37920264775662277,0.37246122879113147,0.7952027428217772,0.5867595818195837,0.45575152938498015,0.7721351562515812,0.6150867818029779,0.5289917983990629,0.8932851462651816,0.9951436438866121
18/11/2022,153.07,52.0,182.02,33.92,1433.25,89.22,84.77,15.8,54.8,13.65,163.91,46,279.05,0.5302483731404896,0.4315262666567077,0.37420463828247186,0.5127604742362117,0.3729048346589564,0.6431570263033001,0.6381758359858731,0.7369890078545078,0.9996891508696388,0.6150867818029779,0.5351246815474031,0.8932851462651816,0.42924552454652
19/11/2022,153.07,52.0,182.02,33.92,1433.25,89.22,84.77,15.8,0.0,13.65,163.91,46,279.05,0.5155630767475817,0.49749785559889903,0.48724306665073785,0.500111398569815,0.3727585780452793,0.5789414980448113,0.5304313584418854,0.4991275511270036,0.0,0.6150867818029779,0.5544755223119107,0.8932851462651816,0.5698366820387978
20/11/2022,153.07,52.0,182.02,33.92,1433.25,89.22,84.77,15.8,3.8,13.65,163.91,46,279.05,0.5155630767475817,0.49749785559889903,0.48724306665073785,0.500111398569815,0.3727585780452793,0.5789414980448113,0.5304313584418854,0.4991275511270036,0.947393461538417,0.6150867818029779,0.5544755223119107,0.8932851462651816,0.5698366820387978
21/11/2022,153.55,54.87,181.52,34.18,1441.75,88.74,85.08,16.02,0.2,13.65,167.72,47,291.4,0.5377941183576759,0.7671303227460973,0.45821129971032876,0.5831832193236428,0.3728751962836023,0.5541248396812373,0.5776545910326678,0.661550909549254,0.2895944468794358,0.6150867818029779,0.6382156989452497,0.908773148372555,0.8509078285112468
22/11/2022,153.8,52.22,181.02,33.64,1436.5,89.47,85.19,15.83,0.0,13.65,165.58,47,281.0,0.5269872591536416,0.2664355328180472,0.45821129971032876,0.3336828308455108,0.3726462762582796,0.6167310122084567,0.5472253141659233,0.3630702808692025,0.0,0.6150867818029779,0.5131883232747682,0.908773148372555,0.37499741799388986
23/11/2022,153.35,52.8,181.13,33.72,1442.0,89.67,85.51,15.92,9.2,13.65,167.24,47,283.65,0.49590035494067425,0.5505375438767912,0.4937389770040892,0.5254596210911557,0.3728378251950769,0.5892895305661944,0.5791728096390257,0.5649516399985806,0.9873646611908653,0.6150867818029779,0.5897822476094402,0.908773148372555,0.6267756588899093
24/11/2022,153.35,52.8,181.13,33.72,1442.0,89.67,85.51,15.92,10.6,13.65,167.24,47,283.65,0.5155630767475817,0.49749785559889903,0.48724306665073785,0.500111398569815,0.3727585780452793,0.5789414980448113,0.5304313584418854,0.4991275511270036,0.9901192715647549,0.6150867818029779,0.5544755223119107,0.908773148372555,0.5698366820387978
25/11/2022,153.07,53.19,181.43,33.54,1442.25,90.42,85.48,15.8,0.0,13.65,166.29,47,287.75,0.5032081075844944,0.5330425308270358,0.5050529247846365,0.44379910269805,0.37276288076251535,0.6177669953665874,0.5258433091417318,0.4127637926759596,0.0,0.6150867818029779,0.5357034471699963,0.908773148372555,0.6591504074177236
26/11/2022,153.07,53.19,181.43,33.54,1442.25,90.42,85.48,15.8,0.0,13.65,166.29,47,287.75,0.5155630767475817,0.49749785559889903,0.48724306665073785,0.500111398569815,0.3727585780452793,0.5789414980448113,0.5304313584418854,0.4991275511270036,0.0,0.6150867818029779,0.5544755223119107,0.908773148372555,0.5698366820387978
27/11/2022,153.07,53.19,181.43,33.54,1442.25,90.42,85.48,15.8,0.0,13.65,166.29,47,287.75,0.5155630767475817,0.49749785559889903,0.48724306665073785,0.500111398569815,0.3727585780452793,0.5789414980448113,0.5304313584418854,0.4991275511270036,0.0,0.6150867818029779,0.5544755223119107,0.908773148372555,0.5698366820387978
28/11/2022,152.57,53.19,181.34,33.79,1462.75,90.1,85.96,16.02,0.0,13.65,164.51,48,287.75,0.49377497410737403,0.49749785559889903,0.4819604650563743,0.5799528800334859,0.37300973760559836,0.5623944536486286,0.6034261785868438,0.661550909549254,0.0,0.6150867818029779,0.5199146310882382,0.924176682040444,0.5698366820387978
29/11/2022,152.68,53.01,181.13,34.23,1466.0,88.59,85.76,16.21,18.6,13.65,166.11,48,280.45,0.5205446200813808,0.48128847760862425,0.4749591807835447,0.641762688081808,0.37280788554021344,0.5009344680363236,0.49978307153954704,0.6391067690245303,0.9964423256271107,0.6150867818029779,0.5884658863886271,0.924176682040444,0.4310707283451224
30/11/2022,153.07,54.68,179.5,34.45,1475.5,88.47,86.2,16.55,3.8,13.65,167.72,48,284.9,0.5335343853705878,0.6525389731232225,0.3946113967719306,0.5702778560998247,0.3728871898313638,0.5727350111826157,0.597369352085307,0.7521881154439742,0.947393461538417,0.6150867818029779,0.5886851162728787,0.924176682040444,0.6670492677073028
01/12/2022,153.05,55.85,177.11,34.03,1436.75,88.35,86.0,16.52,1.8,13.65,169.05,48,290.7,0.5146654960627898,0.6054466966094958,0.35286543648364055,0.3700599369497036,0.37167416135501063,0.5727350111826157,0.4997830715395448,0.47738938743779863,0.8550988855984883,0.6150867818029779,0.5825724351318521,0.924176682040444,0.6977696283508342
02/12/2022,153.35,55.85,174.59,33.43,1446.5,87.43,86.03,16.47,0.0,13.65,167.84,48,290.7,0.5293140358167024,0.49749785559889903,0.34578752072297936,0.31560464618661654,0.372890158119856,0.5313942106567822,0.5350159604574021,0.4629532104977405,0.0,0.6150867818029779,0.530709492258637,0.924176682040444,0.5698366820387978
03/12/2022,153.35,55.85,174.59,33.43,1446.5,87.43,86.03,16.47,2.8,13.65,167.84,48,290.7,0.5155630767475817,0.49749785559889903,0.48724306665073785,0.500111398569815,0.3727585780452793,0.5789414980448113,0.5304313584418854,0.4991275511270036,0.9183596473569063,0.6150867818029779,0.5544755223119107,0.924176682040444,0.5698366820387978
04/12/2022,153.35,55.85,174.59,33.43,1446.5,87.43,86.03,16.47,0.0,13.65,167.84,48,290.7,0.5155630767475817,0.49749785559889903,0.48724306665073785,0.500111398569815,0.3727585780452793,0.5789414980448113,0.5304313584418854,0.4991275511270036,0.0,0.6150867818029779,0.5544755223119107,0.924176682040444,0.5698366820387978
05/12/2022,153.23,55.59,176.25,33.38,1445.0,87.25,85.54,16.2,1.0,13.65,171.4,49,293.5,0.5102143151509466,0.4741222059191711,0.5885091604248158,0.4843718673509246,0.3727298451944452,0.5696323975048447,0.4551169775830852,0.30684190710688597,0.7275090786514087,0.6150867818029779,0.6324772898002681,0.9394979180700787,0.630095497192521
06/12/2022,151.55,55.13,179.16,34.0,1461.5,87.48,86.1,16.34,3.6,13.65,170.94,49,290.5,0.4459540848096451,0.45629597253526094,0.6677614967940726,0.7011008628382368,0.3729667625944214,0.5908421230926584,0.6155275193346339,0.6019000739850862,0.9430054518267896,0.6150867818029779,0.5452650266333053,0.9394979180700787,0.5110122900529079
07/12/2022,151.93,54.68,178.68,34.3,1477.25,87.2,86.19,16.54,0.0,13.65,167.24,49,284.9,0.5330634726721316,0.45718445747239683,0.459359306522869,0.5961307308226096,0.3729585327251006,0.5644622341788192,0.5441751280554281,0.6465782803409181,0.0,0.6150867818029779,0.4846603679682101,0.9394979180700787,0.46230229599196526
08/12/2022,152.43,53.85,179.39,34.42,1490.25,87.55,85.9,16.48,1.4,13.65,168.38,49,280.65,0.5387458619234445,0.42360534139611095,0.5298076920445262,0.5382071711422822,0.37292780703050465,0.5970534097668775,0.4859476643210418,0.45575152938498015,0.8064673820574741,0.6150867818029779,0.5784568129592313,0.9394979180700787,0.4874244320217061
09/12/2022,153.68,56.46,179.94,34.34,1488.25,87.53,86.08,16.43,16.6,13.65,169.93,49,295.85,0.5756013212117939,0.7421409714932834,0.5200971879249646,0.47496527251588516,0.3727194811580692,0.5779069610568894,0.5578901793018688,0.4629532104977405,0.9955975425052956,0.6150867818029779,0.5873707317055591,0.9394979180700787,0.9190466029433686
10/12/2022,153.68,56.46,179.94,34.34,1488.25,87.53,86.08,16.43,1.0,13.65,169.93,49,295.85,0.5155630767475817,0.49749785559889903,0.48724306665073785,0.500111398569815,0.3727585780452793,0.5789414980448113,0.5304313584418854,0.4991275511270036,0.7275090786514087,0.6150867818029779,0.5544755223119107,0.9394979180700787,0.5698366820387978
11/12/2022,153.68,56.46,179.94,34.34,1488.25,87.53,86.08,16.43,0.4,13.65,169.93,49,295.85,0.5155630767475817,0.49749785559889903,0.48724306665073785,0.500111398569815,0.3727585780452793,0.5789414980448113,0.5304313584418854,0.4991275511270036,0.46795964422223424,0.6150867818029779,0.5544755223119107,0.9394979180700787,0.5698366820387978
12/12/2022,154.4,56.11,180.09,33.82,1465.5,88.13,86.15,16.18,0.2,13.65,171.89,50,298.8,0.5493309422635799,0.4660852966597044,0.49611139890491557,0.33972484768347644,0.372170286036611,0.6099978608751935,0.5411235253472179,0.3208448956384684,0.2895944468794358,0.6150867818029779,0.5963980368023002,0.9547389292732174,0.6334226944879924
13/12/2022,154.9,54.79,178.49,33.58,1484.5,87.74,86.0,16.18,6.4,13.65,169.26,50,291.25,0.5387458619234445,0.3807758359665263,0.3962736002395859,0.4252307678798296,0.37299379124136217,0.5587762085639556,0.5074581890951482,0.4991275511270036,0.9767567010430647,0.6150867818029779,0.5041285313295358,0.9547389292732174,0.4265099981378192
14/12/2022,154.5,55.2,179.85,33.8,1485.0,87.93,85.79,16.12,36.8,13.65,166.21,50,293.7,0.4980362709557701,0.5348791366133985,0.5698014705614272,0.5702778560998225,0.37276704265950933,0.5887720209773918,0.49824706569362726,0.45575152938498015,0.9991176888633516,0.6150867818029779,0.4964395342195377,0.9547389292732174,0.6223611516064058
15/12/2022,154.05,55.7,178.24,33.49,1476.75,87.91,85.91,16.14,0.0,13.65,163.89,50,296.45,0.49590035494067547,0.5431585964549946,0.39571939917513577,0.40368374873611107,0.37257253599793955,0.5779069610568887,0.5487498842114616,0.5136767945011111,0.0,0.6150867818029779,0.5098482118841007,0.9547389292732174,0.6289880531284485
16/12/2022,155.05,56.1,177.82,33.56,1483.75,88.03,86.44,16.32,16.8,13.65,162.6,50,297.2,0.5630842645275516,0.5339606815546759,0.4628092363397377,0.5222802334523788,0.37285680191188986,0.585149760760273,0.6109914011954187,0.6316452193880668,0.9956944507398562,0.6150867818029779,0.529182389684893,0.9547389292732174,0.5855231309396244
17/12/2022,155.05,56.1,177.82,33.56,1483.75,88.03,86.44,16.32,5.0,13.65,162.6,50,297.2,0.5155630767475817,0.49749785559889903,0.48724306665073785,0.500111398569815,0.3727585780452793,0.5789414980448113,0.5304313584418854,0.4991275511270036,0.9654538794732821,0.6150867818029779,0.5544755223119107,0.9547389292732174,0.5698366820387978
18/12/2022,155.05,56.1,177.82,33.56,1483.75,88.03,86.44,16.32,48.0,13.65,162.6,50,297.2,0.5155630767475817,0.49749785559889903,0.48724306665073785,0.500111398569815,0.3727585780452793,0.5789414980448113,0.5304313584418854,0.4991275511270036,0.9995425548172809,0.6150867818029779,0.5544755223119107,0.9547389292732174,0.5698366820387978
19/12/2022,155.27,57.38,177.99,33.53,1463.5,88.04,86.05,16.21,29.2,13.65,162.19,51,304.55,0.5255975514954776,0.6157674619168282,0.49729956748985366,0.4906582342406397,0.3722436229280435,0.5794587856571503,0.4705463642777897,0.41990250575180144,0.9985406403739855,0.6150867818029779,0.5462536706782958,0.9699016967259845,0.7334644750537471
20/12/2022,155.05,55.74,176.6,33.91,1479.75,87.93,85.98,16.51,9.8,13.65,160.77,51,290.3,0.5058198277792114,0.3530381799536477,0.4079436494857887,0.6221476011909643,0.37296402590110295,0.573252152920542,0.5197206636548458,0.7218264196323108,0.9886711008402963,0.6150867818029779,0.5267096775298936,0.9699016967259845,0.3065307875063073
21/12/2022,156.13,55.47,175.43,33.76,1484.5,88.06,85.82,16.51,19.0,13.65,164.27,51,288.3,0.5670666007086425,0.4732279337610378,0.4202389217562166,0.4531193955658536,0.3728280710505443,0.5856671929572672,0.5059238295407472,0.4991275511270036,0.996582757022566,0.6150867818029779,0.6311036832204787,0.9699016967259845,0.5301802486002121
22/12/2022,155.9,57.39,174.79,33.76,1472.0,88.08,85.58,16.53,30.0,13.65,164.55,51,297.1,0.5053832851954132,0.6762445444182423,0.45020144680675,0.500111398569815,0.37246122879113147,0.5799760859593712,0.4936371308564088,0.5136767945011111,0.9986209999110659,0.6150867818029779,0.5602283496723918,0.9699016967259845,0.767197692551217
23/12/2022,156.9,56.16,174.23,33.74,1484.5,88.03,85.8,16.61,23.2,13.65,164.7,51,290.0,0.5630842645275516,0.388608103374799,0.45477299510312497,0.49380610654891516,0.37292211791793817,0.576355249509347,0.5639771399642991,0.5575938042351125,0.9976758972135124,0.6150867818029779,0.5575436412696596,0.9699016967259845,0.43472485280430756
24/12/2022,156.9,56.16,174.23,33.74,1484.5,88.03,85.8,16.61,34.4,13.65,164.7,51,290.0,0.5155630767475817,0.49749785559889903,0.48724306665073785,0.500111398569815,0.3727585780452793,0.5789414980448113,0.5304313584418854,0.4991275511270036,0.9989733646671426,0.6150867818029779,0.5544755223119107,0.9699016967259845,0.5698366820387978
25/12/2022,156.9,56.16,174.23,33.74,1484.5,88.03,85.8,16.61,6.0,13.65,164.7,51,290.0,0.5155630767475817,0.49749785559889903,0.48724306665073785,0.500111398569815,0.3727585780452793,0.5789414980448113,0.5304313584418854,0.4991275511270036,0.9741802067696631,0.6150867818029779,0.5544755223119107,0.9699016967259845,0.5698366820387978
26/12/2022,156.9,56.16,174.23,33.74,1484.5,88.03,85.8,16.61,26.4,13.65,164.7,52,290.0,0.5155630767475817,0.49749785559889903,0.48724306665073785,0.500111398569815,0.3727585780452793,0.5789414980448113,0.5304313584418854,0.4991275511270036,0.9982044636616529,0.6150867818029779,0.5544755223119107,0.9849881155112172,0.5698366820387978
27/12/2022,156.82,54.24,176.37,33.38,1489.0,88.27,86.61,16.39,2.0,13.65,163.58,52,286.6,0.5119876534835099,0.3288962970135625,0.618713397739036,0.38836564664504525,0.37282477395934877,0.5913596748992995,0.6532465083463261,0.34191637111749595,0.8727073659051631,0.6150867818029779,0.532432672700736,0.9849881155112172,0.5034244686239935
28/12/2022,157.45,54.91,176.72,33.64,1514.25,89.42,86.42,16.45,43.0,13.65,163.84,52,288.45,0.5449756894002581,0.5588595723007485,0.5080482674834474,0.5831832193236428,0.37305909148908767,0.6384924189246154,0.5013187535219785,0.54291064338606,0.9993909688394961,0.6150867818029779,0.5598138695984357,0.9849881155112172,0.6092070809503087
29/12/2022,158.5,54.33,176.56,33.44,1516.25,89.83,86.07,16.3,0.2,13.65,165.03,52,286.85,0.5655706044406414,0.44565561748428406,0.4778708176565624,0.4375991185336212,0.37279014248879205,0.6001595742460117,0.4767103666572357,0.39140791559799265,0.2895944468794358,0.6150867818029779,0.5795371984733226,0.9849881155112172,0.5379427978588942
30/12/2022,154.82,54.33,176.56,33.44,1524.0,89.83,86.07,16.3,2.6,13.65,164.05,52,286.85,0.37122871183033046,0.49749785559889903,0.48724306665073785,0.500111398569815,0.37286606428588825,0.5789414980448113,0.5304313584418854,0.4991275511270036,0.9096263213999098,0.6150867818029779,0.5351246815474031,0.9849881155112172,0.5698366820387978
31/12/2022,154.82,54.33,176.56,33.44,1524.0,89.83,86.07,16.3,0.2,13.65,164.05,52,286.85,0.5155630767475817,0.49749785559889903,0.48724306665073785,0.500111398569815,0.3727585780452793,0.5789414980448113,0.5304313584418854,0.4991275511270036,0.2895944468794358,0.6150867818029779,0.5544755223119107,0.9849881155112172,0.5698366820387978
01/01/2023,154.82,54.33,176.56,33.44,1524.0,89.83,86.07,16.3,0.0,13.65,164.05,52,286.85,0.5155630767475817,0.49749785559889903,0.48724306665073785,0.500111398569815,0.3727585780452793,0.5789414980448113,0.5304313584418854,0.4991275511270036,0.0,0.6150867818029779,0.5544755223119107,0.9849881155112172,0.5698366820387978
02/01/2023,154.82,54.33,176.56,33.44,1524.0,89.83,86.07,16.3,20.2,13.65,164.05,1,286.85,0.5155630767475817,0.49749785559889903,0.48724306665073785,0.500111398569815,0.3727585780452793,0.5789414980448113,0.5304313584418854,0.4991275511270036,0.9969592300784179,0.6150867818029779,0.5544755223119107,0.0,0.5698366820387978
03/01/2023,156.85,53.86,177.96,32.67,1492.25,88.03,86.07,15.8,5.0,13.65,164.82,1,293.45,0.6158733647095168,0.4554077699017618,0.5722875922426157,0.26475151999471436,0.3718963020691805,0.48596954180159924,0.5304313584418854,0.1481744774313956,0.9654538794732821,0.6150867818029779,0.570526409150552,0.0,0.7161415948165601
04/01/2023,157.27,52.84,178.33,32.7,1483.5,87.81,86.35,15.83,0.6,13.65,165.92,1,288.2,0.5349500272938819,0.40694162438135095,0.5092483728073398,0.5095934433208895,0.37255981478444744,0.5675642068262509,0.5730981661706364,0.5209684749066019,0.5858421037283797,0.6150867818029779,0.5775939241513893,0.0,0.4687851317279295
05/01/2023,157.35,53.14,176.86,32.98,1470.75,87.55,87.72,16.36,0.2,13.65,165.6,1,284.95,0.5191786789767086,0.5247932236746319,0.40349060978962253,0.5896517810283638,0.3724544777346627,0.5654961841771492,0.7372823381021485,0.8983180275524062,0.2895944468794358,0.6150867818029779,0.5480402305635216,0.0,0.506265170500223
06/01/2023,156.77,55.26,174.15,33.22,1492.5,88.11,87.5,16.69,0.0,13.65,170.81,1,289.75,0.4903952882165257,0.6952773756467333,0.33547222295653467,0.5767251935573897,0.37302288594684774,0.6079263897912045,0.49671073859338366,0.744584025720388,0.0,0.6150867818029779,0.6707553763972097,0.0,0.6749766455663675
07/01/2023,156.77,55.26,174.15,33.22,1492.5,88.11,87.5,16.69,0.0,13.65,170.81,1,289.75,0.5155630767475817,0.49749785559889903,0.48724306665073785,0.500111398569815,0.3727585780452793,0.5789414980448113,0.5304313584418854,0.4991275511270036,0.0,0.6150867818029779,0.5544755223119107,0.0,0.5698366820387978
08/01/2023,156.77,55.26,174.15,33.22,1492.5,88.11,87.5,16.69,0.0,13.65,170.81,1,289.75,0.5155630767475817,0.49749785559889903,0.48724306665073785,0.500111398569815,0.3727585780452793,0.5789414980448113,0.5304313584418854,0.4991275511270036,0.0,0.6150867818029779,0.5544755223119107,0.0,0.5698366820387978
09/01/2023,157.75,51.73,173.35,32.99,1488.5,88.35,87.27,16.61,2.4,13.65,171.5,2,271.85,0.5620922087597028,0.19190263811792907,0.4410996535117124,0.42831896292870253,0.37267543440242396,0.5913596748992995,0.49517409280574065,0.4413803865727706,0.8993785323552774,0.6150867818029779,0.5688278894710782,0.03362089965624637,0.24252329699660524
10/01/2023,157.75,55.27,172.39,33.14,1485.0,88.02,87.33,16.79,0.0,13.65,173.16,2,287.5,0.5155630767475817,0.8318745815097242,0.4320486299072896,0.5477986591078168,0.3726867789681567,0.561877532959904,0.5395971843223267,0.6316452193880668,0.0,0.6150867818029779,0.5897822476094402,0.03362089965624637,0.929870294351082
11/01/2023,157.75,55.37,171.09,32.99,1493.0,87.64,87.19,16.81,0.0,13.65,171.35,2,287.15,0.5155630767475817,0.5065589808775585,0.4129645465557285,0.4531193955658536,0.37286912213753165,0.5592930725348667,0.5089922110684558,0.5136767945011111,0.0,0.6150867818029779,0.5193516119442657,0.03362089965624637,0.5627042945317452
12/01/2023,157.55,56.89,170.67,33.5,1518.5,87.5,86.86,17.05,8.2,13.65,172.39,2,289.8,0.5066944576744327,0.638364419810377,0.4628092363397377,0.6647530759739608,0.3730616458747984,0.5717007619253521,0.47979064359699464,0.676562560577793,0.9846207442280344,0.6150867818029779,0.5763020090346184,0.03362089965624637,0.6267756588899105
13/01/2023,157.73,56.68,171.34,33.64,1527.75,87.0,86.87,17.05,8.2,13.65,171.33,2,288.75,0.5237522342468919,0.4785985629273003,0.5273744907820189,0.5445986074227384,0.3728842098458278,0.5530912988697946,0.5319599407537741,0.4991275511270036,0.9846207442280344,0.6150867818029779,0.5335846311476385,0.03362089965624637,0.5487291096023672
14/01/2023,157.73,56.68,171.34,33.64,1527.75,87.0,86.87,17.05,8.2,13.65,171.33,2,288.75,0.5155630767475817,0.49749785559889903,0.48724306665073785,0.500111398569815,0.3727585780452793,0.5789414980448113,0.5304313584418854,0.4991275511270036,0.9846207442280344,0.6150867818029779,0.5544755223119107,0.03362089965624637,0.5698366820387978
15/01/2023,157.73,56.68,171.34,33.64,1527.75,87.0,86.87,17.05,8.2,13.65,171.33,2,288.75,0.5155630767475817,0.49749785559889903,0.48724306665073785,0.500111398569815,0.3727585780452793,0.5789414980448113,0.5304313584418854,0.4991275511270036,0.9846207442280344,0.6150867818029779,0.5544755223119107,0.03362089965624637,0.5698366820387978
16/01/2023,157.73,56.68,171.34,33.64,1527.75,87.0,86.87,17.05,8.2,13.65,171.33,3,288.75,0.5155630767475817,0.49749785559889903,0.48724306665073785,0.500111398569815,0.3727585780452793,0.5789414980448113,0.5304313584418854,0.4991275511270036,0.9846207442280344,0.6150867818029779,0.5544755223119107,0.06436587743317368,0.5698366820387978
17/01/2023,157.0,54.72,170.9,33.46,1537.5,91.91,86.19,16.87,8.2,13.65,171.69,3,279.5,0.4841232313891442,0.32545646850205934,0.4616582604262453,0.44379910269805,0.372890158119856,0.8336441936909652,0.42573017479844266,0.3701403161995962,0.9846207442280344,0.6150867818029779,0.561891272366812,0.06436587743317368,0.39568447383472455
18/01/2023,156.8,55.63,170.73,33.09,1521.5,91.52,85.9,16.65,8.2,13.65,171.48,3,287.0,0.5066944576744327,0.5811508317871696,0.4772878698117915,0.3853090294167545,0.3723649676875839,0.5587762085639556,0.4859476643210418,0.3419163711174934,0.9846207442280344,0.6150867818029779,0.5502368733062775,0.06436587743317368,0.7369397979425503
19/01/2023,155.95,55.05,171.1,33.06,1511.5,90.78,85.38,16.5,8.2,13.65,170.01,3,284.9,0.47916180335847514,0.4456556174842834,0.5092483728073398,0.4906582342406397,0.37252754773896685,0.5406913513375892,0.4504829664229147,0.39140791559799265,0.9846207442280344,0.6150867818029779,0.5257614314251907,0.06436587743317368,0.5282489886501891
20/01/2023,156.63,53.33,171.05,32.88,1501.75,90.41,85.33,16.4,8.2,13.65,170.78,3,277.5,0.5473911355569824,0.3461288946402488,0.4843047631027627,0.44379910269805,0.3725340520352666,0.5598099457855931,0.5227827241953691,0.42705143692372927,0.9846207442280344,0.6150867818029779,0.5705264091505526,0.06436587743317368,0.42924552454652
21/01/2023,156.63,53.33,171.05,32.88,1501.75,90.41,85.33,16.4,8.2,13.65,170.78,3,277.5,0.5155630767475817,0.49749785559889903,0.48724306665073785,0.500111398569815,0.3727585780452793,0.5789414980448113,0.5304313584418854,0.4991275511270036,0.9846207442280344,0.6150867818029779,0.5544755223119107,0.06436587743317368,0.5698366820387978
22/01/2023,156.63,53.33,171.05,32.88,1501.75,90.41,85.33,16.4,8.2,13.65,170.78,3,277.5,0.5155630767475817,0.49749785559889903,0.48724306665073785,0.500111398569815,0.3727585780452793,0.5789414980448113,0.5304313584418854,0.4991275511270036,0.9846207442280344,0.6150867818029779,0.5544755223119107,0.06436587743317368,0.5698366820387978
23/01/2023,157.48,55.18,169.07,32.54,1487.25,89.97,85.43,16.44,8.2,13.65,170.1,4,286.7,0.5556794114512182,0.6695971263038761,0.375303480721376,0.39448582679312194,0.3724066681181105,0.5561920255972708,0.5457003965273654,0.5282714036279953,0.9846207442280344,0.6150867818029779,0.5409452241026177,0.09313526815026307,0.7765546931488347
24/01/2023,157.85,53.81,168.14,32.67,1486.5,89.76,85.17,16.55,8.2,13.65,168.9,4,276.95,0.5325930489368204,0.376430699893109,0.4337420426902659,0.5414014371439688,0.3727447352090851,0.5680812385264791,0.49056226837532213,0.5796994047608528,0.9846207442280344,0.6150867818029779,0.5309006813919513,0.09313526815026307,0.38667491369919627
25/01/2023,157.6,56.09,165.13,32.53,1496.5,89.11,85.22,16.79,8.2,13.65,169.14,4,284.7,0.5045117209098212,0.7105446476037638,0.31925174307562054,0.456231680866723,0.37289311502770733,0.5453408010744157,0.5380704788832585,0.6765625605777903,0.9846207442280344,0.6150867818029779,0.5593999042778977,0.09313526815026307,0.7427396219164052
26/01/2023,156.73,57.19,163.78,32.29,1514.75,88.83,84.88,16.73,8.2,13.65,172.45,4,290.05,0.4783394583906581,0.598891490276827,0.41017366530254534,0.4252307678798296,0.3729857445568437,0.5644622341788192,0.4782506505457769,0.45575152938498015,0.9846207442280344,0.6150867818029779,0.6267634691658747,0.09313526815026307,0.6874877152088169
27/01/2023,156.73,56.78,164.53,32.19,1504.5,87.8,84.74,16.58,8.2,13.65,171.39,4,290.2,0.5155630767475817,0.4607412614476612,0.532244473053736,0.4687091475864579,0.372521018979203,0.5257137018420137,0.5089922110684558,0.39140791559799015,0.9846207442280344,0.6150867818029779,0.533584631147638,0.09313526815026307,0.572932908852653
28/01/2023,156.73,56.78,164.53,32.19,1504.5,87.8,84.74,16.58,8.2,13.65,171.39,4,290.2,0.5155630767475817,0.49749785559889903,0.48724306665073785,0.500111398569815,0.3727585780452793,0.5789414980448113,0.5304313584418854,0.4991275511270036,0.9846207442280344,0.6150867818029779,0.5544755223119107,0.09313526815026307,0.5698366820387978
29/01/2023,156.73,56.78,164.53,32.19,1504.5,87.8,84.74,16.58,8.2,13.65,171.39,4,290.2,0.5155630767475817,0.49749785559889903,0.48724306665073785,0.500111398569815,0.3727585780452793,0.5789414980448113,0.5304313584418854,0.4991275511270036,0.9846207442280344,0.6150867818029779,0.5544755223119107,0.09313526815026307,0.5698366820387978
30/01/2023,158.75,56.6,165.51,32.38,1529.5,88.88,84.95,16.62,8.2,13.65,171.66,5,289.35,0.6153466444343287,0.48128847760862425,0.5463217744453742,0.5606272355127627,0.3730565330820769,0.6348647244610806,0.5624558797846818,0.5282714036279953,0.9846207442280344,0.6150867818029779,0.5600210457601555,0.12042235276213964,0.5526898386585565
31/01/2023,158.85,56.85,166.13,32.72,1530.25,89.0,85.49,16.83,8.2,13.65,172.34,5,288.7,0.5200887110186938,0.5202216011410754,0.5243381459276851,0.6091192246918428,0.3727710909864317,0.585149760760273,0.6125036884963152,0.6540596834551473,0.9846207442280344,0.6150867818029779,0.5686160107919963,0.12042235276213964,0.556674701720046
01/02/2023,158.43,57.19,165.71,32.56,1516.5,89.56,85.76,16.85,0.0,13.65,171.25,5,291.1,0.49718061344178754,0.5284564162665756,0.46280923633973936,0.45000988828962535,0.37242727344180176,0.6079263897912045,0.5715787603688541,0.5136767945011138,0.0,0.6150867818029779,0.5330083282890463,0.12042235276213964,0.6212597339051259
02/02/2023,159.75,57.61,164.19,32.6,1527.75,88.98,85.04,16.89,1.0,13.65,171.69,5,290.1,0.579142996933114,0.5357978939445934,0.400712078340978,0.5127604742362117,0.3729077389018052,0.5489574726121149,0.4195324163741783,0.5282714036279926,0.7275090786514087,0.6150867818029779,0.5635618749229724,0.12042235276213964,0.5497171742238265
03/02/2023,160.27,55.73,164.64,32.04,1525.5,88.78,84.98,16.54,0.2,13.65,172.23,5,286.4,0.5396994265424364,0.332338312534433,0.5140596628025201,0.3276488669971025,0.3727141877521351,0.5685982808137742,0.5212518766700902,0.2511734673626817,0.2895944468794358,0.6150867818029779,0.5656603307796094,0.12042235276213964,0.49775915625260814
04/02/2023,160.27,55.73,164.64,32.04,1525.5,88.78,84.98,16.54,0.2,13.65,172.23,5,286.4,0.5155630767475817,0.49749785559889903,0.48724306665073785,0.500111398569815,0.3727585780452793,0.5789414980448113,0.5304313584418854,0.4991275511270036,0.2895944468794358,0.6150867818029779,0.5544755223119107,0.12042235276213964,0.5698366820387978
05/02/2023,160.27,55.73,164.64,32.04,1525.5,88.78,84.98,16.54,0.0,13.65,172.23,5,286.4,0.5155630767475817,0.49749785559889903,0.48724306665073785,0.500111398569815,0.3727585780452793,0.5789414980448113,0.5304313584418854,0.4991275511270036,0.0,0.6150867818029779,0.5544755223119107,0.12042235276213964,0.5698366820387978
06/02/2023,160.82,56.63,166.33,32.14,1514.5,88.63,85.12,16.45,4.2,13.65,170.49,6,293.1,0.5411331431360431,0.5802193113108948,0.5903874946150574,0.5318274453997276,0.3725012903768719,0.5711836542048137,0.5517979941935255,0.4342106939122111,0.9547550184940269,0.6150867818029779,0.5206660644729835,0.14653540631051742,0.7184459734528723
07/02/2023,160.57,55.64,166.6,32.05,1510.25,87.78,84.87,16.32,0.0,13.65,173.45,6,289.25,0.5045117209098212,0.4095677210509282,0.5032591740188085,0.47183573649066757,0.37266969019479285,0.5350094970073086,0.49209985523086486,0.4056351920506306,0.0,0.6150867818029779,0.6188079579362137,0.14653540631051742,0.49493418048141524
08/02/2023,160.8,57.16,166.4,32.07,1513.75,87.35,84.9,16.36,0.0,13.65,182.85,6,296.6,0.5260602490068551,0.6383644198103763,0.4755408932286623,0.5064295684836569,0.37281132240467857,0.5567088441541657,0.5350159604574021,0.5282714036279926,0.0,0.6150867818029779,0.7712620919261838,0.14653540631051742,0.7334644750537471
09/02/2023,160.82,56.01,166.78,31.65,1511.75,87.41,85.96,16.31,0.0,13.65,178.45,6,295.15,0.5164632176849346,0.39558242631295015,0.5098488394810415,0.3700599369497036,0.3727194811580692,0.5820454116206186,0.6908334716660363,0.4629532104977405,0.0,0.6150867818029779,0.4721169312484679,0.14653540631051742,0.5408705566266394
10/02/2023,161.2,56.48,167.62,32.09,1533.5,88.89,86.03,16.47,0.0,13.65,179.6,6,295.0,0.5330634726721316,0.5403961445869365,0.5377399266004702,0.6417626880818104,0.37302288594684774,0.6555982021546736,0.5411235253472179,0.6167522901583335,0.0,0.6150867818029779,0.5786727334572385,0.14653540631051742,0.5667651884954144
11/02/2023,161.2,56.48,167.62,32.09,1533.5,88.89,86.03,16.47,0.0,13.65,179.6,6,295.0,0.5155630767475817,0.49749785559889903,0.48724306665073785,0.500111398569815,0.3727585780452793,0.5789414980448113,0.5304313584418854,0.4991275511270036,0.0,0.6150867818029779,0.5544755223119107,0.14653540631051742,0.5698366820387978
12/02/2023,161.2,56.48,167.62,32.09,1533.5,88.89,86.03,16.47,0.0,13.65,179.6,6,295.0,0.5155630767475817,0.49749785559889903,0.48724306665073785,0.500111398569815,0.3727585780452793,0.5789414980448113,0.5304313584418854,0.4991275511270036,0.0,0.6150867818029779,0.5544755223119107,0.14653540631051742,0.5698366820387978
13/02/2023,162.27,58.41,167.59,32.34,1536.0,89.38,85.86,16.57,0.0,13.65,180.68,7,302.7,0.5665675893230847,0.6771947834632198,0.4854790053969569,0.5799528800334859,0.3727973632945372,0.6043016341479287,0.5043891352421771,0.5723202008680516,0.0,0.6150867818029779,0.5771629605183031,0.17168377365995158,0.7415789049468169
14/02/2023,162.15,57.85,166.22,31.96,1530.0,88.9,86.26,16.59,0.0,13.65,181.83,7,300.9,0.5102143151509466,0.44742632724932135,0.40905836173751803,0.3822547025521916,0.37262829831510325,0.5541248396812379,0.5913082662364659,0.5136767945011111,0.0,0.6150867818029779,0.5786727334572385,0.17168377365995158,0.5340537428773958
15/02/2023,162.55,56.75,165.71,31.77,1519.5,88.46,86.06,16.5,0.0,13.65,183.69,7,296.0,0.5340057840171739,0.399947468951183,0.4576376577302357,0.44069777299923407,0.37251446621072776,0.55619202559727,0.4997830715395448,0.4342106939122111,0.0,0.6150867818029779,0.5941866603945686,0.17168377365995158,0.47528836944472264
16/02/2023,162.77,58.04,166.11,31.82,1521.25,88.67,86.24,16.52,0.0,13.65,183.89,7,302.95,0.5255975514954776,0.6167068765594775,0.5110505914987334,0.515930633984855,0.3727864587080175,0.5898070508401605,0.5578901793018688,0.5136767945011111,0.0,0.6150867818029779,0.5585735487312179,0.17168377365995158,0.7242142210997846
17/02/2023,163.57,57.07,166.41,32.24,1522.25,88.96,85.73,16.61,0.0,13.65,184.03,7,294.6,0.5532298653956292,0.41131947121059925,0.5050529247846348,0.6352148211759809,0.3727750445640851,0.5939475874210784,0.452027896245103,0.5649516399985806,0.0,0.6150867818029779,0.5573380753485947,0.17168377365995158,0.4119647971918746
18/02/2023,163.57,57.07,166.41,32.24,1522.25,88.96,85.73,16.61,0.0,13.65,184.03,7,294.6,0.5155630767475817,0.49749785559889903,0.48724306665073785,0.500111398569815,0.3727585780452793,0.5789414980448113,0.5304313584418854,0.4991275511270036,0.0,0.6150867818029779,0.5544755223119107,0.17168377365995158,0.5698366820387978
19/02/2023,163.57,57.07,166.41,32.24,1522.25,88.96,85.73,16.61,0.0,13.65,184.03,7,294.6,0.5155630767475817,0.49749785559889903,0.48724306665073785,0.500111398569815,0.3727585780452793,0.5789414980448113,0.5304313584418854,0.4991275511270036,0.0,0.6150867818029779,0.5544755223119107,0.17168377365995158,0.5698366820387978
20/02/2023,163.57,57.07,166.41,32.24,1522.25,88.96,85.73,16.61,0.0,13.65,184.03,8,294.6,0.5155630767475817,0.49749785559889903,0.48724306665073785,0.500111398569815,0.3727585780452793,0.5789414980448113,0.5304313584418854,0.4991275511270036,0.0,0.6150867818029779,0.5544755223119107,0.19601805204551692,0.5698366820387978
21/02/2023,164.75,57.07,166.41,32.24,1544.0,88.96,85.73,16.61,0.0,13.65,184.03,8,294.6,0.5720754091817886,0.49749785559889903,0.48724306665073785,0.500111398569815,0.37302288594684774,0.5789414980448113,0.5304313584418854,0.4991275511270036,0.0,0.6150867818029779,0.5544755223119107,0.19601805204551692,0.5698366820387978
22/02/2023,164.9,57.94,166.05,32.12,1534.75,88.37,86.06,16.65,0.0,13.65,182.43,8,299.5,0.5223741038117575,0.5774261191415965,0.46626834179253596,0.4624646935786043,0.37254698532029495,0.5484407813447043,0.5806907372312032,0.5282714036279926,0.0,0.6150867818029779,0.5233029396340279,0.19601805204551692,0.6772466158080586
23/02/2023,165.15,52.11,163.65,31.89,1527.25,88.32,86.22,16.8,0.0,13.65,182.53,8,267.45,0.5269872591536416,0.0,0.3523203838299175,0.42831896292870253,0.3725914040630109,0.5763552495093464,0.5548447512524319,0.6093210558845169,0.0,0.6150867818029779,0.556517234478412,0.19601805204551692,0.0
24/02/2023,165.2,52.46,163.61,31.43,1519.25,87.93,85.83,16.49,0.0,13.65,182.6,8,273.1,0.5178181672943174,0.5293730134251112,0.48489170686194866,0.3579004019509877,0.37257885450844436,0.5587762085639564,0.4705463642777897,0.2789402086711147,0.0,0.6150867818029779,0.5559031311341723,0.19601805204551692,0.6943379539792218
25/02/2023,165.2,52.46,163.61,31.43,1519.25,87.93,85.83,16.49,0.0,13.65,182.6,8,273.1,0.5155630767475817,0.49749785559889903,0.48724306665073785,0.500111398569815,0.3727585780452793,0.5789414980448113,0.5304313584418854,0.4991275511270036,0.0,0.6150867818029779,0.5544755223119107,0.19601805204551692,0.5698366820387978
26/02/2023,165.2,52.46,163.61,31.43,1519.25,87.93,85.83,16.49,0.0,13.65,182.6,8,273.1,0.5155630767475817,0.49749785559889903,0.48724306665073785,0.500111398569815,0.3727585780452793,0.5789414980448113,0.5304313584418854,0.4991275511270036,0.0,0.6150867818029779,0.5544755223119107,0.19601805204551692,0.5698366820387978
27/02/2023,165.0,52.46,164.32,31.63,1512.75,87.24,86.4,16.63,0.0,13.65,179.64,9,273.1,0.5066944576744327,0.49749785559889903,0.5298076920445262,0.5638413640570443,0.372616132660649,0.5432743033723468,0.6170390661376781,0.6019000739850862,0.0,0.6150867818029779,0.4980816924304628,0.21965127772590198,0.5698366820387978
28/02/2023,167.5,51.32,162.15,31.06,1479.0,87.29,86.08,16.49,0.0,13.65,180.83,9,267.95,0.6408990167554012,0.3964550545480507,0.3648827409188683,0.32463486926896484,0.37183356577904714,0.5815280617762196,0.4813303436796364,0.3985166002471645,0.0,0.6150867818029779,0.5795371984733233,0.21965127772590198,0.47064106458559773
01/03/2023,165.13,52.7,161.36,31.05,1494.25,86.96,86.11,16.57,0.0,13.65,179.73,9,273.85,0.41948446283711077,0.6251700807410783,0.4416669782355248,0.4969571497792765,0.3729530123946903,0.5618775329599032,0.5350159604574021,0.5575938042351151,0.0,0.6150867818029779,0.5328163716675414,0.21965127772590198,0.700059776741473
02/03/2023,164.1,52.7,161.98,31.13,1509.25,87.2,86.36,16.59,2.0,13.65,181.94,9,273.85,0.4718048191365509,0.49749785559889903,0.5243381459276834,0.5254596210911557,0.37295024174403957,0.5913596748993002,0.5685390379991737,0.5136767945011111,0.8727073659051631,0.6150867818029779,0.6019517208285265,0.21965127772590198,0.5698366820387978
03/03/2023,165.43,52.7,162.88,31.34,1518.75,87.2,86.22,16.59,0.0,13.65,180.76,9,273.85,0.5796502133361046,0.49749785559889903,0.5414130119794375,0.5670582443913101,0.3728871898313638,0.5789414980448113,0.5089922110684558,0.4991275511270036,0.0,0.6150867818029779,0.5312832641341166,0.21965127772590198,0.5698366820387978
04/03/2023,165.43,52.7,162.88,31.34,1518.75,87.2,86.22,16.59,0.0,13.65,180.76,9,273.85,0.5155630767475817,0.49749785559889903,0.48724306665073785,0.500111398569815,0.3727585780452793,0.5789414980448113,0.5304313584418854,0.4991275511270036,0.0,0.6150867818029779,0.5544755223119107,0.21965127772590198,0.5698366820387978
05/03/2023,165.43,52.7,162.88,31.34,1518.75,87.2,86.22,16.59,0.0,13.65,180.76,9,273.85,0.5155630767475817,0.49749785559889903,0.48724306665073785,0.500111398569815,0.3727585780452793,0.5789414980448113,0.5304313584418854,0.4991275511270036,0.0,0.6150867818029779,0.5544755223119107,0.21965127772590198,0.5698366820387978
06/03/2023,166.1,52.7,162.45,31.45,1529.0,87.07,86.15,16.68,0.0,13.65,180.38,10,273.85,0.5469072115098983,0.49749785559889903,0.4622336219307324,0.5350158326757246,0.37289606085577653,0.5722178808847161,0.5197206636548458,0.5649516399985806,0.0,0.6150867818029779,0.5468481698283135,0.24267111083626458,0.5698366820387978
07/03/2023,165.98,51.43,161.93,31.19,1515.5,86.78,85.84,16.54,0.0,13.65,177.77,10,266.95,0.5102143151509466,0.3851253193614672,0.45706425443761556,0.4190620248273259,0.37243410393796433,0.563945274229171,0.48286974863057525,0.3985166002471645,0.0,0.6150867818029779,0.5044963536446506,0.24267111083626458,0.43838404107632434
08/03/2023,165.45,51.43,161.2,31.34,1517.75,86.2,86.03,16.73,0.0,13.65,177.47,10,266.95,0.49250463461521915,0.49749785559889903,0.44507515210759135,0.5477986591078168,0.3727937758511222,0.5489574726121149,0.5594124021954665,0.6391067690245303,0.0,0.6150867818029779,0.5484385184386283,0.24267111083626458,0.5698366820387978
09/03/2023,164.8,53.92,159.73,31.11,1510.75,86.35,85.47,16.65,0.0,13.65,173.13,10,276.8,0.48745817115895274,0.7306352126019322,0.40349060978962253,0.4283189629287014,0.3726038322169775,0.5867020912881863,0.4443006912711884,0.4413803865727706,0.0,0.6150867818029779,0.47318685204968575,0.24267111083626458,0.7918034381800233
10/03/2023,164.27,54.11,159.34,30.55,1507.0,86.05,85.32,16.36,0.0,13.65,170.4,10,282.2,0.49250463461521915,0.5147468750353896,0.4645376160669214,0.3276488669971036,0.3726811313500115,0.5634283242084385,0.5074581890951482,0.2928738872855687,0.0,0.6150867818029779,0.5022917804750043,0.24267111083626458,0.6886281842855205
11/03/2023,164.27,54.11,159.34,30.55,1507.0,86.05,85.32,16.36,0.0,13.65,170.4,10,282.2,0.5155630767475817,0.49749785559889903,0.48724306665073785,0.500111398569815,0.3727585780452793,0.5789414980448113,0.5304313584418854,0.4991275511270036,0.0,0.6150867818029779,0.5544755223119107,0.24267111083626458,0.5698366820387978
12/03/2023,164.27,54.11,159.34,30.55,1507.0,86.05,85.32,16.36,12.4,13.65,170.4,10,282.2,0.5155630767475817,0.49749785559889903,0.48724306665073785,0.500111398569815,0.3727585780452793,0.5789414980448113,0.5304313584418854,0.4991275511270036,0.992512894583348,0.6150867818029779,0.5544755223119107,0.24267111083626458,0.5698366820387978
13/03/2023,163.55,53.19,159.32,30.24,1491.25,85.85,85.61,16.25,12.4,13.65,175.32,11,280.2,0.48453886933167306,0.4157024768863915,0.48606666236990037,0.4036837487361089,0.37237196155109104,0.5685982808137742,0.5746172716300896,0.41990250575180144,0.992512894583348,0.6150867818029779,0.6639629046508148,0.2651473174209875,0.5301802486002121
14/03/2023,163.05,52.56,159.17,30.28,1493.75,85.74,85.42,16.25,12.4,13.65,180.84,11,276.25,0.49377497410737403,0.4412333619184218,0.47845408139989254,0.5127604742362127,0.3727973632945372,0.573252152920542,0.5013187535219785,0.4991275511270036,0.992512894583348,0.6150867818029779,0.6780437883325015,0.2651473174209875,0.4930535931994089
15/03/2023,161.55,52.14,159.58,30.14,1474.5,85.51,85.49,16.15,12.4,13.65,178.21,11,276.05,0.4530123315915541,0.45985162662715373,0.5116518731793365,0.456231680866723,0.3722725696612053,0.5670471856260958,0.5411235253472158,0.42705143692372927,0.992512894583348,0.6150867818029779,0.5041285313295358,0.2651473174209875,0.5657464960570511
16/03/2023,162.35,53.19,158.9,30.31,1476.0,86.75,85.37,16.28,12.4,13.65,182.63,11,278.9,0.5532298653956292,0.5942153842647823,0.4479209668195171,0.5542073170919347,0.37278271911358024,0.6431570263033001,0.5120592306771216,0.5944894200641553,0.992512894583348,0.6150867818029779,0.6523135206431869,0.2651473174209875,0.6312037587492212
17/03/2023,162.32,53.19,156.66,29.7,1461.25,86.38,85.24,16.16,12.4,13.65,181.43,11,278.9,0.5142176541438985,0.49749785559889903,0.36105353375673876,0.3125984499615742,0.37239976259482155,0.5598099457855931,0.5105258925746081,0.41276379267595825,0.992512894583348,0.6150867818029779,0.5309006813919513,0.2651473174209875,0.5698366820387978
18/03/2023,162.32,53.19,156.66,29.7,1461.25,86.38,85.24,16.16,12.4,13.65,181.43,11,278.9,0.5155630767475817,0.49749785559889903,0.48724306665073785,0.500111398569815,0.3727585780452793,0.5789414980448113,0.5304313584418854,0.4991275511270036,0.992512894583348,0.6150867818029779,0.5544755223119107,0.2651473174209875,0.5698366820387978
19/03/2023,162.32,53.19,156.66,29.7,1461.25,86.38,85.24,16.16,12.4,13.65,181.43,11,278.9,0.5155630767475817,0.49749785559889903,0.48724306665073785,0.500111398569815,0.3727585780452793,0.5789414980448113,0.5304313584418854,0.4991275511270036,0.992512894583348,0.6150867818029779,0.5544755223119107,0.2651473174209875,0.5698366820387978
20/03/2023,162.02,52.98,155.0,29.56,1466.75,85.86,84.66,16.15,12.4,13.65,180.26,12,277.8,0.5023414688244824,0.4785985629273003,0.3929503844269554,0.456231680866723,0.3728378251950769,0.5520577922017363,0.44120804261284907,0.4918701402792787,0.992512894583348,0.6150867818029779,0.5314746584163696,0.2871366055179304,0.5477423956593638
21/03/2023,162.43,53.34,153.84,29.34,1448.5,85.22,84.46,16.11,12.4,13.65,178.24,12,279.65,0.5344776656368764,0.5302899256543621,0.42079960391818233,0.4314097374365717,0.37230128116769307,0.5458574447781199,0.4997830715395448,0.47016578934244074,0.992512894583348,0.6150867818029779,0.5154233567327137,0.2871366055179304,0.6092070809503087
22/03/2023,162.3,52.94,151.15,28.97,1425.0,83.84,84.36,16.17,12.4,13.65,175.09,12,276.25,0.5097724103462766,0.4616311890557343,0.33655645082189223,0.3853090294167534,0.37214802864898494,0.5076442466102442,0.515124864665013,0.5429106433860625,0.992512894583348,0.6150867818029779,0.49461825907780144,0.2871366055179304,0.5034244686239935
23/03/2023,162.15,55.38,147.66,27.92,1398.5,83.92,83.91,15.86,12.4,13.65,175.63,12,292.9,0.5088902760096623,0.7258465256462376,0.2934549990022899,0.1820601771011231,0.3720578980551927,0.5830801474748749,0.46129197914659276,0.2789402086711147,0.992512894583348,0.6150867818029779,0.5656603307796094,0.2871366055179304,0.9539811336400563
24/03/2023,163.0,56.94,145.86,27.79,1406.25,84.03,84.18,16.04,12.4,13.65,179.06,12,298.8,0.5556794114512182,0.6421405671805056,0.3852143320636946,0.4593467710761633,0.37286606428588825,0.5846323400097297,0.5715787603688541,0.6316452193880668,0.992512894583348,0.6150867818029779,0.6295029547306642,0.2871366055179304,0.700059776741473
25/03/2023,163.0,56.94,145.86,27.79,1406.25,84.03,84.18,16.04,12.4,13.65,179.06,12,298.8,0.5155630767475817,0.49749785559889903,0.48724306665073785,0.500111398569815,0.3727585780452793,0.5789414980448113,0.5304313584418854,0.4991275511270036,0.992512894583348,0.6150867818029779,0.5544755223119107,0.2871366055179304,0.5698366820387978
26/03/2023,163.0,56.94,145.86,27.79,1406.25,84.03,84.18,16.04,12.4,13.65,179.06,12,298.8,0.5155630767475817,0.49749785559889903,0.48724306665073785,0.500111398569815,0.3727585780452793,0.5789414980448113,0.5304313584418854,0.4991275511270036,0.992512894583348,0.6150867818029779,0.5544755223119107,0.2871366055179304,0.5698366820387978
27/03/2023,164.9,56.68,144.86,27.8,1420.75,83.92,84.0,16.12,12.4,13.65,180.5,13,295.35,0.6090457063027327,0.4741222059191711,0.4297932743146882,0.5032688774758333,0.37294467883067806,0.573252152920542,0.502854108988468,0.5575938042351151,0.992512894583348,0.6150867818029779,0.5849673483606308,0.30868588292533583,0.5024787835340043
28/03/2023,164.95,57.14,145.16,28.1,1444.5,82.58,83.39,16.14,12.4,13.65,182.74,13,295.2,0.5178181672943174,0.539475905801204,0.5050529247846348,0.5961307308226108,0.37304367911554703,0.5097089743211985,0.43656721570413465,0.5136767945011111,0.992512894583348,0.6150867818029779,0.6026204955075908,0.30868588292533583,0.5667651884954132
29/03/2023,165.82,57.53,146.56,28.51,1450.75,82.19,83.17,16.18,12.4,13.65,182.48,13,295.75,0.5566619051344482,0.5330425308270358,0.5722875922426157,0.6319444292958212,0.37284739476841966,0.5587762085639556,0.49671073859338366,0.5282714036279926,0.992512894583348,0.6150867818029779,0.5492365423159226,0.30868588292533583,0.581294389909952
30/03/2023,167.55,57.85,147.31,28.88,1447.0,81.06,82.9,16.25,12.4,13.65,184.31,13,295.1,0.6001835130455393,0.5266241761619215,0.532244473053736,0.6188868258848307,0.3726811313500115,0.5205502660570294,0.4890243726976516,0.550246777058737,0.992512894583348,0.6150867818029779,0.5935244175507047,0.30868588292533583,0.5566747017200471
31/03/2023,168.35,58.38,147.5,29.1,1475.5,79.63,82.6,16.29,12.4,13.65,186.84,13,295.95,0.5532298653956292,0.5459236130392566,0.4984890131860294,0.5702778560998236,0.37309200007514104,0.5050634577113371,0.4844088562540706,0.5282714036279926,0.992512894583348,0.6150867818029779,0.6091097286572607,0.30868588292533583,0.5876478982910868
01/04/2023,168.35,58.38,147.5,29.1,1475.5,79.63,82.6,16.29,0.0,13.65,186.84,13,295.95,0.5155630767475817,0.49749785559889903,0.48724306665073785,0.500111398569815,0.3727585780452793,0.5789414980448113,0.5304313584418854,0.4991275511270036,0.0,0.6150867818029779,0.5544755223119107,0.30868588292533583,0.5698366820387978
02/04/2023,168.35,58.38,147.5,29.1,1475.5,79.63,82.6,16.29,0.0,13.65,186.84,13,295.95,0.5155630767475817,0.49749785559889903,0.48724306665073785,0.500111398569815,0.3727585780452793,0.5789414980448113,0.5304313584418854,0.4991275511270036,0.0,0.6150867818029779,0.5544755223119107,0.30868588292533583,0.5698366820387978
03/04/2023,168.13,58.5,148.45,29.26,1495.0,80.6,82.4,16.24,0.0,13.65,185.66,14,296.85,0.5058198277792114,0.5083759136336135,0.5444795000993459,0.5510015697059439,0.37299912795571094,0.6291646769757089,0.49978307153954704,0.4629532104977405,0.0,0.6150867818029779,0.5312832641341166,0.3298345278005889,0.5887127224183315
04/04/2023,167.6,57.84,149.12,29.31,1482.75,79.93,81.12,15.95,0.0,13.65,188.32,14,294.25,0.49250463461521915,0.4385830407284113,0.5273744907820189,0.5159306339848538,0.37246795922908993,0.5443075368936934,0.33241324746823075,0.2928738872855687,0.0,0.6150867818029779,0.6120324879328816,0.3298345278005889,0.5186428566734683
05/04/2023,168.4,57.44,148.4,29.36,1477.75,80.02,80.89,16.0,0.0,13.65,190.42,14,290.3,0.5532298653956307,0.4616311890557343,0.44564389677552413,0.515930633984855,0.3726521921167477,0.5835975332613352,0.49517409280574065,0.5355854896076736,0.0,0.6150867818029779,0.5995037644374567,0.3298345278005889,0.4930535931994089
06/04/2023,171.07,58.13,146.22,28.9,1462.5,79.79,80.24,15.86,0.0,13.65,190.33,14,294.15,0.6500738668071434,0.5607117801794795,0.3643353886465076,0.3579004019509877,0.37238589739942823,0.5670471856260958,0.43037604845664573,0.3985166002471645,0.0,0.6150867818029779,0.5526511863481771,0.3298345278005889,0.6535268370750392
07/04/2023,171.07,58.13,146.22,28.9,1462.5,79.79,80.24,15.86,0.0,13.65,190.33,14,294.15,0.5155630767475817,0.49749785559889903,0.48724306665073785,0.500111398569815,0.3727585780452793,0.5789414980448113,0.5304313584418854,0.4991275511270036,0.0,0.6150867818029779,0.5544755223119107,0.3298345278005889,0.5698366820387978
08/04/2023,171.07,58.13,146.22,28.9,1462.5,79.79,80.24,15.86,0.0,13.65,190.33,14,294.15,0.5155630767475817,0.49749785559889903,0.48724306665073785,0.500111398569815,0.3727585780452793,0.5789414980448113,0.5304313584418854,0.4991275511270036,0.0,0.6150867818029779,0.5544755223119107,0.3298345278005889,0.5698366820387978
09/04/2023,171.07,58.13,146.22,28.9,1462.5,79.79,80.24,15.86,0.0,13.65,190.33,14,294.15,0.5155630767475817,0.49749785559889903,0.48724306665073785,0.500111398569815,0.3727585780452793,0.5789414980448113,0.5304313584418854,0.4991275511270036,0.0,0.6150867818029779,0.5544755223119107,0.3298345278005889,0.5698366820387978
10/04/2023,171.38,56.19,143.48,28.3,1461.75,78.65,79.39,15.66,0.0,13.65,188.03,15,284.9,0.5297809488478235,0.3271761113341649,0.33384656909138755,0.31560464618661765,0.3727447352090851,0.5200339559880062,0.3993649166002601,0.3560096719530338,0.0,0.6150867818029779,0.5102186212145565,0.3506160171067816,0.39568447383472455
11/04/2023,172.3,58.52,142.55,28.47,1471.25,76.24,78.34,15.65,0.0,13.65,186.9,15,293.0,0.5591247053912279,0.7153228421618499,0.4337420426902675,0.5542073170919347,0.3728871898313638,0.4545037148615818,0.36826867079967684,0.4918701402792801,0.0,0.6150867818029779,0.5322409296278823,0.3506160171067816,0.7508749469580136
12/04/2023,174.27,58.97,141.47,28.61,1472.25,74.76,77.66,15.71,0.2,13.65,187.05,15,291.55,0.6127168070702953,0.5385559594083419,0.42529100327661695,0.5445986074227384,0.3727750445640851,0.5024828003865043,0.42573017479844266,0.5429106433860613,0.2895944468794358,0.6150867818029779,0.5575436412696602,0.3506160171067816,0.5408705566266405
13/04/2023,175.5,57.92,140.0,28.42,1473.25,73.35,76.88,15.6,0.2,13.65,185.29,15,285.35,0.5745922907836865,0.40431733668482234,0.40349060978962253,0.4406977729992352,0.3727750445640851,0.5060957573293892,0.41022896306146645,0.41990250575180005,0.2895944468794358,0.6150867818029779,0.5202902412084489,0.3506160171067816,0.45123310099233016
14/04/2023,174.75,58.13,137.98,28.06,1467.25,73.8,75.99,15.45,0.2,13.65,185.82,15,285.9,0.48329298612256705,0.5165703919479213,0.37310625610994713,0.38836564664504414,0.37262829831510325,0.602230533412516,0.3931521921417549,0.3914079155979913,0.2895944468794358,0.6150867818029779,0.5654499929946062,0.3506160171067816,0.5812943899099507
15/04/2023,174.75,58.13,137.98,28.06,1467.25,73.8,75.99,15.45,0.2,13.65,185.82,15,285.9,0.5155630767475817,0.49749785559889903,0.48724306665073785,0.500111398569815,0.3727585780452793,0.5789414980448113,0.5304313584418854,0.4991275511270036,0.2895944468794358,0.6150867818029779,0.5544755223119107,0.3506160171067816,0.5698366820387978
16/04/2023,174.75,58.13,137.98,28.06,1467.25,73.8,75.99,15.45,0.2,13.65,185.82,15,285.9,0.5155630767475817,0.49749785559889903,0.48724306665073785,0.500111398569815,0.3727585780452793,0.5789414980448113,0.5304313584418854,0.4991275511270036,0.2895944468794358,0.6150867818029779,0.5544755223119107,0.3506160171067816,0.5698366820387978
17/04/2023,175.75,58.12,137.1,27.78,1485.5,72.0,75.29,15.26,0.2,13.65,187.42,16,286.8,0.5630842645275516,0.4965939857850257,0.4365680888918157,0.41290332941450925,0.3729857445568437,0.48596954180159924,0.4226317568580077,0.3630702808692025,0.2895944468794358,0.6150867818029779,0.5884658863886265,0.3710591232878496,0.5887127224183315
18/04/2023,176.48,57.17,137.67,27.67,1491.0,70.03,73.92,14.86,0.2,13.65,186.7,16,284.4,0.5498169112645725,0.41307204670600095,0.5213076855041565,0.46558547627285074,0.3728378251950769,0.4771988120877017,0.318357386794314,0.2166478073658752,0.2895944468794358,0.6150867818029779,0.5401647342534842,0.3710591232878496,0.5224757021800392
19/04/2023,175.43,54.85,137.91,27.17,1478.75,68.98,72.76,14.33,0.2,13.65,187.57,16,278.4,0.47099329272467777,0.2945915894107132,0.5014680842792756,0.34577503443851354,0.37246795922908993,0.5246809652374143,0.3511324650180888,0.12777568123716176,0.2895944468794358,0.6150867818029779,0.5726579994466983,0.3710591232878496,0.45491686348871774
20/04/2023,174.1,56.49,136.85,27.09,1468.5,66.72,70.6,13.97,0.2,13.65,185.7,16,285.4,0.45974565336932544,0.6497010375227888,0.4264155343660227,0.47496527251588405,0.372521018979203,0.46223981413149473,0.19444613764948704,0.24425232069695224,0.2895944468794358,0.6150867818029779,0.5182269794559722,0.3710591232878496,0.7253691022245756
21/04/2023,173.98,56.49,136.85,27.09,1449.0,66.72,70.6,13.97,0.2,13.65,185.7,16,285.4,0.5102143151509466,0.49749785559889903,0.48724306665073785,0.500111398569815,0.37226535465361443,0.5789414980448113,0.5304313584418854,0.4991275511270036,0.2895944468794358,0.6150867818029779,0.5544755223119107,0.3710591232878496,0.5698366820387978
22/04/2023,173.98,56.49,136.85,27.09,1449.0,66.72,70.6,13.97,0.2,13.65,185.7,16,285.4,0.5155630767475817,0.49749785559889903,0.48724306665073785,0.500111398569815,0.3727585780452793,0.5789414980448113,0.5304313584418854,0.4991275511270036,0.2895944468794358,0.6150867818029779,0.5544755223119107,0.3710591232878496,0.5698366820387978
23/04/2023,173.98,56.49,136.85,27.09,1449.0,66.72,70.6,13.97,0.2,13.65,185.7,16,285.4,0.5155630767475817,0.49749785559889903,0.48724306665073785,0.500111398569815,0.3727585780452793,0.5789414980448113,0.5304313584418854,0.4991275511270036,0.2895944468794358,0.6150867818029779,0.5544755223119107,0.3710591232878496,0.5698366820387978
24/04/2023,174.3,56.13,133.86,26.56,1436.0,64.22,70.11,13.91,0.2,13.65,182.64,17,282.9,0.5302483731404909,0.4651938716268434,0.32033067197258147,0.3367028254081581,0.3724477063731532,0.44986246245946065,0.4551169775830852,0.4557515293849788,0.2895944468794358,0.6150867818029779,0.4962572496575803,0.39118881230011915,0.5205577439008089
25/04/2023,174.3,55.55,131.27,25.9,1417.5,67.26,69.75,13.76,0.2,13.65,183.2,17,281.6,0.5155630767475817,0.4456556174842834,0.3419831737503875,0.2975959639039296,0.3722941258832867,0.7365287444296248,0.4751697940314452,0.3914079155979913,0.2895944468794358,0.6150867818029779,0.566081326576398,0.39118881230011915,0.5438083914185177
26/04/2023,174.52,55.24,130.24,25.78,1414.75,66.05,68.68,13.59,0.2,13.65,180.41,17,279.15,0.5255975514954776,0.4696540850906126,0.4281036200796554,0.46246469357860653,0.3727034017793062,0.5164199513360659,0.36515469179493065,0.37721987057655115,0.2895944468794358,0.6150867818029779,0.5011915857424811,0.39118881230011915,0.521516333323834
27/04/2023,175.45,55.83,130.83,26.26,1403.75,64.25,67.71,13.59,0.2,13.65,179.9,17,278.2,0.5596183775394651,0.5514611502267337,0.5225191525485838,0.6548863453920296,0.3725012903768719,0.48596954180159924,0.3807168256480448,0.4991275511270036,0.2895944468794358,0.6150867818029779,0.5442790301836561,0.39118881230011915,0.5507066252166938
28/04/2023,175.18,54.4,130.57,26.17,1419.25,65.29,65.61,13.15,0.2,13.65,181.23,17,271.4,0.5036421536243801,0.3712221402765987,0.4720550972361283,0.4718357364906687,0.37295577601371366,0.6327918913666818,0.20388748535182205,0.1891682471596991,0.2895944468794358,0.6150867818029779,0.5825724351318514,0.39118881230011915,0.4402155762132229
29/04/2023,175.18,54.4,130.57,26.17,1419.25,65.29,65.61,13.15,0.2,13.65,181.23,17,271.4,0.5155630767475817,0.49749785559889903,0.48724306665073785,0.500111398569815,0.3727585780452793,0.5789414980448113,0.5304313584418854,0.4991275511270036,0.2895944468794358,0.6150867818029779,0.5544755223119107,0.39118881230011915,0.5698366820387978
30/04/2023,175.18,54.4,130.57,26.17,1419.25,65.29,65.61,13.15,0.2,13.65,181.23,17,271.4,0.5155630767475817,0.49749785559889903,0.48724306665073785,0.500111398569815,0.3727585780452793,0.5789414980448113,0.5304313584418854,0.4991275511270036,0.2895944468794358,0.6150867818029779,0.5544755223119107,0.39118881230011915,0.5698366820387978
01/05/2023,164.88,54.4,130.57,26.17,1427.5,65.29,65.61,13.15,9.8,13.65,181.23,18,271.4,0.14926187576609184,0.49749785559889903,0.48724306665073785,0.500111398569815,0.372872165990113,0.5789414980448113,0.5304313584418854,0.4991275511270036,0.9886711008402963,0.6150867818029779,0.5544755223119107,0.41102692996415213,0.5698366820387978
02/05/2023,162.9,54.16,131.53,26.06,1410.75,63.46,64.5,12.78,1.2,13.65,181.0,18,273.35,0.43433834013977934,0.4759117410679519,0.5450933949981285,0.46558547627284963,0.3723438848637474,0.4844216723122603,0.35892445661795525,0.237339249094898,0.7721351562515812,0.6150867818029779,0.5498363598618079,0.41102692996415213,0.611389452402572
03/05/2023,161.65,52.55,131.61,26.37,1417.5,62.64,64.15,12.85,0.0,13.65,176.9,18,262.3,0.4629384290346924,0.35563165186740886,0.4919631730259761,0.5993740562369041,0.37285368307824124,0.5365590084693173,0.4767103666572379,0.550246777058737,0.0,0.6150867818029779,0.47747606772841344,0.41102692996415213,0.36335722230908496
04/05/2023,161.57,52.16,132.18,26.47,1417.75,62.47,62.85,12.59,0.0,13.65,179.43,18,260.45,0.5119876534835099,0.4625214116401458,0.5213076855041565,0.5318274453997264,0.37276288076251535,0.5701494720900175,0.3292909169465511,0.31383899022982875,0.0,0.6150867818029779,0.6091097286572607,0.41102692996415213,0.5330839559584275
05/05/2023,161.93,54.53,132.58,26.82,1436.5,61.12,62.32,12.6,0.2,13.65,180.61,18,269.6,0.5321231172205102,0.7191477976692575,0.5110505914987334,0.6123726214070944,0.3729911146431173,0.5091927842532135,0.4489377793861393,0.5063964551116429,0.2895944468794358,0.6150867818029779,0.5793209654310122,0.41102692996415213,0.7753839255213997
06/05/2023,161.93,54.53,132.58,26.82,1436.5,61.12,62.32,12.6,0.0,13.65,180.61,18,269.6,0.5155630767475817,0.49749785559889903,0.48724306665073785,0.500111398569815,0.3727585780452793,0.5789414980448113,0.5304313584418854,0.4991275511270036,0.0,0.6150867818029779,0.5544755223119107,0.41102692996415213,0.5698366820387978
07/05/2023,161.93,54.53,132.58,26.82,1436.5,61.12,62.32,12.6,0.0,13.65,180.61,18,269.6,0.5155630767475817,0.49749785559889903,0.48724306665073785,0.500111398569815,0.3727585780452793,0.5789414980448113,0.5304313584418854,0.4991275511270036,0.0,0.6150867818029779,0.5544755223119107,0.41102692996415213,0.5698366820387978
08/05/2023,162.43,54.72,133.96,26.72,1433.75,61.33,61.75,12.32,0.0,13.65,181.15,19,274.35,0.5387458619234445,0.5147468750353896,0.5710442031759224,0.4687091475864579,0.3727034017793062,0.5898070508401602,0.44275449155550006,0.29985356582251727,0.0,0.6150867818029779,0.5656603307796094,0.4305927350339436,0.6738424808971999
09/05/2023,163.93,54.64,134.82,27.03,1414.25,59.73,60.46,12.12,5.0,13.65,180.12,19,272.55,0.5883197500489667,0.4902782878783755,0.5389634640737107,0.5993740562369041,0.37226535465361443,0.49628974393367736,0.3308521684607378,0.35600967195303246,0.9654538794732821,0.6150867818029779,0.5341615914472392,0.4305927350339436,0.5340537428773958
10/05/2023,163.0,55.48,133.12,26.89,1404.0,59.14,60.13,12.14,0.0,13.65,180.78,19,274.7,0.4758799226291352,0.5746350053373284,0.39073752953512586,0.456231680866723,0.372521018979203,0.548440781344704,0.47979064359699464,0.5136767945011126,0.0,0.6150867818029779,0.5681925501129751,0.4305927350339436,0.615766526799283
11/05/2023,162.95,54.88,133.65,27.04,1405.5,59.0,58.69,11.87,0.0,13.65,179.0,19,271.25,0.5133238322102872,0.44388594737466475,0.518887671530018,0.5477986591078168,0.37278271911358024,0.5717007619253521,0.3074156809226748,0.30684190710688464,0.0,0.6150867818029779,0.5199146310882382,0.4305927350339436,0.5024787835340043
12/05/2023,164.4,55.32,133.1,27.02,1390.0,58.27,58.79,11.93,0.2,13.65,180.43,19,272.55,0.5857608398003273,0.5376363073310183,0.4553454601098753,0.493806106548914,0.37237893819422735,0.5412079268613363,0.5457003965273644,0.5429106433860613,0.2895944468794358,0.6150867818029779,0.5847492736709309,0.4305927350339436,0.5972849525644631
13/05/2023,164.4,55.32,133.1,27.02,1390.0,58.27,58.79,11.93,0.2,13.65,180.43,19,272.55,0.5155630767475817,0.49749785559889903,0.48724306665073785,0.500111398569815,0.3727585780452793,0.5789414980448113,0.5304313584418854,0.4991275511270036,0.2895944468794358,0.6150867818029779,0.5544755223119107,0.4305927350339436,0.5698366820387978
14/05/2023,164.4,55.32,133.1,27.02,1390.0,58.27,58.79,11.93,0.2,13.65,180.43,19,272.55,0.5155630767475817,0.49749785559889903,0.48724306665073785,0.500111398569815,0.3727585780452793,0.5789414980448113,0.5304313584418854,0.4991275511270036,0.2895944468794358,0.6150867818029779,0.5544755223119107,0.4305927350339436,0.5698366820387978
15/05/2023,164.32,55.91,132.99,27.17,1328.25,58.77,58.83,12.02,0.2,13.65,179.86,20,273.6,0.5119876534835099,0.5514611502267337,0.4807903545692041,0.547798659107818,0.37090204935262144,0.6048194310030577,0.5365434054710463,0.5649516399985806,0.2895944468794358,0.6150867818029779,0.5430991967414259,0.44990331915737813,0.5919164808997714
16/05/2023,163.88,54.1,131.53,26.63,1298.25,55.68,58.84,11.91,0.2,13.65,177.15,20,267.2,0.4963266819860808,0.3383671983417297,0.4040467380915287,0.33368283084550976,0.37195068068102843,0.41944347526544645,0.5319599407537741,0.41990250575180144,0.2895944468794358,0.6150867818029779,0.5026588189539264,0.44990331915737813,0.44755507320647253
17/05/2023,164.82,54.21,130.22,26.37,1274.75,54.42,57.43,11.63,0.2,13.65,178.05,20,267.75,0.5601124165315884,0.5074672573899338,0.41240606786831446,0.4190620248273259,0.37214802864898494,0.5138386936252053,0.31210596957399495,0.29985356582251727,0.2895944468794358,0.6150867818029779,0.5732992410468878,0.44990331915737813,0.581294389909952
18/05/2023,165.52,53.79,128.84,25.93,1269.5,53.44,56.51,11.37,0.2,13.65,177.37,20,267.3,0.5483602209624836,0.45985162662715373,0.40850093202824866,0.36397583352534063,0.3726462762582796,0.5282956541981159,0.38849046088868566,0.3138389902298274,0.2895944468794358,0.6150867818029779,0.5409452241026177,0.44990331915737813,0.5606868132331049
19/05/2023,165.73,52.71,129.34,25.86,1248.0,54.58,56.04,11.21,0.2,13.65,177.38,20,263.6,0.5251353973889992,0.40169483026773467,0.5170752630262825,0.4780977857677457,0.37220712279338825,0.6379741587158796,0.4582050098536876,0.3843090383427833,0.2895944468794358,0.6150867818029779,0.5546790000825097,0.44990331915737813,0.4977591562526092
20/05/2023,165.73,52.71,129.34,25.86,1248.0,54.58,56.04,11.21,0.2,13.65,177.38,20,263.6,0.5155630767475817,0.49749785559889903,0.48724306665073785,0.500111398569815,0.3727585780452793,0.5789414980448113,0.5304313584418854,0.4991275511270036,0.2895944468794358,0.6150867818029779,0.5544755223119107,0.44990331915737813,0.5698366820387978
21/05/2023,165.73,52.71,129.34,25.86,1248.0,54.58,56.04,11.21,0.2,13.65,177.38,20,263.6,0.5155630767475817,0.49749785559889903,0.48724306665073785,0.500111398569815,0.3727585780452793,0.5789414980448113,0.5304313584418854,0.4991275511270036,0.2895944468794358,0.6150867818029779,0.5544755223119107,0.44990331915737813,0.5698366820387978
22/05/2023,165.05,53.04,128.95,25.95,1275.5,54.74,55.83,11.24,0.2,13.65,177.48,21,263.55,0.4862049102619218,0.5275401364205919,0.46453761606691973,0.5286420333775557,0.3730819413128602,0.58721955722528,0.49824706569362615,0.5209684749066019,0.2895944468794358,0.6150867818029779,0.556517234478412,0.4689739419624208,0.5688101559656252
23/05/2023,164.27,52.66,129.72,26.09,1258.75,55.9,55.16,11.09,0.2,13.65,174.7,21,261.85,0.4820501612593236,0.46341193142189396,0.5334641818466405,0.5445986074227384,0.3723438848637474,0.6390106851057378,0.427279034479843,0.3914079155979913,0.2895944468794358,0.6150867818029779,0.5013748562659088,0.4689739419624208,0.5359962504884489
24/05/2023,166.1,51.96,128.86,26.02,1258.75,56.03,54.56,11.02,0.2,13.65,175.67,21,257.3,0.6053872885082081,0.43505272757385577,0.4376998236332184,0.4780977857677457,0.3727585780452793,0.5856671929572675,0.4381144031780215,0.44856062695850235,0.2895944468794358,0.6150867818029779,0.5747985363718852,0.4689739419624208,0.4818132908953095
25/05/2023,167.3,50.78,129.4,25.68,1249.75,56.06,55.0,10.92,0.2,13.65,172.69,21,255.85,0.573081179323249,0.3929656677159663,0.5194923063355655,0.394485826793123,0.3725534132973112,0.5804933988273678,0.597369352085307,0.4270514369237306,0.2895944468794358,0.6150867818029779,0.49771651815185597,0.4689739419624208,0.54087055662664
26/05/2023,167.35,50.76,130.72,26.2,1261.0,58.39,54.82,10.99,0.2,13.65,172.35,21,253.3,0.5178181672943174,0.49569053109416616,0.5673179956244652,0.6680464822043954,0.3729077389018052,0.6996830440575208,0.5028541089884692,0.550246777058737,0.2895944468794358,0.6150867818029779,0.5476424148615663,0.4689739419624208,0.5195999221556762
27/05/2023,167.35,50.76,130.72,26.2,1261.0,58.39,54.82,10.99,0.2,13.65,172.35,21,253.3,0.5155630767475817,0.49749785559889903,0.48724306665073785,0.500111398569815,0.3727585780452793,0.5789414980448113,0.5304313584418854,0.4991275511270036,0.2895944468794358,0.6150867818029779,0.5544755223119107,0.4689739419624208,0.5698366820387978
28/05/2023,167.35,50.76,130.72,26.2,1261.0,58.39,54.82,10.99,0.2,13.65,172.35,21,253.3,0.5155630767475817,0.49749785559889903,0.48724306665073785,0.500111398569815,0.3727585780452793,0.5789414980448113,0.5304313584418854,0.4991275511270036,0.2895944468794358,0.6150867818029779,0.5544755223119107,0.4689739419624208,0.5698366820387978
29/05/2023,167.35,50.76,130.72,26.2,1261.0,58.39,54.82,10.99,0.2,13.65,172.35,22,253.3,0.5155630767475817,0.49749785559889903,0.48724306665073785,0.500111398569815,0.3727585780452793,0.5789414980448113,0.5304313584418854,0.4991275511270036,0.2895944468794358,0.6150867818029779,0.5544755223119107,0.48781830149373506,0.5698366820387978
30/05/2023,168.88,47.96,129.47,25.68,1219.5,55.58,54.27,10.76,0.2,13.65,173.84,22,241.75,0.5898586312708934,0.2536769997651395,0.4157592434565933,0.33972484768347755,0.3715850371471587,0.4338781443853154,0.4458466402028375,0.3348835020880564,0.2895944468794358,0.6150867818029779,0.5860587662753939,0.48781830149373506,0.3544272648758438
31/05/2023,169.13,47.89,128.05,25.21,1217.75,53.71,53.77,10.59,0.2,13.65,174.38,22,243.25,0.5269872591536416,0.49117933836999955,0.4062726783435834,0.35486589705181537,0.37272470212906617,0.48235790949229096,0.4535725671925057,0.37721987057655115,0.2895944468794358,0.6150867818029779,0.5656603307796094,0.48781830149373506,0.6016035643834113
01/06/2023,174.9,48.65,127.43,25.42,1244.0,54.65,53.9,10.75,34.2,13.65,175.62,22,243.9,0.8263150103734438,0.5672024450999873,0.4513429930050019,0.5670582443913101,0.3730692853413865,0.6276102536274569,0.5502741098457486,0.6167522901583335,0.9989600463013287,0.6150867818029779,0.580619516923709,0.48781830149373506,0.583405165178428
02/06/2023,176.43,50.09,127.82,25.79,1262.5,53.83,53.72,10.84,3.8,13.65,180.77,22,248.3,0.5898586312708934,0.6308205079373538,0.510449579659658,0.6188868258848307,0.37298843244286983,0.5365590084693173,0.5028541089884692,0.5649516399985806,0.947393461538417,0.6150867818029779,0.6693479600419739,0.48781830149373506,0.6659190725982319
03/06/2023,176.43,50.09,127.82,25.79,1262.5,53.83,53.72,10.84,0.0,13.65,180.77,22,248.3,0.5155630767475817,0.49749785559889903,0.48724306665073785,0.500111398569815,0.3727585780452793,0.5789414980448113,0.5304313584418854,0.4991275511270036,0.0,0.6150867818029779,0.5544755223119107,0.48781830149373506,0.5698366820387978
04/06/2023,176.43,50.09,127.82,25.79,1262.5,53.83,53.72,10.84,8.8,13.65,180.77,22,248.3,0.5155630767475817,0.49749785559889903,0.48724306665073785,0.500111398569815,0.3727585780452793,0.5789414980448113,0.5304313584418854,0.4991275511270036,0.9863633278046916,0.6150867818029779,0.5544755223119107,0.48781830149373506,0.5698366820387978
05/06/2023,177.15,50.51,127.86,25.95,1261.0,52.91,53.63,10.89,0.0,13.65,181.72,23,248.85,0.5493309422635799,0.5357978939445929,0.48960026701596265,0.5510015697059439,0.3727298451944452,0.5313942106567814,0.5166571544129638,0.5355854896076736,0.0,0.6150867818029779,0.5743697340066307,0.5064487547362421,0.5812943899099513
06/06/2023,179.82,49.85,127.48,25.95,1265.75,52.96,54.07,11.01,0.0,13.65,179.84,23,244.9,0.6500738668071434,0.4385830407284113,0.4651142613080347,0.500111398569815,0.3728280710505443,0.5815280617762192,0.597369352085307,0.5870891709569119,0.0,0.6150867818029779,0.5180397206437849,0.5064487547362421,0.4930535931994089
07/06/2023,179.0,49.62,127.53,25.89,1267.25,53.38,53.72,10.91,0.0,13.65,178.09,23,244.4,0.4803977174221705,0.4768070096194907,0.4901904666121246,0.4812333069438174,0.37278271911358024,0.6006773005502571,0.4767103666572368,0.4270514369237306,0.0,0.6150867818029779,0.5204781260933887,0.5064487547362421,0.5596810302086817
08/06/2023,178.77,49.62,127.53,25.89,1279.25,53.38,53.72,10.91,0.0,13.65,178.09,23,244.4,0.5053832851954132,0.49749785559889903,0.48724306665073785,0.500111398569815,0.3729163938882673,0.5789414980448113,0.5304313584418854,0.4991275511270036,0.0,0.6150867818029779,0.5544755223119107,0.5064487547362421,0.5698366820387978
09/06/2023,178.23,51.5,127.61,26.17,1296.0,53.27,53.73,11.02,0.2,13.65,180.32,23,251.1,0.4920819845418563,0.6724451029384761,0.49196317302597525,0.5896517810283661,0.37296949283784897,0.573252152920542,0.5319599407537731,0.5796994047608528,0.2895944468794358,0.6150867818029779,0.6023975165251882,0.5064487547362421,0.7184459734528711
10/06/2023,178.23,51.5,127.61,26.17,1296.0,53.27,53.73,11.02,9.0,13.65,180.32,23,251.1,0.5155630767475817,0.49749785559889903,0.48724306665073785,0.500111398569815,0.3727585780452793,0.5789414980448113,0.5304313584418854,0.4991275511270036,0.9868783863930494,0.6150867818029779,0.5544755223119107,0.5064487547362421,0.5698366820387978
11/06/2023,178.23,51.5,127.61,26.17,1296.0,53.27,53.73,11.02,12.8,13.65,180.32,23,251.1,0.5155630767475817,0.49749785559889903,0.48724306665073785,0.500111398569815,0.3727585780452793,0.5789414980448113,0.5304313584418854,0.4991275511270036,0.992926440139659,0.6150867818029779,0.5544755223119107,0.5064487547362421,0.5698366820387978
12/06/2023,179.07,48.84,127.28,26.16,1292.5,53.18,53.77,11.05,0.0,13.65,174.97,24,237.65,0.5551887343210515,0.26558421774798047,0.46800146856561986,0.4969571497792754,0.3726867789681567,0.5742864711316445,0.5365434054710474,0.5209684749066031,0.0,0.6150867818029779,0.45529375459462107,0.5248764991297242,0.3206686001151376
13/06/2023,179.43,50.1,127.37,26.19,1321.75,53.23,54.07,11.12,0.0,13.65,173.4,24,243.65,0.5321231172205102,0.6138892068714135,0.4925547674762249,0.5095934433208895,0.37309950716445534,0.5815280617762189,0.5761360791341725,0.5502467770587357,0.0,0.6150867818029779,0.5238694120649424,0.5248764991297242,0.7023517872579508
14/06/2023,177.45,51.66,126.62,26.23,1318.5,53.52,54.33,11.25,0.0,13.65,177.07,24,249.4,0.43433834013977823,0.6421405671805056,0.44393828119216483,0.5127604742362117,0.3726923749771655,0.5939475874210792,0.5700590517997042,0.594489420064154,0.0,0.6150867818029779,0.6349992331862994,0.5248764991297242,0.6966252604987191
15/06/2023,177.57,49.16,127.12,26.46,1368.5,54.76,54.35,11.31,0.0,13.65,177.77,24,236.15,0.5210011183648303,0.2792184228429269,0.5170752630262825,0.5735001790844935,0.37329734415641014,0.6431570263033001,0.5334881401426831,0.5429106433860613,0.0,0.6150867818029779,0.5690398663231488,0.5248764991297242,0.32420982479701205
16/06/2023,178.35,50.68,128.34,26.64,1407.5,57.2,54.36,11.28,0.0,13.65,179.61,24,244.2,0.5522527601777849,0.638364419810377,0.5611211719065348,0.5574158794995683,0.3731945830129752,0.7053903532175576,0.5319599407537731,0.47738938743779863,0.0,0.6150867818029779,0.5937451043883984,0.5248764991297242,0.749711667017473
17/06/2023,178.35,50.68,128.34,26.64,1407.5,57.2,54.36,11.28,0.0,13.65,179.61,24,244.2,0.5155630767475817,0.49749785559889903,0.48724306665073785,0.500111398569815,0.3727585780452793,0.5789414980448113,0.5304313584418854,0.4991275511270036,0.0,0.6150867818029779,0.5544755223119107,0.5248764991297242,0.5698366820387978
18/06/2023,178.35,50.68,128.34,26.64,1407.5,57.2,54.36,11.28,0.0,13.65,179.61,24,244.2,0.5155630767475817,0.49749785559889903,0.48724306665073785,0.500111398569815,0.3727585780452793,0.5789414980448113,0.5304313584418854,0.4991275511270036,0.0,0.6150867818029779,0.5544755223119107,0.5248764991297242,0.5698366820387978
19/06/2023,178.35,50.68,128.34,26.64,1407.5,57.2,54.36,11.28,0.0,13.65,179.61,25,244.2,0.5155630767475817,0.49749785559889903,0.48724306665073785,0.500111398569815,0.3727585780452793,0.5789414980448113,0.5304313584418854,0.4991275511270036,0.0,0.6150867818029779,0.5544755223119107,0.543111723256146,0.5698366820387978
20/06/2023,177.13,52.5,129.07,26.93,1408.25,56.31,54.83,11.44,0.0,13.65,178.22,25,251.6,0.46413989149499024,0.6667505402602041,0.5310256399582152,0.592889966483844,0.3727710909864317,0.5329435783960009,0.6019123647096201,0.6167522901583335,0.0,0.6150867818029779,0.5272793598559938,0.543111723256146,0.7346225301043467
21/06/2023,177.25,53.03,130.8,27.42,1445.0,59.13,55.52,11.64,0.0,13.65,177.16,25,252.95,0.5210011183648303,0.5459236130392566,0.5928939863639192,0.6581729940927681,0.3731730197976144,0.7251099058179113,0.6351590649638947,0.6465782803409194,0.0,0.6150867818029779,0.533584631147638,0.543111723256146,0.5983627003805421
22/06/2023,177.65,52.3,129.68,27.14,1418.25,58.59,57.07,11.94,0.0,13.65,177.65,25,249.9,0.5340057840171739,0.43240752587969006,0.4230439721467203,0.41290332941450814,0.3720503110099153,0.5510243192266752,0.7641807317821555,0.7218264196323094,0.0,0.6150867818029779,0.5646097244041889,0.543111723256146,0.510061566855789
23/06/2023,177.5,52.79,128.7,26.92,1404.0,56.13,57.36,12.0,0.0,13.65,177.23,25,252.4,0.5088902760096623,0.5422374917736211,0.43092059419575385,0.4314097374365717,0.3724135552690635,0.4519252043406331,0.5746172716300886,0.5429106433860613,0.0,0.6150867818029779,0.5460557253000349,0.543111723256146,0.6234634648733938
24/06/2023,177.5,52.79,128.7,26.92,1404.0,56.13,57.36,12.0,0.0,13.65,177.23,25,252.4,0.5155630767475817,0.49749785559889903,0.48724306665073785,0.500111398569815,0.3727585780452793,0.5789414980448113,0.5304313584418854,0.4991275511270036,0.0,0.6150867818029779,0.5544755223119107,0.543111723256146,0.5698366820387978
25/06/2023,177.5,52.79,128.7,26.92,1404.0,56.13,57.36,12.0,0.0,13.65,177.23,25,252.4,0.5155630767475817,0.49749785559889903,0.48724306665073785,0.500111398569815,0.3727585780452793,0.5789414980448113,0.5304313584418854,0.4991275511270036,0.0,0.6150867818029779,0.5544755223119107,0.543111723256146,0.5698366820387978
26/06/2023,177.7,54.09,130.26,27.33,1424.5,57.29,57.41,12.05,0.0,13.65,174.52,26,257.8,0.524673790532344,0.617646481551731,0.5822577384411765,0.63194442929582,0.37300973760559836,0.6390106851057378,0.5380704788832585,0.5355854896076736,0.0,0.6150867818029779,0.5026588189539268,0.5611637329171254,0.6886281842855212
27/06/2023,179.3,53.79,128.97,26.89,1395.5,55.7,57.67,12.02,0.0,13.65,174.58,26,258.0,0.5934594910567016,0.4705470665195721,0.41352317785639536,0.3639758335253417,0.3719815290297362,0.4968058044614949,0.5700590517997053,0.47738938743779863,0.0,0.6150867818029779,0.5556987275421277,0.5611637329171254,0.5739701858982316
28/06/2023,179.63,52.06,128.45,26.52,1361.0,55.25,56.36,11.63,0.0,13.65,178.66,26,252.2,0.5307163053749149,0.345265902494702,0.4570642544376139,0.3853090294167534,0.37180988357451006,0.555675215932588,0.3277294936567682,0.22353705910230354,0.0,0.6150867818029779,0.6444394389279176,0.5611637329171254,0.45860653391828204
29/06/2023,179.75,53.54,128.56,26.47,1367.75,54.48,56.12,11.56,0.0,13.65,178.88,26,260.0,0.5210011183648303,0.6345910524804415,0.49373897700409086,0.4843718673509234,0.37285368307824124,0.5391416687319078,0.4936371308564077,0.44856062695850235,0.0,0.6150867818029779,0.5589864613591069,0.5611637329171254,0.7439007109035048
30/06/2023,181.5,53.04,131.2,27.37,1442.0,53.3,55.36,11.55,0.0,13.65,180.76,26,254.2,0.601222114537988,0.4527448358689256,0.6504867835509012,0.794737643517575,0.3735121167000661,0.5179687752109693,0.4133310093702049,0.4918701402792801,0.0,0.6150867818029779,0.594628458203065,0.5611637329171254,0.45860653391828204
01/07/2023,181.5,53.04,131.2,27.37,1442.0,53.3,55.36,11.55,3.2,13.65,180.76,26,254.2,0.5155630767475817,0.49749785559889903,0.48724306665073785,0.500111398569815,0.3727585780452793,0.5789414980448113,0.5304313584418854,0.4991275511270036,0.9323652131620573,0.6150867818029779,0.5544755223119107,0.5611637329171254,0.5698366820387978
02/07/2023,181.5,53.04,131.2,27.37,1442.0,53.3,55.36,11.55,8.8,13.65,180.76,26,254.2,0.5155630767475817,0.49749785559889903,0.48724306665073785,0.500111398569815,0.3727585780452793,0.5789414980448113,0.5304313584418854,0.4991275511270036,0.9863633278046916,0.6150867818029779,0.5544755223119107,0.5611637329171254,0.5698366820387978
03/07/2023,176.82,53.92,132.85,27.65,1467.75,52.94,55.53,11.56,2.4,13.65,181.61,27,259.05,0.33571759431937864,0.5783569538347089,0.5878833440705786,0.5896517810283649,0.37306419628337867,0.5603268283840417,0.5563676299412925,0.5063964551116429,0.8993785323552774,0.6150867818029779,0.572230951467566,0.5790410573815297,0.6761113586786013
04/07/2023,176.82,53.92,132.85,27.65,1467.75,52.94,55.53,11.56,19.0,13.65,181.61,27,259.05,0.5155630767475817,0.49749785559889903,0.48724306665073785,0.500111398569815,0.3727585780452793,0.5789414980448113,0.5304313584418854,0.4991275511270036,0.996582757022566,0.6150867818029779,0.5544755223119107,0.5790410573815297,0.5698366820387978
05/07/2023,174.95,50.51,133.91,27.64,1468.75,53.2,56.12,11.58,0.0,13.65,179.36,27,244.7,0.4385770488973485,0.20202346996800263,0.5512430198167882,0.4969571497792765,0.3727750445640851,0.5923948094539935,0.6200614305180109,0.5136767945011111,0.0,0.6150867818029779,0.511145416151431,0.5790410573815297,0.3047665294841274
06/07/2023,174.57,52.23,134.46,27.3,1448.25,54.47,55.35,11.24,0.0,13.65,178.77,27,257.3,0.49889368275184426,0.6572721465999805,0.5200971879249646,0.394485826793123,0.37223635059627086,0.6447119995644093,0.4117800970844173,0.2581027584460174,0.0,0.6150867818029779,0.5427067095008268,0.5790410573815297,0.8568546071277162
07/07/2023,177.0,52.74,133.34,27.44,1427.75,53.7,55.88,11.5,0.0,13.65,177.5,27,256.25,0.6371394964756454,0.5440799860891042,0.4230439721467203,0.5445986074227384,0.37223635059627086,0.5391416687319082,0.6109914011954187,0.6916127032419175,0.0,0.6150867818029779,0.5295637680675744,0.5790410573815297,0.5487291096023672
08/07/2023,177.0,52.74,133.34,27.44,1427.75,53.7,55.88,11.5,0.0,13.65,177.5,27,256.25,0.5155630767475817,0.49749785559889903,0.48724306665073785,0.500111398569815,0.3727585780452793,0.5789414980448113,0.5304313584418854,0.4991275511270036,0.0,0.6150867818029779,0.5544755223119107,0.5790410573815297,0.5698366820387978
09/07/2023,177.0,52.74,133.34,27.44,1427.75,53.7,55.88,11.5,0.0,13.65,177.5,27,256.25,0.5155630767475817,0.49749785559889903,0.48724306665073785,0.500111398569815,0.3727585780452793,0.5789414980448113,0.5304313584418854,0.4991275511270036,0.0,0.6150867818029779,0.5544755223119107,0.5790410573815297,0.5698366820387978
10/07/2023,177.2,52.14,134.78,27.59,1455.5,54.38,55.79,11.42,0.4,13.65,176.87,28,254.7,0.524673790532344,0.44388594737466414,0.5747763193022313,0.5477986591078168,0.373084461392576,0.6141411848959819,0.5166571544129627,0.4413803865727718,0.46795964422223424,0.6150867818029779,0.5419228888011385,0.5967515395174675,0.5389176373017778
11/07/2023,178.82,52.93,136.44,28.08,1471.5,55.4,55.24,11.37,0.0,13.65,177.87,28,257.15,0.5944908801415196,0.5699878557991104,0.5885091604248158,0.6581729940927669,0.3729612826488396,0.6317555124596914,0.4458466402028375,0.4629532104977405,0.0,0.6150867818029779,0.575442378208934,0.5967515395174675,0.6223611516064058
12/07/2023,176.88,53.55,134.71,27.96,1444.25,54.84,55.29,11.48,0.0,13.65,176.88,28,258.0,0.4358770496553588,0.5542335801741494,0.38907924153424556,0.46246469357860653,0.37203510310985377,0.5499908795059384,0.5380704788832585,0.5796994047608541,0.0,0.6150867818029779,0.5349319126988599,0.5967515395174675,0.587647898291088
13/07/2023,176.9,52.86,136.02,28.4,1484.75,55.26,54.06,11.29,0.0,13.65,178.74,28,253.2,0.516463217684936,0.43593494099883945,0.5666975454220645,0.641762688081808,0.3732088468535651,0.6006773005502568,0.3402160288690752,0.36307028086920135,0.0,0.6150867818029779,0.5941866603945692,0.5967515395174675,0.47715036013125556
14/07/2023,180.18,53.17,136.31,28.43,1480.25,54.4,54.28,11.32,0.0,13.65,181.58,28,254.9,0.6834827534702266,0.5257085377989872,0.5044547158022317,0.5095934433208895,0.37266390061477067,0.5344930070714039,0.5639771399642991,0.5209684749066031,0.0,0.6150867818029779,0.616092768844282,0.5967515395174675,0.6059416147627361
15/07/2023,180.18,53.17,136.31,28.43,1480.25,54.4,54.28,11.32,0.0,13.65,181.58,28,254.9,0.5155630767475817,0.49749785559889903,0.48724306665073785,0.500111398569815,0.3727585780452793,0.5789414980448113,0.5304313584418854,0.4991275511270036,0.0,0.6150867818029779,0.5544755223119107,0.5967515395174675,0.5698366820387978
16/07/2023,180.18,53.17,136.31,28.43,1480.25,54.4,54.28,11.32,0.0,13.65,181.58,28,254.9,0.5155630767475817,0.49749785559889903,0.48724306665073785,0.500111398569815,0.3727585780452793,0.5789414980448113,0.5304313584418854,0.4991275511270036,0.0,0.6150867818029779,0.5544755223119107,0.5967515395174675,0.5698366820387978
17/07/2023,180.13,53.37,137.75,28.61,1407.25,54.29,54.52,11.32,0.0,13.65,180.72,29,257.0,0.5133238322102872,0.5156584572298343,0.5747763193022313,0.5574158794995683,0.37050556483735947,0.573252152920542,0.5670187164633138,0.4991275511270036,0.0,0.6150867818029779,0.5374439765914542,0.614302412723353,0.6146707566644471
18/07/2023,181.27,51.62,138.04,28.71,1418.75,57.67,54.57,11.35,0.0,13.65,182.48,29,248.2,0.5700678453571615,0.34354035760473883,0.5044547158022317,0.5318274453997276,0.37291063337097075,0.7541790437356293,0.5380704788832585,0.5209684749066019,0.0,0.6150867818029779,0.5919813300927123,0.614302412723353,0.40381415097161655
19/07/2023,181.32,51.44,139.04,29.06,1432.0,59.48,55.04,11.5,0.0,13.65,181.82,29,246.15,0.5178181672943174,0.48128847760862425,0.5475509338934981,0.6123726214070933,0.37293063895015655,0.6727096425488469,0.6019123647096201,0.6093210558845157,0.0,0.6150867818029779,0.5413360127919986,0.614302412723353,0.5292141747365007
20/07/2023,180.32,52.25,139.73,29.1,1426.25,57.61,54.68,11.39,0.0,13.65,182.83,29,250.9,0.4730242635700709,0.571846002202888,0.5285906390119415,0.5127604742362127,0.37263432813651454,0.48235790949229096,0.4751697940314452,0.41990250575180144,0.0,0.6150867818029779,0.5756571607890172,0.614302412723353,0.6738424808971999
21/07/2023,180.02,51.59,139.43,29.2,1429.0,57.29,53.74,11.25,0.0,13.65,184.63,29,246.35,0.5023414688244824,0.4385830407284113,0.46973705399910853,0.5318274453997264,0.37280090862492854,0.562394453648629,0.38538161411838806,0.3985166002471645,0.0,0.6150867818029779,0.5928627240808835,0.614302412723353,0.4818132908953095
22/07/2023,180.02,51.59,139.43,29.2,1429.0,57.29,53.74,11.25,0.0,13.65,184.63,29,246.35,0.5155630767475817,0.49749785559889903,0.48724306665073785,0.500111398569815,0.3727585780452793,0.5789414980448113,0.5304313584418854,0.4991275511270036,0.0,0.6150867818029779,0.5544755223119107,0.614302412723353,0.5698366820387978
23/07/2023,180.02,51.59,139.43,29.2,1429.0,57.29,53.74,11.25,0.0,13.65,184.63,29,246.35,0.5155630767475817,0.49749785559889903,0.48724306665073785,0.500111398569815,0.3727585780452793,0.5789414980448113,0.5304313584418854,0.4991275511270036,0.0,0.6150867818029779,0.5544755223119107,0.614302412723353,0.5698366820387978
24/07/2023,178.75,52.19,140.91,29.76,1453.25,58.15,55.06,11.63,0.0,13.65,186.37,30,247.1,0.4621387309221213,0.5523850261275461,0.5772676116889778,0.6812422357491982,0.373048833277573,0.6234654184140052,0.7298015444853402,0.7826940647488669,0.0,0.6150867818029779,0.5915410070693037,0.6317003669661485,0.5855231309396244
25/07/2023,178.3,51.25,139.97,29.45,1450.5,57.37,55.28,11.63,0.0,13.65,186.55,30,243.6,0.49590035494067547,0.4139486467161229,0.43317738921546994,0.4036837487361089,0.3727034017793062,0.5386251223796701,0.5639771399642991,0.4991275511270036,0.0,0.6150867818029779,0.5581611745359356,0.6317003669661485,0.5015336941504911
26/07/2023,178.68,51.47,141.75,29.96,1468.5,56.6,55.12,11.65,0.0,13.65,193.89,30,243.5,0.5330634726721316,0.517482676410807,0.5960303444538947,0.6647530759739619,0.3729830508989044,0.5391416687319082,0.5059238295407483,0.5136767945011111,0.0,0.6150867818029779,0.7213477008509095,0.6317003669661485,0.5677863685818793
27/07/2023,178.05,50.9,142.01,29.94,1453.5,57.11,54.71,11.53,0.0,13.65,193.8,30,241.4,0.4882954915331419,0.44654084154638524,0.5026618455156094,0.493806106548914,0.3723928389429946,0.6053372364110083,0.46746267124804686,0.41276379267595825,0.0,0.6150867818029779,0.5526511863481771,0.6317003669661485,0.5282489886501897
28/07/2023,178.15,51.8,141.8,29.97,1433.0,55.87,54.92,11.61,0.0,13.65,194.55,30,245.05,0.5200887110186938,0.5802193113108941,0.4749591807835464,0.5095934433208884,0.37223635059627086,0.5148711795532263,0.5624558797846808,0.5575938042351137,0.0,0.6150867818029779,0.5701012047514136,0.6317003669661485,0.6490396345269142
29/07/2023,178.15,51.8,141.8,29.97,1433.0,55.87,54.92,11.61,0.0,13.65,194.55,30,245.05,0.5155630767475817,0.49749785559889903,0.48724306665073785,0.500111398569815,0.3727585780452793,0.5789414980448113,0.5304313584418854,0.4991275511270036,0.0,0.6150867818029779,0.5544755223119107,0.6317003669661485,0.5698366820387978
30/07/2023,178.15,51.8,141.8,29.97,1433.0,55.87,54.92,11.61,0.0,13.65,194.55,30,245.05,0.5155630767475817,0.49749785559889903,0.48724306665073785,0.500111398569815,0.3727585780452793,0.5789414980448113,0.5304313584418854,0.4991275511270036,0.0,0.6150867818029779,0.5544755223119107,0.6317003669661485,0.5698366820387978
31/07/2023,178.05,51.54,139.94,29.58,1370.5,55.35,53.62,11.33,0.0,13.65,194.1,31,243.85,0.5110998286543278,0.4741222059191711,0.3819063881061485,0.37920264775662277,0.37087595949550534,0.5520577922017363,0.3292909169465511,0.29985356582251727,0.0,0.6150867818029779,0.5454625404943817,0.648951605770016,0.5457728856460977
01/08/2023,179.5,50.11,136.71,28.54,1386.75,55.57,53.75,11.22,15.2,13.65,194.94,31,240.1,0.5857608398003258,0.3712221402765987,0.30740545730705116,0.18499250186822275,0.37296402590110295,0.5903245817111977,0.5502741098457498,0.41990250575180144,0.9948202870063647,0.6150867818029779,0.5720175627335963,0.648951605770016,0.4968169436574117
02/08/2023,178.02,50.4,137.83,28.69,1376.5,55.43,53.22,11.08,0.6,13.65,194.79,31,242.1,0.45380099511452376,0.5238782361669028,0.5549418707063442,0.547798659107818,0.372521018979203,0.5717007619253521,0.4489377793861393,0.3985166002471645,0.5858421037283797,0.6150867818029779,0.5514415633350043,0.648951605770016,0.6124822038930255
03/08/2023,178.5,47.54,138.72,28.37,1382.0,55.41,53.47,10.94,4.2,13.15,197.88,31,232.4,0.5377941183576745,0.24858017849824038,0.5408003184542008,0.4006153951322249,0.3728378251950769,0.5779069610568891,0.5685390379991737,0.3985166002471645,0.9547550184940269,0.25929201401464974,0.6217566857716987,0.648951605770016,0.38757479411858886
04/08/2023,180.9,49.33,139.89,28.73,1387.0,54.94,53.19,10.92,0.2,13.15,200.06,31,240.2,0.6355316247465091,0.6639053589116619,0.5580292842366272,0.6156284939185489,0.3728313445416882,0.5546416230347934,0.48748617056827326,0.4846241288515194,0.2895944468794358,0.6150867818029779,0.6012834352877711,0.648951605770016,0.7439007109035041
05/08/2023,180.9,49.33,139.89,28.73,1387.0,54.94,53.19,10.92,0.0,13.15,200.06,31,240.2,0.5155630767475817,0.49749785559889903,0.48724306665073785,0.500111398569815,0.3727585780452793,0.5789414980448113,0.5304313584418854,0.4991275511270036,0.0,0.6150867818029779,0.5544755223119107,0.648951605770016,0.5698366820387978
06/08/2023,180.9,49.33,139.89,28.73,1387.0,54.94,53.19,10.92,0.0,13.15,200.06,31,240.2,0.5155630767475817,0.49749785559889903,0.48724306665073785,0.500111398569815,0.3727585780452793,0.5789414980448113,0.5304313584418854,0.4991275511270036,0.0,0.6150867818029779,0.5544755223119107,0.648951605770016,0.5698366820387978
07/08/2023,179.7,48.55,138.98,28.39,1348.25,55.07,53.13,10.85,0.0,13.15,203.27,32,237.7,0.464942158663063,0.428003565343944,0.4348719023178496,0.394485826793123,0.37167416135501063,0.5856671929572675,0.5212518766700912,0.44856062695850235,0.0,0.6150867818029779,0.6244851148865822,0.6660618956389507,0.5205577439008089
08/08/2023,179.7,48.6,138.17,28.21,1353.5,55.73,52.96,10.81,0.0,13.15,200.08,32,238.0,0.5155630767475817,0.502023411580536,0.4405325268213007,0.44379910269805,0.37283459557526966,0.6131053071291445,0.5043891352421771,0.47016578934244074,0.0,0.6150867818029779,0.4938907151787273,0.6660618956389507,0.5760519299755075
09/08/2023,180.57,48.36,138.92,28.3,1355.25,55.15,52.97,10.79,0.0,13.15,201.47,32,237.35,0.5566619051344482,0.4759117410679519,0.532244473053736,0.5286420333775557,0.3727864587080175,0.5489574726121149,0.5319599407537731,0.484624128851518,0.0,0.6150867818029779,0.5838776800530774,0.6660618956389507,0.5566747017200465
10/08/2023,181.1,47.94,138.82,28.45,1352.0,54.86,52.65,10.79,0.0,13.15,199.79,32,233.95,0.5401768853064746,0.45985162662715373,0.48137524269099263,0.5477986591078168,0.3726923749771655,0.5639452742291705,0.4813303436796375,0.4991275511270036,0.0,0.6150867818029779,0.521794830042422,0.6660618956389507,0.503424468623993
11/08/2023,180.38,46.94,138.5,28.25,1337.25,53.65,52.84,10.78,13.8,13.15,200.74,32,230.1,0.48453886933167306,0.40869215275316745,0.46857972093662503,0.4375991185336223,0.37239976259482155,0.5164199513360662,0.5594124021954675,0.4918701402792801,0.993823066319044,0.6150867818029779,0.5743697340066314,0.6660618956389507,0.4949341804814158
12/08/2023,180.38,46.94,138.5,28.25,1337.25,53.65,52.84,10.78,0.0,13.15,200.74,32,230.1,0.5155630767475817,0.49749785559889903,0.48724306665073785,0.500111398569815,0.3727585780452793,0.5789414980448113,0.5304313584418854,0.4991275511270036,0.0,0.6150867818029779,0.5544755223119107,0.6660618956389507,0.5698366820387978
13/08/2023,180.38,46.94,138.5,28.25,1337.25,53.65,52.84,10.78,0.0,13.15,200.74,32,230.1,0.5155630767475817,0.49749785559889903,0.48724306665073785,0.500111398569815,0.3727585780452793,0.5789414980448113,0.5304313584418854,0.4991275511270036,0.0,0.6150867818029779,0.5544755223119107,0.6660618956389507,0.5698366820387978
14/08/2023,179.75,46.36,139.32,28.03,1353.0,53.09,53.26,10.72,0.0,13.15,201.4,33,230.4,0.4882954915331419,0.44565561748428406,0.5365172246189515,0.4314097374365717,0.3729585327251006,0.5499908795059384,0.5943393492156747,0.45575152938498015,0.0,0.6150867818029779,0.5681925501129751,0.6830366091162476,0.5760519299755075
15/08/2023,179.1,44.34,139.51,27.96,1305.25,52.71,53.33,10.69,0.0,13.15,200.16,33,221.2,0.4874581711589515,0.3203007589766972,0.4984890131860294,0.4780977857677457,0.37137899514125566,0.5592930725348663,0.5411235253472169,0.47738938743779863,0.0,0.6150867818029779,0.5301363298355316,0.6830366091162476,0.39658676676256843
16/08/2023,178.77,43.55,139.66,28.01,1323.5,53.13,53.19,10.67,0.0,13.15,200.97,33,217.15,0.5010450804755586,0.4271234670081794,0.49611139890491557,0.515930633984855,0.3729857445568437,0.6006773005502571,0.5089922110684558,0.4846241288515194,0.0,0.6150867818029779,0.5713779429967167,0.6830366091162476,0.4911751354087416
17/08/2023,178.05,43.97,139.85,28.07,1330.0,53.61,53.22,10.68,0.0,13.15,199.04,33,219.05,0.48453886933167306,0.5357978939445934,0.4984890131860294,0.519103895814613,0.3728505475801677,0.6037838459028819,0.5350159604574021,0.5063964551116429,0.0,0.6150867818029779,0.5171041862394724,0.6830366091162476,0.6102977391250384
18/08/2023,178.52,42.62,140.86,28.34,1353.25,54.33,53.55,10.77,0.0,13.15,198.75,33,211.85,0.5373189360308666,0.37816823887760487,0.5481658038272421,0.5864161925277981,0.37303850772570496,0.6162130317356508,0.5806907372312032,0.5649516399985806,0.0,0.6150867818029779,0.5486378418807522,0.6830366091162476,0.43289716579955445
19/08/2023,178.52,42.62,140.86,28.34,1353.25,54.33,53.55,10.77,0.0,13.15,198.75,33,211.85,0.5155630767475817,0.49749785559889903,0.48724306665073785,0.500111398569815,0.3727585780452793,0.5789414980448113,0.5304313584418854,0.4991275511270036,0.0,0.6150867818029779,0.5544755223119107,0.6830366091162476,0.5698366820387978
20/08/2023,178.52,42.62,140.86,28.34,1353.25,54.33,53.55,10.77,0.0,13.15,198.75,33,211.85,0.5155630767475817,0.49749785559889903,0.48724306665073785,0.500111398569815,0.3727585780452793,0.5789414980448113,0.5304313584418854,0.4991275511270036,0.0,0.6150867818029779,0.5544755223119107,0.6830366091162476,0.5698366820387978
21/08/2023,178.98,43.2,142.23,28.57,1361.75,53.5,53.65,10.77,0.0,13.15,197.65,34,215.1,0.5368442169068255,0.5505375438767919,0.5704227544883782,0.5735001790844935,0.3728751962836023,0.5360424976683716,0.5457003965273644,0.4991275511270036,0.0,0.6150867818029779,0.5328163716675419,0.6998807624627255,0.6400981281012605
22/08/2023,177.95,43.54,140.17,28.39,1346.0,53.81,53.47,10.83,0.0,13.15,194.61,34,214.95,0.4718048191365509,0.5284564162665756,0.37091085965180615,0.44379910269805,0.37237196155109104,0.59498282257086,0.5028541089884692,0.5429106433860613,0.0,0.6150867818029779,0.49662185402066916,0.6998807624627255,0.5667651884954138
23/08/2023,178.05,42.3,139.34,28.71,1360.5,53.6,53.96,11.12,0.0,13.15,195.84,34,205.3,0.5200887110186951,0.38773713763466916,0.43939886290315655,0.6026199251769843,0.37294467883067806,0.5680812385264787,0.6049397336617437,0.7142589672910868,0.0,0.6150867818029779,0.5804029005343617,0.6998807624627255,0.38847491038629317
24/08/2023,179.85,40.99,139.48,28.62,1371.75,54.11,53.56,10.99,0.0,13.15,195.22,34,199.75,0.6038233437662196,0.3816453817154053,0.49551780000347667,0.4718357364906687,0.3729077389018052,0.6053372364110083,0.46900465710360517,0.4056351920506306,0.0,0.6150867818029779,0.542118701364547,0.6998807624627255,0.46322721093456853
25/08/2023,180.68,41.03,140.48,28.83,1387.75,54.19,53.38,10.96,0.0,13.15,198.25,34,199.9,0.5546984393530155,0.5011174846960261,0.5475509338934981,0.5670582443913089,0.3729612826488396,0.5830801474748749,0.5028541089884692,0.47738938743779996,0.0,0.6150867818029779,0.6203948083039861,0.6998807624627255,0.5729329088526536
26/08/2023,180.68,41.03,140.48,28.83,1387.75,54.19,53.38,10.96,0.0,13.15,198.25,34,199.9,0.5155630767475817,0.49749785559889903,0.48724306665073785,0.500111398569815,0.3727585780452793,0.5789414980448113,0.5304313584418854,0.4991275511270036,0.0,0.6150867818029779,0.5544755223119107,0.6998807624627255,0.5698366820387978
27/08/2023,180.68,41.03,140.48,28.83,1387.75,54.19,53.38,10.96,0.0,13.15,198.25,34,199.9,0.5155630767475817,0.49749785559889903,0.48724306665073785,0.500111398569815,0.3727585780452793,0.5789414980448113,0.5304313584418854,0.4991275511270036,0.0,0.6150867818029779,0.5544755223119107,0.6998807624627255,0.5698366820387978
28/08/2023,180.7,40.86,142.7,29.26,1405.75,54.07,53.44,10.96,0.0,13.15,198.35,35,199.25,0.5164632176849346,0.4821858172385756,0.6237770133383055,0.6384875790552823,0.3729830508989044,0.5727350111826162,0.5395971843223256,0.4991275511270036,0.0,0.6150867818029779,0.556517234478412,0.7165990487604349,0.5566747017200465
29/08/2023,181.0,41.81,142.69,29.4,1392.5,53.36,53.5,11.02,0.0,13.15,197.76,35,202.95,0.5293140358167038,0.5848791655803196,0.48665468151698255,0.5445986074227372,0.3724409150097849,0.5422411001466365,0.5395971843223267,0.54291064338606,0.0,0.6150867818029779,0.5427067095008268,0.7165990487604349,0.6501604384715223
30/08/2023,178.8,41.06,141.63,29.11,1386.75,53.06,53.7,11.04,0.0,13.15,197.5,35,199.75,0.42592714503980755,0.4306452423882225,0.4264155343660227,0.40982769529136276,0.37263432813651454,0.5634283242084385,0.5609343014346906,0.5136767945011111,0.0,0.6150867818029779,0.5492365423159231,0.7165990487604349,0.5072133116532529
31/08/2023,179.73,40.36,141.9,28.67,1368.75,53.15,53.54,10.82,0.0,13.15,197.73,35,199.8,0.5596183775394651,0.43505272757385516,0.5032591740188102,0.3639758335253417,0.37230842111997875,0.5835975332613357,0.5059238295407483,0.34191637111749595,0.0,0.6150867818029779,0.5591931170309897,0.7165990487604349,0.5708660435601616
01/09/2023,180.15,40.43,142.64,28.89,1369.25,53.18,53.88,10.91,5.6,13.15,197.93,35,199.65,0.5349500272938819,0.5038364629381149,0.5316349464559735,0.5702778560998225,0.37276704265950933,0.5804933988273678,0.5822083760524773,0.5649516399985806,0.9711430361217581,0.6150867818029779,0.5585735487312184,0.7165990487604349,0.5667651884954138
02/09/2023,180.15,40.43,142.64,28.89,1369.25,53.18,53.88,10.91,0.0,13.15,197.93,35,199.65,0.5155630767475817,0.49749785559889903,0.48724306665073785,0.500111398569815,0.3727585780452793,0.5789414980448113,0.5304313584418854,0.4991275511270036,0.0,0.6150867818029779,0.5544755223119107,0.7165990487604349,0.5698366820387978
03/09/2023,180.15,40.43,142.64,28.89,1369.25,53.18,53.88,10.91,5.0,13.15,197.93,35,199.65,0.5155630767475817,0.49749785559889903,0.48724306665073785,0.500111398569815,0.3727585780452793,0.5789414980448113,0.5304313584418854,0.4991275511270036,0.9654538794732821,0.6150867818029779,0.5544755223119107,0.7165990487604349,0.5698366820387978
04/09/2023,180.15,40.43,142.64,28.89,1369.25,53.18,53.88,10.91,0.0,13.15,197.93,36,199.65,0.5155630767475817,0.49749785559889903,0.48724306665073785,0.500111398569815,0.3727585780452793,0.5789414980448113,0.5304313584418854,0.4991275511270036,0.0,0.6150867818029779,0.5544755223119107,0.733195867108624,0.5698366820387978
05/09/2023,179.95,40.36,142.91,28.7,1365.0,53.98,54.0,10.84,0.0,13.15,197.58,36,201.0,0.5066944576744314,0.49117933836999955,0.5032591740188102,0.44069777299923407,0.37266969019479285,0.6203570808837676,0.5487498842114628,0.44856062695850235,0.0,0.6150867818029779,0.5474436816928313,0.733195867108624,0.5983627003805421
06/09/2023,182.7,40.17,143.74,28.82,1376.25,54.95,53.86,10.8,0.0,13.15,198.68,36,200.35,0.6544127496797437,0.48039149073886556,0.5371284706399125,0.5382071711422812,0.3729077389018052,0.6291646769757092,0.5089922110684558,0.47016578934244074,0.0,0.6150867818029779,0.5775939241513893,0.733195867108624,0.5566747017200465
07/09/2023,183.65,40.17,143.74,28.82,1359.5,54.95,53.86,10.8,0.0,13.15,198.68,36,200.35,0.5606068207471259,0.49749785559889903,0.48724306665073785,0.500111398569815,0.3723438848637474,0.5789414980448113,0.5304313584418854,0.4991275511270036,0.0,0.6150867818029779,0.5544755223119107,0.733195867108624,0.5698366820387978
08/09/2023,183.23,40.66,142.07,28.5,1363.0,54.72,54.56,10.94,0.0,13.15,199.98,36,202.7,0.4971806134417863,0.5422374917736205,0.39239697586264005,0.4006153951322249,0.37281132240467857,0.567047185626095,0.6366675627354331,0.6019000739850849,0.0,0.6150867818029779,0.5819207946070852,0.733195867108624,0.6201592241968292
09/09/2023,183.23,40.66,142.07,28.5,1363.0,54.72,54.56,10.94,0.0,13.15,199.98,36,202.7,0.5155630767475817,0.49749785559889903,0.48724306665073785,0.500111398569815,0.3727585780452793,0.5789414980448113,0.5304313584418854,0.4991275511270036,0.0,0.6150867818029779,0.5544755223119107,0.733195867108624,0.5698366820387978
10/09/2023,183.23,40.66,142.07,28.5,1363.0,54.72,54.56,10.94,7.0,13.15,199.98,36,202.7,0.5155630767475817,0.49749785559889903,0.48724306665073785,0.500111398569815,0.3727585780452793,0.5789414980448113,0.5304313584418854,0.4991275511270036,0.9799474805398708,0.6150867818029779,0.5544755223119107,0.733195867108624,0.5698366820387978
11/09/2023,184.23,41.36,140.71,28.51,1369.0,54.99,53.82,10.9,19.4,13.15,200.89,37,204.15,0.5630842645275516,0.5616382663199762,0.4096159392736709,0.5032688774758333,0.37284422394510824,0.5929123920382974,0.41643216380477754,0.47016578934244074,0.996715340480013,0.6150867818029779,0.5735131650744673,0.749675348466186,0.6005220311108792
12/09/2023,184.15,39.63,139.98,28.26,1346.5,54.48,53.28,10.76,0.0,13.15,201.11,37,196.35,0.5119876534835112,0.345265902494702,0.44507515210759135,0.42214512936062787,0.3721776795829476,0.5525745412962713,0.44739233677353163,0.3985166002471645,0.0,0.6150867818029779,0.5589864613591075,0.749675348466186,0.4219567413447671
13/09/2023,183.15,41.09,139.16,28.31,1349.75,53.83,53.06,10.79,0.0,13.15,202.35,37,202.0,0.4730242635700709,0.6327054246361803,0.43996559700161453,0.5159306339848538,0.37280788554021344,0.5453408010744161,0.49671073859338366,0.5209684749066019,0.0,0.6150867818029779,0.5806195169237083,0.749675348466186,0.6943379539792212
14/09/2023,185.48,41.85,139.08,28.53,1360.5,53.47,53.99,11.07,0.0,13.15,202.73,37,204.0,0.6317878555807991,0.5672024450999873,0.4825460249255398,0.5702778560998236,0.3729019204047323,0.5603268283840417,0.6713036107791548,0.7067008228737521,0.0,0.6150867818029779,0.5623082191775217,0.749675348466186,0.6124822038930255
15/09/2023,186.93,43.88,138.14,28.36,1355.75,53.64,53.87,11.06,0.0,13.15,201.77,37,213.7,0.5857608398003273,0.6867053709457909,0.43317738921546833,0.4469031326412246,0.3726580673918075,0.5877370342150702,0.5120592306771193,0.4918701402792801,0.0,0.6150867818029779,0.5355104483634032,0.749675348466186,0.7882798332169242
16/09/2023,186.93,43.88,138.14,28.36,1355.75,53.64,53.87,11.06,0.0,13.15,201.77,37,213.7,0.5155630767475817,0.49749785559889903,0.48724306665073785,0.500111398569815,0.3727585780452793,0.5789414980448113,0.5304313584418854,0.4991275511270036,0.0,0.6150867818029779,0.5544755223119107,0.749675348466186,0.5698366820387978
17/09/2023,186.93,43.88,138.14,28.36,1355.75,53.64,53.87,11.06,0.0,13.15,201.77,37,213.7,0.5155630767475817,0.49749785559889903,0.48724306665073785,0.500111398569815,0.3727585780452793,0.5789414980448113,0.5304313584418854,0.4991275511270036,0.0,0.6150867818029779,0.5544755223119107,0.749675348466186,0.5698366820387978
18/09/2023,186.32,44.28,137.86,28.41,1332.75,57.45,53.82,11.09,0.0,13.15,201.5,38,214.9,0.48913428613520976,0.5339606815546759,0.47089550656490164,0.515930633984855,0.37216287962453626,0.7765063161289462,0.5227827241953691,0.5209684749066019,0.0,0.6150867818029779,0.5490368527913838,0.7660413786037178,0.5951334240670684
19/09/2023,185.68,43.05,136.12,27.92,1331.75,57.09,54.29,11.14,0.0,13.15,201.43,38,209.85,0.48787664835597594,0.388608103374799,0.388526733926778,0.34880322896813304,0.3727398704100904,0.5603268283840417,0.6019123647096201,0.5355854896076736,0.0,0.6150867818029779,0.5530555400349972,0.7660413786037178,0.4724986906425089
20/09/2023,186.77,44.23,136.12,27.95,1336.25,57.18,54.34,11.16,0.0,13.15,200.88,38,215.4,0.5675659561550073,0.6063839633141433,0.48724306665073785,0.5095934433208884,0.37282477395934877,0.5835975332613357,0.5380704788832595,0.5136767945011111,0.0,0.6150867818029779,0.5434920756094538,0.7660413786037178,0.6920525756004656
21/09/2023,184.98,44.34,135.95,27.57,1310.75,56.76,54.43,11.04,0.0,12.65,197.27,38,218.65,0.44167435977169256,0.5074672573899345,0.4772878698117915,0.38225470255219274,0.372088131521523,0.5572256716656132,0.544175128055427,0.41276379267595825,0.0,0.25929201401464974,0.4862833037117973,0.7660413786037178,0.6400981281012605
22/09/2023,187.07,45.05,136.4,27.67,1313.5,56.91,54.9,11.14,0.0,12.65,196.79,38,222.1,0.6190388966818046,0.5625650053532967,0.5140596628025218,0.5318274453997276,0.37280090862492854,0.5867020912881867,0.6019123647096201,0.5723202008680516,0.0,0.6150867818029779,0.5448703157792938,0.7660413786037178,0.6445632453804957
23/09/2023,187.07,45.05,136.4,27.67,1313.5,56.91,54.9,11.14,0.0,12.65,196.79,38,222.1,0.5155630767475817,0.49749785559889903,0.48724306665073785,0.500111398569815,0.3727585780452793,0.5789414980448113,0.5304313584418854,0.4991275511270036,0.0,0.6150867818029779,0.5544755223119107,0.7660413786037178,0.5698366820387978
24/09/2023,187.07,45.05,136.4,27.67,1313.5,56.91,54.9,11.14,0.0,12.65,196.79,38,222.1,0.5155630767475817,0.49749785559889903,0.48724306665073785,0.500111398569815,0.3727585780452793,0.5789414980448113,0.5304313584418854,0.4991275511270036,0.0,0.6150867818029779,0.5544755223119107,0.7660413786037178,0.5698366820387978
25/09/2023,186.98,44.42,136.87,27.53,1315.5,58.0,55.73,11.21,0.0,12.65,195.94,39,220.8,0.5115434491352977,0.4412333619184218,0.5152651311604681,0.456231680866723,0.37279014248879205,0.6353829482416002,0.6562580770070041,0.550246777058737,0.0,0.6150867818029779,0.5376377703516722,0.7822976185541417,0.5438083914185171
26/09/2023,184.8,45.4,137.64,27.58,1321.0,57.82,55.97,11.22,0.0,12.65,194.95,39,226.55,0.42668828946548903,0.5876777495598131,0.5334641818466387,0.5159306339848538,0.3728378251950769,0.5696323975048451,0.5670187164633138,0.5063964551116429,0.0,0.6150867818029779,0.5349319126988599,0.7822976185541417,0.6966252604987191
27/09/2023,184.9,45.19,138.79,27.47,1323.0,58.39,56.39,11.16,0.0,12.65,195.46,39,228.3,0.5200887110186938,0.4785985629273003,0.5567937764928049,0.46558547627285074,0.37279014248879205,0.6084442453550303,0.5943393492156758,0.4557515293849788,0.0,0.6150867818029779,0.5650296408723642,0.7822976185541417,0.6070290003781301
28/09/2023,186.5,46.56,138.7,27.54,1319.25,58.57,57.02,11.32,0.0,12.65,196.73,39,234.5,0.5934594910567002,0.6242289808163186,0.4819604650563743,0.5222802334523788,0.3726811313500115,0.588254522163321,0.6261032859383787,0.6167522901583335,0.0,0.6150867818029779,0.5812698191717418,0.7822976185541417,0.7069412948695092
29/09/2023,184.2,46.96,137.63,27.37,1294.5,58.29,57.47,11.43,0.0,12.65,195.33,39,236.15,0.4221315525616558,0.5339606815546759,0.42585318347287604,0.4469031326412257,0.3721106836463332,0.5644622341788192,0.5988839533019731,0.5796994047608528,0.0,0.6150867818029779,0.527089403886924,0.7822976185541417,0.6048553578814887
30/09/2023,184.2,46.96,137.63,27.37,1294.5,58.29,57.47,11.43,0.0,12.65,195.33,39,236.15,0.5155630767475817,0.49749785559889903,0.48724306665073785,0.500111398569815,0.3727585780452793,0.5789414980448113,0.5304313584418854,0.4991275511270036,0.0,0.6150867818029779,0.5544755223119107,0.7822976185541417,0.5698366820387978
01/10/2023,184.2,46.96,137.63,27.37,1294.5,58.29,57.47,11.43,1.6,12.65,195.33,39,236.15,0.5155630767475817,0.49749785559889903,0.48724306665073785,0.500111398569815,0.3727585780452793,0.5789414980448113,0.5304313584418854,0.4991275511270036,0.8334672784935411,0.6150867818029779,0.5544755223119107,0.7822976185541417,0.5698366820387978
02/10/2023,184.43,46.59,136.55,26.95,1296.75,59.36,58.08,11.46,0.0,12.65,195.26,40,236.05,0.5260602490068551,0.4643027506549216,0.4252910032766185,0.3700599369497036,0.3727937758511222,0.6343465068534377,0.6230828330350215,0.5209684749066031,0.0,0.6150867818029779,0.5530555400349967,0.798447522890112,0.5677863685818793
03/10/2023,182.13,46.32,136.6,26.5,1292.0,59.77,57.81,11.21,0.0,12.65,196.73,40,238.8,0.4221315525616558,0.4732279337610378,0.4901904666121238,0.3609370420276409,0.3726580673918075,0.6001595742460121,0.4890243726976516,0.3208448956384684,0.0,0.6150867818029779,0.5856219912592693,0.798447522890112,0.6289880531284485
04/10/2023,182.2,45.42,137.87,26.77,1292.25,59.91,58.47,11.35,0.2,12.65,198.27,40,233.95,0.5187245654051789,0.41745715489701235,0.5642174391966716,0.5864161925277981,0.37276288076251535,0.5861846364996645,0.6306322108176533,0.6019000739850849,0.2895944468794358,0.6150867818029779,0.5871519013852443,0.798447522890112,0.4762191416670686
05/10/2023,181.95,46.23,137.56,26.59,1298.5,60.84,59.19,11.44,0.0,12.65,202.33,40,239.2,0.5045117209098212,0.5718460022028873,0.4691582486695626,0.44379910269805,0.37284739476841966,0.62709212570076,0.6396838860613467,0.5649516399985806,0.0,0.6150867818029779,0.6439775151655129,0.798447522890112,0.6852082912987248
06/10/2023,183.07,46.47,138.18,26.78,1284.5,60.7,59.72,11.57,0.0,12.65,206.75,40,239.8,0.5690660728140284,0.5193082836770779,0.5243381459276851,0.5606272355127616,0.372420423796558,0.5717007619253521,0.6109914011954187,0.594489420064154,0.0,0.6150867818029779,0.6523135206431869,0.798447522890112,0.5823488526248648
07/10/2023,183.07,46.47,138.18,26.78,1284.5,60.7,59.72,11.57,0.0,12.65,206.75,40,239.8,0.5155630767475817,0.49749785559889903,0.48724306665073785,0.500111398569815,0.3727585780452793,0.5789414980448113,0.5304313584418854,0.4991275511270036,0.0,0.6150867818029779,0.5544755223119107,0.798447522890112,0.5698366820387978
08/10/2023,183.07,46.47,138.18,26.78,1284.5,60.7,59.72,11.57,0.0,12.65,206.75,40,239.8,0.5155630767475817,0.49749785559889903,0.48724306665073785,0.500111398569815,0.3727585780452793,0.5789414980448113,0.5304313584418854,0.4991275511270036,0.0,0.6150867818029779,0.5544755223119107,0.798447522890112,0.5698366820387978
09/10/2023,182.38,46.35,136.52,26.59,1282.5,61.22,59.96,11.68,0.0,12.65,210.49,41,238.0,0.4857878719597929,0.48667791921866194,0.3929503844269554,0.44069777299923407,0.3727194811580692,0.6058550503152789,0.5670187164633138,0.5796994047608528,0.0,0.6150867818029779,0.6366065363671516,0.8144943561064077,0.5340537428773958
10/10/2023,182.57,46.97,135.12,26.69,1289.25,60.49,60.52,11.95,1.0,12.65,210.81,41,237.8,0.5242127348298888,0.5542335801741494,0.407386513455767,0.5318274453997276,0.37285368307824124,0.5412079268613363,0.6155275193346361,0.6991520475166404,0.7275090786514087,0.6150867818029779,0.5610588246260237,0.8144943561064077,0.5657464960570511
11/10/2023,184.5,46.13,134.42,26.61,1272.25,61.35,60.34,11.94,0.0,12.65,211.79,41,233.05,0.6106174974058207,0.422726370408078,0.446782010915349,0.47496527251588405,0.37233682418038627,0.6234654184140052,0.5028541089884692,0.4918701402792801,0.0,0.6150867818029779,0.5750130656092234,0.8144943561064077,0.47808202890100976
12/10/2023,185.4,46.13,134.42,26.61,1308.75,61.35,60.34,11.94,0.0,12.65,211.79,41,233.05,0.5581384681868311,0.49749785559889903,0.48724306665073785,0.500111398569815,0.3731706109804115,0.5789414980448113,0.5304313584418854,0.4991275511270036,0.0,0.6150867818029779,0.5544755223119107,0.8144943561064077,0.5698366820387978
13/10/2023,185.13,45.54,136.23,26.75,1300.0,62.14,59.74,11.73,0.0,12.65,214.02,41,231.9,0.5036421536243789,0.44477065333046256,0.5979138657159383,0.5445986074227384,0.37255981478444744,0.619839049358925,0.4381144031780204,0.34895839848413734,0.0,0.6150867818029779,0.6023975165251889,0.8144943561064077,0.5467569984485192
14/10/2023,185.13,45.54,136.23,26.75,1300.0,62.14,59.74,11.73,0.0,12.65,214.02,41,231.9,0.5155630767475817,0.49749785559889903,0.48724306665073785,0.500111398569815,0.3727585780452793,0.5789414980448113,0.5304313584418854,0.4991275511270036,0.0,0.6150867818029779,0.5544755223119107,0.8144943561064077,0.5698366820387978
15/10/2023,185.13,45.54,136.23,26.75,1300.0,62.14,59.74,11.73,0.0,12.65,214.02,41,231.9,0.5155630767475817,0.49749785559889903,0.48724306665073785,0.500111398569815,0.3727585780452793,0.5789414980448113,0.5304313584418854,0.4991275511270036,0.0,0.6150867818029779,0.5544755223119107,0.8144943561064077,0.5698366820387978
16/10/2023,185.2,48.29,136.74,27.13,1305.75,61.9,59.42,11.79,0.0,12.65,213.47,42,243.45,0.5187245654051789,0.7555867670155827,0.5176791483349894,0.6221476011909655,0.3728410343581868,0.5665301748404329,0.4813303436796375,0.54291064338606,0.0,0.6150867818029779,0.5434920756094538,0.8304412073441474,0.8319206449835483
17/10/2023,185.5,48.02,136.96,27.21,1316.25,60.55,58.81,11.69,0.0,12.65,211.21,42,241.7,0.5293140358167038,0.47322793376103844,0.5002755324616317,0.5254596210911568,0.37289899589046954,0.5091927842532135,0.43656721570413465,0.4270514369237306,0.0,0.6150867818029779,0.510959968399168,0.8304412073441474,0.5350245014975296
18/10/2023,185.73,45.65,137.99,27.29,1329.25,60.46,58.48,11.57,0.0,12.65,210.71,42,230.8,0.5260602490068538,0.29031747273571185,0.5493961196099703,0.5254596210911557,0.37292780703050465,0.5742864711316449,0.4797906435969936,0.4127637926759596,0.0,0.6150867818029779,0.5444760222939091,0.8304412073441474,0.36604022569418276
19/10/2023,184.4,47.95,138.61,27.45,1331.75,61.29,58.53,11.59,0.0,12.65,208.89,42,242.1,0.45974565336932655,0.7124555227642997,0.5243381459276851,0.5510015697059439,0.3727973632945372,0.6219112180848696,0.5380704788832595,0.5136767945011111,0.0,0.6150867818029779,0.5191640436932317,0.8304412073441474,0.826000860402784
20/10/2023,184.27,47.88,138.21,27.45,1320.25,60.64,58.84,11.69,0.0,12.65,207.61,42,241.1,0.5097724103462766,0.49117933836999955,0.46396123147257673,0.500111398569815,0.3724880235310652,0.5453408010744161,0.5776545910326678,0.5723202008680504,0.0,0.6150867818029779,0.5293730461383126,0.8304412073441474,0.5497171742238265
21/10/2023,184.27,47.88,138.21,27.45,1320.25,60.64,58.84,11.69,0.0,12.65,207.61,42,241.1,0.5155630767475817,0.49749785559889903,0.48724306665073785,0.500111398569815,0.3727585780452793,0.5789414980448113,0.5304313584418854,0.4991275511270036,0.0,0.6150867818029779,0.5544755223119107,0.8304412073441474,0.5698366820387978
22/10/2023,184.27,47.88,138.21,27.45,1320.25,60.64,58.84,11.69,0.0,12.65,207.61,42,241.1,0.5155630767475817,0.49749785559889903,0.48724306665073785,0.500111398569815,0.3727585780452793,0.5789414980448113,0.5304313584418854,0.4991275511270036,0.0,0.6150867818029779,0.5544755223119107,0.8304412073441474,0.5698366820387978
23/10/2023,178.25,47.28,137.06,27.3,1305.5,60.03,59.0,11.75,0.0,12.65,208.39,43,237.4,0.2894995847903502,0.44388594737466414,0.42136044922768,0.4531193955658536,0.37239976259482155,0.5474074229134449,0.5548447512524319,0.5429106433860613,0.0,0.6150867818029779,0.5707391527100553,0.8462910036592428,0.4977591562526092
24/10/2023,180.0,47.92,136.38,27.29,1314.5,59.18,58.92,11.79,0.0,12.65,209.01,43,239.45,0.601222114537988,0.5560831933942129,0.4479209668195171,0.4969571497792754,0.3728812178300975,0.5350094970073083,0.5181890884794833,0.5282714036279926,0.0,0.6150867818029779,0.5673468309458751,0.8462910036592428,0.613575977254063
25/10/2023,181.13,48.01,136.24,27.25,1308.5,59.33,58.91,11.78,0.0,12.65,208.85,43,240.05,0.5695667905204236,0.5056510873878225,0.4790376639622248,0.48751349892316576,0.37262829831510325,0.5867020912881867,0.5289023905700262,0.4918701402792801,0.0,0.6150867818029779,0.5512404465590096,0.8462910036592428,0.5823488526248648
26/10/2023,181.7,48.22,136.58,27.36,1300.25,59.4,58.81,11.78,0.0,12.65,210.16,43,240.75,0.5420911715763803,0.5165703919479213,0.5074486326548174,0.5350158326757246,0.37257253599793955,0.5825627735577508,0.515124864665013,0.4991275511270036,0.0,0.6150867818029779,0.5821379346105635,0.8462910036592428,0.5844632745970247
27/10/2023,184.0,45.86,136.47,27.21,1319.5,60.23,58.98,11.76,0.0,12.65,203.92,43,230.0,0.6301868200197007,0.2911720593038628,0.48079035456920244,0.4531193955658536,0.3729964623191153,0.6219112180848696,0.5563676299412915,0.4846241288515194,0.0,0.6150867818029779,0.43971207245186117,0.8462910036592428,0.36872512637080035
28/10/2023,184.0,45.86,136.47,27.21,1319.5,60.23,58.98,11.76,0.0,12.65,203.92,43,230.0,0.5155630767475817,0.49749785559889903,0.48724306665073785,0.500111398569815,0.3727585780452793,0.5789414980448113,0.5304313584418854,0.4991275511270036,0.0,0.6150867818029779,0.5544755223119107,0.8462910036592428,0.5698366820387978
29/10/2023,184.0,45.86,136.47,27.21,1319.5,60.23,58.98,11.76,0.0,12.65,203.92,43,230.0,0.5155630767475817,0.49749785559889903,0.48724306665073785,0.500111398569815,0.3727585780452793,0.5789414980448113,0.5304313584418854,0.4991275511270036,0.0,0.6150867818029779,0.5544755223119107,0.8462910036592428,0.5698366820387978
30/10/2023,184.13,47.94,137.31,27.23,1307.25,60.82,59.25,11.75,0.0,12.65,206.16,44,241.7,0.5214582013593562,0.6914661593963995,0.5377399266004702,0.5064295684836558,0.37246795922908993,0.609479980948298,0.5715787603688531,0.4918701402792801,0.0,0.6150867818029779,0.6026204955075908,0.8620465220087719,0.835475699917952
31/10/2023,183.75,47.17,137.53,27.31,1310.5,60.7,60.02,11.92,0.0,12.65,208.24,44,237.5,0.49889368275184426,0.4288838931122028,0.5002755324616317,0.5254596210911557,0.37280788554021344,0.5727350111826162,0.647220834834544,0.6241937024033417,0.0,0.6150867818029779,0.5990594046623279,0.8620465220087719,0.488361344633139
01/11/2023,183.63,46.79,136.71,27.47,1315.0,60.2,60.03,12.06,48.6,12.65,205.76,44,232.85,0.5102143151509466,0.46341193142189396,0.43996559700161453,0.5510015697059439,0.37282477395934877,0.5530912988697946,0.5319599407537731,0.6019000739850862,0.999557849190185,0.6150867818029779,0.5068911315760706,0.8620465220087719,0.47994673397745563
02/11/2023,184.68,46.79,136.71,27.47,1328.25,60.2,60.03,12.06,0.0,12.65,205.76,44,232.85,0.5655706044406414,0.49749785559889903,0.48724306665073785,0.500111398569815,0.37293063895015655,0.5789414980448113,0.5304313584418854,0.4991275511270036,0.0,0.6150867818029779,0.5544755223119107,0.8620465220087719,0.5698366820387978
03/11/2023,183.88,47.96,137.41,28.05,1351.75,60.14,59.99,12.25,0.0,12.15,203.52,44,234.95,0.48122328127309505,0.6054466966094958,0.5291990530532983,0.6878532107622248,0.37304109559958887,0.5758380368937972,0.5243132028382091,0.6391067690245289,0.0,0.25929201401464974,0.5113309085802479,0.8620465220087719,0.6146707566644471
04/11/2023,183.88,47.96,137.41,28.05,1351.75,60.14,59.99,12.25,0.0,12.15,203.52,44,234.95,0.5155630767475817,0.49749785559889903,0.48724306665073785,0.500111398569815,0.3727585780452793,0.5789414980448113,0.5304313584418854,0.4991275511270036,0.0,0.6150867818029779,0.5544755223119107,0.8620465220087719,0.5698366820387978
05/11/2023,183.88,47.96,137.41,28.05,1351.75,60.14,59.99,12.25,0.0,12.15,203.52,44,234.95,0.5155630767475817,0.49749785559889903,0.48724306665073785,0.500111398569815,0.3727585780452793,0.5789414980448113,0.5304313584418854,0.4991275511270036,0.0,0.6150867818029779,0.5544755223119107,0.8620465220087719,0.5698366820387978
06/11/2023,181.32,49.19,137.82,28.18,1364.0,60.69,60.05,12.28,0.0,12.15,207.83,45,240.6,0.4123386612785143,0.6110732720512442,0.5116518731793348,0.5414014371439677,0.37291926036288986,0.6074085424520403,0.5395971843223256,0.5209684749066019,0.0,0.6150867818029779,0.6497616695629345,0.877710400104841,0.6943379539792212
07/11/2023,178.77,46.93,137.85,28.31,1362.0,59.98,59.46,12.21,0.0,12.15,207.17,45,228.5,0.41271336836907746,0.2997244773181675,0.48901042394775257,0.5414014371439677,0.3727194811580692,0.5422411001466365,0.4396613459808506,0.44856062695850346,0.0,0.6150867818029779,0.5413360127919981,0.877710400104841,0.34462730480159215
08/11/2023,179.4,46.79,138.5,28.24,1365.75,59.96,59.36,12.1,0.0,12.15,207.36,45,229.5,0.5449756894002581,0.48487998452581493,0.5261592575064209,0.4780977857677457,0.372814727859684,0.5779069610568894,0.5151248646650118,0.41990250575180005,0.0,0.6150867818029779,0.5583672938104437,0.877710400104841,0.5908470508977683
09/11/2023,174.35,46.31,138.16,28.03,1343.5,59.91,59.51,12.07,0.0,12.15,211.09,45,228.25,0.3228133003593783,0.4545198475626513,0.4674234893565274,0.43450311472814107,0.3721850601493787,0.5763552495093467,0.5533215403240248,0.47738938743779996,0.0,0.6150867818029779,0.6363768071954508,0.877710400104841,0.5447900264382528
10/11/2023,174.18,47.78,137.71,28.04,1347.5,60.28,59.87,12.19,15.0,12.15,211.8,45,234.65,0.5080103384495499,0.6336481500090408,0.4610831499600031,0.503268877475832,0.3728181038248673,0.5980887606555259,0.585242796186643,0.5870891709569119,0.9946930365077872,0.6150867818029779,0.5692519408157998,0.877710400104841,0.7115379583018291
11/11/2023,174.18,47.78,137.71,28.04,1347.5,60.28,59.87,12.19,0.0,12.15,211.8,45,234.65,0.5155630767475817,0.49749785559889903,0.48724306665073785,0.500111398569815,0.3727585780452793,0.5789414980448113,0.5304313584418854,0.4991275511270036,0.0,0.6150867818029779,0.5544755223119107,0.877710400104841,0.5698366820387978
12/11/2023,174.18,47.78,137.71,28.04,1347.5,60.28,59.87,12.19,11.8,12.15,211.8,45,234.65,0.5155630767475817,0.49749785559889903,0.48724306665073785,0.500111398569815,0.3727585780452793,0.5789414980448113,0.5304313584418854,0.4991275511270036,0.9918216519865035,0.6150867818029779,0.5544755223119107,0.877710400104841,0.5698366820387978
13/11/2023,174.93,47.22,138.56,28.23,1382.5,60.66,59.67,12.16,11.8,12.15,211.77,46,231.75,0.550790055938409,0.44742632724932074,0.5383515914311585,0.5606272355127616,0.3731561016088824,0.5986064501776561,0.49978307153954593,0.47738938743779996,0.9918216519865035,0.6150867818029779,0.5538660360658598,0.8932851462651816,0.5129157454666243
14/11/2023,175.85,47.53,139.31,28.64,1389.75,60.08,60.15,12.36,11.8,12.15,206.58,46,231.25,0.5591247053912265,0.5257085377989872,0.532244473053736,0.6319444292958212,0.37285990468652586,0.5489574726121149,0.6034261785868448,0.6465782803409181,0.9918216519865035,0.6150867818029779,0.45811248146272404,0.8932851462651816,0.5596810302086817
15/11/2023,177.77,47.53,139.31,28.64,1399.5,60.08,60.15,12.36,11.8,12.15,206.58,46,231.25,0.6100933094884378,0.49749785559889903,0.48724306665073785,0.500111398569815,0.372890158119856,0.5789414980448113,0.5304313584418854,0.4991275511270036,0.9918216519865035,0.6150867818029779,0.5544755223119107,0.8932851462651816,0.5698366820387978
16/11/2023,174.75,46.83,138.74,28.5,1375.0,60.32,61.14,12.56,11.8,12.15,207.0,46,227.95,0.3952578681067347,0.43505272757385516,0.4542007606610041,0.456231680866723,0.3721181770976072,0.5913596748992999,0.680321398382112,0.6465782803409194,0.9918216519865035,0.6150867818029779,0.5631435266077955,0.8932851462651816,0.5053176546988773
17/11/2023,175.75,48.03,137.35,28.0,1356.5,67.03,60.74,12.38,11.8,12.15,208.2,46,235.6,0.5630842645275516,0.6082590943495407,0.4079436494857887,0.34577503443851354,0.3722941258832867,0.9271977499795634,0.46900465710360517,0.3701403161995962,0.9918216519865035,0.6150867818029779,0.5797535088273732,0.8932851462651816,0.7404185620125698
18/11/2023,175.75,48.03,137.35,28.0,1356.5,67.03,60.74,12.38,11.8,12.15,208.2,46,235.6,0.5155630767475817,0.49749785559889903,0.48724306665073785,0.500111398569815,0.3727585780452793,0.5789414980448113,0.5304313584418854,0.4991275511270036,0.9918216519865035,0.6150867818029779,0.5544755223119107,0.8932851462651816,0.5698366820387978
19/11/2023,175.75,48.03,137.35,28.0,1356.5,67.03,60.74,12.38,11.8,12.15,208.2,46,235.6,0.5155630767475817,0.49749785559889903,0.48724306665073785,0.500111398569815,0.3727585780452793,0.5789414980448113,0.5304313584418854,0.4991275511270036,0.9918216519865035,0.6150867818029779,0.5544755223119107,0.8932851462651816,0.5698366820387978
20/11/2023,175.48,48.03,137.82,28.41,1383.25,67.76,60.76,12.52,11.8,12.15,206.82,47,235.6,0.5036421536243789,0.49749785559889903,0.5152651311604681,0.6319444292958212,0.37307435899906893,0.6167310122084567,0.533488140142682,0.6019000739850849,0.9918216519865035,0.6150867818029779,0.5274693780573743,0.908773148372555,0.5698366820387978
21/11/2023,175.0,48.08,139.23,28.41,1393.0,68.91,61.11,12.47,11.8,12.15,210.29,47,235.65,0.4946238885153156,0.5020234115805353,0.5729095313397663,0.500111398569815,0.372890158119856,0.6384924189246146,0.5837257283122147,0.46295321049774185,0.9918216519865035,0.6150867818029779,0.6304174162372134,0.908773148372555,0.5708660435601616
22/11/2023,174.48,47.51,139.24,28.42,1374.25,68.81,61.16,12.48,11.8,12.15,211.06,47,232.8,0.4929276809056392,0.44654084154638524,0.48783182042886086,0.5032688774758333,0.3722869554310422,0.5737693062018172,0.5380704788832585,0.5063964551116429,0.9918216519865035,0.6150867818029779,0.5705264091505526,0.908773148372555,0.5138684957506754
23/11/2023,174.4,48.46,139.16,28.36,1374.25,67.72,61.18,12.47,11.8,12.15,211.06,47,237.8,0.5119876534835112,0.5848791655803196,0.4825460249255381,0.4812333069438162,0.3727585780452793,0.5226155666762949,0.5334881401426831,0.4918701402792801,0.9918216519865035,0.6150867818029779,0.5544755223119107,0.908773148372555,0.6795187447781326
24/11/2023,170.25,47.45,138.2,28.22,1348.75,66.76,60.96,12.45,11.8,12.15,211.88,47,232.35,0.35441560271895634,0.4078167875490359,0.4320486299072896,0.456231680866723,0.372088131521523,0.5293284801485362,0.49671073859338366,0.484624128851518,0.9918216519865035,0.6150867818029779,0.5715910580386624,0.908773148372555,0.4650782321357812
25/11/2023,170.25,47.45,138.2,28.22,1348.75,66.76,60.96,12.45,11.8,12.15,211.88,47,232.35,0.5155630767475817,0.49749785559889903,0.48724306665073785,0.500111398569815,0.3727585780452793,0.5789414980448113,0.5304313584418854,0.4991275511270036,0.9918216519865035,0.6150867818029779,0.5544755223119107,0.908773148372555,0.5698366820387978
26/11/2023,170.25,47.45,138.2,28.22,1348.75,66.76,60.96,12.45,11.8,12.15,211.88,47,232.35,0.5155630767475817,0.49749785559889903,0.48724306665073785,0.500111398569815,0.3727585780452793,0.5789414980448113,0.5304313584418854,0.4991275511270036,0.9918216519865035,0.6150867818029779,0.5544755223119107,0.908773148372555,0.5698366820387978
27/11/2023,168.77,49.35,136.86,27.94,1348.25,65.77,61.51,12.56,11.8,12.15,211.43,48,241.7,0.45380099511452376,0.6743445197439187,0.4107315404958314,0.41290332941450925,0.37274948621358206,0.5277792509322558,0.6140157273282292,0.5796994047608541,0.9918216519865035,0.6150867818029779,0.5454625404943823,0.924176682040444,0.7800689214453063
28/11/2023,171.65,50.23,137.27,28.17,1364.75,68.21,61.92,12.71,11.8,12.15,210.66,48,244.7,0.6614916760296261,0.5783569538347082,0.5116518731793348,0.5735001790844935,0.3729667625944214,0.7053903532175572,0.5928239437181448,0.6093210558845157,0.9918216519865035,0.6150867818029779,0.5391911144500389,0.924176682040444,0.634533349359408
29/11/2023,171.9,49.34,138.14,28.25,1365.5,67.93,61.63,12.61,11.8,12.15,209.59,48,241.2,0.5269872591536416,0.41833481475375134,0.5395755434808831,0.5254596210911557,0.3727710909864317,0.5644622341788199,0.48594766432104075,0.42705143692372927,0.9918216519865035,0.6150867818029779,0.5333924576543293,0.924176682040444,0.5015336941504911
30/11/2023,170.88,48.71,139.39,28.32,1362.25,69.88,62.74,12.75,11.8,12.15,213.02,48,239.7,0.47221101168185386,0.4412333619184211,0.5629784126044145,0.5222802334523788,0.3726923749771655,0.6799705825072104,0.6983365446479689,0.6019000739850862,0.9918216519865035,0.6150867818029779,0.6295029547306642,0.924176682040444,0.5398935493341942
01/12/2023,169.27,50.89,138.32,28.37,1345.5,69.9,62.63,12.85,0.0,12.15,214.17,48,248.1,0.4486906248169835,0.7009984434638898,0.42585318347287604,0.515930633984855,0.3723438848637474,0.579976085959372,0.5135922223877268,0.5723202008680504,0.0,0.6150867818029779,0.5786727334572379,0.924176682040444,0.7578620909779358
02/12/2023,169.27,50.89,138.32,28.37,1345.5,69.9,62.63,12.85,9.4,12.15,214.17,48,248.1,0.5155630767475817,0.49749785559889903,0.48724306665073785,0.500111398569815,0.3727585780452793,0.5789414980448113,0.5304313584418854,0.4991275511270036,0.9878242788945253,0.6150867818029779,0.5544755223119107,0.924176682040444,0.5698366820387978
03/12/2023,169.27,50.89,138.32,28.37,1345.5,69.9,62.63,12.85,0.0,12.15,214.17,48,248.1,0.5155630767475817,0.49749785559889903,0.48724306665073785,0.500111398569815,0.3727585780452793,0.5789414980448113,0.5304313584418854,0.4991275511270036,0.0,0.6150867818029779,0.5544755223119107,0.924176682040444,0.5698366820387978
04/12/2023,167.25,50.4,137.8,27.84,1326.5,69.98,63.29,12.79,0.0,12.15,214.41,49,249.45,0.4328025888640547,0.4536322035364587,0.45706425443761556,0.3367028254081581,0.37227976997142226,0.5830801474748749,0.6306322108176533,0.4557515293849788,0.0,0.6150867818029779,0.5593999042778982,0.9394979180700787,0.5983627003805421
05/12/2023,168.5,49.98,138.66,28.13,1326.5,70.59,64.67,13.12,0.0,12.15,213.0,49,246.35,0.5756013212117939,0.45985162662715373,0.5389634640737107,0.592889966483844,0.3727585780452793,0.6105157488216355,0.738778014931835,0.7445840257203867,0.0,0.6150867818029779,0.5268995098706057,0.9394979180700787,0.5091115016698791
06/12/2023,163.45,49.07,138.06,28.15,1315.5,70.09,64.91,13.23,0.0,12.15,209.01,49,240.7,0.3228133003593783,0.41657970933251665,0.4524854252182645,0.5064295684836558,0.3725012903768719,0.5530912988697946,0.5670187164633128,0.5796994047608541,0.0,0.6150867818029779,0.4794472019586109,0.9394979180700787,0.46137777391414303
07/12/2023,162.35,49.49,137.95,28.09,1330.25,70.97,65.79,13.4,0.0,12.15,205.58,49,243.05,0.4689694118377182,0.5357978939445934,0.48079035456920244,0.4812333069438174,0.37294746393357,0.624501586534929,0.6637833755380131,0.6241937024033417,0.0,0.6150867818029779,0.48953667609416535,0.9394979180700787,0.6201592241968299
08/12/2023,165.45,50.35,139.29,28.28,1323.0,71.45,65.94,13.39,0.0,12.15,206.45,49,247.95,0.6735485582690929,0.5764955153697302,0.5685593996114199,0.5606272355127616,0.37259763369296467,0.6037838459028823,0.5533215403240237,0.4918701402792801,0.0,0.6150867818029779,0.5726579994466976,0.9394979180700787,0.6772466158080586
09/12/2023,165.45,50.35,139.29,28.28,1323.0,71.45,65.94,13.39,0.0,12.15,206.45,49,247.95,0.5155630767475817,0.49749785559889903,0.48724306665073785,0.500111398569815,0.3727585780452793,0.5789414980448113,0.5304313584418854,0.4991275511270036,0.0,0.6150867818029779,0.5544755223119107,0.9394979180700787,0.5698366820387978
10/12/2023,165.45,50.35,139.29,28.28,1323.0,71.45,65.94,13.39,11.4,12.15,206.45,49,247.95,0.5155630767475817,0.49749785559889903,0.48724306665073785,0.500111398569815,0.3727585780452793,0.5789414980448113,0.5304313584418854,0.4991275511270036,0.9913065337684405,0.6150867818029779,0.5544755223119107,0.9394979180700787,0.5698366820387978
11/12/2023,166.98,50.54,139.65,28.3,1353.25,71.37,67.26,13.63,0.0,12.15,210.16,50,249.4,0.5898586312708934,0.5147468750353896,0.5086481815090855,0.5064295684836558,0.37310946903945624,0.5748036478171616,0.7298015444853412,0.6765625605777916,0.0,0.6150867818029779,0.6359174629851573,0.9547389292732174,0.6005220311108792
12/12/2023,167.7,50.51,139.84,28.17,1342.75,73.07,67.5,13.59,0.0,12.15,208.9,50,250.8,0.5493309422635799,0.4947874872684917,0.4984890131860294,0.4593467710761644,0.37251446621072776,0.6670052450143237,0.5670187164633128,0.4701657893424396,0.0,0.6150867818029779,0.5297545557837571,0.9547389292732174,0.5994417350038724
13/12/2023,166.95,50.45,141.66,28.74,1326.25,73.13,68.13,13.82,0.0,12.15,207.95,50,248.65,0.48329298612256705,0.4920807796582193,0.5985419876780216,0.6845466421919272,0.3723509291405662,0.5820454116206186,0.6261032859383777,0.6690518908445869,0.0,0.6150867818029779,0.5357034471699963,0.9547389292732174,0.527284675224805
14/12/2023,167.5,50.84,140.7,28.68,1332.0,72.23,68.21,13.9,0.0,11.65,205.02,50,249.4,0.5411331431360444,0.5330425308270358,0.4320486299072896,0.4812333069438174,0.3728410343581868,0.5324271157599997,0.5426495054495383,0.5575938042351137,0.0,0.25929201401464974,0.4986297248725519,0.9547389292732174,0.5855231309396244
15/12/2023,168.23,50.39,140.49,28.42,1331.5,73.12,67.57,13.67,0.0,11.65,201.68,50,249.15,0.5498169112645725,0.45718445747239683,0.4749591807835464,0.4190620248273259,0.37274948621358206,0.6250196808553936,0.4319241999799398,0.3348835020880564,0.0,0.6150867818029779,0.4911672216855808,0.9547389292732174,0.564730181865189
16/12/2023,168.23,50.39,140.49,28.42,1331.5,73.12,67.57,13.67,0.0,11.65,201.68,50,249.15,0.5155630767475817,0.49749785559889903,0.48724306665073785,0.500111398569815,0.3727585780452793,0.5789414980448113,0.5304313584418854,0.4991275511270036,0.0,0.6150867818029779,0.5544755223119107,0.9547389292732174,0.5698366820387978
17/12/2023,168.23,50.39,140.49,28.42,1331.5,73.12,67.57,13.67,0.0,11.65,201.68,50,249.15,0.5155630767475817,0.49749785559889903,0.48724306665073785,0.500111398569815,0.3727585780452793,0.5789414980448113,0.5304313584418854,0.4991275511270036,0.0,0.6150867818029779,0.5544755223119107,0.9547389292732174,0.5698366820387978
18/12/2023,168.82,51.0,140.91,28.7,1340.0,72.5,67.56,13.76,0.0,11.65,206.03,51,250.35,0.543050951286855,0.5533091699724462,0.5122534229075298,0.5896517810283649,0.3728751962836023,0.5468907556493328,0.5289023905700284,0.5649516399985806,0.0,0.6150867818029779,0.6506891410699458,0.9699016967259845,0.5951334240670678
19/12/2023,168.45,49.95,139.95,28.79,1322.5,70.48,67.42,13.87,0.0,11.65,207.75,51,242.8,0.49932305556451473,0.40431733668482234,0.4320486299072896,0.5286420333775557,0.3723226543510965,0.4746194257022204,0.5089922110684558,0.5796994047608528,0.0,0.6150867818029779,0.5911009355927421,0.9699016967259845,0.42650999813781965
20/12/2023,170.02,50.79,138.98,28.36,1315.75,71.47,67.55,13.78,0.0,11.65,205.89,51,248.9,0.5919145412658018,0.5746350053373284,0.43148452209114,0.36701679292493666,0.3726099988253717,0.6302009918471156,0.5502741098457486,0.4342106939122111,0.0,0.6150867818029779,0.5184142893549881,0.9699016967259845,0.704645634778501
21/12/2023,170.55,51.2,139.2,28.48,1301.75,71.44,67.59,13.83,0.0,11.65,208.55,51,250.2,0.5401768853064746,0.5348791366133985,0.5002755324616317,0.5382071711422812,0.372420423796558,0.5773897114721007,0.5365434054710474,0.5355854896076736,0.0,0.6150867818029779,0.6120324879328822,0.9699016967259845,0.5972849525644625
22/12/2023,170.05,51.82,138.99,28.59,1306.25,70.39,67.56,13.9,0.0,11.65,209.07,51,251.9,0.49377497410737403,0.5542335801741494,0.4749591807835464,0.5350158326757246,0.37282477395934877,0.5246809652374143,0.5258433091417318,0.550246777058737,0.0,0.6150867818029779,0.5652397628080877,0.9699016967259845,0.6059416147627361
23/12/2023,170.05,51.82,138.99,28.59,1306.25,70.39,67.56,13.9,0.0,11.65,209.07,51,251.9,0.5155630767475817,0.49749785559889903,0.48724306665073785,0.500111398569815,0.3727585780452793,0.5789414980448113,0.5304313584418854,0.4991275511270036,0.0,0.6150867818029779,0.5544755223119107,0.9699016967259845,0.5698366820387978
24/12/2023,170.05,51.82,138.99,28.59,1306.25,70.39,67.56,13.9,0.0,11.65,209.07,51,251.9,0.5155630767475817,0.49749785559889903,0.48724306665073785,0.500111398569815,0.3727585780452793,0.5789414980448113,0.5304313584418854,0.4991275511270036,0.0,0.6150867818029779,0.5544755223119107,0.9699016967259845,0.5698366820387978
25/12/2023,170.05,51.82,138.99,28.59,1306.25,70.39,67.56,13.9,0.0,11.65,209.07,52,251.9,0.5155630767475817,0.49749785559889903,0.48724306665073785,0.500111398569815,0.3727585780452793,0.5789414980448113,0.5304313584418854,0.4991275511270036,0.0,0.6150867818029779,0.5544755223119107,0.9849881155112172,0.5698366820387978
26/12/2023,170.57,52.32,137.96,28.59,1319.0,70.16,67.84,14.06,0.0,11.65,209.55,52,252.5,0.5396994265424351,0.5431585964549946,0.4281036200796554,0.500111398569815,0.3729249667455993,0.567047185626095,0.5730981661706364,0.6167522901583335,0.0,0.6150867818029779,0.5643999312185038,0.9849881155112172,0.5823488526248641
27/12/2023,170.73,52.15,137.96,28.59,1320.5,69.56,68.02,14.07,0.0,11.65,210.54,52,252.05,0.5228329146136124,0.4821858172385756,0.48724306665073785,0.500111398569815,0.37278271911358024,0.5479240981286294,0.5578901793018688,0.5063964551116429,0.0,0.6150867818029779,0.5752276796859171,0.9849881155112172,0.5606868132331049
28/12/2023,171.2,52.0,136.86,28.21,1312.0,71.12,69.21,14.26,0.0,11.65,211.02,52,252.3,0.5373189360308666,0.48398156745727544,0.4241671514949552,0.38225470255219274,0.37256618921573803,0.6597459388177409,0.710332149989783,0.6391067690245289,0.0,0.6150867818029779,0.5643999312185038,0.9849881155112172,0.575009890205388
29/12/2023,173.68,52.0,136.86,28.21,1298.0,71.12,69.21,14.26,0.0,11.65,210.6,52,252.3,0.6398237583961319,0.49749785559889903,0.48724306665073785,0.500111398569815,0.372420423796558,0.5789414980448113,0.5304313584418854,0.4991275511270036,0.0,0.6150867818029779,0.5460557253000349,0.9849881155112172,0.5698366820387978
30/12/2023,173.68,52.0,136.86,28.21,1298.0,71.12,69.21,14.26,0.0,11.65,210.6,52,252.3,0.5155630767475817,0.49749785559889903,0.48724306665073785,0.500111398569815,0.3727585780452793,0.5789414980448113,0.5304313584418854,0.4991275511270036,0.0,0.6150867818029779,0.5544755223119107,0.9849881155112172,0.5698366820387978
31/12/2023,173.68,52.0,136.86,28.21,1298.0,71.12,69.21,14.26,0.0,11.65,210.6,52,252.3,0.5155630767475817,0.49749785559889903,0.48724306665073785,0.500111398569815,0.3727585780452793,0.5789414980448113,0.5304313584418854,0.4991275511270036,0.0,0.6150867818029779,0.5544755223119107,0.9849881155112172,0.5698366820387978
01/01/2024,173.68,52.0,136.86,28.21,1298.0,71.12,69.21,14.26,1.2,11.65,210.6,1,252.3,0.5155630767475817,0.49749785559889903,0.48724306665073785,0.500111398569815,0.3727585780452793,0.5789414980448113,0.5304313584418854,0.4991275511270036,0.7721351562515812,0.6150867818029779,0.5544755223119107,0.0,0.5698366820387978
02/01/2024,171.93,52.02,136.3,27.75,1273.5,71.88,69.75,14.2,18.6,11.65,209.23,1,255.5,0.44322777400692714,0.4993068468707159,0.45477299510312497,0.3579004019509877,0.3721181770976072,0.6182849979673389,0.6125036884963173,0.4557515293849788,0.9964423256271107,0.6150867818029779,0.5276594587730628,0.0,0.6389836676470646
03/01/2024,171.85,50.94,134.28,27.34,1277.0,72.35,69.77,14.21,0.4,11.65,201.41,1,250.15,0.5119876534835099,0.401694830267734,0.37310625610994713,0.3731052825706498,0.37281132240467857,0.6032660663259493,0.533488140142682,0.5063964551116443,0.46795964422223424,0.6150867818029779,0.4124074191756528,0.0,0.4669308634694301
04/01/2024,171.13,51.24,134.11,27.3,1267.5,72.45,71.32,14.52,11.6,11.65,202.74,1,251.75,0.48453886933167306,0.5247932236746324,0.47728786981179316,0.48751349892316576,0.37254053139397714,0.5841149308085062,0.7641807317821555,0.7294031196275301,0.9915699690403348,0.6150867818029779,0.5825724351318521,0.0,0.6037702498286738
05/01/2024,170.57,51.61,132.89,27.28,1256.25,72.71,70.47,14.46,4.0,11.65,199.19,1,251.45,0.49123786132550906,0.5312071507446997,0.41743793045782196,0.493806106548914,0.3724946681344222,0.5923948094539927,0.3993649166002601,0.45575152938498015,0.9512857796178624,0.6150867818029779,0.48736663680135095,0.0,0.5637161455131082
06/01/2024,170.57,51.61,132.89,27.28,1256.25,72.71,70.47,14.46,0.2,11.65,199.19,1,251.45,0.5155630767475817,0.49749785559889903,0.48724306665073785,0.500111398569815,0.3727585780452793,0.5789414980448113,0.5304313584418854,0.4991275511270036,0.2895944468794358,0.6150867818029779,0.5544755223119107,0.0,0.5698366820387978
07/01/2024,170.57,51.61,132.89,27.28,1256.25,72.71,70.47,14.46,0.0,11.65,199.19,1,251.45,0.5155630767475817,0.49749785559889903,0.48724306665073785,0.500111398569815,0.3727585780452793,0.5789414980448113,0.5304313584418854,0.4991275511270036,0.0,0.6150867818029779,0.5544755223119107,0.0,0.5698366820387978
08/01/2024,169.95,51.86,128.83,26.44,1245.5,71.29,70.12,14.39,0.0,11.65,200.11,2,252.65,0.48871470325877847,0.5202216011410754,0.2630446450552896,0.24396026140832805,0.3725078898701178,0.5055796048781614,0.4767103666572379,0.44856062695850235,0.0,0.6150867818029779,0.5737271768032484,0.03362089965624637,0.5951334240670684
09/01/2024,170.77,50.82,127.53,26.02,1248.5,70.9,70.24,14.33,0.0,11.65,197.09,2,249.05,0.5542085283353576,0.40519189997997396,0.4129645465557269,0.3700599369497036,0.3728044151005749,0.5587762085639556,0.5487498842114616,0.4557515293849788,0.0,0.6150867818029779,0.4969865997171954,0.03362089965624637,0.49964527470770914
10/01/2024,170.75,51.16,126.3,25.81,1236.5,69.64,69.3,14.16,0.0,11.65,197.83,2,250.4,0.5146654960627886,0.5284564162665756,0.41687821066361924,0.43450311472813996,0.37247466872423124,0.513838693625205,0.38538161411838806,0.37721987057655115,0.0,0.6150867818029779,0.5698887449023288,0.03362089965624637,0.5983627003805421
11/01/2024,171.8,51.45,122.2,25.05,1236.5,68.84,68.0,13.94,0.0,11.65,196.4,2,250.95,0.5655706044406414,0.5238782361669033,0.2609189567133914,0.2677285224094223,0.3727585780452793,0.5375920512046378,0.3292909169465522,0.3419163711174946,0.0,0.6150867818029779,0.5265199065900197,0.03362089965624637,0.5812943899099513
12/01/2024,171.38,51.77,120.62,24.85,1224.25,67.86,67.24,13.85,0.0,11.65,197.54,2,251.3,0.4971806134417863,0.5266241761619215,0.3973824048216326,0.4375991185336223,0.37246795922908993,0.5282956541981159,0.41333100937020384,0.4342106939122111,0.0,0.6150867818029779,0.5784568129592313,0.03362089965624637,0.5770962202861674
13/01/2024,171.38,51.77,120.62,24.85,1224.25,67.86,67.24,13.85,0.0,11.65,197.54,2,251.3,0.5155630767475817,0.49749785559889903,0.48724306665073785,0.500111398569815,0.3727585780452793,0.5789414980448113,0.5304313584418854,0.4991275511270036,0.0,0.6150867818029779,0.5544755223119107,0.03362089965624637,0.5698366820387978
14/01/2024,171.38,51.77,120.62,24.85,1224.25,67.86,67.24,13.85,0.0,11.65,197.54,2,251.3,0.5155630767475817,0.49749785559889903,0.48724306665073785,0.500111398569815,0.3727585780452793,0.5789414980448113,0.5304313584418854,0.4991275511270036,0.0,0.6150867818029779,0.5544755223119107,0.03362089965624637,0.5698366820387978
15/01/2024,171.38,51.77,120.62,24.85,1224.25,67.86,67.24,13.85,0.0,11.65,197.54,3,251.3,0.5155630767475817,0.49749785559889903,0.48724306665073785,0.500111398569815,0.3727585780452793,0.5789414980448113,0.5304313584418854,0.4991275511270036,0.0,0.6150867818029779,0.5544755223119107,0.06436587743317368,0.5698366820387978
16/01/2024,173.13,50.66,118.7,24.08,1238.5,66.92,65.53,13.3,0.0,11.65,198.6,3,249.7,0.601222114537988,0.39907407825367713,0.37860280270524427,0.26475151999471214,0.37294188629812275,0.5303613322114641,0.2651393973691973,0.11421179879918258,0.0,0.6150867818029779,0.5767323211790502,0.06436587743317368,0.5379427978588931
17/01/2024,173.1,50.62,116.89,23.71,1218.25,67.93,64.8,13.15,0.0,11.65,202.97,3,249.5,0.5142176541438985,0.4938848501347535,0.38466270123105156,0.3853090294167545,0.3722436229280435,0.6312373325242354,0.41798240345593035,0.3914079155979913,0.0,0.6150867818029779,0.6511530806942916,0.06436587743317368,0.5657464960570511
18/01/2024,174.82,50.89,116.29,23.57,1224.25,66.72,64.09,12.99,0.2,11.65,202.9,3,251.1,0.5996646207171502,0.5220492506943766,0.4524854252182645,0.456231680866723,0.37284422394510824,0.5164199513360659,0.42108220127474205,0.3843090383427822,0.2895944468794358,0.6150867818029779,0.5530555400349972,0.06436587743317368,0.6037702498286738
19/01/2024,174.38,50.64,116.31,23.6,1223.0,65.4,63.0,12.78,0.0,11.65,202.05,3,249.6,0.4963266819860808,0.47501680743558056,0.4884209406505187,0.5095934433208895,0.3727349038833178,0.5107413708772603,0.3620399513666711,0.348958398484136,0.0,0.6150867818029779,0.5376377703516722,0.06436587743317368,0.5398935493341942
20/01/2024,174.38,50.64,116.31,23.6,1223.0,65.4,63.0,12.78,0.0,11.65,202.05,3,249.6,0.5155630767475817,0.49749785559889903,0.48724306665073785,0.500111398569815,0.3727585780452793,0.5789414980448113,0.5304313584418854,0.4991275511270036,0.0,0.6150867818029779,0.5544755223119107,0.06436587743317368,0.5698366820387978
21/01/2024,174.38,50.64,116.31,23.6,1223.0,65.4,63.0,12.78,0.0,11.65,202.05,3,249.6,0.5155630767475817,0.49749785559889903,0.48724306665073785,0.500111398569815,0.3727585780452793,0.5789414980448113,0.5304313584418854,0.4991275511270036,0.0,0.6150867818029779,0.5544755223119107,0.06436587743317368,0.5698366820387978
22/01/2024,173.77,49.92,115.73,23.19,1233.0,64.62,62.28,12.48,0.0,11.65,203.27,4,249.1,0.4891342861352109,0.4332890214785069,0.4536287552229504,0.3731052825706498,0.37289311502770733,0.5386251223796701,0.4195324163741783,0.2859027937276709,0.0,0.6150867818029779,0.5801863601776508,0.09313526815026307,0.5596810302086817
23/01/2024,174.65,50.04,117.1,23.63,1247.0,66.14,62.11,12.53,0.2,11.65,203.97,4,248.0,0.5571537181996867,0.5083759136336135,0.5704227544883791,0.641762688081808,0.37293908619378446,0.6576720297046933,0.5043891352421771,0.5355854896076724,0.2895944468794358,0.6150867818029779,0.5690398663231483,0.09313526815026307,0.5477423956593632
24/01/2024,175.35,50.27,117.23,23.76,1246.5,66.61,62.64,12.7,4.0,11.65,204.27,4,248.0,0.5483602209624823,0.5183953078841581,0.4949245282367873,0.5414014371439688,0.37274948621358206,0.6032660663259493,0.6109914011954187,0.6241937024033417,0.9512857796178624,0.6150867818029779,0.560643337081261,0.09313526815026307,0.5698366820387978
25/01/2024,177.73,50.34,115.93,23.56,1230.25,67.27,62.24,12.65,1.2,11.65,205.61,4,247.7,0.634460838555669,0.5038364629381149,0.4129645465557277,0.4375991185336212,0.37235795681539235,0.6131053071291445,0.46900465710360517,0.46295321049774185,0.7721351562515812,0.6150867818029779,0.5827897950671435,0.09313526815026307,0.5637161455131082
26/01/2024,178.45,50.31,113.68,23.14,1216.25,65.57,61.95,12.61,0.0,11.65,206.78,4,247.1,0.5493309422635799,0.4947874872684917,0.3605069310897755,0.37005993694970474,0.372420423796558,0.4911294060585347,0.48594766432104075,0.4701657893424396,0.0,0.6150867818029779,0.5791048100272623,0.09313526815026307,0.5576750363652282
27/01/2024,178.45,50.31,113.68,23.14,1216.25,65.57,61.95,12.61,1.0,11.65,206.78,4,247.1,0.5155630767475817,0.49749785559889903,0.48724306665073785,0.500111398569815,0.3727585780452793,0.5789414980448113,0.5304313584418854,0.4991275511270036,0.7275090786514087,0.6150867818029779,0.5544755223119107,0.09313526815026307,0.5698366820387978
28/01/2024,178.45,50.31,113.68,23.14,1216.25,65.57,61.95,12.61,0.0,11.65,206.78,4,247.1,0.5155630767475817,0.49749785559889903,0.48724306665073785,0.500111398569815,0.3727585780452793,0.5789414980448113,0.5304313584418854,0.4991275511270036,0.0,0.6150867818029779,0.5544755223119107,0.09313526815026307,0.5698366820387978
29/01/2024,177.38,50.2,112.07,22.64,1205.0,64.3,62.15,12.55,0.2,11.65,204.78,5,248.55,0.47018290059036827,0.4875774436797363,0.3957193991751342,0.34577503443851354,0.3724946681344222,0.513322459163029,0.5609343014346895,0.45575152938498015,0.2895944468794358,0.6150867818029779,0.5157965314043306,0.12042235276213964,0.6005220311108792
30/01/2024,178.02,50.0,110.23,22.3,1227.75,64.38,62.81,12.7,0.0,11.65,206.11,5,247.2,0.5454579394834225,0.4794948535279225,0.3830085469910294,0.394485826793123,0.3730333186934013,0.5830801474748749,0.6306322108176544,0.6093210558845142,0.0,0.6150867818029779,0.5825724351318521,0.12042235276213964,0.5428279524943287
31/01/2024,177.35,49.52,110.98,22.43,1232.75,65.17,62.34,12.6,0.0,11.65,205.84,5,245.0,0.4866223045981341,0.4545198475626513,0.532244473053736,0.5414014371439677,0.3728313445416882,0.6198390493589254,0.4582050098536876,0.4270514369237306,0.0,0.6150867818029779,0.5490368527913838,0.12042235276213964,0.5263212198370597
01/02/2024,179.75,49.42,111.44,22.67,1213.75,64.13,61.45,12.5,0.0,11.15,205.79,5,242.9,0.6355316247465091,0.4884773442133033,0.514662267263868,0.5767251935573897,0.37227976997142226,0.5251973304040054,0.3931521921417549,0.4270514369237306,0.0,0.25929201401464974,0.553460485883286,0.12042235276213964,0.5282489886501897
02/02/2024,180.55,48.36,111.76,22.5,1198.25,64.13,62.13,12.51,0.0,11.15,206.55,5,240.2,0.5532298653956307,0.40344297130288437,0.506250208425812,0.4469031326412246,0.37237893819422735,0.5789414980448113,0.6336503413089958,0.5063964551116429,0.0,0.6150867818029779,0.570313759666815,0.12042235276213964,0.5167309504537146
03/02/2024,180.55,48.36,111.76,22.5,1198.25,64.13,62.13,12.51,0.2,11.15,206.55,5,240.2,0.5155630767475817,0.49749785559889903,0.48724306665073785,0.500111398569815,0.3727585780452793,0.5789414980448113,0.5304313584418854,0.4991275511270036,0.2895944468794358,0.6150867818029779,0.5544755223119107,0.12042235276213964,0.5698366820387978
04/02/2024,180.55,48.36,111.76,22.5,1198.25,64.13,62.13,12.51,1.4,11.15,206.55,5,240.2,0.5155630767475817,0.49749785559889903,0.48724306665073785,0.500111398569815,0.3727585780452793,0.5789414980448113,0.5304313584418854,0.4991275511270036,0.8064673820574741,0.6150867818029779,0.5544755223119107,0.12042235276213964,0.5698366820387978
05/02/2024,179.73,48.12,112.67,22.62,1204.75,65.46,62.72,12.59,0.0,11.15,204.82,6,239.7,0.48039771742216936,0.4759117410679519,0.5420259081871467,0.5382071711422812,0.3728505475801677,0.6478220981785017,0.6200614305180109,0.5575938042351137,0.0,0.6150867818029779,0.5208540565577834,0.14653540631051742,0.5596810302086817
06/02/2024,183.0,47.88,112.81,22.74,1208.25,65.32,62.82,12.66,0.0,11.15,202.78,6,237.55,0.6829292571994204,0.47591174106795253,0.4955178000034775,0.53820717114228,0.37281132240467857,0.5717007619253521,0.5457003965273644,0.550246777058737,0.0,0.6150867818029779,0.5150503754868783,0.14653540631051742,0.5272846752248056
07/02/2024,182.23,47.92,112.26,22.6,1197.5,64.42,63.28,12.74,0.0,11.15,205.46,6,238.0,0.48246410007549134,0.5011174846960261,0.4553454601098761,0.4562316808667241,0.3725078898701178,0.5324271157599997,0.600398290224776,0.5575938042351137,0.0,0.6150867818029779,0.612482872365083,0.14653540631051742,0.5791912428188696
08/02/2024,183.77,47.92,112.46,22.53,1199.75,65.21,62.71,12.56,0.2,11.15,204.0,6,239.15,0.5903721748362415,0.49749785559889903,0.4990842086353507,0.4780977857677457,0.3727937758511222,0.6198390493589246,0.44275449155550006,0.3701403161995962,0.2895944468794358,0.6150867818029779,0.5259509594628284,0.14653540631051742,0.5940596996677725
09/02/2024,184.63,48.28,112.8,22.75,1190.0,64.98,62.17,12.54,0.0,11.15,205.09,6,239.35,0.5561704689732219,0.5302899256543614,0.5074486326548174,0.5702778560998225,0.3725340520352666,0.5670471856260958,0.44739233677353163,0.484624128851518,0.0,0.6150867818029779,0.5773784019773365,0.14653540631051742,0.5739701858982316
10/02/2024,184.63,48.28,112.8,22.75,1190.0,64.98,62.17,12.54,0.0,11.15,205.09,6,239.35,0.5155630767475817,0.49749785559889903,0.48724306665073785,0.500111398569815,0.3727585780452793,0.5789414980448113,0.5304313584418854,0.4991275511270036,0.0,0.6150867818029779,0.5544755223119107,0.14653540631051742,0.5698366820387978
11/02/2024,184.63,48.28,112.8,22.75,1190.0,64.98,62.17,12.54,0.0,11.15,205.09,6,239.35,0.5155630767475817,0.49749785559889903,0.48724306665073785,0.500111398569815,0.3727585780452793,0.5789414980448113,0.5304313584418854,0.4991275511270036,0.0,0.6150867818029779,0.5544755223119107,0.14653540631051742,0.5698366820387978
12/02/2024,184.25,48.28,112.8,22.75,1197.75,64.98,62.17,12.54,0.0,11.15,205.09,7,239.35,0.49889368275184426,0.49749785559889903,0.48724306665073785,0.500111398569815,0.37286606428588825,0.5789414980448113,0.5304313584418854,0.4991275511270036,0.0,0.6150867818029779,0.5544755223119107,0.17168377365995158,0.5698366820387978
13/02/2024,183.75,48.28,112.8,22.75,1191.75,64.98,62.17,12.54,0.0,11.15,205.09,7,239.35,0.49377497410737403,0.49749785559889903,0.48724306665073785,0.500111398569815,0.37262829831510325,0.5789414980448113,0.5304313584418854,0.4991275511270036,0.0,0.6150867818029779,0.5544755223119107,0.17168377365995158,0.5698366820387978
14/02/2024,182.4,47.85,112.52,22.64,1176.25,64.54,62.13,12.5,0.0,11.15,215.18,7,237.8,0.4589499334833327,0.4589622824369819,0.47089550656490003,0.46558547627285074,0.37237893819422735,0.5561920255972708,0.5243132028382091,0.47016578934244074,0.0,0.6150867818029779,0.7881634288812458,0.17168377365995158,0.5389176373017783
15/02/2024,183.4,48.09,111.47,22.43,1166.0,64.59,62.12,12.5,0.2,11.15,211.02,7,238.95,0.5630842645275516,0.5193082836770779,0.42697805683689916,0.43450311472813996,0.372521018979203,0.5815280617762189,0.5289023905700262,0.4991275511270036,0.2895944468794358,0.6150867818029779,0.47640231029421154,0.17168377365995158,0.5940596996677718
16/02/2024,184.77,48.42,112.38,22.63,1176.25,64.51,62.47,12.58,0.0,11.15,212.26,7,240.45,0.5816821893897647,0.5275401364205919,0.5420259081871467,0.5638413640570443,0.37289606085577653,0.5748036478171616,0.5837257283122147,0.5575938042351137,0.0,0.6150867818029779,0.5806195169237083,0.17168377365995158,0.6016035643834113
17/02/2024,184.77,48.42,112.38,22.63,1176.25,64.51,62.47,12.58,0.2,11.15,212.26,7,240.45,0.5155630767475817,0.49749785559889903,0.48724306665073785,0.500111398569815,0.3727585780452793,0.5789414980448113,0.5304313584418854,0.4991275511270036,0.2895944468794358,0.6150867818029779,0.5544755223119107,0.17168377365995158,0.5698366820387978
18/02/2024,184.77,48.42,112.38,22.63,1176.25,64.51,62.47,12.58,0.0,11.15,212.26,7,240.45,0.5155630767475817,0.49749785559889903,0.48724306665073785,0.500111398569815,0.3727585780452793,0.5789414980448113,0.5304313584418854,0.4991275511270036,0.0,0.6150867818029779,0.5544755223119107,0.17168377365995158,0.5698366820387978
19/02/2024,184.77,48.42,112.38,22.63,1176.25,64.51,62.47,12.58,0.0,11.15,212.26,8,240.45,0.5155630767475817,0.49749785559889903,0.48724306665073785,0.500111398569815,0.3727585780452793,0.5789414980448113,0.5304313584418854,0.4991275511270036,0.0,0.6150867818029779,0.5544755223119107,0.19601805204551692,0.5698366820387978
20/02/2024,184.4,47.77,112.95,22.91,1183.5,64.83,62.85,12.75,8.0,11.15,210.99,8,235.5,0.49932305556451473,0.43946623221509007,0.5213076855041573,0.5896517810283661,0.37285990468652586,0.5955004548683778,0.5882760873231645,0.6241937024033417,0.9839644868512838,0.6150867818029779,0.529563768067575,0.19601805204551692,0.47435803947128197
21/02/2024,183.98,47.84,112.98,22.87,1165.0,64.37,63.11,12.78,0.0,11.15,215.0,8,236.35,0.4971806134417863,0.5038364629381149,0.48901042394775257,0.48751349892316576,0.3722941258832867,0.555158415098641,0.5700590517997042,0.5209684749066019,0.0,0.6150867818029779,0.6428233321487742,0.19601805204551692,0.5876478982910873
22/02/2024,183.5,47.6,112.6,22.75,1152.5,64.07,62.87,12.7,0.0,11.15,218.0,8,235.6,0.4946238885153156,0.4759117410679519,0.46511426130803385,0.4624646935786054,0.37246122879113147,0.5634283242084378,0.4936371308564077,0.4413803865727718,0.0,0.6150867818029779,0.6197144631350663,0.19601805204551692,0.5546790759942132
23/02/2024,185.6,47.36,111.68,22.39,1141.75,61.96,63.06,12.64,0.0,11.15,217.96,8,236.25,0.6195673472718688,0.4759117410679519,0.4343068800516917,0.38836564664504525,0.3725078898701178,0.46997679568556805,0.5594124021954675,0.45575152938498015,0.0,0.6150867818029779,0.5536631846531198,0.19601805204551692,0.583405165178428
24/02/2024,185.6,47.36,111.68,22.39,1141.75,61.96,63.06,12.64,0.0,11.15,217.96,8,236.25,0.5155630767475817,0.49749785559889903,0.48724306665073785,0.500111398569815,0.3727585780452793,0.5789414980448113,0.5304313584418854,0.4991275511270036,0.0,0.6150867818029779,0.5544755223119107,0.19601805204551692,0.5698366820387978
25/02/2024,185.6,47.36,111.68,22.39,1141.75,61.96,63.06,12.64,0.0,11.15,217.96,8,236.25,0.5155630767475817,0.49749785559889903,0.48724306665073785,0.500111398569815,0.3727585780452793,0.5789414980448113,0.5304313584418854,0.4991275511270036,0.0,0.6150867818029779,0.5544755223119107,0.19601805204551692,0.5698366820387978
26/02/2024,185.73,47.51,109.72,22.05,1145.25,61.01,63.11,12.68,0.0,11.15,219.44,9,236.45,0.5214582013593562,0.5111041286915605,0.37640278671056276,0.394485826793123,0.37281132240467857,0.5298449028991986,0.5380704788832585,0.5282714036279926,0.0,0.6150867818029779,0.5858403442977768,0.21965127772590198,0.5739701858982316
27/02/2024,185.6,47.66,110.57,22.4,1140.75,61.08,62.91,12.75,0.0,11.15,219.45,9,235.2,0.5097724103462766,0.5111041286915605,0.5383515914311585,0.6123726214070933,0.37266390061477067,0.5825627735577508,0.4997830715395448,0.550246777058737,0.0,0.6150867818029779,0.5546790000825097,0.21965127772590198,0.5447900264382528
28/02/2024,184.65,47.25,110.31,22.19,1145.25,60.28,62.3,12.53,0.0,11.15,220.84,9,234.9,0.4750625274392733,0.4607412614476612,0.47205509723612993,0.43450311472814107,0.37282477395934877,0.5375920512046378,0.43656721570413465,0.3419163711174946,0.0,0.6150867818029779,0.5838776800530779,0.21965127772590198,0.5637161455131088
29/02/2024,184.0,47.34,110.7,22.26,1140.75,60.22,62.23,12.51,0.2,11.15,220.35,9,235.4,0.4874581711589515,0.505651087387823,0.5104495796596589,0.5222802334523788,0.37266390061477067,0.5758380368937972,0.5197206636548447,0.4846241288515194,0.2895944468794358,0.6150867818029779,0.5446731172443074,0.21965127772590198,0.5802418333278172
01/03/2024,188.45,47.46,111.08,22.43,1151.25,61.1,62.72,12.66,0.0,11.15,219.21,9,235.05,0.749433677403872,0.5083759136336135,0.5098488394810415,0.5542073170919347,0.37289899589046954,0.6245015865349294,0.6049397336617437,0.6093210558845157,0.0,0.6150867818029779,0.532049257016281,0.21965127772590198,0.5627042945317458
02/03/2024,188.45,47.46,111.08,22.43,1151.25,61.1,62.72,12.66,0.0,11.15,219.21,9,235.05,0.5155630767475817,0.49749785559889903,0.48724306665073785,0.500111398569815,0.3727585780452793,0.5789414980448113,0.5304313584418854,0.4991275511270036,0.0,0.6150867818029779,0.5544755223119107,0.21965127772590198,0.5698366820387978
03/03/2024,188.45,47.46,111.08,22.43,1151.25,61.1,62.72,12.66,0.0,11.15,219.21,9,235.05,0.5155630767475817,0.49749785559889903,0.48724306665073785,0.500111398569815,0.3727585780452793,0.5789414980448113,0.5304313584418854,0.4991275511270036,0.0,0.6150867818029779,0.5544755223119107,0.21965127772590198,0.5698366820387978
04/03/2024,186.68,47.52,112.84,22.81,1155.0,62.19,63.01,12.74,0.0,11.15,221.35,10,235.1,0.4424506648964211,0.502929738862223,0.5947753722076076,0.6221476011909655,0.372814727859684,0.6353829482415998,0.5746172716300886,0.5575938042351137,0.0,0.6150867818029779,0.6003931561418848,0.24267111083626458,0.570866043560161
05/03/2024,188.0,47.09,112.96,22.8,1149.0,62.6,62.77,12.67,2.2,11.15,219.9,10,233.3,0.579142996933114,0.4589622824369819,0.4943315863172278,0.4969571497792765,0.37262829831510325,0.6001595742460121,0.4936371308564088,0.44856062695850235,0.8872396918336801,0.6150867818029779,0.5261405478254396,0.24267111083626458,0.5340537428773964
06/03/2024,187.25,47.33,112.97,22.85,1148.25,62.66,62.75,12.69,0.0,11.15,219.69,10,234.05,0.48329298612256705,0.5193082836770773,0.48783182042886003,0.515930633984855,0.3727447352090851,0.5820454116206182,0.527373039582788,0.5136767945011111,0.0,0.6150867818029779,0.5502368733062775,0.24267111083626458,0.5855231309396244
07/03/2024,188.73,47.95,114.11,23.12,1166.25,63.4,62.84,12.73,0.0,11.15,213.53,10,236.7,0.5872952971079284,0.55423358017415,0.5561762929963356,0.5864161925277981,0.3729830508989044,0.6172490000996118,0.5441751280554281,0.5282714036279939,0.0,0.6150867818029779,0.4411062558324772,0.24267111083626458,0.6267756588899093
08/03/2024,187.6,47.11,115.28,23.15,1184.0,63.17,62.87,12.63,0.0,11.15,212.98,10,234.6,0.4677584059079024,0.42272637040807737,0.5580292842366281,0.5095934433208884,0.37298035138046065,0.5670471856260954,0.535015960457401,0.4270514369237306,0.0,0.6150867818029779,0.5434920756094538,0.24267111083626458,0.5282489886501897
09/03/2024,187.6,47.11,115.28,23.15,1184.0,63.17,62.87,12.63,0.2,11.15,212.98,10,234.6,0.5155630767475817,0.49749785559889903,0.48724306665073785,0.500111398569815,0.3727585780452793,0.5789414980448113,0.5304313584418854,0.4991275511270036,0.2895944468794358,0.6150867818029779,0.5544755223119107,0.24267111083626458,0.5698366820387978
10/03/2024,187.6,47.11,115.28,23.15,1184.0,63.17,62.87,12.63,0.0,11.15,212.98,10,234.6,0.5155630767475817,0.49749785559889903,0.48724306665073785,0.500111398569815,0.3727585780452793,0.5789414980448113,0.5304313584418854,0.4991275511270036,0.0,0.6150867818029779,0.5544755223119107,0.24267111083626458,0.5698366820387978
11/03/2024,187.6,47.01,116.58,23.43,1179.25,62.91,62.9,12.64,0.0,11.15,216.77,11,233.85,0.5155630767475817,0.4884773442133033,0.5660772639875968,0.5896517810283661,0.3726580673918075,0.5654961841771492,0.5350159604574021,0.5063964551116429,0.0,0.6150867818029779,0.6377557499426336,0.2651473174209875,0.5546790759942132
12/03/2024,188.25,46.88,117.56,23.64,1196.0,63.4,63.07,12.68,0.0,11.15,217.75,11,233.15,0.5459406113190697,0.4857787673171343,0.5463217744453751,0.5670582443913101,0.37296949283784897,0.604301634147929,0.5563676299412925,0.5282714036279926,0.0,0.6150867818029779,0.5750130656092234,0.2651473174209875,0.5556760658422484
13/03/2024,189.93,46.7,117.97,23.72,1196.75,63.47,63.0,12.67,1.2,11.15,219.36,11,232.3,0.5975917942826907,0.48128847760862425,0.5116518731793348,0.5254596210911557,0.3727710909864317,0.5825627735577508,0.5197206636548447,0.4918701402792801,0.7721351562515812,0.6150867818029779,0.5886851162728792,0.2651473174209875,0.5526898386585559
14/03/2024,186.95,46.79,117.98,23.63,1195.25,63.03,63.24,12.67,0.0,11.15,219.41,11,233.6,0.3967315680657072,0.5056510873878225,0.48783182042886003,0.4718357364906687,0.3727298451944452,0.5561920255972708,0.5670187164633138,0.4991275511270036,0.0,0.6150867818029779,0.5554944748596965,0.2651473174209875,0.5972849525644625
15/03/2024,187.25,46.35,118.61,23.75,1212.5,63.14,63.17,12.65,0.0,11.15,217.5,11,231.5,0.5293140358167038,0.4580732267507802,0.5249449495751083,0.5382071711422812,0.3729749343947823,0.5846323400097297,0.5197206636548447,0.4846241288515194,0.0,0.6150867818029779,0.5174782488225895,0.2651473174209875,0.5282489886501897
16/03/2024,187.25,46.35,118.61,23.75,1212.5,63.14,63.17,12.65,0.0,11.15,217.5,11,231.5,0.5155630767475817,0.49749785559889903,0.48724306665073785,0.500111398569815,0.3727585780452793,0.5789414980448113,0.5304313584418854,0.4991275511270036,0.0,0.6150867818029779,0.5544755223119107,0.2651473174209875,0.5698366820387978
17/03/2024,187.25,46.35,118.61,23.75,1212.5,63.14,63.17,12.65,0.0,11.15,217.5,11,231.5,0.5155630767475817,0.49749785559889903,0.48724306665073785,0.500111398569815,0.3727585780452793,0.5789414980448113,0.5304313584418854,0.4991275511270036,0.0,0.6150867818029779,0.5544755223119107,0.2651473174209875,0.5698366820387978
18/03/2024,188.57,46.0,118.48,23.57,1202.25,60.95,62.87,12.51,0.0,11.15,218.89,12,231.25,0.579142996933114,0.4660852966597044,0.4796215683168579,0.44379910269805,0.372521018979203,0.46585029322440363,0.48440885625407165,0.3985166002471645,0.0,0.6150867818029779,0.5838776800530774,0.2871366055179304,0.564730181865189
19/03/2024,188.05,45.51,118.87,23.68,1200.25,61.58,62.86,12.52,1.0,11.15,216.36,12,228.5,0.49292768090564043,0.4536322035364587,0.5104495796596589,0.5350158326757246,0.3727194811580692,0.6115515485750149,0.5289023905700273,0.5063964551116429,0.7275090786514087,0.6150867818029779,0.5059692482287931,0.2871366055179304,0.5157760884618153
20/03/2024,187.8,46.44,119.39,24.01,1223.25,60.68,62.75,12.62,0.2,11.15,213.62,12,230.9,0.5045117209098212,0.5830145505374016,0.5182832850196345,0.6058683203454728,0.37303591544150133,0.5324271157599993,0.5135922223877268,0.5723202008680504,0.2895944468794358,0.6150867818029779,0.5021083190559548,0.2871366055179304,0.6212597339051252
21/03/2024,188.38,46.53,120.39,24.17,1225.75,60.52,62.62,12.58,2.6,10.65,216.09,12,231.7,0.5425708437137859,0.505651087387823,0.5475509338934981,0.5510015697059439,0.3727973632945372,0.5706665576251296,0.5105258925746092,0.47016578934244074,0.9096263213999098,0.25929201401464974,0.6077635840132598,0.2871366055179304,0.5865846870423519
22/03/2024,187.5,46.46,120.09,24.02,1205.5,60.13,62.45,12.49,0.6,10.65,214.5,12,232.3,0.4779287593503192,0.49117933836999955,0.4697370539991077,0.4531193955658525,0.3722436229280435,0.5587762085639556,0.5043891352421782,0.4342106939122111,0.5858421037283797,0.6150867818029779,0.5234917066316186,0.2871366055179304,0.5823488526248648
23/03/2024,187.5,46.46,120.09,24.02,1205.5,60.13,62.45,12.49,0.0,10.65,214.5,12,232.3,0.5155630767475817,0.49749785559889903,0.48724306665073785,0.500111398569815,0.3727585780452793,0.5789414980448113,0.5304313584418854,0.4991275511270036,0.0,0.6150867818029779,0.5544755223119107,0.2871366055179304,0.5698366820387978
24/03/2024,187.5,46.46,120.09,24.02,1205.5,60.13,62.45,12.49,0.0,10.65,214.5,12,232.3,0.5155630767475817,0.49749785559889903,0.48724306665073785,0.500111398569815,0.3727585780452793,0.5789414980448113,0.5304313584418854,0.4991275511270036,0.0,0.6150867818029779,0.5544755223119107,0.2871366055179304,0.5698366820387978
25/03/2024,186.2,46.62,120.18,24.15,1221.75,61.28,62.6,12.58,44.6,10.65,215.19,13,232.0,0.4609410733774999,0.5120142720734064,0.4925547674762249,0.5414014371439677,0.37296402590110295,0.6384924189246151,0.5533215403240248,0.5649516399985806,0.9994447008325882,0.6150867818029779,0.5688278894710782,0.30868588292533583,0.5637161455131082
26/03/2024,183.1,46.59,120.48,24.17,1212.5,59.92,62.3,12.5,7.2,10.65,212.88,13,232.2,0.3923167468402234,0.4947874872684923,0.5050529247846356,0.5064295684836569,0.37254698532029495,0.5086765996274385,0.48440885625407165,0.4413803865727718,0.9808646356323578,0.6150867818029779,0.5100333946473656,0.30868588292533583,0.5739701858982316
27/03/2024,183.6,46.55,120.13,24.12,1206.5,59.66,61.82,12.41,8.6,10.65,215.6,13,231.8,0.5387458619234445,0.4938848501347528,0.4668457811431878,0.4843718673509234,0.37262829831510325,0.5654961841771492,0.4566611257125034,0.4342106939122111,0.9858171407953471,0.6150867818029779,0.6133842152767689,0.30868588292533583,0.5616945434913185
28/03/2024,185.0,46.37,119.61,23.87,1205.25,60.4,61.78,12.33,44.2,10.65,215.29,13,232.3,0.5832094058841168,0.48128847760862425,0.4570642544376147,0.42214512936062787,0.3727349038833178,0.6172490000996118,0.5243132028382091,0.4413803865727718,0.9994317790953348,0.6150867818029779,0.5482393149953712,0.30868588292533583,0.5802418333278172
29/03/2024,185.0,46.37,119.61,23.87,1205.25,60.4,61.78,12.33,0.4,10.65,215.29,13,232.3,0.5155630767475817,0.49749785559889903,0.48724306665073785,0.500111398569815,0.3727585780452793,0.5789414980448113,0.5304313584418854,0.4991275511270036,0.46795964422223424,0.6150867818029779,0.5544755223119107,0.30868588292533583,0.5698366820387978
30/03/2024,185.0,46.37,119.61,23.87,1205.25,60.4,61.78,12.33,34.0,10.65,215.29,13,232.3,0.5155630767475817,0.49749785559889903,0.48724306665073785,0.500111398569815,0.3727585780452793,0.5789414980448113,0.5304313584418854,0.4991275511270036,0.9989465085973518,0.6150867818029779,0.5544755223119107,0.30868588292533583,0.5698366820387978
31/03/2024,185.0,46.37,119.61,23.87,1205.25,60.4,61.78,12.33,0.2,10.65,215.29,13,232.3,0.5155630767475817,0.49749785559889903,0.48724306665073785,0.500111398569815,0.3727585780452793,0.5789414980448113,0.5304313584418854,0.4991275511270036,0.2895944468794358,0.6150867818029779,0.5544755223119107,0.30868588292533583,0.5698366820387978
01/04/2024,180.07,45.02,120.23,23.74,1199.5,59.54,61.71,12.18,7.6,10.65,212.02,14,228.05,0.32698574053317986,0.3781682388776055,0.5243381459276851,0.4593467710761633,0.37263432813651454,0.5344930070714039,0.5197206636548447,0.3914079155979913,0.982518122004319,0.6150867818029779,0.4924372524851552,0.3298345278005889,0.4874244320217061
02/04/2024,181.77,45.19,120.75,23.87,1187.75,58.89,61.57,12.17,0.6,10.65,214.8,14,228.6,0.5986276571870439,0.5129247795619992,0.5182832850196345,0.5414014371439688,0.3724813569408215,0.5453408010744161,0.5089922110684558,0.4918701402792801,0.5858421037283797,0.6150867818029779,0.6147376505824896,0.3298345278005889,0.5812943899099513
03/04/2024,180.93,45.11,121.02,24.02,1195.25,58.89,61.49,12.2,0.4,10.65,212.03,14,227.3,0.47957345318241157,0.4902782878783755,0.5032591740188093,0.5477986591078168,0.37286299196792055,0.5789414980448113,0.5181890884794833,0.5209684749066019,0.46795964422223424,0.6150867818029779,0.5015581647500834,0.3298345278005889,0.5438083914185171
04/04/2024,181.48,45.16,120.54,23.88,1192.25,59.39,61.48,12.18,2.8,10.65,212.21,14,227.95,0.5411331431360431,0.5020234115805353,0.459359306522869,0.456231680866723,0.37269791685207365,0.6048194310030577,0.5289023905700262,0.4846241288515194,0.9183596473569063,0.6150867818029779,0.5581611745359356,0.3298345278005889,0.5834051651784274
05/04/2024,178.25,45.49,121.08,23.91,1196.75,58.98,60.99,12.04,14.2,10.65,211.08,14,230.4,0.3875548685882578,0.5275401364205926,0.5194923063355655,0.5095934433208895,0.37282477395934877,0.5577425081948304,0.4551169775830852,0.3985166002471645,0.9941350700591727,0.6150867818029779,0.5322409296278823,0.3298345278005889,0.6223611516064064
06/04/2024,178.25,45.49,121.08,23.91,1196.75,58.98,60.99,12.04,0.2,10.65,211.08,14,230.4,0.5155630767475817,0.49749785559889903,0.48724306665073785,0.500111398569815,0.3727585780452793,0.5789414980448113,0.5304313584418854,0.4991275511270036,0.2895944468794358,0.6150867818029779,0.5544755223119107,0.3298345278005889,0.5698366820387978
07/04/2024,178.25,45.49,121.08,23.91,1196.75,58.98,60.99,12.04,4.4,10.65,211.08,14,230.4,0.5155630767475817,0.49749785559889903,0.48724306665073785,0.500111398569815,0.3727585780452793,0.5789414980448113,0.5304313584418854,0.4991275511270036,0.9578608974505406,0.6150867818029779,0.5544755223119107,0.3298345278005889,0.5698366820387978
08/04/2024,179.4,44.92,121.38,24.14,1194.25,58.01,60.62,12.05,0.2,10.65,212.75,15,225.9,0.5705692359742525,0.44654084154638524,0.5050529247846356,0.5735001790844935,0.3727088266022801,0.5288120639259148,0.47362893473797674,0.5063964551116443,0.2895944468794358,0.6150867818029779,0.590001868663409,0.3506160171067816,0.4827472747621573
09/04/2024,180.7,45.72,121.08,24.17,1187.75,56.95,60.14,12.01,2.6,10.65,209.78,15,229.0,0.5781295052944345,0.5709168092623366,0.4697370539991077,0.5095934433208895,0.372616132660649,0.524164606311571,0.4566611257125034,0.4701657893424396,0.9096263213999098,0.6150867818029779,0.49789908728842036,0.3506160171067816,0.636756986581816
10/04/2024,179.07,45.92,120.67,23.76,1178.0,57.77,59.83,11.78,43.0,10.65,212.0,15,233.2,0.44790769445273015,0.5156584572298348,0.463385105546654,0.3731052825706498,0.3725340520352666,0.6213931652858229,0.48286974863057525,0.3348835020880564,0.9993909688394961,0.6150867818029779,0.6021745915806127,0.3506160171067816,0.6614042115210512
11/04/2024,180.25,45.27,121.08,23.79,1172.5,57.06,59.53,11.7,0.2,10.65,212.77,15,230.4,0.5720754091817886,0.43946623221509007,0.5116518731793348,0.5095934433208884,0.37264032117684964,0.5422411001466365,0.48440885625407276,0.4413803865727718,0.2895944468794358,0.6150867818029779,0.5705264091505526,0.3506160171067816,0.5148219401990496
12/04/2024,178.9,45.11,121.39,23.69,1186.75,57.32,59.62,11.63,7.6,10.65,209.5,15,231.2,0.4589499334833327,0.4830835127843536,0.5056514230157577,0.468709147586459,0.37294188629812275,0.5923948094539931,0.544175128055427,0.44856062695850346,0.982518122004319,0.6150867818029779,0.4924372524851547,0.3506160171067816,0.5865846870423519
13/04/2024,178.9,45.11,121.39,23.69,1186.75,57.32,59.62,11.63,12.2,10.65,209.5,15,231.2,0.5155630767475817,0.49749785559889903,0.48724306665073785,0.500111398569815,0.3727585780452793,0.5789414980448113,0.5304313584418854,0.4991275511270036,0.9922924932612636,0.6150867818029779,0.5544755223119107,0.3506160171067816,0.5698366820387978
14/04/2024,178.9,45.11,121.39,23.69,1186.75,57.32,59.62,11.63,0.4,10.65,209.5,15,231.2,0.5155630767475817,0.49749785559889903,0.48724306665073785,0.500111398569815,0.3727585780452793,0.5789414980448113,0.5304313584418854,0.4991275511270036,0.46795964422223424,0.6150867818029779,0.5544755223119107,0.3506160171067816,0.5698366820387978
15/04/2024,180.3,44.49,122.04,23.53,1172.0,58.42,59.7,11.51,0.0,10.65,206.23,16,230.7,0.5832094058841168,0.44211730332504556,0.5261592575064209,0.4500098882896243,0.37239976259482155,0.6359011781655333,0.5426495054495394,0.41276379267595825,0.0,0.6150867818029779,0.4924372524851547,0.3710591232878496,0.5596810302086817
16/04/2024,181.5,43.87,124.2,23.61,1160.0,58.84,59.74,11.36,0.0,10.65,206.48,16,230.8,0.5730811793232475,0.44211730332504495,0.6199785496459808,0.5254596210911557,0.37247466872423124,0.6006773005502571,0.5365434054710463,0.3914079155979913,0.0,0.6150867818029779,0.5596068221214812,0.3710591232878496,0.5718981586235736
17/04/2024,180.9,43.78,124.42,23.77,1164.25,58.15,59.41,11.35,0.0,10.65,208.42,16,229.2,0.4895542427994214,0.48937762439767907,0.5002755324616317,0.5510015697059439,0.3728214520126403,0.5432743033723472,0.4797906435969936,0.4918701402792801,0.0,0.6150867818029779,0.5959552870630103,0.3710591232878496,0.5379427978588931
18/04/2024,181.18,44.23,123.65,23.57,1149.0,57.81,59.29,11.3,0.0,10.65,209.65,16,232.05,0.5283817570562406,0.5385559594083419,0.44280222650127693,0.4375991185336223,0.37238589739942823,0.5613606219007471,0.5120592306771204,0.46295321049774185,0.0,0.6150867818029779,0.5804029005343624,0.3710591232878496,0.6312037587492225
19/04/2024,181.48,45.14,123.58,23.79,1165.75,58.05,59.11,11.38,0.0,10.65,213.04,16,234.5,0.5293140358167024,0.5811508317871696,0.4831319256209658,0.5702778560998225,0.37296949283784897,0.5913596748992995,0.5028541089884692,0.5575938042351137,0.0,0.6150867818029779,0.6285891394171936,0.3710591232878496,0.6223611516064058
20/04/2024,181.48,45.14,123.58,23.79,1165.75,58.05,59.11,11.38,2.8,10.65,213.04,16,234.5,0.5155630767475817,0.49749785559889903,0.48724306665073785,0.500111398569815,0.3727585780452793,0.5789414980448113,0.5304313584418854,0.4991275511270036,0.9183596473569063,0.6150867818029779,0.5544755223119107,0.3710591232878496,0.5698366820387978
21/04/2024,181.48,45.14,123.58,23.79,1165.75,58.05,59.11,11.38,0.2,10.65,213.04,16,234.5,0.5155630767475817,0.49749785559889903,0.48724306665073785,0.500111398569815,0.3727585780452793,0.5789414980448113,0.5304313584418854,0.4991275511270036,0.2895944468794358,0.6150867818029779,0.5544755223119107,0.3710591232878496,0.5698366820387978
22/04/2024,183.82,44.65,123.73,23.91,1176.5,57.78,58.76,11.36,0.0,10.65,215.48,17,231.0,0.6323219947091148,0.4536322035364587,0.49611139890491557,0.5382071711422812,0.3729019204047323,0.564979204135149,0.4767103666572368,0.484624128851518,0.0,0.6150867818029779,0.6070911927743087,0.39118881230011915,0.5015336941504911
23/04/2024,183.35,45.61,124.15,24.2,1182.0,57.66,58.49,11.4,0.0,10.65,216.77,17,233.95,0.49504896147907096,0.5858118064644813,0.5122534229075306,0.592889966483844,0.3728378251950769,0.5727350111826157,0.4890243726976516,0.5282714036279939,0.0,0.6150867818029779,0.5817037285007833,0.39118881230011915,0.6334226944879924
24/04/2024,182.1,45.19,124.87,24.26,1181.5,57.73,58.27,11.32,23.8,10.65,212.59,17,232.6,0.4629384290346924,0.45985162662715373,0.5304165547525589,0.5191038958146141,0.37274948621358206,0.5825627735577508,0.49671073859338366,0.4413803865727718,0.9977900971762208,0.6150867818029779,0.47604460887138567,0.39118881230011915,0.5428279524943292
25/04/2024,183.95,45.14,124.98,24.2,1179.75,57.9,58.01,11.23,0.0,10.65,212.54,17,233.15,0.6064312411378673,0.4929826156018048,0.49373897700409003,0.4812333069438162,0.37272470212906617,0.5877370342150702,0.49056226837532213,0.4342106939122111,0.0,0.6150867818029779,0.553460485883286,0.39118881230011915,0.581294389909952
26/04/2024,184.68,45.4,124.63,24.36,1177.25,56.88,58.09,11.35,0.0,10.65,210.94,17,232.25,0.549816911264574,0.5211352576690609,0.4668457811431878,0.5510015697059439,0.3727088266022801,0.5262300795824091,0.5426495054495394,0.5870891709569119,0.0,0.6150867818029779,0.5233029396340279,0.39118881230011915,0.5516975001576058
27/04/2024,184.68,45.4,124.63,24.36,1177.25,56.88,58.09,11.35,0.0,10.65,210.94,17,232.25,0.5155630767475817,0.49749785559889903,0.48724306665073785,0.500111398569815,0.3727585780452793,0.5789414980448113,0.5304313584418854,0.4991275511270036,0.0,0.6150867818029779,0.5544755223119107,0.39118881230011915,0.5698366820387978
28/04/2024,184.68,45.4,124.63,24.36,1177.25,56.88,58.09,11.35,0.0,10.65,210.94,17,232.25,0.5155630767475817,0.49749785559889903,0.48724306665073785,0.500111398569815,0.3727585780452793,0.5789414980448113,0.5304313584418854,0.4991275511270036,0.0,0.6150867818029779,0.5544755223119107,0.39118881230011915,0.5698366820387978
29/04/2024,185.4,44.91,124.46,24.34,1182.0,56.97,58.11,11.37,0.0,10.65,209.62,18,229.6,0.5493309422635799,0.4536322035364587,0.4772878698117924,0.493806106548914,0.3728280710505443,0.5835975332613357,0.533488140142682,0.5136767945011111,0.0,0.6150867818029779,0.5286108101110444,0.41102692996415213,0.5176865363650984
30/04/2024,185.0,44.19,124.51,23.99,1163.0,57.34,57.93,11.16,0.0,10.65,209.64,18,229.35,0.4980362709557701,0.4332890214785069,0.49019046661212545,0.39142457281477355,0.37227976997142226,0.5980887606555259,0.5028541089884692,0.34895839848413734,0.0,0.6150867818029779,0.5548826356357314,0.41102692996415213,0.564730181865189
01/05/2024,173.85,44.19,124.51,23.99,1170.25,57.34,57.93,11.16,0.0,10.65,209.64,18,229.35,0.12241923491575679,0.49749785559889903,0.48724306665073785,0.500111398569815,0.37285990468652586,0.5789414980448113,0.5304313584418854,0.4991275511270036,0.0,0.6150867818029779,0.5544755223119107,0.41102692996415213,0.5698366820387978
02/05/2024,176.8,45.2,125.14,24.48,1199.0,57.35,57.56,11.26,0.0,10.65,207.48,18,231.1,0.6653175878231798,0.5904783016435349,0.5249449495751083,0.6581729940927681,0.3730945059025975,0.5794587856571499,0.47362893473797785,0.5723202008680504,0.0,0.6150867818029779,0.5128164744144683,0.41102692996415213,0.6070290003781301
03/05/2024,176.68,46.11,126.08,24.87,1215.0,57.15,58.1,11.46,0.0,10.65,207.65,18,233.8,0.5102143151509466,0.581150831787169,0.5438658030086418,0.625410803943623,0.3729612826488396,0.5685982808137742,0.6125036884963163,0.6465782803409194,0.0,0.6150867818029779,0.5579551919669199,0.41102692996415213,0.6278814368424075
04/05/2024,176.68,46.11,126.08,24.87,1215.0,57.15,58.1,11.46,0.0,10.65,207.65,18,233.8,0.5155630767475817,0.49749785559889903,0.48724306665073785,0.500111398569815,0.3727585780452793,0.5789414980448113,0.5304313584418854,0.4991275511270036,0.0,0.6150867818029779,0.5544755223119107,0.41102692996415213,0.5698366820387978
05/05/2024,176.68,46.11,126.08,24.87,1215.0,57.15,58.1,11.46,0.0,10.65,207.65,18,233.8,0.5155630767475817,0.49749785559889903,0.48724306665073785,0.500111398569815,0.3727585780452793,0.5789414980448113,0.5304313584418854,0.4991275511270036,0.0,0.6150867818029779,0.5544755223119107,0.41102692996415213,0.5698366820387978
06/05/2024,176.98,46.07,127.41,25.11,1248.75,58.24,58.2,11.47,0.0,10.65,208.0,19,233.75,0.5293140358167024,0.4938848501347535,0.5679386139129707,0.5767251935573886,0.37314393411328245,0.6353829482416002,0.5457003965273644,0.5063964551116429,0.0,0.6150867818029779,0.5616829784640632,0.4305927350339436,0.5688101559656252
07/05/2024,177.63,45.97,129.43,25.52,1246.5,57.86,58.16,11.47,0.0,10.65,208.34,19,233.15,0.5459406113190697,0.4884773442133033,0.6111332264702991,0.6319444292958212,0.3727141877521351,0.5592930725348663,0.524313202838208,0.4991275511270036,0.0,0.6150867818029779,0.5614748053174242,0.4305927350339436,0.5576750363652282
08/05/2024,176.48,45.75,129.72,25.47,1227.75,57.71,58.1,11.4,0.0,10.65,211.84,19,233.05,0.46695242819200655,0.4777026159400515,0.5044547158022317,0.4843718673509234,0.3722869554310422,0.5711836542048141,0.5212518766700912,0.44856062695850235,0.0,0.6150867818029779,0.6311036832204787,0.4305927350339436,0.5677863685818793
09/05/2024,175.95,45.06,129.29,25.13,1208.5,57.91,58.19,11.31,0.0,10.4,213.61,19,231.8,0.49250463461521915,0.43593494099883945,0.4622336219307324,0.394485826793123,0.3722725696612053,0.5892895305661939,0.544175128055427,0.4342106939122111,0.0,0.46285298612500037,0.5922015854083815,0.4305927350339436,0.5447900264382528
10/05/2024,176.15,44.63,129.64,25.14,1219.0,57.93,58.88,11.42,0.0,10.4,208.46,19,230.15,0.5246737905323453,0.4589622824369819,0.5080482674834474,0.5032688774758333,0.37289899589046954,0.5799760859593717,0.6351590649638947,0.5796994047608528,0.0,0.6150867818029779,0.4588180491789182,0.4305927350339436,0.5369690092311177
11/05/2024,176.15,44.63,129.64,25.14,1219.0,57.93,58.88,11.42,0.0,10.4,208.46,19,230.15,0.5155630767475817,0.49749785559889903,0.48724306665073785,0.500111398569815,0.3727585780452793,0.5789414980448113,0.5304313584418854,0.4991275511270036,0.0,0.6150867818029779,0.5544755223119107,0.4305927350339436,0.5698366820387978
12/05/2024,176.15,44.63,129.64,25.14,1219.0,57.93,58.88,11.42,0.0,10.4,208.46,19,230.15,0.5155630767475817,0.49749785559889903,0.48724306665073785,0.500111398569815,0.3727585780452793,0.5789414980448113,0.5304313584418854,0.4991275511270036,0.0,0.6150867818029779,0.5544755223119107,0.4305927350339436,0.5698366820387978
13/05/2024,175.57,44.38,129.72,25.18,1219.5,58.72,58.83,11.42,0.0,10.4,209.92,20,228.65,0.49039528821652456,0.47501680743558056,0.4919631730259761,0.5127604742362117,0.37276704265950933,0.619839049358925,0.522782724195368,0.4991275511270036,0.0,0.6150867818029779,0.5854037074170865,0.44990331915737813,0.5398935493341942
14/05/2024,178.18,44.24,129.0,25.14,1214.5,58.71,58.67,11.44,0.0,10.4,210.8,20,227.0,0.6468285758024557,0.48487998452581493,0.44564389677552413,0.48751349892316576,0.3726521921167477,0.5784242232062211,0.5059238295407493,0.5136767945011111,0.0,0.6150867818029779,0.5728716578011182,0.44990331915737813,0.5369690092311177
15/05/2024,178.25,44.09,130.11,25.33,1216.25,58.82,58.96,11.48,0.0,10.4,208.26,20,226.5,0.5187245654051789,0.48398156745727544,0.5543249335152688,0.5606272355127605,0.3727864587080175,0.5846323400097297,0.5746172716300886,0.5282714036279939,0.0,0.6150867818029779,0.5057849946649737,0.44990331915737813,0.5596810302086817
16/05/2024,179.02,44.04,129.95,25.33,1216.75,59.15,58.85,11.47,0.0,10.4,212.73,20,225.9,0.5517647963841751,0.4929826156018042,0.4778708176565608,0.500111398569815,0.37276704265950933,0.5960180968819555,0.5135922223877268,0.4918701402792801,0.0,0.6150867818029779,0.6534747989791525,0.44990331915737813,0.5576750363652282
17/05/2024,181.05,44.2,130.55,25.58,1225.25,58.64,59.13,11.58,0.0,10.4,213.14,20,225.6,0.6158733647095168,0.5120142720734071,0.5231252460364765,0.5799528800334859,0.3728751962836023,0.5525745412962716,0.5730981661706364,0.5796994047608528,0.0,0.6150867818029779,0.5629345249663934,0.44990331915737813,0.5637161455131082
18/05/2024,181.05,44.2,130.55,25.58,1225.25,58.64,59.13,11.58,0.0,10.4,213.14,20,225.6,0.5155630767475817,0.49749785559889903,0.48724306665073785,0.500111398569815,0.3727585780452793,0.5789414980448113,0.5304313584418854,0.4991275511270036,0.0,0.6150867818029779,0.5544755223119107,0.44990331915737813,0.5698366820387978
19/05/2024,181.05,44.2,130.55,25.58,1225.25,58.64,59.13,11.58,0.0,10.4,213.14,20,225.6,0.5155630767475817,0.49749785559889903,0.48724306665073785,0.500111398569815,0.3727585780452793,0.5789414980448113,0.5304313584418854,0.4991275511270036,0.0,0.6150867818029779,0.5544755223119107,0.44990331915737813,0.5698366820387978
20/05/2024,181.48,44.16,132.53,25.94,1243.0,59.37,59.68,11.68,0.0,10.4,211.27,21,225.6,0.5354228660907763,0.4938848501347528,0.6086106697673154,0.61562849391855,0.37298035138046065,0.6167310122084563,0.6140157273282292,0.5723202008680504,0.0,0.6150867818029779,0.5182269794559727,0.4689739419624208,0.5698366820387978
21/05/2024,182.98,44.01,133.41,26.08,1234.0,59.57,59.48,11.63,0.0,10.4,210.35,21,225.1,0.5883197500489667,0.48398156745727544,0.5401878286162849,0.5445986074227372,0.3725534132973112,0.5892895305661944,0.4997830715395448,0.46295321049774185,0.0,0.6150867818029779,0.5362829103134077,0.4689739419624208,0.5596810302086817
22/05/2024,184.18,43.4,134.19,26.04,1243.25,59.57,59.36,11.52,0.0,10.4,211.48,21,223.7,0.573081179323249,0.44300149792850146,0.5340743617226995,0.48751349892316576,0.3728842098458278,0.5789414980448113,0.5120592306771204,0.41990250575180005,0.0,0.6150867818029779,0.5782409714364023,0.4689739419624208,0.5418486828016243
23/05/2024,183.52,43.16,134.86,26.16,1237.75,59.25,59.77,11.6,0.0,10.4,212.07,21,222.5,0.4870400574070921,0.4759117410679519,0.5273744907820189,0.5382071711422812,0.37264032117684964,0.562394453648629,0.5928239437181448,0.5575938042351137,0.0,0.6150867818029779,0.5667136114125874,0.4689739419624208,0.5457728856460983
24/05/2024,183.7,42.92,134.35,25.97,1245.0,59.39,59.74,11.55,0.0,10.4,214.92,21,222.05,0.5237522342468919,0.47591174106795253,0.457637657730234,0.44069777299923407,0.37285990468652586,0.5861846364996648,0.5258433091417318,0.46295321049774185,0.0,0.6150867818029779,0.6163187837949247,0.4689739419624208,0.5606868132331049
25/05/2024,183.7,42.92,134.35,25.97,1245.0,59.39,59.74,11.55,0.0,10.4,214.92,21,222.05,0.5155630767475817,0.49749785559889903,0.48724306665073785,0.500111398569815,0.3727585780452793,0.5789414980448113,0.5304313584418854,0.4991275511270036,0.0,0.6150867818029779,0.5544755223119107,0.4689739419624208,0.5698366820387978
26/05/2024,183.7,42.92,134.35,25.97,1245.0,59.39,59.74,11.55,0.0,10.4,214.92,21,222.05,0.5155630767475817,0.49749785559889903,0.48724306665073785,0.500111398569815,0.3727585780452793,0.5789414980448113,0.5304313584418854,0.4991275511270036,0.0,0.6150867818029779,0.5544755223119107,0.4689739419624208,0.5698366820387978
27/05/2024,183.7,42.92,134.35,25.97,1245.0,59.39,59.74,11.55,0.0,10.4,214.92,22,222.05,0.5155630767475817,0.49749785559889903,0.48724306665073785,0.500111398569815,0.3727585780452793,0.5789414980448113,0.5304313584418854,0.4991275511270036,0.0,0.6150867818029779,0.5544755223119107,0.48781830149373506,0.5698366820387978
28/05/2024,184.55,43.0,133.81,25.93,1229.0,58.99,59.43,11.52,0.0,10.4,208.5,22,221.9,0.5556794114512197,0.5047435802710388,0.45591815726259177,0.48751349892316576,0.3723649676875839,0.5582593538059337,0.48286974863057525,0.47738938743779863,0.0,0.6150867818029779,0.43657954599161947,0.48781830149373506,0.5667651884954138
29/05/2024,183.35,42.57,133.36,25.63,1213.75,58.67,59.29,11.4,0.0,10.4,205.89,22,221.5,0.464942158663063,0.4589622824369819,0.4610831499600031,0.4067545086493552,0.37238589739942823,0.562394453648629,0.5089922110684558,0.4127637926759596,0.0,0.6150867818029779,0.5044963536446501,0.48781830149373506,0.561694543491318
30/05/2024,182.55,42.57,133.36,25.63,1208.0,58.67,59.29,11.4,0.0,10.4,205.89,22,221.5,0.4812232812730962,0.49749785559889903,0.48724306665073785,0.500111398569815,0.37263432813651454,0.5789414980448113,0.5304313584418854,0.4991275511270036,0.0,0.6150867818029779,0.5544755223119107,0.48781830149373506,0.5698366820387978
31/05/2024,181.55,42.07,133.27,25.35,1203.5,58.22,59.36,11.29,0.0,10.4,202.98,22,221.15,0.4730242635700709,0.4527448358689256,0.4819604650563743,0.41290332941450925,0.37266390061477067,0.555675215932588,0.5411235253472169,0.41990250575180005,0.0,0.6150867818029779,0.4989952616727704,0.48781830149373506,0.5627042945317458
01/06/2024,181.55,42.07,133.27,25.35,1203.5,58.22,59.36,11.29,0.0,10.4,202.98,22,221.15,0.5155630767475817,0.49749785559889903,0.48724306665073785,0.500111398569815,0.3727585780452793,0.5789414980448113,0.5304313584418854,0.4991275511270036,0.0,0.6150867818029779,0.5544755223119107,0.48781830149373506,0.5698366820387978
02/06/2024,181.55,42.07,133.27,25.35,1203.5,58.22,59.36,11.29,0.0,10.4,202.98,22,221.15,0.5155630767475817,0.49749785559889903,0.48724306665073785,0.500111398569815,0.3727585780452793,0.5789414980448113,0.5304313584418854,0.4991275511270036,0.0,0.6150867818029779,0.5544755223119107,0.48781830149373506,0.5698366820387978
03/06/2024,182.02,41.41,132.47,25.31,1182.5,57.38,58.95,11.27,0.0,10.4,201.75,23,216.7,0.5373189360308666,0.4385830407284107,0.4410996535117124,0.4875134989231646,0.37222176412559105,0.535525993860402,0.46746267124804686,0.4846241288515194,0.0,0.6150867818029779,0.5303273168077408,0.5064487547362421,0.4836817349138495
04/06/2024,182.18,40.96,131.62,24.89,1177.5,57.07,58.58,11.08,0.0,10.4,203.78,23,216.6,0.5228329146136124,0.45718445747239744,0.43826597733649525,0.37005993694970474,0.3726521921167477,0.5629113840400564,0.47362893473797674,0.3630702808692025,0.0,0.6150867818029779,0.5979494962412191,0.5064487547362421,0.5677863685818793
05/06/2024,181.77,40.87,131.81,24.88,1174.25,56.39,58.55,11.05,0.0,10.4,200.49,23,216.55,0.4976082246976178,0.48937762439767846,0.4984890131860294,0.4969571497792754,0.3726923749771655,0.543790916323535,0.5258433091417318,0.47738938743779996,0.0,0.6150867818029779,0.4920742213648803,0.5064487547362421,0.5688101559656259
06/06/2024,181.82,41.09,133.45,25.39,1193.5,57.36,58.27,11.09,0.0,10.4,201.49,23,215.95,0.5178181672943174,0.5174826764108076,0.587257676105877,0.6647530759739619,0.3729964623191153,0.6291646769757089,0.48748617056827437,0.5282714036279926,0.0,0.6150867818029779,0.575442378208934,0.5064487547362421,0.5576750363652275
07/06/2024,182.18,40.5,133.66,25.14,1176.75,57.13,57.85,10.88,0.0,10.4,199.36,23,215.3,0.5321231172205102,0.44477065333046256,0.4996797158657056,0.42214512936062787,0.3723438848637474,0.5670471856260954,0.46592040863776996,0.34895839848413734,0.0,0.6150867818029779,0.5133743171752848,0.5064487547362421,0.5566747017200471
08/06/2024,182.18,40.5,133.66,25.14,1176.75,57.13,57.85,10.88,0.0,10.4,199.36,23,215.3,0.5155630767475817,0.49749785559889903,0.48724306665073785,0.500111398569815,0.3727585780452793,0.5789414980448113,0.5304313584418854,0.4991275511270036,0.0,0.6150867818029779,0.5544755223119107,0.5064487547362421,0.5698366820387978
09/06/2024,182.18,40.5,133.66,25.14,1176.75,57.13,57.85,10.88,0.0,10.4,199.36,23,215.3,0.5155630767475817,0.49749785559889903,0.48724306665073785,0.500111398569815,0.3727585780452793,0.5789414980448113,0.5304313584418854,0.4991275511270036,0.0,0.6150867818029779,0.5544755223119107,0.5064487547362421,0.5698366820387978
10/06/2024,183.93,40.3,134.6,25.14,1182.75,58.38,58.22,10.87,0.0,10.4,198.5,24,215.8,0.601222114537988,0.4794948535279225,0.5438658030086418,0.500111398569815,0.37284422394510824,0.6436753450244787,0.5867595818195825,0.4918701402792787,0.0,0.6150867818029779,0.5374439765914542,0.5248764991297242,0.5802418333278172
11/06/2024,183.75,40.31,134.93,25.18,1171.75,58.65,57.94,10.81,0.0,10.4,198.7,24,216.0,0.5075711799972727,0.49840214348203954,0.5068492789753959,0.5127604742362117,0.3725012903768719,0.592912392038297,0.48748617056827326,0.45575152938498015,0.0,0.6150867818029779,0.5585735487312179,0.5248764991297242,0.5739701858982316
12/06/2024,183.65,40.54,136.13,25.17,1166.75,58.76,57.51,10.63,0.0,10.4,195.73,24,219.25,0.5110998286543278,0.5183953078841574,0.5598838860843716,0.4969571497792765,0.3726521921167477,0.5846323400097297,0.46437787117263724,0.3701403161995962,0.0,0.6150867818029779,0.49789908728842036,0.5248764991297242,0.6400981281012605
13/06/2024,184.82,41.04,136.06,25.32,1178.25,58.38,57.53,10.71,0.0,10.4,195.64,24,220.5,0.5715730192077049,0.5431585964549946,0.48313192562096663,0.5477986591078168,0.37291063337097075,0.5592930725348667,0.5334881401426831,0.5575938042351137,0.0,0.6150867818029779,0.5526511863481766,0.5248764991297242,0.596208517948959
14/06/2024,186.82,41.15,135.52,25.2,1168.25,57.57,57.77,10.74,0.0,10.4,197.13,24,221.25,0.6142939545392618,0.5074672573899338,0.45591815726259177,0.4624646935786054,0.37252754773896685,0.5370755263017576,0.5670187164633138,0.5209684749066019,0.0,0.6150867818029779,0.5860587662753939,0.5248764991297242,0.5855231309396244
15/06/2024,186.82,41.15,135.52,25.2,1168.25,57.57,57.77,10.74,0.0,10.4,197.13,24,221.25,0.5155630767475817,0.49749785559889903,0.48724306665073785,0.500111398569815,0.3727585780452793,0.5789414980448113,0.5304313584418854,0.4991275511270036,0.0,0.6150867818029779,0.5544755223119107,0.5248764991297242,0.5698366820387978
16/06/2024,186.82,41.15,135.52,25.2,1168.25,57.57,57.77,10.74,0.0,10.4,197.13,24,221.25,0.5155630767475817,0.49749785559889903,0.48724306665073785,0.500111398569815,0.3727585780452793,0.5789414980448113,0.5304313584418854,0.4991275511270036,0.0,0.6150867818029779,0.5544755223119107,0.5248764991297242,0.5698366820387978
17/06/2024,187.05,40.84,134.26,24.75,1146.0,57.09,57.72,10.64,0.0,10.4,196.59,25,221.5,0.5260602490068551,0.4696540850906126,0.41519999455421525,0.3609370420276409,0.3721850601493787,0.5541248396812376,0.522782724195368,0.4270514369237306,0.0,0.6150867818029779,0.5436886636017576,0.543111723256146,0.575009890205388
18/06/2024,186.68,40.76,133.95,24.65,1156.0,57.15,57.71,10.62,0.0,10.4,196.53,25,221.5,0.49932305556451473,0.49027828787837485,0.4691582486695626,0.4687091475864579,0.37289311502770733,0.5820454116206182,0.5289023905700273,0.484624128851518,0.0,0.6150867818029779,0.5532579381893455,0.543111723256146,0.5698366820387978
19/06/2024,186.68,40.76,133.95,24.65,1156.0,57.15,57.71,10.62,0.0,10.4,196.53,25,221.5,0.5155630767475817,0.49749785559889903,0.48724306665073785,0.500111398569815,0.3727585780452793,0.5789414980448113,0.5304313584418854,0.4991275511270036,0.0,0.6150867818029779,0.5544755223119107,0.543111723256146,0.5698366820387978
20/06/2024,187.07,41.29,133.91,24.73,1139.75,57.49,58.15,10.74,0.0,10.4,198.49,25,223.6,0.5335343853705878,0.5459236130392566,0.48489170686194866,0.5254596210911568,0.37235795681539235,0.5965357485387183,0.597369352085307,0.5870891709569134,0.0,0.6150867818029779,0.5963980368023009,0.543111723256146,0.6146707566644471
21/06/2024,187.6,41.09,133.73,24.56,1147.0,57.59,58.13,10.68,0.0,10.4,194.48,25,223.75,0.5401768853064746,0.4794948535279231,0.4767052349966221,0.4469031326412246,0.37285990468652586,0.5841149308085057,0.5273730395827891,0.4557515293849788,0.0,0.6150867818029779,0.4790885630242364,0.543111723256146,0.5729329088526536
22/06/2024,187.6,41.09,133.73,24.56,1147.0,57.59,58.13,10.68,0.0,10.4,194.48,25,223.75,0.5155630767475817,0.49749785559889903,0.48724306665073785,0.500111398569815,0.3727585780452793,0.5789414980448113,0.5304313584418854,0.4991275511270036,0.0,0.6150867818029779,0.5544755223119107,0.543111723256146,0.5698366820387978
23/06/2024,187.6,41.09,133.73,24.56,1147.0,57.59,58.13,10.68,0.0,10.4,194.48,25,223.75,0.5155630767475817,0.49749785559889903,0.48724306665073785,0.500111398569815,0.3727585780452793,0.5789414980448113,0.5304313584418854,0.4991275511270036,0.0,0.6150867818029779,0.5544755223119107,0.543111723256146,0.5698366820387978
24/06/2024,188.9,41.83,133.43,24.74,1160.5,57.78,57.26,10.61,0.0,10.4,195.08,26,225.65,0.578129505294436,0.5653467257850815,0.46973705399910853,0.5574158794995683,0.37293346267532357,0.588772020977391,0.39625897471984584,0.44856062695850235,0.0,0.6150867818029779,0.5669245815354617,0.5611637329171254,0.6102977391250384
25/06/2024,189.48,41.35,133.31,24.46,1145.5,57.15,56.88,10.43,0.0,10.4,194.1,26,225.4,0.5425708437137859,0.4545198475626513,0.48020579749139103,0.41290332941450925,0.3723928389429946,0.5463740962870905,0.47208779081657615,0.3701403161995962,0.0,0.6150867818029779,0.5351246815474027,0.5611637329171254,0.564730181865189
26/06/2024,192.93,40.8,134.06,24.31,1142.25,57.11,57.37,10.4,0.0,10.4,195.2,26,225.0,0.6929202635338831,0.4483120763483757,0.532244473053736,0.4531193955658525,0.3726923749771655,0.5768724743295653,0.6049397336617427,0.47738938743779996,0.0,0.6150867818029779,0.5775939241513893,0.5611637329171254,0.561694543491318
27/06/2024,194.18,41.08,133.94,24.34,1136.25,57.92,57.54,10.46,0.0,10.4,195.53,26,226.0,0.5756013212117939,0.5229635776898532,0.48020579749139103,0.5095934433208895,0.37262829831510325,0.6208751195391666,0.5563676299412925,0.5429106433860613,0.0,0.6150867818029779,0.5612667537572834,0.5611637329171254,0.5908470508977683
28/06/2024,193.5,40.29,134.5,24.07,1133.5,57.02,57.22,10.24,0.0,10.4,196.6,26,225.15,0.4862049102619206,0.42712346700818,0.5207023148057897,0.41598143211222355,0.3727034017793062,0.5324271157599993,0.4813303436796375,0.3419163711174946,0.0,0.6150867818029779,0.5769476001318978,0.5611637329171254,0.5526898386585559
29/06/2024,193.5,40.29,134.5,24.07,1133.5,57.02,57.22,10.24,0.0,10.4,196.6,26,225.15,0.5155630767475817,0.49749785559889903,0.48724306665073785,0.500111398569815,0.3727585780452793,0.5789414980448113,0.5304313584418854,0.4991275511270036,0.0,0.6150867818029779,0.5544755223119107,0.5611637329171254,0.5698366820387978
30/06/2024,193.5,40.29,134.5,24.07,1133.5,57.02,57.22,10.24,0.0,10.4,196.6,26,225.15,0.5155630767475817,0.49749785559889903,0.48724306665073785,0.500111398569815,0.3727585780452793,0.5789414980448113,0.5304313584418854,0.4991275511270036,0.0,0.6150867818029779,0.5544755223119107,0.5611637329171254,0.5698366820387978
01/07/2024,184.27,40.02,134.98,23.94,1146.0,56.73,57.32,10.17,0.0,10.4,195.5,27,225.65,0.1834694611938792,0.47322793376103844,0.5158682528379832,0.4593467710761644,0.37292211791793817,0.5639452742291702,0.5457003965273644,0.44856062695850235,0.0,0.6150867818029779,0.5328163716675419,0.5790410573815297,0.5802418333278172
02/07/2024,185.1,39.85,136.59,24.16,1150.25,57.37,56.87,10.06,0.0,10.4,197.08,27,225.3,0.5546984393530141,0.4821858172385756,0.5853815678354292,0.5702778560998225,0.3728214520126403,0.6120694602844031,0.46129197914659276,0.41990250575180144,0.0,0.6150867818029779,0.5880276248579523,0.5790410573815297,0.5627042945317458
03/07/2024,185.93,40.31,137.68,24.75,1157.75,56.62,56.4,10.14,0.0,10.4,196.06,27,224.25,0.5546984393530155,0.539475905801204,0.5530916111023357,0.6911619291768705,0.37286299196792055,0.540174783169446,0.4582050098536876,0.5575938042351137,0.0,0.6150867818029779,0.534354059447763,0.5790410573815297,0.5487291096023672
04/07/2024,185.93,40.31,137.68,24.75,1157.75,56.62,56.4,10.14,0.0,10.4,196.06,27,224.25,0.5155630767475817,0.49749785559889903,0.48724306665073785,0.500111398569815,0.3727585780452793,0.5789414980448113,0.5304313584418854,0.4991275511270036,0.0,0.6150867818029779,0.5544755223119107,0.5790410573815297,0.5698366820387978
05/07/2024,186.43,41.58,137.49,25.15,1166.25,55.99,56.11,10.26,0.0,10.4,196.4,27,227.3,0.5387458619234445,0.6148282384198377,0.4761229103922342,0.6286764184664982,0.3728751962836023,0.5463740962870909,0.48594766432104075,0.5870891709569119,0.0,0.6150867818029779,0.5614748053174242,0.5790410573815297,0.6356447830839654
06/07/2024,186.43,41.58,137.49,25.15,1166.25,55.99,56.11,10.26,0.0,10.4,196.4,27,227.3,0.5155630767475817,0.49749785559889903,0.48724306665073785,0.500111398569815,0.3727585780452793,0.5789414980448113,0.5304313584418854,0.4991275511270036,0.0,0.6150867818029779,0.5544755223119107,0.5790410573815297,0.5698366820387978
07/07/2024,186.43,41.58,137.49,25.15,1166.25,55.99,56.11,10.26,0.0,10.4,196.4,27,227.3,0.5155630767475817,0.49749785559889903,0.48724306665073785,0.500111398569815,0.3727585780452793,0.5789414980448113,0.5304313584418854,0.4991275511270036,0.0,0.6150867818029779,0.5544755223119107,0.5790410573815297,0.5698366820387978
08/07/2024,184.35,41.63,135.18,24.68,1149.0,55.66,56.14,10.25,0.0,10.4,194.97,28,228.0,0.430504411083132,0.502023411580536,0.35722952242152217,0.35486589705181537,0.372329747280946,0.5618775329599035,0.5350159604574021,0.4918701402792801,0.0,0.6150867818029779,0.5265199065900197,0.5967515395174675,0.5844632745970247
09/07/2024,182.35,41.63,133.6,24.66,1131.25,55.88,56.21,10.37,0.0,10.4,194.62,28,228.0,0.43357009754937587,0.49749785559889903,0.39738240482163184,0.493806106548914,0.37231554557189883,0.5903245817111981,0.5411235253472169,0.5870891709569119,0.0,0.6150867818029779,0.5474436816928313,0.5967515395174675,0.5698366820387978
10/07/2024,182.25,41.98,131.22,24.24,1113.25,56.03,55.84,10.32,0.0,10.4,193.58,28,227.25,0.5110998286543278,0.5293730134251107,0.35341059018645204,0.3700599369497036,0.37230842111997875,0.5867020912881867,0.47362893473797785,0.46295321049774185,0.0,0.6150867818029779,0.5339691976578393,0.5967515395174675,0.5546790759942132
11/07/2024,182.25,41.61,129.89,23.86,1117.0,55.71,56.49,10.38,0.0,10.4,195.8,28,226.55,0.5155630767475817,0.4643027506549216,0.4112895655311333,0.38225470255219274,0.372814727859684,0.562394453648629,0.6291228011733673,0.5429106433860613,0.0,0.6150867818029779,0.6021745915806127,0.5967515395174675,0.5556760658422484
12/07/2024,182.38,41.81,130.06,23.94,1105.0,56.29,56.7,10.44,0.0,10.4,193.43,28,227.1,0.5214582013593562,0.5156584572298348,0.49729956748985366,0.5254596210911568,0.37247466872423124,0.6089621090912604,0.5624558797846808,0.54291064338606,0.0,0.6150867818029779,0.5089229501787412,0.5967515395174675,0.5812943899099513
13/07/2024,182.38,41.81,130.06,23.94,1105.0,56.29,56.7,10.44,0.0,10.4,193.43,28,227.1,0.5155630767475817,0.49749785559889903,0.48724306665073785,0.500111398569815,0.3727585780452793,0.5789414980448113,0.5304313584418854,0.4991275511270036,0.0,0.6150867818029779,0.5544755223119107,0.5967515395174675,0.5698366820387978
14/07/2024,182.38,41.81,130.06,23.94,1105.0,56.29,56.7,10.44,0.0,10.4,193.43,28,227.1,0.5155630767475817,0.49749785559889903,0.48724306665073785,0.500111398569815,0.3727585780452793,0.5789414980448113,0.5304313584418854,0.4991275511270036,0.0,0.6150867818029779,0.5544755223119107,0.5967515395174675,0.5698366820387978
15/07/2024,182.13,41.58,129.14,23.71,1033.75,56.51,56.35,10.35,0.0,10.4,197.01,29,226.5,0.5045117209098212,0.4768070096194907,0.4343068800516901,0.4283189629287014,0.37056793769602797,0.5903245817111977,0.4767103666572368,0.4342106939122111,0.0,0.6150867818029779,0.6329354741075481,0.614302412723353,0.5576750363652282
16/07/2024,182.68,42.41,127.8,23.52,1037.75,58.61,56.33,10.37,0.0,10.4,197.37,29,230.4,0.5411331431360444,0.57370510148204,0.4107315404958306,0.44069777299923407,0.3728181038248673,0.6877511078098762,0.527373039582788,0.5136767945011111,0.0,0.6150867818029779,0.5618912723668126,0.614302412723353,0.6546502771505137
17/07/2024,184.27,42.15,129.41,23.59,1038.25,59.05,56.17,10.24,0.0,10.4,201.46,29,231.2,0.5929442223418251,0.4741222059191711,0.5853815678354283,0.5222802334523788,0.37276704265950933,0.6017127801960879,0.5059238295407493,0.4056351920506306,0.0,0.6150867818029779,0.6446704542392989,0.614302412723353,0.5865846870423519
18/07/2024,182.25,41.71,130.45,23.38,1040.75,58.26,57.24,10.26,0.0,10.4,200.61,29,232.75,0.4328025888640547,0.4580732267507802,0.5500115636831542,0.43450311472813996,0.3727973632945372,0.5381085832173357,0.6923344514073435,0.5136767945011111,0.0,0.6150867818029779,0.5376377703516722,0.614302412723353,0.6026863114494962
19/07/2024,183.1,41.49,131.64,23.51,1036.75,59.08,57.48,10.27,0.0,10.4,199.85,29,232.3,0.5556794114512182,0.4777026159400515,0.5592655077944857,0.5414014371439688,0.37267543440242396,0.6213931652858229,0.5670187164633128,0.5063964551116429,0.0,0.6150867818029779,0.5393856642220871,0.614302412723353,0.5606868132331049
20/07/2024,183.1,41.49,131.64,23.51,1036.75,59.08,57.48,10.27,0.0,10.4,199.85,29,232.3,0.5155630767475817,0.49749785559889903,0.48724306665073785,0.500111398569815,0.3727585780452793,0.5789414980448113,0.5304313584418854,0.4991275511270036,0.0,0.6150867818029779,0.5544755223119107,0.614302412723353,0.5698366820387978
21/07/2024,183.1,41.49,131.64,23.51,1036.75,59.08,57.48,10.27,0.0,10.4,199.85,29,232.3,0.5155630767475817,0.49749785559889903,0.48724306665073785,0.500111398569815,0.3727585780452793,0.5789414980448113,0.5304313584418854,0.4991275511270036,0.0,0.6150867818029779,0.5544755223119107,0.614302412723353,0.5698366820387978
22/07/2024,183.93,41.53,133.35,23.92,1064.75,60.52,57.56,10.33,0.0,10.4,199.88,30,231.5,0.5546984393530155,0.5011174846960261,0.5916404498707942,0.6319444292958212,0.3730869778554368,0.6535244574800406,0.5426495054495394,0.5429106433860613,0.0,0.6150867818029779,0.5550864275451955,0.6317003669661485,0.5536836825352084
23/07/2024,186.3,41.2,135.05,24.15,1071.75,60.94,58.41,10.45,0.0,10.4,197.44,30,230.4,0.6339257856606152,0.4678690683732514,0.5910138993365502,0.5735001790844922,0.37285680191188986,0.6006773005502568,0.6592688129235738,0.5870891709569119,0.0,0.6150867818029779,0.5076293845238554,0.6317003669661485,0.5477423956593632
24/07/2024,186.9,40.6,136.83,24.19,1060.25,61.71,58.56,10.35,0.0,10.4,197.25,30,229.7,0.5435314919485187,0.44388594737466414,0.5960303444538947,0.5127604742362127,0.3724880235310652,0.6188030078603014,0.5533215403240258,0.4270514369237306,0.0,0.6150867818029779,0.5506379053737017,0.6317003669661485,0.5556760658422478
25/07/2024,188.9,41.16,137.37,24.35,1074.5,61.34,58.91,10.44,0.0,10.4,199.38,30,232.2,0.6142939545392618,0.548691146356345,0.5194923063355655,0.5510015697059439,0.37294188629812275,0.5598099457855934,0.5837257283122136,0.5649516399985806,0.0,0.6150867818029779,0.600170724610479,0.6317003669661485,0.6234634648733938
26/07/2024,188.57,41.04,136.51,24.11,1042.0,61.06,58.81,10.39,0.0,10.4,200.54,30,232.35,0.5010450804755574,0.48667791921866194,0.4376998236332168,0.4252307678798296,0.3718728480764095,0.5644622341788192,0.515124864665013,0.46295321049774185,0.0,0.6150867818029779,0.5788887325917887,0.6317003669661485,0.5729329088526536
27/07/2024,188.57,41.04,136.51,24.11,1042.0,61.06,58.81,10.39,0.0,10.4,200.54,30,232.35,0.5155630767475817,0.49749785559889903,0.48724306665073785,0.500111398569815,0.3727585780452793,0.5789414980448113,0.5304313584418854,0.4991275511270036,0.0,0.6150867818029779,0.5544755223119107,0.6317003669661485,0.5698366820387978
28/07/2024,188.57,41.04,136.51,24.11,1042.0,61.06,58.81,10.39,0.0,10.4,200.54,30,232.35,0.5155630767475817,0.49749785559889903,0.48724306665073785,0.500111398569815,0.3727585780452793,0.5789414980448113,0.5304313584418854,0.4991275511270036,0.0,0.6150867818029779,0.5544755223119107,0.6317003669661485,0.5698366820387978
29/07/2024,186.98,41.28,133.71,23.75,1030.0,61.16,58.45,10.38,0.0,10.4,198.92,31,232.35,0.44947441576392416,0.5193082836770779,0.3305977122366554,0.38836564664504525,0.37247466872423124,0.5841149308085054,0.4751697940314452,0.4918701402792801,0.0,0.6150867818029779,0.5229255758937893,0.648951605770016,0.5698366820387978
30/07/2024,187.7,41.36,131.8,23.44,1011.0,60.05,58.35,10.37,0.0,10.4,197.2,31,232.6,0.5493309422635799,0.5047435802710388,0.37915310168230465,0.40368374873611,0.37227976997142226,0.5215829042408223,0.5151248646650118,0.4918701402792787,0.0,0.6150867818029779,0.5210421025599453,0.648951605770016,0.575009890205388
31/07/2024,187.13,41.06,133.14,23.51,1014.5,59.59,59.2,10.46,0.0,10.4,193.71,31,232.5,0.4908163824229097,0.47054706651957273,0.5685593996114181,0.5222802334523788,0.37281132240467857,0.555158415098641,0.6592688129235749,0.5649516399985818,0.0,0.6150867818029779,0.4884510888844183,0.648951605770016,0.5677863685818793
01/08/2024,184.8,40.43,133.07,23.2,1009.0,60.57,59.44,10.36,0.0,10.4,196.31,31,231.95,0.4209961096046837,0.4412333619184211,0.48313192562096663,0.4036837487361089,0.37264032117684964,0.6296828311694879,0.5670187164633128,0.42705143692372927,0.0,0.6150867818029779,0.6106824943439583,0.648951605770016,0.5586771259084997
02/08/2024,184.1,40.82,134.39,23.53,1018.0,61.74,59.34,10.39,0.0,10.4,199.83,31,233.15,0.4853711872840082,0.5330425308270358,0.5673179956244652,0.6058683203454728,0.3728812178300975,0.6395289572316665,0.515124864665013,0.5209684749066031,0.0,0.6150867818029779,0.6315613937154342,0.648951605770016,0.5951334240670684
03/08/2024,184.1,40.82,134.39,23.53,1018.0,61.74,59.34,10.39,0.0,10.4,199.83,31,233.15,0.5155630767475817,0.49749785559889903,0.48724306665073785,0.500111398569815,0.3727585780452793,0.5789414980448113,0.5304313584418854,0.4991275511270036,0.0,0.6150867818029779,0.5544755223119107,0.648951605770016,0.5698366820387978
04/08/2024,184.1,40.82,134.39,23.53,1018.0,61.74,59.34,10.39,0.0,10.4,199.83,31,233.15,0.5155630767475817,0.49749785559889903,0.48724306665073785,0.500111398569815,0.3727585780452793,0.5789414980448113,0.5304313584418854,0.4991275511270036,0.0,0.6150867818029779,0.5544755223119107,0.648951605770016,0.5698366820387978
05/08/2024,181.55,40.87,134.87,23.52,1031.5,61.8,59.14,10.31,0.0,10.4,197.22,32,234.4,0.41271336836907746,0.5020234115805353,0.515868252837985,0.4969571497792754,0.37293346267532357,0.5820454116206182,0.4997830715395448,0.4413803865727718,0.0,0.6150867818029779,0.5044963536446501,0.6660618956389507,0.596208517948959
06/08/2024,181.98,41.53,135.15,23.91,1014.0,60.37,59.19,10.47,0.0,10.4,202.38,32,234.7,0.5354228660907763,0.5579338534661784,0.5038567981694073,0.625410803943623,0.3723226543510965,0.5050634577113374,0.5380704788832585,0.6167522901583335,0.0,0.6150867818029779,0.6695824550735142,0.6660618956389507,0.5760519299755069
07/08/2024,182.27,40.99,133.47,23.73,1005.25,60.12,59.2,10.52,0.0,10.4,205.0,32,230.55,0.528847637414306,0.44919809062201427,0.3918436975361995,0.44379910269805,0.37255981478444744,0.566013174385067,0.5319599407537741,0.5355854896076724,0.0,0.6150867818029779,0.6111322979417819,0.6660618956389507,0.48929876259534777
08/08/2024,182.05,41.48,132.95,23.85,993.5,60.06,59.02,10.59,0.0,10.4,205.15,32,231.2,0.5058198277792114,0.5422374917736205,0.4570642544376139,0.5382071711422812,0.3724813569408215,0.5758380368937975,0.5028541089884692,0.550246777058737,0.0,0.6150867818029779,0.5575436412696602,0.6660618956389507,0.5834051651784274
09/08/2024,184.25,42.51,131.28,23.82,988.75,60.15,58.86,10.68,0.0,10.4,206.66,32,234.3,0.6248651878158371,0.5923464158849001,0.3923969758626416,0.4906582342406397,0.3726580673918075,0.5835975332613357,0.5059238295407483,0.5649516399985806,0.0,0.6150867818029779,0.586495816028994,0.6660618956389507,0.6367569865818166
10/08/2024,184.25,42.51,131.28,23.82,988.75,60.15,58.86,10.68,0.0,10.4,206.66,32,234.3,0.5155630767475817,0.49749785559889903,0.48724306665073785,0.500111398569815,0.3727585780452793,0.5789414980448113,0.5304313584418854,0.4991275511270036,0.0,0.6150867818029779,0.5544755223119107,0.6660618956389507,0.5698366820387978
11/08/2024,184.25,42.51,131.28,23.82,988.75,60.15,58.86,10.68,0.0,10.4,206.66,32,234.3,0.5155630767475817,0.49749785559889903,0.48724306665073785,0.500111398569815,0.3727585780452793,0.5789414980448113,0.5304313584418854,0.4991275511270036,0.0,0.6150867818029779,0.5544755223119107,0.6660618956389507,0.5698366820387978
12/08/2024,183.32,42.78,129.08,23.46,971.25,60.39,59.07,10.73,0.0,10.4,206.59,33,235.4,0.4758799226291352,0.5220492506943766,0.3632410082092889,0.38836564664504525,0.3723226543510965,0.5913596748992999,0.5624558797846808,0.5355854896076736,0.0,0.6150867818029779,0.5530555400349972,0.6830366091162476,0.592987374799222
13/08/2024,184.0,43.14,126.38,23.16,947.25,59.94,59.22,10.85,0.0,10.4,207.57,33,235.4,0.5473911355569824,0.5302899256543614,0.3360142908516699,0.4067545086493552,0.3721331275270835,0.555675215932588,0.5533215403240248,0.5870891709569119,0.0,0.6150867818029779,0.5750130656092234,0.6830366091162476,0.5698366820387978
14/08/2024,184.6,42.78,123.73,22.6,952.25,59.72,59.39,10.85,0.0,10.4,207.85,33,234.2,0.5435314919485187,0.4651938716268434,0.3387260167806123,0.3276488669971036,0.3728313445416882,0.5675642068262509,0.5563676299412925,0.4991275511270036,0.0,0.6150867818029779,0.5602283496723918,0.6830366091162476,0.5457728856460977
15/08/2024,184.05,42.48,124.43,22.7,968.5,60.21,59.01,10.76,0.0,10.4,205.29,33,232.85,0.49165972774519406,0.4705470665195721,0.5291990530532991,0.5318274453997264,0.37296402590110295,0.604301634147929,0.47208779081657504,0.4342106939122111,0.0,0.6150867818029779,0.5054166096427756,0.6830366091162476,0.5428279524943292
16/08/2024,182.8,42.7,124.72,22.8,957.0,59.39,59.75,10.92,0.0,10.4,207.88,33,233.5,0.4629384290346924,0.5174826764108076,0.5044547158022317,0.5318274453997276,0.3724880235310652,0.5365590084693173,0.6426993219929302,0.6167522901583335,0.0,0.6150867818029779,0.6104576658286007,0.6830366091162476,0.583405165178428
17/08/2024,182.8,42.7,124.72,22.8,957.0,59.39,59.75,10.92,0.0,10.4,207.88,33,233.5,0.5155630767475817,0.49749785559889903,0.48724306665073785,0.500111398569815,0.3727585780452793,0.5789414980448113,0.5304313584418854,0.4991275511270036,0.0,0.6150867818029779,0.5544755223119107,0.6830366091162476,0.5698366820387978
18/08/2024,182.8,42.7,124.72,22.8,957.0,59.39,59.75,10.92,0.0,10.4,207.88,33,233.5,0.5155630767475817,0.49749785559889903,0.48724306665073785,0.500111398569815,0.3727585780452793,0.5789414980448113,0.5304313584418854,0.4991275511270036,0.0,0.6150867818029779,0.5544755223119107,0.6830366091162476,0.5698366820387978
19/08/2024,182.8,43.15,124.47,23.01,976.0,60.1,59.83,11.06,0.0,10.4,208.87,34,233.45,0.5155630767475817,0.5385559594083419,0.47263532534029123,0.5670582443913101,0.37299379124136217,0.6156950587242181,0.5426495054495383,0.6019000739850862,0.0,0.6150867818029779,0.5752276796859178,0.6998807624627255,0.5688101559656252
20/08/2024,181.02,42.93,124.05,22.69,976.0,60.5,59.69,10.92,0.0,10.4,208.7,34,234.75,0.4420624122498595,0.4777026159400515,0.46280923633973853,0.4006153951322249,0.3727585780452793,0.5996418570391275,0.5089922110684558,0.3985166002471645,0.0,0.6150867818029779,0.5510394654698716,0.6998807624627255,0.5972849525644631
21/08/2024,181.23,43.01,125.54,22.93,981.5,60.15,59.89,10.94,0.0,10.4,209.4,34,235.5,0.5251353973889992,0.5047435802710388,0.5778908310445948,0.5767251935573886,0.3728378251950769,0.560843720399117,0.5609343014346906,0.5136767945011111,0.0,0.6150867818029779,0.5690398663231488,0.6998807624627255,0.5855231309396244
22/08/2024,182.55,42.28,127.06,22.73,961.5,60.48,60.12,10.76,0.0,10.4,209.62,34,236.3,0.5791429969331154,0.43240752587969067,0.5797614306037425,0.4375991185336223,0.37225088114215904,0.5960180968819555,0.5654980846472744,0.3701403161995962,0.0,0.6150867818029779,0.5589864613591069,0.6998807624627255,0.5865846870423526
23/08/2024,182.57,43.4,127.86,23.35,973.0,60.26,60.02,10.96,0.0,10.4,207.05,34,237.7,0.5164632176849346,0.6007633865216306,0.5352953667307884,0.701100862838238,0.37291063337097075,0.5675642068262509,0.515124864665013,0.6465782803409194,0.0,0.6150867818029779,0.5052324779376367,0.6998807624627255,0.5994417350038719
24/08/2024,182.57,43.4,127.86,23.35,973.0,60.26,60.02,10.96,0.0,10.4,207.05,34,237.7,0.5155630767475817,0.49749785559889903,0.48724306665073785,0.500111398569815,0.3727585780452793,0.5789414980448113,0.5304313584418854,0.4991275511270036,0.0,0.6150867818029779,0.5544755223119107,0.6998807624627255,0.5698366820387978
25/08/2024,182.57,43.4,127.86,23.35,973.0,60.26,60.02,10.96,0.0,10.4,207.05,34,237.7,0.5155630767475817,0.49749785559889903,0.48724306665073785,0.500111398569815,0.3727585780452793,0.5789414980448113,0.5304313584418854,0.4991275511270036,0.0,0.6150867818029779,0.5544755223119107,0.6998807624627255,0.5698366820387978
26/08/2024,183.6,43.33,127.12,23.16,980.75,60.15,59.74,10.88,0.0,10.4,208.43,35,237.8,0.5645750130495225,0.49117933836999955,0.4445066140003124,0.44069777299923407,0.37286606428588825,0.573252152920542,0.48748617056827326,0.4413803865727718,0.0,0.6150867818029779,0.583659959287487,0.7165990487604349,0.5718981586235736
27/08/2024,185.18,43.24,128.67,23.39,986.5,60.42,59.98,10.9,0.0,10.4,212.4,35,237.85,0.5924292387626997,0.48937762439767907,0.5816334301585422,0.5735001790844935,0.3728410343581868,0.5929123920382974,0.5670187164633128,0.5136767945011111,0.0,0.6150867818029779,0.6419006343664069,0.7165990487604349,0.570866043560161
28/08/2024,183.75,42.87,129.36,23.31,977.0,60.45,59.92,10.8,0.0,10.4,215.12,35,237.9,0.4557766640715177,0.464302750654921,0.5285906390119433,0.47496527251588405,0.37254053139397714,0.5804933988273678,0.5212518766700912,0.4270514369237306,0.0,0.6150867818029779,0.6133842152767689,0.7165990487604349,0.5708660435601616
29/08/2024,184.88,42.53,131.3,23.37,992.5,61.1,60.27,10.73,0.0,10.4,214.1,35,239.0,0.5695667905204236,0.46697702811075537,0.6060902400613356,0.5191038958146141,0.37295577601371366,0.6125873798182142,0.5837257283122147,0.44856062695850235,0.0,0.6150867818029779,0.534354059447763,0.7165990487604349,0.592987374799222
30/08/2024,185.85,42.43,134.43,23.79,1000.0,61.61,60.59,10.72,0.0,10.4,215.74,35,239.75,0.5615967184435124,0.4884773442133033,0.6818929945520531,0.6352148211759798,0.37286299196792055,0.6053372364110083,0.5791728096390247,0.4918701402792801,0.0,0.6150867818029779,0.5893431996089709,0.7165990487604349,0.5855231309396244
31/08/2024,185.85,42.43,134.43,23.79,1000.0,61.61,60.59,10.72,0.0,10.4,215.74,35,239.75,0.5155630767475817,0.49749785559889903,0.48724306665073785,0.500111398569815,0.3727585780452793,0.5789414980448113,0.5304313584418854,0.4991275511270036,0.0,0.6150867818029779,0.5544755223119107,0.7165990487604349,0.5698366820387978
01/09/2024,185.85,42.43,134.43,23.79,1000.0,61.61,60.59,10.72,0.0,10.4,215.74,35,239.75,0.5155630767475817,0.49749785559889903,0.48724306665073785,0.500111398569815,0.3727585780452793,0.5789414980448113,0.5304313584418854,0.4991275511270036,0.0,0.6150867818029779,0.5544755223119107,0.7165990487604349,0.5698366820387978
02/09/2024,185.85,42.43,134.43,23.79,1000.0,61.61,60.59,10.72,0.0,10.4,215.74,36,239.75,0.5155630767475817,0.49749785559889903,0.48724306665073785,0.500111398569815,0.3727585780452793,0.5789414980448113,0.5304313584418854,0.4991275511270036,0.0,0.6150867818029779,0.5544755223119107,0.733195867108624,0.5698366820387978
03/09/2024,179.27,42.82,135.93,24.07,1012.0,62.18,61.14,10.83,0.0,10.4,212.64,36,241.8,0.2705718402804456,0.5330425308270358,0.5785142077080123,0.5896517810283661,0.3729163938882673,0.6084442453550303,0.6140157273282292,0.5796994047608528,0.0,0.6150867818029779,0.4955284619370005,0.733195867108624,0.6135759772540635
04/09/2024,179.23,43.21,137.47,24.39,1021.5,63.08,61.57,10.92,0.0,10.4,216.0,36,243.6,0.5137704351409818,0.5330425308270358,0.5810092757123506,0.6026199251769843,0.3728871898313638,0.6255377819676813,0.5958544846927645,0.5649516399985806,0.0,0.6150867818029779,0.6279042052562797,0.733195867108624,0.6081174953440818
05/09/2024,177.25,44.24,137.0,24.56,1023.5,62.7,61.89,11.09,0.0,10.4,219.38,36,246.8,0.43433834013977934,0.5923464158849001,0.4599336748093296,0.5542073170919347,0.37279014248879205,0.5592930725348667,0.5791728096390247,0.6241937024033417,0.0,0.6150867818029779,0.6283607871901671,0.733195867108624,0.6389836676470653
06/09/2024,175.18,44.13,137.12,24.51,1005.0,62.82,62.17,11.11,0.0,10.4,220.5,36,246.9,0.43088699172615835,0.4875774436797363,0.4943315863172286,0.4843718673509246,0.3722941258832867,0.5851497607602727,0.5730981661706364,0.5136767945011111,0.0,0.6150867818029779,0.578025209230439,0.733195867108624,0.5718981586235731
07/09/2024,175.18,44.13,137.12,24.51,1005.0,62.82,62.17,11.11,0.0,10.4,220.5,36,246.9,0.5155630767475817,0.49749785559889903,0.48724306665073785,0.500111398569815,0.3727585780452793,0.5789414980448113,0.5304313584418854,0.4991275511270036,0.0,0.6150867818029779,0.5544755223119107,0.733195867108624,0.5698366820387978
08/09/2024,175.18,44.13,137.12,24.51,1005.0,62.82,62.17,11.11,0.0,10.4,220.5,36,246.9,0.5155630767475817,0.49749785559889903,0.48724306665073785,0.500111398569815,0.3727585780452793,0.5789414980448113,0.5304313584418854,0.4991275511270036,0.0,0.6150867818029779,0.5544755223119107,0.733195867108624,0.5698366820387978
09/09/2024,176.93,44.26,136.6,24.46,1018.0,63.85,62.33,11.16,0.0,10.4,218.54,37,247.15,0.601222114537988,0.5092849463746892,0.4570642544376139,0.4843718673509234,0.37292780703050465,0.6322736987509179,0.5548447512524319,0.5355854896076736,0.0,0.6150867818029779,0.5165434666076756,0.749675348466186,0.575009890205388
10/09/2024,176.32,43.7,136.49,24.13,997.25,63.45,62.82,11.1,0.0,10.4,218.48,37,247.2,0.48913428613520976,0.44742632724932135,0.4807903545692041,0.3975494277434541,0.37222906428402436,0.5582593538059337,0.6049397336617437,0.4557515293849788,0.0,0.6150867818029779,0.5532579381893455,0.749675348466186,0.570866043560161
11/09/2024,176.95,44.12,136.15,24.09,1000.5,63.37,63.42,11.22,0.0,10.4,218.59,37,249.35,0.5449756894002581,0.5357978939445929,0.4674234893565274,0.48751349892316576,0.37280788554021344,0.5748036478171613,0.6215722512365592,0.5870891709569134,0.0,0.6150867818029779,0.5567222289326207,0.749675348466186,0.6157665267992836
12/09/2024,178.02,44.72,136.5,24.29,1010.75,63.78,63.5,11.3,0.0,10.4,217.3,37,251.35,0.5665675893230847,0.5523850261275468,0.5080482674834474,0.5638413640570443,0.37289606085577653,0.6001595742460121,0.5426495054495383,0.5575938042351137,0.0,0.6150867818029779,0.529182389684893,0.749675348466186,0.6124822038930255
13/09/2024,177.65,45.65,136.15,24.47,1006.25,63.91,62.74,11.28,0.0,10.4,216.99,37,254.0,0.49932305556451473,0.5830145505374016,0.46684578114318864,0.5574158794995683,0.37266390061477067,0.5856671929572672,0.4133310093702049,0.484624128851518,0.0,0.6150867818029779,0.5482393149953712,0.749675348466186,0.6267756588899098
14/09/2024,177.65,45.65,136.15,24.47,1006.25,63.91,62.74,11.28,0.0,10.4,216.99,37,254.0,0.5155630767475817,0.49749785559889903,0.48724306665073785,0.500111398569815,0.3727585780452793,0.5789414980448113,0.5304313584418854,0.4991275511270036,0.0,0.6150867818029779,0.5544755223119107,0.749675348466186,0.5698366820387978
15/09/2024,177.65,45.65,136.15,24.47,1006.25,63.91,62.74,11.28,0.0,10.4,216.99,37,254.0,0.5155630767475817,0.49749785559889903,0.48724306665073785,0.500111398569815,0.3727585780452793,0.5789414980448113,0.5304313584418854,0.4991275511270036,0.0,0.6150867818029779,0.5544755223119107,0.749675348466186,0.5698366820387978
16/09/2024,177.23,45.78,135.42,24.55,1023.5,62.89,62.42,11.32,0.0,10.4,218.53,38,252.45,0.4971806134417863,0.5092849463746898,0.44507515210759135,0.5254596210911568,0.3729749343947823,0.5262300795824091,0.4813303436796375,0.5282714036279939,0.0,0.6150867818029779,0.5871519013852436,0.7660413786037178,0.5389176373017778
17/09/2024,178.8,46.86,135.53,24.71,1024.75,67.3,62.02,11.31,0.0,10.4,218.18,38,257.05,0.5919145412658018,0.5970204209981638,0.49373897700409086,0.5510015697059439,0.37277891712708583,0.8076688344039821,0.46900465710360517,0.4918701402792801,0.0,0.6150867818029779,0.5474436816928313,0.7660413786037178,0.6704433229401294
18/09/2024,178.3,47.25,135.0,24.79,1032.0,66.36,62.34,11.45,0.0,10.4,216.3,38,257.3,0.49377497410737403,0.5330425308270358,0.4564910881637931,0.5254596210911557,0.37285990468652586,0.5303613322114641,0.5791728096390247,0.6019000739850849,0.0,0.6150867818029779,0.5180397206437849,0.7660413786037178,0.575009890205388
19/09/2024,179.98,47.9,134.53,24.79,1031.25,66.88,62.31,11.48,0.0,10.65,214.76,38,259.95,0.5975917942826893,0.5570083933323502,0.4599336748093296,0.500111398569815,0.3727447352090851,0.6058550503152789,0.5258433091417318,0.5209684749066031,0.0,0.7239219377781301,0.524436402417485,0.7660413786037178,0.6267756588899093
20/09/2024,182.48,47.3,134.76,24.42,1029.5,67.86,62.2,11.27,0.0,10.65,213.16,38,261.05,0.6408990167554012,0.44388594737466414,0.5008716560460365,0.3853090294167545,0.37272470212906617,0.6296828311694882,0.5135922223877268,0.348958398484136,0.0,0.6150867818029779,0.5233029396340279,0.7660413786037178,0.5929873747992226
21/09/2024,182.48,47.3,134.76,24.42,1029.5,67.86,62.2,11.27,0.0,10.65,213.16,38,261.05,0.5155630767475817,0.49749785559889903,0.48724306665073785,0.500111398569815,0.3727585780452793,0.5789414980448113,0.5304313584418854,0.4991275511270036,0.0,0.6150867818029779,0.5544755223119107,0.7660413786037178,0.5698366820387978
22/09/2024,182.48,47.3,134.76,24.42,1029.5,67.86,62.2,11.27,0.0,10.65,213.16,38,261.05,0.5155630767475817,0.49749785559889903,0.48724306665073785,0.500111398569815,0.3727585780452793,0.5789414980448113,0.5304313584418854,0.4991275511270036,0.0,0.6150867818029779,0.5544755223119107,0.7660413786037178,0.5698366820387978
23/09/2024,183.25,47.29,136.85,24.73,1056.75,68.13,62.69,11.33,0.0,10.65,215.86,39,261.7,0.5517647963841751,0.4965939857850264,0.6155527397159626,0.599374056236903,0.37307941757929475,0.592912392038297,0.6049397336617427,0.5429106433860613,0.0,0.6150867818029779,0.6129334484647603,0.7822976185541417,0.5834051651784274
24/09/2024,183.2,48.54,138.6,25.38,1060.5,68.12,63.24,11.58,0.0,10.65,218.16,39,265.05,0.5133238322102872,0.6129503680814012,0.5941481001028812,0.7110587166812454,0.372814727859684,0.5784242232062214,0.6140157273282303,0.6840828529775309,0.0,0.6150867818029779,0.6039594956497961,0.7822976185541417,0.6423292475315663
25/09/2024,183.05,48.48,138.02,25.2,1071.75,67.69,63.34,11.56,0.0,10.65,217.52,39,265.6,0.5088902760096636,0.49208077965821867,0.4536287552229512,0.44379910269805,0.3729077389018052,0.5567088441541657,0.5457003965273644,0.4846241288515194,0.0,0.6150867818029779,0.5417271702619885,0.7822976185541417,0.581294389909952
26/09/2024,184.1,49.67,138.81,25.48,1059.25,68.17,63.57,11.67,0.0,10.65,218.47,39,270.55,0.56557060444064,0.6073214295170869,0.5346847570601692,0.5896517810283661,0.37246122879113147,0.6037838459028823,0.5654980846472744,0.5796994047608528,0.0,0.6150867818029779,0.5743697340066307,0.7822976185541417,0.678382412601831
27/09/2024,183.75,50.38,138.62,25.5,1083.0,68.64,63.88,11.75,0.0,10.65,218.3,39,273.9,0.500183153634434,0.5625650053532973,0.4761229103922342,0.5064295684836558,0.37304367911554703,0.6032660663259493,0.5776545910326678,0.5575938042351137,0.0,0.6150867818029779,0.5510394654698721,0.7822976185541417,0.6423292475315651
28/09/2024,183.75,50.38,138.62,25.5,1083.0,68.64,63.88,11.75,0.0,10.65,218.3,39,273.9,0.5155630767475817,0.49749785559889903,0.48724306665073785,0.500111398569815,0.3727585780452793,0.5789414980448113,0.5304313584418854,0.4991275511270036,0.0,0.6150867818029779,0.5544755223119107,0.7822976185541417,0.5698366820387978
29/09/2024,183.75,50.38,138.62,25.5,1083.0,68.64,63.88,11.75,0.0,10.65,218.3,39,273.9,0.5155630767475817,0.49749785559889903,0.48724306665073785,0.500111398569815,0.3727585780452793,0.5789414980448113,0.5304313584418854,0.4991275511270036,0.0,0.6150867818029779,0.5544755223119107,0.7822976185541417,0.5698366820387978
30/09/2024,183.77,50.28,139.02,25.48,1075.25,68.93,64.3,11.79,0.0,10.65,220.65,40,274.35,0.516463217684936,0.4884773442133033,0.5110505914987334,0.493806106548914,0.37258514409297244,0.5939475874210792,0.5943393492156747,0.5282714036279926,0.0,0.6150867818029779,0.6050767874790854,0.798447522890112,0.5791912428188708
01/10/2024,184.48,50.63,138.72,25.42,1075.5,68.97,65.04,11.92,0.0,10.65,225.28,40,276.35,0.5488453781537139,0.5293730134251112,0.46973705399910687,0.4812333069438174,0.37276288076251535,0.5810107241394376,0.6426993219929312,0.594489420064154,0.0,0.6150867818029779,0.6571964420907117,0.798447522890112,0.6124822038930255
02/10/2024,187.43,51.59,138.98,25.52,1074.25,69.61,65.52,12.03,0.0,10.65,223.57,40,281.0,0.6653175878231798,0.5858118064644813,0.5026618455156094,0.5318274453997264,0.3727349038833178,0.6120694602844031,0.6034261785868438,0.5796994047608528,0.0,0.6150867818029779,0.5212302026932432,0.798447522890112,0.6715758149673486
03/10/2024,186.0,52.22,139.79,25.54,1064.5,69.48,65.71,12.01,0.0,10.65,224.27,40,285.8,0.4557766640715177,0.5551582551645183,0.5359061896184393,0.5064295684836558,0.3725340520352666,0.5722178808847168,0.5594124021954665,0.4846241288515194,0.0,0.6150867818029779,0.5690398663231488,0.798447522890112,0.6749766455663675
04/10/2024,187.0,53.44,140.12,25.66,1056.0,68.05,66.21,12.13,0.0,10.65,224.43,40,291.8,0.5630842645275516,0.6101350164663197,0.5068492789753959,0.5382071711422812,0.37256618921573803,0.5050634577113371,0.6064530317150703,0.5870891709569134,0.0,0.6150867818029779,0.5577493471800119,0.798447522890112,0.7023517872579508
05/10/2024,187.0,53.44,140.12,25.66,1056.0,68.05,66.21,12.13,0.0,10.65,224.43,40,291.8,0.5155630767475817,0.49749785559889903,0.48724306665073785,0.500111398569815,0.3727585780452793,0.5789414980448113,0.5304313584418854,0.4991275511270036,0.0,0.6150867818029779,0.5544755223119107,0.798447522890112,0.5698366820387978
06/10/2024,187.0,53.44,140.12,25.66,1056.0,68.05,66.21,12.13,0.0,10.65,224.43,40,291.8,0.5155630767475817,0.49749785559889903,0.48724306665073785,0.500111398569815,0.3727585780452793,0.5789414980448113,0.5304313584418854,0.4991275511270036,0.0,0.6150867818029779,0.5544755223119107,0.798447522890112,0.5698366820387978
07/10/2024,187.48,53.46,139.4,25.42,1052.5,67.0,66.05,12.04,0.0,10.65,221.73,41,293.15,0.5377941183576745,0.4993068468707159,0.44564389677552413,0.4252307678798307,0.3726867789681567,0.5246809652374143,0.5059238295407493,0.43421069391220996,0.0,0.6150867818029779,0.5028423962376989,0.8144943561064077,0.5983627003805414
08/10/2024,188.48,53.18,138.91,25.11,1034.5,67.83,66.21,11.97,0.0,10.65,221.68,41,294.2,0.5630842645275516,0.4723339882479258,0.45878518206952185,0.4036837487361089,0.37230842111997875,0.6219112180848696,0.5548447512524319,0.44856062695850346,0.0,0.6150867818029779,0.5534604858832867,0.8144943561064077,0.5919164808997714
09/10/2024,188.2,52.64,139.47,24.98,1037.0,68.23,67.07,12.01,0.0,10.65,221.46,41,293.9,0.5032081075844944,0.44919809062201427,0.5207023148057897,0.4593467710761644,0.3727973632945372,0.599641857039128,0.6607738714949362,0.5282714036279926,0.0,0.6150867818029779,0.5500365523314372,0.8144943561064077,0.5637161455131082
10/10/2024,189.18,52.73,139.35,24.95,1031.5,68.82,67.69,12.12,0.0,10.65,221.25,41,294.5,0.5620922087597042,0.5056510873878225,0.48020579749139103,0.4906582342406397,0.37264032117684964,0.6094799809482974,0.6245931774348266,0.5796994047608528,0.0,0.6150867818029779,0.5502368733062775,0.8144943561064077,0.5823488526248648
11/10/2024,188.6,52.91,139.49,24.81,1021.0,68.49,67.75,12.05,0.0,10.65,221.72,41,297.5,0.49039528821652456,0.5138356481890418,0.49551780000347834,0.456231680866723,0.37251446621072776,0.561877532959904,0.5395971843223267,0.44856062695850346,0.0,0.6150867818029779,0.5641902489774787,0.8144943561064077,0.634533349359408
12/10/2024,188.6,52.91,139.49,24.81,1021.0,68.49,67.75,12.05,0.0,10.65,221.72,41,297.5,0.5155630767475817,0.49749785559889903,0.48724306665073785,0.500111398569815,0.3727585780452793,0.5789414980448113,0.5304313584418854,0.4991275511270036,0.0,0.6150867818029779,0.5544755223119107,0.8144943561064077,0.5698366820387978
13/10/2024,188.6,52.91,139.49,24.81,1021.0,68.49,67.75,12.05,0.0,10.65,221.72,41,297.5,0.5155630767475817,0.49749785559889903,0.48724306665073785,0.500111398569815,0.3727585780452793,0.5789414980448113,0.5304313584418854,0.4991275511270036,0.0,0.6150867818029779,0.5544755223119107,0.8144943561064077,0.5698366820387978
14/10/2024,188.25,53.47,138.61,24.83,1011.5,67.38,67.81,12.15,2.0,10.65,224.2,42,298.55,0.500183153634434,0.5486911463563456,0.4365680888918157,0.5064295684836558,0.37254053139397714,0.5215829042408223,0.5395971843223267,0.5723202008680504,0.8727073659051631,0.6150867818029779,0.6079878157728577,0.8304412073441474,0.5919164808997714
15/10/2024,186.73,52.9,138.7,24.52,1003.5,68.61,67.96,12.01,58.8,10.65,224.82,42,299.25,0.45222457208128225,0.44654084154638524,0.4925547674762232,0.40368374873611,0.37257885450844436,0.6426387133151283,0.5533215403240237,0.3985166002471645,0.9997538320324305,0.6150867818029779,0.5673468309458751,0.8304412073441474,0.5844632745970247
16/10/2024,187.05,53.01,139.27,24.58,994.0,68.51,68.44,12.08,0.0,10.65,227.17,42,300.3,0.5302483731404909,0.5074672573899338,0.5213076855041582,0.519103895814613,0.37254053139397714,0.5737693062018172,0.6034261785868459,0.550246777058737,0.0,0.6150867818029779,0.6050767874790854,0.8304412073441474,0.5919164808997714
17/10/2024,186.63,53.28,138.85,24.5,998.0,68.97,68.42,12.07,0.0,10.65,227.23,42,301.95,0.4971806134417863,0.5220492506943766,0.4628092363397377,0.47496527251588516,0.3728181038248673,0.6027482954759517,0.5273730395827891,0.4918701402792801,0.0,0.6150867818029779,0.5556987275421277,0.8304412073441474,0.6048553578814881
18/10/2024,187.63,53.08,138.68,24.37,982.75,69.26,68.77,12.08,0.0,10.65,228.32,42,302.1,0.5630842645275516,0.4794948535279225,0.47728786981179316,0.4593467710761644,0.37238589739942823,0.5939475874210792,0.5837257283122136,0.5063964551116429,0.0,0.6150867818029779,0.5773784019773365,0.8304412073441474,0.5729329088526542
19/10/2024,187.63,53.08,138.68,24.37,982.75,69.26,68.77,12.08,5.4,10.65,228.32,42,302.1,0.5155630767475817,0.49749785559889903,0.48724306665073785,0.500111398569815,0.3727585780452793,0.5789414980448113,0.5304313584418854,0.4991275511270036,0.9694161370794764,0.6150867818029779,0.5544755223119107,0.8304412073441474,0.5698366820387978
20/10/2024,187.63,53.08,138.68,24.37,982.75,69.26,68.77,12.08,0.0,10.65,228.32,42,302.1,0.5155630767475817,0.49749785559889903,0.48724306665073785,0.500111398569815,0.3727585780452793,0.5789414980448113,0.5304313584418854,0.4991275511270036,0.0,0.6150867818029779,0.5544755223119107,0.8304412073441474,0.5698366820387978
21/10/2024,187.0,53.72,138.98,24.37,989.75,70.03,69.76,12.23,81.0,10.65,227.05,43,306.3,0.4882954915331419,0.5560831933942129,0.5050529247846348,0.500111398569815,0.37285680191188986,0.6188030078603011,0.680321398382113,0.6093210558845157,0.9999623110352094,0.6150867818029779,0.529563768067575,0.8462910036592428,0.6614042115210512
22/10/2024,188.05,54.03,139.86,24.53,1000.5,70.88,69.94,12.27,0.0,10.65,226.17,43,308.1,0.5655706044406414,0.5257085377989872,0.5401878286162867,0.5510015697059439,0.3729019204047323,0.6229473446867807,0.5578901793018688,0.5282714036279926,0.0,0.6150867818029779,0.5370566332520498,0.8462910036592428,0.6081174953440823
23/10/2024,187.63,54.27,140.35,24.67,1005.0,71.63,70.59,12.41,0.0,10.65,227.14,43,308.8,0.4971806134417863,0.5193082836770779,0.5164716306637362,0.5445986074227384,0.37282477395934877,0.6177669953665874,0.6291228011733683,0.6019000739850862,0.0,0.6150867818029779,0.5747985363718852,0.8462910036592428,0.5844632745970247
24/10/2024,189.3,55.1,141.64,24.95,1005.0,72.2,71.36,12.57,0.0,10.65,229.69,43,312.75,0.5970742777590095,0.57370510148204,0.5654571520086351,0.5896517810283649,0.3727585780452793,0.6084442453550306,0.6472208348345428,0.6167522901583335,0.0,0.6150867818029779,0.6095588432610917,0.8462910036592428,0.6557743602965692
25/10/2024,189.7,54.84,141.76,24.83,997.5,72.56,71.67,12.55,8.2,10.65,226.14,43,313.1,0.5340057840171726,0.4741222059191711,0.4943315863172286,0.4624646935786054,0.3725914040630109,0.5975710804957092,0.5776545910326678,0.4846241288515194,0.9846207442280344,0.6150867818029779,0.48736663680135095,0.8462910036592428,0.5770962202861674
26/10/2024,189.7,54.84,141.76,24.83,997.5,72.56,71.67,12.55,2.2,10.65,226.14,43,313.1,0.5155630767475817,0.49749785559889903,0.48724306665073785,0.500111398569815,0.3727585780452793,0.5789414980448113,0.5304313584418854,0.4991275511270036,0.8872396918336801,0.6150867818029779,0.5544755223119107,0.8462910036592428,0.5698366820387978
27/10/2024,189.7,54.84,141.76,24.83,997.5,72.56,71.67,12.55,10.2,10.65,226.14,43,313.1,0.5155630767475817,0.49749785559889903,0.48724306665073785,0.500111398569815,0.3727585780452793,0.5789414980448113,0.5304313584418854,0.4991275511270036,0.9894323451650606,0.6150867818029779,0.5544755223119107,0.8462910036592428,0.5698366820387978
28/10/2024,190.18,55.04,140.68,24.65,986.0,72.28,72.17,12.65,24.0,10.65,228.12,44,314.1,0.5377941183576759,0.5156584572298343,0.4252910032766185,0.44379910269805,0.3724880235310652,0.5644622341788192,0.6064530317150703,0.5723202008680504,0.9978264231346827,0.6150867818029779,0.5968410208042517,0.8620465220087719,0.5908470508977683
29/10/2024,189.3,54.77,140.15,24.31,979.0,73.29,72.37,12.56,0.0,10.65,227.09,44,315.7,0.4779287593503192,0.47322793376103844,0.4564910881637931,0.394485826793123,0.3726038322169775,0.6312373325242354,0.5609343014346906,0.4342106939122111,0.0,0.6150867818029779,0.5341615914472392,0.8620465220087719,0.6037702498286731
30/10/2024,188.4,55.22,140.53,24.38,991.25,73.2,72.67,12.61,0.0,10.65,227.26,44,318.3,0.47710829858177306,0.5385559594083419,0.5098488394810415,0.5222802334523788,0.37291926036288986,0.5742864711316445,0.5761360791341725,0.5355854896076724,0.0,0.6150867818029779,0.5579551919669192,0.8620465220087719,0.6256707301074715
31/10/2024,193.0,55.11,141.13,24.41,994.5,72.94,72.94,12.62,0.2,10.65,225.36,44,318.6,0.7580470733569712,0.4875774436797363,0.5231252460364748,0.5095934433208895,0.37280788554021344,0.5654961841771492,0.571578760368852,0.5063964551116429,0.2895944468794358,0.6150867818029779,0.5176653555162849,0.8620465220087719,0.5760519299755075
01/11/2024,185.93,54.61,141.89,24.17,993.75,72.99,73.11,12.46,0.0,10.65,223.61,44,320.55,0.2541743625207896,0.4527448358689256,0.5328542185725981,0.4252307678798307,0.3727447352090851,0.5815280617762189,0.5563676299412925,0.3843090383427833,0.0,0.6150867818029779,0.5204781260933887,0.8620465220087719,0.6113894524025708
02/11/2024,185.93,54.61,141.89,24.17,993.75,72.99,73.11,12.46,0.0,10.65,223.61,44,320.55,0.5155630767475817,0.49749785559889903,0.48724306665073785,0.500111398569815,0.3727585780452793,0.5789414980448113,0.5304313584418854,0.4991275511270036,0.0,0.6150867818029779,0.5544755223119107,0.8620465220087719,0.5698366820387978
03/11/2024,185.93,54.61,141.89,24.17,993.75,72.99,73.11,12.46,2.2,10.65,223.61,44,320.55,0.5155630767475817,0.49749785559889903,0.48724306665073785,0.500111398569815,0.3727585780452793,0.5789414980448113,0.5304313584418854,0.4991275511270036,0.8872396918336801,0.6150867818029779,0.5544755223119107,0.8620465220087719,0.5698366820387978
04/11/2024,185.07,55.56,141.31,24.47,997.25,72.86,72.93,12.63,29.2,10.65,223.08,45,320.8,0.4787504724143756,0.5848791655803196,0.4536287552229512,0.5961307308226096,0.37281132240467857,0.5722178808847168,0.5028541089884703,0.6241937024033417,0.9985406403739855,0.6150867818029779,0.5438853515568256,0.877710400104841,0.575009890205388
05/11/2024,184.77,55.8,141.74,24.65,1001.75,72.22,73.07,12.71,7.0,10.65,225.19,45,320.9,0.5023414688244824,0.5193082836770773,0.5128552389138654,0.5574158794995683,0.37282477395934877,0.5458574447781199,0.5517979941935233,0.5575938042351137,0.9799474805398708,0.6150867818029779,0.5997260285934429,0.877710400104841,0.5718981586235725
06/11/2024,185.4,57.3,141.18,24.85,1003.75,72.39,74.21,13.06,0.0,10.65,221.17,45,325.5,0.5449756894002581,0.6364773860000374,0.45477299510312497,0.5638413640570455,0.37279014248879205,0.5877370342150702,0.7028362224053604,0.759801220038516,0.0,0.6150867818029779,0.4789092856116853,0.877710400104841,0.6704433229401294
07/11/2024,185.82,57.41,141.44,24.88,1026.25,73.57,74.41,13.09,25.4,11.15,222.04,45,326.3,0.5349500272938805,0.5074672573899338,0.5026618455156094,0.5095934433208884,0.37303071742660593,0.6400472352750719,0.5609343014346906,0.5209684749066019,0.9980589203170623,0.805080276115845,0.5726579994466983,0.877710400104841,0.5865846870423526
08/11/2024,183.7,57.2,141.12,24.53,1030.25,73.8,74.64,12.97,0.4,11.15,225.66,45,329.05,0.4289758623118291,0.4785985629273009,0.46857972093662503,0.39142457281477466,0.3728181038248673,0.5908421230926584,0.5654980846472754,0.4127637926759596,0.46795964422223424,0.6150867818029779,0.6338523120856444,0.877710400104841,0.6289880531284485
09/11/2024,183.7,57.2,141.12,24.53,1030.25,73.8,74.64,12.97,0.0,11.15,225.66,45,329.05,0.5155630767475817,0.49749785559889903,0.48724306665073785,0.500111398569815,0.3727585780452793,0.5789414980448113,0.5304313584418854,0.4991275511270036,0.0,0.6150867818029779,0.5544755223119107,0.877710400104841,0.5698366820387978
10/11/2024,183.7,57.2,141.12,24.53,1030.25,73.8,74.64,12.97,0.0,11.15,225.66,45,329.05,0.5155630767475817,0.49749785559889903,0.48724306665073785,0.500111398569815,0.3727585780452793,0.5789414980448113,0.5304313584418854,0.4991275511270036,0.0,0.6150867818029779,0.5544755223119107,0.877710400104841,0.5698366820387978
11/11/2024,183.7,57.98,141.85,24.58,1022.25,74.44,74.55,12.92,27.6,11.15,225.93,46,334.6,0.5155630767475817,0.5690591430888463,0.5310256399582152,0.5159306339848538,0.37257885450844436,0.6120694602844031,0.5166571544129627,0.4629532104977405,0.9983601412220785,0.6150867818029779,0.5600210457601555,0.8932851462651816,0.6920525756004656
12/11/2024,184.4,58.11,141.73,24.57,1010.5,74.28,74.37,12.89,0.2,11.15,226.31,46,335.15,0.5483602209624836,0.5092849463746898,0.48020579749139103,0.4969571497792765,0.3724813569408215,0.5706665576251296,0.5028541089884703,0.47738938743779996,0.2895944468794358,0.6150867818029779,0.5623082191775217,0.8932851462651816,0.5812943899099507
13/11/2024,184.02,58.57,140.76,24.28,1007.75,74.12,74.45,12.84,0.0,11.15,228.14,46,339.6,0.49889368275184426,0.539475905801204,0.43148452209114,0.40982769529136276,0.3727034017793062,0.5706665576251296,0.5426495054495383,0.4629532104977405,0.0,0.6150867818029779,0.5935244175507041,0.8932851462651816,0.6670492677073041
14/11/2024,182.95,59.21,140.51,24.31,987.5,74.18,74.67,12.92,6.0,11.15,223.42,46,342.2,0.47018290059036716,0.5560831933942129,0.47263532534029123,0.5095934433208884,0.3722436229280435,0.5820454116206186,0.5639771399642991,0.5575938042351137,0.9741802067696631,0.6150867818029779,0.46642613469780325,0.8932851462651816,0.6256707301074703
15/11/2024,182.95,59.21,140.51,24.31,1008.75,74.18,74.67,12.92,2.0,11.15,223.42,46,342.2,0.5155630767475817,0.49749785559889903,0.48724306665073785,0.500111398569815,0.3730176413033341,0.5789414980448113,0.5304313584418854,0.4991275511270036,0.8727073659051631,0.6150867818029779,0.5544755223119107,0.8932851462651816,0.5698366820387978
16/11/2024,182.95,59.21,140.51,24.31,1008.75,74.18,74.67,12.92,2.8,11.15,223.42,46,342.2,0.5155630767475817,0.49749785559889903,0.48724306665073785,0.500111398569815,0.3727585780452793,0.5789414980448113,0.5304313584418854,0.4991275511270036,0.9183596473569063,0.6150867818029779,0.5544755223119107,0.8932851462651816,0.5698366820387978
17/11/2024,182.95,59.21,140.51,24.31,1008.75,74.18,74.67,12.92,0.6,11.15,223.42,46,342.2,0.5155630767475817,0.49749785559889903,0.48724306665073785,0.500111398569815,0.3727585780452793,0.5789414980448113,0.5304313584418854,0.4991275511270036,0.5858421037283797,0.6150867818029779,0.5544755223119107,0.8932851462651816,0.5698366820387978
18/11/2024,184.1,59.92,139.85,24.35,1019.0,74.18,74.66,13.0,0.0,11.15,227.56,47,344.2,0.5705692359742525,0.5625650053532973,0.44906077514326037,0.5127604742362127,0.37289606085577653,0.5789414980448113,0.5289023905700262,0.5575938042351137,0.0,0.6150867818029779,0.64582606252652,0.908773148372555,0.6124822038930255
19/11/2024,186.57,59.66,139.72,24.2,1008.5,72.92,73.55,12.74,0.4,11.15,229.66,47,344.45,0.6392864610330414,0.4741222059191704,0.4796215683168579,0.4531193955658525,0.37251446621072776,0.513838693625205,0.35892445661795525,0.31383899022982875,0.46795964422223424,0.6150867818029779,0.5995037644374567,0.908773148372555,0.575009890205388
20/11/2024,186.3,59.66,139.72,24.2,999.25,72.92,73.55,12.74,0.0,11.15,229.66,47,344.45,0.5036421536243801,0.49749785559889903,0.48724306665073785,0.500111398569815,0.37254698532029495,0.5789414980448113,0.5304313584418854,0.4991275511270036,0.0,0.6150867818029779,0.5544755223119107,0.908773148372555,0.5698366820387978
21/11/2024,185.6,59.65,139.77,24.02,985.25,72.38,73.46,12.63,0.0,11.15,226.56,47,347.05,0.4853711872840082,0.4965939857850264,0.49019046661212545,0.44379910269805,0.372420423796558,0.5510243192266748,0.5166571544129627,0.41990250575180144,0.0,0.6150867818029779,0.495528461937001,0.908773148372555,0.6256707301074715
22/11/2024,186.77,59.82,138.96,23.92,992.25,72.0,73.41,12.63,9.4,11.15,229.04,47,347.55,0.5715730192077063,0.5129247795619999,0.4405325268213007,0.468709147586459,0.37285680191188986,0.5592930725348667,0.5227827241953691,0.4991275511270036,0.9878242788945253,0.6150867818029779,0.6079878157728577,0.908773148372555,0.5802418333278172
23/11/2024,186.77,59.82,138.96,23.92,992.25,72.0,73.41,12.63,53.6,11.15,229.04,47,347.55,0.5155630767475817,0.49749785559889903,0.48724306665073785,0.500111398569815,0.3727585780452793,0.5789414980448113,0.5304313584418854,0.4991275511270036,0.9996670457200577,0.6150867818029779,0.5544755223119107,0.908773148372555,0.5698366820387978
24/11/2024,186.77,59.82,138.96,23.92,992.25,72.0,73.41,12.63,74.0,11.15,229.04,47,347.55,0.5155630767475817,0.49749785559889903,0.48724306665073785,0.500111398569815,0.3727585780452793,0.5789414980448113,0.5304313584418854,0.4991275511270036,0.9999152930741823,0.6150867818029779,0.5544755223119107,0.908773148372555,0.5698366820387978
25/11/2024,186.5,60.21,138.89,23.91,994.25,71.31,73.48,12.65,2.8,11.15,229.37,48,349.75,0.5036421536243789,0.5330425308270358,0.48313192562096496,0.4969571497792754,0.37279014248879205,0.5432743033723476,0.5411235253472179,0.5136767945011111,0.9183596473569063,0.6150867818029779,0.5612667537572834,0.924176682040444,0.6168632728068123
26/11/2024,186.9,60.62,139.02,23.94,994.0,70.31,73.12,12.59,9.6,11.15,234.39,48,352.0,0.5340057840171739,0.5348791366133979,0.4949245282367881,0.5095934433208895,0.37275410767170797,0.5272628540957827,0.4751697940314452,0.4557515293849788,0.9882591722214084,0.6150867818029779,0.6663022572773205,0.924176682040444,0.6179609802866333
27/11/2024,188.0,59.61,139.26,23.54,997.0,70.65,72.51,12.26,0.8,11.15,237.33,48,352.65,0.5680656542514638,0.4078167875490359,0.5014680842792738,0.37615284701196083,0.3728044151005749,0.5965357485387183,0.43656721570413465,0.2650402644188786,0.6679492834303831,0.6150867818029779,0.6183549736327392,0.924176682040444,0.5834051651784274
28/11/2024,188.0,59.61,139.26,23.54,997.0,70.65,72.51,12.26,0.0,11.15,237.33,48,352.65,0.5155630767475817,0.49749785559889903,0.48724306665073785,0.500111398569815,0.3727585780452793,0.5789414980448113,0.5304313584418854,0.4991275511270036,0.0,0.6150867818029779,0.5544755223119107,0.924176682040444,0.5698366820387978
29/11/2024,187.98,58.6,140.52,23.4,996.0,71.42,72.77,12.12,0.0,11.15,238.0,48,351.95,0.5146654960627886,0.4078167875490359,0.5635978397681916,0.456231680866723,0.3727398704100904,0.6188030078603011,0.5700590517997032,0.3985166002471645,0.0,0.6150867818029779,0.5684042308243977,0.924176682040444,0.5556760658422484
30/11/2024,187.98,58.6,140.52,23.4,996.0,71.42,72.77,12.12,0.0,11.15,238.0,48,351.95,0.5155630767475817,0.49749785559889903,0.48724306665073785,0.500111398569815,0.3727585780452793,0.5789414980448113,0.5304313584418854,0.4991275511270036,0.0,0.6150867818029779,0.5544755223119107,0.924176682040444,0.5698366820387978
01/12/2024,187.98,58.6,140.52,23.4,996.0,71.42,72.77,12.12,13.8,11.15,238.0,48,351.95,0.5155630767475817,0.49749785559889903,0.48724306665073785,0.500111398569815,0.3727585780452793,0.5789414980448113,0.5304313584418854,0.4991275511270036,0.993823066319044,0.6150867818029779,0.5544755223119107,0.924176682040444,0.5698366820387978
02/12/2024,187.52,57.98,141.33,23.29,991.0,72.49,72.69,11.98,0.2,11.15,235.61,49,351.8,0.49547444920427586,0.44211730332504495,0.5359061896184393,0.46558547627285074,0.3726521921167477,0.6343465068534373,0.5181890884794833,0.39851660024716584,0.2895944468794358,0.6150867818029779,0.5085531472128222,0.9394979180700787,0.5667651884954144
03/12/2024,188.48,55.55,141.35,23.34,997.25,72.33,72.57,11.98,11.0,11.15,240.73,49,336.4,0.5611015885810402,0.28519241124839056,0.4884209406505179,0.515930633984855,0.37284739476841966,0.5706665576251296,0.5120592306771193,0.4991275511270036,0.9907413372856727,0.6150867818029779,0.6686446542164676,0.9394979180700787,0.28627990909761114
04/12/2024,188.38,55.03,141.13,23.37,989.75,71.12,72.47,12.0,0.0,11.15,243.0,49,332.35,0.5110998286543278,0.450970921925548,0.4743777703809261,0.5095934433208895,0.3725914040630109,0.5164199513360666,0.515124864665013,0.5136767945011111,0.0,0.6150867818029779,0.6032897551488374,0.9394979180700787,0.4911751354087421
05/12/2024,186.98,53.97,140.84,23.47,999.0,72.32,73.09,12.18,3.6,11.15,246.02,49,323.9,0.45696485834950623,0.40344297130288437,0.4703161391954022,0.5318274453997264,0.3728842098458278,0.6410838090062535,0.6245931774348266,0.6316452193880668,0.9430054518267896,0.6150867818029779,0.6201679823786185,0.9394979180700787,0.410151677265465
06/12/2024,187.38,53.18,140.12,23.02,999.25,73.97,73.2,12.03,1.4,11.15,239.38,49,323.7,0.5340057840171739,0.42712346700818,0.44564389677552413,0.3609370420276409,0.37276288076251535,0.6644125260146003,0.5472253141659233,0.3914079155979913,0.8064673820574741,0.6150867818029779,0.4327589593242159,0.9394979180700787,0.5657464960570511
07/12/2024,187.38,53.18,140.12,23.02,999.25,73.97,73.2,12.03,0.0,11.15,239.38,49,323.7,0.5155630767475817,0.49749785559889903,0.48724306665073785,0.500111398569815,0.3727585780452793,0.5789414980448113,0.5304313584418854,0.4991275511270036,0.0,0.6150867818029779,0.5544755223119107,0.9394979180700787,0.5698366820387978
08/12/2024,187.38,53.18,140.12,23.02,999.25,73.97,73.2,12.03,0.8,11.15,239.38,49,323.7,0.5155630767475817,0.49749785559889903,0.48724306665073785,0.500111398569815,0.3727585780452793,0.5789414980448113,0.5304313584418854,0.4991275511270036,0.6679492834303831,0.6150867818029779,0.5544755223119107,0.9394979180700787,0.5698366820387978
09/12/2024,187.8,52.94,140.74,23.13,995.5,74.89,73.54,12.08,0.2,11.15,236.72,50,322.15,0.5349500272938819,0.4759117410679519,0.5243381459276851,0.5350158326757246,0.3726811313500115,0.6265740044254664,0.5822083760524773,0.5355854896076736,0.2895944468794358,0.6150867818029779,0.5035770949765103,0.9547389292732174,0.5389176373017778
10/12/2024,189.85,52.18,140.45,23.18,1000.25,75.92,73.62,12.15,34.0,11.15,239.19,50,316.1,0.6169275523805958,0.4297644516695165,0.47031613919540055,0.515930633984855,0.3728280710505443,0.6322736987509179,0.5426495054495383,0.550246777058737,0.9989465085973518,0.6150867818029779,0.6077635840132598,0.9547389292732174,0.453995375934628
11/12/2024,192.25,52.62,139.68,23.23,1002.75,76.38,73.67,12.25,0.2,11.15,234.3,50,316.45,0.6355316247465091,0.5376363073310183,0.44280222650127776,0.515930633984855,0.3727973632945372,0.6027482954759517,0.5380704788832585,0.5723202008680504,0.2895944468794358,0.6150867818029779,0.46341311381882344,0.9547389292732174,0.5770962202861661
12/12/2024,192.13,52.51,139.4,23.1,1003.25,75.53,73.25,12.14,0.0,12.15,235.95,50,316.85,0.5102143151509466,0.4875774436797363,0.47089550656490003,0.4593467710761644,0.37276704265950933,0.5350094970073086,0.46592040863776996,0.41990250575180144,0.0,0.920333355250954,0.5895626911830426,0.9547389292732174,0.5781426823398776
13/12/2024,193.65,51.94,138.94,22.99,995.0,74.43,72.93,12.07,0.0,12.15,237.19,50,313.8,0.5893453786242412,0.44654084154638524,0.4605082886922765,0.46558547627284963,0.37257253599793955,0.5220992324126619,0.4813303436796386,0.44856062695850235,0.0,0.6150867818029779,0.580619516923709,0.9547389292732174,0.5100615668557884
14/12/2024,193.65,51.94,138.94,22.99,995.0,74.43,72.93,12.07,0.0,12.15,237.19,50,313.8,0.5155630767475817,0.49749785559889903,0.48724306665073785,0.500111398569815,0.3727585780452793,0.5789414980448113,0.5304313584418854,0.4991275511270036,0.0,0.6150867818029779,0.5544755223119107,0.9547389292732174,0.5698366820387978
15/12/2024,193.65,51.94,138.94,22.99,995.0,74.43,72.93,12.07,12.4,12.15,237.19,50,313.8,0.5155630767475817,0.49749785559889903,0.48724306665073785,0.500111398569815,0.3727585780452793,0.5789414980448113,0.5304313584418854,0.4991275511270036,0.992512894583348,0.6150867818029779,0.5544755223119107,0.9547389292732174,0.5698366820387978
16/12/2024,192.02,50.91,137.62,22.62,986.0,74.0,72.89,11.98,0.0,12.15,235.92,51,309.8,0.44790769445273015,0.4060666622036384,0.4118477410920665,0.3853090294167545,0.3725534132973112,0.5567088441541657,0.524313202838208,0.4342106939122111,0.0,0.6150867818029779,0.5295637680675744,0.9699016967259845,0.492114100942693
17/12/2024,192.25,51.1,137.47,22.59,978.75,74.56,72.73,11.95,1.2,12.15,235.99,51,310.9,0.5260602490068538,0.5147468750353903,0.47845408139989254,0.4906582342406397,0.37259763369296467,0.6079263897912045,0.5059238295407493,0.47738938743779863,0.7721351562515812,0.6150867818029779,0.555903131134173,0.9699016967259845,0.5929873747992214
18/12/2024,191.3,50.49,136.87,21.93,953.25,74.66,72.74,11.65,0.0,12.15,237.08,51,315.15,0.4750625274392733,0.44300149792850146,0.4524854252182645,0.2975959639039296,0.372088131521523,0.5841149308085054,0.531959940753772,0.2859027937276709,0.0,0.6150867818029779,0.5773784019773365,0.9699016967259845,0.6625320283459378
19/12/2024,190.35,51.59,135.66,22.18,966.5,73.9,72.45,11.85,0.0,12.15,236.82,51,315.55,0.47506252743927213,0.5988914902768276,0.41799780871705017,0.5799528800334859,0.37293063895015655,0.5396582223147719,0.4859476643210418,0.6465782803409181,0.0,0.6150867818029779,0.5492365423159226,0.9699016967259845,0.5781426823398776
20/12/2024,191.32,52.0,135.07,22.29,979.25,73.29,72.73,12.0,1.4,12.15,238.53,51,315.1,0.5615967184435124,0.5348791366133979,0.4530569772487742,0.5350158326757246,0.3729249667455993,0.5474074229134449,0.5730981661706364,0.6093210558845157,0.8064673820574741,0.6150867818029779,0.5908809947161974,0.9699016967259845,0.5606868132331049
21/12/2024,191.32,52.0,135.07,22.29,979.25,73.29,72.73,12.0,1.2,12.15,238.53,51,315.1,0.5155630767475817,0.49749785559889903,0.48724306665073785,0.500111398569815,0.3727585780452793,0.5789414980448113,0.5304313584418854,0.4991275511270036,0.7721351562515812,0.6150867818029779,0.5544755223119107,0.9699016967259845,0.5698366820387978
22/12/2024,191.32,52.0,135.07,22.29,979.25,73.29,72.73,12.0,0.2,12.15,238.53,51,315.1,0.5155630767475817,0.49749785559889903,0.48724306665073785,0.500111398569815,0.3727585780452793,0.5789414980448113,0.5304313584418854,0.4991275511270036,0.2895944468794358,0.6150867818029779,0.5544755223119107,0.9699016967259845,0.5698366820387978
23/12/2024,190.98,50.82,135.43,21.88,975.5,73.4,72.84,11.77,0.0,12.15,238.01,52,314.6,0.5006138865147537,0.3929656677159663,0.5086481815090855,0.3731052825706498,0.3726811313500115,0.5846323400097297,0.5472253141659233,0.3348835020880564,0.0,0.6150867818029779,0.5440821401793487,0.9849881155112172,0.5596810302086817
24/12/2024,190.8,50.82,135.43,21.88,981.25,73.4,72.84,11.77,18.4,12.15,239.47,52,314.6,0.5075711799972741,0.49749785559889903,0.48724306665073785,0.500111398569815,0.3728410343581868,0.5789414980448113,0.5304313584418854,0.4991275511270036,0.9963689697006018,0.6150867818029779,0.5854037074170871,0.9849881155112172,0.5698366820387978
25/12/2024,190.8,50.82,135.43,21.88,981.25,73.4,72.84,11.77,6.4,12.15,239.47,52,314.6,0.5155630767475817,0.49749785559889903,0.48724306665073785,0.500111398569815,0.3727585780452793,0.5789414980448113,0.5304313584418854,0.4991275511270036,0.9767567010430647,0.6150867818029779,0.5544755223119107,0.9849881155112172,0.5698366820387978
26/12/2024,192.77,51.13,135.74,21.97,997.25,73.17,72.69,11.77,1.0,12.15,239.21,52,315.85,0.6127168070702953,0.5257085377989872,0.5056514230157577,0.5286420333775557,0.3729612826488396,0.567047185626095,0.5074581890951482,0.4991275511270036,0.7275090786514087,0.6150867818029779,0.5492365423159231,0.9849881155112172,0.596208517948959
27/12/2024,193.5,51.41,135.8,21.93,989.75,73.29,72.65,11.73,38.0,12.15,233.5,52,318.35,0.5498169112645725,0.5229635776898526,0.49078101955306835,0.48751349892316576,0.3725914040630109,0.585149760760273,0.5243132028382103,0.47016578934244074,0.9991804509423793,0.6150867818029779,0.44897170727685853,0.9849881155112172,0.6234634648733938
28/12/2024,193.5,51.41,135.8,21.93,989.75,73.29,72.65,11.73,0.0,12.15,233.5,52,318.35,0.5155630767475817,0.49749785559889903,0.48724306665073785,0.500111398569815,0.3727585780452793,0.5789414980448113,0.5304313584418854,0.4991275511270036,0.0,0.6150867818029779,0.5544755223119107,0.9849881155112172,0.5698366820387978
29/12/2024,193.5,51.41,135.8,21.93,989.75,73.29,72.65,11.73,0.0,12.15,233.5,52,318.35,0.5155630767475817,0.49749785559889903,0.48724306665073785,0.500111398569815,0.3727585780452793,0.5789414980448113,0.5304313584418854,0.4991275511270036,0.0,0.6150867818029779,0.5544755223119107,0.9849881155112172,0.5698366820387978
30/12/2024,194.07,51.36,135.66,21.95,991.75,73.8,72.69,11.76,59.8,12.15,231.53,1,317.4,0.5420911715763803,0.4929826156018048,0.47903766396222314,0.5064295684836558,0.37279014248879205,0.6053372364110079,0.5365434054710453,0.5209684749066019,0.9997681189950148,0.6150867818029779,0.516356659132855,0.0,0.5507066252166927
31/12/2024,193.85,51.36,135.66,21.95,1010.5,73.8,72.69,11.76,0.8,12.15,232.23,1,317.4,0.5058198277792114,0.49749785559889903,0.48724306665073785,0.500111398569815,0.3729911146431173,0.5789414980448113,0.5304313584418854,0.4991275511270036,0.6679492834303831,0.6150867818029779,0.5690398663231483,0.0,0.5698366820387978
01/01/2025,193.85,51.36,135.66,21.95,1010.5,73.8,72.69,11.76,0.0,12.15,232.23,1,317.4,0.5155630767475817,0.49749785559889903,0.48724306665073785,0.500111398569815,0.3727585780452793,0.5789414980448113,0.5304313584418854,0.4991275511270036,0.0,0.6150867818029779,0.5544755223119107,0.0,0.5698366820387978
02/01/2025,193.6,52.16,134.73,21.85,1012.0,73.25,72.94,11.83,0.0,12.15,232.72,1,321.55,0.5045117209098212,0.5709168092623366,0.4337420426902659,0.468709147586459,0.37278271911358024,0.5505075952364883,0.5685390379991737,0.550246777058737,0.0,0.6150867818029779,0.5646097244041889,0.0,0.660277002688159
03/01/2025,194.05,52.06,133.51,21.6,991.75,72.73,72.99,11.81,27.4,12.15,232.5,1,321.85,0.5363699637020494,0.4884773442133039,0.4174379304578235,0.42214512936062787,0.3722436229280435,0.5520577922017363,0.5380704788832585,0.4846241288515194,0.9983355026396559,0.6150867818029779,0.5500365523314372,0.0,0.5760519299755075
04/01/2025,194.05,52.06,133.51,21.6,991.75,72.73,72.99,11.81,0.0,12.15,232.5,1,321.85,0.5155630767475817,0.49749785559889903,0.48724306665073785,0.500111398569815,0.3727585780452793,0.5789414980448113,0.5304313584418854,0.4991275511270036,0.0,0.6150867818029779,0.5544755223119107,0.0,0.5698366820387978
05/01/2025,194.05,52.06,133.51,21.6,991.75,72.73,72.99,11.81,2.8,12.15,232.5,1,321.85,0.5155630767475817,0.49749785559889903,0.48724306665073785,0.500111398569815,0.3727585780452793,0.5789414980448113,0.5304313584418854,0.4991275511270036,0.9183596473569063,0.6150867818029779,0.5544755223119107,0.0,0.5698366820387978
06/01/2025,195.2,52.65,133.17,21.78,997.75,73.9,73.14,11.96,6.6,12.15,225.82,2,321.85,0.570569235974251,0.5514611502267337,0.4674234893565274,0.5574158794995683,0.37284422394510824,0.6395289572316665,0.5533215403240258,0.6093210558845157,0.9779010335153847,0.6150867818029779,0.43206523945074593,0.03362089965624637,0.5698366820387978
07/01/2025,195.57,52.74,130.54,21.35,997.25,73.59,73.98,12.1,6.4,12.15,227.01,2,322.5,0.5325930489368204,0.505651087387823,0.33981135917768046,0.36701679292493666,0.37274948621358206,0.5629113840400564,0.6577635484766949,0.6019000739850849,0.9767567010430647,0.6150867818029779,0.5795371984733226,0.03362089965624637,0.5834051651784274
08/01/2025,193.7,53.0,131.93,21.6,994.5,74.08,74.23,12.15,36.0,12.15,229.3,2,323.7,0.4385770488973485,0.5211352576690609,0.5716658159752013,0.5799528800334859,0.3727034017793062,0.6043016341479287,0.5685390379991737,0.5355854896076736,0.9990725608353552,0.6150867818029779,0.6037361956375542,0.03362089965624637,0.5951334240670678
09/01/2025,197.6,53.51,131.19,21.67,999.0,73.9,74.32,12.28,38.4,12.15,229.3,2,323.9,0.7181478454638637,0.5440799860891036,0.4445066140003116,0.5222802334523788,0.37282477395934877,0.5696323975048454,0.5441751280554259,0.5944894200641526,0.9992001595597519,0.6150867818029779,0.5544755223119107,0.03362089965624637,0.5739701858982316
10/01/2025,198.77,53.19,131.56,21.57,1025.25,74.16,74.91,12.28,68.6,12.15,229.2,2,324.35,0.5715730192077063,0.46876141987728065,0.5092483728073398,0.4687091475864579,0.3730692853413865,0.5923948094539927,0.6200614305180119,0.4991275511270036,0.9998693940608678,0.6150867818029779,0.5524492278888867,0.03362089965624637,0.5791912428188708
11/01/2025,198.77,53.19,131.56,21.57,1025.25,74.16,74.91,12.28,26.2,12.15,229.2,2,324.35,0.5155630767475817,0.49749785559889903,0.48724306665073785,0.500111398569815,0.3727585780452793,0.5789414980448113,0.5304313584418854,0.4991275511270036,0.998176581556412,0.6150867818029779,0.5544755223119107,0.03362089965624637,0.5698366820387978
12/01/2025,198.77,53.19,131.56,21.57,1025.25,74.16,74.91,12.28,31.4,12.15,229.2,2,324.35,0.5155630767475817,0.49749785559889903,0.48724306665073785,0.500111398569815,0.3727585780452793,0.5789414980448113,0.5304313584418854,0.4991275511270036,0.9987481265764515,0.6150867818029779,0.5544755223119107,0.03362089965624637,0.5698366820387978
13/01/2025,197.4,53.38,132.23,21.68,1041.5,75.07,74.92,12.28,0.2,12.15,229.45,3,325.6,0.4581551838836277,0.5147468750353903,0.5273744907820173,0.5350158326757246,0.37296402590110295,0.6260558898361339,0.5319599407537741,0.4991275511270036,0.2895944468794358,0.6150867818029779,0.5596068221214812,0.06436587743317368,0.596208517948959
14/01/2025,197.4,53.86,132.22,21.87,1043.0,74.94,74.69,12.35,0.0,12.15,231.73,3,325.7,0.5155630767475817,0.54131667386843,0.48665468151698255,0.5606272355127616,0.37278271911358024,0.5722178808847168,0.49517409280574065,0.550246777058737,0.0,0.6150867818029779,0.6035129487541406,0.06436587743317368,0.5718981586235725
15/01/2025,198.52,54.31,131.41,21.83,1042.75,74.86,74.97,12.45,5.6,12.15,227.88,3,326.95,0.5690660728140284,0.5385559594083426,0.4405325268213007,0.4875134989231646,0.37275410767170797,0.5748036478171616,0.5730981661706364,0.5723202008680504,0.9711430361217581,0.6150867818029779,0.481960853536585,0.06436587743317368,0.596208517948959
16/01/2025,196.6,53.68,129.98,21.45,1019.0,76.22,74.42,12.28,0.8,12.15,232.31,3,325.3,0.4366475280961467,0.4412333619184211,0.40571597798050535,0.38225470255219274,0.37214058430317576,0.6493772222234215,0.4458466402028375,0.37721987057655115,0.6679492834303831,0.6150867818029779,0.6525457094673343,0.06436587743317368,0.5369690092311182
17/01/2025,196.75,53.88,129.3,21.33,1034.0,76.67,74.25,12.25,2.4,12.15,232.71,3,326.65,0.5223741038117575,0.5156584572298348,0.44792096681951876,0.4624646935786054,0.37295024174403957,0.602230533412516,0.5043891352421771,0.47738938743779996,0.8993785323552774,0.6150867818029779,0.5627256393367334,0.06436587743317368,0.5983627003805414
18/01/2025,196.75,53.88,129.3,21.33,1034.0,76.67,74.25,12.25,6.4,12.15,232.71,3,326.65,0.5155630767475817,0.49749785559889903,0.48724306665073785,0.500111398569815,0.3727585780452793,0.5789414980448113,0.5304313584418854,0.4991275511270036,0.9767567010430647,0.6150867818029779,0.5544755223119107,0.06436587743317368,0.5698366820387978
19/01/2025,196.75,53.88,129.3,21.33,1034.0,76.67,74.25,12.25,0.6,12.15,232.71,3,326.65,0.5155630767475817,0.49749785559889903,0.48724306665073785,0.500111398569815,0.3727585780452793,0.5789414980448113,0.5304313584418854,0.4991275511270036,0.5858421037283797,0.6150867818029779,0.5544755223119107,0.06436587743317368,0.5698366820387978
20/01/2025,196.75,53.88,129.3,21.33,1034.0,76.67,74.25,12.25,0.2,12.15,232.71,4,326.65,0.5155630767475817,0.49749785559889903,0.48724306665073785,0.500111398569815,0.3727585780452793,0.5789414980448113,0.5304313584418854,0.4991275511270036,0.2895944468794358,0.6150867818029779,0.5544755223119107,0.09313526815026307,0.5698366820387978
21/01/2025,197.05,54.14,128.7,21.34,1067.25,77.56,74.02,12.27,6.6,12.15,232.25,4,326.6,0.5293140358167038,0.5211352576690609,0.4524854252182629,0.5032688774758333,0.37313904698048034,0.6250196808553936,0.49517409280574065,0.5136767945011111,0.9779010335153847,0.6150867818029779,0.5452650266333053,0.09313526815026307,0.5688101559656265
22/01/2025,200.05,55.09,129.24,21.76,1056.0,76.06,74.1,12.48,0.4,12.15,232.53,4,327.15,0.6680563494923146,0.5848791655803196,0.5194923063355672,0.6352148211759809,0.3724946681344222,0.501450573697961,0.5426495054495383,0.65405968345515,0.46795964422223424,0.6150867818029779,0.5602283496723918,0.09313526815026307,0.5812943899099507
23/01/2025,201.1,54.99,128.5,21.72,1065.5,76.33,73.88,12.49,6.4,12.15,233.38,4,325.4,0.56557060444064,0.4884773442133033,0.4445066140003116,0.4875134989231646,0.3728871898313638,0.592912392038297,0.49671073859338366,0.5063964551116429,0.9767567010430647,0.6150867818029779,0.5722309514675654,0.09313526815026307,0.5350245014975296
24/01/2025,204.77,54.99,128.12,21.67,1055.75,75.21,73.86,12.49,71.0,12.15,234.68,4,325.1,0.7052102243524865,0.49749785559889903,0.4651142613080347,0.4843718673509246,0.3725340520352666,0.5210665821318343,0.5273730395827891,0.4991275511270036,0.9998910164173935,0.6150867818029779,0.5819207946070859,0.09313526815026307,0.5637161455131093
25/01/2025,204.77,54.99,128.12,21.67,1055.75,75.21,73.86,12.49,36.0,12.15,234.68,4,325.1,0.5155630767475817,0.49749785559889903,0.48724306665073785,0.500111398569815,0.3727585780452793,0.5789414980448113,0.5304313584418854,0.4991275511270036,0.9990725608353552,0.6150867818029779,0.5544755223119107,0.09313526815026307,0.5698366820387978
26/01/2025,204.77,54.99,128.12,21.67,1055.75,75.21,73.86,12.49,8.0,12.15,234.68,4,325.1,0.5155630767475817,0.49749785559889903,0.48724306665073785,0.500111398569815,0.3727585780452793,0.5789414980448113,0.5304313584418854,0.4991275511270036,0.9839644868512838,0.6150867818029779,0.5544755223119107,0.09313526815026307,0.5698366820387978
27/01/2025,205.68,55.27,126.26,21.36,1045.0,74.91,74.04,12.53,38.4,12.15,236.95,5,326.7,0.5586314017230046,0.5229635776898532,0.3819063881061493,0.4036837487361089,0.3725078898701178,0.5634283242084385,0.557890179301871,0.5282714036279926,0.9992001595597519,0.6150867818029779,0.6032897551488369,0.12042235276213964,0.6037702498286731
28/01/2025,208.55,55.39,124.02,21.12,1045.0,74.84,74.05,12.61,68.6,12.15,234.39,5,325.2,0.6609459204284678,0.5083759136336135,0.36105353375673876,0.4252307678798307,0.3727585780452793,0.575320836367491,0.531959940753772,0.5575938042351137,0.9998693940608678,0.6150867818029779,0.5054166096427756,0.12042235276213964,0.5398935493341942
29/01/2025,207.02,55.43,125.22,21.3,1060.5,75.74,74.49,12.67,21.8,12.15,232.5,5,325.85,0.45183102876334175,0.5011174846960261,0.5598838860843725,0.5574158794995683,0.37295577601371366,0.6255377819676808,0.597369352085307,0.5429106433860613,0.9973751042670513,0.6150867818029779,0.5178525127271795,0.12042235276213964,0.5834051651784286
30/01/2025,204.48,55.56,125.57,21.4,1044.0,76.08,74.79,12.75,26.2,13.15,235.92,5,326.0,0.4130882268118322,0.5092849463746898,0.5080482674834474,0.5318274453997264,0.3723509291405662,0.5965357485387183,0.5761360791341748,0.5575938042351137,0.998176581556412,0.920333355250954,0.6292744401113896,0.12042235276213964,0.572932908852653
31/01/2025,204.6,55.56,124.18,21.26,1042.0,75.56,74.99,12.84,31.4,13.15,236.52,5,324.45,0.5210011183648303,0.49749785559889903,0.4079436494857903,0.4562316808667241,0.3727194811580692,0.5520577922017363,0.5609343014346884,0.5649516399985806,0.9987481265764515,0.6150867818029779,0.5669245815354617,0.12042235276213964,0.5389176373017778
01/02/2025,204.6,55.56,124.18,21.26,1042.0,75.56,74.99,12.84,7.0,13.15,236.52,5,324.45,0.5155630767475817,0.49749785559889903,0.48724306665073785,0.500111398569815,0.3727585780452793,0.5789414980448113,0.5304313584418854,0.4991275511270036,0.9799474805398708,0.6150867818029779,0.5544755223119107,0.12042235276213964,0.5698366820387978
02/02/2025,204.6,55.56,124.18,21.26,1042.0,75.56,74.99,12.84,0.2,13.15,236.52,5,324.45,0.5155630767475817,0.49749785559889903,0.48724306665073785,0.500111398569815,0.3727585780452793,0.5789414980448113,0.5304313584418854,0.4991275511270036,0.2895944468794358,0.6150867818029779,0.5544755223119107,0.12042235276213964,0.5698366820387978
03/02/2025,202.98,56.08,124.81,21.46,1058.25,75.64,75.32,12.95,0.0,13.15,240.65,6,326.1,0.4482990525323032,0.5450016588760958,0.5249449495751083,0.5638413640570443,0.37296402590110295,0.5830801474748749,0.5806907372312032,0.5796994047608528,0.0,0.6150867818029779,0.6455948701845798,0.14653540631051742,0.6048553578814894
04/02/2025,201.88,56.71,125.39,21.74,1075.0,76.62,75.6,13.11,0.0,13.15,242.53,6,327.1,0.4689694118377182,0.555158255164519,0.5219132985643697,0.5896517810283649,0.37296949283784897,0.6296828311694882,0.5730981661706364,0.6167522901583335,0.0,0.6150867818029779,0.594628458203065,0.14653540631051742,0.5908470508977683
05/02/2025,203.6,56.29,125.85,21.74,1057.0,77.95,76.04,13.13,0.0,13.15,241.64,6,325.85,0.5996646207171502,0.45985162662715373,0.514662267263868,0.500111398569815,0.37230842111997875,0.6478220981785017,0.5973693520853091,0.5136767945011126,0.0,0.6150867818029779,0.5368630827377694,0.14653540631051742,0.5447900264382528
06/02/2025,200.63,56.66,126.08,21.85,1060.5,78.22,76.42,13.25,5.6,13.15,244.41,6,326.9,0.3971003241198573,0.5312071507446997,0.5008716560460373,0.5350158326757258,0.37281132240467857,0.592912392038297,0.5882760873231634,0.5870891709569119,0.9711430361217581,0.6150867818029779,0.614511960493765,0.14653540631051742,0.5919164808997702
07/02/2025,200.77,56.08,126.03,21.78,1049.5,78.31,77.24,13.35,0.0,13.15,244.83,6,324.6,0.5219158646294176,0.44565561748428406,0.48430476310276194,0.4780977857677457,0.3725012903768719,0.583597533261336,0.6547523973545135,0.5723202008680504,0.0,0.6150867818029779,0.5631435266077962,0.14653540631051742,0.5243968270074758
08/02/2025,200.77,56.08,126.03,21.78,1049.5,78.31,77.24,13.35,0.8,13.15,244.83,6,324.6,0.5155630767475817,0.49749785559889903,0.48724306665073785,0.500111398569815,0.3727585780452793,0.5789414980448113,0.5304313584418854,0.4991275511270036,0.6679492834303831,0.6150867818029779,0.5544755223119107,0.14653540631051742,0.5698366820387978
09/02/2025,200.77,56.08,126.03,21.78,1049.5,78.31,77.24,13.35,2.2,13.15,244.83,6,324.6,0.5155630767475817,0.49749785559889903,0.48724306665073785,0.500111398569815,0.3727585780452793,0.5789414980448113,0.5304313584418854,0.4991275511270036,0.8872396918336801,0.6150867818029779,0.5544755223119107,0.14653540631051742,0.5698366820387978
10/02/2025,201.88,56.08,125.33,21.65,1049.5,79.27,77.26,13.35,2.4,13.15,241.81,7,324.65,0.5685656935997794,0.49749785559889903,0.44678201091534986,0.4593467710761633,0.3727585780452793,0.6286465292986098,0.5334881401426842,0.4991275511270036,0.8993785323552774,0.6150867818029779,0.4969865997171954,0.17168377365995158,0.5708660435601604
11/02/2025,199.68,56.21,126.03,21.85,1043.5,78.57,77.96,13.51,0.2,13.15,241.74,7,324.25,0.42592714503980755,0.5092849463746898,0.5291990530532991,0.5638413640570455,0.37262829831510325,0.5427576979949352,0.6366675627354309,0.6167522901583335,0.2895944468794358,0.6150867818029779,0.5530555400349972,0.17168377365995158,0.5616945434913185
12/02/2025,199.15,56.04,126.28,21.92,1027.75,78.65,79.0,13.71,6.4,13.15,248.96,7,322.8,0.49250463461521915,0.4821858172385756,0.5020648148582604,0.5222802334523788,0.37237196155109104,0.5830801474748757,0.6878309581041071,0.6465782803409194,0.9767567010430647,0.6150867818029779,0.7184676633930657,0.17168377365995158,0.5408705566266405
13/02/2025,199.55,55.48,125.39,21.74,1030.0,79.76,79.12,13.71,0.2,13.15,250.11,7,320.05,0.5340057840171739,0.44742632724932074,0.43600250569195526,0.44379910269804895,0.3727937758511222,0.6364194142036979,0.5487498842114639,0.4991275511270036,0.2895944468794358,0.6150867818029779,0.5786727334572385,0.17168377365995158,0.5157760884618153
14/02/2025,197.75,56.16,125.59,22.02,1036.0,80.75,79.86,14.0,0.6,13.15,245.48,7,320.3,0.4412865066418235,0.5597855483586068,0.4990842086353515,0.5896517810283661,0.37284422394510824,0.6302009918471156,0.6426993219929291,0.7142589672910868,0.5858421037283797,0.6150867818029779,0.46802409085720176,0.17168377365995158,0.575009890205388
15/02/2025,197.75,56.16,125.59,22.02,1036.0,80.75,79.86,14.0,14.0,13.15,245.48,7,320.3,0.5155630767475817,0.49749785559889903,0.48724306665073785,0.500111398569815,0.3727585780452793,0.5789414980448113,0.5304313584418854,0.4991275511270036,0.9939820579406723,0.6150867818029779,0.5544755223119107,0.17168377365995158,0.5698366820387978
16/02/2025,197.75,56.16,125.59,22.02,1036.0,80.75,79.86,14.0,0.2,13.15,245.48,7,320.3,0.5155630767475817,0.49749785559889903,0.48724306665073785,0.500111398569815,0.3727585780452793,0.5789414980448113,0.5304313584418854,0.4991275511270036,0.2895944468794358,0.6150867818029779,0.5544755223119107,0.17168377365995158,0.5698366820387978
17/02/2025,197.75,56.16,125.59,22.02,1036.0,80.75,79.86,14.0,32.8,13.15,245.48,8,320.3,0.5155630767475817,0.49749785559889903,0.48724306665073785,0.500111398569815,0.3727585780452793,0.5789414980448113,0.5304313584418854,0.4991275511270036,0.9988603920986878,0.6150867818029779,0.5544755223119107,0.19601805204551692,0.5698366820387978
18/02/2025,197.45,55.77,125.19,21.99,1038.5,80.74,78.91,13.86,1.8,13.15,247.85,8,317.45,0.502341468824481,0.46252141164014643,0.46396123147257673,0.4906582342406397,0.3727973632945372,0.5784242232062207,0.3838268860565873,0.3985166002471645,0.8550988855984883,0.6150867818029779,0.6055240709838655,0.19601805204551692,0.5138684957506748
19/02/2025,197.82,55.14,126.04,22.04,1031.75,80.83,81.26,14.21,10.8,13.15,250.75,8,315.3,0.5325930489368204,0.4412333619184211,0.5383515914311594,0.515930633984855,0.3726099988253717,0.583597533261336,0.8831897495001908,0.7598012200385174,0.9904378816014464,0.6150867818029779,0.6174495458077803,0.19601805204551692,0.5272846752248056
20/02/2025,197.63,55.06,125.49,21.99,1045.5,82.72,83.62,14.65,0.0,13.15,248.32,8,314.2,0.5071325547790333,0.4902782878783755,0.4553454601098753,0.4843718673509234,0.37293627837040744,0.6768586441270004,0.8846724089589235,0.8287158002668172,0.0,0.6150867818029779,0.5078140524875222,0.19601805204551692,0.5477423956593627
21/02/2025,197.82,55.06,126.61,22.1,1039.5,85.06,84.19,14.7,0.0,13.15,248.87,8,314.2,0.5242127348298888,0.49749785559889903,0.5549418707063442,0.5350158326757258,0.37262829831510325,0.7002018712712276,0.617039066137676,0.5355854896076724,0.0,0.6150867818029779,0.565870775518933,0.19601805204551692,0.5698366820387978
22/02/2025,197.82,55.06,126.61,22.1,1039.5,85.06,84.19,14.7,0.0,13.15,248.87,8,314.2,0.5155630767475817,0.49749785559889903,0.48724306665073785,0.500111398569815,0.3727585780452793,0.5789414980448113,0.5304313584418854,0.4991275511270036,0.0,0.6150867818029779,0.5544755223119107,0.19601805204551692,0.5698366820387978
23/02/2025,197.82,55.06,126.61,22.1,1039.5,85.06,84.19,14.7,0.0,13.15,248.87,8,314.2,0.5155630767475817,0.49749785559889903,0.48724306665073785,0.500111398569815,0.3727585780452793,0.5789414980448113,0.5304313584418854,0.4991275511270036,0.0,0.6150867818029779,0.5544755223119107,0.19601805204551692,0.5698366820387978
24/02/2025,198.9,54.65,125.9,21.9,1047.5,83.75,84.85,14.76,11.8,13.15,247.75,9,314.25,0.5670666007086439,0.4607412614476606,0.4462128492807586,0.4375991185336212,0.37286912213753165,0.5112575774125702,0.6306322108176533,0.5429106433860613,0.9918216519865035,0.6150867818029779,0.5324326727007355,0.21965127772590198,0.5708660435601616
25/02/2025,199.5,54.24,126.58,22.0,1048.75,84.82,86.67,15.06,22.6,13.15,250.82,9,312.1,0.5435314919485187,0.4607412614476612,0.5279824511676549,0.5318274453997276,0.37277891712708583,0.6343465068534373,0.804439274688892,0.7218264196323108,0.9975532580306677,0.6150867818029779,0.6213025516776292,0.21965127772590198,0.5272846752248056
26/02/2025,198.82,53.7,126.47,21.81,1041.25,86.36,87.18,15.03,26.8,13.15,247.99,9,311.4,0.4862049102619206,0.44919809062201427,0.48079035456920327,0.44069777299923407,0.3725914040630109,0.6587089741462386,0.6079660745035395,0.47738938743779863,0.9982585069406428,0.6150867818029779,0.5004588811052558,0.21965127772590198,0.5556760658422473
27/02/2025,199.4,53.4,127.33,21.84,1037.25,86.83,87.68,15.04,0.6,13.15,249.85,9,311.4,0.5425708437137874,0.4705470665195721,0.5389634640737114,0.5095934433208895,0.37267543440242396,0.6032660663259493,0.6064530317150703,0.5063964551116429,0.5858421037283797,0.6150867818029779,0.5941866603945686,0.21965127772590198,0.5698366820387978
28/02/2025,197.73,52.66,127.95,21.67,1025.75,86.7,87.49,14.82,6.8,13.15,253.77,9,310.95,0.4463443856786423,0.4315262666567077,0.5243381459276851,0.4469031326412257,0.3724880235310652,0.5722178808847168,0.5013187535219763,0.34191637111749595,0.9789619633002615,0.6150867818029779,0.6407480799465946,0.21965127772590198,0.5606868132331049
01/03/2025,197.73,52.66,127.95,21.67,1025.75,86.7,87.49,14.82,0.0,13.15,253.77,9,310.95,0.5155630767475817,0.49749785559889903,0.48724306665073785,0.500111398569815,0.3727585780452793,0.5789414980448113,0.5304313584418854,0.4991275511270036,0.0,0.6150867818029779,0.5544755223119107,0.21965127772590198,0.5698366820387978
02/03/2025,197.73,52.66,127.95,21.67,1025.75,86.7,87.49,14.82,0.0,13.15,253.77,9,310.95,0.5155630767475817,0.49749785559889903,0.48724306665073785,0.500111398569815,0.3727585780452793,0.5789414980448113,0.5304313584418854,0.4991275511270036,0.0,0.6150867818029779,0.5544755223119107,0.21965127772590198,0.5698366820387978
03/03/2025,192.25,52.66,127.95,21.67,1011.5,86.7,87.49,14.82,47.4,13.15,253.77,10,310.95,0.3079575236684172,0.49749785559889903,0.48724306665073785,0.500111398569815,0.3724135552690635,0.5789414980448113,0.5304313584418854,0.4991275511270036,0.9995267124215015,0.6150867818029779,0.5544755223119107,0.24267111083626458,0.5698366820387978
04/03/2025,194.65,52.66,127.95,21.67,999.0,86.7,87.49,14.82,0.4,13.15,253.77,10,310.95,0.6355316247465091,0.49749785559889903,0.48724306665073785,0.500111398569815,0.37246122879113147,0.5789414980448113,0.5304313584418854,0.4991275511270036,0.46795964422223424,0.6150867818029779,0.5544755223119107,0.24267111083626458,0.5698366820387978
05/03/2025,196.55,53.8,128.38,22.3,1011.75,86.41,87.67,15.23,0.0,13.15,254.48,10,309.7,0.6090457063027327,0.6026361022911215,0.5128552389138645,0.7044180606911403,0.3729249667455993,0.5639452742291702,0.557890179301871,0.8056660646181588,0.0,0.6150867818029779,0.5692519408157992,0.24267111083626458,0.5447900264382528
06/03/2025,196.28,53.96,128.85,22.35,1027.25,86.64,87.85,15.24,0.0,13.15,254.04,10,311.0,0.5036421536243789,0.5120142720734071,0.5152651311604681,0.515930633984855,0.37295577601371366,0.5908421230926584,0.5578901793018688,0.5063964551116429,0.0,0.6150867818029779,0.545660161024607,0.24267111083626458,0.5972849525644631
07/03/2025,200.28,53.81,129.85,22.42,1025.0,86.1,88.71,15.32,0.2,13.15,254.57,10,311.65,0.7238003587234476,0.48398156745727544,0.5475509338934981,0.5222802334523788,0.3727141877521351,0.5510243192266748,0.6607738714949362,0.5575938042351137,0.2895944468794358,0.6150867818029779,0.5654499929946062,0.24267111083626458,0.5834051651784274
08/03/2025,200.28,53.81,129.85,22.42,1025.0,86.1,88.71,15.32,0.0,13.15,254.57,10,311.65,0.5155630767475817,0.49749785559889903,0.48724306665073785,0.500111398569815,0.3727585780452793,0.5789414980448113,0.5304313584418854,0.4991275511270036,0.0,0.6150867818029779,0.5544755223119107,0.24267111083626458,0.5698366820387978
09/03/2025,200.28,53.81,129.85,22.42,1025.0,86.1,88.71,15.32,0.0,13.15,254.57,10,311.65,0.5155630767475817,0.49749785559889903,0.48724306665073785,0.500111398569815,0.3727585780452793,0.5789414980448113,0.5304313584418854,0.4991275511270036,0.0,0.6150867818029779,0.5544755223119107,0.24267111083626458,0.5698366820387978
10/03/2025,200.57,53.2,128.46,21.94,999.75,87.85,88.52,15.12,0.2,13.15,262.28,11,311.45,0.5288476374143046,0.44300149792850146,0.4079436494857903,0.35183351131882656,0.3720956607625209,0.6695980829822615,0.5013187535219785,0.35600967195303246,0.2895944468794358,0.6150867818029779,0.7302480666516795,0.2651473174209875,0.5657464960570511
11/03/2025,199.55,53.71,128.65,22.15,997.75,87.46,89.08,15.34,0.2,13.15,260.43,11,311.95,0.47221101168185503,0.5440799860891036,0.4984890131860294,0.5670582443913089,0.3727194811580692,0.5587762085639556,0.6155275193346361,0.6615509095492552,0.2895944468794358,0.6150867818029779,0.51860165053347,0.2651473174209875,0.5802418333278172
12/03/2025,201.4,53.75,127.59,21.98,987.5,88.69,89.39,15.4,2.0,13.15,256.72,11,312.1,0.6064312411378673,0.5011174846960261,0.4264155343660227,0.4469031326412257,0.372521018979203,0.6426387133151283,0.5776545910326678,0.5429106433860613,0.8727073659051631,0.6150867818029779,0.4844801927712186,0.2651473174209875,0.5729329088526542
13/03/2025,202.05,53.75,128.07,22.08,996.75,89.06,89.88,15.5,23.8,13.15,259.84,11,312.1,0.5459406113190697,0.49749785559889903,0.5158682528379832,0.5318274453997264,0.3728842098458278,0.5980887606555259,0.6049397336617427,0.5723202008680504,0.9977900971762208,0.6150867818029779,0.6224382127045444,0.2651473174209875,0.5698366820387978
14/03/2025,203.18,53.95,128.04,22.3,999.25,89.75,89.83,15.65,0.6,13.15,258.68,11,309.7,0.5695667905204236,0.5156584572298348,0.4854790053969569,0.5702778560998236,0.3727973632945372,0.6146591352600861,0.5227827241953691,0.6093210558845157,0.5858421037283797,0.6150867818029779,0.5316661217603761,0.2651473174209875,0.5224757021800392
15/03/2025,203.18,53.95,128.04,22.3,999.25,89.75,89.83,15.65,23.0,13.15,258.68,11,309.7,0.5155630767475817,0.49749785559889903,0.48724306665073785,0.500111398569815,0.3727585780452793,0.5789414980448113,0.5304313584418854,0.4991275511270036,0.9976359956185032,0.6150867818029779,0.5544755223119107,0.2651473174209875,0.5698366820387978
16/03/2025,203.18,53.95,128.04,22.3,999.25,89.75,89.83,15.65,0.2,13.15,258.68,11,309.7,0.5155630767475817,0.49749785559889903,0.48724306665073785,0.500111398569815,0.3727585780452793,0.5789414980448113,0.5304313584418854,0.4991275511270036,0.2895944468794358,0.6150867818029779,0.5544755223119107,0.2651473174209875,0.5698366820387978
17/03/2025,205.02,54.5,127.48,22.47,1015.5,89.99,90.26,15.91,12.2,13.15,263.58,12,309.2,0.6059091330762202,0.5477683585002356,0.4547729951031258,0.5542073170919347,0.37296402590110295,0.5913596748992995,0.5958544846927656,0.6916127032419175,0.9922924932612636,0.6150867818029779,0.6634954035846978,0.2871366055179304,0.5596810302086817
18/03/2025,205.38,54.66,127.91,22.55,1012.75,84.44,90.33,15.92,0.0,13.15,266.49,12,310.1,0.5321231172205089,0.5120142720734064,0.5128552389138645,0.5254596210911568,0.3727034017793062,0.29271533565871916,0.5411235253472158,0.5063964551116429,0.0,0.6150867818029779,0.6176758349015067,0.2871366055179304,0.5887127224183315
19/03/2025,206.82,54.9,127.36,22.54,1008.25,83.08,90.18,15.96,0.0,13.15,265.47,12,310.25,0.5852499507197826,0.5193082836770779,0.4553454601098761,0.4969571497792754,0.37266390061477067,0.5086765996274385,0.5074581890951504,0.5282714036279939,0.0,0.6150867818029779,0.5343540594477636,0.2871366055179304,0.572932908852653
20/03/2025,208.48,54.91,127.99,22.58,1013.0,80.33,90.08,15.89,16.0,14.15,266.54,12,311.25,0.5965570390365555,0.4984021434820389,0.5249449495751083,0.5127604742362117,0.3728280710505443,0.4369716233930229,0.5151248646650107,0.44856062695850235,0.9952869163507616,0.920333355250954,0.5769476001318978,0.2871366055179304,0.5908470508977683
21/03/2025,206.95,54.68,127.67,22.33,1009.75,79.61,90.14,15.77,0.0,14.15,263.35,12,312.6,0.45183102876334175,0.47680700961949135,0.46857972093662503,0.42214512936062787,0.3726923749771655,0.541724509783312,0.5395971843223267,0.41276379267595825,0.0,0.6150867818029779,0.4938907151787273,0.2871366055179304,0.5983627003805427
22/03/2025,206.95,54.68,127.67,22.33,1009.75,79.61,90.14,15.77,0.0,14.15,263.35,12,312.6,0.5155630767475817,0.49749785559889903,0.48724306665073785,0.500111398569815,0.3727585780452793,0.5789414980448113,0.5304313584418854,0.4991275511270036,0.0,0.6150867818029779,0.5544755223119107,0.2871366055179304,0.5698366820387978
23/03/2025,206.95,54.68,127.67,22.33,1009.75,79.61,90.14,15.77,3.4,14.15,263.35,12,312.6,0.5155630767475817,0.49749785559889903,0.48724306665073785,0.500111398569815,0.3727585780452793,0.5789414980448113,0.5304313584418854,0.4991275511270036,0.9380327354229893,0.6150867818029779,0.5544755223119107,0.2871366055179304,0.5698366820387978
24/03/2025,205.9,54.37,128.19,22.29,1007.25,79.34,89.74,15.6,0.0,14.15,262.94,13,312.75,0.47099329272467777,0.469654085090612,0.5182832850196345,0.48751349892316576,0.3727088266022801,0.564979204135149,0.46900465710360406,0.37721987057655115,0.0,0.6150867818029779,0.5462536706782952,0.30868588292533583,0.572932908852653
25/03/2025,206.38,54.88,126.97,22.27,1001.75,77.93,89.12,15.63,0.0,14.15,262.06,13,312.95,0.5377941183576745,0.5440799860891042,0.4174379304578235,0.493806106548914,0.37264032117684964,0.5060957573293899,0.4350197850405701,0.5209684749066031,0.0,0.6150867818029779,0.5370566332520503,0.30868588292533583,0.5739701858982316
26/03/2025,207.07,54.57,127.04,22.15,1001.0,76.98,88.94,15.51,4.6,14.15,262.72,13,312.95,0.5478754727395226,0.469654085090612,0.4913719227138137,0.4624646935786054,0.3727447352090851,0.5298449028991986,0.502854108988468,0.41276379267595825,0.9606529043663492,0.6150867818029779,0.5681925501129756,0.30868588292533583,0.5698366820387978
27/03/2025,209.55,54.99,127.57,22.16,1016.75,77.47,87.92,15.28,0.2,14.15,261.85,13,316.55,0.6398237583961319,0.5357978939445934,0.5188876715300172,0.5032688774758333,0.3729585327251006,0.6043016341479287,0.3729381957620673,0.3348835020880564,0.2895944468794358,0.6150867818029779,0.5372502643816288,0.30868588292533583,0.6479195062406012
28/03/2025,208.82,55.42,127.65,22.17,1023.0,77.07,87.87,15.26,0.0,14.15,262.22,13,319.1,0.48412323138914304,0.5367169515179799,0.4919631730259761,0.5032688774758333,0.37284739476841966,0.5582593538059334,0.5227827241953691,0.4846241288515194,0.0,0.6150867818029779,0.56209968620702,0.30868588292533583,0.6245666616240941
29/03/2025,208.82,55.42,127.65,22.17,1023.0,77.07,87.87,15.26,0.0,14.15,262.22,13,319.1,0.5155630767475817,0.49749785559889903,0.48724306665073785,0.500111398569815,0.3727585780452793,0.5789414980448113,0.5304313584418854,0.4991275511270036,0.0,0.6150867818029779,0.5544755223119107,0.30868588292533583,0.5698366820387978
30/03/2025,208.82,55.42,127.65,22.17,1023.0,77.07,87.87,15.26,0.0,14.15,262.22,13,319.1,0.5155630767475817,0.49749785559889903,0.48724306665073785,0.500111398569815,0.3727585780452793,0.5789414980448113,0.5304313584418854,0.4991275511270036,0.0,0.6150867818029779,0.5544755223119107,0.30868588292533583,0.5698366820387978
31/03/2025,207.8,55.99,127.3,22.31,1014.75,77.72,87.71,15.37,41.0,14.15,265.29,14,319.5,0.47221101168185503,0.5496142087043665,0.4668457811431878,0.5445986074227372,0.37257253599793955,0.6125873798182145,0.5059238295407472,0.5796994047608528,0.999315368770459,0.6150867818029779,0.6213025516776292,0.3298345278005889,0.5781426823398764
01/04/2025,209.13,56.42,127.28,22.39,1034.25,78.53,86.62,15.24,46.2,14.15,262.24,14,320.75,0.5796502133361031,0.5367169515179799,0.48606666236990126,0.5254596210911568,0.37299912795571094,0.6208751195391666,0.36203995136667333,0.4056351920506306,0.9994932746884481,0.6150867818029779,0.4964395342195371,0.3298345278005889,0.596208517948959
02/04/2025,210.38,56.34,127.24,22.35,1029.5,77.3,85.97,15.1,0.2,14.15,262.54,14,320.8,0.5756013212117939,0.4902782878783755,0.4848917068619478,0.48751349892316576,0.3726580673918075,0.515387431069728,0.43037604845664573,0.3985166002471645,0.2895944468794358,0.6150867818029779,0.560643337081261,0.3298345278005889,0.5708660435601616
03/04/2025,208.05,57.16,126.98,22.57,1011.5,76.63,84.82,15.08,3.6,14.15,268.36,14,321.6,0.4209961096046837,0.572775433358895,0.47205509723612993,0.5702778560998225,0.37230842111997875,0.5443075368936927,0.3526912319102038,0.4846241288515194,0.9430054518267896,0.6150867818029779,0.6851229901924667,0.3298345278005889,0.5865846870423526
04/04/2025,202.63,55.62,127.55,21.86,977.0,76.39,84.63,14.5,65.8,14.15,254.46,14,324.6,0.3100217272319027,0.36168849569229405,0.5213076855041565,0.2826398188329822,0.37180988357451006,0.5665301748404332,0.5013187535219785,0.09391789523356264,0.9998412963176687,0.6150867818029779,0.3104134591421307,0.3298345278005889,0.634533349359408
05/04/2025,202.63,55.62,127.55,21.86,977.0,76.39,84.63,14.5,0.0,14.15,254.46,14,324.6,0.5155630767475817,0.49749785559889903,0.48724306665073785,0.500111398569815,0.3727585780452793,0.5789414980448113,0.5304313584418854,0.4991275511270036,0.0,0.6150867818029779,0.5544755223119107,0.3298345278005889,0.5698366820387978
06/04/2025,202.63,55.62,127.55,21.86,977.0,76.39,84.63,14.5,2.0,14.15,254.46,14,324.6,0.5155630767475817,0.49749785559889903,0.48724306665073785,0.500111398569815,0.3727585780452793,0.5789414980448113,0.5304313584418854,0.4991275511270036,0.8727073659051631,0.6150867818029779,0.5544755223119107,0.3298345278005889,0.5698366820387978
07/04/2025,198.93,55.62,129.6,21.93,983.0,78.57,84.83,14.35,4.2,14.15,252.37,15,324.6,0.370508482816443,0.49749785559889903,0.6130265239240696,0.5222802334523788,0.37284422394510824,0.6919011057036115,0.5609343014346906,0.3914079155979913,0.9547550184940269,0.6150867818029779,0.5141187596532237,0.3506160171067816,0.5698366820387978
08/04/2025,199.1,54.18,129.38,21.61,992.75,80.17,85.25,14.24,0.2,14.15,255.03,15,324.4,0.52329229281097,0.3703546310018293,0.4743777703809261,0.4006153951322249,0.372890158119856,0.6618199282224219,0.5943393492156758,0.41990250575180144,0.2895944468794358,0.6150867818029779,0.6120324879328816,0.3506160171067816,0.56574649605705
09/04/2025,202.8,55.15,130.77,22.4,1012.75,79.56,85.72,14.68,0.0,14.15,254.13,15,322.0,0.7068926578892121,0.5867446681472922,0.5716658159752013,0.7577700636542418,0.3730044432123815,0.5474074229134449,0.6019123647096201,0.8287158002668172,0.0,0.6150867818029779,0.5366696123789498,0.3506160171067816,0.5224757021800404
10/04/2025,200.85,54.84,131.1,22.21,1029.0,80.57,85.57,14.49,8.6,14.15,258.39,15,323.8,0.4354920924450948,0.4696540850906126,0.5068492789753941,0.4406977729992352,0.37296402590110295,0.6312373325242348,0.5074581890951482,0.3630702808692025,0.9858171407953471,0.6150867818029779,0.6486030995669043,0.3506160171067816,0.6081174953440823
11/04/2025,202.48,55.28,132.33,22.54,1042.75,79.33,84.98,14.48,0.0,14.15,261.54,15,324.5,0.5950069986520156,0.5376363073310183,0.56174007794683,0.6058683203454717,0.37293627837040744,0.5148711795532266,0.43966134598085166,0.4918701402792801,0.0,0.6150867818029779,0.6231201282554435,0.3506160171067816,0.5844632745970247
12/04/2025,202.48,55.28,132.33,22.54,1042.75,79.33,84.98,14.48,0.0,14.15,261.54,15,324.5,0.5155630767475817,0.49749785559889903,0.48724306665073785,0.500111398569815,0.3727585780452793,0.5789414980448113,0.5304313584418854,0.4991275511270036,0.0,0.6150867818029779,0.5544755223119107,0.3506160171067816,0.5698366820387978
13/04/2025,202.48,55.28,132.33,22.54,1042.75,79.33,84.98,14.48,0.6,14.15,261.54,15,324.5,0.5155630767475817,0.49749785559889903,0.48724306665073785,0.500111398569815,0.3727585780452793,0.5789414980448113,0.5304313584418854,0.4991275511270036,0.5858421037283797,0.6150867818029779,0.5544755223119107,0.3506160171067816,0.5698366820387978
14/04/2025,203.95,56.14,132.56,22.66,1041.75,78.9,85.3,14.58,31.4,14.15,263.69,16,328.5,0.5867835140321201,0.5764955153697302,0.5008716560460365,0.5382071711422812,0.3727398704100904,0.5567088441541664,0.5791728096390236,0.5723202008680504,0.9987481265764515,0.6150867818029779,0.6006156431371361,0.3710591232878496,0.6568990803798712
15/04/2025,204.8,55.5,131.48,22.31,1036.0,78.24,84.71,14.38,0.2,14.15,262.87,16,327.0,0.5556794114512197,0.4403496720834152,0.42529100327661695,0.39142457281477355,0.37263432813651454,0.5448241651285565,0.43966134598084944,0.3560096719530338,0.2895944468794358,0.6150867818029779,0.5382196457159032,0.3710591232878496,0.5398935493341942
16/04/2025,207.07,55.54,132.15,22.51,1038.75,77.02,83.78,14.27,0.0,14.15,261.39,16,326.0,0.628587869754629,0.5011174846960261,0.5273744907820189,0.5638413640570455,0.37280090862492854,0.5159036883220411,0.3869361394037586,0.41990250575180005,0.0,0.6150867818029779,0.5255719634492151,0.3710591232878496,0.5497171742238265
17/04/2025,209.82,56.25,131.91,22.72,1036.5,76.9,83.49,14.38,0.0,14.15,262.53,16,326.65,0.6544127496797437,0.5625650053532973,0.4732158452244002,0.5670582443913089,0.3727141877521351,0.5727350111826165,0.48594766432103964,0.5796994047608541,0.0,0.6150867818029779,0.5784568129592313,0.3710591232878496,0.5834051651784274
18/04/2025,209.82,56.25,131.91,22.72,1036.5,76.9,83.49,14.38,0.0,14.15,262.53,16,326.65,0.5155630767475817,0.49749785559889903,0.48724306665073785,0.500111398569815,0.3727585780452793,0.5789414980448113,0.5304313584418854,0.4991275511270036,0.0,0.6150867818029779,0.5544755223119107,0.3710591232878496,0.5698366820387978
19/04/2025,209.82,56.25,131.91,22.72,1036.5,76.9,83.49,14.38,1.0,14.15,262.53,16,326.65,0.5155630767475817,0.49749785559889903,0.48724306665073785,0.500111398569815,0.3727585780452793,0.5789414980448113,0.5304313584418854,0.4991275511270036,0.7275090786514087,0.6150867818029779,0.5544755223119107,0.3710591232878496,0.5698366820387978
20/04/2025,209.82,56.25,131.91,22.72,1036.5,76.9,83.49,14.38,1.0,14.15,262.53,16,326.65,0.5155630767475817,0.49749785559889903,0.48724306665073785,0.500111398569815,0.3727585780452793,0.5789414980448113,0.5304313584418854,0.4991275511270036,0.7275090786514087,0.6150867818029779,0.5544755223119107,0.3710591232878496,0.5698366820387978
21/04/2025,209.77,56.25,131.91,22.72,1041.5,76.9,83.49,14.38,10.8,14.15,262.53,17,326.65,0.5133238322102885,0.49749785559889903,0.48724306665073785,0.500111398569815,0.3728313445416882,0.5789414980448113,0.5304313584418854,0.4991275511270036,0.9904378816014464,0.6150867818029779,0.5544755223119107,0.39118881230011915,0.5698366820387978
22/04/2025,211.38,57.2,130.19,22.75,1046.0,77.11,82.57,14.43,0.0,14.15,265.56,17,327.3,0.593975043967608,0.5848791655803196,0.389631876339437,0.5095934433208895,0.37282477395934877,0.5898070508401598,0.38849046088868566,0.5355854896076724,0.0,0.6150867818029779,0.6203948083039867,0.39118881230011915,0.5834051651784286
23/04/2025,212.7,57.03,129.92,22.73,1050.25,76.54,81.97,14.34,0.0,14.15,261.48,17,325.95,0.579142996933114,0.4821858172385756,0.47147515845123755,0.493806106548914,0.3728214520126403,0.5494741719819477,0.4381144031780215,0.4342106939122111,0.0,0.6150867818029779,0.47783420612589433,0.39118881230011915,0.5428279524943287
24/04/2025,213.5,57.04,129.06,22.71,1062.0,76.97,81.6,14.36,0.0,14.15,263.27,17,324.15,0.5532298653956307,0.4984021434820389,0.4376998236332184,0.493806106548914,0.37291351829386704,0.6011950358879541,0.47362893473797674,0.5136767945011111,0.0,0.6150867818029779,0.5926422826082034,0.39118881230011915,0.5340537428773958
25/04/2025,214.25,56.99,130.14,22.9,1059.25,77.13,80.54,14.17,0.0,14.15,266.3,17,323.9,0.550790055938409,0.4929826156018048,0.5524752275275687,0.5606272355127605,0.3727034017793062,0.5872195572252796,0.3667117769244833,0.3630702808692025,0.0,0.6150867818029779,0.6203948083039867,0.39118881230011915,0.564730181865189
26/04/2025,214.25,56.99,130.14,22.9,1059.25,77.13,80.54,14.17,0.0,14.15,266.3,17,323.9,0.5155630767475817,0.49749785559889903,0.48724306665073785,0.500111398569815,0.3727585780452793,0.5789414980448113,0.5304313584418854,0.4991275511270036,0.0,0.6150867818029779,0.5544755223119107,0.39118881230011915,0.5698366820387978
27/04/2025,214.25,56.99,130.14,22.9,1059.25,77.13,80.54,14.17,0.0,14.15,266.3,17,323.9,0.5155630767475817,0.49749785559889903,0.48724306665073785,0.500111398569815,0.3727585780452793,0.5789414980448113,0.5304313584418854,0.4991275511270036,0.0,0.6150867818029779,0.5544755223119107,0.39118881230011915,0.5698366820387978
28/04/2025,215.65,56.99,129.87,22.97,1062.5,75.69,80.49,14.24,0.6,14.15,267.92,18,323.9,0.5832094058841168,0.49749785559889903,0.4714751584512392,0.5222802334523788,0.37280788554021344,0.5045473158071191,0.5227827241953669,0.550246777058737,0.5858421037283797,0.6150867818029779,0.5889044119250095,0.41102692996415213,0.5698366820387978
29/04/2025,216.35,56.8,129.22,22.94,1052.75,76.41,80.37,14.27,0.2,14.15,272.36,18,319.9,0.5483602209624823,0.4803914907388649,0.4496310023644093,0.49065823424064087,0.3725340520352666,0.6162130317356508,0.5120592306771216,0.5209684749066019,0.2895944468794358,0.6150867818029779,0.6527779317696312,0.41102692996415213,0.492114100942693
30/04/2025,215.75,56.21,127.79,22.53,1044.5,76.34,80.13,14.13,1.6,14.15,277.08,18,318.85,0.4895542427994214,0.4447706533304632,0.4057159779805061,0.3731052825706498,0.37257253599793955,0.575320836367491,0.49363713085640665,0.39851660024716584,0.8334672784935411,0.6150867818029779,0.6592935233850878,0.41102692996415213,0.5487291096023683
01/05/2025,209.65,56.21,127.79,22.53,1050.25,76.34,80.13,14.13,0.0,14.15,277.08,18,318.85,0.28678273824985995,0.49749785559889903,0.48724306665073785,0.500111398569815,0.3728410343581868,0.5789414980448113,0.5304313584418854,0.4991275511270036,0.0,0.6150867818029779,0.5544755223119107,0.41102692996415213,0.5698366820387978
02/05/2025,211.1,56.21,128.37,22.7,1058.0,76.47,79.07,13.98,0.0,14.15,280.45,18,318.85,0.5857608398003258,0.49749785559889903,0.5219132985643697,0.5542073170919347,0.37286606428588825,0.5856671929572672,0.3667117769244811,0.3914079155979913,0.0,0.6150867818029779,0.6281324757745054,0.41102692996415213,0.5698366820387978
03/05/2025,211.1,56.21,128.37,22.7,1058.0,76.47,79.07,13.98,0.0,14.15,280.45,18,318.85,0.5155630767475817,0.49749785559889903,0.48724306665073785,0.500111398569815,0.3727585780452793,0.5789414980448113,0.5304313584418854,0.4991275511270036,0.0,0.6150867818029779,0.5544755223119107,0.41102692996415213,0.5698366820387978
04/05/2025,211.1,56.21,128.37,22.7,1058.0,76.47,79.07,13.98,6.0,14.15,280.45,18,318.85,0.5155630767475817,0.49749785559889903,0.48724306665073785,0.500111398569815,0.3727585780452793,0.5789414980448113,0.5304313584418854,0.4991275511270036,0.9741802067696631,0.6150867818029779,0.5544755223119107,0.41102692996415213,0.5698366820387978
05/05/2025,213.65,56.16,128.02,22.51,1045.5,75.29,79.05,13.9,0.2,14.15,282.56,19,319.45,0.6435910086824013,0.4929826156018042,0.46684578114318864,0.4406977729992352,0.37246122879113147,0.5179687752109696,0.5273730395827891,0.4413803865727718,0.2895944468794358,0.6150867818029779,0.5997260285934435,0.4305927350339436,0.5823488526248636
06/05/2025,213.68,55.46,127.92,22.41,1041.25,75.09,77.61,13.6,0.0,14.15,282.98,19,316.5,0.5169142410672677,0.43505272757385577,0.4813752426909918,0.4687091475864579,0.37266969019479285,0.5685982808137742,0.3074156809226759,0.28590279372766975,0.0,0.6150867818029779,0.5631435266077962,0.4305927350339436,0.5119636799511333
07/05/2025,212.52,54.82,127.77,22.18,1039.25,74.37,76.38,13.26,0.0,14.15,284.82,19,315.75,0.46654984285596074,0.4403496720834152,0.47845408139989254,0.4283189629287014,0.3727194811580692,0.541724509783312,0.3402160288690742,0.2581027584460174,0.0,0.6150867818029779,0.5937451043883979,0.4305927350339436,0.5546790759942132
08/05/2025,214.25,54.52,127.88,22.55,1045.0,73.93,75.93,13.39,0.0,14.65,281.99,19,309.2,0.6001835130455379,0.47054706651957273,0.49373897700409003,0.6188868258848319,0.3728410343581868,0.5561920255972708,0.461291979146595,0.594489420064154,0.0,0.805080276115845,0.5004588811052558,0.4305927350339436,0.44480021701552064
09/05/2025,214.68,54.52,127.91,22.62,1051.75,73.94,75.07,13.27,0.0,14.65,284.35,19,309.2,0.5354228660907776,0.49749785559889903,0.48901042394775257,0.5222802334523788,0.37285368307824124,0.5794587856571496,0.39781205129646335,0.41276379267595825,0.0,0.6150867818029779,0.6053004031775809,0.4305927350339436,0.5698366820387978
10/05/2025,214.68,54.52,127.91,22.62,1051.75,73.94,75.07,13.27,0.0,14.65,284.35,19,309.2,0.5155630767475817,0.49749785559889903,0.48724306665073785,0.500111398569815,0.3727585780452793,0.5789414980448113,0.5304313584418854,0.4991275511270036,0.0,0.6150867818029779,0.5544755223119107,0.4305927350339436,0.5698366820387978
11/05/2025,214.68,54.52,127.91,22.62,1051.75,73.94,75.07,13.27,0.0,14.65,284.35,19,309.2,0.5155630767475817,0.49749785559889903,0.48724306665073785,0.500111398569815,0.3727585780452793,0.5789414980448113,0.5304313584418854,0.4991275511270036,0.0,0.6150867818029779,0.5544755223119107,0.4305927350339436,0.5698366820387978
12/05/2025,216.82,55.19,128.68,22.63,1066.0,73.92,74.34,13.07,40.2,14.65,270.47,20,313.8,0.6216835873646733,0.5588595723007485,0.5334641818466405,0.503268877475832,0.37294188629812275,0.5779069610568894,0.41798240345593257,0.3560096719530338,0.9992821374834037,0.6150867818029779,0.31074273157748256,0.44990331915737813,0.6704433229401294
13/05/2025,216.32,55.05,128.51,22.94,1067.25,73.4,73.57,13.14,0.2,14.65,268.34,20,308.35,0.49377497410737403,0.48487998452581493,0.4772878698117915,0.5993740562369041,0.37277891712708583,0.5520577922017363,0.4117800970844151,0.550246777058737,0.2895944468794358,0.6150867818029779,0.5133743171752838,0.44990331915737813,0.4650782321357817
14/05/2025,213.95,54.74,128.25,22.79,1067.0,72.86,73.12,12.99,0.0,14.65,266.28,20,308.0,0.41948446283711077,0.4696540850906126,0.47205509723612993,0.4531193955658525,0.37275410767170797,0.5510243192266748,0.461291979146595,0.3914079155979913,0.0,0.6150867818029779,0.5146775862949975,0.44990331915737813,0.5627042945317452
15/05/2025,211.18,54.21,127.51,22.44,1051.25,73.25,73.07,12.86,0.0,14.65,274.0,20,308.0,0.40450393902656234,0.45008437187233535,0.4445066140003124,0.39142457281477466,0.37237196155109104,0.5991241489944251,0.5227827241953669,0.4056351920506294,0.0,0.6150867818029779,0.7304890339065429,0.44990331915737813,0.5698366820387978
16/05/2025,212.23,53.39,127.56,22.51,1050.0,62.01,72.93,12.87,2.8,14.65,276.29,20,302.6,0.56557060444064,0.42448453526127417,0.4901904666121246,0.5222802334523788,0.3727349038833178,0.0,0.5089922110684579,0.5063964551116429,0.9183596473569063,0.6150867818029779,0.6037361956375542,0.44990331915737813,0.46600434488170056
17/05/2025,212.23,53.39,127.56,22.51,1050.0,62.01,72.93,12.87,22.0,14.65,276.29,20,302.6,0.5155630767475817,0.49749785559889903,0.48724306665073785,0.500111398569815,0.3727585780452793,0.5789414980448113,0.5304313584418854,0.4991275511270036,0.9974213169171995,0.6150867818029779,0.5544755223119107,0.44990331915737813,0.5698366820387978
18/05/2025,212.23,53.39,127.56,22.51,1050.0,62.01,72.93,12.87,0.2,14.65,276.29,20,302.6,0.5155630767475817,0.49749785559889903,0.48724306665073785,0.500111398569815,0.3727585780452793,0.5789414980448113,0.5304313584418854,0.4991275511270036,0.2895944468794358,0.6150867818029779,0.5544755223119107,0.44990331915737813,0.5698366820387978
19/05/2025,212.98,53.44,127.56,22.56,1050.75,62.07,72.68,12.86,0.0,14.65,277.94,21,302.15,0.550790055938409,0.5020234115805353,0.48724306665073785,0.5159306339848538,0.3727710909864317,0.5820454116206186,0.49209985523086486,0.4918701402792801,0.0,0.6150867818029779,0.5895626911830426,0.4689739419624208,0.5606868132331037
20/05/2025,213.18,54.03,127.66,22.51,1053.0,62.97,72.59,12.8,0.0,14.65,277.87,21,306.4,0.5246737905323453,0.5514611502267344,0.4931467031048022,0.4843718673509246,0.3727937758511222,0.6255377819676813,0.5166571544129627,0.45575152938498015,0.0,0.6150867818029779,0.5530555400349972,0.4689739419624208,0.6625320283459378
21/05/2025,214.15,53.74,128.42,22.73,1062.75,64.47,72.03,12.75,0.0,14.65,281.74,21,303.65,0.5615967184435124,0.4714403667099498,0.5328542185725981,0.5702778560998225,0.372890158119856,0.6566351056532657,0.4443006912711884,0.4629532104977405,0.0,0.6150867818029779,0.6395964421465086,0.4689739419624208,0.5157760884618153
22/05/2025,215.63,53.74,128.15,22.68,1067.5,64.47,71.22,12.6,0.0,14.65,282.0,21,303.65,0.5872952971079284,0.49749785559889903,0.4714751584512392,0.4843718673509234,0.3728280710505443,0.5789414980448113,0.4055742426457974,0.3914079155979913,0.0,0.6150867818029779,0.5598138695984357,0.4689739419624208,0.5698366820387978
23/05/2025,215.8,53.24,128.69,22.76,1060.25,63.19,71.13,12.58,0.0,14.65,284.07,21,301.0,0.5232922928109713,0.4527448358689256,0.5194923063355655,0.5254596210911568,0.37259763369296467,0.5128062303353429,0.5166571544129627,0.4846241288515194,0.0,0.6150867818029779,0.598837309379006,0.4689739419624208,0.517686536365099
24/05/2025,215.8,53.24,128.69,22.76,1060.25,63.19,71.13,12.58,0.0,14.65,284.07,21,301.0,0.5155630767475817,0.49749785559889903,0.48724306665073785,0.500111398569815,0.3727585780452793,0.5789414980448113,0.5304313584418854,0.4991275511270036,0.0,0.6150867818029779,0.5544755223119107,0.4689739419624208,0.5698366820387978
25/05/2025,215.8,53.24,128.69,22.76,1060.25,63.19,71.13,12.58,0.0,14.65,284.07,21,301.0,0.5155630767475817,0.49749785559889903,0.48724306665073785,0.500111398569815,0.3727585780452793,0.5789414980448113,0.5304313584418854,0.4991275511270036,0.0,0.6150867818029779,0.5544755223119107,0.4689739419624208,0.5698366820387978
26/05/2025,215.8,53.24,128.69,22.76,1060.25,63.19,71.13,12.58,0.0,14.65,284.07,22,301.0,0.5155630767475817,0.49749785559889903,0.48724306665073785,0.500111398569815,0.3727585780452793,0.5789414980448113,0.5304313584418854,0.4991275511270036,0.0,0.6150867818029779,0.5544755223119107,0.48781830149373506,0.5698366820387978
27/05/2025,215.13,54.1,128.01,22.66,1062.5,64.47,70.82,12.54,0.0,14.65,284.36,22,305.6,0.4866223045981341,0.5764955153697302,0.4479209668195171,0.4687091475864579,0.3727937758511222,0.6452303353329986,0.48286974863057525,0.4701657893424396,0.0,0.6150867818029779,0.5604357804149286,0.48781830149373506,0.6704433229401294
28/05/2025,213.93,53.59,128.49,22.57,1048.5,63.65,69.42,12.19,0.0,14.65,285.98,22,305.1,0.46494215866306415,0.4518577426324494,0.515868252837985,0.4718357364906687,0.372420423796558,0.5365590084693173,0.31366907174594044,0.251173467362683,0.0,0.6150867818029779,0.5889044119250095,0.48781830149373506,0.5596810302086817
29/05/2025,215.52,54.07,128.18,22.61,1051.75,62.72,69.17,12.2,0.0,14.65,285.87,22,306.5,0.5929442223418251,0.54131667386843,0.4691582486695626,0.5127604742362117,0.37280788554021344,0.5308777681192386,0.49209985523086486,0.5063964551116429,0.0,0.6150867818029779,0.5522474131139486,0.48781830149373506,0.5994417350038719
30/05/2025,215.48,53.53,128.76,22.52,1041.75,62.95,68.95,12.06,0.0,14.65,289.0,22,306.1,0.5137704351409818,0.44919809062201427,0.5219132985643689,0.4718357364906687,0.37252754773896685,0.5908421230926584,0.49671073859338366,0.39851660024716584,0.0,0.6150867818029779,0.6226654748370459,0.48781830149373506,0.5616945434913185
31/05/2025,215.48,53.53,128.76,22.52,1041.75,62.95,68.95,12.06,0.0,14.65,289.0,22,306.1,0.5155630767475817,0.49749785559889903,0.48724306665073785,0.500111398569815,0.3727585780452793,0.5789414980448113,0.5304313584418854,0.4991275511270036,0.0,0.6150867818029779,0.5544755223119107,0.48781830149373506,0.5698366820387978
01/06/2025,215.48,53.53,128.76,22.52,1041.75,62.95,68.95,12.06,0.0,14.65,289.0,22,306.1,0.5155630767475817,0.49749785559889903,0.48724306665073785,0.500111398569815,0.3727585780452793,0.5789414980448113,0.5304313584418854,0.4991275511270036,0.0,0.6150867818029779,0.5544755223119107,0.48781830149373506,0.5698366820387978
02/06/2025,216.55,53.53,128.41,22.6,1033.5,62.73,68.85,12.12,0.0,14.65,290.71,23,306.1,0.5665675893230847,0.49749785559889903,0.46684578114318864,0.5254596210911568,0.37257253599793955,0.5675642068262505,0.5151248646650107,0.54291064338606,0.0,0.6150867818029779,0.5908809947161967,0.5064487547362421,0.5698366820387978
03/06/2025,215.98,54.32,128.42,22.77,1040.75,62.73,68.89,12.21,0.0,14.65,282.31,23,306.4,0.49081638242290854,0.5699878557991104,0.4878318204288592,0.5542073170919347,0.37285990468652586,0.5789414980448113,0.5365434054710474,0.5649516399985818,0.0,0.6150867818029779,0.402483936641683,0.5064487547362421,0.5760519299755062
04/06/2025,218.4,55.08,128.59,22.76,1045.0,64.0,69.02,12.22,0.0,14.65,277.88,23,311.2,0.6366033143291668,0.5672024450999873,0.49729956748985366,0.4969571497792765,0.3728214520126403,0.6447119995644096,0.5502741098457486,0.5063964551116429,0.0,0.6150867818029779,0.4715823204009103,0.5064487547362421,0.6749766455663675
05/06/2025,222.9,55.65,127.97,22.89,1051.75,64.37,68.96,12.33,0.0,14.65,274.9,23,311.15,0.7523010794474098,0.5496142087043665,0.4513429930050019,0.5414014371439677,0.37285368307824124,0.5980887606555259,0.5212518766700902,0.5796994047608528,0.0,0.6150867818029779,0.4977165181518554,0.5064487547362421,0.5688101559656252
06/06/2025,226.3,55.65,128.13,23.04,1057.25,64.6,69.53,12.5,0.0,14.65,274.24,23,311.15,0.6901390675038725,0.49749785559889903,0.4967053222744185,0.5477986591078168,0.3728378251950769,0.5908421230926576,0.6170390661376781,0.6241937024033417,0.0,0.6150867818029779,0.5413360127919992,0.5064487547362421,0.5698366820387978
07/06/2025,226.3,55.65,128.13,23.04,1057.25,64.6,69.53,12.5,0.0,14.65,274.24,23,311.15,0.5155630767475817,0.49749785559889903,0.48724306665073785,0.500111398569815,0.3727585780452793,0.5789414980448113,0.5304313584418854,0.4991275511270036,0.0,0.6150867818029779,0.5544755223119107,0.5064487547362421,0.5698366820387978
08/06/2025,226.3,55.65,128.13,23.04,1057.25,64.6,69.53,12.5,0.0,14.65,274.24,23,311.15,0.5155630767475817,0.49749785559889903,0.48724306665073785,0.500111398569815,0.3727585780452793,0.5789414980448113,0.5304313584418854,0.4991275511270036,0.0,0.6150867818029779,0.5544755223119107,0.5064487547362421,0.5698366820387978
09/06/2025,227.0,56.04,128.68,23.13,1056.0,64.11,68.79,12.37,0.0,14.65,268.35,24,311.75,0.5483602209624823,0.5330425308270358,0.5200971879249646,0.5286420333775557,0.3727349038833178,0.5536080649789736,0.41643216380477865,0.4056351920506294,0.0,0.6150867818029779,0.44582071992602873,0.5248764991297242,0.5823488526248648
10/06/2025,227.07,56.01,128.97,23.14,1057.75,64.24,67.73,12.15,0.0,14.65,266.1,24,312.2,0.5187245654051789,0.4947874872684917,0.5044547158022317,0.5032688774758333,0.3727864587080175,0.5856671929572672,0.3667117769244811,0.34191637111749595,0.0,0.6150867818029779,0.511145416151431,0.5248764991297242,0.5791912428188696
11/06/2025,227.82,56.66,128.8,23.23,1050.5,63.73,67.97,12.26,0.0,14.65,269.65,24,314.2,0.550790055938409,0.5570083933323502,0.47728786981179316,0.5286420333775557,0.37259763369296467,0.5525745412962716,0.5670187164633128,0.5796994047608528,0.0,0.6150867818029779,0.6322482565932344,0.5248764991297242,0.6124822038930255
12/06/2025,228.2,56.96,128.8,23.23,1042.25,63.1,67.64,12.2,0.0,14.65,270.96,24,315.85,0.5330634726721316,0.5247932236746324,0.48724306665073785,0.500111398569815,0.37257253599793955,0.5463740962870909,0.47979064359699464,0.4557515293849788,0.0,0.6150867818029779,0.5821379346105635,0.5248764991297242,0.6048553578814894
13/06/2025,225.1,56.77,129.14,23.32,1069.75,63.29,67.61,12.21,0.0,14.65,269.5,24,314.35,0.3923167468402234,0.48039149073886556,0.5074486326548158,0.5286420333775557,0.3730819413128602,0.588772020977391,0.5258433091417318,0.5063964551116443,0.0,0.6150867818029779,0.525950959462829,0.5248764991297242,0.5398935493341942
14/06/2025,225.1,56.77,129.14,23.32,1069.75,63.29,67.61,12.21,0.0,14.65,269.5,24,314.35,0.5155630767475817,0.49749785559889903,0.48724306665073785,0.500111398569815,0.3727585780452793,0.5789414980448113,0.5304313584418854,0.4991275511270036,0.0,0.6150867818029779,0.5544755223119107,0.5248764991297242,0.5698366820387978
15/06/2025,225.1,56.77,129.14,23.32,1069.75,63.29,67.61,12.21,0.0,14.65,269.5,24,314.35,0.5155630767475817,0.49749785559889903,0.48724306665073785,0.500111398569815,0.3727585780452793,0.5789414980448113,0.5304313584418854,0.4991275511270036,0.0,0.6150867818029779,0.5544755223119107,0.5248764991297242,0.5698366820387978
16/06/2025,227.02,56.77,129.6,23.59,1069.75,62.41,67.5,12.29,0.0,14.65,267.51,25,314.35,0.6100933094884378,0.49749785559889903,0.5146622672638689,0.5864161925277981,0.3727585780452793,0.5334600478024359,0.5135922223877268,0.5575938042351125,0.0,0.6150867818029779,0.5159831917086913,0.543111723256146,0.5698366820387978
17/06/2025,223.25,57.05,129.51,23.54,1074.0,62.87,67.36,12.25,0.0,14.65,269.7,25,313.85,0.36799112642199544,0.5229635776898526,0.4819604650563743,0.4843718673509234,0.3728214520126403,0.602748295475952,0.5089922110684558,0.47016578934244074,0.0,0.6150867818029779,0.6015061425251109,0.543111723256146,0.5596810302086817
18/06/2025,224.3,57.13,129.35,23.51,1074.75,63.07,68.07,12.37,0.0,14.65,272.1,25,314.4,0.5655706044406414,0.5047435802710395,0.4778708176565624,0.49065823424064087,0.3727710909864317,0.5892895305661944,0.6381758359858731,0.5870891709569119,0.0,0.6150867818029779,0.6061953856281573,0.543111723256146,0.5812943899099507
19/06/2025,224.3,57.13,129.35,23.51,1074.75,63.07,68.07,12.37,0.0,14.65,272.1,25,314.4,0.5155630767475817,0.49749785559889903,0.48724306665073785,0.500111398569815,0.3727585780452793,0.5789414980448113,0.5304313584418854,0.4991275511270036,0.0,0.6150867818029779,0.5544755223119107,0.543111723256146,0.5698366820387978
20/06/2025,223.02,57.13,130.08,23.55,1068.0,63.16,68.11,12.33,0.0,14.9,273.99,25,314.4,0.46173926105588714,0.49749785559889903,0.5310256399582169,0.5127604742362117,0.3726099988253717,0.5835975332613357,0.5365434054710474,0.47016578934244074,0.0,0.7239219377781301,0.594849447298575,0.543111723256146,0.5698366820387978
21/06/2025,223.02,57.13,130.08,23.55,1068.0,63.16,68.11,12.33,0.0,14.9,273.99,25,314.4,0.5155630767475817,0.49749785559889903,0.48724306665073785,0.500111398569815,0.3727585780452793,0.5789414980448113,0.5304313584418854,0.4991275511270036,0.0,0.6150867818029779,0.5544755223119107,0.543111723256146,0.5698366820387978
22/06/2025,223.02,57.13,130.08,23.55,1068.0,63.16,68.11,12.33,0.0,14.9,273.99,25,314.4,0.5155630767475817,0.49749785559889903,0.48724306665073785,0.500111398569815,0.3727585780452793,0.5789414980448113,0.5304313584418854,0.4991275511270036,0.0,0.6150867818029779,0.5544755223119107,0.543111723256146,0.5698366820387978
23/06/2025,222.3,57.13,130.47,23.7,1062.0,63.78,68.43,12.43,0.0,14.9,272.66,26,314.4,0.48453886933167306,0.49749785559889903,0.510449579659658,0.5477986591078168,0.37262829831510325,0.6110336447379348,0.5791728096390257,0.5723202008680504,0.0,0.6150867818029779,0.5284204125061248,0.5611637329171254,0.5698366820387978
24/06/2025,221.6,57.62,129.83,23.55,1050.25,64.59,68.27,12.38,0.0,14.9,271.38,26,317.7,0.4853711872840082,0.5422374917736205,0.4502014468067516,0.4531193955658536,0.3724813569408215,0.6208751195391666,0.5059238295407472,0.46295321049774185,0.0,0.6150867818029779,0.5293730461383116,0.5611637329171254,0.641213324088119
25/06/2025,221.6,56.91,128.34,23.1,1029.5,64.31,68.04,12.25,0.0,14.9,273.03,26,316.2,0.5155630767475817,0.434170754891407,0.402378777001701,0.3609370420276409,0.37222906428402436,0.5644622341788192,0.49517409280574287,0.4056351920506294,0.0,0.6150867818029779,0.5895626911830426,0.5611637329171254,0.5398935493341942
26/06/2025,221.7,57.39,129.79,23.59,1027.75,63.95,67.58,12.28,0.0,14.9,272.83,26,315.75,0.5200887110186938,0.5413166738684306,0.5753989034360264,0.6581729940927669,0.37272470212906617,0.5603268283840417,0.4597486282563643,0.5209684749066019,0.0,0.6150867818029779,0.550437323931895,0.5611637329171254,0.5606868132331049
27/06/2025,224.75,57.86,129.22,23.55,1033.25,63.54,67.65,12.33,0.0,14.9,274.76,26,317.4,0.670800023641589,0.5403961445869365,0.4542007606610041,0.48751349892316576,0.3728378251950769,0.5577425081948304,0.5411235253472179,0.5355854896076736,0.0,0.6150867818029779,0.5957340005000173,0.5611637329171254,0.6048553578814881
28/06/2025,224.75,57.86,129.22,23.55,1033.25,63.54,67.65,12.33,0.0,14.9,274.76,26,317.4,0.5155630767475817,0.49749785559889903,0.48724306665073785,0.500111398569815,0.3727585780452793,0.5789414980448113,0.5304313584418854,0.4991275511270036,0.0,0.6150867818029779,0.5544755223119107,0.5611637329171254,0.5698366820387978
29/06/2025,224.75,57.86,129.22,23.55,1033.25,63.54,67.65,12.33,0.0,14.9,274.76,26,317.4,0.5155630767475817,0.49749785559889903,0.48724306665073785,0.500111398569815,0.3727585780452793,0.5789414980448113,0.5304313584418854,0.4991275511270036,0.0,0.6150867818029779,0.5544755223119107,0.5611637329171254,0.5698366820387978
30/06/2025,225.88,57.86,129.15,23.79,1029.75,63.44,67.02,12.34,0.0,14.9,275.62,27,317.4,0.5695667905204236,0.49749785559889903,0.48313192562096663,0.5767251935573886,0.3726867789681567,0.5737693062018169,0.43347211265063934,0.5063964551116429,0.0,0.6150867818029779,0.5724444305211573,0.5790410573815297,0.5698366820387978
01/07/2025,210.75,56.86,129.13,23.64,1029.75,62.98,65.68,12.02,0.0,14.9,275.42,27,310.65,0.0,0.40869215275316745,0.48606666236990037,0.4531193955658536,0.3727585780452793,0.5551584150986406,0.32304420035151415,0.27198605689775707,0.0,0.6150867818029779,0.550437323931895,0.5790410573815297,0.4411318366592948
02/07/2025,212.45,56.86,129.55,23.89,1053.5,62.24,65.25,12.03,0.0,14.9,275.82,27,310.65,0.5986276571870424,0.49749785559889903,0.5122534229075315,0.5799528800334859,0.37304367911554703,0.5406913513375892,0.4643778711726362,0.5063964551116429,0.0,0.6150867818029779,0.5627256393367328,0.5790410573815297,0.5698366820387978
03/07/2025,214.05,57.35,130.26,24.07,1055.5,62.51,64.15,11.85,0.0,14.9,276.7,27,310.4,0.5934594910567016,0.5422374917736211,0.5298076920445262,0.5574158794995683,0.37279014248879205,0.592912392038297,0.36048229784366936,0.3701403161995962,0.0,0.6150867818029779,0.5728716578011176,0.5790410573815297,0.564730181865189
04/07/2025,214.05,57.35,130.26,24.07,1055.5,62.51,64.15,11.85,0.0,14.9,276.7,27,310.4,0.5155630767475817,0.49749785559889903,0.48724306665073785,0.500111398569815,0.3727585780452793,0.5789414980448113,0.5304313584418854,0.4991275511270036,0.0,0.6150867818029779,0.5544755223119107,0.5790410573815297,0.5698366820387978
05/07/2025,214.05,57.35,130.26,24.07,1055.5,62.51,64.15,11.85,0.0,14.9,276.7,27,310.4,0.5155630767475817,0.49749785559889903,0.48724306665073785,0.500111398569815,0.3727585780452793,0.5789414980448113,0.5304313584418854,0.4991275511270036,0.0,0.6150867818029779,0.5544755223119107,0.5790410573815297,0.5698366820387978
06/07/2025,214.05,57.35,130.26,24.07,1055.5,62.51,64.15,11.85,0.0,14.9,276.7,27,310.4,0.5155630767475817,0.49749785559889903,0.48724306665073785,0.500111398569815,0.3727585780452793,0.5789414980448113,0.5304313584418854,0.4991275511270036,0.0,0.6150867818029779,0.5544755223119107,0.5790410573815297,0.5698366820387978
07/07/2025,215.9,55.77,129.04,23.55,1031.5,61.61,63.44,11.58,0.0,14.9,282.55,28,305.55,0.6064312411378673,0.35822650726052263,0.4174379304578235,0.33972484768347755,0.3721331275270835,0.5324271157599993,0.4210822012747399,0.30684190710688597,0.0,0.6150867818029779,0.685832270244544,0.5967515395174675,0.4762191416670697
08/07/2025,219.98,56.11,128.7,23.63,1021.25,62.24,63.35,11.63,0.0,14.9,275.63,28,305.6,0.7283340692474982,0.5284564162665756,0.4674234893565274,0.5254596210911557,0.372521018979203,0.6115515485750154,0.5166571544129638,0.5355854896076736,0.0,0.6150867818029779,0.42790880438096074,0.5967515395174675,0.5708660435601616
09/07/2025,219.77,55.53,128.35,23.37,1009.0,62.99,63.19,11.5,0.0,14.9,275.64,28,305.0,0.506256883654479,0.44565561748428406,0.46684578114318864,0.4190620248273259,0.37246795922908993,0.6177669953665874,0.5059238295407483,0.4056351920506294,0.0,0.6150867818029779,0.5546790000825097,0.5967515395174675,0.5576750363652275
10/07/2025,219.23,54.09,129.83,23.43,1012.5,62.46,62.98,11.37,0.0,14.9,275.19,28,299.7,0.4920819845418563,0.3703546310018293,0.5772676116889796,0.519103895814613,0.37281132240467857,0.5515410515302671,0.49824706569362615,0.4056351920506294,0.0,0.6150867818029779,0.5454625404943823,0.5967515395174675,0.467857791274598
11/07/2025,222.2,54.09,129.93,23.42,1004.25,62.46,62.91,11.34,0.0,14.9,275.08,28,299.7,0.6664124996148062,0.49749785559889903,0.4931467031048022,0.4969571497792765,0.37257253599793955,0.5789414980448113,0.5197206636548447,0.47738938743779996,0.0,0.6150867818029779,0.5522474131139486,0.5967515395174675,0.5698366820387978
12/07/2025,222.2,54.09,129.93,23.42,1004.25,62.46,62.91,11.34,0.0,14.9,275.08,28,299.7,0.5155630767475817,0.49749785559889903,0.48724306665073785,0.500111398569815,0.3727585780452793,0.5789414980448113,0.5304313584418854,0.4991275511270036,0.0,0.6150867818029779,0.5544755223119107,0.5967515395174675,0.5698366820387978
13/07/2025,222.2,54.09,129.93,23.42,1004.25,62.46,62.91,11.34,0.0,14.9,275.08,28,299.7,0.5155630767475817,0.49749785559889903,0.48724306665073785,0.500111398569815,0.3727585780452793,0.5789414980448113,0.5304313584418854,0.4991275511270036,0.0,0.6150867818029779,0.5544755223119107,0.5967515395174675,0.5698366820387978
14/07/2025,219.35,53.58,129.75,23.23,1001.0,63.07,62.73,11.23,0.0,14.9,277.06,29,299.25,0.40153589693310465,0.45185774263244877,0.4767052349966221,0.44069777299923407,0.3726923749771655,0.6105157488216355,0.5028541089884692,0.41990250575180144,0.0,0.6150867818029779,0.5968410208042517,0.614302412723353,0.5606868132331049
15/07/2025,222.4,54.05,130.14,23.4,995.0,62.81,62.78,11.29,0.0,14.9,275.0,29,300.6,0.670800023641589,0.5403961445869365,0.510449579659658,0.5542073170919347,0.37262829831510325,0.5654961841771495,0.5380704788832595,0.54291064338606,0.0,0.6150867818029779,0.5146775862949975,0.614302412723353,0.5983627003805427
16/07/2025,223.9,53.67,129.52,23.29,1013.5,64.03,62.84,11.3,0.0,14.9,277.53,29,298.5,0.5883197500489667,0.4634119314218946,0.4513429930050035,0.46558547627285074,0.37298843244286983,0.6421204060856069,0.5395971843223267,0.5063964551116443,0.0,0.6150867818029779,0.60910972865726,0.614302412723353,0.5282489886501891
17/07/2025,223.68,53.67,130.8,23.58,1021.5,64.48,62.93,11.34,0.0,14.9,277.82,29,298.5,0.5058198277792114,0.49749785559889903,0.5648372101785677,0.592889966483844,0.37286912213753165,0.602230533412516,0.544175128055427,0.5282714036279926,0.0,0.6150867818029779,0.5604357804149286,0.614302412723353,0.5698366820387978
18/07/2025,223.55,53.12,131.45,23.53,1027.75,65.48,63.39,11.35,0.0,14.9,274.7,29,296.75,0.5097724103462766,0.4483120763483757,0.5261592575064192,0.4843718673509246,0.37284739476841966,0.6307191589760908,0.600398290224776,0.5063964551116429,0.0,0.6150867818029779,0.49516427710115096,0.614302412723353,0.5350245014975296
19/07/2025,223.55,53.12,131.45,23.53,1027.75,65.48,63.39,11.35,0.0,14.9,274.7,29,296.75,0.5155630767475817,0.49749785559889903,0.48724306665073785,0.500111398569815,0.3727585780452793,0.5789414980448113,0.5304313584418854,0.4991275511270036,0.0,0.6150867818029779,0.5544755223119107,0.614302412723353,0.5698366820387978
20/07/2025,223.55,53.12,131.45,23.53,1027.75,65.48,63.39,11.35,0.0,14.9,274.7,29,296.75,0.5155630767475817,0.49749785559889903,0.48724306665073785,0.500111398569815,0.3727585780452793,0.5789414980448113,0.5304313584418854,0.4991275511270036,0.0,0.6150867818029779,0.5544755223119107,0.614302412723353,0.5698366820387978
21/07/2025,225.23,52.78,130.83,23.5,1010.5,65.1,63.56,11.41,0.0,14.9,275.0,30,293.9,0.5975917942826893,0.46697702811075537,0.4513429930050035,0.4906582342406397,0.372329747280946,0.5592930725348659,0.5563676299412925,0.5429106433860613,0.0,0.6150867818029779,0.560643337081261,0.6317003669661485,0.5138684957506748
22/07/2025,224.98,53.2,130.67,23.48,1008.0,65.28,64.02,11.5,0.0,14.9,274.64,30,296.1,0.5045117209098212,0.5357978939445934,0.4778708176565608,0.493806106548914,0.3727088266022801,0.5882545221633214,0.6003982902247749,0.5649516399985806,0.0,0.6150867818029779,0.5472450637375572,0.6317003669661485,0.6168632728068135
23/07/2025,227.02,53.2,131.78,23.86,1005.0,65.13,64.0,11.59,0.0,14.9,276.48,30,296.1,0.6164003342591389,0.49749785559889903,0.5543249335152688,0.6221476011909655,0.37269791685207365,0.5711836542048137,0.5273730395827891,0.5649516399985806,0.0,0.6150867818029779,0.5937451043883991,0.6317003669661485,0.5698366820387978
24/07/2025,225.8,53.36,131.4,23.81,1005.75,65.78,64.11,11.62,0.0,14.9,277.18,30,294.45,0.46413989149499024,0.5120142720734064,0.4651142613080347,0.4843718673509234,0.3727710909864317,0.6125873798182145,0.5472253141659233,0.5209684749066019,0.0,0.6150867818029779,0.5690398663231483,0.6317003669661485,0.5369690092311171
25/07/2025,226.48,52.42,131.21,23.57,1002.0,65.64,63.74,11.45,0.0,14.9,279.55,30,291.8,0.5473911355569809,0.4139486467161229,0.4761229103922342,0.4252307678798307,0.3726811313500115,0.5717007619253521,0.47362893473797785,0.37721987057655115,0.0,0.6150867818029779,0.6055240709838655,0.6317003669661485,0.517686536365099
26/07/2025,226.48,52.42,131.21,23.57,1002.0,65.64,63.74,11.45,0.0,14.9,279.55,30,291.8,0.5155630767475817,0.49749785559889903,0.48724306665073785,0.500111398569815,0.3727585780452793,0.5789414980448113,0.5304313584418854,0.4991275511270036,0.0,0.6150867818029779,0.5544755223119107,0.6317003669661485,0.5698366820387978
27/07/2025,226.48,52.42,131.21,23.57,1002.0,65.64,63.74,11.45,0.0,14.9,279.55,30,291.8,0.5155630767475817,0.49749785559889903,0.48724306665073785,0.500111398569815,0.3727585780452793,0.5789414980448113,0.5304313584418854,0.4991275511270036,0.0,0.6150867818029779,0.5544755223119107,0.6317003669661485,0.5698366820387978
28/07/2025,227.88,52.3,131.62,23.52,1011.5,65.05,63.7,11.38,0.0,14.9,274.12,31,292.65,0.5832094058841168,0.4866779192186613,0.5116518731793348,0.4843718673509234,0.3728871898313638,0.5484407813447036,0.5243132028382091,0.44856062695850346,0.0,0.6150867818029779,0.4538864837690969,0.648951605770016,0.5876478982910868
29/07/2025,229.73,52.88,131.62,23.63,1009.5,65.15,63.64,11.43,0.0,14.9,274.6,31,294.5,0.6064312411378673,0.5505375438767919,0.48724306665073785,0.5350158326757246,0.3727194811580692,0.5841149308085062,0.5212518766700902,0.5355854896076724,0.0,0.6150867818029779,0.5643999312185038,0.648951605770016,0.60920708095031
30/07/2025,233.07,52.78,132.66,23.8,995.75,66.88,63.51,11.39,0.0,14.9,277.74,31,294.2,0.6868076122270762,0.4884773442133033,0.5500115636831542,0.5542073170919359,0.37242727344180176,0.6685609336587817,0.5105258925746092,0.47016578934244074,0.0,0.6150867818029779,0.622892780052654,0.648951605770016,0.5637161455131082
31/07/2025,227.77,52.55,132.88,23.72,989.25,66.83,63.54,11.35,0.0,14.9,278.28,31,294.35,0.3141584670330835,0.4768070096194907,0.5002755324616317,0.47496527251588405,0.372616132660649,0.576355249509347,0.5350159604574021,0.4701657893424396,0.0,0.6150867818029779,0.5656603307796089,0.648951605770016,0.5729329088526542
01/08/2025,230.13,52.55,133.08,23.98,989.25,67.05,63.71,11.48,0.0,14.9,280.76,31,294.35,0.6333909603339233,0.49749785559889903,0.49908420863535236,0.583183219323644,0.3727585780452793,0.5903245817111977,0.5563676299412925,0.594489420064154,0.0,0.6150867818029779,0.6079878157728583,0.648951605770016,0.5698366820387978
02/08/2025,230.13,52.55,133.08,23.98,989.25,67.05,63.71,11.48,0.0,14.9,280.76,31,294.35,0.5155630767475817,0.49749785559889903,0.48724306665073785,0.500111398569815,0.3727585780452793,0.5789414980448113,0.5304313584418854,0.4991275511270036,0.0,0.6150867818029779,0.5544755223119107,0.648951605770016,0.5698366820387978
03/08/2025,230.13,52.55,133.08,23.98,989.25,67.05,63.71,11.48,0.0,14.9,280.76,31,294.35,0.5155630767475817,0.49749785559889903,0.48724306665073785,0.500111398569815,0.3727585780452793,0.5789414980448113,0.5304313584418854,0.4991275511270036,0.0,0.6150867818029779,0.5544755223119107,0.648951605770016,0.5698366820387978
04/08/2025,230.9,54.29,132.34,24.03,994.5,66.58,64.0,11.62,0.0,14.9,287.1,32,298.95,0.5517647963841751,0.6591665507925235,0.4445066140003116,0.515930633984855,0.37283459557526966,0.5546416230347934,0.5746172716300886,0.6019000739850849,0.0,0.6150867818029779,0.6974509210344335,0.6660618956389507,0.6704433229401281
05/08/2025,234.27,54.66,133.32,24.21,990.75,65.74,64.01,11.62,0.0,14.9,284.61,32,301.0,0.6884725201676241,0.5312071507446997,0.5463217744453742,0.5574158794995683,0.3726811313500115,0.5355259938604016,0.5319599407537741,0.4991275511270036,0.0,0.6150867818029779,0.5067066724151157,0.6660618956389507,0.6135759772540635
06/08/2025,236.3,55.7,132.89,24.33,984.5,65.54,63.67,11.66,0.0,14.9,281.35,32,304.3,0.6158733647095168,0.5932807938078758,0.4622336219307324,0.53820717114228,0.3726222328129808,0.5685982808137748,0.4782506505457769,0.5282714036279939,0.0,0.6150867818029779,0.49261881793153317,0.6660618956389507,0.641213324088119
07/08/2025,238.75,56.17,132.17,24.32,993.75,65.83,63.58,11.7,0.0,14.9,280.95,32,305.3,0.6382125326721693,0.5403961445869365,0.44564389677552413,0.4969571497792765,0.3728842098458278,0.5939475874210784,0.5166571544129627,0.5282714036279926,0.0,0.6150867818029779,0.546451725992329,0.6660618956389507,0.5908470508977683
08/08/2025,232.55,56.17,132.52,24.36,987.5,65.19,63.61,11.69,0.0,14.9,282.21,32,305.6,0.28339284023767053,0.49749785559889903,0.5080482674834492,0.5127604742362117,0.3726222328129808,0.5458574447781199,0.5350159604574021,0.4918701402792801,0.0,0.6150867818029779,0.5810529765513215,0.6660618956389507,0.5760519299755075
09/08/2025,232.55,56.17,132.52,24.36,987.5,65.19,63.61,11.69,0.0,14.9,282.21,32,305.6,0.5155630767475817,0.49749785559889903,0.48724306665073785,0.500111398569815,0.3727585780452793,0.5789414980448113,0.5304313584418854,0.4991275511270036,0.0,0.6150867818029779,0.5544755223119107,0.6660618956389507,0.5698366820387978
10/08/2025,232.55,56.17,132.52,24.36,987.5,65.19,63.61,11.69,0.0,14.9,282.21,32,305.6,0.5155630767475817,0.49749785559889903,0.48724306665073785,0.500111398569815,0.3727585780452793,0.5789414980448113,0.5304313584418854,0.4991275511270036,0.0,0.6150867818029779,0.5544755223119107,0.6660618956389507,0.5698366820387978
11/08/2025,233.07,56.17,133.45,24.5,991.75,65.3,63.65,11.69,0.0,14.9,285.75,33,305.6,0.5396994265424351,0.49749785559889903,0.5432523046814199,0.5445986074227384,0.3728214520126403,0.5846323400097297,0.5365434054710463,0.4991275511270036,0.0,0.6150867818029779,0.6320192627900354,0.6830366091162476,0.5698366820387978
12/08/2025,235.82,57.49,133.2,24.71,1012.75,64.78,63.89,11.85,0.0,14.9,275.88,33,309.85,0.6544127496797437,0.619526259434549,0.47263532534029123,0.5670582443913101,0.3730150116997144,0.5520577922017363,0.5670187164633138,0.6167522901583335,0.0,0.6150867818029779,0.37754061156880153,0.6830366091162476,0.6625320283459378
13/08/2025,235.55,57.12,133.77,24.75,1024.0,64.85,63.7,11.79,0.0,14.9,273.92,33,308.7,0.5036421536243801,0.464302750654921,0.5213076855041582,0.5127604742362117,0.3729077389018052,0.5825627735577503,0.5013187535219785,0.4557515293849788,0.0,0.6150867818029779,0.5165434666076761,0.6830366091162476,0.5467569984485187
14/08/2025,233.35,57.02,133.31,24.61,1007.5,64.51,63.37,11.7,0.0,14.9,274.7,33,308.9,0.42592714503980644,0.4884773442133039,0.4605082886922765,0.456231680866723,0.3723509291405662,0.5613606219007474,0.4797906435969936,0.4342106939122111,0.0,0.6150867818029779,0.5707391527100553,0.6830366091162476,0.5739701858982316
15/08/2025,236.25,57.11,134.38,24.89,1042.5,64.75,63.26,11.72,0.0,14.9,273.92,33,308.3,0.6625837918572135,0.5056510873878225,0.551859030151433,0.5896517810283661,0.3731561016088824,0.5913596748992995,0.5135922223877268,0.5136767945011126,0.0,0.6150867818029779,0.5389966507084516,0.6830366091162476,0.5576750363652287
16/08/2025,236.25,57.11,134.38,24.89,1042.5,64.75,63.26,11.72,0.0,14.9,273.92,33,308.3,0.5155630767475817,0.49749785559889903,0.48724306665073785,0.500111398569815,0.3727585780452793,0.5789414980448113,0.5304313584418854,0.4991275511270036,0.0,0.6150867818029779,0.5544755223119107,0.6830366091162476,0.5698366820387978
17/08/2025,236.25,57.11,134.38,24.89,1042.5,64.75,63.26,11.72,0.0,14.9,273.92,33,308.3,0.5155630767475817,0.49749785559889903,0.48724306665073785,0.500111398569815,0.3727585780452793,0.5789414980448113,0.5304313584418854,0.4991275511270036,0.0,0.6150867818029779,0.5544755223119107,0.6830366091162476,0.5698366820387978
18/08/2025,236.73,56.52,134.42,24.74,1041.25,65.74,63.33,11.66,0.0,14.9,270.41,34,307.05,0.5377941183576745,0.4447706533304632,0.48960026701596177,0.4531193955658525,0.3727349038833178,0.6302009918471156,0.5411235253472169,0.4557515293849788,0.0,0.6150867818029779,0.48808947953741305,0.6998807624627255,0.5447900264382528
19/08/2025,236.32,55.94,135.51,24.63,1033.75,66.25,63.83,11.6,0.0,14.9,271.49,34,307.75,0.4976082246976178,0.4456556174842834,0.5530916111023357,0.46558547627285074,0.3725914040630109,0.6053372364110087,0.6064530317150703,0.4557515293849788,0.0,0.6150867818029779,0.5771629605183025,0.6998807624627255,0.5844632745970247
20/08/2025,238.52,56.74,136.29,24.9,1036.0,65.37,63.87,11.67,0.0,14.9,274.61,34,310.55,0.6248651878158386,0.5709168092623372,0.5340743617226995,0.5864161925277981,0.3727937758511222,0.5334600478024363,0.5365434054710463,0.550246777058737,0.0,0.6150867818029779,0.6224382127045456,0.6998807624627255,0.630095497192521
21/08/2025,238.65,56.71,136.83,24.97,1056.0,66.36,64.03,11.68,0.0,14.9,273.32,34,310.75,0.5214582013593562,0.4947874872684917,0.5194923063355672,0.5222802334523788,0.3730044432123815,0.6302009918471156,0.554844751252433,0.5063964551116429,0.0,0.6150867818029779,0.5291823896848925,0.6998807624627255,0.5739701858982316
22/08/2025,239.95,57.24,135.95,25.06,1058.5,66.16,64.05,11.81,0.0,14.9,269.52,34,310.55,0.5781295052944345,0.5459236130392566,0.4365680888918141,0.5286420333775557,0.3727973632945372,0.5685982808137742,0.533488140142682,0.594489420064154,0.0,0.6150867818029779,0.48285995538501403,0.6998807624627255,0.5657464960570511
23/08/2025,239.95,57.24,135.95,25.06,1058.5,66.16,64.05,11.81,0.0,14.9,269.52,34,310.55,0.5155630767475817,0.49749785559889903,0.48724306665073785,0.500111398569815,0.3727585780452793,0.5789414980448113,0.5304313584418854,0.4991275511270036,0.0,0.6150867818029779,0.5544755223119107,0.6998807624627255,0.5698366820387978
24/08/2025,239.95,57.24,135.95,25.06,1058.5,66.16,64.05,11.81,0.0,14.9,269.52,34,310.55,0.5155630767475817,0.49749785559889903,0.48724306665073785,0.500111398569815,0.3727585780452793,0.5789414980448113,0.5304313584418854,0.4991275511270036,0.0,0.6150867818029779,0.5544755223119107,0.6998807624627255,0.5698366820387978
25/08/2025,240.23,57.24,134.55,24.85,1047.75,65.99,64.32,11.88,0.0,14.9,271.39,35,310.55,0.5283817570562406,0.49749785559889903,0.4073865134557686,0.43450311472814107,0.3725078898701178,0.5701494720900175,0.571578760368852,0.550246777058737,0.0,0.6150867818029779,0.594407529170773,0.7165990487604349,0.5698366820387978
26/08/2025,242.5,57.21,134.47,24.74,1049.5,66.12,64.34,11.84,0.0,14.9,271.61,35,310.95,0.6285878697546305,0.4947874872684917,0.4825460249255381,0.46558547627284963,0.3727864587080175,0.5856671929572679,0.5334881401426842,0.4701657893424396,0.0,0.6150867818029779,0.5589864613591075,0.7165990487604349,0.5781426823398764
26/08/2025,242.5,57.21,134.47,24.74,1049.5,66.12,64.34,11.84,0.0,14.9,271.61,35,310.95,0.5155630767475817,0.49749785559889903,0.48724306665073785,0.500111398569815,0.3727585780452793,0.5789414980448113,0.5304313584418854,0.4991275511270036,0.0,0.6150867818029779,0.5544755223119107,0.7165990487604349,0.5698366820387978
26/08/2025,242.5,57.21,134.47,24.74,1049.5,66.12,64.34,11.84,0.0,14.9,271.61,35,310.95,0.5155630767475817,0.49749785559889903,0.48724306665073785,0.500111398569815,0.3727585780452793,0.5789414980448113,0.5304313584418854,0.4991275511270036,0.0,0.6150867818029779,0.5544755223119107,0.7165990487604349,0.5698366820387978
26/08/2025,242.5,57.21,134.47,24.74,1049.5,66.12,64.34,11.84,0.0,14.9,271.61,35,310.95,0.5155630767475817,0.49749785559889903,0.48724306665073785,0.500111398569815,0.3727585780452793,0.5789414980448113,0.5304313584418854,0.4991275511270036,0.0,0.6150867818029779,0.5544755223119107,0.7165990487604349,0.5698366820387978
26/08/2025,242.5,57.21,134.47,24.74,1049.5,66.12,64.34,11.84,0.0,14.9,271.61,35,310.95,0.5155630767475817,0.49749785559889903,0.48724306665073785,0.500111398569815,0.3727585780452793,0.5789414980448113,0.5304313584418854,0.4991275511270036,0.0,0.6150867818029779,0.5544755223119107,0.7165990487604349,0.5698366820387978
26/08/2025,242.5,57.21,134.47,24.74,1049.5,66.12,64.34,11.84,0.0,14.9,271.61,35,310.95,0.5155630767475817,0.49749785559889903,0.48724306665073785,0.500111398569815,0.3727585780452793,0.5789414980448113,0.5304313584418854,0.4991275511270036,0.0,0.6150867818029779,0.5544755223119107,0.7165990487604349,0.5698366820387978
26/08/2025,242.5,57.21,134.47,24.74,1049.5,66.12,64.34,11.84,0.0,14.9,271.61,35,310.95,0.5155630767475817,0.49749785559889903,0.48724306665073785,0.500111398569815,0.3727585780452793,0.5789414980448113,0.5304313584418854,0.4991275511270036,0.0,0.6150867818029779,0.5544755223119107,0.7165990487604349,0.5698366820387978
26/08/2025,242.5,57.21,134.47,24.74,1049.5,66.12,64.34,11.84,0.0,14.9,271.61,35,310.95,0.5155630767475817,0.49749785559889903,0.48724306665073785,0.500111398569815,0.3727585780452793,0.5789414980448113,0.5304313584418854,0.4991275511270036,0.0,0.6150867818029779,0.5544755223119107,0.7165990487604349,0.5698366820387978
26/08/2025,242.5,57.21,134.47,24.74,1049.5,66.12,64.34,11.84,0.0,14.9,271.61,35,310.95,0.5155630767475817,0.49749785559889903,0.48724306665073785,0.500111398569815,0.3727585780452793,0.5789414980448113,0.5304313584418854,0.4991275511270036,0.0,0.6150867818029779,0.5544755223119107,0.7165990487604349,0.5698366820387978
26/08/2025,242.5,57.21,134.47,24.74,1049.5,66.12,64.34,11.84,0.0,14.9,271.61,35,310.95,0.5155630767475817,0.49749785559889903,0.48724306665073785,0.500111398569815,0.3727585780452793,0.5789414980448113,0.5304313584418854,0.4991275511270036,0.0,0.6150867818029779,0.5544755223119107,0.7165990487604349,0.5698366820387978
26/08/2025,242.5,57.21,134.47,24.74,1049.5,66.12,64.34,11.84,0.0,14.9,271.61,35,310.95,0.5155630767475817,0.49749785559889903,0.48724306665073785,0.500111398569815,0.3727585780452793,0.5789414980448113,0.5304313584418854,0.4991275511270036,0.0,0.6150867818029779,0.5544755223119107,0.7165990487604349,0.5698366820387978
26/08/2025,242.5,57.21,134.47,24.74,1049.5,66.12,64.34,11.84,0.0,14.9,271.61,35,310.95,0.5155630767475817,0.49749785559889903,0.48724306665073785,0.500111398569815,0.3727585780452793,0.5789414980448113,0.5304313584418854,0.4991275511270036,0.0,0.6150867818029779,0.5544755223119107,0.7165990487604349,0.5698366820387978
26/08/2025,242.5,57.21,134.47,24.74,1049.5,66.12,64.34,11.84,0.0,14.9,271.61,35,310.95,0.5155630767475817,0.49749785559889903,0.48724306665073785,0.500111398569815,0.3727585780452793,0.5789414980448113,0.5304313584418854,0.4991275511270036,0.0,0.6150867818029779,0.5544755223119107,0.7165990487604349,0.5698366820387978
26/08/2025,242.5,57.21,134.47,24.74,1049.5,66.12,64.34,11.84,0.0,14.9,271.61,35,310.95,0.5155630767475817,0.49749785559889903,0.48724306665073785,0.500111398569815,0.3727585780452793,0.5789414980448113,0.5304313584418854,0.4991275511270036,0.0,0.6150867818029779,0.5544755223119107,0.7165990487604349,0.5698366820387978
26/08/2025,242.5,57.21,134.47,24.74,1049.5,66.12,64.34,11.84,0.0,14.9,271.61,35,310.95,0.5155630767475817,0.49749785559889903,0.48724306665073785,0.500111398569815,0.3727585780452793,0.5789414980448113,0.5304313584418854,0.4991275511270036,0.0,0.6150867818029779,0.5544755223119107,0.7165990487604349,0.5698366820387978
26/08/2025,242.5,57.21,134.47,24.74,1049.5,66.12,64.34,11.84,0.0,14.9,271.61,35,310.95,0.5155630767475817,0.49749785559889903,0.48724306665073785,0.500111398569815,0.3727585780452793,0.5789414980448113,0.5304313584418854,0.4991275511270036,0.0,0.6150867818029779,0.5544755223119107,0.7165990487604349,0.5698366820387978
26/08/2025,242.5,57.21,134.47,24.74,1049.5,66.12,64.34,11.84,0.0,14.9,271.61,35,310.95,0.5155630767475817,0.49749785559889903,0.48724306665073785,0.500111398569815,0.3727585780452793,0.5789414980448113,0.5304313584418854,0.4991275511270036,0.0,0.6150867818029779,0.5544755223119107,0.7165990487604349,0.5698366820387978
26/08/2025,242.5,57.21,134.47,24.74,1049.5,66.12,64.34,11.84,0.0,14.9,271.61,35,310.95,0.5155630767475817,0.49749785559889903,0.48724306665073785,0.500111398569815,0.3727585780452793,0.5789414980448113,0.5304313584418854,0.4991275511270036,0.0,0.6150867818029779,0.5544755223119107,0.7165990487604349,0.5698366820387978
27/08/2025,243.25,57.43,134.27,24.77,1047.5,65.77,64.49,11.9,0.0,14.9,270.12,35,311.35,0.550790055938409,0.517482676410807,0.4755408932286623,0.5095934433208895,0.3727194811580692,0.5608437203991166,0.5533215403240237,0.5429106433860613,0.0,0.6150867818029779,0.5253825552737984,0.7165990487604349,0.5781426823398776
28/08/2025,237.0,57.61,134.48,24.88,1048.0,65.12,64.26,11.89,0.0,14.9,266.77,35,311.4,0.2817004266439254,0.5138356481890418,0.4996797158657039,0.5350158326757246,0.37276704265950933,0.5453408010744165,0.49517409280574287,0.4918701402792801,0.0,0.6150867818029779,0.4909859201974832,0.7165990487604349,0.5708660435601604
29/08/2025,241.9,57.29,134.25,24.77,1054.5,65.49,64.29,11.86,0.0,14.9,266.51,35,310.5,0.7753725532205167,0.46876141987728065,0.4737966593900825,0.46558547627285074,0.3728505475801677,0.5980887606555251,0.5350159604574021,0.47738938743779863,0.0,0.6150867818029779,0.5492365423159231,0.7165990487604349,0.5516975001576063
30/08/2025,241.9,57.29,134.25,24.77,1054.5,65.49,64.29,11.86,0.0,14.9,266.51,35,310.5,0.5155630767475817,0.49749785559889903,0.48724306665073785,0.500111398569815,0.3727585780452793,0.5789414980448113,0.5304313584418854,0.4991275511270036,0.0,0.6150867818029779,0.5544755223119107,0.7165990487604349,0.5698366820387978
31/08/2025,241.9,57.29,134.25,24.77,1054.5,65.49,64.29,11.86,0.0,14.9,266.51,35,310.5,0.5155630767475817,0.49749785559889903,0.48724306665073785,0.500111398569815,0.3727585780452793,0.5789414980448113,0.5304313584418854,0.4991275511270036,0.0,0.6150867818029779,0.5544755223119107,0.7165990487604349,0.5698366820387978
01/09/2025,241.9,57.29,134.25,24.77,1054.5,65.49,64.29,11.86,0.0,14.9,266.51,36,310.5,0.5155630767475817,0.49749785559889903,0.48724306665073785,0.500111398569815,0.3727585780452793,0.5789414980448113,0.5304313584418854,0.4991275511270036,0.0,0.6150867818029779,0.5544755223119107,0.733195867108624,0.5698366820387978
02/09/2025,239.52,57.29,134.41,24.55,1041.0,64.95,64.53,11.79,0.0,14.9,265.4,36,313.65,0.41910695409174464,0.49749785559889903,0.4967053222744185,0.4314097374365717,0.37243410393796433,0.5510243192266755,0.5670187164633128,0.44856062695850235,0.0,0.6150867818029779,0.5326244865932938,0.733195867108624,0.6378699509884519
03/09/2025,238.32,57.42,135.04,24.74,1031.5,65.31,64.58,11.83,0.0,14.9,269.35,36,313.4,0.464942158663063,0.5092849463746898,0.5249449495751083,0.5606272355127605,0.37254053139397714,0.5975710804957092,0.5380704788832585,0.5282714036279939,0.0,0.6150867818029779,0.6414395031520219,0.733195867108624,0.564730181865189
04/09/2025,236.95,57.42,135.11,24.81,1033.0,65.39,64.7,11.88,0.0,14.9,267.43,36,313.4,0.4581551838836277,0.49749785559889903,0.4913719227138145,0.5222802334523788,0.37278271911358024,0.5830801474748749,0.5487498842114639,0.5355854896076736,0.0,0.6150867818029779,0.5172911924589294,0.733195867108624,0.5698366820387978
05/09/2025,235.98,57.66,134.75,24.89,1027.0,65.37,64.78,11.97,0.0,14.9,261.94,36,312.1,0.47424633327763893,0.5193082836770773,0.4662683417925343,0.5254596210911568,0.37262829831510325,0.5779069610568894,0.5426495054495383,0.5649516399985806,0.0,0.6150867818029779,0.45283193076396744,0.733195867108624,0.5438083914185177
06/09/2025,235.98,57.66,134.75,24.89,1027.0,65.37,64.78,11.97,0.0,14.9,261.94,36,312.1,0.5155630767475817,0.49749785559889903,0.48724306665073785,0.500111398569815,0.3727585780452793,0.5789414980448113,0.5304313584418854,0.4991275511270036,0.0,0.6150867818029779,0.5544755223119107,0.733195867108624,0.5698366820387978
07/09/2025,235.98,57.66,134.75,24.89,1027.0,65.37,64.78,11.97,0.0,14.9,261.94,36,312.1,0.5155630767475817,0.49749785559889903,0.48724306665073785,0.500111398569815,0.3727585780452793,0.5789414980448113,0.5304313584418854,0.4991275511270036,0.0,0.6150867818029779,0.5544755223119107,0.733195867108624,0.5698366820387978
08/09/2025,235.8,57.62,135.35,24.98,1013.5,65.39,64.82,11.96,0.0,14.9,262.58,37,312.25,0.5075711799972741,0.4938848501347535,0.5231252460364748,0.5286420333775557,0.37243410393796433,0.5799760859593712,0.5365434054710453,0.4918701402792801,0.0,0.6150867818029779,0.5677694886690533,0.749675348466186,0.572932908852653
09/09/2025,230.18,57.36,135.69,24.97,1011.5,65.47,65.15,11.99,0.0,14.9,261.53,37,311.7,0.30315164817149165,0.4741222059191711,0.5074486326548174,0.4969571497792754,0.3727194811580692,0.5830801474748749,0.5806907372312053,0.5209684749066019,0.0,0.6150867818029779,0.5337768776873758,0.749675348466186,0.5586771259084997
10/09/2025,231.15,57.63,135.38,25.03,1005.5,65.37,65.07,12.03,0.0,14.9,259.91,37,311.65,0.5615967184435124,0.5220492506943766,0.4691582486695626,0.5191038958146141,0.37262829831510325,0.5737693062018172,0.5181890884794811,0.5282714036279926,0.0,0.6150867818029779,0.5229255758937904,0.749675348466186,0.5688101559656252
11/09/2025,232.27,57.61,135.37,25.1,1015.25,65.19,64.97,12.04,0.0,14.9,262.38,37,310.75,0.5690660728140284,0.49569053109416616,0.48665468151698255,0.5222802334523788,0.372890158119856,0.5696323975048447,0.515124864665013,0.5063964551116429,0.0,0.6150867818029779,0.6077635840132591,0.749675348466186,0.5516975001576063
12/09/2025,229.98,57.61,134.98,25.21,1025.75,65.12,65.03,12.14,0.0,14.9,262.3,37,310.75,0.4225103618545646,0.49749785559889903,0.46453761606691973,0.5350158326757246,0.37289899589046954,0.575320836367491,0.5395971843223267,0.5723202008680516,0.0,0.6150867818029779,0.552853289913771,0.749675348466186,0.5698366820387978
13/09/2025,229.98,57.61,134.98,25.21,1025.75,65.12,65.03,12.14,0.0,14.9,262.3,37,310.75,0.5155630767475817,0.49749785559889903,0.48724306665073785,0.500111398569815,0.3727585780452793,0.5789414980448113,0.5304313584418854,0.4991275511270036,0.0,0.6150867818029779,0.5544755223119107,0.749675348466186,0.5698366820387978
14/09/2025,229.98,57.61,134.98,25.21,1025.75,65.12,65.03,12.14,0.0,14.9,262.3,37,310.75,0.5155630767475817,0.49749785559889903,0.48724306665073785,0.500111398569815,0.3727585780452793,0.5789414980448113,0.5304313584418854,0.4991275511270036,0.0,0.6150867818029779,0.5544755223119107,0.749675348466186,0.5698366820387978
15/09/2025,234.6,57.9,135.13,25.41,1042.75,65.03,65.08,12.24,0.0,14.9,258.83,38,307.9,0.7591980468916042,0.5238782361669028,0.49611139890491557,0.5638413640570443,0.3729722167371174,0.5742864711316445,0.5380704788832585,0.5723202008680504,0.0,0.6150867818029779,0.4888128243528704,0.7660413786037178,0.5138684957506748
16/09/2025,233.45,57.96,134.12,25.32,1049.75,67.5,65.19,12.3,0.0,14.9,259.83,38,307.05,0.46695242819200655,0.502929738862223,0.4292298804275794,0.4718357364906687,0.37285680191188986,0.7069469711757611,0.5472253141659233,0.5429106433860613,0.0,0.6150867818029779,0.575442378208934,0.7660413786037178,0.5526898386585565
17/09/2025,231.1,57.58,134.48,25.38,230300.0,67.18,65.36,12.33,0.0,14.9,262.4,38,305.1,0.4202399627649759,0.46341193142189396,0.5086481815090838,0.519103895814613,1.0,0.5623944536486293,0.5563676299412925,0.5209684749066019,0.0,0.6150867818029779,0.6100081559926376,0.7660413786037178,0.5311472258761233
18/09/2025,232.38,57.48,134.18,25.27,228700.0,67.27,65.33,12.3,0.0,14.9,260.59,38,305.2,0.577117276336575,0.4884773442133033,0.46973705399910853,0.46558547627285074,0.2912396386907726,0.5835975332613352,0.5258433091417318,0.47738938743779996,0.0,0.6150867818029779,0.5193516119442657,0.7660413786037178,0.5718981586235725
19/09/2025,233.58,57.16,133.69,25.13,226100.0,67.34,65.32,12.28,0.0,14.9,261.53,38,304.1,0.573081179323249,0.46876141987728065,0.45878518206952185,0.456231680866723,0.22925895998375978,0.5825627735577511,0.5289023905700262,0.484624128851518,0.0,0.6150867818029779,0.5741554616841777,0.7660413786037178,0.5477423956593638
20/09/2025,233.58,57.16,133.69,25.13,226100.0,67.34,65.32,12.28,0.0,14.9,261.53,38,304.1,0.5155630767475817,0.49749785559889903,0.48724306665073785,0.500111398569815,0.3727585780452793,0.5789414980448113,0.5304313584418854,0.4991275511270036,0.0,0.6150867818029779,0.5544755223119107,0.7660413786037178,0.5698366820387978
21/09/2025,233.58,57.16,133.69,25.13,226100.0,67.34,65.32,12.28,0.0,14.9,261.53,38,304.1,0.5155630767475817,0.49749785559889903,0.48724306665073785,0.500111398569815,0.3727585780452793,0.5789414980448113,0.5304313584418854,0.4991275511270036,0.0,0.6150867818029779,0.5544755223119107,0.7660413786037178,0.5698366820387978
22/09/2025,237.23,57.05,132.16,24.76,222900.0,66.57,64.75,12.13,27.6,14.9,261.08,39,304.45,0.7040894618854212,0.4875774436797363,0.4001567898893151,0.3853090294167545,0.18999283570390135,0.5391416687319074,0.4427544915555012,0.39140791559799265,0.9983601412220785,0.6150867818029779,0.5454625404943823,0.7822976185541417,0.5770962202861661
23/09/2025,235.6,57.05,129.13,24.43,223100.0,66.44,64.32,12.17,0.2,14.9,261.96,39,304.45,0.44790769445273015,0.49749785559889903,0.3181731522940882,0.3975494277434541,0.3744965624681873,0.5722178808847168,0.4643778711726362,0.5282714036279926,0.2895944468794358,0.6150867818029779,0.5728716578011176,0.7822976185541417,0.5698366820387978
24/09/2025,234.05,56.65,128.08,24.04,222400.0,66.12,64.33,12.08,0.2,14.9,264.43,39,301.8,0.451044609942723,0.46163118905573497,0.42697805683689993,0.37920264775662277,0.3416260195581521,0.5623944536486293,0.5319599407537741,0.4342106939122111,0.2895944468794358,0.6150867818029779,0.6077635840132604,0.7822976185541417,0.517686536365099
25/09/2025,232.05,56.26,128.29,23.9,223200.0,66.52,64.36,11.99,0.0,14.9,268.73,39,302.0,0.43357009754937587,0.4625214116401458,0.4996797158657039,0.456231680866723,0.37831622533329934,0.5996418570391272,0.5350159604574021,0.4342106939122111,0.0,0.6150867818029779,0.6495298869756091,0.7822976185541417,0.5739701858982316
26/09/2025,231.8,56.73,129.22,24.2,223500.0,66.22,64.34,12.05,0.0,14.9,270.28,39,302.95,0.5045117209098212,0.5403961445869365,0.5432523046814217,0.5961307308226108,0.3752017334282852,0.5634283242084385,0.5273730395827891,0.5429106433860613,0.0,0.6150867818029779,0.5873707317055579,0.7822976185541417,0.5897791193211852
27/09/2025,231.8,56.73,129.22,24.2,223500.0,66.22,64.34,12.05,27.6,14.9,270.28,39,302.95,0.5155630767475817,0.49749785559889903,0.48724306665073785,0.500111398569815,0.3727585780452793,0.5789414980448113,0.5304313584418854,0.4991275511270036,0.9983601412220785,0.6150867818029779,0.5544755223119107,0.7822976185541417,0.5698366820387978
28/09/2025,231.8,56.73,129.22,24.2,223500.0,66.22,64.34,12.05,0.0,14.9,270.28,39,302.95,0.5155630767475817,0.49749785559889903,0.48724306665073785,0.500111398569815,0.3727585780452793,0.5789414980448113,0.5304313584418854,0.4991275511270036,0.0,0.6150867818029779,0.5544755223119107,0.7822976185541417,0.5698366820387978
29/09/2025,231.32,57.15,129.01,24.26,222800.0,66.11,64.36,12.1,0.0,14.9,272.24,40,303.95,0.49462388851531436,0.5357978939445934,0.4749591807835447,0.5191038958146141,0.3416260195581521,0.573252152920542,0.533488140142682,0.5355854896076724,0.0,0.6150867818029779,0.5963980368023015,0.798447522890112,0.5908470508977683
30/09/2025,231.85,57.12,128.88,24.21,220800.0,65.28,64.26,12.07,0.0,14.9,270.19,40,304.1,0.5401768853064746,0.4947874872684917,0.4796215683168579,0.4843718673509234,0.2670452109195752,0.5360424976683716,0.515124864665013,0.47738938743779996,0.0,0.6150867818029779,0.5148639569692004,0.798447522890112,0.5729329088526542
01/10/2025,231.1,57.43,128.76,24.2,223300.0,65.51,64.31,12.09,0.0,14.9,265.84,40,305.6,0.48329298612256705,0.5257085377989872,0.48020579749139103,0.4969571497792754,0.38716999996350565,0.5908421230926584,0.5380704788832585,0.5136767945011111,0.0,0.6150867818029779,0.47300846683743214,0.798447522890112,0.6016035643834113
02/10/2025,230.52,57.27,130.27,24.4,225700.0,65.71,64.57,12.09,0.0,14.9,265.43,40,305.8,0.4903952882165257,0.4830835127843542,0.5791377410894676,0.5638413640570443,0.38668662916167973,0.5892895305661936,0.5700590517997032,0.4991275511270036,0.0,0.6150867818029779,0.5462536706782963,0.798447522890112,0.5739701858982316
03/10/2025,231.02,57.66,131.3,24.64,224100.0,65.98,64.77,12.15,0.0,14.9,264.67,40,307.35,0.5387458619234445,0.5330425308270351,0.5493961196099703,0.5767251935573897,0.2912396386907726,0.5929123920382977,0.5609343014346906,0.5429106433860613,0.0,0.6150867818029779,0.5393856642220877,0.798447522890112,0.6026863114494962
04/10/2025,231.02,57.66,131.3,24.64,224100.0,65.98,64.77,12.15,0.0,14.9,264.67,40,307.35,0.5155630767475817,0.49749785559889903,0.48724306665073785,0.500111398569815,0.3727585780452793,0.5789414980448113,0.5304313584418854,0.4991275511270036,0.0,0.6150867818029779,0.5544755223119107,0.798447522890112,0.5698366820387978
05/10/2025,231.02,57.66,131.3,24.64,224100.0,65.98,64.77,12.15,0.0,14.9,264.67,40,307.35,0.5155630767475817,0.49749785559889903,0.48724306665073785,0.500111398569815,0.3727585780452793,0.5789414980448113,0.5304313584418854,0.4991275511270036,0.0,0.6150867818029779,0.5544755223119107,0.798447522890112,0.5698366820387978
06/10/2025,231.88,57.66,131.47,24.75,224400.0,66.36,64.93,12.22,0.0,14.9,262.05,41,307.35,0.5561704689732219,0.49749785559889903,0.49729956748985193,0.5350158326757246,0.3752017334282852,0.5986064501776561,0.5548447512524342,0.550246777058737,0.0,0.6150867818029779,0.5043124226005857,0.8144943561064077,0.5698366820387978
07/10/2025,233.1,57.31,131.29,24.55,225100.0,66.4,65.09,12.17,0.0,14.9,263.6,41,306.5,0.5740882611555894,0.46608529665970505,0.4767052349966221,0.4375991185336223,0.37772848869431636,0.5810107241394383,0.5548447512524319,0.4629532104977405,0.0,0.6150867818029779,0.5873707317055591,0.8144943561064077,0.5526898386585554
08/10/2025,233.85,57.56,131.9,24.68,227000.0,66.6,65.3,12.22,2.2,14.9,264.94,41,307.6,0.550790055938409,0.5202216011410754,0.5237315776249221,0.5414014371439677,0.3842160486517923,0.5892895305661936,0.5624558797846797,0.5355854896076736,0.8872396918336801,0.6150867818029779,0.5827897950671429,0.8144943561064077,0.5929873747992226
09/10/2025,235.02,57.26,131.95,24.53,225100.0,67.24,65.19,12.12,0.2,14.9,268.84,41,307.95,0.5715730192077063,0.4705470665195721,0.4901904666121238,0.4531193955658536,0.27317592065692764,0.6120694602844031,0.5135922223877268,0.42705143692372927,0.2895944468794358,0.6150867818029779,0.6402873143504293,0.8144943561064077,0.5770962202861661
10/10/2025,238.48,57.26,132.68,24.13,222000.0,67.88,65.21,11.86,0.0,14.9,271.45,41,307.95,0.6934770421637402,0.49749785559889903,0.5310256399582169,0.37615284701196083,0.1966287518250006,0.6120694602844031,0.533488140142682,0.31383899022982875,0.0,0.6150867818029779,0.610907371756639,0.8144943561064077,0.5698366820387978
11/10/2025,238.48,57.26,132.68,24.13,222000.0,67.88,65.21,11.86,0.2,14.9,271.45,41,307.95,0.5155630767475817,0.49749785559889903,0.48724306665073785,0.500111398569815,0.3727585780452793,0.5789414980448113,0.5304313584418854,0.4991275511270036,0.2895944468794358,0.6150867818029779,0.5544755223119107,0.8144943561064077,0.5698366820387978
12/10/2025,238.48,57.26,132.68,24.13,222000.0,67.88,65.21,11.86,1.4,14.9,271.45,41,307.95,0.5155630767475817,0.49749785559889903,0.48724306665073785,0.500111398569815,0.3727585780452793,0.5789414980448113,0.5304313584418854,0.4991275511270036,0.8064673820574741,0.6150867818029779,0.5544755223119107,0.8144943561064077,0.5698366820387978
13/10/2025,240.57,56.49,133.44,24.45,222200.0,67.23,65.15,11.94,0.0,14.9,271.28,42,308.3,0.6190388966818046,0.4288838931122028,0.5328542185725981,0.6026199251769843,0.3744965624681873,0.5453408010744165,0.5212518766700923,0.5575938042351137,0.0,0.6150867818029779,0.5510394654698716,0.8304412073441474,0.5770962202861674
14/10/2025,241.82,56.48,133.29,24.38,221900.0,67.8,64.98,11.89,0.4,14.9,267.18,42,308.7,0.5756013212117939,0.4965939857850257,0.47845408139989254,0.4780977857677457,0.3611422245180349,0.60844424535503,0.5043891352421771,0.46295321049774185,0.46795964422223424,0.6150867818029779,0.477476067728414,0.8304412073441474,0.5781426823398764
15/10/2025,242.18,56.65,133.23,24.41,221900.0,67.51,64.96,11.9,3.2,14.9,268.15,42,309.15,0.5321231172205102,0.5129247795619999,0.48371817052921257,0.5095934433208895,0.3727585780452793,0.563945274229171,0.5273730395827869,0.5063964551116429,0.9323652131620573,0.6150867818029779,0.5747985363718845,0.8304412073441474,0.5791912428188696
16/10/2025,243.95,56.65,132.96,24.41,222800.0,67.93,65.12,11.96,0.0,14.9,262.51,42,309.15,0.6022617994909215,0.49749785559889903,0.4714751584512392,0.500111398569815,0.37889193334480736,0.6006773005502571,0.5548447512524342,0.5429106433860613,0.0,0.6150867818029779,0.4501988698437086,0.8304412073441474,0.5698366820387978
17/10/2025,240.25,57.29,133.56,24.71,224800.0,68.4,65.53,12.12,0.0,14.9,267.93,42,309.7,0.370508482816443,0.5560831933942129,0.5231252460364748,0.5961307308226108,0.38471798588027234,0.6032660663259493,0.5928239437181438,0.6167522901583323,0.0,0.6150867818029779,0.6756896591088777,0.8304412073441474,0.581294389909952
18/10/2025,240.25,57.29,133.56,24.71,224800.0,68.4,65.53,12.12,0.8,14.9,267.93,42,309.7,0.5155630767475817,0.49749785559889903,0.48724306665073785,0.500111398569815,0.3727585780452793,0.5789414980448113,0.5304313584418854,0.4991275511270036,0.6679492834303831,0.6150867818029779,0.5544755223119107,0.8304412073441474,0.5698366820387978
19/10/2025,240.25,57.29,133.56,24.71,224800.0,68.4,65.53,12.12,1.8,14.9,267.93,42,309.7,0.5155630767475817,0.49749785559889903,0.48724306665073785,0.500111398569815,0.3727585780452793,0.5789414980448113,0.5304313584418854,0.4991275511270036,0.8550988855984883,0.6150867818029779,0.5544755223119107,0.8304412073441474,0.5698366820387978
20/10/2025,241.85,57.73,133.01,24.75,227500.0,68.95,65.49,12.19,10.8,14.9,267.62,43,310.2,0.5934594910567002,0.5376363073310183,0.4553454601098753,0.5127604742362117,0.3881273360240928,0.6074085424520403,0.524313202838208,0.550246777058737,0.9904378816014464,0.6150867818029779,0.5482393149953712,0.8462910036592428,0.5802418333278172
21/10/2025,243.68,57.69,132.95,24.67,227400.0,68.5,65.61,12.17,0.0,14.9,268.61,43,310.9,0.6053872885082096,0.4938848501347535,0.48371817052921257,0.47496527251588516,0.3695148308575941,0.555675215932588,0.5487498842114639,0.4846241288515194,0.0,0.6150867818029779,0.5752276796859178,0.8462910036592428,0.5844632745970247
22/10/2025,239.05,57.66,133.24,24.67,228100.0,68.53,65.47,12.12,4.4,14.9,267.81,43,311.4,0.33747051054682753,0.4947874872684917,0.5044547158022333,0.500111398569815,0.37772848869431636,0.5804933988273678,0.5089922110684558,0.4629532104977405,0.9578608974505406,0.6150867818029779,0.5386079792385231,0.8462910036592428,0.5802418333278172
23/10/2025,239.73,57.66,133.45,24.78,230000.0,67.26,65.63,12.19,0.0,14.9,268.9,43,311.4,0.5473911355569809,0.49749785559889903,0.4996797158657039,0.5350158326757246,0.3842160486517923,0.513322459163029,0.5548447512524319,0.550246777058737,0.0,0.6150867818029779,0.5773784019773358,0.8462910036592428,0.5698366820387978
24/10/2025,233.75,58.08,133.44,24.75,229700.0,67.19,65.66,12.18,0.0,14.9,269.54,43,313.15,0.290859670339661,0.5357978939445934,0.48665468151698255,0.4906582342406397,0.3611422245180349,0.5753208363674903,0.5350159604574021,0.4918701402792801,0.0,0.6150867818029779,0.5677694886690544,0.8462910036592428,0.6070290003781301
25/10/2025,233.75,58.08,133.44,24.75,229700.0,67.19,65.66,12.18,0.0,14.9,269.54,43,313.15,0.5155630767475817,0.49749785559889903,0.48724306665073785,0.500111398569815,0.3727585780452793,0.5789414980448113,0.5304313584418854,0.4991275511270036,0.0,0.6150867818029779,0.5544755223119107,0.8462910036592428,0.5698366820387978
26/10/2025,233.75,58.08,133.44,24.75,229700.0,67.19,65.66,12.18,0.0,14.9,269.54,43,313.15,0.5155630767475817,0.49749785559889903,0.48724306665073785,0.500111398569815,0.3727585780452793,0.5789414980448113,0.5304313584418854,0.4991275511270036,0.0,0.6150867818029779,0.5544755223119107,0.8462910036592428,0.5698366820387978
27/10/2025,228.82,58.33,133.76,24.9,235300.0,67.91,65.71,12.23,0.0,14.9,271.09,44,313.35,0.32698574053317986,0.5202216011410754,0.5062502084258111,0.5477986591078168,0.40102921705899236,0.6162130317356508,0.5380704788832585,0.5355854896076736,0.0,0.6150867818029779,0.5873707317055579,0.8620465220087719,0.5739701858982328
28/10/2025,227.5,58.7,134.36,25.07,237700.0,67.52,65.84,12.28,0.0,14.9,266.33,44,314.65,0.46014388014055996,0.5312071507447004,0.5231252460364765,0.5542073170919359,0.38668662916167973,0.5587762085639556,0.5502741098457508,0.5355854896076724,0.0,0.6150867818029779,0.4657165653875309,0.8620465220087719,0.5972849525644619
29/10/2025,231.4,59.24,133.43,24.87,238200.0,68.41,66.03,12.31,0.0,14.9,261.53,44,317.9,0.7181478454638637,0.5468458468245597,0.4337420426902659,0.4375991185336223,0.3765080317187588,0.6250196808553936,0.5594124021954665,0.5209684749066031,0.0,0.6150867818029779,0.4650073817388033,0.8620465220087719,0.6400981281012605
30/10/2025,235.27,59.29,133.84,24.89,240600.0,67.71,66.24,12.32,0.0,14.9,262.89,44,318.85,0.7164552987105693,0.5020234115805353,0.5116518731793348,0.5064295684836558,0.38668662916167973,0.5427576979949352,0.5624558797846797,0.5063964551116429,0.0,0.6150867818029779,0.5832247328486388,0.8620465220087719,0.5897791193211864
31/10/2025,236.6,59.29,133.58,24.82,245900.0,68.0,66.15,12.29,0.0,14.9,265.49,44,318.85,0.5796502133361031,0.49749785559889903,0.47205509723612993,0.4780977857677457,0.39975843263148014,0.5939475874210792,0.5166571544129649,0.47738938743779863,0.0,0.6150867818029779,0.6106824943439589,0.8620465220087719,0.5698366820387978
01/11/2025,236.6,59.29,133.58,24.82,245900.0,68.0,66.15,12.29,21.6,14.9,265.49,44,318.85,0.5155630767475817,0.49749785559889903,0.48724306665073785,0.500111398569815,0.3727585780452793,0.5789414980448113,0.5304313584418854,0.4991275511270036,0.9973277113623001,0.6150867818029779,0.5544755223119107,0.8620465220087719,0.5698366820387978
02/11/2025,236.6,59.29,133.58,24.82,245900.0,68.0,66.15,12.29,0.2,14.9,265.49,44,318.85,0.5155630767475817,0.49749785559889903,0.48724306665073785,0.500111398569815,0.3727585780452793,0.5789414980448113,0.5304313584418854,0.4991275511270036,0.2895944468794358,0.6150867818029779,0.5544755223119107,0.8620465220087719,0.5698366820387978
03/11/2025,232.2,59.78,134.07,25.03,250100.0,68.35,66.43,12.4,0.0,14.9,264.16,45,320.2,0.3455630481546341,0.5422374917736211,0.5164716306637362,0.5670582443913101,0.39498996089193755,0.5970534097668775,0.5730981661706364,0.5796994047608541,0.0,0.6150867818029779,0.5284204125061248,0.877710400104841,0.5983627003805414
04/11/2025,227.77,59.75,134.47,24.91,247200.0,68.04,66.69,12.35,13.0,14.9,267.85,45,322.55,0.34450473939792603,0.4947874872684917,0.5110505914987334,0.4624646935786054,0.20979383776259147,0.562911384040057,0.5700590517997032,0.4629532104977405,0.9931205817971364,0.6150867818029779,0.6354582714487748,0.877710400104841,0.6201592241968299
05/11/2025,220.52,60.35,134.17,25.04,250100.0,68.44,66.8,12.46,3.6,14.9,268.0,45,323.4,0.24818703182872548,0.5523850261275468,0.46973705399910687,0.5414014371439677,0.38907302371349545,0.5996418570391272,0.5472253141659233,0.5796994047608541,0.9430054518267896,0.6150867818029779,0.5575436412696596,0.877710400104841,0.5876478982910868
06/11/2025,218.77,60.53,133.61,24.98,244200.0,68.22,66.85,12.5,1.2,14.9,271.42,45,323.7,0.44322777400692714,0.5138356481890418,0.45477299510312663,0.4812333069438174,0.0,0.5675642068262509,0.5380704788832585,0.5282714036279926,0.7721351562515812,0.6150867818029779,0.6292744401113902,0.877710400104841,0.5760519299755075
07/11/2025,221.35,60.53,133.71,25.05,246300.0,67.72,67.08,12.57,0.0,14.9,276.5,45,323.7,0.6452088198567916,0.49749785559889903,0.4931467031048022,0.5222802334523788,0.3852157952311619,0.5530912988697946,0.5654980846472754,0.550246777058737,0.0,0.6150867818029779,0.6677073330923042,0.877710400104841,0.5698366820387978
08/11/2025,221.35,60.53,133.71,25.05,246300.0,67.72,67.08,12.57,7.4,14.9,276.5,45,323.7,0.5155630767475817,0.49749785559889903,0.48724306665073785,0.500111398569815,0.3727585780452793,0.5789414980448113,0.5304313584418854,0.4991275511270036,0.9817196692873514,0.6150867818029779,0.5544755223119107,0.877710400104841,0.5698366820387978
09/11/2025,221.35,60.53,133.71,25.05,246300.0,67.72,67.08,12.57,0.2,14.9,276.5,45,323.7,0.5155630767475817,0.49749785559889903,0.48724306665073785,0.500111398569815,0.3727585780452793,0.5789414980448113,0.5304313584418854,0.4991275511270036,0.2895944468794358,0.6150867818029779,0.5544755223119107,0.877710400104841,0.5698366820387978
10/11/2025,228.55,60.8,133.98,25.25,249100.0,67.76,67.31,12.68,19.4,14.9,277.28,46,322.65,0.9120668166106738,0.522049250694376,0.5032591740188085,0.5638413640570443,0.38860157428963066,0.5810107241394383,0.5654980846472754,0.5796994047608528,0.996715340480013,0.6150867818029779,0.5707391527100553,0.8932851462651816,0.5487291096023672
11/11/2025,227.2,61.13,133.95,25.42,248500.0,67.74,67.34,12.78,6.0,14.9,278.84,46,322.15,0.4589499334833316,0.5275401364205926,0.4854790053969569,0.5542073170919359,0.346739630021098,0.5779069610568887,0.5350159604574021,0.5723202008680504,0.9741802067696631,0.6150867818029779,0.5875896292187887,0.8932851462651816,0.5596810302086817
12/11/2025,225.27,60.81,133.94,25.3,249900.0,67.89,67.36,12.73,7.8,14.9,279.58,46,321.85,0.4362621946280833,0.46876141987728065,0.48665468151698255,0.4624646935786054,0.38163433368184985,0.5867020912881871,0.533488140142682,0.46295321049774185,0.9832649266189799,0.6150867818029779,0.5698887449023288,0.8932851462651816,0.5637161455131093
13/11/2025,219.0,60.87,134.31,25.36,252900.0,67.75,67.46,12.73,0.0,14.9,283.54,46,322.45,0.28102393024197125,0.5029297388622224,0.5092483728073398,0.519103895814613,0.3895417960341957,0.5717007619253521,0.5457003965273632,0.4991275511270036,0.0,0.6150867818029779,0.6416700505633977,0.8932851462651816,0.5823488526248636
14/11/2025,219.15,60.89,134.57,25.39,247900.0,67.69,67.52,12.74,0.0,14.9,285.04,46,322.65,0.5223741038117575,0.4993068468707159,0.5026618455156094,0.5095934433208895,0.06537201238357421,0.5758380368937972,0.5395971843223267,0.5063964551116429,0.0,0.6150867818029779,0.5862772569368888,0.8932851462651816,0.5739701858982316
15/11/2025,219.15,60.89,134.57,25.39,247900.0,67.69,67.52,12.74,0.0,14.9,285.04,46,322.65,0.5155630767475817,0.49749785559889903,0.48724306665073785,0.500111398569815,0.3727585780452793,0.5789414980448113,0.5304313584418854,0.4991275511270036,0.0,0.6150867818029779,0.5544755223119107,0.8932851462651816,0.5698366820387978
16/11/2025,219.15,60.89,134.57,25.39,247900.0,67.69,67.52,12.74,0.0,14.9,285.04,46,322.65,0.5155630767475817,0.49749785559889903,0.48724306665073785,0.500111398569815,0.3727585780452793,0.5789414980448113,0.5304313584418854,0.4991275511270036,0.0,0.6150867818029779,0.5544755223119107,0.8932851462651816,0.5698366820387978
17/11/2025,221.27,60.34,134.92,25.33,255200.0,67.53,67.62,12.7,14.2,14.9,279.13,47,321.35,0.6206249811127023,0.44831207634837633,0.5080482674834474,0.4812333069438162,0.4080365086433011,0.5706665576251296,0.5457003965273654,0.4701657893424396,0.9941350700591727,0.6150867818029779,0.44547101098132974,0.908773148372555,0.5438083914185177
18/11/2025,220.02,60.41,135.44,25.47,253900.0,71.27,67.61,12.71,4.6,14.9,279.28,47,321.25,0.4629384290346924,0.5038364629381142,0.5182832850196354,0.5445986074227384,0.3087499120652437,0.7728712946307614,0.5289023905700262,0.5063964551116443,0.9606529043663492,0.6150867818029779,0.5575436412696596,0.908773148372555,0.5677863685818787
19/11/2025,216.3,60.23,135.85,25.45,250500.0,70.89,67.64,12.67,0.0,14.9,272.49,47,321.5,0.3697886930492876,0.48128847760862425,0.5116518731793348,0.493806106548914,0.17661887286343664,0.5592930725348667,0.5350159604574021,0.4701657893424396,0.0,0.6150867818029779,0.43015896326252007,0.908773148372555,0.575009890205388
20/11/2025,214.73,60.23,135.85,25.45,250500.0,70.89,67.64,12.67,0.0,14.9,272.49,47,321.5,0.45025907489604494,0.49749785559889903,0.48724306665073785,0.500111398569815,0.3727585780452793,0.5789414980448113,0.5304313584418854,0.4991275511270036,0.0,0.6150867818029779,0.5544755223119107,0.908773148372555,0.5698366820387978
21/11/2025,214.45,59.75,135.37,25.08,248000.0,71.04,67.67,12.54,0.0,14.9,273.09,47,322.45,0.5032081075844944,0.4545198475626513,0.459359306522869,0.3853090294167534,0.23566733000427978,0.5867020912881871,0.5350159604574021,0.4056351920506294,0.0,0.6150867818029779,0.5669245815354604,0.908773148372555,0.5897791193211852
22/11/2025,214.45,59.75,135.37,25.08,248000.0,71.04,67.67,12.54,35.8,14.9,273.09,47,322.45,0.5155630767475817,0.49749785559889903,0.48724306665073785,0.500111398569815,0.3727585780452793,0.5789414980448113,0.5304313584418854,0.4991275511270036,0.9990608360649157,0.6150867818029779,0.5544755223119107,0.908773148372555,0.5698366820387978
23/11/2025,214.45,59.75,135.37,25.08,248000.0,71.04,67.67,12.54,0.0,14.9,273.09,47,322.45,0.5155630767475817,0.49749785559889903,0.48724306665073785,0.500111398569815,0.3727585780452793,0.5789414980448113,0.5304313584418854,0.4991275511270036,0.0,0.6150867818029779,0.5544755223119107,0.908773148372555,0.5698366820387978
24/11/2025,207.2,59.75,134.58,24.95,247600.0,71.26,67.82,12.57,0.0,14.9,275.68,48,322.45,0.24818703182872548,0.49749785559889903,0.4416669782355248,0.4593467710761644,0.35652614537553656,0.5903245817111977,0.5533215403240237,0.5209684749066031,0.0,0.6150867818029779,0.6104576658286014,0.924176682040444,0.5698366820387978
25/11/2025,207.0,59.76,135.69,25.24,248000.0,71.96,68.24,12.69,0.0,14.9,276.98,48,321.25,0.5066944576744327,0.4984021434820389,0.554324933515267,0.592889966483844,0.37586848680724366,0.6151770932176835,0.5943393492156758,0.5870891709569119,0.0,0.6150867818029779,0.5819207946070859,0.924176682040444,0.5457728856460983
26/11/2025,211.02,60.18,135.74,25.44,249400.0,72.99,68.4,12.82,0.0,14.9,280.87,48,321.1,0.7249328180358254,0.5357978939445934,0.49019046661212545,0.5638413640570455,0.38163433368184985,0.6322736987509179,0.5548447512524342,0.594489420064154,0.0,0.6150867818029779,0.6400569867210493,0.924176682040444,0.5667651884954144
27/11/2025,211.02,60.18,135.74,25.44,249400.0,72.99,68.4,12.82,0.2,14.9,280.87,48,321.1,0.5155630767475817,0.49749785559889903,0.48724306665073785,0.500111398569815,0.3727585780452793,0.5789414980448113,0.5304313584418854,0.4991275511270036,0.2895944468794358,0.6150867818029779,0.5544755223119107,0.924176682040444,0.5698366820387978
28/11/2025,215.57,60.32,136.07,25.52,250800.0,73.22,68.76,12.9,0.0,14.9,281.46,48,321.6,0.7551722210582279,0.5101943524351759,0.5068492789753941,0.5254596210911557,0.38163433368184985,0.5908421230926584,0.585242796186643,0.5575938042351137,0.0,0.6150867818029779,0.5667136114125867,0.924176682040444,0.5802418333278172
29/11/2025,215.57,60.32,136.07,25.52,250800.0,73.22,68.76,12.9,0.0,14.9,281.46,48,321.6,0.5155630767475817,0.49749785559889903,0.48724306665073785,0.500111398569815,0.3727585780452793,0.5789414980448113,0.5304313584418854,0.4991275511270036,0.0,0.6150867818029779,0.5544755223119107,0.924176682040444,0.5698366820387978
30/11/2025,215.57,60.32,136.07,25.52,250800.0,73.22,68.76,12.9,20.8,14.9,281.46,48,321.6,0.5155630767475817,0.49749785559889903,0.48724306665073785,0.500111398569815,0.3727585780452793,0.5789414980448113,0.5304313584418854,0.4991275511270036,0.9971254896534348,0.6150867818029779,0.5544755223119107,0.924176682040444,0.5698366820387978
01/12/2025,214.2,60.32,135.39,25.26,248700.0,74.2,69.04,12.88,2.6,14.9,278.99,49,321.6,0.4581551838836277,0.49749785559889903,0.4479209668195171,0.4190620248273259,0.2608636683285767,0.6296828311694882,0.5730981661706364,0.4846241288515194,0.9096263213999098,0.6150867818029779,0.5070756322380573,0.9394979180700787,0.5698366820387978
02/12/2025,218.48,60.34,136.04,25.51,248000.0,76.47,69.54,13.04,0.6,14.9,277.49,49,321.75,0.7397128819767715,0.4993068468707159,0.5261592575064209,0.5799528800334859,0.3416260195581521,0.6965701622483039,0.6064530317150703,0.6167522901583323,0.5858421037283797,0.6150867818029779,0.5251932066400151,0.9394979180700787,0.572932908852653
03/12/2025,218.95,60.47,135.82,25.57,246000.0,75.0,69.91,13.16,0.0,14.9,274.34,49,321.2,0.5373189360308666,0.5092849463746892,0.4743777703809261,0.519103895814613,0.2670452109195752,0.5029989214547606,0.5867595818195815,0.5870891709569134,0.0,0.6150867818029779,0.49461825907780094,0.9394979180700787,0.5586771259084997
04/12/2025,221.45,60.66,135.21,25.47,246803.0,74.4,69.97,13.18,23.4,14.9,273.19,49,322.05,0.6408990167554012,0.5147468750353896,0.451914097630805,0.4687091475864579,0.37833366284897474,0.5479240981286294,0.5395971843223267,0.5136767945011111,0.9977148619238819,0.6150867818029779,0.5318576545109596,0.9394979180700787,0.587647898291088
05/12/2025,227.15,59.04,135.45,24.83,243662.0,74.23,70.3,12.89,1.8,14.9,270.87,49,322.1,0.8221796575895748,0.3547670083296896,0.5014680842792738,0.3035913106554511,0.19391223678555972,0.5701494720900175,0.5806907372312032,0.2928738872855687,0.8550988855984883,0.6150867818029779,0.5098482118841012,0.9394979180700787,0.5708660435601616
06/12/2025,227.15,59.04,135.45,24.83,243662.0,74.23,70.3,12.89,0.4,14.9,270.87,49,322.1,0.5155630767475817,0.49749785559889903,0.48724306665073785,0.500111398569815,0.3727585780452793,0.5789414980448113,0.5304313584418854,0.4991275511270036,0.46795964422223424,0.6150867818029779,0.5544755223119107,0.9394979180700787,0.5698366820387978
07/12/2025,227.15,59.04,135.45,24.83,243662.0,74.23,70.3,12.89,25.8,14.9,270.87,49,322.1,0.5155630767475817,0.49749785559889903,0.48724306665073785,0.500111398569815,0.3727585780452793,0.5789414980448113,0.5304313584418854,0.4991275511270036,0.9981190130248049,0.6150867818029779,0.5544755223119107,0.9394979180700787,0.5698366820387978
08/12/2025,227.32,59.04,135.64,25.01,241127.0,74.5,70.15,12.93,17.8,14.9,270.42,50,322.1,0.52329229281097,0.49749785559889903,0.4984890131860294,0.5574158794995694,0.23342912815707823,0.592912392038297,0.5074581890951504,0.5282714036279926,0.9961352950404986,0.6150867818029779,0.5454625404943823,0.9547389292732174,0.5698366820387978
09/12/2025,226.82,59.29,135.46,24.91,239694.0,74.47,69.99,12.87,0.2,14.9,270.12,50,322.5,0.49377497410737403,0.5202216011410754,0.4767052349966237,0.4687091475864579,0.3010611701731949,0.5773897114721007,0.5059238295407472,0.4557515293849788,0.2895944468794358,0.6150867818029779,0.5484385184386283,0.9547389292732174,0.5781426823398764
10/12/2025,226.8,58.58,135.63,24.76,240575.0,73.03,69.76,12.74,2.6,14.9,266.33,50,320.9,0.5146654960627898,0.434170754891407,0.49729956748985193,0.4531193955658536,0.37878339721808335,0.5045473158071191,0.49517409280574287,0.4056351920506306,0.9096263213999098,0.6150867818029779,0.48303986351303724,0.9547389292732174,0.5379427978588931
11/12/2025,230.38,58.58,135.83,25.15,241071.0,72.27,69.62,12.89,0.2,14.9,272.4,50,320.9,0.7001722506554962,0.49749785559889903,0.49908420863535236,0.6254108039436219,0.37648288365162424,0.5396582223147711,0.5089922110684558,0.6093210558845157,0.2895944468794358,0.6150867818029779,0.6910410268685643,0.9547389292732174,0.5698366820387978
12/12/2025,229.8,59.26,135.41,25.02,237379.0,71.91,69.46,12.83,12.4,14.9,273.55,50,320.8,0.4903952882165257,0.5597855483586068,0.4628092363397377,0.4593467710761644,0.15686005411373102,0.5603268283840417,0.5059238295407472,0.4557515293849788,0.992512894583348,0.6150867818029779,0.5786727334572391,0.9547389292732174,0.5677863685818798
13/12/2025,229.8,59.26,135.41,25.02,237379.0,71.91,69.46,12.83,0.8,14.9,273.55,50,320.8,0.5155630767475817,0.49749785559889903,0.48724306665073785,0.500111398569815,0.3727585780452793,0.5789414980448113,0.5304313584418854,0.4991275511270036,0.6679492834303831,0.6150867818029779,0.5544755223119107,0.9547389292732174,0.5698366820387978
14/12/2025,229.8,59.26,135.41,25.02,237379.0,71.91,69.46,12.83,0.0,14.9,273.55,50,320.8,0.5155630767475817,0.49749785559889903,0.48724306665073785,0.500111398569815,0.3727585780452793,0.5789414980448113,0.5304313584418854,0.4991275511270036,0.0,0.6150867818029779,0.5544755223119107,0.9547389292732174,0.5698366820387978
15/12/2025,230.82,59.23,134.62,24.83,236276.0,71.59,69.71,12.86,6.0,14.9,272.18,51,321.15,0.564077743577564,0.4947874872684917,0.4416669782355248,0.44069777299923407,0.3198980711159522,0.5623944536486293,0.5685390379991737,0.5209684749066019,0.9741802067696631,0.6150867818029779,0.5276594587730628,0.9699016967259845,0.5770962202861661
16/12/2025,231.15,58.41,134.55,24.62,234292.0,71.81,69.56,12.73,10.6,14.9,272.95,51,319.25,0.5307163053749162,0.42448453526127417,0.48313192562096663,0.43450311472814107,0.2680295957733141,0.5903245817111977,0.5074581890951504,0.4056351920506306,0.9901192715647549,0.6150867818029779,0.570526409150552,0.9699016967259845,0.5321151227442211
17/12/2025,230.3,57.81,135.88,24.61,233300.0,71.89,69.19,12.53,5.4,14.9,273.74,51,319.2,0.4791618033584763,0.44388594737466475,0.5679386139129698,0.4969571497792754,0.32603949235733193,0.5830801474748749,0.47362893473797674,0.35600967195303246,0.9694161370794764,0.6150867818029779,0.5709519898580735,0.9699016967259845,0.5688101559656252
18/12/2025,228.43,57.6,136.24,24.68,231978.0,71.13,69.27,12.55,5.4,14.9,266.03,51,318.0,0.4385770488973485,0.4785985629273003,0.5086481815090855,0.5222802334523788,0.30748669692193276,0.5396582223147711,0.5426495054495383,0.5136767945011126,0.9694161370794764,0.6150867818029779,0.41429512988636047,0.9699016967259845,0.5457728856460983
19/12/2025,230.4,57.6,136.1,24.62,231316.0,70.98,69.42,12.56,1.8,14.9,269.09,51,318.0,0.6127168070702953,0.49749785559889903,0.47903766396222314,0.4812333069438174,0.3435844104116373,0.5711836542048144,0.5533215403240258,0.5063964551116429,0.8550988855984883,0.6150867818029779,0.6210755500835378,0.9699016967259845,0.5698366820387978
20/12/2025,230.4,57.6,136.1,24.62,231316.0,70.98,69.42,12.56,3.4,14.9,269.09,51,318.0,0.5155630767475817,0.49749785559889903,0.48724306665073785,0.500111398569815,0.3727585780452793,0.5789414980448113,0.5304313584418854,0.4991275511270036,0.9380327354229893,0.6150867818029779,0.5544755223119107,0.9699016967259845,0.5698366820387978
21/12/2025,230.4,57.6,136.1,24.62,231316.0,70.98,69.42,12.56,5.2,14.9,269.09,51,318.0,0.5155630767475817,0.49749785559889903,0.48724306665073785,0.500111398569815,0.3727585780452793,0.5789414980448113,0.5304313584418854,0.4991275511270036,0.9675268440095589,0.6150867818029779,0.5544755223119107,0.9699016967259845,0.5698366820387978
22/12/2025,230.73,56.94,136.16,24.39,232198.0,70.99,69.47,12.45,6.4,14.9,273.2,52,317.85,0.5307163053749149,0.4385830407284107,0.49078101955306835,0.4283189629287014,0.3787891192063988,0.5794587856571496,0.5380704788832585,0.41990250575180005,0.9767567010430647,0.6150867818029779,0.6451325914000765,0.9849881155112172,0.5667651884954144
23/12/2025,228.82,57.69,136.2,24.59,231812.0,70.81,69.5,12.55,0.2,14.9,275.53,52,319.5,0.43703305079781474,0.5662744624436018,0.48960026701596177,0.5638413640570443,0.3571851543289932,0.5696323975048454,0.5350159604574021,0.5723202008680516,0.2895944468794358,0.6150867818029779,0.6046297129796971,0.9849881155112172,0.6048553578814881
24/12/2025,228.7,57.69,136.2,24.59,231812.0,70.81,69.5,12.55,2.0,14.9,276.38,52,319.5,0.5102143151509466,0.49749785559889903,0.48724306665073785,0.500111398569815,0.3727585780452793,0.5789414980448113,0.5304313584418854,0.4991275511270036,0.8727073659051631,0.6150867818029779,0.572230951467566,0.9849881155112172,0.5698366820387978
25/12/2025,228.7,57.69,136.2,24.59,231812.0,70.81,69.5,12.55,11.2,14.9,276.38,52,319.5,0.5155630767475817,0.49749785559889903,0.48724306665073785,0.500111398569815,0.3727585780452793,0.5789414980448113,0.5304313584418854,0.4991275511270036,0.9910305943124615,0.6150867818029779,0.5544755223119107,0.9849881155112172,0.5698366820387978
26/12/2025,229.82,57.69,136.23,24.57,233410.0,70.08,69.48,12.53,3.4,14.9,276.73,52,319.5,0.5690660728140284,0.49749785559889903,0.48901042394775257,0.493806106548914,0.38267239390915286,0.5412079268613359,0.5273730395827891,0.484624128851518,0.9380327354229893,0.6150867818029779,0.5616829784640638,0.9849881155112172,0.5698366820387978
27/12/2025,229.82,57.69,136.23,24.57,233410.0,70.08,69.48,12.53,0.0,14.9,276.73,52,319.5,0.5155630767475817,0.49749785559889903,0.48724306665073785,0.500111398569815,0.3727585780452793,0.5789414980448113,0.5304313584418854,0.4991275511270036,0.0,0.6150867818029779,0.5544755223119107,0.9849881155112172,0.5698366820387978
28/12/2025,229.82,57.69,136.23,24.57,233410.0,70.08,69.48,12.53,0.0,14.9,276.73,52,319.5,0.5155630767475817,0.49749785559889903,0.48724306665073785,0.500111398569815,0.3727585780452793,0.5789414980448113,0.5304313584418854,0.4991275511270036,0.0,0.6150867818029779,0.5544755223119107,0.9849881155112172,0.5698366820387978
29/12/2025,228.9,57.0,136.21,24.41,231371.0,70.28,69.46,12.45,0.0,14.9,278.42,1,318.0,0.476289075047671,0.43593494099883945,0.48606666236990204,0.4500098882896243,0.2646403399883884,0.5892895305661944,0.5273730395827869,0.4413803865727718,0.0,0.6150867818029779,0.5904413037631214,0.0,0.5398935493341942
30/12/2025,231.18,58.16,135.6,24.71,234182.0,70.25,69.5,12.66,0.0,14.9,275.83,1,319.2,0.629120620471484,0.6045096302797478,0.45191409763080337,0.5961307308226108,0.3886535681430274,0.5773897114721007,0.5365434054710474,0.65405968345515,0.0,0.6150867818029779,0.5048643355277598,0.0,0.5951334240670678
31/12/2025,232.0,58.16,135.6,24.71,234182.0,70.25,69.5,12.66,10.8,14.9,273.08,1,319.2,0.5542085283353563,0.49749785559889903,0.48724306665073785,0.500111398569815,0.3727585780452793,0.5789414980448113,0.5304313584418854,0.4991275511270036,0.9904378816014464,0.6150867818029779,0.5019248960356177,0.0,0.5698366820387978
