REGIAO:;;;;;;
UF:;;;;;;
ESTACAO:;;;;;;
CODIGO (WMO):;;;;;;
LATITUDE:;;;;;;
LONGITUDE:;;;;;;
ALTITUDE:;;;;;;
DATA DE FUNDACAO:;;;;;;
Data;TEMPERATURA DO AR - BULBO SECO, HORARIA (°C);;;;;
01/01/2025;26.30;;;;;
01/01/2025;26.10;;;;;
01/01/2025;;;;;;
01/01/2025;25.00;;;;;
01/01/2025;24.60;;;;;
01/01/2025;24.20;;;;;
01/01/2025;24.20;;;;;
01/01/2025;24.30;;;;;
01/01/2025;24.60;;;;;
01/01/2025;24.00;;;;;
01/01/2025;24.60;;;;;
01/01/2025;25.60;;;;;
01/01/2025;26.30;;;;;
01/01/2025;27.80;;;;;
01/01/2025;30.00;;;;;
01/01/2025;31.10;;;;;
01/01/2025;31.80;;;;;
01/01/2025;32.60;;;;;
01/01/2025;33.10;;;;;
01/01/2025;33.10;;;;;
01/01/2025;32.90;;;;;
01/01/2025;32.20;;;;;
01/01/2025;29.60;;;;;
01/01/2025;28.70;;;;;
02/01/2025;27.70;;;;;
02/01/2025;26.20;;;;;
02/01/2025;25.50;;;;;
02/01/2025;25.00;;;;;
02/01/2025;25.10;;;;;
02/01/2025;24.80;;;;;
02/01/2025;24.60;;;;;
02/01/2025;24.60;;;;;
02/01/2025;24.60;;;;;
02/01/2025;24.40;;;;;
02/01/2025;24.70;;;;;
02/01/2025;25.60;;;;;
02/01/2025;26.70;;;;;
02/01/2025;26.80;;;;;
02/01/2025;27.20;;;;;
02/01/2025;27.90;;;;;
02/01/2025;30.20;;;;;
02/01/2025;30.70;;;;;
02/01/2025;30.80;;;;;
02/01/2025;30.90;;;;;
02/01/2025;31.80;;;;;
02/01/2025;29.30;;;;;
02/01/2025;28.20;;;;;
02/01/2025;;;;;;
03/01/2025;;;;;;
03/01/2025;25.00;;;;;
03/01/2025;22.80;;;;;
03/01/2025;22.70;;;;;
03/01/2025;22.60;;;;;
03/01/2025;22.80;;;;;
03/01/2025;22.80;;;;;
03/01/2025;22.90;;;;;
03/01/2025;22.80;;;;;
03/01/2025;22.70;;;;;
03/01/2025;22.80;;;;;
03/01/2025;23.40;;;;;
03/01/2025;24.30;;;;;
03/01/2025;26.10;;;;;
03/01/2025;27.10;;;;;
03/01/2025;28.50;;;;;
03/01/2025;29.70;;;;;
03/01/2025;31.10;;;;;
03/01/2025;31.30;;;;;
03/01/2025;32.30;;;;;
03/01/2025;32.00;;;;;
03/01/2025;30.70;;;;;
03/01/2025;28.20;;;;;
03/01/2025;26.60;;;;;
04/01/2025;26.00;;;;;
04/01/2025;;;;;;
04/01/2025;;;;;;
04/01/2025;25.80;;;;;
04/01/2025;24.50;;;;;
04/01/2025;24.00;;;;;
04/01/2025;24.40;;;;;
04/01/2025;24.60;;;;;
04/01/2025;24.60;;;;;
04/01/2025;23.80;;;;;
04/01/2025;25.20;;;;;
04/01/2025;26.80;;;;;
04/01/2025;29.80;;;;;
04/01/2025;31.00;;;;;
04/01/2025;32.50;;;;;
04/01/2025;33.10;;;;;
04/01/2025;33.80;;;;;
04/01/2025;34.70;;;;;
04/01/2025;34.00;;;;;
04/01/2025;34.60;;;;;
04/01/2025;31.20;;;;;
04/01/2025;29.50;;;;;
04/01/2025;27.90;;;;;
04/01/2025;27.30;;;;;
05/01/2025;;;;;;
05/01/2025;;;;;;
05/01/2025;;;;;;
05/01/2025;;;;;;
05/01/2025;24.50;;;;;
05/01/2025;24.60;;;;;
05/01/2025;23.90;;;;;
05/01/2025;24.00;;;;;
05/01/2025;23.80;;;;;
05/01/2025;24.20;;;;;
05/01/2025;24.40;;;;;
05/01/2025;24.30;;;;;
05/01/2025;25.40;;;;;
05/01/2025;26.70;;;;;
05/01/2025;28.60;;;;;
05/01/2025;23.20;;;;;
05/01/2025;25.30;;;;;
05/01/2025;26.30;;;;;
05/01/2025;26.10;;;;;
05/01/2025;26.90;;;;;
05/01/2025;27.30;;;;;
05/01/2025;26.70;;;;;
05/01/2025;26.00;;;;;
05/01/2025;24.90;;;;;
06/01/2025;24.90;;;;;
06/01/2025;24.80;;;;;
06/01/2025;;;;;;
06/01/2025;24.70;;;;;
06/01/2025;24.50;;;;;
06/01/2025;25.00;;;;;
06/01/2025;;;;;;
06/01/2025;;;;;;
06/01/2025;22.20;;;;;
06/01/2025;22.40;;;;;
06/01/2025;22.70;;;;;
06/01/2025;23.60;;;;;
06/01/2025;25.00;;;;;
06/01/2025;25.90;;;;;
06/01/2025;26.70;;;;;
06/01/2025;27.40;;;;;
06/01/2025;27.80;;;;;
06/01/2025;28.70;;;;;
06/01/2025;29.50;;;;;
06/01/2025;29.70;;;;;
06/01/2025;30.40;;;;;
06/01/2025;29.20;;;;;
06/01/2025;26.90;;;;;
06/01/2025;25.80;;;;;
07/01/2025;25.40;;;;;
07/01/2025;;;;;;
07/01/2025;24.60;;;;;
07/01/2025;24.60;;;;;
07/01/2025;24.70;;;;;
07/01/2025;24.80;;;;;
07/01/2025;24.50;;;;;
07/01/2025;23.80;;;;;
07/01/2025;23.40;;;;;
07/01/2025;23.50;;;;;
07/01/2025;24.20;;;;;
07/01/2025;26.00;;;;;
07/01/2025;28.00;;;;;
07/01/2025;29.80;;;;;
07/01/2025;30.40;;;;;
07/01/2025;30.20;;;;;
07/01/2025;28.20;;;;;
07/01/2025;28.20;;;;;
07/01/2025;26.50;;;;;
07/01/2025;26.00;;;;;
07/01/2025;25.90;;;;;
07/01/2025;25.70;;;;;
07/01/2025;24.90;;;;;
07/01/2025;24.60;;;;;
08/01/2025;25.10;;;;;
08/01/2025;;;;;;
08/01/2025;;;;;;
08/01/2025;;;;;;
08/01/2025;24.30;;;;;
08/01/2025;24.60;;;;;
08/01/2025;24.20;;;;;
08/01/2025;24.20;;;;;
08/01/2025;23.90;;;;;
08/01/2025;23.90;;;;;
08/01/2025;24.00;;;;;
08/01/2025;24.60;;;;;
08/01/2025;26.00;;;;;
08/01/2025;27.50;;;;;
08/01/2025;29.30;;;;;
08/01/2025;27.90;;;;;
08/01/2025;25.60;;;;;
08/01/2025;29.00;;;;;
08/01/2025;30.10;;;;;
08/01/2025;29.60;;;;;
08/01/2025;27.20;;;;;
08/01/2025;26.00;;;;;
08/01/2025;25.50;;;;;
08/01/2025;25.30;;;;;
09/01/2025;;;;;;
09/01/2025;24.90;;;;;
09/01/2025;;;;;;
09/01/2025;24.50;;;;;
09/01/2025;24.50;;;;;
09/01/2025;24.40;;;;;
09/01/2025;24.20;;;;;
09/01/2025;24.20;;;;;
09/01/2025;23.20;;;;;
09/01/2025;22.90;;;;;
09/01/2025;23.00;;;;;
09/01/2025;23.00;;;;;
09/01/2025;23.10;;;;;
09/01/2025;23.70;;;;;
09/01/2025;24.50;;;;;
09/01/2025;25.40;;;;;
09/01/2025;26.10;;;;;
09/01/2025;26.00;;;;;
09/01/2025;25.70;;;;;
09/01/2025;26.30;;;;;
09/01/2025;27.10;;;;;
09/01/2025;26.60;;;;;
09/01/2025;26.00;;;;;
09/01/2025;24.00;;;;;
10/01/2025;23.70;;;;;
10/01/2025;;;;;;
10/01/2025;;;;;;
10/01/2025;;;;;;
10/01/2025;23.80;;;;;
10/01/2025;23.70;;;;;
10/01/2025;23.50;;;;;
10/01/2025;23.40;;;;;
10/01/2025;23.30;;;;;
10/01/2025;23.40;;;;;
10/01/2025;23.50;;;;;
10/01/2025;24.10;;;;;
10/01/2025;24.30;;;;;
10/01/2025;24.70;;;;;
10/01/2025;25.00;;;;;
10/01/2025;26.60;;;;;
10/01/2025;26.70;;;;;
10/01/2025;26.90;;;;;
10/01/2025;24.90;;;;;
10/01/2025;23.70;;;;;
10/01/2025;23.90;;;;;
10/01/2025;24.20;;;;;
10/01/2025;24.40;;;;;
10/01/2025;24.20;;;;;
11/01/2025;24.00;;;;;
11/01/2025;;;;;;
11/01/2025;;;;;;
11/01/2025;23.10;;;;;
11/01/2025;23.20;;;;;
11/01/2025;23.10;;;;;
11/01/2025;23.00;;;;;
11/01/2025;23.10;;;;;
11/01/2025;23.00;;;;;
11/01/2025;23.00;;;;;
11/01/2025;23.50;;;;;
11/01/2025;24.60;;;;;
11/01/2025;25.30;;;;;
11/01/2025;26.40;;;;;
11/01/2025;26.80;;;;;
11/01/2025;28.40;;;;;
11/01/2025;28.30;;;;;
11/01/2025;27.30;;;;;
11/01/2025;29.70;;;;;
11/01/2025;29.80;;;;;
11/01/2025;28.10;;;;;
11/01/2025;26.80;;;;;
11/01/2025;26.60;;;;;
11/01/2025;25.90;;;;;
12/01/2025;;;;;;
12/01/2025;;;;;;
12/01/2025;;;;;;
12/01/2025;;;;;;
12/01/2025;;;;;;
12/01/2025;;;;;;
12/01/2025;23.60;;;;;
12/01/2025;23.40;;;;;
12/01/2025;23.40;;;;;
12/01/2025;23.40;;;;;
12/01/2025;23.70;;;;;
12/01/2025;24.60;;;;;
12/01/2025;25.40;;;;;
12/01/2025;25.10;;;;;
12/01/2025;24.90;;;;;
12/01/2025;25.70;;;;;
12/01/2025;27.50;;;;;
12/01/2025;25.10;;;;;
12/01/2025;24.60;;;;;
12/01/2025;25.20;;;;;
12/01/2025;24.50;;;;;
12/01/2025;24.60;;;;;
12/01/2025;24.40;;;;;
12/01/2025;24.30;;;;;
13/01/2025;;;;;;
13/01/2025;;;;;;
13/01/2025;;;;;;
13/01/2025;;;;;;
13/01/2025;23.60;;;;;
13/01/2025;23.50;;;;;
13/01/2025;23.60;;;;;
13/01/2025;23.70;;;;;
13/01/2025;23.20;;;;;
13/01/2025;23.30;;;;;
13/01/2025;23.30;;;;;
13/01/2025;23.40;;;;;
13/01/2025;23.80;;;;;
13/01/2025;24.30;;;;;
13/01/2025;25.40;;;;;
13/01/2025;25.80;;;;;
13/01/2025;26.00;;;;;
13/01/2025;26.70;;;;;
13/01/2025;27.60;;;;;
13/01/2025;25.90;;;;;
13/01/2025;25.10;;;;;
13/01/2025;25.20;;;;;
13/01/2025;24.90;;;;;
13/01/2025;24.50;;;;;
14/01/2025;;;;;;
14/01/2025;24.00;;;;;
14/01/2025;;;;;;
14/01/2025;;;;;;
14/01/2025;23.90;;;;;
14/01/2025;23.30;;;;;
14/01/2025;22.80;;;;;
14/01/2025;22.70;;;;;
14/01/2025;22.90;;;;;
14/01/2025;23.10;;;;;
14/01/2025;23.20;;;;;
14/01/2025;23.70;;;;;
14/01/2025;24.30;;;;;
14/01/2025;25.00;;;;;
14/01/2025;25.00;;;;;
14/01/2025;25.50;;;;;
14/01/2025;25.60;;;;;
14/01/2025;23.00;;;;;
14/01/2025;23.50;;;;;
14/01/2025;23.40;;;;;
14/01/2025;23.80;;;;;
14/01/2025;24.10;;;;;
14/01/2025;23.80;;;;;
14/01/2025;23.40;;;;;
15/01/2025;23.60;;;;;
15/01/2025;;;;;;
15/01/2025;23.50;;;;;
15/01/2025;23.50;;;;;
15/01/2025;23.40;;;;;
15/01/2025;23.40;;;;;
15/01/2025;23.40;;;;;
15/01/2025;23.40;;;;;
15/01/2025;23.30;;;;;
15/01/2025;23.40;;;;;
15/01/2025;23.50;;;;;
15/01/2025;24.00;;;;;
15/01/2025;24.40;;;;;
15/01/2025;24.70;;;;;
15/01/2025;26.50;;;;;
15/01/2025;27.10;;;;;
15/01/2025;26.90;;;;;
15/01/2025;25.60;;;;;
15/01/2025;24.80;;;;;
15/01/2025;25.90;;;;;
15/01/2025;24.30;;;;;
15/01/2025;25.10;;;;;
15/01/2025;24.90;;;;;
15/01/2025;24.50;;;;;
16/01/2025;24.20;;;;;
16/01/2025;23.90;;;;;
16/01/2025;23.80;;;;;
16/01/2025;;;;;;
16/01/2025;23.60;;;;;
16/01/2025;23.40;;;;;
16/01/2025;23.20;;;;;
16/01/2025;23.30;;;;;
16/01/2025;23.40;;;;;
16/01/2025;23.40;;;;;
16/01/2025;23.60;;;;;
16/01/2025;23.70;;;;;
16/01/2025;23.80;;;;;
16/01/2025;24.10;;;;;
16/01/2025;24.30;;;;;
16/01/2025;25.00;;;;;
16/01/2025;24.50;;;;;
16/01/2025;24.40;;;;;
16/01/2025;24.70;;;;;
16/01/2025;25.20;;;;;
16/01/2025;25.30;;;;;
16/01/2025;25.10;;;;;
16/01/2025;24.60;;;;;
16/01/2025;24.30;;;;;
17/01/2025;;;;;;
17/01/2025;24.20;;;;;
17/01/2025;24.00;;;;;
17/01/2025;;;;;;
17/01/2025;23.60;;;;;
17/01/2025;23.60;;;;;
17/01/2025;23.30;;;;;
17/01/2025;23.10;;;;;
17/01/2025;23.20;;;;;
17/01/2025;23.20;;;;;
17/01/2025;23.40;;;;;
17/01/2025;23.60;;;;;
17/01/2025;24.30;;;;;
17/01/2025;24.70;;;;;
17/01/2025;26.10;;;;;
17/01/2025;27.20;;;;;
17/01/2025;25.70;;;;;
17/01/2025;25.20;;;;;
17/01/2025;26.70;;;;;
17/01/2025;27.10;;;;;
17/01/2025;27.70;;;;;
17/01/2025;27.20;;;;;
17/01/2025;26.10;;;;;
17/01/2025;25.40;;;;;
18/01/2025;;;;;;
18/01/2025;;;;;;
18/01/2025;24.00;;;;;
18/01/2025;24.60;;;;;
18/01/2025;24.20;;;;;
18/01/2025;23.90;;;;;
18/01/2025;23.30;;;;;
18/01/2025;22.80;;;;;
18/01/2025;23.20;;;;;
18/01/2025;23.00;;;;;
18/01/2025;23.70;;;;;
18/01/2025;24.30;;;;;
18/01/2025;25.90;;;;;
18/01/2025;27.60;;;;;
18/01/2025;28.70;;;;;
18/01/2025;30.20;;;;;
18/01/2025;30.80;;;;;
18/01/2025;31.70;;;;;
18/01/2025;31.50;;;;;
18/01/2025;31.60;;;;;
18/01/2025;30.80;;;;;
18/01/2025;24.70;;;;;
18/01/2025;24.30;;;;;
18/01/2025;24.00;;;;;
19/01/2025;;;;;;
19/01/2025;23.20;;;;;
19/01/2025;;;;;;
19/01/2025;;;;;;
19/01/2025;22.90;;;;;
19/01/2025;22.60;;;;;
19/01/2025;22.60;;;;;
19/01/2025;22.40;;;;;
19/01/2025;22.50;;;;;
19/01/2025;22.20;;;;;
19/01/2025;22.40;;;;;
19/01/2025;22.90;;;;;
19/01/2025;24.90;;;;;
19/01/2025;26.30;;;;;
19/01/2025;26.80;;;;;
19/01/2025;28.40;;;;;
19/01/2025;30.10;;;;;
19/01/2025;30.40;;;;;
19/01/2025;30.90;;;;;
19/01/2025;31.30;;;;;
19/01/2025;30.90;;;;;
19/01/2025;27.60;;;;;
19/01/2025;26.20;;;;;
19/01/2025;26.50;;;;;
20/01/2025;;;;;;
20/01/2025;;;;;;
20/01/2025;;;;;;
20/01/2025;23.00;;;;;
20/01/2025;23.40;;;;;
20/01/2025;24.00;;;;;
20/01/2025;23.50;;;;;
20/01/2025;22.70;;;;;
20/01/2025;22.70;;;;;
20/01/2025;22.30;;;;;
20/01/2025;23.90;;;;;
20/01/2025;25.80;;;;;
20/01/2025;27.80;;;;;
20/01/2025;29.40;;;;;
20/01/2025;30.60;;;;;
20/01/2025;31.70;;;;;
20/01/2025;30.70;;;;;
20/01/2025;30.40;;;;;
20/01/2025;30.00;;;;;
20/01/2025;29.60;;;;;
20/01/2025;30.20;;;;;
20/01/2025;28.90;;;;;
20/01/2025;27.00;;;;;
20/01/2025;25.70;;;;;
21/01/2025;25.00;;;;;
21/01/2025;24.90;;;;;
21/01/2025;;;;;;
21/01/2025;24.60;;;;;
21/01/2025;25.00;;;;;
21/01/2025;24.80;;;;;
21/01/2025;24.30;;;;;
21/01/2025;23.30;;;;;
21/01/2025;23.50;;;;;
21/01/2025;23.30;;;;;
21/01/2025;23.60;;;;;
21/01/2025;25.40;;;;;
21/01/2025;26.10;;;;;
21/01/2025;29.00;;;;;
21/01/2025;29.70;;;;;
21/01/2025;29.60;;;;;
21/01/2025;30.50;;;;;
21/01/2025;31.80;;;;;
21/01/2025;32.20;;;;;
21/01/2025;32.80;;;;;
21/01/2025;30.70;;;;;
21/01/2025;26.70;;;;;
21/01/2025;25.80;;;;;
21/01/2025;24.90;;;;;
22/01/2025;;;;;;
22/01/2025;25.00;;;;;
22/01/2025;;;;;;
22/01/2025;25.00;;;;;
22/01/2025;24.80;;;;;
22/01/2025;24.50;;;;;
22/01/2025;23.90;;;;;
22/01/2025;23.60;;;;;
22/01/2025;24.00;;;;;
22/01/2025;23.60;;;;;
22/01/2025;25.30;;;;;
22/01/2025;27.80;;;;;
22/01/2025;30.00;;;;;
22/01/2025;31.60;;;;;
22/01/2025;33.10;;;;;
22/01/2025;34.10;;;;;
22/01/2025;29.50;;;;;
22/01/2025;26.40;;;;;
22/01/2025;27.50;;;;;
22/01/2025;27.40;;;;;
22/01/2025;25.20;;;;;
22/01/2025;24.30;;;;;
22/01/2025;24.20;;;;;
22/01/2025;22.90;;;;;
23/01/2025;23.00;;;;;
23/01/2025;23.00;;;;;
23/01/2025;;;;;;
23/01/2025;23.00;;;;;
23/01/2025;;;;;;
23/01/2025;23.30;;;;;
23/01/2025;23.60;;;;;
23/01/2025;23.80;;;;;
23/01/2025;23.70;;;;;
23/01/2025;22.60;;;;;
23/01/2025;23.50;;;;;
23/01/2025;25.00;;;;;
23/01/2025;26.90;;;;;
23/01/2025;29.00;;;;;
23/01/2025;30.40;;;;;
23/01/2025;30.90;;;;;
23/01/2025;31.80;;;;;
23/01/2025;32.30;;;;;
23/01/2025;32.70;;;;;
23/01/2025;32.90;;;;;
23/01/2025;32.90;;;;;
23/01/2025;32.70;;;;;
23/01/2025;31.60;;;;;
23/01/2025;29.60;;;;;
24/01/2025;;;;;;
24/01/2025;28.50;;;;;
24/01/2025;27.20;;;;;
24/01/2025;26.10;;;;;
24/01/2025;25.90;;;;;
24/01/2025;25.70;;;;;
24/01/2025;24.60;;;;;
24/01/2025;24.80;;;;;
24/01/2025;24.10;;;;;
24/01/2025;24.30;;;;;
24/01/2025;25.70;;;;;
24/01/2025;28.20;;;;;
24/01/2025;29.20;;;;;
24/01/2025;29.10;;;;;
24/01/2025;32.00;;;;;
24/01/2025;32.50;;;;;
24/01/2025;33.00;;;;;
24/01/2025;33.40;;;;;
24/01/2025;35.00;;;;;
24/01/2025;35.30;;;;;
24/01/2025;34.40;;;;;
24/01/2025;34.40;;;;;
24/01/2025;30.20;;;;;
24/01/2025;;;;;;
25/01/2025;27.10;;;;;
25/01/2025;;;;;;
25/01/2025;27.20;;;;;
25/01/2025;25.90;;;;;
25/01/2025;25.50;;;;;
25/01/2025;24.90;;;;;
25/01/2025;24.60;;;;;
25/01/2025;24.80;;;;;
25/01/2025;24.90;;;;;
25/01/2025;24.40;;;;;
25/01/2025;24.90;;;;;
25/01/2025;26.90;;;;;
25/01/2025;28.80;;;;;
25/01/2025;30.00;;;;;
25/01/2025;31.10;;;;;
25/01/2025;32.30;;;;;
25/01/2025;32.30;;;;;
25/01/2025;33.80;;;;;
25/01/2025;34.00;;;;;
25/01/2025;33.40;;;;;
25/01/2025;32.50;;;;;
25/01/2025;23.30;;;;;
25/01/2025;23.80;;;;;
25/01/2025;22.90;;;;;
26/01/2025;;;;;;
26/01/2025;;;;;;
26/01/2025;23.10;;;;;
26/01/2025;23.90;;;;;
26/01/2025;23.30;;;;;
26/01/2025;22.80;;;;;
26/01/2025;23.20;;;;;
26/01/2025;23.00;;;;;
26/01/2025;22.80;;;;;
26/01/2025;22.80;;;;;
26/01/2025;23.40;;;;;
26/01/2025;24.30;;;;;
26/01/2025;25.40;;;;;
26/01/2025;28.40;;;;;
26/01/2025;29.20;;;;;
26/01/2025;30.90;;;;;
26/01/2025;33.00;;;;;
26/01/2025;32.40;;;;;
26/01/2025;30.00;;;;;
26/01/2025;25.70;;;;;
26/01/2025;24.50;;;;;
26/01/2025;24.90;;;;;
26/01/2025;25.20;;;;;
26/01/2025;;;;;;
27/01/2025;24.50;;;;;
27/01/2025;24.30;;;;;
27/01/2025;;;;;;
27/01/2025;23.80;;;;;
27/01/2025;23.30;;;;;
27/01/2025;23.30;;;;;
27/01/2025;22.90;;;;;
27/01/2025;22.80;;;;;
27/01/2025;23.00;;;;;
27/01/2025;23.20;;;;;
27/01/2025;23.30;;;;;
27/01/2025;25.60;;;;;
27/01/2025;27.40;;;;;
27/01/2025;29.50;;;;;
27/01/2025;30.60;;;;;
27/01/2025;32.70;;;;;
27/01/2025;33.30;;;;;
27/01/2025;34.10;;;;;
27/01/2025;34.00;;;;;
27/01/2025;33.50;;;;;
27/01/2025;34.00;;;;;
27/01/2025;32.60;;;;;
27/01/2025;31.30;;;;;
27/01/2025;28.90;;;;;
28/01/2025;28.60;;;;;
28/01/2025;27.90;;;;;
28/01/2025;;;;;;
28/01/2025;;;;;;
28/01/2025;26.30;;;;;
28/01/2025;24.80;;;;;
28/01/2025;24.80;;;;;
28/01/2025;24.40;;;;;
28/01/2025;23.90;;;;;
28/01/2025;23.80;;;;;
28/01/2025;24.40;;;;;
28/01/2025;27.10;;;;;
28/01/2025;28.90;;;;;
28/01/2025;31.00;;;;;
28/01/2025;32.50;;;;;
28/01/2025;33.60;;;;;
28/01/2025;34.20;;;;;
28/01/2025;33.70;;;;;
28/01/2025;25.20;;;;;
28/01/2025;26.90;;;;;
28/01/2025;30.20;;;;;
28/01/2025;30.50;;;;;
28/01/2025;28.90;;;;;
28/01/2025;27.80;;;;;
29/01/2025;27.00;;;;;
29/01/2025;26.50;;;;;
29/01/2025;26.40;;;;;
29/01/2025;26.30;;;;;
29/01/2025;25.50;;;;;
29/01/2025;25.40;;;;;
29/01/2025;24.90;;;;;
29/01/2025;24.60;;;;;
29/01/2025;24.40;;;;;
29/01/2025;24.20;;;;;
29/01/2025;25.10;;;;;
29/01/2025;26.60;;;;;
29/01/2025;27.30;;;;;
29/01/2025;29.70;;;;;
29/01/2025;31.30;;;;;
29/01/2025;31.30;;;;;
29/01/2025;32.70;;;;;
29/01/2025;30.80;;;;;
29/01/2025;30.30;;;;;
29/01/2025;31.20;;;;;
29/01/2025;31.30;;;;;
29/01/2025;30.90;;;;;
29/01/2025;29.30;;;;;
29/01/2025;27.50;;;;;
30/01/2025;27.20;;;;;
30/01/2025;27.40;;;;;
30/01/2025;;;;;;
30/01/2025;25.90;;;;;
30/01/2025;;;;;;
30/01/2025;23.60;;;;;
30/01/2025;23.20;;;;;
30/01/2025;23.00;;;;;
30/01/2025;22.70;;;;;
30/01/2025;22.80;;;;;
30/01/2025;23.40;;;;;
30/01/2025;24.20;;;;;
30/01/2025;24.80;;;;;
30/01/2025;25.30;;;;;
30/01/2025;26.20;;;;;
30/01/2025;27.40;;;;;
30/01/2025;29.10;;;;;
30/01/2025;30.30;;;;;
30/01/2025;30.60;;;;;
30/01/2025;30.90;;;;;
30/01/2025;31.20;;;;;
30/01/2025;30.20;;;;;
30/01/2025;28.50;;;;;
30/01/2025;27.20;;;;;
31/01/2025;25.80;;;;;
31/01/2025;;;;;;
31/01/2025;25.00;;;;;
31/01/2025;;;;;;
31/01/2025;25.20;;;;;
31/01/2025;25.10;;;;;
31/01/2025;24.80;;;;;
31/01/2025;24.80;;;;;
31/01/2025;24.60;;;;;
31/01/2025;24.70;;;;;
31/01/2025;24.90;;;;;
31/01/2025;25.90;;;;;
31/01/2025;26.60;;;;;
31/01/2025;26.80;;;;;
31/01/2025;25.00;;;;;
31/01/2025;26.10;;;;;
31/01/2025;26.30;;;;;
31/01/2025;25.80;;;;;
31/01/2025;25.40;;;;;
31/01/2025;24.00;;;;;
31/01/2025;24.00;;;;;
31/01/2025;23.20;;;;;
31/01/2025;23.00;;;;;
31/01/2025;22.80;;;;;
01/02/2025;;;;;;
01/02/2025;;;;;;
01/02/2025;22.80;;;;;
01/02/2025;;;;;;
01/02/2025;22.70;;;;;
01/02/2025;;;;;;
01/02/2025;22.90;;;;;
01/02/2025;22.80;;;;;
01/02/2025;22.90;;;;;
01/02/2025;22.90;;;;;
01/02/2025;23.10;;;;;
01/02/2025;23.90;;;;;
01/02/2025;25.20;;;;;
01/02/2025;26.70;;;;;
01/02/2025;26.90;;;;;
01/02/2025;27.20;;;;;
01/02/2025;29.50;;;;;
01/02/2025;29.80;;;;;
01/02/2025;30.50;;;;;
01/02/2025;30.90;;;;;
01/02/2025;30.20;;;;;
01/02/2025;26.70;;;;;
01/02/2025;25.50;;;;;
01/02/2025;25.50;;;;;
02/02/2025;24.80;;;;;
02/02/2025;25.30;;;;;
02/02/2025;25.00;;;;;
02/02/2025;24.50;;;;;
02/02/2025;24.60;;;;;
02/02/2025;23.60;;;;;
02/02/2025;22.10;;;;;
02/02/2025;22.30;;;;;
02/02/2025;22.50;;;;;
02/02/2025;22.70;;;;;
02/02/2025;22.70;;;;;
02/02/2025;23.40;;;;;
02/02/2025;23.20;;;;;
02/02/2025;23.10;;;;;
02/02/2025;24.10;;;;;
02/02/2025;25.60;;;;;
02/02/2025;27.20;;;;;
02/02/2025;28.60;;;;;
02/02/2025;28.60;;;;;
02/02/2025;29.70;;;;;
02/02/2025;29.40;;;;;
02/02/2025;28.50;;;;;
02/02/2025;27.30;;;;;
02/02/2025;26.80;;;;;
03/02/2025;26.00;;;;;
03/02/2025;;;;;;
03/02/2025;;;;;;
03/02/2025;;;;;;
03/02/2025;;;;;;
03/02/2025;22.70;;;;;
03/02/2025;22.90;;;;;
03/02/2025;22.80;;;;;
03/02/2025;22.40;;;;;
03/02/2025;22.00;;;;;
03/02/2025;22.00;;;;;
03/02/2025;22.80;;;;;
03/02/2025;24.20;;;;;
03/02/2025;26.50;;;;;
03/02/2025;27.20;;;;;
03/02/2025;29.00;;;;;
03/02/2025;29.50;;;;;
03/02/2025;29.90;;;;;
03/02/2025;30.80;;;;;
03/02/2025;30.60;;;;;
03/02/2025;30.90;;;;;
03/02/2025;28.90;;;;;
03/02/2025;27.20;;;;;
03/02/2025;27.00;;;;;
04/02/2025;26.70;;;;;
04/02/2025;26.10;;;;;
04/02/2025;;;;;;
04/02/2025;;;;;;
04/02/2025;25.40;;;;;
04/02/2025;25.20;;;;;
04/02/2025;24.70;;;;;
04/02/2025;24.70;;;;;
04/02/2025;24.50;;;;;
04/02/2025;24.40;;;;;
04/02/2025;24.60;;;;;
04/02/2025;25.60;;;;;
04/02/2025;27.80;;;;;
04/02/2025;29.50;;;;;
04/02/2025;31.10;;;;;
04/02/2025;31.80;;;;;
04/02/2025;33.30;;;;;
04/02/2025;34.30;;;;;
04/02/2025;25.80;;;;;
04/02/2025;24.60;;;;;
04/02/2025;23.90;;;;;
04/02/2025;24.40;;;;;
04/02/2025;24.30;;;;;
04/02/2025;24.60;;;;;
05/02/2025;;;;;;
05/02/2025;;;;;;
05/02/2025;;;;;;
05/02/2025;;;;;;
05/02/2025;24.00;;;;;
05/02/2025;23.70;;;;;
05/02/2025;23.60;;;;;
05/02/2025;23.60;;;;;
05/02/2025;23.40;;;;;
05/02/2025;23.20;;;;;
05/02/2025;23.60;;;;;
05/02/2025;24.20;;;;;
05/02/2025;25.50;;;;;
05/02/2025;27.00;;;;;
05/02/2025;28.40;;;;;
05/02/2025;29.60;;;;;
05/02/2025;30.40;;;;;
05/02/2025;31.40;;;;;
05/02/2025;32.20;;;;;
05/02/2025;31.70;;;;;
05/02/2025;31.90;;;;;
05/02/2025;31.20;;;;;
05/02/2025;28.50;;;;;
05/02/2025;28.40;;;;;
06/02/2025;;;;;;
06/02/2025;;;;;;
06/02/2025;26.10;;;;;
06/02/2025;25.90;;;;;
06/02/2025;25.60;;;;;
06/02/2025;25.50;;;;;
06/02/2025;25.30;;;;;
06/02/2025;24.70;;;;;
06/02/2025;24.50;;;;;
06/02/2025;23.90;;;;;
06/02/2025;24.50;;;;;
06/02/2025;25.80;;;;;
06/02/2025;27.70;;;;;
06/02/2025;29.40;;;;;
06/02/2025;32.10;;;;;
06/02/2025;32.10;;;;;
06/02/2025;33.40;;;;;
06/02/2025;33.80;;;;;
06/02/2025;34.50;;;;;
06/02/2025;32.80;;;;;
06/02/2025;32.00;;;;;
06/02/2025;30.30;;;;;
06/02/2025;28.90;;;;;
06/02/2025;26.80;;;;;
07/02/2025;;;;;;
07/02/2025;25.90;;;;;
07/02/2025;24.50;;;;;
07/02/2025;25.30;;;;;
07/02/2025;24.30;;;;;
07/02/2025;24.60;;;;;
07/02/2025;23.50;;;;;
07/02/2025;23.10;;;;;
07/02/2025;23.60;;;;;
07/02/2025;24.30;;;;;
07/02/2025;24.60;;;;;
07/02/2025;26.50;;;;;
07/02/2025;29.70;;;;;
07/02/2025;32.00;;;;;
07/02/2025;32.80;;;;;
07/02/2025;33.60;;;;;
07/02/2025;32.90;;;;;
07/02/2025;34.10;;;;;
07/02/2025;35.10;;;;;
07/02/2025;35.50;;;;;
07/02/2025;35.00;;;;;
07/02/2025;33.40;;;;;
07/02/2025;29.90;;;;;
07/02/2025;28.70;;;;;
08/02/2025;28.30;;;;;
08/02/2025;;;;;;
08/02/2025;;;;;;
08/02/2025;26.00;;;;;
08/02/2025;25.20;;;;;
08/02/2025;25.60;;;;;
08/02/2025;24.80;;;;;
08/02/2025;24.10;;;;;
08/02/2025;24.40;;;;;
08/02/2025;24.00;;;;;
08/02/2025;24.80;;;;;
08/02/2025;28.70;;;;;
08/02/2025;32.20;;;;;
08/02/2025;32.60;;;;;
08/02/2025;32.70;;;;;
08/02/2025;34.40;;;;;
08/02/2025;34.30;;;;;
08/02/2025;34.60;;;;;
08/02/2025;33.50;;;;;
08/02/2025;35.20;;;;;
08/02/2025;30.10;;;;;
08/02/2025;29.10;;;;;
08/02/2025;28.40;;;;;
08/02/2025;26.00;;;;;
09/02/2025;;;;;;
09/02/2025;25.20;;;;;
09/02/2025;;;;;;
09/02/2025;24.50;;;;;
09/02/2025;24.60;;;;;
09/02/2025;25.30;;;;;
09/02/2025;25.00;;;;;
09/02/2025;24.40;;;;;
09/02/2025;24.40;;;;;
09/02/2025;24.40;;;;;
09/02/2025;24.00;;;;;
09/02/2025;23.70;;;;;
09/02/2025;23.20;;;;;
09/02/2025;23.00;;;;;
09/02/2025;23.50;;;;;
09/02/2025;24.50;;;;;
09/02/2025;27.50;;;;;
09/02/2025;28.50;;;;;
09/02/2025;30.10;;;;;
09/02/2025;29.90;;;;;
09/02/2025;29.80;;;;;
09/02/2025;29.30;;;;;
09/02/2025;28.10;;;;;
09/02/2025;27.30;;;;;
10/02/2025;26.20;;;;;
10/02/2025;26.80;;;;;
10/02/2025;26.30;;;;;
10/02/2025;23.90;;;;;
10/02/2025;24.00;;;;;
10/02/2025;23.80;;;;;
10/02/2025;23.90;;;;;
10/02/2025;24.30;;;;;
10/02/2025;23.50;;;;;
10/02/2025;23.00;;;;;
10/02/2025;23.60;;;;;
10/02/2025;24.90;;;;;
10/02/2025;23.90;;;;;
10/02/2025;21.80;;;;;
10/02/2025;22.30;;;;;
10/02/2025;23.90;;;;;
10/02/2025;24.60;;;;;
10/02/2025;24.50;;;;;
10/02/2025;24.10;;;;;
10/02/2025;23.60;;;;;
10/02/2025;23.80;;;;;
10/02/2025;23.80;;;;;
10/02/2025;23.50;;;;;
10/02/2025;23.30;;;;;
11/02/2025;23.40;;;;;
11/02/2025;;;;;;
11/02/2025;23.90;;;;;
11/02/2025;23.50;;;;;
11/02/2025;23.50;;;;;
11/02/2025;23.50;;;;;
11/02/2025;23.60;;;;;
11/02/2025;23.20;;;;;
11/02/2025;23.20;;;;;
11/02/2025;23.20;;;;;
11/02/2025;23.60;;;;;
11/02/2025;24.30;;;;;
11/02/2025;25.50;;;;;
11/02/2025;26.50;;;;;
11/02/2025;28.10;;;;;
11/02/2025;29.30;;;;;
11/02/2025;;;;;;
11/02/2025;20.80;;;;;
11/02/2025;;;;;;
11/02/2025;;;;;;
11/02/2025;22.20;;;;;
11/02/2025;22.40;;;;;
11/02/2025;22.10;;;;;
11/02/2025;22.40;;;;;
12/02/2025;22.00;;;;;
12/02/2025;;;;;;
12/02/2025;22.00;;;;;
12/02/2025;22.00;;;;;
12/02/2025;;;;;;
12/02/2025;21.90;;;;;
12/02/2025;21.80;;;;;
12/02/2025;21.70;;;;;
12/02/2025;21.80;;;;;
12/02/2025;21.80;;;;;
12/02/2025;22.20;;;;;
12/02/2025;23.50;;;;;
12/02/2025;24.60;;;;;
12/02/2025;27.00;;;;;
12/02/2025;28.80;;;;;
12/02/2025;30.20;;;;;
12/02/2025;30.40;;;;;
12/02/2025;31.60;;;;;
12/02/2025;32.70;;;;;
12/02/2025;32.80;;;;;
12/02/2025;28.50;;;;;
12/02/2025;28.80;;;;;
12/02/2025;27.20;;;;;
12/02/2025;22.70;;;;;
13/02/2025;23.50;;;;;
13/02/2025;24.10;;;;;
13/02/2025;23.20;;;;;
13/02/2025;23.20;;;;;
13/02/2025;23.20;;;;;
13/02/2025;23.10;;;;;
13/02/2025;23.10;;;;;
13/02/2025;23.10;;;;;
13/02/2025;23.00;;;;;
13/02/2025;23.00;;;;;
13/02/2025;23.10;;;;;
13/02/2025;23.50;;;;;
13/02/2025;24.60;;;;;
13/02/2025;26.00;;;;;
13/02/2025;28.70;;;;;
13/02/2025;30.60;;;;;
13/02/2025;31.50;;;;;
13/02/2025;31.60;;;;;
13/02/2025;32.60;;;;;
13/02/2025;31.20;;;;;
13/02/2025;30.80;;;;;
13/02/2025;29.60;;;;;
13/02/2025;28.70;;;;;
13/02/2025;27.90;;;;;
14/02/2025;;;;;;
14/02/2025;;;;;;
14/02/2025;26.90;;;;;
14/02/2025;;;;;;
14/02/2025;26.00;;;;;
14/02/2025;25.90;;;;;
14/02/2025;25.60;;;;;
14/02/2025;25.50;;;;;
14/02/2025;24.90;;;;;
14/02/2025;24.50;;;;;
14/02/2025;25.30;;;;;
14/02/2025;25.90;;;;;
14/02/2025;27.30;;;;;
14/02/2025;29.60;;;;;
14/02/2025;31.30;;;;;
14/02/2025;32.10;;;;;
14/02/2025;33.90;;;;;
14/02/2025;33.50;;;;;
14/02/2025;33.30;;;;;
14/02/2025;31.00;;;;;
14/02/2025;31.00;;;;;
14/02/2025;30.60;;;;;
14/02/2025;28.90;;;;;
14/02/2025;26.90;;;;;
15/02/2025;;;;;;
15/02/2025;;;;;;
15/02/2025;26.30;;;;;
15/02/2025;25.80;;;;;
15/02/2025;25.60;;;;;
15/02/2025;25.50;;;;;
15/02/2025;25.20;;;;;
15/02/2025;25.50;;;;;
15/02/2025;25.10;;;;;
15/02/2025;24.50;;;;;
15/02/2025;25.30;;;;;
15/02/2025;27.10;;;;;
15/02/2025;29.00;;;;;
15/02/2025;29.20;;;;;
15/02/2025;30.40;;;;;
15/02/2025;30.60;;;;;
15/02/2025;30.70;;;;;
15/02/2025;32.30;;;;;
15/02/2025;31.30;;;;;
15/02/2025;31.10;;;;;
15/02/2025;30.00;;;;;
15/02/2025;29.70;;;;;
15/02/2025;25.90;;;;;
15/02/2025;24.20;;;;;
16/02/2025;;;;;;
16/02/2025;;;;;;
16/02/2025;23.30;;;;;
16/02/2025;23.40;;;;;
16/02/2025;23.30;;;;;
16/02/2025;23.00;;;;;
16/02/2025;23.10;;;;;
16/02/2025;22.70;;;;;
16/02/2025;22.60;;;;;
16/02/2025;22.60;;;;;
16/02/2025;23.00;;;;;
16/02/2025;23.80;;;;;
16/02/2025;25.20;;;;;
16/02/2025;25.60;;;;;
16/02/2025;26.50;;;;;
16/02/2025;27.90;;;;;
16/02/2025;29.20;;;;;
16/02/2025;29.90;;;;;
16/02/2025;30.30;;;;;
16/02/2025;29.30;;;;;
16/02/2025;25.30;;;;;
16/02/2025;22.40;;;;;
16/02/2025;23.00;;;;;
16/02/2025;23.50;;;;;
17/02/2025;;;;;;
17/02/2025;;;;;;
17/02/2025;23.10;;;;;
17/02/2025;23.40;;;;;
17/02/2025;23.10;;;;;
17/02/2025;22.80;;;;;
17/02/2025;22.40;;;;;
17/02/2025;22.50;;;;;
17/02/2025;22.50;;;;;
17/02/2025;23.30;;;;;
17/02/2025;23.50;;;;;
17/02/2025;24.50;;;;;
17/02/2025;26.40;;;;;
17/02/2025;29.00;;;;;
17/02/2025;30.70;;;;;
17/02/2025;30.00;;;;;
17/02/2025;31.30;;;;;
17/02/2025;31.40;;;;;
17/02/2025;32.70;;;;;
17/02/2025;32.80;;;;;
17/02/2025;33.10;;;;;
17/02/2025;32.30;;;;;
17/02/2025;28.10;;;;;
17/02/2025;27.50;;;;;
18/02/2025;;;;;;
18/02/2025;;;;;;
18/02/2025;26.70;;;;;
18/02/2025;25.50;;;;;
18/02/2025;24.90;;;;;
18/02/2025;24.70;;;;;
18/02/2025;24.60;;;;;
18/02/2025;24.70;;;;;
18/02/2025;24.50;;;;;
18/02/2025;24.20;;;;;
18/02/2025;24.30;;;;;
18/02/2025;25.30;;;;;
18/02/2025;28.70;;;;;
18/02/2025;31.10;;;;;
18/02/2025;31.20;;;;;
18/02/2025;33.90;;;;;
18/02/2025;34.40;;;;;
18/02/2025;34.10;;;;;
18/02/2025;33.10;;;;;
18/02/2025;32.60;;;;;
18/02/2025;32.50;;;;;
18/02/2025;31.20;;;;;
18/02/2025;30.10;;;;;
18/02/2025;;;;;;
19/02/2025;;;;;;
19/02/2025;27.20;;;;;
19/02/2025;;;;;;
19/02/2025;26.80;;;;;
19/02/2025;27.20;;;;;
19/02/2025;26.50;;;;;
19/02/2025;25.60;;;;;
19/02/2025;24.50;;;;;
19/02/2025;25.20;;;;;
19/02/2025;25.00;;;;;
19/02/2025;25.50;;;;;
19/02/2025;27.50;;;;;
19/02/2025;29.70;;;;;
19/02/2025;31.80;;;;;
19/02/2025;33.60;;;;;
19/02/2025;34.40;;;;;
19/02/2025;33.50;;;;;
19/02/2025;27.80;;;;;
19/02/2025;28.20;;;;;
19/02/2025;26.10;;;;;
19/02/2025;28.00;;;;;
19/02/2025;29.20;;;;;
19/02/2025;28.20;;;;;
19/02/2025;26.90;;;;;
20/02/2025;26.70;;;;;
20/02/2025;;;;;;
20/02/2025;25.70;;;;;
20/02/2025;26.30;;;;;
20/02/2025;25.70;;;;;
20/02/2025;26.50;;;;;
20/02/2025;26.10;;;;;
20/02/2025;25.20;;;;;
20/02/2025;24.40;;;;;
20/02/2025;24.30;;;;;
20/02/2025;24.90;;;;;
20/02/2025;27.20;;;;;
20/02/2025;29.40;;;;;
20/02/2025;31.60;;;;;
20/02/2025;32.70;;;;;
20/02/2025;33.00;;;;;
20/02/2025;33.80;;;;;
20/02/2025;31.80;;;;;
20/02/2025;34.50;;;;;
20/02/2025;35.40;;;;;
20/02/2025;34.80;;;;;
20/02/2025;31.90;;;;;
20/02/2025;31.60;;;;;
20/02/2025;;;;;;
21/02/2025;;;;;;
21/02/2025;;;;;;
21/02/2025;27.50;;;;;
21/02/2025;27.30;;;;;
21/02/2025;27.00;;;;;
21/02/2025;26.10;;;;;
21/02/2025;25.70;;;;;
21/02/2025;25.70;;;;;
21/02/2025;25.70;;;;;
21/02/2025;25.60;;;;;
21/02/2025;26.60;;;;;
21/02/2025;27.50;;;;;
21/02/2025;29.60;;;;;
21/02/2025;30.60;;;;;
21/02/2025;31.30;;;;;
21/02/2025;32.20;;;;;
21/02/2025;32.50;;;;;
21/02/2025;33.60;;;;;
21/02/2025;33.90;;;;;
21/02/2025;33.80;;;;;
21/02/2025;34.00;;;;;
21/02/2025;33.60;;;;;
21/02/2025;25.30;;;;;
21/02/2025;26.60;;;;;
22/02/2025;;;;;;
22/02/2025;24.70;;;;;
22/02/2025;24.20;;;;;
22/02/2025;;;;;;
22/02/2025;;;;;;
22/02/2025;23.50;;;;;
22/02/2025;23.70;;;;;
22/02/2025;22.80;;;;;
22/02/2025;22.80;;;;;
22/02/2025;22.60;;;;;
22/02/2025;23.60;;;;;
22/02/2025;24.40;;;;;
22/02/2025;25.90;;;;;
22/02/2025;28.30;;;;;
22/02/2025;30.50;;;;;
22/02/2025;32.10;;;;;
22/02/2025;32.20;;;;;
22/02/2025;32.80;;;;;
22/02/2025;31.20;;;;;
22/02/2025;33.30;;;;;
22/02/2025;32.30;;;;;
22/02/2025;31.20;;;;;
22/02/2025;28.00;;;;;
22/02/2025;27.30;;;;;
23/02/2025;26.60;;;;;
23/02/2025;26.70;;;;;
23/02/2025;;;;;;
23/02/2025;25.20;;;;;
23/02/2025;25.20;;;;;
23/02/2025;24.80;;;;;
23/02/2025;25.20;;;;;
23/02/2025;24.10;;;;;
23/02/2025;24.20;;;;;
23/02/2025;23.80;;;;;
23/02/2025;24.30;;;;;
23/02/2025;26.20;;;;;
23/02/2025;28.30;;;;;
23/02/2025;29.50;;;;;
23/02/2025;31.00;;;;;
23/02/2025;33.10;;;;;
23/02/2025;32.80;;;;;
23/02/2025;33.70;;;;;
23/02/2025;35.10;;;;;
23/02/2025;27.50;;;;;
23/02/2025;29.00;;;;;
23/02/2025;30.70;;;;;
23/02/2025;27.90;;;;;
23/02/2025;26.20;;;;;
24/02/2025;26.00;;;;;
24/02/2025;;;;;;
24/02/2025;;;;;;
24/02/2025;25.60;;;;;
24/02/2025;;;;;;
24/02/2025;25.60;;;;;
24/02/2025;25.30;;;;;
24/02/2025;25.20;;;;;
24/02/2025;24.90;;;;;
24/02/2025;24.60;;;;;
24/02/2025;24.70;;;;;
24/02/2025;26.10;;;;;
24/02/2025;27.00;;;;;
24/02/2025;28.10;;;;;
24/02/2025;28.10;;;;;
24/02/2025;29.80;;;;;
24/02/2025;29.40;;;;;
24/02/2025;28.90;;;;;
24/02/2025;27.40;;;;;
24/02/2025;26.00;;;;;
24/02/2025;26.00;;;;;
24/02/2025;24.90;;;;;
24/02/2025;24.40;;;;;
24/02/2025;23.90;;;;;
25/02/2025;23.60;;;;;
25/02/2025;24.00;;;;;
25/02/2025;;;;;;
25/02/2025;24.20;;;;;
25/02/2025;;;;;;
25/02/2025;23.80;;;;;
25/02/2025;23.50;;;;;
25/02/2025;23.30;;;;;
25/02/2025;23.40;;;;;
25/02/2025;23.60;;;;;
25/02/2025;23.80;;;;;
25/02/2025;25.10;;;;;
25/02/2025;27.70;;;;;
25/02/2025;29.30;;;;;
25/02/2025;31.10;;;;;
25/02/2025;32.30;;;;;
25/02/2025;32.20;;;;;
25/02/2025;24.90;;;;;
25/02/2025;25.60;;;;;
25/02/2025;25.90;;;;;
25/02/2025;25.70;;;;;
25/02/2025;24.30;;;;;
25/02/2025;24.00;;;;;
25/02/2025;23.70;;;;;
26/02/2025;;;;;;
26/02/2025;;;;;;
26/02/2025;23.50;;;;;
26/02/2025;;;;;;
26/02/2025;23.70;;;;;
26/02/2025;23.60;;;;;
26/02/2025;23.60;;;;;
26/02/2025;23.70;;;;;
26/02/2025;23.50;;;;;
26/02/2025;23.50;;;;;
26/02/2025;23.20;;;;;
26/02/2025;23.40;;;;;
26/02/2025;25.00;;;;;
26/02/2025;27.00;;;;;
26/02/2025;28.30;;;;;
26/02/2025;30.00;;;;;
26/02/2025;30.80;;;;;
26/02/2025;31.10;;;;;
26/02/2025;30.90;;;;;
26/02/2025;25.00;;;;;
26/02/2025;26.60;;;;;
26/02/2025;26.00;;;;;
26/02/2025;25.80;;;;;
26/02/2025;23.40;;;;;
27/02/2025;;;;;;
27/02/2025;;;;;;
27/02/2025;23.30;;;;;
27/02/2025;23.30;;;;;
27/02/2025;23.30;;;;;
27/02/2025;23.40;;;;;
27/02/2025;23.30;;;;;
27/02/2025;23.40;;;;;
27/02/2025;23.30;;;;;
27/02/2025;23.30;;;;;
27/02/2025;23.30;;;;;
27/02/2025;23.90;;;;;
27/02/2025;25.20;;;;;
27/02/2025;26.30;;;;;
27/02/2025;28.00;;;;;
27/02/2025;28.30;;;;;
27/02/2025;28.70;;;;;
27/02/2025;29.30;;;;;
27/02/2025;30.60;;;;;
27/02/2025;31.20;;;;;
27/02/2025;30.60;;;;;
27/02/2025;29.60;;;;;
27/02/2025;27.50;;;;;
27/02/2025;26.40;;;;;
28/02/2025;26.10;;;;;
28/02/2025;;;;;;
28/02/2025;26.40;;;;;
28/02/2025;25.70;;;;;
28/02/2025;24.60;;;;;
28/02/2025;24.20;;;;;
28/02/2025;24.20;;;;;
28/02/2025;24.20;;;;;
28/02/2025;23.80;;;;;
28/02/2025;24.20;;;;;
28/02/2025;23.70;;;;;
28/02/2025;23.70;;;;;
28/02/2025;22.40;;;;;
28/02/2025;22.70;;;;;
28/02/2025;22.70;;;;;
28/02/2025;23.50;;;;;
28/02/2025;25.70;;;;;
28/02/2025;27.50;;;;;
28/02/2025;28.60;;;;;
28/02/2025;29.80;;;;;
28/02/2025;29.70;;;;;
28/02/2025;22.50;;;;;
28/02/2025;23.50;;;;;
28/02/2025;23.70;;;;;
01/03/2025;23.20;;;;;
01/03/2025;23.20;;;;;
01/03/2025;23.00;;;;;
01/03/2025;;;;;;
01/03/2025;22.60;;;;;
01/03/2025;22.90;;;;;
01/03/2025;23.00;;;;;
01/03/2025;23.00;;;;;
01/03/2025;23.20;;;;;
01/03/2025;23.20;;;;;
01/03/2025;23.50;;;;;
01/03/2025;24.30;;;;;
01/03/2025;26.20;;;;;
01/03/2025;27.80;;;;;
01/03/2025;30.20;;;;;
01/03/2025;31.90;;;;;
01/03/2025;32.40;;;;;
01/03/2025;33.30;;;;;
01/03/2025;32.50;;;;;
01/03/2025;32.60;;;;;
01/03/2025;29.20;;;;;
01/03/2025;29.90;;;;;
01/03/2025;28.30;;;;;
01/03/2025;27.50;;;;;
02/03/2025;;;;;;
02/03/2025;;;;;;
02/03/2025;26.30;;;;;
02/03/2025;;;;;;
02/03/2025;24.90;;;;;
02/03/2025;24.60;;;;;
02/03/2025;24.90;;;;;
02/03/2025;24.80;;;;;
02/03/2025;24.60;;;;;
02/03/2025;24.30;;;;;
02/03/2025;24.70;;;;;
02/03/2025;25.50;;;;;
02/03/2025;26.40;;;;;
02/03/2025;28.10;;;;;
02/03/2025;29.80;;;;;
02/03/2025;29.80;;;;;
02/03/2025;30.80;;;;;
02/03/2025;25.70;;;;;
02/03/2025;25.50;;;;;
02/03/2025;25.10;;;;;
02/03/2025;25.70;;;;;
02/03/2025;25.80;;;;;
02/03/2025;25.30;;;;;
02/03/2025;24.90;;;;;
03/03/2025;;;;;;
03/03/2025;24.80;;;;;
03/03/2025;24.50;;;;;
03/03/2025;;;;;;
03/03/2025;24.30;;;;;
03/03/2025;23.80;;;;;
03/03/2025;23.60;;;;;
03/03/2025;23.70;;;;;
03/03/2025;23.50;;;;;
03/03/2025;23.60;;;;;
03/03/2025;23.90;;;;;
03/03/2025;24.90;;;;;
03/03/2025;26.40;;;;;
03/03/2025;29.40;;;;;
03/03/2025;30.80;;;;;
03/03/2025;32.70;;;;;
03/03/2025;33.80;;;;;
03/03/2025;32.60;;;;;
03/03/2025;32.50;;;;;
03/03/2025;32.20;;;;;
03/03/2025;31.90;;;;;
03/03/2025;31.40;;;;;
03/03/2025;28.60;;;;;
03/03/2025;29.20;;;;;
04/03/2025;27.60;;;;;
04/03/2025;;;;;;
04/03/2025;26.10;;;;;
04/03/2025;25.70;;;;;
04/03/2025;25.70;;;;;
04/03/2025;25.90;;;;;
04/03/2025;25.60;;;;;
04/03/2025;25.60;;;;;
04/03/2025;25.30;;;;;
04/03/2025;25.00;;;;;
04/03/2025;24.60;;;;;
04/03/2025;25.60;;;;;
04/03/2025;26.80;;;;;
04/03/2025;29.00;;;;;
04/03/2025;32.10;;;;;
04/03/2025;32.70;;;;;
04/03/2025;33.00;;;;;
04/03/2025;33.50;;;;;
04/03/2025;32.00;;;;;
04/03/2025;31.60;;;;;
04/03/2025;30.50;;;;;
04/03/2025;29.00;;;;;
04/03/2025;28.10;;;;;
04/03/2025;27.30;;;;;
05/03/2025;27.30;;;;;
05/03/2025;27.60;;;;;
05/03/2025;26.60;;;;;
05/03/2025;26.70;;;;;
05/03/2025;26.40;;;;;
05/03/2025;26.00;;;;;
05/03/2025;25.00;;;;;
05/03/2025;24.60;;;;;
05/03/2025;24.30;;;;;
05/03/2025;24.20;;;;;
05/03/2025;24.50;;;;;
05/03/2025;25.50;;;;;
05/03/2025;25.50;;;;;
05/03/2025;28.10;;;;;
05/03/2025;29.90;;;;;
05/03/2025;31.10;;;;;
05/03/2025;32.10;;;;;
05/03/2025;23.30;;;;;
05/03/2025;23.60;;;;;
05/03/2025;25.50;;;;;
05/03/2025;25.00;;;;;
05/03/2025;24.80;;;;;
05/03/2025;24.20;;;;;
05/03/2025;24.00;;;;;
06/03/2025;;;;;;
06/03/2025;;;;;;
06/03/2025;;;;;;
06/03/2025;23.80;;;;;
06/03/2025;23.70;;;;;
06/03/2025;23.30;;;;;
06/03/2025;23.20;;;;;
06/03/2025;23.20;;;;;
06/03/2025;22.70;;;;;
06/03/2025;22.50;;;;;
06/03/2025;22.80;;;;;
06/03/2025;24.80;;;;;
06/03/2025;26.80;;;;;
06/03/2025;28.50;;;;;
06/03/2025;30.10;;;;;
06/03/2025;31.70;;;;;
06/03/2025;32.50;;;;;
06/03/2025;33.40;;;;;
06/03/2025;33.60;;;;;
06/03/2025;32.70;;;;;
06/03/2025;30.90;;;;;
06/03/2025;28.70;;;;;
06/03/2025;28.90;;;;;
06/03/2025;27.30;;;;;
07/03/2025;;;;;;
07/03/2025;24.90;;;;;
07/03/2025;25.10;;;;;
07/03/2025;23.90;;;;;
07/03/2025;24.60;;;;;
07/03/2025;25.10;;;;;
07/03/2025;24.30;;;;;
07/03/2025;24.30;;;;;
07/03/2025;24.10;;;;;
07/03/2025;24.50;;;;;
07/03/2025;23.80;;;;;
07/03/2025;26.80;;;;;
07/03/2025;29.00;;;;;
07/03/2025;32.10;;;;;
07/03/2025;32.50;;;;;
07/03/2025;33.10;;;;;
07/03/2025;33.40;;;;;
07/03/2025;33.00;;;;;
07/03/2025;34.00;;;;;
07/03/2025;34.00;;;;;
07/03/2025;33.40;;;;;
07/03/2025;30.50;;;;;
07/03/2025;29.10;;;;;
07/03/2025;27.90;;;;;
08/03/2025;;;;;;
08/03/2025;;;;;;
08/03/2025;;;;;;
08/03/2025;26.40;;;;;
08/03/2025;26.30;;;;;
08/03/2025;25.40;;;;;
08/03/2025;24.80;;;;;
08/03/2025;24.90;;;;;
08/03/2025;24.60;;;;;
08/03/2025;24.60;;;;;
08/03/2025;25.50;;;;;
08/03/2025;26.10;;;;;
08/03/2025;28.80;;;;;
08/03/2025;30.10;;;;;
08/03/2025;32.00;;;;;
08/03/2025;33.50;;;;;
08/03/2025;30.40;;;;;
08/03/2025;24.40;;;;;
08/03/2025;27.80;;;;;
08/03/2025;27.70;;;;;
08/03/2025;27.20;;;;;
08/03/2025;26.60;;;;;
08/03/2025;26.20;;;;;
08/03/2025;26.00;;;;;
09/03/2025;25.80;;;;;
09/03/2025;;;;;;
09/03/2025;25.70;;;;;
09/03/2025;24.70;;;;;
09/03/2025;25.60;;;;;
09/03/2025;25.40;;;;;
09/03/2025;25.10;;;;;
09/03/2025;25.10;;;;;
09/03/2025;24.80;;;;;
09/03/2025;24.50;;;;;
09/03/2025;24.40;;;;;
09/03/2025;25.50;;;;;
09/03/2025;27.50;;;;;
09/03/2025;29.60;;;;;
09/03/2025;30.00;;;;;
09/03/2025;32.10;;;;;
09/03/2025;33.50;;;;;
09/03/2025;33.90;;;;;
09/03/2025;34.60;;;;;
09/03/2025;34.00;;;;;
09/03/2025;30.90;;;;;
09/03/2025;29.90;;;;;
09/03/2025;28.00;;;;;
09/03/2025;27.60;;;;;
10/03/2025;;;;;;
10/03/2025;26.70;;;;;
10/03/2025;;;;;;
10/03/2025;25.60;;;;;
10/03/2025;;;;;;
10/03/2025;25.40;;;;;
10/03/2025;24.70;;;;;
10/03/2025;24.50;;;;;
10/03/2025;24.40;;;;;
10/03/2025;25.00;;;;;
10/03/2025;24.80;;;;;
10/03/2025;27.40;;;;;
10/03/2025;28.50;;;;;
10/03/2025;29.80;;;;;
10/03/2025;30.80;;;;;
10/03/2025;31.30;;;;;
10/03/2025;32.30;;;;;
10/03/2025;33.30;;;;;
10/03/2025;33.90;;;;;
10/03/2025;34.10;;;;;
10/03/2025;33.80;;;;;
10/03/2025;33.10;;;;;
10/03/2025;31.60;;;;;
10/03/2025;30.60;;;;;
11/03/2025;;;;;;
11/03/2025;26.10;;;;;
11/03/2025;25.90;;;;;
11/03/2025;26.10;;;;;
11/03/2025;25.60;;;;;
11/03/2025;25.60;;;;;
11/03/2025;25.80;;;;;
11/03/2025;25.60;;;;;
11/03/2025;24.70;;;;;
11/03/2025;24.40;;;;;
11/03/2025;24.30;;;;;
11/03/2025;26.20;;;;;
11/03/2025;28.90;;;;;
11/03/2025;30.90;;;;;
11/03/2025;32.20;;;;;
11/03/2025;31.50;;;;;
11/03/2025;29.20;;;;;
11/03/2025;32.00;;;;;
11/03/2025;31.70;;;;;
11/03/2025;33.50;;;;;
11/03/2025;31.80;;;;;
11/03/2025;25.80;;;;;
11/03/2025;22.90;;;;;
11/03/2025;23.40;;;;;
12/03/2025;;;;;;
12/03/2025;;;;;;
12/03/2025;;;;;;
12/03/2025;;;;;;
12/03/2025;23.20;;;;;
12/03/2025;23.40;;;;;
12/03/2025;23.70;;;;;
12/03/2025;23.80;;;;;
12/03/2025;23.60;;;;;
12/03/2025;23.30;;;;;
12/03/2025;23.30;;;;;
12/03/2025;24.30;;;;;
12/03/2025;26.20;;;;;
12/03/2025;27.30;;;;;
12/03/2025;29.50;;;;;
12/03/2025;30.50;;;;;
12/03/2025;31.40;;;;;
12/03/2025;32.00;;;;;
12/03/2025;32.70;;;;;
12/03/2025;32.40;;;;;
12/03/2025;31.80;;;;;
12/03/2025;31.00;;;;;
12/03/2025;30.10;;;;;
12/03/2025;27.30;;;;;
13/03/2025;26.70;;;;;
13/03/2025;26.90;;;;;
13/03/2025;26.20;;;;;
13/03/2025;25.90;;;;;
13/03/2025;25.30;;;;;
13/03/2025;24.90;;;;;
13/03/2025;24.90;;;;;
13/03/2025;24.30;;;;;
13/03/2025;24.30;;;;;
13/03/2025;24.30;;;;;
13/03/2025;24.70;;;;;
13/03/2025;25.90;;;;;
13/03/2025;28.00;;;;;
13/03/2025;30.50;;;;;
13/03/2025;32.00;;;;;
13/03/2025;32.20;;;;;
13/03/2025;32.30;;;;;
13/03/2025;33.60;;;;;
13/03/2025;33.60;;;;;
13/03/2025;34.10;;;;;
13/03/2025;33.10;;;;;
13/03/2025;31.50;;;;;
13/03/2025;29.30;;;;;
13/03/2025;28.20;;;;;
14/03/2025;;;;;;
14/03/2025;;;;;;
14/03/2025;;;;;;
14/03/2025;26.50;;;;;
14/03/2025;;;;;;
14/03/2025;25.30;;;;;
14/03/2025;24.90;;;;;
14/03/2025;24.70;;;;;
14/03/2025;24.40;;;;;
14/03/2025;25.00;;;;;
14/03/2025;25.10;;;;;
14/03/2025;27.30;;;;;
14/03/2025;29.00;;;;;
14/03/2025;30.40;;;;;
14/03/2025;32.20;;;;;
14/03/2025;33.70;;;;;
14/03/2025;34.60;;;;;
14/03/2025;35.50;;;;;
14/03/2025;35.20;;;;;
14/03/2025;35.40;;;;;
14/03/2025;34.90;;;;;
14/03/2025;33.70;;;;;
14/03/2025;32.00;;;;;
14/03/2025;30.20;;;;;
15/03/2025;;;;;;
15/03/2025;28.90;;;;;
15/03/2025;28.10;;;;;
15/03/2025;27.30;;;;;
15/03/2025;26.50;;;;;
15/03/2025;26.50;;;;;
15/03/2025;25.80;;;;;
15/03/2025;26.00;;;;;
15/03/2025;25.30;;;;;
15/03/2025;24.90;;;;;
15/03/2025;24.90;;;;;
15/03/2025;25.50;;;;;
15/03/2025;25.60;;;;;
15/03/2025;25.30;;;;;
15/03/2025;30.00;;;;;
15/03/2025;32.60;;;;;
15/03/2025;34.30;;;;;
15/03/2025;34.50;;;;;
15/03/2025;35.50;;;;;
15/03/2025;35.40;;;;;
15/03/2025;35.00;;;;;
15/03/2025;34.20;;;;;
15/03/2025;30.90;;;;;
15/03/2025;30.30;;;;;
16/03/2025;;;;;;
16/03/2025;30.50;;;;;
16/03/2025;28.90;;;;;
16/03/2025;28.00;;;;;
16/03/2025;27.30;;;;;
16/03/2025;27.50;;;;;
16/03/2025;26.40;;;;;
16/03/2025;26.60;;;;;
16/03/2025;24.60;;;;;
16/03/2025;21.30;;;;;
16/03/2025;22.70;;;;;
16/03/2025;22.80;;;;;
16/03/2025;23.20;;;;;
16/03/2025;23.90;;;;;
16/03/2025;24.60;;;;;
16/03/2025;26.20;;;;;
16/03/2025;27.60;;;;;
16/03/2025;29.90;;;;;
16/03/2025;30.10;;;;;
16/03/2025;29.10;;;;;
16/03/2025;29.30;;;;;
16/03/2025;28.80;;;;;
16/03/2025;28.00;;;;;
16/03/2025;27.00;;;;;
17/03/2025;26.70;;;;;
17/03/2025;26.10;;;;;
17/03/2025;25.70;;;;;
17/03/2025;;;;;;
17/03/2025;24.70;;;;;
17/03/2025;24.20;;;;;
17/03/2025;23.90;;;;;
17/03/2025;23.90;;;;;
17/03/2025;24.40;;;;;
17/03/2025;23.80;;;;;
17/03/2025;24.70;;;;;
17/03/2025;26.20;;;;;
17/03/2025;28.30;;;;;
17/03/2025;30.00;;;;;
17/03/2025;31.20;;;;;
17/03/2025;31.70;;;;;
17/03/2025;32.80;;;;;
17/03/2025;33.30;;;;;
17/03/2025;33.60;;;;;
17/03/2025;34.10;;;;;
17/03/2025;33.80;;;;;
17/03/2025;23.60;;;;;
17/03/2025;25.40;;;;;
17/03/2025;24.80;;;;;
18/03/2025;;;;;;
18/03/2025;;;;;;
18/03/2025;25.80;;;;;
18/03/2025;25.70;;;;;
18/03/2025;25.50;;;;;
18/03/2025;25.30;;;;;
18/03/2025;25.20;;;;;
18/03/2025;24.80;;;;;
18/03/2025;23.90;;;;;
18/03/2025;24.20;;;;;
18/03/2025;24.30;;;;;
18/03/2025;25.80;;;;;
18/03/2025;27.50;;;;;
18/03/2025;28.60;;;;;
18/03/2025;30.50;;;;;
18/03/2025;32.20;;;;;
18/03/2025;32.60;;;;;
18/03/2025;33.30;;;;;
18/03/2025;34.20;;;;;
18/03/2025;31.00;;;;;
18/03/2025;29.50;;;;;
18/03/2025;29.10;;;;;
18/03/2025;26.90;;;;;
18/03/2025;26.60;;;;;
19/03/2025;26.00;;;;;
19/03/2025;26.20;;;;;
19/03/2025;25.60;;;;;
19/03/2025;25.10;;;;;
19/03/2025;25.20;;;;;
19/03/2025;24.90;;;;;
19/03/2025;24.30;;;;;
19/03/2025;23.90;;;;;
19/03/2025;24.20;;;;;
19/03/2025;24.60;;;;;
19/03/2025;24.80;;;;;
19/03/2025;27.30;;;;;
19/03/2025;29.10;;;;;
19/03/2025;30.40;;;;;
19/03/2025;31.70;;;;;
19/03/2025;26.70;;;;;
19/03/2025;31.80;;;;;
19/03/2025;34.10;;;;;
19/03/2025;34.70;;;;;
19/03/2025;30.00;;;;;
19/03/2025;25.90;;;;;
19/03/2025;25.20;;;;;
19/03/2025;25.50;;;;;
19/03/2025;25.90;;;;;
20/03/2025;25.70;;;;;
20/03/2025;25.90;;;;;
20/03/2025;26.30;;;;;
20/03/2025;26.00;;;;;
20/03/2025;26.10;;;;;
20/03/2025;25.50;;;;;
20/03/2025;25.00;;;;;
20/03/2025;24.00;;;;;
20/03/2025;25.10;;;;;
20/03/2025;25.10;;;;;
20/03/2025;25.10;;;;;
20/03/2025;26.80;;;;;
20/03/2025;28.50;;;;;
20/03/2025;28.90;;;;;
20/03/2025;30.40;;;;;
20/03/2025;31.50;;;;;
20/03/2025;32.10;;;;;
20/03/2025;32.50;;;;;
20/03/2025;26.50;;;;;
20/03/2025;22.20;;;;;
20/03/2025;22.80;;;;;
20/03/2025;23.20;;;;;
20/03/2025;23.90;;;;;
20/03/2025;23.90;;;;;
21/03/2025;23.40;;;;;
21/03/2025;23.30;;;;;
21/03/2025;22.80;;;;;
21/03/2025;22.60;;;;;
21/03/2025;22.50;;;;;
21/03/2025;23.20;;;;;
21/03/2025;23.00;;;;;
21/03/2025;22.70;;;;;
21/03/2025;22.70;;;;;
21/03/2025;22.70;;;;;
21/03/2025;22.90;;;;;
21/03/2025;23.70;;;;;
21/03/2025;24.80;;;;;
21/03/2025;27.10;;;;;
21/03/2025;27.50;;;;;
21/03/2025;29.50;;;;;
21/03/2025;30.40;;;;;
21/03/2025;31.30;;;;;
21/03/2025;30.50;;;;;
21/03/2025;32.70;;;;;
21/03/2025;31.50;;;;;
21/03/2025;30.00;;;;;
21/03/2025;28.50;;;;;
21/03/2025;27.40;;;;;
22/03/2025;26.20;;;;;
22/03/2025;25.10;;;;;
22/03/2025;24.40;;;;;
22/03/2025;23.60;;;;;
22/03/2025;23.20;;;;;
22/03/2025;23.30;;;;;
22/03/2025;23.50;;;;;
22/03/2025;23.50;;;;;
22/03/2025;23.60;;;;;
22/03/2025;23.70;;;;;
22/03/2025;23.80;;;;;
22/03/2025;26.00;;;;;
22/03/2025;27.20;;;;;
22/03/2025;28.20;;;;;
22/03/2025;30.50;;;;;
22/03/2025;30.40;;;;;
22/03/2025;31.90;;;;;
22/03/2025;31.30;;;;;
22/03/2025;26.60;;;;;
22/03/2025;26.80;;;;;
22/03/2025;27.80;;;;;
22/03/2025;27.40;;;;;
22/03/2025;26.60;;;;;
22/03/2025;25.80;;;;;
23/03/2025;25.40;;;;;
23/03/2025;25.60;;;;;
23/03/2025;25.70;;;;;
23/03/2025;25.70;;;;;
23/03/2025;25.10;;;;;
23/03/2025;24.60;;;;;
23/03/2025;24.30;;;;;
23/03/2025;24.90;;;;;
23/03/2025;24.90;;;;;
23/03/2025;25.00;;;;;
23/03/2025;25.30;;;;;
23/03/2025;25.90;;;;;
23/03/2025;28.20;;;;;
23/03/2025;29.70;;;;;
23/03/2025;30.60;;;;;
23/03/2025;31.80;;;;;
23/03/2025;33.10;;;;;
23/03/2025;33.70;;;;;
23/03/2025;29.40;;;;;
23/03/2025;27.30;;;;;
23/03/2025;27.60;;;;;
23/03/2025;27.10;;;;;
23/03/2025;26.60;;;;;
23/03/2025;25.90;;;;;
24/03/2025;25.30;;;;;
24/03/2025;24.50;;;;;
24/03/2025;24.70;;;;;
24/03/2025;25.20;;;;;
24/03/2025;24.90;;;;;
24/03/2025;24.90;;;;;
24/03/2025;24.60;;;;;
24/03/2025;24.60;;;;;
24/03/2025;24.20;;;;;
24/03/2025;24.00;;;;;
24/03/2025;24.10;;;;;
24/03/2025;25.60;;;;;
24/03/2025;26.20;;;;;
24/03/2025;27.40;;;;;
24/03/2025;28.50;;;;;
24/03/2025;30.10;;;;;
24/03/2025;30.00;;;;;
24/03/2025;26.50;;;;;
24/03/2025;26.30;;;;;
24/03/2025;27.40;;;;;
24/03/2025;27.20;;;;;
24/03/2025;26.20;;;;;
24/03/2025;25.80;;;;;
24/03/2025;25.70;;;;;
25/03/2025;25.00;;;;;
25/03/2025;24.80;;;;;
25/03/2025;24.90;;;;;
25/03/2025;25.00;;;;;
25/03/2025;25.40;;;;;
25/03/2025;25.30;;;;;
25/03/2025;24.50;;;;;
25/03/2025;25.20;;;;;
25/03/2025;24.80;;;;;
25/03/2025;24.90;;;;;
25/03/2025;25.10;;;;;
25/03/2025;25.60;;;;;
25/03/2025;27.20;;;;;
25/03/2025;28.60;;;;;
25/03/2025;29.70;;;;;
25/03/2025;30.80;;;;;
25/03/2025;31.00;;;;;
25/03/2025;32.40;;;;;
25/03/2025;31.90;;;;;
25/03/2025;33.10;;;;;
25/03/2025;33.10;;;;;
25/03/2025;31.60;;;;;
25/03/2025;29.00;;;;;
25/03/2025;27.70;;;;;
26/03/2025;26.30;;;;;
26/03/2025;;;;;;
26/03/2025;24.10;;;;;
26/03/2025;23.70;;;;;
26/03/2025;24.10;;;;;
26/03/2025;24.20;;;;;
26/03/2025;24.20;;;;;
26/03/2025;24.10;;;;;
26/03/2025;24.10;;;;;
26/03/2025;23.20;;;;;
26/03/2025;22.70;;;;;
26/03/2025;22.40;;;;;
26/03/2025;22.90;;;;;
26/03/2025;24.60;;;;;
26/03/2025;27.20;;;;;
26/03/2025;28.60;;;;;
26/03/2025;30.60;;;;;
26/03/2025;30.80;;;;;
26/03/2025;30.50;;;;;
26/03/2025;31.00;;;;;
26/03/2025;30.80;;;;;
26/03/2025;29.80;;;;;
26/03/2025;26.80;;;;;
26/03/2025;26.80;;;;;
27/03/2025;26.20;;;;;
27/03/2025;25.80;;;;;
27/03/2025;25.40;;;;;
27/03/2025;24.80;;;;;
27/03/2025;24.90;;;;;
27/03/2025;24.90;;;;;
27/03/2025;24.70;;;;;
27/03/2025;24.60;;;;;
27/03/2025;24.60;;;;;
27/03/2025;24.40;;;;;
27/03/2025;24.70;;;;;
27/03/2025;25.20;;;;;
27/03/2025;26.20;;;;;
27/03/2025;27.70;;;;;
27/03/2025;28.60;;;;;
27/03/2025;30.40;;;;;
27/03/2025;30.50;;;;;
27/03/2025;32.50;;;;;
27/03/2025;32.70;;;;;
27/03/2025;31.90;;;;;
27/03/2025;31.80;;;;;
27/03/2025;29.80;;;;;
27/03/2025;28.40;;;;;
27/03/2025;27.10;;;;;
28/03/2025;26.30;;;;;
28/03/2025;25.90;;;;;
28/03/2025;26.10;;;;;
28/03/2025;25.30;;;;;
28/03/2025;24.90;;;;;
28/03/2025;24.50;;;;;
28/03/2025;24.70;;;;;
28/03/2025;24.50;;;;;
28/03/2025;24.40;;;;;
28/03/2025;23.80;;;;;
28/03/2025;24.20;;;;;
28/03/2025;24.80;;;;;
28/03/2025;27.00;;;;;
28/03/2025;28.60;;;;;
28/03/2025;30.70;;;;;
28/03/2025;30.30;;;;;
28/03/2025;31.20;;;;;
28/03/2025;32.20;;;;;
28/03/2025;28.40;;;;;
28/03/2025;31.20;;;;;
28/03/2025;30.10;;;;;
28/03/2025;29.70;;;;;
28/03/2025;27.80;;;;;
28/03/2025;28.50;;;;;
29/03/2025;27.80;;;;;
29/03/2025;26.30;;;;;
29/03/2025;25.60;;;;;
29/03/2025;25.40;;;;;
29/03/2025;25.10;;;;;
29/03/2025;25.30;;;;;
29/03/2025;24.70;;;;;
29/03/2025;24.30;;;;;
29/03/2025;23.90;;;;;
29/03/2025;24.30;;;;;
29/03/2025;24.60;;;;;
29/03/2025;26.40;;;;;
29/03/2025;27.00;;;;;
29/03/2025;28.70;;;;;
29/03/2025;30.60;;;;;
29/03/2025;31.00;;;;;
29/03/2025;32.70;;;;;
29/03/2025;33.80;;;;;
29/03/2025;27.00;;;;;
29/03/2025;26.70;;;;;
29/03/2025;26.30;;;;;
29/03/2025;26.10;;;;;
29/03/2025;25.20;;;;;
29/03/2025;25.20;;;;;
30/03/2025;;;;;;
30/03/2025;;;;;;
30/03/2025;25.40;;;;;
30/03/2025;24.50;;;;;
30/03/2025;24.60;;;;;
30/03/2025;24.40;;;;;
30/03/2025;23.50;;;;;
30/03/2025;23.60;;;;;
30/03/2025;23.50;;;;;
30/03/2025;23.90;;;;;
30/03/2025;23.70;;;;;
30/03/2025;26.00;;;;;
30/03/2025;27.80;;;;;
30/03/2025;28.70;;;;;
30/03/2025;29.90;;;;;
30/03/2025;30.20;;;;;
30/03/2025;31.40;;;;;
30/03/2025;32.30;;;;;
30/03/2025;31.70;;;;;
30/03/2025;31.30;;;;;
30/03/2025;30.70;;;;;
30/03/2025;29.50;;;;;
30/03/2025;23.70;;;;;
30/03/2025;22.70;;;;;
31/03/2025;23.50;;;;;
31/03/2025;23.30;;;;;
31/03/2025;23.20;;;;;
31/03/2025;23.50;;;;;
31/03/2025;23.30;;;;;
31/03/2025;23.30;;;;;
31/03/2025;23.30;;;;;
31/03/2025;23.10;;;;;
31/03/2025;23.10;;;;;
31/03/2025;23.00;;;;;
31/03/2025;23.20;;;;;
31/03/2025;24.00;;;;;
31/03/2025;25.00;;;;;
31/03/2025;26.40;;;;;
31/03/2025;28.20;;;;;
31/03/2025;29.50;;;;;
31/03/2025;30.90;;;;;
31/03/2025;31.50;;;;;
31/03/2025;32.40;;;;;
31/03/2025;32.40;;;;;
31/03/2025;32.00;;;;;
31/03/2025;30.90;;;;;
31/03/2025;30.20;;;;;
31/03/2025;;;;;;
01/04/2025;26.50;;;;;
01/04/2025;26.70;;;;;
01/04/2025;26.60;;;;;
01/04/2025;24.90;;;;;
01/04/2025;;;;;;
01/04/2025;24.80;;;;;
01/04/2025;25.20;;;;;
01/04/2025;24.90;;;;;
01/04/2025;24.80;;;;;
01/04/2025;25.00;;;;;
01/04/2025;25.10;;;;;
01/04/2025;25.70;;;;;
01/04/2025;27.50;;;;;
01/04/2025;29.70;;;;;
01/04/2025;30.90;;;;;
01/04/2025;31.80;;;;;
01/04/2025;33.20;;;;;
01/04/2025;34.10;;;;;
01/04/2025;34.20;;;;;
01/04/2025;34.50;;;;;
01/04/2025;34.20;;;;;
01/04/2025;33.00;;;;;
01/04/2025;28.00;;;;;
01/04/2025;27.30;;;;;
02/04/2025;26.20;;;;;
02/04/2025;26.80;;;;;
02/04/2025;26.60;;;;;
02/04/2025;26.50;;;;;
02/04/2025;26.50;;;;;
02/04/2025;26.40;;;;;
02/04/2025;25.50;;;;;
02/04/2025;25.10;;;;;
02/04/2025;24.80;;;;;
02/04/2025;24.70;;;;;
02/04/2025;25.50;;;;;
02/04/2025;27.80;;;;;
02/04/2025;29.90;;;;;
02/04/2025;32.10;;;;;
02/04/2025;34.00;;;;;
02/04/2025;34.50;;;;;
02/04/2025;32.80;;;;;
02/04/2025;31.30;;;;;
02/04/2025;28.40;;;;;
02/04/2025;27.60;;;;;
02/04/2025;27.70;;;;;
02/04/2025;26.60;;;;;
02/04/2025;25.60;;;;;
02/04/2025;25.20;;;;;
03/04/2025;;;;;;
03/04/2025;;;;;;
03/04/2025;25.60;;;;;
03/04/2025;24.20;;;;;
03/04/2025;24.40;;;;;
03/04/2025;24.60;;;;;
03/04/2025;24.70;;;;;
03/04/2025;24.90;;;;;
03/04/2025;25.20;;;;;
03/04/2025;23.70;;;;;
03/04/2025;24.10;;;;;
03/04/2025;25.70;;;;;
03/04/2025;27.20;;;;;
03/04/2025;28.50;;;;;
03/04/2025;30.20;;;;;
03/04/2025;31.50;;;;;
03/04/2025;32.80;;;;;
03/04/2025;33.10;;;;;
03/04/2025;33.80;;;;;
03/04/2025;34.50;;;;;
03/04/2025;34.10;;;;;
03/04/2025;32.00;;;;;
03/04/2025;30.10;;;;;
03/04/2025;29.80;;;;;
04/04/2025;28.60;;;;;
04/04/2025;28.00;;;;;
04/04/2025;26.60;;;;;
04/04/2025;26.50;;;;;
04/04/2025;26.40;;;;;
04/04/2025;26.40;;;;;
04/04/2025;25.50;;;;;
04/04/2025;24.80;;;;;
04/04/2025;25.20;;;;;
04/04/2025;25.20;;;;;
04/04/2025;25.30;;;;;
04/04/2025;26.90;;;;;
04/04/2025;29.20;;;;;
04/04/2025;30.70;;;;;
04/04/2025;32.10;;;;;
04/04/2025;33.80;;;;;
04/04/2025;34.90;;;;;
04/04/2025;34.80;;;;;
04/04/2025;35.50;;;;;
04/04/2025;33.80;;;;;
04/04/2025;34.30;;;;;
04/04/2025;32.80;;;;;
04/04/2025;31.00;;;;;
04/04/2025;25.00;;;;;
05/04/2025;25.10;;;;;
05/04/2025;26.00;;;;;
05/04/2025;25.80;;;;;
05/04/2025;25.40;;;;;
05/04/2025;24.60;;;;;
05/04/2025;24.50;;;;;
05/04/2025;24.80;;;;;
05/04/2025;25.00;;;;;
05/04/2025;25.20;;;;;
05/04/2025;25.00;;;;;
05/04/2025;24.70;;;;;
05/04/2025;26.70;;;;;
05/04/2025;28.60;;;;;
05/04/2025;30.00;;;;;
05/04/2025;30.50;;;;;
05/04/2025;32.10;;;;;
05/04/2025;32.80;;;;;
05/04/2025;32.30;;;;;
05/04/2025;33.10;;;;;
05/04/2025;32.60;;;;;
05/04/2025;29.20;;;;;
05/04/2025;24.80;;;;;
05/04/2025;24.40;;;;;
05/04/2025;23.90;;;;;
06/04/2025;23.70;;;;;
06/04/2025;23.50;;;;;
06/04/2025;24.30;;;;;
06/04/2025;24.30;;;;;
06/04/2025;24.60;;;;;
06/04/2025;24.30;;;;;
06/04/2025;24.20;;;;;
06/04/2025;24.60;;;;;
06/04/2025;24.70;;;;;
06/04/2025;24.20;;;;;
06/04/2025;24.20;;;;;
06/04/2025;24.70;;;;;
06/04/2025;25.80;;;;;
06/04/2025;28.00;;;;;
06/04/2025;30.10;;;;;
06/04/2025;31.60;;;;;
06/04/2025;31.50;;;;;
06/04/2025;32.70;;;;;
06/04/2025;32.30;;;;;
06/04/2025;32.20;;;;;
06/04/2025;31.90;;;;;
06/04/2025;26.40;;;;;
06/04/2025;27.20;;;;;
06/04/2025;26.40;;;;;
07/04/2025;26.10;;;;;
07/04/2025;26.00;;;;;
07/04/2025;25.90;;;;;
07/04/2025;25.50;;;;;
07/04/2025;25.10;;;;;
07/04/2025;25.10;;;;;
07/04/2025;24.80;;;;;
07/04/2025;24.80;;;;;
07/04/2025;24.70;;;;;
07/04/2025;24.60;;;;;
07/04/2025;24.60;;;;;
07/04/2025;25.60;;;;;
07/04/2025;27.40;;;;;
07/04/2025;29.80;;;;;
07/04/2025;32.30;;;;;
07/04/2025;;;;;;
07/04/2025;33.40;;;;;
07/04/2025;33.80;;;;;
07/04/2025;33.30;;;;;
07/04/2025;33.50;;;;;
07/04/2025;32.40;;;;;
07/04/2025;30.00;;;;;
07/04/2025;28.50;;;;;
07/04/2025;26.70;;;;;
08/04/2025;26.50;;;;;
08/04/2025;25.90;;;;;
08/04/2025;25.50;;;;;
08/04/2025;25.10;;;;;
08/04/2025;25.40;;;;;
08/04/2025;25.10;;;;;
08/04/2025;24.70;;;;;
08/04/2025;24.40;;;;;
08/04/2025;24.10;;;;;
08/04/2025;24.10;;;;;
08/04/2025;24.00;;;;;
08/04/2025;26.10;;;;;
08/04/2025;26.80;;;;;
08/04/2025;29.10;;;;;
08/04/2025;29.60;;;;;
08/04/2025;30.00;;;;;
08/04/2025;30.90;;;;;
08/04/2025;29.60;;;;;
08/04/2025;28.40;;;;;
08/04/2025;29.90;;;;;
08/04/2025;29.00;;;;;
08/04/2025;27.50;;;;;
08/04/2025;26.90;;;;;
08/04/2025;26.00;;;;;
09/04/2025;25.90;;;;;
09/04/2025;25.20;;;;;
09/04/2025;24.10;;;;;
09/04/2025;24.10;;;;;
09/04/2025;24.30;;;;;
09/04/2025;25.20;;;;;
09/04/2025;23.90;;;;;
09/04/2025;23.20;;;;;
09/04/2025;23.70;;;;;
09/04/2025;23.30;;;;;
09/04/2025;23.90;;;;;
09/04/2025;25.90;;;;;
09/04/2025;27.60;;;;;
09/04/2025;30.20;;;;;
09/04/2025;32.70;;;;;
09/04/2025;33.20;;;;;
09/04/2025;32.80;;;;;
09/04/2025;34.30;;;;;
09/04/2025;34.40;;;;;
09/04/2025;34.40;;;;;
09/04/2025;33.90;;;;;
09/04/2025;28.60;;;;;
09/04/2025;28.40;;;;;
09/04/2025;27.30;;;;;
10/04/2025;27.60;;;;;
10/04/2025;27.50;;;;;
10/04/2025;25.70;;;;;
10/04/2025;25.80;;;;;
10/04/2025;26.30;;;;;
10/04/2025;25.70;;;;;
10/04/2025;26.20;;;;;
10/04/2025;25.90;;;;;
10/04/2025;25.60;;;;;
10/04/2025;25.70;;;;;
10/04/2025;25.30;;;;;
10/04/2025;26.40;;;;;
10/04/2025;28.40;;;;;
10/04/2025;31.10;;;;;
10/04/2025;32.10;;;;;
10/04/2025;33.30;;;;;
10/04/2025;33.90;;;;;
10/04/2025;33.50;;;;;
10/04/2025;33.10;;;;;
10/04/2025;32.00;;;;;
10/04/2025;30.70;;;;;
10/04/2025;28.90;;;;;
10/04/2025;27.10;;;;;
10/04/2025;;;;;;
11/04/2025;24.90;;;;;
11/04/2025;24.70;;;;;
11/04/2025;24.50;;;;;
11/04/2025;24.30;;;;;
11/04/2025;24.50;;;;;
11/04/2025;23.90;;;;;
11/04/2025;24.00;;;;;
11/04/2025;23.80;;;;;
11/04/2025;22.80;;;;;
11/04/2025;22.70;;;;;
11/04/2025;23.10;;;;;
11/04/2025;25.00;;;;;
11/04/2025;26.40;;;;;
11/04/2025;27.60;;;;;
11/04/2025;29.50;;;;;
11/04/2025;30.60;;;;;
11/04/2025;32.10;;;;;
11/04/2025;32.20;;;;;
11/04/2025;30.50;;;;;
11/04/2025;29.90;;;;;
11/04/2025;28.50;;;;;
11/04/2025;27.70;;;;;
11/04/2025;27.20;;;;;
11/04/2025;26.40;;;;;
12/04/2025;25.90;;;;;
12/04/2025;25.50;;;;;
12/04/2025;25.40;;;;;
12/04/2025;25.00;;;;;
12/04/2025;24.70;;;;;
12/04/2025;24.40;;;;;
12/04/2025;24.70;;;;;
12/04/2025;24.30;;;;;
12/04/2025;24.20;;;;;
12/04/2025;24.10;;;;;
12/04/2025;24.20;;;;;
12/04/2025;24.70;;;;;
12/04/2025;26.60;;;;;
12/04/2025;29.00;;;;;
12/04/2025;30.40;;;;;
12/04/2025;31.20;;;;;
12/04/2025;32.00;;;;;
12/04/2025;32.10;;;;;
12/04/2025;32.90;;;;;
12/04/2025;32.50;;;;;
12/04/2025;32.50;;;;;
12/04/2025;31.40;;;;;
12/04/2025;28.30;;;;;
12/04/2025;28.20;;;;;
13/04/2025;26.00;;;;;
13/04/2025;25.20;;;;;
13/04/2025;24.90;;;;;
13/04/2025;24.40;;;;;
13/04/2025;24.20;;;;;
13/04/2025;24.00;;;;;
13/04/2025;24.00;;;;;
13/04/2025;24.20;;;;;
13/04/2025;24.30;;;;;
13/04/2025;23.90;;;;;
13/04/2025;23.80;;;;;
13/04/2025;25.10;;;;;
13/04/2025;26.60;;;;;
13/04/2025;28.40;;;;;
13/04/2025;30.30;;;;;
13/04/2025;31.30;;;;;
13/04/2025;31.50;;;;;
13/04/2025;31.90;;;;;
13/04/2025;32.50;;;;;
13/04/2025;32.60;;;;;
13/04/2025;27.20;;;;;
13/04/2025;26.90;;;;;
13/04/2025;26.20;;;;;
13/04/2025;25.60;;;;;
14/04/2025;25.30;;;;;
14/04/2025;25.20;;;;;
14/04/2025;25.30;;;;;
14/04/2025;24.90;;;;;
14/04/2025;25.40;;;;;
14/04/2025;25.20;;;;;
14/04/2025;25.20;;;;;
14/04/2025;24.90;;;;;
14/04/2025;24.90;;;;;
14/04/2025;24.10;;;;;
14/04/2025;24.10;;;;;
14/04/2025;24.60;;;;;
14/04/2025;25.90;;;;;
14/04/2025;27.20;;;;;
14/04/2025;29.00;;;;;
14/04/2025;30.90;;;;;
14/04/2025;32.30;;;;;
14/04/2025;32.70;;;;;
14/04/2025;32.00;;;;;
14/04/2025;32.70;;;;;
14/04/2025;32.60;;;;;
14/04/2025;30.40;;;;;
14/04/2025;28.90;;;;;
14/04/2025;27.40;;;;;
15/04/2025;27.80;;;;;
15/04/2025;26.70;;;;;
15/04/2025;26.20;;;;;
15/04/2025;25.80;;;;;
15/04/2025;25.30;;;;;
15/04/2025;25.10;;;;;
15/04/2025;25.00;;;;;
15/04/2025;24.40;;;;;
15/04/2025;24.20;;;;;
15/04/2025;24.10;;;;;
15/04/2025;24.60;;;;;
15/04/2025;25.80;;;;;
15/04/2025;27.60;;;;;
15/04/2025;27.40;;;;;
15/04/2025;27.50;;;;;
15/04/2025;29.10;;;;;
15/04/2025;29.00;;;;;
15/04/2025;29.30;;;;;
15/04/2025;30.00;;;;;
15/04/2025;30.60;;;;;
15/04/2025;30.80;;;;;
15/04/2025;28.90;;;;;
15/04/2025;27.60;;;;;
15/04/2025;;;;;;
16/04/2025;25.10;;;;;
16/04/2025;25.00;;;;;
16/04/2025;;;;;;
16/04/2025;24.20;;;;;
16/04/2025;24.30;;;;;
16/04/2025;23.90;;;;;
16/04/2025;23.50;;;;;
16/04/2025;23.10;;;;;
16/04/2025;22.90;;;;;
16/04/2025;22.60;;;;;
16/04/2025;22.70;;;;;
16/04/2025;23.70;;;;;
16/04/2025;25.00;;;;;
16/04/2025;26.10;;;;;
16/04/2025;27.80;;;;;
16/04/2025;28.50;;;;;
16/04/2025;30.50;;;;;
16/04/2025;31.80;;;;;
16/04/2025;31.90;;;;;
16/04/2025;32.30;;;;;
16/04/2025;31.70;;;;;
16/04/2025;30.30;;;;;
16/04/2025;28.70;;;;;
16/04/2025;27.20;;;;;
17/04/2025;26.80;;;;;
17/04/2025;26.20;;;;;
17/04/2025;25.50;;;;;
17/04/2025;26.20;;;;;
17/04/2025;26.40;;;;;
17/04/2025;25.80;;;;;
17/04/2025;25.10;;;;;
17/04/2025;24.20;;;;;
17/04/2025;23.60;;;;;
17/04/2025;23.60;;;;;
17/04/2025;23.70;;;;;
17/04/2025;26.00;;;;;
17/04/2025;28.10;;;;;
17/04/2025;30.40;;;;;
17/04/2025;31.90;;;;;
17/04/2025;32.50;;;;;
17/04/2025;33.70;;;;;
17/04/2025;33.70;;;;;
17/04/2025;34.50;;;;;
17/04/2025;34.70;;;;;
17/04/2025;30.90;;;;;
17/04/2025;28.70;;;;;
17/04/2025;27.70;;;;;
17/04/2025;26.90;;;;;
18/04/2025;27.40;;;;;
18/04/2025;25.90;;;;;
18/04/2025;26.10;;;;;
18/04/2025;25.50;;;;;
18/04/2025;25.90;;;;;
18/04/2025;24.80;;;;;
18/04/2025;24.80;;;;;
18/04/2025;24.80;;;;;
18/04/2025;25.30;;;;;
18/04/2025;24.50;;;;;
18/04/2025;24.70;;;;;
18/04/2025;26.80;;;;;
18/04/2025;29.60;;;;;
18/04/2025;30.60;;;;;
18/04/2025;32.30;;;;;
18/04/2025;32.80;;;;;
18/04/2025;33.10;;;;;
18/04/2025;33.30;;;;;
18/04/2025;33.30;;;;;
18/04/2025;31.90;;;;;
18/04/2025;29.80;;;;;
18/04/2025;28.50;;;;;
18/04/2025;27.40;;;;;
18/04/2025;27.10;;;;;
19/04/2025;27.20;;;;;
19/04/2025;26.90;;;;;
19/04/2025;26.60;;;;;
19/04/2025;25.90;;;;;
19/04/2025;26.70;;;;;
19/04/2025;26.20;;;;;
19/04/2025;25.90;;;;;
19/04/2025;25.60;;;;;
19/04/2025;26.00;;;;;
19/04/2025;25.70;;;;;
19/04/2025;26.10;;;;;
19/04/2025;28.20;;;;;
19/04/2025;28.90;;;;;
19/04/2025;30.70;;;;;
19/04/2025;32.30;;;;;
19/04/2025;33.20;;;;;
19/04/2025;34.60;;;;;
19/04/2025;33.80;;;;;
19/04/2025;31.40;;;;;
19/04/2025;24.70;;;;;
19/04/2025;27.50;;;;;
19/04/2025;27.00;;;;;
19/04/2025;27.40;;;;;
19/04/2025;26.50;;;;;
20/04/2025;;;;;;
20/04/2025;26.30;;;;;
20/04/2025;25.90;;;;;
20/04/2025;24.80;;;;;
20/04/2025;24.10;;;;;
20/04/2025;24.00;;;;;
20/04/2025;24.10;;;;;
20/04/2025;24.10;;;;;
20/04/2025;23.50;;;;;
20/04/2025;23.90;;;;;
20/04/2025;24.30;;;;;
20/04/2025;24.90;;;;;
20/04/2025;26.60;;;;;
20/04/2025;28.20;;;;;
20/04/2025;30.70;;;;;
20/04/2025;32.60;;;;;
20/04/2025;33.40;;;;;
20/04/2025;33.90;;;;;
20/04/2025;33.60;;;;;
20/04/2025;34.50;;;;;
20/04/2025;32.50;;;;;
20/04/2025;31.90;;;;;
20/04/2025;30.50;;;;;
20/04/2025;29.30;;;;;
21/04/2025;28.10;;;;;
21/04/2025;28.80;;;;;
21/04/2025;26.90;;;;;
21/04/2025;26.10;;;;;
21/04/2025;26.10;;;;;
21/04/2025;25.20;;;;;
21/04/2025;25.50;;;;;
21/04/2025;25.80;;;;;
21/04/2025;25.30;;;;;
21/04/2025;25.10;;;;;
21/04/2025;26.30;;;;;
21/04/2025;27.70;;;;;
21/04/2025;29.40;;;;;
21/04/2025;31.30;;;;;
21/04/2025;32.70;;;;;
21/04/2025;33.80;;;;;
21/04/2025;34.50;;;;;
21/04/2025;34.50;;;;;
21/04/2025;34.80;;;;;
21/04/2025;32.70;;;;;
21/04/2025;29.40;;;;;
21/04/2025;27.70;;;;;
21/04/2025;26.30;;;;;
21/04/2025;25.40;;;;;
22/04/2025;25.80;;;;;
22/04/2025;26.20;;;;;
22/04/2025;26.20;;;;;
22/04/2025;25.40;;;;;
22/04/2025;24.90;;;;;
22/04/2025;24.20;;;;;
22/04/2025;24.00;;;;;
22/04/2025;24.70;;;;;
22/04/2025;24.70;;;;;
22/04/2025;24.90;;;;;
22/04/2025;25.00;;;;;
22/04/2025;26.00;;;;;
22/04/2025;27.50;;;;;
22/04/2025;29.30;;;;;
22/04/2025;28.10;;;;;
22/04/2025;27.40;;;;;
22/04/2025;28.90;;;;;
22/04/2025;28.20;;;;;
22/04/2025;28.00;;;;;
22/04/2025;28.10;;;;;
22/04/2025;28.40;;;;;
22/04/2025;27.50;;;;;
22/04/2025;26.10;;;;;
22/04/2025;26.30;;;;;
23/04/2025;25.40;;;;;
23/04/2025;24.80;;;;;
23/04/2025;24.40;;;;;
23/04/2025;24.40;;;;;
23/04/2025;24.30;;;;;
23/04/2025;24.60;;;;;
23/04/2025;24.00;;;;;
23/04/2025;23.70;;;;;
23/04/2025;23.10;;;;;
23/04/2025;23.50;;;;;
23/04/2025;23.90;;;;;
23/04/2025;24.70;;;;;
23/04/2025;25.80;;;;;
23/04/2025;28.20;;;;;
23/04/2025;29.60;;;;;
23/04/2025;30.40;;;;;
23/04/2025;30.80;;;;;
23/04/2025;30.80;;;;;
23/04/2025;31.40;;;;;
23/04/2025;29.20;;;;;
23/04/2025;28.40;;;;;
23/04/2025;28.20;;;;;
23/04/2025;27.60;;;;;
23/04/2025;26.70;;;;;
24/04/2025;26.10;;;;;
24/04/2025;25.90;;;;;
24/04/2025;24.60;;;;;
24/04/2025;25.00;;;;;
24/04/2025;24.20;;;;;
24/04/2025;24.30;;;;;
24/04/2025;23.70;;;;;
24/04/2025;24.50;;;;;
24/04/2025;23.60;;;;;
24/04/2025;23.50;;;;;
24/04/2025;24.10;;;;;
24/04/2025;25.70;;;;;
24/04/2025;27.30;;;;;
24/04/2025;28.90;;;;;
24/04/2025;31.10;;;;;
24/04/2025;31.90;;;;;
24/04/2025;32.50;;;;;
24/04/2025;33.00;;;;;
24/04/2025;32.40;;;;;
24/04/2025;33.60;;;;;
24/04/2025;32.60;;;;;
24/04/2025;26.80;;;;;
24/04/2025;26.30;;;;;
24/04/2025;26.50;;;;;
25/04/2025;26.60;;;;;
25/04/2025;26.30;;;;;
25/04/2025;26.50;;;;;
25/04/2025;24.90;;;;;
25/04/2025;24.60;;;;;
25/04/2025;24.20;;;;;
25/04/2025;24.30;;;;;
25/04/2025;24.60;;;;;
25/04/2025;24.80;;;;;
25/04/2025;23.90;;;;;
25/04/2025;24.10;;;;;
25/04/2025;25.60;;;;;
25/04/2025;27.10;;;;;
25/04/2025;29.00;;;;;
25/04/2025;30.20;;;;;
25/04/2025;31.00;;;;;
25/04/2025;31.80;;;;;
25/04/2025;33.40;;;;;
25/04/2025;31.70;;;;;
25/04/2025;29.20;;;;;
25/04/2025;28.60;;;;;
25/04/2025;28.40;;;;;
25/04/2025;27.30;;;;;
25/04/2025;26.40;;;;;
26/04/2025;26.10;;;;;
26/04/2025;26.50;;;;;
26/04/2025;25.80;;;;;
26/04/2025;24.80;;;;;
26/04/2025;24.30;;;;;
26/04/2025;24.40;;;;;
26/04/2025;24.30;;;;;
26/04/2025;23.70;;;;;
26/04/2025;23.70;;;;;
26/04/2025;23.50;;;;;
26/04/2025;24.40;;;;;
26/04/2025;26.80;;;;;
26/04/2025;29.90;;;;;
26/04/2025;31.40;;;;;
26/04/2025;32.50;;;;;
26/04/2025;34.00;;;;;
26/04/2025;34.30;;;;;
26/04/2025;34.10;;;;;
26/04/2025;35.10;;;;;
26/04/2025;33.40;;;;;
26/04/2025;33.20;;;;;
26/04/2025;31.60;;;;;
26/04/2025;29.00;;;;;
26/04/2025;28.00;;;;;
27/04/2025;27.90;;;;;
27/04/2025;25.90;;;;;
27/04/2025;26.00;;;;;
27/04/2025;26.00;;;;;
27/04/2025;25.80;;;;;
27/04/2025;25.80;;;;;
27/04/2025;25.50;;;;;
27/04/2025;25.50;;;;;
27/04/2025;25.80;;;;;
27/04/2025;25.90;;;;;
27/04/2025;25.80;;;;;
27/04/2025;25.40;;;;;
27/04/2025;26.30;;;;;
27/04/2025;27.00;;;;;
27/04/2025;23.30;;;;;
27/04/2025;23.00;;;;;
27/04/2025;24.00;;;;;
27/04/2025;25.60;;;;;
27/04/2025;26.30;;;;;
27/04/2025;26.90;;;;;
27/04/2025;26.50;;;;;
27/04/2025;24.90;;;;;
27/04/2025;24.00;;;;;
27/04/2025;24.10;;;;;
28/04/2025;24.30;;;;;
28/04/2025;24.30;;;;;
28/04/2025;24.10;;;;;
28/04/2025;23.80;;;;;
28/04/2025;23.60;;;;;
28/04/2025;23.50;;;;;
28/04/2025;23.20;;;;;
28/04/2025;23.50;;;;;
28/04/2025;23.20;;;;;
28/04/2025;22.80;;;;;
28/04/2025;23.00;;;;;
28/04/2025;24.50;;;;;
28/04/2025;26.70;;;;;
28/04/2025;28.40;;;;;
28/04/2025;29.40;;;;;
28/04/2025;30.30;;;;;
28/04/2025;31.10;;;;;
28/04/2025;32.20;;;;;
28/04/2025;32.40;;;;;
28/04/2025;31.20;;;;;
28/04/2025;32.20;;;;;
28/04/2025;30.60;;;;;
28/04/2025;28.00;;;;;
28/04/2025;26.60;;;;;
29/04/2025;26.80;;;;;
29/04/2025;27.80;;;;;
29/04/2025;25.80;;;;;
29/04/2025;25.30;;;;;
29/04/2025;25.40;;;;;
29/04/2025;25.60;;;;;
29/04/2025;25.00;;;;;
29/04/2025;24.70;;;;;
29/04/2025;25.30;;;;;
29/04/2025;24.10;;;;;
29/04/2025;24.80;;;;;
29/04/2025;26.00;;;;;
29/04/2025;28.00;;;;;
29/04/2025;29.80;;;;;
29/04/2025;31.60;;;;;
29/04/2025;32.90;;;;;
29/04/2025;33.70;;;;;
29/04/2025;33.60;;;;;
29/04/2025;31.30;;;;;
29/04/2025;32.90;;;;;
29/04/2025;33.70;;;;;
29/04/2025;29.70;;;;;
29/04/2025;27.60;;;;;
29/04/2025;26.80;;;;;
30/04/2025;26.40;;;;;
30/04/2025;26.10;;;;;
30/04/2025;26.20;;;;;
30/04/2025;25.50;;;;;
30/04/2025;26.30;;;;;
30/04/2025;25.70;;;;;
30/04/2025;24.90;;;;;
30/04/2025;24.90;;;;;
30/04/2025;24.50;;;;;
30/04/2025;24.00;;;;;
30/04/2025;25.20;;;;;
30/04/2025;26.00;;;;;
30/04/2025;28.10;;;;;
30/04/2025;30.00;;;;;
30/04/2025;31.60;;;;;
30/04/2025;33.20;;;;;
30/04/2025;33.30;;;;;
30/04/2025;34.00;;;;;
30/04/2025;29.10;;;;;
30/04/2025;29.90;;;;;
30/04/2025;29.40;;;;;
30/04/2025;28.90;;;;;
30/04/2025;27.20;;;;;
30/04/2025;27.10;;;;;
01/05/2025;26.50;;;;;
01/05/2025;26.30;;;;;
01/05/2025;26.30;;;;;
01/05/2025;26.20;;;;;
01/05/2025;26.00;;;;;
01/05/2025;26.90;;;;;
01/05/2025;26.50;;;;;
01/05/2025;25.60;;;;;
01/05/2025;25.60;;;;;
01/05/2025;25.00;;;;;
01/05/2025;25.00;;;;;
01/05/2025;26.80;;;;;
01/05/2025;28.40;;;;;
01/05/2025;29.40;;;;;
01/05/2025;31.30;;;;;
01/05/2025;32.40;;;;;
01/05/2025;32.80;;;;;
01/05/2025;30.60;;;;;
01/05/2025;25.10;;;;;
01/05/2025;26.00;;;;;
01/05/2025;26.00;;;;;
01/05/2025;26.00;;;;;
01/05/2025;25.10;;;;;
01/05/2025;25.30;;;;;
02/05/2025;25.00;;;;;
02/05/2025;24.80;;;;;
02/05/2025;24.70;;;;;
02/05/2025;22.70;;;;;
02/05/2025;22.20;;;;;
02/05/2025;22.80;;;;;
02/05/2025;22.70;;;;;
02/05/2025;22.60;;;;;
02/05/2025;22.20;;;;;
02/05/2025;22.30;;;;;
02/05/2025;22.40;;;;;
02/05/2025;23.90;;;;;
02/05/2025;25.30;;;;;
02/05/2025;27.70;;;;;
02/05/2025;29.60;;;;;
02/05/2025;31.20;;;;;
02/05/2025;28.50;;;;;
02/05/2025;29.80;;;;;
02/05/2025;30.90;;;;;
02/05/2025;26.50;;;;;
02/05/2025;28.00;;;;;
02/05/2025;27.40;;;;;
02/05/2025;26.10;;;;;
02/05/2025;25.50;;;;;
03/05/2025;25.10;;;;;
03/05/2025;25.00;;;;;
03/05/2025;24.60;;;;;
03/05/2025;24.50;;;;;
03/05/2025;24.20;;;;;
03/05/2025;23.80;;;;;
03/05/2025;23.60;;;;;
03/05/2025;23.60;;;;;
03/05/2025;23.50;;;;;
03/05/2025;23.30;;;;;
03/05/2025;24.00;;;;;
03/05/2025;26.10;;;;;
03/05/2025;27.50;;;;;
03/05/2025;29.70;;;;;
03/05/2025;29.70;;;;;
03/05/2025;31.80;;;;;
03/05/2025;30.50;;;;;
03/05/2025;32.40;;;;;
03/05/2025;31.40;;;;;
03/05/2025;30.80;;;;;
03/05/2025;29.60;;;;;
03/05/2025;28.60;;;;;
03/05/2025;27.40;;;;;
03/05/2025;26.80;;;;;
04/05/2025;25.50;;;;;
04/05/2025;25.60;;;;;
04/05/2025;24.90;;;;;
04/05/2025;24.90;;;;;
04/05/2025;24.80;;;;;
04/05/2025;25.00;;;;;
04/05/2025;24.40;;;;;
04/05/2025;24.30;;;;;
04/05/2025;24.20;;;;;
04/05/2025;23.80;;;;;
04/05/2025;23.40;;;;;
04/05/2025;25.90;;;;;
04/05/2025;28.30;;;;;
04/05/2025;30.50;;;;;
04/05/2025;31.80;;;;;
04/05/2025;32.00;;;;;
04/05/2025;32.10;;;;;
04/05/2025;32.30;;;;;
04/05/2025;31.80;;;;;
04/05/2025;33.40;;;;;
04/05/2025;31.30;;;;;
04/05/2025;30.10;;;;;
04/05/2025;27.30;;;;;
04/05/2025;26.50;;;;;
05/05/2025;25.10;;;;;
05/05/2025;25.60;;;;;
05/05/2025;25.20;;;;;
05/05/2025;25.10;;;;;
05/05/2025;24.70;;;;;
05/05/2025;24.10;;;;;
05/05/2025;24.00;;;;;
05/05/2025;23.60;;;;;
05/05/2025;22.40;;;;;
05/05/2025;22.20;;;;;
05/05/2025;23.50;;;;;
05/05/2025;26.10;;;;;
05/05/2025;28.00;;;;;
05/05/2025;30.70;;;;;
05/05/2025;31.60;;;;;
05/05/2025;32.90;;;;;
05/05/2025;33.20;;;;;
05/05/2025;33.10;;;;;
05/05/2025;33.80;;;;;
05/05/2025;32.50;;;;;
05/05/2025;32.10;;;;;
05/05/2025;29.90;;;;;
05/05/2025;28.00;;;;;
05/05/2025;25.70;;;;;
06/05/2025;25.20;;;;;
06/05/2025;26.10;;;;;
06/05/2025;24.80;;;;;
06/05/2025;24.40;;;;;
06/05/2025;23.90;;;;;
06/05/2025;22.80;;;;;
06/05/2025;22.90;;;;;
06/05/2025;23.00;;;;;
06/05/2025;22.90;;;;;
06/05/2025;21.80;;;;;
06/05/2025;21.90;;;;;
06/05/2025;25.00;;;;;
06/05/2025;27.70;;;;;
06/05/2025;30.40;;;;;
06/05/2025;32.30;;;;;
06/05/2025;33.00;;;;;
06/05/2025;33.20;;;;;
06/05/2025;33.30;;;;;
06/05/2025;32.80;;;;;
06/05/2025;33.20;;;;;
06/05/2025;31.40;;;;;
06/05/2025;28.80;;;;;
06/05/2025;27.90;;;;;
06/05/2025;26.40;;;;;
07/05/2025;25.40;;;;;
07/05/2025;24.80;;;;;
07/05/2025;24.80;;;;;
07/05/2025;24.50;;;;;
07/05/2025;23.50;;;;;
07/05/2025;23.40;;;;;
07/05/2025;23.20;;;;;
07/05/2025;23.40;;;;;
07/05/2025;22.60;;;;;
07/05/2025;22.30;;;;;
07/05/2025;23.10;;;;;
07/05/2025;25.10;;;;;
07/05/2025;28.00;;;;;
07/05/2025;30.80;;;;;
07/05/2025;32.40;;;;;
07/05/2025;32.20;;;;;
07/05/2025;33.10;;;;;
07/05/2025;34.20;;;;;
07/05/2025;32.90;;;;;
07/05/2025;33.70;;;;;
07/05/2025;32.00;;;;;
07/05/2025;29.80;;;;;
07/05/2025;27.90;;;;;
07/05/2025;26.80;;;;;
08/05/2025;26.30;;;;;
08/05/2025;25.30;;;;;
08/05/2025;24.70;;;;;
08/05/2025;24.20;;;;;
08/05/2025;23.90;;;;;
08/05/2025;23.90;;;;;
08/05/2025;23.90;;;;;
08/05/2025;23.50;;;;;
08/05/2025;23.20;;;;;
08/05/2025;23.10;;;;;
08/05/2025;23.40;;;;;
08/05/2025;26.60;;;;;
08/05/2025;29.20;;;;;
08/05/2025;31.50;;;;;
08/05/2025;33.60;;;;;
08/05/2025;34.10;;;;;
08/05/2025;34.50;;;;;
08/05/2025;34.50;;;;;
08/05/2025;34.60;;;;;
08/05/2025;33.70;;;;;
08/05/2025;33.60;;;;;
08/05/2025;31.00;;;;;
08/05/2025;29.40;;;;;
08/05/2025;28.50;;;;;
09/05/2025;25.70;;;;;
09/05/2025;24.30;;;;;
09/05/2025;23.60;;;;;
09/05/2025;22.90;;;;;
09/05/2025;22.50;;;;;
09/05/2025;22.50;;;;;
09/05/2025;22.20;;;;;
09/05/2025;22.40;;;;;
09/05/2025;22.80;;;;;
09/05/2025;22.10;;;;;
09/05/2025;22.40;;;;;
09/05/2025;24.80;;;;;
09/05/2025;28.90;;;;;
09/05/2025;31.10;;;;;
09/05/2025;33.00;;;;;
09/05/2025;33.60;;;;;
09/05/2025;34.50;;;;;
09/05/2025;34.90;;;;;
09/05/2025;34.50;;;;;
09/05/2025;33.10;;;;;
09/05/2025;31.50;;;;;
09/05/2025;30.30;;;;;
09/05/2025;28.00;;;;;
09/05/2025;27.00;;;;;
10/05/2025;26.60;;;;;
10/05/2025;25.90;;;;;
10/05/2025;24.60;;;;;
10/05/2025;23.90;;;;;
10/05/2025;23.40;;;;;
10/05/2025;22.70;;;;;
10/05/2025;22.30;;;;;
10/05/2025;21.90;;;;;
10/05/2025;21.80;;;;;
10/05/2025;22.70;;;;;
10/05/2025;23.40;;;;;
10/05/2025;25.30;;;;;
10/05/2025;27.90;;;;;
10/05/2025;30.40;;;;;
10/05/2025;33.30;;;;;
10/05/2025;34.20;;;;;
10/05/2025;34.50;;;;;
10/05/2025;34.80;;;;;
10/05/2025;35.50;;;;;
10/05/2025;35.00;;;;;
10/05/2025;34.00;;;;;
10/05/2025;31.80;;;;;
10/05/2025;28.80;;;;;
10/05/2025;27.30;;;;;
11/05/2025;26.20;;;;;
11/05/2025;26.60;;;;;
11/05/2025;25.30;;;;;
11/05/2025;24.80;;;;;
11/05/2025;23.60;;;;;
11/05/2025;23.00;;;;;
11/05/2025;23.00;;;;;
11/05/2025;22.70;;;;;
11/05/2025;21.60;;;;;
11/05/2025;21.90;;;;;
11/05/2025;22.10;;;;;
11/05/2025;25.10;;;;;
11/05/2025;29.10;;;;;
11/05/2025;30.80;;;;;
11/05/2025;32.50;;;;;
11/05/2025;34.40;;;;;
11/05/2025;35.20;;;;;
11/05/2025;34.80;;;;;
11/05/2025;35.00;;;;;
11/05/2025;34.50;;;;;
11/05/2025;33.30;;;;;
11/05/2025;30.90;;;;;
11/05/2025;28.20;;;;;
11/05/2025;27.60;;;;;
12/05/2025;26.90;;;;;
12/05/2025;26.60;;;;;
12/05/2025;25.80;;;;;
12/05/2025;25.30;;;;;
12/05/2025;24.80;;;;;
12/05/2025;24.00;;;;;
12/05/2025;23.80;;;;;
12/05/2025;23.50;;;;;
12/05/2025;23.60;;;;;
12/05/2025;23.40;;;;;
12/05/2025;23.30;;;;;
12/05/2025;26.50;;;;;
12/05/2025;28.80;;;;;
12/05/2025;30.60;;;;;
12/05/2025;31.50;;;;;
12/05/2025;33.20;;;;;
12/05/2025;33.90;;;;;
12/05/2025;34.10;;;;;
12/05/2025;34.10;;;;;
12/05/2025;33.70;;;;;
12/05/2025;32.90;;;;;
12/05/2025;28.70;;;;;
12/05/2025;27.00;;;;;
12/05/2025;26.00;;;;;
13/05/2025;24.40;;;;;
13/05/2025;23.80;;;;;
13/05/2025;23.30;;;;;
13/05/2025;22.90;;;;;
13/05/2025;22.40;;;;;
13/05/2025;22.30;;;;;
13/05/2025;22.60;;;;;
13/05/2025;21.90;;;;;
13/05/2025;21.40;;;;;
13/05/2025;21.20;;;;;
13/05/2025;22.10;;;;;
13/05/2025;24.70;;;;;
13/05/2025;27.90;;;;;
13/05/2025;31.00;;;;;
13/05/2025;31.70;;;;;
13/05/2025;32.20;;;;;
13/05/2025;32.90;;;;;
13/05/2025;33.60;;;;;
13/05/2025;33.00;;;;;
13/05/2025;32.30;;;;;
13/05/2025;32.00;;;;;
13/05/2025;29.50;;;;;
13/05/2025;26.60;;;;;
13/05/2025;24.90;;;;;
14/05/2025;25.30;;;;;
14/05/2025;24.30;;;;;
14/05/2025;23.00;;;;;
14/05/2025;22.00;;;;;
14/05/2025;21.80;;;;;
14/05/2025;21.60;;;;;
14/05/2025;21.10;;;;;
14/05/2025;21.50;;;;;
14/05/2025;;;;;;
14/05/2025;20.50;;;;;
14/05/2025;20.60;;;;;
14/05/2025;22.90;;;;;
14/05/2025;26.20;;;;;
14/05/2025;29.50;;;;;
14/05/2025;30.90;;;;;
14/05/2025;31.60;;;;;
14/05/2025;31.80;;;;;
14/05/2025;32.40;;;;;
14/05/2025;31.90;;;;;
14/05/2025;31.80;;;;;
14/05/2025;31.10;;;;;
14/05/2025;28.20;;;;;
14/05/2025;26.40;;;;;
14/05/2025;25.60;;;;;
15/05/2025;24.10;;;;;
15/05/2025;24.10;;;;;
15/05/2025;23.70;;;;;
15/05/2025;23.40;;;;;
15/05/2025;22.20;;;;;
15/05/2025;21.30;;;;;
15/05/2025;21.20;;;;;
15/05/2025;20.80;;;;;
15/05/2025;20.20;;;;;
15/05/2025;19.90;;;;;
15/05/2025;20.60;;;;;
15/05/2025;23.50;;;;;
15/05/2025;27.00;;;;;
15/05/2025;29.60;;;;;
15/05/2025;31.10;;;;;
15/05/2025;31.50;;;;;
15/05/2025;32.50;;;;;
15/05/2025;31.40;;;;;
15/05/2025;32.40;;;;;
15/05/2025;32.30;;;;;
15/05/2025;31.20;;;;;
15/05/2025;28.60;;;;;
15/05/2025;26.70;;;;;
15/05/2025;25.70;;;;;
16/05/2025;24.40;;;;;
16/05/2025;23.10;;;;;
16/05/2025;23.20;;;;;
16/05/2025;22.50;;;;;
16/05/2025;22.30;;;;;
16/05/2025;22.30;;;;;
16/05/2025;20.80;;;;;
16/05/2025;20.70;;;;;
16/05/2025;20.40;;;;;
16/05/2025;20.00;;;;;
16/05/2025;20.20;;;;;
16/05/2025;23.50;;;;;
16/05/2025;27.60;;;;;
16/05/2025;29.50;;;;;
16/05/2025;31.10;;;;;
16/05/2025;32.00;;;;;
16/05/2025;32.70;;;;;
16/05/2025;33.10;;;;;
16/05/2025;33.10;;;;;
16/05/2025;32.20;;;;;
16/05/2025;31.40;;;;;
16/05/2025;28.60;;;;;
16/05/2025;26.70;;;;;
16/05/2025;25.90;;;;;
17/05/2025;24.30;;;;;
17/05/2025;24.90;;;;;
17/05/2025;23.00;;;;;
17/05/2025;22.30;;;;;
17/05/2025;21.80;;;;;
17/05/2025;21.70;;;;;
17/05/2025;22.00;;;;;
17/05/2025;20.90;;;;;
17/05/2025;21.30;;;;;
17/05/2025;20.30;;;;;
17/05/2025;20.80;;;;;
17/05/2025;23.50;;;;;
17/05/2025;27.30;;;;;
17/05/2025;29.80;;;;;
17/05/2025;30.80;;;;;
17/05/2025;32.60;;;;;
17/05/2025;32.00;;;;;
17/05/2025;32.90;;;;;
17/05/2025;33.40;;;;;
17/05/2025;33.60;;;;;
17/05/2025;31.50;;;;;
17/05/2025;28.10;;;;;
17/05/2025;25.80;;;;;
17/05/2025;24.40;;;;;
18/05/2025;24.10;;;;;
18/05/2025;23.50;;;;;
18/05/2025;23.20;;;;;
18/05/2025;23.50;;;;;
18/05/2025;23.50;;;;;
18/05/2025;22.20;;;;;
18/05/2025;21.90;;;;;
18/05/2025;21.10;;;;;
18/05/2025;20.90;;;;;
18/05/2025;20.50;;;;;
18/05/2025;21.20;;;;;
18/05/2025;24.00;;;;;
18/05/2025;27.50;;;;;
18/05/2025;29.90;;;;;
18/05/2025;30.80;;;;;
18/05/2025;32.10;;;;;
18/05/2025;31.90;;;;;
18/05/2025;32.60;;;;;
18/05/2025;33.30;;;;;
18/05/2025;32.40;;;;;
18/05/2025;31.90;;;;;
18/05/2025;29.20;;;;;
18/05/2025;27.10;;;;;
18/05/2025;25.80;;;;;
19/05/2025;24.20;;;;;
19/05/2025;24.40;;;;;
19/05/2025;22.70;;;;;
19/05/2025;23.30;;;;;
19/05/2025;23.20;;;;;
19/05/2025;23.10;;;;;
19/05/2025;21.90;;;;;
19/05/2025;22.20;;;;;
19/05/2025;21.10;;;;;
19/05/2025;20.80;;;;;
19/05/2025;22.30;;;;;
19/05/2025;23.70;;;;;
19/05/2025;26.40;;;;;
19/05/2025;27.60;;;;;
19/05/2025;31.80;;;;;
19/05/2025;32.60;;;;;
19/05/2025;33.40;;;;;
19/05/2025;33.70;;;;;
19/05/2025;33.60;;;;;
19/05/2025;34.30;;;;;
19/05/2025;32.70;;;;;
19/05/2025;29.60;;;;;
19/05/2025;28.70;;;;;
19/05/2025;27.40;;;;;
20/05/2025;24.60;;;;;
20/05/2025;24.70;;;;;
20/05/2025;24.70;;;;;
20/05/2025;24.30;;;;;
20/05/2025;22.60;;;;;
20/05/2025;22.00;;;;;
20/05/2025;22.10;;;;;
20/05/2025;21.20;;;;;
20/05/2025;21.20;;;;;
20/05/2025;20.80;;;;;
20/05/2025;21.50;;;;;
20/05/2025;24.00;;;;;
20/05/2025;27.90;;;;;
20/05/2025;30.20;;;;;
20/05/2025;31.60;;;;;
20/05/2025;32.70;;;;;
20/05/2025;33.10;;;;;
20/05/2025;33.30;;;;;
20/05/2025;34.30;;;;;
20/05/2025;33.20;;;;;
20/05/2025;33.00;;;;;
20/05/2025;30.20;;;;;
20/05/2025;26.20;;;;;
20/05/2025;26.30;;;;;
21/05/2025;24.00;;;;;
21/05/2025;22.50;;;;;
21/05/2025;22.50;;;;;
21/05/2025;22.00;;;;;
21/05/2025;21.20;;;;;
21/05/2025;21.40;;;;;
21/05/2025;20.50;;;;;
21/05/2025;19.50;;;;;
21/05/2025;20.00;;;;;
21/05/2025;18.60;;;;;
21/05/2025;18.50;;;;;
21/05/2025;21.40;;;;;
21/05/2025;26.20;;;;;
21/05/2025;30.00;;;;;
21/05/2025;31.50;;;;;
21/05/2025;33.10;;;;;
21/05/2025;32.80;;;;;
21/05/2025;33.50;;;;;
21/05/2025;33.20;;;;;
21/05/2025;32.70;;;;;
21/05/2025;32.50;;;;;
21/05/2025;29.50;;;;;
21/05/2025;27.80;;;;;
21/05/2025;25.10;;;;;
22/05/2025;23.40;;;;;
22/05/2025;23.90;;;;;
22/05/2025;23.10;;;;;
22/05/2025;22.20;;;;;
22/05/2025;21.30;;;;;
22/05/2025;20.30;;;;;
22/05/2025;20.90;;;;;
22/05/2025;22.00;;;;;
22/05/2025;21.60;;;;;
22/05/2025;20.20;;;;;
22/05/2025;20.00;;;;;
22/05/2025;22.60;;;;;
22/05/2025;27.30;;;;;
22/05/2025;31.10;;;;;
22/05/2025;32.20;;;;;
22/05/2025;32.70;;;;;
22/05/2025;32.40;;;;;
22/05/2025;33.50;;;;;
22/05/2025;32.10;;;;;
22/05/2025;31.00;;;;;
22/05/2025;31.70;;;;;
22/05/2025;30.50;;;;;
22/05/2025;26.20;;;;;
22/05/2025;25.70;;;;;
23/05/2025;25.20;;;;;
23/05/2025;24.40;;;;;
23/05/2025;22.80;;;;;
23/05/2025;22.70;;;;;
23/05/2025;23.20;;;;;
23/05/2025;21.90;;;;;
23/05/2025;21.80;;;;;
23/05/2025;20.80;;;;;
23/05/2025;20.60;;;;;
23/05/2025;20.90;;;;;
23/05/2025;21.60;;;;;
23/05/2025;24.40;;;;;
23/05/2025;28.80;;;;;
23/05/2025;32.00;;;;;
23/05/2025;33.30;;;;;
23/05/2025;33.90;;;;;
23/05/2025;34.80;;;;;
23/05/2025;34.10;;;;;
23/05/2025;34.80;;;;;
23/05/2025;32.30;;;;;
23/05/2025;31.90;;;;;
23/05/2025;30.10;;;;;
23/05/2025;27.10;;;;;
23/05/2025;25.30;;;;;
24/05/2025;24.60;;;;;
24/05/2025;24.60;;;;;
24/05/2025;24.20;;;;;
24/05/2025;22.90;;;;;
24/05/2025;22.70;;;;;
24/05/2025;22.30;;;;;
24/05/2025;23.00;;;;;
24/05/2025;23.30;;;;;
24/05/2025;23.10;;;;;
24/05/2025;21.80;;;;;
24/05/2025;22.00;;;;;
24/05/2025;25.90;;;;;
24/05/2025;28.80;;;;;
24/05/2025;32.10;;;;;
24/05/2025;33.80;;;;;
24/05/2025;35.00;;;;;
24/05/2025;34.60;;;;;
24/05/2025;36.20;;;;;
24/05/2025;35.10;;;;;
24/05/2025;33.50;;;;;
24/05/2025;32.70;;;;;
24/05/2025;29.50;;;;;
24/05/2025;27.70;;;;;
24/05/2025;26.60;;;;;
25/05/2025;25.50;;;;;
25/05/2025;25.20;;;;;
25/05/2025;23.60;;;;;
25/05/2025;22.80;;;;;
25/05/2025;22.60;;;;;
25/05/2025;22.60;;;;;
25/05/2025;23.00;;;;;
25/05/2025;22.50;;;;;
25/05/2025;22.10;;;;;
25/05/2025;20.70;;;;;
25/05/2025;21.30;;;;;
25/05/2025;24.10;;;;;
25/05/2025;28.60;;;;;
25/05/2025;31.10;;;;;
25/05/2025;33.50;;;;;
25/05/2025;34.40;;;;;
25/05/2025;33.70;;;;;
25/05/2025;34.10;;;;;
25/05/2025;34.40;;;;;
25/05/2025;34.40;;;;;
25/05/2025;31.30;;;;;
25/05/2025;30.50;;;;;
25/05/2025;27.70;;;;;
25/05/2025;24.90;;;;;
26/05/2025;24.40;;;;;
26/05/2025;23.70;;;;;
26/05/2025;22.90;;;;;
26/05/2025;22.80;;;;;
26/05/2025;23.30;;;;;
26/05/2025;21.30;;;;;
26/05/2025;20.60;;;;;
26/05/2025;21.10;;;;;
26/05/2025;20.40;;;;;
26/05/2025;19.80;;;;;
26/05/2025;20.50;;;;;
26/05/2025;23.80;;;;;
26/05/2025;28.20;;;;;
26/05/2025;30.40;;;;;
26/05/2025;32.40;;;;;
26/05/2025;33.70;;;;;
26/05/2025;34.20;;;;;
26/05/2025;33.90;;;;;
26/05/2025;33.20;;;;;
26/05/2025;33.50;;;;;
26/05/2025;31.90;;;;;
26/05/2025;29.70;;;;;
26/05/2025;27.90;;;;;
26/05/2025;26.50;;;;;
27/05/2025;25.10;;;;;
27/05/2025;24.20;;;;;
27/05/2025;22.40;;;;;
27/05/2025;21.30;;;;;
27/05/2025;20.50;;;;;
27/05/2025;20.40;;;;;
27/05/2025;21.10;;;;;
27/05/2025;20.90;;;;;
27/05/2025;19.40;;;;;
27/05/2025;19.20;;;;;
27/05/2025;19.50;;;;;
27/05/2025;22.70;;;;;
27/05/2025;27.80;;;;;
27/05/2025;31.10;;;;;
27/05/2025;33.30;;;;;
27/05/2025;34.10;;;;;
27/05/2025;33.90;;;;;
27/05/2025;34.20;;;;;
27/05/2025;34.00;;;;;
27/05/2025;33.60;;;;;
27/05/2025;32.40;;;;;
27/05/2025;29.80;;;;;
27/05/2025;28.00;;;;;
27/05/2025;24.70;;;;;
28/05/2025;26.00;;;;;
28/05/2025;23.40;;;;;
28/05/2025;22.40;;;;;
28/05/2025;22.20;;;;;
28/05/2025;21.00;;;;;
28/05/2025;21.40;;;;;
28/05/2025;21.50;;;;;
28/05/2025;21.70;;;;;
28/05/2025;20.70;;;;;
28/05/2025;19.50;;;;;
28/05/2025;20.50;;;;;
28/05/2025;24.00;;;;;
28/05/2025;27.80;;;;;
28/05/2025;30.80;;;;;
28/05/2025;32.70;;;;;
28/05/2025;33.00;;;;;
28/05/2025;33.80;;;;;
28/05/2025;33.70;;;;;
28/05/2025;34.10;;;;;
28/05/2025;34.00;;;;;
28/05/2025;33.20;;;;;
28/05/2025;29.80;;;;;
28/05/2025;27.60;;;;;
28/05/2025;26.60;;;;;
29/05/2025;27.90;;;;;
29/05/2025;25.80;;;;;
29/05/2025;23.80;;;;;
29/05/2025;23.20;;;;;
29/05/2025;22.40;;;;;
29/05/2025;21.40;;;;;
29/05/2025;21.10;;;;;
29/05/2025;20.70;;;;;
29/05/2025;20.10;;;;;
29/05/2025;20.50;;;;;
29/05/2025;20.30;;;;;
29/05/2025;22.10;;;;;
29/05/2025;24.80;;;;;
29/05/2025;29.00;;;;;
29/05/2025;31.20;;;;;
29/05/2025;32.00;;;;;
29/05/2025;32.90;;;;;
29/05/2025;33.30;;;;;
29/05/2025;33.90;;;;;
29/05/2025;32.40;;;;;
29/05/2025;31.30;;;;;
29/05/2025;28.80;;;;;
29/05/2025;27.10;;;;;
29/05/2025;26.10;;;;;
30/05/2025;25.20;;;;;
30/05/2025;24.30;;;;;
30/05/2025;23.60;;;;;
30/05/2025;22.80;;;;;
30/05/2025;21.90;;;;;
30/05/2025;21.20;;;;;
30/05/2025;20.50;;;;;
30/05/2025;20.20;;;;;
30/05/2025;19.80;;;;;
30/05/2025;19.00;;;;;
30/05/2025;18.70;;;;;
30/05/2025;19.90;;;;;
30/05/2025;21.10;;;;;
30/05/2025;23.40;;;;;
30/05/2025;25.80;;;;;
30/05/2025;28.40;;;;;
30/05/2025;30.40;;;;;
30/05/2025;31.40;;;;;
30/05/2025;31.60;;;;;
30/05/2025;31.60;;;;;
30/05/2025;30.50;;;;;
30/05/2025;28.10;;;;;
30/05/2025;26.40;;;;;
30/05/2025;25.80;;;;;
31/05/2025;25.40;;;;;
31/05/2025;24.40;;;;;
31/05/2025;23.90;;;;;
31/05/2025;23.20;;;;;
31/05/2025;22.50;;;;;
31/05/2025;21.70;;;;;
31/05/2025;21.50;;;;;
31/05/2025;21.50;;;;;
31/05/2025;21.20;;;;;
31/05/2025;20.90;;;;;
31/05/2025;20.40;;;;;
31/05/2025;22.30;;;;;
31/05/2025;25.90;;;;;
31/05/2025;28.80;;;;;
31/05/2025;31.80;;;;;
31/05/2025;32.80;;;;;
31/05/2025;33.60;;;;;
31/05/2025;34.30;;;;;
31/05/2025;34.50;;;;;
31/05/2025;34.40;;;;;
31/05/2025;33.50;;;;;
31/05/2025;30.00;;;;;
31/05/2025;28.00;;;;;
31/05/2025;26.80;;;;;
01/06/2025;26.30;;;;;
01/06/2025;24.50;;;;;
01/06/2025;25.00;;;;;
01/06/2025;24.80;;;;;
01/06/2025;24.10;;;;;
01/06/2025;23.20;;;;;
01/06/2025;23.40;;;;;
01/06/2025;22.60;;;;;
01/06/2025;22.10;;;;;
01/06/2025;21.50;;;;;
01/06/2025;21.60;;;;;
01/06/2025;23.80;;;;;
01/06/2025;26.30;;;;;
01/06/2025;29.30;;;;;
01/06/2025;32.10;;;;;
01/06/2025;34.30;;;;;
01/06/2025;34.00;;;;;
01/06/2025;33.90;;;;;
01/06/2025;33.00;;;;;
01/06/2025;34.70;;;;;
01/06/2025;32.70;;;;;
01/06/2025;26.90;;;;;
01/06/2025;26.20;;;;;
01/06/2025;26.60;;;;;
02/06/2025;26.50;;;;;
02/06/2025;25.20;;;;;
02/06/2025;24.40;;;;;
02/06/2025;25.00;;;;;
02/06/2025;25.10;;;;;
02/06/2025;24.90;;;;;
02/06/2025;24.60;;;;;
02/06/2025;24.30;;;;;
02/06/2025;23.80;;;;;
02/06/2025;23.70;;;;;
02/06/2025;23.60;;;;;
02/06/2025;24.30;;;;;
02/06/2025;27.50;;;;;
02/06/2025;29.90;;;;;
02/06/2025;32.20;;;;;
02/06/2025;33.10;;;;;
02/06/2025;34.80;;;;;
02/06/2025;34.00;;;;;
02/06/2025;35.00;;;;;
02/06/2025;33.80;;;;;
02/06/2025;31.50;;;;;
02/06/2025;29.40;;;;;
02/06/2025;27.10;;;;;
02/06/2025;26.30;;;;;
03/06/2025;25.30;;;;;
03/06/2025;24.90;;;;;
03/06/2025;24.60;;;;;
03/06/2025;23.90;;;;;
03/06/2025;24.50;;;;;
03/06/2025;24.70;;;;;
03/06/2025;24.70;;;;;
03/06/2025;23.90;;;;;
03/06/2025;23.50;;;;;
03/06/2025;22.80;;;;;
03/06/2025;22.80;;;;;
03/06/2025;25.40;;;;;
03/06/2025;28.90;;;;;
03/06/2025;31.40;;;;;
03/06/2025;32.80;;;;;
03/06/2025;32.60;;;;;
03/06/2025;34.00;;;;;
03/06/2025;33.90;;;;;
03/06/2025;34.30;;;;;
03/06/2025;33.60;;;;;
03/06/2025;32.40;;;;;
03/06/2025;29.60;;;;;
03/06/2025;27.50;;;;;
03/06/2025;26.50;;;;;
04/06/2025;23.70;;;;;
04/06/2025;22.50;;;;;
04/06/2025;22.20;;;;;
04/06/2025;21.40;;;;;
04/06/2025;21.10;;;;;
04/06/2025;20.70;;;;;
04/06/2025;20.30;;;;;
04/06/2025;20.60;;;;;
04/06/2025;19.80;;;;;
04/06/2025;19.10;;;;;
04/06/2025;20.00;;;;;
04/06/2025;23.50;;;;;
04/06/2025;27.60;;;;;
04/06/2025;30.70;;;;;
04/06/2025;32.10;;;;;
04/06/2025;33.00;;;;;
04/06/2025;33.30;;;;;
04/06/2025;33.60;;;;;
04/06/2025;33.70;;;;;
04/06/2025;33.50;;;;;
04/06/2025;32.40;;;;;
04/06/2025;29.80;;;;;
04/06/2025;26.60;;;;;
04/06/2025;24.90;;;;;
05/06/2025;23.10;;;;;
05/06/2025;22.20;;;;;
05/06/2025;22.00;;;;;
05/06/2025;21.80;;;;;
05/06/2025;22.00;;;;;
05/06/2025;21.90;;;;;
05/06/2025;21.20;;;;;
05/06/2025;21.40;;;;;
05/06/2025;20.40;;;;;
05/06/2025;19.80;;;;;
05/06/2025;20.50;;;;;
05/06/2025;23.40;;;;;
05/06/2025;27.30;;;;;
05/06/2025;30.30;;;;;
05/06/2025;31.90;;;;;
05/06/2025;32.90;;;;;
05/06/2025;33.80;;;;;
05/06/2025;33.60;;;;;
05/06/2025;33.60;;;;;
05/06/2025;32.60;;;;;
05/06/2025;30.90;;;;;
05/06/2025;28.00;;;;;
05/06/2025;25.80;;;;;
05/06/2025;25.30;;;;;
06/06/2025;24.20;;;;;
06/06/2025;22.50;;;;;
06/06/2025;21.80;;;;;
06/06/2025;21.30;;;;;
06/06/2025;21.40;;;;;
06/06/2025;21.10;;;;;
06/06/2025;21.70;;;;;
06/06/2025;21.80;;;;;
06/06/2025;21.30;;;;;
06/06/2025;20.10;;;;;
06/06/2025;20.30;;;;;
06/06/2025;23.00;;;;;
06/06/2025;27.10;;;;;
06/06/2025;30.60;;;;;
06/06/2025;32.20;;;;;
06/06/2025;33.20;;;;;
06/06/2025;34.60;;;;;
06/06/2025;33.20;;;;;
06/06/2025;34.50;;;;;
06/06/2025;34.40;;;;;
06/06/2025;33.10;;;;;
06/06/2025;30.90;;;;;
06/06/2025;26.60;;;;;
06/06/2025;27.50;;;;;
07/06/2025;24.50;;;;;
07/06/2025;24.00;;;;;
07/06/2025;22.30;;;;;
07/06/2025;21.80;;;;;
07/06/2025;21.60;;;;;
07/06/2025;21.30;;;;;
07/06/2025;21.50;;;;;
07/06/2025;21.10;;;;;
07/06/2025;20.60;;;;;
07/06/2025;19.00;;;;;
07/06/2025;19.20;;;;;
07/06/2025;22.70;;;;;
07/06/2025;27.00;;;;;
07/06/2025;30.40;;;;;
07/06/2025;32.00;;;;;
07/06/2025;32.90;;;;;
07/06/2025;35.50;;;;;
07/06/2025;34.60;;;;;
07/06/2025;34.90;;;;;
07/06/2025;34.00;;;;;
07/06/2025;32.00;;;;;
07/06/2025;31.00;;;;;
07/06/2025;25.30;;;;;
07/06/2025;24.30;;;;;
08/06/2025;24.10;;;;;
08/06/2025;23.60;;;;;
08/06/2025;21.70;;;;;
08/06/2025;21.90;;;;;
08/06/2025;21.50;;;;;
08/06/2025;20.20;;;;;
08/06/2025;19.80;;;;;
08/06/2025;19.30;;;;;
08/06/2025;19.00;;;;;
08/06/2025;18.40;;;;;
08/06/2025;19.80;;;;;
08/06/2025;22.60;;;;;
08/06/2025;27.30;;;;;
08/06/2025;30.40;;;;;
08/06/2025;32.30;;;;;
08/06/2025;32.60;;;;;
08/06/2025;33.70;;;;;
08/06/2025;34.30;;;;;
08/06/2025;34.40;;;;;
08/06/2025;34.10;;;;;
08/06/2025;32.50;;;;;
08/06/2025;30.20;;;;;
08/06/2025;27.80;;;;;
08/06/2025;23.80;;;;;
09/06/2025;22.90;;;;;
09/06/2025;21.60;;;;;
09/06/2025;21.00;;;;;
09/06/2025;22.20;;;;;
09/06/2025;22.50;;;;;
09/06/2025;20.30;;;;;
09/06/2025;19.70;;;;;
09/06/2025;20.50;;;;;
09/06/2025;20.00;;;;;
09/06/2025;19.50;;;;;
09/06/2025;20.70;;;;;
09/06/2025;22.70;;;;;
09/06/2025;26.50;;;;;
09/06/2025;30.00;;;;;
09/06/2025;31.30;;;;;
09/06/2025;33.00;;;;;
09/06/2025;33.60;;;;;
09/06/2025;34.30;;;;;
09/06/2025;34.90;;;;;
09/06/2025;34.60;;;;;
09/06/2025;33.00;;;;;
09/06/2025;29.80;;;;;
09/06/2025;27.80;;;;;
09/06/2025;24.90;;;;;
10/06/2025;26.30;;;;;
10/06/2025;23.90;;;;;
10/06/2025;21.20;;;;;
10/06/2025;20.20;;;;;
10/06/2025;20.00;;;;;
10/06/2025;20.40;;;;;
10/06/2025;20.10;;;;;
10/06/2025;19.90;;;;;
10/06/2025;19.30;;;;;
10/06/2025;19.70;;;;;
10/06/2025;20.30;;;;;
10/06/2025;22.70;;;;;
10/06/2025;24.90;;;;;
10/06/2025;28.10;;;;;
10/06/2025;30.90;;;;;
10/06/2025;32.20;;;;;
10/06/2025;33.50;;;;;
10/06/2025;34.20;;;;;
10/06/2025;34.10;;;;;
10/06/2025;33.30;;;;;
10/06/2025;31.60;;;;;
10/06/2025;29.10;;;;;
10/06/2025;27.40;;;;;
10/06/2025;26.80;;;;;
11/06/2025;26.10;;;;;
11/06/2025;25.30;;;;;
11/06/2025;24.20;;;;;
11/06/2025;23.70;;;;;
11/06/2025;23.70;;;;;
11/06/2025;23.20;;;;;
11/06/2025;22.70;;;;;
11/06/2025;21.90;;;;;
11/06/2025;21.30;;;;;
11/06/2025;21.10;;;;;
11/06/2025;21.80;;;;;
11/06/2025;23.20;;;;;
11/06/2025;26.20;;;;;
11/06/2025;29.80;;;;;
11/06/2025;31.90;;;;;
11/06/2025;33.40;;;;;
11/06/2025;33.40;;;;;
11/06/2025;33.70;;;;;
11/06/2025;34.00;;;;;
11/06/2025;33.90;;;;;
11/06/2025;33.00;;;;;
11/06/2025;29.80;;;;;
11/06/2025;28.20;;;;;
11/06/2025;26.90;;;;;
12/06/2025;25.80;;;;;
12/06/2025;25.50;;;;;
12/06/2025;24.80;;;;;
12/06/2025;24.00;;;;;
12/06/2025;23.40;;;;;
12/06/2025;23.20;;;;;
12/06/2025;22.70;;;;;
12/06/2025;22.20;;;;;
12/06/2025;21.80;;;;;
12/06/2025;21.50;;;;;
12/06/2025;21.00;;;;;
12/06/2025;22.80;;;;;
12/06/2025;26.70;;;;;
12/06/2025;29.30;;;;;
12/06/2025;32.80;;;;;
12/06/2025;32.60;;;;;
12/06/2025;34.70;;;;;
12/06/2025;33.70;;;;;
12/06/2025;33.80;;;;;
12/06/2025;33.90;;;;;
12/06/2025;33.00;;;;;
12/06/2025;30.10;;;;;
12/06/2025;27.50;;;;;
12/06/2025;26.90;;;;;
13/06/2025;25.90;;;;;
13/06/2025;24.80;;;;;
13/06/2025;24.50;;;;;
13/06/2025;23.80;;;;;
13/06/2025;23.40;;;;;
13/06/2025;21.60;;;;;
13/06/2025;21.10;;;;;
13/06/2025;20.20;;;;;
13/06/2025;21.40;;;;;
13/06/2025;21.40;;;;;
13/06/2025;20.60;;;;;
13/06/2025;22.60;;;;;
13/06/2025;27.60;;;;;
13/06/2025;30.50;;;;;
13/06/2025;33.30;;;;;
13/06/2025;33.80;;;;;
13/06/2025;34.80;;;;;
13/06/2025;35.10;;;;;
13/06/2025;34.30;;;;;
13/06/2025;33.70;;;;;
13/06/2025;32.10;;;;;
13/06/2025;29.50;;;;;
13/06/2025;27.30;;;;;
13/06/2025;25.90;;;;;
14/06/2025;23.70;;;;;
14/06/2025;22.90;;;;;
14/06/2025;23.10;;;;;
14/06/2025;21.80;;;;;
14/06/2025;22.20;;;;;
14/06/2025;21.80;;;;;
14/06/2025;21.40;;;;;
14/06/2025;22.00;;;;;
14/06/2025;21.00;;;;;
14/06/2025;20.50;;;;;
14/06/2025;21.00;;;;;
14/06/2025;21.80;;;;;
14/06/2025;26.40;;;;;
14/06/2025;29.40;;;;;
14/06/2025;30.60;;;;;
14/06/2025;31.30;;;;;
14/06/2025;32.20;;;;;
14/06/2025;32.90;;;;;
14/06/2025;32.70;;;;;
14/06/2025;32.30;;;;;
14/06/2025;31.40;;;;;
14/06/2025;28.70;;;;;
14/06/2025;27.10;;;;;
14/06/2025;25.50;;;;;
15/06/2025;23.20;;;;;
15/06/2025;22.60;;;;;
15/06/2025;21.70;;;;;
15/06/2025;21.20;;;;;
15/06/2025;20.80;;;;;
15/06/2025;19.60;;;;;
15/06/2025;20.40;;;;;
15/06/2025;19.30;;;;;
15/06/2025;18.90;;;;;
15/06/2025;18.90;;;;;
15/06/2025;19.00;;;;;
15/06/2025;21.10;;;;;
15/06/2025;26.00;;;;;
15/06/2025;28.90;;;;;
15/06/2025;30.20;;;;;
15/06/2025;31.70;;;;;
15/06/2025;32.10;;;;;
15/06/2025;32.60;;;;;
15/06/2025;32.60;;;;;
15/06/2025;32.30;;;;;
15/06/2025;31.10;;;;;
15/06/2025;28.90;;;;;
15/06/2025;27.00;;;;;
15/06/2025;26.20;;;;;
16/06/2025;23.80;;;;;
16/06/2025;21.30;;;;;
16/06/2025;20.70;;;;;
16/06/2025;21.10;;;;;
16/06/2025;21.00;;;;;
16/06/2025;19.40;;;;;
16/06/2025;18.60;;;;;
16/06/2025;18.60;;;;;
16/06/2025;19.50;;;;;
16/06/2025;17.60;;;;;
16/06/2025;17.90;;;;;
16/06/2025;21.80;;;;;
16/06/2025;26.40;;;;;
16/06/2025;29.30;;;;;
16/06/2025;30.80;;;;;
16/06/2025;33.00;;;;;
16/06/2025;31.90;;;;;
16/06/2025;32.80;;;;;
16/06/2025;33.50;;;;;
16/06/2025;32.90;;;;;
16/06/2025;32.10;;;;;
16/06/2025;29.20;;;;;
16/06/2025;26.50;;;;;
16/06/2025;24.40;;;;;
17/06/2025;21.00;;;;;
17/06/2025;19.60;;;;;
17/06/2025;19.80;;;;;
17/06/2025;19.10;;;;;
17/06/2025;18.30;;;;;
17/06/2025;19.30;;;;;
17/06/2025;17.30;;;;;
17/06/2025;16.10;;;;;
17/06/2025;16.70;;;;;
17/06/2025;16.80;;;;;
17/06/2025;17.60;;;;;
17/06/2025;20.50;;;;;
17/06/2025;25.90;;;;;
17/06/2025;29.60;;;;;
17/06/2025;31.10;;;;;
17/06/2025;32.50;;;;;
17/06/2025;32.60;;;;;
17/06/2025;33.40;;;;;
17/06/2025;31.20;;;;;
17/06/2025;33.00;;;;;
17/06/2025;32.40;;;;;
17/06/2025;29.60;;;;;
17/06/2025;25.70;;;;;
17/06/2025;24.40;;;;;
18/06/2025;22.80;;;;;
18/06/2025;22.60;;;;;
18/06/2025;21.50;;;;;
18/06/2025;21.00;;;;;
18/06/2025;20.20;;;;;
18/06/2025;19.40;;;;;
18/06/2025;19.50;;;;;
18/06/2025;20.50;;;;;
18/06/2025;21.50;;;;;
18/06/2025;21.30;;;;;
18/06/2025;21.10;;;;;
18/06/2025;23.20;;;;;
18/06/2025;26.40;;;;;
18/06/2025;30.70;;;;;
18/06/2025;31.00;;;;;
18/06/2025;32.00;;;;;
18/06/2025;32.50;;;;;
18/06/2025;31.60;;;;;
18/06/2025;33.10;;;;;
18/06/2025;33.00;;;;;
18/06/2025;31.90;;;;;
18/06/2025;29.60;;;;;
18/06/2025;28.20;;;;;
18/06/2025;23.60;;;;;
19/06/2025;23.50;;;;;
19/06/2025;23.20;;;;;
19/06/2025;23.10;;;;;
19/06/2025;21.70;;;;;
19/06/2025;20.30;;;;;
19/06/2025;19.80;;;;;
19/06/2025;20.20;;;;;
19/06/2025;18.70;;;;;
19/06/2025;18.80;;;;;
19/06/2025;18.80;;;;;
19/06/2025;18.70;;;;;
19/06/2025;22.90;;;;;
19/06/2025;27.20;;;;;
19/06/2025;31.30;;;;;
19/06/2025;31.50;;;;;
19/06/2025;32.60;;;;;
19/06/2025;33.30;;;;;
19/06/2025;33.20;;;;;
19/06/2025;32.60;;;;;
19/06/2025;33.10;;;;;
19/06/2025;32.00;;;;;
19/06/2025;29.60;;;;;
19/06/2025;25.70;;;;;
19/06/2025;25.30;;;;;
20/06/2025;23.10;;;;;
20/06/2025;22.30;;;;;
20/06/2025;21.70;;;;;
20/06/2025;21.60;;;;;
20/06/2025;20.60;;;;;
20/06/2025;19.80;;;;;
20/06/2025;19.70;;;;;
20/06/2025;18.80;;;;;
20/06/2025;19.20;;;;;
20/06/2025;18.70;;;;;
20/06/2025;18.70;;;;;
20/06/2025;22.60;;;;;
20/06/2025;27.60;;;;;
20/06/2025;31.60;;;;;
20/06/2025;32.80;;;;;
20/06/2025;33.90;;;;;
20/06/2025;35.20;;;;;
20/06/2025;34.80;;;;;
20/06/2025;33.70;;;;;
20/06/2025;33.80;;;;;
20/06/2025;32.50;;;;;
20/06/2025;30.10;;;;;
20/06/2025;26.80;;;;;
20/06/2025;24.60;;;;;
21/06/2025;22.40;;;;;
21/06/2025;23.00;;;;;
21/06/2025;19.60;;;;;
21/06/2025;18.80;;;;;
21/06/2025;18.00;;;;;
21/06/2025;18.10;;;;;
21/06/2025;17.10;;;;;
21/06/2025;16.70;;;;;
21/06/2025;17.10;;;;;
21/06/2025;17.60;;;;;
21/06/2025;16.70;;;;;
21/06/2025;20.80;;;;;
21/06/2025;26.30;;;;;
21/06/2025;29.60;;;;;
21/06/2025;31.30;;;;;
21/06/2025;34.30;;;;;
21/06/2025;34.40;;;;;
21/06/2025;34.70;;;;;
21/06/2025;34.90;;;;;
21/06/2025;33.90;;;;;
21/06/2025;32.60;;;;;
21/06/2025;29.70;;;;;
21/06/2025;27.80;;;;;
21/06/2025;23.60;;;;;
22/06/2025;22.70;;;;;
22/06/2025;22.80;;;;;
22/06/2025;20.20;;;;;
22/06/2025;19.50;;;;;
22/06/2025;19.40;;;;;
22/06/2025;19.70;;;;;
22/06/2025;19.30;;;;;
22/06/2025;18.50;;;;;
22/06/2025;18.50;;;;;
22/06/2025;18.50;;;;;
22/06/2025;19.30;;;;;
22/06/2025;22.70;;;;;
22/06/2025;27.50;;;;;
22/06/2025;32.20;;;;;
22/06/2025;33.70;;;;;
22/06/2025;34.00;;;;;
22/06/2025;34.10;;;;;
22/06/2025;34.80;;;;;
22/06/2025;34.60;;;;;
22/06/2025;34.30;;;;;
22/06/2025;33.70;;;;;
22/06/2025;31.30;;;;;
22/06/2025;28.60;;;;;
22/06/2025;27.50;;;;;
23/06/2025;24.90;;;;;
23/06/2025;23.20;;;;;
23/06/2025;22.40;;;;;
23/06/2025;21.30;;;;;
23/06/2025;21.20;;;;;
23/06/2025;20.30;;;;;
23/06/2025;20.00;;;;;
23/06/2025;19.90;;;;;
23/06/2025;19.60;;;;;
23/06/2025;19.80;;;;;
23/06/2025;20.00;;;;;
23/06/2025;23.30;;;;;
23/06/2025;28.20;;;;;
23/06/2025;30.50;;;;;
23/06/2025;31.60;;;;;
23/06/2025;33.10;;;;;
23/06/2025;33.70;;;;;
23/06/2025;34.10;;;;;
23/06/2025;32.00;;;;;
23/06/2025;32.10;;;;;
23/06/2025;33.70;;;;;
23/06/2025;31.20;;;;;
23/06/2025;28.80;;;;;
23/06/2025;25.80;;;;;
24/06/2025;24.50;;;;;
24/06/2025;22.70;;;;;
24/06/2025;24.40;;;;;
24/06/2025;21.70;;;;;
24/06/2025;21.30;;;;;
24/06/2025;20.50;;;;;
24/06/2025;20.50;;;;;
24/06/2025;22.50;;;;;
24/06/2025;23.00;;;;;
24/06/2025;21.90;;;;;
24/06/2025;22.10;;;;;
24/06/2025;23.30;;;;;
24/06/2025;25.90;;;;;
24/06/2025;27.90;;;;;
24/06/2025;28.30;;;;;
24/06/2025;28.10;;;;;
24/06/2025;28.00;;;;;
24/06/2025;28.50;;;;;
24/06/2025;29.80;;;;;
24/06/2025;29.30;;;;;
24/06/2025;28.40;;;;;
24/06/2025;27.00;;;;;
24/06/2025;25.70;;;;;
24/06/2025;24.10;;;;;
25/06/2025;24.80;;;;;
25/06/2025;23.80;;;;;
25/06/2025;23.10;;;;;
25/06/2025;22.80;;;;;
25/06/2025;22.70;;;;;
25/06/2025;22.30;;;;;
25/06/2025;21.30;;;;;
25/06/2025;21.00;;;;;
25/06/2025;20.60;;;;;
25/06/2025;20.20;;;;;
25/06/2025;20.20;;;;;
25/06/2025;21.40;;;;;
25/06/2025;23.30;;;;;
25/06/2025;26.70;;;;;
25/06/2025;29.40;;;;;
25/06/2025;33.60;;;;;
25/06/2025;34.30;;;;;
25/06/2025;35.80;;;;;
25/06/2025;35.30;;;;;
25/06/2025;34.90;;;;;
25/06/2025;33.80;;;;;
25/06/2025;31.50;;;;;
25/06/2025;26.20;;;;;
25/06/2025;25.80;;;;;
26/06/2025;24.30;;;;;
26/06/2025;23.40;;;;;
26/06/2025;23.50;;;;;
26/06/2025;21.70;;;;;
26/06/2025;21.40;;;;;
26/06/2025;23.10;;;;;
26/06/2025;22.00;;;;;
26/06/2025;19.20;;;;;
26/06/2025;19.40;;;;;
26/06/2025;19.80;;;;;
26/06/2025;19.10;;;;;
26/06/2025;22.90;;;;;
26/06/2025;26.80;;;;;
26/06/2025;30.60;;;;;
26/06/2025;32.90;;;;;
26/06/2025;34.00;;;;;
26/06/2025;34.30;;;;;
26/06/2025;34.70;;;;;
26/06/2025;35.10;;;;;
26/06/2025;35.00;;;;;
26/06/2025;34.10;;;;;
26/06/2025;31.40;;;;;
26/06/2025;27.70;;;;;
26/06/2025;27.60;;;;;
27/06/2025;24.30;;;;;
27/06/2025;23.20;;;;;
27/06/2025;24.00;;;;;
27/06/2025;20.80;;;;;
27/06/2025;21.60;;;;;
27/06/2025;19.60;;;;;
27/06/2025;20.70;;;;;
27/06/2025;19.90;;;;;
27/06/2025;21.20;;;;;
27/06/2025;19.10;;;;;
27/06/2025;18.70;;;;;
27/06/2025;22.50;;;;;
27/06/2025;28.00;;;;;
27/06/2025;31.00;;;;;
27/06/2025;32.80;;;;;
27/06/2025;33.70;;;;;
27/06/2025;34.80;;;;;
27/06/2025;34.60;;;;;
27/06/2025;35.20;;;;;
27/06/2025;35.20;;;;;
27/06/2025;34.40;;;;;
27/06/2025;31.40;;;;;
27/06/2025;27.40;;;;;
27/06/2025;27.20;;;;;
28/06/2025;24.80;;;;;
28/06/2025;23.40;;;;;
28/06/2025;22.00;;;;;
28/06/2025;21.90;;;;;
28/06/2025;21.10;;;;;
28/06/2025;19.60;;;;;
28/06/2025;19.10;;;;;
28/06/2025;19.20;;;;;
28/06/2025;19.70;;;;;
28/06/2025;18.70;;;;;
28/06/2025;19.00;;;;;
28/06/2025;22.10;;;;;
28/06/2025;26.60;;;;;
28/06/2025;31.50;;;;;
28/06/2025;32.60;;;;;
28/06/2025;33.90;;;;;
28/06/2025;34.00;;;;;
28/06/2025;34.50;;;;;
28/06/2025;33.90;;;;;
28/06/2025;34.00;;;;;
28/06/2025;32.80;;;;;
28/06/2025;30.10;;;;;
28/06/2025;26.10;;;;;
28/06/2025;26.50;;;;;
29/06/2025;22.30;;;;;
29/06/2025;22.50;;;;;
29/06/2025;21.30;;;;;
29/06/2025;20.20;;;;;
29/06/2025;19.70;;;;;
29/06/2025;21.20;;;;;
29/06/2025;20.40;;;;;
29/06/2025;20.00;;;;;
29/06/2025;17.90;;;;;
29/06/2025;17.50;;;;;
29/06/2025;19.90;;;;;
29/06/2025;22.80;;;;;
29/06/2025;24.70;;;;;
29/06/2025;30.20;;;;;
29/06/2025;31.60;;;;;
29/06/2025;34.00;;;;;
29/06/2025;34.20;;;;;
29/06/2025;34.50;;;;;
29/06/2025;35.30;;;;;
29/06/2025;34.50;;;;;
29/06/2025;33.80;;;;;
29/06/2025;30.50;;;;;
29/06/2025;28.30;;;;;
29/06/2025;26.00;;;;;
30/06/2025;26.60;;;;;
30/06/2025;26.00;;;;;
30/06/2025;23.20;;;;;
30/06/2025;21.70;;;;;
30/06/2025;21.50;;;;;
30/06/2025;21.30;;;;;
30/06/2025;22.00;;;;;
30/06/2025;18.10;;;;;
30/06/2025;19.30;;;;;
30/06/2025;20.20;;;;;
30/06/2025;22.20;;;;;
30/06/2025;21.60;;;;;
30/06/2025;27.10;;;;;
30/06/2025;31.50;;;;;
30/06/2025;32.70;;;;;
30/06/2025;34.10;;;;;
30/06/2025;34.60;;;;;
30/06/2025;33.50;;;;;
30/06/2025;35.00;;;;;
30/06/2025;34.50;;;;;
30/06/2025;31.50;;;;;
30/06/2025;28.90;;;;;
30/06/2025;25.60;;;;;
30/06/2025;25.50;;;;;
01/07/2025;24.00;;;;;
01/07/2025;22.60;;;;;
01/07/2025;22.30;;;;;
01/07/2025;21.50;;;;;
01/07/2025;21.80;;;;;
01/07/2025;22.20;;;;;
01/07/2025;20.60;;;;;
01/07/2025;20.10;;;;;
01/07/2025;19.00;;;;;
01/07/2025;18.60;;;;;
01/07/2025;18.20;;;;;
01/07/2025;21.90;;;;;
01/07/2025;24.30;;;;;
01/07/2025;26.30;;;;;
01/07/2025;28.70;;;;;
01/07/2025;31.00;;;;;
01/07/2025;32.20;;;;;
01/07/2025;34.00;;;;;
01/07/2025;34.70;;;;;
01/07/2025;35.00;;;;;
01/07/2025;34.20;;;;;
01/07/2025;30.60;;;;;
01/07/2025;29.40;;;;;
01/07/2025;25.30;;;;;
02/07/2025;26.20;;;;;
02/07/2025;25.50;;;;;
02/07/2025;24.70;;;;;
02/07/2025;22.50;;;;;
02/07/2025;20.80;;;;;
02/07/2025;22.60;;;;;
02/07/2025;22.00;;;;;
02/07/2025;21.20;;;;;
02/07/2025;20.20;;;;;
02/07/2025;19.40;;;;;
02/07/2025;18.90;;;;;
02/07/2025;20.80;;;;;
02/07/2025;23.00;;;;;
02/07/2025;25.30;;;;;
02/07/2025;28.00;;;;;
02/07/2025;31.00;;;;;
02/07/2025;34.30;;;;;
02/07/2025;34.80;;;;;
02/07/2025;35.00;;;;;
02/07/2025;34.60;;;;;
02/07/2025;33.80;;;;;
02/07/2025;31.30;;;;;
02/07/2025;28.80;;;;;
02/07/2025;28.00;;;;;
03/07/2025;26.20;;;;;
03/07/2025;25.50;;;;;
03/07/2025;25.10;;;;;
03/07/2025;23.60;;;;;
03/07/2025;22.80;;;;;
03/07/2025;22.70;;;;;
03/07/2025;20.80;;;;;
03/07/2025;21.70;;;;;
03/07/2025;20.50;;;;;
03/07/2025;19.00;;;;;
03/07/2025;18.50;;;;;
03/07/2025;21.80;;;;;
03/07/2025;25.90;;;;;
03/07/2025;28.80;;;;;
03/07/2025;31.00;;;;;
03/07/2025;31.60;;;;;
03/07/2025;33.50;;;;;
03/07/2025;34.30;;;;;
03/07/2025;34.30;;;;;
03/07/2025;33.90;;;;;
03/07/2025;32.70;;;;;
03/07/2025;29.80;;;;;
03/07/2025;27.50;;;;;
03/07/2025;26.50;;;;;
04/07/2025;23.00;;;;;
04/07/2025;21.40;;;;;
04/07/2025;19.80;;;;;
04/07/2025;18.90;;;;;
04/07/2025;20.20;;;;;
04/07/2025;19.80;;;;;
04/07/2025;18.80;;;;;
04/07/2025;19.10;;;;;
04/07/2025;18.90;;;;;
04/07/2025;17.90;;;;;
04/07/2025;17.60;;;;;
04/07/2025;22.00;;;;;
04/07/2025;25.60;;;;;
04/07/2025;29.50;;;;;
04/07/2025;31.80;;;;;
04/07/2025;32.60;;;;;
04/07/2025;32.80;;;;;
04/07/2025;33.00;;;;;
04/07/2025;33.20;;;;;
04/07/2025;33.00;;;;;
04/07/2025;32.20;;;;;
04/07/2025;29.30;;;;;
04/07/2025;26.80;;;;;
04/07/2025;26.10;;;;;
05/07/2025;21.20;;;;;
05/07/2025;21.20;;;;;
05/07/2025;19.40;;;;;
05/07/2025;20.70;;;;;
05/07/2025;20.30;;;;;
05/07/2025;18.50;;;;;
05/07/2025;18.50;;;;;
05/07/2025;18.00;;;;;
05/07/2025;18.70;;;;;
05/07/2025;18.30;;;;;
05/07/2025;17.80;;;;;
05/07/2025;20.30;;;;;
05/07/2025;24.80;;;;;
05/07/2025;30.00;;;;;
05/07/2025;31.30;;;;;
05/07/2025;32.10;;;;;
05/07/2025;32.00;;;;;
05/07/2025;32.30;;;;;
05/07/2025;32.90;;;;;
05/07/2025;32.90;;;;;
05/07/2025;32.10;;;;;
05/07/2025;29.50;;;;;
05/07/2025;24.70;;;;;
05/07/2025;23.80;;;;;
06/07/2025;22.20;;;;;
06/07/2025;21.80;;;;;
06/07/2025;19.30;;;;;
06/07/2025;20.40;;;;;
06/07/2025;17.90;;;;;
06/07/2025;20.30;;;;;
06/07/2025;17.40;;;;;
06/07/2025;17.70;;;;;
06/07/2025;19.20;;;;;
06/07/2025;16.40;;;;;
06/07/2025;17.30;;;;;
06/07/2025;21.10;;;;;
06/07/2025;26.50;;;;;
06/07/2025;28.70;;;;;
06/07/2025;29.90;;;;;
06/07/2025;30.90;;;;;
06/07/2025;32.50;;;;;
06/07/2025;32.60;;;;;
06/07/2025;33.20;;;;;
06/07/2025;31.80;;;;;
06/07/2025;32.50;;;;;
06/07/2025;30.30;;;;;
06/07/2025;28.10;;;;;
06/07/2025;25.10;;;;;
07/07/2025;24.50;;;;;
07/07/2025;20.80;;;;;
07/07/2025;23.00;;;;;
07/07/2025;20.00;;;;;
07/07/2025;18.40;;;;;
07/07/2025;19.20;;;;;
07/07/2025;19.40;;;;;
07/07/2025;18.10;;;;;
07/07/2025;18.80;;;;;
07/07/2025;18.10;;;;;
07/07/2025;16.80;;;;;
07/07/2025;21.30;;;;;
07/07/2025;25.40;;;;;
07/07/2025;29.10;;;;;
07/07/2025;30.90;;;;;
07/07/2025;32.90;;;;;
07/07/2025;33.50;;;;;
07/07/2025;33.90;;;;;
07/07/2025;33.90;;;;;
07/07/2025;33.50;;;;;
07/07/2025;32.70;;;;;
07/07/2025;30.30;;;;;
07/07/2025;27.00;;;;;
07/07/2025;27.60;;;;;
08/07/2025;24.40;;;;;
08/07/2025;23.30;;;;;
08/07/2025;22.20;;;;;
08/07/2025;22.80;;;;;
08/07/2025;22.20;;;;;
08/07/2025;19.40;;;;;
08/07/2025;18.70;;;;;
08/07/2025;18.50;;;;;
08/07/2025;18.80;;;;;
08/07/2025;19.30;;;;;
08/07/2025;21.10;;;;;
08/07/2025;21.80;;;;;
08/07/2025;25.90;;;;;
08/07/2025;29.50;;;;;
08/07/2025;31.40;;;;;
08/07/2025;33.00;;;;;
08/07/2025;33.50;;;;;
08/07/2025;33.70;;;;;
08/07/2025;33.50;;;;;
08/07/2025;34.00;;;;;
08/07/2025;32.70;;;;;
08/07/2025;29.40;;;;;
08/07/2025;27.30;;;;;
08/07/2025;24.20;;;;;
09/07/2025;21.90;;;;;
09/07/2025;21.40;;;;;
09/07/2025;21.50;;;;;
09/07/2025;20.30;;;;;
09/07/2025;21.90;;;;;
09/07/2025;18.60;;;;;
09/07/2025;19.20;;;;;
09/07/2025;18.70;;;;;
09/07/2025;18.10;;;;;
09/07/2025;18.00;;;;;
09/07/2025;19.80;;;;;
09/07/2025;20.50;;;;;
09/07/2025;25.00;;;;;
09/07/2025;28.10;;;;;
09/07/2025;31.20;;;;;
09/07/2025;33.30;;;;;
09/07/2025;33.40;;;;;
09/07/2025;33.90;;;;;
09/07/2025;33.90;;;;;
09/07/2025;33.80;;;;;
09/07/2025;33.10;;;;;
09/07/2025;30.70;;;;;
09/07/2025;28.20;;;;;
09/07/2025;24.50;;;;;
10/07/2025;24.00;;;;;
10/07/2025;22.00;;;;;
10/07/2025;21.50;;;;;
10/07/2025;20.40;;;;;
10/07/2025;20.10;;;;;
10/07/2025;19.90;;;;;
10/07/2025;19.90;;;;;
10/07/2025;20.80;;;;;
10/07/2025;19.00;;;;;
10/07/2025;18.30;;;;;
10/07/2025;17.80;;;;;
10/07/2025;21.30;;;;;
10/07/2025;25.90;;;;;
10/07/2025;29.70;;;;;
10/07/2025;31.70;;;;;
10/07/2025;33.60;;;;;
10/07/2025;32.50;;;;;
10/07/2025;33.10;;;;;
10/07/2025;32.60;;;;;
10/07/2025;33.00;;;;;
10/07/2025;33.00;;;;;
10/07/2025;29.70;;;;;
10/07/2025;26.30;;;;;
10/07/2025;25.00;;;;;
11/07/2025;24.10;;;;;
11/07/2025;23.30;;;;;
11/07/2025;23.40;;;;;
11/07/2025;22.00;;;;;
11/07/2025;21.70;;;;;
11/07/2025;21.50;;;;;
11/07/2025;22.40;;;;;
11/07/2025;21.60;;;;;
11/07/2025;20.60;;;;;
11/07/2025;19.20;;;;;
11/07/2025;18.50;;;;;
11/07/2025;22.60;;;;;
11/07/2025;26.40;;;;;
11/07/2025;30.30;;;;;
11/07/2025;31.40;;;;;
11/07/2025;32.50;;;;;
11/07/2025;33.10;;;;;
11/07/2025;32.90;;;;;
11/07/2025;33.50;;;;;
11/07/2025;32.60;;;;;
11/07/2025;32.70;;;;;
11/07/2025;28.80;;;;;
11/07/2025;25.30;;;;;
11/07/2025;23.00;;;;;
12/07/2025;21.50;;;;;
12/07/2025;21.60;;;;;
12/07/2025;20.40;;;;;
12/07/2025;19.10;;;;;
12/07/2025;18.60;;;;;
12/07/2025;18.50;;;;;
12/07/2025;17.50;;;;;
12/07/2025;17.80;;;;;
12/07/2025;16.60;;;;;
12/07/2025;16.60;;;;;
12/07/2025;16.60;;;;;
12/07/2025;21.40;;;;;
12/07/2025;25.80;;;;;
12/07/2025;29.50;;;;;
12/07/2025;30.30;;;;;
12/07/2025;31.60;;;;;
12/07/2025;32.60;;;;;
12/07/2025;32.90;;;;;
12/07/2025;32.50;;;;;
12/07/2025;32.20;;;;;
12/07/2025;31.30;;;;;
12/07/2025;28.60;;;;;
12/07/2025;26.00;;;;;
12/07/2025;24.00;;;;;
13/07/2025;23.30;;;;;
13/07/2025;21.60;;;;;
13/07/2025;21.40;;;;;
13/07/2025;20.50;;;;;
13/07/2025;19.30;;;;;
13/07/2025;19.50;;;;;
13/07/2025;18.60;;;;;
13/07/2025;18.20;;;;;
13/07/2025;17.70;;;;;
13/07/2025;17.60;;;;;
13/07/2025;17.90;;;;;
13/07/2025;22.40;;;;;
13/07/2025;26.00;;;;;
13/07/2025;28.80;;;;;
13/07/2025;30.80;;;;;
13/07/2025;31.70;;;;;
13/07/2025;32.20;;;;;
13/07/2025;33.10;;;;;
13/07/2025;32.30;;;;;
13/07/2025;32.80;;;;;
13/07/2025;30.80;;;;;
13/07/2025;28.60;;;;;
13/07/2025;25.30;;;;;
13/07/2025;23.40;;;;;
14/07/2025;22.50;;;;;
14/07/2025;22.90;;;;;
14/07/2025;22.20;;;;;
14/07/2025;22.70;;;;;
14/07/2025;22.20;;;;;
14/07/2025;22.70;;;;;
14/07/2025;22.30;;;;;
14/07/2025;22.50;;;;;
14/07/2025;22.40;;;;;
14/07/2025;22.10;;;;;
14/07/2025;21.60;;;;;
14/07/2025;23.60;;;;;
14/07/2025;25.90;;;;;
14/07/2025;29.00;;;;;
14/07/2025;31.10;;;;;
14/07/2025;32.60;;;;;
14/07/2025;32.60;;;;;
14/07/2025;32.70;;;;;
14/07/2025;32.40;;;;;
14/07/2025;32.50;;;;;
14/07/2025;31.50;;;;;
14/07/2025;28.30;;;;;
14/07/2025;25.00;;;;;
14/07/2025;24.60;;;;;
15/07/2025;20.00;;;;;
15/07/2025;19.50;;;;;
15/07/2025;19.60;;;;;
15/07/2025;18.30;;;;;
15/07/2025;18.20;;;;;
15/07/2025;16.90;;;;;
15/07/2025;16.30;;;;;
15/07/2025;17.20;;;;;
15/07/2025;16.20;;;;;
15/07/2025;15.80;;;;;
15/07/2025;16.00;;;;;
15/07/2025;21.90;;;;;
15/07/2025;26.10;;;;;
15/07/2025;29.50;;;;;
15/07/2025;31.10;;;;;
15/07/2025;32.00;;;;;
15/07/2025;32.40;;;;;
15/07/2025;32.00;;;;;
15/07/2025;32.70;;;;;
15/07/2025;32.70;;;;;
15/07/2025;32.10;;;;;
15/07/2025;30.20;;;;;
15/07/2025;25.10;;;;;
15/07/2025;22.00;;;;;
16/07/2025;21.20;;;;;
16/07/2025;20.50;;;;;
16/07/2025;19.70;;;;;
16/07/2025;19.50;;;;;
16/07/2025;18.40;;;;;
16/07/2025;16.60;;;;;
16/07/2025;17.00;;;;;
16/07/2025;16.80;;;;;
16/07/2025;17.50;;;;;
16/07/2025;16.40;;;;;
16/07/2025;15.10;;;;;
16/07/2025;19.50;;;;;
16/07/2025;25.10;;;;;
16/07/2025;28.70;;;;;
16/07/2025;32.00;;;;;
16/07/2025;32.50;;;;;
16/07/2025;33.40;;;;;
16/07/2025;33.90;;;;;
16/07/2025;33.80;;;;;
16/07/2025;33.80;;;;;
16/07/2025;33.30;;;;;
16/07/2025;30.40;;;;;
16/07/2025;24.90;;;;;
16/07/2025;24.60;;;;;
17/07/2025;21.80;;;;;
17/07/2025;20.00;;;;;
17/07/2025;21.40;;;;;
17/07/2025;19.10;;;;;
17/07/2025;18.40;;;;;
17/07/2025;17.70;;;;;
17/07/2025;17.70;;;;;
17/07/2025;16.90;;;;;
17/07/2025;16.50;;;;;
17/07/2025;17.80;;;;;
17/07/2025;17.00;;;;;
17/07/2025;21.70;;;;;
17/07/2025;25.80;;;;;
17/07/2025;30.80;;;;;
17/07/2025;32.70;;;;;
17/07/2025;33.60;;;;;
17/07/2025;33.30;;;;;
17/07/2025;33.90;;;;;
17/07/2025;33.90;;;;;
17/07/2025;33.70;;;;;
17/07/2025;32.90;;;;;
17/07/2025;29.20;;;;;
17/07/2025;27.60;;;;;
17/07/2025;25.80;;;;;
18/07/2025;25.10;;;;;
18/07/2025;23.20;;;;;
18/07/2025;20.70;;;;;
18/07/2025;19.00;;;;;
18/07/2025;19.00;;;;;
18/07/2025;19.20;;;;;
18/07/2025;17.50;;;;;
18/07/2025;17.90;;;;;
18/07/2025;16.70;;;;;
18/07/2025;15.90;;;;;
18/07/2025;16.40;;;;;
18/07/2025;21.60;;;;;
18/07/2025;25.30;;;;;
18/07/2025;29.30;;;;;
18/07/2025;32.10;;;;;
18/07/2025;33.60;;;;;
18/07/2025;33.70;;;;;
18/07/2025;34.20;;;;;
18/07/2025;33.50;;;;;
18/07/2025;34.10;;;;;
18/07/2025;33.30;;;;;
18/07/2025;29.90;;;;;
18/07/2025;25.80;;;;;
18/07/2025;23.20;;;;;
19/07/2025;22.00;;;;;
19/07/2025;21.10;;;;;
19/07/2025;18.80;;;;;
19/07/2025;18.90;;;;;
19/07/2025;17.40;;;;;
19/07/2025;18.10;;;;;
19/07/2025;17.00;;;;;
19/07/2025;16.60;;;;;
19/07/2025;17.30;;;;;
19/07/2025;15.00;;;;;
19/07/2025;16.10;;;;;
19/07/2025;20.90;;;;;
19/07/2025;25.80;;;;;
19/07/2025;28.60;;;;;
19/07/2025;30.70;;;;;
19/07/2025;32.50;;;;;
19/07/2025;33.60;;;;;
19/07/2025;34.60;;;;;
19/07/2025;34.70;;;;;
19/07/2025;34.70;;;;;
19/07/2025;33.90;;;;;
19/07/2025;31.50;;;;;
19/07/2025;26.30;;;;;
19/07/2025;25.20;;;;;
20/07/2025;21.70;;;;;
20/07/2025;21.70;;;;;
20/07/2025;20.30;;;;;
20/07/2025;19.70;;;;;
20/07/2025;19.90;;;;;
20/07/2025;20.00;;;;;
20/07/2025;17.20;;;;;
20/07/2025;16.90;;;;;
20/07/2025;17.10;;;;;
20/07/2025;17.60;;;;;
20/07/2025;17.80;;;;;
20/07/2025;21.10;;;;;
20/07/2025;24.80;;;;;
20/07/2025;29.00;;;;;
20/07/2025;31.70;;;;;
20/07/2025;33.00;;;;;
20/07/2025;34.60;;;;;
20/07/2025;35.20;;;;;
20/07/2025;35.00;;;;;
20/07/2025;35.00;;;;;
20/07/2025;34.10;;;;;
20/07/2025;31.00;;;;;
20/07/2025;27.80;;;;;
20/07/2025;23.80;;;;;
21/07/2025;21.90;;;;;
21/07/2025;22.80;;;;;
21/07/2025;19.70;;;;;
21/07/2025;18.00;;;;;
21/07/2025;18.80;;;;;
21/07/2025;19.30;;;;;
21/07/2025;19.20;;;;;
21/07/2025;17.70;;;;;
21/07/2025;17.20;;;;;
21/07/2025;18.20;;;;;
21/07/2025;19.30;;;;;
21/07/2025;21.40;;;;;
21/07/2025;25.50;;;;;
21/07/2025;29.10;;;;;
21/07/2025;31.90;;;;;
21/07/2025;34.20;;;;;
21/07/2025;35.60;;;;;
21/07/2025;35.40;;;;;
21/07/2025;35.20;;;;;
21/07/2025;34.70;;;;;
21/07/2025;34.10;;;;;
21/07/2025;31.50;;;;;
21/07/2025;28.30;;;;;
21/07/2025;25.80;;;;;
22/07/2025;22.60;;;;;
22/07/2025;21.30;;;;;
22/07/2025;21.10;;;;;
22/07/2025;20.10;;;;;
22/07/2025;19.50;;;;;
22/07/2025;18.70;;;;;
22/07/2025;20.40;;;;;
22/07/2025;20.00;;;;;
22/07/2025;18.30;;;;;
22/07/2025;18.50;;;;;
22/07/2025;17.90;;;;;
22/07/2025;22.60;;;;;
22/07/2025;28.20;;;;;
22/07/2025;31.50;;;;;
22/07/2025;32.20;;;;;
22/07/2025;33.50;;;;;
22/07/2025;34.20;;;;;
22/07/2025;35.00;;;;;
22/07/2025;34.40;;;;;
22/07/2025;35.40;;;;;
22/07/2025;34.90;;;;;
22/07/2025;32.70;;;;;
22/07/2025;29.20;;;;;
22/07/2025;25.90;;;;;
23/07/2025;24.50;;;;;
23/07/2025;24.40;;;;;
23/07/2025;23.80;;;;;
23/07/2025;21.10;;;;;
23/07/2025;19.80;;;;;
23/07/2025;20.20;;;;;
23/07/2025;20.80;;;;;
23/07/2025;19.60;;;;;
23/07/2025;19.50;;;;;
23/07/2025;19.50;;;;;
23/07/2025;20.60;;;;;
23/07/2025;23.50;;;;;
23/07/2025;27.40;;;;;
23/07/2025;30.20;;;;;
23/07/2025;32.90;;;;;
23/07/2025;33.90;;;;;
23/07/2025;35.60;;;;;
23/07/2025;34.40;;;;;
23/07/2025;34.40;;;;;
23/07/2025;36.30;;;;;
23/07/2025;35.10;;;;;
23/07/2025;31.50;;;;;
23/07/2025;28.80;;;;;
23/07/2025;25.40;;;;;
24/07/2025;24.50;;;;;
24/07/2025;23.70;;;;;
24/07/2025;22.40;;;;;
24/07/2025;22.50;;;;;
24/07/2025;19.90;;;;;
24/07/2025;20.10;;;;;
24/07/2025;17.60;;;;;
24/07/2025;20.80;;;;;
24/07/2025;18.30;;;;;
24/07/2025;17.30;;;;;
24/07/2025;17.50;;;;;
24/07/2025;22.10;;;;;
24/07/2025;28.30;;;;;
24/07/2025;31.30;;;;;
24/07/2025;34.70;;;;;
24/07/2025;36.00;;;;;
24/07/2025;35.60;;;;;
24/07/2025;36.70;;;;;
24/07/2025;35.50;;;;;
24/07/2025;36.10;;;;;
24/07/2025;34.80;;;;;
24/07/2025;32.10;;;;;
24/07/2025;29.80;;;;;
24/07/2025;26.10;;;;;
25/07/2025;24.10;;;;;
25/07/2025;23.20;;;;;
25/07/2025;22.50;;;;;
25/07/2025;19.80;;;;;
25/07/2025;20.10;;;;;
25/07/2025;19.40;;;;;
25/07/2025;18.60;;;;;
25/07/2025;18.60;;;;;
25/07/2025;19.60;;;;;
25/07/2025;19.00;;;;;
25/07/2025;18.30;;;;;
25/07/2025;21.90;;;;;
25/07/2025;27.90;;;;;
25/07/2025;30.90;;;;;
25/07/2025;33.80;;;;;
25/07/2025;34.20;;;;;
25/07/2025;35.10;;;;;
25/07/2025;35.70;;;;;
25/07/2025;36.00;;;;;
25/07/2025;35.90;;;;;
25/07/2025;35.10;;;;;
25/07/2025;32.20;;;;;
25/07/2025;27.50;;;;;
25/07/2025;24.00;;;;;
26/07/2025;24.00;;;;;
26/07/2025;24.30;;;;;
26/07/2025;21.20;;;;;
26/07/2025;21.50;;;;;
26/07/2025;20.90;;;;;
26/07/2025;20.20;;;;;
26/07/2025;20.30;;;;;
26/07/2025;19.60;;;;;
26/07/2025;18.30;;;;;
26/07/2025;18.80;;;;;
26/07/2025;18.10;;;;;
26/07/2025;21.70;;;;;
26/07/2025;27.30;;;;;
26/07/2025;33.20;;;;;
26/07/2025;34.00;;;;;
26/07/2025;34.80;;;;;
26/07/2025;34.90;;;;;
26/07/2025;35.90;;;;;
26/07/2025;35.80;;;;;
26/07/2025;35.70;;;;;
26/07/2025;34.80;;;;;
26/07/2025;32.20;;;;;
26/07/2025;29.90;;;;;
26/07/2025;24.60;;;;;
27/07/2025;24.10;;;;;
27/07/2025;24.30;;;;;
27/07/2025;19.80;;;;;
27/07/2025;19.80;;;;;
27/07/2025;20.60;;;;;
27/07/2025;21.50;;;;;
27/07/2025;18.50;;;;;
27/07/2025;18.20;;;;;
27/07/2025;18.30;;;;;
27/07/2025;17.00;;;;;
27/07/2025;19.50;;;;;
27/07/2025;22.90;;;;;
27/07/2025;27.50;;;;;
27/07/2025;33.10;;;;;
27/07/2025;34.90;;;;;
27/07/2025;35.10;;;;;
27/07/2025;36.10;;;;;
27/07/2025;35.80;;;;;
27/07/2025;35.90;;;;;
27/07/2025;35.40;;;;;
27/07/2025;34.40;;;;;
27/07/2025;31.60;;;;;
27/07/2025;28.10;;;;;
27/07/2025;25.60;;;;;
28/07/2025;23.80;;;;;
28/07/2025;22.60;;;;;
28/07/2025;21.80;;;;;
28/07/2025;19.70;;;;;
28/07/2025;19.60;;;;;
28/07/2025;19.30;;;;;
28/07/2025;18.60;;;;;
28/07/2025;16.90;;;;;
28/07/2025;16.90;;;;;
28/07/2025;16.30;;;;;
28/07/2025;17.80;;;;;
28/07/2025;23.10;;;;;
28/07/2025;28.20;;;;;
28/07/2025;32.50;;;;;
28/07/2025;34.30;;;;;
28/07/2025;34.70;;;;;
28/07/2025;35.50;;;;;
28/07/2025;35.90;;;;;
28/07/2025;36.00;;;;;
28/07/2025;35.30;;;;;
28/07/2025;34.70;;;;;
28/07/2025;30.90;;;;;
28/07/2025;28.50;;;;;
28/07/2025;25.20;;;;;
29/07/2025;23.90;;;;;
29/07/2025;20.50;;;;;
29/07/2025;21.20;;;;;
29/07/2025;21.00;;;;;
29/07/2025;21.30;;;;;
29/07/2025;20.40;;;;;
29/07/2025;17.80;;;;;
29/07/2025;17.80;;;;;
29/07/2025;18.00;;;;;
29/07/2025;17.20;;;;;
29/07/2025;17.30;;;;;
29/07/2025;20.90;;;;;
29/07/2025;24.80;;;;;
29/07/2025;28.90;;;;;
29/07/2025;30.70;;;;;
29/07/2025;33.00;;;;;
29/07/2025;33.70;;;;;
29/07/2025;35.20;;;;;
29/07/2025;35.40;;;;;
29/07/2025;35.30;;;;;
29/07/2025;34.80;;;;;
29/07/2025;31.70;;;;;
29/07/2025;28.20;;;;;
29/07/2025;25.70;;;;;
30/07/2025;25.30;;;;;
30/07/2025;22.80;;;;;
30/07/2025;23.00;;;;;
30/07/2025;24.30;;;;;
30/07/2025;23.10;;;;;
30/07/2025;22.60;;;;;
30/07/2025;22.00;;;;;
30/07/2025;21.40;;;;;
30/07/2025;20.90;;;;;
30/07/2025;21.00;;;;;
30/07/2025;20.50;;;;;
30/07/2025;22.20;;;;;
30/07/2025;26.20;;;;;
30/07/2025;31.00;;;;;
30/07/2025;32.50;;;;;
30/07/2025;33.40;;;;;
30/07/2025;34.50;;;;;
30/07/2025;35.10;;;;;
30/07/2025;35.40;;;;;
30/07/2025;34.90;;;;;
30/07/2025;34.60;;;;;
30/07/2025;30.90;;;;;
30/07/2025;28.10;;;;;
30/07/2025;27.20;;;;;
31/07/2025;25.70;;;;;
31/07/2025;24.90;;;;;
31/07/2025;24.50;;;;;
31/07/2025;24.90;;;;;
31/07/2025;23.80;;;;;
31/07/2025;22.70;;;;;
31/07/2025;21.50;;;;;
31/07/2025;19.60;;;;;
31/07/2025;20.60;;;;;
31/07/2025;19.90;;;;;
31/07/2025;20.40;;;;;
31/07/2025;23.10;;;;;
31/07/2025;26.20;;;;;
31/07/2025;32.20;;;;;
31/07/2025;34.70;;;;;
31/07/2025;36.00;;;;;
31/07/2025;36.80;;;;;
31/07/2025;37.50;;;;;
31/07/2025;37.50;;;;;
31/07/2025;36.40;;;;;
31/07/2025;35.80;;;;;
31/07/2025;32.90;;;;;
31/07/2025;30.10;;;;;
31/07/2025;26.60;;;;;
01/08/2025;24.60;;;;;
01/08/2025;24.10;;;;;
01/08/2025;23.90;;;;;
01/08/2025;21.30;;;;;
01/08/2025;22.30;;;;;
01/08/2025;21.10;;;;;
01/08/2025;20.90;;;;;
01/08/2025;20.60;;;;;
01/08/2025;21.70;;;;;
01/08/2025;21.00;;;;;
01/08/2025;19.20;;;;;
01/08/2025;23.20;;;;;
01/08/2025;26.50;;;;;
01/08/2025;32.00;;;;;
01/08/2025;32.90;;;;;
01/08/2025;34.30;;;;;
01/08/2025;35.10;;;;;
01/08/2025;34.40;;;;;
01/08/2025;35.30;;;;;
01/08/2025;35.20;;;;;
01/08/2025;34.60;;;;;
01/08/2025;32.20;;;;;
01/08/2025;29.70;;;;;
01/08/2025;26.50;;;;;
02/08/2025;25.80;;;;;
02/08/2025;23.30;;;;;
02/08/2025;22.20;;;;;
02/08/2025;23.10;;;;;
02/08/2025;21.70;;;;;
02/08/2025;20.90;;;;;
02/08/2025;20.80;;;;;
02/08/2025;20.60;;;;;
02/08/2025;20.90;;;;;
02/08/2025;20.00;;;;;
02/08/2025;19.80;;;;;
02/08/2025;23.20;;;;;
02/08/2025;28.70;;;;;
02/08/2025;31.40;;;;;
02/08/2025;32.80;;;;;
02/08/2025;33.40;;;;;
02/08/2025;34.60;;;;;
02/08/2025;34.70;;;;;
02/08/2025;34.50;;;;;
02/08/2025;35.10;;;;;
02/08/2025;33.00;;;;;
02/08/2025;31.50;;;;;
02/08/2025;29.70;;;;;
02/08/2025;28.20;;;;;
03/08/2025;24.60;;;;;
03/08/2025;24.50;;;;;
03/08/2025;23.40;;;;;
03/08/2025;22.10;;;;;
03/08/2025;19.50;;;;;
03/08/2025;19.80;;;;;
03/08/2025;20.10;;;;;
03/08/2025;19.30;;;;;
03/08/2025;17.80;;;;;
03/08/2025;18.00;;;;;
03/08/2025;16.50;;;;;
03/08/2025;21.60;;;;;
03/08/2025;28.60;;;;;
03/08/2025;31.70;;;;;
03/08/2025;32.00;;;;;
03/08/2025;32.80;;;;;
03/08/2025;32.90;;;;;
03/08/2025;32.10;;;;;
03/08/2025;32.40;;;;;
03/08/2025;32.40;;;;;
03/08/2025;32.50;;;;;
03/08/2025;29.60;;;;;
03/08/2025;25.90;;;;;
03/08/2025;25.50;;;;;
04/08/2025;24.20;;;;;
04/08/2025;23.10;;;;;
04/08/2025;19.80;;;;;
04/08/2025;20.90;;;;;
04/08/2025;18.60;;;;;
04/08/2025;19.00;;;;;
04/08/2025;17.40;;;;;
04/08/2025;17.90;;;;;
04/08/2025;16.90;;;;;
04/08/2025;17.40;;;;;
04/08/2025;17.20;;;;;
04/08/2025;21.80;;;;;
04/08/2025;26.90;;;;;
04/08/2025;29.00;;;;;
04/08/2025;30.80;;;;;
04/08/2025;33.40;;;;;
04/08/2025;34.10;;;;;
04/08/2025;33.40;;;;;
04/08/2025;33.80;;;;;
04/08/2025;32.40;;;;;
04/08/2025;32.50;;;;;
04/08/2025;30.40;;;;;
04/08/2025;26.70;;;;;
04/08/2025;25.40;;;;;
05/08/2025;22.40;;;;;
05/08/2025;21.60;;;;;
05/08/2025;22.30;;;;;
05/08/2025;20.80;;;;;
05/08/2025;;;;;;
05/08/2025;21.20;;;;;
05/08/2025;18.70;;;;;
05/08/2025;17.20;;;;;
05/08/2025;17.30;;;;;
05/08/2025;17.50;;;;;
05/08/2025;18.30;;;;;
05/08/2025;22.40;;;;;
05/08/2025;25.60;;;;;
05/08/2025;28.50;;;;;
05/08/2025;31.00;;;;;
05/08/2025;32.20;;;;;
05/08/2025;34.20;;;;;
05/08/2025;34.40;;;;;
05/08/2025;35.20;;;;;
05/08/2025;34.00;;;;;
05/08/2025;33.20;;;;;
05/08/2025;29.30;;;;;
05/08/2025;27.60;;;;;
05/08/2025;26.10;;;;;
06/08/2025;25.30;;;;;
06/08/2025;24.70;;;;;
06/08/2025;22.50;;;;;
06/08/2025;22.50;;;;;
06/08/2025;22.70;;;;;
06/08/2025;20.40;;;;;
06/08/2025;19.50;;;;;
06/08/2025;19.80;;;;;
06/08/2025;18.80;;;;;
06/08/2025;19.20;;;;;
06/08/2025;19.40;;;;;
06/08/2025;22.50;;;;;
06/08/2025;25.50;;;;;
06/08/2025;30.40;;;;;
06/08/2025;32.40;;;;;
06/08/2025;33.70;;;;;
06/08/2025;34.60;;;;;
06/08/2025;34.90;;;;;
06/08/2025;35.50;;;;;
06/08/2025;35.20;;;;;
06/08/2025;34.60;;;;;
06/08/2025;31.90;;;;;
06/08/2025;29.30;;;;;
06/08/2025;26.40;;;;;
07/08/2025;24.60;;;;;
07/08/2025;22.60;;;;;
07/08/2025;23.00;;;;;
07/08/2025;21.80;;;;;
07/08/2025;21.30;;;;;
07/08/2025;21.40;;;;;
07/08/2025;19.70;;;;;
07/08/2025;20.30;;;;;
07/08/2025;19.90;;;;;
07/08/2025;18.70;;;;;
07/08/2025;19.80;;;;;
07/08/2025;24.00;;;;;
07/08/2025;30.20;;;;;
07/08/2025;33.60;;;;;
07/08/2025;35.00;;;;;
07/08/2025;36.40;;;;;
07/08/2025;36.50;;;;;
07/08/2025;35.60;;;;;
07/08/2025;36.60;;;;;
07/08/2025;36.10;;;;;
07/08/2025;36.00;;;;;
07/08/2025;31.80;;;;;
07/08/2025;28.60;;;;;
07/08/2025;26.00;;;;;
08/08/2025;23.60;;;;;
08/08/2025;22.70;;;;;
08/08/2025;24.00;;;;;
08/08/2025;21.10;;;;;
08/08/2025;22.80;;;;;
08/08/2025;20.90;;;;;
08/08/2025;21.50;;;;;
08/08/2025;19.60;;;;;
08/08/2025;21.10;;;;;
08/08/2025;19.80;;;;;
08/08/2025;20.50;;;;;
08/08/2025;23.30;;;;;
08/08/2025;26.90;;;;;
08/08/2025;31.30;;;;;
08/08/2025;33.50;;;;;
08/08/2025;34.60;;;;;
08/08/2025;35.20;;;;;
08/08/2025;35.40;;;;;
08/08/2025;36.80;;;;;
08/08/2025;34.80;;;;;
08/08/2025;35.20;;;;;
08/08/2025;31.30;;;;;
08/08/2025;28.30;;;;;
08/08/2025;27.60;;;;;
09/08/2025;26.60;;;;;
09/08/2025;25.80;;;;;
09/08/2025;24.30;;;;;
09/08/2025;23.50;;;;;
09/08/2025;23.20;;;;;
09/08/2025;22.00;;;;;
09/08/2025;22.80;;;;;
09/08/2025;20.90;;;;;
09/08/2025;22.40;;;;;
09/08/2025;21.80;;;;;
09/08/2025;21.30;;;;;
09/08/2025;22.20;;;;;
09/08/2025;24.90;;;;;
09/08/2025;27.60;;;;;
09/08/2025;30.30;;;;;
09/08/2025;32.50;;;;;
09/08/2025;34.40;;;;;
09/08/2025;34.20;;;;;
09/08/2025;34.30;;;;;
09/08/2025;34.60;;;;;
09/08/2025;33.20;;;;;
09/08/2025;30.60;;;;;
09/08/2025;28.60;;;;;
09/08/2025;27.40;;;;;
10/08/2025;26.80;;;;;
10/08/2025;25.30;;;;;
10/08/2025;24.10;;;;;
10/08/2025;23.30;;;;;
10/08/2025;22.20;;;;;
10/08/2025;21.40;;;;;
10/08/2025;20.90;;;;;
10/08/2025;20.00;;;;;
10/08/2025;19.50;;;;;
10/08/2025;19.70;;;;;
10/08/2025;19.30;;;;;
10/08/2025;21.10;;;;;
10/08/2025;25.00;;;;;
10/08/2025;29.60;;;;;
10/08/2025;31.90;;;;;
10/08/2025;32.80;;;;;
10/08/2025;34.60;;;;;
10/08/2025;34.70;;;;;
10/08/2025;35.10;;;;;
10/08/2025;34.90;;;;;
10/08/2025;34.10;;;;;
10/08/2025;30.70;;;;;
10/08/2025;28.30;;;;;
10/08/2025;27.50;;;;;
11/08/2025;26.20;;;;;
11/08/2025;25.10;;;;;
11/08/2025;24.30;;;;;
11/08/2025;24.00;;;;;
11/08/2025;23.10;;;;;
11/08/2025;22.50;;;;;
11/08/2025;21.20;;;;;
11/08/2025;21.10;;;;;
11/08/2025;19.90;;;;;
11/08/2025;19.70;;;;;
11/08/2025;19.30;;;;;
11/08/2025;21.80;;;;;
11/08/2025;27.90;;;;;
11/08/2025;31.90;;;;;
11/08/2025;32.30;;;;;
11/08/2025;33.90;;;;;
11/08/2025;34.30;;;;;
11/08/2025;34.30;;;;;
11/08/2025;34.50;;;;;
11/08/2025;34.00;;;;;
11/08/2025;33.30;;;;;
11/08/2025;30.30;;;;;
11/08/2025;27.90;;;;;
11/08/2025;26.80;;;;;
12/08/2025;25.80;;;;;
12/08/2025;24.90;;;;;
12/08/2025;23.40;;;;;
12/08/2025;22.40;;;;;
12/08/2025;22.20;;;;;
12/08/2025;22.70;;;;;
12/08/2025;21.60;;;;;
12/08/2025;19.30;;;;;
12/08/2025;18.60;;;;;
12/08/2025;15.50;;;;;
12/08/2025;16.60;;;;;
12/08/2025;22.00;;;;;
12/08/2025;27.20;;;;;
12/08/2025;30.40;;;;;
12/08/2025;31.60;;;;;
12/08/2025;31.50;;;;;
12/08/2025;32.60;;;;;
12/08/2025;33.10;;;;;
12/08/2025;33.70;;;;;
12/08/2025;32.80;;;;;
12/08/2025;31.70;;;;;
12/08/2025;29.30;;;;;
12/08/2025;26.70;;;;;
12/08/2025;25.50;;;;;
13/08/2025;24.10;;;;;
13/08/2025;22.70;;;;;
13/08/2025;22.70;;;;;
13/08/2025;21.10;;;;;
13/08/2025;19.80;;;;;
13/08/2025;19.60;;;;;
13/08/2025;19.70;;;;;
13/08/2025;19.00;;;;;
13/08/2025;17.80;;;;;
13/08/2025;18.40;;;;;
13/08/2025;16.00;;;;;
13/08/2025;20.80;;;;;
13/08/2025;25.00;;;;;
13/08/2025;28.70;;;;;
13/08/2025;31.60;;;;;
13/08/2025;33.20;;;;;
13/08/2025;34.50;;;;;
13/08/2025;35.10;;;;;
13/08/2025;35.30;;;;;
13/08/2025;35.50;;;;;
13/08/2025;34.60;;;;;
13/08/2025;31.80;;;;;
13/08/2025;29.00;;;;;
13/08/2025;26.00;;;;;
14/08/2025;22.90;;;;;
14/08/2025;20.80;;;;;
14/08/2025;21.50;;;;;
14/08/2025;19.50;;;;;
14/08/2025;19.00;;;;;
14/08/2025;17.80;;;;;
14/08/2025;17.90;;;;;
14/08/2025;18.50;;;;;
14/08/2025;18.90;;;;;
14/08/2025;17.90;;;;;
14/08/2025;17.10;;;;;
14/08/2025;22.00;;;;;
14/08/2025;26.40;;;;;
14/08/2025;30.20;;;;;
14/08/2025;31.80;;;;;
14/08/2025;33.10;;;;;
14/08/2025;34.60;;;;;
14/08/2025;35.90;;;;;
14/08/2025;35.40;;;;;
14/08/2025;35.90;;;;;
14/08/2025;35.40;;;;;
14/08/2025;31.90;;;;;
14/08/2025;30.00;;;;;
14/08/2025;27.70;;;;;
15/08/2025;25.50;;;;;
15/08/2025;24.50;;;;;
15/08/2025;23.30;;;;;
15/08/2025;22.60;;;;;
15/08/2025;23.00;;;;;
15/08/2025;21.00;;;;;
15/08/2025;21.40;;;;;
15/08/2025;21.30;;;;;
15/08/2025;20.20;;;;;
15/08/2025;21.60;;;;;
15/08/2025;22.90;;;;;
15/08/2025;26.60;;;;;
15/08/2025;30.20;;;;;
15/08/2025;32.20;;;;;
15/08/2025;34.20;;;;;
15/08/2025;34.00;;;;;
15/08/2025;37.50;;;;;
15/08/2025;36.10;;;;;
15/08/2025;36.60;;;;;
15/08/2025;36.00;;;;;
15/08/2025;34.50;;;;;
15/08/2025;31.60;;;;;
15/08/2025;29.90;;;;;
15/08/2025;27.80;;;;;
16/08/2025;27.10;;;;;
16/08/2025;25.60;;;;;
16/08/2025;23.10;;;;;
16/08/2025;23.00;;;;;
16/08/2025;21.80;;;;;
16/08/2025;21.00;;;;;
16/08/2025;21.80;;;;;
16/08/2025;20.10;;;;;
16/08/2025;20.30;;;;;
16/08/2025;20.00;;;;;
16/08/2025;20.10;;;;;
16/08/2025;24.60;;;;;
16/08/2025;29.70;;;;;
16/08/2025;33.90;;;;;
16/08/2025;35.00;;;;;
16/08/2025;36.20;;;;;
16/08/2025;36.40;;;;;
16/08/2025;36.70;;;;;
16/08/2025;37.40;;;;;
16/08/2025;36.50;;;;;
16/08/2025;36.00;;;;;
16/08/2025;32.70;;;;;
16/08/2025;30.70;;;;;
16/08/2025;29.00;;;;;
17/08/2025;26.90;;;;;
17/08/2025;23.60;;;;;
17/08/2025;23.10;;;;;
17/08/2025;22.60;;;;;
17/08/2025;22.50;;;;;
17/08/2025;22.60;;;;;
17/08/2025;20.10;;;;;
17/08/2025;21.00;;;;;
17/08/2025;21.20;;;;;
17/08/2025;21.00;;;;;
17/08/2025;19.40;;;;;
17/08/2025;24.70;;;;;
17/08/2025;30.10;;;;;
17/08/2025;33.70;;;;;
17/08/2025;35.40;;;;;
17/08/2025;36.70;;;;;
17/08/2025;37.20;;;;;
17/08/2025;36.20;;;;;
17/08/2025;36.60;;;;;
17/08/2025;36.70;;;;;
17/08/2025;36.10;;;;;
17/08/2025;33.60;;;;;
17/08/2025;28.90;;;;;
17/08/2025;26.80;;;;;
18/08/2025;24.20;;;;;
18/08/2025;24.40;;;;;
18/08/2025;22.40;;;;;
18/08/2025;22.90;;;;;
18/08/2025;23.10;;;;;
18/08/2025;21.20;;;;;
18/08/2025;19.60;;;;;
18/08/2025;21.60;;;;;
18/08/2025;21.20;;;;;
18/08/2025;20.40;;;;;
18/08/2025;19.20;;;;;
18/08/2025;24.70;;;;;
18/08/2025;31.20;;;;;
18/08/2025;34.10;;;;;
18/08/2025;35.70;;;;;
18/08/2025;36.40;;;;;
18/08/2025;36.00;;;;;
18/08/2025;37.80;;;;;
18/08/2025;37.30;;;;;
18/08/2025;37.00;;;;;
18/08/2025;35.00;;;;;
18/08/2025;32.70;;;;;
18/08/2025;31.00;;;;;
18/08/2025;28.00;;;;;
19/08/2025;25.60;;;;;
19/08/2025;23.60;;;;;
19/08/2025;;;;;;
19/08/2025;22.30;;;;;
19/08/2025;22.50;;;;;
19/08/2025;21.10;;;;;
19/08/2025;20.40;;;;;
19/08/2025;19.10;;;;;
19/08/2025;19.10;;;;;
19/08/2025;19.90;;;;;
19/08/2025;20.10;;;;;
19/08/2025;25.10;;;;;
19/08/2025;31.90;;;;;
19/08/2025;34.10;;;;;
19/08/2025;35.20;;;;;
19/08/2025;36.30;;;;;
19/08/2025;37.30;;;;;
19/08/2025;36.20;;;;;
19/08/2025;37.70;;;;;
19/08/2025;36.30;;;;;
19/08/2025;35.80;;;;;
19/08/2025;33.60;;;;;
19/08/2025;30.90;;;;;
19/08/2025;27.90;;;;;
20/08/2025;25.90;;;;;
20/08/2025;24.30;;;;;
20/08/2025;22.50;;;;;
20/08/2025;23.10;;;;;
20/08/2025;20.70;;;;;
20/08/2025;21.30;;;;;
20/08/2025;20.50;;;;;
20/08/2025;20.10;;;;;
20/08/2025;19.50;;;;;
20/08/2025;20.00;;;;;
20/08/2025;22.80;;;;;
20/08/2025;27.40;;;;;
20/08/2025;30.70;;;;;
20/08/2025;32.00;;;;;
20/08/2025;34.20;;;;;
20/08/2025;35.70;;;;;
20/08/2025;36.50;;;;;
20/08/2025;36.40;;;;;
20/08/2025;37.20;;;;;
20/08/2025;36.50;;;;;
20/08/2025;35.80;;;;;
20/08/2025;33.20;;;;;
20/08/2025;28.90;;;;;
20/08/2025;29.00;;;;;
21/08/2025;24.80;;;;;
21/08/2025;25.70;;;;;
21/08/2025;25.40;;;;;
21/08/2025;23.80;;;;;
21/08/2025;20.30;;;;;
21/08/2025;20.90;;;;;
21/08/2025;20.20;;;;;
21/08/2025;18.90;;;;;
21/08/2025;19.00;;;;;
21/08/2025;16.90;;;;;
21/08/2025;18.50;;;;;
21/08/2025;24.90;;;;;
21/08/2025;30.30;;;;;
21/08/2025;32.80;;;;;
21/08/2025;33.70;;;;;
21/08/2025;35.10;;;;;
21/08/2025;36.10;;;;;
21/08/2025;36.60;;;;;
21/08/2025;37.20;;;;;
21/08/2025;37.10;;;;;
21/08/2025;35.40;;;;;
21/08/2025;32.70;;;;;
21/08/2025;29.90;;;;;
21/08/2025;28.20;;;;;
22/08/2025;21.40;;;;;
22/08/2025;22.30;;;;;
22/08/2025;22.70;;;;;
22/08/2025;19.40;;;;;
22/08/2025;19.20;;;;;
22/08/2025;17.90;;;;;
22/08/2025;16.40;;;;;
22/08/2025;17.50;;;;;
22/08/2025;15.60;;;;;
22/08/2025;15.30;;;;;
22/08/2025;17.50;;;;;
22/08/2025;21.50;;;;;
22/08/2025;26.80;;;;;
22/08/2025;32.70;;;;;
22/08/2025;34.30;;;;;
22/08/2025;35.60;;;;;
22/08/2025;36.00;;;;;
22/08/2025;36.00;;;;;
22/08/2025;37.60;;;;;
22/08/2025;36.20;;;;;
22/08/2025;35.80;;;;;
22/08/2025;33.30;;;;;
22/08/2025;29.90;;;;;
22/08/2025;24.90;;;;;
23/08/2025;22.30;;;;;
23/08/2025;21.20;;;;;
23/08/2025;20.90;;;;;
23/08/2025;20.40;;;;;
23/08/2025;19.00;;;;;
23/08/2025;18.20;;;;;
23/08/2025;17.90;;;;;
23/08/2025;18.90;;;;;
23/08/2025;18.70;;;;;
23/08/2025;17.80;;;;;
23/08/2025;18.00;;;;;
23/08/2025;21.50;;;;;
23/08/2025;29.70;;;;;
23/08/2025;33.20;;;;;
23/08/2025;35.70;;;;;
23/08/2025;37.00;;;;;
23/08/2025;37.80;;;;;
23/08/2025;37.50;;;;;
23/08/2025;37.70;;;;;
23/08/2025;37.00;;;;;
23/08/2025;36.40;;;;;
23/08/2025;33.00;;;;;
23/08/2025;28.80;;;;;
23/08/2025;26.60;;;;;
24/08/2025;25.80;;;;;
24/08/2025;23.60;;;;;
24/08/2025;21.60;;;;;
24/08/2025;20.80;;;;;
24/08/2025;22.00;;;;;
24/08/2025;20.20;;;;;
24/08/2025;19.20;;;;;
24/08/2025;17.80;;;;;
24/08/2025;17.10;;;;;
24/08/2025;16.90;;;;;
24/08/2025;19.20;;;;;
24/08/2025;24.10;;;;;
24/08/2025;31.50;;;;;
24/08/2025;33.30;;;;;
24/08/2025;35.00;;;;;
24/08/2025;35.90;;;;;
24/08/2025;37.10;;;;;
24/08/2025;37.30;;;;;
24/08/2025;37.90;;;;;
24/08/2025;36.20;;;;;
24/08/2025;36.70;;;;;
24/08/2025;33.70;;;;;
24/08/2025;28.40;;;;;
24/08/2025;26.80;;;;;
25/08/2025;24.80;;;;;
25/08/2025;23.90;;;;;
25/08/2025;23.90;;;;;
25/08/2025;22.30;;;;;
25/08/2025;22.20;;;;;
25/08/2025;20.10;;;;;
25/08/2025;18.80;;;;;
25/08/2025;20.00;;;;;
25/08/2025;20.40;;;;;
25/08/2025;18.60;;;;;
25/08/2025;18.50;;;;;
25/08/2025;24.10;;;;;
25/08/2025;27.40;;;;;
25/08/2025;31.70;;;;;
25/08/2025;33.40;;;;;
25/08/2025;35.50;;;;;
25/08/2025;36.50;;;;;
25/08/2025;36.70;;;;;
25/08/2025;39.00;;;;;
25/08/2025;37.40;;;;;
25/08/2025;37.30;;;;;
25/08/2025;33.60;;;;;
25/08/2025;29.90;;;;;
25/08/2025;26.30;;;;;
26/08/2025;24.10;;;;;
26/08/2025;25.40;;;;;
26/08/2025;23.30;;;;;
26/08/2025;23.00;;;;;
26/08/2025;21.30;;;;;
26/08/2025;20.50;;;;;
26/08/2025;22.90;;;;;
26/08/2025;19.20;;;;;
26/08/2025;19.70;;;;;
26/08/2025;20.10;;;;;
26/08/2025;21.00;;;;;
26/08/2025;24.20;;;;;
26/08/2025;29.30;;;;;
26/08/2025;31.20;;;;;
26/08/2025;36.00;;;;;
26/08/2025;37.10;;;;;
26/08/2025;37.40;;;;;
26/08/2025;37.50;;;;;
26/08/2025;38.30;;;;;
26/08/2025;38.10;;;;;
26/08/2025;37.00;;;;;
26/08/2025;33.10;;;;;
26/08/2025;30.10;;;;;
26/08/2025;27.90;;;;;
27/08/2025;24.80;;;;;
27/08/2025;24.80;;;;;
27/08/2025;24.90;;;;;
27/08/2025;22.90;;;;;
27/08/2025;22.80;;;;;
27/08/2025;23.50;;;;;
27/08/2025;22.20;;;;;
27/08/2025;22.20;;;;;
27/08/2025;21.60;;;;;
27/08/2025;19.50;;;;;
27/08/2025;21.80;;;;;
27/08/2025;24.70;;;;;
27/08/2025;30.00;;;;;
27/08/2025;34.40;;;;;
27/08/2025;36.20;;;;;
27/08/2025;37.70;;;;;
27/08/2025;37.50;;;;;
27/08/2025;36.60;;;;;
27/08/2025;37.70;;;;;
27/08/2025;36.50;;;;;
27/08/2025;36.70;;;;;
27/08/2025;34.30;;;;;
27/08/2025;31.20;;;;;
27/08/2025;27.60;;;;;
28/08/2025;24.90;;;;;
28/08/2025;25.00;;;;;
28/08/2025;24.40;;;;;
28/08/2025;22.70;;;;;
28/08/2025;22.00;;;;;
28/08/2025;21.50;;;;;
28/08/2025;20.70;;;;;
28/08/2025;21.00;;;;;
28/08/2025;21.70;;;;;
28/08/2025;21.40;;;;;
28/08/2025;22.60;;;;;
28/08/2025;26.50;;;;;
28/08/2025;31.10;;;;;
28/08/2025;34.80;;;;;
28/08/2025;36.60;;;;;
28/08/2025;37.70;;;;;
28/08/2025;37.80;;;;;
28/08/2025;37.20;;;;;
28/08/2025;36.70;;;;;
28/08/2025;36.80;;;;;
28/08/2025;37.00;;;;;
28/08/2025;33.30;;;;;
28/08/2025;30.40;;;;;
28/08/2025;28.30;;;;;
29/08/2025;25.70;;;;;
29/08/2025;26.70;;;;;
29/08/2025;25.50;;;;;
29/08/2025;23.20;;;;;
29/08/2025;22.80;;;;;
29/08/2025;23.70;;;;;
29/08/2025;21.20;;;;;
29/08/2025;20.80;;;;;
29/08/2025;22.30;;;;;
29/08/2025;22.10;;;;;
29/08/2025;23.00;;;;;
29/08/2025;25.10;;;;;
29/08/2025;30.50;;;;;
29/08/2025;34.40;;;;;
29/08/2025;36.50;;;;;
29/08/2025;37.60;;;;;
29/08/2025;37.20;;;;;
29/08/2025;38.30;;;;;
29/08/2025;37.90;;;;;
29/08/2025;38.30;;;;;
29/08/2025;36.90;;;;;
29/08/2025;35.10;;;;;
29/08/2025;30.10;;;;;
29/08/2025;28.60;;;;;
30/08/2025;25.80;;;;;
30/08/2025;25.70;;;;;
30/08/2025;24.20;;;;;
30/08/2025;24.70;;;;;
30/08/2025;23.60;;;;;
30/08/2025;23.40;;;;;
30/08/2025;22.30;;;;;
30/08/2025;21.60;;;;;
30/08/2025;23.30;;;;;
30/08/2025;20.20;;;;;
30/08/2025;21.90;;;;;
30/08/2025;25.50;;;;;
30/08/2025;30.20;;;;;
30/08/2025;34.50;;;;;
30/08/2025;35.00;;;;;
30/08/2025;35.70;;;;;
30/08/2025;37.30;;;;;
30/08/2025;37.20;;;;;
30/08/2025;37.70;;;;;
30/08/2025;38.00;;;;;
30/08/2025;36.70;;;;;
30/08/2025;34.30;;;;;
30/08/2025;28.10;;;;;
30/08/2025;27.50;;;;;
31/08/2025;26.40;;;;;
31/08/2025;25.00;;;;;
31/08/2025;23.50;;;;;
31/08/2025;23.50;;;;;
31/08/2025;25.50;;;;;
31/08/2025;23.00;;;;;
31/08/2025;22.00;;;;;
31/08/2025;21.20;;;;;
31/08/2025;20.70;;;;;
31/08/2025;20.20;;;;;
31/08/2025;20.90;;;;;
31/08/2025;27.00;;;;;
31/08/2025;31.70;;;;;
31/08/2025;34.60;;;;;
31/08/2025;35.40;;;;;
31/08/2025;36.30;;;;;
31/08/2025;37.30;;;;;
31/08/2025;37.80;;;;;
31/08/2025;38.40;;;;;
31/08/2025;37.70;;;;;
31/08/2025;36.10;;;;;
31/08/2025;34.30;;;;;
31/08/2025;29.20;;;;;
31/08/2025;30.00;;;;;
01/09/2025;29.90;;01/09/2025;29.83;;
01/09/2025;27.60;;02/09/2025;28.63;;
01/09/2025;25.50;;03/09/2025;28.55;;
01/09/2025;24.80;;04/09/2025;28.55;;
01/09/2025;25.60;;05/09/2025;28.60;;
01/09/2025;24.90;;06/09/2025;28.59;;
01/09/2025;24.40;;07/09/2025;28.53;;
01/09/2025;23.10;;08/09/2025;28.45;;
01/09/2025;22.30;;09/09/2025;28.41;;
01/09/2025;22.40;;10/09/2025;28.40;;
01/09/2025;23.40;;11/09/2025;28.35;;
01/09/2025;28.50;;12/09/2025;28.38;;
01/09/2025;31.10;;13/09/2025;28.38;;
01/09/2025;33.90;;14/09/2025;28.37;;
01/09/2025;35.10;;15/09/2025;28.31;;
01/09/2025;36.30;;16/09/2025;28.25;;
01/09/2025;37.00;;17/09/2025;28.25;;
01/09/2025;37.80;;18/09/2025;28.22;;
01/09/2025;37.20;;19/09/2025;28.22;;
01/09/2025;37.30;;20/09/2025;28.21;;
01/09/2025;36.50;;21/09/2025;28.21;;
01/09/2025;33.10;;22/09/2025;28.24;;
01/09/2025;30.10;;23/09/2025;28.21;;
01/09/2025;28.00;;24/09/2025;28.19;;
02/09/2025;26.40;;25/09/2025;28.20;;
02/09/2025;24.40;;26/09/2025;28.23;;
02/09/2025;24.20;;27/09/2025;28.30;;
02/09/2025;23.30;;28/09/2025;28.26;;
02/09/2025;23.60;;29/09/2025;28.17;;
02/09/2025;23.70;;30/09/2025;28.14;;
02/09/2025;22.30;;01/10/2025;28.18;;
02/09/2025;21.00;;02/10/2025;28.20;;
02/09/2025;20.80;;03/10/2025;28.23;;
02/09/2025;20.60;;04/10/2025;28.25;;
02/09/2025;22.30;;05/10/2025;28.34;;
02/09/2025;27.10;;06/10/2025;28.28;;
02/09/2025;32.20;;07/10/2025;28.25;;
02/09/2025;33.90;;08/10/2025;28.24;;
02/09/2025;34.30;;09/10/2025;28.23;;
02/09/2025;36.00;;10/10/2025;28.19;;
02/09/2025;37.00;;11/10/2025;28.13;;
02/09/2025;36.40;;12/10/2025;28.11;;
02/09/2025;37.10;;13/10/2025;28.07;;
02/09/2025;36.30;;14/10/2025;28.00;;
02/09/2025;36.30;;15/10/2025;27.97;;
02/09/2025;32.80;;16/10/2025;27.89;;
02/09/2025;28.80;;17/10/2025;27.89;;
02/09/2025;26.40;;18/10/2025;27.92;;
03/09/2025;24.30;;19/10/2025;27.94;;
03/09/2025;24.50;;20/10/2025;27.95;;
03/09/2025;25.40;;21/10/2025;27.95;;
03/09/2025;23.10;;22/10/2025;27.99;;
03/09/2025;22.20;;23/10/2025;27.96;;
03/09/2025;21.80;;24/10/2025;27.96;;
03/09/2025;21.20;;25/10/2025;27.93;;
03/09/2025;20.90;;26/10/2025;27.90;;
03/09/2025;19.50;;27/10/2025;27.86;;
03/09/2025;21.20;;28/10/2025;27.84;;
03/09/2025;22.30;;29/10/2025;27.77;;
03/09/2025;26.90;;30/10/2025;27.75;;
03/09/2025;30.80;;31/10/2025;27.75;;
03/09/2025;32.40;;01/11/2025;27.74;;
03/09/2025;34.50;;02/11/2025;27.76;;
03/09/2025;35.10;;03/11/2025;27.85;;
03/09/2025;37.00;;04/11/2025;27.94;;
03/09/2025;36.20;;05/11/2025;27.99;;
03/09/2025;37.20;;06/11/2025;28.01;;
03/09/2025;37.00;;07/11/2025;28.09;;
03/09/2025;35.50;;08/11/2025;28.15;;
03/09/2025;32.40;;09/11/2025;28.24;;
03/09/2025;29.00;;10/11/2025;28.26;;
03/09/2025;27.00;;11/11/2025;28.31;;
04/09/2025;26.00;;12/11/2025;28.33;;
04/09/2025;23.60;;13/11/2025;28.30;;
04/09/2025;23.30;;14/11/2025;28.26;;
04/09/2025;22.30;;15/11/2025;28.26;;
04/09/2025;23.30;;16/11/2025;28.28;;
04/09/2025;22.30;;17/11/2025;28.28;;
04/09/2025;21.90;;18/11/2025;28.23;;
04/09/2025;21.20;;19/11/2025;28.22;;
04/09/2025;21.80;;20/11/2025;28.20;;
04/09/2025;19.80;;21/11/2025;28.20;;
04/09/2025;21.50;;22/11/2025;28.18;;
04/09/2025;26.60;;23/11/2025;28.20;;
04/09/2025;30.60;;24/11/2025;28.18;;
04/09/2025;31.50;;25/11/2025;28.22;;
04/09/2025;33.10;;26/11/2025;28.27;;
04/09/2025;34.60;;27/11/2025;28.40;;
04/09/2025;35.90;;28/11/2025;28.48;;
04/09/2025;34.60;;29/11/2025;28.54;;
04/09/2025;36.40;;30/11/2025;28.58;;
04/09/2025;35.10;;01/12/2025;28.61;;
04/09/2025;35.60;;02/12/2025;28.58;;
04/09/2025;33.10;;03/12/2025;28.65;;
04/09/2025;29.40;;04/12/2025;28.72;;
04/09/2025;27.30;;05/12/2025;28.73;;
05/09/2025;25.90;;06/12/2025;28.84;;
05/09/2025;24.70;;07/12/2025;28.90;;
05/09/2025;22.50;;08/12/2025;28.96;;
05/09/2025;22.30;;09/12/2025;29.00;;
05/09/2025;22.60;;10/12/2025;29.08;;
05/09/2025;21.60;;11/12/2025;29.19;;
05/09/2025;21.00;;12/12/2025;29.20;;
05/09/2025;20.60;;13/12/2025;29.23;;
05/09/2025;20.20;;14/12/2025;29.23;;
05/09/2025;19.20;;15/12/2025;29.18;;
05/09/2025;21.60;;16/12/2025;29.24;;
05/09/2025;26.40;;17/12/2025;29.26;;
05/09/2025;31.10;;18/12/2025;29.30;;
05/09/2025;33.60;;19/12/2025;29.30;;
05/09/2025;35.30;;20/12/2025;29.27;;
05/09/2025;35.70;;21/12/2025;29.22;;
05/09/2025;36.40;;22/12/2025;29.24;;
05/09/2025;36.60;;23/12/2025;29.30;;
05/09/2025;37.70;;24/12/2025;29.37;;
05/09/2025;37.40;;25/12/2025;29.43;;
05/09/2025;36.00;;26/12/2025;29.54;;
05/09/2025;34.30;;27/12/2025;29.53;;
05/09/2025;29.90;;28/12/2025;29.52;;
05/09/2025;26.70;;29/12/2025;29.51;;
06/09/2025;24.80;;30/12/2025;29.45;;
06/09/2025;24.70;;31/12/2025;29.48;;
06/09/2025;23.00;;;;;
06/09/2025;22.40;;;;;
06/09/2025;21.30;;;;;
06/09/2025;21.40;;;;;
06/09/2025;20.40;;;;;
06/09/2025;20.80;;;;;
06/09/2025;19.70;;;;;
06/09/2025;19.70;;;;;
06/09/2025;21.00;;;;;
06/09/2025;27.30;;;;;
06/09/2025;32.40;;;;;
06/09/2025;36.80;;;;;
06/09/2025;37.00;;;;;
06/09/2025;37.20;;;;;
06/09/2025;37.30;;;;;
06/09/2025;37.50;;;;;
06/09/2025;36.80;;;;;
06/09/2025;39.10;;;;;
06/09/2025;37.80;;;;;
06/09/2025;34.60;;;;;
06/09/2025;32.40;;;;;
06/09/2025;28.30;;;;;
07/09/2025;26.10;;;;;
07/09/2025;25.80;;;;;
07/09/2025;24.70;;;;;
07/09/2025;25.20;;;;;
07/09/2025;21.40;;;;;
07/09/2025;22.10;;;;;
07/09/2025;20.60;;;;;
07/09/2025;19.60;;;;;
07/09/2025;21.00;;;;;
07/09/2025;20.20;;;;;
07/09/2025;22.00;;;;;
07/09/2025;27.30;;;;;
07/09/2025;31.60;;;;;
07/09/2025;35.60;;;;;
07/09/2025;37.60;;;;;
07/09/2025;38.50;;;;;
07/09/2025;39.00;;;;;
07/09/2025;39.10;;;;;
07/09/2025;39.30;;;;;
07/09/2025;38.80;;;;;
07/09/2025;37.60;;;;;
07/09/2025;34.50;;;;;
07/09/2025;30.80;;;;;
07/09/2025;29.00;;;;;
08/09/2025;26.20;;;;;
08/09/2025;25.60;;;;;
08/09/2025;24.90;;;;;
08/09/2025;23.00;;;;;
08/09/2025;22.60;;;;;
08/09/2025;21.80;;;;;
08/09/2025;21.80;;;;;
08/09/2025;20.60;;;;;
08/09/2025;20.00;;;;;
08/09/2025;19.10;;;;;
08/09/2025;21.70;;;;;
08/09/2025;28.80;;;;;
08/09/2025;32.60;;;;;
08/09/2025;34.80;;;;;
08/09/2025;36.50;;;;;
08/09/2025;37.40;;;;;
08/09/2025;38.50;;;;;
08/09/2025;38.40;;;;;
08/09/2025;38.60;;;;;
08/09/2025;38.20;;;;;
08/09/2025;37.50;;;;;
08/09/2025;34.80;;;;;
08/09/2025;32.10;;;;;
08/09/2025;30.70;;;;;
09/09/2025;29.10;;;;;
09/09/2025;25.10;;;;;
09/09/2025;23.80;;;;;
09/09/2025;23.50;;;;;
09/09/2025;21.20;;;;;
09/09/2025;22.10;;;;;
09/09/2025;22.10;;;;;
09/09/2025;20.70;;;;;
09/09/2025;19.60;;;;;
09/09/2025;20.30;;;;;
09/09/2025;21.70;;;;;
09/09/2025;27.30;;;;;
09/09/2025;33.60;;;;;
09/09/2025;35.80;;;;;
09/09/2025;36.90;;;;;
09/09/2025;37.00;;;;;
09/09/2025;37.00;;;;;
09/09/2025;38.10;;;;;
09/09/2025;37.80;;;;;
09/09/2025;;;;;;
09/09/2025;37.30;;;;;
09/09/2025;34.00;;;;;
09/09/2025;30.90;;;;;
09/09/2025;28.30;;;;;
10/09/2025;;;;;;
10/09/2025;26.20;;;;;
10/09/2025;25.00;;;;;
10/09/2025;24.10;;;;;
10/09/2025;25.60;;;;;
10/09/2025;21.90;;;;;
10/09/2025;21.40;;;;;
10/09/2025;20.80;;;;;
10/09/2025;22.20;;;;;
10/09/2025;20.50;;;;;
10/09/2025;23.00;;;;;
10/09/2025;27.00;;;;;
10/09/2025;30.10;;;;;
10/09/2025;35.30;;;;;
10/09/2025;37.60;;;;;
10/09/2025;39.50;;;;;
10/09/2025;39.70;;;;;
10/09/2025;39.80;;;;;
10/09/2025;39.50;;;;;
10/09/2025;40.10;;;;;
10/09/2025;38.80;;;;;
10/09/2025;35.80;;;;;
10/09/2025;31.10;;;;;
10/09/2025;28.90;;;;;
11/09/2025;27.20;;;;;
11/09/2025;25.80;;;;;
11/09/2025;22.60;;;;;
11/09/2025;23.70;;;;;
11/09/2025;23.00;;;;;
11/09/2025;22.00;;;;;
11/09/2025;23.40;;;;;
11/09/2025;21.90;;;;;
11/09/2025;23.70;;;;;
11/09/2025;20.20;;;;;
11/09/2025;21.30;;;;;
11/09/2025;28.90;;;;;
11/09/2025;33.80;;;;;
11/09/2025;37.70;;;;;
11/09/2025;38.90;;;;;
11/09/2025;40.90;;;;;
11/09/2025;40.40;;;;;
11/09/2025;41.10;;;;;
11/09/2025;39.80;;;;;
11/09/2025;41.00;;;;;
11/09/2025;38.40;;;;;
11/09/2025;36.10;;;;;
11/09/2025;31.60;;;;;
11/09/2025;28.30;;;;;
12/09/2025;26.60;;;;;
12/09/2025;26.30;;;;;
12/09/2025;25.40;;;;;
12/09/2025;24.80;;;;;
12/09/2025;22.30;;;;;
12/09/2025;24.00;;;;;
12/09/2025;21.00;;;;;
12/09/2025;21.70;;;;;
12/09/2025;21.40;;;;;
12/09/2025;20.70;;;;;
12/09/2025;22.70;;;;;
12/09/2025;26.60;;;;;
12/09/2025;32.10;;;;;
12/09/2025;37.30;;;;;
12/09/2025;38.60;;;;;
12/09/2025;38.60;;;;;
12/09/2025;40.00;;;;;
12/09/2025;39.60;;;;;
12/09/2025;39.70;;;;;
12/09/2025;39.60;;;;;
12/09/2025;39.20;;;;;
12/09/2025;36.30;;;;;
12/09/2025;33.50;;;;;
12/09/2025;30.00;;;;;
13/09/2025;27.40;;;;;
13/09/2025;26.60;;;;;
13/09/2025;26.50;;;;;
13/09/2025;24.50;;;;;
13/09/2025;23.90;;;;;
13/09/2025;21.70;;;;;
13/09/2025;22.10;;;;;
13/09/2025;21.50;;;;;
13/09/2025;23.10;;;;;
13/09/2025;21.40;;;;;
13/09/2025;22.10;;;;;
13/09/2025;26.40;;;;;
13/09/2025;30.50;;;;;
13/09/2025;31.10;;;;;
13/09/2025;32.60;;;;;
13/09/2025;35.50;;;;;
13/09/2025;35.70;;;;;
13/09/2025;36.50;;;;;
13/09/2025;37.60;;;;;
13/09/2025;37.60;;;;;
13/09/2025;36.90;;;;;
13/09/2025;34.70;;;;;
13/09/2025;33.40;;;;;
13/09/2025;30.00;;;;;
14/09/2025;;;;;;
14/09/2025;;;;;;
14/09/2025;27.90;;;;;
14/09/2025;27.20;;;;;
14/09/2025;25.80;;;;;
14/09/2025;23.80;;;;;
14/09/2025;23.50;;;;;
14/09/2025;22.60;;;;;
14/09/2025;22.70;;;;;
14/09/2025;22.10;;;;;
14/09/2025;23.40;;;;;
14/09/2025;26.80;;;;;
14/09/2025;29.20;;;;;
14/09/2025;32.30;;;;;
14/09/2025;33.50;;;;;
14/09/2025;35.30;;;;;
14/09/2025;36.00;;;;;
14/09/2025;29.50;;;;;
14/09/2025;26.70;;;;;
14/09/2025;31.70;;;;;
14/09/2025;30.40;;;;;
14/09/2025;28.60;;;;;
14/09/2025;26.80;;;;;
14/09/2025;28.60;;;;;
15/09/2025;27.90;;;;;
15/09/2025;26.90;;;;;
15/09/2025;25.10;;;;;
15/09/2025;24.90;;;;;
15/09/2025;25.10;;;;;
15/09/2025;22.80;;;;;
15/09/2025;22.40;;;;;
15/09/2025;22.40;;;;;
15/09/2025;22.90;;;;;
15/09/2025;21.70;;;;;
15/09/2025;22.60;;;;;
15/09/2025;24.90;;;;;
15/09/2025;28.20;;;;;
15/09/2025;30.50;;;;;
15/09/2025;33.70;;;;;
15/09/2025;35.40;;;;;
15/09/2025;36.70;;;;;
15/09/2025;36.50;;;;;
15/09/2025;36.70;;;;;
15/09/2025;37.00;;;;;
15/09/2025;35.60;;;;;
15/09/2025;33.60;;;;;
15/09/2025;31.80;;;;;
15/09/2025;30.90;;;;;
16/09/2025;28.80;;;;;
16/09/2025;27.90;;;;;
16/09/2025;24.10;;;;;
16/09/2025;24.50;;;;;
16/09/2025;24.00;;;;;
16/09/2025;25.20;;;;;
16/09/2025;24.60;;;;;
16/09/2025;24.80;;;;;
16/09/2025;22.30;;;;;
16/09/2025;22.50;;;;;
16/09/2025;21.80;;;;;
16/09/2025;25.00;;;;;
16/09/2025;29.80;;;;;
16/09/2025;32.40;;;;;
16/09/2025;35.50;;;;;
16/09/2025;36.90;;;;;
16/09/2025;37.40;;;;;
16/09/2025;37.60;;;;;
16/09/2025;38.90;;;;;
16/09/2025;38.70;;;;;
16/09/2025;37.30;;;;;
16/09/2025;35.00;;;;;
16/09/2025;31.30;;;;;
16/09/2025;29.00;;;;;
17/09/2025;27.60;;;;;
17/09/2025;27.70;;;;;
17/09/2025;26.60;;;;;
17/09/2025;23.70;;;;;
17/09/2025;24.20;;;;;
17/09/2025;25.30;;;;;
17/09/2025;24.70;;;;;
17/09/2025;24.70;;;;;
17/09/2025;23.80;;;;;
17/09/2025;23.20;;;;;
17/09/2025;23.60;;;;;
17/09/2025;25.50;;;;;
17/09/2025;30.40;;;;;
17/09/2025;34.80;;;;;
17/09/2025;37.60;;;;;
17/09/2025;37.00;;;;;
17/09/2025;37.30;;;;;
17/09/2025;37.40;;;;;
17/09/2025;37.70;;;;;
17/09/2025;37.10;;;;;
17/09/2025;35.70;;;;;
17/09/2025;33.40;;;;;
17/09/2025;29.90;;;;;
17/09/2025;28.80;;;;;
18/09/2025;;;;;;
18/09/2025;28.60;;;;;
18/09/2025;27.90;;;;;
18/09/2025;26.00;;;;;
18/09/2025;25.70;;;;;
18/09/2025;25.10;;;;;
18/09/2025;24.80;;;;;
18/09/2025;24.90;;;;;
18/09/2025;24.50;;;;;
18/09/2025;24.40;;;;;
18/09/2025;24.60;;;;;
18/09/2025;27.10;;;;;
18/09/2025;30.00;;;;;
18/09/2025;33.50;;;;;
18/09/2025;35.00;;;;;
18/09/2025;36.20;;;;;
18/09/2025;37.90;;;;;
18/09/2025;39.20;;;;;
18/09/2025;37.80;;;;;
18/09/2025;38.50;;;;;
18/09/2025;38.20;;;;;
18/09/2025;35.00;;;;;
18/09/2025;33.10;;;;;
18/09/2025;31.50;;;;;
19/09/2025;30.80;;;;;
19/09/2025;29.50;;;;;
19/09/2025;;;;;;
19/09/2025;28.20;;;;;
19/09/2025;27.70;;;;;
19/09/2025;25.70;;;;;
19/09/2025;26.30;;;;;
19/09/2025;25.60;;;;;
19/09/2025;25.40;;;;;
19/09/2025;24.60;;;;;
19/09/2025;25.40;;;;;
19/09/2025;26.90;;;;;
19/09/2025;27.80;;;;;
19/09/2025;29.20;;;;;
19/09/2025;31.20;;;;;
19/09/2025;31.30;;;;;
19/09/2025;30.70;;;;;
19/09/2025;32.20;;;;;
19/09/2025;30.90;;;;;
19/09/2025;29.70;;;;;
19/09/2025;30.50;;;;;
19/09/2025;29.90;;;;;
19/09/2025;27.80;;;;;
19/09/2025;27.00;;;;;
20/09/2025;26.50;;;;;
20/09/2025;26.20;;;;;
20/09/2025;;;;;;
20/09/2025;24.80;;;;;
20/09/2025;25.60;;;;;
20/09/2025;24.50;;;;;
20/09/2025;25.50;;;;;
20/09/2025;25.40;;;;;
20/09/2025;25.30;;;;;
20/09/2025;24.90;;;;;
20/09/2025;25.30;;;;;
20/09/2025;27.20;;;;;
20/09/2025;30.90;;;;;
20/09/2025;30.60;;;;;
20/09/2025;30.10;;;;;
20/09/2025;31.90;;;;;
20/09/2025;33.40;;;;;
20/09/2025;35.60;;;;;
20/09/2025;36.20;;;;;
20/09/2025;35.60;;;;;
20/09/2025;34.60;;;;;
20/09/2025;33.00;;;;;
20/09/2025;29.80;;;;;
20/09/2025;27.60;;;;;
21/09/2025;26.50;;;;;
21/09/2025;25.60;;;;;
21/09/2025;26.80;;;;;
21/09/2025;24.10;;;;;
21/09/2025;24.50;;;;;
21/09/2025;25.10;;;;;
21/09/2025;24.40;;;;;
21/09/2025;24.00;;;;;
21/09/2025;24.40;;;;;
21/09/2025;23.10;;;;;
21/09/2025;24.50;;;;;
21/09/2025;26.50;;;;;
21/09/2025;28.90;;;;;
21/09/2025;31.20;;;;;
21/09/2025;33.90;;;;;
21/09/2025;36.20;;;;;
21/09/2025;36.10;;;;;
21/09/2025;37.50;;;;;
21/09/2025;37.50;;;;;
21/09/2025;37.30;;;;;
21/09/2025;35.20;;;;;
21/09/2025;34.50;;;;;
21/09/2025;32.40;;;;;
21/09/2025;30.40;;;;;
22/09/2025;29.70;;;;;
22/09/2025;27.90;;;;;
22/09/2025;26.50;;;;;
22/09/2025;25.70;;;;;
22/09/2025;25.90;;;;;
22/09/2025;25.70;;;;;
22/09/2025;25.00;;;;;
22/09/2025;24.70;;;;;
22/09/2025;24.40;;;;;
22/09/2025;25.10;;;;;
22/09/2025;24.50;;;;;
22/09/2025;25.20;;;;;
22/09/2025;27.70;;;;;
22/09/2025;29.20;;;;;
22/09/2025;29.40;;;;;
22/09/2025;30.50;;;;;
22/09/2025;31.50;;;;;
22/09/2025;34.50;;;;;
22/09/2025;35.60;;;;;
22/09/2025;34.10;;;;;
22/09/2025;25.10;;;;;
22/09/2025;24.40;;;;;
22/09/2025;25.20;;;;;
22/09/2025;25.70;;;;;
23/09/2025;;;;;;
23/09/2025;25.10;;;;;
23/09/2025;25.30;;;;;
23/09/2025;26.00;;;;;
23/09/2025;25.30;;;;;
23/09/2025;24.90;;;;;
23/09/2025;24.30;;;;;
23/09/2025;24.50;;;;;
23/09/2025;23.90;;;;;
23/09/2025;23.50;;;;;
23/09/2025;23.70;;;;;
23/09/2025;24.00;;;;;
23/09/2025;24.20;;;;;
23/09/2025;25.00;;;;;
23/09/2025;23.90;;;;;
23/09/2025;24.20;;;;;
23/09/2025;24.70;;;;;
23/09/2025;25.00;;;;;
23/09/2025;26.80;;;;;
23/09/2025;27.10;;;;;
23/09/2025;28.40;;;;;
23/09/2025;27.90;;;;;
23/09/2025;26.90;;;;;
23/09/2025;25.70;;;;;
24/09/2025;;;;;;
24/09/2025;25.40;;;;;
24/09/2025;24.90;;;;;
24/09/2025;24.80;;;;;
24/09/2025;25.10;;;;;
24/09/2025;25.10;;;;;
24/09/2025;24.70;;;;;
24/09/2025;24.60;;;;;
24/09/2025;24.40;;;;;
24/09/2025;24.50;;;;;
24/09/2025;25.00;;;;;
24/09/2025;26.60;;;;;
24/09/2025;29.00;;;;;
24/09/2025;32.00;;;;;
24/09/2025;29.50;;;;;
24/09/2025;33.80;;;;;
24/09/2025;33.80;;;;;
24/09/2025;31.20;;;;;
24/09/2025;34.60;;;;;
24/09/2025;34.90;;;;;
24/09/2025;31.60;;;;;
24/09/2025;27.20;;;;;
24/09/2025;25.90;;;;;
24/09/2025;25.70;;;;;
25/09/2025;25.80;;;;;
25/09/2025;26.20;;;;;
25/09/2025;26.20;;;;;
25/09/2025;25.50;;;;;
25/09/2025;25.20;;;;;
25/09/2025;25.00;;;;;
25/09/2025;24.60;;;;;
25/09/2025;24.30;;;;;
25/09/2025;24.30;;;;;
25/09/2025;24.00;;;;;
25/09/2025;24.10;;;;;
25/09/2025;25.60;;;;;
25/09/2025;27.70;;;;;
25/09/2025;30.40;;;;;
25/09/2025;33.50;;;;;
25/09/2025;34.70;;;;;
25/09/2025;36.20;;;;;
25/09/2025;36.30;;;;;
25/09/2025;37.20;;;;;
25/09/2025;36.00;;;;;
25/09/2025;35.10;;;;;
25/09/2025;33.80;;;;;
25/09/2025;31.50;;;;;
25/09/2025;29.60;;;;;
26/09/2025;29.90;;;;;
26/09/2025;28.30;;;;;
26/09/2025;25.20;;;;;
26/09/2025;26.30;;;;;
26/09/2025;26.60;;;;;
26/09/2025;26.80;;;;;
26/09/2025;26.10;;;;;
26/09/2025;25.80;;;;;
26/09/2025;24.80;;;;;
26/09/2025;24.40;;;;;
26/09/2025;25.00;;;;;
26/09/2025;29.20;;;;;
26/09/2025;33.20;;;;;
26/09/2025;35.30;;;;;
26/09/2025;35.70;;;;;
26/09/2025;36.90;;;;;
26/09/2025;37.70;;;;;
26/09/2025;37.30;;;;;
26/09/2025;36.40;;;;;
26/09/2025;37.40;;;;;
26/09/2025;36.40;;;;;
26/09/2025;34.20;;;;;
26/09/2025;29.90;;;;;
26/09/2025;28.00;;;;;
27/09/2025;27.10;;;;;
27/09/2025;26.30;;;;;
27/09/2025;;;;;;
27/09/2025;24.90;;;;;
27/09/2025;24.50;;;;;
27/09/2025;24.50;;;;;
27/09/2025;24.80;;;;;
27/09/2025;26.00;;;;;
27/09/2025;26.20;;;;;
27/09/2025;25.40;;;;;
27/09/2025;24.20;;;;;
27/09/2025;28.30;;;;;
27/09/2025;31.80;;;;;
27/09/2025;33.90;;;;;
27/09/2025;35.70;;;;;
27/09/2025;35.90;;;;;
27/09/2025;36.70;;;;;
27/09/2025;36.70;;;;;
27/09/2025;37.00;;;;;
27/09/2025;36.70;;;;;
27/09/2025;36.10;;;;;
27/09/2025;34.00;;;;;
27/09/2025;31.90;;;;;
27/09/2025;30.60;;;;;
28/09/2025;;;;;;
28/09/2025;28.40;;;;;
28/09/2025;25.10;;;;;
28/09/2025;24.90;;;;;
28/09/2025;24.10;;;;;
28/09/2025;24.30;;;;;
28/09/2025;23.50;;;;;
28/09/2025;24.70;;;;;
28/09/2025;21.20;;;;;
28/09/2025;21.30;;;;;
28/09/2025;23.70;;;;;
28/09/2025;28.70;;;;;
28/09/2025;33.10;;;;;
28/09/2025;35.20;;;;;
28/09/2025;36.50;;;;;
28/09/2025;37.40;;;;;
28/09/2025;38.30;;;;;
28/09/2025;38.30;;;;;
28/09/2025;38.40;;;;;
28/09/2025;37.90;;;;;
28/09/2025;36.80;;;;;
28/09/2025;36.10;;;;;
28/09/2025;31.60;;;;;
28/09/2025;29.60;;;;;
29/09/2025;;;;;;
29/09/2025;;;;;;
29/09/2025;27.70;;;;;
29/09/2025;24.20;;;;;
29/09/2025;23.60;;;;;
29/09/2025;24.80;;;;;
29/09/2025;22.20;;;;;
29/09/2025;22.20;;;;;
29/09/2025;21.40;;;;;
29/09/2025;22.80;;;;;
29/09/2025;22.20;;;;;
29/09/2025;28.60;;;;;
29/09/2025;33.90;;;;;
29/09/2025;35.10;;;;;
29/09/2025;36.60;;;;;
29/09/2025;37.50;;;;;
29/09/2025;38.00;;;;;
29/09/2025;39.00;;;;;
29/09/2025;39.50;;;;;
29/09/2025;38.70;;;;;
29/09/2025;38.50;;;;;
29/09/2025;34.60;;;;;
29/09/2025;31.00;;;;;
29/09/2025;28.50;;;;;
30/09/2025;29.80;;;;;
30/09/2025;29.50;;;;;
30/09/2025;29.30;;;;;
30/09/2025;23.50;;;;;
30/09/2025;26.10;;;;;
30/09/2025;22.20;;;;;
30/09/2025;21.30;;;;;
30/09/2025;21.80;;;;;
30/09/2025;21.50;;;;;
30/09/2025;20.80;;;;;
30/09/2025;22.70;;;;;
30/09/2025;28.20;;;;;
30/09/2025;33.80;;;;;
30/09/2025;36.70;;;;;
30/09/2025;37.50;;;;;
30/09/2025;39.30;;;;;
30/09/2025;39.30;;;;;
30/09/2025;39.70;;;;;
30/09/2025;40.20;;;;;
30/09/2025;39.80;;;;;
30/09/2025;38.60;;;;;
30/09/2025;35.80;;;;;
30/09/2025;33.50;;;;;
30/09/2025;31.10;;;;;
01/10/2025;27.50;;;;;
01/10/2025;26.40;;;;;
01/10/2025;24.40;;;;;
01/10/2025;22.90;;;;;
01/10/2025;21.60;;;;;
01/10/2025;20.60;;;;;
01/10/2025;20.60;;;;;
01/10/2025;20.70;;;;;
01/10/2025;19.10;;;;;
01/10/2025;19.50;;;;;
01/10/2025;21.50;;;;;
01/10/2025;26.70;;;;;
01/10/2025;35.30;;;;;
01/10/2025;36.50;;;;;
01/10/2025;36.90;;;;;
01/10/2025;37.30;;;;;
01/10/2025;38.20;;;;;
01/10/2025;39.40;;;;;
01/10/2025;39.40;;;;;
01/10/2025;39.00;;;;;
01/10/2025;38.20;;;;;
01/10/2025;34.80;;;;;
01/10/2025;33.70;;;;;
01/10/2025;31.00;;;;;
02/10/2025;28.10;;;;;
02/10/2025;25.10;;;;;
02/10/2025;23.90;;;;;
02/10/2025;25.60;;;;;
02/10/2025;23.30;;;;;
02/10/2025;22.50;;;;;
02/10/2025;22.90;;;;;
02/10/2025;23.20;;;;;
02/10/2025;22.30;;;;;
02/10/2025;21.40;;;;;
02/10/2025;24.80;;;;;
02/10/2025;28.40;;;;;
02/10/2025;33.00;;;;;
02/10/2025;34.90;;;;;
02/10/2025;36.20;;;;;
02/10/2025;37.40;;;;;
02/10/2025;38.10;;;;;
02/10/2025;38.70;;;;;
02/10/2025;39.10;;;;;
02/10/2025;38.50;;;;;
02/10/2025;37.80;;;;;
02/10/2025;34.90;;;;;
02/10/2025;30.90;;;;;
02/10/2025;28.10;;;;;
03/10/2025;26.60;;;;;
03/10/2025;25.70;;;;;
03/10/2025;24.50;;;;;
03/10/2025;22.80;;;;;
03/10/2025;23.10;;;;;
03/10/2025;22.50;;;;;
03/10/2025;21.10;;;;;
03/10/2025;21.30;;;;;
03/10/2025;22.00;;;;;
03/10/2025;22.50;;;;;
03/10/2025;23.20;;;;;
03/10/2025;28.90;;;;;
03/10/2025;34.10;;;;;
03/10/2025;34.70;;;;;
03/10/2025;37.00;;;;;
03/10/2025;37.00;;;;;
03/10/2025;37.10;;;;;
03/10/2025;38.00;;;;;
03/10/2025;38.40;;;;;
03/10/2025;38.60;;;;;
03/10/2025;37.50;;;;;
03/10/2025;34.80;;;;;
03/10/2025;33.20;;;;;
03/10/2025;30.60;;;;;
04/10/2025;30.10;;;;;
04/10/2025;26.80;;;;;
04/10/2025;26.60;;;;;
04/10/2025;24.70;;;;;
04/10/2025;22.90;;;;;
04/10/2025;22.80;;;;;
04/10/2025;22.90;;;;;
04/10/2025;21.20;;;;;
04/10/2025;20.90;;;;;
04/10/2025;21.30;;;;;
04/10/2025;27.70;;;;;
04/10/2025;30.80;;;;;
04/10/2025;33.10;;;;;
04/10/2025;33.50;;;;;
04/10/2025;34.70;;;;;
04/10/2025;37.20;;;;;
04/10/2025;38.00;;;;;
04/10/2025;38.40;;;;;
04/10/2025;38.80;;;;;
04/10/2025;38.50;;;;;
04/10/2025;37.60;;;;;
04/10/2025;34.40;;;;;
04/10/2025;30.60;;;;;
04/10/2025;29.10;;;;;
05/10/2025;27.70;;;;;
05/10/2025;27.60;;;;;
05/10/2025;23.80;;;;;
05/10/2025;24.00;;;;;
05/10/2025;24.30;;;;;
05/10/2025;22.60;;;;;
05/10/2025;22.50;;;;;
05/10/2025;21.50;;;;;
05/10/2025;21.00;;;;;
05/10/2025;20.50;;;;;
05/10/2025;24.30;;;;;
05/10/2025;29.90;;;;;
05/10/2025;32.00;;;;;
05/10/2025;33.70;;;;;
05/10/2025;36.50;;;;;
05/10/2025;37.50;;;;;
05/10/2025;37.00;;;;;
05/10/2025;38.40;;;;;
05/10/2025;38.40;;;;;
05/10/2025;37.40;;;;;
05/10/2025;35.70;;;;;
05/10/2025;34.10;;;;;
05/10/2025;31.20;;;;;
05/10/2025;31.30;;;;;
06/10/2025;27.20;;;;;
06/10/2025;24.50;;;;;
06/10/2025;;;;;;
06/10/2025;22.50;;;;;
06/10/2025;23.20;;;;;
06/10/2025;22.00;;;;;
06/10/2025;22.70;;;;;
06/10/2025;22.00;;;;;
06/10/2025;20.90;;;;;
06/10/2025;20.40;;;;;
06/10/2025;23.80;;;;;
06/10/2025;29.80;;;;;
06/10/2025;34.30;;;;;
06/10/2025;37.80;;;;;
06/10/2025;38.10;;;;;
06/10/2025;39.20;;;;;
06/10/2025;39.10;;;;;
06/10/2025;39.50;;;;;
06/10/2025;39.40;;;;;
06/10/2025;39.40;;;;;
06/10/2025;38.70;;;;;
06/10/2025;35.80;;;;;
06/10/2025;33.50;;;;;
06/10/2025;;;;;;
07/10/2025;30.30;;;;;
07/10/2025;26.60;;;;;
07/10/2025;;;;;;
07/10/2025;25.40;;;;;
07/10/2025;24.80;;;;;
07/10/2025;22.70;;;;;
07/10/2025;21.10;;;;;
07/10/2025;20.60;;;;;
07/10/2025;20.00;;;;;
07/10/2025;21.10;;;;;
07/10/2025;23.60;;;;;
07/10/2025;29.20;;;;;
07/10/2025;32.70;;;;;
07/10/2025;35.20;;;;;
07/10/2025;38.20;;;;;
07/10/2025;38.30;;;;;
07/10/2025;38.90;;;;;
07/10/2025;39.60;;;;;
07/10/2025;40.20;;;;;
07/10/2025;39.90;;;;;
07/10/2025;39.40;;;;;
07/10/2025;37.00;;;;;
07/10/2025;31.60;;;;;
07/10/2025;30.50;;;;;
08/10/2025;27.70;;;;;
08/10/2025;26.50;;;;;
08/10/2025;26.50;;;;;
08/10/2025;26.10;;;;;
08/10/2025;24.80;;;;;
08/10/2025;25.30;;;;;
08/10/2025;25.70;;;;;
08/10/2025;26.20;;;;;
08/10/2025;27.20;;;;;
08/10/2025;26.40;;;;;
08/10/2025;26.30;;;;;
08/10/2025;29.70;;;;;
08/10/2025;33.20;;;;;
08/10/2025;35.20;;;;;
08/10/2025;36.20;;;;;
08/10/2025;37.30;;;;;
08/10/2025;37.70;;;;;
08/10/2025;39.10;;;;;
08/10/2025;37.80;;;;;
08/10/2025;38.00;;;;;
08/10/2025;37.50;;;;;
08/10/2025;35.40;;;;;
08/10/2025;25.30;;;;;
08/10/2025;25.10;;;;;
09/10/2025;24.50;;;;;
09/10/2025;24.20;;;;;
09/10/2025;24.10;;;;;
09/10/2025;23.60;;;;;
09/10/2025;24.40;;;;;
09/10/2025;24.70;;;;;
09/10/2025;23.90;;;;;
09/10/2025;23.10;;;;;
09/10/2025;23.00;;;;;
09/10/2025;24.00;;;;;
09/10/2025;23.70;;;;;
09/10/2025;24.70;;;;;
09/10/2025;27.10;;;;;
09/10/2025;29.20;;;;;
09/10/2025;30.90;;;;;
09/10/2025;32.30;;;;;
09/10/2025;33.60;;;;;
09/10/2025;32.70;;;;;
09/10/2025;32.60;;;;;
09/10/2025;32.70;;;;;
09/10/2025;32.00;;;;;
09/10/2025;29.40;;;;;
09/10/2025;27.60;;;;;
09/10/2025;26.40;;;;;
10/10/2025;25.40;;;;;
10/10/2025;24.50;;;;;
10/10/2025;24.00;;;;;
10/10/2025;23.30;;;;;
10/10/2025;23.00;;;;;
10/10/2025;23.00;;;;;
10/10/2025;22.00;;;;;
10/10/2025;22.40;;;;;
10/10/2025;22.60;;;;;
10/10/2025;22.70;;;;;
10/10/2025;23.50;;;;;
10/10/2025;25.50;;;;;
10/10/2025;28.10;;;;;
10/10/2025;30.20;;;;;
10/10/2025;32.80;;;;;
10/10/2025;33.60;;;;;
10/10/2025;34.20;;;;;
10/10/2025;35.40;;;;;
10/10/2025;36.80;;;;;
10/10/2025;36.30;;;;;
10/10/2025;35.50;;;;;
10/10/2025;31.40;;;;;
10/10/2025;30.60;;;;;
10/10/2025;29.00;;;;;
11/10/2025;;;;;;
11/10/2025;28.50;;;;;
11/10/2025;26.00;;;;;
11/10/2025;24.60;;;;;
11/10/2025;25.30;;;;;
11/10/2025;25.10;;;;;
11/10/2025;25.20;;;;;
11/10/2025;24.80;;;;;
11/10/2025;24.40;;;;;
11/10/2025;23.90;;;;;
11/10/2025;25.40;;;;;
11/10/2025;28.50;;;;;
11/10/2025;30.90;;;;;
11/10/2025;32.50;;;;;
11/10/2025;33.90;;;;;
11/10/2025;34.20;;;;;
11/10/2025;36.30;;;;;
11/10/2025;29.70;;;;;
11/10/2025;30.30;;;;;
11/10/2025;28.20;;;;;
11/10/2025;26.80;;;;;
11/10/2025;25.70;;;;;
11/10/2025;25.30;;;;;
11/10/2025;25.70;;;;;
12/10/2025;26.00;;;;;
12/10/2025;;;;;;
12/10/2025;25.20;;;;;
12/10/2025;24.20;;;;;
12/10/2025;23.80;;;;;
12/10/2025;23.50;;;;;
12/10/2025;23.40;;;;;
12/10/2025;23.50;;;;;
12/10/2025;23.40;;;;;
12/10/2025;23.40;;;;;
12/10/2025;23.70;;;;;
12/10/2025;24.10;;;;;
12/10/2025;24.80;;;;;
12/10/2025;25.70;;;;;
12/10/2025;26.00;;;;;
12/10/2025;27.10;;;;;
12/10/2025;26.30;;;;;
12/10/2025;25.90;;;;;
12/10/2025;28.40;;;;;
12/10/2025;27.60;;;;;
12/10/2025;26.30;;;;;
12/10/2025;25.60;;;;;
12/10/2025;25.10;;;;;
12/10/2025;24.70;;;;;
13/10/2025;;;;;;
13/10/2025;24.40;;;;;
13/10/2025;24.40;;;;;
13/10/2025;24.50;;;;;
13/10/2025;23.90;;;;;
13/10/2025;23.50;;;;;
13/10/2025;23.10;;;;;
13/10/2025;22.70;;;;;
13/10/2025;22.70;;;;;
13/10/2025;22.70;;;;;
13/10/2025;23.10;;;;;
13/10/2025;25.40;;;;;
13/10/2025;26.90;;;;;
13/10/2025;31.00;;;;;
13/10/2025;32.60;;;;;
13/10/2025;34.20;;;;;
13/10/2025;35.00;;;;;
13/10/2025;36.00;;;;;
13/10/2025;36.30;;;;;
13/10/2025;35.70;;;;;
13/10/2025;34.40;;;;;
13/10/2025;32.80;;;;;
13/10/2025;30.70;;;;;
13/10/2025;29.70;;;;;
14/10/2025;29.20;;;;;
14/10/2025;27.90;;;;;
14/10/2025;27.60;;;;;
14/10/2025;27.00;;;;;
14/10/2025;26.50;;;;;
14/10/2025;23.40;;;;;
14/10/2025;23.30;;;;;
14/10/2025;23.10;;;;;
14/10/2025;23.80;;;;;
14/10/2025;24.30;;;;;
14/10/2025;24.40;;;;;
14/10/2025;24.80;;;;;
14/10/2025;27.50;;;;;
14/10/2025;30.60;;;;;
14/10/2025;33.00;;;;;
14/10/2025;32.80;;;;;
14/10/2025;34.50;;;;;
14/10/2025;35.70;;;;;
14/10/2025;34.30;;;;;
14/10/2025;31.90;;;;;
14/10/2025;32.20;;;;;
14/10/2025;31.20;;;;;
14/10/2025;29.60;;;;;
14/10/2025;28.60;;;;;
15/10/2025;28.20;;;;;
15/10/2025;27.60;;;;;
15/10/2025;26.90;;;;;
15/10/2025;26.40;;;;;
15/10/2025;26.30;;;;;
15/10/2025;26.00;;;;;
15/10/2025;25.60;;;;;
15/10/2025;24.00;;;;;
15/10/2025;24.00;;;;;
15/10/2025;23.30;;;;;
15/10/2025;23.50;;;;;
15/10/2025;24.50;;;;;
15/10/2025;25.60;;;;;
15/10/2025;26.60;;;;;
15/10/2025;29.20;;;;;
15/10/2025;30.30;;;;;
15/10/2025;31.20;;;;;
15/10/2025;32.90;;;;;
15/10/2025;34.50;;;;;
15/10/2025;34.70;;;;;
15/10/2025;33.50;;;;;
15/10/2025;32.50;;;;;
15/10/2025;30.60;;;;;
15/10/2025;;;;;;
16/10/2025;26.00;;;;;
16/10/2025;27.30;;;;;
16/10/2025;26.00;;;;;
16/10/2025;25.80;;;;;
16/10/2025;25.20;;;;;
16/10/2025;25.00;;;;;
16/10/2025;24.80;;;;;
16/10/2025;24.50;;;;;
16/10/2025;23.80;;;;;
16/10/2025;23.80;;;;;
16/10/2025;25.00;;;;;
16/10/2025;26.60;;;;;
16/10/2025;29.60;;;;;
16/10/2025;32.00;;;;;
16/10/2025;33.90;;;;;
16/10/2025;35.10;;;;;
16/10/2025;36.20;;;;;
16/10/2025;35.40;;;;;
16/10/2025;36.20;;;;;
16/10/2025;36.50;;;;;
16/10/2025;36.00;;;;;
16/10/2025;33.80;;;;;
16/10/2025;31.60;;;;;
16/10/2025;30.60;;;;;
17/10/2025;30.50;;;;;
17/10/2025;29.70;;;;;
17/10/2025;28.50;;;;;
17/10/2025;27.30;;;;;
17/10/2025;27.10;;;;;
17/10/2025;26.20;;;;;
17/10/2025;25.20;;;;;
17/10/2025;24.70;;;;;
17/10/2025;24.40;;;;;
17/10/2025;23.70;;;;;
17/10/2025;25.20;;;;;
17/10/2025;28.90;;;;;
17/10/2025;32.40;;;;;
17/10/2025;35.10;;;;;
17/10/2025;36.30;;;;;
17/10/2025;36.00;;;;;
17/10/2025;37.50;;;;;
17/10/2025;36.10;;;;;
17/10/2025;35.40;;;;;
17/10/2025;34.60;;;;;
17/10/2025;29.60;;;;;
17/10/2025;28.10;;;;;
17/10/2025;27.00;;;;;
17/10/2025;;;;;;
18/10/2025;;;;;;
18/10/2025;27.20;;;;;
18/10/2025;26.10;;;;;
18/10/2025;26.80;;;;;
18/10/2025;24.70;;;;;
18/10/2025;24.50;;;;;
18/10/2025;25.40;;;;;
18/10/2025;23.10;;;;;
18/10/2025;23.00;;;;;
18/10/2025;22.80;;;;;
18/10/2025;23.60;;;;;
18/10/2025;28.10;;;;;
18/10/2025;31.00;;;;;
18/10/2025;33.30;;;;;
18/10/2025;34.60;;;;;
18/10/2025;37.10;;;;;
18/10/2025;35.80;;;;;
18/10/2025;37.60;;;;;
18/10/2025;37.70;;;;;
18/10/2025;36.40;;;;;
18/10/2025;31.30;;;;;
18/10/2025;28.80;;;;;
18/10/2025;29.50;;;;;
18/10/2025;28.80;;;;;
19/10/2025;29.30;;;;;
19/10/2025;29.00;;;;;
19/10/2025;27.70;;;;;
19/10/2025;26.90;;;;;
19/10/2025;25.50;;;;;
19/10/2025;24.10;;;;;
19/10/2025;24.00;;;;;
19/10/2025;23.80;;;;;
19/10/2025;23.50;;;;;
19/10/2025;23.30;;;;;
19/10/2025;23.40;;;;;
19/10/2025;23.90;;;;;
19/10/2025;24.20;;;;;
19/10/2025;25.40;;;;;
19/10/2025;26.90;;;;;
19/10/2025;27.30;;;;;
19/10/2025;27.40;;;;;
19/10/2025;28.40;;;;;
19/10/2025;30.80;;;;;
19/10/2025;30.70;;;;;
19/10/2025;30.00;;;;;
19/10/2025;28.80;;;;;
19/10/2025;27.80;;;;;
19/10/2025;26.00;;;;;
20/10/2025;26.30;;;;;
20/10/2025;24.10;;;;;
20/10/2025;;;;;;
20/10/2025;23.80;;;;;
20/10/2025;23.60;;;;;
20/10/2025;23.40;;;;;
20/10/2025;23.40;;;;;
20/10/2025;23.30;;;;;
20/10/2025;23.30;;;;;
20/10/2025;23.40;;;;;
20/10/2025;22.60;;;;;
20/10/2025;22.80;;;;;
20/10/2025;24.10;;;;;
20/10/2025;25.00;;;;;
20/10/2025;26.50;;;;;
20/10/2025;26.90;;;;;
20/10/2025;27.40;;;;;
20/10/2025;27.90;;;;;
20/10/2025;27.60;;;;;
20/10/2025;27.70;;;;;
20/10/2025;27.60;;;;;
20/10/2025;26.80;;;;;
20/10/2025;26.10;;;;;
20/10/2025;25.50;;;;;
21/10/2025;25.00;;;;;
21/10/2025;;;;;;
21/10/2025;24.70;;;;;
21/10/2025;24.50;;;;;
21/10/2025;24.10;;;;;
21/10/2025;24.50;;;;;
21/10/2025;24.40;;;;;
21/10/2025;24.40;;;;;
21/10/2025;24.20;;;;;
21/10/2025;23.70;;;;;
21/10/2025;23.90;;;;;
21/10/2025;25.40;;;;;
21/10/2025;26.50;;;;;
21/10/2025;28.30;;;;;
21/10/2025;30.60;;;;;
21/10/2025;31.80;;;;;
21/10/2025;33.00;;;;;
21/10/2025;32.30;;;;;
21/10/2025;33.40;;;;;
21/10/2025;33.20;;;;;
21/10/2025;26.50;;;;;
21/10/2025;27.00;;;;;
21/10/2025;25.80;;;;;
21/10/2025;24.80;;;;;
22/10/2025;23.00;;;;;
22/10/2025;23.00;;;;;
22/10/2025;22.80;;;;;
22/10/2025;23.10;;;;;
22/10/2025;;;;;;
22/10/2025;23.00;;;;;
22/10/2025;22.70;;;;;
22/10/2025;22.40;;;;;
22/10/2025;22.00;;;;;
22/10/2025;21.70;;;;;
22/10/2025;22.20;;;;;
22/10/2025;23.50;;;;;
22/10/2025;25.10;;;;;
22/10/2025;27.00;;;;;
22/10/2025;29.90;;;;;
22/10/2025;31.20;;;;;
22/10/2025;32.20;;;;;
22/10/2025;32.90;;;;;
22/10/2025;33.00;;;;;
22/10/2025;32.10;;;;;
22/10/2025;31.40;;;;;
22/10/2025;30.30;;;;;
22/10/2025;28.40;;;;;
22/10/2025;26.70;;;;;
23/10/2025;26.00;;;;;
23/10/2025;;;;;;
23/10/2025;23.80;;;;;
23/10/2025;23.30;;;;;
23/10/2025;22.60;;;;;
23/10/2025;21.90;;;;;
23/10/2025;21.70;;;;;
23/10/2025;21.20;;;;;
23/10/2025;20.60;;;;;
23/10/2025;20.50;;;;;
23/10/2025;23.40;;;;;
23/10/2025;27.50;;;;;
23/10/2025;30.10;;;;;
23/10/2025;32.20;;;;;
23/10/2025;32.90;;;;;
23/10/2025;34.10;;;;;
23/10/2025;35.80;;;;;
23/10/2025;35.30;;;;;
23/10/2025;35.00;;;;;
23/10/2025;35.70;;;;;
23/10/2025;34.10;;;;;
23/10/2025;32.90;;;;;
23/10/2025;31.10;;;;;
23/10/2025;28.30;;;;;
24/10/2025;26.40;;;;;
24/10/2025;;;;;;
24/10/2025;26.50;;;;;
24/10/2025;24.80;;;;;
24/10/2025;24.10;;;;;
24/10/2025;23.10;;;;;
24/10/2025;22.40;;;;;
24/10/2025;22.50;;;;;
24/10/2025;21.80;;;;;
24/10/2025;21.10;;;;;
24/10/2025;23.90;;;;;
24/10/2025;29.80;;;;;
24/10/2025;31.90;;;;;
24/10/2025;32.70;;;;;
24/10/2025;33.90;;;;;
24/10/2025;35.50;;;;;
24/10/2025;36.10;;;;;
24/10/2025;35.90;;;;;
24/10/2025;37.20;;;;;
24/10/2025;37.00;;;;;
24/10/2025;35.10;;;;;
24/10/2025;33.70;;;;;
24/10/2025;31.30;;;;;
24/10/2025;29.20;;;;;
25/10/2025;;;;;;
25/10/2025;;;;;;
25/10/2025;24.80;;;;;
25/10/2025;24.70;;;;;
25/10/2025;24.70;;;;;
25/10/2025;23.50;;;;;
25/10/2025;23.60;;;;;
25/10/2025;23.10;;;;;
25/10/2025;22.00;;;;;
25/10/2025;22.50;;;;;
25/10/2025;23.90;;;;;
25/10/2025;28.20;;;;;
25/10/2025;33.00;;;;;
25/10/2025;33.80;;;;;
25/10/2025;35.50;;;;;
25/10/2025;36.10;;;;;
25/10/2025;37.20;;;;;
25/10/2025;38.10;;;;;
25/10/2025;36.50;;;;;
25/10/2025;37.00;;;;;
25/10/2025;36.50;;;;;
25/10/2025;34.10;;;;;
25/10/2025;30.60;;;;;
25/10/2025;30.90;;;;;
26/10/2025;26.50;;;;;
26/10/2025;25.50;;;;;
26/10/2025;24.40;;;;;
26/10/2025;24.50;;;;;
26/10/2025;;;;;;
26/10/2025;23.20;;;;;
26/10/2025;22.70;;;;;
26/10/2025;22.80;;;;;
26/10/2025;22.20;;;;;
26/10/2025;23.00;;;;;
26/10/2025;24.20;;;;;
26/10/2025;26.80;;;;;
26/10/2025;30.90;;;;;
26/10/2025;33.30;;;;;
26/10/2025;37.00;;;;;
26/10/2025;38.00;;;;;
26/10/2025;38.20;;;;;
26/10/2025;38.50;;;;;
26/10/2025;38.30;;;;;
26/10/2025;38.30;;;;;
26/10/2025;37.60;;;;;
26/10/2025;35.10;;;;;
26/10/2025;30.30;;;;;
26/10/2025;30.30;;;;;
27/10/2025;28.50;;;;;
27/10/2025;25.80;;;;;
27/10/2025;25.70;;;;;
27/10/2025;25.80;;;;;
27/10/2025;25.00;;;;;
27/10/2025;25.50;;;;;
27/10/2025;23.00;;;;;
27/10/2025;23.90;;;;;
27/10/2025;22.30;;;;;
27/10/2025;22.90;;;;;
27/10/2025;24.90;;;;;
27/10/2025;28.10;;;;;
27/10/2025;34.00;;;;;
27/10/2025;35.60;;;;;
27/10/2025;35.90;;;;;
27/10/2025;36.80;;;;;
27/10/2025;37.20;;;;;
27/10/2025;37.70;;;;;
27/10/2025;36.50;;;;;
27/10/2025;35.60;;;;;
27/10/2025;34.90;;;;;
27/10/2025;33.50;;;;;
27/10/2025;32.30;;;;;
27/10/2025;;;;;;
28/10/2025;28.40;;;;;
28/10/2025;26.50;;;;;
28/10/2025;26.80;;;;;
28/10/2025;24.00;;;;;
28/10/2025;25.30;;;;;
28/10/2025;25.50;;;;;
28/10/2025;26.30;;;;;
28/10/2025;25.60;;;;;
28/10/2025;25.10;;;;;
28/10/2025;23.50;;;;;
28/10/2025;25.20;;;;;
28/10/2025;28.50;;;;;
28/10/2025;33.20;;;;;
28/10/2025;35.80;;;;;
28/10/2025;36.10;;;;;
28/10/2025;37.50;;;;;
28/10/2025;38.40;;;;;
28/10/2025;38.90;;;;;
28/10/2025;39.00;;;;;
28/10/2025;38.70;;;;;
28/10/2025;38.00;;;;;
28/10/2025;35.50;;;;;
28/10/2025;32.50;;;;;
28/10/2025;30.10;;;;;
29/10/2025;27.30;;;;;
29/10/2025;;;;;;
29/10/2025;26.40;;;;;
29/10/2025;;;;;;
29/10/2025;25.50;;;;;
29/10/2025;25.80;;;;;
29/10/2025;25.40;;;;;
29/10/2025;24.50;;;;;
29/10/2025;23.90;;;;;
29/10/2025;23.30;;;;;
29/10/2025;24.80;;;;;
29/10/2025;27.40;;;;;
29/10/2025;30.80;;;;;
29/10/2025;35.20;;;;;
29/10/2025;37.20;;;;;
29/10/2025;38.00;;;;;
29/10/2025;38.80;;;;;
29/10/2025;38.80;;;;;
29/10/2025;39.30;;;;;
29/10/2025;39.40;;;;;
29/10/2025;39.00;;;;;
29/10/2025;34.70;;;;;
29/10/2025;32.80;;;;;
29/10/2025;31.90;;;;;
30/10/2025;30.00;;;;;
30/10/2025;30.30;;;;;
30/10/2025;29.80;;;;;
30/10/2025;28.70;;;;;
30/10/2025;27.40;;;;;
30/10/2025;26.10;;;;;
30/10/2025;26.30;;;;;
30/10/2025;25.30;;;;;
30/10/2025;25.40;;;;;
30/10/2025;24.90;;;;;
30/10/2025;26.00;;;;;
30/10/2025;27.90;;;;;
30/10/2025;30.10;;;;;
30/10/2025;31.60;;;;;
30/10/2025;33.90;;;;;
30/10/2025;36.60;;;;;
30/10/2025;37.40;;;;;
30/10/2025;37.50;;;;;
30/10/2025;37.50;;;;;
30/10/2025;36.40;;;;;
30/10/2025;36.70;;;;;
30/10/2025;34.40;;;;;
30/10/2025;31.70;;;;;
30/10/2025;28.40;;;;;
31/10/2025;29.00;;;;;
31/10/2025;28.40;;;;;
31/10/2025;26.90;;;;;
31/10/2025;27.10;;;;;
31/10/2025;26.20;;;;;
31/10/2025;25.20;;;;;
31/10/2025;25.70;;;;;
31/10/2025;25.30;;;;;
31/10/2025;25.20;;;;;
31/10/2025;24.90;;;;;
31/10/2025;25.50;;;;;
31/10/2025;26.90;;;;;
31/10/2025;28.30;;;;;
31/10/2025;31.10;;;;;
31/10/2025;32.80;;;;;
31/10/2025;34.80;;;;;
31/10/2025;35.80;;;;;
31/10/2025;34.20;;;;;
31/10/2025;34.50;;;;;
31/10/2025;34.10;;;;;
31/10/2025;34.10;;;;;
31/10/2025;32.60;;;;;
31/10/2025;30.80;;;;;
31/10/2025;;;;;;
01/11/2025;;;;;;
01/11/2025;28.80;;;;;
01/11/2025;27.60;;;;;
01/11/2025;26.30;;;;;
01/11/2025;26.70;;;;;
01/11/2025;26.20;;;;;
01/11/2025;26.10;;;;;
01/11/2025;25.50;;;;;
01/11/2025;25.70;;;;;
01/11/2025;24.10;;;;;
01/11/2025;26.00;;;;;
01/11/2025;27.90;;;;;
01/11/2025;30.30;;;;;
01/11/2025;32.50;;;;;
01/11/2025;34.00;;;;;
01/11/2025;34.90;;;;;
01/11/2025;33.70;;;;;
01/11/2025;34.90;;;;;
01/11/2025;34.80;;;;;
01/11/2025;35.00;;;;;
01/11/2025;29.10;;;;;
01/11/2025;24.70;;;;;
01/11/2025;22.70;;;;;
01/11/2025;24.30;;;;;
02/11/2025;25.00;;;;;
02/11/2025;24.80;;;;;
02/11/2025;;;;;;
02/11/2025;24.10;;;;;
02/11/2025;23.80;;;;;
02/11/2025;24.50;;;;;
02/11/2025;24.20;;;;;
02/11/2025;23.00;;;;;
02/11/2025;23.00;;;;;
02/11/2025;23.70;;;;;
02/11/2025;25.00;;;;;
02/11/2025;25.70;;;;;
02/11/2025;26.60;;;;;
02/11/2025;27.10;;;;;
02/11/2025;29.10;;;;;
02/11/2025;31.50;;;;;
02/11/2025;32.50;;;;;
02/11/2025;34.60;;;;;
02/11/2025;35.00;;;;;
02/11/2025;34.70;;;;;
02/11/2025;34.70;;;;;
02/11/2025;31.00;;;;;
02/11/2025;29.80;;;;;
02/11/2025;28.70;;;;;
03/11/2025;;;;;;
03/11/2025;26.20;;;;;
03/11/2025;25.60;;;;;
03/11/2025;25.90;;;;;
03/11/2025;25.70;;;;;
03/11/2025;25.40;;;;;
03/11/2025;25.20;;;;;
03/11/2025;24.70;;;;;
03/11/2025;24.90;;;;;
03/11/2025;24.90;;;;;
03/11/2025;26.00;;;;;
03/11/2025;27.40;;;;;
03/11/2025;26.40;;;;;
03/11/2025;27.20;;;;;
03/11/2025;28.60;;;;;
03/11/2025;30.20;;;;;
03/11/2025;31.70;;;;;
03/11/2025;31.50;;;;;
03/11/2025;30.20;;;;;
03/11/2025;28.80;;;;;
03/11/2025;27.40;;;;;
03/11/2025;26.90;;;;;
03/11/2025;26.70;;;;;
03/11/2025;26.90;;;;;
04/11/2025;26.50;;;;;
04/11/2025;26.10;;;;;
04/11/2025;24.90;;;;;
04/11/2025;22.60;;;;;
04/11/2025;22.80;;;;;
04/11/2025;22.80;;;;;
04/11/2025;22.70;;;;;
04/11/2025;22.80;;;;;
04/11/2025;22.80;;;;;
04/11/2025;22.80;;;;;
04/11/2025;23.40;;;;;
04/11/2025;23.90;;;;;
04/11/2025;24.40;;;;;
04/11/2025;24.90;;;;;
04/11/2025;26.60;;;;;
04/11/2025;28.60;;;;;
04/11/2025;29.70;;;;;
04/11/2025;30.80;;;;;
04/11/2025;31.60;;;;;
04/11/2025;31.80;;;;;
04/11/2025;31.70;;;;;
04/11/2025;;;;;;
04/11/2025;;;;;;
04/11/2025;;;;;;
05/11/2025;;;;;;
05/11/2025;;;;;;
05/11/2025;27.90;;;;;
05/11/2025;26.60;;;;;
05/11/2025;26.10;;;;;
05/11/2025;26.30;;;;;
05/11/2025;26.30;;;;;
05/11/2025;26.00;;;;;
05/11/2025;25.90;;;;;
05/11/2025;26.30;;;;;
05/11/2025;25.90;;;;;
05/11/2025;26.70;;;;;
05/11/2025;31.10;;;;;
05/11/2025;32.00;;;;;
05/11/2025;33.60;;;;;
05/11/2025;34.90;;;;;
05/11/2025;33.10;;;;;
05/11/2025;27.20;;;;;
05/11/2025;29.90;;;;;
05/11/2025;33.60;;;;;
05/11/2025;31.90;;;;;
05/11/2025;30.50;;;;;
05/11/2025;27.50;;;;;
05/11/2025;;;;;;
06/11/2025;27.20;;;;;
06/11/2025;27.10;;;;;
06/11/2025;;;;;;
06/11/2025;;;;;;
06/11/2025;25.00;;;;;
06/11/2025;26.20;;;;;
06/11/2025;25.60;;;;;
06/11/2025;25.40;;;;;
06/11/2025;24.70;;;;;
06/11/2025;24.30;;;;;
06/11/2025;25.30;;;;;
06/11/2025;28.50;;;;;
06/11/2025;30.10;;;;;
06/11/2025;30.80;;;;;
06/11/2025;33.20;;;;;
06/11/2025;34.70;;;;;
06/11/2025;35.80;;;;;
06/11/2025;30.40;;;;;
06/11/2025;29.10;;;;;
06/11/2025;29.50;;;;;
06/11/2025;24.50;;;;;
06/11/2025;24.10;;;;;
06/11/2025;24.20;;;;;
06/11/2025;;;;;;
07/11/2025;;;;;;
07/11/2025;;;;;;
07/11/2025;;;;;;
07/11/2025;23.90;;;;;
07/11/2025;23.70;;;;;
07/11/2025;23.30;;;;;
07/11/2025;23.30;;;;;
07/11/2025;22.80;;;;;
07/11/2025;22.70;;;;;
07/11/2025;22.70;;;;;
07/11/2025;23.30;;;;;
07/11/2025;24.60;;;;;
07/11/2025;25.00;;;;;
07/11/2025;24.90;;;;;
07/11/2025;26.10;;;;;
07/11/2025;28.00;;;;;
07/11/2025;28.10;;;;;
07/11/2025;28.90;;;;;
07/11/2025;30.00;;;;;
07/11/2025;30.40;;;;;
07/11/2025;27.90;;;;;
07/11/2025;26.70;;;;;
07/11/2025;25.00;;;;;
07/11/2025;24.10;;;;;
08/11/2025;23.90;;;;;
08/11/2025;;;;;;
08/11/2025;24.00;;;;;
08/11/2025;24.30;;;;;
08/11/2025;24.20;;;;;
08/11/2025;23.80;;;;;
08/11/2025;23.90;;;;;
08/11/2025;23.50;;;;;
08/11/2025;23.60;;;;;
08/11/2025;23.50;;;;;
08/11/2025;24.10;;;;;
08/11/2025;25.30;;;;;
08/11/2025;28.50;;;;;
08/11/2025;30.50;;;;;
08/11/2025;32.10;;;;;
08/11/2025;33.70;;;;;
08/11/2025;32.10;;;;;
08/11/2025;29.40;;;;;
08/11/2025;25.80;;;;;
08/11/2025;27.40;;;;;
08/11/2025;29.00;;;;;
08/11/2025;28.70;;;;;
08/11/2025;27.50;;;;;
08/11/2025;27.50;;;;;
09/11/2025;27.20;;;;;
09/11/2025;26.60;;;;;
09/11/2025;25.90;;;;;
09/11/2025;26.40;;;;;
09/11/2025;26.10;;;;;
09/11/2025;25.90;;;;;
09/11/2025;25.30;;;;;
09/11/2025;25.00;;;;;
09/11/2025;24.60;;;;;
09/11/2025;24.50;;;;;
09/11/2025;24.90;;;;;
09/11/2025;25.60;;;;;
09/11/2025;27.70;;;;;
09/11/2025;28.80;;;;;
09/11/2025;30.60;;;;;
09/11/2025;32.40;;;;;
09/11/2025;33.90;;;;;
09/11/2025;32.50;;;;;
09/11/2025;33.90;;;;;
09/11/2025;34.00;;;;;
09/11/2025;32.70;;;;;
09/11/2025;30.00;;;;;
09/11/2025;27.80;;;;;
09/11/2025;27.20;;;;;
10/11/2025;27.50;;;;;
10/11/2025;;;;;;
10/11/2025;26.70;;;;;
10/11/2025;;;;;;
10/11/2025;26.10;;;;;
10/11/2025;25.60;;;;;
10/11/2025;25.80;;;;;
10/11/2025;25.70;;;;;
10/11/2025;25.70;;;;;
10/11/2025;25.80;;;;;
10/11/2025;26.60;;;;;
10/11/2025;28.30;;;;;
10/11/2025;31.20;;;;;
10/11/2025;33.50;;;;;
10/11/2025;35.30;;;;;
10/11/2025;35.80;;;;;
10/11/2025;37.00;;;;;
10/11/2025;37.20;;;;;
10/11/2025;37.20;;;;;
10/11/2025;31.70;;;;;
10/11/2025;24.40;;;;;
10/11/2025;25.30;;;;;
10/11/2025;24.90;;;;;
10/11/2025;24.60;;;;;
11/11/2025;24.30;;;;;
11/11/2025;24.20;;;;;
11/11/2025;24.00;;;;;
11/11/2025;22.30;;;;;
11/11/2025;22.30;;;;;
11/11/2025;22.10;;;;;
11/11/2025;22.30;;;;;
11/11/2025;22.30;;;;;
11/11/2025;22.20;;;;;
11/11/2025;22.70;;;;;
11/11/2025;23.40;;;;;
11/11/2025;24.10;;;;;
11/11/2025;27.00;;;;;
11/11/2025;26.80;;;;;
11/11/2025;27.50;;;;;
11/11/2025;30.20;;;;;
11/11/2025;30.40;;;;;
11/11/2025;32.30;;;;;
11/11/2025;32.70;;;;;
11/11/2025;32.70;;;;;
11/11/2025;32.80;;;;;
11/11/2025;31.70;;;;;
11/11/2025;30.40;;;;;
11/11/2025;;;;;;
12/11/2025;27.00;;;;;
12/11/2025;;;;;;
12/11/2025;24.70;;;;;
12/11/2025;25.70;;;;;
12/11/2025;25.10;;;;;
12/11/2025;24.90;;;;;
12/11/2025;24.60;;;;;
12/11/2025;24.40;;;;;
12/11/2025;24.10;;;;;
12/11/2025;23.00;;;;;
12/11/2025;22.60;;;;;
12/11/2025;22.40;;;;;
12/11/2025;23.50;;;;;
12/11/2025;25.10;;;;;
12/11/2025;26.60;;;;;
12/11/2025;28.50;;;;;
12/11/2025;30.00;;;;;
12/11/2025;30.90;;;;;
12/11/2025;31.50;;;;;
12/11/2025;31.60;;;;;
12/11/2025;31.90;;;;;
12/11/2025;30.40;;;;;
12/11/2025;28.00;;;;;
12/11/2025;27.00;;;;;
13/11/2025;26.80;;;;;
13/11/2025;25.00;;;;;
13/11/2025;25.10;;;;;
13/11/2025;25.70;;;;;
13/11/2025;25.20;;;;;
13/11/2025;24.50;;;;;
13/11/2025;24.40;;;;;
13/11/2025;24.50;;;;;
13/11/2025;24.70;;;;;
13/11/2025;24.80;;;;;
13/11/2025;25.20;;;;;
13/11/2025;24.40;;;;;
13/11/2025;24.20;;;;;
13/11/2025;26.90;;;;;
13/11/2025;27.80;;;;;
13/11/2025;28.30;;;;;
13/11/2025;30.50;;;;;
13/11/2025;32.20;;;;;
13/11/2025;30.70;;;;;
13/11/2025;30.50;;;;;
13/11/2025;28.90;;;;;
13/11/2025;27.70;;;;;
13/11/2025;26.60;;;;;
13/11/2025;26.90;;;;;
14/11/2025;25.80;;;;;
14/11/2025;;;;;;
14/11/2025;;;;;;
14/11/2025;24.90;;;;;
14/11/2025;24.80;;;;;
14/11/2025;24.20;;;;;
14/11/2025;23.70;;;;;
14/11/2025;23.40;;;;;
14/11/2025;23.10;;;;;
14/11/2025;23.00;;;;;
14/11/2025;25.00;;;;;
14/11/2025;28.00;;;;;
14/11/2025;30.30;;;;;
14/11/2025;32.40;;;;;
14/11/2025;33.60;;;;;
14/11/2025;35.40;;;;;
14/11/2025;35.60;;;;;
14/11/2025;35.80;;;;;
14/11/2025;35.70;;;;;
14/11/2025;36.40;;;;;
14/11/2025;33.20;;;;;
14/11/2025;32.90;;;;;
14/11/2025;31.50;;;;;
14/11/2025;30.80;;;;;
15/11/2025;27.40;;;;;
15/11/2025;28.20;;;;;
15/11/2025;25.30;;;;;
15/11/2025;25.10;;;;;
15/11/2025;25.30;;;;;
15/11/2025;26.10;;;;;
15/11/2025;25.20;;;;;
15/11/2025;25.10;;;;;
15/11/2025;24.40;;;;;
15/11/2025;24.30;;;;;
15/11/2025;26.00;;;;;
15/11/2025;27.90;;;;;
15/11/2025;30.80;;;;;
15/11/2025;33.20;;;;;
15/11/2025;34.40;;;;;
15/11/2025;34.90;;;;;
15/11/2025;37.20;;;;;
15/11/2025;36.20;;;;;
15/11/2025;37.10;;;;;
15/11/2025;35.70;;;;;
15/11/2025;36.60;;;;;
15/11/2025;34.90;;;;;
15/11/2025;33.20;;;;;
15/11/2025;;;;;;
16/11/2025;26.90;;;;;
16/11/2025;;;;;;
16/11/2025;;;;;;
16/11/2025;25.20;;;;;
16/11/2025;24.20;;;;;
16/11/2025;23.80;;;;;
16/11/2025;23.10;;;;;
16/11/2025;23.30;;;;;
16/11/2025;23.00;;;;;
16/11/2025;22.90;;;;;
16/11/2025;25.40;;;;;
16/11/2025;29.10;;;;;
16/11/2025;30.40;;;;;
16/11/2025;32.80;;;;;
16/11/2025;33.90;;;;;
16/11/2025;34.50;;;;;
16/11/2025;35.00;;;;;
16/11/2025;35.70;;;;;
16/11/2025;35.80;;;;;
16/11/2025;36.60;;;;;
16/11/2025;35.30;;;;;
16/11/2025;32.90;;;;;
16/11/2025;31.00;;;;;
16/11/2025;29.90;;;;;
17/11/2025;29.60;;;;;
17/11/2025;29.80;;;;;
17/11/2025;28.20;;;;;
17/11/2025;27.50;;;;;
17/11/2025;;;;;;
17/11/2025;26.20;;;;;
17/11/2025;25.20;;;;;
17/11/2025;26.00;;;;;
17/11/2025;26.40;;;;;
17/11/2025;24.40;;;;;
17/11/2025;26.00;;;;;
17/11/2025;30.00;;;;;
17/11/2025;32.70;;;;;
17/11/2025;34.60;;;;;
17/11/2025;35.30;;;;;
17/11/2025;35.20;;;;;
17/11/2025;34.30;;;;;
17/11/2025;33.70;;;;;
17/11/2025;24.20;;;;;
17/11/2025;26.80;;;;;
17/11/2025;28.80;;;;;
17/11/2025;28.00;;;;;
17/11/2025;26.30;;;;;
17/11/2025;25.50;;;;;
18/11/2025;;;;;;
18/11/2025;25.20;;;;;
18/11/2025;25.70;;;;;
18/11/2025;25.70;;;;;
18/11/2025;25.80;;;;;
18/11/2025;24.40;;;;;
18/11/2025;23.40;;;;;
18/11/2025;22.80;;;;;
18/11/2025;22.80;;;;;
18/11/2025;22.70;;;;;
18/11/2025;22.80;;;;;
18/11/2025;24.10;;;;;
18/11/2025;26.00;;;;;
18/11/2025;28.60;;;;;
18/11/2025;27.60;;;;;
18/11/2025;28.70;;;;;
18/11/2025;30.40;;;;;
18/11/2025;32.00;;;;;
18/11/2025;32.80;;;;;
18/11/2025;32.60;;;;;
18/11/2025;31.90;;;;;
18/11/2025;31.20;;;;;
18/11/2025;29.30;;;;;
18/11/2025;;;;;;
19/11/2025;;;;;;
19/11/2025;27.00;;;;;
19/11/2025;26.30;;;;;
19/11/2025;25.30;;;;;
19/11/2025;25.10;;;;;
19/11/2025;24.70;;;;;
19/11/2025;24.40;;;;;
19/11/2025;24.30;;;;;
19/11/2025;24.30;;;;;
19/11/2025;24.30;;;;;
19/11/2025;25.30;;;;;
19/11/2025;27.00;;;;;
19/11/2025;28.80;;;;;
19/11/2025;30.50;;;;;
19/11/2025;31.60;;;;;
19/11/2025;33.40;;;;;
19/11/2025;34.40;;;;;
19/11/2025;34.90;;;;;
19/11/2025;34.80;;;;;
19/11/2025;34.50;;;;;
19/11/2025;34.00;;;;;
19/11/2025;32.80;;;;;
19/11/2025;30.70;;;;;
19/11/2025;;;;;;
20/11/2025;28.00;;;;;
20/11/2025;;;;;;
20/11/2025;28.10;;;;;
20/11/2025;27.00;;;;;
20/11/2025;27.10;;;;;
20/11/2025;25.70;;;;;
20/11/2025;24.80;;;;;
20/11/2025;24.30;;;;;
20/11/2025;24.20;;;;;
20/11/2025;24.30;;;;;
20/11/2025;25.70;;;;;
20/11/2025;28.10;;;;;
20/11/2025;30.10;;;;;
20/11/2025;31.50;;;;;
20/11/2025;32.60;;;;;
20/11/2025;33.50;;;;;
20/11/2025;35.50;;;;;
20/11/2025;35.20;;;;;
20/11/2025;35.30;;;;;
20/11/2025;35.30;;;;;
20/11/2025;35.10;;;;;
20/11/2025;34.60;;;;;
20/11/2025;32.30;;;;;
20/11/2025;30.50;;;;;
21/11/2025;27.50;;;;;
21/11/2025;;;;;;
21/11/2025;26.60;;;;;
21/11/2025;25.80;;;;;
21/11/2025;25.80;;;;;
21/11/2025;24.90;;;;;
21/11/2025;24.10;;;;;
21/11/2025;;;;;;
21/11/2025;23.50;;;;;
21/11/2025;23.00;;;;;
21/11/2025;24.30;;;;;
21/11/2025;25.70;;;;;
21/11/2025;27.90;;;;;
21/11/2025;29.20;;;;;
21/11/2025;30.60;;;;;
21/11/2025;31.10;;;;;
21/11/2025;27.90;;;;;
21/11/2025;31.30;;;;;
21/11/2025;32.20;;;;;
21/11/2025;31.70;;;;;
21/11/2025;30.70;;;;;
21/11/2025;28.30;;;;;
21/11/2025;26.40;;;;;
21/11/2025;26.80;;;;;
22/11/2025;;;;;;
22/11/2025;26.70;;;;;
22/11/2025;26.00;;;;;
22/11/2025;25.30;;;;;
22/11/2025;24.80;;;;;
22/11/2025;24.70;;;;;
22/11/2025;24.60;;;;;
22/11/2025;21.70;;;;;
22/11/2025;22.40;;;;;
22/11/2025;22.60;;;;;
22/11/2025;22.90;;;;;
22/11/2025;23.20;;;;;
22/11/2025;23.70;;;;;
22/11/2025;24.80;;;;;
22/11/2025;26.00;;;;;
22/11/2025;26.90;;;;;
22/11/2025;27.20;;;;;
22/11/2025;27.90;;;;;
22/11/2025;28.00;;;;;
22/11/2025;27.60;;;;;
22/11/2025;27.70;;;;;
22/11/2025;26.60;;;;;
22/11/2025;25.70;;;;;
22/11/2025;;;;;;
23/11/2025;24.70;;;;;
23/11/2025;;;;;;
23/11/2025;23.80;;;;;
23/11/2025;24.00;;;;;
23/11/2025;23.70;;;;;
23/11/2025;23.50;;;;;
23/11/2025;23.50;;;;;
23/11/2025;23.40;;;;;
23/11/2025;23.50;;;;;
23/11/2025;23.30;;;;;
23/11/2025;24.90;;;;;
23/11/2025;25.80;;;;;
23/11/2025;28.00;;;;;
23/11/2025;29.50;;;;;
23/11/2025;30.40;;;;;
23/11/2025;30.80;;;;;
23/11/2025;32.30;;;;;
23/11/2025;32.50;;;;;
23/11/2025;32.10;;;;;
23/11/2025;30.60;;;;;
23/11/2025;30.40;;;;;
23/11/2025;30.30;;;;;
23/11/2025;28.50;;;;;
23/11/2025;28.60;;;;;
24/11/2025;28.10;;;;;
24/11/2025;27.70;;;;;
24/11/2025;;;;;;
24/11/2025;26.90;;;;;
24/11/2025;26.70;;;;;
24/11/2025;25.90;;;;;
24/11/2025;25.30;;;;;
24/11/2025;25.20;;;;;
24/11/2025;24.20;;;;;
24/11/2025;23.80;;;;;
24/11/2025;25.40;;;;;
24/11/2025;27.90;;;;;
24/11/2025;30.30;;;;;
24/11/2025;31.70;;;;;
24/11/2025;32.70;;;;;
24/11/2025;33.60;;;;;
24/11/2025;34.60;;;;;
24/11/2025;33.10;;;;;
24/11/2025;29.40;;;;;
24/11/2025;31.10;;;;;
24/11/2025;27.40;;;;;
24/11/2025;26.10;;;;;
24/11/2025;24.60;;;;;
24/11/2025;25.10;;;;;
25/11/2025;25.00;;;;;
25/11/2025;;;;;;
25/11/2025;24.50;;;;;
25/11/2025;24.40;;;;;
25/11/2025;24.10;;;;;
25/11/2025;24.00;;;;;
25/11/2025;23.90;;;;;
25/11/2025;23.90;;;;;
25/11/2025;23.50;;;;;
25/11/2025;23.70;;;;;
25/11/2025;23.80;;;;;
25/11/2025;24.60;;;;;
25/11/2025;26.50;;;;;
25/11/2025;27.80;;;;;
25/11/2025;28.20;;;;;
25/11/2025;29.20;;;;;
25/11/2025;30.70;;;;;
25/11/2025;31.10;;;;;
25/11/2025;31.30;;;;;
25/11/2025;31.50;;;;;
25/11/2025;30.90;;;;;
25/11/2025;30.30;;;;;
25/11/2025;29.30;;;;;
25/11/2025;28.60;;;;;
26/11/2025;26.60;;;;;
26/11/2025;26.10;;;;;
26/11/2025;25.60;;;;;
26/11/2025;25.00;;;;;
26/11/2025;24.70;;;;;
26/11/2025;24.60;;;;;
26/11/2025;24.50;;;;;
26/11/2025;24.30;;;;;
26/11/2025;23.80;;;;;
26/11/2025;23.70;;;;;
26/11/2025;24.70;;;;;
26/11/2025;27.00;;;;;
26/11/2025;27.40;;;;;
26/11/2025;29.50;;;;;
26/11/2025;31.50;;;;;
26/11/2025;32.80;;;;;
26/11/2025;33.40;;;;;
26/11/2025;34.10;;;;;
26/11/2025;32.50;;;;;
26/11/2025;34.40;;;;;
26/11/2025;33.40;;;;;
26/11/2025;28.50;;;;;
26/11/2025;26.50;;;;;
26/11/2025;24.90;;;;;
27/11/2025;24.60;;;;;
27/11/2025;;;;;;
27/11/2025;;;;;;
27/11/2025;;;;;;
27/11/2025;23.00;;;;;
27/11/2025;23.00;;;;;
27/11/2025;23.40;;;;;
27/11/2025;23.00;;;;;
27/11/2025;22.90;;;;;
27/11/2025;23.00;;;;;
27/11/2025;23.10;;;;;
27/11/2025;24.40;;;;;
27/11/2025;26.00;;;;;
27/11/2025;27.70;;;;;
27/11/2025;29.70;;;;;
27/11/2025;32.30;;;;;
27/11/2025;32.50;;;;;
27/11/2025;33.70;;;;;
27/11/2025;34.20;;;;;
27/11/2025;34.50;;;;;
27/11/2025;33.40;;;;;
27/11/2025;31.50;;;;;
27/11/2025;28.50;;;;;
27/11/2025;27.10;;;;;
28/11/2025;26.30;;;;;
28/11/2025;25.50;;;;;
28/11/2025;26.40;;;;;
28/11/2025;26.00;;;;;
28/11/2025;25.50;;;;;
28/11/2025;25.00;;;;;
28/11/2025;24.90;;;;;
28/11/2025;25.50;;;;;
28/11/2025;24.80;;;;;
28/11/2025;24.30;;;;;
28/11/2025;24.80;;;;;
28/11/2025;25.60;;;;;
28/11/2025;25.50;;;;;
28/11/2025;25.10;;;;;
28/11/2025;25.90;;;;;
28/11/2025;27.60;;;;;
28/11/2025;28.10;;;;;
28/11/2025;29.20;;;;;
28/11/2025;29.70;;;;;
28/11/2025;29.50;;;;;
28/11/2025;29.90;;;;;
28/11/2025;29.10;;;;;
28/11/2025;27.60;;;;;
28/11/2025;26.60;;;;;
29/11/2025;;;;;;
29/11/2025;;;;;;
29/11/2025;25.40;;;;;
29/11/2025;23.90;;;;;
29/11/2025;23.60;;;;;
29/11/2025;24.10;;;;;
29/11/2025;24.30;;;;;
29/11/2025;23.70;;;;;
29/11/2025;22.60;;;;;
29/11/2025;22.70;;;;;
29/11/2025;24.90;;;;;
29/11/2025;26.50;;;;;
29/11/2025;28.40;;;;;
29/11/2025;31.30;;;;;
29/11/2025;33.20;;;;;
29/11/2025;34.30;;;;;
29/11/2025;34.90;;;;;
29/11/2025;34.90;;;;;
29/11/2025;35.30;;;;;
29/11/2025;35.70;;;;;
29/11/2025;32.90;;;;;
29/11/2025;28.40;;;;;
29/11/2025;27.60;;;;;
29/11/2025;27.00;;;;;
30/11/2025;26.10;;;;;
30/11/2025;;;;;;
30/11/2025;;;;;;
30/11/2025;24.30;;;;;
30/11/2025;24.30;;;;;
30/11/2025;23.90;;;;;
30/11/2025;23.50;;;;;
30/11/2025;23.00;;;;;
30/11/2025;22.90;;;;;
30/11/2025;22.10;;;;;
30/11/2025;23.50;;;;;
30/11/2025;25.10;;;;;
30/11/2025;26.60;;;;;
30/11/2025;28.20;;;;;
30/11/2025;30.60;;;;;
30/11/2025;31.80;;;;;
30/11/2025;32.80;;;;;
30/11/2025;33.00;;;;;
30/11/2025;33.60;;;;;
30/11/2025;33.90;;;;;
30/11/2025;33.90;;;;;
30/11/2025;24.20;;;;;
30/11/2025;25.20;;;;;
30/11/2025;25.10;;;;;
01/12/2025;;;;;;
01/12/2025;24.10;;;;;
01/12/2025;23.90;;;;;
01/12/2025;24.30;;;;;
01/12/2025;23.60;;;;;
01/12/2025;23.60;;;;;
01/12/2025;23.50;;;;;
01/12/2025;23.70;;;;;
01/12/2025;23.30;;;;;
01/12/2025;22.80;;;;;
01/12/2025;24.20;;;;;
01/12/2025;26.10;;;;;
01/12/2025;28.10;;;;;
01/12/2025;29.10;;;;;
01/12/2025;30.80;;;;;
01/12/2025;31.40;;;;;
01/12/2025;31.80;;;;;
01/12/2025;26.90;;;;;
01/12/2025;32.60;;;;;
01/12/2025;30.70;;;;;
01/12/2025;28.30;;;;;
01/12/2025;27.50;;;;;
01/12/2025;26.30;;;;;
01/12/2025;;;;;;
02/12/2025;25.70;;;;;
02/12/2025;;;;;;
02/12/2025;;;;;;
02/12/2025;24.00;;;;;
02/12/2025;24.00;;;;;
02/12/2025;23.40;;;;;
02/12/2025;23.70;;;;;
02/12/2025;23.50;;;;;
02/12/2025;23.70;;;;;
02/12/2025;23.50;;;;;
02/12/2025;23.60;;;;;
02/12/2025;24.70;;;;;
02/12/2025;22.10;;;;;
02/12/2025;23.10;;;;;
02/12/2025;25.10;;;;;
02/12/2025;27.20;;;;;
02/12/2025;29.20;;;;;
02/12/2025;30.20;;;;;
02/12/2025;30.60;;;;;
02/12/2025;31.10;;;;;
02/12/2025;31.20;;;;;
02/12/2025;29.90;;;;;
02/12/2025;28.60;;;;;
02/12/2025;26.80;;;;;
03/12/2025;26.10;;;;;
03/12/2025;26.30;;;;;
03/12/2025;25.80;;;;;
03/12/2025;24.60;;;;;
03/12/2025;24.90;;;;;
03/12/2025;26.00;;;;;
03/12/2025;25.70;;;;;
03/12/2025;24.60;;;;;
03/12/2025;24.20;;;;;
03/12/2025;24.20;;;;;
03/12/2025;24.90;;;;;
03/12/2025;26.80;;;;;
03/12/2025;29.10;;;;;
03/12/2025;30.40;;;;;
03/12/2025;32.30;;;;;
03/12/2025;32.90;;;;;
03/12/2025;34.20;;;;;
03/12/2025;32.30;;;;;
03/12/2025;31.30;;;;;
03/12/2025;30.50;;;;;
03/12/2025;29.80;;;;;
03/12/2025;27.40;;;;;
03/12/2025;26.70;;;;;
03/12/2025;26.10;;;;;
04/12/2025;25.90;;;;;
04/12/2025;24.90;;;;;
04/12/2025;23.00;;;;;
04/12/2025;23.20;;;;;
04/12/2025;22.50;;;;;
04/12/2025;22.50;;;;;
04/12/2025;22.50;;;;;
04/12/2025;22.50;;;;;
04/12/2025;22.80;;;;;
04/12/2025;22.90;;;;;
04/12/2025;22.90;;;;;
04/12/2025;23.00;;;;;
04/12/2025;24.10;;;;;
04/12/2025;25.60;;;;;
04/12/2025;26.20;;;;;
04/12/2025;26.70;;;;;
04/12/2025;27.10;;;;;
04/12/2025;28.40;;;;;
04/12/2025;28.90;;;;;
04/12/2025;28.40;;;;;
04/12/2025;27.90;;;;;
04/12/2025;28.20;;;;;
04/12/2025;26.50;;;;;
04/12/2025;25.80;;;;;
05/12/2025;25.30;;;;;
05/12/2025;24.70;;;;;
05/12/2025;24.70;;;;;
05/12/2025;24.60;;;;;
05/12/2025;24.40;;;;;
05/12/2025;24.10;;;;;
05/12/2025;24.00;;;;;
05/12/2025;23.60;;;;;
05/12/2025;23.10;;;;;
05/12/2025;22.80;;;;;
05/12/2025;23.10;;;;;
05/12/2025;23.80;;;;;
05/12/2025;25.10;;;;;
05/12/2025;27.00;;;;;
05/12/2025;28.80;;;;;
05/12/2025;29.50;;;;;
05/12/2025;30.00;;;;;
05/12/2025;24.30;;;;;
05/12/2025;23.80;;;;;
05/12/2025;23.70;;;;;
05/12/2025;23.40;;;;;
05/12/2025;23.50;;;;;
05/12/2025;23.40;;;;;
05/12/2025;;;;;;
06/12/2025;23.60;;;;;
06/12/2025;23.50;;;;;
06/12/2025;;;;;;
06/12/2025;23.60;;;;;
06/12/2025;23.90;;;;;
06/12/2025;23.80;;;;;
06/12/2025;23.80;;;;;
06/12/2025;23.40;;;;;
06/12/2025;22.90;;;;;
06/12/2025;22.90;;;;;
06/12/2025;23.20;;;;;
06/12/2025;23.90;;;;;
06/12/2025;24.70;;;;;
06/12/2025;24.90;;;;;
06/12/2025;26.10;;;;;
06/12/2025;27.10;;;;;
06/12/2025;28.10;;;;;
06/12/2025;28.50;;;;;
06/12/2025;28.30;;;;;
06/12/2025;28.10;;;;;
06/12/2025;27.50;;;;;
06/12/2025;26.80;;;;;
06/12/2025;25.50;;;;;
06/12/2025;;;;;;
07/12/2025;;;;;;
07/12/2025;24.30;;;;;
07/12/2025;;;;;;
07/12/2025;23.60;;;;;
07/12/2025;;;;;;
07/12/2025;23.20;;;;;
07/12/2025;23.10;;;;;
07/12/2025;22.70;;;;;
07/12/2025;22.60;;;;;
07/12/2025;22.50;;;;;
07/12/2025;23.10;;;;;
07/12/2025;23.70;;;;;
07/12/2025;25.00;;;;;
07/12/2025;26.60;;;;;
07/12/2025;27.00;;;;;
07/12/2025;28.00;;;;;
07/12/2025;29.20;;;;;
07/12/2025;28.40;;;;;
07/12/2025;29.20;;;;;
07/12/2025;25.70;;;;;
07/12/2025;23.20;;;;;
07/12/2025;22.40;;;;;
07/12/2025;22.30;;;;;
07/12/2025;;;;;;
08/12/2025;22.80;;;;;
08/12/2025;22.90;;;;;
08/12/2025;;;;;;
08/12/2025;23.00;;;;;
08/12/2025;23.00;;;;;
08/12/2025;23.00;;;;;
08/12/2025;22.90;;;;;
08/12/2025;22.90;;;;;
08/12/2025;22.50;;;;;
08/12/2025;22.60;;;;;
08/12/2025;22.80;;;;;
08/12/2025;23.30;;;;;
08/12/2025;24.00;;;;;
08/12/2025;25.20;;;;;
08/12/2025;27.60;;;;;
08/12/2025;28.30;;;;;
08/12/2025;30.10;;;;;
08/12/2025;30.50;;;;;
08/12/2025;24.30;;;;;
08/12/2025;23.50;;;;;
08/12/2025;23.50;;;;;
08/12/2025;23.40;;;;;
08/12/2025;23.20;;;;;
08/12/2025;;;;;;
09/12/2025;;;;;;
09/12/2025;;;;;;
09/12/2025;23.00;;;;;
09/12/2025;22.80;;;;;
09/12/2025;22.80;;;;;
09/12/2025;;;;;;
09/12/2025;22.50;;;;;
09/12/2025;22.50;;;;;
09/12/2025;22.30;;;;;
09/12/2025;22.40;;;;;
09/12/2025;23.10;;;;;
09/12/2025;23.70;;;;;
09/12/2025;24.70;;;;;
09/12/2025;26.60;;;;;
09/12/2025;27.30;;;;;
09/12/2025;29.30;;;;;
09/12/2025;30.40;;;;;
09/12/2025;30.20;;;;;
09/12/2025;30.70;;;;;
09/12/2025;31.10;;;;;
09/12/2025;30.70;;;;;
09/12/2025;30.30;;;;;
09/12/2025;29.30;;;;;
09/12/2025;;;;;;
10/12/2025;;;;;;
10/12/2025;;;;;;
10/12/2025;23.40;;;;;
10/12/2025;22.80;;;;;
10/12/2025;22.40;;;;;
10/12/2025;22.10;;;;;
10/12/2025;22.20;;;;;
10/12/2025;22.50;;;;;
10/12/2025;22.30;;;;;
10/12/2025;22.50;;;;;
10/12/2025;23.20;;;;;
10/12/2025;24.50;;;;;
10/12/2025;25.50;;;;;
10/12/2025;27.30;;;;;
10/12/2025;29.40;;;;;
10/12/2025;29.60;;;;;
10/12/2025;30.10;;;;;
10/12/2025;31.30;;;;;
10/12/2025;32.10;;;;;
10/12/2025;31.00;;;;;
10/12/2025;30.30;;;;;
10/12/2025;24.30;;;;;
10/12/2025;23.80;;;;;
10/12/2025;24.40;;;;;
11/12/2025;;;;;;
11/12/2025;24.10;;;;;
11/12/2025;24.60;;;;;
11/12/2025;24.60;;;;;
11/12/2025;24.60;;;;;
11/12/2025;23.90;;;;;
11/12/2025;23.70;;;;;
11/12/2025;23.80;;;;;
11/12/2025;23.20;;;;;
11/12/2025;22.90;;;;;
11/12/2025;24.00;;;;;
11/12/2025;25.40;;;;;
11/12/2025;26.60;;;;;
11/12/2025;28.70;;;;;
11/12/2025;30.40;;;;;
11/12/2025;31.80;;;;;
11/12/2025;33.00;;;;;
11/12/2025;32.70;;;;;
11/12/2025;33.50;;;;;
11/12/2025;33.50;;;;;
11/12/2025;32.10;;;;;
11/12/2025;30.50;;;;;
11/12/2025;29.40;;;;;
11/12/2025;28.20;;;;;
12/12/2025;27.30;;;;;
12/12/2025;27.30;;;;;
12/12/2025;25.90;;;;;
12/12/2025;25.80;;;;;
12/12/2025;25.60;;;;;
12/12/2025;25.00;;;;;
12/12/2025;24.40;;;;;
12/12/2025;24.20;;;;;
12/12/2025;23.80;;;;;
12/12/2025;23.60;;;;;
12/12/2025;24.90;;;;;
12/12/2025;25.60;;;;;
12/12/2025;27.80;;;;;
12/12/2025;29.80;;;;;
12/12/2025;30.70;;;;;
12/12/2025;32.30;;;;;
12/12/2025;32.90;;;;;
12/12/2025;33.00;;;;;
12/12/2025;33.00;;;;;
12/12/2025;29.20;;;;;
12/12/2025;29.40;;;;;
12/12/2025;28.80;;;;;
12/12/2025;28.10;;;;;
12/12/2025;;;;;;
13/12/2025;26.70;;;;;
13/12/2025;26.20;;;;;
13/12/2025;26.30;;;;;
13/12/2025;25.80;;;;;
13/12/2025;24.80;;;;;
13/12/2025;24.50;;;;;
13/12/2025;24.00;;;;;
13/12/2025;24.10;;;;;
13/12/2025;23.60;;;;;
13/12/2025;23.60;;;;;
13/12/2025;24.00;;;;;
13/12/2025;24.80;;;;;
13/12/2025;25.70;;;;;
13/12/2025;26.90;;;;;
13/12/2025;27.40;;;;;
13/12/2025;29.10;;;;;
13/12/2025;30.60;;;;;
13/12/2025;31.20;;;;;
13/12/2025;32.00;;;;;
13/12/2025;31.80;;;;;
13/12/2025;32.20;;;;;
13/12/2025;31.30;;;;;
13/12/2025;29.40;;;;;
13/12/2025;27.90;;;;;
14/12/2025;;;;;;
14/12/2025;;;;;;
14/12/2025;26.00;;;;;
14/12/2025;25.30;;;;;
14/12/2025;25.50;;;;;
14/12/2025;25.80;;;;;
14/12/2025;25.50;;;;;
14/12/2025;25.50;;;;;
14/12/2025;25.10;;;;;
14/12/2025;25.70;;;;;
14/12/2025;25.60;;;;;
14/12/2025;26.10;;;;;
14/12/2025;28.00;;;;;
14/12/2025;29.70;;;;;
14/12/2025;31.00;;;;;
14/12/2025;31.90;;;;;
14/12/2025;32.50;;;;;
14/12/2025;33.60;;;;;
14/12/2025;34.50;;;;;
14/12/2025;34.50;;;;;
14/12/2025;34.00;;;;;
14/12/2025;31.30;;;;;
14/12/2025;29.80;;;;;
14/12/2025;28.50;;;;;
15/12/2025;;;;;;
15/12/2025;;;;;;
15/12/2025;26.70;;;;;
15/12/2025;27.40;;;;;
15/12/2025;26.00;;;;;
15/12/2025;25.10;;;;;
15/12/2025;25.20;;;;;
15/12/2025;25.10;;;;;
15/12/2025;25.20;;;;;
15/12/2025;24.40;;;;;
15/12/2025;24.90;;;;;
15/12/2025;24.90;;;;;
15/12/2025;23.00;;;;;
15/12/2025;22.50;;;;;
15/12/2025;22.50;;;;;
15/12/2025;23.40;;;;;
15/12/2025;26.90;;;;;
15/12/2025;28.00;;;;;
15/12/2025;29.50;;;;;
15/12/2025;30.60;;;;;
15/12/2025;30.30;;;;;
15/12/2025;28.80;;;;;
15/12/2025;27.40;;;;;
15/12/2025;26.40;;;;;
16/12/2025;26.20;;;;;
16/12/2025;24.90;;;;;
16/12/2025;25.80;;;;;
16/12/2025;25.40;;;;;
16/12/2025;24.70;;;;;
16/12/2025;25.10;;;;;
16/12/2025;24.20;;;;;
16/12/2025;24.50;;;;;
16/12/2025;24.50;;;;;
16/12/2025;24.30;;;;;
16/12/2025;24.40;;;;;
16/12/2025;25.20;;;;;
16/12/2025;27.50;;;;;
16/12/2025;29.40;;;;;
16/12/2025;30.40;;;;;
16/12/2025;31.50;;;;;
16/12/2025;32.70;;;;;
16/12/2025;32.60;;;;;
16/12/2025;24.90;;;;;
16/12/2025;28.30;;;;;
16/12/2025;30.20;;;;;
16/12/2025;28.70;;;;;
16/12/2025;26.30;;;;;
16/12/2025;;;;;;
17/12/2025;26.00;;;;;
17/12/2025;25.30;;;;;
17/12/2025;25.40;;;;;
17/12/2025;25.40;;;;;
17/12/2025;25.40;;;;;
17/12/2025;24.70;;;;;
17/12/2025;24.00;;;;;
17/12/2025;23.60;;;;;
17/12/2025;23.10;;;;;
17/12/2025;23.10;;;;;
17/12/2025;23.30;;;;;
17/12/2025;24.70;;;;;
17/12/2025;26.10;;;;;
17/12/2025;28.10;;;;;
17/12/2025;29.20;;;;;
17/12/2025;30.90;;;;;
17/12/2025;32.40;;;;;
17/12/2025;30.50;;;;;
17/12/2025;31.50;;;;;
17/12/2025;29.50;;;;;
17/12/2025;28.20;;;;;
17/12/2025;26.70;;;;;
17/12/2025;25.40;;;;;
17/12/2025;26.30;;;;;
18/12/2025;26.00;;;;;
18/12/2025;25.20;;;;;
18/12/2025;24.80;;;;;
18/12/2025;24.70;;;;;
18/12/2025;24.60;;;;;
18/12/2025;24.70;;;;;
18/12/2025;25.00;;;;;
18/12/2025;24.40;;;;;
18/12/2025;24.40;;;;;
18/12/2025;24.20;;;;;
18/12/2025;24.00;;;;;
18/12/2025;25.30;;;;;
18/12/2025;25.60;;;;;
18/12/2025;27.00;;;;;
18/12/2025;27.90;;;;;
18/12/2025;28.70;;;;;
18/12/2025;26.00;;;;;
18/12/2025;24.50;;;;;
18/12/2025;24.90;;;;;
18/12/2025;25.10;;;;;
18/12/2025;25.80;;;;;
18/12/2025;25.80;;;;;
18/12/2025;25.10;;;;;
18/12/2025;24.90;;;;;
19/12/2025;;;;;;
19/12/2025;24.50;;;;;
19/12/2025;24.40;;;;;
19/12/2025;24.40;;;;;
19/12/2025;24.40;;;;;
19/12/2025;24.30;;;;;
19/12/2025;24.00;;;;;
19/12/2025;23.70;;;;;
19/12/2025;23.80;;;;;
19/12/2025;23.70;;;;;
19/12/2025;24.30;;;;;
19/12/2025;25.00;;;;;
19/12/2025;26.60;;;;;
19/12/2025;28.00;;;;;
19/12/2025;29.30;;;;;
19/12/2025;29.20;;;;;
19/12/2025;27.00;;;;;
19/12/2025;28.80;;;;;
19/12/2025;28.40;;;;;
19/12/2025;27.70;;;;;
19/12/2025;27.90;;;;;
19/12/2025;27.60;;;;;
19/12/2025;26.10;;;;;
19/12/2025;;;;;;
20/12/2025;25.00;;;;;
20/12/2025;25.10;;;;;
20/12/2025;24.90;;;;;
20/12/2025;24.50;;;;;
20/12/2025;24.50;;;;;
20/12/2025;24.40;;;;;
20/12/2025;24.20;;;;;
20/12/2025;24.20;;;;;
20/12/2025;23.60;;;;;
20/12/2025;23.90;;;;;
20/12/2025;23.70;;;;;
20/12/2025;24.70;;;;;
20/12/2025;25.30;;;;;
20/12/2025;25.50;;;;;
20/12/2025;26.00;;;;;
20/12/2025;26.10;;;;;
20/12/2025;26.40;;;;;
20/12/2025;26.80;;;;;
20/12/2025;27.80;;;;;
20/12/2025;27.10;;;;;
20/12/2025;26.70;;;;;
20/12/2025;25.10;;;;;
20/12/2025;23.30;;;;;
20/12/2025;22.70;;;;;
21/12/2025;;;;;;
21/12/2025;22.70;;;;;
21/12/2025;22.70;;;;;
21/12/2025;22.50;;;;;
21/12/2025;22.30;;;;;
21/12/2025;22.60;;;;;
21/12/2025;22.50;;;;;
21/12/2025;22.40;;;;;
21/12/2025;22.30;;;;;
21/12/2025;22.30;;;;;
21/12/2025;22.80;;;;;
21/12/2025;23.60;;;;;
21/12/2025;24.80;;;;;
21/12/2025;26.50;;;;;
21/12/2025;27.90;;;;;
21/12/2025;29.30;;;;;
21/12/2025;29.90;;;;;
21/12/2025;25.60;;;;;
21/12/2025;30.90;;;;;
21/12/2025;30.80;;;;;
21/12/2025;31.10;;;;;
21/12/2025;28.30;;;;;
21/12/2025;27.60;;;;;
21/12/2025;27.40;;;;;
22/12/2025;26.80;;;;;
22/12/2025;26.30;;;;;
22/12/2025;25.10;;;;;
22/12/2025;25.00;;;;;
22/12/2025;25.00;;;;;
22/12/2025;24.90;;;;;
22/12/2025;24.30;;;;;
22/12/2025;24.20;;;;;
22/12/2025;23.70;;;;;
22/12/2025;23.30;;;;;
22/12/2025;23.60;;;;;
22/12/2025;24.00;;;;;
22/12/2025;27.10;;;;;
22/12/2025;29.20;;;;;
22/12/2025;30.70;;;;;
22/12/2025;30.60;;;;;
22/12/2025;30.90;;;;;
22/12/2025;32.10;;;;;
22/12/2025;31.80;;;;;
22/12/2025;31.70;;;;;
22/12/2025;29.40;;;;;
22/12/2025;28.40;;;;;
22/12/2025;23.30;;;;;
22/12/2025;23.70;;;;;
23/12/2025;23.30;;;;;
23/12/2025;23.00;;;;;
23/12/2025;22.80;;;;;
23/12/2025;22.40;;;;;
23/12/2025;22.20;;;;;
23/12/2025;21.90;;;;;
23/12/2025;21.60;;;;;
23/12/2025;21.90;;;;;
23/12/2025;21.90;;;;;
23/12/2025;21.80;;;;;
23/12/2025;23.50;;;;;
23/12/2025;24.50;;;;;
23/12/2025;25.80;;;;;
23/12/2025;27.70;;;;;
23/12/2025;29.00;;;;;
23/12/2025;30.90;;;;;
23/12/2025;31.30;;;;;
23/12/2025;31.60;;;;;
23/12/2025;32.10;;;;;
23/12/2025;31.80;;;;;
23/12/2025;31.70;;;;;
23/12/2025;30.40;;;;;
23/12/2025;28.50;;;;;
23/12/2025;27.70;;;;;
24/12/2025;25.50;;;;;
24/12/2025;25.40;;;;;
24/12/2025;24.90;;;;;
24/12/2025;24.70;;;;;
24/12/2025;24.00;;;;;
24/12/2025;23.20;;;;;
24/12/2025;22.50;;;;;
24/12/2025;22.10;;;;;
24/12/2025;21.80;;;;;
24/12/2025;21.40;;;;;
24/12/2025;23.80;;;;;
24/12/2025;26.50;;;;;
24/12/2025;27.90;;;;;
24/12/2025;29.00;;;;;
24/12/2025;30.30;;;;;
24/12/2025;30.30;;;;;
24/12/2025;31.80;;;;;
24/12/2025;31.40;;;;;
24/12/2025;29.90;;;;;
24/12/2025;31.10;;;;;
24/12/2025;31.70;;;;;
24/12/2025;30.80;;;;;
24/12/2025;29.30;;;;;
24/12/2025;28.90;;;;;
25/12/2025;;;;;;
25/12/2025;24.20;;;;;
25/12/2025;23.80;;;;;
25/12/2025;;;;;;
25/12/2025;23.10;;;;;
25/12/2025;22.80;;;;;
25/12/2025;23.00;;;;;
25/12/2025;23.00;;;;;
25/12/2025;21.90;;;;;
25/12/2025;22.10;;;;;
25/12/2025;22.00;;;;;
25/12/2025;21.90;;;;;
25/12/2025;21.90;;;;;
25/12/2025;22.90;;;;;
25/12/2025;24.80;;;;;
25/12/2025;26.90;;;;;
25/12/2025;28.60;;;;;
25/12/2025;29.20;;;;;
25/12/2025;29.80;;;;;
25/12/2025;29.70;;;;;
25/12/2025;29.30;;;;;
25/12/2025;28.80;;;;;
25/12/2025;26.80;;;;;
25/12/2025;26.20;;;;;
26/12/2025;25.20;;;;;
26/12/2025;;;;;;
26/12/2025;;;;;;
26/12/2025;23.60;;;;;
26/12/2025;23.30;;;;;
26/12/2025;23.20;;;;;
26/12/2025;22.40;;;;;
26/12/2025;23.00;;;;;
26/12/2025;23.20;;;;;
26/12/2025;23.30;;;;;
26/12/2025;23.50;;;;;
26/12/2025;24.60;;;;;
26/12/2025;25.90;;;;;
26/12/2025;27.60;;;;;
26/12/2025;30.00;;;;;
26/12/2025;31.00;;;;;
26/12/2025;31.80;;;;;
26/12/2025;32.80;;;;;
26/12/2025;29.70;;;;;
26/12/2025;32.80;;;;;
26/12/2025;33.30;;;;;
26/12/2025;32.60;;;;;
26/12/2025;28.80;;;;;
26/12/2025;28.30;;;;;
27/12/2025;;;;;;
27/12/2025;26.20;;;;;
27/12/2025;;;;;;
27/12/2025;26.40;;;;;
27/12/2025;25.50;;;;;
27/12/2025;25.10;;;;;
27/12/2025;24.40;;;;;
27/12/2025;24.30;;;;;
27/12/2025;24.90;;;;;
27/12/2025;24.50;;;;;
27/12/2025;25.90;;;;;
27/12/2025;28.40;;;;;
27/12/2025;29.60;;;;;
27/12/2025;31.50;;;;;
27/12/2025;33.20;;;;;
27/12/2025;34.70;;;;;
27/12/2025;35.30;;;;;
27/12/2025;34.30;;;;;
27/12/2025;35.50;;;;;
27/12/2025;34.80;;;;;
27/12/2025;35.00;;;;;
27/12/2025;34.80;;;;;
27/12/2025;32.70;;;;;
27/12/2025;30.90;;;;;
28/12/2025;;;;;;
28/12/2025;28.90;;;;;
28/12/2025;27.50;;;;;
28/12/2025;27.90;;;;;
28/12/2025;27.60;;;;;
28/12/2025;26.60;;;;;
28/12/2025;26.20;;;;;
28/12/2025;25.80;;;;;
28/12/2025;24.70;;;;;
28/12/2025;25.00;;;;;
28/12/2025;25.10;;;;;
28/12/2025;27.00;;;;;
28/12/2025;29.80;;;;;
28/12/2025;31.40;;;;;
28/12/2025;32.50;;;;;
28/12/2025;33.90;;;;;
28/12/2025;35.20;;;;;
28/12/2025;35.40;;;;;
28/12/2025;35.70;;;;;
28/12/2025;35.10;;;;;
28/12/2025;35.50;;;;;
28/12/2025;33.30;;;;;
28/12/2025;31.60;;;;;
28/12/2025;29.60;;;;;
29/12/2025;;;;;;
29/12/2025;28.20;;;;;
29/12/2025;;;;;;
29/12/2025;27.40;;;;;
29/12/2025;25.80;;;;;
29/12/2025;25.80;;;;;
29/12/2025;24.80;;;;;
29/12/2025;24.30;;;;;
29/12/2025;24.30;;;;;
29/12/2025;24.30;;;;;
29/12/2025;24.50;;;;;
29/12/2025;25.10;;;;;
29/12/2025;26.30;;;;;
29/12/2025;27.90;;;;;
29/12/2025;29.40;;;;;
29/12/2025;30.40;;;;;
29/12/2025;32.30;;;;;
29/12/2025;33.50;;;;;
29/12/2025;33.60;;;;;
29/12/2025;34.10;;;;;
29/12/2025;32.50;;;;;
29/12/2025;29.70;;;;;
29/12/2025;28.10;;;;;
29/12/2025;26.70;;;;;
30/12/2025;27.60;;;;;
30/12/2025;26.00;;;;;
30/12/2025;27.10;;;;;
30/12/2025;26.80;;;;;
30/12/2025;26.00;;;;;
30/12/2025;26.60;;;;;
30/12/2025;25.60;;;;;
30/12/2025;24.50;;;;;
30/12/2025;23.90;;;;;
30/12/2025;23.90;;;;;
30/12/2025;25.00;;;;;
30/12/2025;26.40;;;;;
30/12/2025;27.70;;;;;
30/12/2025;28.90;;;;;
30/12/2025;29.70;;;;;
30/12/2025;30.70;;;;;
30/12/2025;32.60;;;;;
30/12/2025;33.50;;;;;
30/12/2025;33.20;;;;;
30/12/2025;32.40;;;;;
30/12/2025;27.60;;;;;
30/12/2025;26.00;;;;;
30/12/2025;26.40;;;;;
30/12/2025;25.70;;;;;
31/12/2025;25.60;;;;;
31/12/2025;;;;;;
31/12/2025;;;;;;
31/12/2025;21.10;;;;;
31/12/2025;21.30;;;;;
31/12/2025;21.30;;;;;
31/12/2025;21.70;;;;;
31/12/2025;;;;;;
31/12/2025;;;;;;
31/12/2025;23.40;;;;;
31/12/2025;22.40;;;;;
31/12/2025;23.50;;;;;
31/12/2025;24.50;;;;;
31/12/2025;26.10;;;;;
31/12/2025;27.90;;;;;
31/12/2025;28.20;;;;;
31/12/2025;29.60;;;;;
31/12/2025;31.30;;;;;
31/12/2025;31.50;;;;;
31/12/2025;32.40;;;;;
31/12/2025;33.20;;;;;
31/12/2025;32.80;;;;;
31/12/2025;30.60;;;;;
31/12/2025;29.50;;;;;
