data,Taxa_Efetivamente_Paga_Fora_Cota_EU
01/01/2006,0.42
02/01/2006,0.42
03/01/2006,0.42
04/01/2006,0.42
05/01/2006,0.42
06/01/2006,0.42
07/01/2006,0.42
08/01/2006,0.42
09/01/2006,0.42
10/01/2006,0.42
11/01/2006,0.42
12/01/2006,0.42
13/01/2006,0.42
14/01/2006,0.42
15/01/2006,0.42
16/01/2006,0.42
17/01/2006,0.42
18/01/2006,0.42
19/01/2006,0.42
20/01/2006,0.42
21/01/2006,0.42
22/01/2006,0.42
23/01/2006,0.42
24/01/2006,0.42
25/01/2006,0.42
26/01/2006,0.42
27/01/2006,0.42
28/01/2006,0.42
29/01/2006,0.42
30/01/2006,0.42
31/01/2006,0.42
01/02/2006,0.42
02/02/2006,0.42
03/02/2006,0.42
04/02/2006,0.42
05/02/2006,0.42
06/02/2006,0.42
07/02/2006,0.42
08/02/2006,0.42
09/02/2006,0.42
10/02/2006,0.42
11/02/2006,0.42
12/02/2006,0.42
13/02/2006,0.42
14/02/2006,0.42
15/02/2006,0.42
16/02/2006,0.42
17/02/2006,0.42
18/02/2006,0.42
19/02/2006,0.42
20/02/2006,0.42
21/02/2006,0.42
22/02/2006,0.42
23/02/2006,0.42
24/02/2006,0.42
25/02/2006,0.42
26/02/2006,0.42
27/02/2006,0.42
28/02/2006,0.42
01/03/2006,0.42
02/03/2006,0.42
03/03/2006,0.42
04/03/2006,0.42
05/03/2006,0.42
06/03/2006,0.42
07/03/2006,0.42
08/03/2006,0.42
09/03/2006,0.42
10/03/2006,0.42
11/03/2006,0.42
12/03/2006,0.42
13/03/2006,0.42
14/03/2006,0.42
15/03/2006,0.42
16/03/2006,0.42
17/03/2006,0.42
18/03/2006,0.42
19/03/2006,0.42
20/03/2006,0.42
21/03/2006,0.42
22/03/2006,0.42
23/03/2006,0.42
24/03/2006,0.42
25/03/2006,0.42
26/03/2006,0.42
27/03/2006,0.42
28/03/2006,0.42
29/03/2006,0.42
30/03/2006,0.42
31/03/2006,0.42
01/04/2006,0.42
02/04/2006,0.42
03/04/2006,0.42
04/04/2006,0.42
05/04/2006,0.42
06/04/2006,0.42
07/04/2006,0.42
08/04/2006,0.42
09/04/2006,0.42
10/04/2006,0.42
11/04/2006,0.42
12/04/2006,0.42
13/04/2006,0.42
14/04/2006,0.42
15/04/2006,0.42
16/04/2006,0.42
17/04/2006,0.42
18/04/2006,0.42
19/04/2006,0.42
20/04/2006,0.42
21/04/2006,0.42
22/04/2006,0.42
23/04/2006,0.42
24/04/2006,0.42
25/04/2006,0.42
26/04/2006,0.42
27/04/2006,0.42
28/04/2006,0.42
29/04/2006,0.42
30/04/2006,0.42
01/05/2006,0.42
02/05/2006,0.42
03/05/2006,0.42
04/05/2006,0.42
05/05/2006,0.42
06/05/2006,0.42
07/05/2006,0.42
08/05/2006,0.42
09/05/2006,0.42
10/05/2006,0.42
11/05/2006,0.42
12/05/2006,0.42
13/05/2006,0.42
14/05/2006,0.42
15/05/2006,0.42
16/05/2006,0.42
17/05/2006,0.42
18/05/2006,0.42
19/05/2006,0.42
20/05/2006,0.42
21/05/2006,0.42
22/05/2006,0.42
23/05/2006,0.42
24/05/2006,0.42
25/05/2006,0.42
26/05/2006,0.42
27/05/2006,0.42
28/05/2006,0.42
29/05/2006,0.42
30/05/2006,0.42
31/05/2006,0.42
01/06/2006,0.42
02/06/2006,0.42
03/06/2006,0.42
04/06/2006,0.42
05/06/2006,0.42
06/06/2006,0.42
07/06/2006,0.42
08/06/2006,0.42
09/06/2006,0.42
10/06/2006,0.42
11/06/2006,0.42
12/06/2006,0.42
13/06/2006,0.42
14/06/2006,0.42
15/06/2006,0.42
16/06/2006,0.42
17/06/2006,0.42
18/06/2006,0.42
19/06/2006,0.42
20/06/2006,0.42
21/06/2006,0.42
22/06/2006,0.42
23/06/2006,0.42
24/06/2006,0.42
25/06/2006,0.42
26/06/2006,0.42
27/06/2006,0.42
28/06/2006,0.42
29/06/2006,0.42
30/06/2006,0.42
01/07/2006,0.42
02/07/2006,0.42
03/07/2006,0.42
04/07/2006,0.42
05/07/2006,0.42
06/07/2006,0.42
07/07/2006,0.42
08/07/2006,0.42
09/07/2006,0.42
10/07/2006,0.42
11/07/2006,0.42
12/07/2006,0.42
13/07/2006,0.42
14/07/2006,0.42
15/07/2006,0.42
16/07/2006,0.42
17/07/2006,0.42
18/07/2006,0.42
19/07/2006,0.42
20/07/2006,0.42
21/07/2006,0.42
22/07/2006,0.42
23/07/2006,0.42
24/07/2006,0.42
25/07/2006,0.42
26/07/2006,0.42
27/07/2006,0.42
28/07/2006,0.42
29/07/2006,0.42
30/07/2006,0.42
31/07/2006,0.42
01/08/2006,0.42
02/08/2006,0.42
03/08/2006,0.42
04/08/2006,0.42
05/08/2006,0.42
06/08/2006,0.42
07/08/2006,0.42
08/08/2006,0.42
09/08/2006,0.42
10/08/2006,0.42
11/08/2006,0.42
12/08/2006,0.42
13/08/2006,0.42
14/08/2006,0.42
15/08/2006,0.42
16/08/2006,0.42
17/08/2006,0.42
18/08/2006,0.42
19/08/2006,0.42
20/08/2006,0.42
21/08/2006,0.42
22/08/2006,0.42
23/08/2006,0.42
24/08/2006,0.42
25/08/2006,0.42
26/08/2006,0.42
27/08/2006,0.42
28/08/2006,0.42
29/08/2006,0.42
30/08/2006,0.42
31/08/2006,0.42
01/09/2006,0.42
02/09/2006,0.42
03/09/2006,0.42
04/09/2006,0.42
05/09/2006,0.42
06/09/2006,0.42
07/09/2006,0.42
08/09/2006,0.42
09/09/2006,0.42
10/09/2006,0.42
11/09/2006,0.42
12/09/2006,0.42
13/09/2006,0.42
14/09/2006,0.42
15/09/2006,0.42
16/09/2006,0.42
17/09/2006,0.42
18/09/2006,0.42
19/09/2006,0.42
20/09/2006,0.42
21/09/2006,0.42
22/09/2006,0.42
23/09/2006,0.42
24/09/2006,0.42
25/09/2006,0.42
26/09/2006,0.42
27/09/2006,0.42
28/09/2006,0.42
29/09/2006,0.42
30/09/2006,0.42
01/10/2006,0.42
02/10/2006,0.42
03/10/2006,0.42
04/10/2006,0.42
05/10/2006,0.42
06/10/2006,0.42
07/10/2006,0.42
08/10/2006,0.42
09/10/2006,0.42
10/10/2006,0.42
11/10/2006,0.42
12/10/2006,0.42
13/10/2006,0.42
14/10/2006,0.42
15/10/2006,0.42
16/10/2006,0.42
17/10/2006,0.42
18/10/2006,0.42
19/10/2006,0.42
20/10/2006,0.42
21/10/2006,0.42
22/10/2006,0.42
23/10/2006,0.42
24/10/2006,0.42
25/10/2006,0.42
26/10/2006,0.42
27/10/2006,0.42
28/10/2006,0.42
29/10/2006,0.42
30/10/2006,0.42
31/10/2006,0.42
01/11/2006,0.42
02/11/2006,0.42
03/11/2006,0.42
04/11/2006,0.42
05/11/2006,0.42
06/11/2006,0.42
07/11/2006,0.42
08/11/2006,0.42
09/11/2006,0.42
10/11/2006,0.42
11/11/2006,0.42
12/11/2006,0.42
13/11/2006,0.42
14/11/2006,0.42
15/11/2006,0.42
16/11/2006,0.42
17/11/2006,0.42
18/11/2006,0.42
19/11/2006,0.42
20/11/2006,0.42
21/11/2006,0.42
22/11/2006,0.42
23/11/2006,0.42
24/11/2006,0.42
25/11/2006,0.42
26/11/2006,0.42
27/11/2006,0.42
28/11/2006,0.42
29/11/2006,0.42
30/11/2006,0.42
01/12/2006,0.42
02/12/2006,0.42
03/12/2006,0.42
04/12/2006,0.42
05/12/2006,0.42
06/12/2006,0.42
07/12/2006,0.42
08/12/2006,0.42
09/12/2006,0.42
10/12/2006,0.42
11/12/2006,0.42
12/12/2006,0.42
13/12/2006,0.42
14/12/2006,0.42
15/12/2006,0.42
16/12/2006,0.42
17/12/2006,0.42
18/12/2006,0.42
19/12/2006,0.42
20/12/2006,0.42
21/12/2006,0.42
22/12/2006,0.42
23/12/2006,0.42
24/12/2006,0.42
25/12/2006,0.42
26/12/2006,0.42
27/12/2006,0.42
28/12/2006,0.42
29/12/2006,0.42
30/12/2006,0.42
31/12/2006,0.42
01/01/2007,0.42
02/01/2007,0.42
03/01/2007,0.42
04/01/2007,0.42
05/01/2007,0.42
06/01/2007,0.42
07/01/2007,0.42
08/01/2007,0.42
09/01/2007,0.42
10/01/2007,0.42
11/01/2007,0.42
12/01/2007,0.42
13/01/2007,0.42
14/01/2007,0.42
15/01/2007,0.42
16/01/2007,0.42
17/01/2007,0.42
18/01/2007,0.42
19/01/2007,0.42
20/01/2007,0.42
21/01/2007,0.42
22/01/2007,0.42
23/01/2007,0.42
24/01/2007,0.42
25/01/2007,0.42
26/01/2007,0.42
27/01/2007,0.42
28/01/2007,0.42
29/01/2007,0.42
30/01/2007,0.42
31/01/2007,0.42
01/02/2007,0.42
02/02/2007,0.42
03/02/2007,0.42
04/02/2007,0.42
05/02/2007,0.42
06/02/2007,0.42
07/02/2007,0.42
08/02/2007,0.42
09/02/2007,0.42
10/02/2007,0.42
11/02/2007,0.42
12/02/2007,0.42
13/02/2007,0.42
14/02/2007,0.42
15/02/2007,0.42
16/02/2007,0.42
17/02/2007,0.42
18/02/2007,0.42
19/02/2007,0.42
20/02/2007,0.42
21/02/2007,0.42
22/02/2007,0.42
23/02/2007,0.42
24/02/2007,0.42
25/02/2007,0.42
26/02/2007,0.42
27/02/2007,0.42
28/02/2007,0.42
01/03/2007,0.42
02/03/2007,0.42
03/03/2007,0.42
04/03/2007,0.42
05/03/2007,0.42
06/03/2007,0.42
07/03/2007,0.42
08/03/2007,0.42
09/03/2007,0.42
10/03/2007,0.42
11/03/2007,0.42
12/03/2007,0.42
13/03/2007,0.42
14/03/2007,0.42
15/03/2007,0.42
16/03/2007,0.42
17/03/2007,0.42
18/03/2007,0.42
19/03/2007,0.42
20/03/2007,0.42
21/03/2007,0.42
22/03/2007,0.42
23/03/2007,0.42
24/03/2007,0.42
25/03/2007,0.42
26/03/2007,0.42
27/03/2007,0.42
28/03/2007,0.42
29/03/2007,0.42
30/03/2007,0.42
31/03/2007,0.42
01/04/2007,0.42
02/04/2007,0.42
03/04/2007,0.42
04/04/2007,0.42
05/04/2007,0.42
06/04/2007,0.42
07/04/2007,0.42
08/04/2007,0.42
09/04/2007,0.42
10/04/2007,0.42
11/04/2007,0.42
12/04/2007,0.42
13/04/2007,0.42
14/04/2007,0.42
15/04/2007,0.42
16/04/2007,0.42
17/04/2007,0.42
18/04/2007,0.42
19/04/2007,0.42
20/04/2007,0.42
21/04/2007,0.42
22/04/2007,0.42
23/04/2007,0.42
24/04/2007,0.42
25/04/2007,0.42
26/04/2007,0.42
27/04/2007,0.42
28/04/2007,0.42
29/04/2007,0.42
30/04/2007,0.42
01/05/2007,0.42
02/05/2007,0.42
03/05/2007,0.42
04/05/2007,0.42
05/05/2007,0.42
06/05/2007,0.42
07/05/2007,0.42
08/05/2007,0.42
09/05/2007,0.42
10/05/2007,0.42
11/05/2007,0.42
12/05/2007,0.42
13/05/2007,0.42
14/05/2007,0.42
15/05/2007,0.42
16/05/2007,0.42
17/05/2007,0.42
18/05/2007,0.42
19/05/2007,0.42
20/05/2007,0.42
21/05/2007,0.42
22/05/2007,0.42
23/05/2007,0.42
24/05/2007,0.42
25/05/2007,0.42
26/05/2007,0.42
27/05/2007,0.42
28/05/2007,0.42
29/05/2007,0.42
30/05/2007,0.42
31/05/2007,0.42
01/06/2007,0.42
02/06/2007,0.42
03/06/2007,0.42
04/06/2007,0.42
05/06/2007,0.42
06/06/2007,0.42
07/06/2007,0.42
08/06/2007,0.42
09/06/2007,0.42
10/06/2007,0.42
11/06/2007,0.42
12/06/2007,0.42
13/06/2007,0.42
14/06/2007,0.42
15/06/2007,0.42
16/06/2007,0.42
17/06/2007,0.42
18/06/2007,0.42
19/06/2007,0.42
20/06/2007,0.42
21/06/2007,0.42
22/06/2007,0.42
23/06/2007,0.42
24/06/2007,0.42
25/06/2007,0.42
26/06/2007,0.42
27/06/2007,0.42
28/06/2007,0.42
29/06/2007,0.42
30/06/2007,0.42
01/07/2007,0.42
02/07/2007,0.42
03/07/2007,0.42
04/07/2007,0.42
05/07/2007,0.42
06/07/2007,0.42
07/07/2007,0.42
08/07/2007,0.42
09/07/2007,0.42
10/07/2007,0.42
11/07/2007,0.42
12/07/2007,0.42
13/07/2007,0.42
14/07/2007,0.42
15/07/2007,0.42
16/07/2007,0.42
17/07/2007,0.42
18/07/2007,0.42
19/07/2007,0.42
20/07/2007,0.42
21/07/2007,0.42
22/07/2007,0.42
23/07/2007,0.42
24/07/2007,0.42
25/07/2007,0.42
26/07/2007,0.42
27/07/2007,0.42
28/07/2007,0.42
29/07/2007,0.42
30/07/2007,0.42
31/07/2007,0.42
01/08/2007,0.42
02/08/2007,0.42
03/08/2007,0.42
04/08/2007,0.42
05/08/2007,0.42
06/08/2007,0.42
07/08/2007,0.42
08/08/2007,0.42
09/08/2007,0.42
10/08/2007,0.42
11/08/2007,0.42
12/08/2007,0.42
13/08/2007,0.42
14/08/2007,0.42
15/08/2007,0.42
16/08/2007,0.42
17/08/2007,0.42
18/08/2007,0.42
19/08/2007,0.42
20/08/2007,0.42
21/08/2007,0.42
22/08/2007,0.42
23/08/2007,0.42
24/08/2007,0.42
25/08/2007,0.42
26/08/2007,0.42
27/08/2007,0.42
28/08/2007,0.42
29/08/2007,0.42
30/08/2007,0.42
31/08/2007,0.42
01/09/2007,0.42
02/09/2007,0.42
03/09/2007,0.42
04/09/2007,0.42
05/09/2007,0.42
06/09/2007,0.42
07/09/2007,0.42
08/09/2007,0.42
09/09/2007,0.42
10/09/2007,0.42
11/09/2007,0.42
12/09/2007,0.42
13/09/2007,0.42
14/09/2007,0.42
15/09/2007,0.42
16/09/2007,0.42
17/09/2007,0.42
18/09/2007,0.42
19/09/2007,0.42
20/09/2007,0.42
21/09/2007,0.42
22/09/2007,0.42
23/09/2007,0.42
24/09/2007,0.42
25/09/2007,0.42
26/09/2007,0.42
27/09/2007,0.42
28/09/2007,0.42
29/09/2007,0.42
30/09/2007,0.42
01/10/2007,0.42
02/10/2007,0.42
03/10/2007,0.42
04/10/2007,0.42
05/10/2007,0.42
06/10/2007,0.42
07/10/2007,0.42
08/10/2007,0.42
09/10/2007,0.42
10/10/2007,0.42
11/10/2007,0.42
12/10/2007,0.42
13/10/2007,0.42
14/10/2007,0.42
15/10/2007,0.42
16/10/2007,0.42
17/10/2007,0.42
18/10/2007,0.42
19/10/2007,0.42
20/10/2007,0.42
21/10/2007,0.42
22/10/2007,0.42
23/10/2007,0.42
24/10/2007,0.42
25/10/2007,0.42
26/10/2007,0.42
27/10/2007,0.42
28/10/2007,0.42
29/10/2007,0.42
30/10/2007,0.42
31/10/2007,0.42
01/11/2007,0.42
02/11/2007,0.42
03/11/2007,0.42
04/11/2007,0.42
05/11/2007,0.42
06/11/2007,0.42
07/11/2007,0.42
08/11/2007,0.42
09/11/2007,0.42
10/11/2007,0.42
11/11/2007,0.42
12/11/2007,0.42
13/11/2007,0.42
14/11/2007,0.42
15/11/2007,0.42
16/11/2007,0.42
17/11/2007,0.42
18/11/2007,0.42
19/11/2007,0.42
20/11/2007,0.42
21/11/2007,0.42
22/11/2007,0.42
23/11/2007,0.42
24/11/2007,0.42
25/11/2007,0.42
26/11/2007,0.42
27/11/2007,0.42
28/11/2007,0.42
29/11/2007,0.42
30/11/2007,0.42
01/12/2007,0.42
02/12/2007,0.42
03/12/2007,0.42
04/12/2007,0.42
05/12/2007,0.42
06/12/2007,0.42
07/12/2007,0.42
08/12/2007,0.42
09/12/2007,0.42
10/12/2007,0.42
11/12/2007,0.42
12/12/2007,0.42
13/12/2007,0.42
14/12/2007,0.42
15/12/2007,0.42
16/12/2007,0.42
17/12/2007,0.42
18/12/2007,0.42
19/12/2007,0.42
20/12/2007,0.42
21/12/2007,0.42
22/12/2007,0.42
23/12/2007,0.42
24/12/2007,0.42
25/12/2007,0.42
26/12/2007,0.42
27/12/2007,0.42
28/12/2007,0.42
29/12/2007,0.42
30/12/2007,0.42
31/12/2007,0.42
01/01/2008,0.42
02/01/2008,0.42
03/01/2008,0.42
04/01/2008,0.42
05/01/2008,0.42
06/01/2008,0.42
07/01/2008,0.42
08/01/2008,0.42
09/01/2008,0.42
10/01/2008,0.42
11/01/2008,0.42
12/01/2008,0.42
13/01/2008,0.42
14/01/2008,0.42
15/01/2008,0.42
16/01/2008,0.42
17/01/2008,0.42
18/01/2008,0.42
19/01/2008,0.42
20/01/2008,0.42
21/01/2008,0.42
22/01/2008,0.42
23/01/2008,0.42
24/01/2008,0.42
25/01/2008,0.42
26/01/2008,0.42
27/01/2008,0.42
28/01/2008,0.42
29/01/2008,0.42
30/01/2008,0.42
31/01/2008,0.42
01/02/2008,0.42
02/02/2008,0.42
03/02/2008,0.42
04/02/2008,0.42
05/02/2008,0.42
06/02/2008,0.42
07/02/2008,0.42
08/02/2008,0.42
09/02/2008,0.42
10/02/2008,0.42
11/02/2008,0.42
12/02/2008,0.42
13/02/2008,0.42
14/02/2008,0.42
15/02/2008,0.42
16/02/2008,0.42
17/02/2008,0.42
18/02/2008,0.42
19/02/2008,0.42
20/02/2008,0.42
21/02/2008,0.42
22/02/2008,0.42
23/02/2008,0.42
24/02/2008,0.42
25/02/2008,0.42
26/02/2008,0.42
27/02/2008,0.42
28/02/2008,0.42
29/02/2008,0.42
01/03/2008,0.42
02/03/2008,0.42
03/03/2008,0.42
04/03/2008,0.42
05/03/2008,0.42
06/03/2008,0.42
07/03/2008,0.42
08/03/2008,0.42
09/03/2008,0.42
10/03/2008,0.42
11/03/2008,0.42
12/03/2008,0.42
13/03/2008,0.42
14/03/2008,0.42
15/03/2008,0.42
16/03/2008,0.42
17/03/2008,0.42
18/03/2008,0.42
19/03/2008,0.42
20/03/2008,0.42
21/03/2008,0.42
22/03/2008,0.42
23/03/2008,0.42
24/03/2008,0.42
25/03/2008,0.42
26/03/2008,0.42
27/03/2008,0.42
28/03/2008,0.42
29/03/2008,0.42
30/03/2008,0.42
31/03/2008,0.42
01/04/2008,0.42
02/04/2008,0.42
03/04/2008,0.42
04/04/2008,0.42
05/04/2008,0.42
06/04/2008,0.42
07/04/2008,0.42
08/04/2008,0.42
09/04/2008,0.42
10/04/2008,0.42
11/04/2008,0.42
12/04/2008,0.42
13/04/2008,0.42
14/04/2008,0.42
15/04/2008,0.42
16/04/2008,0.42
17/04/2008,0.42
18/04/2008,0.42
19/04/2008,0.42
20/04/2008,0.42
21/04/2008,0.42
22/04/2008,0.42
23/04/2008,0.42
24/04/2008,0.42
25/04/2008,0.42
26/04/2008,0.42
27/04/2008,0.42
28/04/2008,0.42
29/04/2008,0.42
30/04/2008,0.42
01/05/2008,0.42
02/05/2008,0.42
03/05/2008,0.42
04/05/2008,0.42
05/05/2008,0.42
06/05/2008,0.42
07/05/2008,0.42
08/05/2008,0.42
09/05/2008,0.42
10/05/2008,0.42
11/05/2008,0.42
12/05/2008,0.42
13/05/2008,0.42
14/05/2008,0.42
15/05/2008,0.42
16/05/2008,0.42
17/05/2008,0.42
18/05/2008,0.42
19/05/2008,0.42
20/05/2008,0.42
21/05/2008,0.42
22/05/2008,0.42
23/05/2008,0.42
24/05/2008,0.42
25/05/2008,0.42
26/05/2008,0.42
27/05/2008,0.42
28/05/2008,0.42
29/05/2008,0.42
30/05/2008,0.42
31/05/2008,0.42
01/06/2008,0.42
02/06/2008,0.42
03/06/2008,0.42
04/06/2008,0.42
05/06/2008,0.42
06/06/2008,0.42
07/06/2008,0.42
08/06/2008,0.42
09/06/2008,0.42
10/06/2008,0.42
11/06/2008,0.42
12/06/2008,0.42
13/06/2008,0.42
14/06/2008,0.42
15/06/2008,0.42
16/06/2008,0.42
17/06/2008,0.42
18/06/2008,0.42
19/06/2008,0.42
20/06/2008,0.42
21/06/2008,0.42
22/06/2008,0.42
23/06/2008,0.42
24/06/2008,0.42
25/06/2008,0.42
26/06/2008,0.42
27/06/2008,0.42
28/06/2008,0.42
29/06/2008,0.42
30/06/2008,0.42
01/07/2008,0.42
02/07/2008,0.42
03/07/2008,0.42
04/07/2008,0.42
05/07/2008,0.42
06/07/2008,0.42
07/07/2008,0.42
08/07/2008,0.42
09/07/2008,0.42
10/07/2008,0.42
11/07/2008,0.42
12/07/2008,0.42
13/07/2008,0.42
14/07/2008,0.42
15/07/2008,0.42
16/07/2008,0.42
17/07/2008,0.42
18/07/2008,0.42
19/07/2008,0.42
20/07/2008,0.42
21/07/2008,0.42
22/07/2008,0.42
23/07/2008,0.42
24/07/2008,0.42
25/07/2008,0.42
26/07/2008,0.42
27/07/2008,0.42
28/07/2008,0.42
29/07/2008,0.42
30/07/2008,0.42
31/07/2008,0.42
01/08/2008,0.42
02/08/2008,0.42
03/08/2008,0.42
04/08/2008,0.42
05/08/2008,0.42
06/08/2008,0.42
07/08/2008,0.42
08/08/2008,0.42
09/08/2008,0.42
10/08/2008,0.42
11/08/2008,0.42
12/08/2008,0.42
13/08/2008,0.42
14/08/2008,0.42
15/08/2008,0.42
16/08/2008,0.42
17/08/2008,0.42
18/08/2008,0.42
19/08/2008,0.42
20/08/2008,0.42
21/08/2008,0.42
22/08/2008,0.42
23/08/2008,0.42
24/08/2008,0.42
25/08/2008,0.42
26/08/2008,0.42
27/08/2008,0.42
28/08/2008,0.42
29/08/2008,0.42
30/08/2008,0.42
31/08/2008,0.42
01/09/2008,0.42
02/09/2008,0.42
03/09/2008,0.42
04/09/2008,0.42
05/09/2008,0.42
06/09/2008,0.42
07/09/2008,0.42
08/09/2008,0.42
09/09/2008,0.42
10/09/2008,0.42
11/09/2008,0.42
12/09/2008,0.42
13/09/2008,0.42
14/09/2008,0.42
15/09/2008,0.42
16/09/2008,0.42
17/09/2008,0.42
18/09/2008,0.42
19/09/2008,0.42
20/09/2008,0.42
21/09/2008,0.42
22/09/2008,0.42
23/09/2008,0.42
24/09/2008,0.42
25/09/2008,0.42
26/09/2008,0.42
27/09/2008,0.42
28/09/2008,0.42
29/09/2008,0.42
30/09/2008,0.42
01/10/2008,0.42
02/10/2008,0.42
03/10/2008,0.42
04/10/2008,0.42
05/10/2008,0.42
06/10/2008,0.42
07/10/2008,0.42
08/10/2008,0.42
09/10/2008,0.42
10/10/2008,0.42
11/10/2008,0.42
12/10/2008,0.42
13/10/2008,0.42
14/10/2008,0.42
15/10/2008,0.42
16/10/2008,0.42
17/10/2008,0.42
18/10/2008,0.42
19/10/2008,0.42
20/10/2008,0.42
21/10/2008,0.42
22/10/2008,0.42
23/10/2008,0.42
24/10/2008,0.42
25/10/2008,0.42
26/10/2008,0.42
27/10/2008,0.42
28/10/2008,0.42
29/10/2008,0.42
30/10/2008,0.42
31/10/2008,0.42
01/11/2008,0.42
02/11/2008,0.42
03/11/2008,0.42
04/11/2008,0.42
05/11/2008,0.42
06/11/2008,0.42
07/11/2008,0.42
08/11/2008,0.42
09/11/2008,0.42
10/11/2008,0.42
11/11/2008,0.42
12/11/2008,0.42
13/11/2008,0.42
14/11/2008,0.42
15/11/2008,0.42
16/11/2008,0.42
17/11/2008,0.42
18/11/2008,0.42
19/11/2008,0.42
20/11/2008,0.42
21/11/2008,0.42
22/11/2008,0.42
23/11/2008,0.42
24/11/2008,0.42
25/11/2008,0.42
26/11/2008,0.42
27/11/2008,0.42
28/11/2008,0.42
29/11/2008,0.42
30/11/2008,0.42
01/12/2008,0.42
02/12/2008,0.42
03/12/2008,0.42
04/12/2008,0.42
05/12/2008,0.42
06/12/2008,0.42
07/12/2008,0.42
08/12/2008,0.42
09/12/2008,0.42
10/12/2008,0.42
11/12/2008,0.42
12/12/2008,0.42
13/12/2008,0.42
14/12/2008,0.42
15/12/2008,0.42
16/12/2008,0.42
17/12/2008,0.42
18/12/2008,0.42
19/12/2008,0.42
20/12/2008,0.42
21/12/2008,0.42
22/12/2008,0.42
23/12/2008,0.42
24/12/2008,0.42
25/12/2008,0.42
26/12/2008,0.42
27/12/2008,0.42
28/12/2008,0.42
29/12/2008,0.42
30/12/2008,0.42
31/12/2008,0.42
01/01/2009,0.42
02/01/2009,0.42
03/01/2009,0.42
04/01/2009,0.42
05/01/2009,0.42
06/01/2009,0.42
07/01/2009,0.42
08/01/2009,0.42
09/01/2009,0.42
10/01/2009,0.42
11/01/2009,0.42
12/01/2009,0.42
13/01/2009,0.42
14/01/2009,0.42
15/01/2009,0.42
16/01/2009,0.42
17/01/2009,0.42
18/01/2009,0.42
19/01/2009,0.42
20/01/2009,0.42
21/01/2009,0.42
22/01/2009,0.42
23/01/2009,0.42
24/01/2009,0.42
25/01/2009,0.42
26/01/2009,0.42
27/01/2009,0.42
28/01/2009,0.42
29/01/2009,0.42
30/01/2009,0.42
31/01/2009,0.42
01/02/2009,0.42
02/02/2009,0.42
03/02/2009,0.42
04/02/2009,0.42
05/02/2009,0.42
06/02/2009,0.42
07/02/2009,0.42
08/02/2009,0.42
09/02/2009,0.42
10/02/2009,0.42
11/02/2009,0.42
12/02/2009,0.42
13/02/2009,0.42
14/02/2009,0.42
15/02/2009,0.42
16/02/2009,0.42
17/02/2009,0.42
18/02/2009,0.42
19/02/2009,0.42
20/02/2009,0.42
21/02/2009,0.42
22/02/2009,0.42
23/02/2009,0.42
24/02/2009,0.42
25/02/2009,0.42
26/02/2009,0.42
27/02/2009,0.42
28/02/2009,0.42
01/03/2009,0.42
02/03/2009,0.42
03/03/2009,0.42
04/03/2009,0.42
05/03/2009,0.42
06/03/2009,0.42
07/03/2009,0.42
08/03/2009,0.42
09/03/2009,0.42
10/03/2009,0.42
11/03/2009,0.42
12/03/2009,0.42
13/03/2009,0.42
14/03/2009,0.42
15/03/2009,0.42
16/03/2009,0.42
17/03/2009,0.42
18/03/2009,0.42
19/03/2009,0.42
20/03/2009,0.42
21/03/2009,0.42
22/03/2009,0.42
23/03/2009,0.42
24/03/2009,0.42
25/03/2009,0.42
26/03/2009,0.42
27/03/2009,0.42
28/03/2009,0.42
29/03/2009,0.42
30/03/2009,0.42
31/03/2009,0.42
01/04/2009,0.42
02/04/2009,0.42
03/04/2009,0.42
04/04/2009,0.42
05/04/2009,0.42
06/04/2009,0.42
07/04/2009,0.42
08/04/2009,0.42
09/04/2009,0.42
10/04/2009,0.42
11/04/2009,0.42
12/04/2009,0.42
13/04/2009,0.42
14/04/2009,0.42
15/04/2009,0.42
16/04/2009,0.42
17/04/2009,0.42
18/04/2009,0.42
19/04/2009,0.42
20/04/2009,0.42
21/04/2009,0.42
22/04/2009,0.42
23/04/2009,0.42
24/04/2009,0.42
25/04/2009,0.42
26/04/2009,0.42
27/04/2009,0.42
28/04/2009,0.42
29/04/2009,0.42
30/04/2009,0.42
01/05/2009,0.42
02/05/2009,0.42
03/05/2009,0.42
04/05/2009,0.42
05/05/2009,0.42
06/05/2009,0.42
07/05/2009,0.42
08/05/2009,0.42
09/05/2009,0.42
10/05/2009,0.42
11/05/2009,0.42
12/05/2009,0.42
13/05/2009,0.42
14/05/2009,0.42
15/05/2009,0.42
16/05/2009,0.42
17/05/2009,0.42
18/05/2009,0.42
19/05/2009,0.42
20/05/2009,0.42
21/05/2009,0.42
22/05/2009,0.42
23/05/2009,0.42
24/05/2009,0.42
25/05/2009,0.42
26/05/2009,0.42
27/05/2009,0.42
28/05/2009,0.42
29/05/2009,0.42
30/05/2009,0.42
31/05/2009,0.42
01/06/2009,0.42
02/06/2009,0.42
03/06/2009,0.42
04/06/2009,0.42
05/06/2009,0.42
06/06/2009,0.42
07/06/2009,0.42
08/06/2009,0.42
09/06/2009,0.42
10/06/2009,0.42
11/06/2009,0.42
12/06/2009,0.42
13/06/2009,0.42
14/06/2009,0.42
15/06/2009,0.42
16/06/2009,0.42
17/06/2009,0.42
18/06/2009,0.42
19/06/2009,0.42
20/06/2009,0.42
21/06/2009,0.42
22/06/2009,0.42
23/06/2009,0.42
24/06/2009,0.42
25/06/2009,0.42
26/06/2009,0.42
27/06/2009,0.42
28/06/2009,0.42
29/06/2009,0.42
30/06/2009,0.42
01/07/2009,0.42
02/07/2009,0.42
03/07/2009,0.42
04/07/2009,0.42
05/07/2009,0.42
06/07/2009,0.42
07/07/2009,0.42
08/07/2009,0.42
09/07/2009,0.42
10/07/2009,0.42
11/07/2009,0.42
12/07/2009,0.42
13/07/2009,0.42
14/07/2009,0.42
15/07/2009,0.42
16/07/2009,0.42
17/07/2009,0.42
18/07/2009,0.42
19/07/2009,0.42
20/07/2009,0.42
21/07/2009,0.42
22/07/2009,0.42
23/07/2009,0.42
24/07/2009,0.42
25/07/2009,0.42
26/07/2009,0.42
27/07/2009,0.42
28/07/2009,0.42
29/07/2009,0.42
30/07/2009,0.42
31/07/2009,0.42
01/08/2009,0.42
02/08/2009,0.42
03/08/2009,0.42
04/08/2009,0.42
05/08/2009,0.42
06/08/2009,0.42
07/08/2009,0.42
08/08/2009,0.42
09/08/2009,0.42
10/08/2009,0.42
11/08/2009,0.42
12/08/2009,0.42
13/08/2009,0.42
14/08/2009,0.42
15/08/2009,0.42
16/08/2009,0.42
17/08/2009,0.42
18/08/2009,0.42
19/08/2009,0.42
20/08/2009,0.42
21/08/2009,0.42
22/08/2009,0.42
23/08/2009,0.42
24/08/2009,0.42
25/08/2009,0.42
26/08/2009,0.42
27/08/2009,0.42
28/08/2009,0.42
29/08/2009,0.42
30/08/2009,0.42
31/08/2009,0.42
01/09/2009,0.42
02/09/2009,0.42
03/09/2009,0.42
04/09/2009,0.42
05/09/2009,0.42
06/09/2009,0.42
07/09/2009,0.42
08/09/2009,0.42
09/09/2009,0.42
10/09/2009,0.42
11/09/2009,0.42
12/09/2009,0.42
13/09/2009,0.42
14/09/2009,0.42
15/09/2009,0.42
16/09/2009,0.42
17/09/2009,0.42
18/09/2009,0.42
19/09/2009,0.42
20/09/2009,0.42
21/09/2009,0.42
22/09/2009,0.42
23/09/2009,0.42
24/09/2009,0.42
25/09/2009,0.42
26/09/2009,0.42
27/09/2009,0.42
28/09/2009,0.42
29/09/2009,0.42
30/09/2009,0.42
01/10/2009,0.42
02/10/2009,0.42
03/10/2009,0.42
04/10/2009,0.42
05/10/2009,0.42
06/10/2009,0.42
07/10/2009,0.42
08/10/2009,0.42
09/10/2009,0.42
10/10/2009,0.42
11/10/2009,0.42
12/10/2009,0.42
13/10/2009,0.42
14/10/2009,0.42
15/10/2009,0.42
16/10/2009,0.42
17/10/2009,0.42
18/10/2009,0.42
19/10/2009,0.42
20/10/2009,0.42
21/10/2009,0.42
22/10/2009,0.42
23/10/2009,0.42
24/10/2009,0.42
25/10/2009,0.42
26/10/2009,0.42
27/10/2009,0.42
28/10/2009,0.42
29/10/2009,0.42
30/10/2009,0.42
31/10/2009,0.42
01/11/2009,0.42
02/11/2009,0.42
03/11/2009,0.42
04/11/2009,0.42
05/11/2009,0.42
06/11/2009,0.42
07/11/2009,0.42
08/11/2009,0.42
09/11/2009,0.42
10/11/2009,0.42
11/11/2009,0.42
12/11/2009,0.42
13/11/2009,0.42
14/11/2009,0.42
15/11/2009,0.42
16/11/2009,0.42
17/11/2009,0.42
18/11/2009,0.42
19/11/2009,0.42
20/11/2009,0.42
21/11/2009,0.42
22/11/2009,0.42
23/11/2009,0.42
24/11/2009,0.42
25/11/2009,0.42
26/11/2009,0.42
27/11/2009,0.42
28/11/2009,0.42
29/11/2009,0.42
30/11/2009,0.42
01/12/2009,0.42
02/12/2009,0.42
03/12/2009,0.42
04/12/2009,0.42
05/12/2009,0.42
06/12/2009,0.42
07/12/2009,0.42
08/12/2009,0.42
09/12/2009,0.42
10/12/2009,0.42
11/12/2009,0.42
12/12/2009,0.42
13/12/2009,0.42
14/12/2009,0.42
15/12/2009,0.42
16/12/2009,0.42
17/12/2009,0.42
18/12/2009,0.42
19/12/2009,0.42
20/12/2009,0.42
21/12/2009,0.42
22/12/2009,0.42
23/12/2009,0.42
24/12/2009,0.42
25/12/2009,0.42
26/12/2009,0.42
27/12/2009,0.42
28/12/2009,0.42
29/12/2009,0.42
30/12/2009,0.42
31/12/2009,0.42
01/01/2010,0.42
02/01/2010,0.42
03/01/2010,0.42
04/01/2010,0.42
05/01/2010,0.42
06/01/2010,0.42
07/01/2010,0.42
08/01/2010,0.42
09/01/2010,0.42
10/01/2010,0.42
11/01/2010,0.42
12/01/2010,0.42
13/01/2010,0.42
14/01/2010,0.42
15/01/2010,0.42
16/01/2010,0.42
17/01/2010,0.42
18/01/2010,0.42
19/01/2010,0.42
20/01/2010,0.42
21/01/2010,0.42
22/01/2010,0.42
23/01/2010,0.42
24/01/2010,0.42
25/01/2010,0.42
26/01/2010,0.42
27/01/2010,0.42
28/01/2010,0.42
29/01/2010,0.42
30/01/2010,0.42
31/01/2010,0.42
01/02/2010,0.42
02/02/2010,0.42
03/02/2010,0.42
04/02/2010,0.42
05/02/2010,0.42
06/02/2010,0.42
07/02/2010,0.42
08/02/2010,0.42
09/02/2010,0.42
10/02/2010,0.42
11/02/2010,0.42
12/02/2010,0.42
13/02/2010,0.42
14/02/2010,0.42
15/02/2010,0.42
16/02/2010,0.42
17/02/2010,0.42
18/02/2010,0.42
19/02/2010,0.42
20/02/2010,0.42
21/02/2010,0.42
22/02/2010,0.42
23/02/2010,0.42
24/02/2010,0.42
25/02/2010,0.42
26/02/2010,0.42
27/02/2010,0.42
28/02/2010,0.42
01/03/2010,0.42
02/03/2010,0.42
03/03/2010,0.42
04/03/2010,0.42
05/03/2010,0.42
06/03/2010,0.42
07/03/2010,0.42
08/03/2010,0.42
09/03/2010,0.42
10/03/2010,0.42
11/03/2010,0.42
12/03/2010,0.42
13/03/2010,0.42
14/03/2010,0.42
15/03/2010,0.42
16/03/2010,0.42
17/03/2010,0.42
18/03/2010,0.42
19/03/2010,0.42
20/03/2010,0.42
21/03/2010,0.42
22/03/2010,0.42
23/03/2010,0.42
24/03/2010,0.42
25/03/2010,0.42
26/03/2010,0.42
27/03/2010,0.42
28/03/2010,0.42
29/03/2010,0.42
30/03/2010,0.42
31/03/2010,0.42
01/04/2010,0.42
02/04/2010,0.42
03/04/2010,0.42
04/04/2010,0.42
05/04/2010,0.42
06/04/2010,0.42
07/04/2010,0.42
08/04/2010,0.42
09/04/2010,0.42
10/04/2010,0.42
11/04/2010,0.42
12/04/2010,0.42
13/04/2010,0.42
14/04/2010,0.42
15/04/2010,0.42
16/04/2010,0.42
17/04/2010,0.42
18/04/2010,0.42
19/04/2010,0.42
20/04/2010,0.42
21/04/2010,0.42
22/04/2010,0.42
23/04/2010,0.42
24/04/2010,0.42
25/04/2010,0.42
26/04/2010,0.42
27/04/2010,0.42
28/04/2010,0.42
29/04/2010,0.42
30/04/2010,0.42
01/05/2010,0.42
02/05/2010,0.42
03/05/2010,0.42
04/05/2010,0.42
05/05/2010,0.42
06/05/2010,0.42
07/05/2010,0.42
08/05/2010,0.42
09/05/2010,0.42
10/05/2010,0.42
11/05/2010,0.42
12/05/2010,0.42
13/05/2010,0.42
14/05/2010,0.42
15/05/2010,0.42
16/05/2010,0.42
17/05/2010,0.42
18/05/2010,0.42
19/05/2010,0.42
20/05/2010,0.42
21/05/2010,0.42
22/05/2010,0.42
23/05/2010,0.42
24/05/2010,0.42
25/05/2010,0.42
26/05/2010,0.42
27/05/2010,0.42
28/05/2010,0.42
29/05/2010,0.42
30/05/2010,0.42
31/05/2010,0.42
01/06/2010,0.42
02/06/2010,0.42
03/06/2010,0.42
04/06/2010,0.42
05/06/2010,0.42
06/06/2010,0.42
07/06/2010,0.42
08/06/2010,0.42
09/06/2010,0.42
10/06/2010,0.42
11/06/2010,0.42
12/06/2010,0.42
13/06/2010,0.42
14/06/2010,0.42
15/06/2010,0.42
16/06/2010,0.42
17/06/2010,0.42
18/06/2010,0.42
19/06/2010,0.42
20/06/2010,0.42
21/06/2010,0.42
22/06/2010,0.42
23/06/2010,0.42
24/06/2010,0.42
25/06/2010,0.42
26/06/2010,0.42
27/06/2010,0.42
28/06/2010,0.42
29/06/2010,0.42
30/06/2010,0.42
01/07/2010,0.42
02/07/2010,0.42
03/07/2010,0.42
04/07/2010,0.42
05/07/2010,0.42
06/07/2010,0.42
07/07/2010,0.42
08/07/2010,0.42
09/07/2010,0.42
10/07/2010,0.42
11/07/2010,0.42
12/07/2010,0.42
13/07/2010,0.42
14/07/2010,0.42
15/07/2010,0.42
16/07/2010,0.42
17/07/2010,0.42
18/07/2010,0.42
19/07/2010,0.42
20/07/2010,0.42
21/07/2010,0.42
22/07/2010,0.42
23/07/2010,0.42
24/07/2010,0.42
25/07/2010,0.42
26/07/2010,0.42
27/07/2010,0.42
28/07/2010,0.42
29/07/2010,0.42
30/07/2010,0.42
31/07/2010,0.42
01/08/2010,0.42
02/08/2010,0.42
03/08/2010,0.42
04/08/2010,0.42
05/08/2010,0.42
06/08/2010,0.42
07/08/2010,0.42
08/08/2010,0.42
09/08/2010,0.42
10/08/2010,0.42
11/08/2010,0.42
12/08/2010,0.42
13/08/2010,0.42
14/08/2010,0.42
15/08/2010,0.42
16/08/2010,0.42
17/08/2010,0.42
18/08/2010,0.42
19/08/2010,0.42
20/08/2010,0.42
21/08/2010,0.42
22/08/2010,0.42
23/08/2010,0.42
24/08/2010,0.42
25/08/2010,0.42
26/08/2010,0.42
27/08/2010,0.42
28/08/2010,0.42
29/08/2010,0.42
30/08/2010,0.42
31/08/2010,0.42
01/09/2010,0.42
02/09/2010,0.42
03/09/2010,0.42
04/09/2010,0.42
05/09/2010,0.42
06/09/2010,0.42
07/09/2010,0.42
08/09/2010,0.42
09/09/2010,0.42
10/09/2010,0.42
11/09/2010,0.42
12/09/2010,0.42
13/09/2010,0.42
14/09/2010,0.42
15/09/2010,0.42
16/09/2010,0.42
17/09/2010,0.42
18/09/2010,0.42
19/09/2010,0.42
20/09/2010,0.42
21/09/2010,0.42
22/09/2010,0.42
23/09/2010,0.42
24/09/2010,0.42
25/09/2010,0.42
26/09/2010,0.42
27/09/2010,0.42
28/09/2010,0.42
29/09/2010,0.42
30/09/2010,0.42
01/10/2010,0.42
02/10/2010,0.42
03/10/2010,0.42
04/10/2010,0.42
05/10/2010,0.42
06/10/2010,0.42
07/10/2010,0.42
08/10/2010,0.42
09/10/2010,0.42
10/10/2010,0.42
11/10/2010,0.42
12/10/2010,0.42
13/10/2010,0.42
14/10/2010,0.42
15/10/2010,0.42
16/10/2010,0.42
17/10/2010,0.42
18/10/2010,0.42
19/10/2010,0.42
20/10/2010,0.42
21/10/2010,0.42
22/10/2010,0.42
23/10/2010,0.42
24/10/2010,0.42
25/10/2010,0.42
26/10/2010,0.42
27/10/2010,0.42
28/10/2010,0.42
29/10/2010,0.42
30/10/2010,0.42
31/10/2010,0.42
01/11/2010,0.42
02/11/2010,0.42
03/11/2010,0.42
04/11/2010,0.42
05/11/2010,0.42
06/11/2010,0.42
07/11/2010,0.42
08/11/2010,0.42
09/11/2010,0.42
10/11/2010,0.42
11/11/2010,0.42
12/11/2010,0.42
13/11/2010,0.42
14/11/2010,0.42
15/11/2010,0.42
16/11/2010,0.42
17/11/2010,0.42
18/11/2010,0.42
19/11/2010,0.42
20/11/2010,0.42
21/11/2010,0.42
22/11/2010,0.42
23/11/2010,0.42
24/11/2010,0.42
25/11/2010,0.42
26/11/2010,0.42
27/11/2010,0.42
28/11/2010,0.42
29/11/2010,0.42
30/11/2010,0.42
01/12/2010,0.42
02/12/2010,0.42
03/12/2010,0.42
04/12/2010,0.42
05/12/2010,0.42
06/12/2010,0.42
07/12/2010,0.42
08/12/2010,0.42
09/12/2010,0.42
10/12/2010,0.42
11/12/2010,0.42
12/12/2010,0.42
13/12/2010,0.42
14/12/2010,0.42
15/12/2010,0.42
16/12/2010,0.42
17/12/2010,0.42
18/12/2010,0.42
19/12/2010,0.42
20/12/2010,0.42
21/12/2010,0.42
22/12/2010,0.42
23/12/2010,0.42
24/12/2010,0.42
25/12/2010,0.42
26/12/2010,0.42
27/12/2010,0.42
28/12/2010,0.42
29/12/2010,0.42
30/12/2010,0.42
31/12/2010,0.42
01/01/2011,0.42
02/01/2011,0.42
03/01/2011,0.42
04/01/2011,0.42
05/01/2011,0.42
06/01/2011,0.42
07/01/2011,0.42
08/01/2011,0.42
09/01/2011,0.42
10/01/2011,0.42
11/01/2011,0.42
12/01/2011,0.42
13/01/2011,0.42
14/01/2011,0.42
15/01/2011,0.42
16/01/2011,0.42
17/01/2011,0.42
18/01/2011,0.42
19/01/2011,0.42
20/01/2011,0.42
21/01/2011,0.42
22/01/2011,0.42
23/01/2011,0.42
24/01/2011,0.42
25/01/2011,0.42
26/01/2011,0.42
27/01/2011,0.42
28/01/2011,0.42
29/01/2011,0.42
30/01/2011,0.42
31/01/2011,0.42
01/02/2011,0.42
02/02/2011,0.42
03/02/2011,0.42
04/02/2011,0.42
05/02/2011,0.42
06/02/2011,0.42
07/02/2011,0.42
08/02/2011,0.42
09/02/2011,0.42
10/02/2011,0.42
11/02/2011,0.42
12/02/2011,0.42
13/02/2011,0.42
14/02/2011,0.42
15/02/2011,0.42
16/02/2011,0.42
17/02/2011,0.42
18/02/2011,0.42
19/02/2011,0.42
20/02/2011,0.42
21/02/2011,0.42
22/02/2011,0.42
23/02/2011,0.42
24/02/2011,0.42
25/02/2011,0.42
26/02/2011,0.42
27/02/2011,0.42
28/02/2011,0.42
01/03/2011,0.42
02/03/2011,0.42
03/03/2011,0.42
04/03/2011,0.42
05/03/2011,0.42
06/03/2011,0.42
07/03/2011,0.42
08/03/2011,0.42
09/03/2011,0.42
10/03/2011,0.42
11/03/2011,0.42
12/03/2011,0.42
13/03/2011,0.42
14/03/2011,0.42
15/03/2011,0.42
16/03/2011,0.42
17/03/2011,0.42
18/03/2011,0.42
19/03/2011,0.42
20/03/2011,0.42
21/03/2011,0.42
22/03/2011,0.42
23/03/2011,0.42
24/03/2011,0.42
25/03/2011,0.42
26/03/2011,0.42
27/03/2011,0.42
28/03/2011,0.42
29/03/2011,0.42
30/03/2011,0.42
31/03/2011,0.42
01/04/2011,0.42
02/04/2011,0.42
03/04/2011,0.42
04/04/2011,0.42
05/04/2011,0.42
06/04/2011,0.42
07/04/2011,0.42
08/04/2011,0.42
09/04/2011,0.42
10/04/2011,0.42
11/04/2011,0.42
12/04/2011,0.42
13/04/2011,0.42
14/04/2011,0.42
15/04/2011,0.42
16/04/2011,0.42
17/04/2011,0.42
18/04/2011,0.42
19/04/2011,0.42
20/04/2011,0.42
21/04/2011,0.42
22/04/2011,0.42
23/04/2011,0.42
24/04/2011,0.42
25/04/2011,0.42
26/04/2011,0.42
27/04/2011,0.42
28/04/2011,0.42
29/04/2011,0.42
30/04/2011,0.42
01/05/2011,0.42
02/05/2011,0.42
03/05/2011,0.42
04/05/2011,0.42
05/05/2011,0.42
06/05/2011,0.42
07/05/2011,0.42
08/05/2011,0.42
09/05/2011,0.42
10/05/2011,0.42
11/05/2011,0.42
12/05/2011,0.42
13/05/2011,0.42
14/05/2011,0.42
15/05/2011,0.42
16/05/2011,0.42
17/05/2011,0.42
18/05/2011,0.42
19/05/2011,0.42
20/05/2011,0.42
21/05/2011,0.42
22/05/2011,0.42
23/05/2011,0.42
24/05/2011,0.42
25/05/2011,0.42
26/05/2011,0.42
27/05/2011,0.42
28/05/2011,0.42
29/05/2011,0.42
30/05/2011,0.42
31/05/2011,0.42
01/06/2011,0.42
02/06/2011,0.42
03/06/2011,0.42
04/06/2011,0.42
05/06/2011,0.42
06/06/2011,0.42
07/06/2011,0.42
08/06/2011,0.42
09/06/2011,0.42
10/06/2011,0.42
11/06/2011,0.42
12/06/2011,0.42
13/06/2011,0.42
14/06/2011,0.42
15/06/2011,0.42
16/06/2011,0.42
17/06/2011,0.42
18/06/2011,0.42
19/06/2011,0.42
20/06/2011,0.42
21/06/2011,0.42
22/06/2011,0.42
23/06/2011,0.42
24/06/2011,0.42
25/06/2011,0.42
26/06/2011,0.42
27/06/2011,0.42
28/06/2011,0.42
29/06/2011,0.42
30/06/2011,0.42
01/07/2011,0.42
02/07/2011,0.42
03/07/2011,0.42
04/07/2011,0.42
05/07/2011,0.42
06/07/2011,0.42
07/07/2011,0.42
08/07/2011,0.42
09/07/2011,0.42
10/07/2011,0.42
11/07/2011,0.42
12/07/2011,0.42
13/07/2011,0.42
14/07/2011,0.42
15/07/2011,0.42
16/07/2011,0.42
17/07/2011,0.42
18/07/2011,0.42
19/07/2011,0.42
20/07/2011,0.42
21/07/2011,0.42
22/07/2011,0.42
23/07/2011,0.42
24/07/2011,0.42
25/07/2011,0.42
26/07/2011,0.42
27/07/2011,0.42
28/07/2011,0.42
29/07/2011,0.42
30/07/2011,0.42
31/07/2011,0.42
01/08/2011,0.42
02/08/2011,0.42
03/08/2011,0.42
04/08/2011,0.42
05/08/2011,0.42
06/08/2011,0.42
07/08/2011,0.42
08/08/2011,0.42
09/08/2011,0.42
10/08/2011,0.42
11/08/2011,0.42
12/08/2011,0.42
13/08/2011,0.42
14/08/2011,0.42
15/08/2011,0.42
16/08/2011,0.42
17/08/2011,0.42
18/08/2011,0.42
19/08/2011,0.42
20/08/2011,0.42
21/08/2011,0.42
22/08/2011,0.42
23/08/2011,0.42
24/08/2011,0.42
25/08/2011,0.42
26/08/2011,0.42
27/08/2011,0.42
28/08/2011,0.42
29/08/2011,0.42
30/08/2011,0.42
31/08/2011,0.42
01/09/2011,0.42
02/09/2011,0.42
03/09/2011,0.42
04/09/2011,0.42
05/09/2011,0.42
06/09/2011,0.42
07/09/2011,0.42
08/09/2011,0.42
09/09/2011,0.42
10/09/2011,0.42
11/09/2011,0.42
12/09/2011,0.42
13/09/2011,0.42
14/09/2011,0.42
15/09/2011,0.42
16/09/2011,0.42
17/09/2011,0.42
18/09/2011,0.42
19/09/2011,0.42
20/09/2011,0.42
21/09/2011,0.42
22/09/2011,0.42
23/09/2011,0.42
24/09/2011,0.42
25/09/2011,0.42
26/09/2011,0.42
27/09/2011,0.42
28/09/2011,0.42
29/09/2011,0.42
30/09/2011,0.42
01/10/2011,0.42
02/10/2011,0.42
03/10/2011,0.42
04/10/2011,0.42
05/10/2011,0.42
06/10/2011,0.42
07/10/2011,0.42
08/10/2011,0.42
09/10/2011,0.42
10/10/2011,0.42
11/10/2011,0.42
12/10/2011,0.42
13/10/2011,0.42
14/10/2011,0.42
15/10/2011,0.42
16/10/2011,0.42
17/10/2011,0.42
18/10/2011,0.42
19/10/2011,0.42
20/10/2011,0.42
21/10/2011,0.42
22/10/2011,0.42
23/10/2011,0.42
24/10/2011,0.42
25/10/2011,0.42
26/10/2011,0.42
27/10/2011,0.42
28/10/2011,0.42
29/10/2011,0.42
30/10/2011,0.42
31/10/2011,0.42
01/11/2011,0.42
02/11/2011,0.42
03/11/2011,0.42
04/11/2011,0.42
05/11/2011,0.42
06/11/2011,0.42
07/11/2011,0.42
08/11/2011,0.42
09/11/2011,0.42
10/11/2011,0.42
11/11/2011,0.42
12/11/2011,0.42
13/11/2011,0.42
14/11/2011,0.42
15/11/2011,0.42
16/11/2011,0.42
17/11/2011,0.42
18/11/2011,0.42
19/11/2011,0.42
20/11/2011,0.42
21/11/2011,0.42
22/11/2011,0.42
23/11/2011,0.42
24/11/2011,0.42
25/11/2011,0.42
26/11/2011,0.42
27/11/2011,0.42
28/11/2011,0.42
29/11/2011,0.42
30/11/2011,0.42
01/12/2011,0.42
02/12/2011,0.42
03/12/2011,0.42
04/12/2011,0.42
05/12/2011,0.42
06/12/2011,0.42
07/12/2011,0.42
08/12/2011,0.42
09/12/2011,0.42
10/12/2011,0.42
11/12/2011,0.42
12/12/2011,0.42
13/12/2011,0.42
14/12/2011,0.42
15/12/2011,0.42
16/12/2011,0.42
17/12/2011,0.42
18/12/2011,0.42
19/12/2011,0.42
20/12/2011,0.42
21/12/2011,0.42
22/12/2011,0.42
23/12/2011,0.42
24/12/2011,0.42
25/12/2011,0.42
26/12/2011,0.42
27/12/2011,0.42
28/12/2011,0.42
29/12/2011,0.42
30/12/2011,0.42
31/12/2011,0.42
01/01/2012,0.42
02/01/2012,0.42
03/01/2012,0.42
04/01/2012,0.42
05/01/2012,0.42
06/01/2012,0.42
07/01/2012,0.42
08/01/2012,0.42
09/01/2012,0.42
10/01/2012,0.42
11/01/2012,0.42
12/01/2012,0.42
13/01/2012,0.42
14/01/2012,0.42
15/01/2012,0.42
16/01/2012,0.42
17/01/2012,0.42
18/01/2012,0.42
19/01/2012,0.42
20/01/2012,0.42
21/01/2012,0.42
22/01/2012,0.42
23/01/2012,0.42
24/01/2012,0.42
25/01/2012,0.42
26/01/2012,0.42
27/01/2012,0.42
28/01/2012,0.42
29/01/2012,0.42
30/01/2012,0.42
31/01/2012,0.42
01/02/2012,0.42
02/02/2012,0.42
03/02/2012,0.42
04/02/2012,0.42
05/02/2012,0.42
06/02/2012,0.42
07/02/2012,0.42
08/02/2012,0.42
09/02/2012,0.42
10/02/2012,0.42
11/02/2012,0.42
12/02/2012,0.42
13/02/2012,0.42
14/02/2012,0.42
15/02/2012,0.42
16/02/2012,0.42
17/02/2012,0.42
18/02/2012,0.42
19/02/2012,0.42
20/02/2012,0.42
21/02/2012,0.42
22/02/2012,0.42
23/02/2012,0.42
24/02/2012,0.42
25/02/2012,0.42
26/02/2012,0.42
27/02/2012,0.42
28/02/2012,0.42
29/02/2012,0.42
01/03/2012,0.42
02/03/2012,0.42
03/03/2012,0.42
04/03/2012,0.42
05/03/2012,0.42
06/03/2012,0.42
07/03/2012,0.42
08/03/2012,0.42
09/03/2012,0.42
10/03/2012,0.42
11/03/2012,0.42
12/03/2012,0.42
13/03/2012,0.42
14/03/2012,0.42
15/03/2012,0.42
16/03/2012,0.42
17/03/2012,0.42
18/03/2012,0.42
19/03/2012,0.42
20/03/2012,0.42
21/03/2012,0.42
22/03/2012,0.42
23/03/2012,0.42
24/03/2012,0.42
25/03/2012,0.42
26/03/2012,0.42
27/03/2012,0.42
28/03/2012,0.42
29/03/2012,0.42
30/03/2012,0.42
31/03/2012,0.42
01/04/2012,0.42
02/04/2012,0.42
03/04/2012,0.42
04/04/2012,0.42
05/04/2012,0.42
06/04/2012,0.42
07/04/2012,0.42
08/04/2012,0.42
09/04/2012,0.42
10/04/2012,0.42
11/04/2012,0.42
12/04/2012,0.42
13/04/2012,0.42
14/04/2012,0.42
15/04/2012,0.42
16/04/2012,0.42
17/04/2012,0.42
18/04/2012,0.42
19/04/2012,0.42
20/04/2012,0.42
21/04/2012,0.42
22/04/2012,0.42
23/04/2012,0.42
24/04/2012,0.42
25/04/2012,0.42
26/04/2012,0.42
27/04/2012,0.42
28/04/2012,0.42
29/04/2012,0.42
30/04/2012,0.42
01/05/2012,0.42
02/05/2012,0.42
03/05/2012,0.42
04/05/2012,0.42
05/05/2012,0.42
06/05/2012,0.42
07/05/2012,0.42
08/05/2012,0.42
09/05/2012,0.42
10/05/2012,0.42
11/05/2012,0.42
12/05/2012,0.42
13/05/2012,0.42
14/05/2012,0.42
15/05/2012,0.42
16/05/2012,0.42
17/05/2012,0.42
18/05/2012,0.42
19/05/2012,0.42
20/05/2012,0.42
21/05/2012,0.42
22/05/2012,0.42
23/05/2012,0.42
24/05/2012,0.42
25/05/2012,0.42
26/05/2012,0.42
27/05/2012,0.42
28/05/2012,0.42
29/05/2012,0.42
30/05/2012,0.42
31/05/2012,0.42
01/06/2012,0.42
02/06/2012,0.42
03/06/2012,0.42
04/06/2012,0.42
05/06/2012,0.42
06/06/2012,0.42
07/06/2012,0.42
08/06/2012,0.42
09/06/2012,0.42
10/06/2012,0.42
11/06/2012,0.42
12/06/2012,0.42
13/06/2012,0.42
14/06/2012,0.42
15/06/2012,0.42
16/06/2012,0.42
17/06/2012,0.42
18/06/2012,0.42
19/06/2012,0.42
20/06/2012,0.42
21/06/2012,0.42
22/06/2012,0.42
23/06/2012,0.42
24/06/2012,0.42
25/06/2012,0.42
26/06/2012,0.42
27/06/2012,0.42
28/06/2012,0.42
29/06/2012,0.42
30/06/2012,0.42
01/07/2012,0.42
02/07/2012,0.42
03/07/2012,0.42
04/07/2012,0.42
05/07/2012,0.42
06/07/2012,0.42
07/07/2012,0.42
08/07/2012,0.42
09/07/2012,0.42
10/07/2012,0.42
11/07/2012,0.42
12/07/2012,0.42
13/07/2012,0.42
14/07/2012,0.42
15/07/2012,0.42
16/07/2012,0.42
17/07/2012,0.42
18/07/2012,0.42
19/07/2012,0.42
20/07/2012,0.42
21/07/2012,0.42
22/07/2012,0.42
23/07/2012,0.42
24/07/2012,0.42
25/07/2012,0.42
26/07/2012,0.42
27/07/2012,0.42
28/07/2012,0.42
29/07/2012,0.42
30/07/2012,0.42
31/07/2012,0.42
01/08/2012,0.42
02/08/2012,0.42
03/08/2012,0.42
04/08/2012,0.42
05/08/2012,0.42
06/08/2012,0.42
07/08/2012,0.42
08/08/2012,0.42
09/08/2012,0.42
10/08/2012,0.42
11/08/2012,0.42
12/08/2012,0.42
13/08/2012,0.42
14/08/2012,0.42
15/08/2012,0.42
16/08/2012,0.42
17/08/2012,0.42
18/08/2012,0.42
19/08/2012,0.42
20/08/2012,0.42
21/08/2012,0.42
22/08/2012,0.42
23/08/2012,0.42
24/08/2012,0.42
25/08/2012,0.42
26/08/2012,0.42
27/08/2012,0.42
28/08/2012,0.42
29/08/2012,0.42
30/08/2012,0.42
31/08/2012,0.42
01/09/2012,0.42
02/09/2012,0.42
03/09/2012,0.42
04/09/2012,0.42
05/09/2012,0.42
06/09/2012,0.42
07/09/2012,0.42
08/09/2012,0.42
09/09/2012,0.42
10/09/2012,0.42
11/09/2012,0.42
12/09/2012,0.42
13/09/2012,0.42
14/09/2012,0.42
15/09/2012,0.42
16/09/2012,0.42
17/09/2012,0.42
18/09/2012,0.42
19/09/2012,0.42
20/09/2012,0.42
21/09/2012,0.42
22/09/2012,0.42
23/09/2012,0.42
24/09/2012,0.42
25/09/2012,0.42
26/09/2012,0.42
27/09/2012,0.42
28/09/2012,0.42
29/09/2012,0.42
30/09/2012,0.42
01/10/2012,0.42
02/10/2012,0.42
03/10/2012,0.42
04/10/2012,0.42
05/10/2012,0.42
06/10/2012,0.42
07/10/2012,0.42
08/10/2012,0.42
09/10/2012,0.42
10/10/2012,0.42
11/10/2012,0.42
12/10/2012,0.42
13/10/2012,0.42
14/10/2012,0.42
15/10/2012,0.42
16/10/2012,0.42
17/10/2012,0.42
18/10/2012,0.42
19/10/2012,0.42
20/10/2012,0.42
21/10/2012,0.42
22/10/2012,0.42
23/10/2012,0.42
24/10/2012,0.42
25/10/2012,0.42
26/10/2012,0.42
27/10/2012,0.42
28/10/2012,0.42
29/10/2012,0.42
30/10/2012,0.42
31/10/2012,0.42
01/11/2012,0.42
02/11/2012,0.42
03/11/2012,0.42
04/11/2012,0.42
05/11/2012,0.42
06/11/2012,0.42
07/11/2012,0.42
08/11/2012,0.42
09/11/2012,0.42
10/11/2012,0.42
11/11/2012,0.42
12/11/2012,0.42
13/11/2012,0.42
14/11/2012,0.42
15/11/2012,0.42
16/11/2012,0.42
17/11/2012,0.42
18/11/2012,0.42
19/11/2012,0.42
20/11/2012,0.42
21/11/2012,0.42
22/11/2012,0.42
23/11/2012,0.42
24/11/2012,0.42
25/11/2012,0.42
26/11/2012,0.42
27/11/2012,0.42
28/11/2012,0.42
29/11/2012,0.42
30/11/2012,0.42
01/12/2012,0.42
02/12/2012,0.42
03/12/2012,0.42
04/12/2012,0.42
05/12/2012,0.42
06/12/2012,0.42
07/12/2012,0.42
08/12/2012,0.42
09/12/2012,0.42
10/12/2012,0.42
11/12/2012,0.42
12/12/2012,0.42
13/12/2012,0.42
14/12/2012,0.42
15/12/2012,0.42
16/12/2012,0.42
17/12/2012,0.42
18/12/2012,0.42
19/12/2012,0.42
20/12/2012,0.42
21/12/2012,0.42
22/12/2012,0.42
23/12/2012,0.42
24/12/2012,0.42
25/12/2012,0.42
26/12/2012,0.42
27/12/2012,0.42
28/12/2012,0.42
29/12/2012,0.42
30/12/2012,0.42
31/12/2012,0.42
01/01/2013,0.42
02/01/2013,0.42
03/01/2013,0.42
04/01/2013,0.42
05/01/2013,0.42
06/01/2013,0.42
07/01/2013,0.42
08/01/2013,0.42
09/01/2013,0.42
10/01/2013,0.42
11/01/2013,0.42
12/01/2013,0.42
13/01/2013,0.42
14/01/2013,0.42
15/01/2013,0.42
16/01/2013,0.42
17/01/2013,0.42
18/01/2013,0.42
19/01/2013,0.42
20/01/2013,0.42
21/01/2013,0.42
22/01/2013,0.42
23/01/2013,0.42
24/01/2013,0.42
25/01/2013,0.42
26/01/2013,0.42
27/01/2013,0.42
28/01/2013,0.42
29/01/2013,0.42
30/01/2013,0.42
31/01/2013,0.42
01/02/2013,0.42
02/02/2013,0.42
03/02/2013,0.42
04/02/2013,0.42
05/02/2013,0.42
06/02/2013,0.42
07/02/2013,0.42
08/02/2013,0.42
09/02/2013,0.42
10/02/2013,0.42
11/02/2013,0.42
12/02/2013,0.42
13/02/2013,0.42
14/02/2013,0.42
15/02/2013,0.42
16/02/2013,0.42
17/02/2013,0.42
18/02/2013,0.42
19/02/2013,0.42
20/02/2013,0.42
21/02/2013,0.42
22/02/2013,0.42
23/02/2013,0.42
24/02/2013,0.42
25/02/2013,0.42
26/02/2013,0.42
27/02/2013,0.42
28/02/2013,0.42
01/03/2013,0.42
02/03/2013,0.42
03/03/2013,0.42
04/03/2013,0.42
05/03/2013,0.42
06/03/2013,0.42
07/03/2013,0.42
08/03/2013,0.42
09/03/2013,0.42
10/03/2013,0.42
11/03/2013,0.42
12/03/2013,0.42
13/03/2013,0.42
14/03/2013,0.42
15/03/2013,0.42
16/03/2013,0.42
17/03/2013,0.42
18/03/2013,0.42
19/03/2013,0.42
20/03/2013,0.42
21/03/2013,0.42
22/03/2013,0.42
23/03/2013,0.42
24/03/2013,0.42
25/03/2013,0.42
26/03/2013,0.42
27/03/2013,0.42
28/03/2013,0.42
29/03/2013,0.42
30/03/2013,0.42
31/03/2013,0.42
01/04/2013,0.42
02/04/2013,0.42
03/04/2013,0.42
04/04/2013,0.42
05/04/2013,0.42
06/04/2013,0.42
07/04/2013,0.42
08/04/2013,0.42
09/04/2013,0.42
10/04/2013,0.42
11/04/2013,0.42
12/04/2013,0.42
13/04/2013,0.42
14/04/2013,0.42
15/04/2013,0.42
16/04/2013,0.42
17/04/2013,0.42
18/04/2013,0.42
19/04/2013,0.42
20/04/2013,0.42
21/04/2013,0.42
22/04/2013,0.42
23/04/2013,0.42
24/04/2013,0.42
25/04/2013,0.42
26/04/2013,0.42
27/04/2013,0.42
28/04/2013,0.42
29/04/2013,0.42
30/04/2013,0.42
01/05/2013,0.42
02/05/2013,0.42
03/05/2013,0.42
04/05/2013,0.42
05/05/2013,0.42
06/05/2013,0.42
07/05/2013,0.42
08/05/2013,0.42
09/05/2013,0.42
10/05/2013,0.42
11/05/2013,0.42
12/05/2013,0.42
13/05/2013,0.42
14/05/2013,0.42
15/05/2013,0.42
16/05/2013,0.42
17/05/2013,0.42
18/05/2013,0.42
19/05/2013,0.42
20/05/2013,0.42
21/05/2013,0.42
22/05/2013,0.42
23/05/2013,0.42
24/05/2013,0.42
25/05/2013,0.42
26/05/2013,0.42
27/05/2013,0.42
28/05/2013,0.42
29/05/2013,0.42
30/05/2013,0.42
31/05/2013,0.42
01/06/2013,0.42
02/06/2013,0.42
03/06/2013,0.42
04/06/2013,0.42
05/06/2013,0.42
06/06/2013,0.42
07/06/2013,0.42
08/06/2013,0.42
09/06/2013,0.42
10/06/2013,0.42
11/06/2013,0.42
12/06/2013,0.42
13/06/2013,0.42
14/06/2013,0.42
15/06/2013,0.42
16/06/2013,0.42
17/06/2013,0.42
18/06/2013,0.42
19/06/2013,0.42
20/06/2013,0.42
21/06/2013,0.42
22/06/2013,0.42
23/06/2013,0.42
24/06/2013,0.42
25/06/2013,0.42
26/06/2013,0.42
27/06/2013,0.42
28/06/2013,0.42
29/06/2013,0.42
30/06/2013,0.42
01/07/2013,0.42
02/07/2013,0.42
03/07/2013,0.42
04/07/2013,0.42
05/07/2013,0.42
06/07/2013,0.42
07/07/2013,0.42
08/07/2013,0.42
09/07/2013,0.42
10/07/2013,0.42
11/07/2013,0.42
12/07/2013,0.42
13/07/2013,0.42
14/07/2013,0.42
15/07/2013,0.42
16/07/2013,0.42
17/07/2013,0.42
18/07/2013,0.42
19/07/2013,0.42
20/07/2013,0.42
21/07/2013,0.42
22/07/2013,0.42
23/07/2013,0.42
24/07/2013,0.42
25/07/2013,0.42
26/07/2013,0.42
27/07/2013,0.42
28/07/2013,0.42
29/07/2013,0.42
30/07/2013,0.42
31/07/2013,0.42
01/08/2013,0.42
02/08/2013,0.42
03/08/2013,0.42
04/08/2013,0.42
05/08/2013,0.42
06/08/2013,0.42
07/08/2013,0.42
08/08/2013,0.42
09/08/2013,0.42
10/08/2013,0.42
11/08/2013,0.42
12/08/2013,0.42
13/08/2013,0.42
14/08/2013,0.42
15/08/2013,0.42
16/08/2013,0.42
17/08/2013,0.42
18/08/2013,0.42
19/08/2013,0.42
20/08/2013,0.42
21/08/2013,0.42
22/08/2013,0.42
23/08/2013,0.42
24/08/2013,0.42
25/08/2013,0.42
26/08/2013,0.42
27/08/2013,0.42
28/08/2013,0.42
29/08/2013,0.42
30/08/2013,0.42
31/08/2013,0.42
01/09/2013,0.42
02/09/2013,0.42
03/09/2013,0.42
04/09/2013,0.42
05/09/2013,0.42
06/09/2013,0.42
07/09/2013,0.42
08/09/2013,0.42
09/09/2013,0.42
10/09/2013,0.42
11/09/2013,0.42
12/09/2013,0.42
13/09/2013,0.42
14/09/2013,0.42
15/09/2013,0.42
16/09/2013,0.42
17/09/2013,0.42
18/09/2013,0.42
19/09/2013,0.42
20/09/2013,0.42
21/09/2013,0.42
22/09/2013,0.42
23/09/2013,0.42
24/09/2013,0.42
25/09/2013,0.42
26/09/2013,0.42
27/09/2013,0.42
28/09/2013,0.42
29/09/2013,0.42
30/09/2013,0.42
01/10/2013,0.42
02/10/2013,0.42
03/10/2013,0.42
04/10/2013,0.42
05/10/2013,0.42
06/10/2013,0.42
07/10/2013,0.42
08/10/2013,0.42
09/10/2013,0.42
10/10/2013,0.42
11/10/2013,0.42
12/10/2013,0.42
13/10/2013,0.42
14/10/2013,0.42
15/10/2013,0.42
16/10/2013,0.42
17/10/2013,0.42
18/10/2013,0.42
19/10/2013,0.42
20/10/2013,0.42
21/10/2013,0.42
22/10/2013,0.42
23/10/2013,0.42
24/10/2013,0.42
25/10/2013,0.42
26/10/2013,0.42
27/10/2013,0.42
28/10/2013,0.42
29/10/2013,0.42
30/10/2013,0.42
31/10/2013,0.42
01/11/2013,0.42
02/11/2013,0.42
03/11/2013,0.42
04/11/2013,0.42
05/11/2013,0.42
06/11/2013,0.42
07/11/2013,0.42
08/11/2013,0.42
09/11/2013,0.42
10/11/2013,0.42
11/11/2013,0.42
12/11/2013,0.42
13/11/2013,0.42
14/11/2013,0.42
15/11/2013,0.42
16/11/2013,0.42
17/11/2013,0.42
18/11/2013,0.42
19/11/2013,0.42
20/11/2013,0.42
21/11/2013,0.42
22/11/2013,0.42
23/11/2013,0.42
24/11/2013,0.42
25/11/2013,0.42
26/11/2013,0.42
27/11/2013,0.42
28/11/2013,0.42
29/11/2013,0.42
30/11/2013,0.42
01/12/2013,0.42
02/12/2013,0.42
03/12/2013,0.42
04/12/2013,0.42
05/12/2013,0.42
06/12/2013,0.42
07/12/2013,0.42
08/12/2013,0.42
09/12/2013,0.42
10/12/2013,0.42
11/12/2013,0.42
12/12/2013,0.42
13/12/2013,0.42
14/12/2013,0.42
15/12/2013,0.42
16/12/2013,0.42
17/12/2013,0.42
18/12/2013,0.42
19/12/2013,0.42
20/12/2013,0.42
21/12/2013,0.42
22/12/2013,0.42
23/12/2013,0.42
24/12/2013,0.42
25/12/2013,0.42
26/12/2013,0.42
27/12/2013,0.42
28/12/2013,0.42
29/12/2013,0.42
30/12/2013,0.42
31/12/2013,0.42
01/01/2014,0.42
02/01/2014,0.42
03/01/2014,0.42
04/01/2014,0.42
05/01/2014,0.42
06/01/2014,0.42
07/01/2014,0.42
08/01/2014,0.42
09/01/2014,0.42
10/01/2014,0.42
11/01/2014,0.42
12/01/2014,0.42
13/01/2014,0.42
14/01/2014,0.42
15/01/2014,0.42
16/01/2014,0.42
17/01/2014,0.42
18/01/2014,0.42
19/01/2014,0.42
20/01/2014,0.42
21/01/2014,0.42
22/01/2014,0.42
23/01/2014,0.42
24/01/2014,0.42
25/01/2014,0.42
26/01/2014,0.42
27/01/2014,0.42
28/01/2014,0.42
29/01/2014,0.42
30/01/2014,0.42
31/01/2014,0.42
01/02/2014,0.42
02/02/2014,0.42
03/02/2014,0.42
04/02/2014,0.42
05/02/2014,0.42
06/02/2014,0.42
07/02/2014,0.42
08/02/2014,0.42
09/02/2014,0.42
10/02/2014,0.42
11/02/2014,0.42
12/02/2014,0.42
13/02/2014,0.42
14/02/2014,0.42
15/02/2014,0.42
16/02/2014,0.42
17/02/2014,0.42
18/02/2014,0.42
19/02/2014,0.42
20/02/2014,0.42
21/02/2014,0.42
22/02/2014,0.42
23/02/2014,0.42
24/02/2014,0.42
25/02/2014,0.42
26/02/2014,0.42
27/02/2014,0.42
28/02/2014,0.42
01/03/2014,0.42
02/03/2014,0.42
03/03/2014,0.42
04/03/2014,0.42
05/03/2014,0.42
06/03/2014,0.42
07/03/2014,0.42
08/03/2014,0.42
09/03/2014,0.42
10/03/2014,0.42
11/03/2014,0.42
12/03/2014,0.42
13/03/2014,0.42
14/03/2014,0.42
15/03/2014,0.42
16/03/2014,0.42
17/03/2014,0.42
18/03/2014,0.42
19/03/2014,0.42
20/03/2014,0.42
21/03/2014,0.42
22/03/2014,0.42
23/03/2014,0.42
24/03/2014,0.42
25/03/2014,0.42
26/03/2014,0.42
27/03/2014,0.42
28/03/2014,0.42
29/03/2014,0.42
30/03/2014,0.42
31/03/2014,0.42
01/04/2014,0.42
02/04/2014,0.42
03/04/2014,0.42
04/04/2014,0.42
05/04/2014,0.42
06/04/2014,0.42
07/04/2014,0.42
08/04/2014,0.42
09/04/2014,0.42
10/04/2014,0.42
11/04/2014,0.42
12/04/2014,0.42
13/04/2014,0.42
14/04/2014,0.42
15/04/2014,0.42
16/04/2014,0.42
17/04/2014,0.42
18/04/2014,0.42
19/04/2014,0.42
20/04/2014,0.42
21/04/2014,0.42
22/04/2014,0.42
23/04/2014,0.42
24/04/2014,0.42
25/04/2014,0.42
26/04/2014,0.42
27/04/2014,0.42
28/04/2014,0.42
29/04/2014,0.42
30/04/2014,0.42
01/05/2014,0.42
02/05/2014,0.42
03/05/2014,0.42
04/05/2014,0.42
05/05/2014,0.42
06/05/2014,0.42
07/05/2014,0.42
08/05/2014,0.42
09/05/2014,0.42
10/05/2014,0.42
11/05/2014,0.42
12/05/2014,0.42
13/05/2014,0.42
14/05/2014,0.42
15/05/2014,0.42
16/05/2014,0.42
17/05/2014,0.42
18/05/2014,0.42
19/05/2014,0.42
20/05/2014,0.42
21/05/2014,0.42
22/05/2014,0.42
23/05/2014,0.42
24/05/2014,0.42
25/05/2014,0.42
26/05/2014,0.42
27/05/2014,0.42
28/05/2014,0.42
29/05/2014,0.42
30/05/2014,0.42
31/05/2014,0.42
01/06/2014,0.42
02/06/2014,0.42
03/06/2014,0.42
04/06/2014,0.42
05/06/2014,0.42
06/06/2014,0.42
07/06/2014,0.42
08/06/2014,0.42
09/06/2014,0.42
10/06/2014,0.42
11/06/2014,0.42
12/06/2014,0.42
13/06/2014,0.42
14/06/2014,0.42
15/06/2014,0.42
16/06/2014,0.42
17/06/2014,0.42
18/06/2014,0.42
19/06/2014,0.42
20/06/2014,0.42
21/06/2014,0.42
22/06/2014,0.42
23/06/2014,0.42
24/06/2014,0.42
25/06/2014,0.42
26/06/2014,0.42
27/06/2014,0.42
28/06/2014,0.42
29/06/2014,0.42
30/06/2014,0.42
01/07/2014,0.42
02/07/2014,0.42
03/07/2014,0.42
04/07/2014,0.42
05/07/2014,0.42
06/07/2014,0.42
07/07/2014,0.42
08/07/2014,0.42
09/07/2014,0.42
10/07/2014,0.42
11/07/2014,0.42
12/07/2014,0.42
13/07/2014,0.42
14/07/2014,0.42
15/07/2014,0.42
16/07/2014,0.42
17/07/2014,0.42
18/07/2014,0.42
19/07/2014,0.42
20/07/2014,0.42
21/07/2014,0.42
22/07/2014,0.42
23/07/2014,0.42
24/07/2014,0.42
25/07/2014,0.42
26/07/2014,0.42
27/07/2014,0.42
28/07/2014,0.42
29/07/2014,0.42
30/07/2014,0.42
31/07/2014,0.42
01/08/2014,0.42
02/08/2014,0.42
03/08/2014,0.42
04/08/2014,0.42
05/08/2014,0.42
06/08/2014,0.42
07/08/2014,0.42
08/08/2014,0.42
09/08/2014,0.42
10/08/2014,0.42
11/08/2014,0.42
12/08/2014,0.42
13/08/2014,0.42
14/08/2014,0.42
15/08/2014,0.42
16/08/2014,0.42
17/08/2014,0.42
18/08/2014,0.42
19/08/2014,0.42
20/08/2014,0.42
21/08/2014,0.42
22/08/2014,0.42
23/08/2014,0.42
24/08/2014,0.42
25/08/2014,0.42
26/08/2014,0.42
27/08/2014,0.42
28/08/2014,0.42
29/08/2014,0.42
30/08/2014,0.42
31/08/2014,0.42
01/09/2014,0.42
02/09/2014,0.42
03/09/2014,0.42
04/09/2014,0.42
05/09/2014,0.42
06/09/2014,0.42
07/09/2014,0.42
08/09/2014,0.42
09/09/2014,0.42
10/09/2014,0.42
11/09/2014,0.42
12/09/2014,0.42
13/09/2014,0.42
14/09/2014,0.42
15/09/2014,0.42
16/09/2014,0.42
17/09/2014,0.42
18/09/2014,0.42
19/09/2014,0.42
20/09/2014,0.42
21/09/2014,0.42
22/09/2014,0.42
23/09/2014,0.42
24/09/2014,0.42
25/09/2014,0.42
26/09/2014,0.42
27/09/2014,0.42
28/09/2014,0.42
29/09/2014,0.42
30/09/2014,0.42
01/10/2014,0.42
02/10/2014,0.42
03/10/2014,0.42
04/10/2014,0.42
05/10/2014,0.42
06/10/2014,0.42
07/10/2014,0.42
08/10/2014,0.42
09/10/2014,0.42
10/10/2014,0.42
11/10/2014,0.42
12/10/2014,0.42
13/10/2014,0.42
14/10/2014,0.42
15/10/2014,0.42
16/10/2014,0.42
17/10/2014,0.42
18/10/2014,0.42
19/10/2014,0.42
20/10/2014,0.42
21/10/2014,0.42
22/10/2014,0.42
23/10/2014,0.42
24/10/2014,0.42
25/10/2014,0.42
26/10/2014,0.42
27/10/2014,0.42
28/10/2014,0.42
29/10/2014,0.42
30/10/2014,0.42
31/10/2014,0.42
01/11/2014,0.42
02/11/2014,0.42
03/11/2014,0.42
04/11/2014,0.42
05/11/2014,0.42
06/11/2014,0.42
07/11/2014,0.42
08/11/2014,0.42
09/11/2014,0.42
10/11/2014,0.42
11/11/2014,0.42
12/11/2014,0.42
13/11/2014,0.42
14/11/2014,0.42
15/11/2014,0.42
16/11/2014,0.42
17/11/2014,0.42
18/11/2014,0.42
19/11/2014,0.42
20/11/2014,0.42
21/11/2014,0.42
22/11/2014,0.42
23/11/2014,0.42
24/11/2014,0.42
25/11/2014,0.42
26/11/2014,0.42
27/11/2014,0.42
28/11/2014,0.42
29/11/2014,0.42
30/11/2014,0.42
01/12/2014,0.42
02/12/2014,0.42
03/12/2014,0.42
04/12/2014,0.42
05/12/2014,0.42
06/12/2014,0.42
07/12/2014,0.42
08/12/2014,0.42
09/12/2014,0.42
10/12/2014,0.42
11/12/2014,0.42
12/12/2014,0.42
13/12/2014,0.42
14/12/2014,0.42
15/12/2014,0.42
16/12/2014,0.42
17/12/2014,0.42
18/12/2014,0.42
19/12/2014,0.42
20/12/2014,0.42
21/12/2014,0.42
22/12/2014,0.42
23/12/2014,0.42
24/12/2014,0.42
25/12/2014,0.42
26/12/2014,0.42
27/12/2014,0.42
28/12/2014,0.42
29/12/2014,0.42
30/12/2014,0.42
31/12/2014,0.42
01/01/2015,0.42
02/01/2015,0.42
03/01/2015,0.42
04/01/2015,0.42
05/01/2015,0.42
06/01/2015,0.42
07/01/2015,0.42
08/01/2015,0.42
09/01/2015,0.42
10/01/2015,0.42
11/01/2015,0.42
12/01/2015,0.42
13/01/2015,0.42
14/01/2015,0.42
15/01/2015,0.42
16/01/2015,0.42
17/01/2015,0.42
18/01/2015,0.42
19/01/2015,0.42
20/01/2015,0.42
21/01/2015,0.42
22/01/2015,0.42
23/01/2015,0.42
24/01/2015,0.42
25/01/2015,0.42
26/01/2015,0.42
27/01/2015,0.42
28/01/2015,0.42
29/01/2015,0.42
30/01/2015,0.42
31/01/2015,0.42
01/02/2015,0.42
02/02/2015,0.42
03/02/2015,0.42
04/02/2015,0.42
05/02/2015,0.42
06/02/2015,0.42
07/02/2015,0.42
08/02/2015,0.42
09/02/2015,0.42
10/02/2015,0.42
11/02/2015,0.42
12/02/2015,0.42
13/02/2015,0.42
14/02/2015,0.42
15/02/2015,0.42
16/02/2015,0.42
17/02/2015,0.42
18/02/2015,0.42
19/02/2015,0.42
20/02/2015,0.42
21/02/2015,0.42
22/02/2015,0.42
23/02/2015,0.42
24/02/2015,0.42
25/02/2015,0.42
26/02/2015,0.42
27/02/2015,0.42
28/02/2015,0.42
01/03/2015,0.42
02/03/2015,0.42
03/03/2015,0.42
04/03/2015,0.42
05/03/2015,0.42
06/03/2015,0.42
07/03/2015,0.42
08/03/2015,0.42
09/03/2015,0.42
10/03/2015,0.42
11/03/2015,0.42
12/03/2015,0.42
13/03/2015,0.42
14/03/2015,0.42
15/03/2015,0.42
16/03/2015,0.42
17/03/2015,0.42
18/03/2015,0.42
19/03/2015,0.42
20/03/2015,0.42
21/03/2015,0.42
22/03/2015,0.42
23/03/2015,0.42
24/03/2015,0.42
25/03/2015,0.42
26/03/2015,0.42
27/03/2015,0.42
28/03/2015,0.42
29/03/2015,0.42
30/03/2015,0.42
31/03/2015,0.42
01/04/2015,0.42
02/04/2015,0.42
03/04/2015,0.42
04/04/2015,0.42
05/04/2015,0.42
06/04/2015,0.42
07/04/2015,0.42
08/04/2015,0.42
09/04/2015,0.42
10/04/2015,0.42
11/04/2015,0.42
12/04/2015,0.42
13/04/2015,0.42
14/04/2015,0.42
15/04/2015,0.42
16/04/2015,0.42
17/04/2015,0.42
18/04/2015,0.42
19/04/2015,0.42
20/04/2015,0.42
21/04/2015,0.42
22/04/2015,0.42
23/04/2015,0.42
24/04/2015,0.42
25/04/2015,0.42
26/04/2015,0.42
27/04/2015,0.42
28/04/2015,0.42
29/04/2015,0.42
30/04/2015,0.42
01/05/2015,0.42
02/05/2015,0.42
03/05/2015,0.42
04/05/2015,0.42
05/05/2015,0.42
06/05/2015,0.42
07/05/2015,0.42
08/05/2015,0.42
09/05/2015,0.42
10/05/2015,0.42
11/05/2015,0.42
12/05/2015,0.42
13/05/2015,0.42
14/05/2015,0.42
15/05/2015,0.42
16/05/2015,0.42
17/05/2015,0.42
18/05/2015,0.42
19/05/2015,0.42
20/05/2015,0.42
21/05/2015,0.42
22/05/2015,0.42
23/05/2015,0.42
24/05/2015,0.42
25/05/2015,0.42
26/05/2015,0.42
27/05/2015,0.42
28/05/2015,0.42
29/05/2015,0.42
30/05/2015,0.42
31/05/2015,0.42
01/06/2015,0.42
02/06/2015,0.42
03/06/2015,0.42
04/06/2015,0.42
05/06/2015,0.42
06/06/2015,0.42
07/06/2015,0.42
08/06/2015,0.42
09/06/2015,0.42
10/06/2015,0.42
11/06/2015,0.42
12/06/2015,0.42
13/06/2015,0.42
14/06/2015,0.42
15/06/2015,0.42
16/06/2015,0.42
17/06/2015,0.42
18/06/2015,0.42
19/06/2015,0.42
20/06/2015,0.42
21/06/2015,0.42
22/06/2015,0.42
23/06/2015,0.42
24/06/2015,0.42
25/06/2015,0.42
26/06/2015,0.42
27/06/2015,0.42
28/06/2015,0.42
29/06/2015,0.42
30/06/2015,0.42
01/07/2015,0.42
02/07/2015,0.42
03/07/2015,0.42
04/07/2015,0.42
05/07/2015,0.42
06/07/2015,0.42
07/07/2015,0.42
08/07/2015,0.42
09/07/2015,0.42
10/07/2015,0.42
11/07/2015,0.42
12/07/2015,0.42
13/07/2015,0.42
14/07/2015,0.42
15/07/2015,0.42
16/07/2015,0.42
17/07/2015,0.42
18/07/2015,0.42
19/07/2015,0.42
20/07/2015,0.42
21/07/2015,0.42
22/07/2015,0.42
23/07/2015,0.42
24/07/2015,0.42
25/07/2015,0.42
26/07/2015,0.42
27/07/2015,0.42
28/07/2015,0.42
29/07/2015,0.42
30/07/2015,0.42
31/07/2015,0.42
01/08/2015,0.42
02/08/2015,0.42
03/08/2015,0.42
04/08/2015,0.42
05/08/2015,0.42
06/08/2015,0.42
07/08/2015,0.42
08/08/2015,0.42
09/08/2015,0.42
10/08/2015,0.42
11/08/2015,0.42
12/08/2015,0.42
13/08/2015,0.42
14/08/2015,0.42
15/08/2015,0.42
16/08/2015,0.42
17/08/2015,0.42
18/08/2015,0.42
19/08/2015,0.42
20/08/2015,0.42
21/08/2015,0.42
22/08/2015,0.42
23/08/2015,0.42
24/08/2015,0.42
25/08/2015,0.42
26/08/2015,0.42
27/08/2015,0.42
28/08/2015,0.42
29/08/2015,0.42
30/08/2015,0.42
31/08/2015,0.42
01/09/2015,0.42
02/09/2015,0.42
03/09/2015,0.42
04/09/2015,0.42
05/09/2015,0.42
06/09/2015,0.42
07/09/2015,0.42
08/09/2015,0.42
09/09/2015,0.42
10/09/2015,0.42
11/09/2015,0.42
12/09/2015,0.42
13/09/2015,0.42
14/09/2015,0.42
15/09/2015,0.42
16/09/2015,0.42
17/09/2015,0.42
18/09/2015,0.42
19/09/2015,0.42
20/09/2015,0.42
21/09/2015,0.42
22/09/2015,0.42
23/09/2015,0.42
24/09/2015,0.42
25/09/2015,0.42
26/09/2015,0.42
27/09/2015,0.42
28/09/2015,0.42
29/09/2015,0.42
30/09/2015,0.42
01/10/2015,0.42
02/10/2015,0.42
03/10/2015,0.42
04/10/2015,0.42
05/10/2015,0.42
06/10/2015,0.42
07/10/2015,0.42
08/10/2015,0.42
09/10/2015,0.42
10/10/2015,0.42
11/10/2015,0.42
12/10/2015,0.42
13/10/2015,0.42
14/10/2015,0.42
15/10/2015,0.42
16/10/2015,0.42
17/10/2015,0.42
18/10/2015,0.42
19/10/2015,0.42
20/10/2015,0.42
21/10/2015,0.42
22/10/2015,0.42
23/10/2015,0.42
24/10/2015,0.42
25/10/2015,0.42
26/10/2015,0.42
27/10/2015,0.42
28/10/2015,0.42
29/10/2015,0.42
30/10/2015,0.42
31/10/2015,0.42
01/11/2015,0.42
02/11/2015,0.42
03/11/2015,0.42
04/11/2015,0.42
05/11/2015,0.42
06/11/2015,0.42
07/11/2015,0.42
08/11/2015,0.42
09/11/2015,0.42
10/11/2015,0.42
11/11/2015,0.42
12/11/2015,0.42
13/11/2015,0.42
14/11/2015,0.42
15/11/2015,0.42
16/11/2015,0.42
17/11/2015,0.42
18/11/2015,0.42
19/11/2015,0.42
20/11/2015,0.42
21/11/2015,0.42
22/11/2015,0.42
23/11/2015,0.42
24/11/2015,0.42
25/11/2015,0.42
26/11/2015,0.42
27/11/2015,0.42
28/11/2015,0.42
29/11/2015,0.42
30/11/2015,0.42
01/12/2015,0.42
02/12/2015,0.42
03/12/2015,0.42
04/12/2015,0.42
05/12/2015,0.42
06/12/2015,0.42
07/12/2015,0.42
08/12/2015,0.42
09/12/2015,0.42
10/12/2015,0.42
11/12/2015,0.42
12/12/2015,0.42
13/12/2015,0.42
14/12/2015,0.42
15/12/2015,0.42
16/12/2015,0.42
17/12/2015,0.42
18/12/2015,0.42
19/12/2015,0.42
20/12/2015,0.42
21/12/2015,0.42
22/12/2015,0.42
23/12/2015,0.42
24/12/2015,0.42
25/12/2015,0.42
26/12/2015,0.42
27/12/2015,0.42
28/12/2015,0.42
29/12/2015,0.42
30/12/2015,0.42
31/12/2015,0.42
01/01/2016,0.42
02/01/2016,0.42
03/01/2016,0.42
04/01/2016,0.42
05/01/2016,0.42
06/01/2016,0.42
07/01/2016,0.42
08/01/2016,0.42
09/01/2016,0.42
10/01/2016,0.42
11/01/2016,0.42
12/01/2016,0.42
13/01/2016,0.42
14/01/2016,0.42
15/01/2016,0.42
16/01/2016,0.42
17/01/2016,0.42
18/01/2016,0.42
19/01/2016,0.42
20/01/2016,0.42
21/01/2016,0.42
22/01/2016,0.42
23/01/2016,0.42
24/01/2016,0.42
25/01/2016,0.42
26/01/2016,0.42
27/01/2016,0.42
28/01/2016,0.42
29/01/2016,0.42
30/01/2016,0.42
31/01/2016,0.42
01/02/2016,0.42
02/02/2016,0.42
03/02/2016,0.42
04/02/2016,0.42
05/02/2016,0.42
06/02/2016,0.42
07/02/2016,0.42
08/02/2016,0.42
09/02/2016,0.42
10/02/2016,0.42
11/02/2016,0.42
12/02/2016,0.42
13/02/2016,0.42
14/02/2016,0.42
15/02/2016,0.42
16/02/2016,0.42
17/02/2016,0.42
18/02/2016,0.42
19/02/2016,0.42
20/02/2016,0.42
21/02/2016,0.42
22/02/2016,0.42
23/02/2016,0.42
24/02/2016,0.42
25/02/2016,0.42
26/02/2016,0.42
27/02/2016,0.42
28/02/2016,0.42
29/02/2016,0.42
01/03/2016,0.42
02/03/2016,0.42
03/03/2016,0.42
04/03/2016,0.42
05/03/2016,0.42
06/03/2016,0.42
07/03/2016,0.42
08/03/2016,0.42
09/03/2016,0.42
10/03/2016,0.42
11/03/2016,0.42
12/03/2016,0.42
13/03/2016,0.42
14/03/2016,0.42
15/03/2016,0.42
16/03/2016,0.42
17/03/2016,0.42
18/03/2016,0.42
19/03/2016,0.42
20/03/2016,0.42
21/03/2016,0.42
22/03/2016,0.42
23/03/2016,0.42
24/03/2016,0.42
25/03/2016,0.42
26/03/2016,0.42
27/03/2016,0.42
28/03/2016,0.42
29/03/2016,0.42
30/03/2016,0.42
31/03/2016,0.42
01/04/2016,0.42
02/04/2016,0.42
03/04/2016,0.42
04/04/2016,0.42
05/04/2016,0.42
06/04/2016,0.42
07/04/2016,0.42
08/04/2016,0.42
09/04/2016,0.42
10/04/2016,0.42
11/04/2016,0.42
12/04/2016,0.42
13/04/2016,0.42
14/04/2016,0.42
15/04/2016,0.42
16/04/2016,0.42
17/04/2016,0.42
18/04/2016,0.42
19/04/2016,0.42
20/04/2016,0.42
21/04/2016,0.42
22/04/2016,0.42
23/04/2016,0.42
24/04/2016,0.42
25/04/2016,0.42
26/04/2016,0.42
27/04/2016,0.42
28/04/2016,0.42
29/04/2016,0.42
30/04/2016,0.42
01/05/2016,0.42
02/05/2016,0.42
03/05/2016,0.42
04/05/2016,0.42
05/05/2016,0.42
06/05/2016,0.42
07/05/2016,0.42
08/05/2016,0.42
09/05/2016,0.42
10/05/2016,0.42
11/05/2016,0.42
12/05/2016,0.42
13/05/2016,0.42
14/05/2016,0.42
15/05/2016,0.42
16/05/2016,0.42
17/05/2016,0.42
18/05/2016,0.42
19/05/2016,0.42
20/05/2016,0.42
21/05/2016,0.42
22/05/2016,0.42
23/05/2016,0.42
24/05/2016,0.42
25/05/2016,0.42
26/05/2016,0.42
27/05/2016,0.42
28/05/2016,0.42
29/05/2016,0.42
30/05/2016,0.42
31/05/2016,0.42
01/06/2016,0.42
02/06/2016,0.42
03/06/2016,0.42
04/06/2016,0.42
05/06/2016,0.42
06/06/2016,0.42
07/06/2016,0.42
08/06/2016,0.42
09/06/2016,0.42
10/06/2016,0.42
11/06/2016,0.42
12/06/2016,0.42
13/06/2016,0.42
14/06/2016,0.42
15/06/2016,0.42
16/06/2016,0.42
17/06/2016,0.42
18/06/2016,0.42
19/06/2016,0.42
20/06/2016,0.42
21/06/2016,0.42
22/06/2016,0.42
23/06/2016,0.42
24/06/2016,0.42
25/06/2016,0.42
26/06/2016,0.42
27/06/2016,0.42
28/06/2016,0.42
29/06/2016,0.42
30/06/2016,0.42
01/07/2016,0.42
02/07/2016,0.42
03/07/2016,0.42
04/07/2016,0.42
05/07/2016,0.42
06/07/2016,0.42
07/07/2016,0.42
08/07/2016,0.42
09/07/2016,0.42
10/07/2016,0.42
11/07/2016,0.42
12/07/2016,0.42
13/07/2016,0.42
14/07/2016,0.42
15/07/2016,0.42
16/07/2016,0.42
17/07/2016,0.42
18/07/2016,0.42
19/07/2016,0.42
20/07/2016,0.42
21/07/2016,0.42
22/07/2016,0.42
23/07/2016,0.42
24/07/2016,0.42
25/07/2016,0.42
26/07/2016,0.42
27/07/2016,0.42
28/07/2016,0.42
29/07/2016,0.42
30/07/2016,0.42
31/07/2016,0.42
01/08/2016,0.42
02/08/2016,0.42
03/08/2016,0.42
04/08/2016,0.42
05/08/2016,0.42
06/08/2016,0.42
07/08/2016,0.42
08/08/2016,0.42
09/08/2016,0.42
10/08/2016,0.42
11/08/2016,0.42
12/08/2016,0.42
13/08/2016,0.42
14/08/2016,0.42
15/08/2016,0.42
16/08/2016,0.42
17/08/2016,0.42
18/08/2016,0.42
19/08/2016,0.42
20/08/2016,0.42
21/08/2016,0.42
22/08/2016,0.42
23/08/2016,0.42
24/08/2016,0.42
25/08/2016,0.42
26/08/2016,0.42
27/08/2016,0.42
28/08/2016,0.42
29/08/2016,0.42
30/08/2016,0.42
31/08/2016,0.42
01/09/2016,0.42
02/09/2016,0.42
03/09/2016,0.42
04/09/2016,0.42
05/09/2016,0.42
06/09/2016,0.42
07/09/2016,0.42
08/09/2016,0.42
09/09/2016,0.42
10/09/2016,0.42
11/09/2016,0.42
12/09/2016,0.42
13/09/2016,0.42
14/09/2016,0.42
15/09/2016,0.42
16/09/2016,0.42
17/09/2016,0.42
18/09/2016,0.42
19/09/2016,0.42
20/09/2016,0.42
21/09/2016,0.42
22/09/2016,0.42
23/09/2016,0.42
24/09/2016,0.42
25/09/2016,0.42
26/09/2016,0.42
27/09/2016,0.42
28/09/2016,0.42
29/09/2016,0.42
30/09/2016,0.42
01/10/2016,0.42
02/10/2016,0.42
03/10/2016,0.42
04/10/2016,0.42
05/10/2016,0.42
06/10/2016,0.42
07/10/2016,0.42
08/10/2016,0.42
09/10/2016,0.42
10/10/2016,0.42
11/10/2016,0.42
12/10/2016,0.42
13/10/2016,0.42
14/10/2016,0.42
15/10/2016,0.42
16/10/2016,0.42
17/10/2016,0.42
18/10/2016,0.42
19/10/2016,0.42
20/10/2016,0.42
21/10/2016,0.42
22/10/2016,0.42
23/10/2016,0.42
24/10/2016,0.42
25/10/2016,0.42
26/10/2016,0.42
27/10/2016,0.42
28/10/2016,0.42
29/10/2016,0.42
30/10/2016,0.42
31/10/2016,0.42
01/11/2016,0.42
02/11/2016,0.42
03/11/2016,0.42
04/11/2016,0.42
05/11/2016,0.42
06/11/2016,0.42
07/11/2016,0.42
08/11/2016,0.42
09/11/2016,0.42
10/11/2016,0.42
11/11/2016,0.42
12/11/2016,0.42
13/11/2016,0.42
14/11/2016,0.42
15/11/2016,0.42
16/11/2016,0.42
17/11/2016,0.42
18/11/2016,0.42
19/11/2016,0.42
20/11/2016,0.42
21/11/2016,0.42
22/11/2016,0.42
23/11/2016,0.42
24/11/2016,0.42
25/11/2016,0.42
26/11/2016,0.42
27/11/2016,0.42
28/11/2016,0.42
29/11/2016,0.42
30/11/2016,0.42
01/12/2016,0.42
02/12/2016,0.42
03/12/2016,0.42
04/12/2016,0.42
05/12/2016,0.42
06/12/2016,0.42
07/12/2016,0.42
08/12/2016,0.42
09/12/2016,0.42
10/12/2016,0.42
11/12/2016,0.42
12/12/2016,0.42
13/12/2016,0.42
14/12/2016,0.42
15/12/2016,0.42
16/12/2016,0.42
17/12/2016,0.42
18/12/2016,0.42
19/12/2016,0.42
20/12/2016,0.42
21/12/2016,0.42
22/12/2016,0.42
23/12/2016,0.42
24/12/2016,0.42
25/12/2016,0.42
26/12/2016,0.42
27/12/2016,0.42
28/12/2016,0.42
29/12/2016,0.42
30/12/2016,0.42
31/12/2016,0.42
01/01/2017,0.42
02/01/2017,0.42
03/01/2017,0.42
04/01/2017,0.42
05/01/2017,0.42
06/01/2017,0.42
07/01/2017,0.42
08/01/2017,0.42
09/01/2017,0.42
10/01/2017,0.42
11/01/2017,0.42
12/01/2017,0.42
13/01/2017,0.42
14/01/2017,0.42
15/01/2017,0.42
16/01/2017,0.42
17/01/2017,0.42
18/01/2017,0.42
19/01/2017,0.42
20/01/2017,0.42
21/01/2017,0.42
22/01/2017,0.42
23/01/2017,0.42
24/01/2017,0.42
25/01/2017,0.42
26/01/2017,0.42
27/01/2017,0.42
28/01/2017,0.42
29/01/2017,0.42
30/01/2017,0.42
31/01/2017,0.42
01/02/2017,0.42
02/02/2017,0.42
03/02/2017,0.42
04/02/2017,0.42
05/02/2017,0.42
06/02/2017,0.42
07/02/2017,0.42
08/02/2017,0.42
09/02/2017,0.42
10/02/2017,0.42
11/02/2017,0.42
12/02/2017,0.42
13/02/2017,0.42
14/02/2017,0.42
15/02/2017,0.42
16/02/2017,0.42
17/02/2017,0.42
18/02/2017,0.42
19/02/2017,0.42
20/02/2017,0.42
21/02/2017,0.42
22/02/2017,0.42
23/02/2017,0.42
24/02/2017,0.42
25/02/2017,0.42
26/02/2017,0.42
27/02/2017,0.42
28/02/2017,0.42
01/03/2017,0.42
02/03/2017,0.42
03/03/2017,0.42
04/03/2017,0.42
05/03/2017,0.42
06/03/2017,0.42
07/03/2017,0.42
08/03/2017,0.42
09/03/2017,0.42
10/03/2017,0.42
11/03/2017,0.42
12/03/2017,0.42
13/03/2017,0.42
14/03/2017,0.42
15/03/2017,0.42
16/03/2017,0.42
17/03/2017,0.42
18/03/2017,0.42
19/03/2017,0.42
20/03/2017,0.42
21/03/2017,0.42
22/03/2017,0.42
23/03/2017,0.42
24/03/2017,0.42
25/03/2017,0.42
26/03/2017,0.42
27/03/2017,0.42
28/03/2017,0.42
29/03/2017,0.42
30/03/2017,0.42
31/03/2017,0.42
01/04/2017,0.42
02/04/2017,0.42
03/04/2017,0.42
04/04/2017,0.42
05/04/2017,0.42
06/04/2017,0.42
07/04/2017,0.42
08/04/2017,0.42
09/04/2017,0.42
10/04/2017,0.42
11/04/2017,0.42
12/04/2017,0.42
13/04/2017,0.42
14/04/2017,0.42
15/04/2017,0.42
16/04/2017,0.42
17/04/2017,0.42
18/04/2017,0.42
19/04/2017,0.42
20/04/2017,0.42
21/04/2017,0.42
22/04/2017,0.42
23/04/2017,0.42
24/04/2017,0.42
25/04/2017,0.42
26/04/2017,0.42
27/04/2017,0.42
28/04/2017,0.42
29/04/2017,0.42
30/04/2017,0.42
01/05/2017,0.42
02/05/2017,0.42
03/05/2017,0.42
04/05/2017,0.42
05/05/2017,0.42
06/05/2017,0.42
07/05/2017,0.42
08/05/2017,0.42
09/05/2017,0.42
10/05/2017,0.42
11/05/2017,0.42
12/05/2017,0.42
13/05/2017,0.42
14/05/2017,0.42
15/05/2017,0.42
16/05/2017,0.42
17/05/2017,0.42
18/05/2017,0.42
19/05/2017,0.42
20/05/2017,0.42
21/05/2017,0.42
22/05/2017,0.42
23/05/2017,0.42
24/05/2017,0.42
25/05/2017,0.42
26/05/2017,0.42
27/05/2017,0.42
28/05/2017,0.42
29/05/2017,0.42
30/05/2017,0.42
31/05/2017,0.42
01/06/2017,0.42
02/06/2017,0.42
03/06/2017,0.42
04/06/2017,0.42
05/06/2017,0.42
06/06/2017,0.42
07/06/2017,0.42
08/06/2017,0.42
09/06/2017,0.42
10/06/2017,0.42
11/06/2017,0.42
12/06/2017,0.42
13/06/2017,0.42
14/06/2017,0.42
15/06/2017,0.42
16/06/2017,0.42
17/06/2017,0.42
18/06/2017,0.42
19/06/2017,0.42
20/06/2017,0.42
21/06/2017,0.42
22/06/2017,0.42
23/06/2017,0.42
24/06/2017,0.42
25/06/2017,0.42
26/06/2017,0.42
27/06/2017,0.42
28/06/2017,0.42
29/06/2017,0.42
30/06/2017,0.42
01/07/2017,0.42
02/07/2017,0.42
03/07/2017,0.42
04/07/2017,0.42
05/07/2017,0.42
06/07/2017,0.42
07/07/2017,0.42
08/07/2017,0.42
09/07/2017,0.42
10/07/2017,0.42
11/07/2017,0.42
12/07/2017,0.42
13/07/2017,0.42
14/07/2017,0.42
15/07/2017,0.42
16/07/2017,0.42
17/07/2017,0.42
18/07/2017,0.42
19/07/2017,0.42
20/07/2017,0.42
21/07/2017,0.42
22/07/2017,0.42
23/07/2017,0.42
24/07/2017,0.42
25/07/2017,0.42
26/07/2017,0.42
27/07/2017,0.42
28/07/2017,0.42
29/07/2017,0.42
30/07/2017,0.42
31/07/2017,0.42
01/08/2017,0.42
02/08/2017,0.42
03/08/2017,0.42
04/08/2017,0.42
05/08/2017,0.42
06/08/2017,0.42
07/08/2017,0.42
08/08/2017,0.42
09/08/2017,0.42
10/08/2017,0.42
11/08/2017,0.42
12/08/2017,0.42
13/08/2017,0.42
14/08/2017,0.42
15/08/2017,0.42
16/08/2017,0.42
17/08/2017,0.42
18/08/2017,0.42
19/08/2017,0.42
20/08/2017,0.42
21/08/2017,0.42
22/08/2017,0.42
23/08/2017,0.42
24/08/2017,0.42
25/08/2017,0.42
26/08/2017,0.42
27/08/2017,0.42
28/08/2017,0.42
29/08/2017,0.42
30/08/2017,0.42
31/08/2017,0.42
01/09/2017,0.42
02/09/2017,0.42
03/09/2017,0.42
04/09/2017,0.42
05/09/2017,0.42
06/09/2017,0.42
07/09/2017,0.42
08/09/2017,0.42
09/09/2017,0.42
10/09/2017,0.42
11/09/2017,0.42
12/09/2017,0.42
13/09/2017,0.42
14/09/2017,0.42
15/09/2017,0.42
16/09/2017,0.42
17/09/2017,0.42
18/09/2017,0.42
19/09/2017,0.42
20/09/2017,0.42
21/09/2017,0.42
22/09/2017,0.42
23/09/2017,0.42
24/09/2017,0.42
25/09/2017,0.42
26/09/2017,0.42
27/09/2017,0.42
28/09/2017,0.42
29/09/2017,0.42
30/09/2017,0.42
01/10/2017,0.42
02/10/2017,0.42
03/10/2017,0.42
04/10/2017,0.42
05/10/2017,0.42
06/10/2017,0.42
07/10/2017,0.42
08/10/2017,0.42
09/10/2017,0.42
10/10/2017,0.42
11/10/2017,0.42
12/10/2017,0.42
13/10/2017,0.42
14/10/2017,0.42
15/10/2017,0.42
16/10/2017,0.42
17/10/2017,0.42
18/10/2017,0.42
19/10/2017,0.42
20/10/2017,0.42
21/10/2017,0.42
22/10/2017,0.42
23/10/2017,0.42
24/10/2017,0.42
25/10/2017,0.42
26/10/2017,0.42
27/10/2017,0.42
28/10/2017,0.42
29/10/2017,0.42
30/10/2017,0.42
31/10/2017,0.42
01/11/2017,0.42
02/11/2017,0.42
03/11/2017,0.42
04/11/2017,0.42
05/11/2017,0.42
06/11/2017,0.42
07/11/2017,0.42
08/11/2017,0.42
09/11/2017,0.42
10/11/2017,0.42
11/11/2017,0.42
12/11/2017,0.42
13/11/2017,0.42
14/11/2017,0.42
15/11/2017,0.42
16/11/2017,0.42
17/11/2017,0.42
18/11/2017,0.42
19/11/2017,0.42
20/11/2017,0.42
21/11/2017,0.42
22/11/2017,0.42
23/11/2017,0.42
24/11/2017,0.42
25/11/2017,0.42
26/11/2017,0.42
27/11/2017,0.42
28/11/2017,0.42
29/11/2017,0.42
30/11/2017,0.42
01/12/2017,0.42
02/12/2017,0.42
03/12/2017,0.42
04/12/2017,0.42
05/12/2017,0.42
06/12/2017,0.42
07/12/2017,0.42
08/12/2017,0.42
09/12/2017,0.42
10/12/2017,0.42
11/12/2017,0.42
12/12/2017,0.42
13/12/2017,0.42
14/12/2017,0.42
15/12/2017,0.42
16/12/2017,0.42
17/12/2017,0.42
18/12/2017,0.42
19/12/2017,0.42
20/12/2017,0.42
21/12/2017,0.42
22/12/2017,0.42
23/12/2017,0.42
24/12/2017,0.42
25/12/2017,0.42
26/12/2017,0.42
27/12/2017,0.42
28/12/2017,0.42
29/12/2017,0.42
30/12/2017,0.42
31/12/2017,0.42
01/01/2018,0.42
02/01/2018,0.42
03/01/2018,0.42
04/01/2018,0.42
05/01/2018,0.42
06/01/2018,0.42
07/01/2018,0.42
08/01/2018,0.42
09/01/2018,0.42
10/01/2018,0.42
11/01/2018,0.42
12/01/2018,0.42
13/01/2018,0.42
14/01/2018,0.42
15/01/2018,0.42
16/01/2018,0.42
17/01/2018,0.42
18/01/2018,0.42
19/01/2018,0.42
20/01/2018,0.42
21/01/2018,0.42
22/01/2018,0.42
23/01/2018,0.42
24/01/2018,0.42
25/01/2018,0.42
26/01/2018,0.42
27/01/2018,0.42
28/01/2018,0.42
29/01/2018,0.42
30/01/2018,0.42
31/01/2018,0.42
01/02/2018,0.42
02/02/2018,0.42
03/02/2018,0.42
04/02/2018,0.42
05/02/2018,0.42
06/02/2018,0.42
07/02/2018,0.42
08/02/2018,0.42
09/02/2018,0.42
10/02/2018,0.42
11/02/2018,0.42
12/02/2018,0.42
13/02/2018,0.42
14/02/2018,0.42
15/02/2018,0.42
16/02/2018,0.42
17/02/2018,0.42
18/02/2018,0.42
19/02/2018,0.42
20/02/2018,0.42
21/02/2018,0.42
22/02/2018,0.42
23/02/2018,0.42
24/02/2018,0.42
25/02/2018,0.42
26/02/2018,0.42
27/02/2018,0.42
28/02/2018,0.42
01/03/2018,0.42
02/03/2018,0.42
03/03/2018,0.42
04/03/2018,0.42
05/03/2018,0.42
06/03/2018,0.42
07/03/2018,0.42
08/03/2018,0.42
09/03/2018,0.42
10/03/2018,0.42
11/03/2018,0.42
12/03/2018,0.42
13/03/2018,0.42
14/03/2018,0.42
15/03/2018,0.42
16/03/2018,0.42
17/03/2018,0.42
18/03/2018,0.42
19/03/2018,0.42
20/03/2018,0.42
21/03/2018,0.42
22/03/2018,0.42
23/03/2018,0.42
24/03/2018,0.42
25/03/2018,0.42
26/03/2018,0.42
27/03/2018,0.42
28/03/2018,0.42
29/03/2018,0.42
30/03/2018,0.42
31/03/2018,0.42
01/04/2018,0.42
02/04/2018,0.42
03/04/2018,0.42
04/04/2018,0.42
05/04/2018,0.42
06/04/2018,0.42
07/04/2018,0.42
08/04/2018,0.42
09/04/2018,0.42
10/04/2018,0.42
11/04/2018,0.42
12/04/2018,0.42
13/04/2018,0.42
14/04/2018,0.42
15/04/2018,0.42
16/04/2018,0.42
17/04/2018,0.42
18/04/2018,0.42
19/04/2018,0.42
20/04/2018,0.42
21/04/2018,0.42
22/04/2018,0.42
23/04/2018,0.42
24/04/2018,0.42
25/04/2018,0.42
26/04/2018,0.42
27/04/2018,0.42
28/04/2018,0.42
29/04/2018,0.42
30/04/2018,0.42
01/05/2018,0.42
02/05/2018,0.42
03/05/2018,0.42
04/05/2018,0.42
05/05/2018,0.42
06/05/2018,0.42
07/05/2018,0.42
08/05/2018,0.42
09/05/2018,0.42
10/05/2018,0.42
11/05/2018,0.42
12/05/2018,0.42
13/05/2018,0.42
14/05/2018,0.42
15/05/2018,0.42
16/05/2018,0.42
17/05/2018,0.42
18/05/2018,0.42
19/05/2018,0.42
20/05/2018,0.42
21/05/2018,0.42
22/05/2018,0.42
23/05/2018,0.42
24/05/2018,0.42
25/05/2018,0.42
26/05/2018,0.42
27/05/2018,0.42
28/05/2018,0.42
29/05/2018,0.42
30/05/2018,0.42
31/05/2018,0.42
01/06/2018,0.42
02/06/2018,0.42
03/06/2018,0.42
04/06/2018,0.42
05/06/2018,0.42
06/06/2018,0.42
07/06/2018,0.42
08/06/2018,0.42
09/06/2018,0.42
10/06/2018,0.42
11/06/2018,0.42
12/06/2018,0.42
13/06/2018,0.42
14/06/2018,0.42
15/06/2018,0.42
16/06/2018,0.42
17/06/2018,0.42
18/06/2018,0.42
19/06/2018,0.42
20/06/2018,0.42
21/06/2018,0.42
22/06/2018,0.42
23/06/2018,0.42
24/06/2018,0.42
25/06/2018,0.42
26/06/2018,0.42
27/06/2018,0.42
28/06/2018,0.42
29/06/2018,0.42
30/06/2018,0.42
01/07/2018,0.42
02/07/2018,0.42
03/07/2018,0.42
04/07/2018,0.42
05/07/2018,0.42
06/07/2018,0.42
07/07/2018,0.42
08/07/2018,0.42
09/07/2018,0.42
10/07/2018,0.42
11/07/2018,0.42
12/07/2018,0.42
13/07/2018,0.42
14/07/2018,0.42
15/07/2018,0.42
16/07/2018,0.42
17/07/2018,0.42
18/07/2018,0.42
19/07/2018,0.42
20/07/2018,0.42
21/07/2018,0.42
22/07/2018,0.42
23/07/2018,0.42
24/07/2018,0.42
25/07/2018,0.42
26/07/2018,0.42
27/07/2018,0.42
28/07/2018,0.42
29/07/2018,0.42
30/07/2018,0.42
31/07/2018,0.42
01/08/2018,0.42
02/08/2018,0.42
03/08/2018,0.42
04/08/2018,0.42
05/08/2018,0.42
06/08/2018,0.42
07/08/2018,0.42
08/08/2018,0.42
09/08/2018,0.42
10/08/2018,0.42
11/08/2018,0.42
12/08/2018,0.42
13/08/2018,0.42
14/08/2018,0.42
15/08/2018,0.42
16/08/2018,0.42
17/08/2018,0.42
18/08/2018,0.42
19/08/2018,0.42
20/08/2018,0.42
21/08/2018,0.42
22/08/2018,0.42
23/08/2018,0.42
24/08/2018,0.42
25/08/2018,0.42
26/08/2018,0.42
27/08/2018,0.42
28/08/2018,0.42
29/08/2018,0.42
30/08/2018,0.42
31/08/2018,0.42
01/09/2018,0.42
02/09/2018,0.42
03/09/2018,0.42
04/09/2018,0.42
05/09/2018,0.42
06/09/2018,0.42
07/09/2018,0.42
08/09/2018,0.42
09/09/2018,0.42
10/09/2018,0.42
11/09/2018,0.42
12/09/2018,0.42
13/09/2018,0.42
14/09/2018,0.42
15/09/2018,0.42
16/09/2018,0.42
17/09/2018,0.42
18/09/2018,0.42
19/09/2018,0.42
20/09/2018,0.42
21/09/2018,0.42
22/09/2018,0.42
23/09/2018,0.42
24/09/2018,0.42
25/09/2018,0.42
26/09/2018,0.42
27/09/2018,0.42
28/09/2018,0.42
29/09/2018,0.42
30/09/2018,0.42
01/10/2018,0.42
02/10/2018,0.42
03/10/2018,0.42
04/10/2018,0.42
05/10/2018,0.42
06/10/2018,0.42
07/10/2018,0.42
08/10/2018,0.42
09/10/2018,0.42
10/10/2018,0.42
11/10/2018,0.42
12/10/2018,0.42
13/10/2018,0.42
14/10/2018,0.42
15/10/2018,0.42
16/10/2018,0.42
17/10/2018,0.42
18/10/2018,0.42
19/10/2018,0.42
20/10/2018,0.42
21/10/2018,0.42
22/10/2018,0.42
23/10/2018,0.42
24/10/2018,0.42
25/10/2018,0.42
26/10/2018,0.42
27/10/2018,0.42
28/10/2018,0.42
29/10/2018,0.42
30/10/2018,0.42
31/10/2018,0.42
01/11/2018,0.42
02/11/2018,0.42
03/11/2018,0.42
04/11/2018,0.42
05/11/2018,0.42
06/11/2018,0.42
07/11/2018,0.42
08/11/2018,0.42
09/11/2018,0.42
10/11/2018,0.42
11/11/2018,0.42
12/11/2018,0.42
13/11/2018,0.42
14/11/2018,0.42
15/11/2018,0.42
16/11/2018,0.42
17/11/2018,0.42
18/11/2018,0.42
19/11/2018,0.42
20/11/2018,0.42
21/11/2018,0.42
22/11/2018,0.42
23/11/2018,0.42
24/11/2018,0.42
25/11/2018,0.42
26/11/2018,0.42
27/11/2018,0.42
28/11/2018,0.42
29/11/2018,0.42
30/11/2018,0.42
01/12/2018,0.42
02/12/2018,0.42
03/12/2018,0.42
04/12/2018,0.42
05/12/2018,0.42
06/12/2018,0.42
07/12/2018,0.42
08/12/2018,0.42
09/12/2018,0.42
10/12/2018,0.42
11/12/2018,0.42
12/12/2018,0.42
13/12/2018,0.42
14/12/2018,0.42
15/12/2018,0.42
16/12/2018,0.42
17/12/2018,0.42
18/12/2018,0.42
19/12/2018,0.42
20/12/2018,0.42
21/12/2018,0.42
22/12/2018,0.42
23/12/2018,0.42
24/12/2018,0.42
25/12/2018,0.42
26/12/2018,0.42
27/12/2018,0.42
28/12/2018,0.42
29/12/2018,0.42
30/12/2018,0.42
31/12/2018,0.42
01/01/2019,0.42
02/01/2019,0.42
03/01/2019,0.42
04/01/2019,0.42
05/01/2019,0.42
06/01/2019,0.42
07/01/2019,0.42
08/01/2019,0.42
09/01/2019,0.42
10/01/2019,0.42
11/01/2019,0.42
12/01/2019,0.42
13/01/2019,0.42
14/01/2019,0.42
15/01/2019,0.42
16/01/2019,0.42
17/01/2019,0.42
18/01/2019,0.42
19/01/2019,0.42
20/01/2019,0.42
21/01/2019,0.42
22/01/2019,0.42
23/01/2019,0.42
24/01/2019,0.42
25/01/2019,0.42
26/01/2019,0.42
27/01/2019,0.42
28/01/2019,0.42
29/01/2019,0.42
30/01/2019,0.42
31/01/2019,0.42
01/02/2019,0.42
02/02/2019,0.42
03/02/2019,0.42
04/02/2019,0.42
05/02/2019,0.42
06/02/2019,0.42
07/02/2019,0.42
08/02/2019,0.42
09/02/2019,0.42
10/02/2019,0.42
11/02/2019,0.42
12/02/2019,0.42
13/02/2019,0.42
14/02/2019,0.42
15/02/2019,0.42
16/02/2019,0.42
17/02/2019,0.42
18/02/2019,0.42
19/02/2019,0.42
20/02/2019,0.42
21/02/2019,0.42
22/02/2019,0.42
23/02/2019,0.42
24/02/2019,0.42
25/02/2019,0.42
26/02/2019,0.42
27/02/2019,0.42
28/02/2019,0.42
01/03/2019,0.42
02/03/2019,0.42
03/03/2019,0.42
04/03/2019,0.42
05/03/2019,0.42
06/03/2019,0.42
07/03/2019,0.42
08/03/2019,0.42
09/03/2019,0.42
10/03/2019,0.42
11/03/2019,0.42
12/03/2019,0.42
13/03/2019,0.42
14/03/2019,0.42
15/03/2019,0.42
16/03/2019,0.42
17/03/2019,0.42
18/03/2019,0.42
19/03/2019,0.42
20/03/2019,0.42
21/03/2019,0.42
22/03/2019,0.42
23/03/2019,0.42
24/03/2019,0.42
25/03/2019,0.42
26/03/2019,0.42
27/03/2019,0.42
28/03/2019,0.42
29/03/2019,0.42
30/03/2019,0.42
31/03/2019,0.42
01/04/2019,0.42
02/04/2019,0.42
03/04/2019,0.42
04/04/2019,0.42
05/04/2019,0.42
06/04/2019,0.42
07/04/2019,0.42
08/04/2019,0.42
09/04/2019,0.42
10/04/2019,0.42
11/04/2019,0.42
12/04/2019,0.42
13/04/2019,0.42
14/04/2019,0.42
15/04/2019,0.42
16/04/2019,0.42
17/04/2019,0.42
18/04/2019,0.42
19/04/2019,0.42
20/04/2019,0.42
21/04/2019,0.42
22/04/2019,0.42
23/04/2019,0.42
24/04/2019,0.42
25/04/2019,0.42
26/04/2019,0.42
27/04/2019,0.42
28/04/2019,0.42
29/04/2019,0.42
30/04/2019,0.42
01/05/2019,0.42
02/05/2019,0.42
03/05/2019,0.42
04/05/2019,0.42
05/05/2019,0.42
06/05/2019,0.42
07/05/2019,0.42
08/05/2019,0.42
09/05/2019,0.42
10/05/2019,0.42
11/05/2019,0.42
12/05/2019,0.42
13/05/2019,0.42
14/05/2019,0.42
15/05/2019,0.42
16/05/2019,0.42
17/05/2019,0.42
18/05/2019,0.42
19/05/2019,0.42
20/05/2019,0.42
21/05/2019,0.42
22/05/2019,0.42
23/05/2019,0.42
24/05/2019,0.42
25/05/2019,0.42
26/05/2019,0.42
27/05/2019,0.42
28/05/2019,0.42
29/05/2019,0.42
30/05/2019,0.42
31/05/2019,0.42
01/06/2019,0.42
02/06/2019,0.42
03/06/2019,0.42
04/06/2019,0.42
05/06/2019,0.42
06/06/2019,0.42
07/06/2019,0.42
08/06/2019,0.42
09/06/2019,0.42
10/06/2019,0.42
11/06/2019,0.42
12/06/2019,0.42
13/06/2019,0.42
14/06/2019,0.42
15/06/2019,0.42
16/06/2019,0.42
17/06/2019,0.42
18/06/2019,0.42
19/06/2019,0.42
20/06/2019,0.42
21/06/2019,0.42
22/06/2019,0.42
23/06/2019,0.42
24/06/2019,0.42
25/06/2019,0.42
26/06/2019,0.42
27/06/2019,0.42
28/06/2019,0.42
29/06/2019,0.42
30/06/2019,0.42
01/07/2019,0.42
02/07/2019,0.42
03/07/2019,0.42
04/07/2019,0.42
05/07/2019,0.42
06/07/2019,0.42
07/07/2019,0.42
08/07/2019,0.42
09/07/2019,0.42
10/07/2019,0.42
11/07/2019,0.42
12/07/2019,0.42
13/07/2019,0.42
14/07/2019,0.42
15/07/2019,0.42
16/07/2019,0.42
17/07/2019,0.42
18/07/2019,0.42
19/07/2019,0.42
20/07/2019,0.42
21/07/2019,0.42
22/07/2019,0.42
23/07/2019,0.42
24/07/2019,0.42
25/07/2019,0.42
26/07/2019,0.42
27/07/2019,0.42
28/07/2019,0.42
29/07/2019,0.42
30/07/2019,0.42
31/07/2019,0.42
01/08/2019,0.42
02/08/2019,0.42
03/08/2019,0.42
04/08/2019,0.42
05/08/2019,0.42
06/08/2019,0.42
07/08/2019,0.42
08/08/2019,0.42
09/08/2019,0.42
10/08/2019,0.42
11/08/2019,0.42
12/08/2019,0.42
13/08/2019,0.42
14/08/2019,0.42
15/08/2019,0.42
16/08/2019,0.42
17/08/2019,0.42
18/08/2019,0.42
19/08/2019,0.42
20/08/2019,0.42
21/08/2019,0.42
22/08/2019,0.42
23/08/2019,0.42
24/08/2019,0.42
25/08/2019,0.42
26/08/2019,0.42
27/08/2019,0.42
28/08/2019,0.42
29/08/2019,0.42
30/08/2019,0.42
31/08/2019,0.42
01/09/2019,0.42
02/09/2019,0.42
03/09/2019,0.42
04/09/2019,0.42
05/09/2019,0.42
06/09/2019,0.42
07/09/2019,0.42
08/09/2019,0.42
09/09/2019,0.42
10/09/2019,0.42
11/09/2019,0.42
12/09/2019,0.42
13/09/2019,0.42
14/09/2019,0.42
15/09/2019,0.42
16/09/2019,0.42
17/09/2019,0.42
18/09/2019,0.42
19/09/2019,0.42
20/09/2019,0.42
21/09/2019,0.42
22/09/2019,0.42
23/09/2019,0.42
24/09/2019,0.42
25/09/2019,0.42
26/09/2019,0.42
27/09/2019,0.42
28/09/2019,0.42
29/09/2019,0.42
30/09/2019,0.42
01/10/2019,0.42
02/10/2019,0.42
03/10/2019,0.42
04/10/2019,0.42
05/10/2019,0.42
06/10/2019,0.42
07/10/2019,0.42
08/10/2019,0.42
09/10/2019,0.42
10/10/2019,0.42
11/10/2019,0.42
12/10/2019,0.42
13/10/2019,0.42
14/10/2019,0.42
15/10/2019,0.42
16/10/2019,0.42
17/10/2019,0.42
18/10/2019,0.42
19/10/2019,0.42
20/10/2019,0.42
21/10/2019,0.42
22/10/2019,0.42
23/10/2019,0.42
24/10/2019,0.42
25/10/2019,0.42
26/10/2019,0.42
27/10/2019,0.42
28/10/2019,0.42
29/10/2019,0.42
30/10/2019,0.42
31/10/2019,0.42
01/11/2019,0.42
02/11/2019,0.42
03/11/2019,0.42
04/11/2019,0.42
05/11/2019,0.42
06/11/2019,0.42
07/11/2019,0.42
08/11/2019,0.42
09/11/2019,0.42
10/11/2019,0.42
11/11/2019,0.42
12/11/2019,0.42
13/11/2019,0.42
14/11/2019,0.42
15/11/2019,0.42
16/11/2019,0.42
17/11/2019,0.42
18/11/2019,0.42
19/11/2019,0.42
20/11/2019,0.42
21/11/2019,0.42
22/11/2019,0.42
23/11/2019,0.42
24/11/2019,0.42
25/11/2019,0.42
26/11/2019,0.42
27/11/2019,0.42
28/11/2019,0.42
29/11/2019,0.42
30/11/2019,0.42
01/12/2019,0.42
02/12/2019,0.42
03/12/2019,0.42
04/12/2019,0.42
05/12/2019,0.42
06/12/2019,0.42
07/12/2019,0.42
08/12/2019,0.42
09/12/2019,0.42
10/12/2019,0.42
11/12/2019,0.42
12/12/2019,0.42
13/12/2019,0.42
14/12/2019,0.42
15/12/2019,0.42
16/12/2019,0.42
17/12/2019,0.42
18/12/2019,0.42
19/12/2019,0.42
20/12/2019,0.42
21/12/2019,0.42
22/12/2019,0.42
23/12/2019,0.42
24/12/2019,0.42
25/12/2019,0.42
26/12/2019,0.42
27/12/2019,0.42
28/12/2019,0.42
29/12/2019,0.42
30/12/2019,0.42
31/12/2019,0.42
01/01/2020,0.42
02/01/2020,0.42
03/01/2020,0.42
04/01/2020,0.42
05/01/2020,0.42
06/01/2020,0.42
07/01/2020,0.42
08/01/2020,0.42
09/01/2020,0.42
10/01/2020,0.42
11/01/2020,0.42
12/01/2020,0.42
13/01/2020,0.42
14/01/2020,0.42
15/01/2020,0.42
16/01/2020,0.42
17/01/2020,0.42
18/01/2020,0.42
19/01/2020,0.42
20/01/2020,0.42
21/01/2020,0.42
22/01/2020,0.42
23/01/2020,0.42
24/01/2020,0.42
25/01/2020,0.42
26/01/2020,0.42
27/01/2020,0.42
28/01/2020,0.42
29/01/2020,0.42
30/01/2020,0.42
31/01/2020,0.42
01/02/2020,0.42
02/02/2020,0.42
03/02/2020,0.42
04/02/2020,0.42
05/02/2020,0.42
06/02/2020,0.42
07/02/2020,0.42
08/02/2020,0.42
09/02/2020,0.42
10/02/2020,0.42
11/02/2020,0.42
12/02/2020,0.42
13/02/2020,0.42
14/02/2020,0.42
15/02/2020,0.42
16/02/2020,0.42
17/02/2020,0.42
18/02/2020,0.42
19/02/2020,0.42
20/02/2020,0.42
21/02/2020,0.42
22/02/2020,0.42
23/02/2020,0.42
24/02/2020,0.42
25/02/2020,0.42
26/02/2020,0.42
27/02/2020,0.42
28/02/2020,0.42
29/02/2020,0.42
01/03/2020,0.42
02/03/2020,0.42
03/03/2020,0.42
04/03/2020,0.42
05/03/2020,0.42
06/03/2020,0.42
07/03/2020,0.42
08/03/2020,0.42
09/03/2020,0.42
10/03/2020,0.42
11/03/2020,0.42
12/03/2020,0.42
13/03/2020,0.42
14/03/2020,0.42
15/03/2020,0.42
16/03/2020,0.42
17/03/2020,0.42
18/03/2020,0.42
19/03/2020,0.42
20/03/2020,0.42
21/03/2020,0.42
22/03/2020,0.42
23/03/2020,0.42
24/03/2020,0.42
25/03/2020,0.42
26/03/2020,0.42
27/03/2020,0.42
28/03/2020,0.42
29/03/2020,0.42
30/03/2020,0.42
31/03/2020,0.42
01/04/2020,0.42
02/04/2020,0.42
03/04/2020,0.42
04/04/2020,0.42
05/04/2020,0.42
06/04/2020,0.42
07/04/2020,0.42
08/04/2020,0.42
09/04/2020,0.42
10/04/2020,0.42
11/04/2020,0.42
12/04/2020,0.42
13/04/2020,0.42
14/04/2020,0.42
15/04/2020,0.42
16/04/2020,0.42
17/04/2020,0.42
18/04/2020,0.42
19/04/2020,0.42
20/04/2020,0.42
21/04/2020,0.42
22/04/2020,0.42
23/04/2020,0.42
24/04/2020,0.42
25/04/2020,0.42
26/04/2020,0.42
27/04/2020,0.42
28/04/2020,0.42
29/04/2020,0.42
30/04/2020,0.42
01/05/2020,0.42
02/05/2020,0.42
03/05/2020,0.42
04/05/2020,0.42
05/05/2020,0.42
06/05/2020,0.42
07/05/2020,0.42
08/05/2020,0.42
09/05/2020,0.42
10/05/2020,0.42
11/05/2020,0.42
12/05/2020,0.42
13/05/2020,0.42
14/05/2020,0.42
15/05/2020,0.42
16/05/2020,0.42
17/05/2020,0.42
18/05/2020,0.42
19/05/2020,0.42
20/05/2020,0.42
21/05/2020,0.42
22/05/2020,0.42
23/05/2020,0.42
24/05/2020,0.42
25/05/2020,0.42
26/05/2020,0.42
27/05/2020,0.42
28/05/2020,0.42
29/05/2020,0.42
30/05/2020,0.42
31/05/2020,0.42
01/06/2020,0.42
02/06/2020,0.42
03/06/2020,0.42
04/06/2020,0.42
05/06/2020,0.42
06/06/2020,0.42
07/06/2020,0.42
08/06/2020,0.42
09/06/2020,0.42
10/06/2020,0.42
11/06/2020,0.42
12/06/2020,0.42
13/06/2020,0.42
14/06/2020,0.42
15/06/2020,0.42
16/06/2020,0.42
17/06/2020,0.42
18/06/2020,0.42
19/06/2020,0.42
20/06/2020,0.42
21/06/2020,0.42
22/06/2020,0.42
23/06/2020,0.42
24/06/2020,0.42
25/06/2020,0.42
26/06/2020,0.42
27/06/2020,0.42
28/06/2020,0.42
29/06/2020,0.42
30/06/2020,0.42
01/07/2020,0.42
02/07/2020,0.42
03/07/2020,0.42
04/07/2020,0.42
05/07/2020,0.42
06/07/2020,0.42
07/07/2020,0.42
08/07/2020,0.42
09/07/2020,0.42
10/07/2020,0.42
11/07/2020,0.42
12/07/2020,0.42
13/07/2020,0.42
14/07/2020,0.42
15/07/2020,0.42
16/07/2020,0.42
17/07/2020,0.42
18/07/2020,0.42
19/07/2020,0.42
20/07/2020,0.42
21/07/2020,0.42
22/07/2020,0.42
23/07/2020,0.42
24/07/2020,0.42
25/07/2020,0.42
26/07/2020,0.42
27/07/2020,0.42
28/07/2020,0.42
29/07/2020,0.42
30/07/2020,0.42
31/07/2020,0.42
01/08/2020,0.42
02/08/2020,0.42
03/08/2020,0.42
04/08/2020,0.42
05/08/2020,0.42
06/08/2020,0.42
07/08/2020,0.42
08/08/2020,0.42
09/08/2020,0.42
10/08/2020,0.42
11/08/2020,0.42
12/08/2020,0.42
13/08/2020,0.42
14/08/2020,0.42
15/08/2020,0.42
16/08/2020,0.42
17/08/2020,0.42
18/08/2020,0.42
19/08/2020,0.42
20/08/2020,0.42
21/08/2020,0.42
22/08/2020,0.42
23/08/2020,0.42
24/08/2020,0.42
25/08/2020,0.42
26/08/2020,0.42
27/08/2020,0.42
28/08/2020,0.42
29/08/2020,0.42
30/08/2020,0.42
31/08/2020,0.42
01/09/2020,0.42
02/09/2020,0.42
03/09/2020,0.42
04/09/2020,0.42
05/09/2020,0.42
06/09/2020,0.42
07/09/2020,0.42
08/09/2020,0.42
09/09/2020,0.42
10/09/2020,0.42
11/09/2020,0.42
12/09/2020,0.42
13/09/2020,0.42
14/09/2020,0.42
15/09/2020,0.42
16/09/2020,0.42
17/09/2020,0.42
18/09/2020,0.42
19/09/2020,0.42
20/09/2020,0.42
21/09/2020,0.42
22/09/2020,0.42
23/09/2020,0.42
24/09/2020,0.42
25/09/2020,0.42
26/09/2020,0.42
27/09/2020,0.42
28/09/2020,0.42
29/09/2020,0.42
30/09/2020,0.42
01/10/2020,0.42
02/10/2020,0.42
03/10/2020,0.42
04/10/2020,0.42
05/10/2020,0.42
06/10/2020,0.42
07/10/2020,0.42
08/10/2020,0.42
09/10/2020,0.42
10/10/2020,0.42
11/10/2020,0.42
12/10/2020,0.42
13/10/2020,0.42
14/10/2020,0.42
15/10/2020,0.42
16/10/2020,0.42
17/10/2020,0.42
18/10/2020,0.42
19/10/2020,0.42
20/10/2020,0.42
21/10/2020,0.42
22/10/2020,0.42
23/10/2020,0.42
24/10/2020,0.42
25/10/2020,0.42
26/10/2020,0.42
27/10/2020,0.42
28/10/2020,0.42
29/10/2020,0.42
30/10/2020,0.42
31/10/2020,0.42
01/11/2020,0.42
02/11/2020,0.42
03/11/2020,0.42
04/11/2020,0.42
05/11/2020,0.42
06/11/2020,0.42
07/11/2020,0.42
08/11/2020,0.42
09/11/2020,0.42
10/11/2020,0.42
11/11/2020,0.42
12/11/2020,0.42
13/11/2020,0.42
14/11/2020,0.42
15/11/2020,0.42
16/11/2020,0.42
17/11/2020,0.42
18/11/2020,0.42
19/11/2020,0.42
20/11/2020,0.42
21/11/2020,0.42
22/11/2020,0.42
23/11/2020,0.42
24/11/2020,0.42
25/11/2020,0.42
26/11/2020,0.42
27/11/2020,0.42
28/11/2020,0.42
29/11/2020,0.42
30/11/2020,0.42
01/12/2020,0.42
02/12/2020,0.42
03/12/2020,0.42
04/12/2020,0.42
05/12/2020,0.42
06/12/2020,0.42
07/12/2020,0.42
08/12/2020,0.42
09/12/2020,0.42
10/12/2020,0.42
11/12/2020,0.42
12/12/2020,0.42
13/12/2020,0.42
14/12/2020,0.42
15/12/2020,0.42
16/12/2020,0.42
17/12/2020,0.42
18/12/2020,0.42
19/12/2020,0.42
20/12/2020,0.42
21/12/2020,0.42
22/12/2020,0.42
23/12/2020,0.42
24/12/2020,0.42
25/12/2020,0.42
26/12/2020,0.42
27/12/2020,0.42
28/12/2020,0.42
29/12/2020,0.42
30/12/2020,0.42
31/12/2020,0.42
01/01/2021,0.42
02/01/2021,0.42
03/01/2021,0.42
04/01/2021,0.42
05/01/2021,0.42
06/01/2021,0.42
07/01/2021,0.42
08/01/2021,0.42
09/01/2021,0.42
10/01/2021,0.42
11/01/2021,0.42
12/01/2021,0.42
13/01/2021,0.42
14/01/2021,0.42
15/01/2021,0.42
16/01/2021,0.42
17/01/2021,0.42
18/01/2021,0.42
19/01/2021,0.42
20/01/2021,0.42
21/01/2021,0.42
22/01/2021,0.42
23/01/2021,0.42
24/01/2021,0.42
25/01/2021,0.42
26/01/2021,0.42
27/01/2021,0.42
28/01/2021,0.42
29/01/2021,0.42
30/01/2021,0.42
31/01/2021,0.42
01/02/2021,0.42
02/02/2021,0.42
03/02/2021,0.42
04/02/2021,0.42
05/02/2021,0.42
06/02/2021,0.42
07/02/2021,0.42
08/02/2021,0.42
09/02/2021,0.42
10/02/2021,0.42
11/02/2021,0.42
12/02/2021,0.42
13/02/2021,0.42
14/02/2021,0.42
15/02/2021,0.42
16/02/2021,0.42
17/02/2021,0.42
18/02/2021,0.42
19/02/2021,0.42
20/02/2021,0.42
21/02/2021,0.42
22/02/2021,0.42
23/02/2021,0.42
24/02/2021,0.42
25/02/2021,0.42
26/02/2021,0.42
27/02/2021,0.42
28/02/2021,0.42
01/03/2021,0.42
02/03/2021,0.42
03/03/2021,0.42
04/03/2021,0.42
05/03/2021,0.42
06/03/2021,0.42
07/03/2021,0.42
08/03/2021,0.42
09/03/2021,0.42
10/03/2021,0.42
11/03/2021,0.42
12/03/2021,0.42
13/03/2021,0.42
14/03/2021,0.42
15/03/2021,0.42
16/03/2021,0.42
17/03/2021,0.42
18/03/2021,0.42
19/03/2021,0.42
20/03/2021,0.42
21/03/2021,0.42
22/03/2021,0.42
23/03/2021,0.42
24/03/2021,0.42
25/03/2021,0.42
26/03/2021,0.42
27/03/2021,0.42
28/03/2021,0.42
29/03/2021,0.42
30/03/2021,0.42
31/03/2021,0.42
01/04/2021,0.42
02/04/2021,0.42
03/04/2021,0.42
04/04/2021,0.42
05/04/2021,0.42
06/04/2021,0.42
07/04/2021,0.42
08/04/2021,0.42
09/04/2021,0.42
10/04/2021,0.42
11/04/2021,0.42
12/04/2021,0.42
13/04/2021,0.42
14/04/2021,0.42
15/04/2021,0.42
16/04/2021,0.42
17/04/2021,0.42
18/04/2021,0.42
19/04/2021,0.42
20/04/2021,0.42
21/04/2021,0.42
22/04/2021,0.42
23/04/2021,0.42
24/04/2021,0.42
25/04/2021,0.42
26/04/2021,0.42
27/04/2021,0.42
28/04/2021,0.42
29/04/2021,0.42
30/04/2021,0.42
01/05/2021,0.42
02/05/2021,0.42
03/05/2021,0.42
04/05/2021,0.42
05/05/2021,0.42
06/05/2021,0.42
07/05/2021,0.42
08/05/2021,0.42
09/05/2021,0.42
10/05/2021,0.42
11/05/2021,0.42
12/05/2021,0.42
13/05/2021,0.42
14/05/2021,0.42
15/05/2021,0.42
16/05/2021,0.42
17/05/2021,0.42
18/05/2021,0.42
19/05/2021,0.42
20/05/2021,0.42
21/05/2021,0.42
22/05/2021,0.42
23/05/2021,0.42
24/05/2021,0.42
25/05/2021,0.42
26/05/2021,0.42
27/05/2021,0.42
28/05/2021,0.42
29/05/2021,0.42
30/05/2021,0.42
31/05/2021,0.42
01/06/2021,0.42
02/06/2021,0.42
03/06/2021,0.42
04/06/2021,0.42
05/06/2021,0.42
06/06/2021,0.42
07/06/2021,0.42
08/06/2021,0.42
09/06/2021,0.42
10/06/2021,0.42
11/06/2021,0.42
12/06/2021,0.42
13/06/2021,0.42
14/06/2021,0.42
15/06/2021,0.42
16/06/2021,0.42
17/06/2021,0.42
18/06/2021,0.42
19/06/2021,0.42
20/06/2021,0.42
21/06/2021,0.42
22/06/2021,0.42
23/06/2021,0.42
24/06/2021,0.42
25/06/2021,0.42
26/06/2021,0.42
27/06/2021,0.42
28/06/2021,0.42
29/06/2021,0.42
30/06/2021,0.42
01/07/2021,0.42
02/07/2021,0.42
03/07/2021,0.42
04/07/2021,0.42
05/07/2021,0.42
06/07/2021,0.42
07/07/2021,0.42
08/07/2021,0.42
09/07/2021,0.42
10/07/2021,0.42
11/07/2021,0.42
12/07/2021,0.42
13/07/2021,0.42
14/07/2021,0.42
15/07/2021,0.42
16/07/2021,0.42
17/07/2021,0.42
18/07/2021,0.42
19/07/2021,0.42
20/07/2021,0.42
21/07/2021,0.42
22/07/2021,0.42
23/07/2021,0.42
24/07/2021,0.42
25/07/2021,0.42
26/07/2021,0.42
27/07/2021,0.42
28/07/2021,0.42
29/07/2021,0.42
30/07/2021,0.42
31/07/2021,0.42
01/08/2021,0.42
02/08/2021,0.42
03/08/2021,0.42
04/08/2021,0.42
05/08/2021,0.42
06/08/2021,0.42
07/08/2021,0.42
08/08/2021,0.42
09/08/2021,0.42
10/08/2021,0.42
11/08/2021,0.42
12/08/2021,0.42
13/08/2021,0.42
14/08/2021,0.42
15/08/2021,0.42
16/08/2021,0.42
17/08/2021,0.42
18/08/2021,0.42
19/08/2021,0.42
20/08/2021,0.42
21/08/2021,0.42
22/08/2021,0.42
23/08/2021,0.42
24/08/2021,0.42
25/08/2021,0.42
26/08/2021,0.42
27/08/2021,0.42
28/08/2021,0.42
29/08/2021,0.42
30/08/2021,0.42
31/08/2021,0.42
01/09/2021,0.42
02/09/2021,0.42
03/09/2021,0.42
04/09/2021,0.42
05/09/2021,0.42
06/09/2021,0.42
07/09/2021,0.42
08/09/2021,0.42
09/09/2021,0.42
10/09/2021,0.42
11/09/2021,0.42
12/09/2021,0.42
13/09/2021,0.42
14/09/2021,0.42
15/09/2021,0.42
16/09/2021,0.42
17/09/2021,0.42
18/09/2021,0.42
19/09/2021,0.42
20/09/2021,0.42
21/09/2021,0.42
22/09/2021,0.42
23/09/2021,0.42
24/09/2021,0.42
25/09/2021,0.42
26/09/2021,0.42
27/09/2021,0.42
28/09/2021,0.42
29/09/2021,0.42
30/09/2021,0.42
01/10/2021,0.42
02/10/2021,0.42
03/10/2021,0.42
04/10/2021,0.42
05/10/2021,0.42
06/10/2021,0.42
07/10/2021,0.42
08/10/2021,0.42
09/10/2021,0.42
10/10/2021,0.42
11/10/2021,0.42
12/10/2021,0.42
13/10/2021,0.42
14/10/2021,0.42
15/10/2021,0.42
16/10/2021,0.42
17/10/2021,0.42
18/10/2021,0.42
19/10/2021,0.42
20/10/2021,0.42
21/10/2021,0.42
22/10/2021,0.42
23/10/2021,0.42
24/10/2021,0.42
25/10/2021,0.42
26/10/2021,0.42
27/10/2021,0.42
28/10/2021,0.42
29/10/2021,0.42
30/10/2021,0.42
31/10/2021,0.42
01/11/2021,0.42
02/11/2021,0.42
03/11/2021,0.42
04/11/2021,0.42
05/11/2021,0.42
06/11/2021,0.42
07/11/2021,0.42
08/11/2021,0.42
09/11/2021,0.42
10/11/2021,0.42
11/11/2021,0.42
12/11/2021,0.42
13/11/2021,0.42
14/11/2021,0.42
15/11/2021,0.42
16/11/2021,0.42
17/11/2021,0.42
18/11/2021,0.42
19/11/2021,0.42
20/11/2021,0.42
21/11/2021,0.42
22/11/2021,0.42
23/11/2021,0.42
24/11/2021,0.42
25/11/2021,0.42
26/11/2021,0.42
27/11/2021,0.42
28/11/2021,0.42
29/11/2021,0.42
30/11/2021,0.42
01/12/2021,0.42
02/12/2021,0.42
03/12/2021,0.42
04/12/2021,0.42
05/12/2021,0.42
06/12/2021,0.42
07/12/2021,0.42
08/12/2021,0.42
09/12/2021,0.42
10/12/2021,0.42
11/12/2021,0.42
12/12/2021,0.42
13/12/2021,0.42
14/12/2021,0.42
15/12/2021,0.42
16/12/2021,0.42
17/12/2021,0.42
18/12/2021,0.42
19/12/2021,0.42
20/12/2021,0.42
21/12/2021,0.42
22/12/2021,0.42
23/12/2021,0.42
24/12/2021,0.42
25/12/2021,0.42
26/12/2021,0.42
27/12/2021,0.42
28/12/2021,0.42
29/12/2021,0.42
30/12/2021,0.42
31/12/2021,0.42
01/01/2022,0.42
02/01/2022,0.42
03/01/2022,0.42
04/01/2022,0.42
05/01/2022,0.42
06/01/2022,0.42
07/01/2022,0.42
08/01/2022,0.42
09/01/2022,0.42
10/01/2022,0.42
11/01/2022,0.42
12/01/2022,0.42
13/01/2022,0.42
14/01/2022,0.42
15/01/2022,0.42
16/01/2022,0.42
17/01/2022,0.42
18/01/2022,0.42
19/01/2022,0.42
20/01/2022,0.42
21/01/2022,0.42
22/01/2022,0.42
23/01/2022,0.42
24/01/2022,0.42
25/01/2022,0.42
26/01/2022,0.42
27/01/2022,0.42
28/01/2022,0.42
29/01/2022,0.42
30/01/2022,0.42
31/01/2022,0.42
01/02/2022,0.42
02/02/2022,0.42
03/02/2022,0.42
04/02/2022,0.42
05/02/2022,0.42
06/02/2022,0.42
07/02/2022,0.42
08/02/2022,0.42
09/02/2022,0.42
10/02/2022,0.42
11/02/2022,0.42
12/02/2022,0.42
13/02/2022,0.42
14/02/2022,0.42
15/02/2022,0.42
16/02/2022,0.42
17/02/2022,0.42
18/02/2022,0.42
19/02/2022,0.42
20/02/2022,0.42
21/02/2022,0.42
22/02/2022,0.42
23/02/2022,0.42
24/02/2022,0.42
25/02/2022,0.42
26/02/2022,0.42
27/02/2022,0.42
28/02/2022,0.42
01/03/2022,0.42
02/03/2022,0.42
03/03/2022,0.42
04/03/2022,0.42
05/03/2022,0.42
06/03/2022,0.42
07/03/2022,0.42
08/03/2022,0.42
09/03/2022,0.42
10/03/2022,0.42
11/03/2022,0.42
12/03/2022,0.42
13/03/2022,0.42
14/03/2022,0.42
15/03/2022,0.42
16/03/2022,0.42
17/03/2022,0.42
18/03/2022,0.42
19/03/2022,0.42
20/03/2022,0.42
21/03/2022,0.42
22/03/2022,0.42
23/03/2022,0.42
24/03/2022,0.42
25/03/2022,0.42
26/03/2022,0.42
27/03/2022,0.42
28/03/2022,0.42
29/03/2022,0.42
30/03/2022,0.42
31/03/2022,0.42
01/04/2022,0.42
02/04/2022,0.42
03/04/2022,0.42
04/04/2022,0.42
05/04/2022,0.42
06/04/2022,0.42
07/04/2022,0.42
08/04/2022,0.42
09/04/2022,0.42
10/04/2022,0.42
11/04/2022,0.42
12/04/2022,0.42
13/04/2022,0.42
14/04/2022,0.42
15/04/2022,0.42
16/04/2022,0.42
17/04/2022,0.42
18/04/2022,0.42
19/04/2022,0.42
20/04/2022,0.42
21/04/2022,0.42
22/04/2022,0.42
23/04/2022,0.42
24/04/2022,0.42
25/04/2022,0.42
26/04/2022,0.42
27/04/2022,0.42
28/04/2022,0.42
29/04/2022,0.42
30/04/2022,0.42
01/05/2022,0.42
02/05/2022,0.42
03/05/2022,0.42
04/05/2022,0.42
05/05/2022,0.42
06/05/2022,0.42
07/05/2022,0.42
08/05/2022,0.42
09/05/2022,0.42
10/05/2022,0.42
11/05/2022,0.42
12/05/2022,0.42
13/05/2022,0.42
14/05/2022,0.42
15/05/2022,0.42
16/05/2022,0.42
17/05/2022,0.42
18/05/2022,0.42
19/05/2022,0.42
20/05/2022,0.42
21/05/2022,0.42
22/05/2022,0.42
23/05/2022,0.42
24/05/2022,0.42
25/05/2022,0.42
26/05/2022,0.42
27/05/2022,0.42
28/05/2022,0.42
29/05/2022,0.42
30/05/2022,0.42
31/05/2022,0.42
01/06/2022,0.42
02/06/2022,0.42
03/06/2022,0.42
04/06/2022,0.42
05/06/2022,0.42
06/06/2022,0.42
07/06/2022,0.42
08/06/2022,0.42
09/06/2022,0.42
10/06/2022,0.42
11/06/2022,0.42
12/06/2022,0.42
13/06/2022,0.42
14/06/2022,0.42
15/06/2022,0.42
16/06/2022,0.42
17/06/2022,0.42
18/06/2022,0.42
19/06/2022,0.42
20/06/2022,0.42
21/06/2022,0.42
22/06/2022,0.42
23/06/2022,0.42
24/06/2022,0.42
25/06/2022,0.42
26/06/2022,0.42
27/06/2022,0.42
28/06/2022,0.42
29/06/2022,0.42
30/06/2022,0.42
01/07/2022,0.42
02/07/2022,0.42
03/07/2022,0.42
04/07/2022,0.42
05/07/2022,0.42
06/07/2022,0.42
07/07/2022,0.42
08/07/2022,0.42
09/07/2022,0.42
10/07/2022,0.42
11/07/2022,0.42
12/07/2022,0.42
13/07/2022,0.42
14/07/2022,0.42
15/07/2022,0.42
16/07/2022,0.42
17/07/2022,0.42
18/07/2022,0.42
19/07/2022,0.42
20/07/2022,0.42
21/07/2022,0.42
22/07/2022,0.42
23/07/2022,0.42
24/07/2022,0.42
25/07/2022,0.42
26/07/2022,0.42
27/07/2022,0.42
28/07/2022,0.42
29/07/2022,0.42
30/07/2022,0.42
31/07/2022,0.42
01/08/2022,0.42
02/08/2022,0.42
03/08/2022,0.42
04/08/2022,0.42
05/08/2022,0.42
06/08/2022,0.42
07/08/2022,0.42
08/08/2022,0.42
09/08/2022,0.42
10/08/2022,0.42
11/08/2022,0.42
12/08/2022,0.42
13/08/2022,0.42
14/08/2022,0.42
15/08/2022,0.42
16/08/2022,0.42
17/08/2022,0.42
18/08/2022,0.42
19/08/2022,0.42
20/08/2022,0.42
21/08/2022,0.42
22/08/2022,0.42
23/08/2022,0.42
24/08/2022,0.42
25/08/2022,0.42
26/08/2022,0.42
27/08/2022,0.42
28/08/2022,0.42
29/08/2022,0.42
30/08/2022,0.42
31/08/2022,0.42
01/09/2022,0.42
02/09/2022,0.42
03/09/2022,0.42
04/09/2022,0.42
05/09/2022,0.42
06/09/2022,0.42
07/09/2022,0.42
08/09/2022,0.42
09/09/2022,0.42
10/09/2022,0.42
11/09/2022,0.42
12/09/2022,0.42
13/09/2022,0.42
14/09/2022,0.42
15/09/2022,0.42
16/09/2022,0.42
17/09/2022,0.42
18/09/2022,0.42
19/09/2022,0.42
20/09/2022,0.42
21/09/2022,0.42
22/09/2022,0.42
23/09/2022,0.42
24/09/2022,0.42
25/09/2022,0.42
26/09/2022,0.42
27/09/2022,0.42
28/09/2022,0.42
29/09/2022,0.42
30/09/2022,0.42
01/10/2022,0.42
02/10/2022,0.42
03/10/2022,0.42
04/10/2022,0.42
05/10/2022,0.42
06/10/2022,0.42
07/10/2022,0.42
08/10/2022,0.42
09/10/2022,0.42
10/10/2022,0.42
11/10/2022,0.42
12/10/2022,0.42
13/10/2022,0.42
14/10/2022,0.42
15/10/2022,0.42
16/10/2022,0.42
17/10/2022,0.42
18/10/2022,0.42
19/10/2022,0.42
20/10/2022,0.42
21/10/2022,0.42
22/10/2022,0.42
23/10/2022,0.42
24/10/2022,0.42
25/10/2022,0.42
26/10/2022,0.42
27/10/2022,0.42
28/10/2022,0.42
29/10/2022,0.42
30/10/2022,0.42
31/10/2022,0.42
01/11/2022,0.42
02/11/2022,0.42
03/11/2022,0.42
04/11/2022,0.42
05/11/2022,0.42
06/11/2022,0.42
07/11/2022,0.42
08/11/2022,0.42
09/11/2022,0.42
10/11/2022,0.42
11/11/2022,0.42
12/11/2022,0.42
13/11/2022,0.42
14/11/2022,0.42
15/11/2022,0.42
16/11/2022,0.42
17/11/2022,0.42
18/11/2022,0.42
19/11/2022,0.42
20/11/2022,0.42
21/11/2022,0.42
22/11/2022,0.42
23/11/2022,0.42
24/11/2022,0.42
25/11/2022,0.42
26/11/2022,0.42
27/11/2022,0.42
28/11/2022,0.42
29/11/2022,0.42
30/11/2022,0.42
01/12/2022,0.42
02/12/2022,0.42
03/12/2022,0.42
04/12/2022,0.42
05/12/2022,0.42
06/12/2022,0.42
07/12/2022,0.42
08/12/2022,0.42
09/12/2022,0.42
10/12/2022,0.42
11/12/2022,0.42
12/12/2022,0.42
13/12/2022,0.42
14/12/2022,0.42
15/12/2022,0.42
16/12/2022,0.42
17/12/2022,0.42
18/12/2022,0.42
19/12/2022,0.42
20/12/2022,0.42
21/12/2022,0.42
22/12/2022,0.42
23/12/2022,0.42
24/12/2022,0.42
25/12/2022,0.42
26/12/2022,0.42
27/12/2022,0.42
28/12/2022,0.42
29/12/2022,0.42
30/12/2022,0.42
31/12/2022,0.42
01/01/2023,0.42
02/01/2023,0.42
03/01/2023,0.42
04/01/2023,0.42
05/01/2023,0.42
06/01/2023,0.42
07/01/2023,0.42
08/01/2023,0.42
09/01/2023,0.42
10/01/2023,0.42
11/01/2023,0.42
12/01/2023,0.42
13/01/2023,0.42
14/01/2023,0.42
15/01/2023,0.42
16/01/2023,0.42
17/01/2023,0.42
18/01/2023,0.42
19/01/2023,0.42
20/01/2023,0.42
21/01/2023,0.42
22/01/2023,0.42
23/01/2023,0.42
24/01/2023,0.42
25/01/2023,0.42
26/01/2023,0.42
27/01/2023,0.42
28/01/2023,0.42
29/01/2023,0.42
30/01/2023,0.42
31/01/2023,0.42
01/02/2023,0.42
02/02/2023,0.42
03/02/2023,0.42
04/02/2023,0.42
05/02/2023,0.42
06/02/2023,0.42
07/02/2023,0.42
08/02/2023,0.42
09/02/2023,0.42
10/02/2023,0.42
11/02/2023,0.42
12/02/2023,0.42
13/02/2023,0.42
14/02/2023,0.42
15/02/2023,0.42
16/02/2023,0.42
17/02/2023,0.42
18/02/2023,0.42
19/02/2023,0.42
20/02/2023,0.42
21/02/2023,0.42
22/02/2023,0.42
23/02/2023,0.42
24/02/2023,0.42
25/02/2023,0.42
26/02/2023,0.42
27/02/2023,0.42
28/02/2023,0.42
01/03/2023,0.42
02/03/2023,0.42
03/03/2023,0.42
04/03/2023,0.42
05/03/2023,0.42
06/03/2023,0.42
07/03/2023,0.42
08/03/2023,0.42
09/03/2023,0.42
10/03/2023,0.42
11/03/2023,0.42
12/03/2023,0.42
13/03/2023,0.42
14/03/2023,0.42
15/03/2023,0.42
16/03/2023,0.42
17/03/2023,0.42
18/03/2023,0.42
19/03/2023,0.42
20/03/2023,0.42
21/03/2023,0.42
22/03/2023,0.42
23/03/2023,0.42
24/03/2023,0.42
25/03/2023,0.42
26/03/2023,0.42
27/03/2023,0.42
28/03/2023,0.42
29/03/2023,0.42
30/03/2023,0.42
31/03/2023,0.42
01/04/2023,0.42
02/04/2023,0.42
03/04/2023,0.42
04/04/2023,0.42
05/04/2023,0.42
06/04/2023,0.42
07/04/2023,0.42
08/04/2023,0.42
09/04/2023,0.42
10/04/2023,0.42
11/04/2023,0.42
12/04/2023,0.42
13/04/2023,0.42
14/04/2023,0.42
15/04/2023,0.42
16/04/2023,0.42
17/04/2023,0.42
18/04/2023,0.42
19/04/2023,0.42
20/04/2023,0.42
21/04/2023,0.42
22/04/2023,0.42
23/04/2023,0.42
24/04/2023,0.42
25/04/2023,0.42
26/04/2023,0.42
27/04/2023,0.42
28/04/2023,0.42
29/04/2023,0.42
30/04/2023,0.42
01/05/2023,0.42
02/05/2023,0.42
03/05/2023,0.42
04/05/2023,0.42
05/05/2023,0.42
06/05/2023,0.42
07/05/2023,0.42
08/05/2023,0.42
09/05/2023,0.42
10/05/2023,0.42
11/05/2023,0.42
12/05/2023,0.42
13/05/2023,0.42
14/05/2023,0.42
15/05/2023,0.42
16/05/2023,0.42
17/05/2023,0.42
18/05/2023,0.42
19/05/2023,0.42
20/05/2023,0.42
21/05/2023,0.42
22/05/2023,0.42
23/05/2023,0.42
24/05/2023,0.42
25/05/2023,0.42
26/05/2023,0.42
27/05/2023,0.42
28/05/2023,0.42
29/05/2023,0.42
30/05/2023,0.42
31/05/2023,0.42
01/06/2023,0.42
02/06/2023,0.42
03/06/2023,0.42
04/06/2023,0.42
05/06/2023,0.42
06/06/2023,0.42
07/06/2023,0.42
08/06/2023,0.42
09/06/2023,0.42
10/06/2023,0.42
11/06/2023,0.42
12/06/2023,0.42
13/06/2023,0.42
14/06/2023,0.42
15/06/2023,0.42
16/06/2023,0.42
17/06/2023,0.42
18/06/2023,0.42
19/06/2023,0.42
20/06/2023,0.42
21/06/2023,0.42
22/06/2023,0.42
23/06/2023,0.42
24/06/2023,0.42
25/06/2023,0.42
26/06/2023,0.42
27/06/2023,0.42
28/06/2023,0.42
29/06/2023,0.42
30/06/2023,0.42
01/07/2023,0.42
02/07/2023,0.42
03/07/2023,0.42
04/07/2023,0.42
05/07/2023,0.42
06/07/2023,0.42
07/07/2023,0.42
08/07/2023,0.42
09/07/2023,0.42
10/07/2023,0.42
11/07/2023,0.42
12/07/2023,0.42
13/07/2023,0.42
14/07/2023,0.42
15/07/2023,0.42
16/07/2023,0.42
17/07/2023,0.42
18/07/2023,0.42
19/07/2023,0.42
20/07/2023,0.42
21/07/2023,0.42
22/07/2023,0.42
23/07/2023,0.42
24/07/2023,0.42
25/07/2023,0.42
26/07/2023,0.42
27/07/2023,0.42
28/07/2023,0.42
29/07/2023,0.42
30/07/2023,0.42
31/07/2023,0.42
01/08/2023,0.42
02/08/2023,0.42
03/08/2023,0.42
04/08/2023,0.42
05/08/2023,0.42
06/08/2023,0.42
07/08/2023,0.42
08/08/2023,0.42
09/08/2023,0.42
10/08/2023,0.42
11/08/2023,0.42
12/08/2023,0.42
13/08/2023,0.42
14/08/2023,0.42
15/08/2023,0.42
16/08/2023,0.42
17/08/2023,0.42
18/08/2023,0.42
19/08/2023,0.42
20/08/2023,0.42
21/08/2023,0.42
22/08/2023,0.42
23/08/2023,0.42
24/08/2023,0.42
25/08/2023,0.42
26/08/2023,0.42
27/08/2023,0.42
28/08/2023,0.42
29/08/2023,0.42
30/08/2023,0.42
31/08/2023,0.42
01/09/2023,0.42
02/09/2023,0.42
03/09/2023,0.42
04/09/2023,0.42
05/09/2023,0.42
06/09/2023,0.42
07/09/2023,0.42
08/09/2023,0.42
09/09/2023,0.42
10/09/2023,0.42
11/09/2023,0.42
12/09/2023,0.42
13/09/2023,0.42
14/09/2023,0.42
15/09/2023,0.42
16/09/2023,0.42
17/09/2023,0.42
18/09/2023,0.42
19/09/2023,0.42
20/09/2023,0.42
21/09/2023,0.42
22/09/2023,0.42
23/09/2023,0.42
24/09/2023,0.42
25/09/2023,0.42
26/09/2023,0.42
27/09/2023,0.42
28/09/2023,0.42
29/09/2023,0.42
30/09/2023,0.42
01/10/2023,0.42
02/10/2023,0.42
03/10/2023,0.42
04/10/2023,0.42
05/10/2023,0.42
06/10/2023,0.42
07/10/2023,0.42
08/10/2023,0.42
09/10/2023,0.42
10/10/2023,0.42
11/10/2023,0.42
12/10/2023,0.42
13/10/2023,0.42
14/10/2023,0.42
15/10/2023,0.42
16/10/2023,0.42
17/10/2023,0.42
18/10/2023,0.42
19/10/2023,0.42
20/10/2023,0.42
21/10/2023,0.42
22/10/2023,0.42
23/10/2023,0.42
24/10/2023,0.42
25/10/2023,0.42
26/10/2023,0.42
27/10/2023,0.42
28/10/2023,0.42
29/10/2023,0.42
30/10/2023,0.42
31/10/2023,0.42
01/11/2023,0.42
02/11/2023,0.42
03/11/2023,0.42
04/11/2023,0.42
05/11/2023,0.42
06/11/2023,0.42
07/11/2023,0.42
08/11/2023,0.42
09/11/2023,0.42
10/11/2023,0.42
11/11/2023,0.42
12/11/2023,0.42
13/11/2023,0.42
14/11/2023,0.42
15/11/2023,0.42
16/11/2023,0.42
17/11/2023,0.42
18/11/2023,0.42
19/11/2023,0.42
20/11/2023,0.42
21/11/2023,0.42
22/11/2023,0.42
23/11/2023,0.42
24/11/2023,0.42
25/11/2023,0.42
26/11/2023,0.42
27/11/2023,0.42
28/11/2023,0.42
29/11/2023,0.42
30/11/2023,0.42
01/12/2023,0.42
02/12/2023,0.42
03/12/2023,0.42
04/12/2023,0.42
05/12/2023,0.42
06/12/2023,0.42
07/12/2023,0.42
08/12/2023,0.42
09/12/2023,0.42
10/12/2023,0.42
11/12/2023,0.42
12/12/2023,0.42
13/12/2023,0.42
14/12/2023,0.42
15/12/2023,0.42
16/12/2023,0.42
17/12/2023,0.42
18/12/2023,0.42
19/12/2023,0.42
20/12/2023,0.42
21/12/2023,0.42
22/12/2023,0.42
23/12/2023,0.42
24/12/2023,0.42
25/12/2023,0.42
26/12/2023,0.42
27/12/2023,0.42
28/12/2023,0.42
29/12/2023,0.42
30/12/2023,0.42
31/12/2023,0.42
01/01/2024,0.42
02/01/2024,0.42
03/01/2024,0.42
04/01/2024,0.42
05/01/2024,0.42
06/01/2024,0.42
07/01/2024,0.42
08/01/2024,0.42
09/01/2024,0.42
10/01/2024,0.42
11/01/2024,0.42
12/01/2024,0.42
13/01/2024,0.42
14/01/2024,0.42
15/01/2024,0.42
16/01/2024,0.42
17/01/2024,0.42
18/01/2024,0.42
19/01/2024,0.42
20/01/2024,0.42
21/01/2024,0.42
22/01/2024,0.42
23/01/2024,0.42
24/01/2024,0.42
25/01/2024,0.42
26/01/2024,0.42
27/01/2024,0.42
28/01/2024,0.42
29/01/2024,0.42
30/01/2024,0.42
31/01/2024,0.42
01/02/2024,0.42
02/02/2024,0.42
03/02/2024,0.42
04/02/2024,0.42
05/02/2024,0.42
06/02/2024,0.42
07/02/2024,0.42
08/02/2024,0.42
09/02/2024,0.42
10/02/2024,0.42
11/02/2024,0.42
12/02/2024,0.42
13/02/2024,0.42
14/02/2024,0.42
15/02/2024,0.42
16/02/2024,0.42
17/02/2024,0.42
18/02/2024,0.42
19/02/2024,0.42
20/02/2024,0.42
21/02/2024,0.42
22/02/2024,0.42
23/02/2024,0.42
24/02/2024,0.42
25/02/2024,0.42
26/02/2024,0.42
27/02/2024,0.42
28/02/2024,0.42
29/02/2024,0.42
01/03/2024,0.42
02/03/2024,0.42
03/03/2024,0.42
04/03/2024,0.42
05/03/2024,0.42
06/03/2024,0.42
07/03/2024,0.42
08/03/2024,0.42
09/03/2024,0.42
10/03/2024,0.42
11/03/2024,0.42
12/03/2024,0.42
13/03/2024,0.42
14/03/2024,0.42
15/03/2024,0.42
16/03/2024,0.42
17/03/2024,0.42
18/03/2024,0.42
19/03/2024,0.42
20/03/2024,0.42
21/03/2024,0.42
22/03/2024,0.42
23/03/2024,0.42
24/03/2024,0.42
25/03/2024,0.42
26/03/2024,0.42
27/03/2024,0.42
28/03/2024,0.42
29/03/2024,0.42
30/03/2024,0.42
31/03/2024,0.42
01/04/2024,0.42
02/04/2024,0.42
03/04/2024,0.42
04/04/2024,0.42
05/04/2024,0.42
06/04/2024,0.42
07/04/2024,0.42
08/04/2024,0.42
09/04/2024,0.42
10/04/2024,0.42
11/04/2024,0.42
12/04/2024,0.42
13/04/2024,0.42
14/04/2024,0.42
15/04/2024,0.42
16/04/2024,0.42
17/04/2024,0.42
18/04/2024,0.42
19/04/2024,0.42
20/04/2024,0.42
21/04/2024,0.42
22/04/2024,0.42
23/04/2024,0.42
24/04/2024,0.42
25/04/2024,0.42
26/04/2024,0.42
27/04/2024,0.42
28/04/2024,0.42
29/04/2024,0.42
30/04/2024,0.42
01/05/2024,0.42
02/05/2024,0.42
03/05/2024,0.42
04/05/2024,0.42
05/05/2024,0.42
06/05/2024,0.42
07/05/2024,0.42
08/05/2024,0.42
09/05/2024,0.42
10/05/2024,0.42
11/05/2024,0.42
12/05/2024,0.42
13/05/2024,0.42
14/05/2024,0.42
15/05/2024,0.42
16/05/2024,0.42
17/05/2024,0.42
18/05/2024,0.42
19/05/2024,0.42
20/05/2024,0.42
21/05/2024,0.42
22/05/2024,0.42
23/05/2024,0.42
24/05/2024,0.42
25/05/2024,0.42
26/05/2024,0.42
27/05/2024,0.42
28/05/2024,0.42
29/05/2024,0.42
30/05/2024,0.42
31/05/2024,0.42
01/06/2024,0.42
02/06/2024,0.42
03/06/2024,0.42
04/06/2024,0.42
05/06/2024,0.42
06/06/2024,0.42
07/06/2024,0.42
08/06/2024,0.42
09/06/2024,0.42
10/06/2024,0.42
11/06/2024,0.42
12/06/2024,0.42
13/06/2024,0.42
14/06/2024,0.42
15/06/2024,0.42
16/06/2024,0.42
17/06/2024,0.42
18/06/2024,0.42
19/06/2024,0.42
20/06/2024,0.42
21/06/2024,0.42
22/06/2024,0.42
23/06/2024,0.42
24/06/2024,0.42
25/06/2024,0.42
26/06/2024,0.42
27/06/2024,0.42
28/06/2024,0.42
29/06/2024,0.42
30/06/2024,0.42
01/07/2024,0.42
02/07/2024,0.42
03/07/2024,0.42
04/07/2024,0.42
05/07/2024,0.42
06/07/2024,0.42
07/07/2024,0.42
08/07/2024,0.42
09/07/2024,0.42
10/07/2024,0.42
11/07/2024,0.42
12/07/2024,0.42
13/07/2024,0.42
14/07/2024,0.42
15/07/2024,0.42
16/07/2024,0.42
17/07/2024,0.42
18/07/2024,0.42
19/07/2024,0.42
20/07/2024,0.42
21/07/2024,0.42
22/07/2024,0.42
23/07/2024,0.42
24/07/2024,0.42
25/07/2024,0.42
26/07/2024,0.42
27/07/2024,0.42
28/07/2024,0.42
29/07/2024,0.42
30/07/2024,0.42
31/07/2024,0.42
01/08/2024,0.42
02/08/2024,0.42
03/08/2024,0.42
04/08/2024,0.42
05/08/2024,0.42
06/08/2024,0.42
07/08/2024,0.42
08/08/2024,0.42
09/08/2024,0.42
10/08/2024,0.42
11/08/2024,0.42
12/08/2024,0.42
13/08/2024,0.42
14/08/2024,0.42
15/08/2024,0.42
16/08/2024,0.42
17/08/2024,0.42
18/08/2024,0.42
19/08/2024,0.42
20/08/2024,0.42
21/08/2024,0.42
22/08/2024,0.42
23/08/2024,0.42
24/08/2024,0.42
25/08/2024,0.42
26/08/2024,0.42
27/08/2024,0.42
28/08/2024,0.42
29/08/2024,0.42
30/08/2024,0.42
31/08/2024,0.42
01/09/2024,0.42
02/09/2024,0.42
03/09/2024,0.42
04/09/2024,0.42
05/09/2024,0.42
06/09/2024,0.42
07/09/2024,0.42
08/09/2024,0.42
09/09/2024,0.42
10/09/2024,0.42
11/09/2024,0.42
12/09/2024,0.42
13/09/2024,0.42
14/09/2024,0.42
15/09/2024,0.42
16/09/2024,0.42
17/09/2024,0.42
18/09/2024,0.42
19/09/2024,0.42
20/09/2024,0.42
21/09/2024,0.42
22/09/2024,0.42
23/09/2024,0.42
24/09/2024,0.42
25/09/2024,0.42
26/09/2024,0.42
27/09/2024,0.42
28/09/2024,0.42
29/09/2024,0.42
30/09/2024,0.42
01/10/2024,0.42
02/10/2024,0.42
03/10/2024,0.42
04/10/2024,0.42
05/10/2024,0.42
06/10/2024,0.42
07/10/2024,0.42
08/10/2024,0.42
09/10/2024,0.42
10/10/2024,0.42
11/10/2024,0.42
12/10/2024,0.42
13/10/2024,0.42
14/10/2024,0.42
15/10/2024,0.42
16/10/2024,0.42
17/10/2024,0.42
18/10/2024,0.42
19/10/2024,0.42
20/10/2024,0.42
21/10/2024,0.42
22/10/2024,0.42
23/10/2024,0.42
24/10/2024,0.42
25/10/2024,0.42
26/10/2024,0.42
27/10/2024,0.42
28/10/2024,0.42
29/10/2024,0.42
30/10/2024,0.42
31/10/2024,0.42
01/11/2024,0.42
02/11/2024,0.42
03/11/2024,0.42
04/11/2024,0.42
05/11/2024,0.42
06/11/2024,0.42
07/11/2024,0.42
08/11/2024,0.42
09/11/2024,0.42
10/11/2024,0.42
11/11/2024,0.42
12/11/2024,0.42
13/11/2024,0.42
14/11/2024,0.42
15/11/2024,0.42
16/11/2024,0.42
17/11/2024,0.42
18/11/2024,0.42
19/11/2024,0.42
20/11/2024,0.42
21/11/2024,0.42
22/11/2024,0.42
23/11/2024,0.42
24/11/2024,0.42
25/11/2024,0.42
26/11/2024,0.42
27/11/2024,0.42
28/11/2024,0.42
29/11/2024,0.42
30/11/2024,0.42
01/12/2024,0.42
02/12/2024,0.42
03/12/2024,0.42
04/12/2024,0.42
05/12/2024,0.42
06/12/2024,0.42
07/12/2024,0.42
08/12/2024,0.42
09/12/2024,0.42
10/12/2024,0.42
11/12/2024,0.42
12/12/2024,0.42
13/12/2024,0.42
14/12/2024,0.42
15/12/2024,0.42
16/12/2024,0.42
17/12/2024,0.42
18/12/2024,0.42
19/12/2024,0.42
20/12/2024,0.42
21/12/2024,0.42
22/12/2024,0.42
23/12/2024,0.42
24/12/2024,0.42
25/12/2024,0.42
26/12/2024,0.42
27/12/2024,0.42
28/12/2024,0.42
29/12/2024,0.42
30/12/2024,0.42
31/12/2024,0.42
01/01/2025,0.42
02/01/2025,0.42
03/01/2025,0.42
04/01/2025,0.42
05/01/2025,0.42
06/01/2025,0.42
07/01/2025,0.42
08/01/2025,0.42
09/01/2025,0.42
10/01/2025,0.42
11/01/2025,0.42
12/01/2025,0.42
13/01/2025,0.42
14/01/2025,0.42
15/01/2025,0.42
16/01/2025,0.42
17/01/2025,0.42
18/01/2025,0.42
19/01/2025,0.42
20/01/2025,0.42
21/01/2025,0.42
22/01/2025,0.42
23/01/2025,0.42
24/01/2025,0.42
25/01/2025,0.42
26/01/2025,0.42
27/01/2025,0.42
28/01/2025,0.42
29/01/2025,0.42
30/01/2025,0.42
31/01/2025,0.42
01/02/2025,0.42
02/02/2025,0.42
03/02/2025,0.42
04/02/2025,0.42
05/02/2025,0.42
06/02/2025,0.42
07/02/2025,0.42
08/02/2025,0.42
09/02/2025,0.42
10/02/2025,0.42
11/02/2025,0.42
12/02/2025,0.42
13/02/2025,0.42
14/02/2025,0.42
15/02/2025,0.42
16/02/2025,0.42
17/02/2025,0.42
18/02/2025,0.42
19/02/2025,0.42
20/02/2025,0.42
21/02/2025,0.42
22/02/2025,0.42
23/02/2025,0.42
24/02/2025,0.42
25/02/2025,0.42
26/02/2025,0.42
27/02/2025,0.42
28/02/2025,0.42
01/03/2025,0.42
02/03/2025,0.42
03/03/2025,0.42
04/03/2025,0.42
05/03/2025,0.42
06/03/2025,0.42
07/03/2025,0.42
08/03/2025,0.42
09/03/2025,0.42
10/03/2025,0.42
11/03/2025,0.42
12/03/2025,0.42
13/03/2025,0.42
14/03/2025,0.42
15/03/2025,0.42
16/03/2025,0.42
17/03/2025,0.42
18/03/2025,0.42
19/03/2025,0.42
20/03/2025,0.42
21/03/2025,0.42
22/03/2025,0.42
23/03/2025,0.42
24/03/2025,0.42
25/03/2025,0.42
26/03/2025,0.42
27/03/2025,0.42
28/03/2025,0.42
29/03/2025,0.42
30/03/2025,0.42
31/03/2025,0.42
01/04/2025,0.42
02/04/2025,0.42
03/04/2025,0.42
04/04/2025,0.42
05/04/2025,0.42
06/04/2025,0.42
07/04/2025,0.42
08/04/2025,0.42
09/04/2025,0.42
10/04/2025,0.42
11/04/2025,0.42
12/04/2025,0.42
13/04/2025,0.42
14/04/2025,0.42
15/04/2025,0.42
16/04/2025,0.42
17/04/2025,0.42
18/04/2025,0.42
19/04/2025,0.42
20/04/2025,0.42
21/04/2025,0.42
22/04/2025,0.42
23/04/2025,0.42
24/04/2025,0.42
25/04/2025,0.42
26/04/2025,0.42
27/04/2025,0.42
28/04/2025,0.42
29/04/2025,0.42
30/04/2025,0.42
01/05/2025,0.42
02/05/2025,0.42
03/05/2025,0.42
04/05/2025,0.42
05/05/2025,0.42
06/05/2025,0.42
07/05/2025,0.42
08/05/2025,0.42
09/05/2025,0.42
10/05/2025,0.42
11/05/2025,0.42
12/05/2025,0.42
13/05/2025,0.42
14/05/2025,0.42
15/05/2025,0.42
16/05/2025,0.42
17/05/2025,0.42
18/05/2025,0.42
19/05/2025,0.42
20/05/2025,0.42
21/05/2025,0.42
22/05/2025,0.42
23/05/2025,0.42
24/05/2025,0.42
25/05/2025,0.42
26/05/2025,0.42
27/05/2025,0.42
28/05/2025,0.42
29/05/2025,0.42
30/05/2025,0.42
31/05/2025,0.42
01/06/2025,0.42
02/06/2025,0.42
03/06/2025,0.42
04/06/2025,0.42
05/06/2025,0.42
06/06/2025,0.42
07/06/2025,0.42
08/06/2025,0.42
09/06/2025,0.42
10/06/2025,0.42
11/06/2025,0.42
12/06/2025,0.42
13/06/2025,0.42
14/06/2025,0.42
15/06/2025,0.42
16/06/2025,0.42
17/06/2025,0.42
18/06/2025,0.42
19/06/2025,0.42
20/06/2025,0.42
21/06/2025,0.42
22/06/2025,0.42
23/06/2025,0.42
24/06/2025,0.42
25/06/2025,0.42
26/06/2025,0.42
27/06/2025,0.42
28/06/2025,0.42
29/06/2025,0.42
30/06/2025,0.42
01/07/2025,0.42
02/07/2025,0.42
03/07/2025,0.42
04/07/2025,0.42
05/07/2025,0.42
06/07/2025,0.42
07/07/2025,0.42
08/07/2025,0.42
09/07/2025,0.42
10/07/2025,0.42
11/07/2025,0.42
12/07/2025,0.42
13/07/2025,0.42
14/07/2025,0.42
15/07/2025,0.42
16/07/2025,0.42
17/07/2025,0.42
18/07/2025,0.42
19/07/2025,0.42
20/07/2025,0.42
21/07/2025,0.42
22/07/2025,0.42
23/07/2025,0.42
24/07/2025,0.42
25/07/2025,0.42
26/07/2025,0.42
27/07/2025,0.42
28/07/2025,0.42
29/07/2025,0.42
30/07/2025,0.42
31/07/2025,0.42
01/08/2025,0.42
02/08/2025,0.42
03/08/2025,0.42
04/08/2025,0.42
05/08/2025,0.42
06/08/2025,0.42
07/08/2025,0.42
08/08/2025,0.42
09/08/2025,0.42
10/08/2025,0.42
11/08/2025,0.42
12/08/2025,0.42
13/08/2025,0.42
14/08/2025,0.42
15/08/2025,0.42
16/08/2025,0.42
17/08/2025,0.42
18/08/2025,0.42
19/08/2025,0.42
20/08/2025,0.42
21/08/2025,0.42
22/08/2025,0.42
23/08/2025,0.42
24/08/2025,0.42
25/08/2025,0.42
26/08/2025,0.42
27/08/2025,0.42
28/08/2025,0.42
29/08/2025,0.42
30/08/2025,0.42
31/08/2025,0.42
01/09/2025,0.42
02/09/2025,0.42
03/09/2025,0.42
04/09/2025,0.42
05/09/2025,0.42
06/09/2025,0.42
07/09/2025,0.42
08/09/2025,0.42
09/09/2025,0.42
10/09/2025,0.42
11/09/2025,0.42
12/09/2025,0.42
13/09/2025,0.42
14/09/2025,0.42
15/09/2025,0.42
16/09/2025,0.42
17/09/2025,0.42
18/09/2025,0.42
19/09/2025,0.42
20/09/2025,0.42
21/09/2025,0.42
22/09/2025,0.42
23/09/2025,0.42
24/09/2025,0.42
25/09/2025,0.42
26/09/2025,0.42
27/09/2025,0.42
28/09/2025,0.42
29/09/2025,0.42
30/09/2025,0.42
01/10/2025,0.42
02/10/2025,0.42
03/10/2025,0.42
04/10/2025,0.42
05/10/2025,0.42
06/10/2025,0.42
07/10/2025,0.42
08/10/2025,0.42
09/10/2025,0.42
10/10/2025,0.42
11/10/2025,0.42
12/10/2025,0.42
13/10/2025,0.42
14/10/2025,0.42
15/10/2025,0.42
16/10/2025,0.42
17/10/2025,0.42
18/10/2025,0.42
19/10/2025,0.42
20/10/2025,0.42
21/10/2025,0.42
22/10/2025,0.42
23/10/2025,0.42
24/10/2025,0.42
25/10/2025,0.42
26/10/2025,0.42
27/10/2025,0.42
28/10/2025,0.42
29/10/2025,0.42
30/10/2025,0.42
31/10/2025,0.42
01/11/2025,0.42
02/11/2025,0.42
03/11/2025,0.42
04/11/2025,0.42
05/11/2025,0.42
06/11/2025,0.42
07/11/2025,0.42
08/11/2025,0.42
09/11/2025,0.42
10/11/2025,0.42
11/11/2025,0.42
12/11/2025,0.42
13/11/2025,0.42
14/11/2025,0.42
15/11/2025,0.42
16/11/2025,0.42
17/11/2025,0.42
18/11/2025,0.42
19/11/2025,0.42
20/11/2025,0.42
21/11/2025,0.42
22/11/2025,0.42
23/11/2025,0.42
24/11/2025,0.42
25/11/2025,0.42
26/11/2025,0.42
27/11/2025,0.42
28/11/2025,0.42
29/11/2025,0.42
30/11/2025,0.42
01/12/2025,0.42
02/12/2025,0.42
03/12/2025,0.42
04/12/2025,0.42
05/12/2025,0.42
06/12/2025,0.42
07/12/2025,0.42
08/12/2025,0.42
09/12/2025,0.42
10/12/2025,0.42
11/12/2025,0.42
12/12/2025,0.42
13/12/2025,0.42
14/12/2025,0.42
15/12/2025,0.42
16/12/2025,0.42
17/12/2025,0.42
18/12/2025,0.42
19/12/2025,0.42
20/12/2025,0.42
21/12/2025,0.42
22/12/2025,0.42
23/12/2025,0.42
24/12/2025,0.42
25/12/2025,0.42
26/12/2025,0.42
27/12/2025,0.42
28/12/2025,0.42
29/12/2025,0.42
30/12/2025,0.42
31/12/2025,0.42
