,data,boi_real,CovidPeriodFlag,TEMPERATURA,ipca,selic,PIB,cme_valor,soja_real,soja_dolar,soja_futuro,milho_futuro,milho_real,milho_dolar,taxa,el_nino_encoded
0,2020-01-02,192.95,0,28.33,4.19,4.4,0.41,201.85,88.08,21.89,956.25,391.5,48.43,12.04,4.026,0
1,2020-01-03,196.7,0,26.0,4.19,4.4,0.41,204.55,88.91,21.94,941.5,386.5,48.91,12.07,4.0669,0
2,2020-01-04,196.7,0,25.95,4.19,4.4,0.41,204.55,88.91,21.94,941.5,386.5,48.91,12.07,4.0669,0
3,2020-01-05,196.7,0,28.1,4.19,4.4,0.41,204.55,88.91,21.94,941.5,386.5,48.91,12.07,4.0669,0
4,2020-01-06,196.4,0,27.04,4.19,4.4,0.41,205.39,88.24,21.68,944.75,384.75,48.99,12.03,4.0616,0
5,2020-01-07,196.6,0,27.0,4.19,4.4,0.41,204.99,88.02,21.68,944.0,384.5,49.31,12.15,4.0676,0
6,2020-01-08,196.7,0,30.2,4.19,4.4,0.41,206.1,88.13,21.76,947.25,384.25,50.26,12.41,4.0647,0
7,2020-01-09,198.45,0,30.83,4.19,4.4,0.41,208.47,88.19,21.58,943.5,383.25,51.5,12.6,4.0925,0
8,2020-01-10,196.25,0,33.02,4.19,4.4,0.41,205.09,88.06,21.58,946.0,385.75,51.56,12.64,4.096,0
9,2020-01-11,196.25,0,29.48,4.19,4.4,0.41,205.09,88.06,21.58,946.0,385.75,51.56,12.64,4.096,0
10,2020-01-12,196.25,0,31.47,4.19,4.4,0.41,205.09,88.06,21.58,946.0,385.75,51.56,12.64,4.096,0
11,2020-01-13,196.3,0,26.76,4.19,4.4,0.41,204.14,88.56,21.41,942.25,389.5,51.48,12.44,4.1466,0
12,2020-01-14,193.95,0,33.92,4.19,4.4,0.41,203.56,88.96,21.55,942.25,389.0,51.7,12.52,4.1326,0
13,2020-01-15,194.25,0,34.2,4.19,4.4,0.41,205.01,88.75,21.25,942.0,387.5,52.2,12.5,4.1753,0
14,2020-01-16,192.15,0,33.5,4.19,4.4,0.41,207.15,87.53,20.87,937.25,375.5,51.99,12.4,4.1847,0
15,2020-01-17,192.5,0,27.1,4.19,4.4,0.41,206.86,87.4,21.01,943.0,389.25,51.77,12.44,4.1616,0
16,2020-01-18,192.5,0,33.68,4.19,4.4,0.41,206.86,87.4,21.01,943.0,389.25,51.77,12.44,4.1616,0
17,2020-01-19,192.5,0,31.33,4.19,4.4,0.41,206.86,87.4,21.01,943.0,389.25,51.77,12.44,4.1616,0
18,2020-01-20,192.5,0,29.58,4.19,4.4,0.41,206.86,87.4,21.01,943.0,389.25,51.77,12.44,4.1616,0
19,2020-01-21,190.6,0,31.2,4.19,4.4,0.41,206.86,87.67,20.87,929.75,387.5,51.66,12.3,4.2123,0
20,2020-01-22,194.05,0,27.15,4.19,4.4,0.41,207.48,87.41,20.93,927.5,388.75,51.74,12.39,4.1826,0
21,2020-01-23,191.2,0,27.33,4.19,4.4,0.41,208.24,86.23,20.7,923.25,393.75,51.49,12.36,4.1703,0
22,2020-01-24,187.0,0,27.76,4.19,4.4,0.41,209.24,86.0,20.55,915.75,387.25,51.42,12.28,4.1814,0
23,2020-01-26,187.0,0,28.53,4.19,4.4,0.41,209.24,86.0,20.55,915.75,387.25,51.42,12.28,4.1814,0
24,2020-01-27,190.7,0,29.09,4.19,4.4,0.41,212.99,85.93,20.44,911.0,380.5,51.77,12.31,4.2074,0
25,2020-01-28,189.7,0,28.88,4.19,4.4,0.41,213.21,85.81,20.46,909.0,386.5,51.91,12.38,4.1943,0
26,2020-01-29,186.1,0,28.38,4.19,4.4,0.41,213.58,85.99,20.37,907.0,384.25,51.54,12.21,4.2303,0
27,2020-01-30,191.1,0,32.0,4.19,4.4,0.41,218.78,85.75,20.12,890.5,379.5,51.28,12.03,4.243,0
28,2020-01-31,190.8,0,31.93,4.19,4.4,0.41,217.11,85.33,19.92,886.75,381.25,51.16,11.94,4.282,0
29,2020-02-01,190.8,0,32.84,4.01,4.4,0.41,217.11,85.33,19.92,886.75,381.25,51.16,11.94,4.282,0
30,2020-02-02,190.8,0,34.04,4.01,4.4,0.41,217.11,85.33,19.92,886.75,381.25,51.16,11.94,4.282,0
31,2020-02-03,196.2,0,30.44,4.01,4.4,0.41,214.57,84.73,19.94,890.75,378.75,50.86,11.97,4.2476,0
32,2020-02-04,193.45,0,27.36,4.01,4.4,0.41,215.54,85.13,20.0,893.0,382.25,50.07,11.76,4.2545,0
33,2020-02-05,192.85,0,27.82,4.01,4.4,0.41,213.43,85.57,20.16,893.5,380.75,50.17,11.82,4.2353,0
34,2020-02-06,194.5,0,26.89,4.01,4.15,0.41,212.63,85.7,20.04,894.75,379.25,50.13,11.72,4.2822,0
35,2020-02-07,195.4,0,25.36,4.01,4.15,0.41,213.2,86.79,20.1,895.0,383.5,50.71,11.74,4.3203,0
36,2020-02-08,195.4,0,24.8,4.01,4.15,0.41,213.2,86.79,20.1,895.0,383.5,50.71,11.74,4.3203,0
37,2020-02-09,195.4,0,25.2,4.01,4.15,0.41,213.2,86.79,20.1,895.0,383.5,50.71,11.74,4.3203,0
38,2020-02-10,195.7,0,29.58,4.01,4.15,0.41,213.37,87.09,20.13,897.25,381.75,50.88,11.76,4.3248,0
39,2020-02-11,194.15,0,33.7,4.01,4.15,0.41,211.65,87.31,20.18,897.25,379.75,51.11,11.81,4.3316,0
40,2020-02-12,197.55,0,24.45,4.01,4.15,0.41,207.64,87.69,20.17,903.5,383.0,51.63,11.88,4.3548,0
41,2020-02-13,195.55,0,31.18,4.01,4.15,0.41,208.31,88.34,20.34,906.0,379.5,51.8,11.92,4.3498,0
42,2020-02-14,196.55,0,34.13,4.01,4.15,0.41,213.13,88.57,20.6,903.25,377.75,52.13,12.12,4.2974,0
43,2020-02-15,196.55,0,33.56,4.01,4.15,0.41,213.13,88.57,20.6,903.25,377.75,52.13,12.12,4.2974,0
44,2020-02-16,196.55,0,30.66,4.01,4.15,0.41,213.13,88.57,20.6,903.25,377.75,52.13,12.12,4.2974,0
45,2020-02-17,196.55,0,27.5,4.01,4.15,0.41,213.13,88.57,20.6,903.25,377.75,52.13,12.12,4.2974,0
46,2020-02-18,197.05,0,30.07,4.01,4.15,0.41,213.37,88.69,20.35,902.25,383.0,52.25,11.99,4.3557,0
47,2020-02-19,193.1,0,29.29,4.01,4.15,0.41,207.5,88.54,20.27,905.5,380.5,52.42,12.0,4.3649,0
48,2020-02-20,202.85,0,29.0,4.01,4.15,0.41,209.0,89.06,20.3,901.0,378.5,52.27,11.92,4.3933,0
49,2020-02-21,198.4,0,29.2,4.01,4.15,0.41,208.83,88.8,20.23,899.0,377.0,52.32,11.92,4.3895,0
50,2020-02-22,198.4,0,28.62,4.01,4.15,0.41,208.83,88.8,20.23,899.0,377.0,52.32,11.92,4.3895,0
51,2020-02-23,198.4,0,30.46,4.01,4.15,0.41,208.83,88.8,20.23,899.0,377.0,52.32,11.92,4.3895,0
52,2020-02-24,198.4,0,28.61,4.01,4.15,0.41,209.3,88.8,20.23,882.5,372.25,52.32,11.92,4.3878,0
53,2020-02-25,198.4,0,32.06,4.01,4.15,0.41,208.32,88.8,20.23,888.25,372.5,52.32,11.92,4.3878,0
54,2020-02-26,202.8,0,28.0,4.01,4.15,0.41,220.18,88.66,19.97,892.0,370.5,52.87,11.91,4.4502,0
55,2020-02-27,202.05,0,31.82,4.01,4.15,0.41,210.39,88.84,19.88,895.0,364.5,53.3,11.92,4.4861,0
56,2020-02-28,201.75,0,28.23,4.01,4.15,0.41,198.82,89.86,20.0,892.75,366.5,53.25,11.85,4.4733,0
57,2020-02-29,201.75,0,27.51,4.01,4.15,0.41,198.82,89.86,20.0,892.75,366.5,53.25,11.85,4.4733,0
58,2020-03-01,201.75,0,28.57,3.3,4.15,0.41,198.82,89.86,20.0,892.75,366.5,53.25,11.85,4.4733,0
59,2020-03-02,204.15,0,28.18,3.3,4.15,0.41,209.4,90.3,20.13,901.0,374.75,53.55,11.94,4.474,0
60,2020-03-03,202.1,0,29.41,3.3,4.15,0.41,216.07,90.83,20.14,903.5,381.75,53.81,11.93,4.5144,0
61,2020-03-04,202.0,0,28.33,3.3,4.15,0.41,223.63,91.57,20.0,907.25,387.0,54.18,11.83,4.5847,0
62,2020-03-05,201.2,0,29.12,3.3,4.15,0.41,221.82,92.37,19.87,897.0,384.5,54.69,11.77,4.6073,0
63,2020-03-06,203.25,0,26.71,3.3,4.15,0.41,216.26,92.8,20.05,891.25,377.25,55.3,11.95,4.6269,0
64,2020-03-07,203.25,0,26.44,3.3,4.15,0.41,216.26,92.8,20.05,891.25,377.25,55.3,11.95,4.6269,0
65,2020-03-08,203.25,0,29.02,3.3,4.15,0.41,216.26,92.8,20.05,891.25,377.25,55.3,11.95,4.6269,0
66,2020-03-09,199.4,0,28.28,3.3,4.15,0.41,204.91,92.55,19.51,870.0,374.25,55.55,11.71,4.7231,0
67,2020-03-10,202.7,0,29.16,3.3,4.15,0.41,207.01,92.32,19.88,876.25,380.0,55.83,12.02,4.6425,0
68,2020-03-11,203.25,1,29.29,3.3,4.15,0.41,194.68,92.86,19.62,873.25,379.25,56.77,11.99,4.8136,0
69,2020-03-12,204.35,1,27.62,3.3,4.15,0.41,172.31,93.23,19.35,859.5,369.75,57.59,11.95,4.791,0
70,2020-03-13,204.7,1,30.5,3.3,4.15,0.41,182.01,92.18,19.0,848.75,370.75,57.58,11.87,4.858,0
71,2020-03-14,204.7,1,30.4,3.3,4.15,0.41,182.01,92.18,19.0,848.75,370.75,57.58,11.87,4.858,0
72,2020-03-15,204.7,1,28.18,3.3,4.15,0.41,182.01,92.18,19.0,848.75,370.75,57.58,11.87,4.858,0
73,2020-03-16,204.7,1,28.08,3.3,4.15,0.41,148.54,93.18,18.53,830.5,354.75,58.16,11.56,5.0002,0
74,2020-03-17,199.4,1,31.26,3.3,4.15,0.41,166.02,94.56,18.91,831.0,344.0,58.41,11.68,5.0084,0
75,2020-03-18,187.4,1,31.43,3.3,4.15,0.41,142.97,94.69,18.11,832.75,335.25,57.75,11.05,5.1064,0
76,2020-03-19,189.25,1,31.9,3.3,3.65,0.41,155.22,95.84,18.8,848.0,345.5,58.27,11.43,5.0957,0
77,2020-03-20,197.85,1,28.93,3.3,3.65,0.41,158.41,96.7,19.15,864.75,343.75,59.04,11.69,5.0627,0
78,2020-03-21,197.85,1,28.51,3.3,3.65,0.41,158.41,96.7,19.15,864.75,343.75,59.04,11.69,5.0627,0
79,2020-03-22,197.85,1,27.84,3.3,3.65,0.41,158.41,96.7,19.15,864.75,343.75,59.04,11.69,5.0627,0
80,2020-03-23,199.65,1,30.6,3.3,3.65,0.41,139.54,96.4,18.76,885.5,343.5,58.62,11.41,5.1444,0
81,2020-03-24,195.05,1,27.6,3.3,3.65,0.41,152.26,98.01,19.25,887.5,347.25,59.55,11.69,5.0983,0
82,2020-03-25,199.5,1,28.22,3.3,3.65,0.41,156.33,99.69,19.89,884.75,348.5,59.49,11.87,5.0353,0
83,2020-03-26,201.85,1,28.38,3.3,3.65,0.41,174.84,98.55,19.69,884.75,348.75,59.21,11.83,5.0212,0
84,2020-03-27,200.5,1,29.96,3.3,3.65,0.41,171.34,98.82,19.54,885.25,346.0,59.5,11.76,5.0997,0
85,2020-03-28,200.5,1,29.58,3.3,3.65,0.41,171.34,98.82,19.54,885.25,346.0,59.5,11.76,5.0997,0
86,2020-03-29,200.5,1,30.95,3.3,3.65,0.41,171.34,98.82,19.54,885.25,346.0,59.5,11.76,5.0997,0
87,2020-03-30,202.5,1,32.51,3.3,3.65,0.41,173.99,100.66,19.45,886.5,341.25,60.08,11.61,5.1936,0
88,2020-03-31,203.15,1,32.68,3.3,3.65,0.41,172.91,101.21,19.48,889.5,340.75,60.14,11.57,5.2046,0
89,2020-04-01,203.0,1,32.4,2.4,3.65,-10.14,166.2,101.37,19.27,867.25,334.75,59.33,11.28,5.2493,0
90,2020-04-02,195.4,1,32.51,2.4,3.65,-10.14,168.57,101.14,19.21,864.0,333.5,58.87,11.18,5.2533,0
91,2020-04-03,200.65,1,33.39,2.4,3.65,-10.14,173.74,101.48,19.09,859.5,330.75,58.49,11.0,5.3506,0
92,2020-04-04,200.65,1,33.31,2.4,3.65,-10.14,173.74,101.48,19.09,859.5,330.75,58.49,11.0,5.3506,0
93,2020-04-05,200.65,1,34.43,2.4,3.65,-10.14,173.74,101.48,19.09,859.5,330.75,58.49,11.0,5.3506,0
94,2020-04-06,201.0,1,33.3,2.4,3.65,-10.14,182.44,101.4,19.12,861.25,327.75,57.83,10.91,5.2863,0
95,2020-04-07,199.9,1,30.55,2.4,3.65,-10.14,176.81,101.21,19.4,861.0,331.5,57.47,11.02,5.2214,0
96,2020-04-08,201.8,1,30.29,2.4,3.65,-10.14,180.97,101.16,19.64,861.75,330.0,56.46,10.96,5.1233,0
97,2020-04-09,198.05,1,31.16,2.4,3.65,-10.14,190.16,100.07,19.62,871.0,331.75,56.41,11.06,5.107,0
98,2020-04-10,198.05,1,30.45,2.4,3.65,-10.14,190.16,100.07,19.62,863.25,332.25,56.41,11.06,5.1063,0
99,2020-04-11,198.05,1,28.2,2.4,3.65,-10.14,190.16,100.07,19.62,863.25,332.25,56.41,11.06,5.1063,0
100,2020-04-12,198.05,1,28.4,2.4,3.65,-10.14,190.16,100.07,19.62,863.25,332.25,56.41,11.06,5.1063,0
101,2020-04-13,202.3,1,30.4,2.4,3.65,-10.14,182.68,101.44,19.59,862.25,331.5,56.19,10.85,5.1994,0
102,2020-04-14,199.1,1,28.85,2.4,3.65,-10.14,188.07,101.08,19.49,855.5,326.0,53.79,10.37,5.1621,0
103,2020-04-15,198.5,1,26.5,2.4,3.65,-10.14,184.98,101.17,19.32,851.75,319.25,52.2,9.97,5.2367,0
104,2020-04-16,200.55,1,28.5,2.4,3.65,-10.14,187.34,100.47,19.1,845.75,319.75,52.02,9.89,5.2333,0
105,2020-04-17,201.5,1,29.85,2.4,3.65,-10.14,191.62,100.93,19.25,842.25,322.25,51.55,9.83,5.2363,0
106,2020-04-18,201.5,1,25.0,2.4,3.65,-10.14,191.62,100.93,19.25,842.25,322.25,51.55,9.83,5.2363,0
107,2020-04-19,201.5,1,29.3,2.4,3.65,-10.14,191.62,100.93,19.25,842.25,322.25,51.55,9.83,5.2363,0
108,2020-04-20,196.45,1,27.92,2.4,3.65,-10.14,184.62,101.45,19.12,836.25,314.25,50.74,9.56,5.3168,0
109,2020-04-21,196.45,1,28.8,2.4,3.65,-10.14,178.02,101.45,19.12,840.75,309.25,50.74,9.56,5.3163,0
110,2020-04-22,201.0,1,29.0,2.4,3.65,-10.14,179.39,102.41,18.94,842.5,317.5,48.65,9.0,5.458,0
111,2020-04-23,196.7,1,29.4,2.4,3.65,-10.14,178.48,103.56,18.82,846.75,319.25,48.18,8.75,5.5335,0
112,2020-04-24,199.95,1,28.11,2.4,3.65,-10.14,182.72,106.16,18.72,839.5,315.75,47.6,8.39,5.5907,0
113,2020-04-25,199.95,1,30.64,2.4,3.65,-10.14,182.72,106.16,18.72,839.5,315.75,47.6,8.39,5.5907,0
114,2020-04-26,199.95,1,30.53,2.4,3.65,-10.14,182.72,106.16,18.72,839.5,315.75,47.6,8.39,5.5907,0
115,2020-04-27,200.05,1,30.61,2.4,3.65,-10.14,187.75,106.61,18.67,836.5,305.5,47.96,8.4,5.6526,0
116,2020-04-28,198.9,1,30.54,2.4,3.65,-10.14,184.32,105.49,19.19,832.0,302.75,47.94,8.72,5.4999,0
117,2020-04-29,197.7,1,30.57,2.4,3.65,-10.14,181.47,103.77,19.37,837.5,304.5,48.38,9.03,5.3348,0
118,2020-04-30,198.85,1,31.48,2.4,3.65,-10.14,178.21,103.58,19.02,855.25,311.5,48.35,8.88,5.4858,0
119,2020-05-01,198.85,1,30.87,1.88,3.65,-10.14,173.65,103.58,19.02,849.5,311.5,48.35,8.88,5.4856,0
120,2020-05-02,198.85,1,30.66,1.88,3.65,-10.14,173.65,103.58,19.02,849.5,311.5,48.35,8.88,5.4856,0
121,2020-05-03,198.85,1,30.96,1.88,3.65,-10.14,173.65,103.58,19.02,849.5,311.5,48.35,8.88,5.4856,0
122,2020-05-04,200.35,1,31.32,1.88,3.65,-10.14,172.56,105.66,19.08,836.5,310.75,48.83,8.82,5.545,0
123,2020-05-05,201.9,1,31.11,1.88,3.65,-10.14,178.51,105.8,18.9,839.5,313.0,48.78,8.71,5.5783,0
124,2020-05-06,199.95,1,29.65,1.88,3.65,-10.14,173.7,107.86,18.92,832.5,311.75,49.25,8.64,5.714,0
125,2020-05-07,199.75,1,25.63,1.88,2.9,-10.14,178.49,110.64,18.89,844.25,316.0,49.91,8.52,5.8307,0
126,2020-05-08,201.3,1,30.14,1.88,2.9,-10.14,181.53,111.42,19.38,850.5,319.0,49.76,8.66,5.7319,0
127,2020-05-09,201.3,1,29.93,1.88,2.9,-10.14,181.53,111.42,19.38,850.5,319.0,49.76,8.66,5.7319,0
128,2020-05-10,201.3,1,30.28,1.88,2.9,-10.14,181.53,111.42,19.38,850.5,319.0,49.76,8.66,5.7319,0
129,2020-05-11,200.25,1,30.28,1.88,2.9,-10.14,184.17,112.84,19.34,855.0,318.5,50.01,8.57,5.818,0
130,2020-05-12,198.7,1,30.34,1.88,2.9,-10.14,179.18,113.95,19.44,852.0,323.75,50.11,8.55,5.8856,0
131,2020-05-13,199.9,1,30.59,1.88,2.9,-10.14,177.96,115.27,19.49,839.5,320.25,50.91,8.61,5.8852,0
132,2020-05-14,199.35,1,30.91,1.88,2.9,-10.14,180.52,116.27,19.92,837.0,320.25,50.61,8.67,5.8115,0
133,2020-05-15,194.9,1,30.5,1.88,2.9,-10.14,181.07,115.83,19.86,840.75,319.25,50.57,8.67,5.8554,0
134,2020-05-16,194.9,1,30.49,1.88,2.9,-10.14,181.07,115.83,19.86,840.75,319.25,50.57,8.67,5.8554,0
135,2020-05-17,194.9,1,30.87,1.88,2.9,-10.14,181.07,115.83,19.86,840.75,319.25,50.57,8.67,5.8554,0
136,2020-05-18,194.9,1,26.7,1.88,2.9,-10.14,185.8,113.19,19.81,847.75,320.75,50.23,8.79,5.719,0
137,2020-05-19,200.5,1,27.66,1.88,2.9,-10.14,179.76,111.76,19.49,845.25,321.25,50.06,8.73,5.754,0
138,2020-05-20,202.15,1,30.55,1.88,2.9,-10.14,180.82,111.31,19.61,849.25,319.5,50.08,8.82,5.6925,0
139,2020-05-21,202.0,1,30.32,1.88,2.9,-10.14,178.18,111.68,20.04,838.5,317.75,50.51,9.06,5.5507,0
140,2020-05-22,203.55,1,31.07,1.88,2.9,-10.14,178.8,109.84,19.68,836.5,318.0,50.49,9.05,5.5338,0
141,2020-05-23,203.55,1,31.31,1.88,2.9,-10.14,178.8,109.84,19.68,836.5,318.0,50.49,9.05,5.5338,0
142,2020-05-24,203.55,1,27.25,1.88,2.9,-10.14,178.8,109.84,19.68,836.5,318.0,50.49,9.05,5.5338,0
143,2020-05-25,203.55,1,28.02,1.88,2.9,-10.14,178.8,109.84,19.68,836.5,318.0,50.49,9.05,5.5338,0
144,2020-05-26,204.3,1,28.07,1.88,2.9,-10.14,182.47,106.35,19.92,848.75,319.0,50.29,9.42,5.345,0
145,2020-05-27,205.65,1,27.79,1.88,2.9,-10.14,176.53,105.89,20.01,850.25,320.5,50.54,9.55,5.2733,0
146,2020-05-28,203.4,1,29.09,1.88,2.9,-10.14,180.49,106.39,19.84,849.25,327.5,50.06,9.33,5.4045,0
147,2020-05-29,204.75,1,29.82,1.88,2.9,-10.14,182.6,107.51,20.13,843.5,325.75,50.19,9.4,5.3361,0
148,2020-05-30,204.75,1,28.57,1.88,2.9,-10.14,182.6,107.51,20.13,843.5,325.75,50.19,9.4,5.3361,0
149,2020-05-31,204.75,1,29.15,1.88,2.9,-10.14,182.6,107.51,20.13,843.5,325.75,50.19,9.4,5.3361,0
150,2020-06-01,204.0,1,29.46,2.13,2.9,-10.14,182.32,107.78,20.04,843.25,323.25,49.74,9.25,5.3633,0
151,2020-06-02,202.5,1,29.63,2.13,2.9,-10.14,178.78,107.52,20.6,852.75,324.25,49.6,9.5,5.2014,0
152,2020-06-03,203.65,1,30.91,2.13,2.9,-10.14,186.26,105.69,20.85,859.0,324.0,48.94,9.66,5.0622,0
153,2020-06-04,205.45,1,31.41,2.13,2.9,-10.14,184.51,108.25,21.16,868.75,329.0,48.66,9.51,5.119,0
154,2020-06-05,202.65,1,31.69,2.13,2.9,-10.14,192.14,107.27,21.59,870.0,331.25,48.2,9.7,4.9585,0
155,2020-06-06,202.65,1,31.33,2.13,2.9,-10.14,192.14,107.27,21.59,870.0,331.25,48.2,9.7,4.9585,0
156,2020-06-07,202.65,1,31.38,2.13,2.9,-10.14,192.14,107.27,21.59,870.0,331.25,48.2,9.7,4.9585,0
157,2020-06-08,205.2,1,30.82,2.13,2.9,-10.14,191.75,104.97,21.55,867.5,333.75,47.53,9.76,4.823,0
158,2020-06-09,206.4,1,30.92,2.13,2.9,-10.14,191.1,102.75,21.07,866.0,327.5,47.34,9.71,4.8992,0
159,2020-06-10,206.4,1,30.9,2.13,2.9,-10.14,188.7,103.17,20.98,867.75,326.25,46.81,9.52,4.9732,0
160,2020-06-11,206.4,1,31.04,2.13,2.9,-10.14,174.18,103.17,20.98,868.0,329.75,46.81,9.52,4.976,0
161,2020-06-12,205.25,1,31.09,2.13,2.9,-10.14,174.72,105.74,20.9,872.5,330.0,46.92,9.27,5.0505,0
162,2020-06-13,205.25,1,30.0,2.13,2.9,-10.14,174.72,105.74,20.9,872.5,330.0,46.92,9.27,5.0505,0
163,2020-06-14,205.25,1,31.15,2.13,2.9,-10.14,174.72,105.74,20.9,872.5,330.0,46.92,9.27,5.0505,0
164,2020-06-15,209.95,1,30.94,2.13,2.9,-10.14,174.65,108.26,21.02,870.0,329.25,46.96,9.12,5.1557,0
165,2020-06-16,208.6,1,29.56,2.13,2.9,-10.14,176.11,109.8,21.01,868.0,329.0,46.87,8.97,5.243,0
166,2020-06-17,206.4,1,29.22,2.13,2.9,-10.14,178.36,111.0,21.08,871.75,330.25,46.85,8.9,5.2286,0
167,2020-06-18,212.35,1,29.2,2.13,2.15,-10.14,176.32,113.52,21.08,872.5,331.0,47.13,8.75,5.3776,0
168,2020-06-19,210.4,1,29.49,2.13,2.15,-10.14,175.52,114.81,21.64,876.0,332.5,47.15,8.89,5.3105,0
169,2020-06-20,210.4,1,30.36,2.13,2.15,-10.14,175.52,114.81,21.64,876.0,332.5,47.15,8.89,5.3105,0
170,2020-06-21,210.4,1,30.22,2.13,2.15,-10.14,175.52,114.81,21.64,876.0,332.5,47.15,8.89,5.3105,0
171,2020-06-22,214.0,1,29.75,2.13,2.15,-10.14,175.09,112.91,21.43,875.0,328.25,47.56,9.03,5.2524,0
172,2020-06-23,211.3,1,29.93,2.13,2.15,-10.14,173.55,111.92,21.75,872.0,325.0,46.97,9.13,5.1542,0
173,2020-06-24,218.95,1,30.48,2.13,2.15,-10.14,167.47,111.97,21.06,867.5,324.25,47.18,8.88,5.3467,0
174,2020-06-25,217.35,1,30.67,2.13,2.15,-10.14,168.69,112.67,21.16,866.5,317.25,47.49,8.92,5.3561,0
175,2020-06-26,218.35,1,31.34,2.13,2.15,-10.14,162.45,114.99,21.03,860.0,317.0,48.15,8.81,5.484,0
176,2020-06-27,218.35,1,30.03,2.13,2.15,-10.14,162.45,114.99,21.03,860.0,317.0,48.15,8.81,5.484,0
177,2020-06-28,218.35,1,31.57,2.13,2.15,-10.14,162.45,114.99,21.03,860.0,317.0,48.15,8.81,5.484,0
178,2020-06-29,219.65,1,30.44,2.13,2.15,-10.14,162.01,114.71,21.1,861.5,326.25,48.28,8.88,5.4034,0
179,2020-06-30,218.4,1,29.49,2.13,2.15,-10.14,162.54,115.32,21.2,878.75,338.5,48.53,8.92,5.4661,0
180,2020-07-01,219.9,1,30.23,2.31,2.15,-3.04,168.9,115.97,21.84,891.5,348.25,49.51,9.32,5.3174,0
181,2020-07-02,219.65,1,30.78,2.31,2.15,-3.04,165.27,114.44,21.38,891.25,342.5,49.79,9.3,5.3596,0
182,2020-07-03,219.65,1,31.48,2.31,2.15,-3.04,165.27,114.44,21.38,891.25,342.5,49.79,9.3,5.3596,0
183,2020-07-04,219.65,1,31.55,2.31,2.15,-3.04,165.27,114.44,21.38,891.25,342.5,49.79,9.3,5.3596,0
184,2020-07-05,219.65,1,30.92,2.31,2.15,-3.04,165.27,114.44,21.38,891.25,342.5,49.79,9.3,5.3596,0
185,2020-07-06,220.95,1,30.89,2.31,2.15,-3.04,165.8,115.83,21.68,898.5,346.5,49.93,9.35,5.3562,0
186,2020-07-07,219.55,1,30.51,2.31,2.15,-3.04,165.61,115.9,21.54,896.75,345.0,49.94,9.28,5.379,0
187,2020-07-08,218.75,1,31.36,2.31,2.15,-3.04,168.08,116.02,21.71,892.5,348.25,50.37,9.42,5.3422,0
188,2020-07-09,218.6,1,30.7,2.31,2.15,-3.04,165.53,116.0,21.74,896.5,351.25,50.31,9.43,5.3413,0
189,2020-07-10,218.6,1,30.71,2.31,2.15,-3.04,164.59,115.86,21.78,887.25,340.5,50.23,9.44,5.3238,0
190,2020-07-11,218.6,1,31.26,2.31,2.15,-3.04,164.59,115.86,21.78,887.25,340.5,50.23,9.44,5.3238,0
191,2020-07-12,218.6,1,30.93,2.31,2.15,-3.04,164.59,115.86,21.78,887.25,340.5,50.23,9.44,5.3238,0
192,2020-07-13,217.95,1,32.11,2.31,2.15,-3.04,165.2,113.87,21.2,874.0,334.0,49.78,9.27,5.404,0
193,2020-07-14,221.9,1,31.86,2.31,2.15,-3.04,165.56,115.01,21.53,878.0,334.75,49.83,9.33,5.3674,0
194,2020-07-15,217.85,1,31.57,2.31,2.15,-3.04,168.83,115.09,21.38,880.75,326.25,49.4,9.18,5.3698,0
195,2020-07-16,222.25,1,30.92,2.31,2.15,-3.04,167.21,115.5,21.69,888.25,330.25,49.01,9.2,5.3311,0
196,2020-07-17,222.55,1,31.56,2.31,2.15,-3.04,166.62,116.0,21.54,892.25,333.0,49.43,9.18,5.3849,0
197,2020-07-18,222.55,1,29.83,2.31,2.15,-3.04,166.62,116.0,21.54,892.25,333.0,49.43,9.18,5.3849,0
198,2020-07-19,222.55,1,30.7,2.31,2.15,-3.04,166.62,116.0,21.54,892.25,333.0,49.43,9.18,5.3849,0
199,2020-07-20,215.3,1,30.5,2.31,2.15,-3.04,167.9,116.77,21.89,896.75,328.25,49.5,9.28,5.3283,0
200,2020-07-21,221.15,1,30.64,2.31,2.15,-3.04,168.22,116.56,22.43,891.0,322.75,49.62,9.55,5.1713,0
201,2020-07-22,221.65,1,30.82,2.31,2.15,-3.04,170.31,114.85,22.44,894.0,327.5,48.54,9.48,5.1166,0
202,2020-07-23,222.4,1,30.39,2.31,2.15,-3.04,168.94,116.08,22.3,900.75,328.0,48.83,9.38,5.2112,0
203,2020-07-24,223.45,1,30.57,2.31,2.15,-3.04,168.75,117.53,22.56,898.75,326.25,49.25,9.46,5.2329,0
204,2020-07-25,223.45,1,30.79,2.31,2.15,-3.04,168.75,117.53,22.56,898.75,326.25,49.25,9.46,5.2329,0
205,2020-07-26,223.45,1,30.72,2.31,2.15,-3.04,168.75,117.53,22.56,898.75,326.25,49.25,9.46,5.2329,0
206,2020-07-27,219.65,1,29.9,2.31,2.15,-3.04,167.5,117.28,22.69,898.75,325.0,49.73,9.62,5.1447,0
207,2020-07-28,226.4,1,30.18,2.31,2.15,-3.04,166.0,117.09,22.72,887.75,320.0,49.4,9.59,5.1533,0
208,2020-07-29,226.6,1,31.91,2.31,2.15,-3.04,164.88,116.03,22.44,884.5,315.5,49.79,9.63,5.1692,0
209,2020-07-30,227.0,1,32.29,2.31,2.15,-3.04,163.1,117.52,22.79,886.75,315.75,50.47,9.79,5.1534,0
210,2020-07-31,228.3,1,31.26,2.31,2.15,-3.04,166.18,119.12,22.85,890.25,316.0,50.79,9.74,5.224,0
211,2020-08-01,228.3,1,29.09,2.44,2.15,-3.04,166.18,119.12,22.85,890.25,316.0,50.79,9.74,5.224,0
212,2020-08-02,228.3,1,31.23,2.44,2.15,-3.04,166.18,119.12,22.85,890.25,316.0,50.79,9.74,5.224,0
213,2020-08-03,227.8,1,31.32,2.44,2.15,-3.04,163.0,120.14,22.54,893.0,317.5,51.29,9.62,5.3213,0
214,2020-08-04,226.85,1,30.9,2.44,2.15,-3.04,163.13,120.55,22.75,879.75,308.25,51.97,9.81,5.29,0
215,2020-08-05,226.25,1,31.06,2.44,2.15,-3.04,163.17,120.94,22.83,876.25,311.0,52.14,9.84,5.2902,0
216,2020-08-06,227.4,1,30.29,2.44,1.9,-3.04,163.97,124.31,23.22,874.75,311.25,52.59,9.82,5.3315,0
217,2020-08-07,225.45,1,28.93,2.44,1.9,-3.04,167.14,123.2,22.73,865.75,307.75,52.72,9.73,5.4383,0
218,2020-08-08,225.45,1,30.38,2.44,1.9,-3.04,167.14,123.2,22.73,865.75,307.75,52.72,9.73,5.4383,0
219,2020-08-09,225.45,1,31.58,2.44,1.9,-3.04,167.14,123.2,22.73,865.75,307.75,52.72,9.73,5.4383,0
220,2020-08-10,228.5,1,32.33,2.44,1.9,-3.04,165.34,123.21,22.57,870.0,310.5,53.59,9.82,5.4812,0
221,2020-08-11,227.2,1,32.31,2.44,1.9,-3.04,168.12,124.05,22.95,870.5,311.5,54.28,10.04,5.38,0
222,2020-08-12,226.3,1,33.32,2.44,1.9,-3.04,169.96,124.9,22.9,880.5,314.5,54.78,10.04,5.4333,0
223,2020-08-13,227.85,1,34.26,2.44,1.9,-3.04,169.57,126.23,23.51,896.25,325.25,55.16,10.27,5.369,0
224,2020-08-14,224.75,1,33.91,2.44,1.9,-3.04,171.44,127.26,23.44,897.0,324.5,55.51,10.22,5.4204,0
225,2020-08-15,224.75,1,34.77,2.44,1.9,-3.04,171.44,127.26,23.44,897.0,324.5,55.51,10.22,5.4204,0
226,2020-08-16,224.75,1,34.5,2.44,1.9,-3.04,171.44,127.26,23.44,897.0,324.5,55.51,10.22,5.4204,0
227,2020-08-17,227.4,1,34.66,2.44,1.9,-3.04,174.61,129.67,23.56,915.25,331.0,55.99,10.17,5.509,0
228,2020-08-18,226.2,1,36.19,2.44,1.9,-3.04,173.81,131.09,23.97,913.75,327.0,57.63,10.54,5.4666,0
229,2020-08-19,227.2,1,35.31,2.44,1.9,-3.04,172.2,131.12,23.74,914.0,325.0,58.64,10.62,5.5575,0
230,2020-08-20,225.2,1,34.9,2.44,1.9,-3.04,173.18,133.2,23.97,905.25,324.5,59.01,10.62,5.5568,0
231,2020-08-21,229.25,1,30.94,2.44,1.9,-3.04,173.86,132.8,23.68,904.75,327.0,59.6,10.63,5.6192,0
232,2020-08-22,229.25,1,31.7,2.44,1.9,-3.04,173.86,132.8,23.68,904.75,327.0,59.6,10.63,5.6192,0
233,2020-08-23,229.25,1,33.08,2.44,1.9,-3.04,173.86,132.8,23.68,904.75,327.0,59.6,10.63,5.6192,0
234,2020-08-24,229.45,1,34.15,2.44,1.9,-3.04,175.21,131.88,23.55,905.75,331.75,59.93,10.7,5.61,0
235,2020-08-25,228.6,1,34.93,2.44,1.9,-3.04,174.92,132.98,24.07,920.25,340.75,60.41,10.94,5.5075,0
236,2020-08-26,227.85,1,34.34,2.44,1.9,-3.04,175.26,133.72,23.88,924.25,340.5,60.7,10.84,5.6054,0
237,2020-08-27,234.25,1,34.84,2.44,1.9,-3.04,176.45,134.79,24.2,942.0,344.25,60.87,10.93,5.5691,0
238,2020-08-28,236.65,1,35.23,2.44,1.9,-3.04,172.1,136.63,25.26,950.5,346.0,60.97,11.27,5.3881,0
239,2020-08-29,236.65,1,36.3,2.44,1.9,-3.04,172.1,136.63,25.26,950.5,346.0,60.97,11.27,5.3881,0
240,2020-08-30,236.65,1,36.26,2.44,1.9,-3.04,172.1,136.63,25.26,950.5,346.0,60.97,11.27,5.3881,0
241,2020-08-31,237.6,1,36.17,2.44,1.9,-3.04,170.97,137.76,25.16,953.5,348.5,61.25,11.18,5.4914,0
242,2020-09-01,237.6,1,35.68,3.14,1.9,-3.04,168.94,137.22,25.47,954.75,349.5,60.92,11.31,5.396,0
243,2020-09-02,238.95,1,34.38,3.14,1.9,-3.04,167.9,136.57,25.5,962.0,349.75,60.36,11.27,5.3403,0
244,2020-09-03,239.85,1,34.23,3.14,1.9,-3.04,167.1,136.68,25.84,966.0,344.5,59.11,11.17,5.2914,0
245,2020-09-04,240.45,1,33.79,3.14,1.9,-3.04,164.89,134.08,25.27,968.0,347.25,59.06,11.13,5.3012,0
246,2020-09-05,240.45,1,35.37,3.14,1.9,-3.04,164.89,134.08,25.27,968.0,347.25,59.06,11.13,5.3012,0
247,2020-09-06,240.45,1,35.24,3.14,1.9,-3.04,164.89,134.08,25.27,968.0,347.25,59.06,11.13,5.3012,0
248,2020-09-07,240.45,1,35.52,3.14,1.9,-3.04,164.89,134.08,25.27,968.0,347.25,59.06,11.13,5.3012,0
249,2020-09-08,243.9,1,36.8,3.14,1.9,-3.04,162.35,135.17,25.22,973.0,351.0,58.64,10.94,5.3638,0
250,2020-09-09,247.1,1,37.03,3.14,1.9,-3.04,163.33,136.68,25.84,978.75,350.0,58.15,10.99,5.3078,0
251,2020-09-10,247.45,1,36.79,3.14,1.9,-3.04,159.37,135.83,25.55,977.5,357.25,58.38,10.98,5.321,0
252,2020-09-11,245.65,1,37.06,3.14,1.9,-3.04,158.66,137.4,25.76,996.0,365.0,58.99,11.06,5.3189,0
253,2020-09-12,245.65,1,36.44,3.14,1.9,-3.04,158.66,137.4,25.76,996.0,365.0,58.99,11.06,5.3189,0
254,2020-09-13,245.65,1,34.68,3.14,1.9,-3.04,158.66,137.4,25.76,996.0,365.0,58.99,11.06,5.3189,0
255,2020-09-14,248.6,1,35.29,3.14,1.9,-3.04,161.45,136.33,25.83,999.5,357.5,59.7,11.31,5.2706,0
256,2020-09-15,247.5,1,35.51,3.14,1.9,-3.04,163.42,136.98,25.91,995.75,366.0,58.97,11.16,5.2748,0
257,2020-09-16,250.9,1,35.79,3.14,1.9,-3.04,165.46,138.46,26.42,1015.25,371.75,58.88,11.24,5.2377,0
258,2020-09-17,250.5,1,36.84,3.14,1.9,-3.04,165.95,139.16,26.57,1031.25,375.25,58.48,11.16,5.2394,0
259,2020-09-18,248.0,1,37.2,3.14,1.9,-3.04,164.34,139.1,25.92,1047.25,378.5,58.48,10.9,5.3876,0
260,2020-09-19,248.0,1,37.21,3.14,1.9,-3.04,164.34,139.1,25.92,1047.25,378.5,58.48,10.9,5.3876,0
261,2020-09-20,248.0,1,35.37,3.14,1.9,-3.04,164.34,139.1,25.92,1047.25,378.5,58.48,10.9,5.3876,0
262,2020-09-21,249.85,1,34.33,3.14,1.9,-3.04,163.02,144.52,26.75,1027.5,369.75,59.19,10.95,5.4131,0
263,2020-09-22,251.3,1,27.1,3.14,1.9,-3.04,161.95,147.33,26.96,1024.5,369.25,59.91,10.96,5.4704,0
264,2020-09-23,254.2,1,34.09,3.14,1.9,-3.04,157.83,149.85,26.87,1018.75,368.5,60.95,10.93,5.5943,0
265,2020-09-24,252.55,1,35.45,3.14,1.9,-3.04,159.36,150.86,27.35,1003.25,363.5,61.28,11.11,5.5089,0
266,2020-09-25,255.65,1,35.77,3.14,1.9,-3.04,162.13,146.63,26.45,1006.25,365.25,62.45,11.26,5.5624,0
267,2020-09-26,255.65,1,32.75,3.14,1.9,-3.04,162.13,146.63,26.45,1006.25,365.25,62.45,11.26,5.5624,0
268,2020-09-27,255.65,1,35.2,3.14,1.9,-3.04,162.13,146.63,26.45,1006.25,365.25,62.45,11.26,5.5624,0
269,2020-09-28,255.7,1,38.73,3.14,1.9,-3.04,164.22,148.76,26.4,1000.25,366.75,62.42,11.08,5.6627,0
270,2020-09-29,256.0,1,40.19,3.14,1.9,-3.04,161.49,149.45,26.52,997.0,364.75,63.28,11.23,5.6344,0
271,2020-09-30,256.7,1,37.45,3.14,1.9,-3.04,162.65,148.12,26.37,1027.25,379.0,63.63,11.33,5.6112,0
272,2020-10-01,256.8,1,35.81,3.92,1.9,-0.33,165.51,152.24,26.94,1027.25,382.75,64.22,11.36,5.6437,0
273,2020-10-02,258.05,1,38.31,3.92,1.9,-0.33,163.8,151.86,26.84,1024.75,379.75,64.75,11.45,5.6851,0
274,2020-10-03,258.05,1,37.53,3.92,1.9,-0.33,163.8,151.86,26.84,1024.75,379.75,64.75,11.45,5.6851,0
275,2020-10-04,258.05,1,37.71,3.92,1.9,-0.33,163.8,151.86,26.84,1024.75,379.75,64.75,11.45,5.6851,0
276,2020-10-05,257.7,1,38.51,3.92,1.9,-0.33,162.29,156.02,28.06,1025.0,379.5,65.36,11.75,5.5743,0
277,2020-10-06,253.55,1,36.56,3.92,1.9,-0.33,163.64,155.64,27.79,1045.5,385.0,65.48,11.69,5.593,0
278,2020-10-07,258.0,1,36.04,3.92,1.9,-0.33,164.78,159.22,28.35,1051.5,388.75,67.26,11.97,5.6097,0
279,2020-10-08,255.3,1,37.61,3.92,1.9,-0.33,166.14,159.88,28.61,1048.0,387.0,67.55,12.09,5.5987,0
280,2020-10-09,261.6,1,36.61,3.92,1.9,-0.33,164.69,155.85,28.17,1065.75,395.0,68.12,12.31,5.5318,0
281,2020-10-10,261.6,1,33.62,3.92,1.9,-0.33,164.69,155.85,28.17,1065.75,395.0,68.12,12.31,5.5318,0
282,2020-10-11,261.6,1,29.25,3.92,1.9,-0.33,164.69,155.85,28.17,1065.75,395.0,68.12,12.31,5.5318,0
283,2020-10-12,261.6,1,32.24,3.92,1.9,-0.33,165.26,155.85,28.17,1036.75,389.0,68.12,12.31,5.5316,0
284,2020-10-13,261.9,1,32.34,3.92,1.9,-0.33,162.83,157.73,28.3,1047.0,391.25,69.09,12.4,5.5693,0
285,2020-10-14,263.35,1,32.14,3.92,1.9,-0.33,162.06,157.66,28.14,1057.25,396.5,69.53,12.41,5.5912,0
286,2020-10-15,261.45,1,34.93,3.92,1.9,-0.33,162.43,157.01,27.98,1062.0,403.75,70.3,12.53,5.6126,0
287,2020-10-16,263.65,1,34.74,3.92,1.9,-0.33,163.31,159.44,28.24,1050.25,402.0,70.72,12.53,5.6428,0
288,2020-10-17,263.65,1,37.38,3.92,1.9,-0.33,163.31,159.44,28.24,1050.25,402.0,70.72,12.53,5.6428,0
289,2020-10-18,263.65,1,33.51,3.92,1.9,-0.33,163.31,159.44,28.24,1050.25,402.0,70.72,12.53,5.6428,0
290,2020-10-19,264.3,1,27.1,3.92,1.9,-0.33,158.79,157.91,28.18,1054.0,405.25,71.49,12.76,5.6069,0
291,2020-10-20,266.45,1,34.94,3.92,1.9,-0.33,158.58,161.05,28.77,1063.75,408.75,73.33,13.1,5.6054,0
292,2020-10-21,268.7,1,35.51,3.92,1.9,-0.33,160.0,159.47,28.44,1071.5,413.75,75.39,13.45,5.6066,0
293,2020-10-22,269.65,1,36.67,3.92,1.9,-0.33,158.93,164.13,29.32,1072.25,416.25,77.33,13.81,5.5893,0
294,2020-10-23,269.1,1,33.51,3.92,1.9,-0.33,159.29,164.23,29.18,1081.0,419.25,78.82,14.01,5.6175,0
295,2020-10-24,269.1,1,28.55,3.92,1.9,-0.33,159.29,164.23,29.18,1081.0,419.25,78.82,14.01,5.6175,0
296,2020-10-25,269.1,1,28.54,3.92,1.9,-0.33,159.29,164.23,29.18,1081.0,419.25,78.82,14.01,5.6175,0
297,2020-10-26,270.5,1,33.22,3.92,1.9,-0.33,155.7,164.73,29.28,1083.5,417.75,79.67,14.16,5.6229,0
298,2020-10-27,274.7,1,30.15,3.92,1.9,-0.33,155.03,166.57,29.36,1076.5,416.0,81.48,14.36,5.7055,0
299,2020-10-28,268.8,1,25.65,3.92,1.9,-0.33,145.39,164.34,28.62,1054.75,401.5,82.67,14.4,5.7457,0
300,2020-10-29,275.6,1,30.88,3.92,1.9,-0.33,145.81,163.82,28.49,1050.5,398.5,82.55,14.35,5.779,0
301,2020-10-30,278.4,1,33.6,3.92,1.9,-0.33,146.52,163.54,28.45,1056.25,398.5,81.89,14.25,5.7446,0
302,2020-10-31,278.4,1,26.45,3.92,1.9,-0.33,146.52,163.54,28.45,1056.25,398.5,81.89,14.25,5.7446,0
303,2020-11-01,278.4,1,27.6,4.31,1.9,-0.33,146.52,163.54,28.45,1056.25,398.5,81.89,14.25,5.7446,0
304,2020-11-02,278.4,1,26.13,4.31,1.9,-0.33,148.04,163.54,28.45,1052.25,397.5,81.89,14.25,5.7425,0
305,2020-11-03,276.95,1,29.78,4.31,1.9,-0.33,149.2,165.26,28.74,1064.25,401.0,80.77,14.05,5.756,0
306,2020-11-04,277.65,1,28.7,4.31,1.9,-0.33,146.31,168.53,29.77,1086.25,405.25,81.41,14.38,5.6635,0
307,2020-11-05,279.9,1,33.4,4.31,1.9,-0.33,146.26,168.97,30.46,1103.75,409.25,81.27,14.65,5.525,0
308,2020-11-06,287.85,1,34.14,4.31,1.9,-0.33,146.39,169.76,31.51,1101.5,406.75,81.32,15.09,5.3647,0
309,2020-11-07,287.85,1,28.11,4.31,1.9,-0.33,146.39,169.76,31.51,1101.5,406.75,81.32,15.09,5.3647,0
310,2020-11-08,287.85,1,35.58,4.31,1.9,-0.33,146.39,169.76,31.51,1101.5,406.75,81.32,15.09,5.3647,0
311,2020-11-09,287.25,1,34.98,4.31,1.9,-0.33,157.89,163.28,30.16,1110.5,407.5,80.91,14.94,5.3858,0
312,2020-11-10,288.0,1,30.53,4.31,1.9,-0.33,164.01,169.44,31.5,1146.0,423.0,80.19,14.91,5.4147,0
313,2020-11-11,292.0,1,35.63,4.31,1.9,-0.33,161.19,170.97,31.58,1152.5,417.25,80.58,14.88,5.391,0
314,2020-11-12,288.55,1,33.34,4.31,1.9,-0.33,156.52,162.27,29.69,1145.5,408.25,80.55,14.74,5.4581,0
315,2020-11-13,291.8,1,27.0,4.31,1.9,-0.33,161.34,165.27,30.18,1148.0,410.5,80.74,14.74,5.4582,0
316,2020-11-14,291.8,1,32.59,4.31,1.9,-0.33,161.34,165.27,30.18,1148.0,410.5,80.74,14.74,5.4582,0
317,2020-11-15,291.8,1,30.98,4.31,1.9,-0.33,161.34,165.27,30.18,1148.0,410.5,80.74,14.74,5.4582,0
318,2020-11-16,290.55,1,29.31,4.31,1.9,-0.33,164.07,164.72,30.32,1154.5,416.25,80.54,14.83,5.4152,0
319,2020-11-17,285.45,1,29.13,4.31,1.9,-0.33,163.39,165.47,31.0,1168.5,420.25,80.92,15.16,5.3281,0
320,2020-11-18,282.15,1,30.6,4.31,1.9,-0.33,161.16,165.59,30.98,1174.75,425.75,80.44,15.05,5.3629,0
321,2020-11-19,287.65,1,26.63,4.31,1.9,-0.33,161.31,163.96,30.87,1175.5,422.5,80.02,15.06,5.3054,0
322,2020-11-20,287.05,1,29.06,4.31,1.9,-0.33,162.8,163.62,30.46,1181.25,423.25,80.21,14.93,5.3797,0
323,2020-11-21,287.05,1,31.37,4.31,1.9,-0.33,162.8,163.62,30.46,1181.25,423.25,80.21,14.93,5.3797,0
324,2020-11-22,287.05,1,28.98,4.31,1.9,-0.33,162.8,163.62,30.46,1181.25,423.25,80.21,14.93,5.3797,0
325,2020-11-23,289.7,1,30.43,4.31,1.9,-0.33,164.08,162.96,29.97,1192.5,426.5,80.06,14.72,5.439,0
326,2020-11-24,286.9,1,31.54,4.31,1.9,-0.33,168.35,161.92,30.07,1193.25,425.75,79.67,14.8,5.3736,0
327,2020-11-25,278.3,1,33.13,4.31,1.9,-0.33,169.92,162.54,30.56,1185.75,420.0,79.77,15.0,5.3237,0
328,2020-11-26,278.3,1,33.15,4.31,1.9,-0.33,169.92,162.54,30.56,1185.75,420.0,79.77,15.0,5.3237,0
329,2020-11-27,279.8,1,33.53,4.31,1.9,-0.33,169.9,162.31,30.46,1192.75,425.5,79.27,14.88,5.3438,0
330,2020-11-28,279.8,1,33.9,4.31,1.9,-0.33,169.9,162.31,30.46,1192.75,425.5,79.27,14.88,5.3438,0
331,2020-11-29,279.8,1,33.03,4.31,1.9,-0.33,169.9,162.31,30.46,1192.75,425.5,79.27,14.88,5.3438,0
332,2020-11-30,283.75,1,32.55,4.31,1.9,-0.33,170.15,161.77,30.22,1169.5,419.75,78.31,14.63,5.3319,0
333,2020-12-01,271.6,1,34.7,4.52,1.9,-0.33,174.17,160.67,30.7,1163.0,414.75,77.17,14.74,5.2061,0
334,2020-12-02,274.3,1,36.6,4.52,1.9,-0.33,176.81,157.44,30.02,1154.75,419.0,76.44,14.57,5.2175,0
335,2020-12-03,275.35,1,34.73,4.52,1.9,-0.33,176.65,157.78,30.72,1170.25,422.5,75.47,14.69,5.1515,0
336,2020-12-04,271.0,1,30.6,4.52,1.9,-0.33,178.9,152.5,29.74,1165.0,417.0,74.69,14.56,5.1557,0
337,2020-12-05,271.0,1,32.13,4.52,1.9,-0.33,178.9,152.5,29.74,1165.0,417.0,74.69,14.56,5.1557,0
338,2020-12-06,271.0,1,25.13,4.52,1.9,-0.33,178.9,152.5,29.74,1165.0,417.0,74.69,14.56,5.1557,0
339,2020-12-07,270.25,1,31.95,4.52,1.9,-0.33,178.08,154.42,30.39,1162.5,419.5,73.84,14.53,5.099,0
340,2020-12-08,266.8,1,32.56,4.52,1.9,-0.33,178.27,149.02,29.06,1151.5,417.0,73.42,14.31,5.1202,0
341,2020-12-09,265.3,1,26.29,4.52,1.9,-0.33,177.3,155.45,29.99,1163.5,422.0,73.61,14.2,5.1708,0
342,2020-12-10,263.0,1,28.7,4.52,1.9,-0.33,177.4,152.26,30.23,1158.75,420.25,73.46,14.58,5.0256,0
343,2020-12-11,263.0,1,27.55,4.52,1.9,-0.33,175.25,147.31,29.15,1166.0,424.25,73.1,14.47,5.0656,0
344,2020-12-12,263.0,1,28.35,4.52,1.9,-0.33,175.25,147.31,29.15,1166.0,424.25,73.1,14.47,5.0656,0
345,2020-12-13,263.0,1,30.65,4.52,1.9,-0.33,175.25,147.31,29.15,1166.0,424.25,73.1,14.47,5.0656,0
346,2020-12-14,259.7,1,35.15,4.52,1.9,-0.33,172.6,151.4,29.63,1174.5,419.25,73.31,14.35,5.1189,0
347,2020-12-15,262.55,1,34.03,4.52,1.9,-0.33,176.34,152.76,30.02,1188.75,424.75,73.84,14.51,5.0842,0
348,2020-12-16,265.15,1,34.7,4.52,1.9,-0.33,176.66,150.35,29.33,1188.0,427.25,74.85,14.6,5.0838,0
349,2020-12-17,259.0,1,30.84,4.52,1.9,-0.33,179.79,150.99,29.75,1205.5,432.5,74.11,14.6,5.0582,0
350,2020-12-18,255.3,1,29.86,4.52,1.9,-0.33,178.85,151.15,29.71,1224.0,437.5,74.22,14.59,5.1022,0
351,2020-12-19,255.3,1,33.7,4.52,1.9,-0.33,178.85,151.15,29.71,1224.0,437.5,74.22,14.59,5.1022,0
352,2020-12-20,255.3,1,30.6,4.52,1.9,-0.33,178.85,151.15,29.71,1224.0,437.5,74.22,14.59,5.1022,0
353,2020-12-21,261.15,1,27.82,4.52,1.9,-0.33,176.71,150.98,29.47,1247.5,440.0,75.1,14.66,5.1222,0
354,2020-12-22,262.8,1,29.28,4.52,1.9,-0.33,175.96,150.93,29.22,1250.0,443.5,77.34,14.97,5.1597,0
355,2020-12-23,266.3,1,27.26,4.52,1.9,-0.33,175.32,150.91,29.03,1260.0,447.25,77.6,14.93,5.2164,0
356,2020-12-24,266.3,1,29.04,4.52,1.9,-0.33,175.95,150.91,29.03,1264.5,451.0,77.6,14.93,5.2165,0
357,2020-12-25,266.3,1,28.09,4.52,1.9,-0.33,175.95,150.91,29.03,1264.4,451.0,77.6,14.93,5.2165,0
358,2020-12-26,266.3,1,27.07,4.52,1.9,-0.33,175.95,150.91,29.03,1264.4,451.0,77.6,14.93,5.2165,0
359,2020-12-27,266.3,1,31.32,4.52,1.9,-0.33,175.95,150.91,29.03,1264.4,451.0,77.6,14.93,5.2165,0
360,2020-12-28,270.3,1,33.1,4.52,1.9,-0.33,177.83,149.98,28.63,1257.25,456.5,78.02,14.89,5.2461,0
361,2020-12-29,272.5,1,34.16,4.52,1.9,-0.33,176.32,151.05,29.14,1296.0,466.0,78.45,15.13,5.2099,0
362,2020-12-30,267.15,1,34.54,4.52,1.9,-0.33,175.47,153.9,29.68,1300.5,474.5,78.65,15.17,5.1937,0
363,2020-12-31,267.15,1,33.4,4.52,1.9,-0.33,179.47,153.9,29.68,1311.0,484.0,78.65,15.17,5.1937,0
364,2021-01-01,267.15,1,30.67,4.56,1.9,1.75,179.47,153.9,29.68,1310.25,485.75,78.65,15.17,5.1937,0
365,2021-01-02,267.15,1,28.33,4.56,1.9,1.75,179.47,153.9,29.68,1310.25,485.75,78.65,15.17,5.1937,0
366,2021-01-03,267.15,1,26.0,4.56,1.9,1.75,179.47,153.9,29.68,1310.25,485.75,78.65,15.17,5.1937,0
367,2021-01-04,273.7,1,29.7,4.56,1.9,1.75,176.75,154.7,29.4,1313.0,483.75,81.79,15.55,5.2968,0
368,2021-01-05,276.9,1,33.23,4.56,1.9,1.75,176.58,162.75,30.92,1347.0,491.75,81.62,15.51,5.2854,0
369,2021-01-06,278.3,1,35.23,4.56,1.9,1.75,190.63,164.84,31.2,1361.5,495.0,82.31,15.58,5.3139,0
370,2021-01-07,280.1,1,33.75,4.56,1.9,1.75,195.99,163.85,30.42,1355.25,494.0,82.65,15.34,5.4101,0
371,2021-01-08,279.5,1,32.46,4.56,1.9,1.75,196.85,165.61,30.58,1374.75,496.25,82.6,15.25,5.4178,0
372,2021-01-09,279.5,1,31.52,4.56,1.9,1.75,196.85,165.61,30.58,1374.75,496.25,82.6,15.25,5.4178,0
373,2021-01-10,279.5,1,31.88,4.56,1.9,1.75,196.85,165.61,30.58,1374.75,496.25,82.6,15.25,5.4178,0
374,2021-01-11,284.7,1,30.35,4.56,1.9,1.75,196.12,168.51,30.69,1372.5,492.25,82.64,15.05,5.489,0
375,2021-01-12,283.95,1,31.0,4.56,1.9,1.75,198.63,170.72,32.01,1418.25,517.25,83.32,15.62,5.3226,0
376,2021-01-13,285.95,1,29.3,4.56,1.9,1.75,195.14,170.68,32.2,1406.25,524.5,83.87,15.82,5.299,0
377,2021-01-14,290.2,1,26.54,4.56,1.9,1.75,191.38,170.08,32.69,1430.5,534.25,84.28,16.2,5.1967,0
378,2021-01-15,287.9,1,28.57,4.56,1.9,1.75,189.1,169.66,32.1,1414.75,531.5,84.52,15.99,5.2927,0
379,2021-01-16,287.9,1,24.93,4.56,1.9,1.75,189.1,169.66,32.1,1414.75,531.5,84.52,15.99,5.2927,0
380,2021-01-17,287.9,1,29.41,4.56,1.9,1.75,189.1,169.66,32.1,1414.75,531.5,84.52,15.99,5.2927,0
381,2021-01-18,287.9,1,30.18,4.56,1.9,1.75,189.1,169.66,32.1,1414.75,531.5,84.52,15.99,5.2927,0
382,2021-01-19,292.35,1,29.73,4.56,1.9,1.75,189.47,171.29,32.02,1383.25,526.0,85.22,15.93,5.3578,0
383,2021-01-20,294.6,1,33.68,4.56,1.9,1.75,187.14,168.79,31.73,1367.25,522.0,85.44,16.06,5.2917,0
384,2021-01-21,297.05,1,31.45,4.56,1.9,1.75,183.56,170.11,31.76,1368.75,524.25,85.03,15.88,5.3506,0
385,2021-01-22,294.95,1,27.84,4.56,1.9,1.75,181.43,169.11,30.91,1311.75,500.5,84.43,15.43,5.4666,0
386,2021-01-23,294.95,1,30.57,4.56,1.9,1.75,181.43,169.11,30.91,1311.75,500.5,84.43,15.43,5.4666,0
387,2021-01-24,294.95,1,32.5,4.56,1.9,1.75,181.43,169.11,30.91,1311.75,500.5,84.43,15.43,5.4666,0
388,2021-01-25,294.95,1,30.63,4.56,1.9,1.75,181.75,169.69,30.81,1342.75,511.5,83.87,15.23,5.4665,0
389,2021-01-26,298.0,1,33.95,4.56,1.9,1.75,181.14,169.14,31.75,1369.5,532.25,83.97,15.76,5.3552,0
390,2021-01-27,297.85,1,28.75,4.56,1.9,1.75,176.25,169.15,31.34,1373.25,534.0,83.83,15.53,5.4138,0
391,2021-01-28,299.7,1,32.1,4.56,1.9,1.75,179.88,169.6,31.2,1351.5,534.5,83.25,15.31,5.441,0
392,2021-01-29,299.85,1,32.4,4.56,1.9,1.75,179.16,168.3,30.69,1367.0,547.0,83.34,15.2,5.4625,0
393,2021-01-30,299.85,1,32.9,4.56,1.9,1.75,179.16,168.3,30.69,1367.0,547.0,83.34,15.2,5.4625,0
394,2021-01-31,299.85,1,28.9,4.56,1.9,1.75,179.16,168.3,30.69,1367.0,547.0,83.34,15.2,5.4625,0
395,2021-02-01,301.0,1,32.8,5.2,1.9,1.75,184.78,168.65,30.94,1362.5,549.25,83.95,15.4,5.4322,0
396,2021-02-02,301.05,1,30.2,5.2,1.9,1.75,189.28,168.47,31.44,1350.75,543.0,83.03,15.5,5.368,0
397,2021-02-03,301.9,1,29.95,5.2,1.9,1.75,189.26,166.12,30.98,1367.5,552.0,83.09,15.5,5.3534,0
398,2021-02-04,300.1,1,30.65,5.2,1.9,1.75,190.78,167.67,30.74,1369.25,550.0,83.02,15.22,5.4266,0
399,2021-02-05,301.7,1,28.89,5.2,1.9,1.75,188.67,166.36,30.89,1365.75,548.5,82.78,15.37,5.3704,0
400,2021-02-06,301.7,1,28.93,5.2,1.9,1.75,188.67,166.36,30.89,1365.75,548.5,82.78,15.37,5.3704,0
401,2021-02-07,301.7,1,26.25,5.2,1.9,1.75,188.67,166.36,30.89,1365.75,548.5,82.78,15.37,5.3704,0
402,2021-02-08,301.5,1,24.83,5.2,1.9,1.75,189.02,168.91,31.44,1386.0,563.75,82.69,15.39,5.3657,0
403,2021-02-09,302.2,1,29.3,5.2,1.9,1.75,189.24,169.4,31.47,1398.75,556.25,83.39,15.49,5.3781,0
404,2021-02-10,299.95,1,28.84,5.2,1.9,1.75,182.57,167.39,31.12,1352.5,534.5,83.16,15.46,5.386,0
405,2021-02-11,301.2,1,30.87,5.2,1.9,1.75,180.12,165.62,30.72,1366.75,541.0,83.19,15.43,5.3665,0
406,2021-02-12,303.0,1,26.4,5.2,1.9,1.75,181.75,165.73,30.82,1371.25,538.75,83.4,15.51,5.3698,0
407,2021-02-13,303.0,1,28.78,5.2,1.9,1.75,181.75,165.73,30.82,1371.25,538.75,83.4,15.51,5.3698,0
408,2021-02-14,303.0,1,30.17,5.2,1.9,1.75,181.75,165.73,30.82,1371.25,538.75,83.4,15.51,5.3698,0
409,2021-02-15,303.0,1,27.0,5.2,1.9,1.75,181.75,165.73,30.82,1371.25,538.75,83.4,15.51,5.3698,0
410,2021-02-16,303.0,1,26.4,5.2,1.9,1.75,186.72,165.73,30.82,1385.75,552.25,83.4,15.51,5.3695,0
411,2021-02-17,302.25,1,27.88,5.2,1.9,1.75,188.43,164.0,30.26,1384.75,553.0,83.8,15.46,5.4105,0
412,2021-02-18,303.75,1,26.5,5.2,1.9,1.75,191.24,163.7,30.09,1376.5,550.25,84.06,15.45,5.427,0
413,2021-02-19,303.05,1,28.88,5.2,1.9,1.75,192.3,162.96,30.14,1380.0,542.75,84.35,15.6,5.3823,0
414,2021-02-20,303.05,1,26.77,5.2,1.9,1.75,192.3,162.96,30.14,1380.0,542.75,84.35,15.6,5.3823,0
415,2021-02-21,303.05,1,25.2,5.2,1.9,1.75,192.3,162.96,30.14,1380.0,542.75,84.35,15.6,5.3823,0
416,2021-02-22,302.45,1,30.27,5.2,1.9,1.75,192.7,163.94,30.13,1387.5,551.0,84.89,15.6,5.4659,0
417,2021-02-23,300.8,1,26.96,5.2,1.9,1.75,195.93,165.95,30.44,1408.5,553.75,85.08,15.61,5.4409,0
418,2021-02-24,299.5,1,29.97,5.2,1.9,1.75,197.85,165.84,30.52,1425.75,559.25,85.19,15.68,5.4062,0
419,2021-02-25,302.55,1,28.61,5.2,1.9,1.75,201.89,166.74,30.28,1407.5,554.75,85.59,15.55,5.5308,0
420,2021-02-26,303.15,1,27.15,5.2,1.9,1.75,196.87,167.45,30.0,1404.25,555.5,85.41,15.3,5.5986,0
421,2021-02-27,303.15,1,24.83,5.2,1.9,1.75,196.87,167.45,30.0,1404.25,555.5,85.41,15.3,5.5986,0
422,2021-02-28,303.15,1,27.78,5.2,1.9,1.75,196.87,167.45,30.0,1404.25,555.5,85.41,15.3,5.5986,0
423,2021-03-01,299.8,1,26.78,6.1,1.9,1.75,206.72,168.96,30.18,1391.25,547.5,85.59,15.29,5.6418,0
424,2021-03-02,301.5,1,26.86,6.1,1.9,1.75,203.71,171.34,30.24,1412.5,560.75,86.11,15.2,5.6761,0
425,2021-03-03,298.15,1,28.92,6.1,1.9,1.75,202.87,172.36,29.97,1407.5,550.25,87.06,15.14,5.6193,0
426,2021-03-04,303.95,1,28.29,6.1,1.9,1.75,204.08,171.98,30.37,1410.5,546.25,88.59,15.64,5.6693,0
427,2021-03-05,301.1,1,30.83,6.1,1.9,1.75,210.88,174.34,30.62,1430.0,562.0,89.07,15.64,5.6908,0
428,2021-03-06,301.1,1,27.49,6.1,1.9,1.75,210.88,174.34,30.62,1430.0,562.0,89.07,15.64,5.6908,0
429,2021-03-07,301.1,1,30.96,6.1,1.9,1.75,210.88,174.34,30.62,1430.0,562.0,89.07,15.64,5.6908,0
430,2021-03-08,307.5,1,27.41,6.1,1.9,1.75,211.0,178.03,30.86,1433.75,565.0,89.63,15.54,5.8755,0
431,2021-03-09,306.15,1,29.37,6.1,1.9,1.75,206.74,179.3,30.97,1440.0,562.0,89.88,15.53,5.8025,0
432,2021-03-10,308.8,1,28.46,6.1,1.9,1.75,203.71,177.23,31.33,1409.75,547.75,91.59,16.19,5.672,0
433,2021-03-11,308.8,1,29.34,6.1,1.9,1.75,202.69,171.32,30.95,1413.5,555.0,91.72,16.57,5.5357,0
434,2021-03-12,310.5,1,29.54,6.1,1.9,1.75,206.18,169.71,30.5,1413.25,549.25,91.73,16.49,5.5518,0
435,2021-03-13,310.5,1,28.67,6.1,1.9,1.75,206.18,169.71,30.5,1413.25,549.25,91.73,16.49,5.5518,0
436,2021-03-14,310.5,1,28.13,6.1,1.9,1.75,206.18,169.71,30.5,1413.25,549.25,91.73,16.49,5.5518,0
437,2021-03-15,309.6,1,30.86,6.1,1.9,1.75,206.12,170.84,30.26,1410.25,549.5,92.17,16.33,5.6156,0
438,2021-03-16,309.9,1,30.33,6.1,1.9,1.75,204.18,170.54,30.39,1413.75,554.25,93.21,16.61,5.6246,0
439,2021-03-17,309.5,1,28.42,6.1,1.9,1.75,203.65,171.11,30.65,1406.0,558.0,93.44,16.74,5.5832,0
440,2021-03-18,313.5,1,28.16,6.1,2.65,1.75,202.86,169.79,30.54,1380.5,546.5,93.3,16.78,5.5604,0
441,2021-03-19,311.5,1,26.75,6.1,2.65,1.75,199.78,168.17,30.64,1403.0,557.75,93.85,17.1,5.4917,0
442,2021-03-20,311.5,1,29.29,6.1,2.65,1.75,199.78,168.17,30.64,1403.0,557.75,93.85,17.1,5.4917,0
443,2021-03-21,311.5,1,29.76,6.1,2.65,1.75,199.78,168.17,30.64,1403.0,557.75,93.85,17.1,5.4917,0
444,2021-03-22,315.2,1,30.1,6.1,2.65,1.75,196.52,168.32,30.53,1404.0,549.0,93.27,16.92,5.5045,0
445,2021-03-23,313.8,1,32.14,6.1,2.65,1.75,197.09,168.78,30.61,1411.25,551.25,92.56,16.79,5.5214,0
446,2021-03-24,310.8,1,32.71,6.1,2.65,1.75,201.87,170.15,30.31,1421.0,553.25,93.03,16.57,5.6209,0
447,2021-03-25,315.8,1,32.13,6.1,2.65,1.75,202.34,170.99,30.17,1404.5,546.5,93.31,16.47,5.6475,0
448,2021-03-26,314.45,1,30.88,6.1,2.65,1.75,205.48,172.05,29.94,1391.25,552.5,93.4,16.25,5.7566,0
449,2021-03-27,314.45,1,31.71,6.1,2.65,1.75,205.48,172.05,29.94,1391.25,552.5,93.4,16.25,5.7566,0
450,2021-03-28,314.45,1,32.94,6.1,2.65,1.75,205.48,172.05,29.94,1391.25,552.5,93.4,16.25,5.7566,0
451,2021-03-29,315.6,1,30.55,6.1,2.65,1.75,206.0,172.68,29.94,1385.25,546.75,94.4,16.37,5.7799,0
452,2021-03-30,313.1,1,32.98,6.1,2.65,1.75,202.03,171.64,29.87,1357.75,539.25,94.22,16.39,5.7745,0
453,2021-03-31,315.8,1,33.12,6.1,2.65,1.75,201.33,173.3,30.82,1427.75,564.25,93.71,16.66,5.6315,0
454,2021-04-01,316.1,1,31.83,6.76,2.65,12.4,203.16,173.86,30.47,1396.75,559.75,93.9,16.46,5.7071,0
455,2021-04-02,316.1,1,28.02,6.76,2.65,12.4,203.16,173.86,30.47,1396.75,559.75,93.9,16.46,5.7071,0
456,2021-04-03,316.1,1,30.31,6.76,2.65,12.4,203.16,173.86,30.47,1396.75,559.75,93.9,16.46,5.7071,0
457,2021-04-04,316.1,1,32.93,6.76,2.65,12.4,203.16,173.86,30.47,1396.75,559.75,93.9,16.46,5.7071,0
458,2021-04-05,317.45,1,31.05,6.76,2.65,12.4,204.5,172.84,30.47,1405.5,553.25,94.04,16.58,5.6632,0
459,2021-04-06,318.95,1,29.39,6.76,2.65,12.4,202.18,173.65,31.02,1411.25,554.25,94.7,16.92,5.5904,0
460,2021-04-07,316.3,1,30.6,6.76,2.65,12.4,201.44,172.52,30.54,1403.0,560.5,95.32,16.87,5.6143,0
461,2021-04-08,316.8,1,27.37,6.76,2.65,12.4,199.86,172.63,30.98,1409.75,579.75,95.49,17.13,5.572,0
462,2021-04-09,319.4,1,29.6,6.76,2.65,12.4,201.73,174.71,30.77,1398.25,577.25,95.37,16.8,5.6821,0
463,2021-04-10,319.4,1,31.24,6.76,2.65,12.4,201.73,174.71,30.77,1398.25,577.25,95.37,16.8,5.6821,0
464,2021-04-11,319.4,1,30.18,6.76,2.65,12.4,201.73,174.71,30.77,1398.25,577.25,95.37,16.8,5.6821,0
465,2021-04-12,316.45,1,30.61,6.76,2.65,12.4,201.79,173.52,30.31,1379.0,569.0,95.93,16.76,5.7333,0
466,2021-04-13,316.7,1,31.1,6.76,2.65,12.4,202.94,175.17,30.73,1384.75,580.0,96.57,16.94,5.7166,0
467,2021-04-14,320.0,1,32.05,6.76,2.65,12.4,203.83,176.19,31.05,1402.25,594.0,96.92,17.08,5.6526,0
468,2021-04-15,319.4,1,29.8,6.76,2.65,12.4,201.15,175.74,31.25,1411.0,590.0,97.64,17.36,5.6162,0
469,2021-04-16,312.6,1,31.81,6.76,2.65,12.4,204.63,177.94,31.86,1422.5,585.5,97.88,17.52,5.5883,0
470,2021-04-17,312.6,1,29.9,6.76,2.65,12.4,204.63,177.94,31.86,1422.5,585.5,97.88,17.52,5.5883,0
471,2021-04-18,312.6,1,28.21,6.76,2.65,12.4,204.63,177.94,31.86,1422.5,585.5,97.88,17.52,5.5883,0
472,2021-04-19,315.4,1,27.53,6.76,2.65,12.4,202.67,178.61,32.11,1436.5,592.0,97.91,17.6,5.5461,0
473,2021-04-20,315.85,1,26.33,6.76,2.65,12.4,203.19,179.32,32.27,1457.75,606.5,97.78,17.6,5.5687,0
474,2021-04-21,315.85,1,28.2,6.76,2.65,12.4,204.03,179.32,32.27,1479.5,625.5,97.78,17.6,5.569,0
475,2021-04-22,316.65,1,29.61,6.76,2.65,12.4,203.2,181.2,33.17,1514.25,650.5,97.98,17.94,5.4448,0
476,2021-04-23,315.4,1,30.17,6.76,2.65,12.4,204.37,180.96,32.93,1516.0,655.5,98.7,17.96,5.4751,0
477,2021-04-24,315.4,1,31.63,6.76,2.65,12.4,204.37,180.96,32.93,1516.0,655.5,98.7,17.96,5.4751,0
478,2021-04-25,315.4,1,31.91,6.76,2.65,12.4,204.37,180.96,32.93,1516.0,655.5,98.7,17.96,5.4751,0
479,2021-04-26,315.6,1,28.98,6.76,2.65,12.4,201.78,182.86,33.5,1539.25,680.5,99.28,18.19,5.4364,0
480,2021-04-27,313.4,1,30.46,6.76,2.65,12.4,201.87,183.02,33.49,1519.5,695.5,98.88,18.09,5.449,0
481,2021-04-28,312.1,1,29.9,6.76,2.65,12.4,198.17,180.06,33.57,1513.75,686.25,99.25,18.5,5.343,0
482,2021-04-29,313.7,1,28.13,6.76,2.65,12.4,200.84,177.44,33.14,1502.25,702.0,99.78,18.64,5.3375,0
483,2021-04-30,312.95,1,28.23,6.76,2.65,12.4,199.12,179.72,33.07,1534.25,740.0,99.76,18.36,5.4366,0
484,2021-05-01,312.95,1,29.91,8.06,2.65,12.4,199.12,179.72,33.07,1534.25,740.0,99.76,18.36,5.4366,0
485,2021-05-02,312.95,1,29.72,8.06,2.65,12.4,199.12,179.72,33.07,1534.25,740.0,99.76,18.36,5.4366,0
486,2021-05-03,314.2,1,30.51,8.06,2.65,12.4,200.81,177.12,32.67,1524.0,732.25,99.84,18.41,5.442,0
487,2021-05-04,313.1,1,30.06,8.06,2.65,12.4,201.46,180.59,33.24,1538.25,744.75,99.79,18.37,5.4435,0
488,2021-05-05,307.5,1,30.54,8.06,2.65,12.4,200.18,180.37,33.61,1542.25,753.25,100.24,18.68,5.3542,0
489,2021-05-06,309.6,1,30.29,8.06,3.4,12.4,201.45,178.51,33.8,1569.5,759.5,100.9,19.11,5.276,0
490,2021-05-07,311.45,1,28.85,8.06,3.4,12.4,200.04,177.51,33.99,1589.75,772.75,101.56,19.45,5.2368,0
491,2021-05-08,311.45,1,30.49,8.06,3.4,12.4,200.04,177.51,33.99,1589.75,772.75,101.56,19.45,5.2368,0
492,2021-05-09,311.45,1,32.18,8.06,3.4,12.4,200.04,177.51,33.99,1589.75,772.75,101.56,19.45,5.2368,0
493,2021-05-10,311.4,1,30.68,8.06,3.4,12.4,205.1,177.23,33.88,1587.5,748.0,101.23,19.35,5.2272,0
494,2021-05-11,312.1,1,29.74,8.06,3.4,12.4,209.08,179.28,34.32,1614.75,759.5,101.4,19.41,5.2208,0
495,2021-05-12,307.7,1,30.66,8.06,3.4,12.4,211.03,182.97,34.55,1642.5,757.5,102.39,19.33,5.3061,0
496,2021-05-13,311.85,1,31.42,8.06,3.4,12.4,212.2,178.27,33.64,1584.0,719.0,101.79,19.21,5.309,0
497,2021-05-14,307.0,1,32.19,8.06,3.4,12.4,213.91,176.84,33.56,1586.25,685.0,101.34,19.23,5.2728,0
498,2021-05-15,307.0,1,30.2,8.06,3.4,12.4,213.91,176.84,33.56,1586.25,685.0,101.34,19.23,5.2728,0
499,2021-05-16,307.0,1,29.8,8.06,3.4,12.4,213.91,176.84,33.56,1586.25,685.0,101.34,19.23,5.2728,0
500,2021-05-17,303.2,1,30.48,8.06,3.4,12.4,213.36,176.54,33.52,1525.5,652.5,101.08,19.2,5.2729,0
501,2021-05-18,306.55,1,28.98,8.06,3.4,12.4,211.19,176.38,33.62,1521.25,658.25,103.23,19.68,5.2605,0
502,2021-05-19,309.35,1,30.17,8.06,3.4,12.4,208.85,174.08,32.75,1485.5,658.25,102.72,19.33,5.3094,0
503,2021-05-20,305.45,1,31.18,8.06,3.4,12.4,212.94,173.91,32.98,1480.25,664.5,102.06,19.35,5.2825,0
504,2021-05-21,312.4,1,32.56,8.06,3.4,12.4,214.69,173.01,32.35,1472.25,659.5,101.93,19.06,5.3617,0
505,2021-05-22,312.4,1,32.12,8.06,3.4,12.4,214.69,173.01,32.35,1472.25,659.5,101.93,19.06,5.3617,0
506,2021-05-23,312.4,1,30.7,8.06,3.4,12.4,214.69,173.01,32.35,1472.25,659.5,101.93,19.06,5.3617,0
507,2021-05-24,307.5,1,31.24,8.06,3.4,12.4,214.23,173.55,32.61,1471.0,657.25,101.12,19.0,5.3175,0
508,2021-05-25,309.0,1,32.93,8.06,3.4,12.4,211.83,174.28,32.66,1460.5,620.25,98.66,18.49,5.3312,0
509,2021-05-26,312.75,1,32.61,8.06,3.4,12.4,213.06,173.75,32.73,1453.0,624.5,96.83,18.24,5.3115,0
510,2021-05-27,314.6,1,31.6,8.06,3.4,12.4,214.99,173.77,33.08,1487.25,664.5,97.69,18.6,5.2383,0
511,2021-05-28,317.1,1,31.07,8.06,3.4,12.4,215.65,173.35,33.22,1482.0,656.75,99.24,19.02,5.2244,0
512,2021-05-29,317.1,1,30.42,8.06,3.4,12.4,215.65,173.35,33.22,1482.0,656.75,99.24,19.02,5.2244,0
513,2021-05-30,317.1,1,31.28,8.06,3.4,12.4,215.65,173.35,33.22,1482.0,656.75,99.24,19.02,5.2244,0
514,2021-05-31,317.1,1,30.97,8.06,3.4,12.4,215.65,173.35,33.22,1482.0,656.75,99.24,19.02,5.2244,0
515,2021-06-01,313.0,1,31.48,8.35,3.4,12.4,210.12,173.99,33.75,1500.75,688.75,99.23,19.24,5.1509,0
516,2021-06-02,307.9,1,31.31,8.35,3.4,12.4,213.24,172.8,33.93,1516.25,675.0,98.67,19.38,5.0754,0
517,2021-06-03,307.9,1,32.59,8.35,3.4,12.4,214.86,172.8,33.93,1504.25,662.0,98.67,19.38,5.0775,0
518,2021-06-04,311.45,1,31.73,8.35,3.4,12.4,215.27,173.21,34.4,1537.5,682.75,98.63,19.59,5.0495,0
519,2021-06-05,311.45,1,30.93,8.35,3.4,12.4,215.27,173.21,34.4,1537.5,682.75,98.63,19.59,5.0495,0
520,2021-06-06,311.45,1,31.05,8.35,3.4,12.4,215.27,173.21,34.4,1537.5,682.75,98.63,19.59,5.0495,0
521,2021-06-07,308.75,1,31.07,8.35,3.4,12.4,215.0,174.1,34.57,1522.25,679.25,97.04,19.27,5.0451,0
522,2021-06-08,316.7,1,31.01,8.35,3.4,12.4,214.55,173.45,34.43,1539.5,680.0,96.57,19.17,5.0325,0
523,2021-06-09,315.85,1,31.86,8.35,3.4,12.4,212.45,171.82,33.89,1523.0,690.75,95.72,18.88,5.0621,0
524,2021-06-10,317.35,1,32.29,8.35,3.4,12.4,209.85,170.63,33.7,1510.0,699.0,95.21,18.8,5.0552,0
525,2021-06-11,319.45,1,31.08,8.35,3.4,12.4,211.42,169.41,33.09,1482.5,684.5,94.88,18.53,5.1171,0
526,2021-06-12,319.45,1,30.1,8.35,3.4,12.4,211.42,169.41,33.09,1482.5,684.5,94.88,18.53,5.1171,0
527,2021-06-13,319.45,1,30.83,8.35,3.4,12.4,211.42,169.41,33.09,1482.5,684.5,94.88,18.53,5.1171,0
528,2021-06-14,319.45,1,31.66,8.35,3.4,12.4,213.62,166.65,32.86,1441.25,659.25,94.29,18.59,5.0601,0
529,2021-06-15,317.35,1,29.73,8.35,3.4,12.4,213.9,164.45,32.61,1426.0,667.5,93.27,18.5,5.0437,0
530,2021-06-16,319.65,1,29.52,8.35,3.4,12.4,215.74,161.32,31.98,1402.0,673.0,91.6,18.16,5.0545,0
531,2021-06-17,318.9,1,30.82,8.35,4.15,12.4,213.92,156.86,31.22,1295.0,633.0,89.56,17.83,5.0059,0
532,2021-06-18,320.9,1,30.75,8.35,4.15,12.4,207.72,153.43,30.26,1355.0,655.25,89.87,17.73,5.0894,0
533,2021-06-19,320.9,1,32.29,8.35,4.15,12.4,207.72,153.43,30.26,1355.0,655.25,89.87,17.73,5.0894,0
534,2021-06-20,320.9,1,31.37,8.35,4.15,12.4,207.72,153.43,30.26,1355.0,655.25,89.87,17.73,5.0894,0
535,2021-06-21,318.25,1,32.78,8.35,4.15,12.4,212.94,154.8,30.82,1370.25,659.25,88.52,17.63,5.013,0
536,2021-06-22,319.55,1,32.07,8.35,4.15,12.4,212.8,155.02,31.23,1352.0,659.75,87.72,17.67,4.9574,0
537,2021-06-23,319.9,1,32.01,8.35,4.15,12.4,211.72,152.67,30.75,1346.0,664.25,87.27,17.58,4.9667,0
538,2021-06-24,318.9,1,32.6,8.35,4.15,12.4,213.9,149.28,30.43,1334.0,653.25,86.25,17.58,4.9137,0
539,2021-06-25,319.45,1,31.47,8.35,4.15,12.4,215.02,148.74,30.04,1302.75,636.5,86.27,17.42,4.9335,0
540,2021-06-26,319.45,1,30.7,8.35,4.15,12.4,215.02,148.74,30.04,1302.75,636.5,86.27,17.42,4.9335,0
541,2021-06-27,319.45,1,30.34,8.35,4.15,12.4,215.02,148.74,30.04,1302.75,636.5,86.27,17.42,4.9335,0
542,2021-06-28,321.9,1,30.28,8.35,4.15,12.4,212.16,151.1,30.67,1336.75,675.5,86.63,17.59,4.9244,0
543,2021-06-29,319.65,1,25.77,8.35,4.15,12.4,210.27,151.74,30.73,1339.75,694.5,87.14,17.65,4.9559,0
544,2021-06-30,318.5,1,25.21,8.35,4.15,12.4,209.66,158.12,31.8,1430.0,720.0,89.57,18.01,4.9686,0
545,2021-07-01,316.2,1,28.66,8.99,4.15,4.21,211.16,163.81,32.45,1429.75,719.75,91.25,18.08,5.0476,0
546,2021-07-02,316.05,1,31.14,8.99,4.15,4.21,210.49,164.28,32.54,1433.25,697.25,92.1,18.24,5.0575,0
547,2021-07-03,316.05,1,31.79,8.99,4.15,4.21,210.49,164.28,32.54,1433.25,697.25,92.1,18.24,5.0575,0
548,2021-07-04,316.05,1,30.78,8.99,4.15,4.21,210.49,164.28,32.54,1433.25,697.25,92.1,18.24,5.0575,0
549,2021-07-05,316.05,1,31.07,8.99,4.15,4.21,210.49,164.28,32.54,1433.25,697.25,92.1,18.24,5.0575,0
550,2021-07-06,319.65,1,31.56,8.99,4.15,4.21,205.09,162.13,31.18,1344.25,656.0,94.44,18.16,5.1969,0
551,2021-07-07,319.2,1,32.01,8.99,4.15,4.21,204.01,164.08,31.35,1366.75,652.5,95.17,18.18,5.2315,0
552,2021-07-08,319.5,1,30.02,8.99,4.15,4.21,204.6,166.31,31.65,1365.25,638.0,95.93,18.26,5.2579,0
553,2021-07-09,319.5,1,31.93,8.99,4.15,4.21,206.64,165.02,31.5,1379.25,629.75,96.21,18.36,5.2579,0
554,2021-07-10,319.5,1,31.49,8.99,4.15,4.21,206.64,165.02,31.5,1379.25,629.75,96.21,18.36,5.2579,0
555,2021-07-11,319.5,1,30.9,8.99,4.15,4.21,206.64,165.02,31.5,1379.25,629.75,96.21,18.36,5.2579,0
556,2021-07-12,319.15,1,31.98,8.99,4.15,4.21,207.26,165.83,32.08,1404.25,669.25,96.24,18.62,5.173,0
557,2021-07-13,318.0,1,32.63,8.99,4.15,4.21,207.44,167.62,32.42,1414.75,677.0,96.43,18.65,5.1622,0
558,2021-07-14,320.7,1,31.93,8.99,4.15,4.21,207.18,168.72,33.27,1453.0,683.0,97.19,19.16,5.0706,0
559,2021-07-15,320.55,1,31.47,8.99,4.15,4.21,207.43,168.9,32.96,1394.25,564.25,98.01,19.12,5.11,0
560,2021-07-16,321.85,1,32.42,8.99,4.15,4.21,206.36,170.39,33.28,1406.0,556.0,97.34,19.01,5.1147,0
561,2021-07-17,321.85,1,33.24,8.99,4.15,4.21,206.36,170.39,33.28,1406.0,556.0,97.34,19.01,5.1147,0
562,2021-07-18,321.85,1,32.89,8.99,4.15,4.21,206.36,170.39,33.28,1406.0,556.0,97.34,19.01,5.1147,0
563,2021-07-19,319.25,1,31.2,8.99,4.15,4.21,203.29,170.89,32.51,1382.75,556.0,97.48,18.55,5.2519,0
564,2021-07-20,319.5,1,31.66,8.99,4.15,4.21,205.62,172.01,32.96,1399.0,571.75,97.49,18.68,5.2205,0
565,2021-07-21,314.5,1,33.47,8.99,4.15,4.21,208.99,173.11,33.4,1397.75,571.75,98.54,19.01,5.1874,0
566,2021-07-22,317.5,1,32.63,8.99,4.15,4.21,206.39,168.86,32.42,1369.0,564.5,99.19,19.04,5.2003,0
567,2021-07-23,320.6,1,31.9,8.99,4.15,4.21,208.89,169.07,32.41,1355.75,547.25,99.99,19.17,5.2006,0
568,2021-07-24,320.6,1,31.37,8.99,4.15,4.21,208.89,169.07,32.41,1355.75,547.25,99.99,19.17,5.2006,0
569,2021-07-25,320.6,1,31.57,8.99,4.15,4.21,208.89,169.07,32.41,1355.75,547.25,99.99,19.17,5.2006,0
570,2021-07-26,321.5,1,31.73,8.99,4.15,4.21,207.44,167.95,32.45,1362.5,549.75,100.63,19.45,5.1761,0
571,2021-07-27,317.15,1,32.58,8.99,4.15,4.21,208.91,169.25,32.69,1367.0,548.75,101.6,19.62,5.169,0
572,2021-07-28,316.85,1,33.08,8.99,4.15,4.21,210.4,168.69,32.99,1370.25,549.25,102.44,20.03,5.1157,0
573,2021-07-29,315.55,1,27.14,8.99,4.15,4.21,211.65,168.45,33.18,1385.25,558.0,101.93,20.08,5.0812,0
574,2021-07-30,319.9,1,29.06,8.99,4.15,4.21,209.12,168.05,32.34,1355.5,547.0,101.4,19.51,5.2123,0
575,2021-07-31,319.9,1,32.66,8.99,4.15,4.21,209.12,168.05,32.34,1355.5,547.0,101.4,19.51,5.2123,0
576,2021-08-01,319.9,1,33.16,9.68,4.15,4.21,209.12,168.05,32.34,1355.5,547.0,101.4,19.51,5.2123,0
577,2021-08-02,316.2,1,32.48,9.68,4.15,4.21,208.5,167.41,32.42,1356.25,558.75,101.47,19.65,5.1747,0
578,2021-08-03,315.4,1,32.72,9.68,4.15,4.21,205.81,168.99,32.6,1323.75,550.5,100.96,19.48,5.1967,0
579,2021-08-04,316.7,1,32.49,9.68,4.15,4.21,205.54,168.58,32.49,1332.0,545.75,100.21,19.31,5.1685,0
580,2021-08-05,319.2,1,32.51,9.68,5.15,4.21,205.29,167.79,32.25,1335.75,555.75,100.31,19.28,5.2488,0
581,2021-08-06,312.95,1,32.31,9.68,5.15,4.21,206.86,170.03,32.44,1344.25,555.0,99.1,18.91,5.2301,0
582,2021-08-07,312.95,1,31.58,9.68,5.15,4.21,206.86,170.03,32.44,1344.25,555.0,99.1,18.91,5.2301,0
583,2021-08-08,312.95,1,31.83,9.68,5.15,4.21,206.86,170.03,32.44,1344.25,555.0,99.1,18.91,5.2301,0
584,2021-08-09,318.6,1,32.83,9.68,5.15,4.21,206.14,170.22,32.5,1341.5,550.25,99.45,18.99,5.2331,0
585,2021-08-10,316.45,1,34.24,9.68,5.15,4.21,205.96,170.68,32.84,1348.25,549.25,98.16,18.88,5.1895,0
586,2021-08-11,318.65,1,35.07,9.68,5.15,4.21,206.1,170.39,32.59,1347.0,556.25,98.35,18.81,5.2185,0
587,2021-08-12,314.3,1,35.17,9.68,5.15,4.21,205.42,170.31,32.41,1347.0,567.0,98.97,18.84,5.2524,0
588,2021-08-13,317.35,1,34.64,9.68,5.15,4.21,204.09,172.19,32.84,1373.0,568.25,99.87,19.05,5.2466,0
589,2021-08-14,317.35,1,34.72,9.68,5.15,4.21,204.09,172.19,32.84,1373.0,568.25,99.87,19.05,5.2466,0
590,2021-08-15,317.35,1,34.63,9.68,5.15,4.21,204.09,172.19,32.84,1373.0,568.25,99.87,19.05,5.2466,0
591,2021-08-16,313.25,1,34.79,9.68,5.15,4.21,204.25,173.75,32.87,1368.25,564.75,99.89,18.9,5.2595,0
592,2021-08-17,319.3,1,34.9,9.68,5.15,4.21,202.47,174.88,33.2,1361.5,558.25,99.4,18.87,5.2948,0
593,2021-08-18,312.2,1,34.39,9.68,5.15,4.21,194.78,175.83,32.8,1353.25,561.75,99.32,18.53,5.3794,0
594,2021-08-19,314.7,1,32.88,9.68,5.15,4.21,195.27,175.68,32.44,1320.0,550.0,99.02,18.28,5.4142,0
595,2021-08-20,313.4,1,33.34,9.68,5.15,4.21,195.54,174.94,32.53,1290.75,538.75,98.79,18.37,5.377,0
596,2021-08-21,313.4,1,34.32,9.68,5.15,4.21,195.54,174.94,32.53,1290.75,538.75,98.79,18.37,5.377,0
597,2021-08-22,313.4,1,34.92,9.68,5.15,4.21,195.54,174.94,32.53,1290.75,538.75,98.79,18.37,5.377,0
598,2021-08-23,313.75,1,35.66,9.68,5.15,4.21,198.97,172.57,32.12,1292.75,538.0,98.21,18.28,5.3802,0
599,2021-08-24,313.0,1,36.3,9.68,5.15,4.21,197.72,171.86,32.68,1331.75,544.5,97.59,18.56,5.2463,0
600,2021-08-25,313.4,1,36.35,9.68,5.15,4.21,197.45,170.99,32.82,1332.75,551.25,97.49,18.71,5.2117,0
601,2021-08-26,312.45,1,35.38,9.68,5.15,4.21,196.51,171.19,32.61,1326.25,552.75,97.06,18.49,5.2522,0
602,2021-08-27,310.85,1,35.89,9.68,5.15,4.21,197.02,169.53,32.63,1323.25,558.0,95.84,18.45,5.1996,0
603,2021-08-28,310.85,1,36.44,9.68,5.15,4.21,197.02,169.53,32.63,1323.25,558.0,95.84,18.45,5.1996,0
604,2021-08-29,310.85,1,35.76,9.68,5.15,4.21,197.02,169.53,32.63,1323.25,558.0,95.84,18.45,5.1996,0
605,2021-08-30,317.3,1,34.91,9.68,5.15,4.21,196.46,168.51,32.49,1303.25,540.25,95.82,18.47,5.184,0
606,2021-08-31,313.4,1,34.88,9.68,5.15,4.21,198.86,166.95,32.26,1292.5,534.0,94.76,18.31,5.1492,0
607,2021-09-01,305.5,1,32.11,10.25,5.15,4.21,196.38,165.84,32.05,1277.75,515.5,93.72,18.11,5.1858,0
608,2021-09-02,305.1,1,27.82,10.25,5.15,4.21,194.81,167.12,32.23,1283.25,516.25,93.0,17.94,5.1819,0
609,2021-09-03,305.1,1,28.53,10.25,5.15,4.21,192.53,170.42,32.87,1292.0,508.0,92.26,17.8,5.1908,0
610,2021-09-04,305.1,1,29.24,10.25,5.15,4.21,192.53,170.42,32.87,1292.0,508.0,92.26,17.8,5.1908,0
611,2021-09-05,305.1,1,30.6,10.25,5.15,4.21,192.53,170.42,32.87,1292.0,508.0,92.26,17.8,5.1908,0
612,2021-09-06,305.1,1,29.48,10.25,5.15,4.21,192.53,170.42,32.87,1292.0,508.0,92.26,17.8,5.1908,0
613,2021-09-07,305.1,1,30.2,10.25,5.15,4.21,191.01,170.42,32.87,1277.0,495.75,92.26,17.8,5.1692,0
614,2021-09-08,312.25,1,29.75,10.25,5.15,4.21,191.0,172.02,32.38,1279.5,498.25,92.32,17.38,5.3214,0
615,2021-09-09,305.95,1,29.76,10.25,5.15,4.21,189.73,172.7,32.54,1270.5,496.0,92.15,17.36,5.1976,0
616,2021-09-10,305.25,1,30.16,10.25,5.15,4.21,186.52,173.42,32.93,1286.5,502.75,93.53,17.76,5.2454,0
617,2021-09-11,305.25,1,31.04,10.25,5.15,4.21,186.52,173.42,32.93,1286.5,502.75,93.53,17.76,5.2454,0
618,2021-09-12,305.25,1,29.35,10.25,5.15,4.21,186.52,173.42,32.93,1286.5,502.75,93.53,17.76,5.2454,0
619,2021-09-13,310.6,1,29.26,10.25,5.15,4.21,186.54,171.98,32.88,1284.75,496.75,93.71,17.91,5.2144,0
620,2021-09-14,303.1,1,29.0,10.25,5.15,4.21,186.17,173.43,32.96,1282.5,503.0,93.6,17.79,5.2398,0
621,2021-09-15,295.0,1,29.91,10.25,5.15,4.21,186.28,175.24,33.43,1303.5,533.5,93.43,17.82,5.2219,0
622,2021-09-16,302.45,1,30.62,10.25,5.15,4.21,186.01,175.95,33.36,1304.75,529.5,93.71,17.76,5.2535,0
623,2021-09-17,302.75,1,30.39,10.25,5.15,4.21,185.97,175.44,33.21,1293.0,527.25,93.67,17.73,5.2883,0
624,2021-09-18,302.75,1,29.45,10.25,5.15,4.21,185.97,175.44,33.21,1293.0,527.25,93.67,17.73,5.2883,0
625,2021-09-19,302.75,1,29.14,10.25,5.15,4.21,185.97,175.44,33.21,1293.0,527.25,93.67,17.73,5.2883,0
626,2021-09-20,300.4,1,29.69,10.25,5.15,4.21,185.34,173.64,32.45,1271.75,521.75,92.81,17.34,5.324,0
627,2021-09-21,300.6,1,30.38,10.25,5.15,4.21,183.2,172.02,32.57,1282.75,517.0,92.08,17.43,5.2699,0
628,2021-09-22,299.3,1,30.57,10.25,5.15,4.21,186.64,172.43,32.53,1291.75,525.5,91.59,17.28,5.2888,0
629,2021-09-23,298.8,1,30.48,10.25,6.15,4.21,190.73,173.12,32.61,1294.0,529.25,90.83,17.11,5.303,0
630,2021-09-24,300.25,1,25.2,10.25,6.15,4.21,195.2,173.73,32.5,1294.75,526.75,90.47,16.92,5.3344,0
631,2021-09-25,300.25,1,26.91,10.25,6.15,4.21,195.2,173.73,32.5,1294.75,526.75,90.47,16.92,5.3344,0
632,2021-09-26,300.25,1,23.58,10.25,6.15,4.21,195.2,173.73,32.5,1294.75,526.75,90.47,16.92,5.3344,0
633,2021-09-27,304.45,1,26.15,10.25,6.15,4.21,195.61,173.85,32.31,1297.5,539.5,91.18,16.95,5.3914,0
634,2021-09-28,294.7,1,29.21,10.25,6.15,4.21,195.08,174.99,32.23,1287.0,532.5,91.42,16.84,5.4293,0
635,2021-09-29,294.8,1,29.5,10.25,6.15,4.21,193.38,175.42,32.33,1293.5,539.0,91.45,16.85,5.4152,0
636,2021-09-30,291.6,1,28.49,10.25,6.15,4.21,190.63,175.59,32.3,1265.5,536.75,91.83,16.89,5.4428,0
637,2021-10-01,292.25,1,28.61,10.67,6.15,1.46,193.8,170.95,31.88,1256.5,541.5,91.76,17.11,5.3628,0
638,2021-10-02,292.25,1,26.48,10.67,6.15,1.46,193.8,170.95,31.88,1256.5,541.5,91.76,17.11,5.3628,0
639,2021-10-03,292.25,1,26.73,10.67,6.15,1.46,193.8,170.95,31.88,1256.5,541.5,91.76,17.11,5.3628,0
640,2021-10-04,286.55,1,28.3,10.67,6.15,1.46,191.95,169.69,31.12,1246.25,540.75,92.03,16.88,5.4535,0
641,2021-10-05,283.0,1,29.25,10.67,6.15,1.46,195.5,170.7,31.21,1261.0,537.5,92.22,16.86,5.4748,0
642,2021-10-06,280.9,1,31.53,10.67,6.15,1.46,195.9,172.58,31.45,1252.5,532.25,91.98,16.76,5.4912,0
643,2021-10-07,282.7,1,30.58,10.67,6.15,1.46,199.24,171.21,31.11,1258.25,534.0,91.12,16.56,5.5188,0
644,2021-10-08,271.25,1,30.4,10.67,6.15,1.46,198.67,172.52,31.31,1254.25,530.5,91.03,16.52,5.5082,0
645,2021-10-09,271.25,1,29.21,10.67,6.15,1.46,198.67,172.52,31.31,1254.25,530.5,91.03,16.52,5.5082,0
646,2021-10-10,271.25,1,28.65,10.67,6.15,1.46,198.67,172.52,31.31,1254.25,530.5,91.03,16.52,5.5082,0
647,2021-10-11,271.25,1,26.04,10.67,6.15,1.46,198.46,171.78,31.05,1239.75,533.0,91.02,16.45,5.5367,0
648,2021-10-12,271.25,1,28.41,10.67,6.15,1.46,199.93,171.78,31.05,1210.0,522.5,91.02,16.45,5.5325,0
649,2021-10-13,270.5,1,29.91,10.67,6.15,1.46,201.36,168.3,30.54,1206.0,512.25,90.39,16.4,5.5133,0
650,2021-10-14,271.55,1,26.56,10.67,6.15,1.46,204.11,167.68,30.38,1215.5,516.75,90.13,16.33,5.5132,0
651,2021-10-15,266.8,1,27.45,10.67,6.15,1.46,208.89,168.55,30.87,1226.25,525.75,90.18,16.52,5.4611,0
652,2021-10-16,266.8,1,25.74,10.67,6.15,1.46,208.89,168.55,30.87,1226.25,525.75,90.18,16.52,5.4611,0
653,2021-10-17,266.8,1,27.25,10.67,6.15,1.46,208.89,168.55,30.87,1226.25,525.75,90.18,16.52,5.4611,0
654,2021-10-18,267.8,1,28.22,10.67,6.15,1.46,210.89,168.55,30.57,1229.0,532.75,89.89,16.3,5.5117,0
655,2021-10-19,272.55,1,25.43,10.67,6.15,1.46,214.47,169.89,30.41,1237.0,530.25,90.21,16.15,5.5844,0
656,2021-10-20,262.9,1,28.71,10.67,6.15,1.46,211.13,172.99,31.19,1255.0,539.25,89.56,16.15,5.5975,0
657,2021-10-21,262.8,1,28.65,10.67,6.15,1.46,211.74,174.69,30.9,1233.5,532.25,88.99,15.74,5.6577,0
658,2021-10-22,260.2,1,24.99,10.67,6.15,1.46,214.86,174.62,30.96,1230.75,538.0,89.27,15.83,5.6474,0
659,2021-10-23,260.2,1,25.8,10.67,6.15,1.46,214.86,174.62,30.96,1230.75,538.0,89.27,15.83,5.6474,0
660,2021-10-24,260.2,1,28.22,10.67,6.15,1.46,214.86,174.62,30.96,1230.75,538.0,89.27,15.83,5.6474,0
661,2021-10-25,263.35,1,27.18,10.67,6.15,1.46,214.6,171.97,31.01,1247.0,538.0,89.18,16.08,5.5563,0
662,2021-10-26,257.25,1,28.83,10.67,6.15,1.46,216.16,171.58,30.82,1247.5,543.5,88.27,15.86,5.5666,0
663,2021-10-27,256.45,1,27.76,10.67,6.15,1.46,213.98,171.79,30.84,1249.75,557.25,87.5,15.71,5.538,0
664,2021-10-28,254.1,1,29.56,10.67,7.65,1.46,215.24,172.17,30.59,1246.0,562.75,86.89,15.44,5.6464,0
665,2021-10-29,257.1,1,29.53,10.67,7.65,1.46,217.42,171.13,30.3,1249.5,568.25,86.84,15.38,5.6372,0
666,2021-10-30,257.1,1,27.4,10.67,7.65,1.46,217.42,171.13,30.3,1249.5,568.25,86.84,15.38,5.6372,0
667,2021-10-31,257.1,1,27.72,10.67,7.65,1.46,217.42,171.13,30.3,1249.5,568.25,86.84,15.38,5.6372,0
668,2021-11-01,263.95,1,26.45,10.74,7.65,1.46,215.23,171.21,30.19,1248.5,579.0,86.97,15.34,5.6815,0
669,2021-11-02,263.95,1,26.84,10.74,7.65,1.46,217.47,171.21,30.19,1256.25,573.0,86.97,15.34,5.6795,0
670,2021-11-03,256.65,1,25.01,10.74,7.65,1.46,217.31,168.17,30.06,1244.25,564.0,87.16,15.58,5.5525,0
671,2021-11-04,267.75,1,26.47,10.74,7.65,1.46,217.44,165.21,29.42,1222.75,559.25,86.4,15.39,5.602,0
672,2021-11-05,264.6,1,25.67,10.74,7.65,1.46,218.56,162.72,29.53,1205.5,553.0,86.61,15.72,5.5428,0
673,2021-11-06,264.6,1,26.41,10.74,7.65,1.46,218.56,162.72,29.53,1205.5,553.0,86.61,15.72,5.5428,0
674,2021-11-07,264.6,1,24.59,10.74,7.65,1.46,218.56,162.72,29.53,1205.5,553.0,86.61,15.72,5.5428,0
675,2021-11-08,267.85,1,26.27,10.74,7.65,1.46,217.54,161.0,29.01,1188.5,551.5,85.69,15.44,5.544,0
676,2021-11-09,280.7,1,25.93,10.74,7.65,1.46,218.58,160.48,29.27,1212.0,554.75,84.93,15.49,5.4804,0
677,2021-11-10,291.2,1,24.06,10.74,7.65,1.46,217.94,159.93,29.11,1216.75,569.25,84.51,15.38,5.491,0
678,2021-11-11,294.8,1,25.05,10.74,7.65,1.46,219.35,158.88,29.43,1221.5,569.5,83.59,15.49,5.3989,0
679,2021-11-12,301.0,1,25.9,10.74,7.65,1.46,221.66,159.17,29.18,1244.25,577.25,82.75,15.17,5.4588,0
680,2021-11-13,301.0,1,26.88,10.74,7.65,1.46,221.66,159.17,29.18,1244.25,577.25,82.75,15.17,5.4588,0
681,2021-11-14,301.0,1,26.01,10.74,7.65,1.46,221.66,159.17,29.18,1244.25,577.25,82.75,15.17,5.4588,0
682,2021-11-15,301.0,1,24.59,10.74,7.65,1.46,223.46,159.17,29.18,1268.75,576.5,82.75,15.17,5.4575,0
683,2021-11-16,303.15,1,25.67,10.74,7.65,1.46,222.46,163.71,29.81,1263.25,571.0,82.74,15.07,5.5028,0
684,2021-11-17,304.8,1,27.72,10.74,7.65,1.46,223.21,166.1,30.06,1288.25,575.25,82.45,14.92,5.5292,0
685,2021-11-18,313.0,1,25.15,10.74,7.65,1.46,222.99,167.78,30.13,1276.5,573.0,82.34,14.79,5.5576,0
686,2021-11-19,314.15,1,27.0,10.74,7.65,1.46,220.14,167.72,29.93,1275.0,570.75,82.84,14.78,5.6135,0
687,2021-11-20,314.15,1,26.55,10.74,7.65,1.46,220.14,167.72,29.93,1275.0,570.75,82.84,14.78,5.6135,0
688,2021-11-21,314.15,1,27.63,10.74,7.65,1.46,220.14,167.72,29.93,1275.0,570.75,82.84,14.78,5.6135,0
689,2021-11-22,315.9,1,26.88,10.74,7.65,1.46,221.15,169.82,30.38,1286.25,576.75,82.81,14.81,5.5865,0
690,2021-11-23,316.9,1,26.38,10.74,7.65,1.46,224.7,172.05,30.68,1284.5,580.5,83.26,14.85,5.5712,0
691,2021-11-24,316.65,1,26.57,10.74,7.65,1.46,225.69,170.19,30.43,1277.25,579.75,83.59,14.94,5.6061,0
692,2021-11-25,316.65,1,28.23,10.74,7.65,1.46,225.69,170.19,30.43,1277.25,579.75,83.59,14.94,5.6061,0
693,2021-11-26,318.1,1,28.03,10.74,7.65,1.46,219.01,166.3,29.7,1263.0,586.75,83.72,14.95,5.6093,0
694,2021-11-27,318.1,1,28.87,10.74,7.65,1.46,219.01,166.3,29.7,1263.0,586.75,83.72,14.95,5.6093,0
695,2021-11-28,318.1,1,28.56,10.74,7.65,1.46,219.01,166.3,29.7,1263.0,586.75,83.72,14.95,5.6093,0
696,2021-11-29,321.8,1,24.1,10.74,7.65,1.46,222.13,168.09,29.94,1252.0,581.0,83.44,14.86,5.6017,0
697,2021-11-30,322.3,1,26.65,10.74,7.65,1.46,217.39,166.76,29.53,1226.5,567.0,84.46,14.96,5.6239,0
698,2021-12-01,321.6,1,26.05,10.06,7.65,1.46,216.89,166.71,29.43,1235.0,572.0,84.98,15.0,5.6955,0
699,2021-12-02,324.35,1,26.01,10.06,7.65,1.46,223.33,167.55,29.64,1250.0,577.0,86.22,15.26,5.6462,0
700,2021-12-03,312.95,1,26.6,10.06,7.65,1.46,222.06,170.56,30.04,1271.25,586.0,86.86,15.3,5.6532,0
701,2021-12-04,312.95,1,25.97,10.06,7.65,1.46,222.06,170.56,30.04,1271.25,586.0,86.86,15.3,5.6532,0
702,2021-12-05,312.95,1,25.37,10.06,7.65,1.46,222.06,170.56,30.04,1271.25,586.0,86.86,15.3,5.6532,0
703,2021-12-06,322.1,1,26.65,10.06,7.65,1.46,221.26,168.21,29.58,1266.5,583.5,86.12,15.15,5.6891,0
704,2021-12-07,316.5,1,26.67,10.06,7.65,1.46,227.97,167.79,29.87,1258.25,586.25,87.58,15.59,5.6128,0
705,2021-12-08,319.5,1,25.89,10.06,7.65,1.46,228.68,165.97,29.97,1268.75,584.75,87.55,15.81,5.5327,0
706,2021-12-09,312.25,1,25.84,10.06,9.15,1.46,224.41,165.16,29.6,1272.25,588.5,87.54,15.69,5.5727,0
707,2021-12-10,311.2,1,26.44,10.06,9.15,1.46,225.16,166.05,29.58,1274.25,588.5,88.06,15.69,5.6127,0
708,2021-12-11,311.2,1,25.7,10.06,9.15,1.46,225.16,166.05,29.58,1274.25,588.5,88.06,15.69,5.6127,0
709,2021-12-12,311.2,1,25.53,10.06,9.15,1.46,225.16,166.05,29.58,1274.25,588.5,88.06,15.69,5.6127,0
710,2021-12-13,316.35,1,26.21,10.06,9.15,1.46,224.66,165.93,29.25,1250.75,584.25,88.1,15.53,5.6804,0
711,2021-12-14,310.4,1,26.66,10.06,9.15,1.46,224.32,166.35,29.23,1264.5,588.75,87.75,15.42,5.6815,0
712,2021-12-15,308.0,1,27.28,10.06,9.15,1.46,224.42,169.04,29.54,1265.25,585.75,87.56,15.3,5.6806,0
713,2021-12-16,316.65,1,25.82,10.06,9.15,1.46,225.84,171.26,30.18,1278.25,591.25,87.39,15.4,5.6884,0
714,2021-12-17,318.85,1,26.39,10.06,9.15,1.46,221.59,171.42,30.17,1288.5,593.25,87.18,15.34,5.6959,0
715,2021-12-18,318.85,1,25.9,10.06,9.15,1.46,221.59,171.42,30.17,1288.5,593.25,87.18,15.34,5.6959,0
716,2021-12-19,318.85,1,25.72,10.06,9.15,1.46,221.59,171.42,30.17,1288.5,593.25,87.18,15.34,5.6959,0
717,2021-12-20,317.7,1,26.63,10.06,9.15,1.46,218.76,171.53,29.89,1294.75,591.0,87.57,15.26,5.742,0
718,2021-12-21,327.75,1,26.62,10.06,9.15,1.46,222.0,171.7,29.93,1312.75,598.25,88.61,15.45,5.7451,0
719,2021-12-22,322.4,1,26.15,10.06,9.15,1.46,223.97,174.59,30.79,1335.0,602.5,88.69,15.64,5.654,0
720,2021-12-23,327.5,1,25.89,10.06,9.15,1.46,225.71,174.44,30.8,1340.75,605.75,89.81,15.86,5.6749,0
721,2021-12-24,327.5,1,24.92,10.06,9.15,1.46,225.71,174.44,30.8,1340.75,605.75,89.81,15.86,5.6749,0
722,2021-12-25,327.5,1,25.11,10.06,9.15,1.46,225.71,174.44,30.8,1340.75,605.75,89.81,15.86,5.6749,0
723,2021-12-26,327.5,1,26.91,10.06,9.15,1.46,225.71,174.44,30.8,1340.75,605.75,89.81,15.86,5.6749,0
724,2021-12-27,329.1,1,25.81,10.06,9.15,1.46,229.43,176.06,31.24,1371.5,614.75,89.99,15.97,5.6249,0
725,2021-12-28,331.4,1,26.49,10.06,9.15,1.46,230.12,176.21,31.26,1368.0,604.75,90.34,16.03,5.6283,0
726,2021-12-29,335.85,1,25.02,10.06,9.15,1.46,229.11,176.42,30.98,1368.75,605.5,90.37,15.87,5.7032,0
727,2021-12-30,336.5,1,24.95,10.06,9.15,1.46,228.66,172.34,30.91,1338.5,596.0,90.35,16.21,5.571,0
728,2021-12-31,336.5,1,24.6,10.06,9.15,1.46,228.46,172.34,30.91,1339.25,593.25,90.35,16.21,5.5703,0
729,2022-01-01,336.5,1,24.8,10.38,9.15,1.47,228.46,172.34,30.91,1339.25,593.25,90.35,16.21,5.5703,0
730,2022-01-02,336.5,1,25.86,10.38,9.15,1.47,228.46,172.34,30.91,1339.25,593.25,90.35,16.21,5.5703,0
731,2022-01-03,334.5,1,26.43,10.38,9.15,1.47,225.46,174.91,30.9,1355.5,589.25,92.01,16.25,5.6818,0
732,2022-01-04,339.65,1,25.82,10.38,9.15,1.47,227.27,179.13,31.5,1389.75,609.5,92.72,16.3,5.677,0
733,2022-01-05,345.25,1,25.28,10.38,9.15,1.47,226.43,182.14,32.16,1394.75,602.25,92.81,16.3,5.7087,0
734,2022-01-06,337.6,1,24.71,10.38,9.15,1.47,225.71,180.62,31.77,1387.25,603.75,93.28,16.41,5.6834,0
735,2022-01-07,331.4,1,25.99,10.38,9.15,1.47,225.04,180.7,32.08,1410.25,606.75,93.52,16.6,5.6355,0
736,2022-01-08,331.4,1,24.22,10.38,9.15,1.47,225.04,180.7,32.08,1410.25,606.75,93.52,16.6,5.6355,0
737,2022-01-09,331.4,1,24.83,10.38,9.15,1.47,225.04,180.7,32.08,1410.25,606.75,93.52,16.6,5.6355,0
738,2022-01-10,339.0,1,26.06,10.38,9.15,1.47,222.8,180.66,31.85,1384.75,599.75,94.43,16.65,5.6633,0
739,2022-01-11,333.7,1,24.8,10.38,9.15,1.47,223.44,180.27,32.31,1386.5,601.0,95.13,17.05,5.5686,0
740,2022-01-12,335.05,1,23.81,10.38,9.15,1.47,226.18,178.3,32.21,1399.25,599.0,95.27,17.21,5.5338,0
741,2022-01-13,333.7,1,25.6,10.38,9.15,1.47,223.73,177.41,32.15,1377.25,587.5,96.5,17.48,5.5286,0
742,2022-01-14,335.5,1,27.6,10.38,9.15,1.47,223.19,176.56,31.97,1369.75,596.25,96.77,17.52,5.5344,0
743,2022-01-15,335.5,1,29.43,10.38,9.15,1.47,223.19,176.56,31.97,1369.75,596.25,96.77,17.52,5.5344,0
744,2022-01-16,335.5,1,28.74,10.38,9.15,1.47,223.19,176.56,31.97,1369.75,596.25,96.77,17.52,5.5344,0
745,2022-01-17,335.5,1,26.38,10.38,9.15,1.47,223.19,176.56,31.97,1369.75,596.25,96.77,17.52,5.5344,0
746,2022-01-18,333.95,1,26.6,10.38,9.15,1.47,223.5,176.16,31.71,1371.0,599.5,97.39,17.53,5.5666,0
747,2022-01-19,337.2,1,26.06,10.38,9.15,1.47,229.62,176.86,32.37,1400.75,610.5,97.7,17.88,5.4383,0
748,2022-01-20,339.25,1,27.25,10.38,9.15,1.47,231.2,179.39,33.15,1434.5,611.0,98.13,18.14,5.4191,0
749,2022-01-21,344.2,1,27.55,10.38,9.15,1.47,225.91,180.15,33.01,1423.0,616.25,98.33,18.02,5.4582,0
750,2022-01-22,344.2,1,28.9,10.38,9.15,1.47,225.91,180.15,33.01,1423.0,616.25,98.33,18.02,5.4582,0
751,2022-01-23,344.2,1,29.93,10.38,9.15,1.47,225.91,180.15,33.01,1423.0,616.25,98.33,18.02,5.4582,0
752,2022-01-24,338.2,1,26.41,10.38,9.15,1.47,224.25,179.47,32.61,1411.0,621.0,97.93,17.8,5.4877,0
753,2022-01-25,343.1,1,26.08,10.38,9.15,1.47,221.79,179.73,33.04,1416.0,620.0,97.76,17.97,5.4437,0
754,2022-01-26,342.3,1,25.81,10.38,9.15,1.47,220.13,184.22,34.07,1447.0,627.0,97.9,18.11,5.4324,0
755,2022-01-27,343.7,1,26.0,10.38,9.15,1.47,223.24,181.48,33.44,1454.0,625.25,97.37,17.94,5.4065,0
756,2022-01-28,339.4,1,25.92,10.38,9.15,1.47,225.75,183.8,34.08,1475.25,636.0,97.4,18.06,5.3674,0
757,2022-01-29,339.4,1,24.91,10.38,9.15,1.47,225.75,183.8,34.08,1475.25,636.0,97.4,18.06,5.3674,0
758,2022-01-30,339.4,1,25.11,10.38,9.15,1.47,225.75,183.8,34.08,1475.25,636.0,97.4,18.06,5.3674,0
759,2022-01-31,343.8,1,24.83,10.38,9.15,1.47,229.5,184.29,34.75,1495.25,626.0,97.42,18.37,5.3041,0
760,2022-02-01,333.9,1,26.44,10.54,9.15,1.47,232.02,188.67,35.8,1534.25,634.75,97.4,18.48,5.2655,0
761,2022-02-02,334.7,1,28.18,10.54,9.15,1.47,239.37,192.71,36.46,1549.5,622.5,97.14,18.38,5.262,0
762,2022-02-03,334.0,1,26.58,10.54,10.65,1.47,241.07,191.98,36.27,1547.0,616.75,96.82,18.29,5.2839,0
763,2022-02-04,343.9,1,28.0,10.54,10.65,1.47,246.17,193.36,36.3,1557.5,620.5,97.13,18.24,5.3279,0
764,2022-02-05,343.9,1,25.96,10.54,10.65,1.47,246.17,193.36,36.3,1557.5,620.5,97.13,18.24,5.3279,0
765,2022-02-06,343.9,1,26.16,10.54,10.65,1.47,246.17,193.36,36.3,1557.5,620.5,97.13,18.24,5.3279,0
766,2022-02-07,330.3,1,26.69,10.54,10.65,1.47,242.67,197.85,37.61,1586.25,635.25,96.97,18.44,5.2636,0
767,2022-02-08,339.35,1,26.66,10.54,10.65,1.47,241.41,196.56,37.4,1572.5,632.25,97.14,18.49,5.2593,0
768,2022-02-09,341.05,1,25.82,10.54,10.65,1.47,249.51,197.19,37.78,1595.5,646.75,96.93,18.57,5.2354,0
769,2022-02-10,342.1,1,26.01,10.54,10.65,1.47,244.05,198.33,37.95,1576.5,641.75,97.08,18.58,5.2496,0
770,2022-02-11,342.05,1,24.88,10.54,10.65,1.47,241.03,195.85,37.48,1586.25,651.0,97.05,18.57,5.2527,0
771,2022-02-12,342.05,1,25.8,10.54,10.65,1.47,241.03,195.85,37.48,1586.25,651.0,97.05,18.57,5.2527,0
772,2022-02-13,342.05,1,25.24,10.54,10.65,1.47,241.03,195.85,37.48,1586.25,651.0,97.05,18.57,5.2527,0
773,2022-02-14,338.9,1,25.58,10.54,10.65,1.47,239.17,191.08,36.63,1574.0,655.75,95.98,18.4,5.2149,0
774,2022-02-15,338.15,1,27.47,10.54,10.65,1.47,238.84,189.54,36.58,1555.75,638.0,96.55,18.63,5.159,0
775,2022-02-16,340.65,1,27.0,10.54,10.65,1.47,238.92,189.59,36.97,1591.25,647.0,96.53,18.82,5.1365,0
776,2022-02-17,345.9,1,26.35,10.54,10.65,1.47,238.85,195.11,37.75,1596.0,650.0,96.51,18.67,5.1718,0
777,2022-02-18,340.9,1,27.25,10.54,10.65,1.47,236.62,195.9,38.13,1603.5,654.25,96.49,18.78,5.1385,0
778,2022-02-19,340.9,1,23.5,10.54,10.65,1.47,236.62,195.9,38.13,1603.5,654.25,96.49,18.78,5.1385,0
779,2022-02-20,340.9,1,25.35,10.54,10.65,1.47,236.62,195.9,38.13,1603.5,654.25,96.49,18.78,5.1385,0
780,2022-02-21,340.9,1,26.8,10.54,10.65,1.47,236.62,195.9,38.13,1603.5,654.25,96.49,18.78,5.1385,0
781,2022-02-22,348.4,1,26.23,10.54,10.65,1.47,238.37,195.45,38.59,1635.0,674.75,96.8,19.11,5.0583,0
782,2022-02-23,343.95,1,24.39,10.54,10.65,1.47,235.56,199.92,39.96,1671.0,683.75,96.85,19.36,5.0097,0
783,2022-02-24,340.7,1,25.5,10.54,10.65,1.47,237.26,201.35,39.35,1654.0,695.0,96.89,18.93,5.1231,0
784,2022-02-25,343.05,1,28.62,10.54,10.65,1.47,239.41,198.67,38.61,1584.5,659.5,97.34,18.92,5.1623,0
785,2022-02-26,343.05,1,29.61,10.54,10.65,1.47,239.41,198.67,38.61,1584.5,659.5,97.34,18.92,5.1623,0
786,2022-02-27,343.05,1,28.33,10.54,10.65,1.47,239.41,198.67,38.61,1584.5,659.5,97.34,18.92,5.1623,0
787,2022-02-28,343.05,1,29.01,10.54,10.65,1.47,236.53,198.67,38.61,1636.75,697.5,97.34,18.92,5.1599,0
788,2022-03-01,343.05,1,26.71,11.3,10.65,1.47,233.45,198.67,38.61,1690.0,739.75,97.34,18.92,5.1595,0
789,2022-03-02,339.85,1,25.38,11.3,10.65,1.47,236.74,203.2,39.76,1663.0,739.0,97.2,19.02,5.0995,0
790,2022-03-03,342.35,1,24.9,11.3,10.65,1.47,240.82,202.9,40.39,1667.75,751.25,97.72,19.45,5.032,0
791,2022-03-04,341.15,1,26.4,11.3,10.65,1.47,243.77,203.62,40.09,1660.5,756.5,98.15,19.32,5.062,0
792,2022-03-05,341.15,1,27.12,11.3,10.65,1.47,243.77,203.62,40.09,1660.5,756.5,98.15,19.32,5.062,0
793,2022-03-06,341.15,1,25.27,11.3,10.65,1.47,243.77,203.62,40.09,1660.5,756.5,98.15,19.32,5.062,0
794,2022-03-07,345.35,1,25.34,11.3,10.65,1.47,235.73,203.18,40.0,1659.5,749.25,100.19,19.73,5.1115,0
795,2022-03-08,350.35,1,25.31,11.3,10.65,1.47,222.73,206.99,40.94,1689.75,754.5,101.36,20.05,5.0599,0
796,2022-03-09,342.8,1,25.37,11.3,10.65,1.47,230.09,206.04,41.12,1671.75,735.0,101.25,20.21,5.0123,0
797,2022-03-10,345.2,1,26.35,11.3,10.65,1.47,227.96,207.14,41.28,1686.25,757.75,101.42,20.21,5.011,0
798,2022-03-11,347.0,1,26.88,11.3,10.65,1.47,225.96,203.15,40.21,1676.0,764.5,103.57,20.5,5.0745,0
799,2022-03-12,347.0,1,25.93,11.3,10.65,1.47,225.96,203.15,40.21,1676.0,764.5,103.57,20.5,5.0745,0
800,2022-03-13,347.0,1,27.35,11.3,10.65,1.47,225.96,203.15,40.21,1676.0,764.5,103.57,20.5,5.0745,0
801,2022-03-14,345.05,1,25.53,11.3,10.65,1.47,229.57,204.36,39.84,1670.5,728.25,103.9,20.26,5.1193,0
802,2022-03-15,341.1,1,27.04,11.3,10.65,1.47,232.0,202.41,39.27,1635.75,758.0,103.87,20.15,5.1631,0
803,2022-03-16,343.3,1,24.98,11.3,10.65,1.47,242.01,203.31,39.83,1626.0,730.0,103.74,20.32,5.0757,0
804,2022-03-17,349.45,1,26.77,11.3,11.65,1.47,246.28,203.85,40.46,1647.25,754.5,103.57,20.56,5.039,0
805,2022-03-18,349.05,1,26.86,11.3,11.65,1.47,249.6,202.01,40.29,1645.75,741.75,102.59,20.46,5.0231,0
806,2022-03-19,349.05,1,27.83,11.3,11.65,1.47,249.6,202.01,40.29,1645.75,741.75,102.59,20.46,5.0231,0
807,2022-03-20,349.05,1,27.59,11.3,11.65,1.47,249.6,202.01,40.29,1645.75,741.75,102.59,20.46,5.0231,0
808,2022-03-21,346.0,1,25.55,11.3,11.65,1.47,250.76,201.54,40.7,1672.25,756.25,102.63,20.72,4.9354,0
809,2022-03-22,349.1,1,26.18,11.3,11.65,1.47,247.99,201.04,40.87,1678.75,753.0,101.29,20.59,4.9094,0
810,2022-03-23,345.3,1,27.35,11.3,11.65,1.47,246.79,198.52,41.03,1698.5,757.75,99.93,20.65,4.8258,0
811,2022-03-24,352.05,1,26.77,11.3,11.65,1.47,244.93,197.14,40.84,1682.25,748.25,99.2,20.55,4.8253,0
812,2022-03-25,347.0,1,25.95,11.3,11.65,1.47,247.72,193.27,40.68,1688.5,754.0,96.98,20.41,4.742,0
813,2022-03-26,347.0,1,27.99,11.3,11.65,1.47,247.72,193.27,40.68,1688.5,754.0,96.98,20.41,4.742,0
814,2022-03-27,347.0,1,27.3,11.3,11.65,1.47,247.72,193.27,40.68,1688.5,754.0,96.98,20.41,4.742,0
815,2022-03-28,349.95,1,28.26,11.3,11.65,1.47,232.41,189.94,39.82,1646.75,748.5,96.16,20.16,4.7675,0
816,2022-03-29,341.6,1,24.38,11.3,11.65,1.47,228.9,185.2,38.9,1623.75,726.25,92.77,19.49,4.7561,0
817,2022-03-30,347.35,1,26.0,11.3,11.65,1.47,229.77,186.19,38.94,1642.5,738.0,92.7,19.38,4.7685,0
818,2022-03-31,323.25,1,28.0,11.3,11.65,1.47,226.02,186.25,39.12,1598.0,748.75,93.09,19.55,4.739,0
819,2022-04-01,341.6,1,27.52,12.13,11.65,3.54,227.88,178.54,38.24,1566.75,735.0,92.04,19.71,4.6575,0
820,2022-04-02,341.6,1,26.95,12.13,11.65,3.54,227.88,178.54,38.24,1566.75,735.0,92.04,19.71,4.6575,0
821,2022-04-03,341.6,1,27.96,12.13,11.65,3.54,227.88,178.54,38.24,1566.75,735.0,92.04,19.71,4.6575,0
822,2022-04-04,335.4,1,27.6,12.13,11.65,3.54,222.91,174.46,37.83,1589.0,750.5,91.55,19.85,4.5928,0
823,2022-04-05,333.4,1,28.52,12.13,11.65,3.54,225.64,176.84,37.97,1614.0,759.75,90.19,19.37,4.6506,0
824,2022-04-06,336.7,1,28.97,12.13,11.65,3.54,231.33,178.84,37.89,1603.5,756.5,89.46,18.95,4.7161,0
825,2022-04-07,327.4,1,27.48,12.13,11.65,3.54,232.14,182.22,38.4,1627.0,757.75,89.06,18.77,4.7524,0
826,2022-04-08,345.95,1,27.59,12.13,11.65,3.54,230.43,184.13,39.13,1668.0,768.75,89.02,18.92,4.697,0
827,2022-04-09,345.95,1,29.44,12.13,11.65,3.54,230.43,184.13,39.13,1668.0,768.75,89.02,18.92,4.697,0
828,2022-04-10,345.95,1,28.95,12.13,11.65,3.54,230.43,184.13,39.13,1668.0,768.75,89.02,18.92,4.697,0
829,2022-04-11,338.6,1,28.85,12.13,11.65,3.54,227.9,182.66,39.01,1640.75,764.5,88.9,18.98,4.6944,0
830,2022-04-12,337.1,1,29.2,12.13,11.65,3.54,224.28,183.39,39.2,1660.5,776.25,88.17,18.85,4.6735,0
831,2022-04-13,336.3,1,27.8,12.13,11.65,3.54,227.45,183.65,39.19,1665.0,783.5,87.56,18.69,4.6899,0
832,2022-04-14,338.9,1,26.3,12.13,11.65,3.54,225.83,186.68,39.79,1665.25,790.25,87.3,18.61,4.7013,0
833,2022-04-15,338.9,1,25.92,12.13,11.65,3.54,225.83,186.68,39.79,1665.25,790.25,87.3,18.61,4.7013,0
834,2022-04-16,338.9,1,26.9,12.13,11.65,3.54,225.83,186.68,39.79,1665.25,790.25,87.3,18.61,4.7013,0
835,2022-04-17,338.9,1,27.05,12.13,11.65,3.54,225.83,186.68,39.79,1665.25,790.25,87.3,18.61,4.7013,0
836,2022-04-18,328.8,1,27.14,12.13,11.65,3.54,224.48,186.73,40.09,1693.25,813.25,87.63,18.81,4.6527,0
837,2022-04-19,340.25,1,27.21,12.13,11.65,3.54,222.45,186.75,39.96,1691.75,804.0,88.03,18.84,4.6675,0
838,2022-04-20,331.4,1,27.21,12.13,11.65,3.54,224.44,186.67,40.36,1717.0,815.75,87.87,19.0,4.6219,0
839,2022-04-21,331.4,1,27.61,12.13,11.65,3.54,217.0,186.67,40.36,1719.5,799.25,87.87,19.0,4.622,0
840,2022-04-22,327.75,1,26.63,12.13,11.65,3.54,211.83,192.57,40.14,1688.0,793.0,87.93,18.33,4.7937,0
841,2022-04-23,327.75,1,27.2,12.13,11.65,3.54,211.83,192.57,40.14,1688.0,793.0,87.93,18.33,4.7937,0
842,2022-04-24,327.75,1,27.65,12.13,11.65,3.54,211.83,192.57,40.14,1688.0,793.0,87.93,18.33,4.7937,0
843,2022-04-25,328.9,1,27.8,12.13,11.65,3.54,210.53,193.63,39.73,1675.25,800.25,88.71,18.2,4.8766,0
844,2022-04-26,334.0,1,27.41,12.13,11.65,3.54,202.66,195.55,39.19,1671.75,803.25,88.51,17.74,4.9989,0
845,2022-04-27,335.6,1,26.68,12.13,11.65,3.54,214.69,195.45,39.37,1692.75,815.5,88.21,17.77,4.9651,0
846,2022-04-28,333.3,1,27.19,12.13,11.65,3.54,214.49,196.88,39.87,1684.75,816.0,88.38,17.9,4.9425,0
847,2022-04-29,334.85,1,27.9,12.13,11.65,3.54,208.42,195.24,39.46,1684.75,818.25,88.25,17.83,4.9721,0
848,2022-04-30,334.85,1,27.25,12.13,11.65,3.54,208.42,195.24,39.46,1684.75,818.25,88.25,17.83,4.9721,0
849,2022-05-01,334.85,1,26.6,11.73,11.65,3.54,208.42,195.24,39.46,1684.75,818.25,88.25,17.83,4.9721,0
850,2022-05-02,328.9,1,27.05,11.73,11.65,3.54,205.99,194.81,38.45,1645.25,813.0,87.87,17.34,5.0848,0
851,2022-05-03,339.3,1,28.24,11.73,11.65,3.54,208.25,192.94,38.86,1630.5,800.75,87.6,17.64,4.9584,0
852,2022-05-04,331.95,1,27.68,11.73,11.65,3.54,209.68,190.98,38.89,1640.5,798.5,87.55,17.83,4.9198,0
853,2022-05-05,333.25,1,27.97,11.73,12.65,3.54,202.66,193.51,38.48,1647.0,803.75,87.41,17.38,5.028,0
854,2022-05-06,333.25,1,28.26,11.73,12.65,3.54,199.9,193.91,38.22,1622.0,792.25,86.63,17.08,5.0774,0
855,2022-05-07,333.25,1,26.69,11.73,12.65,3.54,199.9,193.91,38.22,1622.0,792.25,86.63,17.08,5.0774,0
856,2022-05-08,333.25,1,27.33,11.73,12.65,3.54,199.9,193.91,38.22,1622.0,792.25,86.63,17.08,5.0774,0
857,2022-05-09,331.3,1,27.55,11.73,12.65,3.54,191.57,192.02,37.24,1585.25,784.5,86.15,16.71,5.1617,0
858,2022-05-10,330.5,1,27.11,11.73,12.65,3.54,190.3,192.11,37.48,1592.25,786.5,85.83,16.75,5.1313,0
859,2022-05-11,311.15,1,27.05,11.73,12.65,3.54,188.74,192.45,37.46,1606.75,802.25,86.08,16.75,5.1373,0
860,2022-05-12,325.4,1,26.63,11.73,12.65,3.54,186.25,194.58,37.81,1613.75,813.5,86.4,16.79,5.1339,0
861,2022-05-13,327.45,1,26.54,11.73,12.65,3.54,190.14,196.26,38.83,1646.5,794.5,86.54,17.12,5.0602,0
862,2022-05-14,327.45,1,26.95,11.73,12.65,3.54,190.14,196.26,38.83,1646.5,794.5,86.54,17.12,5.0602,0
863,2022-05-15,327.45,1,27.01,11.73,12.65,3.54,190.14,196.26,38.83,1646.5,794.5,86.54,17.12,5.0602,0
864,2022-05-16,334.8,1,27.59,11.73,12.65,3.54,186.41,196.84,39.02,1607.25,809.5,87.97,17.44,5.0599,0
865,2022-05-17,323.4,1,26.66,11.73,12.65,3.54,186.27,196.37,39.74,1624.25,800.75,89.09,18.03,4.9387,0
866,2022-05-18,307.25,1,21.79,11.73,12.65,3.54,179.1,195.36,39.17,1607.0,781.5,89.28,17.9,4.9682,0
867,2022-05-19,311.5,1,18.83,11.73,12.65,3.54,180.69,194.9,39.66,1630.5,783.25,89.23,18.16,4.9309,0
868,2022-05-20,324.45,1,19.26,11.73,12.65,3.54,182.55,195.46,40.14,1641.75,778.75,88.48,18.17,4.8788,0
869,2022-05-21,324.45,1,20.88,11.73,12.65,3.54,182.55,195.46,40.14,1641.75,778.75,88.48,18.17,4.8788,0
870,2022-05-22,324.45,1,21.82,11.73,12.65,3.54,182.55,195.46,40.14,1641.75,778.75,88.48,18.17,4.8788,0
871,2022-05-23,305.2,1,23.39,11.73,12.65,3.54,182.06,191.68,39.83,1628.75,786.25,88.03,18.29,4.813,0
872,2022-05-24,314.15,1,25.5,11.73,12.65,3.54,182.13,191.28,39.68,1632.25,771.75,87.43,18.13,4.8191,0
873,2022-05-25,318.2,1,25.2,11.73,12.65,3.54,185.7,191.13,39.73,1620.5,772.25,87.33,18.15,4.8275,0
874,2022-05-26,319.1,1,24.83,11.73,12.65,3.54,187.11,192.44,40.42,1659.5,765.0,86.99,18.27,4.7677,0
875,2022-05-27,315.8,1,25.65,11.73,12.65,3.54,189.98,192.98,40.73,1663.0,777.25,86.9,18.34,4.7295,0
876,2022-05-28,315.8,1,25.87,11.73,12.65,3.54,189.98,192.98,40.73,1663.0,777.25,86.9,18.34,4.7295,0
877,2022-05-29,315.8,1,25.34,11.73,12.65,3.54,189.98,192.98,40.73,1663.0,777.25,86.9,18.34,4.7295,0
878,2022-05-30,315.8,1,24.8,11.73,12.65,3.54,189.98,192.98,40.73,1663.0,777.25,86.9,18.34,4.7295,0
879,2022-05-31,321.4,1,25.49,11.73,12.65,3.54,188.93,190.05,40.0,1620.25,753.5,86.25,18.15,4.7315,0
880,2022-06-01,314.6,1,26.41,11.89,12.65,3.54,189.45,189.89,39.57,1625.0,731.25,85.8,17.88,4.8151,0
881,2022-06-02,308.65,1,26.9,11.89,12.65,3.54,194.49,193.64,40.39,1658.75,730.25,85.52,17.84,4.7962,0
882,2022-06-03,312.5,1,27.07,11.89,12.65,3.54,190.05,192.1,40.15,1633.75,727.0,85.07,17.78,4.7734,0
883,2022-06-04,312.5,1,26.02,11.89,12.65,3.54,190.05,192.1,40.15,1633.75,727.0,85.07,17.78,4.7734,0
884,2022-06-05,312.5,1,25.62,11.89,12.65,3.54,190.05,192.1,40.15,1633.75,727.0,85.07,17.78,4.7734,0
885,2022-06-06,311.4,1,25.15,11.89,12.65,3.54,189.44,190.77,39.73,1635.75,742.5,84.8,17.66,4.7945,0
886,2022-06-07,315.15,1,25.01,11.89,12.65,3.54,192.67,194.27,39.88,1653.75,757.0,85.56,17.56,4.8696,0
887,2022-06-08,316.15,1,24.97,11.89,12.65,3.54,189.64,197.47,40.46,1662.75,764.5,85.86,17.59,4.8988,0
888,2022-06-09,312.1,1,24.77,11.89,12.65,3.54,188.08,196.63,40.04,1679.75,773.0,85.85,17.48,4.9063,0
889,2022-06-10,314.4,1,25.08,11.89,12.65,3.54,189.95,200.25,40.2,1662.0,773.25,85.42,17.15,4.9865,0
890,2022-06-11,314.4,1,25.13,11.89,12.65,3.54,189.95,200.25,40.2,1662.0,773.25,85.42,17.15,4.9865,0
891,2022-06-12,314.4,1,25.06,11.89,12.65,3.54,189.95,200.25,40.2,1662.0,773.25,85.42,17.15,4.9865,0
892,2022-06-13,311.05,1,25.15,11.89,12.65,3.54,192.89,199.1,38.86,1627.75,769.25,85.41,16.67,5.1154,0
893,2022-06-14,319.75,1,25.75,11.89,12.65,3.54,186.35,199.39,38.79,1616.5,768.25,86.42,16.81,5.1168,0
894,2022-06-15,317.7,1,26.58,11.89,12.65,3.54,190.88,198.66,39.53,1613.75,774.0,86.25,17.16,5.0536,0
895,2022-06-16,317.7,1,26.2,11.89,12.65,3.54,193.16,198.66,39.53,1630.75,788.25,86.25,17.16,5.0535,0
896,2022-06-17,320.5,1,25.62,11.89,13.15,3.54,190.55,199.57,38.83,1622.25,784.5,86.32,16.79,5.1518,0
897,2022-06-18,320.5,1,25.15,11.89,13.15,3.54,190.55,199.57,38.83,1622.25,784.5,86.32,16.79,5.1518,0
898,2022-06-19,320.5,1,25.88,11.89,13.15,3.54,190.55,199.57,38.83,1622.25,784.5,86.32,16.79,5.1518,0
899,2022-06-20,320.5,1,24.82,11.89,13.15,3.54,190.55,199.57,38.83,1622.25,784.5,86.32,16.79,5.1518,0
900,2022-06-21,321.4,1,25.2,11.89,13.15,3.54,198.12,197.06,38.26,1598.5,760.75,87.15,16.92,5.1257,0
901,2022-06-22,321.5,1,24.84,11.89,13.15,3.54,198.09,194.01,37.53,1564.0,768.0,87.04,16.84,5.194,0
902,2022-06-23,321.75,1,25.44,11.89,13.15,3.54,198.09,189.63,36.26,1507.25,746.75,85.92,16.43,5.2406,0
903,2022-06-24,322.9,1,25.42,11.89,13.15,3.54,199.55,188.96,35.94,1520.75,750.25,85.65,16.29,5.2417,0
904,2022-06-25,322.9,1,26.13,11.89,13.15,3.54,199.55,188.96,35.94,1520.75,750.25,85.65,16.29,5.2417,0
905,2022-06-26,322.9,1,25.01,11.89,13.15,3.54,199.55,188.96,35.94,1520.75,750.25,85.65,16.29,5.2417,0
906,2022-06-27,326.25,1,24.6,11.89,13.15,3.54,199.02,189.89,36.32,1529.5,744.25,84.75,16.21,5.2366,0
907,2022-06-28,326.0,1,24.09,11.89,13.15,3.54,195.86,194.53,36.94,1556.5,759.5,83.9,15.93,5.2675,0
908,2022-06-29,319.65,1,24.62,11.89,13.15,3.54,195.89,193.91,37.32,1571.5,770.25,84.85,16.33,5.1818,0
909,2022-06-30,320.25,1,24.27,11.89,13.15,3.54,194.51,194.96,37.28,1560.5,743.75,83.55,15.97,5.2562,0
910,2022-07-01,314.75,1,25.1,10.07,13.15,4.32,194.11,194.02,36.46,1509.75,754.5,83.16,15.63,5.331,0
911,2022-07-02,314.75,1,25.66,10.07,13.15,4.32,194.11,194.02,36.46,1509.75,754.5,83.16,15.63,5.331,0
912,2022-07-03,314.75,1,26.42,10.07,13.15,4.32,194.11,194.02,36.46,1509.75,754.5,83.16,15.63,5.331,0
913,2022-07-04,314.75,1,24.35,10.07,13.15,4.32,194.11,194.02,36.46,1509.75,754.5,83.16,15.63,5.331,0
914,2022-07-05,323.55,1,23.56,10.07,13.15,4.32,194.19,187.41,34.76,1439.25,736.0,82.6,15.32,5.3861,0
915,2022-07-06,316.0,1,24.81,10.07,13.15,4.32,193.81,188.11,34.74,1446.5,744.25,82.19,15.18,5.4287,0
916,2022-07-07,324.8,1,25.07,10.07,13.15,4.32,198.39,190.37,35.62,1485.25,747.0,81.68,15.28,5.3391,0
917,2022-07-08,324.95,1,25.67,10.07,13.15,4.32,198.5,190.67,36.21,1513.25,778.25,81.5,15.48,5.2536,0
918,2022-07-09,324.95,1,26.15,10.07,13.15,4.32,198.5,190.67,36.21,1513.25,778.25,81.5,15.48,5.2536,0
919,2022-07-10,324.95,1,25.06,10.07,13.15,4.32,198.5,190.67,36.21,1513.25,778.25,81.5,15.48,5.2536,0
920,2022-07-11,334.0,1,24.28,10.07,13.15,4.32,197.97,196.51,36.61,1522.0,781.25,82.36,15.34,5.3782,0
921,2022-07-12,324.7,1,25.0,10.07,13.15,4.32,193.06,192.48,35.39,1468.25,732.75,83.12,15.29,5.4368,0
922,2022-07-13,330.35,1,24.95,10.07,13.15,4.32,193.42,190.57,35.25,1484.75,740.0,82.73,15.3,5.3917,0
923,2022-07-14,324.65,1,25.25,10.07,13.15,4.32,189.6,191.53,35.25,1471.75,695.0,82.58,15.2,5.4233,0
924,2022-07-15,325.95,1,26.62,10.07,13.15,4.32,191.89,190.33,35.2,1359.5,604.25,82.46,15.25,5.4082,0
925,2022-07-16,325.95,1,26.87,10.07,13.15,4.32,191.89,190.33,35.2,1359.5,604.25,82.46,15.25,5.4082,0
926,2022-07-17,325.95,1,25.82,10.07,13.15,4.32,191.89,190.33,35.2,1359.5,604.25,82.46,15.25,5.4082,0
927,2022-07-18,327.05,1,25.09,10.07,13.15,4.32,190.46,191.61,35.33,1396.75,612.25,82.36,15.19,5.4375,0
928,2022-07-19,321.4,1,24.78,10.07,13.15,4.32,193.68,188.87,34.85,1375.5,596.75,81.67,15.07,5.4135,0
929,2022-07-20,323.7,1,26.41,10.07,13.15,4.32,193.99,188.34,34.49,1350.5,592.25,81.41,14.91,5.4714,0
930,2022-07-21,320.65,1,25.17,10.07,13.15,4.32,195.55,186.13,33.9,1317.0,575.75,80.85,14.72,5.4968,0
931,2022-07-22,324.1,1,26.44,10.07,13.15,4.32,194.3,185.06,33.64,1327.5,564.25,80.06,14.55,5.4968,0
932,2022-07-23,324.1,1,26.8,10.07,13.15,4.32,194.3,185.06,33.64,1327.5,564.25,80.06,14.55,5.4968,0
933,2022-07-24,324.1,1,25.73,10.07,13.15,4.32,194.3,185.06,33.64,1327.5,564.25,80.06,14.55,5.4968,0
934,2022-07-25,330.0,1,25.25,10.07,13.15,4.32,194.28,185.94,34.6,1356.0,580.0,80.2,14.92,5.3576,0
935,2022-07-26,322.75,1,25.5,10.07,13.15,4.32,193.64,190.32,35.55,1399.75,597.0,81.27,15.18,5.3511,0
936,2022-07-27,325.05,1,24.85,10.07,13.15,4.32,186.24,194.95,37.14,1424.5,600.25,81.4,15.51,5.2432,0
937,2022-07-28,323.5,1,24.89,10.07,13.15,4.32,189.59,192.9,37.38,1457.0,615.0,81.78,15.84,5.1823,0
938,2022-07-29,325.7,1,24.6,10.07,13.15,4.32,189.55,195.73,37.8,1487.25,616.25,82.93,16.02,5.1734,0
939,2022-07-30,325.7,1,24.69,10.07,13.15,4.32,189.55,195.73,37.8,1487.25,616.25,82.93,16.02,5.1734,0
940,2022-07-31,325.7,1,26.62,10.07,13.15,4.32,189.55,195.73,37.8,1487.25,616.25,82.93,16.02,5.1734,0
941,2022-08-01,326.65,1,25.66,8.73,13.15,4.32,186.01,189.22,36.49,1432.0,607.0,82.64,15.94,5.1838,0
942,2022-08-02,322.5,1,26.09,8.73,13.15,4.32,187.69,187.44,35.5,1415.75,591.25,82.58,15.64,5.2784,0
943,2022-08-03,299.55,1,27.6,8.73,13.15,4.32,187.9,186.88,35.43,1403.75,591.5,82.41,15.62,5.2815,0
944,2022-08-04,297.6,1,26.65,8.73,13.65,4.32,190.07,186.65,35.78,1461.25,602.25,82.24,15.76,5.2164,0
945,2022-08-05,310.65,1,27.08,8.73,13.65,4.32,192.09,188.03,36.38,1463.25,610.25,81.91,15.85,5.1646,0
946,2022-08-06,310.65,1,27.5,8.73,13.65,4.32,192.09,188.03,36.38,1463.25,610.25,81.91,15.85,5.1646,0
947,2022-08-07,310.65,1,28.45,8.73,13.65,4.32,192.09,188.03,36.38,1463.25,610.25,81.91,15.85,5.1646,0
948,2022-08-08,315.75,1,28.58,8.73,13.65,4.32,191.43,185.19,36.21,1464.0,608.5,82.05,16.04,5.1117,0
949,2022-08-09,317.0,1,28.01,8.73,13.65,4.32,192.85,184.9,35.99,1512.25,615.5,81.63,15.89,5.1237,0
950,2022-08-10,311.2,1,27.08,8.73,13.65,4.32,188.53,187.52,36.82,1509.0,621.25,82.76,16.25,5.0927,0
951,2022-08-11,307.8,1,24.98,8.73,13.65,4.32,189.12,189.48,36.71,1520.25,629.25,81.94,15.87,5.1581,0
952,2022-08-12,316.5,1,25.96,8.73,13.65,4.32,192.52,189.31,37.36,1535.0,639.75,81.55,16.09,5.0735,0
953,2022-08-13,316.5,1,27.25,8.73,13.65,4.32,192.52,189.31,37.36,1535.0,639.75,81.55,16.09,5.0735,0
954,2022-08-14,316.5,1,27.4,8.73,13.65,4.32,192.52,189.31,37.36,1535.0,639.75,81.55,16.09,5.0735,0
955,2022-08-15,313.5,1,27.36,8.73,13.65,4.32,192.22,184.59,36.24,1412.25,626.75,81.41,15.98,5.0961,0
956,2022-08-16,314.2,1,29.23,8.73,13.65,4.32,195.23,182.71,35.5,1381.0,611.0,82.11,15.95,5.1459,0
957,2022-08-17,316.6,1,27.19,8.73,13.65,4.32,196.18,184.28,35.63,1390.0,615.0,82.77,16.0,5.1642,0
958,2022-08-18,313.0,1,27.15,8.73,13.65,4.32,197.57,184.38,35.64,1405.25,619.75,82.1,15.87,5.1674,0
959,2022-08-19,318.35,1,27.14,8.73,13.65,4.32,192.01,184.99,35.75,1404.0,626.0,82.16,15.88,5.1697,0
960,2022-08-20,318.35,1,27.22,8.73,13.65,4.32,192.01,184.99,35.75,1404.0,626.0,82.16,15.88,5.1697,0
961,2022-08-21,318.35,1,26.43,8.73,13.65,4.32,192.01,184.99,35.75,1404.0,626.0,82.16,15.88,5.1697,0
962,2022-08-22,326.6,1,25.95,8.73,13.65,4.32,189.75,186.87,36.2,1435.25,633.5,81.9,15.87,5.1574,0
963,2022-08-23,303.2,1,27.96,8.73,13.65,4.32,187.84,189.17,37.09,1461.0,660.0,82.69,16.21,5.1037,0
964,2022-08-24,307.9,1,27.01,8.73,13.65,4.32,189.0,190.51,37.29,1457.0,665.75,82.77,16.2,5.1114,0
965,2022-08-25,313.45,1,28.49,8.73,13.65,4.32,189.22,189.48,36.96,1431.25,657.5,83.31,16.25,5.1099,0
966,2022-08-26,323.6,1,29.33,8.73,13.65,4.32,186.58,189.54,37.35,1461.25,668.75,83.6,16.48,5.0601,0
967,2022-08-27,323.6,1,27.83,8.73,13.65,4.32,186.58,189.54,37.35,1461.25,668.75,83.6,16.48,5.0601,0
968,2022-08-28,323.6,1,28.12,8.73,13.65,4.32,186.58,189.54,37.35,1461.25,668.75,83.6,16.48,5.0601,0
969,2022-08-29,311.35,1,28.69,8.73,13.65,4.32,185.68,187.44,37.29,1437.75,683.75,83.8,16.67,5.0282,0
970,2022-08-30,312.0,1,28.02,8.73,13.65,4.32,185.48,185.58,36.32,1432.5,679.75,83.73,16.39,5.1223,0
971,2022-08-31,309.1,1,27.67,8.73,13.65,4.32,185.87,190.97,36.71,1422.5,673.75,83.94,16.14,5.1831,0
972,2022-09-01,314.75,1,27.35,7.17,13.65,4.32,189.5,189.11,36.12,1394.75,658.25,83.66,15.98,5.2416,0
973,2022-09-02,310.25,1,26.3,7.17,13.65,4.32,185.0,189.03,36.51,1420.5,669.0,83.39,16.11,5.1681,0
974,2022-09-03,310.25,1,27.14,7.17,13.65,4.32,185.0,189.03,36.51,1420.5,669.0,83.39,16.11,5.1681,0
975,2022-09-04,310.25,1,27.89,7.17,13.65,4.32,185.0,189.03,36.51,1420.5,669.0,83.39,16.11,5.1681,0
976,2022-09-05,310.25,1,28.28,7.17,13.65,4.32,185.0,189.03,36.51,1420.5,669.0,83.39,16.11,5.1681,0
977,2022-09-06,303.95,1,29.96,7.17,13.65,4.32,188.17,188.54,35.97,1398.75,680.75,83.54,15.94,5.2528,0
978,2022-09-07,303.95,1,27.42,7.17,13.65,4.32,190.37,188.54,35.97,1383.5,676.75,83.54,15.94,5.248,0
979,2022-09-08,307.0,1,27.57,7.17,13.65,4.32,191.93,186.48,35.8,1386.0,668.5,83.25,15.98,5.2141,0
980,2022-09-09,292.3,1,28.44,7.17,13.65,4.32,191.3,185.09,35.94,1412.25,698.5,83.43,16.2,5.1462,0
981,2022-09-10,292.3,1,28.72,7.17,13.65,4.32,191.3,185.09,35.94,1412.25,698.5,83.43,16.2,5.1462,0
982,2022-09-11,292.3,1,29.23,7.17,13.65,4.32,191.3,185.09,35.94,1412.25,698.5,83.43,16.2,5.1462,0
983,2022-09-12,306.25,1,31.51,7.17,13.65,4.32,190.25,187.35,36.8,1488.25,712.25,83.95,16.49,5.093,0
984,2022-09-13,308.4,1,30.48,7.17,13.65,4.32,184.42,188.86,36.4,1478.75,709.0,83.72,16.13,5.1911,0
985,2022-09-14,296.4,1,30.12,7.17,13.65,4.32,181.78,187.54,36.21,1455.0,709.0,84.28,16.27,5.1631,0
986,2022-09-15,291.6,1,29.94,7.17,13.65,4.32,181.28,187.13,35.69,1458.0,677.5,84.55,16.13,5.247,0
987,2022-09-16,294.55,1,31.02,7.17,13.65,4.32,182.03,186.92,35.56,1455.25,677.25,84.35,16.04,5.2531,0
988,2022-09-17,294.55,1,31.22,7.17,13.65,4.32,182.03,186.92,35.56,1455.25,677.25,84.35,16.04,5.2531,0
989,2022-09-18,294.55,1,28.34,7.17,13.65,4.32,182.03,186.92,35.56,1455.25,677.25,84.35,16.04,5.2531,0
990,2022-09-19,308.05,1,25.55,7.17,13.65,4.32,181.23,188.18,36.45,1467.5,678.25,84.02,16.27,5.167,0
991,2022-09-20,308.0,1,29.38,7.17,13.65,4.32,177.93,187.51,36.33,1484.5,692.0,84.21,16.32,5.1417,0
992,2022-09-21,297.5,1,28.4,7.17,13.65,4.32,172.97,186.89,36.17,1467.0,685.5,84.24,16.3,5.1716,0
993,2022-09-22,299.05,1,27.57,7.17,13.65,4.32,174.21,185.92,36.36,1463.25,688.25,84.56,16.54,5.1166,0
994,2022-09-23,300.6,1,25.42,7.17,13.65,4.32,172.07,184.87,35.21,1431.75,676.75,84.54,16.1,5.2595,0
995,2022-09-24,300.6,1,28.29,7.17,13.65,4.32,172.07,184.87,35.21,1431.75,676.75,84.54,16.1,5.2595,0
996,2022-09-25,300.6,1,26.36,7.17,13.65,4.32,172.07,184.87,35.21,1431.75,676.75,84.54,16.1,5.2595,0
997,2022-09-26,301.8,1,28.44,7.17,13.65,4.32,171.02,186.45,34.6,1416.25,666.25,84.58,15.69,5.3898,0
998,2022-09-27,306.7,1,29.03,7.17,13.65,4.32,167.49,186.21,34.61,1414.0,667.5,84.72,15.75,5.3824,0
999,2022-09-28,301.9,1,29.0,7.17,13.65,4.32,170.6,185.87,34.76,1416.25,670.5,84.25,15.76,5.3745,0
1000,2022-09-29,302.3,1,28.95,7.17,13.65,4.32,169.78,186.77,34.6,1420.5,669.5,84.24,15.61,5.3964,0
1001,2022-09-30,303.95,1,30.4,7.17,13.65,4.32,168.31,188.83,35.1,1375.5,677.5,84.42,15.7,5.4154,0
1002,2022-10-01,303.95,1,30.5,6.47,13.65,2.69,168.31,188.83,35.1,1375.5,677.5,84.42,15.7,5.4154,0
1003,2022-10-02,303.95,1,28.75,6.47,13.65,2.69,168.31,188.83,35.1,1375.5,677.5,84.42,15.7,5.4154,0
1004,2022-10-03,290.1,1,29.91,6.47,13.65,2.69,169.31,180.5,34.86,1384.0,680.75,84.14,16.25,5.1672,0
1005,2022-10-04,294.9,1,29.53,6.47,13.65,2.69,173.07,177.63,34.32,1393.5,683.0,83.27,16.09,5.177,0
1006,2022-10-05,295.0,1,28.85,6.47,13.65,2.69,171.87,178.22,34.45,1380.5,684.0,82.91,16.02,5.194,0
1007,2022-10-06,301.55,1,29.01,6.47,13.65,2.69,166.91,178.4,34.28,1370.5,675.5,83.04,15.96,5.2217,0
1008,2022-10-07,303.5,1,27.52,6.47,13.65,2.69,161.46,179.24,34.3,1379.25,683.25,83.05,15.89,5.1996,0
1009,2022-10-08,303.5,1,28.7,6.47,13.65,2.69,161.46,179.24,34.3,1379.25,683.25,83.05,15.89,5.1996,0
1010,2022-10-09,303.5,1,28.02,6.47,13.65,2.69,161.46,179.24,34.3,1379.25,683.25,83.05,15.89,5.1996,0
1011,2022-10-10,304.05,1,28.51,6.47,13.65,2.69,161.03,182.02,35.12,1385.75,698.25,83.5,16.11,5.1901,0
1012,2022-10-11,302.3,1,28.97,6.47,13.65,2.69,161.49,182.52,34.63,1388.0,693.0,83.86,15.91,5.3005,0
1013,2022-10-12,302.3,1,30.4,6.47,13.65,2.69,163.16,182.52,34.63,1405.0,693.0,83.86,15.91,5.293,0
1014,2022-10-13,306.3,1,29.99,6.47,13.65,2.69,165.76,187.56,35.53,1405.5,697.75,84.42,15.99,5.2626,0
1015,2022-10-14,297.4,1,30.07,6.47,13.65,2.69,163.27,187.82,35.25,1392.75,689.75,84.67,15.89,5.3252,0
1016,2022-10-15,297.4,1,30.5,6.47,13.65,2.69,163.27,187.82,35.25,1392.75,689.75,84.67,15.89,5.3252,0
1017,2022-10-16,297.4,1,29.86,6.47,13.65,2.69,163.27,187.82,35.25,1392.75,689.75,84.67,15.89,5.3252,0
1018,2022-10-17,286.4,1,30.17,6.47,13.65,2.69,165.48,186.98,35.31,1392.75,683.5,84.86,16.03,5.2808,0
1019,2022-10-18,302.45,1,30.38,6.47,13.65,2.69,165.59,185.87,35.33,1382.0,681.0,85.38,16.23,5.2405,0
1020,2022-10-19,295.7,1,30.37,6.47,13.65,2.69,164.2,184.11,34.92,1382.75,678.25,85.41,16.2,5.27,0
1021,2022-10-20,299.7,1,30.33,6.47,13.65,2.69,161.92,184.44,35.31,1400.0,684.0,85.21,16.31,5.2147,0
1022,2022-10-21,295.3,1,29.12,6.47,13.65,2.69,161.53,183.34,35.61,1404.5,684.25,85.28,16.57,5.1605,0
1023,2022-10-22,295.3,1,26.66,6.47,13.65,2.69,161.53,183.34,35.61,1404.5,684.25,85.28,16.57,5.1605,0
1024,2022-10-23,295.3,1,28.04,6.47,13.65,2.69,161.53,183.34,35.61,1404.5,684.25,85.28,16.57,5.1605,0
1025,2022-10-24,310.8,1,27.92,6.47,13.65,2.69,163.45,182.9,34.58,1381.25,681.5,85.08,16.09,5.3032,0
1026,2022-10-25,292.8,1,25.92,6.47,13.65,2.69,167.05,184.8,34.77,1392.25,686.25,84.91,15.98,5.3167,0
1027,2022-10-26,284.2,1,26.59,6.47,13.65,2.69,163.37,185.7,34.56,1393.0,685.0,85.12,15.84,5.3804,0
1028,2022-10-27,294.9,1,28.17,6.47,13.65,2.69,164.13,186.43,35.18,1393.5,682.25,85.35,16.11,5.3449,0
1029,2022-10-28,285.4,1,28.74,6.47,13.65,2.69,166.05,189.19,35.6,1400.25,680.75,85.69,16.12,5.2949,0
1030,2022-10-29,285.4,1,24.54,6.47,13.65,2.69,166.05,189.19,35.6,1400.25,680.75,85.69,16.12,5.2949,0
1031,2022-10-30,285.4,1,27.61,6.47,13.65,2.69,166.05,189.19,35.6,1400.25,680.75,85.69,16.12,5.2949,0
1032,2022-10-31,292.0,1,29.09,6.47,13.65,2.69,164.68,186.89,36.12,1419.5,691.5,85.35,16.5,5.1791,0
1033,2022-11-01,281.35,1,26.0,5.9,13.65,2.69,164.89,186.84,36.55,1447.75,697.75,85.11,16.65,5.1475,0
1034,2022-11-02,281.35,1,22.42,5.9,13.65,2.69,164.28,186.84,36.55,1454.0,687.5,85.11,16.65,5.1432,0
1035,2022-11-03,289.3,1,26.23,5.9,13.65,2.69,162.41,187.43,36.66,1437.0,679.25,84.76,16.58,5.1137,0
1036,2022-11-04,287.7,1,27.95,5.9,13.65,2.69,162.18,184.76,36.7,1462.25,681.0,84.95,16.87,5.0557,0
1037,2022-11-05,287.7,1,27.43,5.9,13.65,2.69,162.18,184.76,36.7,1462.25,681.0,84.95,16.87,5.0557,0
1038,2022-11-06,287.7,1,26.65,5.9,13.65,2.69,162.18,184.76,36.7,1462.25,681.0,84.95,16.87,5.0557,0
1039,2022-11-07,288.0,1,27.59,5.9,13.65,2.69,161.29,184.92,35.87,1450.25,675.75,85.19,16.52,5.1567,0
1040,2022-11-08,283.8,1,26.81,5.9,13.65,2.69,164.58,186.38,36.06,1446.5,667.5,85.3,16.5,5.144,0
1041,2022-11-09,292.3,1,28.36,5.9,13.65,2.69,162.49,186.14,35.95,1452.0,664.5,84.76,16.37,5.1864,0
1042,2022-11-10,279.1,1,27.14,5.9,13.65,2.69,165.66,191.22,35.43,1423.0,653.25,84.48,15.65,5.3449,0
1043,2022-11-11,270.5,1,26.84,5.9,13.65,2.69,165.58,188.98,35.38,1450.0,658.0,83.74,15.68,5.325,0
1044,2022-11-12,270.5,1,25.61,5.9,13.65,2.69,165.58,188.98,35.38,1450.0,658.0,83.74,15.68,5.325,0
1045,2022-11-13,270.5,1,27.23,5.9,13.65,2.69,165.58,188.98,35.38,1450.0,658.0,83.74,15.68,5.325,0
1046,2022-11-14,270.5,1,27.55,5.9,13.65,2.69,165.25,187.76,35.22,1440.5,657.25,84.0,15.76,5.3321,0
1047,2022-11-15,270.5,1,27.24,5.9,13.65,2.69,165.14,187.76,35.22,1461.75,666.75,84.0,15.76,5.3325,0
1048,2022-11-16,268.1,1,26.12,5.9,13.65,2.69,166.19,186.93,34.72,1434.75,665.25,83.69,15.54,5.3998,0
1049,2022-11-17,286.45,1,27.27,5.9,13.65,2.69,164.89,187.33,34.49,1422.25,667.5,84.06,15.48,5.4231,0
1050,2022-11-18,279.05,1,25.9,5.9,13.65,2.69,163.91,185.92,34.65,1433.25,667.75,84.77,15.8,5.3827,0
1051,2022-11-19,279.05,1,26.45,5.9,13.65,2.69,163.91,185.92,34.65,1433.25,667.75,84.77,15.8,5.3827,0
1052,2022-11-20,279.05,1,24.55,5.9,13.65,2.69,163.91,185.92,34.65,1433.25,667.75,84.77,15.8,5.3827,0
1053,2022-11-21,291.4,1,26.61,5.9,13.65,2.69,167.72,186.69,35.15,1441.75,659.5,85.08,16.02,5.32,0
1054,2022-11-22,281.0,1,26.46,5.9,13.65,2.69,165.58,183.59,34.12,1436.5,656.75,85.19,15.83,5.3586,0
1055,2022-11-23,283.65,1,27.3,5.9,13.65,2.69,167.24,184.14,34.28,1442.0,663.25,85.51,15.92,5.3591,0
1056,2022-11-24,283.65,1,25.73,5.9,13.65,2.69,167.24,184.14,34.28,1442.0,663.25,85.51,15.92,5.3591,0
1057,2022-11-25,287.75,1,25.25,5.9,13.65,2.69,166.29,184.91,34.18,1442.25,668.0,85.48,15.8,5.4098,0
1058,2022-11-26,287.75,1,26.62,5.9,13.65,2.69,166.29,184.91,34.18,1442.25,668.0,85.48,15.8,5.4098,0
1059,2022-11-27,287.75,1,26.3,5.9,13.65,2.69,166.29,184.91,34.18,1442.25,668.0,85.48,15.8,5.4098,0
1060,2022-11-28,287.75,1,27.58,5.9,13.65,2.69,164.51,185.06,34.49,1462.75,668.75,85.96,16.02,5.3654,0
1061,2022-11-29,280.45,1,25.55,5.9,13.65,2.69,166.11,184.96,34.96,1466.0,665.75,85.76,16.21,5.2695,0
1062,2022-11-30,284.9,1,23.57,5.9,13.65,2.69,167.72,184.38,35.39,1475.5,662.0,86.2,16.55,5.1851,0
1063,2022-12-01,290.7,1,25.69,5.79,13.65,2.69,169.05,180.65,34.71,1436.75,650.0,86.0,16.52,5.1848,0
1064,2022-12-02,290.7,1,25.98,5.79,13.65,2.69,167.84,178.53,34.19,1446.5,635.0,86.03,16.47,5.2189,0
1065,2022-12-03,290.7,1,25.13,5.79,13.65,2.69,167.84,178.53,34.19,1446.5,635.0,86.03,16.47,5.2189,0
1066,2022-12-04,290.7,1,25.35,5.79,13.65,2.69,167.84,178.53,34.19,1446.5,635.0,86.03,16.47,5.2189,0
1067,2022-12-05,293.5,1,24.77,5.79,13.65,2.69,171.4,181.54,34.38,1445.0,628.75,85.54,16.2,5.2809,0
1068,2022-12-06,290.5,1,23.88,5.79,13.65,2.69,170.94,184.5,35.02,1461.5,625.5,86.1,16.34,5.2352,0
1069,2022-12-07,284.9,1,27.43,5.79,13.65,2.69,167.24,181.23,34.79,1477.25,627.75,86.19,16.54,5.2048,0
1070,2022-12-08,280.65,1,29.02,5.79,13.65,2.69,168.38,182.84,35.08,1490.25,632.0,85.9,16.48,5.2253,0
1071,2022-12-09,295.85,1,25.45,5.79,13.65,2.69,169.93,183.87,35.09,1488.25,634.75,86.08,16.43,5.24,0
1072,2022-12-10,295.85,1,27.11,5.79,13.65,2.69,169.93,183.87,35.09,1488.25,634.75,86.08,16.43,5.24,0
1073,2022-12-11,295.85,1,28.85,5.79,13.65,2.69,169.93,183.87,35.09,1488.25,634.75,86.08,16.43,5.24,0
1074,2022-12-12,298.8,1,27.78,5.79,13.65,2.69,171.89,183.16,34.4,1465.5,641.25,86.15,16.18,5.3226,0
1075,2022-12-13,291.25,1,27.41,5.79,13.65,2.69,169.26,182.54,34.34,1484.5,643.75,86.0,16.18,5.2938,0
1076,2022-12-14,293.7,1,25.54,5.79,13.65,2.69,166.21,182.95,34.38,1485.0,639.0,85.79,16.12,5.2787,0
1077,2022-12-15,296.45,1,26.89,5.79,13.65,2.69,163.89,183.22,34.43,1476.75,653.5,85.91,16.14,5.313,0
1078,2022-12-16,297.2,1,24.71,5.79,13.65,2.69,162.6,182.88,34.52,1483.75,653.0,86.44,16.32,5.314,0
1079,2022-12-17,297.2,1,25.49,5.79,13.65,2.69,162.6,182.88,34.52,1483.75,653.0,86.44,16.32,5.314,0
1080,2022-12-18,297.2,1,25.18,5.79,13.65,2.69,162.6,182.88,34.52,1483.75,653.0,86.44,16.32,5.314,0
1081,2022-12-19,304.55,1,24.39,5.79,13.65,2.69,162.19,182.74,34.43,1463.5,647.25,86.05,16.21,5.293,0
1082,2022-12-20,290.3,1,24.42,5.79,13.65,2.69,160.77,180.64,34.69,1479.75,652.0,85.98,16.51,5.1996,0
1083,2022-12-21,288.3,1,25.1,5.79,13.65,2.69,164.27,179.76,34.59,1484.5,662.25,85.82,16.51,5.2009,0
1084,2022-12-22,297.1,1,23.31,5.79,13.65,2.69,164.55,178.71,34.52,1472.0,660.5,85.58,16.53,5.1665,0
1085,2022-12-23,290.0,1,24.25,5.79,13.65,2.69,164.7,181.11,35.07,1484.5,666.25,85.8,16.61,5.1652,0
1086,2022-12-24,290.0,1,23.84,5.79,13.65,2.69,164.7,181.11,35.07,1484.5,666.25,85.8,16.61,5.1652,0
1087,2022-12-25,290.0,1,24.5,5.79,13.65,2.69,164.7,181.11,35.07,1484.5,666.25,85.8,16.61,5.1652,0
1088,2022-12-26,290.0,1,23.6,5.79,13.65,2.69,164.7,181.11,35.07,1484.5,666.25,85.8,16.61,5.1652,0
1089,2022-12-27,286.6,1,24.66,5.79,13.65,2.69,163.58,181.07,34.27,1489.0,674.75,86.61,16.39,5.2928,0
1090,2022-12-28,288.45,1,24.2,5.79,13.65,2.69,163.84,183.5,34.93,1514.25,682.75,86.42,16.45,5.2676,0
1091,2022-12-29,286.85,1,25.2,5.79,13.65,2.69,165.03,184.43,34.93,1516.25,679.5,86.07,16.3,5.286,0
1092,2022-12-30,286.85,1,25.73,5.79,13.65,2.69,164.05,184.43,34.93,1524.0,678.5,86.07,16.3,5.286,0
1093,2022-12-31,286.85,1,25.9,5.79,13.65,2.69,164.05,184.43,34.93,1524.0,678.5,86.07,16.3,5.286,0
1094,2023-01-01,286.85,1,27.77,5.77,13.65,4.44,164.05,184.43,34.93,1524.0,678.5,86.07,16.3,5.286,0
1095,2023-01-02,286.85,1,27.11,5.77,13.65,4.44,164.05,184.43,34.93,1524.0,678.5,86.07,16.3,5.286,0
1096,2023-01-03,293.45,1,26.67,5.77,13.65,4.44,164.82,184.0,33.77,1492.25,670.5,86.07,15.8,5.4797,0
1097,2023-01-04,288.2,1,26.11,5.77,13.65,4.44,165.92,184.68,33.86,1483.5,653.75,86.35,15.83,5.4312,0
1098,2023-01-05,284.95,1,25.7,5.77,13.65,4.44,165.6,182.59,34.05,1470.75,652.75,87.72,16.36,5.3509,0
1099,2023-01-06,289.75,1,24.02,5.77,13.65,4.44,170.81,179.26,34.19,1492.5,654.0,87.5,16.69,5.2254,0
1100,2023-01-07,289.75,1,25.53,5.77,13.65,4.44,170.81,179.26,34.19,1492.5,654.0,87.5,16.69,5.2254,0
1101,2023-01-08,289.75,1,26.04,5.77,13.65,4.44,170.81,179.26,34.19,1492.5,654.0,87.5,16.69,5.2254,0
1102,2023-01-09,271.85,1,25.58,5.77,13.65,4.44,171.5,178.76,34.02,1488.5,652.75,87.27,16.61,5.2546,0
1103,2023-01-10,287.5,1,26.67,5.77,13.65,4.44,173.16,177.54,34.13,1485.0,655.0,87.33,16.79,5.1997,0
1104,2023-01-11,287.15,1,25.2,5.77,13.65,4.44,171.35,176.65,34.06,1493.0,656.0,87.19,16.81,5.16,0
1105,2023-01-12,289.8,1,27.46,5.77,13.65,4.44,172.39,177.43,34.83,1518.5,671.0,86.86,17.05,5.1082,0
1106,2023-02-01,291.1,1,26.19,5.6,13.65,4.44,171.25,173.75,34.14,1516.5,681.0,85.76,16.85,5.0547,0
1107,2023-02-02,290.1,1,25.35,5.6,13.65,4.44,171.69,172.29,34.21,1527.75,675.25,85.04,16.89,5.0504,0
1108,2023-02-03,286.4,1,26.18,5.6,13.65,4.44,172.23,172.32,33.53,1525.5,677.5,84.98,16.54,5.1522,0
1109,2023-02-04,286.4,1,27.69,5.6,13.65,4.44,172.23,172.32,33.53,1525.5,677.5,84.98,16.54,5.1522,0
1110,2023-02-05,286.4,1,27.09,5.6,13.65,4.44,172.23,172.32,33.53,1525.5,677.5,84.98,16.54,5.1522,0
1111,2023-02-06,293.1,1,26.39,5.6,13.65,4.44,170.49,173.53,33.53,1514.5,679.0,85.12,16.45,5.1464,0
1112,2023-02-07,289.25,1,27.1,5.6,13.65,4.44,173.45,173.03,33.28,1510.25,674.0,84.87,16.32,5.2101,0
1113,2023-02-08,296.6,1,26.34,5.6,13.65,4.44,182.85,172.89,33.32,1513.75,678.5,84.9,16.36,5.2007,0
1114,2023-02-09,295.15,1,27.41,5.6,13.65,4.44,178.45,173.86,32.99,1511.75,670.75,85.96,16.31,5.2911,0
1115,2023-02-10,295.0,1,27.95,5.6,13.65,4.44,179.6,174.43,33.4,1533.5,680.5,86.03,16.47,5.2151,0
1116,2023-02-11,295.0,1,28.95,5.6,13.65,4.44,179.6,174.43,33.4,1533.5,680.5,86.03,16.47,5.2151,0
1117,2023-02-12,295.0,1,27.16,5.6,13.65,4.44,179.6,174.43,33.4,1533.5,680.5,86.03,16.47,5.2151,0
1118,2023-03-01,273.85,1,25.62,4.65,13.65,4.44,179.73,168.75,32.48,1494.25,640.5,86.11,16.57,5.1794,0
1119,2023-03-02,273.85,1,27.36,4.65,13.65,4.44,181.94,169.23,32.52,1509.25,637.75,86.36,16.59,5.2006,0
1120,2023-03-03,273.85,1,26.39,4.65,13.65,4.44,180.76,169.72,32.65,1518.75,645.25,86.22,16.59,5.1956,0
1121,2023-03-04,273.85,1,26.11,4.65,13.65,4.44,180.76,169.72,32.65,1518.75,645.25,86.22,16.59,5.1956,0
1122,2023-03-05,273.85,1,27.66,4.65,13.65,4.44,180.76,169.72,32.65,1518.75,645.25,86.22,16.59,5.1956,0
1123,2023-03-06,273.85,1,27.85,4.65,13.65,4.44,180.38,169.35,32.78,1529.0,637.0,86.15,16.68,5.1534,0
1124,2023-03-07,266.95,1,26.77,4.65,13.65,4.44,177.77,168.21,32.4,1515.5,634.25,85.84,16.54,5.191,0
1125,2023-03-08,266.95,1,25.42,4.65,13.65,4.44,177.47,167.76,32.62,1517.75,625.5,86.03,16.73,5.1453,0
1126,2023-03-09,276.8,1,26.49,4.65,13.65,4.44,173.13,167.24,32.57,1510.75,611.5,85.47,16.65,5.1645,0
1127,2023-03-10,282.2,1,28.03,4.65,13.65,4.44,170.4,167.83,32.18,1507.0,624.25,85.32,16.36,5.2166,0
1128,2023-03-11,282.2,1,26.66,4.65,13.65,4.44,170.4,167.83,32.18,1507.0,624.25,85.32,16.36,5.2166,0
1129,2023-03-12,282.2,1,26.41,4.65,13.65,4.44,170.4,167.83,32.18,1507.0,624.25,85.32,16.36,5.2166,0
1130,2023-04-01,282.2,1,26.06,4.18,13.65,3.85,170.4,167.83,32.18,1507.0,624.25,85.32,16.36,5.2166,0
1131,2023-04-02,282.2,1,26.35,4.18,13.65,3.85,170.4,167.83,32.18,1507.0,624.25,85.32,16.36,5.2166,0
1132,2023-04-03,296.85,1,25.06,4.18,13.65,3.85,185.66,155.93,30.73,1495.0,657.75,82.4,16.24,5.0632,0
1133,2023-04-04,294.25,1,26.16,4.18,13.65,3.85,188.32,155.5,30.57,1482.75,653.75,81.12,15.95,5.0716,0
1134,2023-04-05,290.3,1,26.97,4.18,13.65,3.85,190.42,154.65,30.6,1477.75,652.75,80.89,16.0,5.034,0
1135,2023-04-06,294.15,1,26.57,4.18,13.65,3.85,190.33,152.65,30.17,1462.5,643.5,80.24,15.86,5.057,0
1136,2023-04-07,294.15,1,24.82,4.18,13.65,3.85,190.33,152.65,30.17,1462.5,643.5,80.24,15.86,5.057,0
1137,2023-04-08,294.15,1,26.65,4.18,13.65,3.85,190.33,152.65,30.17,1462.5,643.5,80.24,15.86,5.057,0
1138,2023-04-09,294.15,1,26.65,4.18,13.65,3.85,190.33,152.65,30.17,1462.5,643.5,80.24,15.86,5.057,0
1139,2023-04-10,284.9,1,26.75,4.18,13.65,3.85,188.03,150.71,29.73,1461.75,654.0,79.39,15.66,5.0655,0
1140,2023-04-11,293.0,1,26.16,4.18,13.65,3.85,186.9,148.35,29.63,1471.25,651.0,78.34,15.65,5.0054,0
1141,2023-04-12,291.55,1,26.94,4.18,13.65,3.85,187.05,146.54,29.64,1472.25,656.0,77.66,15.71,4.9181,0
1142,2023-05-01,291.55,1,26.1,3.94,13.65,3.85,182.07,146.54,29.64,1427.5,639.5,77.66,15.71,4.9889,0
1143,2023-05-02,273.35,1,27.61,3.94,13.65,3.85,181.0,139.97,27.73,1410.75,638.0,64.5,12.78,5.0387,0
1144,2023-05-03,262.3,1,25.94,3.94,13.65,3.85,176.9,137.85,27.62,1417.5,645.25,64.15,12.85,4.9949,0
1145,2023-05-04,260.45,1,25.78,3.94,13.65,3.85,179.43,138.49,27.74,1417.75,646.5,62.85,12.59,4.9822,0
1146,2023-05-05,269.6,1,25.9,3.94,13.65,3.85,180.61,139.45,28.21,1436.5,653.25,62.32,12.6,4.9518,0
1147,2023-05-06,269.6,0,28.05,3.94,13.65,3.85,180.61,139.45,28.21,1436.5,653.25,62.32,12.6,4.9518,0
1148,2023-05-07,269.6,0,27.98,3.94,13.65,3.85,180.61,139.45,28.21,1436.5,653.25,62.32,12.6,4.9518,0
1149,2023-05-08,274.35,0,27.11,3.94,13.65,3.85,181.15,141.56,28.23,1433.75,656.5,61.75,12.32,5.0097,0
1150,2023-05-09,272.55,0,27.13,3.94,13.65,3.85,180.12,141.7,28.41,1414.25,642.25,60.46,12.12,4.9862,0
1151,2023-05-10,274.7,0,28.08,3.94,13.65,3.85,180.78,140.13,28.3,1404.0,645.5,60.13,12.14,4.9424,0
1152,2023-05-11,271.25,0,27.89,3.94,13.65,3.85,179.0,140.77,28.48,1405.5,632.5,58.69,11.87,4.9295,0
1153,2023-05-12,272.55,0,27.75,3.94,13.65,3.85,180.43,138.77,28.16,1390.0,633.25,58.79,11.93,4.9195,0
1154,2023-06-01,243.9,0,27.59,3.16,13.65,3.85,175.62,133.77,26.68,1244.0,592.5,53.9,10.75,5.014,1
1155,2023-06-02,248.3,0,27.93,3.16,13.65,3.85,180.77,134.6,27.15,1262.5,609.0,53.72,10.84,4.9571,1
1156,2023-06-03,248.3,0,27.7,3.16,13.65,3.85,180.77,134.6,27.15,1262.5,609.0,53.72,10.84,4.9571,1
1157,2023-06-04,248.3,0,27.13,3.16,13.65,3.85,180.77,134.6,27.15,1262.5,609.0,53.72,10.84,4.9571,1
1158,2023-06-05,248.85,0,26.29,3.16,13.65,3.85,181.72,135.67,27.54,1261.0,597.5,53.63,10.89,4.9289,1
1159,2023-06-06,244.9,0,25.75,3.16,13.65,3.85,179.84,135.21,27.52,1265.75,608.0,54.07,11.01,4.9125,1
1160,2023-06-07,244.4,0,26.31,3.16,13.65,3.85,178.09,135.53,27.52,1267.25,604.25,53.72,10.91,4.9235,1
1161,2023-06-08,244.4,0,25.86,3.16,13.65,3.85,180.92,135.53,27.52,1279.25,610.25,53.72,10.91,4.9235,1
1162,2023-06-09,251.1,0,26.48,3.16,13.65,3.85,180.32,135.2,27.73,1296.0,604.25,53.73,11.02,4.8791,1
1163,2023-06-10,251.1,0,26.68,3.16,13.65,3.85,180.32,135.2,27.73,1296.0,604.25,53.73,11.02,4.8791,1
1164,2023-06-11,251.1,0,27.95,3.16,13.65,3.85,180.32,135.2,27.73,1296.0,604.25,53.73,11.02,4.8791,1
1165,2023-06-12,237.65,0,27.57,3.16,13.65,3.85,174.97,135.3,27.81,1292.5,617.25,53.77,11.05,4.8613,1
1166,2023-07-01,237.65,0,25.43,3.99,13.65,2.36,174.97,135.3,27.81,1292.5,617.25,53.77,11.05,4.8613,1
1167,2023-07-02,237.65,0,24.95,3.99,13.65,2.36,174.97,135.3,27.81,1292.5,617.25,53.77,11.05,4.8613,1
1168,2023-07-03,259.05,0,24.94,3.99,13.65,2.36,181.61,141.31,29.42,1467.75,557.25,55.53,11.56,4.8077,1
1169,2023-07-04,259.05,0,25.28,3.99,13.65,2.36,181.61,141.31,29.42,1467.75,557.25,55.53,11.56,4.8077,1
1170,2023-07-05,244.7,0,24.77,3.99,13.65,2.36,179.36,142.01,29.31,1468.75,548.25,56.12,11.58,4.8478,1
1171,2023-07-06,257.3,0,25.05,3.99,13.65,2.36,178.77,144.66,29.37,1448.25,566.75,55.35,11.24,4.9193,1
1172,2023-07-07,256.25,0,24.88,3.99,13.65,2.36,177.5,142.27,29.28,1427.75,560.5,55.88,11.5,4.872,1
1173,2023-07-08,256.25,0,25.24,3.99,13.65,2.36,177.5,142.27,29.28,1427.75,560.5,55.88,11.5,4.872,1
1174,2023-07-09,256.25,0,26.12,3.99,13.65,2.36,177.5,142.27,29.28,1427.75,560.5,55.88,11.5,4.872,1
1175,2023-07-10,254.7,0,26.88,3.99,13.65,2.36,176.87,143.16,29.31,1455.5,570.75,55.79,11.42,4.8978,1
1176,2023-07-11,257.15,0,26.48,3.99,13.65,2.36,177.87,146.21,30.1,1471.5,571.75,55.24,11.37,4.8538,1
1177,2023-07-12,258.0,0,27.24,3.99,13.65,2.36,176.88,143.41,29.76,1444.25,549.75,55.29,11.48,4.8184,1
1178,2023-08-01,240.1,0,28.86,4.61,13.65,2.36,194.94,146.47,30.57,1386.75,497.0,53.75,11.22,4.7911,1
1179,2023-08-02,242.1,0,27.1,4.61,13.65,2.36,194.79,146.42,30.48,1376.5,488.25,53.22,11.08,4.812,1
1180,2023-08-03,232.4,0,26.83,4.61,13.15,2.36,197.88,147.3,30.13,1382.0,480.75,53.47,10.94,4.917,1
1181,2023-08-04,240.2,0,27.08,4.61,13.15,2.36,200.06,147.82,30.36,1387.0,484.25,53.19,10.92,4.8733,1
1182,2023-08-05,240.2,0,28.0,4.61,13.15,2.36,200.06,147.82,30.36,1387.0,484.25,53.19,10.92,4.8733,1
1183,2023-08-06,240.2,0,29.03,4.61,13.15,2.36,200.06,147.82,30.36,1387.0,484.25,53.19,10.92,4.8733,1
1184,2023-08-07,237.7,0,28.05,4.61,13.15,2.36,203.27,147.05,30.04,1348.25,482.25,53.13,10.85,4.8999,1
1185,2023-08-08,238.0,0,27.51,4.61,13.15,2.36,200.08,146.23,29.86,1353.5,485.75,52.96,10.81,4.8996,1
1186,2023-08-09,237.35,0,27.65,4.61,13.15,2.36,201.47,146.47,29.84,1355.25,481.0,52.97,10.79,4.902,1
1187,2023-08-10,233.95,0,28.75,4.61,13.15,2.36,199.79,146.77,30.08,1352.0,483.25,52.65,10.79,4.8924,1
1188,2023-08-11,230.1,0,28.0,4.61,13.15,2.36,200.74,146.5,29.88,1337.25,474.5,52.84,10.78,4.9048,1
1189,2023-08-12,230.1,0,28.04,4.61,13.15,2.36,200.74,146.5,29.88,1337.25,474.5,52.84,10.78,4.9048,1
1190,2023-09-01,199.65,0,28.21,5.19,13.15,2.36,197.93,151.34,30.65,1369.25,464.75,53.88,10.91,4.9463,2
1191,2023-09-02,199.65,0,26.99,5.19,13.15,2.36,197.93,151.34,30.65,1369.25,464.75,53.88,10.91,4.9463,2
1192,2023-09-03,199.65,0,29.09,5.19,13.15,2.36,197.93,151.34,30.65,1369.25,464.75,53.88,10.91,4.9463,2
1193,2023-09-04,199.65,0,29.88,5.19,13.15,2.36,197.93,151.34,30.65,1369.25,464.75,53.88,10.91,4.9463,2
1194,2023-09-05,201.0,0,29.09,5.19,13.15,2.36,197.58,150.83,30.29,1365.0,471.0,54.0,10.84,4.9671,2
1195,2023-09-06,200.35,0,30.39,5.19,13.15,2.36,198.68,151.58,30.4,1376.25,471.5,53.86,10.8,4.9784,2
1196,2023-09-07,200.35,0,29.87,5.19,13.15,2.36,200.27,151.58,30.4,1359.5,470.75,53.86,10.8,4.9767,2
1197,2023-09-08,202.7,0,29.21,5.19,13.15,2.36,199.98,151.75,30.44,1363.0,468.5,54.56,10.94,4.9882,2
1198,2023-09-09,202.7,0,29.91,5.19,13.15,2.36,199.98,151.75,30.44,1363.0,468.5,54.56,10.94,4.9882,2
1199,2023-09-10,202.7,0,30.32,5.19,13.15,2.36,199.98,151.75,30.44,1363.0,468.5,54.56,10.94,4.9882,2
1200,2023-09-11,204.15,0,30.31,5.19,13.15,2.36,200.89,150.2,30.43,1369.0,471.25,53.82,10.9,4.9307,2
1201,2023-09-12,196.35,0,30.16,5.19,13.15,2.36,201.11,149.24,30.12,1346.5,463.25,53.28,10.76,4.947,2
1202,2023-10-01,196.35,0,31.43,4.82,12.65,2.38,201.11,149.24,30.12,1346.5,463.25,53.28,10.76,4.947,2
1203,2023-10-02,236.05,0,32.21,4.82,12.65,2.38,195.26,142.64,28.15,1296.75,488.75,58.08,11.46,5.061,2
1204,2023-10-03,238.8,0,30.06,4.82,12.65,2.38,196.73,144.11,27.95,1292.0,487.5,57.81,11.21,5.1669,2
1205,2023-10-04,233.95,0,30.82,4.82,12.65,2.38,198.27,144.6,28.07,1292.25,486.0,58.47,11.35,5.1562,2
1206,2023-10-05,239.2,0,30.3,4.82,12.65,2.38,202.33,144.98,28.02,1298.5,497.5,59.19,11.44,5.1658,2
1207,2023-10-06,239.8,0,28.04,4.82,12.65,2.38,206.75,146.72,28.44,1284.5,492.0,59.72,11.57,5.1457,2
1208,2023-10-07,239.8,0,28.58,4.82,12.65,2.38,206.75,146.72,28.44,1284.5,492.0,59.72,11.57,5.1457,2
1209,2023-10-08,239.8,0,31.14,4.82,12.65,2.38,206.75,146.72,28.44,1284.5,492.0,59.72,11.57,5.1457,2
1210,2023-10-09,238.0,0,30.75,4.82,12.65,2.38,210.49,144.52,28.14,1282.5,488.25,59.96,11.68,5.1355,2
1211,2023-10-10,237.8,0,28.8,4.82,12.65,2.38,210.81,141.47,27.94,1289.25,485.5,60.52,11.95,5.0516,2
1212,2023-10-11,233.05,0,27.23,4.82,12.65,2.38,211.79,141.21,27.95,1272.25,488.0,60.34,11.94,5.0483,2
1213,2023-10-12,233.05,0,28.88,4.82,12.65,2.38,214.68,141.21,27.95,1308.75,496.0,60.34,11.94,5.046,2
1214,2023-11-01,232.85,0,30.55,4.68,12.65,2.38,205.76,142.06,28.55,1315.0,475.0,60.03,12.06,4.9534,2
1215,2023-11-02,232.85,0,28.73,4.68,12.65,2.38,207.37,142.06,28.55,1328.25,470.0,60.03,12.06,4.9534,2
1216,2023-11-03,234.95,0,28.83,4.68,12.15,2.38,203.52,142.14,29.01,1351.75,477.25,59.99,12.25,4.9012,2
1217,2023-11-04,234.95,0,28.4,4.68,12.15,2.38,203.52,142.14,29.01,1351.75,477.25,59.99,12.25,4.9012,2
1218,2023-11-05,234.95,0,29.86,4.68,12.15,2.38,203.52,142.14,29.01,1351.75,477.25,59.99,12.25,4.9012,2
1219,2023-11-06,240.6,0,28.39,4.68,12.15,2.38,207.83,142.96,29.23,1364.0,477.25,60.05,12.28,4.8853,2
1220,2023-11-07,228.5,0,28.57,4.68,12.15,2.38,207.17,143.65,29.5,1362.0,468.5,59.46,12.21,4.8724,2
1221,2023-11-08,229.5,0,27.8,4.68,12.15,2.38,207.36,144.93,29.55,1365.75,476.0,59.36,12.1,4.9103,2
1222,2023-11-09,228.25,0,27.33,4.68,12.15,2.38,211.09,143.88,29.19,1343.5,468.0,59.51,12.07,4.9342,2
1223,2023-11-10,234.65,0,28.83,4.68,12.15,2.38,211.8,143.07,29.13,1347.5,464.0,59.87,12.19,4.9013,2
1224,2023-11-11,234.65,0,29.71,4.68,12.15,2.38,211.8,143.07,29.13,1347.5,464.0,59.87,12.19,4.9013,2
1225,2023-11-12,234.65,0,30.38,4.68,12.15,2.38,211.8,143.07,29.13,1347.5,464.0,59.87,12.19,4.9013,2
1226,2023-12-01,248.1,0,28.26,4.62,12.15,2.38,214.17,144.75,29.69,1345.5,464.5,62.63,12.85,4.8801,3
1227,2023-12-02,248.1,0,29.31,4.62,12.15,2.38,214.17,144.75,29.69,1345.5,464.5,62.63,12.85,4.8801,3
1228,2023-12-03,248.1,0,27.58,4.62,12.15,2.38,214.17,144.75,29.69,1345.5,464.5,62.63,12.85,4.8801,3
1229,2023-12-04,249.45,0,26.31,4.62,12.15,2.38,214.41,144.99,29.3,1326.5,460.25,63.29,12.79,4.9432,3
1230,2023-12-05,246.35,0,27.52,4.62,12.15,2.38,213.0,144.59,29.33,1326.5,468.5,64.67,13.12,4.9306,3
1231,2023-12-06,240.7,0,31.06,4.62,12.15,2.38,209.01,144.41,29.44,1315.5,464.75,64.91,13.23,4.9022,3
1232,2023-12-07,243.05,0,31.95,4.62,12.15,2.38,205.58,145.25,29.58,1330.25,468.25,65.79,13.4,4.9115,3
1233,2023-12-08,247.95,0,30.5,4.62,12.15,2.38,206.45,146.5,29.75,1323.0,465.75,65.94,13.39,4.9317,3
1234,2023-12-09,247.95,0,31.5,4.62,12.15,2.38,206.45,146.5,29.75,1323.0,465.75,65.94,13.39,4.9317,3
1235,2023-12-10,247.95,0,30.94,4.62,12.15,2.38,206.45,146.5,29.75,1323.0,465.75,65.94,13.39,4.9317,3
1236,2023-12-11,249.4,0,26.0,4.62,12.15,2.38,210.16,146.91,29.77,1353.25,460.5,67.26,13.63,4.9386,3
1237,2023-12-12,250.8,0,28.78,4.62,12.15,2.38,208.9,148.12,29.83,1342.75,462.5,67.5,13.59,4.9631,3
1238,2024-01-01,250.8,0,26.0,4.51,11.65,2.56,208.9,148.12,29.83,1342.75,462.5,67.5,13.59,4.9631,3
1239,2024-01-03,250.15,0,27.7,4.51,11.65,2.56,201.41,139.29,28.36,1277.0,465.25,69.77,14.21,4.9198,3
1240,2024-01-04,251.75,0,27.39,4.51,11.65,2.56,202.74,139.03,28.3,1267.5,466.5,71.32,14.52,4.8968,3
1241,2024-01-06,251.75,0,29.59,4.51,11.65,2.56,202.74,139.03,28.3,1267.5,466.5,71.32,14.52,4.8968,3
1242,2024-01-07,251.75,0,31.02,4.51,11.65,2.56,202.74,139.03,28.3,1267.5,466.5,71.32,14.52,4.8968,3
1243,2024-01-08,252.65,0,25.38,4.51,11.65,2.56,200.11,134.85,27.68,1245.5,455.0,70.12,14.39,4.87,3
1244,2024-01-09,249.05,0,29.59,4.51,11.65,2.56,197.09,133.34,27.21,1248.5,459.25,70.24,14.33,4.9038,3
1245,2024-01-13,249.05,0,32.87,4.51,11.65,2.56,197.09,133.34,27.21,1248.5,459.25,70.24,14.33,4.9038,3
1246,2024-01-14,249.05,0,28.82,4.51,11.65,2.56,197.09,133.34,27.21,1248.5,459.25,70.24,14.33,4.9038,3
1247,2024-01-18,251.1,0,30.78,4.51,11.65,2.56,202.9,121.55,24.63,1224.25,444.0,64.09,12.99,4.9269,3
1248,2024-01-19,249.6,0,33.66,4.51,11.65,2.56,202.05,121.81,24.71,1223.0,445.5,63.0,12.78,4.931,3
1249,2024-01-20,249.6,0,34.6,4.51,11.65,2.56,202.05,121.81,24.71,1223.0,445.5,63.0,12.78,4.931,3
1250,2024-01-21,249.6,0,33.52,4.51,11.65,2.56,202.05,121.81,24.71,1223.0,445.5,63.0,12.78,4.931,3
1251,2024-01-22,249.1,0,33.55,4.51,11.65,2.56,203.27,121.59,24.37,1233.0,445.75,62.28,12.48,4.9892,3
1252,2024-01-23,248.0,0,30.32,4.51,11.65,2.56,203.97,122.91,24.8,1247.0,446.5,62.11,12.53,4.9535,3
1253,2024-01-24,248.0,0,28.88,4.51,11.65,2.56,204.27,123.26,24.99,1246.5,452.25,62.64,12.7,4.9335,3
1254,2024-01-25,247.7,0,30.42,4.51,11.65,2.56,205.61,120.72,24.53,1230.25,451.75,62.24,12.65,4.9165,3
1255,2024-01-26,247.1,0,28.44,4.51,11.65,2.56,206.78,118.84,24.19,1216.25,446.25,61.95,12.61,4.9168,3
1256,2024-01-27,247.1,0,29.24,4.51,11.65,2.56,206.78,118.84,24.19,1216.25,446.25,61.95,12.61,4.9168,3
1257,2024-01-28,247.1,0,25.54,4.51,11.65,2.56,206.78,118.84,24.19,1216.25,446.25,61.95,12.61,4.9168,3
1258,2024-01-29,248.55,0,27.75,4.51,11.65,2.56,204.78,116.13,23.46,1205.0,440.25,62.15,12.55,4.9518,3
1259,2024-02-04,248.55,0,31.52,4.5,11.15,2.56,204.78,116.13,23.46,1205.0,440.25,62.15,12.55,4.9518,2
1260,2024-02-08,239.15,0,29.91,4.5,11.15,2.56,204.0,118.47,23.74,1199.75,433.25,62.71,12.56,4.992,2
1261,2024-02-09,239.35,0,32.17,4.5,11.15,2.56,205.09,118.87,23.97,1190.0,429.0,62.17,12.54,4.9517,2
1262,2024-02-14,237.8,0,35.6,4.5,11.15,2.56,215.18,117.74,23.69,1176.25,424.25,62.13,12.5,4.969,2
1263,2024-02-15,238.95,0,33.53,4.5,11.15,2.56,211.02,117.29,23.6,1166.0,417.75,62.12,12.5,4.9732,2
1264,2024-02-16,240.45,0,35.05,4.5,11.15,2.56,212.26,118.35,23.83,1176.25,416.5,62.47,12.58,4.9665,2
1265,2024-02-18,240.45,0,30.73,4.5,11.15,2.56,212.26,118.35,23.83,1176.25,416.5,62.47,12.58,4.9665,2
1266,2024-02-20,235.5,0,29.09,4.5,11.15,2.56,210.99,118.92,24.12,1183.5,418.75,62.85,12.75,4.9275,2
1267,2024-02-22,235.6,0,29.43,4.5,11.15,2.56,218.0,117.82,23.8,1152.5,406.0,62.87,12.7,4.9605,2
1268,2024-02-23,236.25,0,28.93,4.5,11.15,2.56,217.96,116.62,23.38,1141.75,399.75,63.06,12.64,4.9951,2
1269,2024-02-26,236.45,0,33.98,4.5,11.15,2.56,219.44,114.97,23.1,1145.25,407.0,63.11,12.68,4.9799,2
1270,2024-02-28,234.9,0,34.04,4.5,11.15,2.56,220.84,115.33,23.2,1145.25,428.5,62.3,12.53,4.9675,2
1271,2024-03-04,235.1,0,30.22,3.93,11.15,2.56,221.35,117.72,23.8,1155.0,417.5,63.01,12.74,4.9458,2
1272,2024-03-06,234.05,0,32.54,3.93,11.15,2.56,219.69,117.66,23.79,1148.25,418.0,62.75,12.69,4.9446,2
1273,2024-03-09,234.05,0,31.24,3.93,11.15,2.56,219.69,117.66,23.79,1148.25,418.0,62.75,12.69,4.9446,2
1274,2024-03-10,234.05,0,32.53,3.93,11.15,2.56,219.69,117.66,23.79,1148.25,418.0,62.75,12.69,4.9446,2
1275,2024-03-11,233.85,0,35.0,3.93,11.15,2.56,216.77,121.58,24.44,1179.25,428.25,62.9,12.64,4.9771,2
1276,2024-03-13,232.3,0,28.83,3.93,11.15,2.56,219.36,121.86,24.5,1196.75,426.5,63.0,12.67,4.97,2
1277,2024-03-14,233.6,0,28.54,3.93,11.15,2.56,219.41,122.55,24.55,1195.25,422.5,63.24,12.67,4.9895,2
1278,2024-03-15,231.5,0,30.24,3.93,11.15,2.56,217.5,122.61,24.55,1212.5,436.75,63.17,12.65,4.9949,2
1279,2024-03-16,231.5,0,27.92,3.93,11.15,2.56,217.5,122.61,24.55,1212.5,436.75,63.17,12.65,4.9949,2
1280,2024-03-17,231.5,0,28.66,3.93,11.15,2.56,217.5,122.61,24.55,1212.5,436.75,63.17,12.65,4.9949,2
1281,2024-03-18,231.25,0,30.17,3.93,11.15,2.56,218.89,123.59,24.59,1202.25,436.0,62.87,12.51,5.0253,2
1282,2024-03-19,228.5,0,27.18,3.93,11.15,2.56,216.36,123.79,24.66,1200.25,439.5,62.86,12.52,5.0301,2
1283,2024-03-20,230.9,0,26.94,3.93,11.15,2.56,213.62,124.14,24.97,1223.25,439.0,62.75,12.62,4.9691,2
1284,2024-03-21,231.7,0,28.13,3.93,10.65,2.56,216.09,124.78,25.06,1225.75,440.75,62.62,12.58,4.9781,2
1285,2024-03-22,232.3,0,28.14,3.93,10.65,2.56,214.5,124.51,24.9,1205.5,439.25,62.45,12.49,4.9997,2
1286,2024-03-23,232.3,0,26.91,3.93,10.65,2.56,214.5,124.51,24.9,1205.5,439.25,62.45,12.49,4.9997,2
1287,2024-03-24,232.3,0,28.15,3.93,10.65,2.56,214.5,124.51,24.9,1205.5,439.25,62.45,12.49,4.9997,2
1288,2024-03-25,232.0,0,25.05,3.93,10.65,2.56,215.19,124.31,24.98,1221.75,437.75,62.6,12.58,4.9751,2
1289,2024-03-26,232.2,0,25.63,3.93,10.65,2.56,212.88,124.58,25.0,1212.5,432.5,62.3,12.5,4.9808,2
1290,2024-03-27,231.8,0,26.85,3.93,10.65,2.56,215.6,123.75,24.85,1206.5,426.75,61.82,12.41,4.9866,2
1291,2024-03-28,232.3,0,24.56,3.93,10.65,2.56,215.29,124.04,24.76,1205.25,442.0,61.78,12.33,5.0129,2
1292,2024-03-29,232.3,0,27.28,3.93,10.65,2.56,215.29,124.04,24.76,1205.25,442.0,61.78,12.33,5.0129,2
1293,2024-03-30,232.3,0,25.73,3.93,10.65,2.56,215.29,124.04,24.76,1205.25,442.0,61.78,12.33,5.0129,2
1294,2024-03-31,232.3,0,27.83,3.93,10.65,2.56,215.29,124.04,24.76,1205.25,442.0,61.78,12.33,5.0129,2
1295,2024-04-01,228.05,0,26.49,3.69,10.65,3.33,212.02,124.67,24.61,1199.5,435.5,61.71,12.18,5.0543,2
1296,2024-04-02,228.6,0,27.09,3.69,10.65,3.33,214.8,124.86,24.68,1187.75,426.5,61.57,12.17,5.0576,2
1297,2024-04-03,227.3,0,27.26,3.69,10.65,3.33,212.03,124.61,24.73,1195.25,431.75,61.49,12.2,5.0393,2
1298,2024-04-04,227.95,0,27.12,3.69,10.65,3.33,212.21,124.28,24.62,1192.25,435.25,61.48,12.18,5.0538,2
1299,2024-04-05,230.4,0,25.14,3.69,10.65,3.33,211.08,124.85,24.65,1196.75,434.25,60.99,12.04,5.0655,2
1300,2024-04-06,230.4,0,26.72,3.69,10.65,3.33,211.08,124.85,24.65,1196.75,434.25,60.99,12.04,5.0655,2
1301,2024-04-07,230.4,0,25.88,3.69,10.65,3.33,211.08,124.85,24.65,1196.75,434.25,60.99,12.04,5.0655,2
1302,2024-04-08,225.9,0,27.51,3.69,10.65,3.33,212.75,126.02,25.06,1194.25,435.5,60.62,12.05,5.0268,2
1303,2024-04-09,229.0,0,27.88,3.69,10.65,3.33,209.78,124.6,24.88,1187.75,431.25,60.14,12.01,5.009,2
1304,2024-04-10,233.2,0,26.81,3.69,10.65,3.33,212.0,124.31,24.48,1178.0,434.25,59.83,11.78,5.0746,2
1305,2024-04-11,230.4,0,27.78,3.69,10.65,3.33,212.77,125.63,24.69,1172.5,428.75,59.53,11.7,5.0917,2
1306,2024-04-12,231.2,0,27.49,3.69,10.65,3.33,209.5,127.24,24.83,1186.75,435.5,59.62,11.63,5.1175,2
1307,2024-04-13,231.2,0,26.85,3.69,10.65,3.33,209.5,127.24,24.83,1186.75,435.5,59.62,11.63,5.1175,2
1308,2024-04-14,231.2,0,26.36,3.69,10.65,3.33,209.5,127.24,24.83,1186.75,435.5,59.62,11.63,5.1175,2
1309,2024-04-15,230.7,0,27.47,3.69,10.65,3.33,206.23,127.42,24.57,1172.0,431.5,59.7,11.51,5.1846,2
1310,2024-04-16,230.8,0,28.13,3.69,10.65,3.33,206.48,129.17,24.55,1160.0,431.0,59.74,11.36,5.2826,1
1311,2024-04-17,229.2,0,28.88,3.69,10.65,3.33,208.42,128.55,24.56,1164.25,441.0,59.41,11.35,5.242,1
1312,2024-04-18,232.05,0,28.92,3.69,10.65,3.33,209.65,127.45,24.29,1149.0,426.75,59.29,11.3,5.2482,1
1313,2024-04-19,234.5,0,28.02,3.69,10.65,3.33,213.04,127.42,24.53,1165.75,443.0,59.11,11.38,5.2027,1
1314,2024-04-20,234.5,0,26.86,3.69,10.65,3.33,213.04,127.42,24.53,1165.75,443.0,59.11,11.38,5.2027,1
1315,2024-04-21,234.5,0,27.95,3.69,10.65,3.33,213.04,127.42,24.53,1165.75,443.0,59.11,11.38,5.2027,1
1316,2024-04-22,231.0,0,28.03,3.69,10.65,3.33,215.48,127.28,24.6,1176.5,439.75,58.76,11.36,5.168,1
1317,2024-04-23,233.95,0,28.8,3.69,10.65,3.33,216.77,127.84,24.93,1182.0,452.5,58.49,11.4,5.126,1
1318,2024-04-24,232.6,0,27.49,3.69,10.65,3.33,212.59,128.96,25.05,1181.5,448.5,58.27,11.32,5.1457,1
1319,2024-04-25,233.15,0,28.15,3.69,10.65,3.33,212.54,128.15,24.81,1179.75,441.0,58.01,11.23,5.1602,1
1320,2024-04-26,232.25,0,28.38,3.69,10.65,3.33,210.94,128.43,25.1,1177.25,450.0,58.09,11.35,5.1151,1
1321,2024-04-27,232.25,0,28.93,3.69,10.65,3.33,210.94,128.43,25.1,1177.25,450.0,58.09,11.35,5.1151,1
1322,2024-04-28,232.25,0,28.58,3.69,10.65,3.33,210.94,128.43,25.1,1177.25,450.0,58.09,11.35,5.1151,1
1323,2024-04-29,229.6,0,28.18,3.69,10.65,3.33,209.62,128.67,25.16,1182.0,449.25,58.11,11.37,5.1189,1
1324,2024-04-30,229.35,0,28.73,3.69,10.65,3.33,209.64,129.05,24.86,1163.0,446.75,57.93,11.16,5.1934,1
1325,2024-05-01,229.35,0,27.55,3.93,10.65,3.33,208.07,129.05,24.86,1170.25,450.75,57.93,11.16,5.1936,1
1326,2024-05-02,231.1,0,27.55,3.93,10.65,3.33,207.48,129.95,25.42,1199.0,459.75,57.56,11.26,5.1113,1
1327,2024-05-03,233.8,0,27.97,3.93,10.65,3.33,207.65,131.17,25.87,1215.0,460.25,58.1,11.46,5.0722,1
1328,2024-05-04,233.8,0,28.73,3.93,10.65,3.33,207.65,131.17,25.87,1215.0,460.25,58.1,11.46,5.0722,1
1329,2024-05-05,233.8,0,27.43,3.93,10.65,3.33,207.65,131.17,25.87,1215.0,460.25,58.1,11.46,5.0722,1
1330,2024-05-06,233.75,0,27.4,3.93,10.65,3.33,208.0,132.33,26.08,1248.75,457.0,58.2,11.47,5.0758,1
1331,2024-05-07,233.15,0,28.33,3.93,10.65,3.33,208.34,134.69,26.56,1246.5,453.75,58.16,11.47,5.0707,1
1332,2024-05-08,233.05,0,27.57,3.93,10.65,3.33,211.84,134.78,26.46,1227.75,445.5,58.1,11.4,5.0909,1
1333,2024-05-09,231.8,0,27.81,3.93,10.4,3.33,213.61,134.08,26.06,1208.5,442.75,58.19,11.31,5.1412,1
1334,2024-05-10,230.15,0,27.41,3.93,10.4,3.33,208.46,133.86,25.96,1219.0,455.75,58.88,11.42,5.1584,1
1335,2024-05-11,230.15,0,27.37,3.93,10.4,3.33,208.46,133.86,25.96,1219.0,455.75,58.88,11.42,5.1584,1
1336,2024-05-12,230.15,0,27.95,3.93,10.4,3.33,208.46,133.86,25.96,1219.0,455.75,58.88,11.42,5.1584,1
1337,2024-05-13,228.65,0,26.99,3.93,10.4,3.33,209.92,134.97,26.2,1219.5,458.5,58.83,11.42,5.1511,1
1338,2024-05-14,227.0,0,27.95,3.93,10.4,3.33,210.8,134.16,26.15,1214.5,453.75,58.67,11.44,5.1299,1
1339,2024-05-15,226.5,0,27.8,3.93,10.4,3.33,208.26,135.51,26.38,1216.25,462.5,58.96,11.48,5.1373,1
1340,2024-05-16,225.9,0,28.88,3.93,10.4,3.33,212.73,134.99,26.31,1216.75,457.0,58.85,11.47,5.1288,1
1341,2024-05-17,225.6,0,26.94,3.93,10.4,3.33,213.14,136.3,26.7,1225.25,452.5,59.13,11.58,5.1031,1
1342,2024-05-18,225.6,0,26.69,3.93,10.4,3.33,213.14,136.3,26.7,1225.25,452.5,59.13,11.58,5.1031,1
1343,2024-05-19,225.6,0,26.73,3.93,10.4,3.33,213.14,136.3,26.7,1225.25,452.5,59.13,11.58,5.1031,1
1344,2024-05-20,225.6,0,27.75,3.93,10.4,3.33,211.27,137.53,26.92,1243.0,460.5,59.68,11.68,5.1033,1
1345,2024-05-21,225.1,0,28.53,3.93,10.4,3.33,210.35,138.17,27.01,1234.0,458.0,59.48,11.63,5.1225,1
1346,2024-05-22,223.7,0,27.14,3.93,10.4,3.33,211.48,140.16,27.19,1243.25,461.25,59.36,11.52,5.1503,1
1347,2024-05-23,222.5,0,27.43,3.93,10.4,3.33,212.07,140.2,27.2,1237.75,464.0,59.77,11.6,5.1442,1
1348,2024-05-24,222.05,0,27.85,3.93,10.4,3.33,214.92,139.71,27.01,1245.0,464.75,59.74,11.55,5.166,1
1349,2024-05-25,222.05,0,27.04,3.93,10.4,3.33,214.92,139.71,27.01,1245.0,464.75,59.74,11.55,5.166,1
1350,2024-05-26,222.05,0,26.85,3.93,10.4,3.33,214.92,139.71,27.01,1245.0,464.75,59.74,11.55,5.166,1
1351,2024-05-27,222.05,0,26.1,3.93,10.4,3.33,214.92,139.71,27.01,1245.0,464.75,59.74,11.55,5.166,1
1352,2024-05-28,221.9,0,26.4,3.93,10.4,3.33,208.5,138.04,26.75,1229.0,462.5,59.43,11.52,5.1611,1
1353,2024-05-29,221.5,0,27.07,3.93,10.4,3.33,205.89,137.75,26.47,1213.75,455.25,59.29,11.4,5.2018,1
1354,2024-05-30,221.5,0,27.28,3.93,10.4,3.33,204.9,137.75,26.47,1208.0,448.75,59.29,11.4,5.2034,1
1355,2024-05-31,221.15,0,26.89,3.93,10.4,3.33,202.98,137.79,26.21,1203.5,446.25,59.36,11.29,5.2443,1
1356,2024-06-01,221.15,0,26.58,4.23,10.4,3.33,202.98,137.79,26.21,1203.5,446.25,59.36,11.29,5.2443,1
1357,2024-06-02,221.15,0,25.5,4.23,10.4,3.33,202.98,137.79,26.21,1203.5,446.25,59.36,11.29,5.2443,1
1358,2024-06-03,216.7,0,26.19,4.23,10.4,3.33,201.75,136.66,26.12,1182.5,443.5,58.95,11.27,5.2467,1
1359,2024-06-04,216.6,0,26.38,4.23,10.4,3.33,203.78,136.36,25.79,1177.5,442.5,58.58,11.08,5.2861,1
1360,2024-06-05,216.55,0,26.64,4.23,10.4,3.33,200.49,136.97,25.85,1174.25,439.25,58.55,11.05,5.2964,1
1361,2024-06-06,215.95,0,26.17,4.23,10.4,3.33,201.49,138.47,26.35,1193.5,452.0,58.27,11.09,5.256,1
1362,2024-06-07,215.3,0,25.56,4.23,10.4,3.33,199.36,138.29,26.01,1176.75,448.75,57.85,10.88,5.3448,1
1363,2024-06-08,215.3,0,26.48,4.23,10.4,3.33,199.36,138.29,26.01,1176.75,448.75,57.85,10.88,5.3448,1
1364,2024-06-09,215.3,0,25.73,4.23,10.4,3.33,199.36,138.29,26.01,1176.75,448.75,57.85,10.88,5.3448,1
1365,2024-06-10,215.8,0,26.0,4.23,10.4,3.33,198.5,140.14,26.17,1182.75,451.75,58.22,10.87,5.3547,1
1366,2024-06-11,216.0,0,26.37,4.23,10.4,3.33,198.7,140.2,26.16,1171.75,449.5,57.94,10.81,5.3662,1
1367,2024-06-12,219.25,0,27.02,4.23,10.4,3.33,195.73,140.11,25.91,1166.75,454.25,57.51,10.63,5.4123,1
1368,2024-06-13,220.5,0,25.35,4.23,10.4,3.33,195.64,140.53,26.15,1178.25,458.5,57.53,10.71,5.3636,1
1369,2024-06-14,221.25,0,25.5,4.23,10.4,3.33,197.13,140.06,26.05,1168.25,450.0,57.77,10.74,5.3757,1
1370,2024-06-15,221.25,0,25.9,4.23,10.4,3.33,197.13,140.06,26.05,1168.25,450.0,57.77,10.74,5.3757,1
1371,2024-06-16,221.25,0,25.6,4.23,10.4,3.33,197.13,140.06,26.05,1168.25,450.0,57.77,10.74,5.3757,1
1372,2024-06-17,221.5,0,24.56,4.23,10.4,3.33,196.59,139.02,25.63,1146.0,450.0,57.72,10.64,5.4195,1
1373,2024-06-18,221.5,0,24.95,4.23,10.4,3.33,196.53,138.88,25.56,1156.0,455.75,57.71,10.62,5.4359,1
1374,2024-06-19,221.5,0,25.06,4.23,10.4,3.33,196.53,138.88,25.56,1156.0,455.75,57.71,10.62,5.4359,1
1375,2024-06-20,223.6,0,26.6,4.23,10.4,3.33,198.49,138.93,25.66,1139.75,444.75,58.15,10.74,5.4483,1
1376,2024-06-21,223.75,0,26.35,4.23,10.4,3.33,194.48,138.95,25.52,1147.0,440.5,58.13,10.68,5.4302,1
1377,2024-06-22,223.75,0,25.62,4.23,10.4,3.33,194.48,138.95,25.52,1147.0,440.5,58.13,10.68,5.4302,1
1378,2024-06-23,223.75,0,26.21,4.23,10.4,3.33,194.48,138.95,25.52,1147.0,440.5,58.13,10.68,5.4302,1
1379,2024-06-24,225.65,0,26.98,4.23,10.4,3.33,195.08,138.26,25.63,1160.5,439.5,57.26,10.61,5.3928,1
1380,2024-06-25,225.4,0,27.45,4.23,10.4,3.33,194.1,138.48,25.4,1145.5,431.75,56.88,10.43,5.4509,1
1381,2024-06-26,225.0,0,25.24,4.23,10.4,3.33,195.2,139.61,25.31,1142.25,425.5,57.37,10.4,5.5194,1
1382,2024-06-27,226.0,0,25.46,4.23,10.4,3.33,195.53,139.32,25.32,1136.25,422.5,57.54,10.46,5.5019,1
1383,2024-06-28,225.15,0,25.26,4.23,10.4,3.33,196.6,139.94,25.04,1133.5,407.5,57.22,10.24,5.5925,1
1384,2024-06-29,225.15,0,25.71,4.23,10.4,3.33,196.6,139.94,25.04,1133.5,407.5,57.22,10.24,5.5925,1
1385,2024-06-30,225.15,0,25.5,4.23,10.4,3.33,196.6,139.94,25.04,1133.5,407.5,57.22,10.24,5.5925,1
1386,2024-07-01,225.65,0,25.82,4.5,10.4,4.05,195.5,140.23,24.87,1146.0,407.0,57.32,10.17,5.6603,0
1387,2024-07-02,225.3,0,27.07,4.5,10.4,4.05,197.08,143.33,25.35,1150.25,408.0,56.87,10.06,5.6777,0
1388,2024-07-03,224.25,0,25.65,4.5,10.4,4.05,196.06,142.62,25.64,1157.75,405.5,56.4,10.14,5.5563,0
1389,2024-07-04,224.25,0,25.65,4.5,10.4,4.05,196.06,142.62,25.64,1157.75,405.5,56.4,10.14,5.5563,0
1390,2024-07-05,227.3,0,25.92,4.5,10.4,4.05,196.4,141.37,25.86,1166.25,410.5,56.11,10.26,5.4592,0
1391,2024-07-06,227.3,0,26.49,4.5,10.4,4.05,196.4,141.37,25.86,1166.25,410.5,56.11,10.26,5.4592,0
1392,2024-07-07,227.3,0,25.98,4.5,10.4,4.05,196.4,141.37,25.86,1166.25,410.5,56.11,10.26,5.4592,0
1393,2024-07-08,228.0,0,26.56,4.5,10.4,4.05,194.97,139.75,25.52,1149.0,393.25,56.14,10.25,5.4699,0
1394,2024-07-09,228.0,0,26.27,4.5,10.4,4.05,194.62,137.78,25.43,1131.25,394.0,56.21,10.37,5.4222,0
1395,2024-07-10,227.25,0,26.36,4.5,10.4,4.05,193.58,136.32,25.18,1113.25,395.75,55.84,10.32,5.4144,0
1396,2024-07-11,226.55,0,26.48,4.5,10.4,4.05,195.8,134.96,24.79,1117.0,400.25,56.49,10.38,5.4381,0
1397,2024-07-12,227.1,0,26.56,4.5,10.4,4.05,193.43,135.01,24.85,1105.0,402.0,56.7,10.44,5.4285,0
1398,2024-07-13,227.1,0,26.22,4.5,10.4,4.05,193.43,135.01,24.85,1105.0,402.0,56.7,10.44,5.4285,0
1399,2024-07-14,227.1,0,24.98,4.5,10.4,4.05,193.43,135.01,24.85,1105.0,402.0,56.7,10.44,5.4285,0
1400,2024-07-15,226.5,0,24.23,4.5,10.4,4.05,197.01,132.86,24.39,1033.75,404.25,56.35,10.35,5.4448,0
1401,2024-07-16,230.4,0,24.19,4.5,10.4,4.05,197.37,132.4,24.37,1037.75,408.75,56.33,10.37,5.4286,0
1402,2024-07-17,231.2,0,24.4,4.5,10.4,4.05,201.46,133.95,24.42,1038.25,411.75,56.17,10.24,5.4821,0
1403,2024-07-18,232.75,0,24.31,4.5,10.4,4.05,200.61,136.02,24.38,1040.75,405.0,57.24,10.26,5.546,0
1404,2024-07-19,232.3,0,24.81,4.5,10.4,4.05,199.85,136.27,24.34,1036.75,404.75,57.48,10.27,5.5952,0
1405,2024-07-20,232.3,0,25.13,4.5,10.4,4.05,199.85,136.27,24.34,1036.75,404.75,57.48,10.27,5.5952,0
1406,2024-07-21,232.3,0,23.99,4.5,10.4,4.05,199.85,136.27,24.34,1036.75,404.75,57.48,10.27,5.5952,0
1407,2024-07-22,231.5,0,24.49,4.5,10.4,4.05,199.88,138.27,24.81,1064.75,415.0,57.56,10.33,5.5779,0
1408,2024-07-23,230.4,0,24.9,4.5,10.4,4.05,197.44,139.61,24.97,1071.75,417.25,58.41,10.45,5.5846,0
1409,2024-07-24,229.7,0,25.12,4.5,10.4,4.05,197.25,141.12,24.95,1060.25,418.0,58.56,10.35,5.6536,0
1410,2024-07-25,232.2,0,25.71,4.5,10.4,4.05,199.38,141.35,25.06,1074.5,420.75,58.91,10.44,5.6442,0
1411,2024-07-26,232.35,0,25.3,4.5,10.4,4.05,200.54,140.18,24.76,1042.0,410.0,58.81,10.39,5.6557,0
1412,2024-07-27,232.35,0,25.28,4.5,10.4,4.05,200.54,140.18,24.76,1042.0,410.0,58.81,10.39,5.6557,0
1413,2024-07-28,232.35,0,26.19,4.5,10.4,4.05,200.54,140.18,24.76,1042.0,410.0,58.81,10.39,5.6557,0
1414,2024-07-29,232.35,0,26.99,4.5,10.4,4.05,198.92,137.28,24.39,1030.0,412.25,58.45,10.38,5.6159,0
1415,2024-07-30,232.6,0,27.17,4.5,10.4,4.05,197.2,135.61,24.11,1011.0,405.0,58.35,10.37,5.6121,0
1416,2024-07-31,232.5,0,27.96,4.5,10.4,4.05,193.71,137.18,24.23,1014.5,399.75,59.2,10.46,5.65,0
1417,2024-08-01,231.95,0,26.95,4.24,10.4,4.05,196.31,137.67,24.0,1009.0,398.5,59.44,10.36,5.7483,0
1418,2024-08-02,233.15,0,26.43,4.24,10.4,4.05,199.83,139.05,24.35,1018.0,403.25,59.34,10.39,5.7273,0
1419,2024-08-03,233.15,0,25.52,4.24,10.4,4.05,199.83,139.05,24.35,1018.0,403.25,59.34,10.39,5.7273,0
1420,2024-08-04,233.15,0,25.56,4.24,10.4,4.05,199.83,139.05,24.35,1018.0,403.25,59.34,10.39,5.7273,0
1421,2024-08-05,234.4,0,24.95,4.24,10.4,4.05,197.22,139.58,24.34,1031.5,407.0,59.14,10.31,5.7238,0
1422,2024-08-06,234.7,0,25.79,4.24,10.4,4.05,202.38,139.84,24.74,1014.0,405.25,59.19,10.47,5.6623,0
1423,2024-08-07,230.55,0,25.9,4.24,10.4,4.05,205.0,137.95,24.52,1005.25,400.75,59.2,10.52,5.6341,0
1424,2024-08-08,231.2,0,26.06,4.24,10.4,4.05,205.15,137.8,24.72,993.5,397.0,59.02,10.59,5.5493,0
1425,2024-08-09,234.3,0,26.4,4.24,10.4,4.05,206.66,135.04,24.5,988.75,395.0,58.86,10.68,5.5064,0
1426,2024-08-10,234.3,0,24.38,4.24,10.4,4.05,206.66,135.04,24.5,988.75,395.0,58.86,10.68,5.5064,0
1427,2024-08-11,234.3,0,26.14,4.24,10.4,4.05,206.66,135.04,24.5,988.75,395.0,58.86,10.68,5.5064,0
1428,2024-08-12,235.4,0,26.63,4.24,10.4,4.05,206.59,133.05,24.18,971.25,401.5,59.07,10.73,5.4974,0
1429,2024-08-13,235.4,0,26.81,4.24,10.4,4.05,207.57,130.96,24.0,947.25,397.25,59.22,10.85,5.4538,0
1430,2024-08-14,234.2,0,27.85,4.24,10.4,4.05,207.85,128.12,23.41,952.25,400.75,59.39,10.85,5.473,0
1431,2024-08-15,232.85,0,28.42,4.24,10.4,4.05,205.29,128.99,23.53,968.5,397.0,59.01,10.76,5.4827,0
1432,2024-08-16,233.5,0,29.48,4.24,10.4,4.05,207.88,127.77,23.36,957.0,392.5,59.75,10.92,5.4753,0
1433,2024-08-17,233.5,0,29.34,4.24,10.4,4.05,207.88,127.77,23.36,957.0,392.5,59.75,10.92,5.4753,0
1434,2024-08-18,233.5,0,28.12,4.24,10.4,4.05,207.88,127.77,23.36,957.0,392.5,59.75,10.92,5.4753,0
1435,2024-08-19,233.45,0,27.8,4.24,10.4,4.05,208.87,127.38,23.55,976.0,400.25,59.83,11.06,5.4121,0
1436,2024-08-20,234.75,0,28.1,4.24,10.4,4.05,208.7,128.07,23.42,976.0,398.0,59.69,10.92,5.478,0
1437,2024-08-21,235.5,0,28.29,4.24,10.4,4.05,209.4,129.14,23.59,981.5,398.25,59.89,10.94,5.4858,0
1438,2024-08-22,236.3,0,28.91,4.24,10.4,4.05,209.62,131.16,23.47,961.5,393.5,60.12,10.76,5.5834,0
1439,2024-08-23,237.7,0,29.06,4.24,10.4,4.05,207.05,131.05,23.93,973.0,391.0,60.02,10.96,5.4863,0
1440,2024-08-24,237.7,0,28.66,4.24,10.4,4.05,207.05,131.05,23.93,973.0,391.0,60.02,10.96,5.4863,0
1441,2024-08-25,237.7,0,27.83,4.24,10.4,4.05,207.05,131.05,23.93,973.0,391.0,60.02,10.96,5.4863,0
1442,2024-08-26,237.8,0,25.95,4.24,10.4,4.05,208.43,130.03,23.69,980.75,386.5,59.74,10.88,5.495,0
1443,2024-08-27,237.85,0,28.31,4.24,10.4,4.05,212.4,132.21,24.03,986.5,392.75,59.98,10.9,5.5082,0
1444,2024-08-28,237.9,0,29.19,4.24,10.4,4.05,215.12,132.78,23.93,977.0,390.75,59.92,10.8,5.5644,0
1445,2024-08-29,239.0,0,28.14,4.24,10.4,4.05,214.1,134.93,24.01,992.5,396.0,60.27,10.73,5.6266,0
1446,2024-08-30,239.75,0,27.6,4.24,10.4,4.05,215.74,138.13,24.45,1000.0,401.0,60.59,10.72,5.6103,0
1447,2024-08-31,239.75,0,28.19,4.24,10.4,4.05,215.74,138.13,24.45,1000.0,401.0,60.59,10.72,5.6103,0
1448,2024-09-01,239.75,0,28.94,4.42,10.4,4.05,215.74,138.13,24.45,1000.0,401.0,60.59,10.72,5.6103,0
1449,2024-09-02,239.75,0,28.58,4.42,10.4,4.05,215.74,138.13,24.45,1000.0,401.0,60.59,10.72,5.6103,0
1450,2024-09-03,241.8,0,28.68,4.42,10.4,4.05,212.64,139.06,24.62,1012.0,409.25,61.14,10.83,5.6454,0
1451,2024-09-04,243.6,0,28.72,4.42,10.4,4.05,216.0,141.62,25.12,1021.5,412.75,61.57,10.92,5.6399,0
1452,2024-09-05,246.8,0,28.61,4.42,10.4,4.05,219.38,140.66,25.21,1023.5,410.75,61.89,11.09,5.5741,0
1453,2024-09-06,246.9,0,29.36,4.42,10.4,4.05,220.5,140.5,25.11,1005.0,406.25,62.17,11.11,5.599,0
1454,2024-09-07,246.9,0,29.2,4.42,10.4,4.05,220.5,140.5,25.11,1005.0,406.25,62.17,11.11,5.599,0
1455,2024-09-08,246.9,0,29.62,4.42,10.4,4.05,220.5,140.5,25.11,1005.0,406.25,62.17,11.11,5.599,0
1456,2024-09-09,247.15,0,28.81,4.42,10.4,4.05,218.54,140.82,25.22,1018.0,384.25,62.33,11.16,5.5842,0
1457,2024-09-10,247.2,0,28.74,4.42,10.4,4.05,218.48,140.0,24.75,997.25,379.5,62.82,11.1,5.6582,0
1458,2024-09-11,249.35,0,29.18,4.42,10.4,4.05,218.59,139.87,24.75,1000.5,380.5,63.42,11.22,5.6618,0
1459,2024-09-12,251.35,0,29.21,4.42,10.4,4.05,217.3,140.98,25.09,1010.75,386.25,63.5,11.3,5.6276,0
1460,2024-09-13,254.0,0,29.16,4.42,10.4,4.05,216.99,140.67,25.28,1006.25,390.75,62.74,11.28,5.564,0
1461,2024-09-14,254.0,0,30.21,4.42,10.4,4.05,216.99,140.67,25.28,1006.25,390.75,62.74,11.28,5.564,0
1462,2024-09-15,254.0,0,30.24,4.42,10.4,4.05,216.99,140.67,25.28,1006.25,390.75,62.74,11.28,5.564,0
1463,2024-09-16,252.45,0,30.29,4.42,10.4,4.05,218.53,138.62,25.14,1023.5,410.75,62.42,11.32,5.51,0
1464,2024-09-17,257.05,0,30.47,4.42,10.4,4.05,218.18,138.02,25.16,1024.75,412.5,62.02,11.31,5.4825,0
1465,2024-09-18,257.3,0,30.6,4.42,10.4,4.05,216.3,138.77,25.49,1032.0,412.75,62.34,11.45,5.4612,0
1466,2024-09-19,259.95,0,31.58,4.42,10.65,4.05,214.76,137.54,25.34,1031.25,405.75,62.31,11.48,5.4263,0
1467,2024-09-20,261.05,0,30.4,4.42,10.65,4.05,213.16,138.12,25.03,1029.5,401.75,62.2,11.27,5.5103,0
1468,2024-09-21,261.05,0,31.05,4.42,10.65,4.05,213.16,138.12,25.03,1029.5,401.75,62.2,11.27,5.5103,0
1469,2024-09-22,261.05,0,30.7,4.42,10.65,4.05,213.16,138.12,25.03,1029.5,401.75,62.2,11.27,5.5103,0
1470,2024-09-23,261.7,0,31.1,4.42,10.65,4.05,215.86,140.66,25.42,1056.75,413.5,62.69,11.33,5.5364,0
1471,2024-09-24,265.05,0,32.14,4.42,10.65,4.05,218.16,141.06,25.84,1060.5,411.75,63.24,11.58,5.4547,0
1472,2024-09-25,265.6,0,31.57,4.42,10.65,4.05,217.52,140.06,25.57,1071.75,415.25,63.34,11.56,5.4774,0
1473,2024-09-26,270.55,0,30.91,4.42,10.65,4.05,218.47,140.59,25.81,1059.25,413.25,63.57,11.67,5.4375,0
1474,2024-09-27,273.9,0,30.66,4.42,10.65,4.05,218.3,140.42,25.83,1083.0,418.0,63.88,11.75,5.4329,0
1475,2024-09-28,273.9,0,31.92,4.42,10.65,4.05,218.3,140.42,25.83,1083.0,418.0,63.88,11.75,5.4329,0
1476,2024-09-29,273.9,0,32.79,4.42,10.65,4.05,218.3,140.42,25.83,1083.0,418.0,63.88,11.75,5.4329,0
1477,2024-09-30,274.35,0,33.0,4.42,10.65,4.05,220.65,141.16,25.87,1075.25,424.75,64.3,11.79,5.4482,0
1478,2024-10-01,276.35,0,30.93,4.76,10.65,3.62,225.28,140.81,25.8,1075.5,429.0,65.04,11.92,5.4368,0
1479,2024-10-02,281.0,0,31.09,4.76,10.65,3.62,223.57,140.63,25.82,1074.25,432.5,65.52,12.03,5.4407,0
1480,2024-10-03,285.8,0,31.43,4.76,10.65,3.62,224.27,142.27,26.0,1064.5,428.25,65.71,12.01,5.4759,0
1481,2024-10-04,291.8,0,31.32,4.76,10.65,3.62,224.43,141.66,25.95,1056.0,424.75,66.21,12.13,5.4555,0
1482,2024-10-05,291.8,0,32.37,4.76,10.65,3.62,224.43,141.66,25.95,1056.0,424.75,66.21,12.13,5.4555,0
1483,2024-10-06,291.8,0,32.74,4.76,10.65,3.62,224.43,141.66,25.95,1056.0,424.75,66.21,12.13,5.4555,0
1484,2024-10-07,293.15,0,30.28,4.76,10.65,3.62,221.73,140.72,25.66,1052.5,426.0,66.05,12.04,5.49,0
1485,2024-10-08,294.2,0,30.61,4.76,10.65,3.62,221.68,140.24,25.35,1034.5,420.75,66.21,11.97,5.5349,0
1486,2024-10-09,293.9,0,31.91,4.76,10.65,3.62,221.46,140.92,25.24,1037.0,421.0,67.07,12.01,5.5941,0
1487,2024-10-10,294.5,0,31.42,4.76,10.65,3.62,221.25,141.38,25.31,1031.5,418.5,67.69,12.12,5.5821,0
1488,2024-10-11,297.5,0,29.15,4.76,10.65,3.62,221.72,141.42,25.15,1021.0,415.75,67.75,12.05,5.6126,0
1489,2024-10-12,297.5,0,29.89,4.76,10.65,3.62,221.72,141.42,25.15,1021.0,415.75,67.75,12.05,5.6126,0
1490,2024-10-13,297.5,0,31.77,4.76,10.65,3.62,221.72,141.42,25.15,1021.0,415.75,67.75,12.05,5.6126,0
1491,2024-10-14,298.55,0,30.42,4.76,10.65,3.62,224.2,141.4,25.33,1011.5,408.25,67.81,12.15,5.5928,0
1492,2024-10-15,299.25,0,25.79,4.76,10.65,3.62,224.82,140.35,24.81,1003.5,401.25,67.96,12.01,5.6502,0
1493,2024-10-16,300.3,0,27.58,4.76,10.65,3.62,227.17,142.03,25.07,994.0,404.75,68.44,12.08,5.6652,0
1494,2024-10-17,301.95,0,27.08,4.76,10.65,3.62,227.23,140.36,24.77,998.0,406.75,68.42,12.07,5.6546,0
1495,2024-10-18,302.1,0,26.87,4.76,10.65,3.62,228.32,140.42,24.67,982.75,404.75,68.77,12.08,5.6912,0
1496,2024-10-19,302.1,0,26.24,4.76,10.65,3.62,228.32,140.42,24.67,982.75,404.75,68.77,12.08,5.6912,0
1497,2024-10-20,302.1,0,27.69,4.76,10.65,3.62,228.32,140.42,24.67,982.75,404.75,68.77,12.08,5.6912,0
1498,2024-10-21,306.3,0,23.7,4.76,10.65,3.62,227.05,141.02,24.73,989.75,409.5,69.76,12.23,5.6939,0
1499,2024-10-22,308.1,0,27.65,4.76,10.65,3.62,226.17,142.4,24.97,1000.5,416.5,69.94,12.27,5.6894,0
1500,2024-10-23,308.8,0,31.13,4.76,10.65,3.62,227.14,142.89,25.11,1005.0,419.0,70.59,12.41,5.6884,0
1501,2024-10-24,312.75,0,31.62,4.76,10.65,3.62,229.69,144.28,25.42,1005.0,421.5,71.36,12.57,5.6643,0
1502,2024-10-25,313.1,0,29.39,4.76,10.65,3.62,226.14,143.81,25.19,997.5,415.25,71.67,12.55,5.7073,0
1503,2024-10-26,313.1,0,28.26,4.76,10.65,3.62,226.14,143.81,25.19,997.5,415.25,71.67,12.55,5.7073,0
1504,2024-10-27,313.1,0,26.14,4.76,10.65,3.62,226.14,143.81,25.19,997.5,415.25,71.67,12.55,5.7073,0
1505,2024-10-28,314.1,0,27.03,4.76,10.65,3.62,228.12,143.09,25.07,986.0,410.75,72.17,12.65,5.7096,0
1506,2024-10-29,315.7,0,28.7,4.76,10.65,3.62,227.09,142.59,24.74,979.0,413.75,72.37,12.56,5.7604,0
1507,2024-10-30,318.3,0,27.22,4.76,10.65,3.62,227.26,143.56,24.91,991.25,411.5,72.67,12.61,5.763,0
1508,2024-10-31,318.6,0,26.47,4.76,10.65,3.62,225.36,143.9,24.89,994.5,410.75,72.94,12.62,5.7867,0
1509,2024-11-01,320.55,0,26.97,4.87,10.65,3.62,223.61,144.28,24.58,993.75,414.5,73.11,12.46,5.8681,0
1510,2024-11-02,320.55,0,29.19,4.87,10.65,3.62,223.61,144.28,24.58,993.75,414.5,73.11,12.46,5.8681,0
1511,2024-11-03,320.55,0,27.9,4.87,10.65,3.62,223.61,144.28,24.58,993.75,414.5,73.11,12.46,5.8681,0
1512,2024-11-04,320.8,0,27.27,4.87,10.65,3.62,223.08,144.59,25.04,997.25,416.5,72.93,12.63,5.7916,0
1513,2024-11-05,320.9,0,25.46,4.87,10.65,3.62,225.19,144.46,25.12,1001.75,418.5,73.07,12.71,5.7508,0
1514,2024-11-06,325.5,0,26.89,4.87,10.65,3.62,221.17,143.87,25.32,1003.75,426.25,74.21,13.06,5.6793,0
1515,2024-11-07,326.3,0,26.73,4.87,11.15,3.62,222.04,143.26,25.2,1026.25,427.5,74.41,13.09,5.6923,0
1516,2024-11-08,329.05,0,27.36,4.87,11.15,3.62,225.66,144.09,25.05,1030.25,431.0,74.64,12.97,5.7376,0
1517,2024-11-09,329.05,0,27.1,4.87,11.15,3.62,225.66,144.09,25.05,1030.25,431.0,74.64,12.97,5.7376,0
1518,2024-11-10,329.05,0,27.81,4.87,11.15,3.62,225.66,144.09,25.05,1030.25,431.0,74.64,12.97,5.7376,0
1519,2024-11-11,334.6,0,26.5,4.87,11.15,3.62,225.93,145.82,25.27,1022.25,430.0,74.55,12.92,5.7559,0
1520,2024-11-12,335.15,0,26.72,4.87,11.15,3.62,226.31,144.83,25.11,1010.5,428.5,74.37,12.89,5.749,0
1521,2024-11-13,339.6,0,27.71,4.87,11.15,3.62,228.14,143.68,24.78,1007.75,426.5,74.45,12.84,5.8061,0
1522,2024-11-14,342.2,0,26.06,4.87,11.15,3.62,223.42,143.61,24.85,987.5,419.0,74.67,12.92,5.789,0
1523,2024-11-15,342.2,0,25.47,4.87,11.15,3.62,225.28,143.61,24.85,1008.75,424.0,74.67,12.92,5.7947,0
1524,2024-11-16,342.2,0,26.39,4.87,11.15,3.62,225.28,143.61,24.85,1008.75,424.0,74.67,12.92,5.7947,0
1525,2024-11-17,342.2,0,27.41,4.87,11.15,3.62,225.28,143.61,24.85,1008.75,424.0,74.67,12.92,5.7947,0
1526,2024-11-18,344.2,0,27.72,4.87,11.15,3.62,227.56,142.21,24.76,1019.0,439.75,74.66,13.0,5.7473,0
1527,2024-11-19,344.45,0,28.66,4.87,11.15,3.62,229.66,141.98,24.59,1008.5,437.75,73.55,12.74,5.7694,0
1528,2024-11-20,344.45,0,29.06,4.87,11.15,3.62,228.0,141.98,24.59,999.25,440.0,73.55,12.74,5.7725,0
1529,2024-11-21,347.05,0,29.35,4.87,11.15,3.62,226.56,142.39,24.47,985.25,436.25,73.46,12.63,5.8144,0
1530,2024-11-22,347.55,0,26.27,4.87,11.15,3.62,229.04,142.0,24.44,992.25,435.25,73.41,12.63,5.801,0
1531,2024-11-23,347.55,0,25.37,4.87,11.15,3.62,229.04,142.0,24.44,992.25,435.25,73.41,12.63,5.801,0
1532,2024-11-24,347.55,0,24.49,4.87,11.15,3.62,229.04,142.0,24.44,992.25,435.25,73.41,12.63,5.801,0
1533,2024-11-25,349.75,0,26.33,4.87,11.15,3.62,229.37,141.9,24.43,994.25,433.0,73.48,12.65,5.7983,0
1534,2024-11-26,352.0,0,26.25,4.87,11.15,3.62,234.39,141.95,24.44,994.0,428.0,73.12,12.59,5.8095,0
1535,2024-11-27,352.65,0,27.81,4.87,11.15,3.62,237.33,141.75,23.96,997.0,428.0,72.51,12.26,5.9377,0
1536,2024-11-28,352.65,0,28.1,4.87,11.15,3.62,237.33,141.75,23.96,997.0,428.0,72.51,12.26,5.9377,0
1537,2024-11-29,351.95,0,28.14,4.87,11.15,3.62,238.0,145.64,24.25,996.0,433.0,72.77,12.12,5.973,0
1538,2024-11-30,351.95,0,27.6,4.87,11.15,3.62,238.0,145.64,24.25,996.0,433.0,72.77,12.12,5.973,0
1539,2024-12-01,351.95,0,27.4,4.83,11.15,3.62,238.0,145.64,24.25,996.0,433.0,72.77,12.12,5.973,0
1540,2024-12-02,351.8,0,26.83,4.83,11.15,3.62,235.61,145.04,23.9,991.0,432.5,72.69,11.98,6.058,0
1541,2024-12-03,336.4,0,26.68,4.83,11.15,3.62,240.73,145.57,24.04,997.25,432.25,72.57,11.98,6.044,0
1542,2024-12-04,332.35,0,27.95,4.83,11.15,3.62,243.0,143.51,23.76,989.75,430.0,72.47,12.0,6.0409,0
1543,2024-12-05,323.9,0,27.18,4.83,11.15,3.62,246.02,142.76,23.79,999.0,435.0,73.09,12.18,6.0113,0
1544,2024-12-06,323.7,0,27.75,4.83,11.15,3.62,239.38,141.67,23.27,999.25,440.0,73.2,12.03,6.0894,0
1545,2024-12-07,323.7,0,28.36,4.83,11.15,3.62,239.38,141.67,23.27,999.25,440.0,73.2,12.03,6.0894,0
1546,2024-12-08,323.7,0,25.99,4.83,11.15,3.62,239.38,141.67,23.27,999.25,440.0,73.2,12.03,6.0894,0
1547,2024-12-09,322.15,0,27.64,4.83,11.15,3.62,236.72,142.93,23.49,995.5,441.75,73.54,12.08,6.0788,0
1548,2024-12-10,316.1,0,26.5,4.83,11.15,3.62,239.19,143.52,23.69,1000.25,449.0,73.62,12.15,6.045,0
1549,2024-12-11,316.45,0,26.8,4.83,11.15,3.62,234.3,142.83,23.75,1002.75,448.25,73.67,12.25,5.9543,0
1550,2024-12-12,316.85,0,29.2,4.83,12.15,3.62,235.95,142.91,23.68,1003.25,431.75,73.25,12.14,5.9915,0
1551,2024-12-13,313.8,0,28.66,4.83,12.15,3.62,237.19,141.62,23.44,995.0,430.0,72.93,12.07,6.0419,0
1552,2024-12-14,313.8,0,27.86,4.83,12.15,3.62,237.19,141.62,23.44,995.0,430.0,72.93,12.07,6.0419,0
1553,2024-12-15,313.8,0,26.75,4.83,12.15,3.62,237.19,141.62,23.44,995.0,430.0,72.93,12.07,6.0419,0
1554,2024-12-16,309.8,0,27.0,4.83,12.15,3.62,235.92,139.8,22.98,986.0,445.0,72.89,11.98,6.1479,0
1555,2024-12-17,310.9,0,26.66,4.83,12.15,3.62,235.99,140.96,23.17,978.75,443.5,72.73,11.95,6.1048,0
1556,2024-12-18,315.15,0,27.35,4.83,12.15,3.62,237.08,139.44,22.34,953.25,437.25,72.74,11.65,6.2896,0
1557,2024-12-19,315.55,0,28.68,4.83,12.15,3.62,236.82,137.46,22.48,966.5,440.75,72.45,11.85,6.1525,0
1558,2024-12-20,315.1,0,27.86,4.83,12.15,3.62,238.53,137.87,22.75,979.25,446.25,72.73,12.0,6.0853,0
1559,2024-12-21,315.1,0,27.12,4.83,12.15,3.62,238.53,137.87,22.75,979.25,446.25,72.73,12.0,6.0853,0
1560,2024-12-22,315.1,0,26.13,4.83,12.15,3.62,238.53,137.87,22.75,979.25,446.25,72.73,12.0,6.0853,0
1561,2024-12-23,314.6,0,28.13,4.83,12.15,3.62,238.01,137.35,22.19,975.5,447.75,72.84,11.77,6.1939,0
1562,2024-12-24,314.6,0,26.03,4.83,12.15,3.62,239.47,137.35,22.19,981.25,448.5,72.84,11.77,6.1906,0
1563,2024-12-25,314.6,0,26.53,4.83,12.15,3.62,239.47,137.35,22.19,981.25,448.5,72.84,11.77,6.1906,0
1564,2024-12-26,315.85,0,26.3,4.83,12.15,3.62,239.21,138.51,22.42,997.25,453.75,72.69,11.77,6.1828,0
1565,2024-12-27,318.35,0,26.13,4.83,12.15,3.62,233.5,139.06,22.46,989.75,454.0,72.65,11.73,6.1964,0
1566,2024-12-28,318.35,0,27.14,4.83,12.15,3.62,233.5,139.06,22.46,989.75,454.0,72.65,11.73,6.1964,0
1567,2024-12-29,318.35,0,27.74,4.83,12.15,3.62,233.5,139.06,22.46,989.75,454.0,72.65,11.73,6.1964,0
1568,2024-12-30,317.4,0,25.7,4.83,12.15,3.62,231.53,139.41,22.56,991.75,452.25,72.69,11.76,6.1778,0
1569,2024-12-31,317.4,0,26.66,4.83,12.15,3.62,232.23,139.41,22.56,1010.5,458.5,72.69,11.76,6.1778,0
1570,2025-01-01,317.4,0,27.94,4.56,12.15,2.85,232.23,139.41,22.56,1010.5,458.5,72.69,11.76,6.1778,0
1571,2025-01-02,321.55,0,27.1,4.56,12.15,2.85,232.72,138.93,22.54,1012.0,459.5,72.94,11.83,6.1519,0
1572,2025-01-03,321.85,0,26.14,4.56,12.15,2.85,232.5,138.1,22.34,991.75,450.75,72.99,11.81,6.1798,0
1573,2025-01-04,321.85,0,28.6,4.56,12.15,2.85,232.5,138.1,22.34,991.75,450.75,72.99,11.81,6.1798,0
1574,2025-01-05,321.85,0,25.36,4.56,12.15,2.85,232.5,138.1,22.34,991.75,450.75,72.99,11.81,6.1798,0
1575,2025-01-06,321.85,0,26.09,4.56,12.15,2.85,225.82,137.32,22.46,997.75,457.75,73.14,11.96,6.1152,0
1576,2025-01-07,322.5,0,26.0,4.56,12.15,2.85,227.01,134.16,21.94,997.25,458.0,73.98,12.1,6.101,0
1577,2025-01-08,323.7,0,26.09,4.56,12.15,2.85,229.3,136.5,22.35,994.5,454.0,74.23,12.15,6.1055,0
1578,2025-01-09,323.9,0,24.7,4.56,12.15,2.85,229.3,137.53,22.72,999.0,456.0,74.32,12.28,6.0364,0
1579,2025-01-10,324.35,0,24.38,4.56,12.15,2.85,229.2,137.91,22.61,1025.25,470.5,74.91,12.28,6.1053,0
1580,2025-01-11,324.35,0,25.59,4.56,12.15,2.85,229.2,137.91,22.61,1025.25,470.5,74.91,12.28,6.1053,0
1581,2025-01-12,324.35,0,24.63,4.56,12.15,2.85,229.2,137.91,22.61,1025.25,470.5,74.91,12.28,6.1053,0
1582,2025-01-13,325.6,0,24.64,4.56,12.15,2.85,229.45,137.9,22.61,1041.5,476.5,74.92,12.28,6.0944,0
1583,2025-01-14,325.7,0,23.81,4.56,12.15,2.85,231.73,137.31,22.71,1043.0,474.5,74.69,12.35,6.0559,0
1584,2025-01-15,326.95,0,24.48,4.56,12.15,2.85,227.88,136.34,22.65,1042.75,478.75,74.97,12.45,6.0098,0
1585,2025-01-16,325.3,0,24.12,4.56,12.15,2.85,232.31,134.2,22.14,1019.0,474.5,74.42,12.28,6.0499,0
1586,2025-01-17,326.65,0,24.94,4.56,12.15,2.85,232.71,133.07,21.95,1034.0,484.25,74.25,12.25,6.0704,0
1587,2025-01-18,326.65,0,26.31,4.56,12.15,2.85,232.71,133.07,21.95,1034.0,484.25,74.25,12.25,6.0704,0
1588,2025-01-19,326.65,0,25.9,4.56,12.15,2.85,232.71,133.07,21.95,1034.0,484.25,74.25,12.25,6.0704,0
1589,2025-01-20,326.65,0,26.82,4.56,12.15,2.85,232.71,133.07,21.95,1034.0,484.25,74.25,12.25,6.0704,0
1590,2025-01-21,326.6,0,26.85,4.56,12.15,2.85,232.25,134.44,22.29,1067.25,490.0,74.02,12.27,6.022,0
1591,2025-01-22,327.15,0,26.53,4.56,12.15,2.85,232.53,133.52,22.48,1056.0,484.25,74.1,12.48,5.9415,0
1592,2025-01-23,325.4,0,27.65,4.56,12.15,2.85,233.38,133.8,22.61,1065.5,489.75,73.88,12.49,5.9243,0
1593,2025-01-24,325.1,0,29.25,4.56,12.15,2.85,234.68,134.41,22.73,1055.75,486.5,73.86,12.49,5.9109,0
1594,2025-01-25,325.1,0,27.8,4.56,12.15,2.85,234.68,134.41,22.73,1055.75,486.5,73.86,12.49,5.9109,0
1595,2025-01-26,325.1,0,25.82,4.56,12.15,2.85,234.68,134.41,22.73,1055.75,486.5,73.86,12.49,5.9109,0
1596,2025-01-27,326.7,0,27.91,4.56,12.15,2.85,236.95,132.29,22.38,1045.0,482.0,74.04,12.53,5.8926,0
1597,2025-01-28,325.2,0,28.15,4.56,12.15,2.85,234.39,130.04,22.15,1045.0,485.25,74.05,12.61,5.8571,0
1598,2025-01-29,325.85,0,27.94,4.56,12.15,2.85,232.5,130.7,22.23,1060.5,497.0,74.49,12.67,5.8563,0
1599,2025-01-30,326.0,0,26.6,4.56,13.15,2.85,235.92,130.99,22.32,1044.0,490.25,74.79,12.75,5.874,0
1600,2025-01-31,324.45,0,24.99,4.56,13.15,2.85,236.52,128.99,22.09,1042.0,482.0,74.99,12.84,5.841,0
1601,2025-02-01,324.45,0,25.93,5.06,13.15,2.85,236.52,128.99,22.09,1042.0,482.0,74.99,12.84,5.841,0
1602,2025-02-02,324.45,0,25.23,5.06,13.15,2.85,236.52,128.99,22.09,1042.0,482.0,74.99,12.84,5.841,0
1603,2025-02-03,326.1,0,26.27,5.06,13.15,2.85,240.65,130.04,22.36,1058.25,488.75,75.32,12.95,5.8066,0
1604,2025-02-04,327.1,0,26.7,5.06,13.15,2.85,242.53,130.47,22.62,1075.0,494.5,75.6,13.11,5.754,0
1605,2025-02-05,325.85,0,27.28,5.06,13.15,2.85,241.64,131.35,22.69,1057.0,493.25,76.04,13.13,5.7973,0
1606,2025-02-06,326.9,0,28.44,5.06,13.15,2.85,244.41,132.05,22.89,1060.5,495.25,76.42,13.25,5.7617,0
1607,2025-02-07,324.6,0,28.82,5.06,13.15,2.85,244.83,131.41,22.7,1049.5,487.5,77.24,13.35,5.8058,0
1608,2025-02-08,324.6,0,29.05,5.06,13.15,2.85,244.83,131.41,22.7,1049.5,487.5,77.24,13.35,5.8058,0
1609,2025-02-09,324.6,0,25.92,5.06,13.15,2.85,244.83,131.41,22.7,1049.5,487.5,77.24,13.35,5.8058,0
1610,2025-02-10,324.65,0,24.05,5.06,13.15,2.85,241.81,131.07,22.64,1049.5,491.5,77.26,13.35,5.7874,0
1611,2025-02-11,324.25,0,23.91,5.06,13.15,2.85,241.74,132.63,22.99,1043.5,484.0,77.96,13.51,5.7635,0
1612,2025-02-12,322.8,0,25.73,5.06,13.15,2.85,248.96,131.64,22.85,1027.75,490.25,79.0,13.71,5.7649,0
1613,2025-02-13,320.05,0,26.37,5.06,13.15,2.85,250.11,130.68,22.65,1030.0,493.5,79.12,13.71,5.7669,0
1614,2025-02-14,320.3,0,28.57,5.06,13.15,2.85,245.48,130.83,22.94,1036.0,496.25,79.86,14.0,5.7042,0
1615,2025-02-15,320.3,0,27.74,5.06,13.15,2.85,245.48,130.83,22.94,1036.0,496.25,79.86,14.0,5.7042,0
1616,2025-02-16,320.3,0,24.95,5.06,13.15,2.85,245.48,130.83,22.94,1036.0,496.25,79.86,14.0,5.7042,0
1617,2025-02-17,320.3,0,27.11,5.06,13.15,2.85,245.48,130.83,22.94,1036.0,496.25,79.86,14.0,5.7042,0
1618,2025-02-18,317.45,0,28.68,5.06,13.15,2.85,247.85,130.35,22.9,1038.5,515.75,78.91,13.86,5.6892,0
1619,2025-02-19,315.3,0,28.11,5.06,13.15,2.85,250.75,130.57,22.84,1031.75,512.25,81.26,14.21,5.7214,0
1620,2025-02-20,314.2,0,29.25,5.06,13.15,2.85,248.32,131.17,22.98,1045.5,512.75,83.62,14.65,5.7029,0
1621,2025-02-21,314.2,0,29.17,5.06,13.15,2.85,248.87,131.78,23.01,1039.5,505.0,84.19,14.7,5.732,0
1622,2025-02-22,314.2,0,27.5,5.06,13.15,2.85,248.87,131.78,23.01,1039.5,505.0,84.19,14.7,5.732,0
1623,2025-02-23,314.2,0,27.87,5.06,13.15,2.85,248.87,131.78,23.01,1039.5,505.0,84.19,14.7,5.732,0
1624,2025-02-24,314.25,0,26.28,5.06,13.15,2.85,247.75,130.87,22.76,1047.5,497.0,84.85,14.76,5.7785,0
1625,2025-02-25,312.1,0,25.68,5.06,13.15,2.85,250.82,132.19,22.97,1048.75,494.25,86.67,15.06,5.7396,0
1626,2025-02-26,311.4,0,25.79,5.06,13.15,2.85,247.99,132.04,22.77,1041.25,493.5,87.18,15.03,5.8035,0
1627,2025-02-27,311.4,0,26.16,5.06,13.15,2.85,249.85,134.55,23.08,1037.25,481.0,87.68,15.04,5.8401,0
1628,2025-02-28,310.95,0,24.92,5.06,13.15,2.85,253.77,134.42,22.76,1025.75,469.5,87.49,14.82,5.8852,0
1629,2025-03-01,310.95,0,26.82,5.48,13.15,2.85,253.77,134.42,22.76,1025.75,469.5,87.49,14.82,5.8852,0
1630,2025-03-02,310.95,0,26.07,5.48,13.15,2.85,253.77,134.42,22.76,1025.75,469.5,87.49,14.82,5.8852,0
1631,2025-03-03,310.95,0,27.82,5.48,13.15,2.85,256.88,134.42,22.76,1011.5,456.25,87.49,14.82,5.8852,0
1632,2025-03-04,310.95,0,28.19,5.48,13.15,2.85,251.98,134.42,22.76,999.0,451.5,87.49,14.82,5.8852,0
1633,2025-03-05,309.7,0,26.08,5.48,13.15,2.85,254.48,133.44,23.18,1011.75,455.75,87.67,15.23,5.7394,0
1634,2025-03-06,311.0,0,27.39,5.48,13.15,2.85,254.04,135.72,23.55,1027.25,464.0,87.85,15.24,5.7639,0
1635,2025-03-07,311.65,0,28.41,5.48,13.15,2.85,254.57,134.19,23.17,1025.0,469.25,88.71,15.32,5.7874,0
1636,2025-03-08,311.65,0,27.11,5.48,13.15,2.85,254.57,134.19,23.17,1025.0,469.25,88.71,15.32,5.7874,0
1637,2025-03-09,311.65,0,28.18,5.48,13.15,2.85,254.57,134.19,23.17,1025.0,469.25,88.71,15.32,5.7874,0
1638,2025-03-10,311.45,0,29.12,5.48,13.15,2.85,262.28,134.86,23.04,999.75,458.75,88.52,15.12,5.8555,0
1639,2025-03-11,311.95,0,27.57,5.48,13.15,2.85,260.43,134.52,23.16,997.75,456.5,89.08,15.34,5.8103,0
1640,2025-03-12,312.1,0,27.54,5.48,13.15,2.85,256.72,132.37,22.8,987.5,448.75,89.39,15.4,5.7978,0
1641,2025-03-13,312.1,0,28.45,5.48,13.15,2.85,259.84,134.88,23.26,996.75,453.5,89.88,15.5,5.799,0
1642,2025-03-14,309.7,0,3.0,5.48,13.15,2.85,258.68,134.36,23.4,999.25,445.5,89.83,15.65,5.7385,0
1643,2025-03-15,309.7,0,29.27,5.48,13.15,2.85,258.68,134.36,23.4,999.25,445.5,89.83,15.65,5.7385,0
1644,2025-03-16,309.7,0,26.71,5.48,13.15,2.85,258.68,134.36,23.4,999.25,445.5,89.83,15.65,5.7385,0
1645,2025-03-17,309.2,0,27.69,5.48,13.15,2.85,263.58,133.05,23.45,1015.5,461.0,90.26,15.91,5.6835,0
1646,2025-03-18,310.1,0,27.84,5.48,13.15,2.85,266.49,133.72,23.57,1012.75,458.75,90.33,15.92,5.6705,0
1647,2025-03-19,310.25,0,27.21,5.48,13.15,2.85,265.47,132.78,23.5,1008.25,462.0,90.18,15.96,5.6485,0
1648,2025-03-20,311.25,0,26.38,5.48,14.15,2.85,266.54,133.32,23.52,1013.0,469.0,90.08,15.89,5.6797,0
1649,2025-03-21,312.6,0,26.11,5.48,14.15,2.85,263.35,133.38,23.33,1009.75,464.25,90.14,15.77,5.7291,0
1650,2025-03-22,312.6,0,26.27,5.48,14.15,2.85,263.35,133.38,23.33,1009.75,464.25,90.14,15.77,5.7291,0
1651,2025-03-23,312.6,0,27.23,5.48,14.15,2.85,263.35,133.38,23.33,1009.75,464.25,90.14,15.77,5.7291,0
1652,2025-03-24,312.75,0,26.0,5.48,14.15,2.85,262.94,134.1,23.31,1007.25,464.5,89.74,15.6,5.7646,0
1653,2025-03-25,312.95,0,27.78,5.48,14.15,2.85,262.06,132.11,23.17,1001.75,457.75,89.12,15.63,5.6989,0
1654,2025-03-26,312.95,0,26.24,5.48,14.15,2.85,262.72,131.72,22.97,1001.0,451.25,88.94,15.51,5.7359,0
1655,2025-03-27,316.55,0,27.41,5.48,14.15,2.85,261.85,133.13,23.13,1016.75,450.0,87.92,15.28,5.7452,0
1656,2025-03-28,319.1,0,27.3,5.48,14.15,2.85,262.22,132.47,23.01,1023.0,453.25,87.87,15.26,5.7604,0
1657,2025-03-29,319.1,0,26.83,5.48,14.15,2.85,262.22,132.47,23.01,1023.0,453.25,87.87,15.26,5.7604,0
1658,2025-03-30,319.1,0,26.95,5.48,14.15,2.85,262.22,132.47,23.01,1023.0,453.25,87.87,15.26,5.7604,0
1659,2025-03-31,319.5,0,26.49,5.48,14.15,2.85,265.29,132.19,23.17,1014.75,457.25,87.71,15.37,5.7047,0
