data,boi_real,boi_dolar,CovidPeriodFlag,TEMPERATURA,ipca,selic,PIB,cme_valor,soja_real,soja_dolar,soja_futuro,milho_futuro,milho_real,milho_dolar,taxa,el_nino_encoded
2020-01-02,192.95,47.96,0,0.4282186798288304,0.4888874750848822,0.6124951205414743,0.4883310329354324,0.6434153830568619,0.5672099632059319,0.5557515245539631,0.3616481478344872,0.6015909229160447,0.5751793131642675,0.641516487332041,0.0,0.5000000038176922
2020-01-03,196.7,48.53,0,0.4282186798288304,0.4888874750848822,0.6124951205414743,0.4883310329354324,0.6434153830568619,0.5672099632059319,0.5557515245539631,0.3616481478344872,0.6015909229160447,0.5751793131642675,0.641516487332041,0.0117451954782351,0.5000000038176922
2020-01-04,196.7,48.53,0,0.4717131931890891,0.4888874750848822,0.6124951205414743,0.4883310329354324,0.5871404572281147,0.5230010097238436,0.5431930468432473,0.4046857750915198,0.6339502196150179,0.540149084401723,0.6289974202016578,0.0117451954782351,0.5000000038176922
2020-01-05,196.7,48.53,0,0.5146359356894561,0.4888874750848822,0.6124951205414743,0.4883310329354324,0.5871404572281147,0.5230010097238436,0.5431930468432473,0.4046857750915198,0.6339502196150179,0.540149084401723,0.6289974202016578,0.0117451954782351,0.5000000038176922
2020-01-06,196.4,48.24,0,0.4523494881459282,0.4888874750848822,0.6124951205414743,0.4883310329354324,0.6042478982321313,0.4892670789739484,0.4799837297165811,0.4148564415879984,0.6221591613463359,0.5457058893644516,0.6127849691955636,0.0102119198058633,0.5000000038176922
2020-01-07,196.6,48.42,0,0.4719060839423969,0.4888874750848822,0.6124951205414743,0.4883310329354324,0.5792019633109591,0.5117445620600429,0.5431930468432473,0.4024072805928778,0.632207217341943,0.5630728230839697,0.6809364220760719,0.011947955482924,0.5000000038176922
2020-01-08,196.7,48.58,0,0.5353309316548479,0.4888874750848822,0.6124951205414743,0.4883310329354324,0.6098425415840071,0.5287105222300287,0.5633522394993806,0.4148564415879984,0.632207217341943,0.6128631286252217,0.7477420576931934,0.0111083324785848,0.5000000038176922
2020-01-09,198.45,48.56,0,0.4848903984661866,0.4888874750848822,0.6124951205414743,0.4883310329354324,0.6363741146347037,0.5261084992182851,0.4990876845521023,0.3934793408395815,0.6271130947983594,0.6375067071637701,0.7135105114477996,0.0191987347450011,0.5000000038176922
2020-01-10,196.25,48.09,0,0.5154224889260673,0.4888874750848822,0.6124951205414743,0.4883310329354324,0.522487270018952,0.5163247562030255,0.5431930468432473,0.412482581735324,0.6525208717263086,0.5443051938027094,0.6457587750176421,0.020223908028649,0.5000000038176922
2020-01-11,196.25,48.09,0,0.405369321561579,0.4888874750848822,0.6124951205414743,0.4883310329354324,0.5871404572281147,0.5230010097238436,0.5431930468432473,0.4046857750915198,0.6339502196150179,0.540149084401723,0.6289974202016578,0.020223908028649,0.5000000038176922
2020-01-12,196.25,48.09,0,0.5114913477925778,0.4888874750848822,0.6124951205414743,0.4883310329354324,0.5871404572281147,0.5230010097238436,0.5431930468432473,0.4046857750915198,0.6339502196150179,0.540149084401723,0.6289974202016578,0.020223908028649,0.5000000038176922
2020-01-13,196.3,47.45,0,0.3833695414878977,0.4888874750848822,0.6124951205414743,0.4883310329354324,0.568468226825709,0.5493480492384097,0.501495950888989,0.3934793408395815,0.6622582164943145,0.534715668698112,0.5527806875107838,0.0352108167824747,0.5000000038176922
2020-01-14,193.95,46.97,0,0.6140173823059853,0.4888874750848822,0.6124951205414743,0.4883310329354324,0.5756690907536726,0.5440031914391018,0.5786964213368587,0.4046857750915198,0.6304894958310898,0.5557153114333832,0.6630728613838082,0.0310331114071258,0.5000000038176922
2020-01-15,194.25,46.5,0,0.4780938821880386,0.4888874750848822,0.6124951205414743,0.4883310329354324,0.6169386827981768,0.512251893548626,0.4705352973390483,0.4039227049327588,0.6237980410922909,0.5767202010924697,0.6208241598780461,0.0438499872031253,0.5000000038176922
2020-01-16,192.15,45.82,0,0.4592285215140441,0.4888874750848822,0.6124951205414743,0.4883310329354324,0.6314868600794753,0.4625382044443812,0.4518326955377943,0.3905411595990285,0.5597144794613541,0.526126730741967,0.5894259012134099,0.0467015038469903,0.5000000038176922
2020-01-17,192.5,46.26,0,0.3517171582037022,0.4888874750848822,0.6124951205414743,0.4883310329354324,0.5813720525611037,0.5163247562030255,0.5786964213368587,0.4228367337550019,0.7449289689636884,0.5254773702599211,0.6457587750176413,0.0397134812059761,0.5000000038176922
2020-01-18,192.5,46.26,0,0.6024445658464335,0.4888874750848822,0.6124951205414743,0.4883310329354324,0.5871404572281147,0.5230010097238436,0.5431930468432473,0.4046857750915198,0.6339502196150179,0.540149084401723,0.6289974202016578,0.0397134812059761,0.5000000038176922
2020-01-19,192.5,46.26,0,0.427840032989961,0.4888874750848822,0.6124951205414743,0.4883310329354324,0.5871404572281147,0.5230010097238436,0.5431930468432473,0.4046857750915198,0.6339502196150179,0.540149084401723,0.6289974202016578,0.0397134812059761,0.5000000038176922
2020-01-20,192.5,46.26,0,0.4392163259553823,0.4888874750848822,0.6124951205414743,0.4883310329354324,0.5871404572281147,0.5230010097238436,0.5431930468432473,0.4046857750915198,0.6339502196150179,0.540149084401723,0.6289974202016578,0.0397134812059761,0.5000000038176922
2020-01-21,190.6,45.38,0,0.5042300972160699,0.4888874750848822,0.6124951205414743,0.4883310329354324,0.5871404572281147,0.5371076693736127,0.5087489146149641,0.3659423823469069,0.6221591613463359,0.5327083236715712,0.5744434551012809,0.0551369578559495,0.5000000038176922
2020-01-22,194.05,46.46,0,0.3957696822611982,0.4888874750848822,0.6124951205414743,0.4883310329354324,0.5997195524539831,0.5097190309781867,0.5582797077427687,0.3979168380847812,0.6430378633267847,0.5457058893644516,0.6674873624869875,0.0460635203987359,0.5000000038176922
2020-01-23,191.2,45.91,0,0.4761571884164446,0.4888874750848822,0.6124951205414743,0.4883310329354324,0.6025978909873629,0.4644595453734328,0.4871146065046753,0.392008518026216,0.6721853998295578,0.5235384143571504,0.6167881066277217,0.042337645775426,0.5000000038176922
2020-01-24,187.0,44.67,0,0.4810034326326926,0.4888874750848822,0.6124951205414743,0.4883310329354324,0.607558612446072,0.511237613428331,0.5063265161213912,0.3825209673370697,0.5924075886159248,0.5353883395109473,0.5970901873324007,0.0456992019960806,0.5000000038176922
2020-01-26,187.0,44.67,0,0.4876159024781647,0.4888874750848822,0.6124951205414743,0.4883310329354324,0.5871404572281147,0.5230010097238436,0.5431930468432473,0.4046857750915198,0.6339502196150179,0.540149084401723,0.6289974202016578,0.0456992019960806,0.5000000038176922
2020-01-27,190.7,45.35,0,0.4835290371707124,0.4888874750848822,0.6124951205414743,0.4883310329354324,0.6660189034886481,0.5193967872786084,0.5160451918401547,0.3905411595990285,0.5908907451631501,0.5653121537748457,0.641516487332041,0.0536324907655004,0.5000000038176922
2020-01-28,189.7,45.23,0,0.4686307741223727,0.4888874750848822,0.6124951205414743,0.4883310329354324,0.5915686189788646,0.5168356965433071,0.5481997849929197,0.3986608418979394,0.680238081473769,0.5499525467975346,0.658692701759379,0.0496249143792257,0.5000000038176922
2020-01-29,186.1,44.08,0,0.4630600658236083,0.4888874750848822,0.6124951205414743,0.4883310329354324,0.594611483712592,0.532371437270779,0.5209341473343067,0.3986608418979394,0.6189128016759963,0.5159122837403096,0.5634949347753477,0.0606891064828555,0.5000000038176922
2020-01-30,191.1,44.85,0,0.5436336118087175,0.4888874750848822,0.6124951205414743,0.4883310329354324,0.6976424315436943,0.5107310442553523,0.4823563764961658,0.3566509256547106,0.6031367321424231,0.522895085146074,0.5598980322593133,0.0646306689684682,0.5000000038176922
2020-01-31,190.8,44.55,0,0.4713274999328861,0.4888874750848822,0.6124951205414743,0.4883310329354324,0.5546425266949453,0.5016741291854582,0.4942849424542813,0.3934793408395815,0.6467943986504651,0.5320426954238691,0.5932432175904532,0.076860508996467,0.5000000038176922
2020-02-01,190.8,44.55,0,0.4903448755973192,0.4310259506335235,0.6124951205414743,0.4883310329354324,0.5871404572281147,0.5230010097238436,0.5431930468432473,0.4046857750915198,0.6339502196150179,0.540149084401723,0.6289974202016578,0.076860508996467,0.5000000038176922
2020-02-02,190.8,44.55,0,0.4960077406392312,0.4888874750848822,0.6124951205414743,0.4883310329354324,0.5871404572281147,0.5230010097238436,0.5431930468432473,0.4046857750915198,0.6339502196150179,0.540149084401723,0.6289974202016578,0.076860508996467,0.5000000038176922
2020-02-03,196.2,46.18,0,0.4042390884714118,0.4888874750848822,0.6124951205414743,0.4883310329354324,0.5381839064853602,0.4927226312040799,0.5481997849929197,0.4172407349168211,0.617303548197701,0.5203363129212892,0.641516487332041,0.0660632758733367,0.5000000038176922
2020-02-04,193.45,45.44,0,0.4140426661491045,0.4888874750848822,0.6124951205414743,0.4883310329354324,0.606936804550487,0.5440031914391018,0.5582797077427687,0.4116939677234617,0.6602940242590092,0.4905990489209273,0.5492594636858837,0.0682171346226703,0.5000000038176922
2020-02-05,192.85,45.44,0,0.4815859487601759,0.4888874750848822,0.6124951205414743,0.4883310329354324,0.5462895475872334,0.5461370513360703,0.5838523745760821,0.4062245023027874,0.6237980410922909,0.5471140777219675,0.6543469336664995,0.0622385079334855,0.5000000038176922
2020-02-06,194.5,45.48,0,0.4548311603446618,0.4888874750848822,0.4604278042254562,0.4883310329354324,0.5713783884603901,0.5297543858626774,0.5136081996836454,0.4085558464723464,0.6237980410922909,0.5374173218761148,0.5894259012134099,0.0769237171599137,0.5000000038176922
2020-02-07,195.4,45.24,0,0.4433972282314464,0.4888874750848822,0.6124951205414743,0.4883310329354324,0.5986945502042723,0.5814970912074243,0.5582797077427696,0.4054532238793171,0.666208802432395,0.5829425042998739,0.6373087969420228,0.0890567582535614,0.5000000038176922
2020-02-08,195.4,45.24,0,0.4619097871533517,0.4888874750848822,0.6124951205414743,0.4883310329354324,0.5871404572281147,0.5230010097238436,0.5431930468432473,0.4046857750915198,0.6339502196150179,0.540149084401723,0.6289974202016578,0.0890567582535614,0.5000000038176922
2020-02-09,195.4,45.24,0,0.4804211128147361,0.4888874750848822,0.6124951205414743,0.4883310329354324,0.5871404572281147,0.5230010097238436,0.5431930468432473,0.4046857750915198,0.6339502196150179,0.540149084401723,0.6289974202016578,0.0890567582535614,0.5000000038176922
2020-02-10,195.7,45.23,0,0.5586877067722166,0.4888874750848822,0.6124951205414743,0.4883310329354324,0.5905583999350572,0.5386934084512417,0.5507115223902407,0.4116939677234617,0.6221591613463359,0.5521003651818106,0.6373087969420228,0.0905019014804606,0.5000000038176922
2020-02-11,194.15,44.88,0,0.5535335130386534,0.4888874750848822,0.6124951205414743,0.4883310329354324,0.5536900305449974,0.5344724670129626,0.5557515245539631,0.4046857750915198,0.6205310694144502,0.5564434938581366,0.6500356077019543,0.0926905428710895,0.5000000038176922
2020-02-12,197.55,45.45,0,0.2985918844733486,0.4888874750848822,0.6124951205414743,0.4883310329354324,0.5108158974360988,0.5429383555191902,0.5406981132125965,0.4244426670030199,0.6583377359428222,0.5782670192134396,0.658692701759379,0.1002018830287849,0.5000000038176922
2020-02-13,195.55,45.02,0,0.6054362140120372,0.4888874750848822,0.6124951205414743,0.4883310329354324,0.6007461478109133,0.5574265069230065,0.5864379244329208,0.412482581735324,0.6109442010720134,0.55210036518181,0.6457587750176413,0.0985772693738054,0.5000000038176922
2020-02-14,196.55,45.71,0,0.5303951114881265,0.4888874750848822,0.6124951205414743,0.4883310329354324,0.6893148189727778,0.5349987248028554,0.6099292201585402,0.3964329717688031,0.6221591613463359,0.5638176544315269,0.7182996106860551,0.0817422539583074,0.5000000038176922
2020-02-15,196.55,45.71,0,0.4617181438863936,0.4888874750848822,0.6124951205414743,0.4883310329354324,0.5871404572281147,0.5230010097238436,0.5431930468432473,0.4046857750915198,0.6339502196150179,0.540149084401723,0.6289974202016578,0.0817422539583074,0.5000000038176922
2020-02-16,196.55,45.71,0,0.4174407709366416,0.4888874750848822,0.6124951205414743,0.4883310329354324,0.5871404572281147,0.5230010097238436,0.5431930468432473,0.4046857750915198,0.6339502196150179,0.540149084401723,0.6289974202016578,0.0817422539583074,0.5000000038176922
2020-02-17,196.55,45.71,0,0.4125331767748313,0.4888874750848822,0.6124951205414743,0.4883310329354324,0.5871404572281147,0.5230010097238436,0.5431930468432473,0.4046857750915198,0.6339502196150179,0.540149084401723,0.6289974202016578,0.0817422539583074,0.5000000038176922
2020-02-18,197.05,45.22,0,0.5229023872346679,0.4888874750848822,0.6124951205414743,0.4883310329354324,0.5919732951049019,0.5292322394439772,0.4823563764961658,0.401653812012719,0.6741900346016415,0.5485296616232704,0.5781469844146337,0.1004946519210773,0.5000000038176922
2020-02-19,193.1,44.2,0,0.4576979818144522,0.4888874750848822,0.6124951205414743,0.4883310329354324,0.4767568673137735,0.5153041203716314,0.523386222772032,0.4148564415879984,0.617303548197701,0.5521003651818106,0.6331357567350356,0.1034933290023752,0.5000000038176922
2020-02-20,202.85,46.25,0,0.467092078220316,0.4888874750848822,0.6124951205414743,0.4883310329354324,0.6179865960545242,0.5504210372809205,0.5507115223902416,0.3912744264249997,0.6205310694144502,0.5300559927172442,0.5970901873324007,0.1128184236091643,0.5000000038176922
2020-02-21,198.4,45.19,0,0.4765443231108475,0.4888874750848822,0.6124951205414743,0.4883310329354324,0.5837501069652835,0.5097190309781867,0.525843439994853,0.3986608418979394,0.6237980410922909,0.5436076870638893,0.6289974202016578,0.1115647060557915,0.5000000038176922
2020-02-22,198.4,45.19,0,0.4615265202288419,0.4888874750848822,0.6124951205414743,0.4883310329354324,0.5871404572281147,0.5230010097238436,0.5431930468432473,0.4046857750915198,0.6339502196150179,0.540149084401723,0.6289974202016578,0.1115647060557915,0.5000000038176922
2020-02-23,198.4,45.19,0,0.5085457491746174,0.4888874750848822,0.6124951205414743,0.4883310329354324,0.5871404572281147,0.5230010097238436,0.5431930468432473,0.4046857750915198,0.6339502196150179,0.540149084401723,0.6289974202016578,0.1115647060557915,0.5000000038176922
2020-02-24,198.4,45.19,0,0.437317718749246,0.4888874750848822,0.6124951205414743,0.4883310329354324,0.5966495207574728,0.5230010097238436,0.5431930468432473,0.3566509256547106,0.6031367321424231,0.540149084401723,0.6289974202016578,0.1110044328390342,0.5000000038176922
2020-02-25,198.4,45.19,0,0.5402714768269453,0.4888874750848822,0.6124951205414743,0.4883310329354324,0.5678875736365475,0.5230010097238436,0.5431930468432473,0.4228367337550019,0.6357227319014778,0.540149084401723,0.6289974202016578,0.1110044328390342,0.5000000038176922
2020-02-26,202.8,45.69,0,0.3955816150967474,0.4888874750848822,0.6124951205414743,0.4883310329354324,0.8468701599750413,0.5158142321412567,0.4799837297165811,0.416444916444562,0.6205310694144502,0.5805982440926526,0.6248937263164571,0.1318139287782499,0.5000000038176922
2020-02-27,202.05,45.2,0,0.5475916053194008,0.4888874750848822,0.6124951205414743,0.4883310329354324,0.4063783525943644,0.5323714372707796,0.5209341473343067,0.4140639039571775,0.5954524305363847,0.5713534149256314,0.6331357567350356,0.1440150432612503,0.5000000038176922
2020-02-28,201.75,44.91,0,0.4044274441224261,0.4888874750848822,0.6124951205414743,0.4883310329354324,0.3748796229845901,0.5776335305729537,0.5735608917914482,0.3979168380847812,0.648691979397709,0.5367391437910765,0.6009673185843067,0.1396454888760693,0.5000000038176922
2020-02-29,201.75,44.91,0,0.4588457801791757,0.4888874750848822,0.6124951205414743,0.4883310329354324,0.5871404572281147,0.5230010097238436,0.5431930468432473,0.4046857750915198,0.6339502196150179,0.540149084401723,0.6289974202016578,0.1396454888760693,0.5000000038176922
2020-03-01,201.75,44.91,0,0.4932723407836292,0.2765240309774123,0.6124951205414743,0.4883310329354324,0.5871404572281147,0.5230010097238436,0.5431930468432473,0.4046857750915198,0.6339502196150179,0.540149084401723,0.6289974202016578,0.1396454888760693,0.5000000038176922
2020-03-02,204.15,45.52,0,0.4651708535432376,0.4888874750848822,0.6124951205414743,0.4883310329354324,0.8178000648038898,0.5461370513360703,0.576126086205774,0.4308921972426677,0.6986495358655912,0.5615880405459864,0.6674873624869875,0.1398838952417044,0.5000000038176922
2020-03-03,202.1,44.81,0,0.4965942679493432,0.4888874750848822,0.6124951205414743,0.4883310329354324,0.7300873473623309,0.5509580201932803,0.5456936122820992,0.412482581735324,0.6883749269723083,0.5586382470261698,0.6248937263164571,0.1537520881589065,0.5000000038176922
2020-03-04,202.0,44.12,0,0.451967919794669,0.4888874750848822,0.6124951205414743,0.4883310329354324,0.7498880771833032,0.5623065784365859,0.5087489146149641,0.416444916444562,0.6741900346016415,0.5668130452585861,0.5894259012134099,0.1783975555426268,0.5000000038176922
2020-03-05,201.2,43.29,0,0.4880055496537576,0.4888874750848822,0.6124951205414743,0.4883310329354324,0.5519777452017136,0.5655729777681836,0.5111761250454949,0.3745658438257178,0.617303548197701,0.5774928723871217,0.6048751330486282,0.186460309285814,0.5000000038176922
2020-03-06,203.25,43.91,0,0.4267043094925799,0.4888874750848822,0.6124951205414743,0.4883310329354324,0.4823972563783721,0.545603068442321,0.5890284784785182,0.3876156493706774,0.5878675775273413,0.5852996231262702,0.7087552361286228,0.1935082462997946,0.5000000038176922
2020-03-07,203.25,43.91,0,0.4674766046498779,0.4888874750848822,0.6124951205414743,0.4883310329354324,0.5871404572281147,0.5230010097238436,0.5431930468432473,0.4046857750915198,0.6339502196150179,0.540149084401723,0.6289974202016578,0.1935082462997946,0.5000000038176922
2020-03-08,203.25,43.91,0,0.5230994057556967,0.4888874750848822,0.6124951205414743,0.4883310329354324,0.5871404572281147,0.5230010097238436,0.5431930468432473,0.4046857750915198,0.6339502196150179,0.540149084401723,0.6289974202016578,0.1935082462997946,0.5000000038176922
2020-03-09,199.4,42.02,0,0.4584631103377165,0.4888874750848822,0.6124951205414743,0.4883310329354324,0.3787598870636037,0.5102248512002805,0.4151426708374697,0.3431461218001533,0.6141094192940628,0.5579049714021179,0.5388410868280268,0.2288543923270449,0.5000000038176922
2020-03-10,202.7,43.65,0,0.4897598167383461,0.4888874750848822,0.6124951205414743,0.4883310329354324,0.6306387040470055,0.511237613428331,0.6391588351364746,0.4244426670030199,0.6782165762199728,0.5601098242324749,0.7731997093917807,0.1991547877112138,0.5000000038176922
2020-03-11,203.25,42.93,1,0.475189816755791,0.4888874750848822,0.6124951205414743,0.4883310329354324,0.3615009696884417,0.5514953264505283,0.479983729716582,0.3956929159575019,0.628792516742367,0.6120312075465529,0.6167881066277222,0.263264716514988,0.5000000038176922
2020-03-12,204.35,42.41,1,0.4407360087249521,0.4888874750848822,0.6124951205414743,0.4883310329354324,0.1877180929543792,0.5424064690504014,0.4776153391151448,0.3645097839422136,0.574416598228169,0.6021457727432238,0.6127849691955636,0.2545653197236863,0.5000000038176922
2020-03-13,204.7,42.19,1,0.529013967762619,0.4888874750848822,0.6124951205414743,0.4883310329354324,0.7979070106826414,0.4707266959464762,0.458816655094507,0.3731250108146033,0.6411814727881142,0.5394632380552805,0.5970901873324007,0.280563441862506,0.5000000038176922
2020-03-14,204.7,42.19,1,0.470749176510675,0.4888874750848822,0.6124951205414743,0.4883310329354324,0.5871404572281147,0.5230010097238436,0.5431930468432473,0.4046857750915198,0.6339502196150179,0.540149084401723,0.6289974202016578,0.280563441862506,0.5000000038176922
2020-03-15,204.7,42.19,1,0.4303018966222678,0.4888874750848822,0.6124951205414743,0.4883310329354324,0.5871404572281147,0.5230010097238436,0.5431930468432473,0.4046857750915198,0.6339502196150179,0.540149084401723,0.6289974202016578,0.280563441862506,0.5000000038176922
2020-03-16,204.7,42.19,1,0.470749176510675,0.4888874750848822,0.6124951205414743,0.4883310329354324,0.0,0.5765319007757832,0.4310828829455411,0.3516660637109646,0.5366021734436228,0.5829425042998739,0.5153344302076195,0.3378447495975937,0.5000000038176922
2020-03-17,199.4,39.87,1,0.5349358884847427,0.4888874750848822,0.6124951205414743,0.4883310329354324,0.976082345305988,0.5976266489627897,0.6418431656028574,0.4062245023027874,0.5670371182789146,0.5579049714021179,0.6809364220760711,0.3412362654100391,0.5000000038176922
2020-03-18,187.4,35.85,1,0.4759636604858001,0.4888874750848822,0.6124951205414743,0.4883310329354324,0.1761065347345294,0.5297543858626766,0.3572985008859148,0.4101213611278833,0.5788745388756356,0.4982306802899767,0.4197543303510413,0.3825262076418515,0.5000000038176922
2020-03-19,189.25,37.12,1,0.4817801637361437,0.4888874750848822,0.2576651146958615,0.4883310329354324,0.855757136163827,0.5848182302693149,0.7271302327780789,0.4537040918707267,0.7152952534498491,0.5782670192134396,0.810238748939614,0.3779496660980599,0.5000000038176922
2020-03-20,197.85,39.19,1,0.4161189925727917,0.4888874750848822,0.6124951205414743,0.4883310329354324,0.6539283407045055,0.568849422216762,0.6338034862787522,0.4586287330273885,0.6221591613463359,0.5980812620887395,0.7477420576931934,0.3639409710046982,0.5000000038176922
2020-03-21,197.85,39.19,1,0.46459492657991,0.4888874750848822,0.6124951205414743,0.4883310329354324,0.5871404572281147,0.5230010097238436,0.5431930468432473,0.4046857750915198,0.6339502196150179,0.540149084401723,0.6289974202016578,0.3639409710046982,0.5000000038176922
2020-03-22,197.85,39.19,1,0.4598027694418041,0.4888874750848822,0.6124951205414743,0.4883310329354324,0.5871404572281147,0.5230010097238436,0.5431930468432473,0.4046857750915198,0.6339502196150179,0.540149084401723,0.6289974202016578,0.3639409710046982,0.5000000038176922
2020-03-23,199.65,38.85,1,0.5266472280477186,0.4888874750848822,0.6124951205414743,0.4883310329354324,0.2477649396686466,0.5076994146017973,0.449512368491213,0.4718094393692387,0.632207217341943,0.5127921026014001,0.5252757276259028,0.3989158765007694,0.5000000038176922
2020-03-24,195.05,38.31,1,0.4155526311280787,0.4888874750848822,0.6124951205414743,0.4883310329354324,0.8664845507625616,0.6105497491704206,0.6716562232827152,0.4109068535078266,0.6622582164943145,0.6112005209172195,0.7578248386514449,0.3790601734815214,0.5000000038176922
2020-03-25,199.5,39.8,1,0.484695859810312,0.4888874750848822,0.6124951205414743,0.4883310329354324,0.6729606659446415,0.6145041796887578,0.7131148402820684,0.3964329717688031,0.6430378633267847,0.5360628238525735,0.7087552361286228,0.352430488689382,0.5000000038176922
2020-03-26,201.85,40.34,1,0.4757701591270802,0.4888874750848822,0.6124951205414743,0.4883310329354324,1.0,0.4663841361557566,0.4942849424542813,0.4046857750915198,0.6357227319014778,0.5216128194825934,0.6127849691955641,0.3465497939880654,0.5000000038176922
2020-03-27,200.5,39.64,1,0.5034460447930926,0.4888874750848822,0.6124951205414743,0.4883310329354324,0.5202579816267301,0.5371076693736127,0.5063265161213903,0.4062245023027874,0.6157026189642468,0.5608481071013414,0.6009673185843067,0.3796585508367858,0.5000000038176922
2020-03-28,200.5,39.64,1,0.4653628733680435,0.4888874750848822,0.6124951205414743,0.4883310329354324,0.5871404572281147,0.5230010097238436,0.5431930468432473,0.4046857750915198,0.6339502196150179,0.540149084401723,0.6289974202016578,0.3796585508367858,0.5000000038176922
2020-03-29,200.5,39.64,1,0.4993330454171143,0.4888874750848822,0.6124951205414743,0.4883310329354324,0.5871404572281147,0.5230010097238436,0.5431930468432473,0.4046857750915198,0.6339502196150179,0.540149084401723,0.6289974202016578,0.3796585508367858,0.5000000038176922
2020-03-30,202.5,39.13,1,0.5030540916214282,0.4888874750848822,0.6124951205414743,0.4883310329354324,0.6423464192965957,0.6235782930675026,0.5209341473343067,0.4085558464723464,0.6031367321424231,0.5829425042998739,0.5707672259678229,0.4204545604618321,0.5000000038176922
2020-03-31,203.15,39.1,1,0.4759636604858002,0.4888874750848822,0.6124951205414743,0.4883310329354324,0.5659552200705473,0.5520329541458036,0.5507115223902416,0.4140639039571775,0.6304894958310898,0.5443051938027094,0.6127849691955641,0.4253195489792121,0.5000000038176922
2020-04-01,203.0,38.59,1,0.4672843293694537,0.2254644482757293,0.6124951205414743,0.0,0.4615359032200753,0.5313233661351993,0.4918903725994545,0.3403126515604931,0.5954524305363847,0.4894393586978492,0.5219403273299656,0.445276096579839,0.5000000038176922
2020-04-02,195.4,37.11,1,0.4748030589388275,0.4888874750848822,0.6124951205414743,0.4883310329354324,0.6363741146347037,0.511237613428331,0.528305857991948,0.3949540035404579,0.6254488736288167,0.5103187034087726,0.5894259012134099,0.4470765999478684,0.5000000038176922
2020-04-03,200.65,37.75,1,0.4897598167383462,0.4888874750848822,0.6124951205414743,0.4883310329354324,0.6969840331807691,0.5408129639398235,0.5136081996836454,0.3912744264249997,0.6157026189642468,0.5152856580016577,0.5598980322593139,0.4916231287039481,0.5000000038176922
2020-04-04,200.65,37.75,1,0.471134696869588,0.4888874750848822,0.6124951205414743,0.4883310329354324,0.5871404572281147,0.5230010097238436,0.5431930468432473,0.4046857750915198,0.6339502196150179,0.540149084401723,0.6289974202016578,0.4916231287039481,0.5000000038176922
2020-04-05,200.65,37.75,1,0.4944443007152143,0.4888874750848822,0.6124951205414743,0.4883310329354324,0.5871404572281147,0.5230010097238436,0.5431930468432473,0.4046857750915198,0.6339502196150179,0.540149084401723,0.6289974202016578,0.4916231287039481,0.5000000038176922
2020-04-06,201.0,37.91,1,0.4510142555296036,0.4888874750848822,0.6124951205414743,0.4883310329354324,0.7754014557477069,0.5188837030685037,0.5507115223902416,0.4101213611278833,0.6141094192940628,0.4982306802899763,0.5932432175904532,0.4620232244092077,0.5000000038176922
2020-04-07,199.9,38.32,1,0.420274445917856,0.4888874750848822,0.6124951205414743,0.4883310329354324,0.4811224698306603,0.5132677189843652,0.6152022569534368,0.4039227049327588,0.6622582164943145,0.5165402285324641,0.6764191915738064,0.4327847340438965,0.5000000038176922
2020-04-08,201.8,39.18,1,0.4676689042546672,0.4888874750848822,0.6124951205414743,0.4883310329354324,0.6749170738655993,0.5204242857629495,0.604675084977283,0.406998980085932,0.6237980410922909,0.4780370272022562,0.6048751330486287,0.3897889457679048,0.5000000038176922
2020-04-09,198.05,38.83,1,0.4895648303296019,0.4888874750848822,0.6124951205414743,0.4883310329354324,0.7864152976223722,0.4687945461527488,0.5382087617283808,0.4341304661997607,0.6467943986504651,0.536739143791076,0.671936155549298,0.3827833352229726,0.5000000038176922
2020-04-10,198.05,38.83,1,0.4590371418569854,0.4888874750848822,0.6124951205414743,0.4883310329354324,0.5871404572281147,0.5230010097238436,0.5431930468432473,0.381795409513424,0.6375213183386396,0.540149084401723,0.6289974202016578,0.3824833582010553,0.5000000038176922
2020-04-11,198.05,38.83,1,0.4297336348118797,0.4888874750848822,0.6124951205414743,0.4883310329354324,0.5871404572281147,0.5230010097238436,0.5431930468432473,0.4046857750915198,0.6339502196150179,0.540149084401723,0.6289974202016578,0.3824833582010553,0.5000000038176922
2020-04-12,198.05,38.83,1,0.4765443231108475,0.4888874750848822,0.6124951205414743,0.4883310329354324,0.5871404572281147,0.5230010097238436,0.5431930468432473,0.4046857750915198,0.6339502196150179,0.540149084401723,0.6289974202016578,0.3824833582010553,0.5000000038176922
2020-04-13,202.3,39.08,1,0.5116878068080124,0.4888874750848822,0.6124951205414743,0.4883310329354324,0.4476568146210555,0.5970673034996345,0.5357249253552444,0.401653812012719,0.628792516742367,0.5254773702599211,0.5492594636858837,0.4230174776288611,0.5000000038176922
2020-04-14,199.1,38.38,1,0.4430169121266309,0.4888874750848822,0.6124951205414743,0.4883310329354324,0.70181598039971,0.504680649233763,0.5184871558960955,0.3847008745886005,0.5985131045180748,0.4060621386977234,0.4623769418815131,0.406623036613193,0.5000000038176922
2020-04-15,198.5,37.91,1,0.427840032989961,0.4888874750848822,0.6124951205414743,0.4883310329354324,0.5278875919515799,0.5276683895141142,0.501495950888989,0.3934793408395815,0.5908907451631501,0.4466680151608331,0.4866211101709631,0.4396203056094888,0.5000000038176922
2020-04-16,200.55,38.13,1,0.5116878068080124,0.4888874750848822,0.6124951205414743,0.4883310329354324,0.6361612675903455,0.4877902403548159,0.4895002755882668,0.3868860119040019,0.6375213183386396,0.5280841663207471,0.5970901873324007,0.4380982429683177,0.5000000038176922
2020-04-17,201.5,38.43,1,0.4989416286521879,0.4888874750848822,0.6124951205414743,0.4883310329354324,0.6775282847376389,0.5472060399076164,0.5812718622565739,0.3942161655643996,0.6525208717263086,0.5097034189919928,0.6048751330486282,0.4394411489742661,0.5000000038176922
2020-04-18,201.5,38.43,1,0.3807422632129733,0.4888874750848822,0.6124951205414743,0.4883310329354324,0.5871404572281147,0.5230010097238436,0.5431930468432473,0.4046857750915198,0.6339502196150179,0.540149084401723,0.6289974202016578,0.4394411489742661,0.5000000038176922
2020-04-19,201.5,38.43,1,0.5571013655543322,0.4888874750848822,0.6124951205414743,0.4883310329354324,0.5871404572281147,0.5230010097238436,0.5431930468432473,0.4046857750915198,0.6339502196150179,0.540149084401723,0.6289974202016578,0.4394411489742661,0.5000000038176922
2020-04-20,196.45,37.02,1,0.4462511663083147,0.4888874750848822,0.6124951205414743,0.4883310329354324,0.4563008818198327,0.5504210372809205,0.5111761250454949,0.3868860119040019,0.5833574507518797,0.4894393586978496,0.5286331789178496,0.4759847867771268,0.5000000038176922
2020-04-21,196.45,37.02,1,0.4897598167383461,0.4888874750848822,0.6124951205414743,0.4883310329354324,0.4635241741960235,0.5230010097238436,0.5431930468432473,0.4188352803561013,0.6015909229160447,0.540149084401723,0.6289974202016578,0.4757547640132958,0.5000000038176922
2020-04-22,201.0,37.17,1,0.4765443231108475,0.4888874750848822,0.6124951205414743,0.4883310329354324,0.615264267368031,0.574331692953856,0.4990876845521031,0.4101213611278833,0.6986495358655912,0.421232721871809,0.4392140075224205,0.5424853266830212,0.5000000038176922
2020-04-23,196.7,35.74,1,0.4804211128147361,0.4888874750848822,0.6124951205414743,0.4883310329354324,0.5692431317626765,0.5848182302693149,0.5136081996836454,0.4180375381528762,0.6467943986504651,0.5097034189919932,0.5354155263515141,0.5793201217622321,0.5000000038176922
2020-04-24,199.95,35.26,1,0.4479649057329997,0.4888874750848822,0.6124951205414743,0.4883310329354324,0.6766575459521672,0.6672886265596186,0.5184871558960955,0.3832470530162493,0.6109442010720134,0.5030125679659017,0.4991844076604946,0.6078283419669709,0.5000000038176922
2020-04-25,199.95,35.26,1,0.5221144020545768,0.4888874750848822,0.6124951205414743,0.4883310329354324,0.5871404572281147,0.5230010097238436,0.5431930468432473,0.4046857750915198,0.6339502196150179,0.540149084401723,0.6289974202016578,0.6078283419669709,0.5000000038176922
2020-04-26,199.95,35.26,1,0.4705564586853221,0.4888874750848822,0.6124951205414743,0.4883310329354324,0.5871404572281147,0.5230010097238436,0.5431930468432473,0.4046857750915198,0.6339502196150179,0.540149084401723,0.6289974202016578,0.6078283419669709,0.5000000038176922
2020-04-27,200.05,35.04,1,0.4742231327348868,0.4888874750848822,0.6124951205414743,0.4883310329354324,0.693913648947285,0.5466713758711212,0.5307735369927706,0.3956929159575019,0.5699817173347674,0.5660618046995808,0.6331357567350356,0.639269710996886,0.5000000038176922
2020-04-28,198.9,36.18,1,0.4713274999328861,0.4888874750848822,0.6124951205414743,0.4883310329354324,0.5215580311692095,0.4673476708915952,0.6798754666454455,0.3912744264249997,0.6157026189642468,0.5387793451844097,0.7783913576584898,0.5628164060493013,0.5000000038176922
2020-04-29,197.7,36.9,1,0.4732571676877138,0.4888874750848822,0.6124951205414743,0.4883310329354324,0.5323713665267885,0.4387720797193702,0.5890284784785182,0.4220348564541273,0.6467943986504651,0.5721155569957094,0.7731997093917807,0.4842910900618575,0.5000000038176922
2020-04-30,198.85,36.51,1,0.4903448755973191,0.4888874750848822,0.6124951205414743,0.4883310329354324,0.5247196337230318,0.5132677189843659,0.458816655094507,0.4619176070012104,0.6883749269723083,0.5380973811541659,0.570767225967824,0.5559438568471904,0.5000000038176922
2020-05-01,198.85,36.51,1,0.4609517656595948,0.3296399995224623,0.6124951205414743,0.4883310329354324,0.5006872663748396,0.5230010097238436,0.5431930468432473,0.3876156493706774,0.6339502196150179,0.540149084401723,0.6289974202016578,0.5558465991432566,0.5000000038176922
2020-05-02,198.85,36.51,1,0.4686307741223727,0.4888874750848822,0.6124951205414743,0.4883310329354324,0.5871404572281147,0.5230010097238436,0.5431930468432473,0.4046857750915198,0.6339502196150179,0.540149084401723,0.6289974202016578,0.5558465991432566,0.5000000038176922
2020-05-03,198.85,36.51,1,0.4784815190591335,0.4888874750848822,0.6124951205414743,0.4883310329354324,0.5871404572281147,0.5230010097238436,0.5431930468432473,0.4046857750915198,0.6339502196150179,0.540149084401723,0.6289974202016578,0.5558465991432566,0.5000000038176922
2020-05-04,200.35,36.17,1,0.4796449989406138,0.4888874750848822,0.6124951205414743,0.4883310329354324,0.5657622454545502,0.6372772928344274,0.5582797077427687,0.3666591450558113,0.628792516742367,0.5751793131642675,0.6048751330486282,0.5850098126753216,0.5000000038176922
2020-05-05,201.9,36.07,1,0.4686307741223727,0.4888874750848822,0.6124951205414743,0.4883310329354324,0.7141526783503943,0.530276958036184,0.4990876845521031,0.4140639039571775,0.6506010790202134,0.5367391437910765,0.5856377431417101,0.6016039121552037,0.5000000038176922
2020-05-06,199.95,35.07,1,0.4447287175684274,0.4888874750848822,0.6124951205414743,0.4883310329354324,0.4961003012680623,0.6361318405828382,0.5481997849929205,0.3839736829531354,0.6254488736288167,0.5744111107660141,0.6009673185843067,0.6710697804957503,0.5000000038176922
2020-05-07,199.75,34.1,1,0.3963339197008121,0.4888874750848822,0.0,0.4883310329354324,0.688658517605995,0.6777737538872188,0.5357249253552444,0.4422589453421208,0.666208802432395,0.5892562670566843,0.5818782609498887,0.7332148933087934,0.5000000038176922
2020-05-08,201.3,35.02,1,0.5612663171943864,0.4888874750848822,0.6124951205414743,0.4883310329354324,0.6507031593988284,0.5644830467722852,0.6716562232827152,0.4244426670030199,0.6563897823184408,0.5300559927172442,0.6900732750794061,0.6804562523045743,0.5000000038176922
2020-05-09,201.3,35.02,1,0.4686307741223727,0.4888874750848822,0.6124951205414743,0.4883310329354324,0.5871404572281147,0.5230010097238436,0.5431930468432473,0.4046857750915198,0.6339502196150179,0.540149084401723,0.6289974202016578,0.6804562523045743,0.5000000038176922
2020-05-10,201.3,35.02,1,0.4794510273508849,0.4888874750848822,0.6124951205414743,0.4883310329354324,0.5871404572281147,0.5230010097238436,0.5431930468432473,0.4046857750915198,0.6339502196150179,0.540149084401723,0.6289974202016578,0.6804562523045743,0.5000000038176922
2020-05-11,200.25,34.32,1,0.472677947919243,0.4888874750848822,0.6124951205414743,0.4883310329354324,0.6421327146158224,0.5998661875913742,0.5332465385051994,0.4188352803561013,0.6304894958310898,0.5579049714021179,0.5932432175904532,0.726342608232164,0.5000000038176922
2020-05-12,198.7,33.9,1,0.4738366585875426,0.4888874750848822,0.6124951205414743,0.4883310329354324,0.492803855867676,0.5826031742694354,0.5684460676025257,0.3956929159575019,0.6741900346016415,0.5471140777219675,0.6208241598780461,0.7632325446301231,0.5000000038176922
2020-05-13,199.9,33.8,1,0.4775126097856029,0.4888874750848822,0.6124951205414743,0.4883310329354324,0.5632577198308706,0.5942738528958738,0.5557515245539623,0.3680936259461803,0.6109442010720134,0.6005160570717867,0.6543469336664988,0.7630120098752502,0.5000000038176922
2020-05-14,199.35,34.15,1,0.4788692517537618,0.4888874750848822,0.6124951205414743,0.4883310329354324,0.6404241469896931,0.5765319007757832,0.6553303934984218,0.3971742492621855,0.6339502196150179,0.5203363129212892,0.6543469336664995,0.7228356768001469,0.5000000038176922
2020-05-15,194.9,33.42,1,0.464786880309075,0.4888874750848822,0.6124951205414743,0.4883310329354324,0.5982850060618184,0.5006745780470041,0.5283058579919471,0.416444916444562,0.6271130947983594,0.5374173218761148,0.6289974202016578,0.7466576896878652,0.5000000038176922
2020-05-16,194.9,33.42,1,0.4724849361807717,0.4888874750848822,0.6124951205414743,0.4883310329354324,0.5871404572281147,0.5230010097238436,0.5431930468432473,0.4046857750915198,0.6339502196150179,0.540149084401723,0.6289974202016578,0.7466576896878652,0.5000000038176922
2020-05-17,194.9,33.42,1,0.4800330107002749,0.4888874750848822,0.6124951205414743,0.4883310329354324,0.5871404572281147,0.5230010097238436,0.5431930468432473,0.4046857750915198,0.6339502196150179,0.540149084401723,0.6289974202016578,0.7466576896878652,0.5000000038176922
2020-05-18,194.9,33.42,1,0.3935132677632315,0.4888874750848822,0.6124951205414743,0.4883310329354324,0.6873464289025809,0.3960405448302532,0.5307735369927697,0.4268566544477022,0.6449093073492219,0.5178001255153112,0.6809364220760711,0.6736864204726303,0.5000000038176922
2020-05-19,200.5,34.97,1,0.4913203007065192,0.4888874750848822,0.6124951205414743,0.4883310329354324,0.4736692211350691,0.4525020450466956,0.46583581631618,0.3971742492621855,0.6375213183386396,0.5287398194185912,0.6048751330486287,0.6921176326796477,0.5000000038176922
2020-05-20,202.15,35.61,1,0.5292112496681788,0.4888874750848822,0.6124951205414743,0.4883310329354324,0.60880362999112,0.500175282870612,0.5735608917914482,0.4172407349168211,0.6221591613463359,0.5415266859041254,0.6674873624869875,0.6598647642233758,0.5000000038176922
2020-05-21,202.0,36.24,1,0.4682459509928099,0.4888874750848822,0.6124951205414743,0.4883310329354324,0.5363061980572084,0.5424064690504014,0.6553303934984208,0.3731250108146033,0.6221591613463359,0.5713534149256314,0.7377933674273787,0.5878377111786909,0.5000000038176922
2020-05-22,203.55,36.48,1,0.4872263260299894,0.4888874750848822,0.6124951205414743,0.4883310329354324,0.5997195524539838,0.4331309121115413,0.4564848044574009,0.3986608418979394,0.6357227319014778,0.5387793451844102,0.6248937263164571,0.5794682817290917,0.5000000038176922
2020-05-23,203.55,36.48,1,0.4773189018553315,0.4888874750848822,0.6124951205414743,0.4883310329354324,0.5871404572281147,0.5230010097238436,0.5431930468432473,0.4046857750915198,0.6339502196150179,0.540149084401723,0.6289974202016578,0.5794682817290917,0.5000000038176922
2020-05-24,203.55,36.48,1,0.3955816150967474,0.4888874750848822,0.6124951205414743,0.4883310329354324,0.5871404572281147,0.5230010097238436,0.5431930468432473,0.4046857750915198,0.6339502196150179,0.540149084401723,0.6289974202016578,0.5794682817290917,0.5000000038176922
2020-05-25,203.55,36.48,1,0.4876159024781647,0.4888874750848822,0.6124951205414743,0.4883310329354324,0.5871404572281147,0.5230010097238436,0.5431930468432473,0.4046857750915198,0.6339502196150179,0.540149084401723,0.6289974202016578,0.5794682817290917,0.5000000038176922
2020-05-26,204.3,38.26,1,0.4736434653036864,0.4888874750848822,0.6124951205414743,0.4883310329354324,0.6642870763552102,0.3574496303603762,0.604675084977283,0.4438896515531421,0.6411814727881142,0.52677763910256,0.8048480076273511,0.4890200443547646,0.5000000038176922
2020-05-27,205.65,38.86,1,0.4672843293694537,0.4888874750848822,0.6124951205414743,0.4883310329354324,0.4754850233901417,0.499676304737346,0.5658965105029933,0.4093376345972629,0.6449093073492219,0.5579049714021179,0.6854877990742375,0.4561154416389552,0.5000000038176922
2020-05-28,203.4,37.93,1,0.4979633218540736,0.4888874750848822,0.6124951205414743,0.4883310329354324,0.6705718755702379,0.5493480492384097,0.5014959508889881,0.401653812012719,0.6883749269723083,0.5090893391966005,0.5457626997668527,0.5169251254044709,0.5000000038176922
2020-05-29,204.75,38.34,1,0.4868368211045204,0.4888874750848822,0.6124951205414743,0.4883310329354324,0.6308506917149745,0.583156578583242,0.61784579166211,0.3876156493706774,0.6221591613463359,0.5492401973307106,0.658692701759379,0.4848929120316613,0.5000000038176922
2020-05-30,204.75,38.34,1,0.4487269126262573,0.4888874750848822,0.6124951205414743,0.4883310329354324,0.5871404572281147,0.5230010097238436,0.5431930468432473,0.4046857750915198,0.6339502196150179,0.540149084401723,0.6289974202016578,0.4848929120316613,0.5000000038176922
2020-05-31,204.75,38.34,1,0.48391789928625,0.4888874750848822,0.6124951205414743,0.4883310329354324,0.5871404572281147,0.5230010097238436,0.5431930468432473,0.4046857750915198,0.6339502196150179,0.540149084401723,0.6289974202016578,0.4848929120316613,0.5000000038176922
2020-06-01,204.0,37.93,1,0.4786753735188223,0.575188440999252,0.6124951205414743,0.4883310329354324,0.5815697839813071,0.5371076693736127,0.5209341473343067,0.4039227049327588,0.617303548197701,0.5109352030853309,0.5707672259678229,0.497544431807456,0.5000000038176922
2020-06-02,202.5,38.79,1,0.4759636604858001,0.4888874750848822,0.6124951205414743,0.4883310329354324,0.5195155538820382,0.5097190309781867,0.6908915797296682,0.434941286059068,0.6411814727881142,0.5307165492185373,0.7427509303480735,0.4239024101879072,0.5000000038176922
2020-06-03,203.65,40.18,1,0.4975720943822131,0.4888874750848822,0.6124951205414743,0.4883310329354324,0.7481038274655016,0.4336001583178711,0.607299775304925,0.4244426670030199,0.632207217341943,0.4982306802899763,0.6993463365640427,0.3637299444850353,0.5000000038176922
2020-06-04,205.45,40.16,1,0.4823629354615344,0.4888874750848822,0.6124951205414743,0.4883310329354324,0.5531189565963852,0.6649650654685515,0.6231467535666824,0.4357525833861771,0.6721853998295578,0.5216128194825934,0.5707672259678229,0.3879370324165728,0.5000000038176922
2020-06-05,202.65,40.79,1,0.4780938821880386,0.4888874750848822,0.6124951205414743,0.4883310329354324,0.7514499843070914,0.4741163666082344,0.6553303934984208,0.4085558464723464,0.6506010790202134,0.5103187034087731,0.7135105114477996,0.3207476808823583,0.5000000038176922
2020-06-06,202.65,40.79,1,0.4657469802502001,0.4888874750848822,0.6124951205414743,0.4883310329354324,0.5871404572281147,0.5230010097238436,0.5431930468432473,0.4046857750915198,0.6339502196150179,0.540149084401723,0.6289974202016578,0.3207476808823583,0.5000000038176922
2020-06-07,202.65,40.79,1,0.4736434653036864,0.4888874750848822,0.6124951205414743,0.4883310329354324,0.5871404572281147,0.5230010097238436,0.5431930468432473,0.4046857750915198,0.6339502196150179,0.540149084401723,0.6289974202016578,0.3207476808823583,0.5000000038176922
2020-06-08,205.2,42.13,1,0.4619097871533517,0.4888874750848822,0.6124951205414743,0.4883310329354324,0.5793988793260716,0.4117013063559318,0.5332465385051994,0.3971742492621855,0.6525208717263086,0.4976376657867494,0.6543469336664995,0.2669040228804313,0.5000000038176922
2020-06-09,206.4,42.32,1,0.4746097218843155,0.4888874750848822,0.6124951205414743,0.4883310329354324,0.5743007913180163,0.4154072992284648,0.4287953695202566,0.4001536018251294,0.5939281050518179,0.527430111976977,0.6088141664787821,0.2968635338008221,0.5000000038176922
2020-06-10,206.4,41.98,1,0.4722919551413373,0.4888874750848822,0.6124951205414743,0.4883310329354324,0.5408172034754486,0.5450694293582731,0.5209341473343067,0.4101213611278833,0.6254488736288167,0.5060366484986486,0.5563267483262082,0.326746149832412,0.5000000038176922
2020-06-11,206.4,41.98,1,0.4753832370308145,0.4888874750848822,0.6124951205414743,0.4883310329354324,0.3231563135767408,0.5230010097238436,0.5431930468432473,0.4054532238793171,0.6602940242590092,0.540149084401723,0.6289974202016578,0.3278922354591813,0.5000000038176922
2020-06-12,205.25,40.57,1,0.4736434653036864,0.4888874750848822,0.6124951205414743,0.4883310329354324,0.598080333455764,0.6655457313865838,0.523386222772032,0.4188352803561013,0.6357227319014778,0.5478209511897301,0.5354155263515141,0.3588023468606161,0.5000000038176922
2020-06-13,205.25,40.57,1,0.451777157757028,0.4888874750848822,0.6124951205414743,0.4883310329354324,0.5871404572281147,0.5230010097238436,0.5431930468432473,0.4046857750915198,0.6339502196150179,0.540149084401723,0.6289974202016578,0.3588023468606161,0.5000000038176922
2020-06-14,205.25,40.57,1,0.4950304814990447,0.4888874750848822,0.6124951205414743,0.4883310329354324,0.5871404572281147,0.5230010097238436,0.5431930468432473,0.4046857750915198,0.6339502196150179,0.540149084401723,0.6289974202016578,0.3588023468606161,0.5000000038176922
2020-06-15,209.95,40.77,1,0.4686307741223728,0.4888874750848822,0.6124951205414743,0.4883310329354324,0.5857411748018856,0.6626439076963777,0.5735608917914482,0.3971742492621855,0.628792516742367,0.5429120914220542,0.5707672259678229,0.4038308943444882,0.5000000038176922
2020-06-16,208.6,39.92,1,0.4462511663083146,0.4888874750848822,0.6124951205414743,0.4883310329354324,0.6171481800779507,0.6066050756928217,0.5406981132125965,0.3986608418979394,0.632207217341943,0.5340447898129113,0.570767225967824,0.44244520573011,0.5000000038176922
2020-06-17,206.4,39.2,1,0.4661311778935195,0.4888874750848822,0.6124951205414743,0.4883310329354324,0.6338220735404304,0.5875923851295526,0.5608132924257614,0.416444916444562,0.6430378633267847,0.5387793451844102,0.6009673185843067,0.4359970831783645,0.5000000038176922
2020-06-18,212.35,39.43,1,0.4722919551413373,0.4888874750848822,0.0,0.4883310329354324,0.5476142225028044,0.6626439076963768,0.5431930468432473,0.406998980085932,0.6393418816133032,0.5601098242324749,0.5707672259678229,0.5042414849928909,0.5000000038176922
2020-06-19,210.4,39.66,1,0.4782876885546362,0.4888874750848822,0.6124951205414743,0.4883310329354324,0.5713783884603907,0.5926004346158992,0.6908915797296682,0.4156501332970412,0.6449093073492219,0.5415266859041254,0.6900732750794061,0.4730892923440299,0.5000000038176922
2020-06-20,210.4,39.66,1,0.4895648303296019,0.4888874750848822,0.6124951205414743,0.4883310329354324,0.5871404572281147,0.5230010097238436,0.5431930468432473,0.4046857750915198,0.6339502196150179,0.540149084401723,0.6289974202016578,0.4730892923440299,0.5000000038176922
2020-06-21,210.4,39.66,1,0.4699784715473702,0.4888874750848822,0.6124951205414743,0.4883310329354324,0.5871404572281147,0.5230010097238436,0.5431930468432473,0.4046857750915198,0.6339502196150179,0.540149084401723,0.6289974202016578,0.4730892923440299,0.5000000038176922
2020-06-22,214.0,40.62,1,0.463635480618277,0.4888874750848822,0.6124951205414743,0.4883310329354324,0.5786116376781318,0.4303186098003721,0.4918903725994545,0.401653812012719,0.6062432436656441,0.5698337399784618,0.6900732750794053,0.4466712758102151,0.5000000038176922
2020-06-23,211.3,41.07,1,0.4761571884164446,0.4888874750848822,0.6124951205414743,0.4883310329354324,0.5571232639300365,0.4736314608872485,0.6258041258519276,0.3956929159575019,0.6125234315214916,0.5024110814025073,0.6719361555492988,0.4031773668271232,0.5000000038176922
2020-06-24,218.95,41.19,1,0.4833346360819395,0.4888874750848822,0.6124951205414743,0.4883310329354324,0.4729432645376069,0.5255894331140293,0.3815233348876546,0.3912744264249997,0.628792516742367,0.5549888464641876,0.5354155263515141,0.489809756821298,0.5000000038176922
2020-06-25,217.35,40.82,1,0.4763507426974251,0.4888874750848822,0.6124951205414743,0.4883310329354324,0.6121324716080784,0.5601347137601304,0.5684460676025257,0.401653812012719,0.5893774477189577,0.5623296155171522,0.6457587750176413,0.4941844241266044,0.5000000038176922
2020-06-26,218.35,39.93,1,0.4856687436946906,0.4888874750848822,0.6124951205414743,0.4883310329354324,0.4700414892323112,0.6510750554365243,0.5111761250454949,0.3854286465036713,0.632207217341943,0.5892562670566843,0.5856377431417101,0.5550687641469128,0.5000000038176922
2020-06-27,218.35,39.93,1,0.4475839827024648,0.4888874750848822,0.6124951205414743,0.4883310329354324,0.5871404572281147,0.5230010097238436,0.5431930468432473,0.4046857750915198,0.6339502196150179,0.540149084401723,0.6289974202016578,0.5550687641469128,0.5000000038176922
2020-06-28,218.35,39.93,1,0.5026621876413847,0.4888874750848822,0.6124951205414743,0.4883310329354324,0.5871404572281147,0.5230010097238436,0.5431930468432473,0.4046857750915198,0.6339502196150179,0.540149084401723,0.6289974202016578,0.5550687641469128,0.5000000038176922
2020-06-29,219.65,40.41,1,0.4510142555296038,0.4888874750848822,0.6124951205414743,0.4883310329354324,0.5784150015400618,0.5087084961645132,0.5608132924257623,0.4093376345972629,0.7069428979513862,0.5492401973307112,0.658692701759379,0.5164042642627179,0.5000000038176922
2020-06-30,218.4,40.15,1,0.4544491941856136,0.4888874750848822,0.6124951205414743,0.4883310329354324,0.5978757277043737,0.5552653666359567,0.5684460676025248,0.4602726130226789,0.7321581486338353,0.5579049714021179,0.6457587750176413,0.5463941722582378,0.5000000038176922
2020-07-01,219.9,41.4,1,0.4870315645765058,0.5503448937935427,0.6124951205414743,0.8283132171379892,0.7232169243178365,0.5574265069230065,0.7131148402820684,0.4455218801858925,0.7111120279279984,0.6153662536519772,0.8211193397208134,0.4762608645511985,0.5000000038176922
2020-07-02,219.65,41.04,1,0.4833346360819395,0.4888874750848822,0.6124951205414743,0.4883310329354324,0.5178462898611347,0.447751374761834,0.4333739194813711,0.4039227049327588,0.5969807112258781,0.5601098242324749,0.6208241598780461,0.4958167637746752,0.5000000038176922
2020-07-03,219.65,41.04,1,0.4862526996061295,0.4888874750848822,0.6124951205414743,0.4883310329354324,0.5871404572281147,0.5230010097238436,0.5431930468432473,0.4046857750915198,0.6339502196150179,0.540149084401723,0.6289974202016578,0.4958167637746752,0.5000000038176922
2020-07-04,219.65,41.04,1,0.4740298811543775,0.4888874750848822,0.6124951205414743,0.4883310329354324,0.5871404572281147,0.5230010097238436,0.5431930468432473,0.4046857750915198,0.6339502196150179,0.540149084401723,0.6289974202016578,0.4958167637746752,0.5000000038176922
2020-07-05,219.65,41.04,1,0.4605686917240322,0.4888874750848822,0.6124951205414743,0.4883310329354324,0.5871404572281147,0.5230010097238436,0.5431930468432473,0.4046857750915198,0.6339502196150179,0.540149084401723,0.6289974202016578,0.4958167637746752,0.5000000038176922
2020-07-06,220.95,41.36,1,0.4720990044951479,0.4888874750848822,0.6124951205414743,0.4883310329354324,0.5978757277043737,0.5981862109228585,0.6204939664140718,0.4276625885075218,0.6642299257245803,0.549952546797535,0.6500356077019536,0.4942310362259136,0.5000000038176922
2020-07-07,219.55,40.81,1,0.4653628733680436,0.4888874750848822,0.6124951205414743,0.4883310329354324,0.583352944262064,0.5266280165286097,0.5087489146149641,0.3994063819279603,0.6237980410922909,0.5408369028133004,0.6009673185843067,0.5048988374559622,0.5000000038176922
2020-07-08,218.75,40.93,1,0.4891749078531645,0.4888874750848822,0.6124951205414743,0.4883310329354324,0.638504318321613,0.5292322394439765,0.5864379244329216,0.392008518026216,0.6583377359428222,0.5713534149256314,0.6900732750794061,0.4877203094089735,0.5000000038176922
2020-07-09,218.6,40.97,1,0.4599942221034518,0.4888874750848822,0.6124951205414743,0.4883310329354324,0.5379960167589701,0.5219689283421618,0.5507115223902407,0.4172407349168211,0.6563897823184408,0.5360628238525735,0.6331357567350356,0.4873027931951169,0.5000000038176922
2020-07-10,218.6,40.97,1,0.4728709905653252,0.4888874750848822,0.6124951205414743,0.4883310329354324,0.5686618774455403,0.5158142321412567,0.5532287826228066,0.3774523392208563,0.5670371182789146,0.534715668698112,0.6331357567350356,0.4792091206235974,0.5000000038176922
2020-07-11,218.6,40.97,1,0.4833346360819395,0.4888874750848822,0.6124951205414743,0.4883310329354324,0.5871404572281147,0.5230010097238436,0.5431930468432473,0.4046857750915198,0.6339502196150179,0.540149084401723,0.6289974202016578,0.4792091206235974,0.5000000038176922
2020-07-12,218.6,40.97,1,0.4663233111792049,0.4888874750848822,0.6124951205414743,0.4883310329354324,0.5871404572281147,0.5230010097238436,0.5431930468432473,0.4046857750915198,0.6339502196150179,0.540149084401723,0.6289974202016578,0.4792091206235974,0.5000000038176922
2020-07-13,217.95,40.57,1,0.4956167937044969,0.4888874750848822,0.6124951205414743,0.4883310329354324,0.5995144230564822,0.4261101583131795,0.406107797728791,0.3659423823469069,0.5924075886159248,0.5109352030853309,0.5634949347753477,0.5166883470568132,0.5000000038176922
2020-07-14,221.9,41.55,1,0.4678612283799903,0.4888874750848822,0.6124951205414743,0.4883310329354324,0.5944080826575718,0.5842641076038394,0.628466056368535,0.4172407349168211,0.6393418816133032,0.5436076870638893,0.6543469336664995,0.4994613394907392,0.5000000038176922
2020-07-15,217.85,40.48,1,0.467092078220316,0.4888874750848822,0.6124951205414743,0.4883310329354324,0.6556508276832095,0.5271479812147407,0.5063265161213903,0.4132725907858574,0.5803659650591861,0.5121718916154053,0.5707672259678229,0.5005846348056966,0.5000000038176922
2020-07-16,222.25,41.74,1,0.4601856932947307,0.4888874750848822,0.6124951205414743,0.4883310329354324,0.5555959207145352,0.5445361362814495,0.6231467535666833,0.4284691266753338,0.6642299257245803,0.5146603390171998,0.6373087969420228,0.4825796307118538,0.5000000038176922
2020-07-17,222.55,41.32,1,0.485084956296921,0.4888874750848822,0.6124951205414743,0.4883310329354324,0.5754734357123193,0.5493480492384097,0.5063265161213903,0.4172407349168211,0.6544506460312253,0.5705928066924654,0.6208241598780461,0.5076724377827192,0.5000000038176922
2020-07-18,222.55,41.32,1,0.4395961792465641,0.4888874750848822,0.6124951205414743,0.4883310329354324,0.5871404572281147,0.5230010097238436,0.5431930468432473,0.4046857750915198,0.6339502196150179,0.540149084401723,0.6289974202016578,0.5076724377827192,0.5000000038176922
2020-07-19,222.55,41.32,1,0.4895648303296019,0.4888874750848822,0.6124951205414743,0.4883310329354324,0.5871404572281147,0.5230010097238436,0.5431930468432473,0.4046857750915198,0.6339502196150179,0.540149084401723,0.6289974202016578,0.5076724377827192,0.5000000038176922
2020-07-20,215.3,40.36,1,0.4688232239063878,0.4888874750848822,0.6124951205414743,0.4883310329354324,0.6133839513440749,0.5639385033074862,0.6338034862787532,0.4188352803561013,0.6031367321424231,0.5450045987853187,0.671936155549298,0.4812858672154264,0.5000000038176922
2020-07-21,221.15,42.55,1,0.4753832370308145,0.4888874750848822,0.6124951205414743,0.4883310329354324,0.5935952360803931,0.512251893548626,0.6853754316661986,0.3876156493706774,0.5985131045180748,0.5485296616232704,0.75276670761583,0.410647420020921,0.5000000038176922
2020-07-22,221.65,43.31,1,0.4761571884164446,0.4888874750848822,0.6124951205414743,0.4883310329354324,0.6304267507803539,0.4392431988308678,0.5456936122820992,0.4140639039571775,0.6701868167881457,0.4741245534788387,0.6009673185843067,0.3869045935663052,0.5000000038176922
2020-07-23,222.4,42.72,1,0.4644029945666058,0.4888874750848822,0.6124951205414743,0.4883310329354324,0.5603770152277399,0.5892596761149582,0.5087489146149641,0.4260513429063113,0.6375213183386396,0.5608481071013414,0.5894259012134099,0.4282472470494829,0.5000000038176922
2020-07-24,223.45,42.9,1,0.4761571884164446,0.4888874750848822,0.6124951205414743,0.4883310329354324,0.583352944262064,0.6015480835074599,0.6099292201585393,0.3986608418979394,0.6221591613463359,0.5705928066924654,0.6630728613838082,0.4379192913123982,0.5000000038176922
2020-07-25,223.45,42.9,1,0.4769315614813681,0.4888874750848822,0.6124951205414743,0.4883310329354324,0.5871404572281147,0.5230010097238436,0.5431930468432473,0.4046857750915198,0.6339502196150179,0.540149084401723,0.6289974202016578,0.4379192913123982,0.5000000038176922
2020-07-26,223.45,42.9,1,0.4713274999328861,0.4888874750848822,0.6124951205414743,0.4883310329354324,0.5871404572281147,0.5230010097238436,0.5431930468432473,0.4046857750915198,0.6339502196150179,0.540149084401723,0.6289974202016578,0.4379192913123982,0.5000000038176922
2020-07-27,219.65,42.49,1,0.4569331294905204,0.4888874750848822,0.6124951205414743,0.4883310329354324,0.5626808157094162,0.5102248512002805,0.5761260862057749,0.4046857750915198,0.6254488736288167,0.5751793131642675,0.6993463365640419,0.3990461188036251,0.5000000038176922
2020-07-28,226.4,43.94,1,0.4780938821880386,0.4888874750848822,0.6124951205414743,0.4883310329354324,0.5578878389410448,0.5132677189843659,0.5507115223902407,0.3724051667019148,0.6015909229160447,0.5184321033607342,0.6167881066277222,0.402785410788406,0.5000000038176922
2020-07-29,226.6,43.83,1,0.5063872246045384,0.4888874750848822,0.6124951205414743,0.4883310329354324,0.5651835993657572,0.4702433355467159,0.4752511636328194,0.3949540035404579,0.6046874261598965,0.5683202623046477,0.6457587750176421,0.409727700465557,0.5000000038176922
2020-07-30,227.0,44.03,1,0.4800330107002748,0.4888874750848822,0.6124951205414743,0.4883310329354324,0.552548195998886,0.603793560062528,0.6338034862787522,0.4116939677234617,0.6357227319014778,0.5908486219522734,0.6993463365640419,0.4028289555167924,0.5000000038176922
2020-07-31,228.3,43.79,1,0.452921952458366,0.4888874750848822,0.6124951205414743,0.4883310329354324,0.6515626278211285,0.6099856214661163,0.5582797077427696,0.4156501332970412,0.6357227319014778,0.5630728230839697,0.6088141664787821,0.4339438493132407,0.5000000038176922
2020-08-01,228.3,43.79,1,0.4312491890700465,0.5329150027811443,0.6124951205414743,0.4883310329354324,0.5871404572281147,0.5230010097238436,0.5431930468432473,0.4046857750915198,0.6339502196150179,0.540149084401723,0.6289974202016578,0.4339438493132407,0.5000000038176922
2020-08-02,228.3,43.79,1,0.5144393223718878,0.4888874750848822,0.6124951205414743,0.4883310329354324,0.5871404572281147,0.5230010097238436,0.5431930468432473,0.4046857750915198,0.6339502196150179,0.540149084401723,0.6289974202016578,0.4339438493132407,0.5000000038176922
2020-08-03,227.8,42.73,1,0.4744164130647143,0.4888874750848822,0.6124951205414743,0.4883310329354324,0.5262096294565656,0.5776335305729537,0.4681835279063171,0.4132725907858574,0.6449093073492219,0.5767202010924697,0.5818782609498887,0.478056712181929,0.5000000038176922
2020-08-04,226.85,42.82,1,0.4645949265799099,0.4888874750848822,0.6124951205414743,0.4883310329354324,0.589751783024494,0.5445361362814495,0.5968298397191647,0.3659423823469069,0.5758999278560833,0.5908486219522734,0.7135105114478005,0.4637093665230767,0.5000000038176922
2020-08-05,226.25,42.7,1,0.4757701591270802,0.4888874750848822,0.6124951205414743,0.4883310329354324,0.5879422201477426,0.5434705970888252,0.5633522394993797,0.3942161655643996,0.6544506460312253,0.5521003651818106,0.6415164873320401,0.4638005686811035,0.5000000038176922
2020-08-06,227.4,42.47,1,0.457889237804519,0.4888874750848822,0.4604278042254562,0.4883310329354324,0.6034224333890064,0.7124550011683122,0.6445319001805824,0.4001536018251294,0.6357227319014778,0.5728792253118697,0.6208241598780461,0.4827645521547589,0.5000000038176922
2020-08-07,225.45,41.6,1,0.4466319059095037,0.4888874750848822,0.6124951205414743,0.4883310329354324,0.6534979762077424,0.4678297518069532,0.4265113500373126,0.3781750263445459,0.6109442010720134,0.5492401973307106,0.5932432175904532,0.5330214986514917,0.5000000038176922
2020-08-08,225.45,41.6,1,0.5008992388381172,0.4888874750848822,0.6124951205414743,0.4883310329354324,0.5871404572281147,0.5230010097238436,0.5431930468432473,0.4046857750915198,0.6339502196150179,0.540149084401723,0.6289974202016578,0.5330214986514917,0.5000000038176922
2020-08-09,225.45,41.6,1,0.4960077406392312,0.4888874750848822,0.6124951205414743,0.4883310329354324,0.5871404572281147,0.5230010097238436,0.5431930468432473,0.4046857750915198,0.6339502196150179,0.540149084401723,0.6289974202016578,0.5330214986514917,0.5000000038176922
2020-08-10,228.5,41.87,1,0.4872263260299894,0.4888874750848822,0.6124951205414743,0.4883310329354324,0.5521678612611381,0.52351775983924,0.5039088783050345,0.4180375381528762,0.6544506460312253,0.6062425822566521,0.6674873624869875,0.5537085221460296,0.5000000038176922
2020-08-11,227.2,42.04,1,0.4722919551413374,0.4888874750848822,0.6124951205414743,0.4883310329354324,0.6451272334550109,0.5677561765148204,0.6418431656028574,0.4062245023027874,0.6411814727881142,0.5916468537323534,0.7279791041987036,0.5053685603929999,0.5000000038176922
2020-08-12,226.3,41.48,1,0.492296125699137,0.4888874750848822,0.6124951205414743,0.4883310329354324,0.6251394210673294,0.5683026632992458,0.5307735369927697,0.4365643473466158,0.6563897823184408,0.5767202010924697,0.6289974202016578,0.5306291613394496,0.5000000038176922
2020-08-13,227.85,42.43,1,0.4909300821118331,0.4888874750848822,0.6124951205414743,0.4883310329354324,0.579398879326071,0.5948321033011703,0.7047517044435723,0.4553444391440245,0.7194919921628185,0.5675658671824982,0.7328694111670193,0.500210104292941,0.5000000038176922
2020-08-14,224.75,41.39,1,0.4659390676416361,0.4888874750848822,0.6124951205414743,0.4883310329354324,0.6257727038237891,0.5781847229240396,0.525843439994853,0.406998980085932,0.628792516742367,0.5653121537748457,0.6088141664787821,0.524474934325272,0.5000000038176922
2020-08-15,224.75,41.39,1,0.4893698606716721,0.4888874750848822,0.6124951205414743,0.4883310329354324,0.5871404572281147,0.5230010097238436,0.5431930468432473,0.4046857750915198,0.6339502196150179,0.540149084401723,0.6289974202016578,0.524474934325272,0.5000000038176922
2020-08-16,224.75,41.39,1,0.4674766046498778,0.4888874750848822,0.6124951205414743,0.4883310329354324,0.5871404572281147,0.5230010097238436,0.5431930468432473,0.4046857750915198,0.6339502196150179,0.540149084401723,0.6289974202016578,0.524474934325272,0.5000000038176922
2020-08-17,227.4,41.32,1,0.4757701591270801,0.4888874750848822,0.6124951205414743,0.4883310329354324,0.653497976207743,0.656273320217841,0.5735608917914473,0.4635636859746673,0.6842966594616114,0.5751793131642681,0.6088141664787814,0.5672685315753153,0.5000000038176922
2020-08-18,226.2,41.37,1,0.5024662542170807,0.4888874750848822,0.6124951205414743,0.4883310329354324,0.5713783884603901,0.599866187591375,0.6499224838338064,0.4001536018251294,0.6078044469805547,0.6730215296907752,0.8048480076273511,0.5466357961641659,0.5000000038176922
2020-08-19,227.2,41.14,1,0.4557863554600121,0.4888874750848822,0.6124951205414743,0.4883310329354324,0.5557867088351112,0.5245526701945669,0.4871146065046753,0.4054532238793171,0.6205310694144502,0.6178803286924449,0.6630728613838082,0.5912181081584835,0.5000000038176922
2020-08-20,225.2,40.53,1,0.4647868803090749,0.4888874750848822,0.6124951205414743,0.4883310329354324,0.6071440212732314,0.6372772928344265,0.6020551788179935,0.3788981603277372,0.6304894958310898,0.5668130452585861,0.6289974202016578,0.5908697861168537,0.5000000038176922
2020-08-21,229.25,40.88,1,0.3974625574336543,0.4888874750848822,0.6124951205414743,0.4883310329354324,0.6009516540179949,0.5026749778219366,0.4728911629240722,0.4031634242905821,0.6525208717263086,0.5837267904006079,0.6331357567350364,0.622227945656237,0.5000000038176922
2020-08-22,229.25,40.88,1,0.4874211053638645,0.4888874750848822,0.6124951205414743,0.4883310329354324,0.5871404572281147,0.5230010097238436,0.5431930468432473,0.4046857750915198,0.6339502196150179,0.540149084401723,0.6289974202016578,0.622227945656237,0.5000000038176922
2020-08-23,229.25,40.88,1,0.4995287737281426,0.4888874750848822,0.6124951205414743,0.4883310329354324,0.5871404572281147,0.5230010097238436,0.5431930468432473,0.4046857750915198,0.6339502196150179,0.540149084401723,0.6289974202016578,0.622227945656237,0.5000000038176922
2020-08-24,229.45,40.98,1,0.4934676297834937,0.4888874750848822,0.6124951205414743,0.4883310329354324,0.6148461039513456,0.4770305830014704,0.5111761250454949,0.407776207343429,0.6701868167881457,0.5638176544315263,0.6586927017593782,0.6175653918151591,0.5000000038176922
2020-08-25,228.6,41.38,1,0.4878107172740438,0.4888874750848822,0.6124951205414743,0.4883310329354324,0.5813720525611031,0.5820500114628645,0.6798754666454455,0.451245922078928,0.7048638155271068,0.5751793131642675,0.7377933674273787,0.5665337645405456,0.5000000038176922
2020-08-26,227.85,40.68,1,0.4613349160545971,0.4888874750848822,0.6124951205414743,0.4883310329354324,0.5940015067705176,0.5623065784365867,0.4966840309028776,0.4172407349168211,0.632207217341943,0.5608481071013418,0.5894259012134099,0.6152392174436079,0.5000000038176922
2020-08-27,234.25,42.06,1,0.4823629354615344,0.4888874750848822,0.6124951205414743,0.4883310329354324,0.6115073667725222,0.58039198257328,0.6258041258519276,0.4619176070012104,0.6622582164943145,0.55210036518181,0.6674873624869875,0.5970016746003725,0.5000000038176922
2020-08-28,236.65,43.76,1,0.4802270505433977,0.4888874750848822,0.6124951205414743,0.4883310329354324,0.5045483272534979,0.6235782930675026,0.8336392785455145,0.4317009878398908,0.6467943986504651,0.5471140777219675,0.7888744528065954,0.5091790156638722,0.5000000038176922
2020-08-29,236.65,43.76,1,0.4934676297834937,0.4888874750848822,0.6124951205414743,0.4883310329354324,0.5871404572281147,0.5230010097238436,0.5431930468432473,0.4046857750915198,0.6339502196150179,0.540149084401723,0.6289974202016578,0.5091790156638722,0.5000000038176922
2020-08-30,236.65,43.76,1,0.4719060839423969,0.4888874750848822,0.6124951205414743,0.4883310329354324,0.5871404572281147,0.5230010097238436,0.5431930468432473,0.4046857750915198,0.6339502196150179,0.540149084401723,0.6289974202016578,0.5091790156638722,0.5000000038176922
2020-08-31,237.6,43.39,1,0.4709419224846239,0.4888874750848822,0.6124951205414743,0.4883310329354324,0.5649908091557797,0.583710223369786,0.5184871558960955,0.4140639039571775,0.6525208717263086,0.5601098242324749,0.5932432175904532,0.5586696295666,0.5000000038176922
2020-09-01,237.6,44.1,1,0.4632518500281933,0.7461145464172878,0.6124951205414743,0.4883310329354324,0.5478035862659314,0.4956956156357654,0.6231467535666824,0.4085558464723464,0.6411814727881142,0.5184321033607342,0.6854877990742375,0.5129051687905882,0.5000000038176922
2020-09-02,238.95,44.61,1,0.447774437565911,0.4888874750848822,0.6124951205414743,0.4883310329354324,0.5667275877377967,0.4902529937378791,0.5507115223902416,0.4276625885075218,0.6357227319014778,0.504218843192701,0.6127849691955636,0.4868390321649399,0.5000000038176922
2020-09-03,239.85,45.34,1,0.4697858637856305,0.4888874750848822,0.6124951205414743,0.4883310329354324,0.5713783884603901,0.5287105222300295,0.6311325185743208,0.4172407349168211,0.6000497803838172,0.4647769199297839,0.5894259012134099,0.4643479094787624,0.5000000038176922
2020-09-04,240.45,45.32,1,0.4642110841148698,0.4888874750848822,0.6124951205414743,0.4883310329354324,0.5443997470996061,0.3978757471793426,0.4083616154168623,0.4109068535078266,0.6544506460312253,0.5367391437910765,0.6127849691955641,0.4688260683546604,0.5000000038176922
2020-09-05,240.45,45.32,1,0.5034460447930926,0.4888874750848822,0.6124951205414743,0.4883310329354324,0.5871404572281147,0.5230010097238436,0.5431930468432473,0.4046857750915198,0.6339502196150179,0.540149084401723,0.6289974202016578,0.4688260683546604,0.5000000038176922
2020-09-06,240.45,45.32,1,0.4701711064544284,0.4888874750848822,0.6124951205414743,0.4883310329354324,0.5871404572281147,0.5230010097238436,0.5431930468432473,0.4046857750915198,0.6339502196150179,0.540149084401723,0.6289974202016578,0.4688260683546604,0.5000000038176922
2020-09-07,240.45,45.32,1,0.4780938821880386,0.4888874750848822,0.6124951205414743,0.4883310329354324,0.5871404572281147,0.5230010097238436,0.5431930468432473,0.4046857750915198,0.6339502196150179,0.540149084401723,0.6289974202016578,0.4688260683546604,0.5000000038176922
2020-09-08,243.9,45.51,1,0.4975720943822129,0.4888874750848822,0.6124951205414743,0.4883310329354324,0.5381839064853607,0.5814970912074228,0.5307735369927697,0.4204334185370771,0.6622582164943145,0.5127921026014001,0.5563267483262082,0.4977780622759168,0.5000000038176922
2020-09-09,247.1,46.72,1,0.4771252190203399,0.4888874750848822,0.6124951205414743,0.4883310329354324,0.6071440212732314,0.6049175481768261,0.7075355323215662,0.4228367337550019,0.6271130947983594,0.5084764535485153,0.6500356077019543,0.4718502222513899,0.5000000038176922
2020-09-10,247.45,46.55,1,0.4680535772251798,0.4888874750848822,0.6124951205414743,0.4883310329354324,0.5117393714444421,0.4804411406661735,0.4728911629240722,0.4009026744946319,0.69042108097368,0.5564434938581372,0.6248937263164571,0.4779184874456472,0.5000000038176922
2020-09-11,245.65,46.05,1,0.4779001001448806,0.4888874750848822,0.6124951205414743,0.4883310329354324,0.5731302907775945,0.608294439948321,0.5968298397191647,0.4643871236857387,0.6945267766640402,0.5852996231262702,0.6630728613838082,0.4769512998424615,0.5000000038176922
2020-09-12,245.65,46.05,1,0.4607602191945132,0.4888874750848822,0.6124951205414743,0.4883310329354324,0.5871404572281147,0.5230010097238436,0.5431930468432473,0.4046857750915198,0.6339502196150179,0.540149084401723,0.6289974202016578,0.4769512998424615,0.5000000038176922
2020-09-13,245.65,46.05,1,0.4390264159725274,0.4888874750848822,0.6124951205414743,0.4883310329354324,0.5871404572281147,0.5230010097238436,0.5431930468432473,0.4046857750915198,0.6339502196150179,0.540149084401723,0.6289974202016578,0.4769512998424615,0.5000000038176922
2020-09-14,248.6,47.11,1,0.4845013404457551,0.4888874750848822,0.6124951205414743,0.4883310329354324,0.6453413437446147,0.4697601912056974,0.5608132924257614,0.4156501332970412,0.5863610232859784,0.5932473971255986,0.7427509303480735,0.4548916587402303,0.5000000038176922
2020-09-15,247.5,46.82,1,0.4769315614813681,0.4888874750848822,0.6124951205414743,0.4883310329354324,0.6278860340489825,0.557426506923005,0.5633522394993806,0.3934793408395815,0.700717042684296,0.4941007723626431,0.5707672259678229,0.4567957989856038,0.5000000038176922
2020-09-16,250.9,47.88,1,0.4780938821880386,0.4888874750848822,0.6124951205414743,0.4883310329354324,0.6293675041906746,0.6032318773214751,0.6771316040409399,0.4676834531533905,0.6782165762199728,0.5340447898129117,0.6630728613838082,0.4400683027406627,0.5000000038176922
2020-09-17,250.5,47.82,1,0.493077067013246,0.4888874750848822,0.6124951205414743,0.4883310329354324,0.5970579816241518,0.5601347137601296,0.5812718622565739,0.4561650691684224,0.6602940242590092,0.5140363146898825,0.5970901873324007,0.4408302439573299,0.5000000038176922
2020-09-18,248.0,46.21,1,0.4796449989406138,0.4888874750848822,0.6124951205414743,0.4883310329354324,0.5557867088351117,0.5199103133253286,0.3904199989899186,0.4561650691684224,0.6583377359428222,0.540149084401723,0.5320130023532845,0.5089435084029375,0.5000000038176922
2020-09-19,248.0,46.21,1,0.4728709905653251,0.4888874750848822,0.6124951205414743,0.4883310329354324,0.5871404572281147,0.5230010097238436,0.5431930468432473,0.4046857750915198,0.6339502196150179,0.540149084401723,0.6289974202016578,0.5089435084029375,0.5000000038176922
2020-09-20,248.0,46.21,1,0.4375075306820574,0.4888874750848822,0.6124951205414743,0.4883310329354324,0.5871404572281147,0.5230010097238436,0.5431930468432473,0.4046857750915198,0.6339502196150179,0.540149084401723,0.6289974202016578,0.5089435084029375,0.5000000038176922
2020-09-21,249.85,46.24,1,0.4527311160175624,0.4888874750848822,0.6124951205414743,0.4883310329354324,0.5613362013884553,0.8360586592594623,0.7668674807404637,0.3474022826774235,0.5788745388756356,0.5932473971255986,0.6500356077019536,0.5210037901724714,0.5000000038176922
2020-09-22,251.3,45.98,1,0.3362163366943904,0.4888874750848822,0.6124951205414743,0.4883310329354324,0.566148241368793,0.679525810967899,0.5968298397191647,0.3956929159575019,0.6304894958310898,0.5940496973799703,0.6331357567350364,0.5484734198895408,0.5000000038176922
2020-09-23,254.2,45.58,1,0.6106239371462138,0.4888874750848822,0.6124951205414743,0.4883310329354324,0.5087858796207945,0.662643907696376,0.5209341473343067,0.3876156493706774,0.628792516742367,0.6204052371361936,0.6167881066277217,0.6096400461128476,0.5000000038176922
2020-09-24,252.55,45.78,1,0.4991373303733585,0.4888874750848822,0.6124951205414743,0.4883310329354324,0.6186158516954593,0.5770825894786517,0.6689247477292728,0.3595048839004672,0.6015909229160447,0.5638176544315263,0.7087552361286228,0.5672195360457636,0.5000000038176922
2020-09-25,255.65,46.11,1,0.4788692517537618,0.4888874750848822,0.6124951205414743,0.4883310329354324,0.6449131516610199,0.3244038891603436,0.3355653812800077,0.4140639039571775,0.6467943986504651,0.631468976539507,0.6946928030862767,0.5936585487943452,0.5000000038176922
2020-09-26,255.65,46.11,1,0.4151750947733063,0.4888874750848822,0.6124951205414743,0.4883310329354324,0.5871404572281147,0.5230010097238436,0.5431930468432473,0.4046857750915198,0.6339502196150179,0.540149084401723,0.6289974202016578,0.5936585487943452,0.5000000038176922
2020-09-27,255.65,46.11,1,0.5205388636244949,0.4888874750848822,0.6124951205414743,0.4883310329354324,0.5871404572281147,0.5230010097238436,0.5431930468432473,0.4046857750915198,0.6339502196150179,0.540149084401723,0.6289974202016578,0.5936585487943452,0.5000000038176922
2020-09-28,255.7,45.38,1,0.5418534056679358,0.4888874750848822,0.6124951205414743,0.4883310329354324,0.6304267507803539,0.6401439126854344,0.5307735369927697,0.3868860119040019,0.6449093073492219,0.5380973811541659,0.5598980322593139,0.6444585699160522,0.5000000038176922
2020-09-29,256.0,45.42,1,0.5010950713502202,0.4888874750848822,0.6124951205414743,0.4883310329354324,0.5346184803124687,0.5595924783303985,0.5735608917914482,0.3949540035404579,0.6205310694144502,0.6054206664883425,0.6946928030862767,0.6299611548886993,0.5000000038176922
2020-09-30,256.7,45.69,1,0.4204634215462379,0.4888874750848822,0.6124951205414743,0.4883310329354324,0.6108826926165322,0.4572707606158963,0.5063265161213912,0.5033391680716433,0.7492073924865321,0.5653121537748457,0.671936155549298,0.618172779111755,0.5000000038176922
2020-10-01,256.8,45.44,1,0.4413060772267619,0.7783625108044959,0.6124951205414743,0.6172502503897148,0.6468409076965109,0.7571631316828433,0.6936556720157357,0.4046857750915198,0.6622582164943145,0.5837267904006074,0.6415164873320401,0.6347110362375826,0.5000000038176922
2020-10-02,258.05,45.62,1,0.5215235072125606,0.4888874750848822,0.6124951205414743,0.4883310329354324,0.5538804587866829,0.503677144213965,0.5184871558960955,0.3971742492621855,0.6141094192940628,0.579042634653848,0.6674873624869875,0.6560255891328886,0.5000000038176922
2020-10-03,258.05,45.62,1,0.4576979818144522,0.4888874750848822,0.6124951205414743,0.4883310329354324,0.5871404572281147,0.5230010097238436,0.5431930468432473,0.4046857750915198,0.6339502196150179,0.540149084401723,0.6289974202016578,0.6560255891328886,0.5000000038176922
2020-10-04,258.05,45.62,1,0.4761571884164446,0.4888874750848822,0.6124951205414743,0.4883310329354324,0.5871404572281147,0.5230010097238436,0.5431930468432473,0.4046857750915198,0.6339502196150179,0.540149084401723,0.6289974202016578,0.6560255891328886,0.5000000038176922
2020-10-05,257.7,46.34,1,0.4882003995206449,0.4888874750848822,0.6124951205414743,0.4883310329354324,0.5576966378664219,0.7595653993232265,0.8811070547184416,0.4054532238793171,0.632207217341943,0.5852996231262702,0.7680413800767172,0.5996012778510271,0.5000000038176922
2020-10-06,253.55,45.28,1,0.435420181700105,0.4888874750848822,0.6124951205414743,0.4883310329354324,0.6148461039513456,0.5036771442139636,0.4776153391151448,0.4709837619480041,0.6762004961466523,0.548529661623271,0.6048751330486282,0.6089855800320807,0.5000000038176922
2020-10-07,258.0,45.93,1,0.4626765588949455,0.4888874750848822,0.6124951205414743,0.4883310329354324,0.6104664852437783,0.7249069045590733,0.6908915797296682,0.4236393458095817,0.6622582164943145,0.6858359286195945,0.7578248386514458,0.6174135811547811,0.5000000038176922
2020-10-08,255.3,45.69,1,0.5032500620818958,0.4888874750848822,0.6124951205414743,0.4883310329354324,0.6150551633734903,0.5579675509992509,0.6099292201585393,0.3942161655643996,0.6221591613463359,0.5608481071013408,0.6809364220760711,0.6118571725901066,0.5000000038176922
2020-10-09,261.6,47.29,1,0.4534945527056869,0.4888874750848822,0.6124951205414743,0.4883310329354324,0.5588444248088285,0.3332899981942467,0.4379666807929857,0.4619176070012104,0.6965860791048814,0.5821596468880996,0.7279791041987045,0.578480818345227,0.5000000038176922
2020-10-10,261.6,47.29,1,0.4157414106686677,0.4888874750848822,0.6124951205414743,0.4883310329354324,0.5871404572281147,0.5230010097238436,0.5431930468432473,0.4046857750915198,0.6339502196150179,0.540149084401723,0.6289974202016578,0.578480818345227,0.5000000038176922
2020-10-11,261.6,47.29,1,0.3897544369060635,0.4888874750848822,0.6124951205414743,0.4883310329354324,0.5871404572281147,0.5230010097238436,0.5431930468432473,0.4046857750915198,0.6339502196150179,0.540149084401723,0.6289974202016578,0.578480818345227,0.5000000038176922
2020-10-12,261.6,47.29,1,0.5311845134914324,0.4888874750848822,0.6124951205414743,0.4883310329354324,0.5986945502042723,0.5230010097238436,0.5431930468432473,0.3212596952847405,0.5954524305363847,0.540149084401723,0.6289974202016578,0.5783821069091665,0.5000000038176922
2020-10-13,261.9,46.99,1,0.4746097218843155,0.4888874750848822,0.6124951205414743,0.4883310329354324,0.5402524737172061,0.6258542948482713,0.576126086205774,0.4373765675925664,0.6506010790202134,0.6145306561292563,0.6674873624869875,0.5971015795032445,0.5000000038176922
2020-10-14,263.35,47.0,1,0.4688232239063878,0.4888874750848822,0.6124951205414743,0.4883310329354324,0.5719618551203027,0.5193967872786084,0.5039088783050345,0.4373765675925664,0.6741900346016415,0.5721155569957088,0.6331357567350356,0.6080798433563329,0.5000000038176922
2020-10-15,261.45,46.59,1,0.5272388007051421,0.4888874750848822,0.6124951205414743,0.4883310329354324,0.594611483712592,0.4902529937378791,0.5039088783050345,0.4196339198485351,0.69042108097368,0.5980812620887395,0.6809364220760711,0.618881690196199,0.5000000038176922
2020-10-16,263.65,46.71,1,0.4690156994571807,0.4888874750848822,0.6124951205414743,0.4883310329354324,0.6050742664590933,0.6574302190938128,0.6099292201585393,0.370247827847709,0.6221591613463359,0.5705928066924654,0.6289974202016578,0.634250759717535,0.5000000038176922
2020-10-17,263.65,46.71,1,0.524281701709085,0.4888874750848822,0.6124951205414743,0.4883310329354324,0.5871404572281147,0.5230010097238436,0.5431930468432473,0.4046857750915198,0.6339502196150179,0.540149084401723,0.6289974202016578,0.634250759717535,0.5000000038176922
2020-10-18,263.65,46.71,1,0.3991559261921744,0.4888874750848822,0.6124951205414743,0.4883310329354324,0.5871404572281147,0.5230010097238436,0.5431930468432473,0.4046857750915198,0.6339502196150179,0.540149084401723,0.6289974202016578,0.634250759717535,0.5000000038176922
2020-10-19,264.3,47.16,1,0.3515302409976726,0.4888874750848822,0.6124951205414743,0.4883310329354324,0.5014221323529564,0.447751374761834,0.528305857991948,0.416444916444562,0.6583377359428222,0.5980812620887395,0.7328694111670193,0.6159973790506091,0.5000000038176922
2020-10-20,266.45,47.6,1,0.6276022996213827,0.4888874750848822,0.6124951205414743,0.4883310329354324,0.5829561172574415,0.698880409069764,0.6991957943143542,0.4357525833861771,0.6602940242590092,0.6913855479947345,0.7888744528065954,0.6152392174436079,0.5000000038176922
2020-10-21,268.7,47.92,1,0.4837234582806435,0.4888874750848822,0.6124951205414743,0.4883310329354324,0.6163104497255639,0.4453825609924153,0.4634921249045076,0.4292762516111501,0.6721853998295578,0.71202027320515,0.7941658214269677,0.6158457178174361,0.5000000038176922
2020-10-22,269.65,48.17,1,0.4952259043873598,0.4888874750848822,0.6124951205414743,0.4883310329354324,0.5661482413687936,0.7897347765577901,0.7812297319959691,0.406998980085932,0.6525208717263086,0.7007099574013607,0.799490352465896,0.6071243511375041,0.5000000038176922
2020-10-23,269.1,47.81,1,0.4125331767748313,0.4888874750848822,0.6124951205414743,0.4883310329354324,0.5944080826575712,0.5281892377300528,0.5087489146149641,0.4325103048711313,0.6563897823184408,0.6595076900025023,0.7182996106860551,0.6213653612566709,0.5000000038176922
2020-10-24,269.1,47.81,1,0.3786786829130574,0.4888874750848822,0.6124951205414743,0.4883310329354324,0.5871404572281147,0.5230010097238436,0.5431930468432473,0.4046857750915198,0.6339502196150179,0.540149084401723,0.6289974202016578,0.6213653612566709,0.5000000038176922
2020-10-25,269.1,47.81,1,0.4724849361807717,0.4888874750848822,0.6124951205414743,0.4883310329354324,0.5871404572281147,0.5230010097238436,0.5431930468432473,0.4046857750915198,0.6339502196150179,0.540149084401723,0.6289974202016578,0.6213653612566709,0.5000000038176922
2020-10-26,270.5,48.09,1,0.5646398179214834,0.4888874750848822,0.6124951205414743,0.4883310329354324,0.5185879815373661,0.5493480492384097,0.5684460676025257,0.412482581735324,0.6237980410922909,0.6046000227388031,0.6946928030862767,0.6241069434578531,0.5000000038176922
2020-10-27,274.7,48.41,1,0.4142313855672741,0.4888874750848822,0.6124951205414743,0.4883310329354324,0.5739103902844693,0.6235782930675026,0.5633522394993797,0.3839736829531354,0.6221591613463359,0.6886064711513521,0.7182996106860551,0.6666308716575776,0.5000000038176922
2020-10-28,268.8,46.8,1,0.387312408081194,0.4888874750848822,0.6124951205414743,0.4883310329354324,0.4090441454857593,0.4149435904991144,0.3704691628916908,0.341729001748969,0.5452173494123194,0.6331883986765862,0.6457587750176421,0.6877286096896208,0.5000000038176922
2020-10-29,275.6,47.92,1,0.5755649695938312,0.4888874750848822,0.6124951205414743,0.4883310329354324,0.5956295994552492,0.4966889633999215,0.511176125045494,0.392008518026216,0.6141094192940628,0.5320426954238691,0.6088141664787814,0.7054061469821579,0.5000000038176922
2020-10-30,278.4,48.43,1,0.525858582556727,0.4888874750848822,0.6124951205414743,0.4883310329354324,0.6015685405728715,0.5087084961645132,0.5332465385051994,0.4228367337550019,0.6339502196150179,0.4982306802899767,0.5894259012134099,0.687147781968783,0.5000000038176922
2020-10-31,278.4,48.43,1,0.337709255865311,0.4888874750848822,0.6124951205414743,0.4883310329354324,0.5871404572281147,0.5230010097238436,0.5431930468432473,0.4046857750915198,0.6339502196150179,0.540149084401723,0.6289974202016578,0.687147781968783,0.5000000038176922
2020-11-01,278.4,48.43,1,0.4950304814990448,0.6263532967670091,0.6124951205414743,0.4883310329354324,0.5871404572281147,0.5230010097238436,0.5431930468432473,0.4046857750915198,0.6339502196150179,0.540149084401723,0.6289974202016578,0.687147781968783,0.5000000038176922
2020-11-02,278.4,48.43,1,0.4445384679359823,0.4888874750848822,0.6124951205414743,0.4883310329354324,0.6184060578819561,0.5230010097238436,0.5431930468432473,0.3927434747021893,0.6271130947983594,0.540149084401723,0.6289974202016578,0.6860394811361512,0.5000000038176922
2020-11-03,276.95,48.16,1,0.5442271382164237,0.4888874750848822,0.6124951205414743,0.4883310329354324,0.6108826926165322,0.616768145337588,0.61784579166211,0.4430741046093937,0.6602940242590092,0.4719059098756404,0.5527806875107844,0.6931769231022548,0.5000000038176922
2020-11-04,277.65,49.04,1,0.451967919794669,0.4888874750848822,0.6124951205414743,0.4883310329354324,0.5316231168358072,0.7065447087055059,0.8248296841418152,0.4759412953980039,0.666208802432395,0.5876694295160725,0.7836162852303132,0.6448702751632251,0.5000000038176922
2020-11-05,279.9,50.46,1,0.5650368079656098,0.4888874750848822,0.6124951205414743,0.4883310329354324,0.5861404862888828,0.5461370513360703,0.7271302327780789,0.461094972612087,0.6642299257245803,0.5307165492185373,0.7527667076158291,0.575128187799107,0.5000000038176922
2020-11-06,287.85,53.42,1,0.4870315645765058,0.4888874750848822,0.6124951205414743,0.4883310329354324,0.589751783024494,0.5650278720691344,0.8306995005953566,0.3979168380847812,0.617303548197701,0.5436076870638893,0.8432759191689606,0.4981986942368931,0.5000000038176922
2020-11-07,287.85,53.42,1,0.3586359958277696,0.4888874750848822,0.6124951205414743,0.4883310329354324,0.5871404572281147,0.5230010097238436,0.5431930468432473,0.4046857750915198,0.6339502196150179,0.540149084401723,0.6289974202016578,0.4981986942368931,0.5000000038176922
2020-11-08,287.85,53.42,1,0.6202083378198412,0.4888874750848822,0.6124951205414743,0.4883310329354324,0.5871404572281147,0.5230010097238436,0.5431930468432473,0.4046857750915198,0.6339502196150179,0.540149084401723,0.6289974202016578,0.4981986942368931,0.5000000038176922
2020-11-09,287.25,53.06,1,0.4611433312391585,0.4888874750848822,0.6124951205414743,0.4883310329354324,0.8386788158636552,0.2263360439936794,0.2407388247059688,0.4333201351646997,0.6393418816133032,0.5134135731201622,0.5707672259678229,0.5080960026455948,0.5000000038176922
2020-11-10,288.0,53.54,1,0.3882515389855815,0.4888874750848822,0.6124951205414743,0.4883310329354324,0.7179078476536683,0.8816529874324636,0.9172226736089416,0.5208714458534515,0.759947379392233,0.4946877696615654,0.6167881066277222,0.5217638796105954,0.5000000038176922
2020-11-11,292.0,53.93,1,0.5729812090820181,0.4888874750848822,0.6124951205414743,0.4883310329354324,0.5329328103028522,0.6060423614641773,0.5633522394993797,0.4252466734669993,0.5969807112258781,0.5683202623046477,0.6167881066277222,0.5105457210403702,0.5000000038176922
2020-11-12,288.55,52.79,1,0.4289760833420453,0.4888874750848822,0.6124951205414743,0.4883310329354324,0.4986677501906568,0.1322478943732966,0.132214830529625,0.3839736829531354,0.577385884565295,0.5380973811541659,0.5744434551012803,0.5425335213419281,0.5000000038176922
2020-11-13,291.8,53.28,1,0.3528387468537276,0.4888874750848822,0.6124951205414743,0.4883310329354324,0.6893148189727778,0.6906513230938987,0.6716562232827152,0.412482581735324,0.6506010790202134,0.5535411094086465,0.6289974202016578,0.5425817175674793,0.5000000038176922
2020-11-14,291.8,53.28,1,0.5827244669774309,0.4888874750848822,0.6124951205414743,0.4883310329354324,0.5871404572281147,0.5230010097238436,0.5431930468432473,0.4046857750915198,0.6339502196150179,0.540149084401723,0.6289974202016578,0.5425817175674793,0.5000000038176922
2020-11-15,291.8,53.28,1,0.4418762498123933,0.4888874750848822,0.6124951205414743,0.4883310329354324,0.5871404572281147,0.5230010097238436,0.5431930468432473,0.4046857750915198,0.6339502196150179,0.540149084401723,0.6289974202016578,0.5425817175674793,0.5000000038176922
2020-11-16,290.55,53.49,1,0.4407360087249521,0.4888874750848822,0.6124951205414743,0.4883310329354324,0.6440571108823478,0.4951993881084409,0.5786964213368587,0.4252466734669993,0.6782165762199728,0.526777639102561,0.6674873624869875,0.5220014891963187,0.5000000038176922
2020-11-17,285.45,53.48,1,0.4692082009947773,0.4888874750848822,0.6124951205414743,0.4883310329354324,0.5737152781373163,0.5628502676707506,0.7243195545037047,0.4496087668539192,0.6642299257245803,0.5675658671824982,0.7836162852303132,0.4811935015060022,0.5000000038176922
2020-11-18,282.15,52.79,1,0.5012909166518611,0.4888874750848822,0.6124951205414743,0.4883310329354324,0.5440221453014057,0.5292322394439772,0.5382087617283808,0.4244426670030199,0.6762004961466523,0.5090893391966,0.5856377431417101,0.4973575551777394,0.5000000038176922
2020-11-19,287.65,54.15,1,0.3972744359839277,0.4888874750848822,0.6124951205414743,0.4883310329354324,0.5901549150298495,0.4430179718210689,0.5160451918401547,0.406998980085932,0.6125234315214916,0.5127921026014001,0.6331357567350356,0.4707497609156533,0.5000000038176922
2020-11-20,287.05,53.43,1,0.5201450701919721,0.4888874750848822,0.6124951205414743,0.4883310329354324,0.6177769283587192,0.5056855143962072,0.4448830014273043,0.4228367337550019,0.6393418816133032,0.5535411094086465,0.5781469844146332,0.5052276272818822,0.5000000038176922
2020-11-21,287.05,53.43,1,0.517783091767387,0.4888874750848822,0.6124951205414743,0.4883310329354324,0.5871404572281147,0.5230010097238436,0.5431930468432473,0.4046857750915198,0.6339502196150179,0.540149084401723,0.6289974202016578,0.5052276272818822,0.5000000038176922
2020-11-22,287.05,53.43,1,0.4270828480395098,0.4888874750848822,0.6124951205414743,0.4883310329354324,0.5871404572281147,0.5230010097238436,0.5431930468432473,0.4046857750915198,0.6339502196150179,0.540149084401723,0.6289974202016578,0.5052276272818822,0.5000000038176922
2020-11-23,289.7,53.28,1,0.5008992388381172,0.4888874750848822,0.6124951205414743,0.4883310329354324,0.6133839513440749,0.4897598996027702,0.4265113500373118,0.4406298197806782,0.6583377359428222,0.5300559927172448,0.5492594636858844,0.5333567372913367,0.5000000038176922
2020-11-24,286.9,53.28,1,0.4942489366401868,0.4888874750848822,0.6124951205414743,0.4883310329354324,0.6773105688283864,0.4712102735562585,0.5684460676025257,0.406998980085932,0.628792516742367,0.5146603390171998,0.6630728613838082,0.5023650036554955,0.5000000038176922
2020-11-25,278.3,52.33,1,0.5036420397082964,0.4888874750848822,0.6124951205414743,0.4883310329354324,0.6194554426267856,0.5558051929237579,0.6716562232827152,0.3825209673370697,0.5969807112258781,0.5471140777219671,0.7182996106860551,0.4791630059182797,0.5000000038176922
2020-11-26,278.3,52.33,1,0.4730640639202364,0.4888874750848822,0.6124951205414743,0.4883310329354324,0.5871404572281147,0.5230010097238436,0.5431930468432473,0.4046857750915198,0.6339502196150179,0.540149084401723,0.6289974202016578,0.4791630059182797,0.5000000038176922
2020-11-27,279.8,52.51,1,0.4800330107002749,0.4888874750848822,0.6124951205414743,0.4883310329354324,0.5867401738249088,0.5112376134283316,0.5184871558960964,0.4268566544477022,0.6762004961466523,0.5078647517343506,0.5818782609498894,0.4884628676213267,0.5000000038176922
2020-11-28,279.8,52.51,1,0.479838993445273,0.4888874750848822,0.6124951205414743,0.4883310329354324,0.5871404572281147,0.5230010097238436,0.5431930468432473,0.4046857750915198,0.6339502196150179,0.540149084401723,0.6289974202016578,0.4884628676213267,0.5000000038176922
2020-11-29,279.8,52.51,1,0.4559774431204436,0.4888874750848822,0.6124951205414743,0.4883310329354324,0.5871404572281147,0.5230010097238436,0.5431930468432473,0.4046857750915198,0.6339502196150179,0.540149084401723,0.6289974202016578,0.4884628676213267,0.5000000038176922
2020-11-30,283.75,53.01,1,0.4634436549124221,0.4888874750848822,0.6124951205414743,0.4883310329354324,0.5921757566788656,0.4956956156357654,0.4847333212448718,0.3374821936401705,0.5969807112258781,0.4808557052707185,0.5354155263515141,0.4829494981243422,0.5000000038176922
2020-12-01,271.6,51.89,1,0.5146359356894562,0.5609299366226413,0.6124951205414743,0.4883310329354324,0.6718745254466173,0.4683120431957329,0.6689247477292728,0.3854286465036713,0.6015909229160447,0.4708011165544272,0.6764191915738064,0.4259843611946083,0.5000000038176922
2020-12-02,274.3,52.3,1,0.5097236958837882,0.4888874750848822,0.6124951205414743,0.4883310329354324,0.642132714615823,0.3691760074582085,0.3837429923876632,0.3803458164888749,0.666208802432395,0.4941007723626431,0.5634949347753477,0.4310479668579636,0.5000000038176922
2020-12-03,275.35,53.6,1,0.4369381269436409,0.4888874750848822,0.6124951205414743,0.4883310329354324,0.5839488160800688,0.5408129639398235,0.7299446760039905,0.4545241118869686,0.6602940242590092,0.4802903279933475,0.6809364220760711,0.4020018596820162,0.5000000038176922
2020-12-04,271.0,52.85,1,0.3942653114662471,0.4888874750848822,0.6124951205414743,0.4883310329354324,0.6338220735404304,0.2782370099780535,0.3183649678142797,0.389076956373224,0.5985131045180748,0.4911802927403292,0.5781469844146337,0.4038308943444882,0.5000000038176922
2020-12-05,271.0,52.85,1,0.5024662542170807,0.4888874750848822,0.6124951205414743,0.4883310329354324,0.5871404572281147,0.5230010097238436,0.5431930468432473,0.4046857750915198,0.6339502196150179,0.540149084401723,0.6289974202016578,0.4038308943444882,0.5000000038176922
2020-12-06,271.0,52.85,1,0.3405091157870576,0.4888874750848822,0.6124951205414743,0.4883310329354324,0.5871404572281147,0.5230010097238436,0.5431930468432473,0.4046857750915198,0.6339502196150179,0.540149084401723,0.6289974202016578,0.4038308943444882,0.5000000038176922
2020-12-07,270.25,53.18,1,0.6072316518076551,0.4888874750848822,0.6124951205414743,0.4883310329354324,0.5709896829137769,0.6281332099915118,0.7159102836040272,0.3971742492621855,0.6525208717263086,0.487130983701491,0.6167881066277217,0.3793593261159121,0.5000000038176922
2020-12-08,266.8,52.02,1,0.4845013404457551,0.4888874750848822,0.6124951205414743,0.4883310329354324,0.590962232008111,0.2730083537283939,0.2448603005060348,0.3724051667019148,0.617303548197701,0.5127921026014001,0.5457626997668532,0.3884535707334466,0.5000000038176922
2020-12-09,265.3,51.19,1,0.3541474532065374,0.4888874750848822,0.6124951205414743,0.4883310329354324,0.568081075187491,0.8983996483645984,0.7956786653428658,0.4430741046093937,0.6721853998295578,0.5535411094086465,0.5856377431417096,0.4104283795702124,0.5000000038176922
2020-12-10,263.0,52.21,1,0.5197513136466958,0.4888874750848822,0.6124951205414743,0.4883310329354324,0.5891477597316455,0.3709858655587413,0.604675084977283,0.3905411595990285,0.6221591613463359,0.5300559927172438,0.8102387489396149,0.3483818054612427,0.5000000038176922
2020-12-11,263.0,52.21,1,0.4506328909929994,0.4888874750848822,0.6124951205414743,0.4883310329354324,0.5455332659231887,0.2926639010637178,0.2970837152044089,0.4276625885075218,0.6642299257245803,0.5165402285324641,0.5856377431417101,0.3651656454577047,0.5000000038176922
2020-12-12,263.0,52.21,1,0.488200399520645,0.4888874750848822,0.6124951205414743,0.4883310329354324,0.5871404572281147,0.5230010097238436,0.5431930468432473,0.4046857750915198,0.6339502196150179,0.540149084401723,0.6289974202016578,0.3651656454577047,0.5000000038176922
2020-12-13,263.0,52.21,1,0.5175863216463902,0.4888874750848822,0.6124951205414743,0.4883310329354324,0.5871404572281147,0.5230010097238436,0.5431930468432473,0.4046857750915198,0.6339502196150179,0.540149084401723,0.6289974202016578,0.3651656454577047,0.5000000038176922
2020-12-14,259.7,50.82,1,0.5610679275470334,0.4888874750848822,0.6124951205414743,0.4883310329354324,0.5361185711089629,0.7553625642254609,0.6689247477292728,0.4317009878398908,0.6015909229160447,0.554988846464188,0.5818782609498887,0.3878939971544344,0.5000000038176922
2020-12-15,262.55,51.59,1,0.451204959338525,0.4888874750848822,0.6124951205414743,0.4883310329354324,0.6658023443263157,0.5965081753625906,0.6445319001805824,0.4504271785765525,0.6762004961466523,0.579042634653848,0.6993463365640427,0.3730497204169499,0.5000000038176922
2020-12-16,265.15,51.73,1,0.4856687436946906,0.4888874750848822,0.6124951205414743,0.4883310329354324,0.5935952360803931,0.4066190193325488,0.3815233348876546,0.4024072805928778,0.6525208717263086,0.6178803286924444,0.6674873624869875,0.3728796369576119,0.5000000038176922
2020-12-17,259.0,51.03,1,0.3993441091441079,0.4888874750848822,0.6124951205414743,0.4883310329354324,0.6526375591918929,0.5568857647677661,0.6526242847628968,0.461094972612087,0.6741900346016415,0.4935147517270027,0.6289974202016578,0.3620430473075217,0.5000000038176922
2020-12-18,255.3,50.19,1,0.4538763627439947,0.4888874750848822,0.6124951205414743,0.4883310329354324,0.5686618774455403,0.5313233661351986,0.5332465385051994,0.4643871236857387,0.6721853998295578,0.5478209511897301,0.6248937263164571,0.3807277991531613,0.5000000038176922
2020-12-19,255.3,50.19,1,0.5479875516498495,0.4888874750848822,0.6124951205414743,0.4883310329354324,0.5871404572281147,0.5230010097238436,0.5431930468432473,0.4046857750915198,0.6339502196150179,0.540149084401723,0.6289974202016578,0.3807277991531613,0.5000000038176922
2020-12-20,255.3,50.19,1,0.4136652495868355,0.4888874750848822,0.6124951205414743,0.4883310329354324,0.5871404572281147,0.5230010097238436,0.5431930468432473,0.4046857750915198,0.6339502196150179,0.540149084401723,0.6289974202016578,0.3807277991531613,0.5000000038176922
2020-12-21,261.15,50.97,1,0.4197075675196473,0.4888874750848822,0.6124951205414743,0.4883310329354324,0.5457222908038218,0.5142851181238682,0.4847333212448718,0.4809068342765467,0.6525208717263086,0.607065765197303,0.658692701759379,0.3893149405188853,0.5000000038176922
2020-12-22,262.8,50.88,1,0.5010950713502202,0.4888874750848822,0.6124951205414743,0.4883310329354324,0.5723511088838544,0.5204242857629502,0.4823563764961658,0.412482581735324,0.6602940242590092,0.7292256436977772,0.7731997093917817,0.4055752694476108,0.5000000038176922
2020-12-23,266.3,51.22,1,0.4340925226681855,0.4888874750848822,0.6124951205414743,0.4883310329354324,0.5744960809530933,0.5219689283421611,0.4966840309028784,0.4365643473466158,0.6622582164943145,0.5586382470261688,0.6127849691955636,0.430558522730866,0.5000000038176922
2020-12-24,266.3,51.22,1,0.5073682022322158,0.4888874750848822,0.6124951205414743,0.4883310329354324,0.5999247455667794,0.5230010097238436,0.5431930468432473,0.4188352803561013,0.6622582164943145,0.540149084401723,0.6289974202016578,0.4306030101394204,0.5000000038176922
2020-12-25,266.3,51.22,1,0.4544491941856137,0.4888874750848822,0.6124951205414743,0.4883310329354324,0.5871404572281147,0.5230010097238436,0.5431930468432473,0.4043800390221687,0.6339502196150179,0.540149084401723,0.6289974202016578,0.4306030101394204,0.5000000038176922
2020-12-26,266.3,51.22,1,0.4531128040025449,0.4888874750848822,0.6124951205414743,0.4883310329354324,0.5871404572281147,0.5230010097238436,0.5431930468432473,0.4046857750915198,0.6339502196150179,0.540149084401723,0.6289974202016578,0.4306030101394204,0.5000000038176922
2020-12-27,266.3,51.22,1,0.5561100972582067,0.4888874750848822,0.6124951205414743,0.4883310329354324,0.5871404572281147,0.5230010097238436,0.5431930468432473,0.4046857750915198,0.6339502196150179,0.540149084401723,0.6289974202016578,0.4306030101394204,0.5000000038176922
2020-12-28,270.3,51.59,1,0.5073682022322159,0.4888874750848822,0.6124951205414743,0.4883310329354324,0.6259838722688685,0.4765443045850063,0.4471958147956262,0.3835376387276891,0.6762004961466523,0.5705928066924654,0.6127849691955641,0.4438374347017599,0.5000000038176922
2020-12-29,272.5,52.57,1,0.4932723407836291,0.4888874750848822,0.6124951205414743,0.4883310329354324,0.5576966378664219,0.5803919825732816,0.6771316040409399,0.531756704941916,0.7090256625506307,0.571353414925632,0.7377933674273787,0.4276700624181807,0.5000000038176922
2020-12-30,267.15,51.51,1,0.4800330107002749,0.4888874750848822,0.6124951205414743,0.4883310329354324,0.5704070266632009,0.6818638627332989,0.6853754316661986,0.4188352803561013,0.700717042684296,0.5542641090436395,0.6457587750176413,0.4204987060306707,0.5000000038176922
2020-12-31,267.15,51.51,1,0.4508235661038581,0.4888874750848822,0.6124951205414743,0.4883310329354324,0.6714402213179872,0.5230010097238436,0.5431930468432473,0.4381892342306688,0.7090256625506307,0.540149084401723,0.6289974202016578,0.4204987060306707,0.5000000038176922
2021-01-01,267.15,51.51,1,0.4206524052923354,0.5022303595588642,0.6124951205414743,0.5871386287946128,0.5871404572281147,0.5230010097238436,0.5431930468432473,0.4024072805928778,0.6467943986504651,0.540149084401723,0.6289974202016578,0.4204987060306707,0.5000000038176922
2021-01-02,267.15,51.51,1,0.4280293518561789,0.4888874750848822,0.6124951205414743,0.4883310329354324,0.5871404572281147,0.5230010097238436,0.5431930468432473,0.4046857750915198,0.6339502196150179,0.540149084401723,0.6289974202016578,0.4204987060306707,0.5000000038176922
2021-01-03,267.15,51.51,1,0.4282186798288304,0.4888874750848822,0.6124951205414743,0.4883310329354324,0.5871404572281147,0.5230010097238436,0.5431930468432473,0.4046857750915198,0.6339502196150179,0.540149084401723,0.6289974202016578,0.4204987060306707,0.5000000038176922
2021-01-04,273.7,52.02,1,0.5452164854175101,0.4888874750848822,0.6124951205414743,0.4883310329354324,0.5348059024330726,0.565572977768182,0.4752511636328186,0.4132725907858574,0.6205310694144502,0.8192210270024226,0.8102387489396149,0.4668136563783213,0.5000000038176922
2021-01-05,276.9,52.61,1,0.5418534056679358,0.4888874750848822,0.6124951205414743,0.4883310329354324,0.5837501069652835,1.0,0.9721815314542008,0.5158554350170781,0.6965860791048814,0.5287398194185906,0.6127849691955636,0.4616133966088679,0.5000000038176922
2021-01-06,278.3,52.68,1,0.5116878068080124,0.4888874750848822,0.6124951205414743,0.4883310329354324,0.8969392397264808,0.6378502761830306,0.6152022569534368,0.451245922078928,0.6583377359428222,0.5916468537323534,0.658692701759379,0.4746511867358796,0.5000000038176922
2021-01-07,280.1,52.0,1,0.4443482306773556,0.4888874750848822,0.6124951205414743,0.4883310329354324,0.7011565790207188,0.4736314608872478,0.3616775244239706,0.3861570185346123,0.6271130947983594,0.564564100858498,0.5388410868280262,0.5195796950977566,0.5000000038176922
2021-01-08,279.5,51.61,1,0.4479649057329997,0.4888874750848822,0.6124951205414743,0.4883310329354324,0.6046609705822402,0.6190351795370865,0.5838523745760812,0.4676834531533905,0.6506010790202134,0.5367391437910756,0.5932432175904532,0.5232376858661969,0.5000000038176922
2021-01-09,279.5,51.61,1,0.4546401693573519,0.4888874750848822,0.6124951205414743,0.4883310329354324,0.5871404572281147,0.5230010097238436,0.5431930468432473,0.4046857750915198,0.6339502196150179,0.540149084401723,0.6289974202016578,0.5232376858661969,0.5000000038176922
2021-01-10,279.5,51.61,1,0.4796449989406138,0.4888874750848822,0.6124951205414743,0.4883310329354324,0.5871404572281147,0.5230010097238436,0.5431930468432473,0.4046857750915198,0.6339502196150179,0.540149084401723,0.6289974202016578,0.5232376858661969,0.5000000038176922
2021-01-11,284.7,51.85,1,0.4433972282314465,0.4888874750848822,0.6124951205414743,0.4883310329354324,0.5727405865298307,0.6847895726891846,0.5710008735746377,0.3979168380847812,0.6078044469805547,0.5429120914220548,0.5527806875107844,0.5575008365291443,0.5000000038176922
2021-01-12,283.95,53.24,1,0.4852795331874668,0.4888874750848822,0.6124951205414743,0.4883310329354324,0.6393572700416764,0.6447392585797314,0.91117367279206,0.5552746516537264,0.843270420318781,0.5908486219522728,0.918900912266622,0.4786558451894776,0.5000000038176922
2021-01-13,285.95,53.95,1,0.4401660431187515,0.4888874750848822,0.6124951205414743,0.4883310329354324,0.5204436403318515,0.520938709236541,0.5916240038660957,0.3695294212472614,0.69042108097368,0.5805982440926537,0.7182996106860559,0.4678194934931804,0.5000000038176922
2021-01-14,290.2,55.78,1,0.4200854783851952,0.4888874750848822,0.6124951205414743,0.4883310329354324,0.5154380029347166,0.4927226312040799,0.6716562232827143,0.4833924538143004,0.7111120279279984,0.5698337399784612,0.810238748939614,0.4218237689865589,0.5000000038176922
2021-01-15,287.9,54.46,1,0.5122772468423762,0.4888874750848822,0.6124951205414743,0.4883310329354324,0.5430786537051727,0.5016741291854575,0.4038572047906769,0.3587910032040913,0.6157026189642468,0.5571733837860071,0.5492594636858844,0.4649411093763529,0.5000000038176922
2021-01-16,287.9,54.46,1,0.4034857315041269,0.4888874750848822,0.6124951205414743,0.4883310329354324,0.5871404572281147,0.5230010097238436,0.5431930468432473,0.4046857750915198,0.6339502196150179,0.540149084401723,0.6289974202016578,0.4649411093763529,0.5000000038176922
2021-01-17,287.9,54.46,1,0.560671165647175,0.4888874750848822,0.6124951205414743,0.4883310329354324,0.5871404572281147,0.5230010097238436,0.5431930468432473,0.4046857750915198,0.6339502196150179,0.540149084401723,0.6289974202016578,0.4649411093763529,0.5000000038176922
2021-01-18,287.9,54.46,1,0.4876159024781647,0.4888874750848822,0.6124951205414743,0.4883310329354324,0.5871404572281147,0.5230010097238436,0.5431930468432473,0.4046857750915198,0.6339502196150179,0.540149084401723,0.6289974202016578,0.4649411093763529,0.5000000038176922
2021-01-19,292.35,54.64,1,0.4640191950725693,0.4888874750848822,0.6124951205414743,0.4883310329354324,0.594611483712592,0.6116786011980315,0.523386222772033,0.3142313645173924,0.5985131045180748,0.5924464473594598,0.6048751330486282,0.4949770392039311,0.5000000038176922
2021-01-20,294.6,55.39,1,0.5501657234978757,0.4888874750848822,0.6124951205414743,0.4883310329354324,0.54213588545411,0.4024720244734358,0.4728911629240714,0.3580773858906686,0.6078044469805547,0.5557153114333826,0.6854877990742367,0.4644847789269687,0.5000000038176922
2021-01-21,297.05,55.46,1,0.4301124666070255,0.4888874750848822,0.6124951205414743,0.4883310329354324,0.5187734551620585,0.5942738528958753,0.5507115223902416,0.4093376345972629,0.6506010790202134,0.5134135731201622,0.5598980322593146,0.4916231287039481,0.5000000038176922
2021-01-22,294.95,53.9,1,0.4040507393985414,0.4888874750848822,0.6124951205414743,0.4883310329354324,0.5459113459734972,0.4731467795384066,0.3463987164746585,0.2431715621729114,0.4928733162537057,0.5018106836497256,0.4713359244781525,0.5466357961641659,0.5000000038176922
2021-01-23,294.95,53.9,1,0.5260557312145286,0.4888874750848822,0.6124951205414743,0.4883310329354324,0.5871404572281147,0.5230010097238436,0.5431930468432473,0.4046857750915198,0.6339502196150179,0.540149084401723,0.6289974202016578,0.5466357961641659,0.5000000038176922
2021-01-24,294.95,53.9,1,0.5103128165939194,0.4888874750848822,0.6124951205414743,0.4883310329354324,0.5871404572281147,0.5230010097238436,0.5431930468432473,0.4046857750915198,0.6339502196150179,0.540149084401723,0.6289974202016578,0.5466357961641659,0.5000000038176922
2021-01-25,294.95,53.9,1,0.436938126943641,0.4888874750848822,0.6124951205414743,0.4883310329354324,0.5935952360803931,0.5536477471407616,0.5184871558960955,0.5058395860106982,0.7215952602370131,0.504218843192701,0.5527806875107844,0.5465874682452643,0.5000000038176922
2021-01-26,298.0,55.93,1,0.5377018204650779,0.4888874750848822,0.6124951205414743,0.4883310329354324,0.5750823109225539,0.4951993881084409,0.798578699054123,0.4916907583006488,0.8056600003132302,0.5471140777219671,0.8950453221864397,0.4937649845055918,0.5000000038176922
2021-01-27,297.85,55.19,1,0.3741784341621058,0.4888874750848822,0.6124951205414743,0.4883310329354324,0.4946345893700059,0.5235177598392415,0.4448830014273043,0.416444916444562,0.6467943986504651,0.5307165492185373,0.542290027427637,0.5213362803237824,0.5000000038176922
2021-01-28,299.7,55.13,1,0.538294709169238,0.4888874750848822,0.6124951205414743,0.4883310329354324,0.6634217207689413,0.5466713758711205,0.5087489146149641,0.341729001748969,0.6375213183386396,0.5030125679659017,0.5457626997668532,0.5343149836268294,0.5000000038176922
2021-01-29,299.85,54.69,1,0.4784815190591334,0.4888874750848822,0.6124951205414743,0.4883310329354324,0.5729354101560078,0.4587050188991506,0.4219536783936783,0.4545241118869686,0.7342796449739057,0.5464090530935906,0.5856377431417096,0.5446556376903859,0.5000000038176922
2021-01-30,299.85,54.69,1,0.4823629354615344,0.4888874750848822,0.6124951205414743,0.4883310329354324,0.5871404572281147,0.5230010097238436,0.5431930468432473,0.4046857750915198,0.6339502196150179,0.540149084401723,0.6289974202016578,0.5446556376903859,0.5000000038176922
2021-01-31,299.85,54.69,1,0.3967101080703312,0.4888874750848822,0.6124951205414743,0.4883310329354324,0.5871404572281147,0.5230010097238436,0.5431930468432473,0.4046857750915198,0.6339502196150179,0.540149084401723,0.6289974202016578,0.5446556376903859,0.5000000038176922
2021-02-01,301.0,55.22,1,0.5491755479329866,0.7222778901748176,0.6124951205414743,0.4883310329354324,0.7068765156031824,0.541343770858369,0.607299775304925,0.3912744264249997,0.6506010790202134,0.5852996231262702,0.7182996106860559,0.5301033706379586,0.5000000038176922
2021-02-02,301.05,56.19,1,0.4231099429319313,0.4888874750848822,0.6124951205414743,0.4883310329354324,0.682323218746213,0.5137762200278049,0.6743918491952976,0.370247827847709,0.5939281050518179,0.4831255857323993,0.671936155549298,0.4997420800114664,0.5000000038176922
2021-02-03,301.9,56.3,1,0.4678612283799903,0.4888874750848822,0.6124951205414743,0.4883310329354324,0.5867401738249083,0.4093892722519899,0.4333739194813711,0.4586287330273885,0.7048638155271068,0.5443051938027094,0.6289974202016578,0.4929264792761216,0.5000000038176922
2021-02-04,300.1,55.02,1,0.4862526996061295,0.4888874750848822,0.6124951205414743,0.4883310329354324,0.6184060578819568,0.6071679939999799,0.4847333212448718,0.4101213611278833,0.6205310694144502,0.5353883395109468,0.5252757276259028,0.527429543296562,0.5000000038176922
2021-02-05,301.7,56.02,1,0.4390264159725274,0.4888874750848822,0.6124951205414743,0.4883310329354324,0.5462895475872328,0.4582267424501697,0.5812718622565748,0.3942161655643996,0.6237980410922909,0.5241832279402069,0.6946928030862759,0.5008655975002972,0.5000000038176922
2021-02-06,301.7,56.02,1,0.4734503015772012,0.4888874750848822,0.6124951205414743,0.4883310329354324,0.5871404572281147,0.5230010097238436,0.5431930468432473,0.4046857750915198,0.6339502196150179,0.540149084401723,0.6289974202016578,0.5008655975002972,0.5000000038176922
2021-02-07,301.7,56.02,1,0.4215974465667444,0.4888874750848822,0.6124951205414743,0.4883310329354324,0.5871404572281147,0.5230010097238436,0.5431930468432473,0.4046857750915198,0.6339502196150179,0.540149084401723,0.6289974202016578,0.5008655975002972,0.5000000038176922
2021-02-08,301.5,56.12,1,0.4454898408649335,0.4888874750848822,0.6124951205414743,0.4883310329354324,0.5942047568338328,0.6643845497553822,0.6881314929526352,0.4701583218606984,0.757794508514366,0.5340447898129113,0.6373087969420236,0.4986662095500569,0.5000000038176922
2021-02-09,302.2,56.15,1,0.5604727934154782,0.4888874750848822,0.6124951205414743,0.4883310329354324,0.5915686189788646,0.5488120480434752,0.5507115223902407,0.4455218801858925,0.5863610232859784,0.5924464473594598,0.671936155549298,0.5044762189591071,0.5000000038176922
2021-02-10,299.95,55.76,1,0.463827327289687,0.4888874750848822,0.6124951205414743,0.4883310329354324,0.4622587446471304,0.4251765427673955,0.4588166550945077,0.2730075935118099,0.5040482556112257,0.5248295413327781,0.6167881066277222,0.5081901451911219,0.5000000038176922
2021-02-11,301.2,55.86,1,0.5122772468423762,0.4888874750848822,0.6124951205414743,0.4883310329354324,0.5398761253798328,0.4364188639312537,0.4471958147956262,0.4504271785765525,0.6842966594616114,0.5422184199416891,0.6167881066277217,0.4990403328248923,0.5000000038176922
2021-02-12,303.0,56.34,1,0.3878758700844573,0.4888874750848822,0.6124951205414743,0.4883310329354324,0.6207160592486249,0.5287105222300279,0.5684460676025257,0.4188352803561013,0.6189128016759963,0.554988846464188,0.6630728613838082,0.5005846348056966,0.5000000038176922
2021-02-13,303.0,56.34,1,0.5191607484586882,0.4888874750848822,0.6124951205414743,0.4883310329354324,0.5871404572281147,0.5230010097238436,0.5431930468432473,0.4046857750915198,0.6339502196150179,0.540149084401723,0.6289974202016578,0.5005846348056966,0.5000000038176922
2021-02-14,303.0,56.34,1,0.499724515251592,0.4888874750848822,0.6124951205414743,0.4883310329354324,0.5871404572281147,0.5230010097238436,0.5431930468432473,0.4046857750915198,0.6339502196150179,0.540149084401723,0.6289974202016578,0.5005846348056966,0.5000000038176922
2021-02-15,303.0,56.34,1,0.4123445235772376,0.4888874750848822,0.6124951205414743,0.4883310329354324,0.5871404572281147,0.5230010097238436,0.5431930468432473,0.4046857750915198,0.6339502196150179,0.540149084401723,0.6289974202016578,0.5005846348056966,0.5000000038176922
2021-02-16,303.0,56.34,1,0.4611433312391585,0.4888874750848822,0.6124951205414743,0.4883310329354324,0.6925988627048886,0.5230010097238436,0.5431930468432473,0.451245922078928,0.7427936775912001,0.540149084401723,0.6289974202016578,0.5004441742907925,0.5000000038176922
2021-02-17,302.25,55.77,1,0.5014867746920899,0.4888874750848822,0.6124951205414743,0.4883310329354324,0.6223991282875302,0.4383011201049054,0.4106186830598257,0.401653812012719,0.6393418816133032,0.5690762225590505,0.6088141664787821,0.5197694936251879,0.5000000038176922
2021-02-18,303.75,55.84,1,0.4462511663083147,0.4888874750848822,0.6124951205414743,0.4883310329354324,0.6457696495253951,0.5076994146017967,0.5014959508889881,0.3803458164888749,0.6157026189642468,0.5586382470261698,0.6248937263164565,0.5276203688507207,0.5000000038176922
2021-02-19,303.05,56.05,1,0.5191607484586882,0.4888874750848822,0.6124951205414743,0.4883310329354324,0.60880362999112,0.48582484529986,0.5557515245539631,0.4156501332970412,0.5863610232859784,0.5608481071013408,0.6946928030862767,0.5064495098345919,0.5000000038176922
2021-02-20,303.05,56.05,1,0.4323862572561665,0.4888874750848822,0.6124951205414743,0.4883310329354324,0.5871404572281147,0.5230010097238436,0.5431930468432473,0.4046857750915198,0.6339502196150179,0.540149084401723,0.6289974202016578,0.5064495098345919,0.5000000038176922
2021-02-21,303.05,56.05,1,0.4426366439401204,0.4888874750848822,0.6124951205414743,0.4883310329354324,0.5871404572281147,0.5230010097238436,0.5431930468432473,0.4046857750915198,0.6339502196150179,0.540149084401723,0.6289974202016578,0.5064495098345919,0.5000000038176922
2021-02-22,302.45,55.58,1,0.5723850815932262,0.4888874750848822,0.6124951205414743,0.4883310329354324,0.5952221330859262,0.575431285137239,0.5406981132125956,0.4284691266753338,0.6986495358655912,0.5798197118682492,0.6289974202016578,0.5462975336775,0.5000000038176922
2021-02-23,300.8,55.17,1,0.409704134018228,0.4888874750848822,0.6124951205414743,0.4883310329354324,0.6547893793218801,0.6332712347485777,0.6231467535666833,0.4726353514633738,0.6544506460312253,0.5535411094086465,0.6331357567350356,0.5342670564720188,0.5000000038176922
2021-02-24,299.5,55.13,1,0.531579262252633,0.4888874750848822,0.6124951205414743,0.4883310329354324,0.6268289137640399,0.5173470572229701,0.5633522394993797,0.4602726130226789,0.6762004961466523,0.5478209511897301,0.658692701759379,0.5177304620972061,0.5000000038176922
2021-02-25,302.55,54.95,1,0.4466319059095037,0.4888874750848822,0.6124951205414743,0.4883310329354324,0.6723089166366307,0.5710391528464415,0.4847333212448727,0.3516660637109646,0.6046874261598965,0.5690762225590517,0.5781469844146337,0.5779873246130182,0.5000000038176922
2021-02-26,303.15,54.32,1,0.4447287175684274,0.4888874750848822,0.6124951205414743,0.4883310329354324,0.4922549367713548,0.5606772430375639,0.4752511636328186,0.3949540035404579,0.6393418816133032,0.5280841663207466,0.5354155263515141,0.6118067488707686,0.5000000038176922
2021-02-27,303.15,54.32,1,0.4284080169357019,0.4888874750848822,0.6124951205414743,0.4883310329354324,0.5871404572281147,0.5230010097238436,0.5431930468432473,0.4046857750915198,0.6339502196150179,0.540149084401723,0.6289974202016578,0.6118067488707686,0.5000000038176922
2021-02-28,303.15,54.32,1,0.5303951114881265,0.4888874750848822,0.6124951205414743,0.4883310329354324,0.5871404572281147,0.5230010097238436,0.5431930468432473,0.4046857750915198,0.6339502196150179,0.540149084401723,0.6289974202016578,0.6118067488707686,0.5000000038176922
2021-03-01,299.8,53.55,1,0.4534945527056869,0.8277012230141974,0.6124951205414743,0.4883310329354324,0.8012922345165945,0.6049175481768261,0.5890284784785182,0.3666591450558113,0.5833574507518797,0.5528198579432131,0.6248937263164565,0.633739494878003,0.5000000038176922
2021-03-02,301.5,53.22,1,0.4742231327348868,0.4888874750848822,0.6124951205414743,0.4883310329354324,0.5293806733150148,0.6545391443895655,0.5582797077427687,0.4734614956291235,0.7406610553447506,0.578267019213439,0.5932432175904532,0.6513683304256382,0.5000000038176922
2021-03-03,298.15,51.83,1,0.5128667806436545,0.4888874750848822,0.6124951205414743,0.4883310329354324,0.5706011922139854,0.5776335305729545,0.4776153391151448,0.3898086807980062,0.5685082568008049,0.6128631286252223,0.6048751330486287,0.6222787004006711,0.5000000038176922
2021-03-04,303.95,53.67,1,0.4605686917240322,0.4888874750848822,0.6124951205414743,0.4883310329354324,0.61192405582061,0.5036771442139636,0.6472250143328024,0.4140639039571775,0.6078044469805547,0.6630890449002023,0.877494964103009,0.6478582426172027,0.5000000038176922
2021-03-05,301.1,52.88,1,0.5223113849647144,0.4888874750848822,0.6124951205414743,0.4883310329354324,0.7329726862277115,0.653383813720611,0.607299775304925,0.4676834531533905,0.7621026179311732,0.575179313164267,0.6289974202016578,0.658982002582756,0.5000000038176922
2021-03-06,301.1,52.88,1,0.409138517048656,0.4888874750848822,0.6124951205414743,0.4883310329354324,0.5871404572281147,0.5230010097238436,0.5431930468432473,0.4046857750915198,0.6339502196150179,0.540149084401723,0.6289974202016578,0.658982002582756,0.5000000038176922
2021-03-07,301.1,52.88,1,0.540666916523114,0.4888874750848822,0.6124951205414743,0.4883310329354324,0.5871404572281147,0.5230010097238436,0.5431930468432473,0.4046857750915198,0.6339502196150179,0.540149084401723,0.6289974202016578,0.658982002582756,0.5000000038176922
2021-03-08,307.5,53.3,1,0.4051809328001267,0.4888874750848822,0.6124951205414743,0.4883310329354324,0.5895503512043005,0.7314505049120432,0.604675084977282,0.416444916444562,0.6563897823184408,0.5813782246378485,0.5894259012134093,0.7576722719098028,0.5000000038176922
2021-03-09,306.15,52.88,1,0.510902034219042,0.4888874750848822,0.6124951205414743,0.4883310329354324,0.5062053861821832,0.5914859420068463,0.5710008735746368,0.4244426670030199,0.6141094192940628,0.5579049714021179,0.6248937263164571,0.7179915104602737,0.5000000038176922
2021-03-10,308.8,54.6,1,0.455213190099937,0.4888874750848822,0.6124951205414743,0.4883310329354324,0.5290072636232677,0.4223791067414822,0.6364789336357138,0.3177437918197544,0.5466589503529053,0.6794048884016077,0.9744675927583965,0.6492510551227466,0.5000000038176922
2021-03-11,308.8,55.78,1,0.4897598167383461,0.4888874750848822,0.6124951205414743,0.4883310329354324,0.567114056468345,0.2508850729730542,0.4518326955377943,0.416444916444562,0.69042108097368,0.5492401973307106,0.810238748939614,0.5804069598658381,0.5000000038176922
2021-03-12,310.5,55.81,1,0.4765443231108475,0.4888874750848822,0.6124951205414743,0.4883310329354324,0.6603959581595631,0.4439633062259714,0.4356685087410701,0.4039227049327588,0.5969807112258781,0.540836902813301,0.5970901873323995,0.5883840409914448,0.5000000038176922
2021-03-13,310.5,55.81,1,0.4559774431204436,0.4888874750848822,0.6124951205414743,0.4883310329354324,0.5871404572281147,0.5230010097238436,0.5431930468432473,0.4046857750915198,0.6339502196150179,0.540149084401723,0.6289974202016578,0.5883840409914448,0.5000000038176922
2021-03-14,310.5,55.81,1,0.462293133028064,0.4888874750848822,0.6124951205414743,0.4883310329354324,0.5871404572281147,0.5230010097238436,0.5431930468432473,0.4046857750915198,0.6339502196150179,0.540149084401723,0.6289974202016578,0.5883840409914448,0.5000000038176922
2021-03-15,309.6,54.84,1,0.5260557312145286,0.4888874750848822,0.6124951205414743,0.4883310329354324,0.5859407831634025,0.583710223369786,0.4847333212448727,0.3956929159575019,0.6357227319014778,0.5721155569957088,0.5671178609855289,0.6204018466809325,0.5000000038176922
2021-03-16,309.9,55.23,1,0.4624848358962936,0.4888874750848822,0.6124951205414743,0.4883310329354324,0.5495092884425509,0.5076994146017967,0.576126086205774,0.4156501332970412,0.6701868167881457,0.6204052371361923,0.7578248386514458,0.6249710059771997,0.5000000038176922
2021-03-17,309.5,55.44,1,0.436179070517498,0.4888874750848822,0.6124951205414743,0.4883310329354324,0.5766483090512161,0.553109166339955,0.6099292201585393,0.381795409513424,0.6622582164943145,0.5564434938581372,0.6854877990742367,0.6040606253781489,0.5000000038176922
2021-03-18,313.5,56.4,1,0.4676689042546672,0.4888874750848822,0.8672288738782243,0.4883310329354324,0.5715728225827994,0.4577486566548485,0.5160451918401547,0.3311240341726267,0.5626371165126348,0.5307165492185373,0.6457587750176428,0.5926619883544809,0.5000000038176922
2021-03-19,311.5,56.76,1,0.4456801531416124,0.4888874750848822,0.6124951205414743,0.4883310329354324,0.5280741461842967,0.4434905559450338,0.5684460676025257,0.4775956104246101,0.7237017095969541,0.5805982440926526,0.7783913576584898,0.5588157924975586,0.5000000038176922
2021-03-20,311.5,56.76,1,0.5223113849647144,0.4888874750848822,0.6124951205414743,0.4883310329354324,0.5871404572281147,0.5230010097238436,0.5431930468432473,0.4046857750915198,0.6339502196150179,0.540149084401723,0.6289974202016578,0.5588157924975586,0.5000000038176922
2021-03-21,311.5,56.76,1,0.4817801637361438,0.4888874750848822,0.6124951205414743,0.4883310329354324,0.5871404572281147,0.5230010097238436,0.5431930468432473,0.4046857750915198,0.6339502196150179,0.540149084401723,0.6289974202016578,0.5588157924975586,0.5000000038176922
2021-03-22,315.2,57.17,1,0.4792570788430926,0.4888874750848822,0.6124951205414743,0.4883310329354324,0.5247196337230318,0.5307999525723176,0.5160451918401547,0.407776207343429,0.5788745388756356,0.5030125679659017,0.5598980322593139,0.5650652967614707,0.5000000038176922
2021-03-23,313.8,56.91,1,0.5124737477359594,0.4888874750848822,0.6124951205414743,0.4883310329354324,0.5986945502042723,0.5472060399076164,0.5633522394993797,0.4276625885075218,0.6506010790202134,0.495275750944054,0.5781469844146325,0.5733562324508468,0.5000000038176922
2021-03-24,310.8,55.37,1,0.4837234582806435,0.4888874750848822,0.6124951205414743,0.4883310329354324,0.6884397884557706,0.5970673034996345,0.4705352973390483,0.4357525833861771,0.648691979397709,0.5744111107660141,0.5457626997668532,0.6230909952468806,0.5000000038176922
2021-03-25,315.8,55.73,1,0.4615265202288419,0.4888874750848822,0.6124951205414743,0.4883310329354324,0.5966495207574728,0.5677561765148204,0.508748914614965,0.3566509256547106,0.5908907451631501,0.5601098242324749,0.5894259012134093,0.6366558694937509,0.5000000038176922
2021-03-26,314.45,54.73,1,0.4487269126262572,0.4888874750848822,0.6124951205414743,0.4883310329354324,0.6528526242999786,0.5798397963305384,0.4871146065046753,0.3659423823469069,0.680238081473769,0.5464090530935906,0.5457626997668532,0.6934948386279257,0.5000000038176922
2021-03-27,314.45,54.73,1,0.4887850530936172,0.4888874750848822,0.6124951205414743,0.4883310329354324,0.5871404572281147,0.5230010097238436,0.5431930468432473,0.4046857750915198,0.6339502196150179,0.540149084401723,0.6289974202016578,0.6934948386279257,0.5000000038176922
2021-03-28,314.45,54.73,1,0.4965942679493431,0.4888874750848822,0.6124951205414743,0.4883310329354324,0.5871404572281147,0.5230010097238436,0.5431930468432473,0.4046857750915198,0.6339502196150179,0.540149084401723,0.6289974202016578,0.6934948386279257,0.5000000038176922
2021-03-29,315.6,54.73,1,0.4270828480395099,0.4888874750848822,0.6124951205414743,0.4883310329354324,0.5976711892225605,0.5563453262045053,0.5431930468432473,0.3868860119040019,0.5969807112258781,0.6170410942706281,0.6809364220760719,0.7058864568915904,0.5000000038176922
2021-03-30,313.1,54.48,1,0.5201450701919721,0.4888874750848822,0.6124951205414743,0.4883310329354324,0.5115546393229116,0.4712102735562585,0.525843439994853,0.3254835780834738,0.5863610232859784,0.5280841663207466,0.6373087969420228,0.7030066047425754,0.5000000038176922
2021-03-31,315.8,56.15,1,0.4753832370308145,0.4888874750848822,0.6124951205414743,0.4883310329354324,0.5733252287447225,0.6133733605106898,0.8014821165153589,0.6373591407863026,0.843270420318781,0.507254223597889,0.7527667076158291,0.6284828647741085,0.5000000038176922
2021-04-01,316.1,55.4,1,0.4479649057329997,0.7301896647921963,0.6124951205414743,1.0,0.6249284014205772,0.5525709013957257,0.458816655094507,0.315635927310516,0.6046874261598965,0.5535411094086475,0.5527806875107844,0.6674655291970157,0.5000000038176922
2021-04-02,316.1,55.4,1,0.4002851174761783,0.4888874750848822,0.6124951205414743,0.4883310329354324,0.5871404572281147,0.5230010097238436,0.5431930468432473,0.4046857750915198,0.6339502196150179,0.540149084401723,0.6289974202016578,0.6674655291970157,0.5000000038176922
2021-04-03,316.1,55.4,1,0.517389561104502,0.4888874750848822,0.6124951205414743,0.4883310329354324,0.5871404572281147,0.5230010097238436,0.5431930468432473,0.4046857750915198,0.6339502196150179,0.540149084401723,0.6289974202016578,0.6674655291970157,0.5000000038176922
2021-04-04,316.1,55.4,1,0.5238875680127767,0.4888874750848822,0.6124951205414743,0.4883310329354324,0.5871404572281147,0.5230010097238436,0.5431930468432473,0.4046857750915198,0.6339502196150179,0.540149084401723,0.6289974202016578,0.6674655291970157,0.5000000038176922
2021-04-05,317.45,55.97,1,0.4367483469950936,0.4888874750848822,0.6124951205414743,0.4883310329354324,0.6146370892817062,0.4721780850702516,0.5431930468432473,0.4325103048711313,0.5924075886159248,0.549952546797535,0.6809364220760703,0.6447158735349909,0.5000000038176922
2021-04-06,318.95,56.98,1,0.4409260200679225,0.4888874750848822,0.6124951205414743,0.4883310329354324,0.5423243817891822,0.5661183624547368,0.6881314929526352,0.4228367337550019,0.6411814727881142,0.5892562670566843,0.7888744528065974,0.6076774603580553,0.5000000038176922
2021-04-07,316.3,55.99,1,0.4962032355517616,0.4888874750848822,0.6124951205414743,0.4883310329354324,0.5725458195530811,0.4668657993656515,0.4287953695202566,0.3803458164888749,0.6822648318960481,0.5860881571501273,0.6088141664787814,0.6197429344857122,0.5000000038176922
2021-04-08,316.8,56.85,1,0.4112127564025711,0.4888874750848822,0.6124951205414743,0.4883310329354324,0.556359294473779,0.5287105222300279,0.658040786711972,0.4260513429063113,0.7925077332943542,0.5521003651818106,0.7477420576931925,0.5984509207397579,0.5000000038176922
2021-04-09,319.4,56.25,1,0.5162092006309262,0.4888874750848822,0.6124951205414743,0.4883310329354324,0.6257727038237886,0.6372772928344281,0.4918903725994545,0.3709665828129199,0.617303548197701,0.53204269542387,0.5088130557988129,0.6544717059724732,0.5000000038176922
2021-04-10,319.4,56.25,1,0.5046221957339633,0.4888874750848822,0.6124951205414743,0.4883310329354324,0.5871404572281147,0.5230010097238436,0.5431930468432473,0.4046857750915198,0.6339502196150179,0.540149084401723,0.6289974202016578,0.6544717059724732,0.5000000038176922
2021-04-11,319.4,56.25,1,0.4523494881459282,0.4888874750848822,0.6124951205414743,0.4883310329354324,0.5871404572281147,0.5230010097238436,0.5431930468432473,0.4046857750915198,0.6339502196150179,0.540149084401723,0.6289974202016578,0.6544717059724732,0.5000000038176922
2021-04-12,316.45,55.28,1,0.4810034326326925,0.4888874750848822,0.6124951205414743,0.4883310329354324,0.5883436876126128,0.4639789080052942,0.4333739194813711,0.3488226680977566,0.5818602414440938,0.5813782246378485,0.6127849691955641,0.6811926031585303,0.5000000038176922
2021-04-13,316.7,55.55,1,0.4821686572270126,0.4888874750848822,0.6124951205414743,0.4883310329354324,0.6106745645815819,0.6128082441421621,0.6526242847628968,0.4228367337550019,0.7215952602370131,0.5876694295160714,0.7087552361286228,0.6724299229465956,0.5000000038176922
2021-04-14,320.0,56.4,1,0.4911251833719713,0.4888874750848822,0.6124951205414743,0.4883310329354324,0.6052809975122838,0.5776335305729545,0.6258041258519276,0.461094972612087,0.7470668874746961,0.5653121537748462,0.6900732750794045,0.639269710996886,0.5000000038176922
2021-04-15,319.4,56.79,1,0.4297336348118797,0.4888874750848822,0.6124951205414743,0.4883310329354324,0.5355558451296504,0.5001752828706127,0.5942244682389577,0.4325103048711313,0.6078044469805547,0.5940496973799703,0.7578248386514458,0.6207060516938848,0.5000000038176922
2021-04-16,312.6,55.96,1,0.5118842763443477,0.4888874750848822,0.6124951205414743,0.4883310329354324,0.6601800121073056,0.6441642578761194,0.7047517044435712,0.4414441811640355,0.6046874261598965,0.5571733837860071,0.6993463365640427,0.6066216927492935,0.5000000038176922
2021-04-17,312.6,55.96,1,0.4361790705174979,0.4888874750848822,0.6124951205414743,0.4883310329354324,0.5871404572281147,0.5230010097238436,0.5431930468432473,0.4046857750915198,0.6339502196150179,0.540149084401723,0.6289974202016578,0.6066216927492935,0.5000000038176922
2021-04-18,312.6,55.96,1,0.4403560202935476,0.4888874750848822,0.6124951205414743,0.4883310329354324,0.5871404572281147,0.5230010097238436,0.5431930468432473,0.4046857750915198,0.6339502196150179,0.540149084401723,0.6289974202016578,0.6066216927492935,0.5000000038176922
2021-04-19,315.4,56.71,1,0.4596113351970532,0.4888874750848822,0.6124951205414743,0.4883310329354324,0.5491300192455354,0.5585088953447341,0.607299775304925,0.4496087668539192,0.6842966594616114,0.5422184199416891,0.6630728613838088,0.5855551450932074,0.5000000038176922
2021-04-20,315.85,56.84,1,0.4496797278162268,0.4888874750848822,0.6124951205414743,0.4883310329354324,0.5976711892225605,0.5606772430375639,0.583852374576083,0.4734614956291235,0.7513504446465034,0.5313787770951754,0.6289974202016578,0.5968018839496543,0.5000000038176922
2021-04-21,315.85,56.84,1,0.5091346730750639,0.4888874750848822,0.6124951205414743,0.4883310329354324,0.604247898232132,0.5230010097238436,0.5431930468432473,0.475114470057139,0.7903224156819395,0.540149084401723,0.6289974202016578,0.5969517245433549,0.5000000038176922
2021-04-22,316.65,57.97,1,0.5001160377186193,0.4888874750848822,0.6124951205414743,0.4883310329354324,0.570795410862579,0.6258542948482713,0.7869990029195176,0.5183627899824766,0.843270420318781,0.5542641090436395,0.7888744528065954,0.536137373258385,0.5000000038176922
2021-04-23,315.4,57.4,1,0.4835290371707124,0.4888874750848822,0.6124951205414743,0.4883310329354324,0.6110908691344961,0.5107310442553531,0.4847333212448718,0.4101213611278833,0.6721853998295578,0.5940496973799703,0.6373087969420228,0.5507494063715926,0.5000000038176922
2021-04-24,315.4,57.4,1,0.5010950713502202,0.4888874750848822,0.6124951205414743,0.4883310329354324,0.5871404572281147,0.5230010097238436,0.5431930468432473,0.4046857750915198,0.6339502196150179,0.540149084401723,0.6289974202016578,0.5507494063715926,0.5000000038176922
2021-04-25,315.4,57.4,1,0.4780938821880386,0.4888874750848822,0.6124951205414743,0.4883310329354324,0.5871404572281147,0.5230010097238436,0.5431930468432473,0.4046857750915198,0.6339502196150179,0.540149084401723,0.6289974202016578,0.5507494063715926,0.5000000038176922
2021-04-26,315.6,57.82,1,0.4168742482196477,0.4888874750848822,0.6124951205414743,0.4883310329354324,0.5372447233297036,0.6269933905381085,0.6936556720157357,0.4800787095897537,0.843270420318781,0.5829425042998739,0.7328694111670193,0.5321119508313882,0.5000000038176922
2021-04-27,313.4,57.35,1,0.5014867746920899,0.4888874750848822,0.6124951205414743,0.4883310329354324,0.588946601640576,0.5313233661351986,0.5406981132125965,0.3474022826774235,0.7556440390645351,0.5140363146898825,0.5894259012134093,0.5381542194422776,0.5000000038176922
2021-04-28,312.1,58.18,1,0.4619097871533515,0.4888874750848822,0.6124951205414743,0.4883310329354324,0.5165491032411338,0.3814239701663081,0.5633522394993797,0.3876156493706774,0.5758999278560833,0.5668130452585866,0.8266091148226523,0.4880915393638437,0.5000000038176922
2021-04-29,313.7,58.59,1,0.4388365170436053,0.4888874750848822,0.6124951205414743,0.4883310329354324,0.6427739169575398,0.3969579125456023,0.4402684661706956,0.3709665828129199,0.7621026179311732,0.579042634653848,0.6900732750794061,0.4855413179535999,0.5000000038176922
2021-04-30,312.95,57.59,1,0.4746097218843155,0.4888874750848822,0.6124951205414743,0.4883310329354324,0.5536900305449974,0.6487688576994264,0.525843439994853,0.5091757255855808,0.9608739874966614,0.5387793451844102,0.5252757276259022,0.5322076661694162,0.5000000038176922
2021-05-01,312.95,57.59,1,0.505406535590229,1.0,0.6124951205414743,0.4883310329354324,0.5871404572281147,0.5230010097238436,0.5431930468432473,0.4046857750915198,0.6339502196150179,0.540149084401723,0.6289974202016578,0.5322076661694162,0.5000000038176922
2021-05-02,312.95,57.59,1,0.4690156994571806,0.4888874750848822,0.6124951205414743,0.4883310329354324,0.5871404572281147,0.5230010097238436,0.5431930468432473,0.4046857750915198,0.6339502196150179,0.540149084401723,0.6289974202016578,0.5322076661694162,0.5000000038176922
2021-05-03,314.2,57.95,1,0.4880055496537576,0.4888874750848822,0.6124951205414743,0.4883310329354324,0.6219781237259656,0.3978757471793426,0.447195814795627,0.3745658438257178,0.5848576804729673,0.5457058893644512,0.6500356077019543,0.5347943410940195,0.5000000038176922
2021-05-04,313.1,57.63,1,0.4640191950725693,0.4888874750848822,0.6124951205414743,0.4883310329354324,0.6003353214575209,0.7183777641568087,0.6936556720157357,0.4504271785765525,0.7342796449739057,0.5367391437910765,0.6127849691955641,0.5355136702440898,0.5000000038176922
2021-05-05,307.5,57.31,1,0.4819743999387991,0.4888874750848822,0.6124951205414743,0.4883310329354324,0.5621042984628918,0.5117445620600429,0.6391588351364746,0.4172407349168211,0.700717042684296,0.5728792253118686,0.7731997093917807,0.4932990867078892,0.5000000038176922
2021-05-06,309.6,58.63,1,0.4678612283799903,0.4888874750848822,0.8672288738782243,0.4883310329354324,0.6131752551135055,0.4321928755704436,0.5916240038660938,0.4933526942723702,0.6822648318960481,0.5892562670566854,0.8376874408231775,0.457340330747672,0.5000000038176922
2021-05-07,311.45,59.64,1,0.4451092541596337,0.4888874750848822,0.6124951205414743,0.4883310329354324,0.5596104000623573,0.4731467795384066,0.5916240038660957,0.4701583218606984,0.7406610553447506,0.5892562670566843,0.7888744528065954,0.4396650985374919,0.5000000038176922
2021-05-08,311.45,59.64,1,0.5046221957339633,0.4888874750848822,0.6124951205414743,0.4883310329354324,0.5871404572281147,0.5230010097238436,0.5431930468432473,0.4046857750915198,0.6339502196150179,0.540149084401723,0.6289974202016578,0.4396650985374919,0.5000000038176922
2021-05-09,311.45,59.64,1,0.50560265005253,0.4888874750848822,0.6124951205414743,0.4883310329354324,0.5871404572281147,0.5230010097238436,0.5431930468432473,0.4046857750915198,0.6339502196150179,0.540149084401723,0.6289974202016578,0.4396650985374919,0.5000000038176922
2021-05-10,311.4,59.53,1,0.4439677930791888,0.4888874750848822,0.6124951205414743,0.4883310329354324,0.6945712893425322,0.5087084961645132,0.5160451918401547,0.3979168380847812,0.4873107148965605,0.5184321033607342,0.5894259012134111,0.4353718487901725,0.5000000038176922
2021-05-11,312.1,59.74,1,0.4546401693573519,0.4888874750848822,0.6124951205414743,0.4883310329354324,0.6710060045814334,0.6355593726961187,0.658040786711971,0.4933526942723702,0.7258112799751315,0.5521003651818106,0.6543469336664988,0.4325173902712837,0.5000000038176922
2021-05-12,307.7,58.1,1,0.4905399281417195,0.4888874750848822,0.6124951205414743,0.4883310329354324,0.6274630776364092,0.7314505049120432,0.6020551788179926,0.4950153576618394,0.6205310694144502,0.6162030678176714,0.5970901873323995,0.4710706379935271,0.5000000038176922
2021-05-13,311.85,58.85,1,0.4874211053638645,0.4888874750848822,0.6124951205414743,0.4883310329354324,0.6110908691344955,0.3036423313517367,0.3334064977611012,0.2390198923263428,0.4121901421474013,0.5018106836497256,0.5818782609498899,0.4724007826442306,0.5000000038176922
2021-05-14,307.0,58.25,1,0.4876159024781646,0.4888874750848822,0.6124951205414743,0.4883310329354324,0.6223991282875302,0.4525020450466949,0.523386222772033,0.4116939677234617,0.4365266904176385,0.5109352030853305,0.6373087969420228,0.4558887317329123,0.5000000038176922
2021-05-15,307.0,58.25,1,0.434661458182399,0.4888874750848822,0.6124951205414743,0.4883310329354324,0.5871404572281147,0.5230010097238436,0.5431930468432473,0.4046857750915198,0.6339502196150179,0.540149084401723,0.6289974202016578,0.4558887317329123,0.5000000038176922
2021-05-16,307.0,58.25,1,0.4649788559106,0.4888874750848822,0.6124951205414743,0.4883310329354324,0.5871404572281147,0.5230010097238436,0.5431930468432473,0.4046857750915198,0.6339502196150179,0.540149084401723,0.6289974202016578,0.4558887317329123,0.5000000038176922
2021-05-17,303.2,57.58,1,0.4858633770880895,0.4888874750848822,0.6124951205414743,0.4883310329354324,0.5762564314186703,0.5076994146017967,0.5332465385051994,0.2327972178253972,0.4446880997260073,0.5228950851460735,0.6167881066277217,0.4559340706794108,0.5000000038176922
2021-05-18,306.55,58.43,1,0.4439677930791888,0.4888874750848822,0.6124951205414743,0.4883310329354324,0.545155306625764,0.514794416980273,0.5684460676025239,0.392008518026216,0.6782165762199728,0.7205875507472045,0.8659577686145615,0.4503236040119572,0.5000000038176922
2021-05-19,309.35,58.2,1,0.4958122600020979,0.4888874750848822,0.6124951205414743,0.4883310329354324,0.5419474175955781,0.4117013063559324,0.3420575310893785,0.3023133492442689,0.6339502196150179,0.507254223597889,0.5023738756829723,0.4725843516346729,0.5000000038176922
2021-05-20,305.45,57.93,1,0.492296125699137,0.4888874750848822,0.6124951205414743,0.4883310329354324,0.6733952733580458,0.5142851181238682,0.6020551788179926,0.389076956373224,0.6822648318960481,0.4982306802899767,0.6373087969420242,0.4602936781451861,0.5000000038176922
2021-05-21,312.4,58.41,1,0.4995287737281426,0.4888874750848822,0.6124951205414743,0.4883310329354324,0.6232416053670103,0.4780038411309302,0.3948865886342334,0.3810703640920542,0.6015909229160447,0.5313787770951754,0.5219403273299651,0.496797073244307,0.5000000038176922
2021-05-22,312.4,58.41,1,0.4642110841148696,0.4888874750848822,0.6124951205414743,0.4883310329354324,0.5871404572281147,0.5230010097238436,0.5431930468432473,0.4046857750915198,0.6339502196150179,0.540149084401723,0.6289974202016578,0.496797073244307,0.5000000038176922
2021-05-23,312.4,58.41,1,0.4454898408649336,0.4888874750848822,0.6124951205414743,0.4883310329354324,0.5871404572281147,0.5230010097238436,0.5431930468432473,0.4046857750915198,0.6339502196150179,0.540149084401723,0.6289974202016578,0.496797073244307,0.5000000038176922
2021-05-24,307.5,57.78,1,0.4831402551414136,0.4888874750848822,0.6124951205414743,0.4883310329354324,0.5780219348344153,0.5514953264505291,0.6099292201585393,0.4009026744946319,0.6189128016759963,0.4894393586978492,0.6048751330486287,0.4763068828654663,0.5000000038176922
2021-05-25,309.0,57.9,1,0.50560265005253,0.4888874750848822,0.6124951205414743,0.4883310329354324,0.5408172034754491,0.5617631769105438,0.5557515245539623,0.3738452337086908,0.4202787819888745,0.4031728179869025,0.453569840906456,0.482625858773297,0.5000000038176922
2021-05-26,312.75,58.91,1,0.4665154676746751,0.4888874750848822,0.6124951205414743,0.4883310329354324,0.6123409346332703,0.4961921400263743,0.5608132924257623,0.3825209673370697,0.666208802432395,0.4342976032859499,0.5354155263515141,0.4735484897211771,0.5000000038176922
2021-05-27,314.6,59.89,1,0.4533036707260732,0.4888874750848822,0.6124951205414743,0.4883310329354324,0.6270402654664059,0.5240349813955866,0.6338034862787532,0.5166910738059155,0.9792496406826964,0.6054206664883425,0.799490352465897,0.4403371734002942,0.5000000038176922
2021-05-28,317.1,60.77,1,0.4624848358962936,0.4888874750848822,0.6124951205414743,0.4883310329354324,0.6005407035060567,0.5016741291854575,0.5786964213368587,0.389076956373224,0.5848576804729673,0.6648858648876853,0.8321318273315019,0.4341222649874648,0.5000000038176922
2021-05-29,317.1,60.77,1,0.4601856932947307,0.4888874750848822,0.6124951205414743,0.4883310329354324,0.5871404572281147,0.5230010097238436,0.5431930468432473,0.4046857750915198,0.6339502196150179,0.540149084401723,0.6289974202016578,0.4341222649874648,0.5000000038176922
2021-05-30,317.1,60.77,1,0.489369860671672,0.4888874750848822,0.6124951205414743,0.4883310329354324,0.5871404572281147,0.5230010097238436,0.5431930468432473,0.4046857750915198,0.6339502196150179,0.540149084401723,0.6289974202016578,0.4341222649874648,0.5000000038176922
2021-05-31,317.1,60.77,1,0.4667076475586009,0.4888874750848822,0.6124951205414743,0.4883310329354324,0.5871404572281147,0.5230010097238436,0.5431930468432473,0.4046857750915198,0.6339502196150179,0.540149084401723,0.6289974202016578,0.4341222649874648,0.5000000038176922
2021-06-01,313.0,60.71,1,0.4825572345049564,0.5896096357991145,0.6124951205414743,0.4883310329354324,0.4829438025838354,0.5568857647677661,0.6826234160819044,0.4652108224430016,0.9061706468586734,0.5394632380552815,0.7279791041987036,0.4017407829132503,0.5000000038176922
2021-06-02,307.9,60.47,1,0.4694007287429635,0.4888874750848822,0.6124951205414743,0.4883310329354324,0.6524225202809871,0.4639789080052942,0.5890284784785182,0.4545241118869686,0.5495473293461208,0.504218843192701,0.6900732750794061,0.369313304184741,0.5000000038176922
2021-06-03,307.9,60.47,1,0.4975720943822131,0.4888874750848822,0.6124951205414743,0.4883310329354324,0.6205058550840055,0.5230010097238436,0.5431930468432473,0.3695294212472614,0.553893317445214,0.540149084401723,0.6289974202016578,0.3702039177354415,0.5000000038176922
2021-06-04,311.45,61.86,1,0.4561685471981687,0.4888874750848822,0.6124951205414743,0.4883310329354324,0.5954258299228916,0.5445361362814495,0.6661974442176478,0.5133494081415291,0.8056600003132302,0.5374173218761144,0.7231224895569147,0.3583821112895768,0.5000000038176922
2021-06-05,311.45,61.86,1,0.4573155215195315,0.4888874750848822,0.6124951205414743,0.4883310329354324,0.5871404572281147,0.5230010097238436,0.5431930468432473,0.4046857750915198,0.6339502196150179,0.540149084401723,0.6289974202016578,0.3583821112895768,0.5000000038176922
2021-06-06,311.45,61.86,1,0.4749964239779436,0.4888874750848822,0.6124951205414743,0.4883310329354324,0.5871404572281147,0.5230010097238436,0.5431930468432473,0.4046857750915198,0.6339502196150179,0.540149084401723,0.6289974202016578,0.3583821112895768,0.5000000038176922
2021-06-07,308.75,61.3,1,0.4730640639202365,0.4888874750848822,0.6124951205414743,0.4883310329354324,0.5817675931364521,0.5704913185487275,0.5864379244329216,0.3602190320701845,0.6109442010720134,0.4466680151608334,0.5120633255415155,0.35653480656311,0.5000000038176922
2021-06-08,316.7,62.86,1,0.4715203319468742,0.4888874750848822,0.6124951205414743,0.4883310329354324,0.5782184340913145,0.4902529937378791,0.5087489146149641,0.4602726130226789,0.6393418816133032,0.5097034189919923,0.5894259012134111,0.3512603928639337,0.5000000038176922
2021-06-09,315.85,62.3,1,0.4891749078531645,0.4888874750848822,0.6124951205414743,0.4883310329354324,0.5464786942365982,0.4430179718210689,0.4151426708374697,0.3566509256547106,0.7194919921628185,0.487130983701491,0.5219403273299651,0.3636877435654023,0.5000000038176922
2021-06-10,317.35,62.67,1,0.4810034326326925,0.4888874750848822,0.6124951205414743,0.4883310329354324,0.5370569659520792,0.4639789080052942,0.4966840309028784,0.3666591450558113,0.6986495358655912,0.507254223597889,0.5970901873324013,0.3607794078718796,0.5000000038176922
2021-06-11,319.45,62.39,1,0.449489137195866,0.4888874750848822,0.6124951205414743,0.4883310329354324,0.6194554426267856,0.4625382044443812,0.3993655941007629,0.3254835780834738,0.5452173494123194,0.5184321033607342,0.5286331789178496,0.3871196148798074,0.5000000038176922
2021-06-12,319.45,62.39,1,0.4538763627439948,0.4888874750848822,0.6124951205414743,0.4883310329354324,0.5871404572281147,0.5230010097238436,0.5431930468432473,0.4046857750915198,0.6339502196150179,0.540149084401723,0.6289974202016578,0.3871196148798074,0.5000000038176922
2021-06-13,319.45,62.39,1,0.4868368211045203,0.4888874750848822,0.6124951205414743,0.4883310329354324,0.5871404572281147,0.5230010097238436,0.5431930468432473,0.4046857750915198,0.6339502196150179,0.540149084401723,0.6289974202016578,0.3871196148798074,0.5000000038176922
2021-06-14,319.45,62.98,1,0.4887850530936172,0.4888874750848822,0.6124951205414743,0.4883310329354324,0.63276011166511,0.3905459891746794,0.4871146065046745,0.2869401113072969,0.4845353243808548,0.5024110814025081,0.6543469336664988,0.3628440320254716,0.5000000038176922
2021-06-15,317.35,62.93,1,0.4357996053035137,0.4888874750848822,0.6124951205414743,0.4883310329354324,0.5927836279834205,0.4163351150961268,0.4823563764961658,0.3602190320701845,0.6986495358655912,0.4774757276885409,0.5932432175904532,0.3559476193820562,0.5000000038176922
2021-06-16,319.65,63.36,1,0.4686307741223727,0.4888874750848822,0.6124951205414743,0.4883310329354324,0.6251394210673294,0.3737036429946062,0.3948865886342326,0.3353612500603774,0.6762004961466523,0.4425092407340752,0.5055833331069705,0.360484747707346,0.5000000038176922
2021-06-17,318.9,63.48,1,0.4979633218540736,0.4888874750848822,0.8672288738782246,0.4883310329354324,0.5517876631780312,0.3142234176355151,0.3660676932561419,0.1059057949248207,0.4041237595017344,0.4237198083814549,0.5088130557988116,0.3402012362671909,0.5000000038176922
2021-06-18,320.9,63.29,1,0.4713274999328861,0.4888874750848822,0.6124951205414743,0.4883310329354324,0.470766627802712,0.3601500332943615,0.3226500898513589,0.6034090551116602,0.8188782824350378,0.5623296155171522,0.5894259012134111,0.3752629422911185,0.5000000038176922
2021-06-19,320.9,63.29,1,0.5026621876413847,0.4888874750848822,0.6124951205414743,0.4883310329354324,0.5871404572281147,0.5230010097238436,0.5431930468432473,0.4046857750915198,0.6339502196150179,0.540149084401723,0.6289974202016578,0.3752629422911185,0.5000000038176922
2021-06-20,320.9,63.29,1,0.4550221672308098,0.4888874750848822,0.6124951205414743,0.4883310329354324,0.5871404572281147,0.5230010097238436,0.5431930468432473,0.4046857750915198,0.6339502196150179,0.540149084401723,0.6289974202016578,0.3752629422911185,0.5000000038176922
2021-06-21,318.25,63.37,1,0.5001160377186193,0.4888874750848822,0.6124951205414743,0.4883310329354324,0.6980814528865955,0.5970673034996345,0.6908915797296673,0.4537040918707267,0.6642299257245803,0.4593736560565844,0.5894259012134093,0.3431430825268509,0.5000000038176922
2021-06-22,319.55,64.37,1,0.4590371418569854,0.4888874750848822,0.6124951205414743,0.4883310329354324,0.5843464937048193,0.5344724670129626,0.6499224838338064,0.3516660637109646,0.6375213183386396,0.4900187398012448,0.6457587750176428,0.3203000629957241,0.5000000038176922
2021-06-23,319.9,64.43,1,0.4715203319468742,0.4888874750848822,0.6124951205414743,0.4883310329354324,0.5659552200705473,0.4093892722519886,0.4287953695202566,0.3868860119040019,0.6681945292747496,0.5109352030853305,0.5932432175904514,0.3240899387684048,0.5000000038176922
2021-06-24,318.9,65.02,1,0.4841123600636253,0.4888874750848822,0.6124951205414743,0.4883310329354324,0.6323355598846554,0.3619521714534053,0.46583581631618,0.3695294212472614,0.565568248813471,0.4774757276885417,0.6289974202016578,0.3026573946063532,0.5000000038176922
2021-06-25,319.45,64.51,1,0.4510142555296036,0.4888874750848822,0.6124951205414743,0.4883310329354324,0.6100504735259262,0.4956956156357654,0.4495123684912122,0.3149335786168324,0.5323155447264202,0.5415266859041254,0.5671178609855306,0.3106173173268565,0.5000000038176922
2021-06-26,319.45,64.51,1,0.457889237804519,0.4888874750848822,0.6124951205414743,0.4883310329354324,0.5871404572281147,0.5230010097238436,0.5431930468432473,0.4046857750915198,0.6339502196150179,0.540149084401723,0.6289974202016578,0.3106173173268565,0.5000000038176922
2021-06-27,319.45,64.51,1,0.4657469802502001,0.4888874750848822,0.6124951205414743,0.4883310329354324,0.5871404572281147,0.5230010097238436,0.5431930468432473,0.4046857750915198,0.6339502196150179,0.540149084401723,0.6289974202016578,0.3106173173268565,0.5000000038176922
2021-06-28,321.9,65.35,1,0.4715203319468742,0.4888874750848822,0.6124951205414743,0.4883310329354324,0.5321842675931259,0.6533838137206094,0.710323250427827,0.5158554350170781,0.9700534819400728,0.5660618046995808,0.7040338294475372,0.3069520324573401,0.5000000038176922
2021-06-29,319.65,64.73,1,0.3871245983988852,0.4888874750848822,0.6124951205414743,0.4883310329354324,0.5504580314800381,0.5568857647677661,0.5582797077427687,0.4140639039571775,0.7903224156819395,0.5774928723871222,0.6543469336664988,0.319689954523341,0.5000000038176922
2021-06-30,318.5,64.05,1,0.4619097871533517,0.4888874750848822,0.6124951205414743,0.4883310329354324,0.5750823109225539,0.8952941228263587,0.8365822866949146,0.7064569165874891,0.8477261127140584,0.7476879244492544,0.799490352465897,0.3248657417908625,0.5000000038176922
2021-07-01,316.2,62.64,1,0.5402714768269452,0.7222778901748176,0.6124951205414743,0.1084424273422409,0.6179865960545242,0.8526411365887139,0.7159102836040272,0.4039227049327588,0.632207217341943,0.6766632733132995,0.6586927017593774,0.3575840653707075,0.5000000038176922
2021-07-02,316.05,62.61,1,0.5211296224772396,0.4888874750848822,0.6124951205414743,0.4883310329354324,0.5739103902844693,0.5477410413336702,0.5658965105029924,0.4156501332970412,0.4998496207367497,0.604600022738802,0.6993463365640427,0.3617480805749828,0.5000000038176922
2021-07-03,316.05,62.61,1,0.4852795331874668,0.4888874750848822,0.6124951205414743,0.4883310329354324,0.5871404572281147,0.5230010097238436,0.5431930468432473,0.4046857750915198,0.6339502196150179,0.540149084401723,0.6289974202016578,0.3617480805749828,0.5000000038176922
2021-07-04,316.05,62.61,1,0.4533036707260732,0.4888874750848822,0.6124951205414743,0.4883310329354324,0.5871404572281147,0.5230010097238436,0.5431930468432473,0.4046857750915198,0.6339502196150179,0.540149084401723,0.6289974202016578,0.3617480805749828,0.5000000038176922
2021-07-05,316.05,62.61,1,0.4782876885546362,0.4888874750848822,0.6124951205414743,0.4883310329354324,0.5871404572281147,0.5230010097238436,0.5431930468432473,0.4046857750915198,0.6339502196150179,0.540149084401723,0.6289974202016578,0.3617480805749828,0.5000000038176922
2021-07-06,319.65,61.47,1,0.4821686572270126,0.4888874750848822,0.6124951205414743,0.4883310329354324,0.4853136373333379,0.4186570000899099,0.2386810648349473,0.1550889120320948,0.3974181444863056,0.7389048715264335,0.5970901873324013,0.4219121544155541,0.5000000038176922
2021-07-07,319.2,60.99,1,0.4813917551539424,0.4888874750848822,0.6124951205414743,0.4883310329354324,0.5659552200705473,0.6298442863957495,0.5864379244329216,0.4775956104246101,0.6109442010720134,0.5948533425280661,0.6373087969420228,0.4372931503491989,0.5000000038176922
2021-07-08,319.5,60.81,1,0.434661458182399,0.4888874750848822,0.6124951205414743,0.4883310329354324,0.5991043569150745,0.645889754528109,0.620493966414071,0.4001536018251294,0.5452173494123194,0.5972722922155473,0.6630728613838088,0.4491501698949792,0.5000000038176922
2021-07-09,319.5,60.81,1,0.5099200586250245,0.4888874750848822,0.6124951205414743,0.4883310329354324,0.6293675041906739,0.4591834869072547,0.5063265161213912,0.4496087668539192,0.5818602414440938,0.5601098242324738,0.6719361555492972,0.4491501698949792,0.5000000038176922
2021-07-10,319.5,60.81,1,0.4642110841148697,0.4888874750848822,0.6124951205414743,0.4883310329354324,0.5871404572281147,0.5230010097238436,0.5431930468432473,0.4046857750915198,0.6339502196150179,0.540149084401723,0.6289974202016578,0.4491501698949792,0.5000000038176922
2021-07-11,319.5,60.81,1,0.461334916054597,0.4888874750848822,0.6124951205414743,0.4883310329354324,0.5871404572281147,0.5230010097238436,0.5431930468432473,0.4046857750915198,0.6339502196150179,0.540149084401723,0.6289974202016578,0.4491501698949792,0.5000000038176922
2021-07-12,319.15,61.73,1,0.4936629339404456,0.4888874750848822,0.6124951205414743,0.4883310329354324,0.5997195524539838,0.5661183624547368,0.6964237500551956,0.4858798995916192,0.9746495022806868,0.5422184199416891,0.7477420576931942,0.4113924362658158,0.5000000038176922
2021-07-13,318.0,61.5,1,0.4852795331874669,0.4888874750848822,0.6124951205414743,0.4883310329354324,0.5907602729264021,0.620737444574673,0.6311325185743217,0.4381892342306688,0.6945267766640402,0.5535411094086475,0.6415164873320395,0.4066667121745418,0.5000000038176922
2021-07-14,320.7,63.23,1,0.4592285215140441,0.4888874750848822,0.6124951205414743,0.4883310329354324,0.5819654806695607,0.5820500114628645,0.7726018644001056,0.530080570174308,0.680238081473769,0.5972722922155461,0.8833125087350401,0.3672800415418987,0.5000000038176922
2021-07-15,320.55,62.55,1,0.463827327289687,0.4888874750848822,0.6124951205414743,0.4883310329354324,0.5921757566788656,0.5323714372707796,0.4681835279063171,0.2383282006742859,0.0,0.6021457727432243,0.6127849691955641,0.3840697688111671,0.5000000038176922
2021-07-16,321.85,62.86,1,0.4911251833719714,0.4888874750848822,0.6124951205414743,0.4883310329354324,0.5661482413687936,0.6037935600625272,0.6258041258519276,0.4422589453421208,0.5818602414440938,0.4976376657867494,0.5856377431417101,0.386087849033775,0.5000000038176922
2021-07-17,321.85,62.86,1,0.488590151334607,0.4888874750848822,0.6124951205414743,0.4883310329354324,0.5871404572281147,0.5230010097238436,0.5431930468432473,0.4046857750915198,0.6339502196150179,0.540149084401723,0.6289974202016578,0.386087849033775,0.5000000038176922
2021-07-18,321.85,62.86,1,0.4659390676416361,0.4888874750848822,0.6124951205414743,0.4883310329354324,0.5871404572281147,0.5230010097238436,0.5431930468432473,0.4046857750915198,0.6339502196150179,0.540149084401723,0.6289974202016578,0.386087849033775,0.5000000038176922
2021-07-19,319.25,60.74,1,0.4403560202935475,0.4888874750848822,0.6124951205414743,0.4883310329354324,0.5282607234225755,0.5493480492384097,0.3638712060506489,0.3374821936401705,0.6339502196150179,0.549952546797535,0.4683323674630364,0.4464461486507262,0.5000000038176922
2021-07-20,319.5,61.22,1,0.4815859487601759,0.4888874750848822,0.6124951205414743,0.4883310329354324,0.6355229180281678,0.583156578583242,0.6607554413627306,0.4569859976166744,0.7621026179311732,0.5408369028133,0.6854877990742367,0.4323837386823277,0.5000000038176922
2021-07-21,314.5,60.68,1,0.50795692521042,0.4888874750848822,0.6124951205414743,0.4883310329354324,0.6578062174500721,0.5820500114628661,0.658040786711971,0.4009026744946319,0.6339502196150179,0.6212492609782145,0.7836162852303141,0.4177204563270884,0.5000000038176922
2021-07-22,317.5,60.95,1,0.456550804965229,0.4888874750848822,0.6124951205414743,0.4883310329354324,0.5370569659520787,0.3235170184990725,0.3183649678142803,0.3219633059724395,0.5878675775273413,0.5884621556515326,0.6415164873320395,0.4234156231268086,0.5000000038176922
2021-07-23,320.6,61.45,1,0.4586544363744088,0.4888874750848822,0.6124951205414743,0.4883310329354324,0.6391439860436222,0.5339466063622319,0.5406981132125948,0.3659423823469069,0.5294651190772529,0.6005160570717867,0.6854877990742384,0.42354836525647,0.5000000038176922
2021-07-24,320.6,61.45,1,0.4624848358962937,0.4888874750848822,0.6124951205414743,0.4883310329354324,0.5871404572281147,0.5230010097238436,0.5431930468432473,0.4046857750915198,0.6339502196150179,0.540149084401723,0.6289974202016578,0.42354836525647,0.5000000038176922
2021-07-25,320.6,61.45,1,0.4765443231108475,0.4888874750848822,0.6124951205414743,0.4883310329354324,0.5871404572281147,0.5230010097238436,0.5431930468432473,0.4046857750915198,0.6339502196150179,0.540149084401723,0.6289974202016578,0.42354836525647,0.5000000038176922
2021-07-26,321.5,62.13,1,0.4757701591270802,0.4888874750848822,0.6124951205414743,0.4883310329354324,0.5588444248088285,0.4673476708915952,0.5532287826228075,0.4260513429063113,0.6525208717263086,0.5876694295160725,0.757824838651444,0.4127521045377386,0.5000000038176922
2021-07-27,317.15,61.25,1,0.4891749078531645,0.4888874750848822,0.6124951205414743,0.4883310329354324,0.6173577202075968,0.593158017678943,0.6046750849772811,0.4188352803561013,0.6271130947983594,0.6145306561292563,0.7040338294475389,0.4096401423956985,0.5000000038176922
2021-07-28,316.85,61.96,1,0.4823629354615344,0.4888874750848822,0.6124951205414743,0.4883310329354324,0.6177769283587192,0.4947034553533529,0.6204939664140728,0.4148564415879984,0.6375213183386396,0.6037806558992707,0.8266091148226523,0.3865176481764443,0.5000000038176922
2021-07-29,315.55,62.15,1,0.3603198296702094,0.4888874750848822,0.6124951205414743,0.4883310329354324,0.6127580015937965,0.5107310442553517,0.5916240038660938,0.4528843837047048,0.702788500594513,0.5072542235978899,0.6500356077019528,0.3717746665739933,0.5000000038176922
2021-07-30,319.9,61.55,1,0.5101164322072453,0.4888874750848822,0.6124951205414743,0.4883310329354324,0.538371822916709,0.5026749778219366,0.3485732867293287,0.3191497280201399,0.565568248813471,0.5060366484986486,0.436389519061507,0.4287358321656894,0.5000000038176922
2021-07-31,319.9,61.55,1,0.5432379619091584,0.4888874750848822,0.6124951205414743,0.4883310329354324,0.5871404572281147,0.5230010097238436,0.5431930468432473,0.4046857750915198,0.6339502196150179,0.540149084401723,0.6289974202016578,0.4287358321656894,0.5000000038176922
2021-08-01,319.9,61.55,1,0.4823629354615344,0.7421207407613958,0.6124951205414743,0.4883310329354324,0.5871404572281147,0.5230010097238436,0.5431930468432473,0.4046857750915198,0.6339502196150179,0.540149084401723,0.6289974202016578,0.4287358321656894,0.5000000038176922
2021-08-02,316.2,61.24,1,0.4596113351970532,0.4888874750848822,0.6124951205414743,0.4883310329354324,0.5748868403667576,0.4907463631900847,0.5633522394993797,0.406998980085932,0.7279239134294639,0.5450045987853182,0.6900732750794045,0.4121378833479249,0.5000000038176922
2021-08-03,315.4,60.85,1,0.4773189018553315,0.4888874750848822,0.6124951205414743,0.4883310329354324,0.5353683211790443,0.6088579661522263,0.5890284784785182,0.3114238330886132,0.5818602414440938,0.507254223597889,0.5634949347753484,0.4218237689865589,0.5000000038176922
2021-08-04,316.7,61.03,1,0.46824595099281,0.4888874750848822,0.6124951205414743,0.4883310329354324,0.5817675931364521,0.5021743900644386,0.5160451918401547,0.4308921972426677,0.6031367321424231,0.4929297005305401,0.5634949347753472,0.4094212732907643,0.5000000038176922
2021-08-05,319.2,61.35,1,0.4730640639202364,0.4888874750848822,0.9193674185003649,0.4883310329354324,0.5821634472341187,0.483373935536651,0.4847333212448718,0.416444916444562,0.7132019163393329,0.5471140777219681,0.6167881066277228,0.4450512036873439,0.5000000038176922
2021-08-06,312.95,59.71,1,0.468823223906388,0.4888874750848822,0.6124951205414743,0.4883310329354324,0.6194554426267862,0.6464652488450229,0.5916240038660938,0.4317009878398908,0.628792516742367,0.4669575024603019,0.4960146589232024,0.4366673046254734,0.5000000038176922
2021-08-07,312.95,59.71,1,0.4586544363744088,0.4888874750848822,0.6124951205414743,0.4883310329354324,0.5871404572281147,0.5230010097238436,0.5431930468432473,0.4046857750915198,0.6339502196150179,0.540149084401723,0.6289974202016578,0.4366673046254734,0.5000000038176922
2021-08-08,312.95,59.71,1,0.4775126097856029,0.4888874750848822,0.6124951205414743,0.4883310329354324,0.5871404572281147,0.5230010097238436,0.5431930468432473,0.4046857750915198,0.6339502196150179,0.540149084401723,0.6289974202016578,0.4366673046254734,0.5000000038176922
2021-08-09,318.6,60.82,1,0.4921009291869497,0.4888874750848822,0.6124951205414743,0.4883310329354324,0.5729354101560072,0.5328960884407596,0.5582797077427696,0.3964329717688031,0.6031367321424231,0.5653121537748462,0.6630728613838074,0.4380087641268602,0.5000000038176922
2021-08-10,316.45,60.88,1,0.5001160377186193,0.4888874750848822,0.6124951205414743,0.4883310329354324,0.5835514832793665,0.5472060399076164,0.6311325185743217,0.4260513429063113,0.6271130947983594,0.4626074772178922,0.5856377431417101,0.4186458801109282,0.5000000038176922
2021-08-11,318.65,60.95,1,0.4887850530936172,0.4888874750848822,0.6124951205414743,0.4883310329354324,0.5899533045488349,0.5082037752704308,0.4823563764961658,0.4009026744946319,0.6883749269723083,0.5535411094086465,0.6009673185843067,0.4314930738369177,0.5000000038176922
2021-08-12,314.3,59.82,1,0.4746097218843155,0.4888874750848822,0.6124951205414743,0.4883310329354324,0.5737152781373163,0.5188837030685045,0.4990876845521015,0.4046857750915198,0.7194919921628185,0.5860881571501284,0.641516487332041,0.4466712758102151,0.5000000038176922
2021-08-13,317.35,60.53,1,0.4624848358962936,0.4888874750848822,0.6124951205414743,0.4883310329354324,0.5611442816544295,0.6258542948482713,0.6553303934984227,0.489199246336,0.6430378633267847,0.6087159134301254,0.7231224895569147,0.4440621236593212,0.5000000038176922
2021-08-14,317.35,60.53,1,0.4742231327348868,0.4888874750848822,0.6124951205414743,0.4883310329354324,0.5871404572281147,0.5230010097238436,0.5431930468432473,0.4046857750915198,0.6339502196150179,0.540149084401723,0.6289974202016578,0.4440621236593212,0.5000000038176922
2021-08-15,317.35,60.53,1,0.4709419224846239,0.4888874750848822,0.6124951205414743,0.4883310329354324,0.5871404572281147,0.5230010097238436,0.5431930468432473,0.4046857750915198,0.6339502196150179,0.540149084401723,0.6289974202016578,0.4440621236593212,0.5000000038176922
2021-08-16,313.25,59.26,1,0.4757701591270801,0.4888874750848822,0.6124951205414743,0.4883310329354324,0.5903566137327382,0.6077311156589196,0.5507115223902397,0.3905411595990285,0.6109442010720134,0.5415266859041254,0.5707672259678224,0.4498721621007247,0.5000000038176922
2021-08-17,319.3,60.61,1,0.4748030589388275,0.4888874750848822,0.6124951205414743,0.4883310329354324,0.552548195998886,0.583710223369786,0.628466056368536,0.3847008745886005,0.5924075886159248,0.5084764535485158,0.6167881066277228,0.4658998989561855,0.5000000038176922
2021-08-18,312.2,58.25,1,0.4628683021585937,0.4888874750848822,0.6124951205414743,0.4883310329354324,0.443882854308177,0.573782283612339,0.4471958147956253,0.3803458164888749,0.6602940242590092,0.5347156686981116,0.5055833331069705,0.5050867080825184,0.5000000038176922
2021-08-19,314.7,58.11,1,0.4437775926394861,0.4888874750848822,0.6124951205414743,0.4883310329354324,0.5970579816241525,0.5153041203716308,0.4564848044574009,0.3093195473675596,0.5611747586311666,0.5203363129212892,0.5354155263515141,0.5215263089017482,0.5000000038176922
2021-08-20,313.4,58.27,1,0.4815859487601759,0.4888874750848822,0.6124951205414743,0.4883310329354324,0.5925809237278648,0.4858248452998586,0.5658965105029942,0.32055622954502,0.5641015977341378,0.524829541332779,0.6674873624869875,0.5039598552244442,0.5000000038176922
2021-08-21,313.4,58.27,1,0.4917105832768615,0.4888874750848822,0.6124951205414743,0.4883310329354324,0.5871404572281147,0.5230010097238436,0.5431930468432473,0.4046857750915198,0.6339502196150179,0.540149084401723,0.6289974202016578,0.5039598552244442,0.5000000038176922
2021-08-22,313.4,58.27,1,0.484306840490408,0.4888874750848822,0.6124951205414743,0.4883310329354324,0.5871404572281147,0.5230010097238436,0.5431930468432473,0.4046857750915198,0.6339502196150179,0.540149084401723,0.6289974202016578,0.5039598552244442,0.5000000038176922
2021-08-23,313.75,58.4,1,0.4870315645765057,0.4888874750848822,0.6124951205414743,0.4883310329354324,0.6591006466231861,0.4084653508229014,0.4448830014273036,0.4109068535078266,0.628792516742367,0.5030125679659008,0.5932432175904532,0.505462523529519,0.5000000038176922
2021-08-24,313.0,59.52,1,0.485084956296921,0.4888874750848822,0.6124951205414743,0.4883310329354324,0.5626808157094162,0.4872984960904422,0.6908915797296682,0.5325949682268217,0.6842966594616114,0.5006131196695489,0.757824838651444,0.4439273057539865,0.5000000038176922
2021-08-25,313.4,60.15,1,0.4736434653036865,0.4888874750848822,0.6124951205414743,0.4883310329354324,0.5817675931364521,0.4794655018045922,0.5786964213368587,0.407776207343429,0.6863334069600104,0.5333756817070485,0.6946928030862775,0.4284693086771307,0.5000000038176922
2021-08-26,312.45,59.51,1,0.454067290960076,0.4888874750848822,0.6124951205414743,0.4883310329354324,0.5686618774455403,0.5334211458294543,0.4918903725994545,0.3854286465036713,0.6449093073492219,0.5121718916154058,0.5457626997668521,0.4465812204109705,0.5000000038176922
2021-08-27,310.85,59.82,1,0.4825572345049563,0.4888874750848822,0.6124951205414743,0.4883310329354324,0.5974667184305579,0.4416012095198161,0.5481997849929205,0.3956929159575019,0.6741900346016415,0.4664112984113537,0.6127849691955641,0.4231059439209275,0.5000000038176922
2021-08-28,310.85,59.82,1,0.4833346360819395,0.4888874750848822,0.6124951205414743,0.4883310329354324,0.5871404572281147,0.5230010097238436,0.5431930468432473,0.4046857750915198,0.6339502196150179,0.540149084401723,0.6289974202016578,0.4231059439209275,0.5000000038176922
2021-08-29,310.85,59.82,1,0.4596113351970532,0.4888874750848822,0.6124951205414743,0.4883310329354324,0.5871404572281147,0.5230010097238436,0.5431930468432473,0.4046857750915198,0.6339502196150179,0.540149084401723,0.6289974202016578,0.4231059439209275,0.5000000038176922
2021-08-30,317.3,61.17,1,0.4563596677828755,0.4888874750848822,0.6124951205414743,0.4883310329354324,0.5760605881871799,0.4721780850702516,0.5087489146149641,0.3466924085161945,0.5266203536359652,0.5387793451844093,0.6373087969420228,0.4162235485055575,0.5000000038176922
2021-08-31,313.4,60.56,1,0.4720990044951481,0.4888874750848822,0.6124951205414743,0.4883310329354324,0.6370128460812524,0.4463295745206616,0.4871146065046745,0.3731250108146033,0.5939281050518179,0.4752384784464806,0.5671178609855289,0.4010013556846301,0.5000000038176922
2021-09-01,305.5,59.05,1,0.4198965189263788,0.6948572509112698,0.6124951205414743,0.4883310329354324,0.5393118084453301,0.4678297518069538,0.4918903725994545,0.3616481478344872,0.5223634668892423,0.4763555233642387,0.5527806875107844,0.4170158139569151,0.5000000038176922
2021-09-02,305.1,58.84,1,0.3912576945784841,0.4888874750848822,0.6124951205414743,0.4883310329354324,0.5565502306115648,0.5920430757609915,0.5890284784785182,0.4220348564541273,0.6393418816133032,0.4946877696615654,0.5634949347753484,0.4152998504743298,0.5000000038176922
2021-09-03,305.1,58.84,1,0.4864473885152868,0.4888874750848822,0.6124951205414743,0.4883310329354324,0.5430786537051727,0.7083164715036603,0.7131148402820684,0.4325103048711313,0.5818602414440938,0.4935147517270027,0.5744434551012803,0.4192190919172147,0.5000000038176922
2021-09-04,305.1,58.84,1,0.4864473885152867,0.4888874750848822,0.6124951205414743,0.4883310329354324,0.5871404572281147,0.5230010097238436,0.5431930468432473,0.4046857750915198,0.6339502196150179,0.540149084401723,0.6289974202016578,0.4192190919172147,0.5000000038176922
2021-09-05,305.1,58.84,1,0.4991373303733585,0.4888874750848822,0.6124951205414743,0.4883310329354324,0.5871404572281147,0.5230010097238436,0.5431930468432473,0.4046857750915198,0.6339502196150179,0.540149084401723,0.6289974202016578,0.4192190919172147,0.5000000038176922
2021-09-06,305.1,58.84,1,0.4512049593385249,0.4888874750848822,0.6124951205414743,0.4883310329354324,0.5871404572281147,0.5230010097238436,0.5431930468432473,0.4046857750915198,0.6339502196150179,0.540149084401723,0.6289974202016578,0.4192190919172147,0.5000000038176922
2021-09-07,305.1,58.84,1,0.4866420957162989,0.4888874750848822,0.6124951205414743,0.4883310329354324,0.5575054751126324,0.5230010097238436,0.5431930468432473,0.3609334519310846,0.5582562361526434,0.540149084401723,0.6289974202016578,0.409727700465557,0.5000000038176922
2021-09-08,312.25,58.77,1,0.4640191950725693,0.4888874750848822,0.6124951205414743,0.4883310329354324,0.5869402656777745,0.6099856214661171,0.4265113500373134,0.412482581735324,0.6525208717263086,0.5443051938027084,0.4804526331434104,0.478102790154393,0.5000000038176922
2021-09-09,305.95,57.65,1,0.4728709905653252,0.4888874750848822,0.6124951205414743,0.4883310329354324,0.562296428225224,0.5590505383265616,0.5838523745760812,0.3781750263445459,0.6189128016759963,0.5287398194185916,0.6208241598780461,0.4222215505780979,0.5000000038176922
2021-09-10,305.25,57.97,1,0.4804211128147361,0.4888874750848822,0.6124951205414743,0.4883310329354324,0.5256507143809844,0.5612200646021243,0.6445319001805824,0.4561650691684224,0.6863334069600104,0.6497448081559063,0.8211193397208143,0.4435229335889927,0.5000000038176922
2021-09-11,305.25,57.97,1,0.4897598167383461,0.4888874750848822,0.6124951205414743,0.4883310329354324,0.5871404572281147,0.5230010097238436,0.5431930468432473,0.4046857750915198,0.6339502196150179,0.540149084401723,0.6289974202016578,0.4435229335889927,0.5000000038176922
2021-09-12,305.25,57.97,1,0.4403560202935476,0.4888874750848822,0.6124951205414743,0.4883310329354324,0.5871404572281147,0.5230010097238436,0.5431930468432473,0.4046857750915198,0.6339502196150179,0.540149084401723,0.6289974202016578,0.4435229335889927,0.5000000038176922
2021-09-13,310.6,59.38,1,0.4709419224846238,0.4888874750848822,0.6124951205414743,0.4883310329354324,0.5875411409438103,0.4520261793361702,0.5307735369927706,0.3994063819279603,0.5954524305363847,0.5528198579432121,0.6946928030862759,0.4296690900099392,0.5000000038176922
2021-09-14,303.1,57.61,1,0.4676689042546672,0.4888874750848822,0.6124951205414743,0.4883310329354324,0.5797929257594815,0.6015480835074607,0.5633522394993797,0.3979168380847812,0.6822648318960481,0.5327083236715716,0.5818782609498887,0.4410095875925421,0.5000000038176922
2021-09-15,295.0,56.28,1,0.4903448755973191,0.4888874750848822,0.6124951205414743,0.4883310329354324,0.5893490098487382,0.6218732259859051,0.6661974442176478,0.4726353514633738,0.8926025302764584,0.5287398194185916,0.641516487332041,0.4330075618709365,0.5000000038176922
2021-09-16,302.45,57.34,1,0.4864473885152868,0.4888874750848822,0.6124951205414743,0.4883310329354324,0.5817675931364521,0.5606772430375639,0.525843439994853,0.4085558464723464,0.6078044469805547,0.5601098242324738,0.6048751330486287,0.4471666886110694,0.5000000038176922
2021-09-17,302.75,57.31,1,0.4682459509928099,0.4888874750848822,0.6124951205414743,0.4883310329354324,0.586340285126503,0.4971860879052447,0.5063265161213912,0.370247827847709,0.6189128016759963,0.5374173218761152,0.6167881066277217,0.4629343939413384,0.5000000038176922
2021-09-18,302.75,57.31,1,0.4546401693573519,0.4888874750848822,0.6124951205414743,0.4883310329354324,0.5871404572281147,0.5230010097238436,0.5431930468432473,0.4046857750915198,0.6339502196150179,0.540149084401723,0.6289974202016578,0.4629343939413384,0.5000000038176922
2021-09-19,302.75,57.31,1,0.466707647558601,0.4888874750848822,0.6124951205414743,0.4883310329354324,0.5871404572281147,0.5230010097238436,0.5431930468432473,0.4046857750915198,0.6339502196150179,0.540149084401723,0.6289974202016578,0.4629343939413384,0.5000000038176922
2021-09-20,300.4,56.14,1,0.4833346360819395,0.4888874750848822,0.6124951205414743,0.4883310329354324,0.5746914305072873,0.435008815740229,0.3660676932561426,0.3431461218001533,0.5985131045180748,0.4865561453302008,0.4897332666295264,0.4793013546268633,0.5000000038176922
2021-09-21,300.6,56.91,1,0.4860580290946939,0.4888874750848822,0.6124951205414743,0.4883310329354324,0.5457222908038213,0.4434905559450351,0.5735608917914473,0.4398158692081987,0.6031367321424231,0.4941007723626431,0.6674873624869875,0.4545745622028192,0.5000000038176922
2021-09-22,299.3,56.46,1,0.4763507426974251,0.4888874750848822,0.6124951205414743,0.4883310329354324,0.6593164709101992,0.5445361362814495,0.5332465385051994,0.4333201351646997,0.700717042684296,0.5084764535485158,0.570767225967824,0.4631622814050486,0.5000000038176922
2021-09-23,298.8,56.29,1,0.4709419224846238,0.4888874750848822,0.9193674185003649,0.4883310329354324,0.6733952733580458,0.5595924783303985,0.5633522394993797,0.4116939677234617,0.6622582164943145,0.4923456116435308,0.5634949347753472,0.4696501785400324,0.5000000038176922
2021-09-24,300.25,56.16,1,0.3726789785281198,0.4888874750848822,0.6124951205414743,0.4883310329354324,0.6816687869764623,0.5552653666359559,0.5160451918401547,0.406998980085932,0.617303548197701,0.5165402285324641,0.5563267483262094,0.4841059662229162,0.5000000038176922
2021-09-25,300.25,56.16,1,0.5059949140728763,0.4888874750848822,0.6124951205414743,0.4883310329354324,0.5871404572281147,0.5230010097238436,0.5431930468432473,0.4046857750915198,0.6339502196150179,0.540149084401723,0.6289974202016578,0.4841059662229162,0.5000000038176922
2021-09-26,300.25,56.16,1,0.4093270490379055,0.4888874750848822,0.6124951205414743,0.4883310329354324,0.5871404572281147,0.5230010097238436,0.5431930468432473,0.4046857750915198,0.6339502196150179,0.540149084401723,0.6289974202016578,0.4841059662229162,0.5000000038176922
2021-09-27,304.45,56.59,1,0.5229023872346679,0.4888874750848822,0.6124951205414743,0.4883310329354324,0.5954258299228922,0.5292322394439772,0.4966840309028784,0.4132725907858574,0.7364039933498197,0.5932473971255992,0.6415164873320395,0.5107343343303173,0.5000000038176922
2021-09-28,294.7,54.27,1,0.5325662722045651,0.4888874750848822,0.6124951205414743,0.4883310329354324,0.5766483090512161,0.5842641076038402,0.5233862227720312,0.3738452337086908,0.5893774477189577,0.5571733837860071,0.5856377431417101,0.528718099708211,0.5000000038176922
2021-09-29,294.8,54.33,1,0.4782876885546362,0.4888874750848822,0.6124951205414743,0.4883310329354324,0.554070922384444,0.5456030684423202,0.5684460676025257,0.4252466734669993,0.6842966594616114,0.5422184199416891,0.6331357567350364,0.5220014891963187,0.5000000038176922
2021-09-30,291.6,53.63,1,0.4533036707260731,0.4888874750848822,0.6124951205414743,0.4883310329354324,0.5342437118344908,0.531847195443841,0.5357249253552444,0.3240750203143042,0.6189128016759963,0.5675658671824982,0.6457587750176413,0.5351779395558178,0.5000000038176922
2021-10-01,292.25,54.49,1,0.4749964239779436,0.6375636004999581,0.6124951205414743,0.3598020264229753,0.653497976207743,0.3062836883634724,0.442573895883514,0.3781750263445459,0.6701868167881457,0.5353883395109478,0.7279791041987036,0.4973108398735678,0.5000000038176922
2021-10-02,292.25,54.49,1,0.4320071957007136,0.4888874750848822,0.6124951205414743,0.4883310329354324,0.5871404572281147,0.5230010097238436,0.5431930468432473,0.4046857750915198,0.6339502196150179,0.540149084401723,0.6289974202016578,0.4973108398735678,0.5000000038176922
2021-10-03,292.25,54.49,1,0.4775126097856029,0.4888874750848822,0.6124951205414743,0.4883310329354324,0.5871404572281147,0.5230010097238436,0.5431930468432473,0.4046857750915198,0.6339502196150179,0.540149084401723,0.6289974202016578,0.4973108398735678,0.5000000038176922
2021-10-04,286.55,52.56,1,0.5032500620818958,0.4888874750848822,0.6124951205414743,0.4883310329354324,0.5512176200584632,0.4606200494657009,0.3660676932561426,0.3745658438257178,0.628792516742367,0.5593732011095409,0.542290027427637,0.5403181880769619,0.5000000038176922
2021-10-05,283.0,51.75,1,0.4911251833719713,0.4888874750848822,0.6124951205414743,0.4883310329354324,0.6616921408569368,0.5770825894786501,0.5658965105029933,0.4520649921405619,0.6125234315214916,0.5535411094086465,0.6208241598780461,0.5506040269702522,0.5000000038176922
2021-10-06,280.9,51.18,1,0.5171928101703697,0.4888874750848822,0.6124951205414743,0.4883310329354324,0.5952221330859269,0.6258542948482729,0.604675084977282,0.3796217529179064,0.6000497803838172,0.5241832279402069,0.5894259012134111,0.5585721954903069,0.5000000038176922
2021-10-07,282.7,51.37,1,0.4544491941856136,0.4888874750848822,0.6124951205414743,0.4883310329354324,0.6571593373320914,0.4553610563574961,0.4611524166370945,0.4228367337550019,0.6467943986504651,0.4865561453302008,0.5527806875107832,0.5720777633207847,0.5000000038176922
2021-10-08,271.25,49.23,1,0.4692082009947773,0.4888874750848822,0.6124951205414743,0.4883310329354324,0.5758648081063162,0.5937158240649031,0.5942244682389577,0.3927434747021893,0.6109442010720134,0.5340447898129113,0.6127849691955641,0.5668766115829142,0.5000000038176922
2021-10-09,271.25,49.23,1,0.4498703323548815,0.4888874750848822,0.6124951205414743,0.4883310329354324,0.5871404572281147,0.5230010097238436,0.5431930468432473,0.4046857750915198,0.6339502196150179,0.540149084401723,0.6289974202016578,0.5668766115829142,0.5000000038176922
2021-10-10,271.25,49.23,1,0.4619097871533515,0.4888874750848822,0.6124951205414743,0.4883310329354324,0.5871404572281147,0.5230010097238436,0.5431930468432473,0.4046857750915198,0.6339502196150179,0.540149084401723,0.6289974202016578,0.5668766115829142,0.5000000038176922
2021-10-11,271.25,49.23,1,0.4229208515985824,0.4888874750848822,0.6124951205414743,0.4883310329354324,0.5829561172574415,0.4858248452998586,0.479983729716582,0.3623631242716018,0.6525208717263086,0.5394632380552805,0.6009673185843067,0.5809012311446319,0.5000000038176922
2021-10-12,271.25,49.23,1,0.5189639120718297,0.4888874750848822,0.6124951205414743,0.4883310329354324,0.6173577202075968,0.5230010097238436,0.5431930468432473,0.3191497280201399,0.5685082568008049,0.540149084401723,0.6289974202016578,0.5788263583415804,0.5000000038176922
2021-10-13,270.5,49.08,1,0.5018785287865467,0.4888874750848822,0.6124951205414743,0.4883310329354324,0.6165198174539034,0.3578994655409825,0.4219536783936774,0.3927434747021893,0.5699817173347674,0.5000159362972897,0.6088141664787814,0.5693768345907508,0.5000000038176922
2021-10-14,271.55,49.19,1,0.4089499920381536,0.4888874750848822,0.6124951205414743,0.4883310329354324,0.6444850738473626,0.4917339354049956,0.5039088783050345,0.434941286059068,0.6681945292747496,0.5228950851460735,0.6009673185843067,0.5693277710874971,0.5000000038176922
2021-10-15,266.8,48.86,1,0.4899548198102313,0.4888874750848822,0.6124951205414743,0.4883310329354324,0.6884397884557699,0.5693964519386984,0.6716562232827162,0.4390023377926096,0.7048638155271068,0.5436076870638903,0.7135105114478005,0.5439800897187392,0.5000000038176922
2021-10-16,266.8,48.86,1,0.439976077247523,0.4888874750848822,0.6124951205414743,0.4883310329354324,0.5871404572281147,0.5230010097238436,0.5431930468432473,0.4046857750915198,0.6339502196150179,0.540149084401723,0.6289974202016578,0.5439800897187392,0.5000000038176922
2021-10-17,266.8,48.86,1,0.502074424740894,0.4888874750848822,0.6124951205414743,0.4883310329354324,0.5871404572281147,0.5230010097238436,0.5431930468432473,0.4046857750915198,0.6339502196150179,0.540149084401723,0.6289974202016578,0.5439800897187392,0.5000000038176922
2021-10-18,267.8,48.57,1,0.4915154340347779,0.4888874750848822,0.6124951205414743,0.4883310329354324,0.6285207371076984,0.5230010097238436,0.4705352973390483,0.4132725907858574,0.6883749269723083,0.5209738535265119,0.5457626997668532,0.5685920082850525,0.5000000038176922
2021-10-19,272.55,48.78,1,0.4195186241433568,0.4888874750848822,0.6124951205414743,0.4883310329354324,0.6623405554693824,0.5953905744172361,0.5039088783050345,0.4300839469543501,0.617303548197701,0.5630728230839691,0.5707672259678224,0.604662854925589,0.5000000038176922
2021-10-20,262.9,47.39,1,0.53691140515946,0.4888874750848822,0.6124951205414743,0.4883310329354324,0.5232310451612385,0.6965265871875566,0.7525937389503093,0.4627405126158354,0.7048638155271068,0.4988247248253339,0.6289974202016578,0.6112521938261858,0.5000000038176922
2021-10-21,262.8,46.48,1,0.4715203319468742,0.4888874750848822,0.6124951205414743,0.4883310329354324,0.5995144230564827,0.6156357763746441,0.4728911629240714,0.3424374644519357,0.5893774477189577,0.50361515222455,0.4835276468987906,0.6418877624487015,0.5000000038176922
2021-10-22,260.2,46.13,1,0.403109092201114,0.4888874750848822,0.6124951205414743,0.4883310329354324,0.6524225202809871,0.5193967872786084,0.5582797077427696,0.3964329717688031,0.6782165762199728,0.5601098242324749,0.6674873624869875,0.6366046597589984,0.5000000038176922
2021-10-23,260.2,46.13,1,0.4883952667791107,0.4888874750848822,0.6124951205414743,0.4883310329354324,0.5871404572281147,0.5230010097238436,0.5431930468432473,0.4046857750915198,0.6339502196150179,0.540149084401723,0.6289974202016578,0.6366046597589984,0.5000000038176922
2021-10-24,260.2,46.13,1,0.519948187295182,0.4888874750848822,0.6124951205414743,0.4883310329354324,0.5871404572281147,0.5230010097238436,0.5431930468432473,0.4046857750915198,0.6339502196150179,0.540149084401723,0.6289974202016578,0.6366046597589984,0.5000000038176922
2021-10-25,263.35,47.48,1,0.4527311160175624,0.4888874750848822,0.6124951205414743,0.4883310329354324,0.5819654806695601,0.3955820351903777,0.5557515245539631,0.4569859976166744,0.6339502196150179,0.5340447898129123,0.7427509303480726,0.590621032448621,0.5000000038176922
2021-10-26,257.25,46.21,1,0.5048182629117989,0.4888874750848822,0.6124951205414743,0.4883310329354324,0.6192454828520119,0.5031758950087197,0.4966840309028776,0.4062245023027874,0.6762004961466523,0.4836951766640651,0.5457626997668532,0.5957534019864603,0.5000000038176922
2021-10-27,256.45,46.04,1,0.4521586965668597,0.4888874750848822,0.6124951205414743,0.4883310329354324,0.5449663720089601,0.5339466063622319,0.5481997849929197,0.4116939677234617,0.7449289689636884,0.4917624780288657,0.570767225967824,0.5815440211598514,0.5000000038176922
2021-10-28,254.1,45.15,1,0.5077606729445396,0.4888874750848822,1.0,0.4883310329354324,0.6129666051319715,0.5429383555191902,0.4823563764961658,0.3934793408395815,0.6762004961466523,0.5012113659498547,0.528633178917849,0.6360926513529371,0.5000000038176922
2021-10-29,257.1,45.52,1,0.472099004495148,0.4888874750848822,0.6124951205414743,0.4883310329354324,0.6323355598846547,0.4712102735562599,0.4728911629240722,0.4156501332970412,0.6762004961466523,0.5367391437910765,0.6048751330486287,0.6313897572247136,0.5000000038176922
2021-10-30,257.1,45.52,1,0.4320071957007135,0.4888874750848822,0.6124951205414743,0.4883310329354324,0.5871404572281147,0.5230010097238436,0.5431930468432473,0.4046857750915198,0.6339502196150179,0.540149084401723,0.6289974202016578,0.6313897572247136,0.5000000038176922
2021-10-31,257.1,45.52,1,0.4788692517537618,0.4888874750848822,0.6124951205414743,0.4883310329354324,0.5871404572281147,0.5230010097238436,0.5431930468432473,0.4046857750915198,0.6339502196150179,0.540149084401723,0.6289974202016578,0.6313897572247136,0.5000000038176922
2021-11-01,263.95,46.54,1,0.448345882214748,0.5123579978852658,0.6124951205414743,0.4883310329354324,0.5447774672811626,0.5271479812147414,0.5160451918401547,0.401653812012719,0.7194919921628185,0.5492401973307106,0.6127849691955636,0.6541611050233652,0.5000000038176922
2021-11-02,263.95,46.54,1,0.4802270505433978,0.4888874750848822,0.6124951205414743,0.4883310329354324,0.633609614994681,0.5230010097238436,0.5431930468432473,0.4292762516111501,0.5954524305363847,0.540149084401723,0.6289974202016578,0.6531261913369737,0.5000000038176922
2021-11-03,256.65,45.87,1,0.4376973533524918,0.4888874750848822,0.6124951205414743,0.4883310329354324,0.5839488160800688,0.3777871505704811,0.511176125045494,0.3695294212472614,0.577385884565295,0.5535411094086465,0.7377933674273787,0.5887318056894093,0.5000000038176922
2021-11-04,267.75,47.68,1,0.5010950713502202,0.4888874750848822,0.6124951205414743,0.4883310329354324,0.589751783024494,0.3814239701663094,0.3926517534701285,0.3424374644519357,0.6031367321424231,0.4923456116435316,0.5563267483262089,0.6135220554322932,0.5000000038176922
2021-11-05,264.6,48.02,1,0.4573155215195315,0.4888874750848822,0.6124951205414743,0.4883310329354324,0.6100504735259262,0.4029323121459471,0.5710008735746368,0.3545131151386057,0.5939281050518179,0.554988846464187,0.7836162852303132,0.5839197249135739,0.5000000038176922
2021-11-06,264.6,48.02,1,0.4870315645765058,0.4888874750848822,0.6124951205414743,0.4883310329354324,0.5871404572281147,0.5230010097238436,0.5431930468432473,0.4046857750915198,0.6339502196150179,0.540149084401723,0.6289974202016578,0.5839197249135739,0.5000000038176922
2021-11-07,264.6,48.02,1,0.437887186799102,0.4888874750848822,0.6124951205414743,0.4883310329354324,0.5871404572281147,0.5230010097238436,0.5431930468432473,0.4046857750915198,0.6339502196150179,0.540149084401723,0.6289974202016578,0.5839197249135739,0.5000000038176922
2021-11-08,267.85,48.27,1,0.505406535590229,0.4888874750848822,0.6124951205414743,0.4883310329354324,0.567114056468345,0.4387720797193702,0.419679970036819,0.3552254728111998,0.6237980410922909,0.4831255857323993,0.5252757276259022,0.5845142228652421,0.5000000038176922
2021-11-09,280.7,51.19,1,0.4661311778935195,0.4888874750848822,0.6124951205414743,0.4883310329354324,0.6083884187486207,0.4966889633999215,0.6099292201585393,0.4809068342765467,0.6583377359428222,0.4923456116435316,0.6500356077019543,0.553320108083983,0.5000000038176922
2021-11-10,291.2,52.99,1,0.436938126943641,0.4888874750848822,0.6124951205414743,0.4883310329354324,0.5744960809530933,0.4951993881084423,0.5039088783050345,0.4196339198485351,0.7513504446465034,0.5127921026014001,0.5856377431417101,0.5584747677159078,0.5000000038176922
2021-11-11,294.8,54.61,1,0.4919057483536845,0.4888874750848822,0.6124951205414743,0.4883310329354324,0.6161011255194525,0.4707266959464756,0.6258041258519276,0.4196339198485351,0.6357227319014778,0.4831255857323993,0.6764191915738064,0.5142754239029347,0.5000000038176922
2021-11-12,301.0,55.18,1,0.4891749078531645,0.4888874750848822,0.6124951205414743,0.4883310329354324,0.6350975122057795,0.538164450342921,0.4823563764961658,0.4784230954976544,0.6945267766640402,0.4877067179082773,0.5120633255415155,0.5428709278218186,0.5000000038176922
2021-11-13,301.0,55.18,1,0.4917105832768615,0.4888874750848822,0.6124951205414743,0.4883310329354324,0.5871404572281147,0.5230010097238436,0.5431930468432473,0.4046857750915198,0.6339502196150179,0.540149084401723,0.6289974202016578,0.5428709278218186,0.5000000038176922
2021-11-14,301.0,55.18,1,0.4559774431204436,0.4888874750848822,0.6124951205414743,0.4883310329354324,0.5871404572281147,0.5230010097238436,0.5431930468432473,0.4046857750915198,0.6339502196150179,0.540149084401723,0.6289974202016578,0.5428709278218186,0.5000000038176922
2021-11-15,301.0,55.18,1,0.4454898408649335,0.4888874750848822,0.6124951205414743,0.4883310329354324,0.6242955680528574,0.5230010097238436,0.5431930468432473,0.4842214020913647,0.628792516742367,0.540149084401723,0.6289974202016578,0.5422443768872216,0.5000000038176922
2021-11-16,303.15,55.2,1,0.4936629339404456,0.4888874750848822,0.6124951205414743,0.4883310329354324,0.5675007177602395,0.7824708660388299,0.710323250427826,0.3883459554020639,0.5985131045180748,0.5394632380552805,0.5894259012134099,0.5642337958856489,0.5000000038176922
2021-11-17,304.8,55.16,1,0.5126702590142195,0.4888874750848822,0.6124951205414743,0.4883310329354324,0.6023919018313262,0.655117046110751,0.607299775304925,0.4858798995916192,0.666208802432395,0.5209738535265128,0.5707672259678229,0.577198064527155,0.5000000038176922
2021-11-18,313.0,56.2,1,0.4236772676591046,0.4888874750848822,0.6124951205414743,0.4883310329354324,0.5827578278137759,0.6145041796887586,0.5608132924257623,0.370247827847709,0.6189128016759963,0.5327083236715716,0.5781469844146332,0.5912678748226176,0.5000000038176922
2021-11-19,314.15,56.06,1,0.5087420460886106,0.4888874750848822,0.6124951205414743,0.4883310329354324,0.5323713665267881,0.5199103133253286,0.4942849424542813,0.4001536018251294,0.6189128016759963,0.5767202010924697,0.6248937263164571,0.6193375851628485,0.5000000038176922
2021-11-20,314.15,56.06,1,0.4640191950725693,0.4888874750848822,0.6124951205414743,0.4883310329354324,0.5871404572281147,0.5230010097238436,0.5431930468432473,0.4046857750915198,0.6339502196150179,0.540149084401723,0.6289974202016578,0.6193375851628485,0.5000000038176922
2021-11-21,314.15,56.06,1,0.4936629339404456,0.4888874750848822,0.6124951205414743,0.4883310329354324,0.5871404572281147,0.5230010097238436,0.5431930468432473,0.4046857750915198,0.6339502196150179,0.540149084401723,0.6289974202016578,0.6193375851628485,0.5000000038176922
2021-11-22,315.9,56.51,1,0.4582718019653462,0.4888874750848822,0.6124951205414743,0.4883310329354324,0.6077659863959367,0.6384234303412275,0.6607554413627296,0.4406298197806782,0.680238081473769,0.5380973811541659,0.641516487332041,0.605717311185203,0.5000000038176922
2021-11-23,316.9,56.51,1,0.4630600658236083,0.4888874750848822,0.6124951205414743,0.4883310329354324,0.6616921408569363,0.6458897545281107,0.6204939664140718,0.3994063819279603,0.6622582164943145,0.5728792253118697,0.6457587750176413,0.5980509945772351,0.5000000038176922
2021-11-24,316.65,56.62,1,0.4763507426974251,0.4888874750848822,0.6124951205414743,0.4883310329354324,0.60735129065554,0.4321928755704436,0.4823563764961658,0.3832470530162493,0.628792516742367,0.5638176544315263,0.6674873624869875,0.6155929812209202,0.5000000038176922
2021-11-25,316.65,56.62,1,0.5050143419763811,0.4888874750848822,0.6124951205414743,0.4883310329354324,0.5871404572281147,0.5230010097238436,0.5431930468432473,0.4046857750915198,0.6339502196150179,0.540149084401723,0.6289974202016578,0.6155929812209202,0.5000000038176922
2021-11-26,318.1,56.8,1,0.4688232239063878,0.4888874750848822,0.6124951205414743,0.4883310329354324,0.462078016548188,0.3395295920174681,0.3726741851929037,0.3630783858803541,0.6883749269723083,0.5492401973307106,0.6331357567350356,0.6172111894404755,0.5000000038176922
2021-11-27,318.1,56.8,1,0.4889799719636382,0.4888874750848822,0.6124951205414743,0.4883310329354324,0.5871404572281147,0.5230010097238436,0.5431930468432473,0.4046857750915198,0.6339502196150179,0.540149084401723,0.6289974202016578,0.6172111894404755,0.5000000038176922
2021-11-28,318.1,56.8,1,0.4667076475586009,0.4888874750848822,0.6124951205414743,0.4883310329354324,0.5871404572281147,0.5230010097238436,0.5431930468432473,0.4046857750915198,0.6339502196150179,0.540149084401723,0.6289974202016578,0.6172111894404755,0.5000000038176922
2021-11-29,321.8,57.31,1,0.3880637017716264,0.4888874750848822,0.6124951205414743,0.4883310329354324,0.6524225202809871,0.620737444574673,0.604675084977283,0.3724051667019148,0.5969807112258781,0.5216128194825934,0.5932432175904532,0.6133706302333546,0.5000000038176922
2021-11-30,322.3,57.07,1,0.5225083768146048,0.4888874750848822,0.6124951205414743,0.4883310329354324,0.4973836319076352,0.4572707606158949,0.4448830014273043,0.3311240341726267,0.5481022667686092,0.6187207668015281,0.6719361555492988,0.624615159146997,0.5000000038176922
2021-12-01,321.6,56.77,1,0.4611433312391586,0.2847660129771402,0.6124951205414743,0.4883310329354324,0.5772366100172843,0.5204242857629502,0.5184871558960955,0.4317009878398908,0.6721853998295578,0.5782670192134401,0.6457587750176413,0.6614237275955563,0.5000000038176922
2021-12-02,324.35,57.39,1,0.4719060839423969,0.4888874750848822,0.6124951205414743,0.4883310329354324,0.7249885672607774,0.5677561765148204,0.5968298397191647,0.4528843837047048,0.6721853998295578,0.6375067071637696,0.7477420576931934,0.635990269075745,0.5000000038176922
2021-12-03,312.95,55.13,1,0.4841123600636252,0.4888874750848822,0.6124951205414743,0.4883310329354324,0.562296428225224,0.6912382464426456,0.6472250143328016,0.4734614956291235,0.7048638155271068,0.5876694295160725,0.6457587750176421,0.6395774984719914,0.5000000038176922
2021-12-04,312.95,55.13,1,0.4605686917240322,0.4888874750848822,0.6124951205414743,0.4883310329354324,0.5871404572281147,0.5230010097238436,0.5431930468432473,0.4046857750915198,0.6339502196150179,0.540149084401723,0.6289974202016578,0.6395774984719914,0.5000000038176922
2021-12-05,312.95,55.13,1,0.4611433312391586,0.4888874750848822,0.6124951205414743,0.4883310329354324,0.5871404572281147,0.5230010097238436,0.5431930468432473,0.4046857750915198,0.6339502196150179,0.540149084401723,0.6289974202016578,0.6395774984719914,0.5000000038176922
2021-12-06,322.1,56.65,1,0.497572094382213,0.4888874750848822,0.6124951205414743,0.4883310329354324,0.5713783884603901,0.4093892722519899,0.4333739194813711,0.3905411595990285,0.617303548197701,0.4935147517270027,0.5707672259678229,0.6580997116677023,0.5000000038176922
2021-12-07,316.5,56.34,1,0.4730640639202365,0.4888874750848822,0.6124951205414743,0.4883310329354324,0.7309748838148594,0.5016741291854575,0.617845791662111,0.3803458164888749,0.6544506460312253,0.6568325152481594,0.8432759191689606,0.6189829889328475,0.5000000038176922
2021-12-08,319.5,57.69,1,0.4576979818144522,0.4888874750848822,0.6124951205414743,0.4883310329354324,0.6015685405728715,0.4340695572629548,0.5684460676025248,0.4381892342306688,0.6237980410922909,0.5380973811541659,0.7279791041987045,0.5789250983328881,0.5000000038176922
2021-12-09,312.25,55.96,1,0.4717131931890891,0.4888874750848822,1.0,0.4883310329354324,0.5060211985164423,0.482395345791151,0.4541568294922966,0.4156501332970412,0.6622582164943145,0.5394632380552815,0.5818782609498887,0.5988009399763394,0.5000000038176922
2021-12-10,311.2,55.44,1,0.484306840490408,0.4888874750848822,0.6124951205414743,0.4883310329354324,0.6023919018313262,0.570491318548729,0.5382087617283801,0.4109068535078266,0.6339502196150179,0.578267019213439,0.6289974202016578,0.6189323387605633,0.5000000038176922
2021-12-11,311.2,55.44,1,0.4584631103377164,0.4888874750848822,0.6124951205414743,0.4883310329354324,0.5871404572281147,0.5230010097238436,0.5431930468432473,0.4046857750915198,0.6339502196150179,0.540149084401723,0.6289974202016578,0.6189323387605633,0.5000000038176922
2021-12-12,311.2,55.44,1,0.4694007287429635,0.4888874750848822,0.6124951205414743,0.4883310329354324,0.5871404572281147,0.5230010097238436,0.5431930468432473,0.4046857750915198,0.6339502196150179,0.540149084401723,0.6289974202016578,0.6189323387605633,0.5000000038176922
2021-12-13,316.35,55.76,1,0.4858633770880895,0.4888874750848822,0.6124951205414743,0.4883310329354324,0.5772366100172843,0.5168356965433071,0.4634921249045076,0.3367750346830048,0.6062432436656441,0.5429120914220538,0.5671178609855289,0.653591822006715,0.5000000038176922
2021-12-14,310.4,54.54,1,0.4813917551539424,0.4888874750848822,0.6124951205414743,0.4883310329354324,0.5803845396805369,0.5450694293582723,0.5382087617283808,0.448790692303365,0.6681945292747496,0.5171695048845789,0.5856377431417101,0.6541611050233652,0.5000000038176922
2021-12-15,308.0,53.82,1,0.4846958598103121,0.4888874750848822,0.6124951205414743,0.4883310329354324,0.5891477597316455,0.6725253013251242,0.6231467535666824,0.406998980085932,0.6141094192940628,0.527430111976977,0.5818782609498894,0.6536953133744715,0.5000000038176922
2021-12-16,316.65,55.8,1,0.4447287175684274,0.4888874750848822,0.6124951205414743,0.4883310329354324,0.6163104497255645,0.6453144242854947,0.7131148402820684,0.4463385483715417,0.6762004961466523,0.5287398194185906,0.671936155549298,0.6577365521977299,0.5000000038176922
2021-12-17,318.85,56.12,1,0.4837234582806435,0.4888874750848822,0.6124951205414743,0.4883310329354324,0.50638959146592,0.5313233661351986,0.5406981132125965,0.4373765675925664,0.648691979397709,0.5261267307419675,0.6048751330486282,0.661631700207229,0.5000000038176922
2021-12-18,318.85,56.12,1,0.4632518500281933,0.4888874750848822,0.6124951205414743,0.4883310329354324,0.5871404572281147,0.5230010097238436,0.5431930468432473,0.4046857750915198,0.6339502196150179,0.540149084401723,0.6289974202016578,0.661631700207229,0.5000000038176922
2021-12-19,318.85,56.12,1,0.4692082009947773,0.4888874750848822,0.6124951205414743,0.4883310329354324,0.5871404572281147,0.5230010097238436,0.5431930468432473,0.4046857750915198,0.6339502196150179,0.540149084401723,0.6289974202016578,0.661631700207229,0.5000000038176922
2021-12-20,317.7,55.37,1,0.4903448755973191,0.4888874750848822,0.6124951205414743,0.4883310329354324,0.5327456378145892,0.5287105222300295,0.4752511636328186,0.4244426670030199,0.6189128016759963,0.5683202623046467,0.5970901873324007,0.6857757067669802,0.5000000038176922
2021-12-21,327.75,57.13,1,0.4724849361807718,0.4888874750848822,0.6124951205414743,0.4883310329354324,0.6550047031422915,0.5318471954438395,0.5532287826228057,0.4627405126158354,0.69042108097368,0.6204052371361936,0.7135105114477996,0.6874117699188531,0.5000000038176922
2021-12-22,322.4,56.86,1,0.463635480618277,0.4888874750848822,0.6124951205414743,0.4883310329354324,0.6278860340489825,0.6842041528690092,0.775474329264343,0.4767683429641085,0.666208802432395,0.5457058893644512,0.7135105114478005,0.6399879724230723,0.5000000038176922
2021-12-23,327.5,57.83,1,0.4676689042546672,0.4888874750848822,0.6124951205414743,0.4883310329354324,0.6230309279419902,0.5153041203716308,0.5456936122820992,0.4228367337550019,0.6583377359428222,0.6271904340945534,0.7279791041987036,0.6507483574471147,0.5000000038176922
2021-12-24,327.5,57.83,1,0.454067290960076,0.4888874750848822,0.6124951205414743,0.4883310329354324,0.5871404572281147,0.5230010097238436,0.5431930468432473,0.4046857750915198,0.6339502196150179,0.540149084401723,0.6289974202016578,0.6507483574471147,0.5000000038176922
2021-12-25,327.5,57.83,1,0.476350742697425,0.4888874750848822,0.6124951205414743,0.4883310329354324,0.5871404572281147,0.5230010097238436,0.5431930468432473,0.4046857750915198,0.6339502196150179,0.540149084401723,0.6289974202016578,0.6507483574471147,0.5000000038176922
2021-12-26,327.5,57.83,1,0.5077606729445396,0.4888874750848822,0.6124951205414743,0.4883310329354324,0.5871404572281147,0.5230010097238436,0.5431930468432473,0.4046857750915198,0.6339502196150179,0.540149084401723,0.6289974202016578,0.6507483574471147,0.5000000038176922
2021-12-27,329.1,58.39,1,0.451586410382306,0.4888874750848822,0.6124951205414743,0.4883310329354324,0.6653692950014718,0.6111140759777492,0.658040786711971,0.5050059506768498,0.7048638155271068,0.5528198579432121,0.6764191915738071,0.6251235359275572,0.5000000038176922
2021-12-28,331.4,58.79,1,0.4858633770880895,0.4888874750848822,0.6124951205414743,0.4883310329354324,0.6011572217773177,0.5307999525723176,0.5481997849929205,0.3942161655643996,0.5714575552779287,0.5653121537748462,0.6543469336664995,0.6268532223052112,0.5000000038176922
2021-12-29,335.85,58.98,1,0.4445384679359823,0.4888874750848822,0.6124951205414743,0.4883310329354324,0.5673073629186498,0.5339466063622319,0.4752511636328186,0.406998980085932,0.6393418816133032,0.5422184199416891,0.5671178609855283,0.6654317837016123,0.5000000038176922
2021-12-30,336.5,60.36,1,0.4713274999328861,0.4888874750848822,0.6124951205414743,0.4883310329354324,0.5782184340913139,0.331065468777153,0.525843439994853,0.3177437918197544,0.574416598228169,0.5387793451844093,0.7888744528065964,0.5979510290054474,0.5000000038176922
2021-12-31,336.5,60.36,1,0.4659390676416362,0.4888874750848822,0.6124951205414743,0.4883310329354324,0.5831544891662203,0.5230010097238436,0.5431930468432473,0.406998980085932,0.6157026189642468,0.540149084401723,0.6289974202016578,0.5976011998012789,0.5000000038176922
2022-01-01,336.5,60.36,1,0.4765443231108475,0.6005303208851785,0.6124951205414743,0.4888026039287315,0.5871404572281147,0.5230010097238436,0.5431930468432473,0.4046857750915198,0.6339502196150179,0.540149084401723,0.6289974202016578,0.5976011998012789,0.5000000038176922
2022-01-02,336.5,60.36,1,0.4932723407836292,0.4888874750848822,0.6124951205414743,0.4883310329354324,0.5871404572281147,0.5230010097238436,0.5431930468432473,0.4046857750915198,0.6339502196150179,0.540149084401723,0.6289974202016578,0.5976011998012789,0.5000000038176922
2022-01-03,334.5,59.09,1,0.4837234582806435,0.4888874750848822,0.6124951205414743,0.4883310329354324,0.5295674132716025,0.6655457313865838,0.5406981132125956,0.4569859976166744,0.6078044469805547,0.6748404294666271,0.6457587750176413,0.6543163981791198,0.5000000038176922
2022-01-04,339.65,59.72,1,0.4609517656595948,0.4888874750848822,0.6124951205414743,0.4883310329354324,0.6245064747865882,0.7631720140634275,0.7019717854775898,0.5166910738059155,0.8012683653007456,0.593247397125598,0.6500356077019543,0.6518334637076703,0.5000000038176922
2022-01-05,345.25,60.97,1,0.4622931330280641,0.4888874750848822,0.6124951205414743,0.4883310329354324,0.5706011922139854,0.6912382464426456,0.7187095623100894,0.4204334185370771,0.5878675775273413,0.5464090530935906,0.6289974202016578,0.6683006048281579,0.5000000038176922
2022-01-06,337.6,59.37,1,0.4617181438863936,0.4888874750848822,0.6124951205414743,0.4883310329354324,0.5729354101560078,0.4482256524332957,0.449512368491213,0.3825209673370697,0.6449093073492219,0.5744111107660141,0.6764191915738064,0.6551448755735495,0.5000000038176922
2022-01-07,331.4,58.83,1,0.497572094382213,0.4888874750848822,0.6124951205414743,0.4883310329354324,0.5739103902844688,0.5271479812147399,0.6231467535666824,0.4792507959488413,0.6563897823184408,0.5571733837860071,0.7135105114478005,0.6305222406052475,0.5000000038176922
2022-01-08,331.4,58.83,1,0.4388365170436053,0.4888874750848822,0.6124951205414743,0.4883310329354324,0.5871404572281147,0.5230010097238436,0.5431930468432473,0.4046857750915198,0.6339502196150179,0.540149084401723,0.6289974202016578,0.6305222406052475,0.5000000038176922
2022-01-09,331.4,58.83,1,0.4845013404457551,0.4888874750848822,0.6124951205414743,0.4883310329354324,0.5871404572281147,0.5230010097238436,0.5431930468432473,0.4046857750915198,0.6339502196150179,0.540149084401723,0.6289974202016578,0.6305222406052475,0.5000000038176922
2022-01-10,339.0,59.77,1,0.4965942679493432,0.4888874750848822,0.6124951205414743,0.4883310329354324,0.543833388555122,0.520938709236541,0.4871146065046762,0.3311240341726267,0.5893774477189577,0.6095428692477477,0.6500356077019528,0.6447673391229428,0.5000000038176922
2022-01-11,333.7,59.81,1,0.448536390649041,0.4888874750848822,0.6124951205414743,0.4883310329354324,0.6001300020235825,0.5031758950087197,0.6634743346919606,0.4101213611278833,0.6430378633267847,0.5924464473594587,0.8211193397208143,0.5967519402774494,0.5000000038176922
2022-01-12,335.05,60.53,1,0.4536854500188957,0.4888874750848822,0.6124951205414743,0.4883310329354324,0.6442710779723709,0.4270443492026399,0.5184871558960955,0.4455218801858925,0.6205310694144502,0.549952546797535,0.6993463365640427,0.5794682817290917,0.5000000038176922
2022-01-13,333.7,60.46,1,0.5075644319385687,0.4888874750848822,0.6124951205414743,0.4883310329354324,0.5398761253798323,0.478490823527454,0.5283058579919471,0.3410207314996221,0.5626371165126348,0.6366408024905166,0.7527667076158291,0.5769021966514228,0.5000000038176922
2022-01-14,335.5,60.76,1,0.5116878068080124,0.4888874750848822,0.6124951205414743,0.4883310329354324,0.5764523382287836,0.4804411406661735,0.4990876845521031,0.3825209673370697,0.702788500594513,0.5593732011095409,0.6457587750176413,0.5797646445082953,0.5000000038176922
2022-01-15,335.5,60.76,1,0.5083494633644726,0.4888874750848822,0.6124951205414743,0.4883310329354324,0.5871404572281147,0.5230010097238436,0.5431930468432473,0.4046857750915198,0.6339502196150179,0.540149084401723,0.6289974202016578,0.5797646445082953,0.5000000038176922
2022-01-16,335.5,60.76,1,0.4594199192578174,0.4888874750848822,0.6124951205414743,0.4883310329354324,0.5871404572281147,0.5230010097238436,0.5431930468432473,0.4046857750915198,0.6339502196150179,0.540149084401723,0.6289974202016578,0.5797646445082953,0.5000000038176922
2022-01-17,335.5,60.76,1,0.4276507232025569,0.4888874750848822,0.6124951205414743,0.4883310329354324,0.5871404572281147,0.5230010097238436,0.5431930468432473,0.4046857750915198,0.6339502196150179,0.540149084401723,0.6289974202016578,0.5797646445082953,0.5000000038176922
2022-01-18,333.95,60.11,1,0.4769315614813683,0.4888874750848822,0.6124951205414743,0.4883310329354324,0.5933922165510469,0.5026749778219352,0.479983729716582,0.4085558464723464,0.6583377359428222,0.5860881571501284,0.6331357567350364,0.5957534019864603,0.5000000038176922
2022-01-19,337.2,61.71,1,0.462293133028064,0.4888874750848822,0.6124951205414743,0.4883310329354324,0.7179078476536683,0.5601347137601311,0.7187095623100894,0.5016730446888688,0.7215952602370131,0.5623296155171522,0.7941658214269667,0.5330214986514917,0.5000000038176922
2022-01-20,339.25,62.7,1,0.4958122600020979,0.4888874750848822,0.6124951205414743,0.4883310329354324,0.6196654435077499,0.6632239704820867,0.7525937389503093,0.5150199437841091,0.6375213183386396,0.5713534149256309,0.7477420576931942,0.5238561785928096,0.5000000038176922
2022-01-21,344.2,63.07,1,0.4784815190591335,0.4888874750848822,0.6124951205414743,0.4883310329354324,0.4873207727326374,0.5633942431200012,0.5087489146149641,0.3709665828129199,0.6741900346016415,0.5542641090436395,0.5818782609498887,0.5425817175674793,0.5000000038176922
2022-01-22,344.2,63.07,1,0.4989416286521878,0.4888874750848822,0.6124951205414743,0.4883310329354324,0.5871404572281147,0.5230010097238436,0.5431930468432473,0.4046857750915198,0.6339502196150179,0.540149084401723,0.6289974202016578,0.5425817175674793,0.5000000038176922
2022-01-23,344.2,63.07,1,0.492686565454011,0.4888874750848822,0.6124951205414743,0.4883310329354324,0.5871404572281147,0.5230010097238436,0.5431930468432473,0.4046857750915198,0.6339502196150179,0.540149084401723,0.6289974202016578,0.5425817175674793,0.5000000038176922
2022-01-24,338.2,61.46,1,0.4057461190988944,0.4888874750848822,0.6124951205414743,0.4883310329354324,0.554833133103059,0.4887745300632848,0.447195814795627,0.3695294212472614,0.6701868167881457,0.5140363146898834,0.5457626997668532,0.5568681190842781,0.5000000038176922
2022-01-25,343.1,63.07,1,0.4663233111792049,0.4888874750848822,0.6124951205414743,0.4883310329354324,0.5396879924087401,0.5365798519065269,0.6553303934984208,0.4204334185370771,0.6271130947983594,0.5287398194185906,0.7040338294475372,0.5356096073622465,0.5000000038176922
2022-01-26,342.3,63.31,1,0.4674766046498779,0.4888874750848822,0.6124951205414743,0.4883310329354324,0.554833133103059,0.7794484932255711,0.8248296841418152,0.5058395860106982,0.6883749269723083,0.549952546797535,0.6900732750794061,0.530198954908628,0.5000000038176922
2022-01-27,343.7,63.33,1,0.4763507426974251,0.4888874750848822,0.6124951205414743,0.4883310329354324,0.6522075076276442,0.3914606131005888,0.3948865886342318,0.4268566544477022,0.6221591613463359,0.5060366484986486,0.5634949347753484,0.5178726269176709,0.5000000038176922
2022-01-28,339.4,62.93,1,0.471134696869588,0.4888874750848822,0.6124951205414743,0.4883310329354324,0.6393572700416764,0.6510750554365259,0.7131148402820684,0.4734614956291235,0.7194919921628185,0.5422184199416891,0.6809364220760703,0.4994613394907392,0.5000000038176922
2022-01-29,339.4,62.93,1,0.4533036707260731,0.4888874750848822,0.6124951205414743,0.4883310329354324,0.5871404572281147,0.5230010097238436,0.5431930468432473,0.4046857750915198,0.6339502196150179,0.540149084401723,0.6289974202016578,0.4994613394907392,0.5000000038176922
2022-01-30,339.4,62.93,1,0.4765443231108475,0.4888874750848822,0.6124951205414743,0.4883310329354324,0.5871404572281147,0.5230010097238436,0.5431930468432473,0.4046857750915198,0.6339502196150179,0.540149084401723,0.6289974202016578,0.4994613394907392,0.5000000038176922
2022-01-31,343.8,64.83,1,0.4672843293694537,0.4888874750848822,0.6124951205414743,0.4883310329354324,0.6660189034886481,0.5488120480434736,0.7215126585100148,0.4693331218301839,0.5714575552779287,0.5415266859041254,0.7731997093917826,0.4701540447119569,0.5000000038176922
2022-02-01,333.9,63.36,1,0.5040340659656207,0.5433408675508468,0.6124951205414743,0.4883310329354324,0.6395705846131168,0.7728082230386963,0.8306995005953556,0.5325949682268217,0.702788500594513,0.5387793451844102,0.6764191915738064,0.452583085147282,0.5000000038176922
2022-02-02,334.7,63.33,1,0.5065833972071434,0.4888874750848822,0.6124951205414743,0.4883310329354324,0.7452062308563444,0.7523637924991706,0.7187095623100914,0.4537040918707267,0.5582562361526434,0.5228950851460735,0.5894259012134093,0.4510010507680452,0.5000000038176922
2022-02-03,334.0,63.1,1,0.4420663306799935,0.4888874750848822,1.0,0.4883310329354324,0.6221886063946208,0.4863158002335974,0.4966840309028784,0.3971742492621855,0.5969807112258781,0.519065451579712,0.5932432175904532,0.4609306239828513,0.5000000038176922
2022-02-04,343.9,64.57,1,0.5003118185547485,0.4888874750848822,0.6124951205414743,0.4883310329354324,0.6954483978934699,0.5976266489627913,0.5507115223902397,0.4381892342306688,0.6622582164943145,0.5623296155171522,0.6088141664787814,0.4811011419246276,0.5000000038176922
2022-02-05,343.9,64.57,1,0.4337132828208394,0.4888874750848822,0.6124951205414743,0.4883310329354324,0.5871404572281147,0.5230010097238436,0.5431930468432473,0.4046857750915198,0.6339502196150179,0.540149084401723,0.6289974202016578,0.4811011419246276,0.5000000038176922
2022-02-06,343.9,64.57,1,0.4765443231108475,0.4888874750848822,0.6124951205414743,0.4883310329354324,0.5871404572281147,0.5230010097238436,0.5431930468432473,0.4046857750915198,0.6339502196150179,0.540149084401723,0.6289974202016578,0.4811011419246276,0.5000000038176922
2022-02-07,330.3,62.79,1,0.4829458944778608,0.4888874750848822,0.6124951205414743,0.4883310329354324,0.5202579816267301,0.7794484932255694,0.9081535870333168,0.4983428177433483,0.7534960058261944,0.52939708889368,0.7182996106860567,0.4517240362221474,0.5000000038176922
2022-02-08,339.35,64.58,1,0.4720990044951479,0.4888874750848822,0.6124951205414743,0.4883310329354324,0.5624886005747516,0.4591834869072547,0.4918903725994545,0.3645097839422136,0.6141094192940628,0.5521003651818106,0.6500356077019528,0.4497818918845184,0.5000000038176922
2022-02-09,341.05,65.34,1,0.4565508049652289,0.4888874750848822,0.6124951205414743,0.4883310329354324,0.7619533495352302,0.5563453262045053,0.6418431656028583,0.4792507959488413,0.7513504446465034,0.5261267307419675,0.6630728613838088,0.4390381347369874,0.5000000038176922
2022-02-10,342.1,65.46,1,0.4763507426974251,0.4888874750848822,0.6124951205414743,0.4883310329354324,0.484219569452378,0.5842641076038402,0.5864379244329216,0.3495331847097004,0.6015909229160447,0.5506666986823634,0.633135756735035,0.4454110504477764,0.5000000038176922
2022-02-11,342.05,65.45,1,0.4510142555296036,0.4888874750848822,0.6124951205414743,0.4883310329354324,0.5291939567859715,0.4033927213041518,0.4310828829455395,0.4357525833861771,0.7069428979513862,0.5380973811541659,0.6248937263164577,0.4468063702482368,0.5000000038176922
2022-02-12,342.05,65.45,1,0.4905399281417195,0.4888874750848822,0.6124951205414743,0.4883310329354324,0.5871404572281147,0.5230010097238436,0.5431930468432473,0.4046857750915198,0.6339502196150179,0.540149084401723,0.6289974202016578,0.4468063702482368,0.5000000038176922
2022-02-13,342.05,65.45,1,0.4619097871533515,0.4888874750848822,0.6124951205414743,0.4883310329354324,0.5871404572281147,0.5230010097238436,0.5431930468432473,0.4046857750915198,0.6339502196150179,0.540149084401723,0.6289974202016578,0.4468063702482368,0.5000000038176922
2022-02-14,338.9,64.96,1,0.4792570788430926,0.4888874750848822,0.6124951205414743,0.4883310329354324,0.5510276729193274,0.3005639811131487,0.3463987164746601,0.3688113561474047,0.6701868167881457,0.4746811284007347,0.5634949347753472,0.4298913918650978,0.5000000038176922
2022-02-15,338.15,65.27,1,0.5095273440203176,0.4888874750848822,0.6124951205414743,0.4883310329354324,0.5805818917219434,0.4472772697129454,0.5307735369927689,0.3516660637109646,0.5266203536359652,0.5821596468880985,0.7328694111670193,0.4052698320745512,0.5000000038176922
2022-02-16,340.65,66.43,1,0.463635480618277,0.4888874750848822,0.6124951205414743,0.4883310329354324,0.5887455363771652,0.52558943311403,0.6445319001805824,0.5208714458534515,0.7048638155271068,0.5387793451844102,0.7135105114478005,0.3954909644180079,0.5000000038176922
2022-02-17,345.9,66.92,1,0.4601856932947307,0.4888874750848822,0.6124951205414743,0.4883310329354324,0.5857411748018856,0.8421929702364404,0.7525937389503093,0.4196339198485351,0.6563897823184408,0.5387793451844102,0.570767225967824,0.4108664977300027,0.5000000038176922
2022-02-18,340.9,66.35,1,0.4901498394585046,0.4888874750848822,0.6124951205414743,0.4883310329354324,0.5440221453014057,0.5650278720691344,0.6418431656028583,0.4284691266753338,0.666208802432395,0.5387793451844093,0.6764191915738064,0.3963571564029608,0.5000000038176922
2022-02-19,340.9,66.35,1,0.4014145350777947,0.4888874750848822,0.6124951205414743,0.4883310329354324,0.5871404572281147,0.5230010097238436,0.5431930468432473,0.4046857750915198,0.6339502196150179,0.540149084401723,0.6289974202016578,0.3963571564029608,0.5000000038176922
2022-02-20,340.9,66.35,1,0.5087420460886106,0.4888874750848822,0.6124951205414743,0.4883310329354324,0.5871404572281147,0.5230010097238436,0.5431930468432473,0.4046857750915198,0.6339502196150179,0.540149084401723,0.6289974202016578,0.3963571564029608,0.5000000038176922
2022-02-21,340.9,66.35,1,0.5008992388381172,0.4888874750848822,0.6124951205414743,0.4883310329354324,0.5871404572281147,0.5230010097238436,0.5431930468432473,0.4046857750915198,0.6339502196150179,0.540149084401723,0.6289974202016578,0.3963571564029608,0.5000000038176922
2022-02-22,348.4,68.79,1,0.4617181438863936,0.4888874750848822,0.6124951205414743,0.4883310329354324,0.6232416053670103,0.5001752828706113,0.6634743346919606,0.507507338557797,0.8034632566854772,0.5623296155171522,0.7836162852303122,0.3620851912533093,0.5000000038176922
2022-02-23,343.95,68.75,1,0.4375075306820574,0.4888874750848822,0.6124951205414743,0.4883310329354324,0.5331200074440389,0.7782402524872123,0.9263181023494408,0.5225445929034831,0.7048638155271068,0.5436076870638893,0.7427509303480735,0.3417748379835097,0.5000000038176922
2022-02-24,340.7,66.58,1,0.4942489366401868,0.4888874750848822,0.6124951205414743,0.4883310329354324,0.6221886063946208,0.6004266073783151,0.3993655941007629,0.3552254728111998,0.7237017095969541,0.5429120914220548,0.4773958301001594,0.3897027496980142,0.5000000038176922
2022-02-25,343.05,66.68,1,0.5337509417402323,0.4888874750848822,0.6124951205414743,0.4883310329354324,0.63169898430866,0.3942071989823875,0.37046916289169,0.2086494147709335,0.4283906231657676,0.5728792253118697,0.6248937263164577,0.4067103892238098,0.5000000038176922
2022-02-26,343.05,66.68,1,0.4919057483536845,0.4888874750848822,0.6124951205414743,0.4883310329354324,0.5871404572281147,0.5230010097238436,0.5431930468432473,0.4046857750915198,0.6339502196150179,0.540149084401723,0.6289974202016578,0.4067103892238098,0.5000000038176922
2022-02-27,343.05,66.68,1,0.4481553872627613,0.4888874750848822,0.6124951205414743,0.4883310329354324,0.5871404572281147,0.5230010097238436,0.5431930468432473,0.4046857750915198,0.6339502196150179,0.540149084401723,0.6289974202016578,0.4067103892238098,0.5000000038176922
2022-02-28,343.05,66.68,1,0.4858633770880896,0.4888874750848822,0.6124951205414743,0.4883310329354324,0.531810142813636,0.5230010097238436,0.5431930468432473,0.5771913906720705,0.9608739874966614,0.540149084401723,0.6289974202016578,0.4056625506533889,0.5000000038176922
2022-03-01,343.05,66.68,1,0.4287867186640977,0.7702513628594734,0.6124951205414743,0.4883310329354324,0.5280741461842967,0.5230010097238436,0.5431930468432473,0.5805692870434112,1.0,0.540149084401723,0.6289974202016578,0.4054879941908563,0.5000000038176922
2022-03-02,339.85,66.51,1,0.4472031126529482,0.4888874750848822,0.6124951205414743,0.4883310329354324,0.6560817043758188,0.7818661897463794,0.8602412106136093,0.3268927469595424,0.628792516742367,0.5307165492185373,0.6719361555492972,0.3795730507030993,0.5000000038176922
2022-03-03,342.35,68.14,1,0.4634436549124222,0.4888874750848822,0.6124951205414743,0.4883310329354324,0.6731779588907953,0.5076994146017981,0.710323250427827,0.4196339198485351,0.7321581486338353,0.578267019213439,0.8376874408231775,0.351051567113735,0.5000000038176922
2022-03-04,341.15,67.17,1,0.5018785287865467,0.4888874750848822,0.6124951205414743,0.4883310329354324,0.6487709266097533,0.5612200646021243,0.4705352973390492,0.3832470530162493,0.6741900346016415,0.571353414925632,0.5781469844146337,0.3636455441071407,0.5000000038176922
2022-03-05,341.15,67.17,1,0.4866420957162989,0.4888874750848822,0.6124951205414743,0.4883310329354324,0.5871404572281147,0.5230010097238436,0.5431930468432473,0.4046857750915198,0.6339502196150179,0.540149084401723,0.6289974202016578,0.3636455441071407,0.5000000038176922
2022-03-06,341.15,67.17,1,0.437317718749246,0.4888874750848822,0.6124951205414743,0.4883310329354324,0.5871404572281147,0.5230010097238436,0.5431930468432473,0.4046857750915198,0.6339502196150179,0.540149084401723,0.6289974202016578,0.3636455441071407,0.5000000038176922
2022-03-07,345.35,68.0,1,0.4740298811543775,0.4888874750848822,0.6124951205414743,0.4883310329354324,0.437603055302776,0.5006745780470041,0.5209341473343058,0.401653812012719,0.5878675775273413,0.7101261977807818,0.8266091148226523,0.3847134830590413,0.5000000038176922
2022-03-08,350.35,69.29,1,0.4720990044951479,0.4888874750848822,0.6124951205414743,0.4883310329354324,0.3497385040255107,0.7386051076328742,0.798578699054122,0.5033391680716433,0.6741900346016415,0.631468976539507,0.7783913576584898,0.3627596930134855,0.5000000038176922
2022-03-09,342.8,68.41,1,0.4738366585875426,0.4888874750848822,0.6124951205414743,0.4883310329354324,0.745429042780221,0.475572442448604,0.5890284784785182,0.3523774761802724,0.5167059898814338,0.5327083236715716,0.6993463365640427,0.3428527170667398,0.5000000038176922
2022-03-10,345.2,68.79,1,0.4917105832768615,0.4888874750848822,0.6124951205414743,0.4883310329354324,0.5459113459734972,0.5820500114628645,0.583852374576083,0.451245922078928,0.8232983469497039,0.5521003651818106,0.6289974202016578,0.3423136551830199,0.5000000038176922
2022-03-11,347.0,68.69,1,0.4829458944778607,0.4888874750848822,0.6124951205414743,0.4883310329354324,0.548371866663621,0.3350710877027758,0.2992012520894148,0.3745658438257178,0.6863334069600104,0.720587550747203,0.7629164097114146,0.3689318104383095,0.5000000038176922
2022-03-12,347.0,68.69,1,0.4544491941856137,0.4888874750848822,0.6124951205414743,0.4883310329354324,0.5871404572281147,0.5230010097238436,0.5431930468432473,0.4046857750915198,0.6339502196150179,0.540149084401723,0.6289974202016578,0.3689318104383095,0.5000000038176922
2022-03-13,347.0,68.69,1,0.5003118185547485,0.4888874750848822,0.6124951205414743,0.4883310329354324,0.5871404572281147,0.5230010097238436,0.5431930468432473,0.4046857750915198,0.6339502196150179,0.540149084401723,0.6289974202016578,0.3689318104383095,0.5000000038176922
2022-03-14,345.05,67.27,1,0.437887186799102,0.4888874750848822,0.6124951205414743,0.4883310329354324,0.6629891838011741,0.5881479175424057,0.4541568294922966,0.3883459554020639,0.4243317403694148,0.5638176544315274,0.5388410868280268,0.3880661470618348,0.5000000038176922
2022-03-15,341.1,66.18,1,0.5020744247408939,0.4888874750848822,0.6124951205414743,0.4883310329354324,0.6376518611388905,0.4279791196683541,0.4083616154168623,0.3051143679167198,0.8858358933990954,0.5380973811541659,0.585637743141709,0.4070598591862338,0.5000000038176922
2022-03-16,343.3,67.25,1,0.4333340830546616,0.4888874750848822,0.6124951205414743,0.4883310329354324,0.8049057354181048,0.5710391528464415,0.6908915797296662,0.3760082614209581,0.4693371902803434,0.5313787770951744,0.7040338294475389,0.3694404951340621,0.5000000038176922
2022-03-17,349.45,69.36,1,0.5075644319385687,0.4888874750848822,0.9193674185003649,0.4883310329354324,0.6773105688283869,0.5514953264505276,0.710323250427827,0.4734614956291235,0.8388209398386475,0.5287398194185906,0.7377933674273778,0.3539784356007679,0.5000000038176922
2022-03-18,349.05,69.62,1,0.4744164130647143,0.4888874750848822,0.6124951205414743,0.4883310329354324,0.6567282087888494,0.4331309121115413,0.5014959508889881,0.4001536018251294,0.5553456939950915,0.4797257768878262,0.5894259012134111,0.3473405452169812,0.5000000038176922
2022-03-19,349.05,69.62,1,0.4915154340347779,0.4888874750848822,0.6124951205414743,0.4883310329354324,0.5871404572281147,0.5230010097238436,0.5431930468432473,0.4046857750915198,0.6339502196150179,0.540149084401723,0.6289974202016578,0.3473405452169812,0.5000000038176922
2022-03-20,349.05,69.62,1,0.4680535772251799,0.4888874750848822,0.6124951205414743,0.4883310329354324,0.5871404572281147,0.5230010097238436,0.5431930468432473,0.4046857750915198,0.6339502196150179,0.540149084401723,0.6289974202016578,0.3473405452169812,0.5000000038176922
2022-03-21,346.0,69.87,1,0.4337132828208394,0.4888874750848822,0.6124951205414743,0.4883310329354324,0.6108826926165322,0.4991776412763876,0.6499224838338074,0.4908600670727409,0.7513504446465034,0.5429120914220538,0.7477420576931925,0.3113840874805347,0.5000000038176922
2022-03-22,349.1,70.97,1,0.4848903984661866,0.4888874750848822,0.6124951205414743,0.4883310329354324,0.5338690439028628,0.4976835157209596,0.5864379244329199,0.4252466734669993,0.6125234315214916,0.459910959228785,0.5781469844146337,0.3009361001763227,0.5000000038176922
2022-03-23,345.3,71.37,1,0.4954213418111474,0.4888874750848822,0.6124951205414743,0.4883310329354324,0.5636425402154652,0.4015518120716662,0.583852374576083,0.4685081646433464,0.6701868167881457,0.4588370111490048,0.6543469336664988,0.2679904586090147,0.5000000038176922
2022-03-24,352.05,72.93,1,0.4615265202288418,0.4888874750848822,0.6124951205414743,0.4883310329354324,0.551027672919328,0.4548840959191552,0.4966840309028784,0.3573640279915947,0.574416598228169,0.4941007723626431,0.5894259012134111,0.2677963718103087,0.5000000038176922
2022-03-25,347.0,73.04,1,0.4569331294905204,0.4888874750848822,0.6124951205414743,0.4883310329354324,0.6453413437446147,0.3404222955681225,0.5039088783050337,0.4244426670030199,0.6782165762199728,0.414819843455392,0.5744434551012803,0.2359471683438634,0.5000000038176922
2022-03-26,347.0,73.04,1,0.5124737477359594,0.4888874750848822,0.6124951205414743,0.4883310329354324,0.5871404572281147,0.5230010097238436,0.5431930468432473,0.4046857750915198,0.6339502196150179,0.540149084401723,0.6289974202016578,0.2359471683438634,0.5000000038176922
2022-03-27,347.0,73.04,1,0.4594199192578175,0.4888874750848822,0.6124951205414743,0.4883310329354324,0.5871404572281147,0.5230010097238436,0.5431930468432473,0.4046857750915198,0.6339502196150179,0.540149084401723,0.6289974202016578,0.2359471683438634,0.5000000038176922
2022-03-28,349.95,73.36,1,0.4913203007065192,0.4888874750848822,0.6124951205414743,0.4883310329354324,0.3093930858921836,0.3646582202825545,0.3442268037645681,0.2855450996478896,0.5985131045180748,0.4888608990117299,0.5354155263515141,0.2455947586332834,0.5000000038176922
2022-03-29,341.6,71.75,1,0.3989677494479913,0.4888874750848822,0.6124951205414743,0.4883310329354324,0.5200723436774132,0.301882850462621,0.3312501697833602,0.3381895328613673,0.5012480701812552,0.360056825015495,0.4089489069796957,0.2412706251926482,0.5000000038176922
2022-03-30,347.35,72.64,1,0.5042300972160699,0.4888874750848822,0.6124951205414743,0.4883310329354324,0.6048675907221155,0.5759814656098282,0.5532287826228057,0.4652108224430016,0.7279239134294639,0.5353883395109478,0.5856377431417101,0.2459749257836598,0.5000000038176922
2022-03-31,323.25,67.9,1,0.5116878068080124,0.4888874750848822,0.6124951205414743,0.4883310329354324,0.5156231371488547,0.5261084992182851,0.5890284784785182,0.2778796194802557,0.7194919921628185,0.5683202623046477,0.7040338294475389,0.2348180518702063,0.5000000038176922
2022-04-01,341.6,73.16,1,0.4634436549124222,0.7987815025492666,0.6124951205414743,0.5866611826314339,0.6255615723930996,0.1739300492892926,0.3398908811477407,0.3149335786168324,0.5495473293461208,0.4757966084662119,0.6993463365640427,0.2046151487853899,0.5000000038176922
2022-04-02,341.6,73.16,1,0.4617181438863936,0.4888874750848822,0.6124951205414743,0.4883310329354324,0.5871404572281147,0.5230010097238436,0.5431930468432473,0.4046857750915198,0.6339502196150179,0.540149084401723,0.6289974202016578,0.2046151487853899,0.5000000038176922
2022-04-03,341.6,73.16,1,0.4922961256991371,0.4888874750848822,0.6124951205414743,0.4883310329354324,0.5871404572281147,0.5230010097238436,0.5431930468432473,0.4046857750915198,0.6339502196150179,0.540149084401723,0.6289974202016578,0.2046151487853899,0.5000000038176922
2022-04-04,335.4,72.72,1,0.4657469802502001,0.4888874750848822,0.6124951205414743,0.4883310329354324,0.4931698787375411,0.331065468777153,0.4448830014273036,0.4767683429641085,0.759947379392233,0.5084764535485149,0.6900732750794061,0.1812794458215198,0.5000000038176922
2022-04-05,333.4,71.59,1,0.4905399281417195,0.4888874750848822,0.6124951205414743,0.4883310329354324,0.6440571108823478,0.6545391443895655,0.5786964213368587,0.4858798995916192,0.7069428979513862,0.4588370111490048,0.4623769418815131,0.2020996028665597,0.5000000038176922
2022-04-06,336.7,71.33,1,0.4813917551539424,0.4888874750848822,0.6124951205414743,0.4883310329354324,0.708418449494241,0.6326996362666331,0.523386222772033,0.3738452337086908,0.6125234315214916,0.4941007723626431,0.4804526331434104,0.2262398830023496,0.5000000038176922
2022-04-07,327.4,69.0,1,0.4441580057418525,0.4888874750848822,0.6124951205414743,0.4883310329354324,0.6036287138793405,0.7130467205640326,0.6771316040409389,0.4809068342765467,0.6430378633267847,0.5140363146898834,0.5598980322593139,0.2398710366579513,0.5000000038176922
2022-04-08,345.95,73.53,1,0.4748030589388275,0.4888874750848822,0.6124951205414743,0.4883310329354324,0.5538804587866829,0.6275632100771358,0.7384104247959846,0.5393056731407807,0.7215952602370131,0.5374173218761144,0.6946928030862775,0.2191401276675634,0.5000000038176922
2022-04-09,345.95,73.53,1,0.5087420460886106,0.4888874750848822,0.6124951205414743,0.4883310329354324,0.5871404572281147,0.5230010097238436,0.5431930468432473,0.4046857750915198,0.6339502196150179,0.540149084401723,0.6289974202016578,0.2191401276675634,0.5000000038176922
2022-04-10,345.95,73.53,1,0.4632518500281933,0.4888874750848822,0.6124951205414743,0.4883310329354324,0.5871404572281147,0.5230010097238436,0.5431930468432473,0.4046857750915198,0.6339502196150179,0.540149084401723,0.6289974202016578,0.2191401276675634,0.5000000038176922
2022-04-11,338.6,72.3,1,0.470749176510675,0.4888874750848822,0.6124951205414743,0.4883310329354324,0.538371822916709,0.450599656537577,0.5136081996836445,0.3261880854434127,0.6062432436656441,0.53204269542387,0.6543469336664988,0.2181775233378085,0.5000000038176922
2022-04-12,337.1,72.06,1,0.4794510273508848,0.4888874750848822,0.6124951205414743,0.4883310329354324,0.5180316824492266,0.5617631769105438,0.5916240038660957,0.4685081646433464,0.7279239134294639,0.4941007723626431,0.5781469844146337,0.2104731280911664,0.5000000038176922
2022-04-13,336.3,71.77,1,0.4458704781051844,0.4888874750848822,0.6124951205414743,0.4883310329354324,0.6534979762077424,0.5365798519065283,0.5406981132125948,0.4188352803561013,0.69042108097368,0.5012113659498547,0.5671178609855289,0.2165136564737148,0.5000000038176922
2022-04-14,338.9,72.23,1,0.4439677930791888,0.4888874750848822,0.6124951205414743,0.4883310329354324,0.5555959207145358,0.6924124972921661,0.7019717854775898,0.4054532238793171,0.6863334069600104,0.5228950851460735,0.5970901873323995,0.2207341522086881,0.5000000038176922
2022-04-15,338.9,72.23,1,0.4653628733680436,0.4888874750848822,0.6124951205414743,0.4883310329354324,0.5871404572281147,0.5230010097238436,0.5431930468432473,0.4046857750915198,0.6339502196150179,0.540149084401723,0.6289974202016578,0.2207341522086881,0.5000000038176922
2022-04-16,338.9,72.23,1,0.4917105832768615,0.4888874750848822,0.6124951205414743,0.4883310329354324,0.5871404572281147,0.5230010097238436,0.5431930468432473,0.4046857750915198,0.6339502196150179,0.540149084401723,0.6289974202016578,0.2207341522086881,0.5000000038176922
2022-04-17,338.9,72.23,1,0.4755766845656629,0.4888874750848822,0.6124951205414743,0.4883310329354324,0.5871404572281147,0.5230010097238436,0.5431930468432473,0.4046857750915198,0.6339502196150179,0.540149084401723,0.6289974202016578,0.2207341522086881,0.5000000038176922
2022-04-18,328.8,70.59,1,0.4744164130647143,0.4888874750848822,0.6124951205414743,0.4883310329354324,0.5607605663087087,0.5255894331140285,0.6204939664140728,0.4958469582648537,0.8255109209032064,0.5638176544315263,0.7182996106860551,0.2028645216399161,0.5000000038176922
2022-04-19,340.25,72.81,1,0.4740298811543775,0.4888874750848822,0.6124951205414743,0.4883310329354324,0.5478035862659314,0.5240349813955866,0.511176125045494,0.4001536018251294,0.5758999278560833,0.5690762225590517,0.641516487332041,0.208272315461814,0.5000000038176922
2022-04-20,331.4,71.65,1,0.472677947919243,0.4888874750848822,0.6124951205414743,0.4883310329354324,0.6283091337814927,0.5188837030685031,0.6472250143328016,0.4867094450449138,0.7279239134294639,0.52939708889368,0.6993463365640427,0.1917053964625456,0.5000000038176922
2022-04-21,331.4,71.65,1,0.4804211128147361,0.4888874750848822,0.6124951205414743,0.4883310329354324,0.4483761939440183,0.5230010097238436,0.5431930468432473,0.412482581735324,0.5337429332459769,0.540149084401723,0.6289974202016578,0.1917414204921885,0.5000000038176922
2022-04-22,327.75,68.32,1,0.4538763627439947,0.4888874750848822,0.6124951205414743,0.4883310329354324,0.4895123911740293,0.865581437670078,0.4895002755882668,0.3142313645173924,0.5939281050518179,0.5443051938027094,0.4089489069796957,0.2556008888055726,0.5000000038176922
2022-04-23,327.75,68.32,1,0.4837234582806435,0.4888874750848822,0.6124951205414743,0.4883310329354324,0.5871404572281147,0.5230010097238436,0.5431930468432473,0.4046857750915198,0.6339502196150179,0.540149084401723,0.6289974202016578,0.2556008888055726,0.5000000038176922
2022-04-24,327.75,68.32,1,0.4813917551539424,0.4888874750848822,0.6124951205414743,0.4883310329354324,0.5871404572281147,0.5230010097238436,0.5431930468432473,0.4046857750915198,0.6339502196150179,0.540149084401723,0.6289974202016578,0.2556008888055726,0.5000000038176922
2022-04-25,328.9,67.49,1,0.4755766845656629,0.4888874750848822,0.6124951205414743,0.4883310329354324,0.5617201659169158,0.5798397963305384,0.4448830014273036,0.3673762242891557,0.69042108097368,0.5988915496972078,0.5781469844146337,0.2878925303268698,0.5000000038176922
2022-04-26,334.0,66.93,1,0.4651708535432376,0.4888874750848822,0.6124951205414743,0.4883310329354324,0.4406516856538583,0.6281332099915135,0.4151426708374697,0.3942161655643996,0.6563897823184408,0.526777639102561,0.4683323674630364,0.3373079629102931,0.5000000038176922
2022-04-27,335.6,67.61,1,0.4586544363744088,0.4888874750848822,0.6124951205414743,0.4883310329354324,0.8507423268951336,0.5178588423794506,0.5890284784785182,0.4726353514633738,0.7321581486338353,0.5203363129212883,0.641516487332041,0.3234370330783064,0.5000000038176922
2022-04-28,333.3,67.5,1,0.4825572345049564,0.4888874750848822,0.6124951205414743,0.4883310329354324,0.5831544891662203,0.6004266073783151,0.6743918491952976,0.3810703640920542,0.6375213183386396,0.5521003651818106,0.6854877990742367,0.3142539498605478,0.5000000038176922
2022-04-29,334.85,67.67,1,0.4864473885152867,0.4888874750848822,0.6124951205414743,0.4883310329354324,0.4731247342967302,0.4425455531642304,0.4448830014273052,0.4046857750915198,0.6506010790202134,0.5313787770951754,0.6009673185843067,0.326296210354342,0.5000000038176922
2022-04-30,334.85,67.67,1,0.4601856932947307,0.4888874750848822,0.6124951205414743,0.4883310329354324,0.5871404572281147,0.5230010097238436,0.5431930468432473,0.4046857750915198,0.6339502196150179,0.540149084401723,0.6289974202016578,0.326296210354342,0.5000000038176922
2022-05-01,334.85,67.67,1,0.4601856932947307,0.3644036170061852,0.6124951205414743,0.4883310329354324,0.5871404572281147,0.5230010097238436,0.5431930468432473,0.4046857750915198,0.6339502196150179,0.540149084401723,0.6289974202016578,0.326296210354342,0.5000000038176922
2022-05-02,328.9,64.91,1,0.4813917551539424,0.4888874750848822,0.6124951205414743,0.4883310329354324,0.5402524737172061,0.5011741926717941,0.3119555865416105,0.2918259000438828,0.6000497803838172,0.5152856580016577,0.4594246447584575,0.3733048896233527,0.5000000038176922
2022-05-03,339.3,68.34,1,0.4958122600020979,0.4888874750848822,0.6124951205414743,0.4883310329354324,0.6340345649778407,0.4317240840740549,0.6499224838338054,0.3616481478344872,0.5582562361526434,0.5222532251494643,0.7680413800767172,0.3207069811780346,0.5000000038176922
2022-05-04,331.95,67.59,1,0.4619097871533517,0.4888874750848822,0.6124951205414743,0.4883310329354324,0.6165198174539034,0.427511661721598,0.5507115223902416,0.4365643473466158,0.6189128016759963,0.5367391437910765,0.7135105114477988,0.3051037422750114,0.5000000038176922
2022-05-05,333.25,66.27,1,0.4782876885546362,0.4888874750848822,0.9193674185003649,0.4883310329354324,0.455940201697521,0.6632239704820884,0.4448830014273036,0.4252466734669993,0.6741900346016415,0.5307165492185373,0.4713359244781531,0.349382268891178,0.5000000038176922
2022-05-06,333.25,66.27,1,0.4782876885546362,0.4888874750848822,0.6124951205414743,0.4883310329354324,0.5340563653355369,0.5440031914391026,0.479983729716582,0.3325357635736383,0.5626371165126348,0.4911802927403292,0.5186266639384302,0.3701614929137763,0.5000000038176922
2022-05-07,333.25,66.27,1,0.4426366439401204,0.4888874750848822,0.6124951205414743,0.4883310329354324,0.5871404572281147,0.5230010097238436,0.5431930468432473,0.4046857750915198,0.6339502196150179,0.540149084401723,0.6289974202016578,0.3701614929137763,0.5000000038176922
2022-05-08,333.25,66.27,1,0.485084956296921,0.4888874750848822,0.6124951205414743,0.4883310329354324,0.5871404572281147,0.5230010097238436,0.5431930468432473,0.4046857750915198,0.6339502196150179,0.540149084401723,0.6289974202016578,0.3701614929137763,0.5000000038176922
2022-05-09,331.3,64.26,1,0.4769315614813683,0.4888874750848822,0.6124951205414743,0.4883310329354324,0.4324090743418407,0.4307869517572448,0.3183649678142803,0.2995142145135552,0.5848576804729673,0.5090893391966009,0.4960146589232036,0.4064483492464611,0.5000000038176922
2022-05-10,330.5,64.49,1,0.4642110841148697,0.4888874750848822,0.6124951205414743,0.4883310329354324,0.5622964282252245,0.5276683895141142,0.6046750849772811,0.4268566544477022,0.648691979397709,0.519065451579712,0.6457587750176413,0.3932416373450256,0.5000000038176922
2022-05-11,311.15,60.56,1,0.4715203319468742,0.4888874750848822,0.6124951205414743,0.4883310329354324,0.5567412041310742,0.540812963939822,0.5382087617283817,0.451245922078928,0.7621026179311732,0.5579049714021179,0.6289974202016578,0.3958373701073419,0.5000000038176922
2022-05-12,325.4,63.23,1,0.4645949265799099,0.4888874750848822,0.6124951205414743,0.4883310329354324,0.5391237572879211,0.640143912685436,0.6338034862787532,0.4268566544477022,0.7237017095969541,0.5630728230839702,0.6457587750176413,0.3943658005031497,0.5000000038176922
2022-05-13,327.45,64.79,1,0.4709419224846238,0.4888874750848822,0.6124951205414743,0.4883310329354324,0.6690531197418575,0.614504179688757,0.8218996703291412,0.5116794753397911,0.5195321630723841,0.549952546797535,0.7836162852303141,0.3628862037227133,0.5000000038176922
2022-05-14,327.45,64.79,1,0.4806151973566503,0.4888874750848822,0.6124951205414743,0.4883310329354324,0.5871404572281147,0.5230010097238436,0.5431930468432473,0.4046857750915198,0.6339502196150179,0.540149084401723,0.6289974202016578,0.3628862037227133,0.5000000038176922
2022-05-15,327.45,64.79,1,0.4738366585875426,0.4888874750848822,0.6124951205414743,0.4883310329354324,0.5871404572281147,0.5230010097238436,0.5431930468432473,0.4046857750915198,0.6339502196150179,0.540149084401723,0.6289974202016578,0.3628862037227133,0.5000000038176922
2022-05-16,334.8,66.36,1,0.48391789928625,0.4888874750848822,0.6124951205414743,0.4883310329354324,0.5159934644505172,0.553647747140763,0.5916240038660957,0.2925242908837593,0.7556440390645351,0.6541667225599663,0.7783913576584898,0.3627596930134855,0.5000000038176922
2022-05-17,323.4,65.44,1,0.4548311603446618,0.4888874750848822,0.6124951205414743,0.4883310329354324,0.5843464937048193,0.4991776412763876,0.7355847888955909,0.4594505319039057,0.5788745388756356,0.6271904340945534,0.9310231643574928,0.3127170713534155,0.5000000038176922
2022-05-18,307.25,61.61,1,0.3803670207669247,0.4888874750848822,0.6124951205414743,0.4883310329354324,0.453236534993592,0.4726623213367972,0.4083616154168623,0.3545131151386057,0.5181184436922599,0.5535411094086465,0.5781469844146325,0.3247023717464619,0.5000000038176922
2022-05-19,311.5,63.39,1,0.4163077949752365,0.4888874750848822,0.6124951205414743,0.4883310329354324,0.6198754853435794,0.4996763047373452,0.6716562232827143,0.4809068342765467,0.6467943986504651,0.5367391437910765,0.7477420576931942,0.3095688878571685,0.5000000038176922
2022-05-20,324.45,66.64,1,0.4810034326326926,0.4888874750848822,0.6124951205414743,0.4883310329354324,0.6255615723931002,0.5525709013957257,0.6689247477292738,0.4406298197806782,0.6046874261598965,0.4929297005305401,0.6331357567350364,0.2887626397722687,0.5000000038176922
2022-05-21,324.45,66.64,1,0.5042300972160699,0.4888874750848822,0.6124951205414743,0.4883310329354324,0.5871404572281147,0.5230010097238436,0.5431930468432473,0.4046857750915198,0.6339502196150179,0.540149084401723,0.6289974202016578,0.2887626397722687,0.5000000038176922
2022-05-22,324.45,66.64,1,0.4909300821118331,0.4888874750848822,0.6124951205414743,0.4883310329354324,0.5871404572281147,0.5230010097238436,0.5431930468432473,0.4046857750915198,0.6339502196150179,0.540149084401723,0.6289974202016578,0.2887626397722687,0.5000000038176922
2022-05-23,305.2,63.41,1,0.5032500620818958,0.4888874750848822,0.6124951205414743,0.4883310329354324,0.5774328413439791,0.3444436628958983,0.4681835279063171,0.3666591450558113,0.6924717385430237,0.5109352030853305,0.6809364220760703,0.2630328392926877,0.5000000038176922
2022-05-24,314.15,65.16,1,0.5138495429009634,0.4888874750848822,0.6124951205414743,0.4883310329354324,0.5885445647575199,0.5026749778219352,0.5063265161213912,0.4156501332970412,0.5452173494123194,0.5018106836497256,0.5671178609855289,0.2653925996534381,0.5000000038176922
2022-05-25,318.2,66.14,1,0.466899851012403,0.4888874750848822,0.6124951205414743,0.4883310329354324,0.6621243934529158,0.5153041203716308,0.5557515245539623,0.370247827847709,0.6375213183386396,0.5333756817070485,0.6373087969420228,0.2686506153339333,0.5000000038176922
2022-05-26,319.1,67.02,1,0.4655549155484265,0.4888874750848822,0.6124951205414743,0.4883310329354324,0.6161011255194531,0.5937158240649031,0.7271302327780799,0.5325949682268217,0.5878675775273413,0.5178001255153112,0.6809364220760719,0.2456707809945639,0.5000000038176922
2022-05-27,315.8,66.65,1,0.488590151334607,0.4888874750848822,0.6124951205414743,0.4883310329354324,0.6470552434107384,0.5514953264505276,0.6231467535666815,0.4156501332970412,0.7321581486338353,0.5340447898129123,0.658692701759379,0.2312506828639108,0.5000000038176922
2022-05-28,315.8,66.65,1,0.4769315614813683,0.4888874750848822,0.6124951205414743,0.4883310329354324,0.5871404572281147,0.5230010097238436,0.5431930468432473,0.4046857750915198,0.6339502196150179,0.540149084401723,0.6289974202016578,0.2312506828639108,0.5000000038176922
2022-05-29,315.8,66.65,1,0.4624848358962936,0.4888874750848822,0.6124951205414743,0.4883310329354324,0.5871404572281147,0.5230010097238436,0.5431930468432473,0.4046857750915198,0.6339502196150179,0.540149084401723,0.6289974202016578,0.2312506828639108,0.5000000038176922
2022-05-30,315.8,66.65,1,0.4622931330280641,0.4888874750848822,0.6124951205414743,0.4883310329354324,0.5871404572281147,0.5230010097238436,0.5431930468432473,0.4046857750915198,0.6339502196150179,0.540149084401723,0.6289974202016578,0.2312506828639108,0.5000000038176922
2022-05-31,321.4,67.65,1,0.4860580290946939,0.4888874750848822,0.6124951205414743,0.4883310329354324,0.5665344249619689,0.3827895157556603,0.3726741851929045,0.2827562815388854,0.4928733162537057,0.4988247248253331,0.5563267483262082,0.2320006770525866,0.5000000038176922
2022-06-01,314.6,65.56,1,0.4905399281417195,0.5433408675508474,0.6124951205414743,0.4883310329354324,0.5976711892225598,0.5147944169802715,0.4402684661706956,0.4196339198485351,0.5012480701812552,0.5109352030853305,0.5286331789178496,0.2638446293988411,0.5000000038176922
2022-06-02,308.65,64.38,1,0.4821686572270126,0.4888874750848822,0.6124951205414743,0.4883310329354324,0.694132844163086,0.7350257253426391,0.764005591594982,0.5150199437841091,0.6271130947983594,0.5216128194825934,0.6127849691955641,0.2565606528178139,0.5000000038176922
2022-06-03,312.5,65.32,1,0.4759636604858002,0.4888874750848822,0.6124951205414743,0.4883310329354324,0.5028926702491698,0.4472772697129468,0.4847333212448718,0.3325357635736383,0.6125234315214916,0.5109352030853305,0.6048751330486287,0.2478397455375419,0.5000000038176922
2022-06-04,312.5,65.32,1,0.4525402946049109,0.4888874750848822,0.6124951205414743,0.4883310329354324,0.5871404572281147,0.5230010097238436,0.5431930468432473,0.4046857750915198,0.6339502196150179,0.540149084401723,0.6289974202016578,0.2478397455375419,0.5000000038176922
2022-06-05,312.5,65.32,1,0.4649788559106,0.4888874750848822,0.6124951205414743,0.4883310329354324,0.5871404572281147,0.5230010097238436,0.5431930468432473,0.4046857750915198,0.6339502196150179,0.540149084401723,0.6289974202016578,0.2478397455375419,0.5000000038176922
2022-06-06,311.4,64.86,1,0.463635480618277,0.4888874750848822,0.6124951205414743,0.4883310329354324,0.5750823109225539,0.4572707606158963,0.4425738958835132,0.4109068535078266,0.759947379392233,0.5222532251494652,0.5818782609498887,0.2559079187222779,0.5000000038176922
2022-06-07,315.15,64.7,1,0.4699784715473704,0.4888874750848822,0.6124951205414743,0.4883310329354324,0.6547893793218795,0.7201569866104055,0.5812718622565758,0.4627405126158354,0.7513504446465034,0.5972722922155473,0.5894259012134093,0.2851285464842333,0.5000000038176922
2022-06-08,316.15,64.77,1,0.4719060839423968,0.4888874750848822,0.6124951205414743,0.4883310329354324,0.5290072636232677,0.7024150653280063,0.6964237500551956,0.4333201351646997,0.6924717385430237,0.5615880405459864,0.641516487332041,0.2967041261698893,0.5000000038176922
2022-06-09,312.1,63.55,1,0.4688232239063878,0.4888874750848822,0.6124951205414743,0.4883310329354324,0.5567412041310748,0.4809293238520986,0.4425738958835132,0.4594505319039057,0.700717042684296,0.5394632380552805,0.5856377431417101,0.2996967969415349,0.5000000038176922
2022-06-10,314.4,63.12,1,0.4786753735188223,0.4888874750848822,0.6124951205414743,0.4883310329354324,0.6257727038237886,0.7272847390594659,0.583852374576083,0.3530891201180497,0.6357227319014778,0.5121718916154058,0.5088130557988116,0.3322001061248698,0.5000000038176922
2022-06-11,314.4,63.12,1,0.4736434653036864,0.4888874750848822,0.6124951205414743,0.4883310329354324,0.5871404572281147,0.5230010097238436,0.5431930468432473,0.4046857750915198,0.6339502196150179,0.540149084401723,0.6289974202016578,0.3322001061248698,0.5000000038176922
2022-06-12,314.4,63.12,1,0.4713274999328861,0.4888874750848822,0.6124951205414743,0.4883310329354324,0.5871404572281147,0.5230010097238436,0.5431930468432473,0.4046857750915198,0.6339502196150179,0.540149084401723,0.6289974202016578,0.3322001061248698,0.5000000038176922
2022-06-13,311.05,60.72,1,0.4744164130647143,0.4888874750848822,0.6124951205414743,0.4883310329354324,0.6485563698593158,0.4659026801990381,0.2427985664660841,0.3065156004965226,0.6078044469805547,0.5394632380552805,0.4623769418815143,0.3863886929412447,0.5000000038176922
2022-06-14,319.75,62.21,1,0.484306840490408,0.4888874750848822,0.6124951205414743,0.4883310329354324,0.4646092947089214,0.538164450342921,0.525843439994853,0.3716856932851501,0.6271130947983594,0.6178803286924455,0.6900732750794045,0.3869905976640596,0.5000000038176922
2022-06-15,317.7,63.22,1,0.4887850530936172,0.4888874750848822,0.6124951205414743,0.4883310329354324,0.682977830132083,0.4863158002335987,0.7412397581116404,0.3964329717688031,0.6782165762199728,0.5287398194185906,0.7941658214269687,0.3601060039968392,0.5000000038176922
2022-06-16,317.7,63.22,1,0.4653628733680436,0.4888874750848822,0.6124951205414743,0.4883310329354324,0.6344596461449111,0.5230010097238436,0.5431930468432473,0.4594505319039057,0.7492073924865321,0.540149084401723,0.6289974202016578,0.3600639286582863,0.5000000038176922
2022-06-17,320.5,62.35,1,0.4615265202288419,0.4888874750848822,0.8031418086462837,0.4883310329354324,0.5368692348121338,0.5715872527674044,0.3793066466832666,0.3796217529179064,0.6093713256906309,0.5450045987853182,0.4960146589232024,0.4021324181146132,0.5000000038176922
2022-06-18,320.5,62.35,1,0.463635480618277,0.4888874750848822,0.6124951205414743,0.4883310329354324,0.5871404572281147,0.5230010097238436,0.5431930468432473,0.4046857750915198,0.6339502196150179,0.540149084401723,0.6289974202016578,0.4021324181146132,0.5000000038176922
2022-06-19,320.5,62.35,1,0.4868368211045204,0.4888874750848822,0.6124951205414743,0.4883310329354324,0.5871404572281147,0.5230010097238436,0.5431930468432473,0.4046857750915198,0.6339502196150179,0.540149084401723,0.6289974202016578,0.4021324181146132,0.5000000038176922
2022-06-20,320.5,62.35,1,0.4523494881459282,0.4888874750848822,0.6124951205414743,0.4883310329354324,0.5871404572281147,0.5230010097238436,0.5431930468432473,0.4046857750915198,0.6339502196150179,0.540149084401723,0.6289974202016578,0.4021324181146132,0.5000000038176922
2022-06-21,321.4,62.4,1,0.4800330107002748,0.4888874750848822,0.6124951205414743,0.4883310329354324,0.7501111675535834,0.4020118579075964,0.4083616154168623,0.336068054105137,0.4928733162537057,0.6029625709064592,0.6854877990742384,0.3908237596776526,0.5000000038176922
2022-06-22,321.5,62.19,1,0.4657469802502001,0.4888874750848822,0.6124951205414743,0.4883310329354324,0.586540180643136,0.3773330170285778,0.3726741851929045,0.3058149232155651,0.69042108097368,0.5327083236715716,0.5970901873323995,0.4206311517149882,0.5000000038176922
2022-06-23,321.75,61.53,1,0.484306840490408,0.4888874750848822,0.6124951205414743,0.4883310329354324,0.5871404572281147,0.3177598854944409,0.2572731371954189,0.243863763432765,0.5068529094066022,0.4719059098756404,0.48352764689879,0.4413683472740838,0.5000000038176922
2022-06-24,322.9,61.41,1,0.4722919551413373,0.4888874750848822,0.6124951205414743,0.4883310329354324,0.6171481800779507,0.4892670789739491,0.46583581631618,0.4479729604977461,0.6602940242590092,0.5222532251494652,0.5744434551012803,0.441861799502532,0.5000000038176922
2022-06-25,322.9,61.41,1,0.4864473885152867,0.4888874750848822,0.6124951205414743,0.4883310329354324,0.5871404572281147,0.5230010097238436,0.5431930468432473,0.4046857750915198,0.6339502196150179,0.540149084401723,0.6289974202016578,0.441861799502532,0.5000000038176922
2022-06-26,322.9,61.41,1,0.451204959338525,0.4888874750848822,0.6124951205414743,0.4883310329354324,0.5871404572281147,0.5230010097238436,0.5431930468432473,0.4046857750915198,0.6339502196150179,0.540149084401723,0.6289974202016578,0.441861799502532,0.5000000038176922
2022-06-27,326.25,62.4,1,0.464786880309075,0.4888874750848822,0.6124951205414743,0.4883310329354324,0.5766483090512161,0.5726842444399172,0.6418431656028583,0.4325103048711313,0.5954524305363847,0.4842656273476821,0.5970901873324013,0.4395755141891911,0.5000000038176922
2022-06-28,326.0,61.91,1,0.4628683021585936,0.4888874750848822,0.6124951205414743,0.4883310329354324,0.5265823515529651,0.7885231313780896,0.7075355323215652,0.4925216345710383,0.757794508514366,0.487130983701491,0.5252757276259022,0.453487938167958,0.5000000038176922
2022-06-29,319.65,61.52,1,0.4829458944778608,0.4888874750848822,0.6124951205414743,0.4883310329354324,0.5877416315678661,0.4917339354049956,0.6418431656028583,0.4528843837047048,0.7194919921628185,0.6128631286252211,0.8211193397208124,0.4152558812803826,0.5000000038176922
2022-06-30,320.25,61.23,1,0.4659390676416361,0.4888874750848822,0.6124951205414743,0.4883310329354324,0.5601853008306581,0.5792878569111225,0.5332465385051994,0.3724051667019148,0.477613448128131,0.4620668276161907,0.4991844076604952,0.4483834776658853,0.5000000038176922
2022-07-01,314.75,59.14,1,0.4887850530936172,0.0,0.6124951205414743,0.5252404540150676,0.5792019633109591,0.4760582581692923,0.3529304709747701,0.260499618303977,0.7194919921628185,0.5146603390171998,0.5055833331069705,0.4825334041832213,0.5000000038176922
2022-07-02,314.75,59.14,1,0.4835290371707124,0.4888874750848822,0.6124951205414743,0.4883310329354324,0.5871404572281147,0.5230010097238436,0.5431930468432473,0.4046857750915198,0.6339502196150179,0.540149084401723,0.6289974202016578,0.4825334041832213,0.5000000038176922
2022-07-03,314.75,59.14,1,0.4874211053638645,0.4888874750848822,0.6124951205414743,0.4883310329354324,0.5871404572281147,0.5230010097238436,0.5431930468432473,0.4046857750915198,0.6339502196150179,0.540149084401723,0.6289974202016578,0.4825334041832213,0.5000000038176922
2022-07-04,314.75,59.14,1,0.4331444981186967,0.4888874750848822,0.6124951205414743,0.4883310329354324,0.5871404572281147,0.5230010097238436,0.5431930468432473,0.4046857750915198,0.6339502196150179,0.540149084401723,0.6289974202016578,0.4825334041832213,0.5000000038176922
2022-07-05,323.55,60.01,1,0.4575067430854485,0.4888874750848822,0.6124951205414743,0.4883310329354324,0.5887455363771652,0.2207617222661708,0.1698282029485454,0.2058945653416022,0.5223634668892423,0.504218843192701,0.5153344302076189,0.5082372187850147,0.5000000038176922
2022-07-06,316.0,58.36,1,0.496985356693137,0.4888874750848822,0.6124951205414743,0.4883310329354324,0.5795958666280229,0.5601347137601311,0.5382087617283817,0.4276625885075218,0.6986495358655912,0.5134135731201622,0.5744434551012803,0.528431655642555,0.5000000038176922
2022-07-07,324.8,60.78,1,0.4777063426136003,0.4888874750848822,0.6124951205414743,0.4883310329354324,0.6840692457461145,0.647616727865125,0.7812297319959681,0.531756704941916,0.6544506460312253,0.5072542235978899,0.671936155549298,0.4862827215806558,0.5000000038176922
2022-07-08,324.95,61.72,1,0.484306840490408,0.4888874750848822,0.6124951205414743,0.4883310329354324,0.5893490098487382,0.5386934084512409,0.6991957943143552,0.4958469582648537,0.8993808656232716,0.5280841663207466,0.7182996106860559,0.4472117352109129,0.5000000038176922
2022-07-09,324.95,61.72,1,0.481974399938799,0.4888874750848822,0.6124951205414743,0.4883310329354324,0.5871404572281147,0.5230010097238436,0.5431930468432473,0.4046857750915198,0.6339502196150179,0.540149084401723,0.6289974202016578,0.4472117352109129,0.5000000038176922
2022-07-10,324.95,61.72,1,0.451777157757028,0.4888874750848822,0.6124951205414743,0.4883310329354324,0.5871404572281147,0.5230010097238436,0.5431930468432473,0.4046857750915198,0.6339502196150179,0.540149084401723,0.6289974202016578,0.4472117352109129,0.5000000038176922
2022-07-11,334.0,62.22,1,0.4576979818144523,0.4888874750848822,0.6124951205414743,0.4883310329354324,0.5766483090512161,0.8618804576841754,0.6472250143328016,0.4325103048711313,0.6563897823184408,0.6054206664883425,0.5744434551012803,0.5045231703882165,0.5000000038176922
2022-07-12,324.7,59.71,1,0.4866420957162989,0.4888874750848822,0.6124951205414743,0.4883310329354324,0.4942683184002432,0.3332899981942467,0.2676739394390414,0.2521760539330974,0.3587958822777161,0.5972722922155473,0.6088141664787814,0.5323033877510922,0.5000000038176922
2022-07-13,330.35,61.11,1,0.4717131931890891,0.4888874750848822,0.6124951205414743,0.4883310329354324,0.5944080826575712,0.4298504165603921,0.5087489146149641,0.4578072202696701,0.69042108097368,0.5146603390171998,0.6331357567350364,0.5108758105607873,0.5000000038176922
2022-07-14,324.65,59.74,1,0.4784815190591335,0.4888874750848822,0.6124951205414743,0.4883310329354324,0.5143276070493549,0.5743316929538568,0.5431930468432473,0.3666591450558113,0.3773858245753071,0.5300559927172438,0.5894259012134093,0.5258561836269833,0.5000000038176922
2022-07-15,325.95,60.28,1,0.4993330454171143,0.4888874750848822,0.6124951205414743,0.4883310329354324,0.634672235684627,0.463498472728155,0.5307735369927706,0.0916005073322034,0.1404139889348402,0.5320426954238691,0.6500356077019543,0.5186784915794019,0.5000000038176922
2022-07-16,325.95,60.28,1,0.4775126097856029,0.4888874750848822,0.6124951205414743,0.4883310329354324,0.5871404572281147,0.5230010097238436,0.5431930468432473,0.4046857750915198,0.6339502196150179,0.540149084401723,0.6289974202016578,0.5186784915794019,0.5000000038176922
2022-07-17,325.95,60.28,1,0.4525402946049109,0.4888874750848822,0.6124951205414743,0.4883310329354324,0.5871404572281147,0.5230010097238436,0.5431930468432473,0.4046857750915198,0.6339502196150179,0.540149084401723,0.6289974202016578,0.5186784915794019,0.5000000038176922
2022-07-18,327.05,60.31,1,0.4586544363744088,0.4888874750848822,0.6124951205414743,0.4883310329354324,0.5592273331408917,0.5920430757609915,0.5761260862057731,0.5267298907306355,0.6965860791048814,0.5333756817070494,0.6048751330486282,0.5326384624587714,0.5000000038176922
2022-07-19,321.4,59.3,1,0.466707647558601,0.4888874750848822,0.6124951205414743,0.4883310329354324,0.654574081110134,0.3914606131005888,0.4287953695202574,0.3431461218001533,0.5394675215262809,0.4964546952329366,0.5818782609498894,0.5211937752161707,0.5000000038176922
2022-07-20,323.7,59.27,1,0.5044261404871752,0.4888874750848822,0.6124951205414743,0.4883310329354324,0.5933922165510469,0.4961921400263743,0.4564848044574009,0.3325357635736383,0.6046874261598965,0.5228950851460735,0.5671178609855289,0.5489573818026663,0.5000000038176922
2022-07-21,320.65,58.4,1,0.4489174482075574,0.4888874750848822,0.6124951205414743,0.4883310329354324,0.6192454828520119,0.4158711406103442,0.4038572047906752,0.3086183731624892,0.5337429332459769,0.504218843192701,0.5563267483262089,0.5613027325224844,0.5000000038176922
2022-07-22,324.1,58.92,1,0.4973765012902861,0.4888874750848822,0.6124951205414743,0.4883310329354324,0.5626808157094162,0.4697601912056974,0.479983729716582,0.4381892342306688,0.5626371165126348,0.4905990489209277,0.5634949347753477,0.5613027325224844,0.5000000038176922
2022-07-23,324.1,58.92,1,0.4796449989406138,0.4888874750848822,0.6124951205414743,0.4883310329354324,0.5871404572281147,0.5230010097238436,0.5431930468432473,0.4046857750915198,0.6339502196150179,0.540149084401723,0.6289974202016578,0.5613027325224844,0.5000000038176922
2022-07-24,324.1,58.92,1,0.4521586965668596,0.4888874750848822,0.6124951205414743,0.4883310329354324,0.5871404572281147,0.5230010097238436,0.5431930468432473,0.4046857750915198,0.6339502196150179,0.540149084401723,0.6289974202016578,0.5613027325224844,0.5000000038176922
2022-07-25,330.0,61.41,1,0.4634436549124222,0.4888874750848822,0.6124951205414743,0.4883310329354324,0.5867401738249083,0.5699437511499408,0.8043889042916985,0.4975106897710105,0.7621026179311732,0.549952546797535,0.8048480076273511,0.494883767275057,0.5000000038176922
2022-07-26,322.75,60.28,1,0.4775126097856029,0.4888874750848822,0.6124951205414743,0.4883310329354324,0.5744960809530933,0.7728082230386963,0.8014821165153581,0.54854573205544,0.772913209461912,0.6229408653150564,0.7477420576931934,0.4918557814256244,0.5000000038176922
2022-07-27,325.05,61.93,1,0.4601856932947307,0.4888874750848822,0.6124951205414743,0.4883310329354324,0.4490957448165452,0.7879174570801837,0.9937990821713898,0.4850505513181453,0.6583377359428222,0.5492401973307116,0.7836162852303132,0.4425349831735902,0.5000000038176922
2022-07-28,323.5,62.68,1,0.4734503015772012,0.4888874750848822,0.6124951205414743,0.4883310329354324,0.6573749391189013,0.4233110210694593,0.604675084977283,0.5108447377158967,0.7534960058261944,0.5675658671824982,0.7836162852303132,0.4154757421818754,0.5000000038176922
2022-07-29,325.7,62.9,1,0.467092078220316,0.4888874750848822,0.6124951205414743,0.4883310329354324,0.586340285126503,0.680694555731391,0.6526242847628949,0.5033391680716433,0.6430378633267847,0.6297541136717558,0.7087552361286228,0.4115677968139801,0.5000000038176922
2022-07-30,325.7,62.9,1,0.4744164130647143,0.4888874750848822,0.6124951205414743,0.4883310329354324,0.5871404572281147,0.5230010097238436,0.5431930468432473,0.4046857750915198,0.6339502196150179,0.540149084401723,0.6289974202016578,0.4115677968139801,0.5000000038176922
2022-07-31,325.7,62.9,1,0.5103128165939194,0.4888874750848822,0.6124951205414743,0.4883310329354324,0.5871404572281147,0.5230010097238436,0.5431930468432473,0.4046857750915198,0.6339502196150179,0.540149084401723,0.6289974202016578,0.4115677968139801,0.5000000038176922
2022-08-01,326.65,63.0,1,0.454258234747041,0.1137032406809198,0.6124951205414743,0.4883310329354324,0.5195155538820376,0.2250488755829751,0.2489897874864279,0.2480185384885324,0.5758999278560833,0.5209738535265119,0.5970901873324007,0.4161355488879283,0.5000000038176922
2022-08-02,322.5,61.08,1,0.4810034326326925,0.4888874750848822,0.6124951205414743,0.4883310329354324,0.6217676804200304,0.435948692329405,0.3162260822116219,0.3573640279915947,0.53803407186311,0.5360628238525731,0.5186266639384307,0.4584300501597591,0.5000000038176922
2022-08-03,299.55,56.79,1,0.502074424740894,0.4888874750848822,0.6124951205414743,0.4883310329354324,0.5913664057049393,0.4947034553533529,0.525843439994853,0.3695294212472614,0.6357227319014778,0.5287398194185906,0.6208241598780455,0.4598388992225793,0.5000000038176922
2022-08-04,297.6,57.04,1,0.4544491941856136,0.4888874750848822,0.8031418086462837,0.4883310329354324,0.6321233343127737,0.5112376134283316,0.6338034862787532,0.594942203050084,0.7194919921628185,0.5287398194185906,0.6900732750794061,0.430558522730866,0.5000000038176922
2022-08-05,310.65,60.11,1,0.4810034326326925,0.4888874750848822,0.6124951205414743,0.4883310329354324,0.6289440501164397,0.5976266489627897,0.7019717854775898,0.4109068535078266,0.6965860791048814,0.5184321033607342,0.6674873624869875,0.4077153720837532,0.5000000038176922
2022-08-06,310.65,60.11,1,0.4808093040137191,0.4888874750848822,0.6124951205414743,0.4883310329354324,0.5871404572281147,0.5230010097238436,0.5431930468432473,0.4046857750915198,0.6339502196150179,0.540149084401723,0.6289974202016578,0.4077153720837532,0.5000000038176922
2022-08-07,310.65,60.11,1,0.4911251833719713,0.4888874750848822,0.6124951205414743,0.4883310329354324,0.5871404572281147,0.5230010097238436,0.5431930468432473,0.4046857750915198,0.6339502196150179,0.540149084401723,0.6289974202016578,0.4077153720837532,0.5000000038176922
2022-08-08,315.75,61.74,1,0.475189816755791,0.4888874750848822,0.6124951205414743,0.4883310329354324,0.5741055612206927,0.3868919473810285,0.5014959508889881,0.406998980085932,0.6221591613463359,0.549952546797535,0.7135105114477996,0.3847993366894188,0.5000000038176922
2022-08-09,317.0,61.71,1,0.4617181438863937,0.4888874750848822,0.6124951205414743,0.4883310329354324,0.6163104497255639,0.5082037752704323,0.4895002755882668,0.5636957837441239,0.6883749269723083,0.5127921026014001,0.570767225967824,0.389961355639066,0.5000000038176922
2022-08-10,311.2,61.1,1,0.4548311603446617,0.4888874750848822,0.6124951205414743,0.4883310329354324,0.5051005232335547,0.6684513007491871,0.7668674807404637,0.3949540035404579,0.6782165762199728,0.6280438402275759,0.799490352465895,0.3766695464284224,0.5000000038176922
2022-08-11,307.8,59.63,1,0.4325758027046279,0.4888874750848822,0.6124951205414743,0.4883310329354324,0.5991043569150745,0.630415002238654,0.5160451918401547,0.4406298197806782,0.6965860791048814,0.4888608990117299,0.4928643649439391,0.4048772339483811,0.5000000038176922
2022-08-12,316.5,62.46,1,0.4917105832768615,0.4888874750848822,0.6124951205414743,0.4883310329354324,0.6584533210295096,0.5142851181238697,0.7159102836040262,0.4520649921405619,0.7173919681120824,0.5146603390171998,0.7279791041987045,0.3685080676394661,0.5000000038176922
2022-08-13,316.5,62.46,1,0.4977677012565492,0.4888874750848822,0.6124951205414743,0.4883310329354324,0.5871404572281147,0.5230010097238436,0.5431930468432473,0.4046857750915198,0.6339502196150179,0.540149084401723,0.6289974202016578,0.3685080676394661,0.5000000038176922
2022-08-14,316.5,62.46,1,0.4755766845656629,0.4888874750848822,0.6124951205414743,0.4883310329354324,0.5871404572281147,0.5230010097238436,0.5431930468432473,0.4046857750915198,0.6339502196150179,0.540149084401723,0.6289974202016578,0.3685080676394661,0.5000000038176922
2022-08-15,313.5,61.56,1,0.4719060839423969,0.4888874750848822,0.6124951205414743,0.4883310329354324,0.5811743982430386,0.3027624492551682,0.288636451809717,0.0630383633178222,0.553893317445214,0.5307165492185373,0.5856377431417101,0.3781204486839372,0.5000000038176922
2022-08-16,314.2,61.05,1,0.5091346730750639,0.4888874750848822,0.6124951205414743,0.4883310329354324,0.6500588387518627,0.4312554429930849,0.37046916289169,0.3149335786168324,0.53803407186311,0.5924464473594598,0.6167881066277217,0.3995672215169578,0.5000000038176922
2022-08-17,316.6,61.21,1,0.4337132828208394,0.4888874750848822,0.6124951205414743,0.4883310329354324,0.6065225301015336,0.608294439948321,0.5761260862057749,0.4333201351646997,0.6642299257245803,0.5892562670566843,0.6500356077019543,0.4075405358998733,0.5000000038176922
2022-08-18,313.0,60.49,1,0.4719060839423968,0.4888874750848822,0.6124951205414743,0.4883310329354324,0.615682608361255,0.5281892377300528,0.5456936122820985,0.4537040918707267,0.6701868167881457,0.4976376657867494,0.5781469844146332,0.4089398923392986,0.5000000038176922
2022-08-19,318.35,61.52,1,0.4724849361807718,0.4888874750848822,0.6124951205414743,0.4883310329354324,0.4823972563783721,0.5552653666359575,0.5710008735746368,0.4009026744946319,0.6822648318960481,0.5443051938027094,0.6331357567350364,0.4099466217117722,0.5000000038176922
2022-08-20,318.35,61.52,1,0.4742231327348868,0.4888874750848822,0.6124951205414743,0.4883310329354324,0.5871404572281147,0.5230010097238436,0.5431930468432473,0.4046857750915198,0.6339502196150179,0.540149084401723,0.6289974202016578,0.4099466217117722,0.5000000038176922
2022-08-21,318.35,61.52,1,0.4575067430854486,0.4888874750848822,0.6124951205414743,0.4883310329354324,0.5871404572281147,0.5230010097238436,0.5431930468432473,0.4046857750915198,0.6339502196150179,0.540149084401723,0.6289974202016578,0.4099466217117722,0.5000000038176922
2022-08-22,326.6,63.27,1,0.4634436549124222,0.4888874750848822,0.6124951205414743,0.4883310329354324,0.5434559628916346,0.6258542948482713,0.6607554413627306,0.5066733823768779,0.6924717385430237,0.5228950851460744,0.6248937263164565,0.4045719631137806,0.5000000038176922
2022-08-23,303.2,59.45,1,0.5118842763443479,0.4888874750848822,0.6124951205414743,0.4883310329354324,0.5500784359571522,0.6499216347439785,0.7841126410519533,0.4883691201981166,0.8566557019723392,0.5997031497662846,0.7888744528065964,0.3813697897168434,0.5000000038176922
2022-08-24,307.9,60.27,1,0.4544491941856137,0.4888874750848822,0.6124951205414743,0.4883310329354324,0.6108826926165322,0.5953905744172376,0.5942244682389568,0.3927434747021893,0.6782165762199728,0.5457058893644512,0.6248937263164565,0.3846705584555669,0.5000000038176922
2022-08-25,313.45,61.15,1,0.5014867746920899,0.4888874750848822,0.6124951205414743,0.4883310329354324,0.5915686189788646,0.4716940695391577,0.4634921249045076,0.3304184171703742,0.5818602414440938,0.5798197118682492,0.6500356077019543,0.3840268663215228,0.5000000038176922
2022-08-26,323.6,63.78,1,0.4889799719636382,0.4888874750848822,0.6124951205414743,0.4883310329354324,0.5363061980572084,0.5261084992182851,0.6445319001805824,0.5025060233319534,0.7237017095969541,0.5608481071013408,0.7328694111670193,0.3628440320254716,0.5000000038176922
2022-08-27,323.6,63.78,1,0.4439677930791888,0.4888874750848822,0.6124951205414743,0.4883310329354324,0.5871404572281147,0.5230010097238436,0.5431930468432473,0.4046857750915198,0.6339502196150179,0.540149084401723,0.6289974202016578,0.3628440320254716,0.5000000038176922
2022-08-28,323.6,63.78,1,0.4782876885546362,0.4888874750848822,0.6124951205414743,0.4883310329354324,0.5871404572281147,0.5230010097238436,0.5431930468432473,0.4046857750915198,0.6339502196150179,0.540149084401723,0.6289974202016578,0.3628440320254716,0.5000000038176922
2022-08-29,311.35,61.95,1,0.4837234582806435,0.4888874750848822,0.6124951205414743,0.4883310329354324,0.5694369849419615,0.4209822821187561,0.5283058579919471,0.3367750346830048,0.7556440390645351,0.5542641090436395,0.7135105114478005,0.3494656785993952,0.5000000038176922
2022-08-30,312.0,61.06,1,0.4598027694418041,0.4888874750848822,0.6124951205414743,0.4883310329354324,0.5831544891662197,0.432192875570445,0.320506298617853,0.389076956373224,0.6078044469805547,0.5353883395109478,0.5252757276259022,0.3893580245181014,0.5000000038176922
2022-08-31,309.1,59.42,1,0.4659390676416362,0.4888874750848822,0.6124951205414743,0.4883310329354324,0.5950185094374028,0.8342200751756319,0.6445319001805824,0.375286849987238,0.5954524305363847,0.554988846464187,0.5354155263515141,0.4158275972749214,0.5000000038176922
2022-09-01,314.75,60.12,1,0.4665154676746751,0.0606536015439264,0.6124951205414743,0.4883310329354324,0.6634217207689413,0.432192875570445,0.4038572047906752,0.3247792234941614,0.5394675215262809,0.5216128194825934,0.5671178609855289,0.4418169326643962,0.5000000038176922
2022-09-02,310.25,59.93,1,0.4525402946049109,0.4888874750848822,0.6124951205414743,0.4883310329354324,0.5017896656999663,0.5188837030685031,0.6445319001805824,0.4883691201981166,0.7194919921628185,0.5222532251494652,0.6854877990742367,0.4092462048196252,0.5000000038176922
2022-09-03,310.25,59.93,1,0.4889799719636382,0.4888874750848822,0.6124951205414743,0.4883310329354324,0.5871404572281147,0.5230010097238436,0.5431930468432473,0.4046857750915198,0.6339502196150179,0.540149084401723,0.6289974202016578,0.4092462048196252,0.5000000038176922
2022-09-04,310.25,59.93,1,0.4872263260299894,0.4888874750848822,0.6124951205414743,0.4883310329354324,0.5871404572281147,0.5230010097238436,0.5431930468432473,0.4046857750915198,0.6339502196150179,0.540149084401723,0.6289974202016578,0.4092462048196252,0.5000000038176922
2022-09-05,310.25,59.93,1,0.4802270505433978,0.4888874750848822,0.6124951205414743,0.4883310329354324,0.5871404572281147,0.5230010097238436,0.5431930468432473,0.4046857750915198,0.6339502196150179,0.540149084401723,0.6289974202016578,0.4092462048196252,0.5000000038176922
2022-09-06,303.95,57.98,1,0.505406535590229,0.4888874750848822,0.6124951205414743,0.4883310329354324,0.6534979762077424,0.4981812490560814,0.4151426708374697,0.341729001748969,0.7279239134294639,0.5506666986823644,0.5634949347753477,0.4468514047514582,0.5000000038176922
2022-09-07,303.95,57.98,1,0.4242446689827928,0.4888874750848822,0.6124951205414743,0.4883310329354324,0.63276011166511,0.5230010097238436,0.5431930468432473,0.3602190320701845,0.6078044469805547,0.540149084401723,0.6289974202016578,0.4446914536258881,0.5000000038176922
2022-09-08,307.0,58.94,1,0.4755766845656629,0.4888874750848822,0.6124951205414743,0.4883310329354324,0.6192454828520119,0.4228449937827645,0.5014959508889881,0.412482581735324,0.5818602414440938,0.5209738535265119,0.6457587750176421,0.4295357269184233,0.5000000038176922
2022-09-09,292.3,56.76,1,0.4895648303296019,0.4888874750848822,0.6124951205414743,0.4883310329354324,0.5746914305072873,0.4544073200188983,0.5786964213368587,0.4900295625277905,0.8880901231243492,0.5528198579432131,0.7279791041987036,0.399697530574351,0.5000000038176922
2022-09-10,292.3,56.76,1,0.4780938821880385,0.4888874750848822,0.6124951205414743,0.4883310329354324,0.5871404572281147,0.5230010097238436,0.5431930468432473,0.4046857750915198,0.6339502196150179,0.540149084401723,0.6289974202016578,0.399697530574351,0.5000000038176922
2022-09-11,292.3,56.76,1,0.4825572345049564,0.4888874750848822,0.6124951205414743,0.4883310329354324,0.5871404572281147,0.5230010097238436,0.5431930468432473,0.4046857750915198,0.6339502196150179,0.540149084401723,0.6289974202016578,0.399697530574351,0.5000000038176922
2022-09-12,306.25,60.16,1,0.5171928101703697,0.4888874750848822,0.6124951205414743,0.4883310329354324,0.5665344249619684,0.647616727865125,0.775474329264343,0.6577872287011941,0.7449289689636884,0.578267019213439,0.7629164097114146,0.3767974988695413,0.5000000038176922
2022-09-13,308.4,59.43,1,0.4529219524583659,0.4888874750848822,0.6124951205414743,0.4883310329354324,0.4774839276281151,0.6049175481768261,0.447195814795627,0.3767300877893252,0.6125234315214916,0.5248295413327781,0.4991844076604946,0.419351407454991,0.5000000038176922
2022-09-14,296.4,57.22,1,0.4657469802502001,0.4888874750848822,0.6124951205414743,0.4883310329354324,0.5363061980572084,0.4577486566548485,0.4966840309028784,0.336068054105137,0.6339502196150179,0.5813782246378485,0.6900732750794061,0.4070598591862338,0.5000000038176922
2022-09-15,291.6,55.62,1,0.4692082009947773,0.4888874750848822,0.6124951205414743,0.4883310329354324,0.5772366100172843,0.5021743900644386,0.4196799700368182,0.4140639039571775,0.4501437158546998,0.5593732011095409,0.5744434551012803,0.4442419020112724,0.5000000038176922
2022-09-16,294.55,56.03,1,0.4936629339404456,0.4888874750848822,0.6124951205414743,0.4883310329354324,0.6023919018313262,0.5122518935486252,0.5111761250454958,0.3964329717688031,0.632207217341943,0.52677763910256,0.5932432175904532,0.4469865173331373,0.5000000038176922
2022-09-17,294.55,56.03,1,0.4765443231108475,0.4888874750848822,0.6124951205414743,0.4883310329354324,0.5871404572281147,0.5230010097238436,0.5431930468432473,0.4046857750915198,0.6339502196150179,0.540149084401723,0.6289974202016578,0.4469865173331373,0.5000000038176922
2022-09-18,294.55,56.03,1,0.4178184916116683,0.4888874750848822,0.6124951205414743,0.4883310329354324,0.5871404572281147,0.5230010097238436,0.5431930468432473,0.4046857750915198,0.6339502196150179,0.540149084401723,0.6289974202016578,0.4469865173331373,0.5000000038176922
2022-09-19,308.05,59.66,1,0.4195186241433568,0.4888874750848822,0.6124951205414743,0.4883310329354324,0.5713783884603901,0.5909290342535891,0.7841126410519533,0.4438896515531421,0.6411814727881142,0.5184321033607342,0.7328694111670193,0.4087648894014304,0.5000000038176922
2022-09-20,308.0,59.68,1,0.5477895751921742,0.4888874750848822,0.6124951205414743,0.4883310329354324,0.5239751652721508,0.4892670789739477,0.5136081996836445,0.4594505319039057,0.7449289689636884,0.5535411094086465,0.6500356077019543,0.3977442963832091,0.5000000038176922
2022-09-21,297.5,57.58,1,0.4538763627439947,0.4888874750848822,0.6124951205414743,0.4883310329354324,0.4933529132951597,0.4917339354049956,0.5039088783050354,0.3538009986875517,0.5924075886159248,0.5422184199416891,0.6208241598780461,0.4107788621751528,0.5000000038176922
2022-09-22,299.05,58.49,1,0.4567419588368878,0.4888874750848822,0.6124951205414743,0.4883310329354324,0.6125494446949913,0.4746014979392248,0.5916240038660938,0.3934793408395815,0.6544506460312253,0.5630728230839702,0.7377933674273778,0.3869045935663052,0.5000000038176922
2022-09-23,300.6,57.25,1,0.4316281730556768,0.4888874750848822,0.6124951205414743,0.4883310329354324,0.5457222908038213,0.470726695946477,0.2823246625676166,0.3142313645173924,0.5626371165126348,0.5387793451844102,0.4743570036989259,0.4498721621007247,0.5000000038176922
2022-09-24,300.6,57.25,1,0.5288166940254555,0.4888874750848822,0.6124951205414743,0.4883310329354324,0.5871404572281147,0.5230010097238436,0.5431930468432473,0.4046857750915198,0.6339502196150179,0.540149084401723,0.6289974202016578,0.4498721621007247,0.5000000038176922
2022-09-25,300.6,57.25,1,0.4357996053035137,0.4888874750848822,0.6124951205414743,0.4883310329354324,0.5871404572281147,0.5230010097238436,0.5431930468432473,0.4046857750915198,0.6339502196150179,0.540149084401723,0.6289974202016578,0.4498721621007247,0.5000000038176922
2022-09-26,301.8,56.0,1,0.513259854823124,0.4888874750848822,0.6124951205414743,0.4883310329354324,0.5665344249619689,0.6088579661522248,0.3993655941007629,0.3595048839004672,0.5685082568008049,0.5429120914220538,0.4835276468987894,0.5099800298447057,0.5000000038176922
2022-09-27,306.7,57.01,1,0.4841123600636252,0.4888874750848822,0.6124951205414743,0.4883310329354324,0.5197011298530734,0.5107310442553531,0.5456936122820985,0.3979168380847812,0.6430378633267847,0.549952546797535,0.6543469336664995,0.5064965261913713,0.5000000038176922
2022-09-28,301.9,56.46,1,0.4720990044951479,0.4888874750848822,0.6124951205414743,0.4883310329354324,0.6522075076276437,0.5056855143962072,0.5812718622565739,0.4116939677234617,0.6563897823184408,0.5097034189919932,0.6331357567350356,0.5027869964901812,0.5000000038176922
2022-09-29,302.3,56.0,1,0.4717131931890891,0.4888874750848822,0.6124951205414743,0.4883310329354324,0.5709896829137769,0.5710391528464415,0.5039088783050354,0.4180375381528762,0.6271130947983594,0.5394632380552805,0.5707672259678229,0.513094091976467,0.5000000038176922
2022-09-30,303.95,56.51,1,0.5008992388381172,0.4888874750848822,0.6124951205414743,0.4883310329354324,0.558461673706677,0.6361318405828382,0.6743918491952976,0.2764871469383309,0.6965860791048814,0.5528198579432131,0.6674873624869875,0.5220965439168797,0.5000000038176922
2022-10-01,303.95,56.51,1,0.4746097218843155,0.2792656200497366,0.6124951205414743,0.4119441261786025,0.5871404572281147,0.5230010097238436,0.5431930468432473,0.4046857750915198,0.6339502196150179,0.540149084401723,0.6289974202016578,0.5220965439168797,0.5000000038176922
2022-10-02,303.95,56.51,1,0.4392163259553823,0.4888874750848822,0.6124951205414743,0.4883310329354324,0.5871404572281147,0.5230010097238436,0.5431930468432473,0.4046857750915198,0.6339502196150179,0.540149084401723,0.6289974202016578,0.5220965439168797,0.5000000038176922
2022-10-03,290.1,56.04,1,0.4952259043873597,0.4888874750848822,0.6124951205414743,0.4883310329354324,0.607558612446072,0.1477779675874039,0.4847333212448718,0.4317009878398908,0.6583377359428222,0.5216128194825934,0.906908211439,0.4088523878918718,0.5000000038176922
2022-10-04,294.9,56.97,1,0.4653628733680436,0.4888874750848822,0.6124951205414743,0.4883310329354324,0.6662354855895822,0.3855234962263652,0.4151426708374697,0.434941286059068,0.6506010790202134,0.4859821965953425,0.5671178609855289,0.4131471153938776,0.5000000038176922
2022-10-05,295.0,57.02,1,0.4596113351970532,0.4888874750848822,0.6124951205414743,0.4883310329354324,0.5636425402154658,0.5541866419826239,0.5761260862057749,0.3666591450558113,0.6411814727881142,0.5165402285324641,0.6009673185843067,0.4206311517149882,0.5000000038176922
2022-10-06,301.55,57.95,1,0.4757701591270802,0.4888874750848822,0.6124951205414743,0.4883310329354324,0.4933529132951597,0.5323714372707796,0.5014959508889881,0.375286849987238,0.5803659650591861,0.5492401973307116,0.6048751330486287,0.4329184262289874,0.5000000038176922
2022-10-07,303.5,58.09,1,0.4441580057418524,0.4888874750848822,0.6124951205414743,0.4883310329354324,0.4844018784695258,0.5677561765148204,0.5481997849929188,0.4325103048711313,0.6945267766640402,0.5408369028133,0.6009673185843067,0.4231059439209275,0.5000000038176922
2022-10-08,303.5,58.09,1,0.4956167937044969,0.4888874750848822,0.6124951205414743,0.4883310329354324,0.5871404572281147,0.5230010097238436,0.5431930468432473,0.4046857750915198,0.6339502196150179,0.540149084401723,0.6289974202016578,0.4231059439209275,0.5000000038176922
2022-10-09,303.5,58.09,1,0.4596113351970532,0.4888874750848822,0.6124951205414743,0.4883310329354324,0.5871404572281147,0.5230010097238436,0.5431930468432473,0.4046857750915198,0.6339502196150179,0.540149084401723,0.6289974202016578,0.4231059439209275,0.5000000038176922
2022-10-10,304.05,58.66,1,0.4821686572270126,0.4888874750848822,0.6124951205414743,0.4883310329354324,0.5786116376781318,0.6777737538872188,0.764005591594982,0.4252466734669993,0.7556440390645351,0.5728792253118697,0.7279791041987036,0.4189104080040955,0.5000000038176922
2022-10-11,302.3,57.36,1,0.4815859487601758,0.4888874750848822,0.6124951205414743,0.4883310329354324,0.5964453949117072,0.5493480492384097,0.4265113500373134,0.4116939677234617,0.6000497803838172,0.5660618046995808,0.5527806875107844,0.468505714493706,0.5000000038176922
2022-10-12,302.3,57.36,1,0.5005076123883901,0.4888874750848822,0.6124951205414743,0.4883310329354324,0.6215572766162887,0.5230010097238436,0.5431930468432473,0.4594505319039057,0.6339502196150179,0.540149084401723,0.6289974202016578,0.465078038200543,0.5000000038176922
2022-10-13,306.3,58.02,1,0.464786880309075,0.4888874750848822,0.6124951205414743,0.4883310329354324,0.6412781920221514,0.8128295707974165,0.7869990029195176,0.4062245023027874,0.6701868167881457,0.5813782246378485,0.6630728613838082,0.4512721248745724,0.5000000038176922
2022-10-14,297.4,55.82,1,0.4742231327348869,0.4888874750848822,0.6124951205414743,0.4883310329354324,0.5391237572879216,0.5365798519065269,0.4752511636328186,0.3673762242891557,0.5833574507518797,0.5579049714021179,0.5894259012134099,0.4798548872513099,0.5000000038176922
2022-10-15,297.4,55.82,1,0.4810034326326925,0.4888874750848822,0.6124951205414743,0.4883310329354324,0.5871404572281147,0.5230010097238436,0.5431930468432473,0.4046857750915198,0.6339502196150179,0.540149084401723,0.6289974202016578,0.4798548872513099,0.5000000038176922
2022-10-16,297.4,55.82,1,0.4603771831297525,0.4888874750848822,0.6124951205414743,0.4883310329354324,0.5871404572281147,0.5230010097238436,0.5431930468432473,0.4046857750915198,0.6339502196150179,0.540149084401723,0.6289974202016578,0.4798548872513099,0.5000000038176922
2022-10-17,286.4,54.09,1,0.4786753735188223,0.4888874750848822,0.6124951205414743,0.4883310329354324,0.6329724376743409,0.4809293238520986,0.5582797077427696,0.4046857750915198,0.5939281050518179,0.5535411094086465,0.6900732750794061,0.4595206443954506,0.5000000038176922
2022-10-18,302.45,57.49,1,0.476737929442421,0.4888874750848822,0.6124951205414743,0.4883310329354324,0.5893490098487382,0.4678297518069538,0.5481997849929188,0.3731250108146033,0.617303548197701,0.578267019213439,0.7182996106860551,0.441323497033573,0.5000000038176922
2022-10-19,295.7,56.09,1,0.4724849361807718,0.4888874750848822,0.6124951205414743,0.4883310329354324,0.5599936269558542,0.4368891918885808,0.4448830014273052,0.406998980085932,0.6157026189642468,0.5422184199416891,0.6167881066277217,0.4546198571583584,0.5000000038176922
2022-10-20,299.7,57.37,1,0.4719060839423968,0.4888874750848822,0.6124951205414743,0.4883310329354324,0.5430786537051727,0.5402825217329564,0.6445319001805824,0.4602726130226789,0.6782165762199728,0.52677763910256,0.6764191915738064,0.4298024666174798,0.5000000038176922
2022-10-21,295.3,57.36,1,0.4494891371958661,0.4888874750848822,0.6124951205414743,0.4883310329354324,0.5793988793260716,0.4683120431957343,0.620493966414071,0.4188352803561013,0.6357227319014778,0.5450045987853191,0.7477420576931942,0.4059244299669836,0.5000000038176922
2022-10-22,295.3,57.36,1,0.4257581187035983,0.4888874750848822,0.6124951205414743,0.4883310329354324,0.5871404572281147,0.5230010097238436,0.5431930468432473,0.4046857750915198,0.6339502196150179,0.540149084401723,0.6289974202016578,0.4059244299669836,0.5000000038176922
2022-10-23,295.3,57.36,1,0.4995287737281426,0.4888874750848822,0.6124951205414743,0.4883310329354324,0.5871404572281147,0.5230010097238436,0.5431930468432473,0.4046857750915198,0.6339502196150179,0.540149084401723,0.6289974202016578,0.4059244299669836,0.5000000038176922
2022-10-24,310.8,58.76,1,0.4703637687509117,0.4888874750848822,0.6124951205414743,0.4883310329354324,0.6268289137640399,0.5006745780470041,0.3076946931321376,0.3374821936401705,0.6157026189642468,0.52677763910256,0.4623769418815131,0.4697417768422484,0.5000000038176922
2022-10-25,292.8,55.09,1,0.4344718028664208,0.4888874750848822,0.6124951205414743,0.4883310329354324,0.6627729506925428,0.6269933905381085,0.5916240038660957,0.4398158692081987,0.6701868167881457,0.5287398194185906,0.5856377431417101,0.4759387791664561,0.5000000038176922
2022-10-26,284.2,52.89,1,0.4856687436946906,0.4888874750848822,0.6124951205414743,0.4883310329354324,0.5169196281739147,0.5710391528464399,0.4918903725994545,0.406998980085932,0.6254488736288167,0.554988846464188,0.5744434551012803,0.5055564928495723,0.5000000038176922
2022-10-27,294.9,55.65,1,0.5034460447930926,0.4888874750848822,0.6124951205414743,0.4883310329354324,0.6025978909873624,0.5617631769105453,0.7075355323215652,0.4062245023027874,0.6157026189642468,0.5564434938581361,0.7527667076158291,0.488973604510137,0.5000000038176922
2022-10-28,285.4,53.71,1,0.4837234582806434,0.4888874750848822,0.6124951205414743,0.4883310329354324,0.6268289137640406,0.6766064264992022,0.6526242847628968,0.4260513429063113,0.6237980410922909,0.564564100858498,0.6331357567350364,0.4659455723555731,0.5000000038176922
2022-10-29,285.4,53.71,1,0.3929492963667775,0.4888874750848822,0.6124951205414743,0.4883310329354324,0.5871404572281147,0.5230010097238436,0.5431930468432473,0.4046857750915198,0.6339502196150179,0.540149084401723,0.6289974202016578,0.4659455723555731,0.5000000038176922
2022-10-30,285.4,53.71,1,0.5327636977069634,0.4888874750848822,0.6124951205414743,0.4883310329354324,0.5871404572281147,0.5230010097238436,0.5431930468432473,0.4046857750915198,0.6339502196150179,0.540149084401723,0.6289974202016578,0.4659455723555731,0.5000000038176922
2022-10-31,292.0,56.44,1,0.5014867746920899,0.4888874750848822,0.6124951205414743,0.4883310329354324,0.5603770152277399,0.4117013063559311,0.6798754666454445,0.4668589902822456,0.7194919921628185,0.5178001255153112,0.810238748939614,0.414069277357155,0.5000000038176922
2022-11-01,281.35,55.04,1,0.4138539541617783,0.3154444524975531,0.6124951205414743,0.4883310329354324,0.5913664057049387,0.5204242857629502,0.6553303934984208,0.4966787361271683,0.6822648318960481,0.5241832279402069,0.6946928030862759,0.4002623574675774,0.5000000038176922
2022-11-02,281.35,55.04,1,0.4046158063661464,0.4888874750848822,0.6124951205414743,0.4883310329354324,0.5750823109225545,0.5230010097238436,0.5431930468432473,0.4244426670030199,0.5699817173347674,0.540149084401723,0.6289974202016578,0.3983950407697633,0.5000000038176922
2022-11-03,289.3,56.58,1,0.5473936420449709,0.4888874750848822,0.6124951205414743,0.4883310329354324,0.5508377591912406,0.5541866419826239,0.5710008735746368,0.3552254728111998,0.5818602414440938,0.5171695048845789,0.6009673185843067,0.385658197422729,0.5000000038176922
2022-11-04,287.7,57.15,1,0.5061910635458634,0.4888874750848822,0.6124951205414743,0.4883310329354324,0.5825596201254043,0.3946653626105988,0.5532287826228075,0.4867094450449138,0.6467943986504651,0.5535411094086465,0.7629164097114164,0.3609899232037326,0.5000000038176922
2022-11-05,287.7,57.15,1,0.4626765588949456,0.4888874750848822,0.6124951205414743,0.4883310329354324,0.5871404572281147,0.5230010097238436,0.5431930468432473,0.4046857750915198,0.6339502196150179,0.540149084401723,0.6289974202016578,0.3609899232037326,0.5000000038176922
2022-11-06,287.7,57.15,1,0.4576979818144522,0.4888874750848822,0.6124951205414743,0.4883310329354324,0.5871404572281147,0.5230010097238436,0.5431930468432473,0.4046857750915198,0.6339502196150179,0.540149084401723,0.6289974202016578,0.3609899232037326,0.5000000038176922
2022-11-07,288.0,55.87,1,0.4909300821118331,0.4888874750848822,0.6124951205414743,0.4883310329354324,0.5696308894593193,0.5313233661351986,0.3507505322502356,0.3695294212472614,0.6000497803838172,0.5571733837860071,0.5023738756829723,0.4042667651248,0.5000000038176922
2022-11-08,283.8,54.9,1,0.4576979818144522,0.4888874750848822,0.6124951205414743,0.4883310329354324,0.6560817043758188,0.6021091382745161,0.5916240038660957,0.3934793408395815,0.5818602414440938,0.5478209511897301,0.6208241598780461,0.3987422408615729,0.5000000038176922
2022-11-09,292.3,56.45,1,0.5028581334587744,0.4888874750848822,0.6124951205414743,0.4883310329354324,0.5466678715856301,0.5107310442553517,0.5160451918401547,0.4220348564541273,0.6141094192940628,0.5054295819789987,0.5781469844146337,0.4172800100143486,0.5000000038176922
2022-11-10,279.1,51.71,1,0.4492985604298103,0.4888874750848822,0.6124951205414743,0.4883310329354324,0.6534979762077424,0.8152685466349243,0.4196799700368182,0.3212596952847405,0.5641015977341378,0.5216128194825934,0.3957449665295256,0.488973604510137,0.5000000038176922
2022-11-11,270.5,50.65,1,0.466899851012403,0.4888874750848822,0.6124951205414743,0.4883310329354324,0.5855416602743218,0.4144800139738404,0.5307735369927706,0.4925216345710383,0.6701868167881457,0.4935147517270019,0.6415164873320401,0.4797626165027367,0.5000000038176922
2022-11-12,270.5,50.65,1,0.4491079974546522,0.4888874750848822,0.6124951205414743,0.4883310329354324,0.5871404572281147,0.5230010097238436,0.5431930468432473,0.4046857750915198,0.6339502196150179,0.540149084401723,0.6289974202016578,0.4797626165027367,0.5000000038176922
2022-11-13,270.5,50.65,1,0.5042300972160699,0.4888874750848822,0.6124951205414743,0.4883310329354324,0.5871404572281147,0.5230010097238436,0.5431930468432473,0.4046857750915198,0.6339502196150179,0.540149084401723,0.6289974202016578,0.4797626165027367,0.5000000038176922
2022-11-14,270.5,50.65,1,0.4788692517537618,0.4888874750848822,0.6124951205414743,0.4883310329354324,0.5805818917219429,0.4625382044443812,0.5039088783050337,0.3767300877893252,0.628792516742367,0.5586382470261698,0.6630728613838082,0.4830419803071704,0.5000000038176922
2022-11-15,270.5,50.65,1,0.4667076475586009,0.4888874750848822,0.6124951205414743,0.4883310329354324,0.5849436706570815,0.5230010097238436,0.5431930468432473,0.4734614956291235,0.7090256625506307,0.540149084401723,0.6289974202016578,0.4832269630699647,0.5000000038176922
2022-11-16,268.1,49.8,1,0.451204959338525,0.4888874750848822,0.6124951205414743,0.4883310329354324,0.6085959988946701,0.4814177514594212,0.4242307957639852,0.3268927469595424,0.6237980410922909,0.5197001835594623,0.5457626997668527,0.5147009406570691,0.5000000038176922
2022-11-17,286.45,52.74,1,0.4950304814990447,0.4888874750848822,0.6124951205414743,0.4883310329354324,0.5617201659169158,0.5440031914391026,0.4871146065046762,0.3680936259461803,0.6506010790202134,0.5668130452585866,0.6048751330486287,0.5257608830129782,0.5000000038176922
2022-11-18,279.05,52.0,1,0.4464415296566649,0.4888874750848822,0.6124951205414743,0.4883310329354324,0.5678875736365481,0.4534543184676439,0.5838523745760812,0.4398158692081987,0.6357227319014778,0.593247397125598,0.7783913576584898,0.5066375845406338,0.5000000038176922
2022-11-19,279.05,52.0,1,0.4833346360819395,0.4888874750848822,0.6124951205414743,0.4883310329354324,0.5871404572281147,0.5230010097238436,0.5431930468432473,0.4046857750915198,0.6339502196150179,0.540149084401723,0.6289974202016578,0.5066375845406338,0.5000000038176922
2022-11-20,279.05,52.0,1,0.4363688188191105,0.4888874750848822,0.6124951205414743,0.4883310329354324,0.5871404572281147,0.5230010097238436,0.5431930468432473,0.4046857750915198,0.6339502196150179,0.540149084401723,0.6289974202016578,0.5066375845406338,0.5000000038176922
2022-11-21,291.4,54.87,1,0.5128667806436544,0.4888874750848822,0.6124951205414743,0.4883310329354324,0.6673187385779148,0.563938503307487,0.6743918491952976,0.4317009878398908,0.5818602414440938,0.5623296155171522,0.7279791041987036,0.4774578377786742,0.5000000038176922
2022-11-22,281.0,52.22,1,0.4697858637856306,0.4888874750848822,0.6124951205414743,0.4883310329354324,0.5457222908038218,0.3750638927242501,0.3076946931321376,0.389076956373224,0.6157026189642468,0.5478209511897301,0.5563267483262089,0.4953501885182939,0.5000000038176922
2022-11-23,283.65,52.8,1,0.4889799719636382,0.4888874750848822,0.6124951205414743,0.4883310329354324,0.621346912455234,0.5520329541458028,0.583852374576083,0.4220348564541273,0.6842966594616114,0.5630728230839702,0.6674873624869875,0.4955834568931772,0.5000000038176922
2022-11-24,283.65,52.8,1,0.4426366439401204,0.4888874750848822,0.6124951205414743,0.4883310329354324,0.5871404572281147,0.5230010097238436,0.5431930468432473,0.4046857750915198,0.6339502196150179,0.540149084401723,0.6289974202016578,0.4955834568931772,0.5000000038176922
2022-11-25,287.75,53.19,1,0.4634436549124222,0.4888874750848822,0.6124951205414743,0.4883310329354324,0.568468226825709,0.563938503307487,0.5184871558960955,0.4054532238793171,0.6701868167881457,0.5380973811541659,0.5818782609498894,0.519437362517693,0.5000000038176922
2022-11-26,287.75,53.19,1,0.4993330454171143,0.4888874750848822,0.6124951205414743,0.4883310329354324,0.5871404572281147,0.5230010097238436,0.5431930468432473,0.4046857750915198,0.6339502196150179,0.540149084401723,0.6289974202016578,0.519437362517693,0.5000000038176922
2022-11-27,287.75,53.19,1,0.4665154676746751,0.4888874750848822,0.6124951205414743,0.4883310329354324,0.5871404572281147,0.5230010097238436,0.5431930468432473,0.4046857750915198,0.6339502196150179,0.540149084401723,0.6289974202016578,0.519437362517693,0.5000000038176922
2022-11-28,287.75,53.19,1,0.497572094382213,0.4888874750848822,0.6124951205414743,0.4883310329354324,0.552548195998886,0.5307999525723176,0.6231467535666833,0.4709837619480041,0.6393418816133032,0.575179313164267,0.7279791041987036,0.4985259387660886,0.5000000038176922
2022-11-29,280.45,53.01,1,0.433902897717593,0.4888874750848822,0.6124951205414743,0.4883310329354324,0.6200855679840866,0.517858842379452,0.6661974442176478,0.4148564415879984,0.6141094192940628,0.526777639102561,0.7135105114478005,0.4543933975457038,0.5000000038176922
2022-11-30,284.9,54.68,1,0.4348511236888914,0.4888874750848822,0.6124951205414743,0.4883310329354324,0.6202956912802101,0.4937124659353031,0.6553303934984208,0.434941286059068,0.6093713256906309,0.5721155569957088,0.7888744528065954,0.4167076532082415,0.5000000038176922
2022-12-01,290.7,55.85,1,0.51404612594592,0.4531279522808781,0.6124951205414743,0.4883310329354324,0.6144281195461815,0.3466807626642981,0.3837429923876632,0.2939213950094872,0.5597144794613541,0.52677763910256,0.6167881066277217,0.4165756067264655,0.5000000038176922
2022-12-02,290.7,55.85,1,0.4782876885546362,0.4888874750848822,0.6124951205414743,0.4883310329354324,0.5634501081219634,0.420051757875206,0.4196799700368182,0.4357525833861771,0.542339176286415,0.5422184199416891,0.6088141664787814,0.4316711587073655,0.5000000038176922
2022-12-03,290.7,55.85,1,0.4563596677828755,0.4888874750848822,0.6124951205414743,0.4883310329354324,0.5871404572281147,0.5230010097238436,0.5431930468432473,0.4046857750915198,0.6339502196150179,0.540149084401723,0.6289974202016578,0.4316711587073655,0.5000000038176922
2022-12-04,290.7,55.85,1,0.4769315614813683,0.4888874750848822,0.6124951205414743,0.4883310329354324,0.5871404572281147,0.5230010097238436,0.5431930468432473,0.4046857750915198,0.6339502196150179,0.540149084401723,0.6289974202016578,0.4316711587073655,0.5000000038176922
2022-12-05,293.5,55.59,1,0.4615265202288418,0.4888874750848822,0.6124951205414743,0.4883310329354324,0.6619082552322489,0.6912382464426456,0.5916240038660957,0.4001536018251294,0.5939281050518179,0.5084764535485158,0.5286331789178496,0.4595661048122543,0.5000000038176922
2022-12-06,290.5,55.13,1,0.4555952841281482,0.4888874750848822,0.6124951205414743,0.4883310329354324,0.5780219348344153,0.6883049840287969,0.7131148402820684,0.4578072202696701,0.6125234315214916,0.5813782246378474,0.6900732750794061,0.4389485925992364,0.5000000038176922
2022-12-07,284.9,54.68,1,0.5422489583233262,0.4888874750848822,0.6124951205414743,0.4883310329354324,0.5165491032411343,0.3673677249545235,0.4871146065046745,0.4553444391440245,0.6506010790202134,0.5464090530935906,0.7182996106860551,0.4254081711166689,0.5000000038176922
2022-12-08,280.65,53.85,1,0.5036420397082962,0.4888874750848822,0.6124951205414743,0.4883310329354324,0.6104664852437778,0.6105497491704214,0.61784579166211,0.4463385483715417,0.666208802432395,0.5209738535265128,0.6048751330486287,0.4345237882666418,0.5000000038176922
2022-12-09,295.85,56.46,1,0.4048041752171986,0.4888874750848822,0.6124951205414743,0.4883310329354324,0.619035564335907,0.5781847229240396,0.5456936122821002,0.3986608418979394,0.6544506460312253,0.5528198579432121,0.6088141664787814,0.4410992684612192,0.5000000038176922
2022-12-10,295.85,56.46,1,0.5050143419763811,0.4888874750848822,0.6124951205414743,0.4883310329354324,0.5871404572281147,0.5230010097238436,0.5431930468432473,0.4046857750915198,0.6339502196150179,0.540149084401723,0.6289974202016578,0.4410992684612192,0.5000000038176922
2022-12-11,295.85,56.46,1,0.5065833972071435,0.4888874750848822,0.6124951205414743,0.4883310329354324,0.5871404572281147,0.5230010097238436,0.5431930468432473,0.4046857750915198,0.6339502196150179,0.540149084401723,0.6289974202016578,0.4410992684612192,0.5000000038176922
2022-12-12,298.8,56.11,1,0.4521586965668596,0.4888874750848822,0.6124951205414743,0.4883310329354324,0.6276745378703237,0.4872984960904408,0.3815233348876538,0.3388970542710859,0.6842966594616114,0.5450045987853191,0.5354155263515141,0.4786558451894776,0.5000000038176922
2022-12-13,291.25,54.79,1,0.4655549155484265,0.4888874750848822,0.6124951205414743,0.4883310329354324,0.5364938509403835,0.4917339354049956,0.5283058579919488,0.4660347790230902,0.6525208717263086,0.5300559927172438,0.6289974202016578,0.4654432487313184,0.5000000038176922
2022-12-14,293.7,55.2,1,0.436938126943641,0.4888874750848822,0.6124951205414743,0.4883310329354324,0.5286339471536087,0.5445361362814495,0.5532287826228057,0.4062245023027874,0.6031367321424231,0.5261267307419675,0.6048751330486287,0.4585663265897652,0.5000000038176922
2022-12-15,296.45,55.7,1,0.4989416286521879,0.4888874750848822,0.6124951205414743,0.4883310329354324,0.5423243817891816,0.5371076693736133,0.5557515245539623,0.3803458164888749,0.7513504446465034,0.54852966162327,0.6373087969420228,0.4742375722193347,0.5000000038176922
2022-12-16,297.2,56.1,1,0.4310597114969429,0.4888874750848822,0.6124951205414743,0.4883310329354324,0.5619122110915915,0.5056855143962072,0.5658965105029942,0.4268566544477022,0.6304894958310898,0.579042634653848,0.7087552361286228,0.4746971515451988,0.5000000038176922
2022-12-17,297.2,56.1,1,0.4878107172740438,0.4888874750848822,0.6124951205414743,0.4883310329354324,0.5871404572281147,0.5230010097238436,0.5431930468432473,0.4046857750915198,0.6339502196150179,0.540149084401723,0.6289974202016578,0.4746971515451988,0.5000000038176922
2022-12-18,297.2,56.1,1,0.466707647558601,0.4888874750848822,0.6124951205414743,0.4883310329354324,0.5871404572281147,0.5230010097238436,0.5431930468432473,0.4046857750915198,0.6339502196150179,0.540149084401723,0.6289974202016578,0.4746971515451988,0.5000000038176922
2022-12-19,304.55,57.38,1,0.4575067430854486,0.4888874750848822,0.6124951205414743,0.4883310329354324,0.5790051180479622,0.5158142321412573,0.5209341473343058,0.3459827432601349,0.5969807112258781,0.5146603390171998,0.5856377431417101,0.465078038200543,0.5000000038176922
2022-12-20,290.3,55.74,1,0.4732571676877138,0.4888874750848822,0.6124951205414743,0.4883310329354324,0.559418846692084,0.4209822821187548,0.6099292201585393,0.4569859976166744,0.6701868167881457,0.5353883395109478,0.7680413800767172,0.4231059439209275,0.5000000038176922
2022-12-21,288.3,55.47,1,0.4858633770880895,0.4888874750848822,0.6124951205414743,0.4883310329354324,0.6606119284100884,0.4789780432922641,0.5184871558960973,0.4196339198485351,0.7152952534498491,0.529397088893679,0.6289974202016578,0.4236811208691662,0.5000000038176922
2022-12-22,297.1,57.39,1,0.4384567521856696,0.4888874750848822,0.6124951205414743,0.4883310329354324,0.5927836279834205,0.470726695946477,0.525843439994853,0.3680936259461803,0.6221591613463359,0.5241832279402069,0.6373087969420228,0.4085461692357482,0.5000000038176922
2022-12-23,290.0,56.16,1,0.4909300821118331,0.4888874750848822,0.6124951205414743,0.4883310329354324,0.590154915029849,0.6556951048599671,0.6881314929526343,0.444705579037036,0.6782165762199728,0.5557153114333826,0.6630728613838074,0.4079776710167949,0.5000000038176922
2022-12-24,290.0,56.16,1,0.464786880309075,0.4888874750848822,0.6124951205414743,0.4883310329354324,0.5871404572281147,0.5230010097238436,0.5431930468432473,0.4046857750915198,0.6339502196150179,0.540149084401723,0.6289974202016578,0.4079776710167949,0.5000000038176922
2022-12-25,290.0,56.16,1,0.485474129024159,0.4888874750848822,0.6124951205414743,0.4883310329354324,0.5871404572281147,0.5230010097238436,0.5431930468432473,0.4046857750915198,0.6339502196150179,0.540149084401723,0.6289974202016578,0.4079776710167949,0.5000000038176922
2022-12-26,290.0,56.16,1,0.4554042290370727,0.4888874750848822,0.6124951205414743,0.4883310329354324,0.5871404572281147,0.5230010097238436,0.5431930468432473,0.4046857750915198,0.6339502196150179,0.540149084401723,0.6289974202016578,0.4079776710167949,0.5000000038176922
2022-12-27,286.6,54.24,1,0.4932723407836292,0.4888874750848822,0.6124951205414743,0.4883310329354324,0.5651835993657578,0.5209387092365394,0.3572985008859156,0.4188352803561013,0.700717042684296,0.6013302664392584,0.5457626997668532,0.4649867507951199,0.5000000038176922
2022-12-28,288.45,54.91,1,0.463827327289687,0.4888874750848822,0.6124951205414743,0.4883310329354324,0.5923782997580058,0.6574302190938128,0.7187095623100894,0.4867094450449138,0.6965860791048814,0.527430111976977,0.6543469336664988,0.4535331967340967,0.5000000038176922
2022-12-29,286.85,54.33,1,0.4921009291869497,0.4888874750848822,0.6124951205414743,0.4883310329354324,0.6115073667725222,0.5726842444399187,0.5431930468432473,0.4109068535078266,0.6125234315214916,0.517169504884578,0.570767225967824,0.461886601455358,0.5000000038176922
2022-12-30,286.85,54.33,1,0.4829458944778608,0.4888874750848822,0.6124951205414743,0.4883310329354324,0.5678875736365481,0.5230010097238436,0.5431930468432473,0.4292762516111501,0.6271130947983594,0.540149084401723,0.6289974202016578,0.461886601455358,0.5000000038176922
2022-12-31,286.85,54.33,1,0.4759636604858001,0.4888874750848822,0.6124951205414743,0.4883310329354324,0.5871404572281147,0.5230010097238436,0.5431930468432473,0.4046857750915198,0.6339502196150179,0.540149084401723,0.6289974202016578,0.461886601455358,0.5000000038176922
2023-01-01,286.85,54.33,1,0.5091346730750639,0.4822858801591135,0.6124951205414743,0.5713923161119461,0.5871404572281147,0.5230010097238436,0.5431930468432473,0.4046857750915198,0.6339502196150179,0.540149084401723,0.6289974202016578,0.461886601455358,0.5000000038176922
2023-01-02,286.85,54.33,1,0.4599942221034518,0.4888874750848822,0.6124951205414743,0.4883310329354324,0.5871404572281147,0.5230010097238436,0.5431930468432473,0.4046857750915198,0.6339502196150179,0.540149084401723,0.6289974202016578,0.461886601455358,0.5000000038176922
2023-01-03,293.45,53.86,1,0.4642110841148698,0.4888874750848822,0.6124951205414743,0.4883310329354324,0.6028039390354553,0.5011741926717941,0.2802251703279521,0.3135292839513388,0.5833574507518797,0.540149084401723,0.4564890125109535,0.5529803283412558,0.5000000038176922
2023-01-04,288.2,52.84,1,0.4619097871533515,0.4888874750848822,0.6124951205414743,0.4883310329354324,0.6096346592155496,0.5590505383265632,0.5658965105029924,0.3788981603277372,0.5323155447264202,0.5601098242324749,0.6415164873320401,0.5296255428647028,0.5000000038176922
2023-01-05,284.95,53.14,1,0.464786880309075,0.4888874750848822,0.6124951205414743,0.4883310329354324,0.580779318431776,0.4214477514032403,0.5916240038660938,0.3673762242891557,0.6271130947983594,0.6488636144121228,0.8950453221864397,0.4917627157227365,0.5000000038176922
2023-01-06,289.75,55.26,1,0.4405460088146082,0.4888874750848822,0.6124951205414743,0.4883310329354324,0.6978619333232384,0.3646582202825545,0.5786964213368587,0.475114470057139,0.6430378633267847,0.5254773702599211,0.7836162852303141,0.4345684094873561,0.5000000038176922
2023-01-07,289.75,55.26,1,0.502074424740894,0.4888874750848822,0.6124951205414743,0.4883310329354324,0.5871404572281147,0.5230010097238436,0.5431930468432473,0.4046857750915198,0.6339502196150179,0.540149084401723,0.6289974202016578,0.4345684094873561,0.5000000038176922
2023-01-08,289.75,55.26,1,0.4825572345049563,0.4888874750848822,0.6124951205414743,0.4883310329354324,0.5871404572281147,0.5230010097238436,0.5431930468432473,0.4046857750915198,0.6339502196150179,0.540149084401723,0.6289974202016578,0.4345684094873561,0.5000000038176922
2023-01-09,271.85,51.73,1,0.463827327289687,0.4888874750848822,0.6124951205414743,0.4883310329354324,0.6011572217773177,0.4976835157209596,0.5014959508889898,0.3927434747021893,0.6254488736288167,0.5248295413327781,0.5970901873323995,0.4476622843845922,0.5000000038176922
2023-01-10,287.5,55.27,1,0.4938582531827817,0.4888874750848822,0.6124951205414743,0.4883310329354324,0.621346912455234,0.4625382044443812,0.5710008735746368,0.3942161655643996,0.6506010790202134,0.5443051938027094,0.7087552361286228,0.4231501793137212,0.5000000038176922
2023-01-11,287.15,55.37,1,0.4445384679359823,0.4888874750848822,0.6124951205414743,0.4883310329354324,0.5519777452017136,0.4784908235274553,0.525843439994853,0.4300839469543501,0.6411814727881142,0.5307165492185373,0.6373087969420228,0.4057061934872276,0.5000000038176922
2023-01-12,289.8,56.89,1,0.5167993372408306,0.4888874750848822,0.6124951205414743,0.4883310329354324,0.6083884187486202,0.5644830467722852,0.7497497788499343,0.4875391858462821,0.7556440390645351,0.5184321033607342,0.7377933674273796,0.3832977495045475,0.5000000038176922
2023-02-01,291.1,57.19,1,0.448345882214748,0.4341543333606884,0.6124951205414743,0.4883310329354324,0.5647980644777675,0.3489200415339034,0.3815233348876554,0.3986608418979394,0.7132019163393329,0.4730137098717988,0.5527806875107844,0.3605689290285995,0.5000000038176922
2023-02-02,290.1,57.61,1,0.4565508049652289,0.4888874750848822,0.6124951205414743,0.4883310329354324,0.5960373546676608,0.4510749858785848,0.5608132924257623,0.4406298197806782,0.5969807112258781,0.4946877696615654,0.6457587750176413,0.3587603167416098,0.5000000038176922
2023-02-03,286.4,55.73,1,0.4887850530936172,0.4888874750848822,0.6124951205414743,0.4883310329354324,0.598080333455764,0.5245526701945669,0.3837429923876632,0.3979168380847812,0.6506010790202134,0.5360628238525731,0.5023738756829723,0.4023065168170937,0.5000000038176922
2023-02-04,286.4,55.73,1,0.502074424740894,0.4888874750848822,0.6124951205414743,0.4883310329354324,0.5871404572281147,0.5230010097238436,0.5431930468432473,0.4046857750915198,0.6339502196150179,0.540149084401723,0.6289974202016578,0.4023065168170937,0.5000000038176922
2023-02-05,286.4,55.73,1,0.4611433312391585,0.4888874750848822,0.6124951205414743,0.4883310329354324,0.5871404572281147,0.5230010097238436,0.5431930468432473,0.4046857750915198,0.6339502196150179,0.540149084401723,0.6289974202016578,0.4023065168170937,0.5000000038176922
2023-02-06,293.1,56.63,1,0.4592285215140442,0.4888874750848822,0.6124951205414743,0.4883310329354324,0.5533092795848303,0.5881479175424057,0.5431930468432473,0.3724051667019148,0.6449093073492219,0.549952546797535,0.5932432175904532,0.3997844106976002,0.5000000038176922
2023-02-07,289.25,55.64,1,0.4864473885152868,0.4888874750848822,0.6124951205414743,0.4883310329354324,0.6489855106898273,0.4976835157209596,0.4823563764961658,0.392008518026216,0.6015909229160447,0.5235384143571504,0.5781469844146337,0.4277588435458676,0.5000000038176922
2023-02-08,296.6,57.16,1,0.4580805111547411,0.4888874750848822,0.6124951205414743,0.4883310329354324,0.7911437556375669,0.5158142321412559,0.5532287826228057,0.4156501332970412,0.6681945292747496,0.5422184199416891,0.6457587750176413,0.4235926156292186,0.5000000038176922
2023-02-09,295.15,56.01,1,0.4934676297834937,0.4888874750848822,0.6124951205414743,0.4883310329354324,0.503628346307735,0.5748813605256167,0.4634921249045076,0.3986608418979394,0.5848576804729673,0.6220944717394341,0.6088141664787814,0.4642110537307906,0.5000000038176922
2023-02-10,295.0,56.48,1,0.4831402551414136,0.4888874750848822,0.6124951205414743,0.4883310329354324,0.6106745645815819,0.5531091663399534,0.6499224838338054,0.475114470057139,0.7111120279279984,0.5450045987853191,0.6993463365640427,0.4299803231203689,0.5000000038176922
2023-02-11,295.0,56.48,1,0.4921009291869497,0.4888874750848822,0.6124951205414743,0.4883310329354324,0.5871404572281147,0.5230010097238436,0.5431930468432473,0.4046857750915198,0.6339502196150179,0.540149084401723,0.6289974202016578,0.4299803231203689,0.5000000038176922
2023-02-12,295.0,56.48,1,0.4384567521856697,0.4888874750848822,0.6124951205414743,0.4883310329354324,0.5871404572281147,0.5230010097238436,0.5431930468432473,0.4046857750915198,0.6339502196150179,0.540149084401723,0.6289974202016578,0.4299803231203689,0.5000000038176922
2023-03-01,273.85,52.7,1,0.4432070641653363,0.2123335707970284,0.6124951205414743,0.4883310329354324,0.589751783024494,0.26084292944013,0.3312501697833602,0.2925242908837593,0.4041237595017344,0.5457058893644512,0.6719361555492988,0.4142010685013506,0.5000000038176922
2023-03-02,273.85,52.7,1,0.5065833972071434,0.4888874750848822,0.6124951205414743,0.4883310329354324,0.6329724376743414,0.5482763780648177,0.5532287826228075,0.4528843837047048,0.6157026189642468,0.5579049714021179,0.6373087969420228,0.42354836525647,0.5000000038176922
2023-03-03,273.85,52.7,1,0.454067290960076,0.4888874750848822,0.6124951205414743,0.4883310329354324,0.564027536648231,0.5488120480434752,0.5761260862057731,0.434941286059068,0.6924717385430237,0.5307165492185373,0.6289974202016578,0.4213377561625528,0.5000000038176922
2023-03-04,273.85,52.7,1,0.4672843293694537,0.4888874750848822,0.6124951205414743,0.4883310329354324,0.5871404572281147,0.5230010097238436,0.5431930468432473,0.4046857750915198,0.6339502196150179,0.540149084401723,0.6289974202016578,0.4213377561625528,0.5000000038176922
2023-03-05,273.85,52.7,1,0.5028581334587744,0.4888874750848822,0.6124951205414743,0.4883310329354324,0.5871404572281147,0.5230010097238436,0.5431930468432473,0.4046857750915198,0.6339502196150179,0.540149084401723,0.6289974202016578,0.4213377561625528,0.5000000038176922
2023-03-06,273.85,52.7,1,0.4763507426974251,0.4888874750848822,0.6124951205414743,0.4883310329354324,0.5795958666280229,0.5041787280661143,0.5761260862057749,0.4373765675925664,0.5818602414440938,0.5353883395109478,0.6674873624869875,0.4028289555167924,0.5000000038176922
2023-03-07,266.95,51.43,1,0.451967919794669,0.4888874750848822,0.6124951205414743,0.4883310329354324,0.5368692348121338,0.4663841361557573,0.4518326955377935,0.365225930472739,0.6157026189642468,0.5197001835594623,0.5744434551012803,0.4193073007801756,0.5000000038176922
2023-03-08,266.95,51.43,1,0.4468222951223918,0.4888874750848822,0.6124951205414743,0.4883310329354324,0.5811743982430386,0.5001752828706113,0.5994400868965313,0.4116939677234617,0.5788745388756356,0.5535411094086465,0.7135105114478005,0.3993066434584763,0.5000000038176922
2023-03-09,276.8,53.92,1,0.4934676297834937,0.4888874750848822,0.6124951205414743,0.4883310329354324,0.5047323752279104,0.4966889633999229,0.5307735369927706,0.3839736829531354,0.5481022667686092,0.504218843192701,0.5970901873323995,0.4076716608050152,0.5000000038176922
2023-03-10,282.2,54.11,1,0.5026621876413848,0.4888874750848822,0.6124951205414743,0.4883310329354324,0.5346184803124687,0.5541866419826239,0.4495123684912122,0.3934793408395815,0.7364039933498197,0.5300559927172438,0.5219403273299663,0.4306474990503133,0.5000000038176922
2023-03-11,282.2,54.11,1,0.4464415296566649,0.4888874750848822,0.6124951205414743,0.4883310329354324,0.5871404572281147,0.5230010097238436,0.5431930468432473,0.4046857750915198,0.6339502196150179,0.540149084401723,0.6289974202016578,0.4306474990503133,0.5000000038176922
2023-03-12,282.2,54.11,1,0.4678612283799903,0.4888874750848822,0.6124951205414743,0.4883310329354324,0.5871404572281147,0.5230010097238436,0.5431930468432473,0.4046857750915198,0.6339502196150179,0.540149084401723,0.6289974202016578,0.4306474990503133,0.5000000038176922
2023-04-01,282.2,54.11,1,0.4659390676416361,0.3440020859595326,0.6124951205414743,0.4605866650366154,0.5871404572281147,0.5230010097238436,0.5431930468432473,0.4046857750915198,0.6339502196150179,0.540149084401723,0.6289974202016578,0.4306474990503133,0.5000000038176922
2023-04-02,282.2,54.11,1,0.4782876885546362,0.4888874750848822,0.6124951205414743,0.4883310329354324,0.5871404572281147,0.5230010097238436,0.5431930468432473,0.4046857750915198,0.6339502196150179,0.540149084401723,0.6289974202016578,0.4306474990503133,0.5000000038176922
2023-04-03,296.85,58.5,1,0.4479649057329997,0.4888874750848822,0.6124951205414743,0.4883310329354324,0.924764465933801,0.0,0.2202487439943034,0.3695294212472614,0.9197835913334504,0.3814776343345916,0.5818782609498887,0.3641520340626187,0.5000000038176922
2023-04-04,294.25,57.84,1,0.4940535874394792,0.4888874750848822,0.6124951205414743,0.4883310329354324,0.6425601534359825,0.5011741926717941,0.5039088783050345,0.3688113561474047,0.6078044469805547,0.4631488073833613,0.5219403273299663,0.3677033597399135,0.5000000038176922
2023-04-05,290.3,57.44,1,0.4883952667791106,0.4888874750848822,0.6124951205414743,0.4883310329354324,0.6306387040470055,0.4804411406661735,0.5507115223902416,0.3898086807980062,0.6271130947983594,0.5248295413327781,0.6500356077019543,0.3518870881571622,0.5000000038176922
2023-04-06,294.15,58.13,1,0.4649788559106,0.4888874750848822,0.6124951205414743,0.4883310329354324,0.5853422386683528,0.4256432788845523,0.4402684661706956,0.3602190320701845,0.5758999278560833,0.4988247248253331,0.5744434551012803,0.3615374338568417,0.5000000038176922
2023-04-07,294.15,58.13,1,0.4392163259553823,0.4888874750848822,0.6124951205414743,0.4883310329354324,0.5871404572281147,0.5230010097238436,0.5431930468432473,0.4046857750915198,0.6339502196150179,0.540149084401723,0.6289974202016578,0.3615374338568417,0.5000000038176922
2023-04-08,294.15,58.13,1,0.5083494633644726,0.4888874750848822,0.6124951205414743,0.4883310329354324,0.5871404572281147,0.5230010097238436,0.5431930468432473,0.4046857750915198,0.6339502196150179,0.540149084401723,0.6289974202016578,0.3615374338568417,0.5000000038176922
2023-04-09,294.15,58.13,1,0.472677947919243,0.4888874750848822,0.6124951205414743,0.4883310329354324,0.5871404572281147,0.5230010097238436,0.5431930468432473,0.4046857750915198,0.6339502196150179,0.540149084401723,0.6289974202016578,0.3615374338568417,0.5000000038176922
2023-04-10,284.9,56.19,1,0.4746097218843155,0.4888874750848822,0.6124951205414743,0.4883310329354324,0.5427014602498836,0.4284467235813747,0.4379666807929849,0.4024072805928778,0.7173919681120824,0.487130983701491,0.5527806875107844,0.3651233948356792,0.5000000038176922
2023-04-11,293.0,58.52,1,0.461334916054597,0.4888874750848822,0.6124951205414743,0.4883310329354324,0.5649908091557797,0.408927248223448,0.5184871558960955,0.434941286059068,0.6141094192940628,0.4757966084662119,0.6248937263164571,0.3399943389382539,0.5000000038176922
2023-04-12,291.55,58.97,1,0.4878107172740438,0.4888874750848822,0.6124951205414743,0.4883310329354324,0.5901549150298495,0.434539109538402,0.5456936122820992,0.407776207343429,0.6721853998295578,0.4970456733777096,0.6543469336664995,0.3044214410435311,0.5000000038176922
2023-05-01,291.55,58.97,1,0.4565508049652289,0.4124490638947999,0.6124951205414743,0.4883310329354324,0.4929868596040758,0.5230010097238436,0.5431930468432473,0.2771833361789254,0.5337429332459769,0.540149084401723,0.6289974202016578,0.3331869923804541,0.5000000038176922
2023-05-02,273.35,54.16,1,0.5020744247408939,0.4888874750848822,0.6124951205414743,0.4883310329354324,0.5661482413687936,0.2224759571434532,0.1282886304425975,0.3559380751392714,0.6237980410922909,0.0,0.0,0.3538528521919487,0.5000000038176922
2023-05-03,262.3,52.55,1,0.4407360087249521,0.4888874750848822,0.6124951205414743,0.4883310329354324,0.5091548091836005,0.420051757875206,0.5160451918401547,0.4260513429063113,0.69042108097368,0.5171695048845789,0.658692701759379,0.3356578426222298,0.5000000038176922
2023-05-04,260.45,52.16,1,0.4695932829293816,0.4888874750848822,0.6124951205414743,0.4883310329354324,0.6397839296754495,0.5568857647677661,0.5735608917914473,0.4054532238793171,0.6430378633267847,0.4620668276161903,0.5320130023532845,0.3304340109399681,0.5000000038176922
2023-05-05,269.6,54.53,1,0.4749964239779435,0.4888874750848822,0.6124951205414743,0.4883310329354324,0.611299093923263,0.5743316929538552,0.6661974442176488,0.4652108224430016,0.6863334069600104,0.5060366484986486,0.6331357567350356,0.3180239698101463,0.5000000038176922
2023-05-06,269.6,54.53,0,0.5146359356894561,0.4888874750848822,0.6124951205414743,0.4883310329354324,0.5871404572281147,0.5230010097238436,0.5431930468432473,0.4046857750915198,0.6339502196150179,0.540149084401723,0.6289974202016578,0.3180239698101463,0.5000000038176922
2023-05-07,269.6,54.53,0,0.4713274999328861,0.4888874750848822,0.6124951205414743,0.4883310329354324,0.5871404572281147,0.5230010097238436,0.5431930468432473,0.4046857750915198,0.6339502196150179,0.540149084401723,0.6289974202016578,0.3180239698101463,0.5000000038176922
2023-05-08,274.35,54.72,0,0.4559774431204435,0.4888874750848822,0.6124951205414743,0.4883310329354324,0.598080333455764,0.6389967548086932,0.5481997849929197,0.3964329717688031,0.6583377359428222,0.5036151522245504,0.5252757276259028,0.3417748379835097,0.5000000038176922
2023-05-09,272.55,54.64,0,0.4730640639202365,0.4888874750848822,0.6124951205414743,0.4883310329354324,0.5669207981577419,0.5302769580361832,0.5890284784785182,0.348112368323486,0.5466589503529053,0.4626074772178925,0.5527806875107838,0.3320768037250944,0.5000000038176922
2023-05-10,274.7,55.48,0,0.4911251833719713,0.4888874750848822,0.6124951205414743,0.4883310329354324,0.6005407035060567,0.4458559829112953,0.5160451918401547,0.3745658438257178,0.6583377359428222,0.5184321033607342,0.6373087969420236,0.3142134792460572,0.5000000038176922
2023-05-11,271.25,54.88,0,0.4690156994571807,0.4888874750848822,0.6124951205414743,0.4883310329354324,0.552548195998886,0.5568857647677661,0.5890284784785182,0.4093376345972629,0.553893317445214,0.4545671256972183,0.528633178917849,0.3090047484010707,0.5000000038176922
2023-05-12,272.55,55.32,0,0.4699784715473702,0.4888874750848822,0.6124951205414743,0.4883310329354324,0.6165198174539034,0.4256432788845523,0.46583581631618,0.3595048839004672,0.6393418816133032,0.5471140777219675,0.6543469336664995,0.3049833062812084,0.5000000038176922
2023-06-01,243.9,48.65,0,0.4695932829293816,0.2574894228011045,0.6124951205414743,0.4883310329354324,0.4961003012680623,0.2904733668359005,0.2141388813454319,0.0,0.4000986393662152,0.2956839325797232,0.2874256145863403,0.3435580134402957,1.0
2023-06-02,248.3,50.09,0,0.4792570788430926,0.4888874750848822,0.6124951205414743,0.4883310329354324,0.6965451903595712,0.5672099632059311,0.6661974442176478,0.4643871236857387,0.7685822161766279,0.5280841663207471,0.6674873624869875,0.3201780154984069,0.5000000038176922
2023-06-03,248.3,50.09,0,0.4682459509928099,0.4888874750848822,0.6124951205414743,0.4883310329354324,0.5871404572281147,0.5230010097238436,0.5431930468432473,0.4046857750915198,0.6339502196150179,0.540149084401723,0.6289974202016578,0.3201780154984069,0.5000000038176922
2023-06-04,248.3,50.09,0,0.4617181438863936,0.4888874750848822,0.6124951205414743,0.4883310329354324,0.5871404572281147,0.5230010097238436,0.5431930468432473,0.4046857750915198,0.6339502196150179,0.540149084401723,0.6289974202016578,0.3201780154984069,0.5000000038176922
2023-06-05,248.85,50.51,0,0.4565508049652289,0.4888874750848822,0.6124951205414743,0.4883310329354324,0.606522530101533,0.58039198257328,0.6445319001805824,0.4001536018251294,0.5626371165126348,0.5340447898129117,0.6500356077019543,0.3087630599289416,0.5000000038176922
2023-06-06,244.9,49.85,0,0.4622931330280641,0.4888874750848822,0.6124951205414743,0.4883310329354324,0.5506478787519412,0.4996763047373467,0.5382087617283808,0.4196339198485351,0.7173919681120824,0.5721155569957088,0.6809364220760711,0.3021767689507875,0.5000000038176922
2023-06-07,244.4,49.62,0,0.4835290371707124,0.4888874750848822,0.6124951205414743,0.4883310329354324,0.5531189565963852,0.5397524467265906,0.5431930468432473,0.4093376345972629,0.6093713256906309,0.5171695048845785,0.5894259012134099,0.3065901732962669,0.5000000038176922
2023-06-08,244.4,49.62,0,0.4640191950725693,0.4888874750848822,0.6124951205414743,0.4883310329354324,0.6461980684364722,0.5230010097238436,0.5431930468432473,0.4430741046093937,0.680238081473769,0.540149084401723,0.6289974202016578,0.3065901732962669,0.5000000038176922
2023-06-09,251.1,51.5,0,0.4846958598103121,0.4888874750848822,0.6124951205414743,0.4883310329354324,0.5752778425707064,0.5061884639373162,0.5968298397191647,0.4586287330273885,0.5954524305363847,0.5408369028133004,0.6764191915738064,0.2888813440366518,0.5000000038176922
2023-06-10,251.1,51.5,0,0.4765443231108475,0.4888874750848822,0.6124951205414743,0.4883310329354324,0.5871404572281147,0.5230010097238436,0.5431930468432473,0.4046857750915198,0.6339502196150179,0.540149084401723,0.6289974202016578,0.2888813440366518,0.5000000038176922
2023-06-11,251.1,51.5,0,0.4973765012902861,0.4888874750848822,0.6124951205414743,0.4883310329354324,0.5871404572281147,0.5230010097238436,0.5431930468432473,0.4046857750915198,0.6339502196150179,0.540149084401723,0.6289974202016578,0.2888813440366518,0.5000000038176922
2023-06-12,237.65,48.84,0,0.4653628733680436,0.4888874750848822,0.6124951205414743,0.4883310329354324,0.4862257546405483,0.5281892377300543,0.5633522394993797,0.3942161655643996,0.7385311456309832,0.5429120914220548,0.641516487332041,0.2818602062202515,0.5000000038176922
2023-07-01,237.65,48.84,0,0.4318176795301568,0.7987815025492666,0.6124951205414743,0.4184774147419502,0.5871404572281147,0.5230010097238436,0.5431930468432473,0.4046857750915198,0.6339502196150179,0.540149084401723,0.6289974202016578,0.2818602062202515,0.5000000038176922
2023-07-02,237.65,48.84,0,0.4634436549124222,0.4888874750848822,0.6124951205414743,0.4883310329354324,0.5871404572281147,0.5230010097238436,0.5431930468432473,0.4046857750915198,0.6339502196150179,0.540149084401723,0.6289974202016578,0.2818602062202515,0.5000000038176922
2023-07-03,259.05,53.92,0,0.4724849361807718,0.4888874750848822,0.6124951205414743,0.4883310329354324,0.7294218477605983,0.8723742522956521,1.0,1.0,0.2983502006111811,0.6839936738285182,0.883312508735039,0.2609867717080453,0.5000000038176922
2023-07-04,259.05,53.92,0,0.4792570788430926,0.4888874750848822,0.6124951205414743,0.4883310329354324,0.5871404572281147,0.5230010097238436,0.5431930468432473,0.4046857750915198,0.6339502196150179,0.540149084401723,0.6289974202016578,0.2609867717080453,0.5000000038176922
2023-07-05,244.7,50.51,0,0.4628683021585936,0.4888874750848822,0.6124951205414743,0.4883310329354324,0.5436446611167673,0.5601347137601296,0.5160451918401538,0.407776207343429,0.577385884565295,0.5837267904006074,0.6373087969420228,0.2765649467249556,0.5000000038176922
2023-07-06,257.3,52.23,0,0.4780938821880386,0.4888874750848822,0.6124951205414743,0.4883310329354324,0.5754734357123193,0.6701964206844865,0.5582797077427696,0.3452732843910244,0.7859577459473464,0.4917624780288657,0.5055833331069705,0.3049030227368516,0.5000000038176922
2023-07-07,256.25,52.74,0,0.4694007287429635,0.4888874750848822,0.6124951205414743,0.4883310329354324,0.562296428225224,0.4075419342671184,0.5209341473343067,0.3452732843910244,0.5939281050518179,0.579042634653848,0.7477420576931934,0.2860754190675139,0.5000000038176922
2023-07-08,256.25,52.74,0,0.4796449989406138,0.4888874750848822,0.6124951205414743,0.4883310329354324,0.5871404572281147,0.5230010097238436,0.5431930468432473,0.4046857750915198,0.6339502196150179,0.540149084401723,0.6289974202016578,0.2860754190675139,0.5000000038176922
2023-07-09,256.25,52.74,0,0.4897598167383462,0.4888874750848822,0.6124951205414743,0.4883310329354324,0.5871404572281147,0.5230010097238436,0.5431930468432473,0.4046857750915198,0.6339502196150179,0.540149084401723,0.6289974202016578,0.2860754190675139,0.5000000038176922
2023-07-10,254.7,52.14,0,0.4874211053638645,0.4888874750848822,0.6124951205414743,0.4883310329354324,0.5746914305072873,0.5704913185487275,0.5507115223902407,0.4950153576618394,0.7152952534498491,0.5340447898129113,0.5970901873324007,0.2963057063597337,0.5000000038176922
2023-07-11,257.15,52.93,0,0.4649788559106,0.4888874750848822,0.6124951205414743,0.4883310329354324,0.607558612446072,0.6935872849881325,0.7554413158426805,0.4561650691684224,0.6411814727881142,0.5048236500169393,0.6088141664787814,0.2789152309911525,0.5000000038176922
2023-07-12,258.0,53.55,0,0.4874211053638645,0.4888874750848822,0.6124951205414743,0.4883310329354324,0.5676941212472778,0.3887180826290062,0.4611524166370945,0.3261880854434127,0.5026476108968712,0.5436076870638893,0.6764191915738071,0.2651215435408586,0.5000000038176922
2023-08-01,240.1,50.11,0,0.5042300972160699,0.7144002459710952,0.6124951205414743,0.4883310329354324,0.989542520675064,0.6941748794003048,0.7611472575793756,0.2417873806100187,0.3363496893326211,0.4492860335134203,0.5320130023532845,0.2546036560649319,0.5000000038176922
2023-08-02,242.1,50.4,0,0.4390264159725274,0.4888874750848822,0.6124951205414743,0.4883310329354324,0.5841476113974166,0.5204242857629487,0.5209341473343067,0.3745658438257178,0.5788745388756356,0.5060366484986486,0.5744434551012803,0.262646488892424,0.5000000038176922
2023-08-03,232.4,47.54,0,0.4674766046498778,0.4888874750848822,0.257665114695862,0.4883310329354324,0.6517775613366117,0.5699437511499423,0.458816655094507,0.4220348564541273,0.5863610232859784,0.5579049714021179,0.5744434551012803,0.3039801712010901,0.5000000038176922
2023-08-04,240.2,49.33,0,0.4775126097856029,0.4888874750848822,0.6124951205414743,0.4883310329354324,0.6323355598846554,0.5504210372809197,0.6020551788179935,0.4204334185370771,0.6602940242590092,0.5216128194825934,0.6208241598780461,0.286588647723515,0.5000000038176922
2023-08-05,240.2,49.33,0,0.4905399281417195,0.4888874750848822,0.6124951205414743,0.4883310329354324,0.5871404572281147,0.5230010097238436,0.5431930468432473,0.4046857750915198,0.6339502196150179,0.540149084401723,0.6289974202016578,0.286588647723515,0.5000000038176922
2023-08-06,240.2,49.33,0,0.492686565454011,0.4888874750848822,0.6124951205414743,0.4883310329354324,0.5871404572281147,0.5230010097238436,0.5431930468432473,0.4046857750915198,0.6339502196150179,0.540149084401723,0.6289974202016578,0.286588647723515,0.5000000038176922
2023-08-07,237.7,48.55,0,0.4538763627439947,0.4888874750848822,0.6124951205414743,0.4883310329354324,0.6543588085646822,0.4843535328489597,0.46583581631618,0.2939213950094872,0.6205310694144502,0.5360628238525735,0.6009673185843067,0.2971425517590227,0.5000000038176922
2023-08-08,238.0,48.6,0,0.4622931330280641,0.4888874750848822,0.6124951205414743,0.4883310329354324,0.5260233020783868,0.4819064249471678,0.4990876845521031,0.4212337414682892,0.6602940242590092,0.5287398194185906,0.6127849691955641,0.2970229641239319,0.5000000038176922
2023-08-09,237.35,48.36,0,0.4753832370308145,0.4888874750848822,0.6124951205414743,0.4883310329354324,0.615682608361255,0.5355253767993496,0.5382087617283808,0.4101213611278833,0.6031367321424231,0.5408369028133004,0.6208241598780455,0.2979800226930329,0.5000000038176922
2023-08-10,233.95,47.94,0,0.4940535874394792,0.4888874750848822,0.6124951205414743,0.4883310329354324,0.5544519561994468,0.5386934084512424,0.604675084977282,0.3949540035404579,0.6506010790202134,0.5190654515797124,0.6289974202016578,0.294156688830922,0.5000000038176922
2023-08-11,230.1,46.94,0,0.4582718019653462,0.4888874750848822,0.6124951205414743,0.4883310329354324,0.6065225301015336,0.5092135803586664,0.4942849424542813,0.3616481478344872,0.5788745388756356,0.5535411094086471,0.6248937263164571,0.299097624082099,0.5000000038176922
2023-08-12,230.1,46.94,0,0.4734503015772012,0.4888874750848822,0.6124951205414743,0.4883310329354324,0.5871404572281147,0.5230010097238436,0.5431930468432473,0.4046857750915198,0.6339502196150179,0.540149084401723,0.6289974202016578,0.299097624082099,0.5000000038176922
2023-09-01,199.65,40.43,0,0.4759636604858002,0.6987484400194806,0.6124951205414743,0.4883310329354324,0.5331200074440389,0.800657181073057,0.7497497788499352,0.5091757255855808,0.5729358286396035,0.6204052371361929,0.6854877990742375,0.3157928928670421,1.0
2023-09-02,199.65,40.43,0,0.4492985604298102,0.4888874750848822,0.6124951205414743,0.4883310329354324,0.5871404572281147,0.5230010097238436,0.5431930468432473,0.4046857750915198,0.6339502196150179,0.540149084401723,0.6289974202016578,0.3157928928670421,0.5000000038176922
2023-09-03,199.65,40.43,0,0.5136529700106575,0.4888874750848822,0.6124951205414743,0.4883310329354324,0.5871404572281147,0.5230010097238436,0.5431930468432473,0.4046857750915198,0.6339502196150179,0.540149084401723,0.6289974202016578,0.3157928928670421,0.5000000038176922
2023-09-04,199.65,40.43,0,0.4880055496537575,0.4888874750848822,0.6124951205414743,0.4883310329354324,0.5871404572281147,0.5230010097238436,0.5431930468432473,0.4046857750915198,0.6339502196150179,0.540149084401723,0.6289974202016578,0.3157928928670421,0.5000000038176922
2023-09-05,201.0,40.36,0,0.4575067430854486,0.4888874750848822,0.6124951205414743,0.4883310329354324,0.580187261722395,0.4971860879052447,0.4564848044574009,0.392008518026216,0.6822648318960481,0.5485296616232704,0.6009673185843067,0.3242532226311073,0.5000000038176922
2023-09-06,200.35,40.17,0,0.4979633218540736,0.4888874750848822,0.6124951205414743,0.4883310329354324,0.6096346592155496,0.5628502676707506,0.5710008735746368,0.4406298197806782,0.6375213183386396,0.5307165492185373,0.6127849691955641,0.3288754922141804,0.5000000038176922
2023-09-07,200.35,40.17,0,0.4626765588949456,0.4888874750848822,0.6124951205414743,0.4883310329354324,0.6198754853435794,0.5230010097238436,0.5431930468432473,0.3559380751392714,0.628792516742367,0.540149084401723,0.6289974202016578,0.3281789330681399,0.5000000038176922
2023-09-08,202.7,40.66,0,0.4599942221034518,0.4888874750848822,0.6124951205414743,0.4883310329354324,0.5813720525611031,0.5318471954438395,0.5532287826228066,0.4156501332970412,0.6189128016759963,0.5924464473594598,0.6900732750794053,0.3328990647740696,0.5000000038176922
2023-09-09,202.7,40.66,0,0.4862526996061295,0.4888874750848822,0.6124951205414743,0.4883310329354324,0.5871404572281147,0.5230010097238436,0.5431930468432473,0.4046857750915198,0.6339502196150179,0.540149084401723,0.6289974202016578,0.3328990647740696,0.5000000038176922
2023-09-10,202.7,40.66,0,0.4806151973566503,0.4888874750848822,0.6124951205414743,0.4883310329354324,0.5871404572281147,0.5230010097238436,0.5431930468432473,0.4046857750915198,0.6339502196150179,0.540149084401723,0.6289974202016578,0.3328990647740696,0.5000000038176922
2023-09-11,204.15,41.36,0,0.4724849361807717,0.4888874750848822,0.6124951205414743,0.4883310329354324,0.6056946244581802,0.4468033365445523,0.5406981132125956,0.4236393458095817,0.6544506460312253,0.4935147517270023,0.6127849691955641,0.3094882793882966,0.5000000038176922
2023-09-12,196.35,39.63,0,0.4697858637856306,0.4888874750848822,0.6124951205414743,0.4883310329354324,0.5915686189788651,0.4750868561312276,0.468183527906318,0.3396047598348414,0.5833574507518797,0.5054295819789982,0.5744434551012803,0.3160766076626058,0.5000000038176922
2023-10-01,196.35,39.63,0,0.4973765012902861,0.3732574099576598,0.257665114695862,0.489274226619823,0.5871404572281147,0.5230010097238436,0.5431930468432473,0.4046857750915198,0.6339502196150179,0.540149084401723,0.6289974202016578,0.3160766076626058,0.5000000038176922
2023-10-02,236.05,46.59,0,0.4878107172740438,0.4888874750848822,0.6124951205414743,0.4883310329354324,0.4771203707709489,0.2211902030176638,0.1165464258534656,0.2632767587572447,0.8477261127140584,1.0,1.0,0.3632236298941148,0.5000000038176922
2023-10-03,238.8,46.32,0,0.4316281730556768,0.4888874750848822,0.6124951205414743,0.4883310329354324,0.6173577202075968,0.6026704031366539,0.4942849424542813,0.3905411595990285,0.6254488736288167,0.5222532251494652,0.5354155263515141,0.4087211423900133,0.5000000038176922
2023-10-04,233.95,45.42,0,0.4874211053638645,0.4888874750848822,0.6124951205414743,0.4883310329354324,0.6188256872321152,0.5488120480434736,0.5735608917914482,0.4054532238793171,0.6237980410922909,0.5892562670566843,0.6900732750794053,0.404048811155559,0.5000000038176922
2023-10-05,239.2,46.23,0,0.4626765588949456,0.4888874750848822,0.6124951205414743,0.4883310329354324,0.6727433945598922,0.5429383555191902,0.5307735369927697,0.4244426670030199,0.7258112799751315,0.5940496973799703,0.6674873624869875,0.4082400235435995,0.5000000038176922
2023-10-06,239.8,46.47,0,0.4295442329730682,0.4888874750848822,0.6124951205414743,0.4883310329354324,0.6805784690523278,0.6179012814202366,0.6526242847628968,0.3637939374526645,0.5985131045180748,0.579042634653848,0.6854877990742375,0.3994803562300401,0.5000000038176922
2023-10-07,239.8,46.47,0,0.4831402551414136,0.4888874750848822,0.6124951205414743,0.4883310329354324,0.5871404572281147,0.5230010097238436,0.5431930468432473,0.4046857750915198,0.6339502196150179,0.540149084401723,0.6289974202016578,0.3994803562300401,0.5000000038176922
2023-10-08,239.8,46.47,0,0.5227053775794694,0.4888874750848822,0.6124951205414743,0.4883310329354324,0.5871404572281147,0.5230010097238436,0.5431930468432473,0.4046857750915198,0.6339502196150179,0.540149084401723,0.6289974202016578,0.3994803562300401,0.5000000038176922
2023-10-09,238.0,46.35,0,0.4651708535432376,0.4888874750848822,0.6124951205414743,0.4883310329354324,0.6658023443263157,0.4163351150961282,0.4705352973390483,0.3986608418979394,0.6093713256906309,0.5571733837860076,0.6764191915738064,0.3950580906036755,0.5000000038176922
2023-10-10,237.8,46.97,0,0.435420181700105,0.4888874750848822,0.6124951205414743,0.4883310329354324,0.5935952360803931,0.3773330170285778,0.4942849424542813,0.4260513429063113,0.6157026189642468,0.5813782246378485,0.7527667076158291,0.3592647744231539,0.5000000038176922
2023-10-11,233.05,46.13,0,0.4426366439401204,0.4888874750848822,0.6124951205414743,0.4883310329354324,0.6071440212732309,0.5097190309781874,0.5456936122820985,0.3552254728111998,0.6525208717263086,0.5280841663207471,0.6248937263164571,0.357878021062312,0.5000000038176922
2023-10-12,233.05,46.13,0,0.5048182629117989,0.4888874750848822,0.6124951205414743,0.4883310329354324,0.6474839983686611,0.5230010097238436,0.5431930468432473,0.524218299052404,0.6965860791048814,0.540149084401723,0.6289974202016578,0.3569124348178057,0.5000000038176922
2023-11-01,232.85,46.79,0,0.5052104328837391,0.4435968866804629,0.6124951205414743,0.4883310329354324,0.4218667927031204,0.5683026632992451,0.7019717854775898,0.4244426670030199,0.5082569454329897,0.5197001835594623,0.6809364220760719,0.3186738236518086,0.5000000038176922
2023-11-02,232.85,46.79,0,0.437887186799102,0.4888874750848822,0.6124951205414743,0.4883310329354324,0.6202956912802108,0.5230010097238436,0.5431930468432473,0.447155577199698,0.6015909229160447,0.540149084401723,0.6289974202016578,0.3186738236518086,0.5000000038176922
2023-11-03,234.95,47.96,0,0.4746097218843154,0.4888874750848822,0.257665114695862,0.4883310329354324,0.5137726703780641,0.5271479812147399,0.6634743346919606,0.4809068342765467,0.69042108097368,0.5374173218761148,0.7135105114477996,0.297660912371972,0.5000000038176922
2023-11-04,234.95,47.96,0,0.4644029945666058,0.4888874750848822,0.6124951205414743,0.4883310329354324,0.5871404572281147,0.5230010097238436,0.5431930468432473,0.4046857750915198,0.6339502196150179,0.540149084401723,0.6289974202016578,0.297660912371972,0.5000000038176922
2023-11-05,234.95,47.96,0,0.5010950713502202,0.4888874750848822,0.6124951205414743,0.4883310329354324,0.5871404572281147,0.5230010097238436,0.5431930468432473,0.4046857750915198,0.6339502196150179,0.540149084401723,0.6289974202016578,0.297660912371972,0.5000000038176922
2023-11-06,240.6,49.19,0,0.4445384679359823,0.4888874750848822,0.6124951205414743,0.4883310329354324,0.6781815567935475,0.5666640247290204,0.5994400868965313,0.4438896515531421,0.6339502196150179,0.5443051938027089,0.6415164873320401,0.2913374136415747,0.5000000038176922
2023-11-07,228.5,46.93,0,0.4761571884164446,0.4888874750848822,0.6124951205414743,0.4883310329354324,0.5741055612206921,0.5595924783303985,0.612563390313427,0.3986608418979394,0.5788745388756356,0.5024110814025077,0.6009673185843073,0.286233310175022,0.5000000038176922
2023-11-08,229.5,46.79,0,0.457889237804519,0.4888874750848822,0.6124951205414743,0.4883310329354324,0.5909622320081116,0.5920430757609915,0.5557515245539631,0.416444916444562,0.6924717385430237,0.533375681707049,0.5856377431417096,0.301296153627017,0.5000000038176922
2023-11-09,228.25,46.31,0,0.463635480618277,0.4888874750848822,0.6124951205414743,0.4883310329354324,0.6655858081485413,0.4707266959464756,0.4564848044574009,0.3403126515604931,0.5833574507518797,0.550666698682364,0.6167881066277222,0.3108997516365742,0.5000000038176922
2023-11-10,234.65,47.78,0,0.5018785287865467,0.4888874750848822,0.6124951205414743,0.4883310329354324,0.6015685405728715,0.482395345791151,0.5283058579919471,0.4172407349168211,0.6078044469805547,0.5660618046995808,0.6809364220760711,0.2977007961960631,0.5000000038176922
2023-11-11,234.65,47.78,0,0.4897598167383462,0.4888874750848822,0.6124951205414743,0.4883310329354324,0.5871404572281147,0.5230010097238436,0.5431930468432473,0.4046857750915198,0.6339502196150179,0.540149084401723,0.6289974202016578,0.2977007961960631,0.5000000038176922
2023-11-12,234.65,47.78,0,0.4856687436946906,0.4888874750848822,0.6124951205414743,0.4883310329354324,0.5871404572281147,0.5230010097238436,0.5431930468432473,0.4046857750915198,0.6339502196150179,0.540149084401723,0.6289974202016578,0.2977007961960631,0.5000000038176922
2023-12-01,248.1,50.89,0,0.4321967215988236,0.4692186970222968,0.6124951205414743,0.4883310329354324,0.6363741146347031,0.6145041796887586,0.6908915797296682,0.3986608418979394,0.6375213183386396,0.7804535716039489,0.9744675927583952,0.289277116763678,1.0
2023-12-02,248.1,50.89,0,0.4930770670132459,0.4888874750848822,0.6124951205414743,0.4883310329354324,0.5871404572281147,0.5230010097238436,0.5431930468432473,0.4046857750915198,0.6339502196150179,0.540149084401723,0.6289974202016578,0.289277116763678,0.5000000038176922
2023-12-03,248.1,50.89,0,0.4395961792465641,0.4888874750848822,0.6124951205414743,0.4883310329354324,0.5871404572281147,0.5230010097238436,0.5431930468432473,0.4046857750915198,0.6339502196150179,0.540149084401723,0.6289974202016578,0.289277116763678,0.5000000038176922
2023-12-04,249.45,50.4,0,0.448345882214748,0.4888874750848822,0.6124951205414743,0.4883310329354324,0.5919732951049019,0.5355253767993496,0.4495123684912122,0.3495331847097004,0.6062432436656441,0.5892562670566843,0.6048751330486282,0.3145372841953068,0.5000000038176922
2023-12-05,246.35,49.98,0,0.4962032355517616,0.4888874750848822,0.6124951205414743,0.4883310329354324,0.5596104000623573,0.5026749778219352,0.5507115223902407,0.4046857750915198,0.6986495358655912,0.649744808155907,0.7836162852303132,0.3094479772937564,0.5000000038176922
2023-12-06,240.7,49.07,0,0.5420511784963519,0.4888874750848822,0.6124951205414743,0.4883310329354324,0.5111852311382722,0.5137762200278049,0.5710008735746377,0.3724051667019148,0.6093713256906309,0.5571733837860071,0.6764191915738071,0.2980598144627802,0.5000000038176922
2023-12-07,243.05,49.49,0,0.4899548198102313,0.4888874750848822,0.6124951205414743,0.4883310329354324,0.5215580311692101,0.5677561765148204,0.5786964213368578,0.4520649921405619,0.6602940242590092,0.6070657651973043,0.7040338294475381,0.3017764039684962,0.5000000038176922
2023-12-08,247.95,50.35,0,0.444918979625801,0.4888874750848822,0.6124951205414743,0.4883310329354324,0.6048675907221149,0.5903723534089421,0.5864379244329216,0.3832470530162493,0.617303548197701,0.5506666986823634,0.6248937263164571,0.3098913788004142,0.5000000038176922
2023-12-09,247.95,50.35,0,0.4921009291869497,0.4888874750848822,0.6124951205414743,0.4883310329354324,0.5871404572281147,0.5230010097238436,0.5431930468432473,0.4046857750915198,0.6339502196150179,0.540149084401723,0.6289974202016578,0.3098913788004142,0.5000000038176922
2023-12-10,247.95,50.35,0,0.4619097871533517,0.4888874750848822,0.6124951205414743,0.4883310329354324,0.5871404572281147,0.5230010097238436,0.5431930468432473,0.4046857750915198,0.6339502196150179,0.540149084401723,0.6289974202016578,0.3098913788004142,0.5000000038176922
2023-12-11,249.4,50.54,0,0.3790538334877735,0.4888874750848822,0.6124951205414743,0.4883310329354324,0.6651528049314435,0.5445361362814495,0.5481997849929197,0.5033391680716433,0.6000497803838172,0.6444737676189847,0.7377933674273787,0.312676655048258,0.5000000038176922
2023-12-12,250.8,50.51,0,0.5270416014310676,0.4888874750848822,0.6124951205414743,0.4883310329354324,0.5624886005747516,0.5881479175424057,0.5582797077427687,0.3738452337086908,0.648691979397709,0.5571733837860071,0.6127849691955636,0.3226214178002887,0.5000000038176922
2024-01-01,250.8,50.51,0,0.4197075675196473,0.4531279522808781,0.257665114695862,0.4968268389584283,0.5871404572281147,0.5230010097238436,0.5431930468432473,0.4046857750915198,0.6339502196150179,0.540149084401723,0.6289974202016578,0.3226214178002887,0.5000000038176922
2024-01-03,250.15,50.94,0,0.5057987762276409,0.4888874750848822,0.6124951205414743,0.4883310329354324,0.4474769964951657,0.1268044307070082,0.2161736346520212,0.2189888238650956,0.6544506460312253,0.7321204997610584,0.9494488910250322,0.3051037422750114,0.5000000038176922
2024-01-04,251.75,51.24,0,0.466707647558601,0.4888874750848822,0.6124951205414743,0.4883310329354324,0.6144281195461815,0.5097190309781874,0.528305857991948,0.3767300877893252,0.6430378633267847,0.6648858648876853,0.7731997093917807,0.2959074283386863,0.5000000038176922
2024-01-06,251.75,51.24,0,0.5156191520721395,0.4888874750848822,0.6124951205414743,0.4883310329354324,0.5871404572281147,0.5230010097238436,0.5431930468432473,0.4046857750915198,0.6339502196150179,0.540149084401723,0.6289974202016578,0.2959074283386863,0.5000000038176922
2024-01-07,251.75,51.24,0,0.5005076123883901,0.4888874750848822,0.6124951205414743,0.4883310329354324,0.5871404572281147,0.5230010097238436,0.5431930468432473,0.4046857750915198,0.6339502196150179,0.540149084401723,0.6289974202016578,0.2959074283386863,0.5000000038176922
2024-01-08,252.65,51.86,0,0.3659351696598393,0.4888874750848822,0.6124951205414743,0.4883310329354324,0.5364938509403835,0.3266224354900494,0.397124527674157,0.3410207314996221,0.5626371165126348,0.4675044189702041,0.5781469844146337,0.2852863021539749,0.5000000038176922
2024-01-09,249.05,50.82,0,0.5553171917465083,0.4888874750848822,0.6124951205414743,0.4883310329354324,0.5291939567859715,0.4487001034755699,0.4310828829455411,0.4140639039571775,0.666208802432395,0.54852966162327,0.6048751330486282,0.2986983529822899,0.5000000038176922
2024-01-13,249.05,50.82,0,0.5369114051594599,0.4888874750848822,0.6124951205414743,0.4883310329354324,0.5871404572281147,0.5230010097238436,0.5431930468432473,0.4046857750915198,0.6339502196150179,0.540149084401723,0.6289974202016578,0.2986983529822899,0.5000000038176922
2024-01-14,249.05,50.82,0,0.3957696822611983,0.4888874750848822,0.6124951205414743,0.4883310329354324,0.5871404572281147,0.5230010097238436,0.5431930468432473,0.4046857750915198,0.6339502196150179,0.540149084401723,0.6289974202016578,0.2986983529822899,0.5000000038176922
2024-01-18,251.1,50.89,0,0.510902034219042,0.4888874750848822,0.6124951205414743,0.4883310329354324,0.7110636492932891,0.0044911626374153,0.0,0.3346546207399137,0.5409025476576129,0.2452290084725587,0.2542673126864022,0.3079578024456129,0.5000000038176922
2024-01-19,249.6,50.64,0,0.5290139677626189,0.4888874750848822,0.6124951205414743,0.4883310329354324,0.5704070266632009,0.5365798519065276,0.5633522394993806,0.4009026744946319,0.6449093073492219,0.4735687488839732,0.5492594636858837,0.3096091942315527,0.5000000038176922
2024-01-20,249.6,50.64,0,0.4909300821118332,0.4888874750848822,0.6124951205414743,0.4883310329354324,0.5871404572281147,0.5230010097238436,0.5431930468432473,0.4046857750915198,0.6339502196150179,0.540149084401723,0.6289974202016578,0.3096091942315527,0.5000000038176922
2024-01-21,249.6,50.64,0,0.451967919794669,0.4888874750848822,0.6124951205414743,0.4883310329354324,0.5871404572281147,0.5230010097238436,0.5431930468432473,0.4046857750915198,0.6339502196150179,0.540149084401723,0.6289974202016578,0.3096091942315527,0.5000000038176922
2024-01-22,249.1,49.92,0,0.4732571676877137,0.4888874750848822,0.6124951205414743,0.4883310329354324,0.6121324716080784,0.5117445620600429,0.4611524166370945,0.4365643473466158,0.6357227319014778,0.4946877696615654,0.5186266639384307,0.3333104115552945,0.5000000038176922
2024-01-23,248.0,50.04,0,0.4112127564025711,0.4888874750848822,0.6124951205414743,0.4883310329354324,0.6013628507429356,0.5942738528958738,0.6553303934984208,0.4496087668539192,0.6393418816133032,0.5287398194185906,0.6500356077019536,0.318714451692818,0.5000000038176922
2024-01-24,248.0,50.27,0,0.4451092541596337,0.4888874750848822,0.6124951205414743,0.4883310329354324,0.5931892749774081,0.5413437708583697,0.5916240038660938,0.4031634242905821,0.6782165762199728,0.579042634653848,0.7040338294475381,0.3106173173268565,0.5000000038176922
2024-01-25,247.7,50.34,0,0.5026621876413848,0.4888874750848822,0.6124951205414743,0.4883310329354324,0.6146370892817062,0.4006320810936561,0.4333739194813719,0.3573640279915947,0.6304894958310898,0.514036314689883,0.6088141664787821,0.3037796509207362,0.5000000038176922
2024-01-26,247.1,50.31,0,0.4348511236888914,0.4888874750848822,0.6124951205414743,0.4883310329354324,0.6110908691344955,0.4312554429930849,0.4611524166370945,0.3637939374526645,0.5985131045180748,0.5209738535265124,0.6127849691955636,0.3038999588202355,0.5000000038176922
2024-01-27,247.1,50.31,0,0.4882003995206449,0.4888874750848822,0.6124951205414743,0.4883310329354324,0.5871404572281147,0.5230010097238436,0.5431930468432473,0.4046857750915198,0.6339502196150179,0.540149084401723,0.6289974202016578,0.3038999588202355,0.5000000038176922
2024-01-28,247.1,50.31,0,0.4023558913876553,0.4888874750848822,0.6124951205414743,0.4883310329354324,0.5871404572281147,0.5230010097238436,0.5431930468432473,0.4046857750915198,0.6339502196150179,0.540149084401723,0.6289974202016578,0.3038999588202355,0.5000000038176922
2024-01-29,248.55,50.2,0,0.515815825091786,0.4888874750848822,0.6124951205414743,0.4883310329354324,0.548371866663621,0.3928333946555756,0.3726741851929037,0.3716856932851501,0.5954524305363847,0.554264109043639,0.6048751330486287,0.3180239698101463,0.5000000038176922
2024-02-04,248.55,50.2,0,0.5466018552014739,0.4855808848492727,0.257665114695862,0.4883310329354324,0.5871404572281147,0.5230010097238436,0.5431930468432473,0.4046857750915198,0.6339502196150179,0.540149084401723,0.6289974202016578,0.3180239698101463,0.0
2024-02-08,239.15,47.92,0,0.4418762498123934,0.4888874750848822,0.6124951205414743,0.4883310329354324,0.5717673113619176,0.6522291162557567,0.6152022569534368,0.389076956373224,0.5893774477189577,0.5813782246378485,0.6331357567350356,0.3344629498055155,0.5000000038176922
2024-02-09,239.35,48.28,0,0.5167993372408306,0.4888874750848822,0.6124951205414743,0.4883310329354324,0.6094268266447157,0.5440031914391026,0.6020551788179935,0.3760082614209581,0.6062432436656441,0.5054295819789982,0.6208241598780455,0.3179833661195986,0.5000000038176922
2024-02-14,237.8,47.85,0,0.5398760656820714,0.4888874750848822,0.6124951205414743,0.4883310329354324,0.806713479261141,0.4668657993656508,0.4752511636328194,0.3645097839422136,0.6031367321424231,0.5374173218761148,0.6127849691955641,0.3250291348210711,0.5000000038176922
2024-02-15,238.95,48.09,0,0.4331444981186967,0.4888874750848822,0.6124951205414743,0.4883310329354324,0.5080482376912235,0.5001752828706127,0.5209341473343067,0.3745658438257178,0.5924075886159248,0.5394632380552805,0.6289974202016578,0.326746149832412,0.5000000038176922
2024-02-16,240.45,48.42,0,0.5022703332340585,0.4888874750848822,0.6124951205414743,0.4883310329354324,0.6125494446949907,0.5798397963305376,0.6020551788179926,0.4373765675925664,0.6254488736288167,0.5653121537748457,0.6630728613838082,0.324008305453821,0.5000000038176922
2024-02-18,240.45,48.42,0,0.3906939304455906,0.4888874750848822,0.6124951205414743,0.4883310329354324,0.5871404572281147,0.5230010097238436,0.5431930468432473,0.4046857750915198,0.6339502196150179,0.540149084401723,0.6289974202016578,0.324008305453821,0.5000000038176922
2024-02-20,235.5,47.77,0,0.4413060772267619,0.4888874750848822,0.6124951205414743,0.4883310329354324,0.5622964282252245,0.5531091663399542,0.617845791662111,0.4276625885075218,0.6506010790202134,0.5675658671824988,0.7040338294475381,0.3081993198064835,0.5000000038176922
2024-02-22,235.6,47.6,0,0.4792570788430926,0.4888874750848822,0.6124951205414743,0.4883310329354324,0.7376387150144709,0.4683120431957335,0.46583581631618,0.315635927310516,0.5553456939950915,0.5415266859041254,0.6088141664787814,0.3215619761315986,0.5000000038176922
2024-02-23,236.25,47.36,0,0.4630600658236083,0.4888874750848822,0.6124951205414743,0.4883310329354324,0.586340285126503,0.463498472728155,0.4425738958835132,0.3731250108146033,0.5939281050518179,0.5535411094086471,0.6048751330486287,0.3357402937667674,0.5000000038176922
2024-02-26,236.45,47.51,0,0.5719876895481539,0.4888874750848822,0.6124951205414743,0.4883310329354324,0.6175673030223445,0.4420732992901376,0.4752511636328194,0.4156501332970412,0.69042108097368,0.5436076870638893,0.6457587750176413,0.329490448630644,0.5000000038176922
2024-02-28,234.9,47.25,0,0.4738366585875426,0.4888874750848822,0.6124951205414743,0.4883310329354324,0.6158918450070562,0.5418749400349617,0.5684460676025248,0.4046857750915198,0.8122611492565964,0.4894393586978492,0.5707672259678229,0.3244165294732677,0.5000000038176922
2024-03-04,235.1,47.52,0,0.4000969032897297,0.3154444524975529,0.6124951205414743,0.4883310329354324,0.5974667184305573,0.6551170461107518,0.7019717854775898,0.4357525833861771,0.565568248813471,0.5932473971255986,0.7231224895569147,0.3155902823635806,0.5000000038176922
2024-03-06,234.05,47.33,0,0.5179798714390165,0.4888874750848822,0.6124951205414743,0.4883310329354324,0.554833133103059,0.5199103133253286,0.5406981132125956,0.3847008745886005,0.6375213183386396,0.522895085146074,0.6088141664787814,0.3151041630682893,0.5000000038176922
2024-03-09,234.05,47.33,0,0.4477744375659109,0.4888874750848822,0.6124951205414743,0.4883310329354324,0.5871404572281147,0.5230010097238436,0.5431930468432473,0.4046857750915198,0.6339502196150179,0.540149084401723,0.6289974202016578,0.3151041630682893,0.5000000038176922
2024-03-10,234.05,47.33,0,0.4977677012565492,0.4888874750848822,0.6124951205414743,0.4883310329354324,0.5871404572281147,0.5230010097238436,0.5431930468432473,0.4046857750915198,0.6339502196150179,0.540149084401723,0.6289974202016578,0.3151041630682893,0.5000000038176922
2024-03-11,233.85,47.01,0,0.5209326937338477,0.4888874750848822,0.6124951205414743,0.4883310329354324,0.5310621837652636,0.7451779620212515,0.7159102836040272,0.5058395860106982,0.7152952534498491,0.550666698682364,0.6088141664787821,0.3283427919253161,0.5000000038176922
2024-03-13,232.3,46.7,0,0.3560173854083321,0.4888874750848822,0.6124951205414743,0.4883310329354324,0.6410646357955564,0.5376358697580949,0.5582797077427687,0.461094972612087,0.6221591613463359,0.5471140777219675,0.6415164873320401,0.3254377179706149,0.5000000038176922
2024-03-14,233.6,46.79,0,0.467092078220316,0.4888874750848822,0.6124951205414743,0.4883310329354324,0.5881429057886982,0.5595924783303985,0.5557515245539631,0.4001536018251294,0.6078044469805547,0.5571733837860076,0.6289974202016578,0.3334338437087147,0.5000000038176922
2024-03-15,231.5,46.35,0,0.5057987762276409,0.4888874750848822,0.6124951205414743,0.4883310329354324,0.5500784359571522,0.5261084992182851,0.5431930468432473,0.4602726130226789,0.7492073924865321,0.5353883395109473,0.6208241598780461,0.3356578426222298,0.5000000038176922
2024-03-16,231.5,46.35,0,0.4284080169357021,0.4888874750848822,0.6124951205414743,0.4883310329354324,0.5871404572281147,0.5230010097238436,0.5431930468432473,0.4046857750915198,0.6339502196150179,0.540149084401723,0.6289974202016578,0.3356578426222298,0.5000000038176922
2024-03-17,231.5,46.35,0,0.4870315645765058,0.4888874750848822,0.6124951205414743,0.4883310329354324,0.5871404572281147,0.5230010097238436,0.5431930468432473,0.4046857750915198,0.6339502196150179,0.540149084401723,0.6289974202016578,0.3356578426222298,0.5000000038176922
2024-03-18,231.25,46.0,0,0.502074424740894,0.4888874750848822,0.6124951205414743,0.4883310329354324,0.615682608361255,0.5754312851372397,0.5532287826228057,0.3745658438257178,0.628792516742367,0.5203363129212888,0.5744434551012803,0.3482568063339303,0.5000000038176922
2024-03-19,228.5,45.51,0,0.4157414106686677,0.4888874750848822,0.6124951205414743,0.4883310329354324,0.5383718229167096,0.5334211458294551,0.5608132924257623,0.3986608418979394,0.6602940242590092,0.539463238055281,0.6331357567350356,0.3502583606092733,0.5000000038176922
2024-03-20,230.9,46.44,0,0.4680535772251799,0.4888874750848822,0.6124951205414743,0.4883310329354324,0.5344310834699358,0.541343770858369,0.6231467535666824,0.4792507959488413,0.6304894958310898,0.5327083236715716,0.671936155549298,0.3250699866703542,0.5000000038176922
2024-03-21,231.7,46.53,0,0.4958122600020979,0.4888874750848822,0.257665114695862,0.4883310329354324,0.638504318321613,0.5568857647677653,0.5658965105029933,0.412482581735324,0.6467943986504651,0.531378777095175,0.6127849691955641,0.3287525397923131,0.5000000038176922
2024-03-22,232.3,46.46,0,0.4728709905653252,0.4888874750848822,0.6124951205414743,0.4883310329354324,0.5561683955655502,0.5092135803586672,0.5039088783050345,0.3459827432601349,0.6237980410922909,0.5287398194185912,0.5932432175904532,0.3376382642830531,0.5000000038176922
2024-03-23,232.3,46.46,0,0.4491079974546522,0.4888874750848822,0.6124951205414743,0.4883310329354324,0.5871404572281147,0.5230010097238436,0.5431930468432473,0.4046857750915198,0.6339502196150179,0.540149084401723,0.6289974202016578,0.3376382642830531,0.5000000038176922
2024-03-24,232.3,46.46,0,0.4967898053089717,0.4888874750848822,0.6124951205414743,0.4883310329354324,0.5871404572281147,0.5230010097238436,0.5431930468432473,0.4046857750915198,0.6339502196150179,0.540149084401723,0.6289974202016578,0.3376382642830531,0.5000000038176922
2024-03-25,232.0,46.62,0,0.4136652495868355,0.4888874750848822,0.6124951205414743,0.4883310329354324,0.6011572217773177,0.5127596113509962,0.5633522394993806,0.4569859976166744,0.6237980410922909,0.550666698682364,0.6674873624869875,0.3275237278235107,0.5000000038176922
2024-03-26,232.2,46.59,0,0.48391789928625,0.4888874750848822,0.6124951205414743,0.4883310329354324,0.5425129066908888,0.5371076693736127,0.5481997849929197,0.3774523392208563,0.6000497803838172,0.5203363129212888,0.5970901873324007,0.3298595779519455,0.5000000038176922
2024-03-27,231.8,46.55,0,0.4963987446761295,0.4888874750848822,0.6124951205414743,0.4883310329354324,0.6438431726505789,0.4814177514594204,0.5063265161213912,0.3868860119040019,0.5969807112258781,0.5090893391966005,0.5932432175904532,0.3322412098074592,0.5000000038176922
2024-03-28,232.3,46.37,0,0.4289760833420453,0.4888874750848822,0.6124951205414743,0.4883310329354324,0.5809768204042889,0.5381644503429218,0.5209341473343067,0.4009026744946319,0.757794508514366,0.5374173218761148,0.5970901873324007,0.3431015974019515,0.5000000038176922
2024-03-29,232.3,46.37,0,0.525858582556727,0.4888874750848822,0.6124951205414743,0.4883310329354324,0.5871404572281147,0.5230010097238436,0.5431930468432473,0.4046857750915198,0.6339502196150179,0.540149084401723,0.6289974202016578,0.3431015974019515,0.5000000038176922
2024-03-30,232.3,46.37,0,0.4430169121266308,0.4888874750848822,0.6124951205414743,0.4883310329354324,0.5871404572281147,0.5230010097238436,0.5431930468432473,0.4046857750915198,0.6339502196150179,0.540149084401723,0.6289974202016578,0.3431015974019515,0.5000000038176922
2024-03-31,232.3,46.37,0,0.5136529700106574,0.4888874750848822,0.6124951205414743,0.4883310329354324,0.5871404572281147,0.5230010097238436,0.5431930468432473,0.4046857750915198,0.6339502196150179,0.540149084401723,0.6289974202016578,0.3431015974019515,0.5000000038176922
2024-04-01,228.05,45.02,0,0.4470126973513666,0.4124490638947997,0.6124951205414743,0.5247659038035738,0.5245334837666457,0.5563453262045053,0.5063265161213903,0.3876156493706774,0.5924075886159248,0.5353883395109473,0.5707672259678229,0.3604005722235221,0.5000000038176922
2024-04-02,228.6,45.19,0,0.484306840490408,0.4888874750848822,0.6124951205414743,0.4883310329354324,0.6451272334550109,0.5328960884407596,0.5608132924257623,0.370247827847709,0.577385884565295,0.5307165492185373,0.6248937263164571,0.3617902142989617,0.5000000038176922
2024-04-03,227.3,45.11,0,0.4759636604858002,0.4888874750848822,0.6124951205414743,0.4883310329354324,0.5338690439028624,0.5102248512002805,0.5557515245539631,0.4284691266753338,0.6741900346016415,0.5347156686981125,0.6415164873320401,0.3541040321068468,0.5000000038176922
2024-04-04,227.95,45.16,0,0.4699784715473702,0.4888874750848822,0.6124951205414743,0.4883310329354324,0.5907602729264021,0.5061884639373169,0.5160451918401547,0.3956929159575019,0.6602940242590092,0.5394632380552805,0.6208241598780461,0.3601901590513275,0.5000000038176922
2024-04-05,230.4,45.49,0,0.4348511236888914,0.4888874750848822,0.6124951205414743,0.4883310329354324,0.5649908091557797,0.5531091663399534,0.5507115223902407,0.4188352803561013,0.6271130947983594,0.5084764535485158,0.5744434551012803,0.3651233948356792,0.5000000038176922
2024-04-06,230.4,45.49,0,0.5034460447930926,0.4888874750848822,0.6124951205414743,0.4883310329354324,0.5871404572281147,0.5230010097238436,0.5431930468432473,0.4046857750915198,0.6339502196150179,0.540149084401723,0.6289974202016578,0.3651233948356792,0.5000000038176922
2024-04-07,230.4,45.49,0,0.4565508049652289,0.4888874750848822,0.6124951205414743,0.4883310329354324,0.5871404572281147,0.5230010097238436,0.5431930468432473,0.4046857750915198,0.6339502196150179,0.540149084401723,0.6289974202016578,0.3651233948356792,0.5000000038176922
2024-04-08,225.9,44.92,0,0.5044261404871753,0.4888874750848822,0.6124951205414743,0.4883310329354324,0.6215572766162887,0.5859271868751558,0.6499224838338064,0.3971742492621855,0.6430378633267847,0.5159122837403093,0.6331357567350364,0.3488819326308015,0.5000000038176922
2024-04-09,229.0,45.72,0,0.479838993445273,0.4888874750848822,0.6124951205414743,0.4883310329354324,0.5301277743234126,0.452978091152437,0.4990876845521031,0.3854286465036713,0.6062432436656441,0.5090893391966005,0.6127849691955636,0.3414848069734141,0.5000000038176922
2024-04-10,233.2,45.92,0,0.4521586965668596,0.4888874750848822,0.6124951205414743,0.4883310329354324,0.6331847969643579,0.5082037752704323,0.447195814795627,0.3760082614209581,0.6563897823184408,0.5197001835594623,0.542290027427637,0.3689741927733737,0.5000000038176922
2024-04-11,230.4,45.27,0,0.491515434034778,0.4888874750848822,0.6124951205414743,0.4883310329354324,0.6028039390354558,0.5942738528958738,0.5968298397191647,0.3883459554020639,0.5985131045180748,0.5203363129212892,0.5970901873324007,0.3762431338036888,0.5000000038176922
2024-04-12,231.2,45.11,0,0.4670920782203159,0.4888874750848822,0.6124951205414743,0.4883310329354324,0.5245334837666451,0.6105497491704206,0.5786964213368578,0.4504271785765525,0.6863334069600104,0.5464090530935901,0.6009673185843073,0.3872916584976,0.5000000038176922
2024-04-13,231.2,45.11,0,0.4603771831297526,0.4888874750848822,0.6124951205414743,0.4883310329354324,0.5871404572281147,0.5230010097238436,0.5431930468432473,0.4046857750915198,0.6339502196150179,0.540149084401723,0.6289974202016578,0.3872916584976,0.5000000038176922
2024-04-14,231.2,45.11,0,0.4632518500281933,0.4888874750848822,0.6124951205414743,0.4883310329354324,0.5871404572281147,0.5230010097238436,0.5431930468432473,0.4046857750915198,0.6339502196150179,0.540149084401723,0.6289974202016578,0.3872916584976,0.5000000038176922
2024-04-15,230.7,44.49,0,0.4942489366401868,0.4888874750848822,0.6124951205414743,0.4883310329354324,0.5245334837666451,0.5323714372707796,0.479983729716582,0.3616481478344872,0.6078044469805547,0.5457058893644516,0.5818782609498887,0.4164875832082547,0.5000000038176922
2024-04-16,230.8,43.87,0,0.485474129024159,0.4888874750848822,0.6124951205414743,0.4883310329354324,0.5921757566788656,0.6184681355394639,0.5382087617283808,0.3695294212472614,0.6304894958310898,0.5429120914220542,0.5707672259678229,0.4603391643963555,0.0
2024-04-17,229.2,43.78,0,0.4872263260299894,0.4888874750848822,0.6124951205414743,0.4883310329354324,0.6272516534629451,0.491733935404997,0.5456936122820985,0.4180375381528762,0.7132019163393329,0.5184321033607336,0.6248937263164571,0.4419964090712532,0.5000000038176922
2024-04-18,232.05,44.23,0,0.4734503015772013,0.4888874750848822,0.6124951205414743,0.4883310329354324,0.6123409346332709,0.4683120431957335,0.4776153391151448,0.3602190320701845,0.5466589503529053,0.5320426954238695,0.6088141664787821,0.444781382076467,0.5000000038176922
2024-04-19,234.5,45.14,0,0.4554042290370726,0.4888874750848822,0.6124951205414743,0.4883310329354324,0.6582375950970439,0.5214535884846601,0.604675084977283,0.4586287330273885,0.7664200677427772,0.5280841663207471,0.6630728613838082,0.4244779377292325,0.5000000038176922
2024-04-20,234.5,45.14,0,0.4504422301293789,0.4888874750848822,0.6124951205414743,0.4883310329354324,0.5871404572281147,0.5230010097238436,0.5431930468432473,0.4046857750915198,0.6339502196150179,0.540149084401723,0.6289974202016578,0.4244779377292325,0.5000000038176922
2024-04-21,234.5,45.14,0,0.4938582531827816,0.4888874750848822,0.6124951205414743,0.4883310329354324,0.5871404572281147,0.5230010097238436,0.5431930468432473,0.4046857750915198,0.6339502196150179,0.540149084401723,0.6289974202016578,0.4244779377292325,0.5000000038176922
2024-04-22,231.0,44.65,0,0.4742231327348869,0.4888874750848822,0.6124951205414743,0.4883310329354324,0.6378649287743626,0.5158142321412567,0.5608132924257623,0.4390023377926096,0.6125234315214916,0.5171695048845785,0.6208241598780455,0.4092024414256205,0.5000000038176922
2024-04-23,233.95,45.61,0,0.4876159024781647,0.4888874750848822,0.6124951205414743,0.4883310329354324,0.6135926936310149,0.5525709013957257,0.628466056368534,0.4220348564541273,0.7364039933498197,0.5222532251494652,0.6457587750176421,0.3909531712773269,0.5000000038176922
2024-04-24,232.6,45.19,0,0.4475839827024647,0.4888874750848822,0.6124951205414743,0.4883310329354324,0.5076795247343016,0.583156578583242,0.5735608917914482,0.4031634242905821,0.6078044469805547,0.5254773702599211,0.5970901873324007,0.3994803562300401,0.5000000038176922
2024-04-25,233.15,45.14,0,0.485474129024159,0.4888874750848822,0.6124951205414743,0.4883310329354324,0.5861404862888828,0.482395345791151,0.4847333212448718,0.3994063819279603,0.5863610232859784,0.5228950851460735,0.5932432175904532,0.4057934836169379,0.5000000038176922
2024-04-26,232.25,45.4,0,0.4771252190203399,0.4888874750848822,0.6124951205414743,0.4883310329354324,0.5559775337359184,0.5376358697580949,0.617845791662111,0.3971742492621855,0.7048638155271068,0.5457058893644516,0.6809364220760711,0.3862597509855625,0.5000000038176922
2024-04-27,232.25,45.4,0,0.4833346360819395,0.4888874750848822,0.6124951205414743,0.4883310329354324,0.5871404572281147,0.5230010097238436,0.5431930468432473,0.4046857750915198,0.6339502196150179,0.540149084401723,0.6289974202016578,0.3862597509855625,0.5000000038176922
2024-04-28,232.25,45.4,0,0.4659390676416361,0.4888874750848822,0.6124951205414743,0.4883310329354324,0.5871404572281147,0.5230010097238436,0.5431930468432473,0.4046857750915198,0.6339502196150179,0.540149084401723,0.6289974202016578,0.3862597509855625,0.5000000038176922
2024-04-29,229.6,44.91,0,0.4649788559106,0.4888874750848822,0.6124951205414743,0.4883310329354324,0.5613362013884553,0.5355253767993482,0.5582797077427687,0.4196339198485351,0.628792516742367,0.5415266859041254,0.6373087969420228,0.3878939971544344,0.5000000038176922
2024-04-30,229.35,44.19,0,0.4833346360819395,0.4888874750848822,0.6124951205414743,0.4883310329354324,0.5875411409438103,0.5429383555191917,0.4705352973390483,0.3495331847097004,0.617303548197701,0.5280841663207471,0.5492594636858844,0.4203662738128955,0.5000000038176922
2024-05-01,229.35,44.19,0,0.4500609508764075,0.571608430954903,0.6124951205414743,0.4883310329354324,0.5565502306115648,0.5230010097238436,0.5431930468432473,0.4276625885075218,0.6642299257245803,0.540149084401723,0.6289974202016578,0.4204545604618321,0.5000000038176922
2024-05-02,231.1,45.2,0,0.472677947919243,0.4888874750848822,0.6124951205414743,0.4883310329354324,0.5754734357123193,0.5710391528464399,0.6908915797296682,0.4983428177433483,0.7048638155271068,0.5159122837403096,0.671936155549298,0.3846276353265339,0.5000000038176922
2024-05-03,233.8,46.11,0,0.4808093040137191,0.4888874750848822,0.6124951205414743,0.4883310329354324,0.5905583999350572,0.5887036815199465,0.6607554413627296,0.4561650691684224,0.6375213183386396,0.5798197118682487,0.7182996106860559,0.3679574209236977,0.5000000038176922
2024-05-04,233.8,46.11,0,0.4874211053638645,0.4888874750848822,0.6124951205414743,0.4883310329354324,0.5871404572281147,0.5230010097238436,0.5431930468432473,0.4046857750915198,0.6339502196150179,0.540149084401723,0.6289974202016578,0.3679574209236977,0.5000000038176922
2024-05-05,233.8,46.11,0,0.4477744375659109,0.4888874750848822,0.6124951205414743,0.4883310329354324,0.5871404572281147,0.5230010097238436,0.5431930468432473,0.4046857750915198,0.6339502196150179,0.540149084401723,0.6289974202016578,0.3679574209236977,0.5000000038176922
2024-05-06,233.75,46.07,0,0.4720990044951479,0.4888874750848822,0.6124951205414743,0.4883310329354324,0.5942047568338322,0.5853725903591449,0.5968298397191637,0.5150199437841091,0.6125234315214916,0.5471140777219675,0.6331357567350356,0.3694828950470849,0.5000000038176922
2024-05-07,233.15,45.97,0,0.4907349970076285,0.4888874750848822,0.6124951205414743,0.4883310329354324,0.5940015067705176,0.6533838137206094,0.6689247477292728,0.3979168380847812,0.6125234315214916,0.5374173218761144,0.6289974202016578,0.3673223667749553,0.5000000038176922
2024-05-08,233.05,45.75,0,0.4580805111547412,0.4888874750848822,0.6124951205414743,0.4883310329354324,0.6606119284100884,0.5276683895141142,0.5184871558960964,0.3502439209373721,0.5818602414440938,0.5360628238525735,0.6009673185843067,0.3759021094888107,0.5000000038176922
2024-05-09,231.8,45.06,0,0.4773189018553315,0.4888874750848822,0.4604278042254562,0.4883310329354324,0.6236630757243546,0.4877902403548166,0.4471958147956262,0.3488226680977566,0.6157026189642468,0.5464090530935901,0.5932432175904532,0.3975274557160591,0.5000000038176922
2024-05-10,230.15,44.63,0,0.4649788559106,0.4888874750848822,0.6124951205414743,0.4883310329354324,0.4898778683350335,0.5117445620600429,0.5184871558960964,0.4381892342306688,0.7385311456309832,0.5916468537323539,0.6764191915738064,0.4050080866080026,0.5000000038176922
2024-05-11,230.15,44.63,0,0.4719060839423969,0.4888874750848822,0.6124951205414743,0.4883310329354324,0.5871404572281147,0.5230010097238436,0.5431930468432473,0.4046857750915198,0.6339502196150179,0.540149084401723,0.6289974202016578,0.4050080866080026,0.5000000038176922
2024-05-12,230.15,44.63,0,0.48391789928625,0.4888874750848822,0.6124951205414743,0.4883310329354324,0.5871404572281147,0.5230010097238436,0.5431930468432473,0.4046857750915198,0.6339502196150179,0.540149084401723,0.6289974202016578,0.4050080866080026,0.5000000038176922
2024-05-13,228.65,44.38,0,0.454258234747041,0.4888874750848822,0.6124951205414743,0.4883310329354324,0.6171481800779501,0.5826031742694346,0.604675084977282,0.4062245023027874,0.6544506460312253,0.536739143791076,0.6289974202016578,0.4018278025628745,0.5000000038176922
2024-05-14,227.0,44.24,0,0.4913203007065192,0.4888874750848822,0.6124951205414743,0.4883310329354324,0.6050742664590939,0.482395345791151,0.5307735369927697,0.3898086807980062,0.6031367321424231,0.52939708889368,0.6373087969420228,0.3926367330726159,0.5000000038176922
2024-05-15,226.5,44.09,0,0.4697858637856306,0.4888874750848822,0.6124951205414743,0.4883310329354324,0.5381839064853602,0.5959492653875631,0.6020551788179935,0.4101213611278833,0.702788500594513,0.5608481071013414,0.6457587750176421,0.3958373701073419,0.5000000038176922
2024-05-16,225.9,44.04,0,0.4936629339404456,0.4888874750848822,0.6124951205414743,0.4883310329354324,0.6816687869764623,0.4966889633999229,0.525843439994853,0.4062245023027874,0.5985131045180748,0.5327083236715716,0.6248937263164571,0.3921616545583146,0.5000000038176922
2024-05-17,225.6,44.2,0,0.4356098883184938,0.4888874750848822,0.6124951205414743,0.4883310329354324,0.5954258299228916,0.5937158240649031,0.6445319001805824,0.4317009878398908,0.6046874261598965,0.5601098242324749,0.6764191915738064,0.3811129537416094,0.5000000038176922
2024-05-18,225.6,44.2,0,0.4678612283799903,0.4888874750848822,0.6124951205414743,0.4883310329354324,0.5871404572281147,0.5230010097238436,0.5431930468432473,0.4046857750915198,0.6339502196150179,0.540149084401723,0.6289974202016578,0.3811129537416094,0.5000000038176922
2024-05-19,225.6,44.2,0,0.4734503015772012,0.4888874750848822,0.6124951205414743,0.4883310329354324,0.5871404572281147,0.5230010097238436,0.5431930468432473,0.4046857750915198,0.6339502196150179,0.540149084401723,0.6289974202016578,0.3811129537416094,0.5000000038176922
2024-05-20,225.6,44.16,0,0.4924913378134912,0.4888874750848822,0.6124951205414743,0.4883310329354324,0.5508377591912411,0.5892596761149574,0.5994400868965322,0.4619176070012104,0.6965860791048814,0.5805982440926526,0.671936155549298,0.3811985598441115,0.5000000038176922
2024-05-21,225.1,44.01,0,0.4878107172740438,0.4888874750848822,0.6124951205414743,0.4883310329354324,0.5690493296391897,0.5568857647677646,0.5658965105029933,0.3781750263445459,0.617303548197701,0.52677763910256,0.6088141664787821,0.3894441969485563,0.5000000038176922
2024-05-22,223.7,43.4,0,0.4460608158093629,0.4888874750848822,0.6124951205414743,0.4883310329354324,0.6102584548192054,0.632128213240278,0.5890284784785182,0.4341304661997607,0.6583377359428222,0.5320426954238695,0.5856377431417096,0.4014797596016128,0.5000000038176922
2024-05-23,222.5,43.16,0,0.4782876885546362,0.4888874750848822,0.6124951205414743,0.4883310329354324,0.5991043569150745,0.525070822115674,0.5456936122820985,0.3883459554020639,0.6544506460312253,0.5698337399784618,0.6630728613838082,0.3988290557148863,0.5000000038176922
2024-05-24,222.05,42.92,0,0.4808093040137191,0.4888874750848822,0.6124951205414743,0.4883310329354324,0.646626599916731,0.4981812490560828,0.4966840309028784,0.4276625885075218,0.6393418816133032,0.5380973811541659,0.6088141664787821,0.4083274862965839,0.5000000038176922
2024-05-25,222.05,42.92,0,0.457124317019822,0.4888874750848822,0.6124951205414743,0.4883310329354324,0.5871404572281147,0.5230010097238436,0.5431930468432473,0.4046857750915198,0.6339502196150179,0.540149084401723,0.6289974202016578,0.4083274862965839,0.5000000038176922
2024-05-26,222.05,42.92,0,0.4690156994571807,0.4888874750848822,0.6124951205414743,0.4883310329354324,0.5871404572281147,0.5230010097238436,0.5431930468432473,0.4046857750915198,0.6339502196150179,0.540149084401723,0.6289974202016578,0.4083274862965839,0.5000000038176922
2024-05-27,222.05,42.92,0,0.4582718019653462,0.4888874750848822,0.6124951205414743,0.4883310329354324,0.5871404572281147,0.5230010097238436,0.5431930468432473,0.4046857750915198,0.6339502196150179,0.540149084401723,0.6289974202016578,0.4083274862965839,0.5000000038176922
2024-05-28,221.9,43.0,0,0.4784815190591334,0.4888874750848822,0.6124951205414743,0.4883310329354324,0.4667808429576171,0.4411292831796252,0.4799837297165811,0.3580773858906686,0.6189128016759963,0.5197001835594623,0.6167881066277217,0.4061863628294302,0.5000000038176922
2024-05-29,221.5,42.57,0,0.4856687436946906,0.4888874750848822,0.6124951205414743,0.4883310329354324,0.5368692348121332,0.5082037752704323,0.4752511636328186,0.3602190320701845,0.5878675775273413,0.5307165492185373,0.5818782609498894,0.4240794686126352,0.5000000038176922
2024-05-30,221.5,42.57,0,0.476737929442421,0.4888874750848822,0.6124951205414743,0.4883310329354324,0.5676941212472784,0.5230010097238436,0.5431930468432473,0.3876156493706774,0.5924075886159248,0.540149084401723,0.6289974202016578,0.4247879420779341,0.5000000038176922
2024-05-31,221.15,42.07,0,0.4651708535432376,0.4888874750848822,0.6124951205414743,0.4883310329354324,0.5498886874676566,0.525070822115674,0.479983729716582,0.3912744264249997,0.617303548197701,0.5450045987853187,0.5856377431417096,0.4430288670429008,0.5000000038176922
2024-06-01,221.15,42.07,0,0.4667076475586009,0.5932399673583827,0.6124951205414743,0.4883310329354324,0.5871404572281147,0.5230010097238436,0.5431930468432473,0.4046857750915198,0.6339502196150179,0.540149084401723,0.6289974202016578,0.4430288670429008,0.5000000038176922
2024-06-02,221.15,42.07,0,0.451967919794669,0.4888874750848822,0.6124951205414743,0.4883310329354324,0.5871404572281147,0.5230010097238436,0.5431930468432473,0.4046857750915198,0.6339502196150179,0.540149084401723,0.6289974202016578,0.4430288670429008,0.5000000038176922
2024-06-03,216.7,41.41,0,0.486058029094694,0.4888874750848822,0.6124951205414743,0.4883310329354324,0.5630653751349739,0.4668657993656515,0.5209341473343067,0.343854976035122,0.6157026189642468,0.5134135731201622,0.6208241598780461,0.4441070659817373,0.5000000038176922
2024-06-04,216.6,40.96,0,0.476350742697425,0.4888874750848822,0.6124951205414743,0.4883310329354324,0.6291557595757317,0.5076994146017981,0.4634921249045067,0.3898086807980062,0.6271130947983594,0.5159122837403093,0.5563267483262089,0.4619321409191272,0.5000000038176922
2024-06-05,216.55,40.87,0,0.4777063426136003,0.4888874750848822,0.6124951205414743,0.4883310329354324,0.5241612495948934,0.5552653666359559,0.5582797077427696,0.3949540035404579,0.6125234315214916,0.5380973811541659,0.6167881066277222,0.4666308561427945,0.5000000038176922
2024-06-06,215.95,41.09,0,0.463635480618277,0.4888874750848822,0.6124951205414743,0.4883310329354324,0.607558612446072,0.6043554505992363,0.6743918491952976,0.4668589902822456,0.7364039933498197,0.5216128194825939,0.6457587750176413,0.4482933073275173,0.5000000038176922
2024-06-07,215.3,40.5,0,0.4609517656595947,0.4888874750848822,0.6124951205414743,0.4883310329354324,0.5459113459734972,0.5137762200278049,0.4611524166370945,0.3559380751392714,0.6125234315214916,0.5127921026014001,0.5492594636858844,0.4889271662019937,0.5000000038176922
2024-06-08,215.3,40.5,0,0.4905399281417195,0.4888874750848822,0.6124951205414743,0.4883310329354324,0.5871404572281147,0.5230010097238436,0.5431930468432473,0.4046857750915198,0.6339502196150179,0.540149084401723,0.6289974202016578,0.4889271662019937,0.5000000038176922
2024-06-09,215.3,40.5,0,0.4582718019653462,0.4888874750848822,0.6124951205414743,0.4883310329354324,0.5871404572281147,0.5230010097238436,0.5431930468432473,0.4046857750915198,0.6339502196150179,0.540149084401723,0.6289974202016578,0.4889271662019937,0.5000000038176922
2024-06-10,215.8,40.3,0,0.4779001001448805,0.4888874750848822,0.6124951205414743,0.4883310329354324,0.5702129139088078,0.6241470183658318,0.5838523745760821,0.4236393458095817,0.6563897823184408,0.5668130452585861,0.6248937263164565,0.4935320163680773,0.5000000038176922
2024-06-11,216.0,40.31,0,0.4798389934452731,0.4888874750848822,0.6124951205414743,0.4883310329354324,0.5911642764929714,0.5261084992182851,0.5406981132125956,0.3724051667019148,0.6189128016759963,0.5216128194825934,0.6048751330486287,0.4989000250307985,0.5000000038176922
2024-06-12,219.25,40.54,0,0.4852795331874668,0.4888874750848822,0.6124951205414743,0.4883310329354324,0.5301277743234126,0.518371056228922,0.4823563764961658,0.3898086807980062,0.6701868167881457,0.5121718916154053,0.5598980322593139,0.5206238947065024,0.5000000038176922
2024-06-13,220.5,41.04,0,0.4407360087249521,0.4888874750848822,0.6124951205414743,0.4883310329354324,0.5853422386683521,0.5450694293582723,0.604675084977282,0.4414441811640355,0.666208802432395,0.5415266859041259,0.6630728613838082,0.4976846054641705,0.5000000038176922
2024-06-14,221.25,41.15,0,0.4755766845656629,0.4888874750848822,0.6124951205414743,0.4883310329354324,0.6177769283587192,0.4991776412763876,0.5184871558960964,0.375286849987238,0.5803659650591861,0.5571733837860076,0.6415164873320401,0.5033498481965001,0.5000000038176922
2024-06-15,221.25,41.15,0,0.4804211128147361,0.4888874750848822,0.6124951205414743,0.4883310329354324,0.5871404572281147,0.5230010097238436,0.5431930468432473,0.4046857750915198,0.6339502196150179,0.540149084401723,0.6289974202016578,0.5033498481965001,0.5000000038176922
2024-06-16,221.25,41.15,0,0.4668998510124031,0.4888874750848822,0.6124951205414743,0.4883310329354324,0.5871404572281147,0.5230010097238436,0.5431930468432473,0.4046857750915198,0.6339502196150179,0.540149084401723,0.6289974202016578,0.5033498481965001,0.5000000038176922
2024-06-17,221.5,40.84,0,0.4527311160175623,0.4888874750848822,0.6124951205414743,0.4883310329354324,0.5764523382287836,0.4712102735562599,0.4425738958835132,0.3403126515604931,0.6339502196150179,0.536739143791076,0.5894259012134099,0.5240465369568529,0.5000000038176922
2024-06-18,221.5,40.76,0,0.4802270505433978,0.4888874750848822,0.6124951205414743,0.4883310329354324,0.5859407831634025,0.5158142321412559,0.525843439994853,0.4365643473466158,0.6782165762199728,0.539463238055281,0.6208241598780455,0.5318726898008825,0.5000000038176922
2024-06-19,221.5,40.76,0,0.4748030589388275,0.4888874750848822,0.6124951205414743,0.4883310329354324,0.5871404572281147,0.5230010097238436,0.5431930468432473,0.4046857750915198,0.6339502196150179,0.540149084401723,0.6289974202016578,0.5318726898008825,0.5000000038176922
2024-06-20,223.6,41.29,0,0.5026621876413848,0.4888874750848822,0.6124951205414743,0.4883310329354324,0.6276745378703243,0.52558943311403,0.5684460676025257,0.3573640279915947,0.565568248813471,0.5721155569957088,0.6809364220760719,0.5378178868482624,0.5000000038176922
2024-06-21,223.75,41.09,0,0.4678612283799903,0.4888874750848822,0.6124951205414743,0.4883310329354324,0.5108158974360988,0.5240349813955851,0.5087489146149641,0.4276625885075218,0.6062432436656441,0.5387793451844102,0.6048751330486282,0.5291478710387159,0.5000000038176922
2024-06-22,223.75,41.09,0,0.4586544363744088,0.4888874750848822,0.6124951205414743,0.4883310329354324,0.5871404572281147,0.5230010097238436,0.5431930468432473,0.4046857750915198,0.6339502196150179,0.540149084401723,0.6289974202016578,0.5291478710387159,0.5000000038176922
2024-06-23,223.75,41.09,0,0.4841123600636252,0.4888874750848822,0.6124951205414743,0.4883310329354324,0.5871404572281147,0.5230010097238436,0.5431930468432473,0.4046857750915198,0.6339502196150179,0.540149084401723,0.6289974202016578,0.5291478710387159,0.5000000038176922
2024-06-24,225.65,41.83,0,0.4876159024781647,0.4888874750848822,0.6124951205414743,0.4883310329354324,0.5993093577500593,0.4882822511049122,0.5710008735746368,0.4479729604977461,0.6271130947983594,0.4859821965953425,0.6009673185843067,0.511394676013555,0.5000000038176922
2024-06-25,225.4,41.35,0,0.4817801637361437,0.4888874750848822,0.6124951205414743,0.4883310329354324,0.5678875736365475,0.5344724670129626,0.4871146065046753,0.3609334519310846,0.5848576804729673,0.5152856580016577,0.5598980322593139,0.5390675085856694,0.5000000038176922
2024-06-26,225.0,40.8,0,0.4304913360888689,0.4888874750848822,0.6124951205414743,0.4883310329354324,0.6096346592155496,0.5837102233697875,0.5209341473343067,0.3949540035404579,0.5939281050518179,0.5759490123259318,0.6167881066277222,0.5723726996710745,0.5000000038176922
2024-06-27,226.0,41.08,0,0.4769315614813683,0.4888874750848822,0.6124951205414743,0.4883310329354324,0.5937983330044683,0.5082037752704308,0.5456936122820992,0.3868860119040019,0.6141094192940628,0.5521003651818106,0.6543469336664995,0.5637937742404973,0.5000000038176922
2024-06-28,225.15,40.29,0,0.4688232239063878,0.4888874750848822,0.6124951205414743,0.4883310329354324,0.6090113118030513,0.5558051929237579,0.4752511636328186,0.3964329717688031,0.542339176286415,0.5190654515797124,0.5457626997668527,0.6087339344314022,0.5000000038176922
2024-06-29,225.15,40.29,0,0.4813917551539424,0.4888874750848822,0.6124951205414743,0.4883310329354324,0.5871404572281147,0.5230010097238436,0.5431930468432473,0.4046857750915198,0.6339502196150179,0.540149084401723,0.6289974202016578,0.6087339344314022,0.5000000038176922
2024-06-30,225.15,40.29,0,0.4686307741223727,0.4888874750848822,0.6124951205414743,0.4883310329354324,0.5871404572281147,0.5230010097238436,0.5431930468432473,0.4046857750915198,0.6339502196150179,0.540149084401723,0.6289974202016578,0.6087339344314022,0.5000000038176922
2024-07-01,225.65,40.02,0,0.4788692517537618,0.582378910787584,0.6124951205414743,0.522393601360815,0.5655693172862308,0.538164450342921,0.501495950888989,0.444705579037036,0.6304894958310898,0.5471140777219675,0.6009673185843067,0.6432240766951073,0.0
2024-07-02,225.3,39.85,0,0.496985356693137,0.4888874750848822,0.6124951205414743,0.4883310329354324,0.6196654435077505,0.6965265871875566,0.6689247477292728,0.4180375381528762,0.6411814727881142,0.5109352030853305,0.5856377431417101,0.6521953250436137,0.5000000038176922
2024-07-03,224.25,40.31,0,0.4454898408649335,0.4888874750848822,0.6124951205414743,0.4883310329354324,0.567114056468345,0.4872984960904408,0.61784579166211,0.4284691266753338,0.617303548197701,0.5097034189919932,0.6630728613838082,0.590621032448621,0.5000000038176922
2024-07-04,224.25,40.31,0,0.472677947919243,0.4888874750848822,0.6124951205414743,0.4883310329354324,0.5871404572281147,0.5230010097238436,0.5431930468432473,0.4046857750915198,0.6339502196150179,0.540149084401723,0.6289974202016578,0.590621032448621,0.5000000038176922
2024-07-05,227.3,41.58,0,0.4779001001448806,0.4888874750848822,0.6124951205414743,0.4883310329354324,0.5940015067705176,0.4610992929320804,0.5994400868965313,0.4317009878398908,0.6721853998295578,0.5209738535265124,0.6809364220760711,0.543063765994314,0.5000000038176922
2024-07-06,227.3,41.58,0,0.4837234582806434,0.4888874750848822,0.6124951205414743,0.4883310329354324,0.5871404572281147,0.5230010097238436,0.5431930468432473,0.4046857750915198,0.6339502196150179,0.540149084401723,0.6289974202016578,0.543063765994314,0.5000000038176922
2024-07-07,227.3,41.58,0,0.4628683021585937,0.4888874750848822,0.6124951205414743,0.4883310329354324,0.5871404572281147,0.5230010097238436,0.5431930468432473,0.4046857750915198,0.6339502196150179,0.540149084401723,0.6289974202016578,0.543063765994314,0.5000000038176922
2024-07-08,228.0,41.63,0,0.48391789928625,0.4888874750848822,0.6124951205414743,0.4883310329354324,0.5592273331408911,0.4434905559450338,0.4611524166370945,0.3545131151386057,0.5294651190772529,0.5422184199416891,0.6248937263164571,0.5482314978068297,0.5000000038176922
2024-07-09,228.0,41.63,0,0.467092078220316,0.4888874750848822,0.6124951205414743,0.4883310329354324,0.580187261722395,0.4270443492026399,0.5209341473343067,0.3530891201180497,0.6393418816133032,0.5450045987853187,0.6809364220760711,0.5253321073339058,0.5000000038176922
2024-07-10,227.25,41.98,0,0.4744164130647143,0.4888874750848822,0.6124951205414743,0.4883310329354324,0.5667275877377967,0.4510749858785848,0.4823563764961658,0.3523774761802724,0.6467943986504651,0.5159122837403096,0.6088141664787821,0.5216213325202749,0.5000000038176922
2024-07-11,226.55,41.61,0,0.4749964239779436,0.4888874750848822,0.6124951205414743,0.4883310329354324,0.6331847969643579,0.4558382021844437,0.4495123684912122,0.416444916444562,0.6681945292747496,0.5884621556515331,0.6543469336664995,0.5329257302356529,0.5000000038176922
2024-07-12,227.1,41.81,0,0.4742231327348868,0.4888874750848822,0.6124951205414743,0.4883310329354324,0.5413821839865353,0.5255894331140285,0.5582797077427696,0.3695294212472614,0.6467943986504651,0.5549888464641876,0.6543469336664988,0.5283361867580707,0.5000000038176922
2024-07-13,227.1,41.81,0,0.4661311778935195,0.4888874750848822,0.6124951205414743,0.4883310329354324,0.5871404572281147,0.5230010097238436,0.5431930468432473,0.4046857750915198,0.6339502196150179,0.540149084401723,0.6289974202016578,0.5283361867580707,0.5000000038176922
2024-07-14,227.1,41.81,0,0.4489174482075574,0.4888874750848822,0.6124951205414743,0.4883310329354324,0.5871404572281147,0.5230010097238436,0.5431930468432473,0.4046857750915198,0.6339502196150179,0.540149084401723,0.6289974202016578,0.5283361867580707,0.5000000038176922
2024-07-15,226.5,41.58,0,0.4582718019653462,0.4888874750848822,0.6124951205414743,0.4883310329354324,0.6623405554693818,0.4186570000899112,0.4333739194813711,0.2038290540423957,0.6506010790202134,0.5171695048845785,0.5932432175904532,0.536137373258385,0.5000000038176922
2024-07-16,230.4,42.41,0,0.4719060839423969,0.4888874750848822,0.6124951205414743,0.4883310329354324,0.5944080826575718,0.4996763047373452,0.5382087617283808,0.4172407349168211,0.6681945292747496,0.5387793451844097,0.6373087969420228,0.5283839204209233,0.5000000038176922
2024-07-17,231.2,42.15,0,0.476737929442421,0.4888874750848822,0.6124951205414743,0.4883310329354324,0.6733952733580458,0.6071679939999799,0.5557515245539631,0.4062245023027874,0.6563897823184408,0.52939708889368,0.5781469844146337,0.5541456082861503,0.5000000038176922
2024-07-18,232.75,41.71,0,0.4709419224846238,0.4888874750848822,0.6124951205414743,0.4883310329354324,0.5704070266632009,0.6367044807988465,0.5332465385051985,0.412482581735324,0.5908907451631501,0.622940865315057,0.6373087969420228,0.5855055614687521,0.5000000038176922
2024-07-19,232.3,41.49,0,0.4823629354615344,0.4888874750848822,0.6124951205414743,0.4883310329354324,0.5721564541842494,0.5360524201150181,0.5332465385051994,0.3927434747021893,0.632207217341943,0.5571733837860071,0.6331357567350356,0.6100932967086519,0.5000000038176922
2024-07-20,232.3,41.49,0,0.4788692517537618,0.4888874750848822,0.6124951205414743,0.4883310329354324,0.5871404572281147,0.5230010097238436,0.5431930468432473,0.4046857750915198,0.6339502196150179,0.540149084401723,0.6289974202016578,0.6100932967086519,0.5000000038176922
2024-07-21,232.3,41.49,0,0.4508235661038581,0.4888874750848822,0.6124951205414743,0.4883310329354324,0.5871404572281147,0.5230010097238436,0.5431930468432473,0.4046857750915198,0.6339502196150179,0.540149084401723,0.6289974202016578,0.6100932967086519,0.5000000038176922
2024-07-22,231.5,41.53,0,0.4823629354615344,0.4888874750848822,0.6124951205414743,0.4883310329354324,0.5877416315678666,0.6326996362666331,0.6661974442176478,0.4958469582648537,0.7152952534498491,0.5457058893644516,0.6543469336664995,0.6014035336446096,0.5000000038176922
2024-07-23,230.4,41.2,0,0.4806151973566503,0.4888874750848822,0.6124951205414743,0.4883310329354324,0.5400642857880618,0.5953905744172376,0.5838523745760821,0.4268566544477022,0.6506010790202134,0.604600022738802,0.6809364220760711,0.604763248920585,0.5000000038176922
2024-07-24,229.7,40.6,0,0.4769315614813683,0.4888874750848822,0.6124951205414743,0.4883310329354324,0.583352944262064,0.6049175481768245,0.5382087617283808,0.3709665828129199,0.6393418816133032,0.5506666986823644,0.5894259012134099,0.6397827224966844,0.5000000038176922
2024-07-25,232.2,41.16,0,0.4841123600636252,0.4888874750848822,0.6124951205414743,0.4883310329354324,0.6312747698352866,0.5349987248028554,0.5710008735746368,0.4504271785765525,0.6544506460312253,0.5653121537748451,0.6674873624869875,0.6349668019814292,0.5000000038176922
2024-07-26,232.35,41.04,0,0.464786880309075,0.4888874750848822,0.6124951205414743,0.4883310329354324,0.6108826926165322,0.4649403858451936,0.4705352973390492,0.3114238330886132,0.5670371182789146,0.5333756817070494,0.6088141664787821,0.6408605736157922,0.5000000038176922
2024-07-27,232.35,41.04,0,0.4722919551413373,0.4888874750848822,0.6124951205414743,0.4883310329354324,0.5871404572281147,0.5230010097238436,0.5431930468432473,0.4046857750915198,0.6339502196150179,0.540149084401723,0.6289974202016578,0.6408605736157922,0.5000000038176922
2024-07-28,232.35,41.04,0,0.4903448755973191,0.4888874750848822,0.6124951205414743,0.4883310329354324,0.5871404572281147,0.5230010097238436,0.5431930468432473,0.4046857750915198,0.6339502196150179,0.540149084401723,0.6289974202016578,0.6408605736157922,0.5000000038176922
2024-07-29,232.35,41.28,0,0.4882003995206449,0.4888874750848822,0.6124951205414743,0.4883310329354324,0.5555959207145352,0.3841560217519513,0.4541568294922957,0.3695294212472614,0.6506010790202134,0.5165402285324641,0.6248937263164571,0.6205539419479187,0.5000000038176922
2024-07-30,232.6,41.36,0,0.4761571884164447,0.4888874750848822,0.6124951205414743,0.4883310329354324,0.5536900305449974,0.4411292831796265,0.4752511636328186,0.3495331847097004,0.5878675775273413,0.533375681707049,0.6248937263164565,0.6186284714922463,0.5000000038176922
2024-07-31,232.5,41.06,0,0.4880055496537575,0.4888874750848822,0.6124951205414743,0.4883310329354324,0.5204436403318521,0.608294439948321,0.5735608917914482,0.4156501332970412,0.6000497803838172,0.6046000227388025,0.6674873624869884,0.637936638530068,0.5000000038176922
2024-08-01,231.95,40.43,0,0.4533036707260731,0.4063280212184097,0.6124951205414743,0.4883310329354324,0.6412781920221514,0.5488120480434736,0.4871146065046753,0.3883459554020639,0.6254488736288167,0.5571733837860071,0.5894259012134093,0.689102265802306,0.5000000038176922
2024-08-02,233.15,40.82,0,0.4626765588949456,0.4888874750848822,0.6124951205414743,0.4883310329354324,0.6610439413018793,0.5976266489627913,0.6338034862787532,0.4333201351646997,0.6701868167881457,0.5333756817070494,0.641516487332041,0.6780390763283601,0.5000000038176922
2024-08-03,233.15,40.82,0,0.455213190099937,0.4888874750848822,0.6124951205414743,0.4883310329354324,0.5871404572281147,0.5230010097238436,0.5431930468432473,0.4046857750915198,0.6339502196150179,0.540149084401723,0.6289974202016578,0.6780390763283601,0.5000000038176922
2024-08-04,233.15,40.82,0,0.4734503015772012,0.4888874750848822,0.6124951205414743,0.4883310329354324,0.5871404572281147,0.5230010097238436,0.5431930468432473,0.4046857750915198,0.6339502196150179,0.540149084401723,0.6289974202016578,0.6780390763283601,0.5000000038176922
2024-08-05,234.4,40.87,0,0.4609517656595948,0.4888874750848822,0.6124951205414743,0.4883310329354324,0.5368692348121332,0.5509580201932803,0.5406981132125956,0.4479729604977461,0.6622582164943145,0.52677763910256,0.5970901873324007,0.6762022435184811,0.5000000038176922
2024-08-06,234.7,41.53,0,0.4889799719636382,0.4888874750848822,0.6124951205414743,0.4883310329354324,0.6967646028097335,0.5365798519065269,0.6472250143328016,0.3538009986875517,0.6221591613463359,0.5436076870638893,0.6993463365640427,0.6442527562042816,0.5000000038176922
2024-08-07,230.55,40.99,0,0.4748030589388275,0.4888874750848822,0.6124951205414743,0.4883310329354324,0.6417053939379453,0.4307869517572435,0.4895002755882668,0.3788981603277372,0.6046874261598965,0.540836902813301,0.6500356077019536,0.6298081654011068,0.5000000038176922
2024-08-08,231.2,41.48,0,0.4757701591270802,0.4888874750848822,0.6124951205414743,0.4883310329354324,0.5901549150298495,0.5153041203716322,0.5942244682389577,0.370247827847709,0.6093713256906309,0.5280841663207471,0.658692701759379,0.5871426608086526,0.5000000038176922
2024-08-09,234.3,42.51,0,0.4792570788430926,0.4888874750848822,0.6124951205414743,0.4883310329354324,0.6181963059488298,0.3905459891746781,0.4895002755882668,0.3905411595990285,0.6205310694144502,0.5293970888936794,0.6674873624869875,0.5659951613014933,0.5000000038176922
2024-08-10,234.3,42.51,0,0.4340925226681855,0.4888874750848822,0.6124951205414743,0.4883310329354324,0.5871404572281147,0.5230010097238436,0.5431930468432473,0.4046857750915198,0.6339502196150179,0.540149084401723,0.6289974202016578,0.5659951613014933,0.5000000038176922
2024-08-11,234.3,42.51,0,0.5069757768786195,0.4888874750848822,0.6124951205414743,0.4883310329354324,0.5871404572281147,0.5230010097238436,0.5431930468432473,0.4046857750915198,0.6339502196150179,0.540149084401723,0.6289974202016578,0.5659951613014933,0.5000000038176922
2024-08-12,235.4,42.78,0,0.4821686572270126,0.4888874750848822,0.6124951205414743,0.4883310329354324,0.5857411748018856,0.4261101583131802,0.46583581631618,0.3538009986875517,0.6842966594616114,0.5549888464641876,0.6500356077019543,0.5615955832949291,0.5000000038176922
2024-08-13,235.4,43.14,0,0.4761571884164446,0.4888874750848822,0.6124951205414743,0.4883310329354324,0.6071440212732309,0.4214477514032403,0.4990876845521031,0.3353612500603774,0.6062432436656441,0.550666698682364,0.6809364220760711,0.5404625653358226,0.5000000038176922
2024-08-14,234.2,42.78,0,0.4928818085454381,0.4888874750848822,0.6124951205414743,0.4883310329354324,0.5927836279834205,0.3868919473810285,0.403857204790676,0.4204334185370771,0.6602940242590092,0.5521003651818106,0.6289974202016578,0.549732047474625,0.5000000038176922
2024-08-15,232.85,42.48,0,0.4837234582806435,0.4888874750848822,0.6124951205414743,0.4883310329354324,0.5378081536585337,0.5693964519386984,0.5735608917914482,0.4569859976166744,0.6093713256906309,0.5152856580016573,0.5932432175904532,0.5544370698320925,0.5000000038176922
2024-08-16,233.5,42.7,0,0.4932723407836292,0.4888874750848822,0.6124951205414743,0.4883310329354324,0.6410646357955564,0.4625382044443805,0.5014959508889881,0.3709665828129199,0.6046874261598965,0.5956583270307834,0.6993463365640427,0.5508463338283343,0.5000000038176922
2024-08-17,233.5,42.7,0,0.4699784715473702,0.4888874750848822,0.6124951205414743,0.4883310329354324,0.5871404572281147,0.5230010097238436,0.5431930468432473,0.4046857750915198,0.6339502196150179,0.540149084401723,0.6289974202016578,0.5508463338283343,0.5000000038176922
2024-08-18,233.5,42.7,0,0.4492985604298103,0.4888874750848822,0.6124951205414743,0.4883310329354324,0.5871404572281147,0.5230010097238436,0.5431930468432473,0.4046857750915198,0.6339502196150179,0.540149084401723,0.6289974202016578,0.5508463338283343,0.5000000038176922
2024-08-19,233.45,43.15,0,0.4665154676746751,0.4888874750848822,0.6124951205414743,0.4883310329354324,0.60735129065554,0.5031758950087191,0.5916240038660947,0.4660347790230902,0.6945267766640402,0.5457058893644512,0.6900732750794061,0.5205289363848978,0.5000000038176922
2024-08-20,234.75,42.93,0,0.4784815190591335,0.4888874750848822,0.6124951205414743,0.4883310329354324,0.5837501069652828,0.5595924783303985,0.5111761250454949,0.4046857750915198,0.6189128016759963,0.5307165492185373,0.5744434551012803,0.5521554697186609,0.5000000038176922
2024-08-21,235.5,43.01,0,0.476350742697425,0.4888874750848822,0.6124951205414743,0.4883310329354324,0.6013628507429363,0.58039198257328,0.5864379244329208,0.4220348564541273,0.6357227319014778,0.5542641090436395,0.6373087969420228,0.5559438568471904,0.5000000038176922
2024-08-22,236.3,42.28,0,0.4846958598103121,0.4888874750848822,0.6124951205414743,0.4883310329354324,0.5915686189788646,0.6338430081568079,0.5136081996836454,0.3466924085161945,0.6031367321424231,0.5564434938581366,0.5598980322593139,0.6041609809677749,0.5000000038176922
2024-08-23,237.7,43.4,0,0.4755766845656629,0.4888874750848822,0.6124951205414743,0.4883310329354324,0.5376203171055017,0.5173470572229701,0.6634743346919606,0.4414441811640355,0.617303548197701,0.5333756817070494,0.7182996106860559,0.5561870286530664,0.5000000038176922
2024-08-24,237.7,43.4,0,0.4649788559106,0.4888874750848822,0.6124951205414743,0.4883310329354324,0.5871404572281147,0.5230010097238436,0.5431930468432473,0.4046857750915198,0.6339502196150179,0.540149084401723,0.6289974202016578,0.5561870286530664,0.5000000038176922
2024-08-25,237.7,43.4,0,0.4567419588368877,0.4888874750848822,0.6124951205414743,0.4883310329354324,0.5871404572281147,0.5230010097238436,0.5431930468432473,0.4046857750915198,0.6339502196150179,0.540149084401723,0.6289974202016578,0.5561870286530664,0.5000000038176922
2024-08-26,237.8,43.33,0,0.4367483469950936,0.4888874750848822,0.6124951205414743,0.4883310329354324,0.6154734157563408,0.4721780850702516,0.4847333212448727,0.4292762516111501,0.6046874261598965,0.5216128194825934,0.5970901873324007,0.5604245208071251,0.5000000038176922
2024-08-27,237.85,43.24,0,0.5187670850682701,0.4888874750848822,0.6124951205414743,0.4883310329354324,0.6707889290892334,0.64301475335046,0.6311325185743208,0.4228367337550019,0.6822648318960481,0.5571733837860071,0.6373087969420228,0.5668766115829142,0.5000000038176922
2024-08-28,237.9,42.87,0,0.4897598167383462,0.4888874750848822,0.6124951205414743,0.4883310329354324,0.6438431726505789,0.5531091663399534,0.5184871558960955,0.3767300877893252,0.6205310694144502,0.5360628238525735,0.5894259012134099,0.594655747026337,0.5000000038176922
2024-08-29,239.0,42.53,0,0.4525402946049109,0.4888874750848822,0.6124951205414743,0.4883310329354324,0.567114056468345,0.6412917458715226,0.5633522394993806,0.4545241118869686,0.6741900346016415,0.5653121537748457,0.6009673185843067,0.6259881462349818,0.5000000038176922
2024-08-30,239.75,42.43,0,0.4622931330280641,0.4888874750848822,0.6124951205414743,0.4883310329354324,0.6209263036283129,0.7024150653280063,0.658040786711971,0.4284691266753338,0.6721853998295578,0.5630728230839697,0.6248937263164571,0.6177172169403236,0.5000000038176922
2024-08-31,239.75,42.43,0,0.4841123600636252,0.4888874750848822,0.6124951205414743,0.4883310329354324,0.5871404572281147,0.5230010097238436,0.5431930468432473,0.4046857750915198,0.6339502196150179,0.540149084401723,0.6289974202016578,0.6177172169403236,0.5000000038176922
2024-09-01,239.75,42.43,0,0.4872263260299894,0.5503448937935425,0.6124951205414743,0.4883310329354324,0.5871404572281147,0.5230010097238436,0.5431930468432473,0.4046857750915198,0.6339502196150179,0.540149084401723,0.6289974202016578,0.6177172169403236,0.5000000038176922
2024-09-02,239.75,42.43,0,0.4657469802502001,0.4888874750848822,0.6124951205414743,0.4883310329354324,0.5871404572281147,0.5230010097238436,0.5431930468432473,0.4046857750915198,0.6339502196150179,0.540149084401723,0.6289974202016578,0.6177172169403236,0.5000000038176922
2024-09-03,241.8,42.82,0,0.4746097218843155,0.4888874750848822,0.6124951205414743,0.4883310329354324,0.5277010606653497,0.5726842444399187,0.5864379244329216,0.4430741046093937,0.6986495358655912,0.5805982440926526,0.6764191915738064,0.6355808046399105,0.5000000038176922
2024-09-04,243.6,43.21,0,0.4734503015772012,0.4888874750848822,0.6124951205414743,0.4883310329354324,0.6575905658430024,0.6649650654685515,0.6743918491952976,0.434941286059068,0.6602940242590092,0.5713534149256314,0.6674873624869875,0.6327685367861972,0.5000000038176922
2024-09-05,246.8,44.24,0,0.4705564586853221,0.4888874750848822,0.6124951205414743,0.4883310329354324,0.6580218938860319,0.4750868561312262,0.5658965105029933,0.4109068535078266,0.6205310694144502,0.5630728230839697,0.7040338294475381,0.5995012132517088,0.5000000038176922
2024-09-06,246.9,44.13,0,0.4872263260299894,0.4888874750848822,0.6124951205414743,0.4883310329354324,0.6100504735259262,0.514794416980273,0.5184871558960955,0.3509548796300433,0.6046874261598965,0.5601098242324749,0.6373087969420228,0.6120084533732983,0.5000000038176922
2024-09-07,246.9,44.13,0,0.4695932829293816,0.4888874750848822,0.6124951205414743,0.4883310329354324,0.5871404572281147,0.5230010097238436,0.5431930468432473,0.4046857750915198,0.6339502196150179,0.540149084401723,0.6289974202016578,0.6120084533732983,0.5000000038176922
2024-09-08,246.9,44.13,0,0.4808093040137191,0.4888874750848822,0.6124951205414743,0.4883310329354324,0.5871404572281147,0.5230010097238436,0.5431930468432473,0.4046857750915198,0.6339502196150179,0.540149084401723,0.6289974202016578,0.6120084533732983,0.5000000038176922
2024-09-09,247.15,44.26,0,0.457124317019822,0.4888874750848822,0.6124951205414743,0.4883310329354324,0.5491300192455354,0.5397524467265906,0.5710008735746368,0.4463385483715417,0.5026476108968712,0.5513826418128682,0.6500356077019543,0.6045624673320226,0.5000000038176922
2024-09-10,247.2,43.7,0,0.4713274999328861,0.4888874750848822,0.6124951205414743,0.4883310329354324,0.5859407831634025,0.4819064249471692,0.4310828829455411,0.3445640294499254,0.6031367321424231,0.5759490123259323,0.6048751330486282,0.6421446608956053,0.5000000038176922
2024-09-11,249.35,44.12,0,0.4811975830624474,0.4888874750848822,0.6124951205414743,0.4883310329354324,0.5893490098487382,0.5163247562030255,0.5431930468432473,0.4148564415879984,0.6411814727881142,0.5845124987874872,0.6809364220760719,0.643995525540985,0.5000000038176922
2024-09-12,251.35,44.72,0,0.4732571676877138,0.4888874750848822,0.6124951205414743,0.4883310329354324,0.5619122110915915,0.5826031742694346,0.6311325185743208,0.4373765675925664,0.6782165762199728,0.5457058893644512,0.6630728613838082,0.6264969580959057,0.5000000038176922
2024-09-13,254.0,45.65,0,0.4717131931890891,0.4888874750848822,0.6124951205414743,0.4883310329354324,0.5809768204042889,0.5071954111334482,0.5916240038660947,0.3912744264249997,0.6681945292747496,0.4923456116435312,0.6208241598780455,0.5944562563463118,0.5000000038176922
2024-09-14,254.0,45.65,0,0.4930770670132459,0.4888874750848822,0.6124951205414743,0.4883310329354324,0.5871404572281147,0.5230010097238436,0.5431930468432473,0.4046857750915198,0.6339502196150179,0.540149084401723,0.6289974202016578,0.5944562563463118,0.5000000038176922
2024-09-15,254.0,45.65,0,0.4732571676877137,0.4888874750848822,0.6124951205414743,0.4883310329354324,0.5871404572281147,0.5230010097238436,0.5431930468432473,0.4046857750915198,0.6339502196150179,0.540149084401723,0.6289974202016578,0.5944562563463118,0.5000000038176922
2024-09-16,252.45,45.78,0,0.4736434653036864,0.4888874750848822,0.6124951205414743,0.4883310329354324,0.6188256872321146,0.4233110210694593,0.5087489146149641,0.4602726130226789,0.79907534636166,0.5190654515797124,0.6457587750176421,0.5677585737875168,0.5000000038176922
2024-09-17,257.05,46.86,0,0.4761571884164446,0.4888874750848822,0.6124951205414743,0.4883310329354324,0.580187261722395,0.4927226312040799,0.5481997849929197,0.4085558464723464,0.6467943986504651,0.514036314689883,0.6248937263164571,0.554339909690906,0.5000000038176922
2024-09-18,257.3,47.25,0,0.4751898167557911,0.4888874750848822,0.6124951205414743,0.4883310329354324,0.5506478787519412,0.5628502676707506,0.628466056368534,0.4276625885075218,0.6357227319014778,0.5630728230839697,0.6900732750794053,0.5440283329560287,0.5000000038176922
2024-09-19,259.95,47.9,0,0.4917105832768615,0.4888874750848822,0.7215695399136021,0.4883310329354324,0.557123263930036,0.4620583694601018,0.5063265161213912,0.4024072805928778,0.5893774477189577,0.5380973811541659,0.641516487332041,0.5272864404926255,0.5000000038176922
2024-09-20,261.05,47.3,0,0.4500609508764075,0.4888874750848822,0.6124951205414743,0.4883310329354324,0.5559775337359184,0.553647747140763,0.468183527906318,0.3994063819279603,0.6078044469805547,0.5327083236715716,0.5492594636858837,0.5679056172695222,0.5000000038176922
2024-09-21,261.05,47.3,0,0.4852795331874669,0.4888874750848822,0.6124951205414743,0.4883310329354324,0.5871404572281147,0.5230010097238436,0.5431930468432473,0.4046857750915198,0.6339502196150179,0.540149084401723,0.6289974202016578,0.5679056172695222,0.5000000038176922
2024-09-22,261.05,47.3,0,0.4659390676416361,0.4888874750848822,0.6124951205414743,0.4883310329354324,0.5871404572281147,0.5230010097238436,0.5431930468432473,0.4046857750915198,0.6339502196150179,0.540149084401723,0.6289974202016578,0.5679056172695222,0.5000000038176922
2024-09-23,261.7,47.29,0,0.4804211128147362,0.4888874750848822,0.6124951205414743,0.4883310329354324,0.6434153830568619,0.6638041846311735,0.6445319001805824,0.4933526942723702,0.7279239134294639,0.5759490123259318,0.6543469336664995,0.5807529330922264,0.5000000038176922
2024-09-24,265.05,48.54,0,0.4928818085454381,0.4888874750848822,0.6124951205414743,0.4883310329354324,0.6348848577361068,0.5440031914391026,0.6526242847628958,0.416444916444562,0.6221591613463359,0.5805982440926531,0.7427509303480735,0.5408957816521734,0.5000000038176922
2024-09-25,265.6,48.48,0,0.4617181438863936,0.4888874750848822,0.6124951205414743,0.4883310329354324,0.5744960809530939,0.4731467795384066,0.4776153391151448,0.4406298197806782,0.6602940242590092,0.5471140777219675,0.6208241598780461,0.5518644516174249,0.5000000038176922
2024-09-26,270.55,49.67,0,0.4599942221034518,0.4888874750848822,0.6124951205414743,0.4883310329354324,0.606522530101533,0.5509580201932803,0.604675084977282,0.3680936259461803,0.6205310694144502,0.5564434938581366,0.6764191915738064,0.5326384624587714,0.5000000038176922
2024-09-27,273.9,50.38,0,0.4678612283799903,0.4888874750848822,0.6124951205414743,0.4883310329354324,0.5837501069652835,0.5142851181238682,0.5481997849929197,0.4817351679085943,0.6701868167881457,0.5623296155171522,0.6630728613838082,0.5304379428821371,0.5000000038176922
2024-09-28,273.9,50.38,0,0.4971809220405065,0.4888874750848822,0.6124951205414743,0.4883310329354324,0.5871404572281147,0.5230010097238436,0.5431930468432473,0.4046857750915198,0.6339502196150179,0.540149084401723,0.6289974202016578,0.5304379428821371,0.5000000038176922
2024-09-29,273.9,50.38,0,0.4895648303296019,0.4888874750848822,0.6124951205414743,0.4883310329354324,0.5871404572281147,0.5230010097238436,0.5431930468432473,0.4046857750915198,0.6339502196150179,0.540149084401723,0.6289974202016578,0.5304379428821371,0.5000000038176922
2024-09-30,274.35,50.28,0,0.476737929442421,0.4888874750848822,0.6124951205414743,0.4883310329354324,0.6359484524141577,0.5623065784365867,0.5532287826228066,0.381795409513424,0.6863334069600104,0.5705928066924648,0.6457587750176413,0.5377698455911708,0.5000000038176922
2024-10-01,276.35,50.63,0,0.4331444981186967,0.6078599385699955,0.6124951205414743,0.4680970776238513,0.6851611535018969,0.5051829104265715,0.525843439994853,0.4054532238793171,0.666208802432395,0.5956583270307839,0.6854877990742375,0.5323033877510922,0.5000000038176922
2024-10-02,281.0,51.59,0,0.4757701591270802,0.4888874750848822,0.6124951205414743,0.4883310329354324,0.5538804587866824,0.5137762200278049,0.5481997849929197,0.4009026744946319,0.6602940242590092,0.575179313164267,0.6764191915738064,0.534171206848546,0.5000000038176922
2024-10-03,285.8,52.22,0,0.4792570788430926,0.4888874750848822,0.6124951205414743,0.4883310329354324,0.6013628507429363,0.6122433241462076,0.5890284784785182,0.3760082614209581,0.6062432436656441,0.5535411094086465,0.6208241598780461,0.5511371539089791,0.5000000038176922
2024-10-04,291.8,53.44,0,0.4705564586853221,0.4888874750848822,0.6124951205414743,0.4883310329354324,0.5903566137327382,0.4922281419066164,0.5307735369927697,0.3796217529179064,0.6109442010720134,0.5767202010924697,0.6809364220760719,0.5412809692918388,0.5000000038176922
2024-10-05,291.8,53.44,0,0.4930770670132459,0.4888874750848822,0.6124951205414743,0.4883310329354324,0.5871404572281147,0.5230010097238436,0.5431930468432473,0.4046857750915198,0.6339502196150179,0.540149084401723,0.6289974202016578,0.5412809692918388,0.5000000038176922
2024-10-06,291.8,53.44,0,0.4798389934452731,0.4888874750848822,0.6124951205414743,0.4883310329354324,0.5871404572281147,0.5230010097238436,0.5431930468432473,0.4046857750915198,0.6339502196150179,0.540149084401723,0.6289974202016578,0.5412809692918388,0.5000000038176922
2024-10-07,293.15,53.46,0,0.4257581187035983,0.4888874750848822,0.6124951205414743,0.4883310329354324,0.5351808227943913,0.4760582581692923,0.4728911629240722,0.3942161655643996,0.6430378633267847,0.52939708889368,0.5932432175904521,0.5579877233648562,0.5000000038176922
2024-10-08,294.2,53.18,0,0.4790631535867159,0.4888874750848822,0.6124951205414743,0.4883310329354324,0.5861404862888834,0.4986792901506529,0.468183527906318,0.3523774761802724,0.6000497803838172,0.5513826418128682,0.6009673185843073,0.5800116571333116,0.5000000038176922
2024-10-09,293.9,52.64,0,0.4979633218540736,0.4888874750848822,0.6124951205414743,0.4883310329354324,0.5827578278137759,0.5590505383265616,0.5160451918401538,0.412482581735324,0.6357227319014778,0.6054206664883425,0.6457587750176413,0.6095393413919399,0.5000000038176922
2024-10-10,294.5,52.73,0,0.4632518500281933,0.4888874750848822,0.6124951205414743,0.4883310329354324,0.5829561172574409,0.5472060399076164,0.5608132924257623,0.3883459554020639,0.617303548197701,0.5860881571501284,0.6764191915738064,0.6035087840321014,0.5000000038176922
2024-10-11,297.5,52.91,0,0.4293548404677962,0.4888874750848822,0.6124951205414743,0.4883310329354324,0.5966495207574728,0.525070822115674,0.5039088783050345,0.3738452337086908,0.6157026189642468,0.5443051938027094,0.6009673185843073,0.618881690196199,0.5000000038176922
2024-10-12,297.5,52.91,0,0.4870315645765058,0.4888874750848822,0.6124951205414743,0.4883310329354324,0.5871404572281147,0.5230010097238436,0.5431930468432473,0.4046857750915198,0.6339502196150179,0.540149084401723,0.6289974202016578,0.618881690196199,0.5000000038176922
2024-10-13,297.5,52.91,0,0.5093310030716466,0.4888874750848822,0.6124951205414743,0.4883310329354324,0.5871404572281147,0.5230010097238436,0.5431930468432473,0.4046857750915198,0.6339502196150179,0.540149084401723,0.6289974202016578,0.618881690196199,0.5000000038176922
2024-10-14,298.55,53.47,0,0.4468222951223918,0.4888874750848822,0.6124951205414743,0.4883310329354324,0.6387175100999412,0.5219689283421626,0.5890284784785182,0.3767300877893252,0.5863610232859784,0.5443051938027094,0.671936155549298,0.6088849169840309,0.5000000038176922
2024-10-15,299.25,52.9,0,0.3848713064694002,0.4888874750848822,0.6124951205414743,0.4883310329354324,0.5997195524539838,0.4707266959464756,0.419679970036819,0.3810703640920542,0.5893774477189577,0.5506666986823634,0.5744434551012803,0.6380391437305513,0.5000000038176922
2024-10-16,300.3,53.01,0,0.5075644319385687,0.4888874750848822,0.6124951205414743,0.4883310329354324,0.6359484524141577,0.6145041796887586,0.6099292201585402,0.3767300877893252,0.6602940242590092,0.5751793131642681,0.658692701759379,0.6457454934001183,0.5000000038176922
2024-10-17,301.95,53.28,0,0.4630600658236083,0.4888874750848822,0.6124951205414743,0.4883310329354324,0.5883436876126128,0.4411292831796265,0.4705352973390483,0.4172407349168211,0.648691979397709,0.5387793451844102,0.6248937263164571,0.6402958958820769,0.5000000038176922
2024-10-18,302.1,53.08,0,0.4686307741223728,0.4888874750848822,0.6124951205414743,0.4883310329354324,0.6094268266447157,0.5261084992182836,0.5184871558960964,0.3602190320701845,0.6205310694144502,0.5653121537748451,0.6331357567350356,0.6591896688501948,0.5000000038176922
2024-10-19,302.1,53.08,0,0.4605686917240322,0.4888874750848822,0.6124951205414743,0.4883310329354324,0.5871404572281147,0.5230010097238436,0.5431930468432473,0.4046857750915198,0.6339502196150179,0.540149084401723,0.6289974202016578,0.6591896688501948,0.5000000038176922
2024-10-20,302.1,53.08,0,0.5008992388381172,0.4888874750848822,0.6124951205414743,0.4883310329354324,0.5871404572281147,0.5230010097238436,0.5431930468432473,0.4046857750915198,0.6339502196150179,0.540149084401723,0.6289974202016578,0.6591896688501948,0.5000000038176922
2024-10-21,306.3,53.72,0,0.3968982113146477,0.4888874750848822,0.6124951205414743,0.4883310329354324,0.5622964282252245,0.554725849071803,0.5582797077427687,0.4268566544477022,0.6701868167881457,0.6162030678176726,0.6946928030862767,0.6605920979422959,0.5000000038176922
2024-10-22,308.1,54.03,0,0.5501657234978757,0.4888874750848822,0.6124951205414743,0.4883310329354324,0.5698248456000864,0.5976266489627897,0.604675084977282,0.4390023377926096,0.6883749269723083,0.5528198579432121,0.6457587750176413,0.6582553758653116,0.5000000038176922
2024-10-23,308.8,54.27,0,0.5408646470386094,0.4888874750848822,0.6124951205414743,0.4883310329354324,0.606936804550487,0.5488120480434736,0.5786964213368587,0.4188352803561013,0.6525208717263086,0.5884621556515337,0.6900732750794061,0.6577365521977299,0.5000000038176922
2024-10-24,312.75,55.1,0,0.4821686572270126,0.4888874750848822,0.6124951205414743,0.4883310329354324,0.640210710945099,0.5981862109228593,0.6231467535666833,0.4046857750915198,0.6525208717263086,0.5980812620887395,0.6993463365640427,0.6452820841866534,0.5000000038176922
2024-10-25,313.1,54.84,0,0.4301124666070255,0.4888874750848822,0.6124951205414743,0.4883310329354324,0.5193299984747785,0.4991776412763876,0.4871146065046753,0.3825209673370697,0.5939281050518179,0.5623296155171522,0.6208241598780461,0.66756989078427,0.5000000038176922
2024-10-26,313.1,54.84,0,0.4510142555296038,0.4888874750848822,0.6124951205414743,0.4883310329354324,0.5871404572281147,0.5230010097238436,0.5431930468432473,0.4046857750915198,0.6339502196150179,0.540149084401723,0.6289974202016578,0.66756989078427,0.5000000038176922
2024-10-27,313.1,54.84,0,0.4321967215988235,0.4888874750848822,0.6124951205414743,0.4883310329354324,0.5871404572281147,0.5230010097238436,0.5431930468432473,0.4046857750915198,0.6339502196150179,0.540149084401723,0.6289974202016578,0.66756989078427,0.5000000038176922
2024-10-28,314.1,55.04,0,0.4899548198102313,0.4888874750848822,0.6124951205414743,0.4883310329354324,0.6280975660574373,0.4868070166103007,0.5136081996836454,0.3709665828129199,0.6046874261598965,0.5767202010924697,0.671936155549298,0.6687705186435355,0.5000000038176922
2024-10-29,315.7,54.77,0,0.505210432883739,0.4888874750848822,0.6124951205414743,0.4883310329354324,0.5669207981577419,0.4976835157209596,0.4634921249045067,0.3839736829531354,0.6563897823184408,0.5542641090436395,0.5932432175904532,0.6955096802742871,0.5000000038176922
2024-10-30,318.3,55.22,0,0.4443482306773555,0.4888874750848822,0.6124951205414743,0.4883310329354324,0.5905583999350567,0.574881360525615,0.5864379244329216,0.4438896515531421,0.6189128016759963,0.5615880405459864,0.6500356077019536,0.6968896267212249,0.5000000038176922
2024-10-31,318.6,55.11,0,0.4582718019653462,0.4888874750848822,0.6124951205414743,0.4883310329354324,0.5502682172550013,0.5408129639398235,0.5382087617283808,0.4148564415879984,0.628792516742367,0.5593732011095409,0.6331357567350356,0.7095197931599386,0.5000000038176922
2024-11-01,320.55,54.61,0,0.4823629354615344,0.526018583852442,0.6124951205414743,0.4883310329354324,0.5531189565963852,0.5429383555191902,0.4681835279063171,0.4024072805928778,0.6622582164943145,0.5521003651818106,0.5671178609855294,0.7536092773008283,0.5000000038176922
2024-11-02,320.55,54.61,0,0.5160125079547413,0.4888874750848822,0.6124951205414743,0.4883310329354324,0.5871404572281147,0.5230010097238436,0.5431930468432473,0.4046857750915198,0.6339502196150179,0.540149084401723,0.6289974202016578,0.7536092773008283,0.5000000038176922
2024-11-03,320.55,54.61,0,0.4479649057329997,0.4888874750848822,0.6124951205414743,0.4883310329354324,0.5871404572281147,0.5230010097238436,0.5431930468432473,0.4046857750915198,0.6339502196150179,0.540149084401723,0.6289974202016578,0.7536092773008283,0.5000000038176922
2024-11-04,320.8,55.56,0,0.4605686917240322,0.4888874750848822,0.6124951205414743,0.4883310329354324,0.5766483090512161,0.5392227414455057,0.6634743346919606,0.4156501332970412,0.648691979397709,0.5280841663207476,0.7040338294475381,0.7121426746386553,0.5000000038176922
2024-11-05,320.9,55.8,0,0.4380770310607167,0.4888874750848822,0.6124951205414743,0.4883310329354324,0.6308506917149745,0.5163247562030255,0.5633522394993806,0.4188352803561013,0.648691979397709,0.549952546797534,0.6630728613838082,0.6904241371607687,0.5000000038176922
2024-11-06,325.5,57.3,0,0.5005076123883901,0.4888874750848822,0.6124951205414743,0.4883310329354324,0.5106312584182546,0.4932174052282236,0.5942244682389577,0.4109068535078266,0.6945267766640402,0.6288984013683129,0.7941658214269677,0.6530227357391247,0.5000000038176922
2024-11-07,326.3,57.41,0,0.4695932829293816,0.4888874750848822,0.8031418086462837,0.4883310329354324,0.6048675907221155,0.4922281419066164,0.5136081996836454,0.4775956104246101,0.6430378633267847,0.5542641090436395,0.6415164873320401,0.6597608854763102,0.5000000038176922
2024-11-08,329.05,57.2,0,0.4848903984661866,0.4888874750848822,0.6124951205414743,0.4883310329354324,0.6632054405094789,0.5672099632059326,0.5063265161213912,0.4172407349168211,0.6602940242590092,0.5564434938581372,0.5818782609498894,0.6834562625740127,0.5000000038176922
2024-11-09,329.05,57.2,0,0.4676689042546672,0.4888874750848822,0.6124951205414743,0.4883310329354324,0.5871404572281147,0.5230010097238436,0.5431930468432473,0.4046857750915198,0.6339502196150179,0.540149084401723,0.6289974202016578,0.6834562625740127,0.5000000038176922
2024-11-10,329.05,57.2,0,0.4864473885152867,0.4888874750848822,0.6124951205414743,0.4883310329354324,0.5871404572281147,0.5230010097238436,0.5431930468432473,0.4046857750915198,0.6339502196150179,0.540149084401723,0.6289974202016578,0.6834562625740127,0.5000000038176922
2024-11-11,334.6,57.98,0,0.4475839827024648,0.4888874750848822,0.6124951205414743,0.4883310329354324,0.5925809237278653,0.6173346178084583,0.5994400868965313,0.3810703640920542,0.6271130947983594,0.5340447898129113,0.6088141664787814,0.6931239429433915,0.5000000038176922
2024-11-12,335.15,58.11,0,0.4769315614813681,0.4888874750848822,0.6124951205414743,0.4883310329354324,0.5948149594772822,0.4736314608872492,0.5039088783050345,0.370247827847709,0.6237980410922909,0.5280841663207476,0.6167881066277222,0.6894722861799405,0.5000000038176922
2024-11-13,339.6,58.57,0,0.4919057483536845,0.4888874750848822,0.6124951205414743,0.4883310329354324,0.6249284014205772,0.4659026801990381,0.4634921249045076,0.3964329717688031,0.6205310694144502,0.5457058893644512,0.6088141664787814,0.7199275636216089,0.5000000038176922
2024-11-14,342.2,59.21,0,0.441116042887191,0.4888874750848822,0.6124951205414743,0.4883310329354324,0.4977504420318674,0.5193967872786084,0.5608132924257623,0.3459827432601349,0.5863610232859784,0.5557153114333826,0.6630728613838082,0.7107504467243353,0.5000000038176922
2024-11-15,342.2,59.21,0,0.461334916054597,0.4888874750848822,0.6124951205414743,0.4883310329354324,0.6255615723931002,0.5230010097238436,0.5431930468432473,0.4734614956291235,0.6721853998295578,0.540149084401723,0.6289974202016578,0.7138041016318477,0.5000000038176922
2024-11-16,342.2,59.21,0,0.4905399281417195,0.4888874750848822,0.6124951205414743,0.4883310329354324,0.5871404572281147,0.5230010097238436,0.5431930468432473,0.4046857750915198,0.6339502196150179,0.540149084401723,0.6289974202016578,0.7138041016318477,0.5000000038176922
2024-11-17,342.2,59.21,0,0.4924913378134912,0.4888874750848822,0.6124951205414743,0.4883310329354324,0.5871404572281147,0.5230010097238436,0.5431930468432473,0.4046857750915198,0.6339502196150179,0.540149084401723,0.6289974202016578,0.7138041016318477,0.5000000038176922
2024-11-18,344.2,59.92,0,0.4786753735188223,0.4888874750848822,0.6124951205414743,0.4883310329354324,0.6344596461449111,0.4539307278136382,0.5209341473343067,0.4373765675925664,0.7621026179311732,0.5394632380552805,0.6630728613838082,0.6885738050177352,0.5000000038176922
2024-11-19,344.45,59.66,0,0.4909300821118331,0.4888874750848822,0.6124951205414743,0.4883310329354324,0.6306387040470055,0.5112376134283302,0.5014959508889881,0.3738452337086908,0.6205310694144502,0.4724594317496308,0.5320130023532845,0.7002911655950368,0.5000000038176922
2024-11-20,344.45,59.66,0,0.4804211128147361,0.4888874750848822,0.6124951205414743,0.4883310329354324,0.554833133103059,0.5230010097238436,0.5431930468432473,0.3774523392208563,0.6506010790202134,0.540149084401723,0.6289974202016578,0.7019412149636308,0.5000000038176922
2024-11-21,347.05,59.65,0,0.4782876885546362,0.4888874750848822,0.6124951205414743,0.4883310329354324,0.5590358592366882,0.5445361362814495,0.5136081996836454,0.3637939374526645,0.6093713256906309,0.5340447898129113,0.5856377431417101,0.7243994401946476,0.5000000038176922
2024-11-22,347.55,59.82,0,0.4140426661491045,0.4888874750848822,0.6124951205414743,0.4883310329354324,0.6387175100999412,0.5031758950087197,0.5357249253552454,0.4268566544477022,0.6271130947983594,0.5367391437910765,0.6289974202016578,0.7171854561769754,0.5000000038176922
2024-11-23,347.55,59.82,0,0.4554042290370727,0.4888874750848822,0.6124951205414743,0.4883310329354324,0.5871404572281147,0.5230010097238436,0.5431930468432473,0.4046857750915198,0.6339502196150179,0.540149084401723,0.6289974202016578,0.7171854561769754,0.5000000038176922
2024-11-24,347.55,59.82,0,0.455786355460012,0.4888874750848822,0.6124951205414743,0.4883310329354324,0.5871404572281147,0.5230010097238436,0.5431930468432473,0.4046857750915198,0.6339502196150179,0.540149084401723,0.6289974202016578,0.7171854561769754,0.5000000038176922
2024-11-25,349.75,60.21,0,0.5085457491746174,0.4888874750848822,0.6124951205414743,0.4883310329354324,0.5937983330044683,0.517858842379452,0.5406981132125956,0.4109068535078266,0.6189128016759963,0.5450045987853191,0.6373087969420228,0.7157354986751148,0.5000000038176922
2024-11-26,352.0,60.62,0,0.471134696869588,0.4888874750848822,0.6124951205414743,0.4883310329354324,0.6936944720190756,0.5255894331140285,0.5456936122820992,0.4039227049327588,0.6015909229160447,0.5165402285324641,0.6048751330486282,0.7217580332833218,0.5000000038176922
2024-11-27,352.65,59.61,0,0.5030540916214282,0.4888874750848822,0.6124951205414743,0.4883310329354324,0.6485563698593164,0.512759611350997,0.4287953695202566,0.4140639039571775,0.6339502196150179,0.5012113659498547,0.5088130557988122,0.7921877286004939,0.5000000038176922
2024-11-28,352.65,59.61,0,0.4782876885546362,0.4888874750848822,0.6124951205414743,0.4883310329354324,0.5871404572281147,0.5230010097238436,0.5431930468432473,0.4046857750915198,0.6339502196150179,0.540149084401723,0.6289974202016578,0.7921877286004939,0.5000000038176922
2024-11-29,351.95,58.6,0,0.4734503015772012,0.4888874750848822,0.6124951205414743,0.4883310329354324,0.6007461478109127,0.7433840100009423,0.61784579166211,0.401653812012719,0.6721853998295578,0.5586382470261688,0.5744434551012803,0.8120673567207903,0.5000000038176922
2024-11-30,351.95,58.6,0,0.4622931330280641,0.4888874750848822,0.6124951205414743,0.4883310329354324,0.5871404572281147,0.5230010097238436,0.5431930468432473,0.4046857750915198,0.6339502196150179,0.540149084401723,0.6289974202016578,0.8120673567207903,0.5000000038176922
2024-12-01,351.95,58.6,0,0.4688232239063878,0.4757300165735408,0.6124951205414743,0.4883310329354324,0.5871404572281147,0.5230010097238436,0.5431930468432473,0.4046857750915198,0.6339502196150179,0.540149084401723,0.6289974202016578,0.8120673567207903,0.5000000038176922
2024-12-02,351.8,57.98,0,0.4617181438863936,0.4888874750848822,0.6124951205414743,0.4883310329354324,0.5410055023361188,0.4927226312040799,0.458816655094507,0.3898086807980062,0.6304894958310898,0.5347156686981125,0.5744434551012809,0.8608098861364871,0.5000000038176922
2024-12-03,336.4,55.55,0,0.4697858637856306,0.4888874750848822,0.6124951205414743,0.4883310329354324,0.6958870608114838,0.5509580201932803,0.5786964213368587,0.4244426670030199,0.632207217341943,0.5320426954238691,0.6289974202016578,0.8526962972727186,0.5000000038176922
2024-12-04,332.35,55.03,0,0.4973765012902861,0.4888874750848822,0.6124951205414743,0.4883310329354324,0.6342470892110863,0.4228449937827645,0.4752511636328194,0.3825209673370697,0.6189128016759963,0.5333756817070494,0.6373087969420228,0.8509042877967321,0.5000000038176922
2024-12-05,323.9,53.97,0,0.457889237804519,0.4888874750848822,0.6124951205414743,0.4883310329354324,0.6502735854444749,0.4853341501685675,0.5507115223902407,0.4341304661997607,0.6721853998295578,0.5860881571501284,0.7087552361286228,0.8338767462560361,0.5000000038176922
2024-12-06,323.7,53.18,0,0.4837234582806435,0.4888874750848822,0.6124951205414743,0.4883310329354324,0.4628010001396484,0.4687945461527488,0.419679970036819,0.4054532238793171,0.6721853998295578,0.5478209511897301,0.5707672259678229,0.8791307392394243,0.5000000038176922
2024-12-07,323.7,53.18,0,0.4845013404457551,0.4888874750848822,0.6124951205414743,0.4883310329354324,0.5871404572281147,0.5230010097238436,0.5431930468432473,0.4046857750915198,0.6339502196150179,0.540149084401723,0.6289974202016578,0.8791307392394243,0.5000000038176922
2024-12-08,323.7,53.18,0,0.4274614224665129,0.4888874750848822,0.6124951205414743,0.4883310329354324,0.5871404572281147,0.5230010097238436,0.5431930468432473,0.4046857750915198,0.6339502196150179,0.540149084401723,0.6289974202016578,0.8791307392394243,0.5000000038176922
2024-12-09,322.15,52.94,0,0.504818262911799,0.4888874750848822,0.6124951205414743,0.4883310329354324,0.5359309700210236,0.5909290342535891,0.5994400868965313,0.3934793408395815,0.6467943986504651,0.564564100858498,0.6500356077019543,0.872926898875188,0.5000000038176922
2024-12-10,316.1,52.18,0,0.4508235661038581,0.4888874750848822,0.6124951205414743,0.4883310329354324,0.638504318321613,0.5541866419826239,0.5942244682389587,0.4196339198485351,0.69042108097368,0.5457058893644512,0.658692701759379,0.8532747181390679,0.5000000038176922
2024-12-11,316.45,52.62,0,0.4784815190591335,0.4888874750848822,0.6124951205414743,0.4883310329354324,0.4946345893700059,0.4882822511049122,0.5582797077427687,0.412482581735324,0.628792516742367,0.5436076870638893,0.671936155549298,0.801509842054309,0.5000000038176922
2024-12-12,316.85,52.51,0,0.519554449273198,0.4888874750848822,0.9193674185003649,0.4883310329354324,0.6211365880783871,0.5271479812147399,0.525843439994853,0.4062245023027874,0.5337429332459769,0.5127921026014001,0.5856377431417101,0.8225706074442258,0.5000000038176922
2024-12-13,313.8,51.94,0,0.4622931330280641,0.4888874750848822,0.6124951205414743,0.4883310329354324,0.6125494446949913,0.4591834869072547,0.4847333212448727,0.3803458164888749,0.6221591613463359,0.5190654515797128,0.6009673185843067,0.8514821744436327,0.5000000038176922
2024-12-14,313.8,51.94,0,0.4573155215195315,0.4888874750848822,0.6124951205414743,0.4883310329354324,0.5871404572281147,0.5230010097238436,0.5431930468432473,0.4046857750915198,0.6339502196150179,0.540149084401723,0.6289974202016578,0.8514821744436327,0.5000000038176922
2024-12-15,313.8,51.94,0,0.4513956775995601,0.4888874750848822,0.6124951205414743,0.4883310329354324,0.5871404572281147,0.5230010097238436,0.5431930468432473,0.4046857750915198,0.6339502196150179,0.540149084401723,0.6289974202016578,0.8514821744436327,0.5000000038176922
2024-12-16,309.8,50.91,0,0.4775126097856029,0.4888874750848822,0.6124951205414743,0.4883310329354324,0.562296428225224,0.4340695572629548,0.4333739194813711,0.3781750263445459,0.7556440390645351,0.5374173218761144,0.5932432175904532,0.9137206164193296,0.5000000038176922
2024-12-17,310.9,51.1,0,0.4661311778935195,0.4888874750848822,0.6124951205414743,0.4883310329354324,0.5885445647575205,0.5853725903591434,0.5916240038660947,0.3832470530162493,0.6237980410922909,0.52939708889368,0.6167881066277217,0.8881786248735659,0.5000000038176922
2024-12-18,315.15,50.49,0,0.486058029094694,0.4888874750848822,0.6124951205414743,0.4883310329354324,0.6094268266447157,0.4482256524332944,0.3507505322502364,0.3311240341726267,0.5939281050518179,0.5408369028133,0.5186266639384307,1.0,0.5000000038176922
2024-12-19,315.55,51.59,0,0.4985502654011928,0.4888874750848822,0.6124951205414743,0.4883310329354324,0.5819654806695601,0.4265771815768072,0.5786964213368587,0.447155577199698,0.6602940242590092,0.5209738535265128,0.7182996106860551,0.9164658540465268,0.5000000038176922
2024-12-20,315.1,52.0,0,0.4569331294905204,0.4888874750848822,0.6124951205414743,0.4883310329354324,0.6223991282875302,0.5445361362814495,0.612563390313427,0.4455218801858925,0.6762004961466523,0.5601098242324749,0.6946928030862767,0.8767288294298032,0.5000000038176922
2024-12-21,315.1,52.0,0,0.4584631103377165,0.4888874750848822,0.6124951205414743,0.4883310329354324,0.5871404572281147,0.5230010097238436,0.5431930468432473,0.4046857750915198,0.6339502196150179,0.540149084401723,0.6289974202016578,0.8767288294298032,0.5000000038176922
2024-12-22,315.1,52.0,0,0.4536854500188957,0.4888874750848822,0.6124951205414743,0.4883310329354324,0.5871404572281147,0.5230010097238436,0.5431930468432473,0.4046857750915198,0.6339502196150179,0.540149084401723,0.6289974202016578,0.8767288294298032,0.5000000038176922
2024-12-23,314.6,50.82,0,0.5116878068080124,0.4888874750848822,0.6124951205414743,0.4883310329354324,0.5768443443254765,0.4966889633999215,0.4106186830598257,0.3934793408395815,0.6449093073492219,0.5478209511897301,0.542290027427637,0.9413402068377644,0.5000000038176922
2024-12-24,314.6,50.82,0,0.4325758027046279,0.4888874750848822,0.6124951205414743,0.4883310329354324,0.6171481800779507,0.5230010097238436,0.5431930468432473,0.4228367337550019,0.6393418816133032,0.540149084401723,0.6289974202016578,0.9393464048507468,0.5000000038176922
2024-12-25,314.6,50.82,0,0.4823629354615344,0.4888874750848822,0.6124951205414743,0.4883310329354324,0.5871404572281147,0.5230010097238436,0.5431930468432473,0.4046857750915198,0.6339502196150179,0.540149084401723,0.6289974202016578,0.9393464048507468,0.5000000038176922
2024-12-26,315.85,51.13,0,0.4682459509928099,0.4888874750848822,0.6124951205414743,0.4883310329354324,0.5819654806695607,0.5853725903591434,0.6020551788179935,0.4561650691684224,0.6741900346016415,0.5300559927172438,0.6289974202016578,0.9346414124378012,0.5000000038176922
2024-12-27,318.35,51.41,0,0.4694007287429635,0.4888874750848822,0.6124951205414743,0.4883310329354324,0.4796663994385629,0.5520329541458042,0.5532287826228057,0.3825209673370697,0.6357227319014778,0.5374173218761152,0.6127849691955641,0.942851941687869,0.5000000038176922
2024-12-28,318.35,51.41,0,0.4922961256991371,0.4888874750848822,0.6124951205414743,0.4883310329354324,0.5871404572281147,0.5230010097238436,0.5431930468432473,0.4046857750915198,0.6339502196150179,0.540149084401723,0.6289974202016578,0.942851941687869,0.5000000038176922
2024-12-29,318.35,51.41,0,0.484306840490408,0.4888874750848822,0.6124951205414743,0.4883310329354324,0.5871404572281147,0.5230010097238436,0.5431930468432473,0.4046857750915198,0.6339502196150179,0.540149084401723,0.6289974202016578,0.942851941687869,0.5000000038176922
2024-12-30,317.4,51.36,0,0.4337132828208394,0.4888874750848822,0.6124951205414743,0.4883310329354324,0.5489404330441865,0.541343770858369,0.5684460676025248,0.4109068535078266,0.6221591613463359,0.5429120914220538,0.6415164873320401,0.9316310274775598,0.5000000038176922
2024-12-31,317.4,51.36,0,0.4913203007065192,0.4888874750848822,0.6124951205414743,0.4883310329354324,0.6013628507429356,0.5230010097238436,0.5431930468432473,0.4652108224430016,0.6822648318960481,0.540149084401723,0.6289974202016578,0.9316310274775598,0.5000000038176922
2025-01-01,317.4,51.36,0,0.4975720943822131,0.4032804261612649,0.6124951205414743,0.4521474240152069,0.5871404572281147,0.5230010097238436,0.5431930468432473,0.4046857750915198,0.6339502196150179,0.540149084401723,0.6289974202016578,0.9316310274775598,0.5000000038176922
2025-01-02,321.55,52.16,0,0.4565508049652289,0.4888874750848822,0.6124951205414743,0.4883310329354324,0.5970579816241525,0.4986792901506529,0.5382087617283808,0.4093376345972629,0.6411814727881142,0.5579049714021179,0.658692701759379,0.9161075692961766,0.5000000038176922
2025-01-03,321.85,52.06,0,0.454258234747041,0.4888874750848822,0.6124951205414743,0.4883310329354324,0.5827578278137759,0.4814177514594198,0.4942849424542813,0.3459827432601349,0.5788745388756356,0.5436076870638893,0.6208241598780461,0.9328346533948444,0.5000000038176922
2025-01-04,321.85,52.06,0,0.520735774107624,0.4888874750848822,0.6124951205414743,0.4883310329354324,0.5871404572281147,0.5230010097238436,0.5431930468432473,0.4046857750915198,0.6339502196150179,0.540149084401723,0.6289974202016578,0.9328346533948444,0.5000000038176922
2025-01-05,321.85,52.06,0,0.411024153712356,0.4888874750848822,0.6124951205414743,0.4883310329354324,0.5871404572281147,0.5230010097238436,0.5431930468432473,0.4046857750915198,0.6339502196150179,0.540149084401723,0.6289974202016578,0.9328346533948444,0.5000000038176922
2025-01-06,321.85,52.65,0,0.4868368211045204,0.4888874750848822,0.6124951205414743,0.4883310329354324,0.462078016548188,0.4838636074762778,0.5735608917914482,0.4236393458095817,0.6883749269723083,0.5506666986823644,0.6946928030862767,0.8943122222080362,0.5000000038176922
2025-01-07,322.5,52.74,0,0.4709419224846238,0.4888874750848822,0.6124951205414743,0.4883310329354324,0.6115073667725222,0.3723443029936099,0.419679970036819,0.4031634242905821,0.6357227319014778,0.6037806558992707,0.6900732750794053,0.8859421987045357,0.5000000038176922
2025-01-08,323.7,53.0,0,0.4744164130647143,0.4888874750848822,0.6124951205414743,0.4883310329354324,0.6346722356846277,0.6522291162557567,0.6499224838338064,0.3964329717688031,0.6078044469805547,0.5579049714021179,0.6500356077019543,0.888590872110674,0.5000000038176922
2025-01-09,323.9,53.51,0,0.4460608158093629,0.4888874750848822,0.6124951205414743,0.4883310329354324,0.5871404572281147,0.5781847229240396,0.6391588351364746,0.4188352803561013,0.648691979397709,0.5464090530935896,0.6854877990742367,0.8483059293845945,0.5000000038176922
2025-01-10,324.35,53.19,0,0.4665154676746751,0.4888874750848822,0.6124951205414743,0.4883310329354324,0.5851429090887776,0.5429383555191902,0.5160451918401547,0.4900295625277905,0.7513504446465034,0.5837267904006079,0.6289974202016578,0.8884730784855884,0.5000000038176922
2025-01-11,324.35,53.19,0,0.4962032355517616,0.4888874750848822,0.6124951205414743,0.4883310329354324,0.5871404572281147,0.5230010097238436,0.5431930468432473,0.4046857750915198,0.6339502196150179,0.540149084401723,0.6289974202016578,0.8884730784855884,0.5000000038176922
2025-01-12,324.35,53.19,0,0.454258234747041,0.4888874750848822,0.6124951205414743,0.4883310329354324,0.5871404572281147,0.5230010097238436,0.5431930468432473,0.4046857750915198,0.6339502196150179,0.540149084401723,0.6289974202016578,0.8884730784855884,0.5000000038176922
2025-01-13,325.6,53.38,0,0.4728709905653252,0.4888874750848822,0.6124951205414743,0.4883310329354324,0.5921757566788656,0.522484733743115,0.5431930468432473,0.4569859976166744,0.680238081473769,0.540836902813301,0.6289974202016578,0.8820638466417172,0.5000000038176922
2025-01-14,325.7,53.86,0,0.4567419588368877,0.4888874750848822,0.6124951205414743,0.4883310329354324,0.6344596461449111,0.4932174052282236,0.5684460676025257,0.4093376345972629,0.6205310694144502,0.5248295413327781,0.658692701759379,0.8595906913032457,0.5000000038176922
2025-01-15,326.95,54.31,0,0.4856687436946906,0.4888874750848822,0.6124951205414743,0.4883310329354324,0.5137726703780641,0.4746014979392248,0.5283058579919471,0.4039227049327588,0.666208802432395,0.5601098242324749,0.671936155549298,0.8330178696761769,0.5000000038176922
2025-01-16,325.3,53.68,0,0.4657469802502001,0.4888874750848822,0.6124951205414743,0.4883310329354324,0.6807964923045284,0.4191217828452792,0.4219536783936783,0.336068054105137,0.6062432436656441,0.5048236500169393,0.5634949347753477,0.8561114727002865,0.5000000038176922
2025-01-17,326.65,53.88,0,0.488590151334607,0.4888874750848822,0.6124951205414743,0.4883310329354324,0.5952221330859269,0.4668657993656515,0.4966840309028776,0.4528843837047048,0.7111120279279984,0.5287398194185906,0.6167881066277222,0.8680244784063219,0.5000000038176922
2025-01-18,326.65,53.88,0,0.4993330454171142,0.4888874750848822,0.6124951205414743,0.4883310329354324,0.5871404572281147,0.5230010097238436,0.5431930468432473,0.4046857750915198,0.6339502196150179,0.540149084401723,0.6289974202016578,0.8680244784063219,0.5000000038176922
2025-01-19,326.65,53.88,0,0.464786880309075,0.4888874750848822,0.6124951205414743,0.4883310329354324,0.5871404572281147,0.5230010097238436,0.5431930468432473,0.4046857750915198,0.6339502196150179,0.540149084401723,0.6289974202016578,0.8680244784063219,0.5000000038176922
2025-01-20,326.65,53.88,0,0.4905399281417195,0.4888874750848822,0.6124951205414743,0.4883310329354324,0.5871404572281147,0.5230010097238436,0.5431930468432473,0.4046857750915198,0.6339502196150179,0.540149084401723,0.6289974202016578,0.8680244784063219,0.5000000038176922
2025-01-21,326.6,54.14,0,0.4732571676877138,0.4888874750848822,0.6124951205414743,0.4883310329354324,0.5780219348344153,0.5970673034996345,0.6311325185743208,0.5133494081415291,0.6782165762199728,0.5248295413327781,0.6373087969420228,0.8400145969262585,0.5000000038176922
2025-01-22,327.15,55.09,0,0.4665154676746751,0.4888874750848822,0.6124951205414743,0.4883310329354324,0.5927836279834205,0.4770305830014718,0.5916240038660947,0.3716856932851501,0.5969807112258781,0.5457058893644512,0.7231224895569147,0.794317579696866,0.5000000038176922
2025-01-23,325.4,54.99,0,0.4944443007152143,0.4888874750848822,0.6124951205414743,0.4883310329354324,0.6044544063233039,0.5376358697580949,0.576126086205774,0.434941286059068,0.6762004961466523,0.5254773702599211,0.6331357567350356,0.7846967243284974,0.5000000038176922
2025-01-24,325.1,54.99,0,0.5038380467811425,0.4888874750848822,0.6124951205414743,0.4883310329354324,0.6138014817833015,0.5552653666359559,0.5735608917914482,0.3760082614209581,0.6125234315214916,0.5387793451844102,0.6289974202016578,0.7772360908655342,0.5000000038176922
2025-01-25,325.1,54.99,0,0.444918979625801,0.4888874750848822,0.6124951205414743,0.4883310329354324,0.5871404572281147,0.5230010097238436,0.5431930468432473,0.4046857750915198,0.6339502196150179,0.540149084401723,0.6289974202016578,0.7772360908655342,0.5000000038176922
2025-01-26,325.1,54.99,0,0.4348511236888914,0.4888874750848822,0.6124951205414743,0.4883310329354324,0.5871404572281147,0.5230010097238436,0.5431930468432473,0.4046857750915198,0.6339502196150179,0.540149084401723,0.6289974202016578,0.7772360908655342,0.5000000038176922
2025-01-27,326.7,55.27,0,0.513456407307232,0.4888874750848822,0.6124951205414743,0.4883310329354324,0.6342470892110857,0.420051757875206,0.458816655094507,0.3731250108146033,0.6046874261598965,0.5528198579432131,0.6457587750176413,0.7670962581927674,0.5000000038176922
2025-01-28,325.2,55.39,0,0.4773189018553315,0.4888874750848822,0.6124951205414743,0.4883310329354324,0.5378081536585337,0.4140165692070894,0.4871146065046753,0.4046857750915198,0.6583377359428222,0.5408369028133,0.6630728613838082,0.747586651789006,0.5000000038176922
2025-01-29,325.85,55.43,0,0.4686307741223728,0.4888874750848822,0.6124951205414743,0.4883310329354324,0.5504580314800381,0.5579675509992509,0.5633522394993806,0.4545241118869686,0.7279239134294639,0.5721155569957088,0.6543469336664995,0.7471494329200539,0.5000000038176922
2025-01-30,326.0,55.56,0,0.4470126973513666,0.4888874750848822,0.9193674185003649,0.4883310329354324,0.6588848468455886,0.5381644503429226,0.5658965105029933,0.3566509256547106,0.5908907451631501,0.5615880405459874,0.6630728613838082,0.7568479496249053,0.5000000038176922
2025-01-31,324.45,55.56,0,0.4418762498123933,0.4888874750848822,0.6124951205414743,0.4883310329354324,0.5993093577500593,0.4256432788845523,0.4871146065046753,0.3986608418979394,0.5818602414440938,0.5542641090436384,0.6674873624869875,0.738808213449635,0.5000000038176922
2025-02-01,324.45,55.56,0,0.4909300821118331,0.6678667190748081,0.6124951205414743,0.4883310329354324,0.5871404572281147,0.5230010097238436,0.5431930468432473,0.4046857750915198,0.6339502196150179,0.540149084401723,0.6289974202016578,0.738808213449635,0.5000000038176922
2025-02-02,324.45,55.56,0,0.4592285215140442,0.4888874750848822,0.6124951205414743,0.4883310329354324,0.5871404572281147,0.5230010097238436,0.5431930468432473,0.4046857750915198,0.6339502196150179,0.540149084401723,0.6289974202016578,0.738808213449635,0.5000000038176922
2025-02-03,326.1,56.08,0,0.4928818085454381,0.4888874750848822,0.6124951205414743,0.4883310329354324,0.6742647456371784,0.579287856911121,0.612563390313427,0.4569859976166744,0.6863334069600104,0.5638176544315263,0.6764191915738064,0.7201966299838072,0.5000000038176922
2025-02-04,327.1,56.71,0,0.4810034326326925,0.4888874750848822,0.6124951205414743,0.4883310329354324,0.625983872268868,0.5456030684423218,0.6099292201585402,0.4586287330273885,0.6782165762199728,0.5601098242324749,0.6993463365640427,0.6921176326796477,0.5000000038176922
2025-02-05,325.85,56.29,0,0.4839178992862501,0.4888874750848822,0.6124951205414743,0.4883310329354324,0.5696308894593193,0.5699437511499408,0.5608132924257623,0.3523774761802724,0.6254488736288167,0.5721155569957099,0.6373087969420236,0.7151987840620097,0.5000000038176922
2025-02-06,326.9,56.66,0,0.4952259043873597,0.4888874750848822,0.6124951205414743,0.4883310329354324,0.6449131516610206,0.5601347137601311,0.5942244682389577,0.4156501332970412,0.648691979397709,0.5675658671824982,0.6809364220760711,0.696199514259374,0.5000000038176922
2025-02-07,324.6,56.08,0,0.4800330107002748,0.4888874750848822,0.6124951205414743,0.4883310329354324,0.5956295994552492,0.4907463631900847,0.4966840309028776,0.3724051667019148,0.5848576804729673,0.6021457727432232,0.671936155549298,0.7197661437207794,0.5000000038176922
2025-02-08,324.6,56.08,0,0.4771252190203399,0.4888874750848822,0.6124951205414743,0.4883310329354324,0.5871404572281147,0.5230010097238436,0.5431930468432473,0.4046857750915198,0.6339502196150179,0.540149084401723,0.6289974202016578,0.7197661437207794,0.5000000038176922
2025-02-09,324.6,56.08,0,0.4130991801530665,0.4888874750848822,0.6124951205414743,0.4883310329354324,0.5871404572281147,0.5230010097238436,0.5431930468432473,0.4046857750915198,0.6339502196150179,0.540149084401723,0.6289974202016578,0.7197661437207794,0.5000000038176922
2025-02-10,324.65,56.08,0,0.436938126943641,0.4888874750848822,0.6124951205414743,0.4883310329354324,0.5291939567859715,0.5056855143962072,0.528305857991948,0.4046857750915198,0.6642299257245803,0.5415266859041264,0.6289974202016578,0.7098942472304862,0.5000000038176922
2025-02-11,324.25,56.21,0,0.4699784715473702,0.4888874750848822,0.6124951205414743,0.4883310329354324,0.5857411748018856,0.6077311156589196,0.6338034862787522,0.3868860119040019,0.5863610232859784,0.5924464473594587,0.6993463365640427,0.6971551287542419,0.5000000038176922
2025-02-12,322.8,56.04,0,0.5081531886967813,0.4888874750848822,0.6124951205414743,0.4883310329354324,0.7423109030800359,0.4736314608872478,0.508748914614965,0.3587910032040913,0.6822648318960481,0.6204052371361936,0.7182996106860559,0.6978987536777823,0.5000000038176922
2025-02-13,320.05,55.48,0,0.485084956296921,0.4888874750848822,0.6124951205414743,0.4883310329354324,0.6106745645815819,0.4750868561312276,0.4942849424542805,0.4116939677234617,0.6583377359428222,0.548529661623271,0.6289974202016578,0.6989616355559225,0.5000000038176922
2025-02-14,320.3,56.16,0,0.5156191520721395,0.4888874750848822,0.6124951205414743,0.4883310329354324,0.4994018896236873,0.5307999525723176,0.617845791662111,0.4236393458095817,0.6544506460312253,0.5956583270307828,0.7629164097114146,0.6659530201837813,0.5000000038176922
2025-02-15,320.3,56.16,0,0.4567419588368877,0.4888874750848822,0.6124951205414743,0.4883310329354324,0.5871404572281147,0.5230010097238436,0.5431930468432473,0.4046857750915198,0.6339502196150179,0.540149084401723,0.6289974202016578,0.6659530201837813,0.5000000038176922
2025-02-16,320.3,56.16,0,0.4195186241433568,0.4888874750848822,0.6124951205414743,0.4883310329354324,0.5871404572281147,0.5230010097238436,0.5431930468432473,0.4046857750915198,0.6339502196150179,0.540149084401723,0.6289974202016578,0.6659530201837813,0.5000000038176922
2025-02-17,320.3,56.16,0,0.5148325590347851,0.4888874750848822,0.6124951205414743,0.4883310329354324,0.5871404572281147,0.5230010097238436,0.5431930468432473,0.4046857750915198,0.6339502196150179,0.540149084401723,0.6289974202016578,0.6659530201837813,0.5000000038176922
2025-02-18,317.45,55.77,0,0.5032500620818958,0.4888874750848822,0.6124951205414743,0.4883310329354324,0.6363741146347037,0.4986792901506515,0.5332465385051985,0.412482581735324,0.7946950089642689,0.4814219141534447,0.5744434551012803,0.6581515981051831,0.5000000038176922
2025-02-19,315.3,55.14,0,0.4617181438863936,0.4888874750848822,0.6124951205414743,0.4883310329354324,0.647698417476276,0.5344724670129626,0.528305857991948,0.3847008745886005,0.6109442010720134,0.7398774358876405,0.7941658214269687,0.6749438605398913,0.5000000038176922
2025-02-20,314.2,55.06,0,0.4948350732127211,0.4888874750848822,0.6124951205414743,0.4883310329354324,0.5402524737172055,0.5547258490718016,0.5786964213368587,0.448790692303365,0.6375213183386396,0.7408508369579301,0.8432759191689606,0.6652754445846526,0.5000000038176922
2025-02-21,314.2,55.06,0,0.471134696869588,0.4888874750848822,0.6124951205414743,0.4883310329354324,0.5982850060618191,0.5552653666359575,0.5507115223902416,0.3868860119040019,0.5848576804729673,0.5821596468880985,0.6500356077019536,0.6805088381345059,0.5000000038176922
2025-02-22,314.2,55.06,0,0.4407360087249521,0.4888874750848822,0.6124951205414743,0.4883310329354324,0.5871404572281147,0.5230010097238436,0.5431930468432473,0.4046857750915198,0.6339502196150179,0.540149084401723,0.6289974202016578,0.6805088381345059,0.5000000038176922
2025-02-23,314.2,55.06,0,0.4798389934452731,0.4888874750848822,0.6124951205414743,0.4883310329354324,0.5871404572281147,0.5230010097238436,0.5431930468432473,0.4046857750915198,0.6339502196150179,0.540149084401723,0.6289974202016578,0.6805088381345059,0.5000000038176922
2025-02-24,314.25,54.65,0,0.4422564232930351,0.4888874750848822,0.6124951205414743,0.4883310329354324,0.5651835993657572,0.4775170947386405,0.4823563764961658,0.4300839469543501,0.5833574507518797,0.5892562670566843,0.6543469336664995,0.7051393659797637,0.5000000038176922
2025-02-25,312.1,54.24,0,0.4611433312391585,0.4888874750848822,0.6124951205414743,0.4883310329354324,0.6513477208076237,0.5942738528958738,0.5968298397191637,0.4085558464723464,0.6157026189642468,0.6895318850407169,0.7680413800767172,0.6845101613311124,0.5000000038176922
2025-02-26,311.4,53.7,0,0.4748030589388275,0.4888874750848822,0.6124951205414743,0.4883310329354324,0.5327456378145896,0.5153041203716308,0.4942849424542813,0.3825209673370697,0.628792516742367,0.5774928723871222,0.6167881066277217,0.7185290873174612,0.5000000038176922
2025-02-27,311.4,53.4,0,0.4798389934452731,0.4888874750848822,0.6124951205414743,0.4883310329354324,0.6255615723930996,0.6620639966643971,0.6231467535666824,0.3927434747021893,0.556799987529287,0.5767202010924697,0.6331357567350356,0.7383187711548078,0.5000000038176922
2025-02-28,310.95,52.66,0,0.4489174482075574,0.4888874750848822,0.6124951205414743,0.4883310329354324,0.6697038820701857,0.5163247562030241,0.4658358163161807,0.3709665828129199,0.5626371165126348,0.527430111976976,0.5457626997668532,0.7630120098752502,0.5000000038176922
2025-03-01,310.95,52.66,0,0.5097236958837882,0.6375636004999583,0.6124951205414743,0.4883310329354324,0.5871404572281147,0.5230010097238436,0.5431930468432473,0.4046857750915198,0.6339502196150179,0.540149084401723,0.6289974202016578,0.7630120098752502,0.5000000038176922
2025-03-02,310.95,52.66,0,0.4582718019653462,0.4888874750848822,0.6124951205414743,0.4883310329354324,0.5871404572281147,0.5230010097238436,0.5431930468432473,0.4046857750915198,0.6339502196150179,0.540149084401723,0.6289974202016578,0.7630120098752502,0.5000000038176922
2025-03-03,310.95,52.66,0,0.5067795813122227,0.4888874750848822,0.6124951205414743,0.4883310329354324,0.6522075076276437,0.5230010097238436,0.5431930468432473,0.3630783858803541,0.5524428211843733,0.540149084401723,0.6289974202016578,0.7630120098752502,0.5000000038176922
2025-03-04,310.95,52.66,0,0.4798389934452731,0.4888874750848822,0.6124951205414743,0.4883310329354324,0.4944514460769161,0.5230010097238436,0.5431930468432473,0.3680936259461803,0.6031367321424231,0.540149084401723,0.6289974202016578,0.7630120098752502,0.5000000038176922
2025-03-05,309.7,53.8,0,0.4323862572561665,0.4888874750848822,0.6124951205414743,0.4883310329354324,0.6391439860436222,0.4741163666082351,0.6526242847628958,0.4455218801858925,0.666208802432395,0.5528198579432131,0.8266091148226523,0.6844047419052387,0.5000000038176922
2025-03-06,311.0,53.96,0,0.4981589561160766,0.4888874750848822,0.6124951205414743,0.4883310329354324,0.5784150015400618,0.6487688576994264,0.6391588351364755,0.4545241118869686,0.6986495358655912,0.5528198579432121,0.6331357567350356,0.6973675600494216,0.5000000038176922
2025-03-07,311.65,53.81,0,0.4924913378134912,0.4888874750848822,0.6124951205414743,0.4883310329354324,0.5978757277043737,0.447751374761834,0.4518326955377943,0.3979168380847812,0.6741900346016415,0.6054206664883425,0.6630728613838082,0.7098942472304862,0.5000000038176922
2025-03-08,311.65,53.81,0,0.4477744375659109,0.4888874750848822,0.6124951205414743,0.4883310329354324,0.5871404572281147,0.5230010097238436,0.5431930468432473,0.4046857750915198,0.6339502196150179,0.540149084401723,0.6289974202016578,0.7098942472304862,0.5000000038176922
2025-03-09,311.65,53.81,0,0.4934676297834937,0.4888874750848822,0.6124951205414743,0.4883310329354324,0.5871404572281147,0.5230010097238436,0.5431930468432473,0.4046857750915198,0.6339502196150179,0.540149084401723,0.6289974202016578,0.7098942472304862,0.5000000038176922
2025-03-10,311.45,53.2,0,0.4909300821118331,0.4888874750848822,0.6124951205414743,0.4883310329354324,0.7532358013762863,0.5585088953447341,0.511176125045494,0.3318298157715214,0.5685082568008049,0.527430111976977,0.5527806875107838,0.7467123211327782,0.5000000038176922
2025-03-11,311.95,53.71,0,0.4430169121266308,0.4888874750848822,0.6124951205414743,0.4883310329354324,0.5512176200584642,0.5056855143962072,0.5735608917914482,0.3986608418979394,0.6189128016759963,0.5813782246378485,0.7279791041987045,0.7221890109691932,0.5000000038176922
2025-03-12,312.1,53.75,0,0.4720990044951479,0.4888874750848822,0.6124951205414743,0.4883310329354324,0.5163638705406711,0.4186570000899099,0.4564848044574009,0.3745658438257178,0.5848576804729673,0.5623296155171522,0.6543469336664995,0.7154671206502521,0.5000000038176922
2025-03-13,312.1,53.75,0,0.4903448755973191,0.4888874750848822,0.6124951205414743,0.4883310329354324,0.6524225202809859,0.6620639966643954,0.6634743346919606,0.4341304661997607,0.6701868167881457,0.5759490123259318,0.671936155549298,0.7161112975298232,0.5000000038176922
2025-03-14,309.7,53.95,0,0.0,0.4888874750848822,0.6124951205414743,0.4883310329354324,0.5644127108259858,0.4966889633999229,0.5786964213368578,0.412482581735324,0.5833574507518797,0.5367391437910765,0.6946928030862767,0.6839304357557344,0.5000000038176922
2025-03-15,309.7,53.95,0,1.0,0.4888874750848822,0.6124951205414743,0.4883310329354324,0.5871404572281147,0.5230010097238436,0.5431930468432473,0.4046857750915198,0.6339502196150179,0.540149084401723,0.6289974202016578,0.6839304357557344,0.5000000038176922
2025-03-16,309.7,53.95,0,0.4238663928906007,0.4888874750848822,0.6124951205414743,0.4883310329354324,0.5871404572281147,0.5230010097238436,0.5431930468432473,0.4046857750915198,0.6339502196150179,0.540149084401723,0.6289974202016578,0.6839304357557344,0.5000000038176922
2025-03-17,309.2,54.5,0,0.4917105832768615,0.4888874750848822,0.6124951205414743,0.4883310329354324,0.6910657859081843,0.4582267424501683,0.5557515245539631,0.4569859976166744,0.759947379392233,0.571353414925632,0.7477420576931934,0.6551966692376028,0.5000000038176922
2025-03-18,310.1,54.66,0,0.4755766845656629,0.4888874750848822,0.6124951205414743,0.4883310329354324,0.6479128642461752,0.5585088953447326,0.5735608917914482,0.3964329717688031,0.6189128016759963,0.5450045987853182,0.6331357567350356,0.6484771242911447,0.5000000038176922
2025-03-19,310.25,54.9,0,0.4605686917240322,0.4888874750848822,0.6124951205414743,0.4883310329354324,0.5671140564683456,0.4760582581692923,0.525843439994853,0.3912744264249997,0.6583377359428222,0.5300559927172448,0.6457587750176421,0.6371680557930381,0.5000000038176922
2025-03-20,311.25,54.91,0,0.4567419588368877,0.4888874750848822,0.9193674185003649,0.4883310329354324,0.6090113118030513,0.5514953264505276,0.5481997849929197,0.4196339198485351,0.6883749269723083,0.5333756817070485,0.6009673185843067,0.6532296534379606,0.5000000038176922
2025-03-21,312.6,54.68,0,0.4674766046498779,0.4888874750848822,0.6124951205414743,0.4883310329354324,0.5260233020783868,0.5261084992182851,0.4966840309028776,0.3949540035404579,0.6031367321424231,0.5443051938027094,0.5818782609498887,0.6789845147315852,0.5000000038176922
2025-03-22,312.6,54.68,0,0.4757701591270802,0.4888874750848822,0.6124951205414743,0.4883310329354324,0.5871404572281147,0.5230010097238436,0.5431930468432473,0.4046857750915198,0.6339502196150179,0.540149084401723,0.6289974202016578,0.6789845147315852,0.5000000038176922
2025-03-23,312.6,54.68,0,0.4913203007065192,0.4888874750848822,0.6124951205414743,0.4883310329354324,0.5871404572281147,0.5230010097238436,0.5431930468432473,0.4046857750915198,0.6339502196150179,0.540149084401723,0.6289974202016578,0.6789845147315852,0.5000000038176922
2025-03-24,312.75,54.37,0,0.4491079974546522,0.4888874750848822,0.6124951205414743,0.4883310329354324,0.5790051180479616,0.5612200646021243,0.5382087617283808,0.3971742492621855,0.6357227319014778,0.5140363146898825,0.5634949347753477,0.6977393782796809,0.5000000038176922
2025-03-25,312.95,54.88,0,0.5073682022322159,0.4888874750848822,0.6124951205414743,0.4883310329354324,0.569824845600087,0.4261101583131802,0.508748914614965,0.3883459554020639,0.5908907451631501,0.5006131196695489,0.641516487332041,0.6631923263013165,0.5000000038176922
2025-03-26,312.95,54.57,0,0.4432070641653363,0.4888874750848822,0.6124951205414743,0.4883310329354324,0.6005407035060574,0.5031758950087183,0.4942849424542805,0.4024072805928778,0.5924075886159248,0.5280841663207466,0.5818782609498887,0.6825609648392476,0.5000000038176922
2025-03-27,316.55,54.99,0,0.4954213418111474,0.4888874750848822,0.6124951205414743,0.4883310329354324,0.5700188536527123,0.5993059810499582,0.5838523745760821,0.4553444391440245,0.6254488736288167,0.4774757276885417,0.542290027427637,0.6874645724387953,0.5000000038176922
2025-03-28,319.1,55.42,0,0.4705564586853221,0.4888874750848822,0.6124951205414743,0.4883310329354324,0.594611483712592,0.4897598996027702,0.5136081996836462,0.4244426670030199,0.6583377359428222,0.5367391437910765,0.6208241598780461,0.6955096802742871,0.5000000038176922
2025-03-29,319.1,55.42,0,0.463635480618277,0.4888874750848822,0.6124951205414743,0.4883310329354324,0.5871404572281147,0.5230010097238436,0.5431930468432473,0.4046857750915198,0.6339502196150179,0.540149084401723,0.6289974202016578,0.6955096802742871,0.5000000038176922
2025-03-30,319.1,55.42,0,0.4749964239779436,0.4888874750848822,0.6124951205414743,0.4883310329354324,0.5871404572281147,0.5230010097238436,0.5431930468432473,0.4046857750915198,0.6339502196150179,0.540149084401723,0.6289974202016578,0.6955096802742871,0.5000000038176922
2025-03-31,319.5,55.99,0,0.463827327289687,0.4888874750848822,0.6124951205414743,0.4883310329354324,0.6513477208076237,0.5087084961645132,0.5838523745760821,0.3803458164888749,0.6642299257245803,0.529397088893679,0.6764191915738064,0.6662136996379859,0.5000000038176922
