,data,boi_real,boi_dolar,CovidPeriodFlag,PIB_Agro,taxa
0,2020-01-02,192.95,47.96,0,0.2784792375043827,0.0
1,2020-01-03,196.7,48.53,0,0.2784792375043827,0.0117451954782351
2,2020-01-04,196.7,48.53,0,0.2784792375043827,0.0117451954782351
3,2020-01-05,196.7,48.53,0,0.2784792375043827,0.0117451954782351
4,2020-01-06,196.4,48.24,0,0.2784792375043827,0.0102119198058633
5,2020-01-07,196.6,48.42,0,0.2784792375043827,0.011947955482924
6,2020-01-08,196.7,48.58,0,0.2784792375043827,0.0111083324785848
7,2020-01-09,198.45,48.56,0,0.2784792375043827,0.0191987347450011
8,2020-01-10,196.25,48.09,0,0.2784792375043827,0.020223908028649
9,2020-01-11,196.25,48.09,0,0.2784792375043827,0.020223908028649
10,2020-01-12,196.25,48.09,0,0.2784792375043827,0.020223908028649
11,2020-01-13,196.3,47.45,0,0.2784792375043827,0.0352108167824747
12,2020-01-14,193.95,46.97,0,0.2784792375043827,0.0310331114071258
13,2020-01-15,194.25,46.5,0,0.2784792375043827,0.0438499872031253
14,2020-01-16,192.15,45.82,0,0.2784792375043827,0.0467015038469903
15,2020-01-17,192.5,46.26,0,0.2784792375043827,0.0397134812059761
16,2020-01-18,192.5,46.26,0,0.2784792375043827,0.0397134812059761
17,2020-01-19,192.5,46.26,0,0.2784792375043827,0.0397134812059761
18,2020-01-20,192.5,46.26,0,0.2784792375043827,0.0397134812059761
19,2020-01-21,190.6,45.38,0,0.2784792375043827,0.0551369578559495
20,2020-01-22,194.05,46.46,0,0.2784792375043827,0.0460635203987359
21,2020-01-23,191.2,45.91,0,0.2784792375043827,0.042337645775426
22,2020-01-24,187.0,44.67,0,0.2784792375043827,0.0456992019960806
23,2020-01-26,187.0,44.67,0,0.2784792375043827,0.0456992019960806
24,2020-01-27,190.7,45.35,0,0.2784792375043827,0.0536324907655004
25,2020-01-28,189.7,45.23,0,0.2784792375043827,0.0496249143792257
26,2020-01-29,186.1,44.08,0,0.2784792375043827,0.0606891064828555
27,2020-01-30,191.1,44.85,0,0.2784792375043827,0.0646306689684682
28,2020-01-31,190.8,44.55,0,0.2784792375043827,0.076860508996467
29,2020-02-01,190.8,44.55,0,0.2784792375043827,0.076860508996467
30,2020-02-02,190.8,44.55,0,0.2784792375043827,0.076860508996467
31,2020-02-03,196.2,46.18,0,0.2784792375043827,0.0660632758733367
32,2020-02-04,193.45,45.44,0,0.2784792375043827,0.0682171346226703
33,2020-02-05,192.85,45.44,0,0.2784792375043827,0.0622385079334855
34,2020-02-06,194.5,45.48,0,0.2784792375043827,0.0769237171599137
35,2020-02-07,195.4,45.24,0,0.2784792375043827,0.0890567582535614
36,2020-02-08,195.4,45.24,0,0.2784792375043827,0.0890567582535614
37,2020-02-09,195.4,45.24,0,0.2784792375043827,0.0890567582535614
38,2020-02-10,195.7,45.23,0,0.2784792375043827,0.0905019014804606
39,2020-02-11,194.15,44.88,0,0.2784792375043827,0.0926905428710895
40,2020-02-12,197.55,45.45,0,0.2784792375043827,0.1002018830287849
41,2020-02-13,195.55,45.02,0,0.2784792375043827,0.0985772693738054
42,2020-02-14,196.55,45.71,0,0.2784792375043827,0.0817422539583074
43,2020-02-15,196.55,45.71,0,0.2784792375043827,0.0817422539583074
44,2020-02-16,196.55,45.71,0,0.2784792375043827,0.0817422539583074
45,2020-02-17,196.55,45.71,0,0.2784792375043827,0.0817422539583074
46,2020-02-18,197.05,45.22,0,0.2784792375043827,0.1004946519210773
47,2020-02-19,193.1,44.2,0,0.2784792375043827,0.1034933290023752
48,2020-02-20,202.85,46.25,0,0.2784792375043827,0.1128184236091643
49,2020-02-21,198.4,45.19,0,0.2784792375043827,0.1115647060557915
50,2020-02-22,198.4,45.19,0,0.2784792375043827,0.1115647060557915
51,2020-02-23,198.4,45.19,0,0.2784792375043827,0.1115647060557915
52,2020-02-24,198.4,45.19,0,0.2784792375043827,0.1110044328390342
53,2020-02-25,198.4,45.19,0,0.2784792375043827,0.1110044328390342
54,2020-02-26,202.8,45.69,0,0.2784792375043827,0.1318139287782499
55,2020-02-27,202.05,45.2,0,0.2784792375043827,0.1440150432612503
56,2020-02-28,201.75,44.91,0,0.2784792375043827,0.1396454888760693
57,2020-02-29,201.75,44.91,0,0.2784792375043827,0.1396454888760693
58,2020-03-01,201.75,44.91,0,0.2784792375043827,0.1396454888760693
59,2020-03-02,204.15,45.52,0,0.2784792375043827,0.1398838952417044
60,2020-03-03,202.1,44.81,0,0.2784792375043827,0.1537520881589065
61,2020-03-04,202.0,44.12,0,0.2784792375043827,0.1783975555426268
62,2020-03-05,201.2,43.29,0,0.2784792375043827,0.186460309285814
63,2020-03-06,203.25,43.91,0,0.2784792375043827,0.1935082462997946
64,2020-03-07,203.25,43.91,0,0.2784792375043827,0.1935082462997946
65,2020-03-08,203.25,43.91,0,0.2784792375043827,0.1935082462997946
66,2020-03-09,199.4,42.02,0,0.2784792375043827,0.2288543923270449
67,2020-03-10,202.7,43.65,0,0.2784792375043827,0.1991547877112138
68,2020-03-11,203.25,42.93,1,0.2784792375043827,0.263264716514988
69,2020-03-12,204.35,42.41,1,0.2784792375043827,0.2545653197236863
70,2020-03-13,204.7,42.19,1,0.2784792375043827,0.280563441862506
71,2020-03-14,204.7,42.19,1,0.2784792375043827,0.280563441862506
72,2020-03-15,204.7,42.19,1,0.2784792375043827,0.280563441862506
73,2020-03-16,204.7,42.19,1,0.2784792375043827,0.3378447495975937
74,2020-03-17,199.4,39.87,1,0.2784792375043827,0.3412362654100391
75,2020-03-18,187.4,35.85,1,0.2784792375043827,0.3825262076418515
76,2020-03-19,189.25,37.12,1,0.2784792375043827,0.3779496660980599
77,2020-03-20,197.85,39.19,1,0.2784792375043827,0.3639409710046982
78,2020-03-21,197.85,39.19,1,0.2784792375043827,0.3639409710046982
79,2020-03-22,197.85,39.19,1,0.2784792375043827,0.3639409710046982
80,2020-03-23,199.65,38.85,1,0.2784792375043827,0.3989158765007694
81,2020-03-24,195.05,38.31,1,0.2784792375043827,0.3790601734815214
82,2020-03-25,199.5,39.8,1,0.2784792375043827,0.352430488689382
83,2020-03-26,201.85,40.34,1,0.2784792375043827,0.3465497939880654
84,2020-03-27,200.5,39.64,1,0.2784792375043827,0.3796585508367858
85,2020-03-28,200.5,39.64,1,0.2784792375043827,0.3796585508367858
86,2020-03-29,200.5,39.64,1,0.2784792375043827,0.3796585508367858
87,2020-03-30,202.5,39.13,1,0.2784792375043827,0.4204545604618321
88,2020-03-31,203.15,39.1,1,0.2784792375043827,0.4253195489792121
89,2020-04-01,203.0,38.59,1,0.4408853926286945,0.445276096579839
90,2020-04-02,195.4,37.11,1,0.4408853926286945,0.4470765999478684
91,2020-04-03,200.65,37.75,1,0.4408853926286945,0.4916231287039481
92,2020-04-04,200.65,37.75,1,0.4408853926286945,0.4916231287039481
93,2020-04-05,200.65,37.75,1,0.4408853926286945,0.4916231287039481
94,2020-04-06,201.0,37.91,1,0.4408853926286945,0.4620232244092077
95,2020-04-07,199.9,38.32,1,0.4408853926286945,0.4327847340438965
96,2020-04-08,201.8,39.18,1,0.4408853926286945,0.3897889457679048
97,2020-04-09,198.05,38.83,1,0.4408853926286945,0.3827833352229726
98,2020-04-10,198.05,38.83,1,0.4408853926286945,0.3824833582010553
99,2020-04-11,198.05,38.83,1,0.4408853926286945,0.3824833582010553
100,2020-04-12,198.05,38.83,1,0.4408853926286945,0.3824833582010553
101,2020-04-13,202.3,39.08,1,0.4408853926286945,0.4230174776288611
102,2020-04-14,199.1,38.38,1,0.4408853926286945,0.406623036613193
103,2020-04-15,198.5,37.91,1,0.4408853926286945,0.4396203056094888
104,2020-04-16,200.55,38.13,1,0.4408853926286945,0.4380982429683177
105,2020-04-17,201.5,38.43,1,0.4408853926286945,0.4394411489742661
106,2020-04-18,201.5,38.43,1,0.4408853926286945,0.4394411489742661
107,2020-04-19,201.5,38.43,1,0.4408853926286945,0.4394411489742661
108,2020-04-20,196.45,37.02,1,0.4408853926286945,0.4759847867771268
109,2020-04-21,196.45,37.02,1,0.4408853926286945,0.4757547640132958
110,2020-04-22,201.0,37.17,1,0.4408853926286945,0.5424853266830212
111,2020-04-23,196.7,35.74,1,0.4408853926286945,0.5793201217622321
112,2020-04-24,199.95,35.26,1,0.4408853926286945,0.6078283419669709
113,2020-04-25,199.95,35.26,1,0.4408853926286945,0.6078283419669709
114,2020-04-26,199.95,35.26,1,0.4408853926286945,0.6078283419669709
115,2020-04-27,200.05,35.04,1,0.4408853926286945,0.639269710996886
116,2020-04-28,198.9,36.18,1,0.4408853926286945,0.5628164060493013
117,2020-04-29,197.7,36.9,1,0.4408853926286945,0.4842910900618575
118,2020-04-30,198.85,36.51,1,0.4408853926286945,0.5559438568471904
119,2020-05-01,198.85,36.51,1,0.4408853926286945,0.5558465991432566
120,2020-05-02,198.85,36.51,1,0.4408853926286945,0.5558465991432566
121,2020-05-03,198.85,36.51,1,0.4408853926286945,0.5558465991432566
122,2020-05-04,200.35,36.17,1,0.4408853926286945,0.5850098126753216
123,2020-05-05,201.9,36.07,1,0.4408853926286945,0.6016039121552037
124,2020-05-06,199.95,35.07,1,0.4408853926286945,0.6710697804957503
125,2020-05-07,199.75,34.1,1,0.4408853926286945,0.7332148933087934
126,2020-05-08,201.3,35.02,1,0.4408853926286945,0.6804562523045743
127,2020-05-09,201.3,35.02,1,0.4408853926286945,0.6804562523045743
128,2020-05-10,201.3,35.02,1,0.4408853926286945,0.6804562523045743
129,2020-05-11,200.25,34.32,1,0.4408853926286945,0.726342608232164
130,2020-05-12,198.7,33.9,1,0.4408853926286945,0.7632325446301231
131,2020-05-13,199.9,33.8,1,0.4408853926286945,0.7630120098752502
132,2020-05-14,199.35,34.15,1,0.4408853926286945,0.7228356768001469
133,2020-05-15,194.9,33.42,1,0.4408853926286945,0.7466576896878652
134,2020-05-16,194.9,33.42,1,0.4408853926286945,0.7466576896878652
135,2020-05-17,194.9,33.42,1,0.4408853926286945,0.7466576896878652
136,2020-05-18,194.9,33.42,1,0.4408853926286945,0.6736864204726303
137,2020-05-19,200.5,34.97,1,0.4408853926286945,0.6921176326796477
138,2020-05-20,202.15,35.61,1,0.4408853926286945,0.6598647642233758
139,2020-05-21,202.0,36.24,1,0.4408853926286945,0.5878377111786909
140,2020-05-22,203.55,36.48,1,0.4408853926286945,0.5794682817290917
141,2020-05-23,203.55,36.48,1,0.4408853926286945,0.5794682817290917
142,2020-05-24,203.55,36.48,1,0.4408853926286945,0.5794682817290917
143,2020-05-25,203.55,36.48,1,0.4408853926286945,0.5794682817290917
144,2020-05-26,204.3,38.26,1,0.4408853926286945,0.4890200443547646
145,2020-05-27,205.65,38.86,1,0.4408853926286945,0.4561154416389552
146,2020-05-28,203.4,37.93,1,0.4408853926286945,0.5169251254044709
147,2020-05-29,204.75,38.34,1,0.4408853926286945,0.4848929120316613
148,2020-05-30,204.75,38.34,1,0.4408853926286945,0.4848929120316613
149,2020-05-31,204.75,38.34,1,0.4408853926286945,0.4848929120316613
150,2020-06-01,204.0,37.93,1,0.4408853926286945,0.497544431807456
151,2020-06-02,202.5,38.79,1,0.4408853926286945,0.4239024101879072
152,2020-06-03,203.65,40.18,1,0.4408853926286945,0.3637299444850353
153,2020-06-04,205.45,40.16,1,0.4408853926286945,0.3879370324165728
154,2020-06-05,202.65,40.79,1,0.4408853926286945,0.3207476808823583
155,2020-06-06,202.65,40.79,1,0.4408853926286945,0.3207476808823583
156,2020-06-07,202.65,40.79,1,0.4408853926286945,0.3207476808823583
157,2020-06-08,205.2,42.13,1,0.4408853926286945,0.2669040228804313
158,2020-06-09,206.4,42.32,1,0.4408853926286945,0.2968635338008221
159,2020-06-10,206.4,41.98,1,0.4408853926286945,0.326746149832412
160,2020-06-11,206.4,41.98,1,0.4408853926286945,0.3278922354591813
161,2020-06-12,205.25,40.57,1,0.4408853926286945,0.3588023468606161
162,2020-06-13,205.25,40.57,1,0.4408853926286945,0.3588023468606161
163,2020-06-14,205.25,40.57,1,0.4408853926286945,0.3588023468606161
164,2020-06-15,209.95,40.77,1,0.4408853926286945,0.4038308943444882
165,2020-06-16,208.6,39.92,1,0.4408853926286945,0.44244520573011
166,2020-06-17,206.4,39.2,1,0.4408853926286945,0.4359970831783645
167,2020-06-18,212.35,39.43,1,0.4408853926286945,0.5042414849928909
168,2020-06-19,210.4,39.66,1,0.4408853926286945,0.4730892923440299
169,2020-06-20,210.4,39.66,1,0.4408853926286945,0.4730892923440299
170,2020-06-21,210.4,39.66,1,0.4408853926286945,0.4730892923440299
171,2020-06-22,214.0,40.62,1,0.4408853926286945,0.4466712758102151
172,2020-06-23,211.3,41.07,1,0.4408853926286945,0.4031773668271232
173,2020-06-24,218.95,41.19,1,0.4408853926286945,0.489809756821298
174,2020-06-25,217.35,40.82,1,0.4408853926286945,0.4941844241266044
175,2020-06-26,218.35,39.93,1,0.4408853926286945,0.5550687641469128
176,2020-06-27,218.35,39.93,1,0.4408853926286945,0.5550687641469128
177,2020-06-28,218.35,39.93,1,0.4408853926286945,0.5550687641469128
178,2020-06-29,219.65,40.41,1,0.4408853926286945,0.5164042642627179
179,2020-06-30,218.4,40.15,1,0.4408853926286945,0.5463941722582378
180,2020-07-01,219.9,41.4,1,0.5441978711054111,0.4762608645511985
181,2020-07-02,219.65,41.04,1,0.5441978711054111,0.4958167637746752
182,2020-07-03,219.65,41.04,1,0.5441978711054111,0.4958167637746752
183,2020-07-04,219.65,41.04,1,0.5441978711054111,0.4958167637746752
184,2020-07-05,219.65,41.04,1,0.5441978711054111,0.4958167637746752
185,2020-07-06,220.95,41.36,1,0.5441978711054111,0.4942310362259136
186,2020-07-07,219.55,40.81,1,0.5441978711054111,0.5048988374559622
187,2020-07-08,218.75,40.93,1,0.5441978711054111,0.4877203094089735
188,2020-07-09,218.6,40.97,1,0.5441978711054111,0.4873027931951169
189,2020-07-10,218.6,40.97,1,0.5441978711054111,0.4792091206235974
190,2020-07-11,218.6,40.97,1,0.5441978711054111,0.4792091206235974
191,2020-07-12,218.6,40.97,1,0.5441978711054111,0.4792091206235974
192,2020-07-13,217.95,40.57,1,0.5441978711054111,0.5166883470568132
193,2020-07-14,221.9,41.55,1,0.5441978711054111,0.4994613394907392
194,2020-07-15,217.85,40.48,1,0.5441978711054111,0.5005846348056966
195,2020-07-16,222.25,41.74,1,0.5441978711054111,0.4825796307118538
196,2020-07-17,222.55,41.32,1,0.5441978711054111,0.5076724377827192
197,2020-07-18,222.55,41.32,1,0.5441978711054111,0.5076724377827192
198,2020-07-19,222.55,41.32,1,0.5441978711054111,0.5076724377827192
199,2020-07-20,215.3,40.36,1,0.5441978711054111,0.4812858672154264
200,2020-07-21,221.15,42.55,1,0.5441978711054111,0.410647420020921
201,2020-07-22,221.65,43.31,1,0.5441978711054111,0.3869045935663052
202,2020-07-23,222.4,42.72,1,0.5441978711054111,0.4282472470494829
203,2020-07-24,223.45,42.9,1,0.5441978711054111,0.4379192913123982
204,2020-07-25,223.45,42.9,1,0.5441978711054111,0.4379192913123982
205,2020-07-26,223.45,42.9,1,0.5441978711054111,0.4379192913123982
206,2020-07-27,219.65,42.49,1,0.5441978711054111,0.3990461188036251
207,2020-07-28,226.4,43.94,1,0.5441978711054111,0.402785410788406
208,2020-07-29,226.6,43.83,1,0.5441978711054111,0.409727700465557
209,2020-07-30,227.0,44.03,1,0.5441978711054111,0.4028289555167924
210,2020-07-31,228.3,43.79,1,0.5441978711054111,0.4339438493132407
211,2020-08-01,228.3,43.79,1,0.5441978711054111,0.4339438493132407
212,2020-08-02,228.3,43.79,1,0.5441978711054111,0.4339438493132407
213,2020-08-03,227.8,42.73,1,0.5441978711054111,0.478056712181929
214,2020-08-04,226.85,42.82,1,0.5441978711054111,0.4637093665230767
215,2020-08-05,226.25,42.7,1,0.5441978711054111,0.4638005686811035
216,2020-08-06,227.4,42.47,1,0.5441978711054111,0.4827645521547589
217,2020-08-07,225.45,41.6,1,0.5441978711054111,0.5330214986514917
218,2020-08-08,225.45,41.6,1,0.5441978711054111,0.5330214986514917
219,2020-08-09,225.45,41.6,1,0.5441978711054111,0.5330214986514917
220,2020-08-10,228.5,41.87,1,0.5441978711054111,0.5537085221460296
221,2020-08-11,227.2,42.04,1,0.5441978711054111,0.5053685603929999
222,2020-08-12,226.3,41.48,1,0.5441978711054111,0.5306291613394496
223,2020-08-13,227.85,42.43,1,0.5441978711054111,0.500210104292941
224,2020-08-14,224.75,41.39,1,0.5441978711054111,0.524474934325272
225,2020-08-15,224.75,41.39,1,0.5441978711054111,0.524474934325272
226,2020-08-16,224.75,41.39,1,0.5441978711054111,0.524474934325272
227,2020-08-17,227.4,41.32,1,0.5441978711054111,0.5672685315753153
228,2020-08-18,226.2,41.37,1,0.5441978711054111,0.5466357961641659
229,2020-08-19,227.2,41.14,1,0.5441978711054111,0.5912181081584835
230,2020-08-20,225.2,40.53,1,0.5441978711054111,0.5908697861168537
231,2020-08-21,229.25,40.88,1,0.5441978711054111,0.622227945656237
232,2020-08-22,229.25,40.88,1,0.5441978711054111,0.622227945656237
233,2020-08-23,229.25,40.88,1,0.5441978711054111,0.622227945656237
234,2020-08-24,229.45,40.98,1,0.5441978711054111,0.6175653918151591
235,2020-08-25,228.6,41.38,1,0.5441978711054111,0.5665337645405456
236,2020-08-26,227.85,40.68,1,0.5441978711054111,0.6152392174436079
237,2020-08-27,234.25,42.06,1,0.5441978711054111,0.5970016746003725
238,2020-08-28,236.65,43.76,1,0.5441978711054111,0.5091790156638722
239,2020-08-29,236.65,43.76,1,0.5441978711054111,0.5091790156638722
240,2020-08-30,236.65,43.76,1,0.5441978711054111,0.5091790156638722
241,2020-08-31,237.6,43.39,1,0.5441978711054111,0.5586696295666
242,2020-09-01,237.6,44.1,1,0.5441978711054111,0.5129051687905882
243,2020-09-02,238.95,44.61,1,0.5441978711054111,0.4868390321649399
244,2020-09-03,239.85,45.34,1,0.5441978711054111,0.4643479094787624
245,2020-09-04,240.45,45.32,1,0.5441978711054111,0.4688260683546604
246,2020-09-05,240.45,45.32,1,0.5441978711054111,0.4688260683546604
247,2020-09-06,240.45,45.32,1,0.5441978711054111,0.4688260683546604
248,2020-09-07,240.45,45.32,1,0.5441978711054111,0.4688260683546604
249,2020-09-08,243.9,45.51,1,0.5441978711054111,0.4977780622759168
250,2020-09-09,247.1,46.72,1,0.5441978711054111,0.4718502222513899
251,2020-09-10,247.45,46.55,1,0.5441978711054111,0.4779184874456472
252,2020-09-11,245.65,46.05,1,0.5441978711054111,0.4769512998424615
253,2020-09-12,245.65,46.05,1,0.5441978711054111,0.4769512998424615
254,2020-09-13,245.65,46.05,1,0.5441978711054111,0.4769512998424615
255,2020-09-14,248.6,47.11,1,0.5441978711054111,0.4548916587402303
256,2020-09-15,247.5,46.82,1,0.5441978711054111,0.4567957989856038
257,2020-09-16,250.9,47.88,1,0.5441978711054111,0.4400683027406627
258,2020-09-17,250.5,47.82,1,0.5441978711054111,0.4408302439573299
259,2020-09-18,248.0,46.21,1,0.5441978711054111,0.5089435084029375
260,2020-09-19,248.0,46.21,1,0.5441978711054111,0.5089435084029375
261,2020-09-20,248.0,46.21,1,0.5441978711054111,0.5089435084029375
262,2020-09-21,249.85,46.24,1,0.5441978711054111,0.5210037901724714
263,2020-09-22,251.3,45.98,1,0.5441978711054111,0.5484734198895408
264,2020-09-23,254.2,45.58,1,0.5441978711054111,0.6096400461128476
265,2020-09-24,252.55,45.78,1,0.5441978711054111,0.5672195360457636
266,2020-09-25,255.65,46.11,1,0.5441978711054111,0.5936585487943452
267,2020-09-26,255.65,46.11,1,0.5441978711054111,0.5936585487943452
268,2020-09-27,255.65,46.11,1,0.5441978711054111,0.5936585487943452
269,2020-09-28,255.7,45.38,1,0.5441978711054111,0.6444585699160522
270,2020-09-29,256.0,45.42,1,0.5441978711054111,0.6299611548886993
271,2020-09-30,256.7,45.69,1,0.5441978711054111,0.618172779111755
272,2020-10-01,256.8,45.44,1,0.7068913964401453,0.6347110362375826
273,2020-10-02,258.05,45.62,1,0.7068913964401453,0.6560255891328886
274,2020-10-03,258.05,45.62,1,0.7068913964401453,0.6560255891328886
275,2020-10-04,258.05,45.62,1,0.7068913964401453,0.6560255891328886
276,2020-10-05,257.7,46.34,1,0.7068913964401453,0.5996012778510271
277,2020-10-06,253.55,45.28,1,0.7068913964401453,0.6089855800320807
278,2020-10-07,258.0,45.93,1,0.7068913964401453,0.6174135811547811
279,2020-10-08,255.3,45.69,1,0.7068913964401453,0.6118571725901066
280,2020-10-09,261.6,47.29,1,0.7068913964401453,0.578480818345227
281,2020-10-10,261.6,47.29,1,0.7068913964401453,0.578480818345227
282,2020-10-11,261.6,47.29,1,0.7068913964401453,0.578480818345227
283,2020-10-12,261.6,47.29,1,0.7068913964401453,0.5783821069091665
284,2020-10-13,261.9,46.99,1,0.7068913964401453,0.5971015795032445
285,2020-10-14,263.35,47.0,1,0.7068913964401453,0.6080798433563329
286,2020-10-15,261.45,46.59,1,0.7068913964401453,0.618881690196199
287,2020-10-16,263.65,46.71,1,0.7068913964401453,0.634250759717535
288,2020-10-17,263.65,46.71,1,0.7068913964401453,0.634250759717535
289,2020-10-18,263.65,46.71,1,0.7068913964401453,0.634250759717535
290,2020-10-19,264.3,47.16,1,0.7068913964401453,0.6159973790506091
291,2020-10-20,266.45,47.6,1,0.7068913964401453,0.6152392174436079
292,2020-10-21,268.7,47.92,1,0.7068913964401453,0.6158457178174361
293,2020-10-22,269.65,48.17,1,0.7068913964401453,0.6071243511375041
294,2020-10-23,269.1,47.81,1,0.7068913964401453,0.6213653612566709
295,2020-10-24,269.1,47.81,1,0.7068913964401453,0.6213653612566709
296,2020-10-25,269.1,47.81,1,0.7068913964401453,0.6213653612566709
297,2020-10-26,270.5,48.09,1,0.7068913964401453,0.6241069434578531
298,2020-10-27,274.7,48.41,1,0.7068913964401453,0.6666308716575776
299,2020-10-28,268.8,46.8,1,0.7068913964401453,0.6877286096896208
300,2020-10-29,275.6,47.92,1,0.7068913964401453,0.7054061469821579
301,2020-10-30,278.4,48.43,1,0.7068913964401453,0.687147781968783
302,2020-10-31,278.4,48.43,1,0.7068913964401453,0.687147781968783
303,2020-11-01,278.4,48.43,1,0.7068913964401453,0.687147781968783
304,2020-11-02,278.4,48.43,1,0.7068913964401453,0.6860394811361512
305,2020-11-03,276.95,48.16,1,0.7068913964401453,0.6931769231022548
306,2020-11-04,277.65,49.04,1,0.7068913964401453,0.6448702751632251
307,2020-11-05,279.9,50.46,1,0.7068913964401453,0.575128187799107
308,2020-11-06,287.85,53.42,1,0.7068913964401453,0.4981986942368931
309,2020-11-07,287.85,53.42,1,0.7068913964401453,0.4981986942368931
310,2020-11-08,287.85,53.42,1,0.7068913964401453,0.4981986942368931
311,2020-11-09,287.25,53.06,1,0.7068913964401453,0.5080960026455948
312,2020-11-10,288.0,53.54,1,0.7068913964401453,0.5217638796105954
313,2020-11-11,292.0,53.93,1,0.7068913964401453,0.5105457210403702
314,2020-11-12,288.55,52.79,1,0.7068913964401453,0.5425335213419281
315,2020-11-13,291.8,53.28,1,0.7068913964401453,0.5425817175674793
316,2020-11-14,291.8,53.28,1,0.7068913964401453,0.5425817175674793
317,2020-11-15,291.8,53.28,1,0.7068913964401453,0.5425817175674793
318,2020-11-16,290.55,53.49,1,0.7068913964401453,0.5220014891963187
319,2020-11-17,285.45,53.48,1,0.7068913964401453,0.4811935015060022
320,2020-11-18,282.15,52.79,1,0.7068913964401453,0.4973575551777394
321,2020-11-19,287.65,54.15,1,0.7068913964401453,0.4707497609156533
322,2020-11-20,287.05,53.43,1,0.7068913964401453,0.5052276272818822
323,2020-11-21,287.05,53.43,1,0.7068913964401453,0.5052276272818822
324,2020-11-22,287.05,53.43,1,0.7068913964401453,0.5052276272818822
325,2020-11-23,289.7,53.28,1,0.7068913964401453,0.5333567372913367
326,2020-11-24,286.9,53.28,1,0.7068913964401453,0.5023650036554955
327,2020-11-25,278.3,52.33,1,0.7068913964401453,0.4791630059182797
328,2020-11-26,278.3,52.33,1,0.7068913964401453,0.4791630059182797
329,2020-11-27,279.8,52.51,1,0.7068913964401453,0.4884628676213267
330,2020-11-28,279.8,52.51,1,0.7068913964401453,0.4884628676213267
331,2020-11-29,279.8,52.51,1,0.7068913964401453,0.4884628676213267
332,2020-11-30,283.75,53.01,1,0.7068913964401453,0.4829494981243422
333,2020-12-01,271.6,51.89,1,0.7068913964401453,0.4259843611946083
334,2020-12-02,274.3,52.3,1,0.7068913964401453,0.4310479668579636
335,2020-12-03,275.35,53.6,1,0.7068913964401453,0.4020018596820162
336,2020-12-04,271.0,52.85,1,0.7068913964401453,0.4038308943444882
337,2020-12-05,271.0,52.85,1,0.7068913964401453,0.4038308943444882
338,2020-12-06,271.0,52.85,1,0.7068913964401453,0.4038308943444882
339,2020-12-07,270.25,53.18,1,0.7068913964401453,0.3793593261159121
340,2020-12-08,266.8,52.02,1,0.7068913964401453,0.3884535707334466
341,2020-12-09,265.3,51.19,1,0.7068913964401453,0.4104283795702124
342,2020-12-10,263.0,52.21,1,0.7068913964401453,0.3483818054612427
343,2020-12-11,263.0,52.21,1,0.7068913964401453,0.3651656454577047
344,2020-12-12,263.0,52.21,1,0.7068913964401453,0.3651656454577047
345,2020-12-13,263.0,52.21,1,0.7068913964401453,0.3651656454577047
346,2020-12-14,259.7,50.82,1,0.7068913964401453,0.3878939971544344
347,2020-12-15,262.55,51.59,1,0.7068913964401453,0.3730497204169499
348,2020-12-16,265.15,51.73,1,0.7068913964401453,0.3728796369576119
349,2020-12-17,259.0,51.03,1,0.7068913964401453,0.3620430473075217
350,2020-12-18,255.3,50.19,1,0.7068913964401453,0.3807277991531613
351,2020-12-19,255.3,50.19,1,0.7068913964401453,0.3807277991531613
352,2020-12-20,255.3,50.19,1,0.7068913964401453,0.3807277991531613
353,2020-12-21,261.15,50.97,1,0.7068913964401453,0.3893149405188853
354,2020-12-22,262.8,50.88,1,0.7068913964401453,0.4055752694476108
355,2020-12-23,266.3,51.22,1,0.7068913964401453,0.430558522730866
356,2020-12-24,266.3,51.22,1,0.7068913964401453,0.4306030101394204
357,2020-12-25,266.3,51.22,1,0.7068913964401453,0.4306030101394204
358,2020-12-26,266.3,51.22,1,0.7068913964401453,0.4306030101394204
359,2020-12-27,266.3,51.22,1,0.7068913964401453,0.4306030101394204
360,2020-12-28,270.3,51.59,1,0.7068913964401453,0.4438374347017599
361,2020-12-29,272.5,52.57,1,0.7068913964401453,0.4276700624181807
362,2020-12-30,267.15,51.51,1,0.7068913964401453,0.4204987060306707
363,2020-12-31,267.15,51.51,1,0.7068913964401453,0.4204987060306707
364,2021-01-01,267.15,51.51,1,0.7795930495128154,0.4204987060306707
365,2021-01-02,267.15,51.51,1,0.7795930495128154,0.4204987060306707
366,2021-01-03,267.15,51.51,1,0.7795930495128154,0.4204987060306707
367,2021-01-04,273.7,52.02,1,0.7795930495128154,0.4668136563783213
368,2021-01-05,276.9,52.61,1,0.7795930495128154,0.4616133966088679
369,2021-01-06,278.3,52.68,1,0.7795930495128154,0.4746511867358796
370,2021-01-07,280.1,52.0,1,0.7795930495128154,0.5195796950977566
371,2021-01-08,279.5,51.61,1,0.7795930495128154,0.5232376858661969
372,2021-01-09,279.5,51.61,1,0.7795930495128154,0.5232376858661969
373,2021-01-10,279.5,51.61,1,0.7795930495128154,0.5232376858661969
374,2021-01-11,284.7,51.85,1,0.7795930495128154,0.5575008365291443
375,2021-01-12,283.95,53.24,1,0.7795930495128154,0.4786558451894776
376,2021-01-13,285.95,53.95,1,0.7795930495128154,0.4678194934931804
377,2021-01-14,290.2,55.78,1,0.7795930495128154,0.4218237689865589
378,2021-01-15,287.9,54.46,1,0.7795930495128154,0.4649411093763529
379,2021-01-16,287.9,54.46,1,0.7795930495128154,0.4649411093763529
380,2021-01-17,287.9,54.46,1,0.7795930495128154,0.4649411093763529
381,2021-01-18,287.9,54.46,1,0.7795930495128154,0.4649411093763529
382,2021-01-19,292.35,54.64,1,0.7795930495128154,0.4949770392039311
383,2021-01-20,294.6,55.39,1,0.7795930495128154,0.4644847789269687
384,2021-01-21,297.05,55.46,1,0.7795930495128154,0.4916231287039481
385,2021-01-22,294.95,53.9,1,0.7795930495128154,0.5466357961641659
386,2021-01-23,294.95,53.9,1,0.7795930495128154,0.5466357961641659
387,2021-01-24,294.95,53.9,1,0.7795930495128154,0.5466357961641659
388,2021-01-25,294.95,53.9,1,0.7795930495128154,0.5465874682452643
389,2021-01-26,298.0,55.93,1,0.7795930495128154,0.4937649845055918
390,2021-01-27,297.85,55.19,1,0.7795930495128154,0.5213362803237824
391,2021-01-28,299.7,55.13,1,0.7795930495128154,0.5343149836268294
392,2021-01-29,299.85,54.69,1,0.7795930495128154,0.5446556376903859
393,2021-01-30,299.85,54.69,1,0.7795930495128154,0.5446556376903859
394,2021-01-31,299.85,54.69,1,0.7795930495128154,0.5446556376903859
395,2021-02-01,301.0,55.22,1,0.7795930495128154,0.5301033706379586
396,2021-02-02,301.05,56.19,1,0.7795930495128154,0.4997420800114664
397,2021-02-03,301.9,56.3,1,0.7795930495128154,0.4929264792761216
398,2021-02-04,300.1,55.02,1,0.7795930495128154,0.527429543296562
399,2021-02-05,301.7,56.02,1,0.7795930495128154,0.5008655975002972
400,2021-02-06,301.7,56.02,1,0.7795930495128154,0.5008655975002972
401,2021-02-07,301.7,56.02,1,0.7795930495128154,0.5008655975002972
402,2021-02-08,301.5,56.12,1,0.7795930495128154,0.4986662095500569
403,2021-02-09,302.2,56.15,1,0.7795930495128154,0.5044762189591071
404,2021-02-10,299.95,55.76,1,0.7795930495128154,0.5081901451911219
405,2021-02-11,301.2,55.86,1,0.7795930495128154,0.4990403328248923
406,2021-02-12,303.0,56.34,1,0.7795930495128154,0.5005846348056966
407,2021-02-13,303.0,56.34,1,0.7795930495128154,0.5005846348056966
408,2021-02-14,303.0,56.34,1,0.7795930495128154,0.5005846348056966
409,2021-02-15,303.0,56.34,1,0.7795930495128154,0.5005846348056966
410,2021-02-16,303.0,56.34,1,0.7795930495128154,0.5004441742907925
411,2021-02-17,302.25,55.77,1,0.7795930495128154,0.5197694936251879
412,2021-02-18,303.75,55.84,1,0.7795930495128154,0.5276203688507207
413,2021-02-19,303.05,56.05,1,0.7795930495128154,0.5064495098345919
414,2021-02-20,303.05,56.05,1,0.7795930495128154,0.5064495098345919
415,2021-02-21,303.05,56.05,1,0.7795930495128154,0.5064495098345919
416,2021-02-22,302.45,55.58,1,0.7795930495128154,0.5462975336775
417,2021-02-23,300.8,55.17,1,0.7795930495128154,0.5342670564720188
418,2021-02-24,299.5,55.13,1,0.7795930495128154,0.5177304620972061
419,2021-02-25,302.55,54.95,1,0.7795930495128154,0.5779873246130182
420,2021-02-26,303.15,54.32,1,0.7795930495128154,0.6118067488707686
421,2021-02-27,303.15,54.32,1,0.7795930495128154,0.6118067488707686
422,2021-02-28,303.15,54.32,1,0.7795930495128154,0.6118067488707686
423,2021-03-01,299.8,53.55,1,0.7795930495128154,0.633739494878003
424,2021-03-02,301.5,53.22,1,0.7795930495128154,0.6513683304256382
425,2021-03-03,298.15,51.83,1,0.7795930495128154,0.6222787004006711
426,2021-03-04,303.95,53.67,1,0.7795930495128154,0.6478582426172027
427,2021-03-05,301.1,52.88,1,0.7795930495128154,0.658982002582756
428,2021-03-06,301.1,52.88,1,0.7795930495128154,0.658982002582756
429,2021-03-07,301.1,52.88,1,0.7795930495128154,0.658982002582756
430,2021-03-08,307.5,53.3,1,0.7795930495128154,0.7576722719098028
431,2021-03-09,306.15,52.88,1,0.7795930495128154,0.7179915104602737
432,2021-03-10,308.8,54.6,1,0.7795930495128154,0.6492510551227466
433,2021-03-11,308.8,55.78,1,0.7795930495128154,0.5804069598658381
434,2021-03-12,310.5,55.81,1,0.7795930495128154,0.5883840409914448
435,2021-03-13,310.5,55.81,1,0.7795930495128154,0.5883840409914448
436,2021-03-14,310.5,55.81,1,0.7795930495128154,0.5883840409914448
437,2021-03-15,309.6,54.84,1,0.7795930495128154,0.6204018466809325
438,2021-03-16,309.9,55.23,1,0.7795930495128154,0.6249710059771997
439,2021-03-17,309.5,55.44,1,0.7795930495128154,0.6040606253781489
440,2021-03-18,313.5,56.4,1,0.7795930495128154,0.5926619883544809
441,2021-03-19,311.5,56.76,1,0.7795930495128154,0.5588157924975586
442,2021-03-20,311.5,56.76,1,0.7795930495128154,0.5588157924975586
443,2021-03-21,311.5,56.76,1,0.7795930495128154,0.5588157924975586
444,2021-03-22,315.2,57.17,1,0.7795930495128154,0.5650652967614707
445,2021-03-23,313.8,56.91,1,0.7795930495128154,0.5733562324508468
446,2021-03-24,310.8,55.37,1,0.7795930495128154,0.6230909952468806
447,2021-03-25,315.8,55.73,1,0.7795930495128154,0.6366558694937509
448,2021-03-26,314.45,54.73,1,0.7795930495128154,0.6934948386279257
449,2021-03-27,314.45,54.73,1,0.7795930495128154,0.6934948386279257
450,2021-03-28,314.45,54.73,1,0.7795930495128154,0.6934948386279257
451,2021-03-29,315.6,54.73,1,0.7795930495128154,0.7058864568915904
452,2021-03-30,313.1,54.48,1,0.7795930495128154,0.7030066047425754
453,2021-03-31,315.8,56.15,1,0.7795930495128154,0.6284828647741085
454,2021-04-01,316.1,55.4,1,0.5123426628297866,0.6674655291970157
455,2021-04-02,316.1,55.4,1,0.5123426628297866,0.6674655291970157
456,2021-04-03,316.1,55.4,1,0.5123426628297866,0.6674655291970157
457,2021-04-04,316.1,55.4,1,0.5123426628297866,0.6674655291970157
458,2021-04-05,317.45,55.97,1,0.5123426628297866,0.6447158735349909
459,2021-04-06,318.95,56.98,1,0.5123426628297866,0.6076774603580553
460,2021-04-07,316.3,55.99,1,0.5123426628297866,0.6197429344857122
461,2021-04-08,316.8,56.85,1,0.5123426628297866,0.5984509207397579
462,2021-04-09,319.4,56.25,1,0.5123426628297866,0.6544717059724732
463,2021-04-10,319.4,56.25,1,0.5123426628297866,0.6544717059724732
464,2021-04-11,319.4,56.25,1,0.5123426628297866,0.6544717059724732
465,2021-04-12,316.45,55.28,1,0.5123426628297866,0.6811926031585303
466,2021-04-13,316.7,55.55,1,0.5123426628297866,0.6724299229465956
467,2021-04-14,320.0,56.4,1,0.5123426628297866,0.639269710996886
468,2021-04-15,319.4,56.79,1,0.5123426628297866,0.6207060516938848
469,2021-04-16,312.6,55.96,1,0.5123426628297866,0.6066216927492935
470,2021-04-17,312.6,55.96,1,0.5123426628297866,0.6066216927492935
471,2021-04-18,312.6,55.96,1,0.5123426628297866,0.6066216927492935
472,2021-04-19,315.4,56.71,1,0.5123426628297866,0.5855551450932074
473,2021-04-20,315.85,56.84,1,0.5123426628297866,0.5968018839496543
474,2021-04-21,315.85,56.84,1,0.5123426628297866,0.5969517245433549
475,2021-04-22,316.65,57.97,1,0.5123426628297866,0.536137373258385
476,2021-04-23,315.4,57.4,1,0.5123426628297866,0.5507494063715926
477,2021-04-24,315.4,57.4,1,0.5123426628297866,0.5507494063715926
478,2021-04-25,315.4,57.4,1,0.5123426628297866,0.5507494063715926
479,2021-04-26,315.6,57.82,1,0.5123426628297866,0.5321119508313882
480,2021-04-27,313.4,57.35,1,0.5123426628297866,0.5381542194422776
481,2021-04-28,312.1,58.18,1,0.5123426628297866,0.4880915393638437
482,2021-04-29,313.7,58.59,1,0.5123426628297866,0.4855413179535999
483,2021-04-30,312.95,57.59,1,0.5123426628297866,0.5322076661694162
484,2021-05-01,312.95,57.59,1,0.5123426628297866,0.5322076661694162
485,2021-05-02,312.95,57.59,1,0.5123426628297866,0.5322076661694162
486,2021-05-03,314.2,57.95,1,0.5123426628297866,0.5347943410940195
487,2021-05-04,313.1,57.63,1,0.5123426628297866,0.5355136702440898
488,2021-05-05,307.5,57.31,1,0.5123426628297866,0.4932990867078892
489,2021-05-06,309.6,58.63,1,0.5123426628297866,0.457340330747672
490,2021-05-07,311.45,59.64,1,0.5123426628297866,0.4396650985374919
491,2021-05-08,311.45,59.64,1,0.5123426628297866,0.4396650985374919
492,2021-05-09,311.45,59.64,1,0.5123426628297866,0.4396650985374919
493,2021-05-10,311.4,59.53,1,0.5123426628297866,0.4353718487901725
494,2021-05-11,312.1,59.74,1,0.5123426628297866,0.4325173902712837
495,2021-05-12,307.7,58.1,1,0.5123426628297866,0.4710706379935271
496,2021-05-13,311.85,58.85,1,0.5123426628297866,0.4724007826442306
497,2021-05-14,307.0,58.25,1,0.5123426628297866,0.4558887317329123
498,2021-05-15,307.0,58.25,1,0.5123426628297866,0.4558887317329123
499,2021-05-16,307.0,58.25,1,0.5123426628297866,0.4558887317329123
500,2021-05-17,303.2,57.58,1,0.5123426628297866,0.4559340706794108
501,2021-05-18,306.55,58.43,1,0.5123426628297866,0.4503236040119572
502,2021-05-19,309.35,58.2,1,0.5123426628297866,0.4725843516346729
503,2021-05-20,305.45,57.93,1,0.5123426628297866,0.4602936781451861
504,2021-05-21,312.4,58.41,1,0.5123426628297866,0.496797073244307
505,2021-05-22,312.4,58.41,1,0.5123426628297866,0.496797073244307
506,2021-05-23,312.4,58.41,1,0.5123426628297866,0.496797073244307
507,2021-05-24,307.5,57.78,1,0.5123426628297866,0.4763068828654663
508,2021-05-25,309.0,57.9,1,0.5123426628297866,0.482625858773297
509,2021-05-26,312.75,58.91,1,0.5123426628297866,0.4735484897211771
510,2021-05-27,314.6,59.89,1,0.5123426628297866,0.4403371734002942
511,2021-05-28,317.1,60.77,1,0.5123426628297866,0.4341222649874648
512,2021-05-29,317.1,60.77,1,0.5123426628297866,0.4341222649874648
513,2021-05-30,317.1,60.77,1,0.5123426628297866,0.4341222649874648
514,2021-05-31,317.1,60.77,1,0.5123426628297866,0.4341222649874648
515,2021-06-01,313.0,60.71,1,0.5123426628297866,0.4017407829132503
516,2021-06-02,307.9,60.47,1,0.5123426628297866,0.369313304184741
517,2021-06-03,307.9,60.47,1,0.5123426628297866,0.3702039177354415
518,2021-06-04,311.45,61.86,1,0.5123426628297866,0.3583821112895768
519,2021-06-05,311.45,61.86,1,0.5123426628297866,0.3583821112895768
520,2021-06-06,311.45,61.86,1,0.5123426628297866,0.3583821112895768
521,2021-06-07,308.75,61.3,1,0.5123426628297866,0.35653480656311
522,2021-06-08,316.7,62.86,1,0.5123426628297866,0.3512603928639337
523,2021-06-09,315.85,62.3,1,0.5123426628297866,0.3636877435654023
524,2021-06-10,317.35,62.67,1,0.5123426628297866,0.3607794078718796
525,2021-06-11,319.45,62.39,1,0.5123426628297866,0.3871196148798074
526,2021-06-12,319.45,62.39,1,0.5123426628297866,0.3871196148798074
527,2021-06-13,319.45,62.39,1,0.5123426628297866,0.3871196148798074
528,2021-06-14,319.45,62.98,1,0.5123426628297866,0.3628440320254716
529,2021-06-15,317.35,62.93,1,0.5123426628297866,0.3559476193820562
530,2021-06-16,319.65,63.36,1,0.5123426628297866,0.360484747707346
531,2021-06-17,318.9,63.48,1,0.5123426628297866,0.3402012362671909
532,2021-06-18,320.9,63.29,1,0.5123426628297866,0.3752629422911185
533,2021-06-19,320.9,63.29,1,0.5123426628297866,0.3752629422911185
534,2021-06-20,320.9,63.29,1,0.5123426628297866,0.3752629422911185
535,2021-06-21,318.25,63.37,1,0.5123426628297866,0.3431430825268509
536,2021-06-22,319.55,64.37,1,0.5123426628297866,0.3203000629957241
537,2021-06-23,319.9,64.43,1,0.5123426628297866,0.3240899387684048
538,2021-06-24,318.9,65.02,1,0.5123426628297866,0.3026573946063532
539,2021-06-25,319.45,64.51,1,0.5123426628297866,0.3106173173268565
540,2021-06-26,319.45,64.51,1,0.5123426628297866,0.3106173173268565
541,2021-06-27,319.45,64.51,1,0.5123426628297866,0.3106173173268565
542,2021-06-28,321.9,65.35,1,0.5123426628297866,0.3069520324573401
543,2021-06-29,319.65,64.73,1,0.5123426628297866,0.319689954523341
544,2021-06-30,318.5,64.05,1,0.5123426628297866,0.3248657417908625
545,2021-07-01,316.2,62.64,1,0.5441978711054111,0.3575840653707075
546,2021-07-02,316.05,62.61,1,0.5441978711054111,0.3617480805749828
547,2021-07-03,316.05,62.61,1,0.5441978711054111,0.3617480805749828
548,2021-07-04,316.05,62.61,1,0.5441978711054111,0.3617480805749828
549,2021-07-05,316.05,62.61,1,0.5441978711054111,0.3617480805749828
550,2021-07-06,319.65,61.47,1,0.5441978711054111,0.4219121544155541
551,2021-07-07,319.2,60.99,1,0.5441978711054111,0.4372931503491989
552,2021-07-08,319.5,60.81,1,0.5441978711054111,0.4491501698949792
553,2021-07-09,319.5,60.81,1,0.5441978711054111,0.4491501698949792
554,2021-07-10,319.5,60.81,1,0.5441978711054111,0.4491501698949792
555,2021-07-11,319.5,60.81,1,0.5441978711054111,0.4491501698949792
556,2021-07-12,319.15,61.73,1,0.5441978711054111,0.4113924362658158
557,2021-07-13,318.0,61.5,1,0.5441978711054111,0.4066667121745418
558,2021-07-14,320.7,63.23,1,0.5441978711054111,0.3672800415418987
559,2021-07-15,320.55,62.55,1,0.5441978711054111,0.3840697688111671
560,2021-07-16,321.85,62.86,1,0.5441978711054111,0.386087849033775
561,2021-07-17,321.85,62.86,1,0.5441978711054111,0.386087849033775
562,2021-07-18,321.85,62.86,1,0.5441978711054111,0.386087849033775
563,2021-07-19,319.25,60.74,1,0.5441978711054111,0.4464461486507262
564,2021-07-20,319.5,61.22,1,0.5441978711054111,0.4323837386823277
565,2021-07-21,314.5,60.68,1,0.5441978711054111,0.4177204563270884
566,2021-07-22,317.5,60.95,1,0.5441978711054111,0.4234156231268086
567,2021-07-23,320.6,61.45,1,0.5441978711054111,0.42354836525647
568,2021-07-24,320.6,61.45,1,0.5441978711054111,0.42354836525647
569,2021-07-25,320.6,61.45,1,0.5441978711054111,0.42354836525647
570,2021-07-26,321.5,62.13,1,0.5441978711054111,0.4127521045377386
571,2021-07-27,317.15,61.25,1,0.5441978711054111,0.4096401423956985
572,2021-07-28,316.85,61.96,1,0.5441978711054111,0.3865176481764443
573,2021-07-29,315.55,62.15,1,0.5441978711054111,0.3717746665739933
574,2021-07-30,319.9,61.55,1,0.5441978711054111,0.4287358321656894
575,2021-07-31,319.9,61.55,1,0.5441978711054111,0.4287358321656894
576,2021-08-01,319.9,61.55,1,0.5441978711054111,0.4287358321656894
577,2021-08-02,316.2,61.24,1,0.5441978711054111,0.4121378833479249
578,2021-08-03,315.4,60.85,1,0.5441978711054111,0.4218237689865589
579,2021-08-04,316.7,61.03,1,0.5441978711054111,0.4094212732907643
580,2021-08-05,319.2,61.35,1,0.5441978711054111,0.4450512036873439
581,2021-08-06,312.95,59.71,1,0.5441978711054111,0.4366673046254734
582,2021-08-07,312.95,59.71,1,0.5441978711054111,0.4366673046254734
583,2021-08-08,312.95,59.71,1,0.5441978711054111,0.4366673046254734
584,2021-08-09,318.6,60.82,1,0.5441978711054111,0.4380087641268602
585,2021-08-10,316.45,60.88,1,0.5441978711054111,0.4186458801109282
586,2021-08-11,318.65,60.95,1,0.5441978711054111,0.4314930738369177
587,2021-08-12,314.3,59.82,1,0.5441978711054111,0.4466712758102151
588,2021-08-13,317.35,60.53,1,0.5441978711054111,0.4440621236593212
589,2021-08-14,317.35,60.53,1,0.5441978711054111,0.4440621236593212
590,2021-08-15,317.35,60.53,1,0.5441978711054111,0.4440621236593212
591,2021-08-16,313.25,59.26,1,0.5441978711054111,0.4498721621007247
592,2021-08-17,319.3,60.61,1,0.5441978711054111,0.4658998989561855
593,2021-08-18,312.2,58.25,1,0.5441978711054111,0.5050867080825184
594,2021-08-19,314.7,58.11,1,0.5441978711054111,0.5215263089017482
595,2021-08-20,313.4,58.27,1,0.5441978711054111,0.5039598552244442
596,2021-08-21,313.4,58.27,1,0.5441978711054111,0.5039598552244442
597,2021-08-22,313.4,58.27,1,0.5441978711054111,0.5039598552244442
598,2021-08-23,313.75,58.4,1,0.5441978711054111,0.505462523529519
599,2021-08-24,313.0,59.52,1,0.5441978711054111,0.4439273057539865
600,2021-08-25,313.4,60.15,1,0.5441978711054111,0.4284693086771307
601,2021-08-26,312.45,59.51,1,0.5441978711054111,0.4465812204109705
602,2021-08-27,310.85,59.82,1,0.5441978711054111,0.4231059439209275
603,2021-08-28,310.85,59.82,1,0.5441978711054111,0.4231059439209275
604,2021-08-29,310.85,59.82,1,0.5441978711054111,0.4231059439209275
605,2021-08-30,317.3,61.17,1,0.5441978711054111,0.4162235485055575
606,2021-08-31,313.4,60.56,1,0.5441978711054111,0.4010013556846301
607,2021-09-01,305.5,59.05,1,0.5441978711054111,0.4170158139569151
608,2021-09-02,305.1,58.84,1,0.5441978711054111,0.4152998504743298
609,2021-09-03,305.1,58.84,1,0.5441978711054111,0.4192190919172147
610,2021-09-04,305.1,58.84,1,0.5441978711054111,0.4192190919172147
611,2021-09-05,305.1,58.84,1,0.5441978711054111,0.4192190919172147
612,2021-09-06,305.1,58.84,1,0.5441978711054111,0.4192190919172147
613,2021-09-07,305.1,58.84,1,0.5441978711054111,0.409727700465557
614,2021-09-08,312.25,58.77,1,0.5441978711054111,0.478102790154393
615,2021-09-09,305.95,57.65,1,0.5441978711054111,0.4222215505780979
616,2021-09-10,305.25,57.97,1,0.5441978711054111,0.4435229335889927
617,2021-09-11,305.25,57.97,1,0.5441978711054111,0.4435229335889927
618,2021-09-12,305.25,57.97,1,0.5441978711054111,0.4435229335889927
619,2021-09-13,310.6,59.38,1,0.5441978711054111,0.4296690900099392
620,2021-09-14,303.1,57.61,1,0.5441978711054111,0.4410095875925421
621,2021-09-15,295.0,56.28,1,0.5441978711054111,0.4330075618709365
622,2021-09-16,302.45,57.34,1,0.5441978711054111,0.4471666886110694
623,2021-09-17,302.75,57.31,1,0.5441978711054111,0.4629343939413384
624,2021-09-18,302.75,57.31,1,0.5441978711054111,0.4629343939413384
625,2021-09-19,302.75,57.31,1,0.5441978711054111,0.4629343939413384
626,2021-09-20,300.4,56.14,1,0.5441978711054111,0.4793013546268633
627,2021-09-21,300.6,56.91,1,0.5441978711054111,0.4545745622028192
628,2021-09-22,299.3,56.46,1,0.5441978711054111,0.4631622814050486
629,2021-09-23,298.8,56.29,1,0.5441978711054111,0.4696501785400324
630,2021-09-24,300.25,56.16,1,0.5441978711054111,0.4841059662229162
631,2021-09-25,300.25,56.16,1,0.5441978711054111,0.4841059662229162
632,2021-09-26,300.25,56.16,1,0.5441978711054111,0.4841059662229162
633,2021-09-27,304.45,56.59,1,0.5441978711054111,0.5107343343303173
634,2021-09-28,294.7,54.27,1,0.5441978711054111,0.528718099708211
635,2021-09-29,294.8,54.33,1,0.5441978711054111,0.5220014891963187
636,2021-09-30,291.6,53.63,1,0.5441978711054111,0.5351779395558178
637,2021-10-01,292.25,54.49,1,0.3592065917978958,0.4973108398735678
638,2021-10-02,292.25,54.49,1,0.3592065917978958,0.4973108398735678
639,2021-10-03,292.25,54.49,1,0.3592065917978958,0.4973108398735678
640,2021-10-04,286.55,52.56,1,0.3592065917978958,0.5403181880769619
641,2021-10-05,283.0,51.75,1,0.3592065917978958,0.5506040269702522
642,2021-10-06,280.9,51.18,1,0.3592065917978958,0.5585721954903069
643,2021-10-07,282.7,51.37,1,0.3592065917978958,0.5720777633207847
644,2021-10-08,271.25,49.23,1,0.3592065917978958,0.5668766115829142
645,2021-10-09,271.25,49.23,1,0.3592065917978958,0.5668766115829142
646,2021-10-10,271.25,49.23,1,0.3592065917978958,0.5668766115829142
647,2021-10-11,271.25,49.23,1,0.3592065917978958,0.5809012311446319
648,2021-10-12,271.25,49.23,1,0.3592065917978958,0.5788263583415804
649,2021-10-13,270.5,49.08,1,0.3592065917978958,0.5693768345907508
650,2021-10-14,271.55,49.19,1,0.3592065917978958,0.5693277710874971
651,2021-10-15,266.8,48.86,1,0.3592065917978958,0.5439800897187392
652,2021-10-16,266.8,48.86,1,0.3592065917978958,0.5439800897187392
653,2021-10-17,266.8,48.86,1,0.3592065917978958,0.5439800897187392
654,2021-10-18,267.8,48.57,1,0.3592065917978958,0.5685920082850525
655,2021-10-19,272.55,48.78,1,0.3592065917978958,0.604662854925589
656,2021-10-20,262.9,47.39,1,0.3592065917978958,0.6112521938261858
657,2021-10-21,262.8,46.48,1,0.3592065917978958,0.6418877624487015
658,2021-10-22,260.2,46.13,1,0.3592065917978958,0.6366046597589984
659,2021-10-23,260.2,46.13,1,0.3592065917978958,0.6366046597589984
660,2021-10-24,260.2,46.13,1,0.3592065917978958,0.6366046597589984
661,2021-10-25,263.35,47.48,1,0.3592065917978958,0.590621032448621
662,2021-10-26,257.25,46.21,1,0.3592065917978958,0.5957534019864603
663,2021-10-27,256.45,46.04,1,0.3592065917978958,0.5815440211598514
664,2021-10-28,254.1,45.15,1,0.3592065917978958,0.6360926513529371
665,2021-10-29,257.1,45.52,1,0.3592065917978958,0.6313897572247136
666,2021-10-30,257.1,45.52,1,0.3592065917978958,0.6313897572247136
667,2021-10-31,257.1,45.52,1,0.3592065917978958,0.6313897572247136
668,2021-11-01,263.95,46.54,1,0.3592065917978958,0.6541611050233652
669,2021-11-02,263.95,46.54,1,0.3592065917978958,0.6531261913369737
670,2021-11-03,256.65,45.87,1,0.3592065917978958,0.5887318056894093
671,2021-11-04,267.75,47.68,1,0.3592065917978958,0.6135220554322932
672,2021-11-05,264.6,48.02,1,0.3592065917978958,0.5839197249135739
673,2021-11-06,264.6,48.02,1,0.3592065917978958,0.5839197249135739
674,2021-11-07,264.6,48.02,1,0.3592065917978958,0.5839197249135739
675,2021-11-08,267.85,48.27,1,0.3592065917978958,0.5845142228652421
676,2021-11-09,280.7,51.19,1,0.3592065917978958,0.553320108083983
677,2021-11-10,291.2,52.99,1,0.3592065917978958,0.5584747677159078
678,2021-11-11,294.8,54.61,1,0.3592065917978958,0.5142754239029347
679,2021-11-12,301.0,55.18,1,0.3592065917978958,0.5428709278218186
680,2021-11-13,301.0,55.18,1,0.3592065917978958,0.5428709278218186
681,2021-11-14,301.0,55.18,1,0.3592065917978958,0.5428709278218186
682,2021-11-15,301.0,55.18,1,0.3592065917978958,0.5422443768872216
683,2021-11-16,303.15,55.2,1,0.3592065917978958,0.5642337958856489
684,2021-11-17,304.8,55.16,1,0.3592065917978958,0.577198064527155
685,2021-11-18,313.0,56.2,1,0.3592065917978958,0.5912678748226176
686,2021-11-19,314.15,56.06,1,0.3592065917978958,0.6193375851628485
687,2021-11-20,314.15,56.06,1,0.3592065917978958,0.6193375851628485
688,2021-11-21,314.15,56.06,1,0.3592065917978958,0.6193375851628485
689,2021-11-22,315.9,56.51,1,0.3592065917978958,0.605717311185203
690,2021-11-23,316.9,56.51,1,0.3592065917978958,0.5980509945772351
691,2021-11-24,316.65,56.62,1,0.3592065917978958,0.6155929812209202
692,2021-11-25,316.65,56.62,1,0.3592065917978958,0.6155929812209202
693,2021-11-26,318.1,56.8,1,0.3592065917978958,0.6172111894404755
694,2021-11-27,318.1,56.8,1,0.3592065917978958,0.6172111894404755
695,2021-11-28,318.1,56.8,1,0.3592065917978958,0.6172111894404755
696,2021-11-29,321.8,57.31,1,0.3592065917978958,0.6133706302333546
697,2021-11-30,322.3,57.07,1,0.3592065917978958,0.624615159146997
698,2021-12-01,321.6,56.77,1,0.3592065917978958,0.6614237275955563
699,2021-12-02,324.35,57.39,1,0.3592065917978958,0.635990269075745
700,2021-12-03,312.95,55.13,1,0.3592065917978958,0.6395774984719914
701,2021-12-04,312.95,55.13,1,0.3592065917978958,0.6395774984719914
702,2021-12-05,312.95,55.13,1,0.3592065917978958,0.6395774984719914
703,2021-12-06,322.1,56.65,1,0.3592065917978958,0.6580997116677023
704,2021-12-07,316.5,56.34,1,0.3592065917978958,0.6189829889328475
705,2021-12-08,319.5,57.69,1,0.3592065917978958,0.5789250983328881
706,2021-12-09,312.25,55.96,1,0.3592065917978958,0.5988009399763394
707,2021-12-10,311.2,55.44,1,0.3592065917978958,0.6189323387605633
708,2021-12-11,311.2,55.44,1,0.3592065917978958,0.6189323387605633
709,2021-12-12,311.2,55.44,1,0.3592065917978958,0.6189323387605633
710,2021-12-13,316.35,55.76,1,0.3592065917978958,0.653591822006715
711,2021-12-14,310.4,54.54,1,0.3592065917978958,0.6541611050233652
712,2021-12-15,308.0,53.82,1,0.3592065917978958,0.6536953133744715
713,2021-12-16,316.65,55.8,1,0.3592065917978958,0.6577365521977299
714,2021-12-17,318.85,56.12,1,0.3592065917978958,0.661631700207229
715,2021-12-18,318.85,56.12,1,0.3592065917978958,0.661631700207229
716,2021-12-19,318.85,56.12,1,0.3592065917978958,0.661631700207229
717,2021-12-20,317.7,55.37,1,0.3592065917978958,0.6857757067669802
718,2021-12-21,327.75,57.13,1,0.3592065917978958,0.6874117699188531
719,2021-12-22,322.4,56.86,1,0.3592065917978958,0.6399879724230723
720,2021-12-23,327.5,57.83,1,0.3592065917978958,0.6507483574471147
721,2021-12-24,327.5,57.83,1,0.3592065917978958,0.6507483574471147
722,2021-12-25,327.5,57.83,1,0.3592065917978958,0.6507483574471147
723,2021-12-26,327.5,57.83,1,0.3592065917978958,0.6507483574471147
724,2021-12-27,329.1,58.39,1,0.3592065917978958,0.6251235359275572
725,2021-12-28,331.4,58.79,1,0.3592065917978958,0.6268532223052112
726,2021-12-29,335.85,58.98,1,0.3592065917978958,0.6654317837016123
727,2021-12-30,336.5,60.36,1,0.3592065917978958,0.5979510290054474
728,2021-12-31,336.5,60.36,1,0.3592065917978958,0.5976011998012789
729,2022-01-01,336.5,60.36,1,0.6033467374979444,0.5976011998012789
730,2022-01-02,336.5,60.36,1,0.6033467374979444,0.5976011998012789
731,2022-01-03,334.5,59.09,1,0.6033467374979444,0.6543163981791198
732,2022-01-04,339.65,59.72,1,0.6033467374979444,0.6518334637076703
733,2022-01-05,345.25,60.97,1,0.6033467374979444,0.6683006048281579
734,2022-01-06,337.6,59.37,1,0.6033467374979444,0.6551448755735495
735,2022-01-07,331.4,58.83,1,0.6033467374979444,0.6305222406052475
736,2022-01-08,331.4,58.83,1,0.6033467374979444,0.6305222406052475
737,2022-01-09,331.4,58.83,1,0.6033467374979444,0.6305222406052475
738,2022-01-10,339.0,59.77,1,0.6033467374979444,0.6447673391229428
739,2022-01-11,333.7,59.81,1,0.6033467374979444,0.5967519402774494
740,2022-01-12,335.05,60.53,1,0.6033467374979444,0.5794682817290917
741,2022-01-13,333.7,60.46,1,0.6033467374979444,0.5769021966514228
742,2022-01-14,335.5,60.76,1,0.6033467374979444,0.5797646445082953
743,2022-01-15,335.5,60.76,1,0.6033467374979444,0.5797646445082953
744,2022-01-16,335.5,60.76,1,0.6033467374979444,0.5797646445082953
745,2022-01-17,335.5,60.76,1,0.6033467374979444,0.5797646445082953
746,2022-01-18,333.95,60.11,1,0.6033467374979444,0.5957534019864603
747,2022-01-19,337.2,61.71,1,0.6033467374979444,0.5330214986514917
748,2022-01-20,339.25,62.7,1,0.6033467374979444,0.5238561785928096
749,2022-01-21,344.2,63.07,1,0.6033467374979444,0.5425817175674793
750,2022-01-22,344.2,63.07,1,0.6033467374979444,0.5425817175674793
751,2022-01-23,344.2,63.07,1,0.6033467374979444,0.5425817175674793
752,2022-01-24,338.2,61.46,1,0.6033467374979444,0.5568681190842781
753,2022-01-25,343.1,63.07,1,0.6033467374979444,0.5356096073622465
754,2022-01-26,342.3,63.31,1,0.6033467374979444,0.530198954908628
755,2022-01-27,343.7,63.33,1,0.6033467374979444,0.5178726269176709
756,2022-01-28,339.4,62.93,1,0.6033467374979444,0.4994613394907392
757,2022-01-29,339.4,62.93,1,0.6033467374979444,0.4994613394907392
758,2022-01-30,339.4,62.93,1,0.6033467374979444,0.4994613394907392
759,2022-01-31,343.8,64.83,1,0.6033467374979444,0.4701540447119569
760,2022-02-01,333.9,63.36,1,0.6033467374979444,0.452583085147282
761,2022-02-02,334.7,63.33,1,0.6033467374979444,0.4510010507680452
762,2022-02-03,334.0,63.1,1,0.6033467374979444,0.4609306239828513
763,2022-02-04,343.9,64.57,1,0.6033467374979444,0.4811011419246276
764,2022-02-05,343.9,64.57,1,0.6033467374979444,0.4811011419246276
765,2022-02-06,343.9,64.57,1,0.6033467374979444,0.4811011419246276
766,2022-02-07,330.3,62.79,1,0.6033467374979444,0.4517240362221474
767,2022-02-08,339.35,64.58,1,0.6033467374979444,0.4497818918845184
768,2022-02-09,341.05,65.34,1,0.6033467374979444,0.4390381347369874
769,2022-02-10,342.1,65.46,1,0.6033467374979444,0.4454110504477764
770,2022-02-11,342.05,65.45,1,0.6033467374979444,0.4468063702482368
771,2022-02-12,342.05,65.45,1,0.6033467374979444,0.4468063702482368
772,2022-02-13,342.05,65.45,1,0.6033467374979444,0.4468063702482368
773,2022-02-14,338.9,64.96,1,0.6033467374979444,0.4298913918650978
774,2022-02-15,338.15,65.27,1,0.6033467374979444,0.4052698320745512
775,2022-02-16,340.65,66.43,1,0.6033467374979444,0.3954909644180079
776,2022-02-17,345.9,66.92,1,0.6033467374979444,0.4108664977300027
777,2022-02-18,340.9,66.35,1,0.6033467374979444,0.3963571564029608
778,2022-02-19,340.9,66.35,1,0.6033467374979444,0.3963571564029608
779,2022-02-20,340.9,66.35,1,0.6033467374979444,0.3963571564029608
780,2022-02-21,340.9,66.35,1,0.6033467374979444,0.3963571564029608
781,2022-02-22,348.4,68.79,1,0.6033467374979444,0.3620851912533093
782,2022-02-23,343.95,68.75,1,0.6033467374979444,0.3417748379835097
783,2022-02-24,340.7,66.58,1,0.6033467374979444,0.3897027496980142
784,2022-02-25,343.05,66.68,1,0.6033467374979444,0.4067103892238098
785,2022-02-26,343.05,66.68,1,0.6033467374979444,0.4067103892238098
786,2022-02-27,343.05,66.68,1,0.6033467374979444,0.4067103892238098
787,2022-02-28,343.05,66.68,1,0.6033467374979444,0.4056625506533889
788,2022-03-01,343.05,66.68,1,0.6033467374979444,0.4054879941908563
789,2022-03-02,339.85,66.51,1,0.6033467374979444,0.3795730507030993
790,2022-03-03,342.35,68.14,1,0.6033467374979444,0.351051567113735
791,2022-03-04,341.15,67.17,1,0.6033467374979444,0.3636455441071407
792,2022-03-05,341.15,67.17,1,0.6033467374979444,0.3636455441071407
793,2022-03-06,341.15,67.17,1,0.6033467374979444,0.3636455441071407
794,2022-03-07,345.35,68.0,1,0.6033467374979444,0.3847134830590413
795,2022-03-08,350.35,69.29,1,0.6033467374979444,0.3627596930134855
796,2022-03-09,342.8,68.41,1,0.6033467374979444,0.3428527170667398
797,2022-03-10,345.2,68.79,1,0.6033467374979444,0.3423136551830199
798,2022-03-11,347.0,68.69,1,0.6033467374979444,0.3689318104383095
799,2022-03-12,347.0,68.69,1,0.6033467374979444,0.3689318104383095
800,2022-03-13,347.0,68.69,1,0.6033467374979444,0.3689318104383095
801,2022-03-14,345.05,67.27,1,0.6033467374979444,0.3880661470618348
802,2022-03-15,341.1,66.18,1,0.6033467374979444,0.4070598591862338
803,2022-03-16,343.3,67.25,1,0.6033467374979444,0.3694404951340621
804,2022-03-17,349.45,69.36,1,0.6033467374979444,0.3539784356007679
805,2022-03-18,349.05,69.62,1,0.6033467374979444,0.3473405452169812
806,2022-03-19,349.05,69.62,1,0.6033467374979444,0.3473405452169812
807,2022-03-20,349.05,69.62,1,0.6033467374979444,0.3473405452169812
808,2022-03-21,346.0,69.87,1,0.6033467374979444,0.3113840874805347
809,2022-03-22,349.1,70.97,1,0.6033467374979444,0.3009361001763227
810,2022-03-23,345.3,71.37,1,0.6033467374979444,0.2679904586090147
811,2022-03-24,352.05,72.93,1,0.6033467374979444,0.2677963718103087
812,2022-03-25,347.0,73.04,1,0.6033467374979444,0.2359471683438634
813,2022-03-26,347.0,73.04,1,0.6033467374979444,0.2359471683438634
814,2022-03-27,347.0,73.04,1,0.6033467374979444,0.2359471683438634
815,2022-03-28,349.95,73.36,1,0.6033467374979444,0.2455947586332834
816,2022-03-29,341.6,71.75,1,0.6033467374979444,0.2412706251926482
817,2022-03-30,347.35,72.64,1,0.6033467374979444,0.2459749257836598
818,2022-03-31,323.25,67.9,1,0.6033467374979444,0.2348180518702063
819,2022-04-01,341.6,73.16,1,0.5654915932834857,0.2046151487853899
820,2022-04-02,341.6,73.16,1,0.5654915932834857,0.2046151487853899
821,2022-04-03,341.6,73.16,1,0.5654915932834857,0.2046151487853899
822,2022-04-04,335.4,72.72,1,0.5654915932834857,0.1812794458215198
823,2022-04-05,333.4,71.59,1,0.5654915932834857,0.2020996028665597
824,2022-04-06,336.7,71.33,1,0.5654915932834857,0.2262398830023496
825,2022-04-07,327.4,69.0,1,0.5654915932834857,0.2398710366579513
826,2022-04-08,345.95,73.53,1,0.5654915932834857,0.2191401276675634
827,2022-04-09,345.95,73.53,1,0.5654915932834857,0.2191401276675634
828,2022-04-10,345.95,73.53,1,0.5654915932834857,0.2191401276675634
829,2022-04-11,338.6,72.3,1,0.5654915932834857,0.2181775233378085
830,2022-04-12,337.1,72.06,1,0.5654915932834857,0.2104731280911664
831,2022-04-13,336.3,71.77,1,0.5654915932834857,0.2165136564737148
832,2022-04-14,338.9,72.23,1,0.5654915932834857,0.2207341522086881
833,2022-04-15,338.9,72.23,1,0.5654915932834857,0.2207341522086881
834,2022-04-16,338.9,72.23,1,0.5654915932834857,0.2207341522086881
835,2022-04-17,338.9,72.23,1,0.5654915932834857,0.2207341522086881
836,2022-04-18,328.8,70.59,1,0.5654915932834857,0.2028645216399161
837,2022-04-19,340.25,72.81,1,0.5654915932834857,0.208272315461814
838,2022-04-20,331.4,71.65,1,0.5654915932834857,0.1917053964625456
839,2022-04-21,331.4,71.65,1,0.5654915932834857,0.1917414204921885
840,2022-04-22,327.75,68.32,1,0.5654915932834857,0.2556008888055726
841,2022-04-23,327.75,68.32,1,0.5654915932834857,0.2556008888055726
842,2022-04-24,327.75,68.32,1,0.5654915932834857,0.2556008888055726
843,2022-04-25,328.9,67.49,1,0.5654915932834857,0.2878925303268698
844,2022-04-26,334.0,66.93,1,0.5654915932834857,0.3373079629102931
845,2022-04-27,335.6,67.61,1,0.5654915932834857,0.3234370330783064
846,2022-04-28,333.3,67.5,1,0.5654915932834857,0.3142539498605478
847,2022-04-29,334.85,67.67,1,0.5654915932834857,0.326296210354342
848,2022-04-30,334.85,67.67,1,0.5654915932834857,0.326296210354342
849,2022-05-01,334.85,67.67,1,0.5654915932834857,0.326296210354342
850,2022-05-02,328.9,64.91,1,0.5654915932834857,0.3733048896233527
851,2022-05-03,339.3,68.34,1,0.5654915932834857,0.3207069811780346
852,2022-05-04,331.95,67.59,1,0.5654915932834857,0.3051037422750114
853,2022-05-05,333.25,66.27,1,0.5654915932834857,0.349382268891178
854,2022-05-06,333.25,66.27,1,0.5654915932834857,0.3701614929137763
855,2022-05-07,333.25,66.27,1,0.5654915932834857,0.3701614929137763
856,2022-05-08,333.25,66.27,1,0.5654915932834857,0.3701614929137763
857,2022-05-09,331.3,64.26,1,0.5654915932834857,0.4064483492464611
858,2022-05-10,330.5,64.49,1,0.5654915932834857,0.3932416373450256
859,2022-05-11,311.15,60.56,1,0.5654915932834857,0.3958373701073419
860,2022-05-12,325.4,63.23,1,0.5654915932834857,0.3943658005031497
861,2022-05-13,327.45,64.79,1,0.5654915932834857,0.3628862037227133
862,2022-05-14,327.45,64.79,1,0.5654915932834857,0.3628862037227133
863,2022-05-15,327.45,64.79,1,0.5654915932834857,0.3628862037227133
864,2022-05-16,334.8,66.36,1,0.5654915932834857,0.3627596930134855
865,2022-05-17,323.4,65.44,1,0.5654915932834857,0.3127170713534155
866,2022-05-18,307.25,61.61,1,0.5654915932834857,0.3247023717464619
867,2022-05-19,311.5,63.39,1,0.5654915932834857,0.3095688878571685
868,2022-05-20,324.45,66.64,1,0.5654915932834857,0.2887626397722687
869,2022-05-21,324.45,66.64,1,0.5654915932834857,0.2887626397722687
870,2022-05-22,324.45,66.64,1,0.5654915932834857,0.2887626397722687
871,2022-05-23,305.2,63.41,1,0.5654915932834857,0.2630328392926877
872,2022-05-24,314.15,65.16,1,0.5654915932834857,0.2653925996534381
873,2022-05-25,318.2,66.14,1,0.5654915932834857,0.2686506153339333
874,2022-05-26,319.1,67.02,1,0.5654915932834857,0.2456707809945639
875,2022-05-27,315.8,66.65,1,0.5654915932834857,0.2312506828639108
876,2022-05-28,315.8,66.65,1,0.5654915932834857,0.2312506828639108
877,2022-05-29,315.8,66.65,1,0.5654915932834857,0.2312506828639108
878,2022-05-30,315.8,66.65,1,0.5654915932834857,0.2312506828639108
879,2022-05-31,321.4,67.65,1,0.5654915932834857,0.2320006770525866
880,2022-06-01,314.6,65.56,1,0.5654915932834857,0.2638446293988411
881,2022-06-02,308.65,64.38,1,0.5654915932834857,0.2565606528178139
882,2022-06-03,312.5,65.32,1,0.5654915932834857,0.2478397455375419
883,2022-06-04,312.5,65.32,1,0.5654915932834857,0.2478397455375419
884,2022-06-05,312.5,65.32,1,0.5654915932834857,0.2478397455375419
885,2022-06-06,311.4,64.86,1,0.5654915932834857,0.2559079187222779
886,2022-06-07,315.15,64.7,1,0.5654915932834857,0.2851285464842333
887,2022-06-08,316.15,64.77,1,0.5654915932834857,0.2967041261698893
888,2022-06-09,312.1,63.55,1,0.5654915932834857,0.2996967969415349
889,2022-06-10,314.4,63.12,1,0.5654915932834857,0.3322001061248698
890,2022-06-11,314.4,63.12,1,0.5654915932834857,0.3322001061248698
891,2022-06-12,314.4,63.12,1,0.5654915932834857,0.3322001061248698
892,2022-06-13,311.05,60.72,1,0.5654915932834857,0.3863886929412447
893,2022-06-14,319.75,62.21,1,0.5654915932834857,0.3869905976640596
894,2022-06-15,317.7,63.22,1,0.5654915932834857,0.3601060039968392
895,2022-06-16,317.7,63.22,1,0.5654915932834857,0.3600639286582863
896,2022-06-17,320.5,62.35,1,0.5654915932834857,0.4021324181146132
897,2022-06-18,320.5,62.35,1,0.5654915932834857,0.4021324181146132
898,2022-06-19,320.5,62.35,1,0.5654915932834857,0.4021324181146132
899,2022-06-20,320.5,62.35,1,0.5654915932834857,0.4021324181146132
900,2022-06-21,321.4,62.4,1,0.5654915932834857,0.3908237596776526
901,2022-06-22,321.5,62.19,1,0.5654915932834857,0.4206311517149882
902,2022-06-23,321.75,61.53,1,0.5654915932834857,0.4413683472740838
903,2022-06-24,322.9,61.41,1,0.5654915932834857,0.441861799502532
904,2022-06-25,322.9,61.41,1,0.5654915932834857,0.441861799502532
905,2022-06-26,322.9,61.41,1,0.5654915932834857,0.441861799502532
906,2022-06-27,326.25,62.4,1,0.5654915932834857,0.4395755141891911
907,2022-06-28,326.0,61.91,1,0.5654915932834857,0.453487938167958
908,2022-06-29,319.65,61.52,1,0.5654915932834857,0.4152558812803826
909,2022-06-30,320.25,61.23,1,0.5654915932834857,0.4483834776658853
910,2022-07-01,314.75,59.14,1,0.4022523212283259,0.4825334041832213
911,2022-07-02,314.75,59.14,1,0.4022523212283259,0.4825334041832213
912,2022-07-03,314.75,59.14,1,0.4022523212283259,0.4825334041832213
913,2022-07-04,314.75,59.14,1,0.4022523212283259,0.4825334041832213
914,2022-07-05,323.55,60.01,1,0.4022523212283259,0.5082372187850147
915,2022-07-06,316.0,58.36,1,0.4022523212283259,0.528431655642555
916,2022-07-07,324.8,60.78,1,0.4022523212283259,0.4862827215806558
917,2022-07-08,324.95,61.72,1,0.4022523212283259,0.4472117352109129
918,2022-07-09,324.95,61.72,1,0.4022523212283259,0.4472117352109129
919,2022-07-10,324.95,61.72,1,0.4022523212283259,0.4472117352109129
920,2022-07-11,334.0,62.22,1,0.4022523212283259,0.5045231703882165
921,2022-07-12,324.7,59.71,1,0.4022523212283259,0.5323033877510922
922,2022-07-13,330.35,61.11,1,0.4022523212283259,0.5108758105607873
923,2022-07-14,324.65,59.74,1,0.4022523212283259,0.5258561836269833
924,2022-07-15,325.95,60.28,1,0.4022523212283259,0.5186784915794019
925,2022-07-16,325.95,60.28,1,0.4022523212283259,0.5186784915794019
926,2022-07-17,325.95,60.28,1,0.4022523212283259,0.5186784915794019
927,2022-07-18,327.05,60.31,1,0.4022523212283259,0.5326384624587714
928,2022-07-19,321.4,59.3,1,0.4022523212283259,0.5211937752161707
929,2022-07-20,323.7,59.27,1,0.4022523212283259,0.5489573818026663
930,2022-07-21,320.65,58.4,1,0.4022523212283259,0.5613027325224844
931,2022-07-22,324.1,58.92,1,0.4022523212283259,0.5613027325224844
932,2022-07-23,324.1,58.92,1,0.4022523212283259,0.5613027325224844
933,2022-07-24,324.1,58.92,1,0.4022523212283259,0.5613027325224844
934,2022-07-25,330.0,61.41,1,0.4022523212283259,0.494883767275057
935,2022-07-26,322.75,60.28,1,0.4022523212283259,0.4918557814256244
936,2022-07-27,325.05,61.93,1,0.4022523212283259,0.4425349831735902
937,2022-07-28,323.5,62.68,1,0.4022523212283259,0.4154757421818754
938,2022-07-29,325.7,62.9,1,0.4022523212283259,0.4115677968139801
939,2022-07-30,325.7,62.9,1,0.4022523212283259,0.4115677968139801
940,2022-07-31,325.7,62.9,1,0.4022523212283259,0.4115677968139801
941,2022-08-01,326.65,63.0,1,0.4022523212283259,0.4161355488879283
942,2022-08-02,322.5,61.08,1,0.4022523212283259,0.4584300501597591
943,2022-08-03,299.55,56.79,1,0.4022523212283259,0.4598388992225793
944,2022-08-04,297.6,57.04,1,0.4022523212283259,0.430558522730866
945,2022-08-05,310.65,60.11,1,0.4022523212283259,0.4077153720837532
946,2022-08-06,310.65,60.11,1,0.4022523212283259,0.4077153720837532
947,2022-08-07,310.65,60.11,1,0.4022523212283259,0.4077153720837532
948,2022-08-08,315.75,61.74,1,0.4022523212283259,0.3847993366894188
949,2022-08-09,317.0,61.71,1,0.4022523212283259,0.389961355639066
950,2022-08-10,311.2,61.1,1,0.4022523212283259,0.3766695464284224
951,2022-08-11,307.8,59.63,1,0.4022523212283259,0.4048772339483811
952,2022-08-12,316.5,62.46,1,0.4022523212283259,0.3685080676394661
953,2022-08-13,316.5,62.46,1,0.4022523212283259,0.3685080676394661
954,2022-08-14,316.5,62.46,1,0.4022523212283259,0.3685080676394661
955,2022-08-15,313.5,61.56,1,0.4022523212283259,0.3781204486839372
956,2022-08-16,314.2,61.05,1,0.4022523212283259,0.3995672215169578
957,2022-08-17,316.6,61.21,1,0.4022523212283259,0.4075405358998733
958,2022-08-18,313.0,60.49,1,0.4022523212283259,0.4089398923392986
959,2022-08-19,318.35,61.52,1,0.4022523212283259,0.4099466217117722
960,2022-08-20,318.35,61.52,1,0.4022523212283259,0.4099466217117722
961,2022-08-21,318.35,61.52,1,0.4022523212283259,0.4099466217117722
962,2022-08-22,326.6,63.27,1,0.4022523212283259,0.4045719631137806
963,2022-08-23,303.2,59.45,1,0.4022523212283259,0.3813697897168434
964,2022-08-24,307.9,60.27,1,0.4022523212283259,0.3846705584555669
965,2022-08-25,313.45,61.15,1,0.4022523212283259,0.3840268663215228
966,2022-08-26,323.6,63.78,1,0.4022523212283259,0.3628440320254716
967,2022-08-27,323.6,63.78,1,0.4022523212283259,0.3628440320254716
968,2022-08-28,323.6,63.78,1,0.4022523212283259,0.3628440320254716
969,2022-08-29,311.35,61.95,1,0.4022523212283259,0.3494656785993952
970,2022-08-30,312.0,61.06,1,0.4022523212283259,0.3893580245181014
971,2022-08-31,309.1,59.42,1,0.4022523212283259,0.4158275972749214
972,2022-09-01,314.75,60.12,1,0.4022523212283259,0.4418169326643962
973,2022-09-02,310.25,59.93,1,0.4022523212283259,0.4092462048196252
974,2022-09-03,310.25,59.93,1,0.4022523212283259,0.4092462048196252
975,2022-09-04,310.25,59.93,1,0.4022523212283259,0.4092462048196252
976,2022-09-05,310.25,59.93,1,0.4022523212283259,0.4092462048196252
977,2022-09-06,303.95,57.98,1,0.4022523212283259,0.4468514047514582
978,2022-09-07,303.95,57.98,1,0.4022523212283259,0.4446914536258881
979,2022-09-08,307.0,58.94,1,0.4022523212283259,0.4295357269184233
980,2022-09-09,292.3,56.76,1,0.4022523212283259,0.399697530574351
981,2022-09-10,292.3,56.76,1,0.4022523212283259,0.399697530574351
982,2022-09-11,292.3,56.76,1,0.4022523212283259,0.399697530574351
983,2022-09-12,306.25,60.16,1,0.4022523212283259,0.3767974988695413
984,2022-09-13,308.4,59.43,1,0.4022523212283259,0.419351407454991
985,2022-09-14,296.4,57.22,1,0.4022523212283259,0.4070598591862338
986,2022-09-15,291.6,55.62,1,0.4022523212283259,0.4442419020112724
987,2022-09-16,294.55,56.03,1,0.4022523212283259,0.4469865173331373
988,2022-09-17,294.55,56.03,1,0.4022523212283259,0.4469865173331373
989,2022-09-18,294.55,56.03,1,0.4022523212283259,0.4469865173331373
990,2022-09-19,308.05,59.66,1,0.4022523212283259,0.4087648894014304
991,2022-09-20,308.0,59.68,1,0.4022523212283259,0.3977442963832091
992,2022-09-21,297.5,57.58,1,0.4022523212283259,0.4107788621751528
993,2022-09-22,299.05,58.49,1,0.4022523212283259,0.3869045935663052
994,2022-09-23,300.6,57.25,1,0.4022523212283259,0.4498721621007247
995,2022-09-24,300.6,57.25,1,0.4022523212283259,0.4498721621007247
996,2022-09-25,300.6,57.25,1,0.4022523212283259,0.4498721621007247
997,2022-09-26,301.8,56.0,1,0.4022523212283259,0.5099800298447057
998,2022-09-27,306.7,57.01,1,0.4022523212283259,0.5064965261913713
999,2022-09-28,301.9,56.46,1,0.4022523212283259,0.5027869964901812
1000,2022-09-29,302.3,56.0,1,0.4022523212283259,0.513094091976467
1001,2022-09-30,303.95,56.51,1,0.4022523212283259,0.5220965439168797
1002,2022-10-01,303.95,56.51,1,0.206425951257596,0.5220965439168797
1003,2022-10-02,303.95,56.51,1,0.206425951257596,0.5220965439168797
1004,2022-10-03,290.1,56.04,1,0.206425951257596,0.4088523878918718
1005,2022-10-04,294.9,56.97,1,0.206425951257596,0.4131471153938776
1006,2022-10-05,295.0,57.02,1,0.206425951257596,0.4206311517149882
1007,2022-10-06,301.55,57.95,1,0.206425951257596,0.4329184262289874
1008,2022-10-07,303.5,58.09,1,0.206425951257596,0.4231059439209275
1009,2022-10-08,303.5,58.09,1,0.206425951257596,0.4231059439209275
1010,2022-10-09,303.5,58.09,1,0.206425951257596,0.4231059439209275
1011,2022-10-10,304.05,58.66,1,0.206425951257596,0.4189104080040955
1012,2022-10-11,302.3,57.36,1,0.206425951257596,0.468505714493706
1013,2022-10-12,302.3,57.36,1,0.206425951257596,0.465078038200543
1014,2022-10-13,306.3,58.02,1,0.206425951257596,0.4512721248745724
1015,2022-10-14,297.4,55.82,1,0.206425951257596,0.4798548872513099
1016,2022-10-15,297.4,55.82,1,0.206425951257596,0.4798548872513099
1017,2022-10-16,297.4,55.82,1,0.206425951257596,0.4798548872513099
1018,2022-10-17,286.4,54.09,1,0.206425951257596,0.4595206443954506
1019,2022-10-18,302.45,57.49,1,0.206425951257596,0.441323497033573
1020,2022-10-19,295.7,56.09,1,0.206425951257596,0.4546198571583584
1021,2022-10-20,299.7,57.37,1,0.206425951257596,0.4298024666174798
1022,2022-10-21,295.3,57.36,1,0.206425951257596,0.4059244299669836
1023,2022-10-22,295.3,57.36,1,0.206425951257596,0.4059244299669836
1024,2022-10-23,295.3,57.36,1,0.206425951257596,0.4059244299669836
1025,2022-10-24,310.8,58.76,1,0.206425951257596,0.4697417768422484
1026,2022-10-25,292.8,55.09,1,0.206425951257596,0.4759387791664561
1027,2022-10-26,284.2,52.89,1,0.206425951257596,0.5055564928495723
1028,2022-10-27,294.9,55.65,1,0.206425951257596,0.488973604510137
1029,2022-10-28,285.4,53.71,1,0.206425951257596,0.4659455723555731
1030,2022-10-29,285.4,53.71,1,0.206425951257596,0.4659455723555731
1031,2022-10-30,285.4,53.71,1,0.206425951257596,0.4659455723555731
1032,2022-10-31,292.0,56.44,1,0.206425951257596,0.414069277357155
1033,2022-11-01,281.35,55.04,1,0.206425951257596,0.4002623574675774
1034,2022-11-02,281.35,55.04,1,0.206425951257596,0.3983950407697633
1035,2022-11-03,289.3,56.58,1,0.206425951257596,0.385658197422729
1036,2022-11-04,287.7,57.15,1,0.206425951257596,0.3609899232037326
1037,2022-11-05,287.7,57.15,1,0.206425951257596,0.3609899232037326
1038,2022-11-06,287.7,57.15,1,0.206425951257596,0.3609899232037326
1039,2022-11-07,288.0,55.87,1,0.206425951257596,0.4042667651248
1040,2022-11-08,283.8,54.9,1,0.206425951257596,0.3987422408615729
1041,2022-11-09,292.3,56.45,1,0.206425951257596,0.4172800100143486
1042,2022-11-10,279.1,51.71,1,0.206425951257596,0.488973604510137
1043,2022-11-11,270.5,50.65,1,0.206425951257596,0.4797626165027367
1044,2022-11-12,270.5,50.65,1,0.206425951257596,0.4797626165027367
1045,2022-11-13,270.5,50.65,1,0.206425951257596,0.4797626165027367
1046,2022-11-14,270.5,50.65,1,0.206425951257596,0.4830419803071704
1047,2022-11-15,270.5,50.65,1,0.206425951257596,0.4832269630699647
1048,2022-11-16,268.1,49.8,1,0.206425951257596,0.5147009406570691
1049,2022-11-17,286.45,52.74,1,0.206425951257596,0.5257608830129782
1050,2022-11-18,279.05,52.0,1,0.206425951257596,0.5066375845406338
1051,2022-11-19,279.05,52.0,1,0.206425951257596,0.5066375845406338
1052,2022-11-20,279.05,52.0,1,0.206425951257596,0.5066375845406338
1053,2022-11-21,291.4,54.87,1,0.206425951257596,0.4774578377786742
1054,2022-11-22,281.0,52.22,1,0.206425951257596,0.4953501885182939
1055,2022-11-23,283.65,52.8,1,0.206425951257596,0.4955834568931772
1056,2022-11-24,283.65,52.8,1,0.206425951257596,0.4955834568931772
1057,2022-11-25,287.75,53.19,1,0.206425951257596,0.519437362517693
1058,2022-11-26,287.75,53.19,1,0.206425951257596,0.519437362517693
1059,2022-11-27,287.75,53.19,1,0.206425951257596,0.519437362517693
1060,2022-11-28,287.75,53.19,1,0.206425951257596,0.4985259387660886
1061,2022-11-29,280.45,53.01,1,0.206425951257596,0.4543933975457038
1062,2022-11-30,284.9,54.68,1,0.206425951257596,0.4167076532082415
1063,2022-12-01,290.7,55.85,1,0.206425951257596,0.4165756067264655
1064,2022-12-02,290.7,55.85,1,0.206425951257596,0.4316711587073655
1065,2022-12-03,290.7,55.85,1,0.206425951257596,0.4316711587073655
1066,2022-12-04,290.7,55.85,1,0.206425951257596,0.4316711587073655
1067,2022-12-05,293.5,55.59,1,0.206425951257596,0.4595661048122543
1068,2022-12-06,290.5,55.13,1,0.206425951257596,0.4389485925992364
1069,2022-12-07,284.9,54.68,1,0.206425951257596,0.4254081711166689
1070,2022-12-08,280.65,53.85,1,0.206425951257596,0.4345237882666418
1071,2022-12-09,295.85,56.46,1,0.206425951257596,0.4410992684612192
1072,2022-12-10,295.85,56.46,1,0.206425951257596,0.4410992684612192
1073,2022-12-11,295.85,56.46,1,0.206425951257596,0.4410992684612192
1074,2022-12-12,298.8,56.11,1,0.206425951257596,0.4786558451894776
1075,2022-12-13,291.25,54.79,1,0.206425951257596,0.4654432487313184
1076,2022-12-14,293.7,55.2,1,0.206425951257596,0.4585663265897652
1077,2022-12-15,296.45,55.7,1,0.206425951257596,0.4742375722193347
1078,2022-12-16,297.2,56.1,1,0.206425951257596,0.4746971515451988
1079,2022-12-17,297.2,56.1,1,0.206425951257596,0.4746971515451988
1080,2022-12-18,297.2,56.1,1,0.206425951257596,0.4746971515451988
1081,2022-12-19,304.55,57.38,1,0.206425951257596,0.465078038200543
1082,2022-12-20,290.3,55.74,1,0.206425951257596,0.4231059439209275
1083,2022-12-21,288.3,55.47,1,0.206425951257596,0.4236811208691662
1084,2022-12-22,297.1,57.39,1,0.206425951257596,0.4085461692357482
1085,2022-12-23,290.0,56.16,1,0.206425951257596,0.4079776710167949
1086,2022-12-24,290.0,56.16,1,0.206425951257596,0.4079776710167949
1087,2022-12-25,290.0,56.16,1,0.206425951257596,0.4079776710167949
1088,2022-12-26,290.0,56.16,1,0.206425951257596,0.4079776710167949
1089,2022-12-27,286.6,54.24,1,0.206425951257596,0.4649867507951199
1090,2022-12-28,288.45,54.91,1,0.206425951257596,0.4535331967340967
1091,2022-12-29,286.85,54.33,1,0.206425951257596,0.461886601455358
1092,2022-12-30,286.85,54.33,1,0.206425951257596,0.461886601455358
1093,2022-12-31,286.85,54.33,1,0.206425951257596,0.461886601455358
1094,2023-01-01,286.85,54.33,1,1.0,0.461886601455358
1095,2023-01-02,286.85,54.33,1,1.0,0.461886601455358
1096,2023-01-03,293.45,53.86,1,1.0,0.5529803283412558
1097,2023-01-04,288.2,52.84,1,1.0,0.5296255428647028
1098,2023-01-05,284.95,53.14,1,1.0,0.4917627157227365
1099,2023-01-06,289.75,55.26,1,1.0,0.4345684094873561
1100,2023-01-07,289.75,55.26,1,1.0,0.4345684094873561
1101,2023-01-08,289.75,55.26,1,1.0,0.4345684094873561
1102,2023-01-09,271.85,51.73,1,1.0,0.4476622843845922
1103,2023-01-10,287.5,55.27,1,1.0,0.4231501793137212
1104,2023-01-11,287.15,55.37,1,1.0,0.4057061934872276
1105,2023-01-12,289.8,56.89,1,1.0,0.3832977495045475
1106,2023-02-01,291.1,57.19,1,1.0,0.3605689290285995
1107,2023-02-02,290.1,57.61,1,1.0,0.3587603167416098
1108,2023-02-03,286.4,55.73,1,1.0,0.4023065168170937
1109,2023-02-04,286.4,55.73,1,1.0,0.4023065168170937
1110,2023-02-05,286.4,55.73,1,1.0,0.4023065168170937
1111,2023-02-06,293.1,56.63,1,1.0,0.3997844106976002
1112,2023-02-07,289.25,55.64,1,1.0,0.4277588435458676
1113,2023-02-08,296.6,57.16,1,1.0,0.4235926156292186
1114,2023-02-09,295.15,56.01,1,1.0,0.4642110537307906
1115,2023-02-10,295.0,56.48,1,1.0,0.4299803231203689
1116,2023-02-11,295.0,56.48,1,1.0,0.4299803231203689
1117,2023-02-12,295.0,56.48,1,1.0,0.4299803231203689
1118,2023-03-01,273.85,52.7,1,1.0,0.4142010685013506
1119,2023-03-02,273.85,52.7,1,1.0,0.42354836525647
1120,2023-03-03,273.85,52.7,1,1.0,0.4213377561625528
1121,2023-03-04,273.85,52.7,1,1.0,0.4213377561625528
1122,2023-03-05,273.85,52.7,1,1.0,0.4213377561625528
1123,2023-03-06,273.85,52.7,1,1.0,0.4028289555167924
1124,2023-03-07,266.95,51.43,1,1.0,0.4193073007801756
1125,2023-03-08,266.95,51.43,1,1.0,0.3993066434584763
1126,2023-03-09,276.8,53.92,1,1.0,0.4076716608050152
1127,2023-03-10,282.2,54.11,1,1.0,0.4306474990503133
1128,2023-03-11,282.2,54.11,1,1.0,0.4306474990503133
1129,2023-03-12,282.2,54.11,1,1.0,0.4306474990503133
1130,2023-04-01,282.2,54.11,1,0.6983339407623104,0.4306474990503133
1131,2023-04-02,282.2,54.11,1,0.6983339407623104,0.4306474990503133
1132,2023-04-03,296.85,58.5,1,0.6983339407623104,0.3641520340626187
1133,2023-04-04,294.25,57.84,1,0.6983339407623104,0.3677033597399135
1134,2023-04-05,290.3,57.44,1,0.6983339407623104,0.3518870881571622
1135,2023-04-06,294.15,58.13,1,0.6983339407623104,0.3615374338568417
1136,2023-04-07,294.15,58.13,1,0.6983339407623104,0.3615374338568417
1137,2023-04-08,294.15,58.13,1,0.6983339407623104,0.3615374338568417
1138,2023-04-09,294.15,58.13,1,0.6983339407623104,0.3615374338568417
1139,2023-04-10,284.9,56.19,1,0.6983339407623104,0.3651233948356792
1140,2023-04-11,293.0,58.52,1,0.6983339407623104,0.3399943389382539
1141,2023-04-12,291.55,58.97,1,0.6983339407623104,0.3044214410435311
1142,2023-05-01,291.55,58.97,1,0.6983339407623104,0.3331869923804541
1143,2023-05-02,273.35,54.16,1,0.6983339407623104,0.3538528521919487
1144,2023-05-03,262.3,52.55,1,0.6983339407623104,0.3356578426222298
1145,2023-05-04,260.45,52.16,1,0.6983339407623104,0.3304340109399681
1146,2023-05-05,269.6,54.53,1,0.6983339407623104,0.3180239698101463
1147,2023-05-06,269.6,54.53,0,0.6983339407623104,0.3180239698101463
1148,2023-05-07,269.6,54.53,0,0.6983339407623104,0.3180239698101463
1149,2023-05-08,274.35,54.72,0,0.6983339407623104,0.3417748379835097
1150,2023-05-09,272.55,54.64,0,0.6983339407623104,0.3320768037250944
1151,2023-05-10,274.7,55.48,0,0.6983339407623104,0.3142134792460572
1152,2023-05-11,271.25,54.88,0,0.6983339407623104,0.3090047484010707
1153,2023-05-12,272.55,55.32,0,0.6983339407623104,0.3049833062812084
1154,2023-06-01,243.9,48.65,0,0.6983339407623104,0.3435580134402957
1155,2023-06-02,248.3,50.09,0,0.6983339407623104,0.3201780154984069
1156,2023-06-03,248.3,50.09,0,0.6983339407623104,0.3201780154984069
1157,2023-06-04,248.3,50.09,0,0.6983339407623104,0.3201780154984069
1158,2023-06-05,248.85,50.51,0,0.6983339407623104,0.3087630599289416
1159,2023-06-06,244.9,49.85,0,0.6983339407623104,0.3021767689507875
1160,2023-06-07,244.4,49.62,0,0.6983339407623104,0.3065901732962669
1161,2023-06-08,244.4,49.62,0,0.6983339407623104,0.3065901732962669
1162,2023-06-09,251.1,51.5,0,0.6983339407623104,0.2888813440366518
1163,2023-06-10,251.1,51.5,0,0.6983339407623104,0.2888813440366518
1164,2023-06-11,251.1,51.5,0,0.6983339407623104,0.2888813440366518
1165,2023-06-12,237.65,48.84,0,0.6983339407623104,0.2818602062202515
1166,2023-07-01,237.65,48.84,0,0.6259467407688611,0.2818602062202515
1167,2023-07-02,237.65,48.84,0,0.6259467407688611,0.2818602062202515
1168,2023-07-03,259.05,53.92,0,0.6259467407688611,0.2609867717080453
1169,2023-07-04,259.05,53.92,0,0.6259467407688611,0.2609867717080453
1170,2023-07-05,244.7,50.51,0,0.6259467407688611,0.2765649467249556
1171,2023-07-06,257.3,52.23,0,0.6259467407688611,0.3049030227368516
1172,2023-07-07,256.25,52.74,0,0.6259467407688611,0.2860754190675139
1173,2023-07-08,256.25,52.74,0,0.6259467407688611,0.2860754190675139
1174,2023-07-09,256.25,52.74,0,0.6259467407688611,0.2860754190675139
1175,2023-07-10,254.7,52.14,0,0.6259467407688611,0.2963057063597337
1176,2023-07-11,257.15,52.93,0,0.6259467407688611,0.2789152309911525
1177,2023-07-12,258.0,53.55,0,0.6259467407688611,0.2651215435408586
1178,2023-08-01,240.1,50.11,0,0.6259467407688611,0.2546036560649319
1179,2023-08-02,242.1,50.4,0,0.6259467407688611,0.262646488892424
1180,2023-08-03,232.4,47.54,0,0.6259467407688611,0.3039801712010901
1181,2023-08-04,240.2,49.33,0,0.6259467407688611,0.286588647723515
1182,2023-08-05,240.2,49.33,0,0.6259467407688611,0.286588647723515
1183,2023-08-06,240.2,49.33,0,0.6259467407688611,0.286588647723515
1184,2023-08-07,237.7,48.55,0,0.6259467407688611,0.2971425517590227
1185,2023-08-08,238.0,48.6,0,0.6259467407688611,0.2970229641239319
1186,2023-08-09,237.35,48.36,0,0.6259467407688611,0.2979800226930329
1187,2023-08-10,233.95,47.94,0,0.6259467407688611,0.294156688830922
1188,2023-08-11,230.1,46.94,0,0.6259467407688611,0.299097624082099
1189,2023-08-12,230.1,46.94,0,0.6259467407688611,0.299097624082099
1190,2023-09-01,199.65,40.43,0,0.6259467407688611,0.3157928928670421
1191,2023-09-02,199.65,40.43,0,0.6259467407688611,0.3157928928670421
1192,2023-09-03,199.65,40.43,0,0.6259467407688611,0.3157928928670421
1193,2023-09-04,199.65,40.43,0,0.6259467407688611,0.3157928928670421
1194,2023-09-05,201.0,40.36,0,0.6259467407688611,0.3242532226311073
1195,2023-09-06,200.35,40.17,0,0.6259467407688611,0.3288754922141804
1196,2023-09-07,200.35,40.17,0,0.6259467407688611,0.3281789330681399
1197,2023-09-08,202.7,40.66,0,0.6259467407688611,0.3328990647740696
1198,2023-09-09,202.7,40.66,0,0.6259467407688611,0.3328990647740696
1199,2023-09-10,202.7,40.66,0,0.6259467407688611,0.3328990647740696
1200,2023-09-11,204.15,41.36,0,0.6259467407688611,0.3094882793882966
1201,2023-09-12,196.35,39.63,0,0.6259467407688611,0.3160766076626058
1202,2023-10-01,196.35,39.63,0,0.8589785261168533,0.3160766076626058
1203,2023-10-02,236.05,46.59,0,0.8589785261168533,0.3632236298941148
1204,2023-10-03,238.8,46.32,0,0.8589785261168533,0.4087211423900133
1205,2023-10-04,233.95,45.42,0,0.8589785261168533,0.404048811155559
1206,2023-10-05,239.2,46.23,0,0.8589785261168533,0.4082400235435995
1207,2023-10-06,239.8,46.47,0,0.8589785261168533,0.3994803562300401
1208,2023-10-07,239.8,46.47,0,0.8589785261168533,0.3994803562300401
1209,2023-10-08,239.8,46.47,0,0.8589785261168533,0.3994803562300401
1210,2023-10-09,238.0,46.35,0,0.8589785261168533,0.3950580906036755
1211,2023-10-10,237.8,46.97,0,0.8589785261168533,0.3592647744231539
1212,2023-10-11,233.05,46.13,0,0.8589785261168533,0.357878021062312
1213,2023-10-12,233.05,46.13,0,0.8589785261168533,0.3569124348178057
1214,2023-11-01,232.85,46.79,0,0.8589785261168533,0.3186738236518086
1215,2023-11-02,232.85,46.79,0,0.8589785261168533,0.3186738236518086
1216,2023-11-03,234.95,47.96,0,0.8589785261168533,0.297660912371972
1217,2023-11-04,234.95,47.96,0,0.8589785261168533,0.297660912371972
1218,2023-11-05,234.95,47.96,0,0.8589785261168533,0.297660912371972
1219,2023-11-06,240.6,49.19,0,0.8589785261168533,0.2913374136415747
1220,2023-11-07,228.5,46.93,0,0.8589785261168533,0.286233310175022
1221,2023-11-08,229.5,46.79,0,0.8589785261168533,0.301296153627017
1222,2023-11-09,228.25,46.31,0,0.8589785261168533,0.3108997516365742
1223,2023-11-10,234.65,47.78,0,0.8589785261168533,0.2977007961960631
1224,2023-11-11,234.65,47.78,0,0.8589785261168533,0.2977007961960631
1225,2023-11-12,234.65,47.78,0,0.8589785261168533,0.2977007961960631
1226,2023-12-01,248.1,50.89,0,0.8589785261168533,0.289277116763678
1227,2023-12-02,248.1,50.89,0,0.8589785261168533,0.289277116763678
1228,2023-12-03,248.1,50.89,0,0.8589785261168533,0.289277116763678
1229,2023-12-04,249.45,50.4,0,0.8589785261168533,0.3145372841953068
1230,2023-12-05,246.35,49.98,0,0.8589785261168533,0.3094479772937564
1231,2023-12-06,240.7,49.07,0,0.8589785261168533,0.2980598144627802
1232,2023-12-07,243.05,49.49,0,0.8589785261168533,0.3017764039684962
1233,2023-12-08,247.95,50.35,0,0.8589785261168533,0.3098913788004142
1234,2023-12-09,247.95,50.35,0,0.8589785261168533,0.3098913788004142
1235,2023-12-10,247.95,50.35,0,0.8589785261168533,0.3098913788004142
1236,2023-12-11,249.4,50.54,0,0.8589785261168533,0.312676655048258
1237,2023-12-12,250.8,50.51,0,0.8589785261168533,0.3226214178002887
1238,2024-01-01,250.8,50.51,0,0.9417023498053212,0.3226214178002887
1239,2024-01-03,250.15,50.94,0,0.9417023498053212,0.3051037422750114
1240,2024-01-04,251.75,51.24,0,0.9417023498053212,0.2959074283386863
1241,2024-01-06,251.75,51.24,0,0.9417023498053212,0.2959074283386863
1242,2024-01-07,251.75,51.24,0,0.9417023498053212,0.2959074283386863
1243,2024-01-08,252.65,51.86,0,0.9417023498053212,0.2852863021539749
1244,2024-01-09,249.05,50.82,0,0.9417023498053212,0.2986983529822899
1245,2024-01-13,249.05,50.82,0,0.9417023498053212,0.2986983529822899
1246,2024-01-14,249.05,50.82,0,0.9417023498053212,0.2986983529822899
1247,2024-01-18,251.1,50.89,0,0.9417023498053212,0.3079578024456129
1248,2024-01-19,249.6,50.64,0,0.9417023498053212,0.3096091942315527
1249,2024-01-20,249.6,50.64,0,0.9417023498053212,0.3096091942315527
1250,2024-01-21,249.6,50.64,0,0.9417023498053212,0.3096091942315527
1251,2024-01-22,249.1,49.92,0,0.9417023498053212,0.3333104115552945
1252,2024-01-23,248.0,50.04,0,0.9417023498053212,0.318714451692818
1253,2024-01-24,248.0,50.27,0,0.9417023498053212,0.3106173173268565
1254,2024-01-25,247.7,50.34,0,0.9417023498053212,0.3037796509207362
1255,2024-01-26,247.1,50.31,0,0.9417023498053212,0.3038999588202355
1256,2024-01-27,247.1,50.31,0,0.9417023498053212,0.3038999588202355
1257,2024-01-28,247.1,50.31,0,0.9417023498053212,0.3038999588202355
1258,2024-01-29,248.55,50.2,0,0.9417023498053212,0.3180239698101463
1259,2024-02-04,248.55,50.2,0,0.9417023498053212,0.3180239698101463
1260,2024-02-08,239.15,47.92,0,0.9417023498053212,0.3344629498055155
1261,2024-02-09,239.35,48.28,0,0.9417023498053212,0.3179833661195986
1262,2024-02-14,237.8,47.85,0,0.9417023498053212,0.3250291348210711
1263,2024-02-15,238.95,48.09,0,0.9417023498053212,0.326746149832412
1264,2024-02-16,240.45,48.42,0,0.9417023498053212,0.324008305453821
1265,2024-02-18,240.45,48.42,0,0.9417023498053212,0.324008305453821
1266,2024-02-20,235.5,47.77,0,0.9417023498053212,0.3081993198064835
1267,2024-02-22,235.6,47.6,0,0.9417023498053212,0.3215619761315986
1268,2024-02-23,236.25,47.36,0,0.9417023498053212,0.3357402937667674
1269,2024-02-26,236.45,47.51,0,0.9417023498053212,0.329490448630644
1270,2024-02-28,234.9,47.25,0,0.9417023498053212,0.3244165294732677
1271,2024-03-04,235.1,47.52,0,0.9417023498053212,0.3155902823635806
1272,2024-03-06,234.05,47.33,0,0.9417023498053212,0.3151041630682893
1273,2024-03-09,234.05,47.33,0,0.9417023498053212,0.3151041630682893
1274,2024-03-10,234.05,47.33,0,0.9417023498053212,0.3151041630682893
1275,2024-03-11,233.85,47.01,0,0.9417023498053212,0.3283427919253161
1276,2024-03-13,232.3,46.7,0,0.9417023498053212,0.3254377179706149
1277,2024-03-14,233.6,46.79,0,0.9417023498053212,0.3334338437087147
1278,2024-03-15,231.5,46.35,0,0.9417023498053212,0.3356578426222298
1279,2024-03-16,231.5,46.35,0,0.9417023498053212,0.3356578426222298
1280,2024-03-17,231.5,46.35,0,0.9417023498053212,0.3356578426222298
1281,2024-03-18,231.25,46.0,0,0.9417023498053212,0.3482568063339303
1282,2024-03-19,228.5,45.51,0,0.9417023498053212,0.3502583606092733
1283,2024-03-20,230.9,46.44,0,0.9417023498053212,0.3250699866703542
1284,2024-03-21,231.7,46.53,0,0.9417023498053212,0.3287525397923131
1285,2024-03-22,232.3,46.46,0,0.9417023498053212,0.3376382642830531
1286,2024-03-23,232.3,46.46,0,0.9417023498053212,0.3376382642830531
1287,2024-03-24,232.3,46.46,0,0.9417023498053212,0.3376382642830531
1288,2024-03-25,232.0,46.62,0,0.9417023498053212,0.3275237278235107
1289,2024-03-26,232.2,46.59,0,0.9417023498053212,0.3298595779519455
1290,2024-03-27,231.8,46.55,0,0.9417023498053212,0.3322412098074592
1291,2024-03-28,232.3,46.37,0,0.9417023498053212,0.3431015974019515
1292,2024-03-29,232.3,46.37,0,0.9417023498053212,0.3431015974019515
1293,2024-03-30,232.3,46.37,0,0.9417023498053212,0.3431015974019515
1294,2024-03-31,232.3,46.37,0,0.9417023498053212,0.3431015974019515
1295,2024-04-01,228.05,45.02,0,0.0,0.3604005722235221
1296,2024-04-02,228.6,45.19,0,0.0,0.3617902142989617
1297,2024-04-03,227.3,45.11,0,0.0,0.3541040321068468
1298,2024-04-04,227.95,45.16,0,0.0,0.3601901590513275
1299,2024-04-05,230.4,45.49,0,0.0,0.3651233948356792
1300,2024-04-06,230.4,45.49,0,0.0,0.3651233948356792
1301,2024-04-07,230.4,45.49,0,0.0,0.3651233948356792
1302,2024-04-08,225.9,44.92,0,0.0,0.3488819326308015
1303,2024-04-09,229.0,45.72,0,0.0,0.3414848069734141
1304,2024-04-10,233.2,45.92,0,0.0,0.3689741927733737
1305,2024-04-11,230.4,45.27,0,0.0,0.3762431338036888
1306,2024-04-12,231.2,45.11,0,0.0,0.3872916584976
1307,2024-04-13,231.2,45.11,0,0.0,0.3872916584976
1308,2024-04-14,231.2,45.11,0,0.0,0.3872916584976
1309,2024-04-15,230.7,44.49,0,0.0,0.4164875832082547
1310,2024-04-16,230.8,43.87,0,0.0,0.4603391643963555
1311,2024-04-17,229.2,43.78,0,0.0,0.4419964090712532
1312,2024-04-18,232.05,44.23,0,0.0,0.444781382076467
1313,2024-04-19,234.5,45.14,0,0.0,0.4244779377292325
1314,2024-04-20,234.5,45.14,0,0.0,0.4244779377292325
1315,2024-04-21,234.5,45.14,0,0.0,0.4244779377292325
1316,2024-04-22,231.0,44.65,0,0.0,0.4092024414256205
1317,2024-04-23,233.95,45.61,0,0.0,0.3909531712773269
1318,2024-04-24,232.6,45.19,0,0.0,0.3994803562300401
1319,2024-04-25,233.15,45.14,0,0.0,0.4057934836169379
1320,2024-04-26,232.25,45.4,0,0.0,0.3862597509855625
1321,2024-04-27,232.25,45.4,0,0.0,0.3862597509855625
1322,2024-04-28,232.25,45.4,0,0.0,0.3862597509855625
1323,2024-04-29,229.6,44.91,0,0.0,0.3878939971544344
1324,2024-04-30,229.35,44.19,0,0.0,0.4203662738128955
1325,2024-05-01,229.35,44.19,0,0.0,0.4204545604618321
1326,2024-05-02,231.1,45.2,0,0.0,0.3846276353265339
1327,2024-05-03,233.8,46.11,0,0.0,0.3679574209236977
1328,2024-05-04,233.8,46.11,0,0.0,0.3679574209236977
1329,2024-05-05,233.8,46.11,0,0.0,0.3679574209236977
1330,2024-05-06,233.75,46.07,0,0.0,0.3694828950470849
1331,2024-05-07,233.15,45.97,0,0.0,0.3673223667749553
1332,2024-05-08,233.05,45.75,0,0.0,0.3759021094888107
1333,2024-05-09,231.8,45.06,0,0.0,0.3975274557160591
1334,2024-05-10,230.15,44.63,0,0.0,0.4050080866080026
1335,2024-05-11,230.15,44.63,0,0.0,0.4050080866080026
1336,2024-05-12,230.15,44.63,0,0.0,0.4050080866080026
1337,2024-05-13,228.65,44.38,0,0.0,0.4018278025628745
1338,2024-05-14,227.0,44.24,0,0.0,0.3926367330726159
1339,2024-05-15,226.5,44.09,0,0.0,0.3958373701073419
1340,2024-05-16,225.9,44.04,0,0.0,0.3921616545583146
1341,2024-05-17,225.6,44.2,0,0.0,0.3811129537416094
1342,2024-05-18,225.6,44.2,0,0.0,0.3811129537416094
1343,2024-05-19,225.6,44.2,0,0.0,0.3811129537416094
1344,2024-05-20,225.6,44.16,0,0.0,0.3811985598441115
1345,2024-05-21,225.1,44.01,0,0.0,0.3894441969485563
1346,2024-05-22,223.7,43.4,0,0.0,0.4014797596016128
1347,2024-05-23,222.5,43.16,0,0.0,0.3988290557148863
1348,2024-05-24,222.05,42.92,0,0.0,0.4083274862965839
1349,2024-05-25,222.05,42.92,0,0.0,0.4083274862965839
1350,2024-05-26,222.05,42.92,0,0.0,0.4083274862965839
1351,2024-05-27,222.05,42.92,0,0.0,0.4083274862965839
1352,2024-05-28,221.9,43.0,0,0.0,0.4061863628294302
1353,2024-05-29,221.5,42.57,0,0.0,0.4240794686126352
1354,2024-05-30,221.5,42.57,0,0.0,0.4247879420779341
1355,2024-05-31,221.15,42.07,0,0.0,0.4430288670429008
1356,2024-06-01,221.15,42.07,0,0.0,0.4430288670429008
1357,2024-06-02,221.15,42.07,0,0.0,0.4430288670429008
1358,2024-06-03,216.7,41.41,0,0.0,0.4441070659817373
1359,2024-06-04,216.6,40.96,0,0.0,0.4619321409191272
1360,2024-06-05,216.55,40.87,0,0.0,0.4666308561427945
1361,2024-06-06,215.95,41.09,0,0.0,0.4482933073275173
1362,2024-06-07,215.3,40.5,0,0.0,0.4889271662019937
1363,2024-06-08,215.3,40.5,0,0.0,0.4889271662019937
1364,2024-06-09,215.3,40.5,0,0.0,0.4889271662019937
1365,2024-06-10,215.8,40.3,0,0.0,0.4935320163680773
1366,2024-06-11,216.0,40.31,0,0.0,0.4989000250307985
1367,2024-06-12,219.25,40.54,0,0.0,0.5206238947065024
1368,2024-06-13,220.5,41.04,0,0.0,0.4976846054641705
1369,2024-06-14,221.25,41.15,0,0.0,0.5033498481965001
1370,2024-06-15,221.25,41.15,0,0.0,0.5033498481965001
1371,2024-06-16,221.25,41.15,0,0.0,0.5033498481965001
1372,2024-06-17,221.5,40.84,0,0.0,0.5240465369568529
1373,2024-06-18,221.5,40.76,0,0.0,0.5318726898008825
1374,2024-06-19,221.5,40.76,0,0.0,0.5318726898008825
1375,2024-06-20,223.6,41.29,0,0.0,0.5378178868482624
1376,2024-06-21,223.75,41.09,0,0.0,0.5291478710387159
1377,2024-06-22,223.75,41.09,0,0.0,0.5291478710387159
1378,2024-06-23,223.75,41.09,0,0.0,0.5291478710387159
1379,2024-06-24,225.65,41.83,0,0.0,0.511394676013555
1380,2024-06-25,225.4,41.35,0,0.0,0.5390675085856694
1381,2024-06-26,225.0,40.8,0,0.0,0.5723726996710745
1382,2024-06-27,226.0,41.08,0,0.0,0.5637937742404973
1383,2024-06-28,225.15,40.29,0,0.0,0.6087339344314022
1384,2024-06-29,225.15,40.29,0,0.0,0.6087339344314022
1385,2024-06-30,225.15,40.29,0,0.0,0.6087339344314022
1386,2024-07-01,225.65,40.02,0,0.312061576563316,0.6432240766951073
1387,2024-07-02,225.3,39.85,0,0.312061576563316,0.6521953250436137
1388,2024-07-03,224.25,40.31,0,0.312061576563316,0.590621032448621
1389,2024-07-04,224.25,40.31,0,0.312061576563316,0.590621032448621
1390,2024-07-05,227.3,41.58,0,0.312061576563316,0.543063765994314
1391,2024-07-06,227.3,41.58,0,0.312061576563316,0.543063765994314
1392,2024-07-07,227.3,41.58,0,0.312061576563316,0.543063765994314
1393,2024-07-08,228.0,41.63,0,0.312061576563316,0.5482314978068297
1394,2024-07-09,228.0,41.63,0,0.312061576563316,0.5253321073339058
1395,2024-07-10,227.25,41.98,0,0.312061576563316,0.5216213325202749
1396,2024-07-11,226.55,41.61,0,0.312061576563316,0.5329257302356529
1397,2024-07-12,227.1,41.81,0,0.312061576563316,0.5283361867580707
1398,2024-07-13,227.1,41.81,0,0.312061576563316,0.5283361867580707
1399,2024-07-14,227.1,41.81,0,0.312061576563316,0.5283361867580707
1400,2024-07-15,226.5,41.58,0,0.312061576563316,0.536137373258385
1401,2024-07-16,230.4,42.41,0,0.312061576563316,0.5283839204209233
1402,2024-07-17,231.2,42.15,0,0.312061576563316,0.5541456082861503
1403,2024-07-18,232.75,41.71,0,0.312061576563316,0.5855055614687521
1404,2024-07-19,232.3,41.49,0,0.312061576563316,0.6100932967086519
1405,2024-07-20,232.3,41.49,0,0.312061576563316,0.6100932967086519
1406,2024-07-21,232.3,41.49,0,0.312061576563316,0.6100932967086519
1407,2024-07-22,231.5,41.53,0,0.312061576563316,0.6014035336446096
1408,2024-07-23,230.4,41.2,0,0.312061576563316,0.604763248920585
1409,2024-07-24,229.7,40.6,0,0.312061576563316,0.6397827224966844
1410,2024-07-25,232.2,41.16,0,0.312061576563316,0.6349668019814292
1411,2024-07-26,232.35,41.04,0,0.312061576563316,0.6408605736157922
1412,2024-07-27,232.35,41.04,0,0.312061576563316,0.6408605736157922
1413,2024-07-28,232.35,41.04,0,0.312061576563316,0.6408605736157922
1414,2024-07-29,232.35,41.28,0,0.312061576563316,0.6205539419479187
1415,2024-07-30,232.6,41.36,0,0.312061576563316,0.6186284714922463
1416,2024-07-31,232.5,41.06,0,0.312061576563316,0.637936638530068
1417,2024-08-01,231.95,40.43,0,0.312061576563316,0.689102265802306
1418,2024-08-02,233.15,40.82,0,0.312061576563316,0.6780390763283601
1419,2024-08-03,233.15,40.82,0,0.312061576563316,0.6780390763283601
1420,2024-08-04,233.15,40.82,0,0.312061576563316,0.6780390763283601
1421,2024-08-05,234.4,40.87,0,0.312061576563316,0.6762022435184811
1422,2024-08-06,234.7,41.53,0,0.312061576563316,0.6442527562042816
1423,2024-08-07,230.55,40.99,0,0.312061576563316,0.6298081654011068
1424,2024-08-08,231.2,41.48,0,0.312061576563316,0.5871426608086526
1425,2024-08-09,234.3,42.51,0,0.312061576563316,0.5659951613014933
1426,2024-08-10,234.3,42.51,0,0.312061576563316,0.5659951613014933
1427,2024-08-11,234.3,42.51,0,0.312061576563316,0.5659951613014933
1428,2024-08-12,235.4,42.78,0,0.312061576563316,0.5615955832949291
1429,2024-08-13,235.4,43.14,0,0.312061576563316,0.5404625653358226
1430,2024-08-14,234.2,42.78,0,0.312061576563316,0.549732047474625
1431,2024-08-15,232.85,42.48,0,0.312061576563316,0.5544370698320925
1432,2024-08-16,233.5,42.7,0,0.312061576563316,0.5508463338283343
1433,2024-08-17,233.5,42.7,0,0.312061576563316,0.5508463338283343
1434,2024-08-18,233.5,42.7,0,0.312061576563316,0.5508463338283343
1435,2024-08-19,233.45,43.15,0,0.312061576563316,0.5205289363848978
1436,2024-08-20,234.75,42.93,0,0.312061576563316,0.5521554697186609
1437,2024-08-21,235.5,43.01,0,0.312061576563316,0.5559438568471904
1438,2024-08-22,236.3,42.28,0,0.312061576563316,0.6041609809677749
1439,2024-08-23,237.7,43.4,0,0.312061576563316,0.5561870286530664
1440,2024-08-24,237.7,43.4,0,0.312061576563316,0.5561870286530664
1441,2024-08-25,237.7,43.4,0,0.312061576563316,0.5561870286530664
1442,2024-08-26,237.8,43.33,0,0.312061576563316,0.5604245208071251
1443,2024-08-27,237.85,43.24,0,0.312061576563316,0.5668766115829142
1444,2024-08-28,237.9,42.87,0,0.312061576563316,0.594655747026337
1445,2024-08-29,239.0,42.53,0,0.312061576563316,0.6259881462349818
1446,2024-08-30,239.75,42.43,0,0.312061576563316,0.6177172169403236
1447,2024-08-31,239.75,42.43,0,0.312061576563316,0.6177172169403236
1448,2024-09-01,239.75,42.43,0,0.312061576563316,0.6177172169403236
1449,2024-09-02,239.75,42.43,0,0.312061576563316,0.6177172169403236
1450,2024-09-03,241.8,42.82,0,0.312061576563316,0.6355808046399105
1451,2024-09-04,243.6,43.21,0,0.312061576563316,0.6327685367861972
1452,2024-09-05,246.8,44.24,0,0.312061576563316,0.5995012132517088
1453,2024-09-06,246.9,44.13,0,0.312061576563316,0.6120084533732983
1454,2024-09-07,246.9,44.13,0,0.312061576563316,0.6120084533732983
1455,2024-09-08,246.9,44.13,0,0.312061576563316,0.6120084533732983
1456,2024-09-09,247.15,44.26,0,0.312061576563316,0.6045624673320226
1457,2024-09-10,247.2,43.7,0,0.312061576563316,0.6421446608956053
1458,2024-09-11,249.35,44.12,0,0.312061576563316,0.643995525540985
1459,2024-09-12,251.35,44.72,0,0.312061576563316,0.6264969580959057
1460,2024-09-13,254.0,45.65,0,0.312061576563316,0.5944562563463118
1461,2024-09-14,254.0,45.65,0,0.312061576563316,0.5944562563463118
1462,2024-09-15,254.0,45.65,0,0.312061576563316,0.5944562563463118
1463,2024-09-16,252.45,45.78,0,0.312061576563316,0.5677585737875168
1464,2024-09-17,257.05,46.86,0,0.312061576563316,0.554339909690906
1465,2024-09-18,257.3,47.25,0,0.312061576563316,0.5440283329560287
1466,2024-09-19,259.95,47.9,0,0.312061576563316,0.5272864404926255
1467,2024-09-20,261.05,47.3,0,0.312061576563316,0.5679056172695222
1468,2024-09-21,261.05,47.3,0,0.312061576563316,0.5679056172695222
1469,2024-09-22,261.05,47.3,0,0.312061576563316,0.5679056172695222
1470,2024-09-23,261.7,47.29,0,0.312061576563316,0.5807529330922264
1471,2024-09-24,265.05,48.54,0,0.312061576563316,0.5408957816521734
1472,2024-09-25,265.6,48.48,0,0.312061576563316,0.5518644516174249
1473,2024-09-26,270.55,49.67,0,0.312061576563316,0.5326384624587714
1474,2024-09-27,273.9,50.38,0,0.312061576563316,0.5304379428821371
1475,2024-09-28,273.9,50.38,0,0.312061576563316,0.5304379428821371
1476,2024-09-29,273.9,50.38,0,0.312061576563316,0.5304379428821371
1477,2024-09-30,274.35,50.28,0,0.312061576563316,0.5377698455911708
1478,2024-10-01,276.35,50.63,0,0.5366505923295776,0.5323033877510922
1479,2024-10-02,281.0,51.59,0,0.5366505923295776,0.534171206848546
1480,2024-10-03,285.8,52.22,0,0.5366505923295776,0.5511371539089791
1481,2024-10-04,291.8,53.44,0,0.5366505923295776,0.5412809692918388
1482,2024-10-05,291.8,53.44,0,0.5366505923295776,0.5412809692918388
1483,2024-10-06,291.8,53.44,0,0.5366505923295776,0.5412809692918388
1484,2024-10-07,293.15,53.46,0,0.5366505923295776,0.5579877233648562
1485,2024-10-08,294.2,53.18,0,0.5366505923295776,0.5800116571333116
1486,2024-10-09,293.9,52.64,0,0.5366505923295776,0.6095393413919399
1487,2024-10-10,294.5,52.73,0,0.5366505923295776,0.6035087840321014
1488,2024-10-11,297.5,52.91,0,0.5366505923295776,0.618881690196199
1489,2024-10-12,297.5,52.91,0,0.5366505923295776,0.618881690196199
1490,2024-10-13,297.5,52.91,0,0.5366505923295776,0.618881690196199
1491,2024-10-14,298.55,53.47,0,0.5366505923295776,0.6088849169840309
1492,2024-10-15,299.25,52.9,0,0.5366505923295776,0.6380391437305513
1493,2024-10-16,300.3,53.01,0,0.5366505923295776,0.6457454934001183
1494,2024-10-17,301.95,53.28,0,0.5366505923295776,0.6402958958820769
1495,2024-10-18,302.1,53.08,0,0.5366505923295776,0.6591896688501948
1496,2024-10-19,302.1,53.08,0,0.5366505923295776,0.6591896688501948
1497,2024-10-20,302.1,53.08,0,0.5366505923295776,0.6591896688501948
1498,2024-10-21,306.3,53.72,0,0.5366505923295776,0.6605920979422959
1499,2024-10-22,308.1,54.03,0,0.5366505923295776,0.6582553758653116
1500,2024-10-23,308.8,54.27,0,0.5366505923295776,0.6577365521977299
1501,2024-10-24,312.75,55.1,0,0.5366505923295776,0.6452820841866534
1502,2024-10-25,313.1,54.84,0,0.5366505923295776,0.66756989078427
1503,2024-10-26,313.1,54.84,0,0.5366505923295776,0.66756989078427
1504,2024-10-27,313.1,54.84,0,0.5366505923295776,0.66756989078427
1505,2024-10-28,314.1,55.04,0,0.5366505923295776,0.6687705186435355
1506,2024-10-29,315.7,54.77,0,0.5366505923295776,0.6955096802742871
1507,2024-10-30,318.3,55.22,0,0.5366505923295776,0.6968896267212249
1508,2024-10-31,318.6,55.11,0,0.5366505923295776,0.7095197931599386
1509,2024-11-01,320.55,54.61,0,0.5366505923295776,0.7536092773008283
1510,2024-11-02,320.55,54.61,0,0.5366505923295776,0.7536092773008283
1511,2024-11-03,320.55,54.61,0,0.5366505923295776,0.7536092773008283
1512,2024-11-04,320.8,55.56,0,0.5366505923295776,0.7121426746386553
1513,2024-11-05,320.9,55.8,0,0.5366505923295776,0.6904241371607687
1514,2024-11-06,325.5,57.3,0,0.5366505923295776,0.6530227357391247
1515,2024-11-07,326.3,57.41,0,0.5366505923295776,0.6597608854763102
1516,2024-11-08,329.05,57.2,0,0.5366505923295776,0.6834562625740127
1517,2024-11-09,329.05,57.2,0,0.5366505923295776,0.6834562625740127
1518,2024-11-10,329.05,57.2,0,0.5366505923295776,0.6834562625740127
1519,2024-11-11,334.6,57.98,0,0.5366505923295776,0.6931239429433915
1520,2024-11-12,335.15,58.11,0,0.5366505923295776,0.6894722861799405
1521,2024-11-13,339.6,58.57,0,0.5366505923295776,0.7199275636216089
1522,2024-11-14,342.2,59.21,0,0.5366505923295776,0.7107504467243353
1523,2024-11-15,342.2,59.21,0,0.5366505923295776,0.7138041016318477
1524,2024-11-16,342.2,59.21,0,0.5366505923295776,0.7138041016318477
1525,2024-11-17,342.2,59.21,0,0.5366505923295776,0.7138041016318477
1526,2024-11-18,344.2,59.92,0,0.5366505923295776,0.6885738050177352
1527,2024-11-19,344.45,59.66,0,0.5366505923295776,0.7002911655950368
1528,2024-11-20,344.45,59.66,0,0.5366505923295776,0.7019412149636308
1529,2024-11-21,347.05,59.65,0,0.5366505923295776,0.7243994401946476
1530,2024-11-22,347.55,59.82,0,0.5366505923295776,0.7171854561769754
1531,2024-11-23,347.55,59.82,0,0.5366505923295776,0.7171854561769754
1532,2024-11-24,347.55,59.82,0,0.5366505923295776,0.7171854561769754
1533,2024-11-25,349.75,60.21,0,0.5366505923295776,0.7157354986751148
1534,2024-11-26,352.0,60.62,0,0.5366505923295776,0.7217580332833218
1535,2024-11-27,352.65,59.61,0,0.5366505923295776,0.7921877286004939
1536,2024-11-28,352.65,59.61,0,0.5366505923295776,0.7921877286004939
1537,2024-11-29,351.95,58.6,0,0.5366505923295776,0.8120673567207903
1538,2024-11-30,351.95,58.6,0,0.5366505923295776,0.8120673567207903
1539,2024-12-01,351.95,58.6,0,0.5366505923295776,0.8120673567207903
1540,2024-12-02,351.8,57.98,0,0.5366505923295776,0.8608098861364871
1541,2024-12-03,336.4,55.55,0,0.5366505923295776,0.8526962972727186
1542,2024-12-04,332.35,55.03,0,0.5366505923295776,0.8509042877967321
1543,2024-12-05,323.9,53.97,0,0.5366505923295776,0.8338767462560361
1544,2024-12-06,323.7,53.18,0,0.5366505923295776,0.8791307392394243
1545,2024-12-07,323.7,53.18,0,0.5366505923295776,0.8791307392394243
1546,2024-12-08,323.7,53.18,0,0.5366505923295776,0.8791307392394243
1547,2024-12-09,322.15,52.94,0,0.5366505923295776,0.872926898875188
1548,2024-12-10,316.1,52.18,0,0.5366505923295776,0.8532747181390679
1549,2024-12-11,316.45,52.62,0,0.5366505923295776,0.801509842054309
1550,2024-12-12,316.85,52.51,0,0.5366505923295776,0.8225706074442258
1551,2024-12-13,313.8,51.94,0,0.5366505923295776,0.8514821744436327
1552,2024-12-14,313.8,51.94,0,0.5366505923295776,0.8514821744436327
1553,2024-12-15,313.8,51.94,0,0.5366505923295776,0.8514821744436327
1554,2024-12-16,309.8,50.91,0,0.5366505923295776,0.9137206164193296
1555,2024-12-17,310.9,51.1,0,0.5366505923295776,0.8881786248735659
1556,2024-12-18,315.15,50.49,0,0.5366505923295776,1.0
1557,2024-12-19,315.55,51.59,0,0.5366505923295776,0.9164658540465268
1558,2024-12-20,315.1,52.0,0,0.5366505923295776,0.8767288294298032
1559,2024-12-21,315.1,52.0,0,0.5366505923295776,0.8767288294298032
1560,2024-12-22,315.1,52.0,0,0.5366505923295776,0.8767288294298032
1561,2024-12-23,314.6,50.82,0,0.5366505923295776,0.9413402068377644
1562,2024-12-24,314.6,50.82,0,0.5366505923295776,0.9393464048507468
1563,2024-12-25,314.6,50.82,0,0.5366505923295776,0.9393464048507468
1564,2024-12-26,315.85,51.13,0,0.5366505923295776,0.9346414124378012
1565,2024-12-27,318.35,51.41,0,0.5366505923295776,0.942851941687869
1566,2024-12-28,318.35,51.41,0,0.5366505923295776,0.942851941687869
1567,2024-12-29,318.35,51.41,0,0.5366505923295776,0.942851941687869
1568,2024-12-30,317.4,51.36,0,0.5366505923295776,0.9316310274775598
1569,2024-12-31,317.4,51.36,0,0.5366505923295776,0.9316310274775598
1570,2025-01-01,317.4,51.36,0,0.9634122142899648,0.9316310274775598
1571,2025-01-02,321.55,52.16,0,0.9634122142899648,0.9161075692961766
1572,2025-01-03,321.85,52.06,0,0.9634122142899648,0.9328346533948444
1573,2025-01-04,321.85,52.06,0,0.9634122142899648,0.9328346533948444
1574,2025-01-05,321.85,52.06,0,0.9634122142899648,0.9328346533948444
1575,2025-01-06,321.85,52.65,0,0.9634122142899648,0.8943122222080362
1576,2025-01-07,322.5,52.74,0,0.9634122142899648,0.8859421987045357
1577,2025-01-08,323.7,53.0,0,0.9634122142899648,0.888590872110674
1578,2025-01-09,323.9,53.51,0,0.9634122142899648,0.8483059293845945
1579,2025-01-10,324.35,53.19,0,0.9634122142899648,0.8884730784855884
1580,2025-01-11,324.35,53.19,0,0.9634122142899648,0.8884730784855884
1581,2025-01-12,324.35,53.19,0,0.9634122142899648,0.8884730784855884
1582,2025-01-13,325.6,53.38,0,0.9634122142899648,0.8820638466417172
1583,2025-01-14,325.7,53.86,0,0.9634122142899648,0.8595906913032457
1584,2025-01-15,326.95,54.31,0,0.9634122142899648,0.8330178696761769
1585,2025-01-16,325.3,53.68,0,0.9634122142899648,0.8561114727002865
1586,2025-01-17,326.65,53.88,0,0.9634122142899648,0.8680244784063219
1587,2025-01-18,326.65,53.88,0,0.9634122142899648,0.8680244784063219
1588,2025-01-19,326.65,53.88,0,0.9634122142899648,0.8680244784063219
1589,2025-01-20,326.65,53.88,0,0.9634122142899648,0.8680244784063219
1590,2025-01-21,326.6,54.14,0,0.9634122142899648,0.8400145969262585
1591,2025-01-22,327.15,55.09,0,0.9634122142899648,0.794317579696866
1592,2025-01-23,325.4,54.99,0,0.9634122142899648,0.7846967243284974
1593,2025-01-24,325.1,54.99,0,0.9634122142899648,0.7772360908655342
1594,2025-01-25,325.1,54.99,0,0.9634122142899648,0.7772360908655342
1595,2025-01-26,325.1,54.99,0,0.9634122142899648,0.7772360908655342
1596,2025-01-27,326.7,55.27,0,0.9634122142899648,0.7670962581927674
1597,2025-01-28,325.2,55.39,0,0.9634122142899648,0.747586651789006
1598,2025-01-29,325.85,55.43,0,0.9634122142899648,0.7471494329200539
1599,2025-01-30,326.0,55.56,0,0.9634122142899648,0.7568479496249053
1600,2025-01-31,324.45,55.56,0,0.9634122142899648,0.738808213449635
1601,2025-02-01,324.45,55.56,0,0.9634122142899648,0.738808213449635
1602,2025-02-02,324.45,55.56,0,0.9634122142899648,0.738808213449635
1603,2025-02-03,326.1,56.08,0,0.9634122142899648,0.7201966299838072
1604,2025-02-04,327.1,56.71,0,0.9634122142899648,0.6921176326796477
1605,2025-02-05,325.85,56.29,0,0.9634122142899648,0.7151987840620097
1606,2025-02-06,326.9,56.66,0,0.9634122142899648,0.696199514259374
1607,2025-02-07,324.6,56.08,0,0.9634122142899648,0.7197661437207794
1608,2025-02-08,324.6,56.08,0,0.9634122142899648,0.7197661437207794
1609,2025-02-09,324.6,56.08,0,0.9634122142899648,0.7197661437207794
1610,2025-02-10,324.65,56.08,0,0.9634122142899648,0.7098942472304862
1611,2025-02-11,324.25,56.21,0,0.9634122142899648,0.6971551287542419
1612,2025-02-12,322.8,56.04,0,0.9634122142899648,0.6978987536777823
1613,2025-02-13,320.05,55.48,0,0.9634122142899648,0.6989616355559225
1614,2025-02-14,320.3,56.16,0,0.9634122142899648,0.6659530201837813
1615,2025-02-15,320.3,56.16,0,0.9634122142899648,0.6659530201837813
1616,2025-02-16,320.3,56.16,0,0.9634122142899648,0.6659530201837813
1617,2025-02-17,320.3,56.16,0,0.9634122142899648,0.6659530201837813
1618,2025-02-18,317.45,55.77,0,0.9634122142899648,0.6581515981051831
1619,2025-02-19,315.3,55.14,0,0.9634122142899648,0.6749438605398913
1620,2025-02-20,314.2,55.06,0,0.9634122142899648,0.6652754445846526
1621,2025-02-21,314.2,55.06,0,0.9634122142899648,0.6805088381345059
1622,2025-02-22,314.2,55.06,0,0.9634122142899648,0.6805088381345059
1623,2025-02-23,314.2,55.06,0,0.9634122142899648,0.6805088381345059
1624,2025-02-24,314.25,54.65,0,0.9634122142899648,0.7051393659797637
1625,2025-02-25,312.1,54.24,0,0.9634122142899648,0.6845101613311124
1626,2025-02-26,311.4,53.7,0,0.9634122142899648,0.7185290873174612
1627,2025-02-27,311.4,53.4,0,0.9634122142899648,0.7383187711548078
1628,2025-02-28,310.95,52.66,0,0.9634122142899648,0.7630120098752502
1629,2025-03-01,310.95,52.66,0,0.9634122142899648,0.7630120098752502
1630,2025-03-02,310.95,52.66,0,0.9634122142899648,0.7630120098752502
1631,2025-03-03,310.95,52.66,0,0.9634122142899648,0.7630120098752502
1632,2025-03-04,310.95,52.66,0,0.9634122142899648,0.7630120098752502
1633,2025-03-05,309.7,53.8,0,0.9634122142899648,0.6844047419052387
1634,2025-03-06,311.0,53.96,0,0.9634122142899648,0.6973675600494216
1635,2025-03-07,311.65,53.81,0,0.9634122142899648,0.7098942472304862
1636,2025-03-08,311.65,53.81,0,0.9634122142899648,0.7098942472304862
1637,2025-03-09,311.65,53.81,0,0.9634122142899648,0.7098942472304862
1638,2025-03-10,311.45,53.2,0,0.9634122142899648,0.7467123211327782
1639,2025-03-11,311.95,53.71,0,0.9634122142899648,0.7221890109691932
1640,2025-03-12,312.1,53.75,0,0.9634122142899648,0.7154671206502521
1641,2025-03-13,312.1,53.75,0,0.9634122142899648,0.7161112975298232
1642,2025-03-14,309.7,53.95,0,0.9634122142899648,0.6839304357557344
1643,2025-03-15,309.7,53.95,0,0.9634122142899648,0.6839304357557344
1644,2025-03-16,309.7,53.95,0,0.9634122142899648,0.6839304357557344
1645,2025-03-17,309.2,54.5,0,0.9634122142899648,0.6551966692376028
1646,2025-03-18,310.1,54.66,0,0.9634122142899648,0.6484771242911447
1647,2025-03-19,310.25,54.9,0,0.9634122142899648,0.6371680557930381
1648,2025-03-20,311.25,54.91,0,0.9634122142899648,0.6532296534379606
1649,2025-03-21,312.6,54.68,0,0.9634122142899648,0.6789845147315852
1650,2025-03-22,312.6,54.68,0,0.9634122142899648,0.6789845147315852
1651,2025-03-23,312.6,54.68,0,0.9634122142899648,0.6789845147315852
1652,2025-03-24,312.75,54.37,0,0.9634122142899648,0.6977393782796809
1653,2025-03-25,312.95,54.88,0,0.9634122142899648,0.6631923263013165
1654,2025-03-26,312.95,54.57,0,0.9634122142899648,0.6825609648392476
1655,2025-03-27,316.55,54.99,0,0.9634122142899648,0.6874645724387953
1656,2025-03-28,319.1,55.42,0,0.9634122142899648,0.6955096802742871
1657,2025-03-29,319.1,55.42,0,0.9634122142899648,0.6955096802742871
1658,2025-03-30,319.1,55.42,0,0.9634122142899648,0.6955096802742871
1659,2025-03-31,319.5,55.99,0,0.9634122142899648,0.6662136996379859
