,data,boi_real,CovidPeriodFlag,TEMPERATURA,ipca,selic,PIB,cme_valor,soja_real,soja_dolar,soja_futuro,milho_futuro,milho_real,milho_dolar,taxa,el_nino_encoded,soja_real_lag_1,soja_real_lag_7,soja_real_lag_28,milho_real_lag_1,milho_real_lag_7,milho_real_lag_28,soja_real_rollmean_7,soja_real_rollmean_28,milho_real_rollmean_7,milho_real_rollmean_28,boi_futuro_rollstd_7,boi_futuro_rollstd_28,soja_real_ewm_7,soja_real_ewm_28,milho_real_ewm_7,milho_real_ewm_28,CovidPeriodFlag_lag_1,CovidPeriodFlag_lag_7,CovidPeriodFlag_rollmean_7
0,2020-01-02,192.95,0,28.33,4.19,4.4,0.41,201.85,88.08,21.89,956.25,391.5,48.43,12.04,4.026,0,,,,,,,88.08,88.08,48.43,48.43,0.0,0.0,88.08,88.08,48.43,48.43,,,0.0
1,2020-01-03,196.7,0,26.0,4.19,4.4,0.41,204.55,88.91,21.94,941.5,386.5,48.91,12.07,4.0669,0,88.08,,,48.43,,,88.495,88.495,48.67,48.67,0.5300000000000011,0.5300000000000011,88.2875,88.13724137931034,48.55,48.46310344827586,0.0,,0.0
2,2020-01-04,196.6,0,25.95,4.19,4.4,0.41,204.83,88.68666666666667,21.85333333333333,942.5833333333334,385.9166666666667,48.93666666666667,12.056666666666668,4.065133333333334,0,88.91,,,48.91,,,88.55888888888889,88.55888888888889,48.75888888888889,48.75888888888889,0.4588014444529351,0.4588014444529351,88.38729166666666,88.17513277843835,48.64666666666666,48.49576298057867,0.0,,0.0
3,2020-01-05,196.5,0,28.1,4.19,4.4,0.41,205.11,88.46333333333332,21.766666666666666,943.6666666666666,385.3333333333333,48.96333333333333,12.043333333333331,4.063366666666667,0,88.68666666666667,,,48.93666666666667,,,88.535,88.535,48.81,48.81,0.6099977231287176,0.6099977231287176,88.40630208333332,88.19500867877593,48.72583333333333,48.52800921180313,0.0,,0.0
4,2020-01-06,196.4,0,27.04,4.19,4.4,0.41,205.39,88.24,21.68,944.75,384.75,48.99,12.03,4.0616,0,88.46333333333332,,,48.96333333333333,,,88.476,88.476,48.846,48.846,0.8578588332457592,0.8578588332457592,88.36472656249998,88.19811152851553,48.791875000000005,48.55987064547188,0.0,,0.0
5,2020-01-07,196.6,0,27.0,4.19,4.4,0.41,204.99,88.02,21.68,944.0,384.5,49.31,12.15,4.0676,0,88.24,,,48.99,,,88.39999999999999,88.39999999999999,48.92333333333334,48.92333333333334,0.8118058288185055,0.8118058288185055,88.27854492187498,88.1858279748248,48.92140625,48.61160370440485,0.0,,0.0
6,2020-01-08,196.7,0,30.2,4.19,4.4,0.41,206.1,88.13,21.76,947.25,384.25,50.26,12.41,4.0647,0,88.02,,,49.31,,,88.36142857142856,88.36142857142856,49.114285714285714,49.114285714285714,0.7588017167557479,0.7588017167557479,88.24140869140624,88.18197776966447,49.2560546875,48.72528620754935,0.0,,0.0
7,2020-01-09,198.45,0,30.83,4.19,4.4,0.41,208.47,88.19,21.58,943.5,383.25,51.5,12.6,4.0925,0,88.13,88.08,,50.26,48.43,,88.37714285714284,88.34,49.55285714285714,49.4125,0.774317635375502,0.7393442101694633,88.22855651855467,88.18253102692898,49.817041015624994,48.91664577944249,0.0,0.0,0.0
8,2020-01-10,196.25,0,33.02,4.19,4.4,0.41,205.09,88.06,21.58,946.0,385.75,51.56,12.64,4.096,0,88.19,88.91,,51.5,48.91,,88.25571428571428,88.30888888888889,49.931428571428576,49.65111111111111,0.5731193240828397,0.7997484172314404,88.186417388916,88.1740806112787,50.252780761718746,49.09894607051542,0.0,0.0,0.0
9,2020-01-11,196.26666666666668,0,29.48,4.19,4.4,0.41,204.7733333333333,88.22666666666667,21.523333333333333,944.75,387.0,51.53333333333333,12.573333333333334,4.112866666666667,0,88.06,88.68666666666667,,51.56,48.93666666666667,,88.19000000000001,88.30066666666667,50.30238095238095,49.83933333333333,0.4027524348896011,0.797489742184114,88.19647970835368,88.1777072357882,50.57291890462239,49.266834847261485,0.0,0.0,0.0
10,2020-01-12,196.28333333333333,0,31.47,4.19,4.4,0.41,204.45666666666665,88.39333333333333,21.466666666666665,943.5,388.25,51.50666666666667,12.506666666666666,4.129733333333333,0,88.22666666666667,88.46333333333332,,51.53333333333333,48.96333333333333,,88.17999999999999,88.30909090909091,50.66571428571428,49.99090909090909,0.3670288872576792,0.7711587169697883,88.2456931145986,88.19257800113616,50.80635584513346,49.42130600722046,0.0,0.0,0.0
11,2020-01-13,196.3,0,26.76,4.19,4.4,0.41,204.14,88.56,21.41,942.25,389.5,51.48,12.44,4.1466,0,88.39333333333333,88.24,,51.50666666666667,48.99,,88.22571428571428,88.33,51.021428571428565,50.115,0.346139054280124,0.7390283911751695,88.32426983594895,88.21791744933367,50.974766883850094,49.56328490327422,0.0,0.0,0.0
12,2020-01-14,193.95,0,33.92,4.19,4.4,0.41,203.56,88.96,21.55,942.25,389.0,51.7,12.52,4.1326,0,88.56,88.02,,51.48,49.31,,88.36,88.37846153846155,51.36285714285714,50.23692307692308,0.3293159267205511,0.718257076637173,88.48320237696171,88.26909555627617,51.156075162887575,49.71064456511738,0.0,0.0,0.0
13,2020-01-15,194.25,0,34.2,4.19,4.4,0.41,205.01,88.75,21.25,942.0,387.5,52.2,12.5,4.1753,0,88.96,88.13,,51.7,50.26,,88.44857142857143,88.405,51.64,50.37714285714286,0.2851422845685243,0.6928827110320774,88.54990178272129,88.30226137998126,51.41705637216568,49.8823242502817,0.0,0.0,0.0
14,2020-01-16,192.15,0,33.5,4.19,4.4,0.41,207.15,87.53,20.87,937.25,375.5,51.99,12.4,4.1847,0,88.75,88.19,,52.2,51.5,,88.35428571428572,88.34666666666666,51.71,50.48466666666666,0.3893479635681617,0.6755038722919936,88.29492633704098,88.24900197446532,51.560292279124255,50.02768119853813,0.0,0.0,0.0
15,2020-01-17,192.5,0,27.1,4.19,4.4,0.41,206.86,87.4,21.01,943.0,389.25,51.77,12.44,4.1616,0,87.53,88.06,,51.99,51.56,,88.26,88.2875,51.74,50.565,0.3135445806924778,0.6545890356212457,88.07119475278074,88.19045011415737,51.61271920934319,50.147841115880325,0.0,0.0,0.0
16,2020-01-18,192.025,0,33.68,4.19,4.4,0.41,206.86,87.4675,20.975,939.6875,388.8125,51.7425,12.405,4.174275,0,87.4,88.22666666666667,,51.77,51.53333333333333,,88.15154761904762,88.23926470588235,51.76988095238096,50.63426470588235,0.2489401001634379,0.635437922479955,87.92027106458556,88.1405914855948,51.64516440700739,50.2578175906472,0.0,0.0,0.0
17,2020-01-19,191.55,0,31.33,4.19,4.4,0.41,206.86,87.535,20.94,936.375,388.375,51.715,12.37,4.18695,0,87.4675,88.39333333333333,,51.7425,51.50666666666667,,88.02892857142857,88.20013888888889,51.799642857142864,50.69430555555556,0.2161095007780278,0.6178196334991586,87.82395329843916,88.09882655555377,51.66262330525554,50.35831292922325,0.0,0.0,0.0
18,2020-01-20,191.075,0,29.58,4.19,4.4,0.41,206.86,87.6025,20.905,933.0625,387.9375,51.6875,12.335,4.199625,0,87.535,88.56,,51.715,51.48,,87.89214285714284,88.16868421052631,51.82928571428572,50.74657894736843,0.2140039814621015,0.6015437812369457,87.76858997382938,88.06459713792937,51.668842478941656,50.44998100306992,0.0,0.0,0.0
19,2020-01-21,190.6,0,31.2,4.19,4.4,0.41,206.86,87.67,20.87,929.75,387.5,51.66,12.3,4.2123,0,87.6025,88.96,,51.6875,51.7,,87.70785714285715,88.14375,51.82357142857144,50.79225,0.1286180471038872,0.5864518368497472,87.74394248037204,88.0373835422101,51.66663185920624,50.5334305890651,0.0,0.0,0.0
20,2020-01-22,194.05,0,27.15,4.19,4.4,0.41,207.48,87.41,20.93,927.5,388.75,51.74,12.39,4.1826,0,87.67,88.75,,51.66,52.2,,87.51642857142858,88.10880952380953,51.75785714285716,50.83738095238096,0.1006800853785832,0.5751097285948246,87.66045686027903,87.99411571171285,51.684973894404685,50.61664227257785,0.0,0.0,0.0
21,2020-01-23,191.2,0,27.33,4.19,4.4,0.41,208.24,86.23,20.7,923.25,393.75,51.49,12.36,4.1703,0,87.41,87.53,,51.74,51.99,,87.3307142857143,88.02340909090908,51.68642857142857,50.867045454545455,0.5857001304909736,0.6701228078450426,87.30284264520927,87.87245255918093,51.63623042080352,50.67687383998627,0.0,0.0,0.0
22,2020-01-24,187.0,0,27.76,4.19,4.4,0.41,209.24,86.0,20.55,915.75,387.25,51.42,12.28,4.1814,0,86.23,87.4,,51.49,51.77,,87.13071428571428,87.9354347826087,51.63642857142857,50.89108695652175,0.7136309498985184,0.722697938224461,86.97713198390696,87.74331789992706,51.58217281560263,50.72812391998722,0.0,0.0,0.0
23,2020-01-26,189.46666666666667,0,28.53,4.19,4.4,0.41,211.74,85.95333333333333,20.476666666666667,912.5833333333334,382.75,51.653333333333336,12.3,4.198733333333333,0,86.0,87.4675,,51.42,51.7425,,86.91440476190476,87.85284722222222,51.62369047619048,50.922847222222224,1.1635591875762863,0.9485346555939124,86.72118232126356,87.61987068843784,51.59996294503531,50.791931465735225,0.0,0.0,0.0
24,2020-01-27,190.7,0,29.09,4.19,4.4,0.41,212.99,85.93,20.44,911.0,380.5,51.77,12.31,4.2074,0,85.95333333333333,87.535,,51.653333333333336,51.715,,86.68511904761905,87.77593333333334,51.63154761904762,50.95673333333333,1.5210577739522757,1.2028366814419291,86.52338674094767,87.50332788233867,51.64247220877648,50.85938446809831,0.0,0.0,0.0
25,2020-01-28,189.7,0,28.88,4.19,4.4,0.41,213.21,85.81,20.46,909.0,386.5,51.91,12.38,4.1943,0,85.93,87.6025,,51.77,51.6875,,86.42904761904764,87.70032051282053,51.66333333333333,50.99339743589744,1.6235029734379451,1.391668399885542,86.34504005571075,87.38654664907394,51.70935415658236,50.93184071167773,0.0,0.0,0.0
26,2020-01-29,186.1,0,28.38,4.19,4.4,0.41,213.58,85.99,20.37,907.0,384.25,51.54,12.21,4.2303,0,85.81,87.67,,51.91,51.66,,86.18904761904761,87.63697530864198,51.64619047619048,51.01364197530864,1.5531052940550052,1.5692479507232016,86.25628004178307,87.29023308706884,51.66701561743677,50.97378273156202,0.0,0.0,0.0
27,2020-01-30,191.1,0,32.0,4.19,4.4,0.41,218.78,85.75,20.12,890.5,379.5,51.28,12.03,4.243,0,85.99,87.41,,51.54,51.74,,85.95190476190477,87.56958333333333,51.58047619047619,51.02315476190476,1.226731179906578,1.7033820576670688,86.12971003133731,87.18401011554684,51.57026171307758,50.994901163868086,0.0,0.0,0.0
28,2020-01-31,190.8,0,31.93,4.19,4.4,0.41,217.11,85.33,19.92,886.75,381.25,51.16,11.94,4.282,0,85.75,86.23,88.08,51.28,51.49,48.43,85.82333333333334,87.47136904761905,51.53333333333334,51.12065476190476,1.096484797689638,1.8699035659484484,85.92978252350298,87.0561473489574,51.46769628480818,51.00628729049787,0.0,0.0,0.0
29,2020-02-01,192.6,0,32.84,4.01,4.4,0.41,216.2633333333333,85.13,19.92666666666667,888.0833333333334,380.4166666666667,51.06,11.95,4.270533333333334,0,85.33,86.0,88.91,51.16,51.42,48.91,85.69904761904762,87.33636904761906,51.481904761904765,51.19744047619048,0.5476948187743975,2.003774974275811,85.72983689262723,86.92330960075343,51.365772213606135,51.00999161529112,0.0,0.0,0.0
30,2020-02-02,194.4,0,34.04,4.01,4.4,0.41,215.41666666666663,84.93,19.933333333333334,889.4166666666666,379.5833333333333,50.96,11.96,4.259066666666667,0,85.13,85.95333333333333,88.68666666666667,51.06,51.653333333333336,48.93666666666667,85.55285714285715,87.20220238095237,51.382857142857134,51.26970238095238,0.3051916612773367,2.117073901080468,85.52987766947042,86.78583997311526,51.2643291602046,51.00654391768483,0.0,0.0,0.0
31,2020-02-03,196.2,0,30.44,4.01,4.4,0.41,214.57,84.73,19.94,890.75,378.75,50.86,11.97,4.2476,0,84.93,85.93,88.46333333333332,50.96,51.77,48.96333333333333,85.38142857142859,87.06886904761905,51.25285714285714,51.33744047619047,0.2325526297925295,2.196063320546904,85.32990825210283,86.64405790600387,51.16324687015346,50.99643744060312,0.0,0.0,0.0
32,2020-02-04,193.45,0,27.36,4.01,4.4,0.41,215.54,85.13,20.0,893.0,382.25,50.07,11.76,4.2545,0,84.73,85.81,88.24,50.86,51.91,48.99,85.28428571428572,86.95779761904761,50.99,51.37601190476191,0.1331835893815709,2.2339419741582183,85.27993118907712,86.53964011938291,50.889935152615095,50.93254520332014,0.0,0.0,0.0
33,2020-02-05,192.85,0,27.82,4.01,4.4,0.41,213.43,85.57,20.16,893.5,380.75,50.17,11.82,4.2353,0,85.13,85.99,88.02,50.07,51.54,49.31,85.2242857142857,86.87029761904762,50.794285714285714,51.40672619047619,0.315230901946133,2.3263556268140357,85.35244839180784,86.47276838701167,50.70995136446132,50.87995587895323,0.0,0.0,0.0
34,2020-02-06,194.5,0,26.89,4.01,4.15,0.41,212.63,85.7,20.04,894.75,379.25,50.13,11.72,4.2822,0,85.57,85.75,88.13,50.17,51.28,50.26,85.21714285714286,86.78351190476191,50.63,51.40208333333334,0.3052451525813631,2.384182529871121,85.43933629385587,86.41947401549362,50.56496352334599,50.82823478385301,0.0,0.0,0.0
35,2020-02-07,195.4,0,25.36,4.01,4.15,0.41,213.2,86.79,20.1,895.0,383.5,50.71,11.74,4.3203,0,85.7,85.33,88.19,50.13,51.16,51.5,85.42571428571429,86.73351190476191,50.56571428571429,51.37386904761905,0.3055124686171447,2.404244788371044,85.7770022203919,86.44502753166647,50.60122264250949,50.820080660828665,0.0,0.0,0.0
36,2020-02-08,195.5,0,24.8,4.01,4.15,0.41,213.25666666666663,86.89,20.11,895.75,382.9166666666667,50.766666666666666,11.746666666666666,4.3218,0,86.79,85.13,88.06,50.71,51.06,51.56,85.67714285714285,86.6917261904762,50.523809523809526,51.34553571428573,0.3268096313562481,2.390833959455089,86.05525166529392,86.47571528810326,50.64258364854878,50.81639693709336,0.0,0.0,0.0
37,2020-02-09,195.6,0,25.2,4.01,4.15,0.41,213.31333333333333,86.99000000000001,20.12,896.5,382.3333333333333,50.82333333333334,11.753333333333334,4.3233,0,86.89,84.93,88.22666666666667,50.766666666666666,50.96,51.53333333333333,85.97142857142856,86.64755952380952,50.50428571428572,51.32017857142857,0.3717312563989466,2.385596893349066,86.28893874897045,86.51118319926856,50.68777106974491,50.81687530924784,0.0,0.0,0.0
38,2020-02-10,195.7,0,29.58,4.01,4.15,0.41,213.37,87.09,20.13,897.25,381.75,50.88,11.76,4.3248,0,86.99000000000001,84.73,88.39333333333333,50.82333333333334,50.86,51.50666666666667,86.30857142857143,86.6010119047619,50.50714285714286,51.29779761904762,0.4103413766015786,2.3885381783411885,86.48920406172783,86.551101599319,50.73582830230868,50.821228736196254,0.0,0.0,0.0
39,2020-02-11,194.15,0,33.7,4.01,4.15,0.41,211.65,87.31,20.18,897.25,379.75,51.11,11.81,4.3316,0,87.09,85.13,88.56,50.88,50.07,51.48,86.61999999999999,86.55636904761904,50.65571428571429,51.28458333333334,0.6946298709357112,2.447552210530143,86.69440304629588,86.60343942005561,50.82937122673151,50.84114399576893,0.0,0.0,0.0
40,2020-02-12,197.55,0,24.45,4.01,4.15,0.41,207.64,87.69,20.17,903.5,383.0,51.63,11.88,4.3548,0,87.31,85.57,88.96,51.11,50.17,51.7,86.92285714285715,86.5110119047619,50.864285714285714,51.28208333333334,0.896011823698996,2.46769060911586,86.94330228472191,86.67837463246556,51.02952842004864,50.89554785812969,0.0,0.0,0.0
41,2020-02-13,195.55,0,31.18,4.01,4.15,0.41,208.31,88.34,20.34,906.0,379.5,51.8,11.92,4.3498,0,87.69,85.7,88.75,51.63,50.13,52.2,87.3,86.49636904761904,51.10285714285715,51.26779761904762,0.8798912528147,2.4449930449671324,87.29247671354145,86.79296948539897,51.22214631503648,50.95792386791385,0.0,0.0,0.0
42,2020-02-14,196.55,0,34.13,4.01,4.15,0.41,213.13,88.57,20.6,903.25,377.75,52.13,12.12,4.2974,0,88.34,86.79,87.53,51.8,50.71,51.99,87.55428571428571,86.53351190476191,51.30571428571428,51.272797619047616,0.7936768249697779,2.375188034834716,87.61185753515609,86.91552331399214,51.44910973627736,51.03875670460944,0.0,0.0,0.0
43,2020-02-15,196.675,0,33.56,4.01,4.15,0.41,213.19,88.6,20.5375,903.0,379.0625,52.16,12.0875,4.311975,0,88.57,86.89,87.4,52.13,50.766666666666666,51.77,87.79857142857144,86.57636904761905,51.5047619047619,51.2867261904762,0.7921103840652491,2.270308011032621,87.85889315136706,87.03169411992371,51.62683230220802,51.11608382842948,0.0,0.0,0.0
44,2020-02-16,196.8,0,30.66,4.01,4.15,0.41,213.25,88.63,20.475,902.75,380.375,52.19,12.055,4.326549999999999,0,88.6,86.99000000000001,87.4675,52.16,50.82333333333334,51.7425,88.03285714285714,86.6178869047619,51.7,51.302708333333335,0.860141925877843,2.1401005765168377,88.05166986352529,87.1419221116531,51.76762422665602,51.19014701267572,0.0,0.0,0.0
45,2020-02-17,196.925,0,27.5,4.01,4.15,0.41,213.31,88.66,20.4125,902.5,381.6875,52.22,12.0225,4.341125,0,88.63,87.09,87.535,52.19,50.88,51.715,88.25714285714285,86.65806547619047,51.89142857142857,51.32074404761905,0.9543197972954308,1.9813809549827648,88.20375239764397,87.24661713843565,51.880718169992015,51.26117135662912,0.0,0.0,0.0
46,2020-02-18,197.05,0,30.07,4.01,4.15,0.41,213.37,88.69,20.35,902.25,383.0,52.25,11.99,4.3557,0,88.66,87.31,87.6025,52.22,51.11,51.6875,88.45428571428572,86.69690476190476,52.05428571428571,51.34083333333334,0.897322405827361,1.788525859036157,88.32531429823298,87.34616078406079,51.97303862749401,51.329366435482285,0.0,0.0,0.0
47,2020-02-19,193.1,0,29.29,4.01,4.15,0.41,207.5,88.54,20.27,905.5,380.5,52.42,12.0,4.3649,0,88.69,87.69,87.67,52.25,51.63,51.66,88.57571428571428,86.72797619047618,52.167142857142856,51.36797619047619,0.6247724075407869,1.5519232374172287,88.37898572367475,87.42849452309108,52.084778970620505,51.40458254338006,0.0,0.0,0.0
48,2020-02-20,202.85,0,29.0,4.01,4.15,0.41,209.0,89.06,20.3,901.0,378.5,52.27,11.92,4.3933,0,88.54,88.34,87.41,52.42,51.8,51.74,88.67857142857143,86.78690476190476,52.23428571428571,51.38690476190476,0.4132792577637877,1.2974670523147611,88.54923929275606,87.54101214218824,52.13108422796538,51.46426650590557,0.0,0.0,0.0
49,2020-02-21,198.4,0,29.2,4.01,4.15,0.41,208.83,88.8,20.23,899.0,377.0,52.32,11.92,4.3895,0,89.06,88.57,86.23,52.27,52.13,51.49,88.71142857142857,86.87869047619049,52.26142857142857,51.41654761904762,0.6137720028059205,1.1640172069023669,88.61192946956704,87.62783889100284,52.17831317097404,51.523282608946566,0.0,0.0,0.0
50,2020-02-22,199.28,0,28.62,4.01,4.15,0.41,208.98666666666668,88.77199999999999,20.178,893.5,375.4166666666667,52.43,11.918,4.388933333333333,0,88.8,88.6,86.0,52.32,52.16,51.42,88.73599999999999,86.97769047619047,52.3,51.452619047619045,0.9318213731334878,1.0131189371773013,88.65194710217528,87.70674655369228,52.24123487823053,51.58581484281232,0.0,0.0,0.0
51,2020-02-23,200.16,0,30.46,4.01,4.15,0.41,209.1433333333333,88.744,20.126,888.0,373.8333333333333,52.54,11.916,4.388366666666667,0,88.77199999999999,88.63,85.95333333333333,52.43,52.19,51.653333333333336,88.7522857142857,87.07735714285715,52.35,51.48428571428571,1.2628635508527168,1.07673694412964,88.67496032663146,87.7782812741273,52.315926158672895,51.65162071572181,0.0,0.0,0.0
52,2020-02-24,201.04,0,28.61,4.01,4.15,0.41,209.3,88.716,20.074,882.5,372.25,52.65,11.914,4.3878,0,88.744,88.66,85.93,52.54,52.22,51.77,88.76028571428571,87.17685714285713,52.41142857142857,51.51571428571429,1.5393316569580178,1.247313520443911,88.6852202449736,87.84295153108403,52.39944461900468,51.72047445946514,0.0,0.0,0.0
53,2020-02-25,201.92,0,32.06,4.01,4.15,0.41,208.32,88.688,20.022,888.25,372.5,52.76,11.912,4.3878,0,88.716,88.69,85.81,52.65,52.25,51.91,88.75999999999999,87.27964285714286,52.48428571428571,51.54607142857143,1.949723976045356,1.5834946491846558,88.6859151837302,87.90123073583685,52.48958346425351,51.792165876053744,0.0,0.0,0.0
54,2020-02-26,202.8,0,28.0,4.01,4.15,0.41,220.18,88.66,19.97,892.0,370.5,52.87,11.91,4.4502,0,88.688,88.54,85.99,52.76,52.42,51.54,88.77714285714285,87.375,52.54857142857143,51.59357142857143,2.1254481186834497,1.9384900230082491,88.67943638779764,87.95355965060672,52.58468759819013,51.8664992639121,0.0,0.0,0.0
55,2020-02-27,202.05,0,31.82,4.01,4.15,0.41,210.39,88.84,19.88,895.0,364.5,53.3,11.92,4.4861,0,88.66,89.06,85.75,52.87,52.27,51.28,88.74571428571427,87.48535714285715,52.69571428571429,51.66571428571429,2.4202941107985074,2.349913849466555,88.71957729084824,88.01469346780627,52.76351569864259,51.965361383642296,0.0,0.0,0.0
56,2020-02-28,201.75,0,28.23,4.01,4.15,0.41,198.82,89.86,20.0,892.75,366.5,53.25,11.85,4.4733,0,88.84,88.8,85.33,53.3,52.32,51.16,88.89714285714285,87.64714285714285,52.82857142857143,51.74035714285714,2.31067158518959,2.663771244452463,89.00468296813618,88.14195598726789,52.88513677398194,52.05395715028766,0.0,0.0,0.0
57,2020-02-29,202.55,0,27.51,4.01,4.15,0.41,202.34666666666664,90.00666666666666,20.043333333333333,895.5,369.25,53.35,11.88,4.473533333333333,0,89.86,88.77199999999999,85.13,53.25,52.43,51.06,89.07352380952382,87.82130952380953,52.96,51.82214285714286,2.141279736877911,2.9791099639006515,89.2551788927688,88.27055672377816,53.00135258048645,52.14333941578506,0.0,0.0,0.0
58,2020-03-01,203.35,0,28.57,3.3,4.15,0.41,205.8733333333333,90.15333333333334,20.086666666666662,898.25,372.0,53.45,11.91,4.473766666666667,0,90.00666666666666,88.744,84.93,53.35,52.54,50.96,89.27485714285714,88.00785714285715,53.09,51.91107142857143,1.9014012019064883,3.292650507947705,89.47971750290992,88.4004033865061,53.113514435364834,52.23345393883436,0.0,0.0,0.0
59,2020-03-02,204.15,0,28.18,3.3,4.15,0.41,209.4,90.3,20.13,901.0,374.75,53.55,11.94,4.474,0,90.15333333333334,88.716,84.73,53.45,52.65,50.86,89.50114285714287,88.20678571428572,53.21857142857142,52.00714285714286,1.5650650374433848,3.601300844924162,89.68478812718244,88.53141004950567,53.22263582652363,52.32425021891475,0.0,0.0,0.0
60,2020-03-03,202.1,0,29.41,3.3,4.15,0.41,216.07,90.83,20.14,903.5,381.75,53.81,11.93,4.5144,0,90.3,88.688,85.13,53.55,52.76,50.07,89.80714285714285,88.41035714285715,53.36857142857144,52.14071428571428,1.3593260635100757,3.847048752249188,89.97109109538683,88.68993349436734,53.36947686989272,52.42671572105856,0.0,0.0,0.0
61,2020-03-04,202.0,0,28.33,3.3,4.15,0.41,223.63,91.57,20.0,907.25,387.0,54.18,11.83,4.5847,0,90.83,88.66,85.57,53.81,52.87,50.17,90.22285714285717,88.62464285714285,53.55571428571428,52.283928571428575,0.9860723987158292,3.993255432491235,90.37081832154011,88.88855877061786,53.57210765241955,52.54763187822693,0.0,0.0,0.0
62,2020-03-05,201.2,0,29.12,3.3,4.15,0.41,221.82,92.37,19.87,897.0,384.5,54.69,11.77,4.6073,0,91.57,88.84,85.7,54.18,53.3,50.13,90.72714285714288,88.86285714285714,53.75428571428571,52.44678571428572,1.2256476838377703,4.255945201875322,90.87061374115508,89.12865816574767,53.851580739314656,52.69538140386645,0.0,0.0,0.0
63,2020-03-06,203.25,0,26.71,3.3,4.15,0.41,216.26,92.8,20.05,891.25,377.25,55.3,11.95,4.6269,0,92.37,89.86,86.79,54.69,53.25,50.71,91.14714285714284,89.0775,54.04714285714285,52.61071428571428,1.9185474947977608,4.664746796302066,91.35296030586632,89.3818541543168,54.21368555448599,52.87501027256531,0.0,0.0,0.0
64,2020-03-07,201.96666666666667,0,26.44,3.3,4.15,0.41,212.47666666666663,92.71666666666668,19.87,884.1666666666666,376.25,55.38333333333333,11.87,4.658966666666666,0,92.8,90.00666666666666,86.89,55.3,53.35,50.766666666666666,91.53428571428572,89.28559523809523,54.33761904761905,52.77559523809524,2.389252010581305,5.064954161800348,91.69388689606642,89.61184122413403,54.50609749919782,53.04799806985966,0.0,0.0,0.0
65,2020-03-08,200.6833333333333,0,29.02,3.3,4.15,0.41,208.69333333333333,92.63333333333333,19.69,877.0833333333334,375.25,55.46666666666666,11.79,4.691033333333333,0,92.71666666666668,90.15333333333334,86.99000000000001,55.38333333333333,53.45,50.82333333333334,91.88857142857144,89.48714285714286,54.62571428571429,52.94142857142857,2.7468013143138226,5.456720003887052,91.92874850538314,89.8202199902857,54.74623979106503,53.21480280067393,0.0,0.0,0.0
66,2020-03-09,199.4,0,28.28,3.3,4.15,0.41,204.91,92.55,19.51,870.0,374.25,55.55,11.71,4.7231,0,92.63333333333333,90.3,87.09,55.46666666666666,53.55,50.88,92.21,89.68214285714285,54.91142857142857,53.10821428571428,3.0245558134177823,5.839864417527751,92.08406137903737,90.00848068061082,54.94717984329877,53.37585088338607,0.0,0.0,0.0
67,2020-03-10,202.7,0,29.16,3.3,4.15,0.41,207.01,92.32,19.88,876.25,380.0,55.83,12.02,4.6425,0,92.55,90.83,87.31,55.55,53.81,51.11,92.42285714285715,89.86107142857142,55.2,53.27678571428572,2.7094428810406943,6.022677707818137,92.14304603427802,90.16789580608594,55.16788488247407,53.545102546600816,0.0,0.0,0.0
68,2020-03-11,203.25,1,29.29,3.3,4.15,0.41,194.68,92.86,19.62,873.25,379.25,56.77,11.99,4.8136,0,92.32,91.57,87.69,55.83,54.18,51.63,92.60714285714286,90.04571428571428,55.57,53.46035714285714,1.843471412328102,6.294242780542607,92.32228452570853,90.35355816428692,55.56841366185555,53.76750926752489,0.0,0.0,0.1428571428571428
69,2020-03-12,204.35,1,27.62,3.3,4.15,0.41,172.31,93.23,19.35,859.5,369.75,57.59,11.95,4.791,0,92.86,92.37,88.34,56.77,54.69,51.8,92.73,90.22035714285714,55.98428571428571,53.66714285714285,1.799300065475984,6.675239225003466,92.5492133942814,90.5519334633016,56.07381024639167,54.03112931804041,1.0,0.0,0.2857142857142857
70,2020-03-13,204.7,1,30.5,3.3,4.15,0.41,182.01,92.18,19.0,848.75,370.75,57.58,11.87,4.858,0,93.23,92.8,88.57,57.59,55.3,52.13,92.64142857142858,90.34928571428571,56.31,53.86178571428572,3.1477246578346305,7.237171873130333,92.45691004571104,90.6642139141084,56.450357684793744,54.27587902024452,1.0,0.0,0.4285714285714285
71,2020-03-14,204.7,1,30.4,3.3,4.15,0.41,170.85333333333332,92.51333333333334,18.843333333333334,842.6666666666666,365.4166666666667,57.77333333333333,11.766666666666666,4.9054,0,92.18,92.71666666666668,88.6,57.58,55.38333333333333,52.16,92.61238095238096,90.48904761904762,56.651428571428575,54.062261904761904,3.957660386763824,7.739798196482279,92.4710158676166,90.79173939129632,56.78110159692864,54.51708276597478,1.0,0.0,0.5714285714285714
72,2020-03-15,204.7,1,28.18,3.3,4.15,0.41,159.69666666666666,92.84666666666668,18.686666666666667,836.5833333333334,360.0833333333333,57.96666666666666,11.663333333333334,4.9528,0,92.51333333333334,92.63333333333333,88.63,57.77333333333333,55.46666666666666,52.19,92.64285714285714,90.63964285714285,57.00857142857142,54.26857142857143,4.508102053745255,8.183371809564445,92.56492856737913,90.93345851373564,57.07749286436315,54.75498510395353,1.0,0.0,0.7142857142857143
73,2020-03-16,204.7,1,28.08,3.3,4.15,0.41,148.54,93.18,18.53,830.5,354.75,58.16,11.56,5.0002,0,92.84666666666668,92.55,88.66,57.96666666666666,55.55,52.22,92.73285714285716,90.80107142857145,57.38142857142857,54.480714285714285,4.868193777736702,8.56600513191921,92.71869642553436,91.08839240934007,57.348119648272366,54.98981371747397,1.0,0.0,0.8571428571428571
74,2020-03-17,199.4,1,31.26,3.3,4.15,0.41,166.02,94.56,18.91,831.0,344.0,58.41,11.68,5.0084,0,93.18,92.32,88.69,58.16,55.83,52.25,93.05285714285716,91.01071428571429,57.75,54.70071428571429,3.678259965238996,8.540114864845789,93.17902231915076,91.32781362248905,57.61358973620428,55.22568863351025,1.0,0.0,1.0
75,2020-03-18,187.4,1,31.43,3.3,4.15,0.41,142.97,94.69,18.11,832.75,335.25,57.75,11.05,5.1064,0,94.56,92.86,88.54,58.41,56.77,52.42,93.31428571428572,91.23035714285716,57.89,54.89107142857143,2.6726896268118447,8.657581947060388,93.55676673936308,91.559688545076,57.6476923021532,55.39977907257851,1.0,1.0,1.0
76,2020-03-19,189.25,1,31.9,3.3,3.65,0.41,155.22,95.84,18.8,848.0,345.5,58.27,11.43,5.0957,0,94.69,93.23,89.06,57.75,57.59,52.27,93.68714285714285,91.4725,57.98714285714285,55.10535714285714,1.6200870612919396,8.564336391287243,94.12757505452232,91.85488243851904,57.80326922661491,55.597725343435165,1.0,1.0,1.0
77,2020-03-20,197.85,1,28.93,3.3,3.65,0.41,158.41,96.7,19.15,864.75,343.75,59.04,11.69,5.0627,0,95.84,92.18,88.8,58.27,57.58,52.32,94.33285714285716,91.75464285714284,58.19571428571429,55.34535714285714,2.2612522367047685,8.268668367586576,94.77068129089172,92.18902847724183,58.11245191996118,55.835123595612046,1.0,1.0,1.0
78,2020-03-21,198.45,1,28.51,3.3,3.65,0.41,152.12,96.6,19.02,871.6666666666666,343.6666666666667,58.9,11.596666666666666,5.089933333333334,0,96.7,92.51333333333334,88.77199999999999,59.04,57.77333333333333,52.43,94.91666666666669,92.03421428571428,58.35666666666667,55.57642857142857,2.885578497512058,7.924453932272812,95.2280109681688,92.49323340984586,58.309338939970885,56.04649438212156,1.0,1.0,1.0
79,2020-03-22,199.05,1,27.84,3.3,3.65,0.41,145.82999999999998,96.5,18.89,878.5833333333334,343.5833333333333,58.76,11.503333333333334,5.117166666666667,0,96.6,92.84666666666668,88.744,58.9,57.96666666666666,52.54,95.43857142857144,92.31121428571429,58.46999999999999,55.79857142857144,3.263293065700799,7.544433565238156,95.5460082261266,92.76956214020132,58.422004204978165,56.23363270059593,1.0,1.0,1.0
80,2020-03-23,199.65,1,30.6,3.3,3.65,0.41,139.54,96.4,18.76,885.5,343.5,58.62,11.41,5.1444,0,96.5,93.18,88.716,58.76,58.16,52.65,95.89857142857144,92.58564285714286,58.535714285714285,56.01178571428572,3.1383246538003298,7.14142263373043,95.75950616959494,93.01993716501502,58.47150315373362,56.39820975572725,1.0,1.0,1.0
81,2020-03-24,195.05,1,27.6,3.3,3.65,0.41,152.26,98.01,19.25,887.5,347.25,59.55,11.69,5.0983,0,96.4,94.56,88.688,58.62,58.41,52.76,96.39142857142858,92.91857142857144,58.69857142857144,56.25428571428571,4.210591601265913,6.819032704825191,96.3221296271962,93.36407942949674,58.741127365300216,56.615574600159846,1.0,1.0,1.0
82,2020-03-25,199.5,1,28.22,3.3,3.65,0.41,156.33,99.69,19.89,884.75,348.5,59.49,11.87,5.0353,0,98.01,94.69,88.66,59.55,57.75,52.87,97.10571428571428,93.3125,58.94714285714286,56.49071428571428,4.194712415040636,6.577999064901337,97.16409722039715,93.80034981366938,58.92834552397517,56.81381083463158,1.0,1.0,1.0
83,2020-03-26,201.85,1,28.38,3.3,3.65,0.41,174.84,98.55,19.69,884.75,348.75,59.21,11.83,5.0212,0,99.69,95.84,88.84,59.49,58.27,53.3,97.49285714285716,93.65928571428572,59.08142857142857,56.70178571428571,3.4454939517327148,6.338980466605499,97.51057291529789,94.12791189548528,58.99875914298138,56.979065259829405,1.0,1.0,1.0
84,2020-03-27,200.5,1,29.96,3.3,3.65,0.41,171.34,98.82,19.54,885.25,346.0,59.5,11.76,5.0997,0,98.55,96.7,89.86,59.21,59.04,53.25,97.79571428571428,93.97928571428572,59.14714285714285,56.925,3.1134336973433805,6.057589628392299,97.8379296864734,94.45150417855528,59.12406935723603,57.15292282811704,1.0,1.0,1.0
85,2020-03-28,201.16666666666663,1,29.58,3.3,3.65,0.41,172.22333333333333,99.43333333333332,19.51,885.6666666666666,344.4166666666667,59.693333333333335,11.71,5.131,0,98.82,96.6,90.00666666666666,59.5,58.9,53.35,98.20047619047618,94.31595238095235,59.26047619047619,57.15154761904762,3.002227064520096,5.790752426250695,98.2367805981884,94.79507860302272,59.266385351260354,57.32812355261471,1.0,1.0,1.0
86,2020-03-29,201.8333333333333,1,30.95,3.3,3.65,0.41,173.10666666666668,100.04666666666668,19.48,886.0833333333334,342.8333333333333,59.88666666666666,11.66,5.1623,0,99.43333333333332,96.5,90.15333333333334,59.693333333333335,58.76,53.45,98.70714285714284,94.6692857142857,59.42142857142857,57.38142857142857,3.1275511128864086,5.540223083163817,98.68925211530797,95.15725709017056,59.42145568011193,57.50457480185967,1.0,1.0,1.0
87,2020-03-30,202.5,1,32.51,3.3,3.65,0.41,173.99,100.66,19.45,886.5,341.25,60.08,11.61,5.1936,0,100.04666666666668,96.4,90.3,59.88666666666666,58.62,53.55,99.3157142857143,95.03928571428573,59.63,57.61464285714286,3.411975375602378,5.307895639747035,99.18193908648098,95.53675660119328,59.586091760083946,57.6821903327659,1.0,1.0,1.0
88,2020-03-31,203.15,1,32.68,3.3,3.65,0.41,172.91,101.21,19.48,889.5,340.75,60.14,11.57,5.2046,0,100.66,98.01,90.83,60.08,59.55,53.81,99.77285714285712,95.41,59.71428571428572,57.84071428571429,3.150262775635341,5.030459403595365,99.68895431486074,95.92801476662824,59.72456882006296,57.85169444774756,1.0,1.0,1.0
89,2020-04-01,203.0,1,32.4,2.4,3.65,-10.14,166.2,101.37,19.27,867.25,334.75,59.33,11.28,5.2493,0,101.21,99.69,91.57,60.14,59.49,54.18,100.01285714285711,95.76,59.69142857142857,58.02464285714286,2.3439945941905207,4.661118975314537,100.10921573614556,96.30332409306769,59.62592661504722,57.95364655479945,1.0,1.0,1.0
90,2020-04-02,195.4,1,32.51,2.4,3.65,-10.14,168.57,101.14,19.21,864.0,333.5,58.87,11.18,5.2533,0,101.37,98.55,92.37,59.33,59.21,54.69,100.38285714285712,96.07321428571429,59.642857142857146,58.17392857142857,2.8060794867868,4.592868473658136,100.36691180210916,96.63688794871815,59.43694496128542,58.01684334412362,1.0,1.0,1.0
91,2020-04-03,200.65,1,33.39,2.4,3.65,-10.14,173.74,101.48,19.09,859.5,330.75,58.49,11.0,5.3506,0,101.14,98.82,92.8,58.87,59.5,55.3,100.76285714285711,96.38321428571427,59.49857142857143,58.28785714285714,4.469785234812651,4.925876437088685,100.64518385158188,96.97089567639276,59.20020872096407,58.04947483763234,1.0,1.0,1.0
92,2020-04-04,200.76666666666668,1,33.31,2.4,3.65,-10.14,176.64,101.45333333333332,19.1,860.0833333333334,329.75,58.27,10.97,5.329166666666667,0,101.48,99.43333333333332,92.71666666666668,58.49,59.693333333333335,55.38333333333333,101.05142857142856,96.6952380952381,59.2952380952381,58.39095238095238,5.455813226200212,5.320027257700068,100.84722122201974,97.2800293079059,58.967656540723056,58.06468346951976,1.0,1.0,1.0
93,2020-04-05,200.88333333333333,1,34.43,2.4,3.65,-10.14,179.54,101.42666666666668,19.11,860.6666666666666,328.75,58.05,10.94,5.307733333333333,0,101.45333333333332,100.04666666666668,92.63333333333333,58.27,59.88666666666666,55.46666666666666,101.24857142857142,97.00928571428572,59.03285714285715,58.48321428571428,6.021714787300139,5.764583610838255,100.99208258318149,97.56600429816528,58.73824240554229,58.06367081644944,1.0,1.0,1.0
94,2020-04-06,201.0,1,33.3,2.4,3.65,-10.14,182.44,101.4,19.12,861.25,327.75,57.83,10.91,5.2863,0,101.42666666666668,100.66,92.55,58.05,60.08,55.55,101.35428571428572,97.32535714285714,58.71142857142858,58.56464285714286,6.195785269200183,6.250277889513454,101.0940619373861,97.83041779484353,58.51118180415672,58.04755558772879,1.0,1.0,1.0
95,2020-04-07,199.9,1,30.55,2.4,3.65,-10.14,176.81,101.21,19.4,861.0,331.5,57.47,11.02,5.2214,0,101.4,101.21,92.32,57.83,60.14,55.83,101.35428571428572,97.64285714285715,58.32999999999999,58.62321428571429,4.307089551908608,6.26005266834284,101.12304645303958,98.0634924296819,58.25088635311754,58.00772416788542,1.0,1.0,1.0
96,2020-04-08,201.8,1,30.29,2.4,3.65,-10.14,180.97,101.16,19.64,861.75,330.0,56.46,10.96,5.1233,0,101.21,101.37,92.86,57.47,59.33,56.77,101.32428571428572,97.93928571428572,57.92,58.61214285714285,3.207134902948624,6.174455986712902,101.13228483977969,98.27704467591072,57.80316476483816,57.90098457010021,1.0,1.0,1.0
97,2020-04-09,198.05,1,31.16,2.4,3.65,-10.14,190.16,100.07,19.62,871.0,331.75,56.41,11.06,5.107,0,101.16,101.14,93.23,56.46,58.87,57.59,101.17142857142858,98.18357142857144,57.568571428571424,58.57,3.4579792376705023,6.145184658491296,100.86671362983476,98.40069676722722,57.45487357362862,57.798158048024334,1.0,1.0,1.0
98,2020-04-10,199.1125,1,30.45,2.4,3.65,-10.14,188.29,100.4125,19.6125,863.25,332.25,56.355,11.0075,5.1063,0,100.07,101.48,92.18,56.41,58.49,57.58,101.01892857142856,98.47758928571427,57.263571428571424,58.52625,3.724018566778534,6.507515021678002,100.75316022237608,98.53944181776326,57.17990518022146,57.69862990678128,1.0,1.0,1.0
99,2020-04-11,200.175,1,28.2,2.4,3.65,-10.14,186.42,100.755,19.605,862.9166666666666,332.0,56.3,10.955,5.137333333333333,0,100.4125,101.45333333333332,92.51333333333334,56.355,58.27,57.77333333333333,100.91916666666668,98.7719345238095,56.98214285714285,58.47363095238095,3.729295861023174,6.7153417134369615,100.75362016678204,98.6922389337796,56.95992888516609,57.60217267183084,1.0,1.0,1.0
100,2020-04-12,201.2375,1,28.4,2.4,3.65,-10.14,184.55,101.0975,19.5975,862.5833333333334,331.75,56.245,10.9025,5.1683666666666666,0,100.755,101.42666666666668,92.84666666666668,56.3,58.05,57.96666666666666,100.87214285714286,99.06660714285717,56.72428571428571,58.41214285714285,3.577338031593779,6.813426512335582,100.83959012508652,98.85811900731204,56.78119666387457,57.50857455653216,1.0,1.0,1.0
101,2020-04-13,202.3,1,30.4,2.4,3.65,-10.14,182.68,101.44,19.59,862.25,331.5,56.19,10.85,5.1994,0,101.0975,101.4,93.18,56.245,57.83,58.16,100.87785714285712,99.36160714285714,56.49,58.34178571428571,3.103831148830525,6.830532413976611,100.9896925938149,99.03617976542844,56.633397497905925,57.41763838021959,1.0,1.0,1.0
102,2020-04-14,199.1,1,28.85,2.4,3.65,-10.14,188.07,101.08,19.49,855.5,326.0,53.79,10.37,5.1621,0,101.44,101.21,94.56,56.19,57.47,58.41,100.85928571428572,99.59446428571428,55.96428571428572,58.176785714285714,3.378392995052844,6.833048272633542,101.01226944536116,99.17713288505406,55.92254812342944,57.16745642296307,1.0,1.0,1.0
103,2020-04-15,198.5,1,26.5,2.4,3.65,-10.14,184.98,101.17,19.32,851.75,319.25,52.2,9.97,5.2367,0,101.08,101.16,94.69,53.79,56.46,57.75,100.86071428571428,99.82589285714286,55.355714285714285,57.97857142857142,3.6400976164923913,6.808408533377293,101.05170208402087,99.31457199642963,54.99191109257208,56.82487322137941,1.0,1.0,1.0
104,2020-04-16,200.55,1,28.5,2.4,3.65,-10.14,187.34,100.47,19.1,845.75,319.75,52.02,9.89,5.2333,0,101.17,100.07,95.84,52.2,56.41,58.27,100.91785714285712,99.99125,54.72857142857144,57.755357142857136,3.875841507632566,6.808492462690078,100.90627656301568,99.39425668633103,54.24893331942906,56.493502654387726,1.0,1.0,1.0
105,2020-04-17,201.5,1,29.85,2.4,3.65,-10.14,191.62,100.93,19.25,842.25,322.25,51.55,9.83,5.2363,0,100.47,100.4125,96.7,52.02,56.355,59.04,100.99178571428573,100.14232142857142,54.042142857142856,57.487857142857145,3.1214610074224924,6.777909663784693,100.91220742226174,99.5001700183082,53.5741999895718,56.15257143684374,1.0,1.0,1.0
106,2020-04-18,199.81666666666663,1,25.0,2.4,3.65,-10.14,189.28666666666663,101.10333333333334,19.206666666666667,840.25,319.5833333333333,51.28,9.74,5.263133333333333,0,100.93,100.755,96.6,51.55,56.3,58.9,101.0415476190476,100.30315476190476,53.325,57.21571428571429,2.2297825361966632,6.722900265648336,100.95998890002964,99.61073300555132,53.00064999217884,55.81653202740624,1.0,1.0,1.0
107,2020-04-19,198.13333333333333,1,29.3,2.4,3.65,-10.14,186.9533333333333,101.27666666666669,19.16333333333333,838.25,316.9166666666667,51.01,9.65,5.2899666666666665,0,101.10333333333334,101.0975,96.5,51.28,56.245,58.76,101.06714285714284,100.47375,52.57714285714285,56.93892857142857,1.3286868016118716,6.633973732461428,101.0391583416889,99.72562498217997,52.50298749413413,55.48504705999891,1.0,1.0,1.0
108,2020-04-20,196.45,1,27.92,2.4,3.65,-10.14,184.62,101.45,19.12,836.25,314.25,50.74,9.56,5.3168,0,101.27666666666669,101.44,96.4,51.01,56.19,58.62,101.06857142857145,100.65410714285714,51.79857142857143,56.657500000000006,0.6375242647979695,6.499564297275373,101.14186875626667,99.84454739720202,52.062240620600605,55.1578024351714,1.0,1.0,1.0
109,2020-04-21,198.725,1,28.8,2.4,3.65,-10.14,178.02,101.93,19.03,840.75,309.25,49.695,9.28,5.3163,0,101.45,101.08,98.01,50.74,53.79,59.55,101.19,100.79410714285714,51.21357142857143,56.30553571428572,1.1497242102498906,6.1094180146627695,101.3389015672,99.98837171463636,51.47043046545045,54.78105743964233,1.0,1.0,1.0
110,2020-04-22,201.0,1,29.0,2.4,3.65,-10.14,179.39,102.41,18.94,842.5,317.5,48.65,9.0,5.458,0,101.93,101.17,99.69,49.695,52.2,59.49,101.36714285714288,100.89125,50.70642857142857,55.91839285714286,2.062514921267474,5.488979098075552,101.6066761754,100.15538056190282,50.76532284908784,54.3582258920808,1.0,1.0,1.0
111,2020-04-23,196.7,1,29.4,2.4,3.65,-10.14,178.48,103.56,18.82,846.75,319.25,48.18,8.75,5.5335,0,102.41,100.47,98.55,48.65,52.02,59.21,101.80857142857144,101.07017857142856,50.15785714285715,55.52446428571428,3.0248643829343336,5.112860306981013,102.09500713155,100.39018190246124,50.11899213681588,53.93214134779936,1.0,1.0,1.0
112,2020-04-24,199.95,1,28.11,2.4,3.65,-10.14,182.72,106.16,18.72,839.5,315.75,47.6,8.39,5.5907,0,103.56,100.93,98.82,48.18,51.55,59.5,102.55571428571427,101.33232142857145,49.59357142857142,55.09946428571429,3.5838538777100326,5.027716314096129,103.1112553486625,100.78810039194666,49.48924410261191,53.49544194450285,1.0,1.0,1.0
113,2020-04-25,199.9833333333333,1,30.64,2.4,3.65,-10.14,184.39666666666668,106.31,18.703333333333333,838.5,312.3333333333333,47.72,8.393333333333334,5.6113333333333335,0,106.16,101.10333333333334,99.43333333333332,47.6,51.28,59.693333333333335,103.2995238095238,101.57791666666668,49.085,54.67184523809524,3.654254749983208,4.916972495676262,103.91094151149689,101.16892105457102,49.04693307695893,53.09713560350265,1.0,1.0,1.0
114,2020-04-26,200.01666666666668,1,30.53,2.4,3.65,-10.14,186.07333333333327,106.46,18.686666666666667,837.5,308.9166666666667,47.84,8.396666666666667,5.631966666666666,0,106.31,101.27666666666669,100.04666666666668,47.72,51.01,59.88666666666666,104.04,101.8069642857143,48.63214285714286,54.24160714285714,3.3170280799902256,4.782845626550064,104.54820613362266,101.5338230508075,48.7451998077192,52.73457452739902,1.0,1.0,1.0
115,2020-04-27,200.05,1,30.61,2.4,3.65,-10.14,187.75,106.61,18.67,836.5,305.5,47.96,8.4,5.6526,0,106.46,101.45,100.66,47.84,50.74,60.08,104.77714285714283,102.01946428571428,48.235,53.80875,2.470462605975883,4.627202183016321,105.063654600217,101.88390421971732,48.5488998557894,52.40529352550943,1.0,1.0,1.0
116,2020-04-28,198.9,1,30.54,2.4,3.65,-10.14,184.32,105.49,19.19,832.0,302.75,47.94,8.72,5.4999,0,106.61,101.93,101.21,47.96,49.695,60.14,105.28571428571428,102.17232142857142,47.98428571428571,53.37303571428572,1.3797595833815512,4.1423257099615975,105.17024095016276,102.13260048042646,48.39667489184205,52.097342247888086,1.0,1.0,1.0
117,2020-04-29,197.7,1,30.57,2.4,3.65,-10.14,181.47,103.77,19.37,837.5,304.5,48.38,9.03,5.3348,0,105.49,102.41,101.37,47.94,48.65,59.33,105.48,102.25803571428573,47.94571428571429,52.98196428571429,0.4204489555935573,3.9414926684919913,104.82018071262206,102.24552458522464,48.39250616888154,51.84097381699925,1.0,1.0,1.0
118,2020-04-30,198.85,1,31.48,2.4,3.65,-10.14,178.21,103.58,19.02,855.25,311.5,48.35,8.88,5.4858,0,103.77,103.56,101.14,48.38,48.18,58.87,105.48285714285714,102.34517857142858,47.970000000000006,52.60625,1.7368755015640134,3.886029667041032,104.51013553446654,102.33755737245052,48.38187962666115,51.60021700203378,1.0,1.0,1.0
119,2020-05-01,199.225,1,30.87,1.88,3.65,-10.14,173.65,104.1,19.035,849.5,311.5,48.47,8.865,5.4856,0,103.58,106.16,101.48,48.35,47.6,58.49,105.18857142857142,102.43875,48.09428571428572,52.24839285714285,1.7624061062772918,3.8999750184522464,104.4076016508499,102.45910513986772,48.403909719995866,51.38433996741076,1.0,1.0,1.0
120,2020-05-02,199.6,1,30.66,1.88,3.65,-10.14,173.28666666666666,104.62,19.05,845.1666666666666,311.25,48.59,8.850000000000001,5.5054,0,104.1,106.31,101.45333333333332,48.47,47.72,58.27,104.94714285714284,102.55184523809524,48.21857142857142,51.902678571428574,1.7405834765960178,3.887115665538227,104.46070123813745,102.60813237160096,48.4504322899969,51.191626866210015,1.0,1.0,1.0
121,2020-05-03,199.975,1,30.96,1.88,3.65,-10.14,172.92333333333335,105.14,19.065,840.8333333333334,311.0,48.71,8.835,5.5252,0,104.62,106.46,101.42666666666668,48.59,47.84,58.05,104.7585714285714,102.68446428571428,48.34285714285715,51.56910714285715,1.6436815046978386,3.825715145155985,104.63052592860308,102.78274393218022,48.51532421749768,51.020480185781736,1.0,1.0,1.0
122,2020-05-04,200.35,1,31.32,1.88,3.65,-10.14,172.56,105.66,19.08,836.5,310.75,48.83,8.82,5.545,0,105.14,106.61,101.4,48.71,47.96,57.83,104.62285714285714,102.83660714285712,48.46714285714286,51.24767857142857,1.4222973336164064,3.687846672661377,104.8878944464523,102.98117538513333,48.59399316312326,50.86941258676231,1.0,1.0,1.0
123,2020-05-05,201.9,1,31.11,1.88,3.65,-10.14,178.51,105.8,18.9,839.5,313.0,48.78,8.71,5.5783,0,105.66,105.49,101.21,48.83,47.94,57.47,104.66714285714284,103.0005357142857,48.58714285714286,50.93732142857142,1.2764328128109697,3.7238764665604087,105.11592083483924,103.17557708271032,48.64049487234245,50.7253151669856,1.0,1.0,1.0
124,2020-05-06,199.95,1,29.65,1.88,3.65,-10.14,173.7,107.86,18.92,832.5,311.75,49.25,8.64,5.714,0,105.8,103.77,101.16,48.78,48.38,56.46,105.25142857142858,103.23982142857145,48.71142857142856,50.67982142857143,1.1515203397975748,3.6643259284117975,105.80194062612942,103.49864073217856,48.79287115425683,50.62356929340038,1.0,1.0,1.0
125,2020-05-07,199.75,1,25.63,1.88,2.9,-10.14,178.49,110.64,18.89,844.25,316.0,49.91,8.52,5.8307,0,107.86,103.58,100.07,49.25,48.35,56.41,106.26,103.61732142857144,48.934285714285714,50.447678571428575,2.329646358182304,3.66294300718926,107.01145546959708,103.99114826789037,49.07215336569262,50.574357617993456,1.0,1.0,1.0
126,2020-05-08,201.3,1,30.14,1.88,2.9,-10.14,181.53,111.42,19.38,850.5,319.0,49.76,8.66,5.7319,0,110.64,104.1,100.4125,49.91,48.47,56.355,107.3057142857143,104.01044642857144,49.11857142857143,50.21214285714286,3.027625713379158,3.68003222651684,108.1135916021978,104.50348287010482,49.24411502426946,50.51819502364908,1.0,1.0,1.0
127,2020-05-09,200.95,1,29.93,1.88,2.9,-10.14,182.41,111.89333333333332,19.366666666666667,852.0,318.8333333333333,49.84333333333333,8.63,5.7606,0,111.42,104.62,100.755,49.76,48.59,56.3,108.34476190476192,104.40824404761904,49.29761904761904,49.98154761904762,3.201545757613429,3.722582314755442,109.05852703498168,105.0131277296378,49.39391960153543,50.47165283811006,1.0,1.0,1.0
128,2020-05-10,200.6,1,30.28,1.88,2.9,-10.14,183.29,112.36666666666667,19.35333333333333,853.5,318.6666666666667,49.92666666666666,8.6,5.7893,0,111.89333333333332,105.14,101.0975,49.84333333333333,48.71,56.245,109.37714285714284,104.81071428571428,49.47142857142857,49.75589285714285,3.08565674549484,3.771099513286491,109.88556194290292,105.52026834598462,49.52710636781824,50.43406758490706,1.0,1.0,1.0
129,2020-05-11,200.25,1,30.28,1.88,2.9,-10.14,184.17,112.84,19.34,855.0,318.5,50.01,8.57,5.818,0,112.36666666666667,105.66,101.44,49.92666666666666,48.83,56.19,110.40285714285712,105.21785714285714,49.63999999999999,49.535178571428574,2.777971657632546,3.798987490420958,110.6241714571772,106.02507742557188,49.64782977586367,50.40482154456864,1.0,1.0,1.0
130,2020-05-12,198.7,1,30.34,1.88,2.9,-10.14,179.18,113.95,19.44,852.0,323.75,50.11,8.55,5.8856,0,112.84,105.8,101.08,50.01,48.78,53.79,111.56714285714284,105.6775,49.83,49.40375,2.1424532952777837,3.967430504043615,111.45562859288287,106.5716238100152,49.76337233189776,50.38448902425356,1.0,1.0,1.0
131,2020-05-13,199.9,1,30.59,1.88,2.9,-10.14,177.96,115.27,19.49,839.5,320.25,50.91,8.61,5.8852,0,113.95,107.86,101.17,50.11,49.25,52.2,112.62571428571428,106.1810714285714,50.06714285714286,49.35767857142857,1.3261621780335529,3.936335925540588,112.40922144466217,107.1715118231176,50.05002924892332,50.420731160511934,1.0,1.0,1.0
132,2020-05-14,199.35,1,30.91,1.88,2.9,-10.14,180.52,116.27,19.92,837.0,320.25,50.61,8.67,5.8115,0,115.27,110.64,100.47,50.91,49.91,52.02,113.43,106.74535714285716,50.16714285714285,49.30732142857143,1.3228802836597413,3.8777320465478167,113.3744160834966,107.79899376635086,50.19002193669249,50.4337841839249,1.0,1.0,1.0
133,2020-05-15,194.9,1,30.5,1.88,2.9,-10.14,181.07,115.83,19.86,840.75,319.25,50.57,8.67,5.8554,0,116.27,111.42,100.93,50.61,49.76,51.55,114.06,107.2775,50.28285714285714,49.27232142857143,1.6398332418945023,3.998010708570494,113.98831206262246,108.3528562652232,50.285016452519365,50.44317837813698,1.0,1.0,1.0
134,2020-05-16,194.9,1,30.49,1.88,2.9,-10.14,182.64666666666668,114.95,19.843333333333334,843.0833333333334,319.75,50.45666666666666,8.709999999999999,5.809933333333333,0,115.83,111.89333333333332,101.10333333333334,50.57,49.84333333333333,51.28,114.49666666666666,107.77202380952382,50.3704761904762,49.24291666666666,1.9085749928674929,4.160862656594926,114.22873404696684,108.8078316952078,50.3279290060562,50.444108604932126,1.0,1.0,1.0
135,2020-05-17,194.9,1,30.87,1.88,2.9,-10.14,184.22333333333333,114.07,19.826666666666664,845.4166666666666,320.25,50.34333333333333,8.75,5.764466666666667,0,114.95,112.36666666666667,101.27666666666669,50.45666666666666,49.92666666666666,51.01,114.74,108.22892857142855,50.43,49.21910714285714,2.009759295612709,4.3603338042342354,114.18905053522512,109.170739854159,50.33178008787548,50.43715858620117,1.0,1.0,1.0
136,2020-05-18,194.9,1,26.7,1.88,2.9,-10.14,185.8,113.19,19.81,847.75,320.75,50.23,8.79,5.719,0,114.07,112.84,101.45,50.34333333333333,50.01,50.74,114.79,108.64821428571427,50.46142857142858,49.20089285714285,1.7664994144929114,4.589778799709875,113.93928790141884,109.4479302090446,50.30633506590661,50.422871787152815,1.0,1.0,1.0
137,2020-05-19,200.5,1,27.66,1.88,2.9,-10.14,179.76,111.76,19.49,845.25,321.25,50.06,8.73,5.754,0,113.19,113.95,101.93,50.23,50.11,49.695,114.47714285714284,108.99928571428572,50.45428571428572,49.213928571428575,1.916553501538884,4.828479610460588,113.39446592606411,109.607383298076,50.24475129942996,50.39784614665951,1.0,1.0,1.0
138,2020-05-20,202.15,1,30.55,1.88,2.9,-10.14,180.82,111.31,19.61,849.25,319.5,50.08,8.82,5.6925,0,111.76,115.27,102.41,50.06,50.91,48.65,113.91142857142856,109.31714285714284,50.33571428571428,49.26499999999999,1.5131106551978428,5.005002514491105,112.8733494445481,109.724805139588,50.20356347457246,50.37592572275196,1.0,1.0,1.0
139,2020-05-21,202.0,1,30.32,1.88,2.9,-10.14,178.18,111.68,20.04,838.5,317.75,50.51,9.06,5.5507,0,111.31,116.27,103.56,50.08,50.61,48.18,113.25571428571428,109.60714285714286,50.32142857142857,49.348214285714285,0.637214744323694,5.0844567106536935,112.57501208341108,109.859646164444,50.280172605929344,50.38517222463113,1.0,1.0,1.0
140,2020-05-22,203.55,1,31.07,1.88,2.9,-10.14,178.8,109.84,19.68,836.5,318.0,50.49,9.05,5.5338,0,111.68,115.83,106.16,50.51,50.57,47.6,112.4,109.73857142857142,50.31,49.451428571428565,0.4748380795724897,5.028405097356788,111.8912590625583,109.85829125655128,50.33262945444701,50.392401726380704,1.0,1.0,1.0
141,2020-05-23,203.7375,1,31.31,1.88,2.9,-10.14,179.7175,108.9675,19.74,839.5625,318.25,50.44,9.1425,5.4866,0,109.84,114.95,106.31,50.49,50.45666666666666,47.72,111.54535714285716,109.83348214285716,50.30761904761904,49.54857142857143,0.3843826218731015,4.942995574991748,111.16031929691871,109.79685737678912,50.35947209083525,50.39568436594065,1.0,1.0,1.0
142,2020-05-24,203.925,1,27.25,1.88,2.9,-10.14,180.635,108.095,19.8,842.625,318.5,50.39,9.235,5.4394,0,108.9675,114.07,106.46,50.44,50.34333333333333,47.84,110.69178571428571,109.891875,50.31428571428571,49.63964285714286,0.3749516975668319,4.822936199839414,110.39398947268904,109.6794879025278,50.36710406812644,50.39529234070336,1.0,1.0,1.0
143,2020-05-25,204.1125,1,28.02,1.88,2.9,-10.14,181.5525,107.2225,19.86,845.6875,318.75,50.34,9.3275,5.3922,0,108.095,113.19,106.61,50.39,50.23,47.96,109.83928571428572,109.91375,50.33,49.72464285714285,0.4110998190495072,4.661499602389632,109.6011171045168,109.51004046097415,50.36032805109483,50.39147907582727,1.0,1.0,1.0
144,2020-05-26,204.3,1,28.07,1.88,2.9,-10.14,182.47,106.35,19.92,848.75,319.0,50.29,9.42,5.345,0,107.2225,111.76,105.49,50.34,50.06,47.94,109.06642857142856,109.94446428571428,50.36285714285714,49.80857142857143,0.5195906944836262,4.506370247026191,108.7883378283876,109.29210663607938,50.34274603832112,50.38448051887367,1.0,1.0,1.0
145,2020-05-27,205.65,1,27.79,1.88,2.9,-10.14,176.53,105.89,20.01,850.25,320.5,50.54,9.55,5.2733,0,106.35,111.31,103.77,50.29,50.08,48.38,108.29214285714284,110.02017857142856,50.42857142857143,49.885714285714286,0.9287774496716126,4.356970177751234,108.06375337129067,109.05747859221184,50.39205952874084,50.39520600033065,1.0,1.0,1.0
146,2020-05-28,203.4,1,29.09,1.88,2.9,-10.14,180.49,106.39,19.84,849.25,327.5,50.06,9.33,5.4045,0,105.89,111.68,103.58,50.54,50.51,48.35,107.5364285714286,110.12053571428572,50.364285714285714,49.9467857142857,1.2860090931845072,4.435161510555356,107.64531502846802,108.87351455136964,50.30904464655563,50.37208834513543,1.0,1.0,1.0
147,2020-05-29,204.75,1,29.82,1.88,2.9,-10.14,182.6,107.51,20.13,843.5,325.75,50.19,9.4,5.3361,0,106.39,109.84,104.1,50.06,50.49,48.47,107.20357142857144,110.24232142857144,50.32142857142857,50.00821428571429,1.1120375672694591,4.246548580211879,107.611486271351,108.77947906506829,50.27928348491672,50.359530528229534,1.0,1.0,1.0
148,2020-05-30,204.5,1,28.57,1.88,2.9,-10.14,182.50666666666663,107.6,20.1,843.4166666666666,324.9166666666667,50.04,9.35,5.345166666666667,0,107.51,108.9675,104.62,50.19,50.44,48.59,107.00821428571427,110.34875,50.26428571428572,50.06,0.961929219395812,4.006275393825849,107.60861470351328,108.69813568127049,50.21946261368753,50.337493940075774,1.0,1.0,1.0
149,2020-05-31,204.25,1,29.15,1.88,2.9,-10.14,182.41333333333333,107.69,20.07,843.3333333333334,324.0833333333333,49.89,9.3,5.354233333333333,0,107.6,108.095,105.14,50.04,50.39,48.71,106.95035714285714,110.43982142857143,50.19285714285714,50.10214285714285,0.9250130231346524,3.714790277846844,107.62896102763496,108.62860908256216,50.13709696026565,50.30663228903607,1.0,1.0,1.0
150,2020-06-01,204.0,1,29.46,2.13,2.9,-10.14,182.32,107.78,20.04,843.25,323.25,49.74,9.25,5.3633,0,107.69,107.2225,105.66,49.89,50.34,48.83,107.03,110.51553571428572,50.10714285714285,50.13464285714286,1.031805981163424,3.3697105144570894,107.66672077072622,108.57008431824752,50.037822720199244,50.26755420013702,1.0,1.0,1.0
151,2020-06-02,202.5,1,29.63,2.13,2.9,-10.14,178.78,107.52,20.6,852.75,324.25,49.6,9.5,5.2014,0,107.78,106.35,105.8,49.74,50.29,48.78,107.19714285714284,110.57696428571428,50.00857142857143,50.16392857142857,1.8554308348102195,2.752159142589814,107.63004057804466,108.49766471009252,49.92836704014943,50.22151597943792,1.0,1.0,1.0
152,2020-06-03,203.65,1,30.91,2.13,2.9,-10.14,186.26,105.69,20.85,859.0,324.0,48.94,9.66,5.0622,0,107.52,105.89,107.86,49.6,50.54,49.25,107.16857142857144,110.4994642857143,49.78,50.15285714285714,2.0806717692456624,2.360895140515161,107.14503043353348,108.30403266112062,49.68127528011208,50.13313556706289,1.0,1.0,1.0
153,2020-06-04,205.45,1,31.41,2.13,2.9,-10.14,184.51,108.25,21.16,868.75,329.0,48.66,9.51,5.119,0,105.69,106.39,110.64,48.94,50.06,49.91,107.4342857142857,110.41410714285712,49.58,50.10821428571428,1.7909099018772252,2.295484692096851,107.42127282515013,108.30030627069851,49.42595646008406,50.03154001071372,1.0,1.0,1.0
154,2020-06-05,202.65,1,31.69,2.13,2.9,-10.14,192.14,107.27,21.59,870.0,331.25,48.2,9.7,4.9585,0,108.25,107.51,111.42,48.66,50.19,49.76,107.4,110.26589285714284,49.29571428571428,50.0525,1.9146361915595167,2.330509567476595,107.38345461886256,108.22925066582276,49.11946734506304,49.905226906526565,1.0,1.0,1.0
155,2020-06-06,203.5,1,31.33,2.13,2.9,-10.14,192.01,106.50333333333332,21.576666666666668,869.1666666666666,332.0833333333333,47.97666666666667,9.72,4.913333333333333,0,107.27,107.6,111.89333333333332,48.2,50.04,49.84333333333333,107.24333333333334,110.07339285714286,49.00095238095238,49.98583333333333,1.7856989205681617,2.331353320495265,107.16342429748026,108.11022188427177,48.83376717546395,49.77222275205347,1.0,1.0,1.0
156,2020-06-07,204.35,1,31.38,2.13,2.9,-10.14,191.88,105.73666666666666,21.563333333333333,868.3333333333334,332.9166666666667,47.75333333333334,9.74,4.868166666666667,0,106.50333333333332,107.69,112.36666666666667,47.97666666666667,49.89,49.92666666666666,106.96428571428572,109.83660714285716,48.69571428571429,49.90821428571428,1.4375462528289362,2.2913781296391997,106.80673488977686,107.94652842098864,48.56365871493129,49.63298899903829,1.0,1.0,1.0
157,2020-06-08,205.2,1,30.82,2.13,2.9,-10.14,191.75,104.97,21.55,867.5,333.75,47.53,9.76,4.823,0,105.73666666666666,107.78,112.84,47.75333333333334,49.74,50.01,106.56285714285714,109.55553571428572,48.38,49.81964285714286,0.7437799518523841,2.200486050975981,106.34755116733264,107.74125059885148,48.30524403619847,49.48795527496668,1.0,1.0,1.0
158,2020-06-09,206.4,1,30.92,2.13,2.9,-10.14,191.1,102.75,21.07,866.0,327.5,47.34,9.71,4.8992,0,104.97,107.52,113.95,47.53,49.6,50.11,105.88142857142856,109.15553571428572,48.057142857142864,49.72071428571429,0.9359925673664894,2.2086218076237696,105.44816337549948,107.39702641962036,48.06393302714885,49.339820428417255,1.0,1.0,1.0
159,2020-06-10,206.4,1,30.9,2.13,2.9,-10.14,188.7,103.17,20.98,867.75,326.25,46.81,9.52,4.9732,0,102.75,105.69,115.27,47.34,48.94,50.91,105.52142857142856,108.72339285714284,47.752857142857145,49.57428571428572,1.1200038467690967,2.112335510642066,104.87862253162464,107.10550735619825,47.75044977036164,49.16535005404366,1.0,1.0,1.0
160,2020-06-11,205.825,1,31.04,2.13,2.9,-10.14,174.18,104.455,20.94,868.0,329.75,46.865,9.395,4.976,0,103.17,108.25,116.27,46.81,48.66,50.61,104.9792857142857,108.30142857142856,47.496428571428574,49.44053571428572,1.283614334461381,2.018455273760745,104.77271689871849,106.92271374542597,47.52908732777124,49.006705222730304,1.0,1.0,1.0
161,2020-06-12,205.25,1,31.09,2.13,2.9,-10.14,174.72,105.74,20.9,872.5,330.0,46.92,9.27,5.0505,0,104.455,107.27,115.83,46.865,48.2,50.57,104.76071428571429,107.94107142857143,47.31357142857143,49.31017857142857,1.213781594700945,2.034189769589644,105.01453767403883,106.84114728022416,47.37681549582842,48.86279451771442,1.0,1.0,1.0
162,2020-06-13,206.81666666666663,1,30.0,2.13,2.9,-10.14,174.69666666666666,106.58,20.94,871.6666666666666,329.75,46.93333333333334,9.22,5.085566666666667,0,105.74,106.50333333333332,114.95,46.92,47.97666666666667,50.45666666666666,104.77166666666666,107.64214285714286,47.16452380952381,49.18434523809525,1.0688801438432554,2.0509164238050546,105.40590325552914,106.82313712296732,47.26594495520465,48.72972822913641,1.0,1.0,1.0
163,2020-06-14,208.38333333333333,1,31.15,2.13,2.9,-10.14,174.67333333333335,107.42,20.98,870.8333333333334,329.5,46.946666666666665,9.17,5.120633333333334,0,106.58,105.73666666666666,114.07,46.93333333333334,47.75333333333334,50.34333333333333,105.01214285714283,107.40464285714287,47.04928571428572,49.06303571428571,0.820221473325209,2.0613394728504213,105.90942744164686,106.86430008000406,47.18612538307016,48.60675846620746,1.0,1.0,1.0
164,2020-06-15,209.95,1,30.94,2.13,2.9,-10.14,174.65,108.26,21.02,870.0,329.25,46.96,9.12,5.1557,0,107.42,104.97,113.19,46.946666666666665,47.53,50.23,105.48214285714286,107.22857142857144,46.96785714285715,48.94625,0.2841887846200302,2.057660652563181,106.49707058123514,106.96055524690031,47.12959403730262,48.49318891681384,1.0,1.0,1.0
165,2020-06-16,208.6,1,29.56,2.13,2.9,-10.14,176.11,109.8,21.01,868.0,329.0,46.87,8.97,5.243,0,108.26,102.75,111.76,46.96,47.34,50.06,106.48928571428571,107.15857142857143,46.90071428571429,48.83232142857143,0.2841887846200302,2.043740103610709,107.32280293592636,107.15637902297615,47.064695527976966,48.3812448535853,1.0,1.0,1.0
166,2020-06-17,206.4,1,29.22,2.13,2.9,-10.14,178.36,111.0,21.08,871.75,330.25,46.85,8.9,5.2286,0,109.8,103.17,111.31,46.87,46.81,50.08,107.60785714285714,107.1475,46.90642857142857,48.71696428571429,0.2708037922098537,2.033790730029929,108.24210220194476,107.42145633173644,47.01102164598272,48.27564176023459,1.0,1.0,1.0
167,2020-06-18,212.35,1,29.2,2.13,2.15,-10.14,176.32,113.52,21.08,872.5,331.0,47.13,8.75,5.3776,0,111.0,104.455,111.68,46.85,46.865,50.51,108.90285714285714,107.2132142857143,46.94428571428572,48.596250000000005,0.1580105912160607,2.015971594107796,109.56157665145858,107.84204555023736,47.04076623448704,48.19663198366669,1.0,1.0,1.0
168,2020-06-19,210.4,1,29.49,2.13,2.15,-10.14,175.52,114.81,21.64,876.0,332.5,47.15,8.89,5.3105,0,113.52,105.74,109.84,47.13,46.92,50.49,110.19857142857144,107.39071428571428,46.97714285714286,48.47696428571429,0.5439650348885688,2.0563015737306256,110.87368248859391,108.32259413297962,47.06807467586528,48.12445046755174,1.0,1.0,1.0
169,2020-06-20,211.6,1,30.36,2.13,2.15,-10.14,175.3766666666667,114.17666666666666,21.57,875.6666666666666,331.0833333333333,47.28666666666667,8.936666666666667,5.291133333333334,0,114.81,106.58,108.9675,47.15,46.93333333333334,50.44,111.28380952380952,107.57675595238096,47.027619047619055,48.36434523809523,0.721955959987098,2.0859288619159457,111.69942853311213,108.7263232732339,47.122722673565626,48.06667227438725,1.0,1.0,1.0
170,2020-06-21,212.8,1,30.22,2.13,2.15,-10.14,175.23333333333335,113.54333333333334,21.5,875.3333333333334,329.6666666666667,47.42333333333333,8.983333333333333,5.271766666666666,0,114.17666666666666,107.42,108.095,47.28666666666667,46.946666666666665,50.39,112.15857142857143,107.77133928571428,47.09571428571428,48.25839285714285,0.8280515610471988,2.099037919229109,112.16040473316744,109.0585308635856,47.19787533850756,48.02230407155594,1.0,1.0,1.0
171,2020-06-22,214.0,1,29.75,2.13,2.15,-10.14,175.09,112.91,21.43,875.0,328.25,47.56,9.03,5.2524,0,113.54333333333334,108.26,107.2225,47.42333333333333,46.96,50.34,112.82285714285716,107.97446428571428,47.18142857142857,48.15910714285714,0.8790649020626338,2.0891383986853587,112.34780354987558,109.32414942471762,47.288406503880665,47.99042103213829,1.0,1.0,1.0
172,2020-06-23,211.3,1,29.93,2.13,2.15,-10.14,173.55,111.92,21.75,872.0,325.0,46.97,9.13,5.1542,0,112.91,109.8,106.35,47.56,46.87,50.29,113.12571428571428,108.17339285714284,47.19571428571429,48.04053571428572,0.9538857159960014,2.079997397193312,112.24085266240668,109.50317360232329,47.2088048779105,47.92004716785289,1.0,1.0,1.0
173,2020-06-24,218.95,1,30.48,2.13,2.15,-10.14,167.47,111.97,21.06,867.5,324.25,47.18,8.88,5.3467,0,111.92,111.0,105.89,46.97,46.85,50.54,113.2642857142857,108.39053571428572,47.24285714285715,47.92053571428572,0.8379883589844246,1.9586735122099648,112.17313949680502,109.67329956078376,47.20160365843288,47.869009432138895,1.0,1.0,1.0
174,2020-06-25,217.35,1,30.67,2.13,2.15,-10.14,168.69,112.67,21.16,866.5,317.25,47.49,8.92,5.3561,0,111.97,113.52,106.39,47.18,47.13,50.06,113.14285714285714,108.61482142857145,47.29428571428572,47.82875000000001,0.5062587867693157,1.6793376332996623,112.29735462260378,109.87996855659176,47.27370274382466,47.84287085061207,1.0,1.0,1.0
175,2020-06-26,218.35,1,31.34,2.13,2.15,-10.14,162.45,114.99,21.03,860.0,317.0,48.15,8.81,5.484,0,112.67,114.81,107.51,47.49,47.15,50.19,113.16857142857144,108.88196428571428,47.43714285714286,47.75589285714285,0.5062587867693157,1.503724589716647,112.97051596695285,110.23238451820612,47.4927770578685,47.86405217125952,1.0,1.0,1.0
176,2020-06-27,218.78333333333333,1,30.03,2.13,2.15,-10.14,162.3033333333333,114.89666666666666,21.05333333333333,860.5,320.0833333333333,48.193333333333335,8.833333333333334,5.457133333333333,0,114.99,114.17666666666666,107.6,48.15,47.28666666666667,50.04,113.27142857142856,109.14255952380952,47.56666666666666,47.68994047619048,0.5344957570301039,1.3310290675563392,113.45205364188128,110.55405914913445,47.66791612673471,47.88676121691978,1.0,1.0,1.0
177,2020-06-28,219.21666666666667,1,31.57,2.13,2.15,-10.14,162.15666666666667,114.80333333333331,21.076666666666668,861.0,323.1666666666667,48.236666666666665,8.856666666666667,5.430266666666667,0,114.89666666666666,113.54333333333334,107.69,48.193333333333335,47.42333333333333,49.89,113.45142857142856,109.39660714285716,47.682857142857145,47.63089285714285,0.5827205722330387,1.1643663912040634,113.78987356474428,110.84711254114816,47.8101037617177,47.91089262724715,1.0,1.0,1.0
178,2020-06-29,219.65,1,30.44,2.13,2.15,-10.14,162.01,114.71,21.1,861.5,326.25,48.28,8.88,5.4034,0,114.80333333333331,112.91,107.78,48.236666666666665,47.56,49.74,113.70857142857145,109.64410714285714,47.785714285714285,47.57875,0.6388542039268729,1.0075843060418663,114.0199051735582,111.11351857279313,47.927577821288274,47.93634830812666,1.0,1.0,1.0
179,2020-06-30,218.4,1,29.49,2.13,2.15,-10.14,162.54,115.32,21.2,878.75,338.5,48.53,8.92,5.4661,0,114.71,111.92,107.52,48.28,46.97,49.6,114.1942857142857,109.92267857142858,48.00857142857143,47.54053571428572,1.1302826086902604,1.197496745386144,114.34492888016864,111.40362074018668,48.07818336596621,47.97728980411792,1.0,1.0,1.0
180,2020-07-01,219.9,1,30.23,2.31,2.15,-3.04,168.9,115.97,21.84,891.5,348.25,49.51,9.32,5.3174,0,115.32,111.97,105.69,48.53,47.18,48.94,114.76571428571428,110.2898214285714,48.34142857142857,47.56089285714285,1.5335659391736074,1.2685447274805044,114.75119666012648,111.71854344776,48.43613752447465,48.08299395555807,1.0,1.0,1.0
181,2020-07-02,219.65,1,30.78,2.31,2.15,-3.04,165.27,114.44,21.38,891.25,342.5,49.79,9.3,5.3596,0,115.97,112.67,108.25,49.51,47.49,48.66,115.0185714285714,110.51089285714284,48.67,47.60125,2.2338993089319343,1.4977498807245688,114.67339749509486,111.90623010653518,48.77460314335599,48.20071851034716,1.0,1.0,1.0
182,2020-07-03,219.975,1,31.48,2.31,2.15,-3.04,165.4025,114.7875,21.455,893.0625,343.5,49.825,9.3125,5.358750000000001,0,114.44,114.99,107.27,49.79,48.15,48.2,114.98964285714284,110.779375,48.90928571428572,47.65928571428572,2.6335017814026105,1.6792591918839803,114.70192312132116,112.10493837504998,49.03720235751699,48.31273792342666,1.0,1.0,1.0
183,2020-07-04,220.3,1,31.55,2.31,2.15,-3.04,165.53500000000005,115.135,21.53,894.875,344.5,49.86,9.325,5.357900000000001,0,114.7875,114.89666666666666,106.50333333333332,49.825,48.193333333333335,47.97666666666667,115.02369047619048,111.0876488095238,49.14738095238095,47.72654761904762,2.848195812747575,1.8367782289446584,114.81019234099088,112.3139081422879,49.24290176813774,48.41944565284551,1.0,1.0,1.0
184,2020-07-05,220.625,1,30.92,2.31,2.15,-3.04,165.66750000000002,115.4825,21.605,896.6875,345.5,49.895,9.3375,5.35705,0,115.135,114.80333333333331,105.73666666666666,49.86,48.236666666666665,47.75333333333334,115.12071428571429,111.43571428571428,49.38428571428572,47.80303571428572,2.912284852349142,1.9753713484509476,114.97826925574316,112.53243171868183,49.405926326103305,48.52120802161478,1.0,1.0,1.0
185,2020-07-06,220.95,1,30.89,2.31,2.15,-3.04,165.8,115.83,21.68,898.5,346.5,49.93,9.35,5.3562,0,115.4825,114.71,104.97,49.895,48.28,47.53,115.28071428571428,111.82357142857144,49.620000000000005,47.88875,2.828891576398471,2.098131122970852,115.19120194180736,112.7598502208417,49.53694474457748,48.61836608908962,1.0,1.0,1.0
186,2020-07-07,219.55,1,30.51,2.31,2.15,-3.04,165.61,115.9,21.54,896.75,345.0,49.94,9.28,5.379,0,115.83,115.32,102.75,49.93,48.53,47.34,115.36357142857145,112.29321428571428,49.82142857142857,47.981607142857136,0.9007791412007766,2.2227092656456726,115.36840145635551,112.97641227457676,49.63770855843311,48.7095132553593,1.0,1.0,1.0
187,2020-07-08,218.75,1,31.36,2.31,2.15,-3.04,168.08,116.02,21.71,892.5,348.25,50.37,9.42,5.3422,0,115.9,115.97,103.17,49.94,49.51,46.81,115.37071428571429,112.75214285714286,49.94428571428572,48.10875,0.3187587533779676,2.289409318035008,115.53130109226665,113.18631487633009,49.82078141882484,48.824029582575896,1.0,1.0,1.0
188,2020-07-09,218.6,1,30.7,2.31,2.15,-3.04,165.53,116.0,21.74,896.5,351.25,50.31,9.43,5.3413,0,116.02,114.44,104.455,50.37,49.79,46.865,115.59357142857142,113.16446428571427,50.01857142857144,48.231785714285714,0.3423731703171768,2.3537610209774678,115.64847581919996,113.38036212623834,49.94308606411863,48.926510301018936,1.0,1.0,1.0
189,2020-07-10,218.6,1,30.71,2.31,2.15,-3.04,164.59,115.86,21.78,887.25,340.5,50.23,9.44,5.3238,0,116.0,114.7875,105.74,50.31,49.825,46.92,115.74678571428572,113.52589285714284,50.076428571428565,48.35,0.3560339928708617,2.4479564832473897,115.70135686439998,113.55137163477364,50.01481454808897,49.01640614232798,1.0,1.0,1.0
190,2020-07-11,218.38333333333333,1,31.26,2.31,2.15,-3.04,164.79333333333332,115.19666666666669,21.586666666666662,882.8333333333334,338.3333333333333,50.08,9.383333333333333,5.350533333333334,0,115.86,115.135,106.58,50.23,49.86,46.93333333333334,115.75559523809524,113.83363095238096,50.10785714285714,48.46238095238095,0.3596459899584249,2.52547323308243,115.57518431496666,113.6648402576628,50.03111091106673,49.089757442857085,1.0,1.0,1.0
191,2020-07-12,218.16666666666663,1,30.93,2.31,2.15,-3.04,164.99666666666667,114.53333333333332,21.39333333333333,878.4166666666666,336.1666666666667,49.93,9.326666666666666,5.377266666666666,0,115.19666666666669,115.4825,107.42,50.08,49.895,46.946666666666665,115.62,114.08767857142855,50.11285714285714,48.56892857142857,0.3533769707333071,2.588654345573609,115.31472156955832,113.72473633184696,50.005833183300055,49.14770520541866,1.0,1.0,1.0
192,2020-07-13,217.95,1,32.11,2.31,2.15,-3.04,165.2,113.87,21.2,874.0,334.0,49.78,9.27,5.404,0,114.53333333333332,115.83,108.26,49.93,49.93,46.96,115.34000000000002,114.28803571428573,50.09142857142857,48.66964285714285,0.3206781363269351,2.63933772796998,114.95354117716874,113.73475451585752,49.94937488747504,49.191311742976,1.0,1.0,1.0
193,2020-07-14,221.9,1,31.86,2.31,2.15,-3.04,165.56,115.01,21.53,878.0,334.75,49.83,9.33,5.3674,0,113.87,115.9,109.8,49.78,49.94,46.87,115.21285714285716,114.47410714285714,50.07571428571429,48.775357142857146,0.4080538402047832,2.6603522657723437,114.96765588287656,113.82270248028112,49.91953116560627,49.23535920897765,1.0,1.0,1.0
194,2020-07-15,217.85,1,31.57,2.31,2.15,-3.04,168.83,115.09,21.38,880.75,326.25,49.4,9.18,5.3698,0,115.01,116.02,111.0,49.83,50.37,46.85,115.08,114.62017857142855,49.93714285714285,48.86642857142857,0.7193944291340687,2.7761676518289216,114.99824191215744,113.91010230922726,49.78964837420471,49.24671374628954,1.0,1.0,1.0
195,2020-07-16,222.25,1,30.92,2.31,2.15,-3.04,167.21,115.5,21.69,888.25,330.25,49.01,9.2,5.3311,0,115.09,116.0,113.52,49.4,50.31,47.13,115.0085714285714,114.69089285714286,49.75142857142857,48.93357142857143,1.365540103124239,2.9904004056586486,115.12368143411808,114.01975042583229,49.59473628065353,49.23038866033853,1.0,1.0,1.0
196,2020-07-17,222.55,1,31.56,2.31,2.15,-3.04,166.62,116.0,21.54,892.25,333.0,49.43,9.18,5.3849,0,115.5,115.86,114.81,49.01,50.23,47.15,115.02857142857142,114.73339285714285,49.63714285714286,49.015,1.6802568370777955,3.1335441879763266,115.34276107558856,114.15631936198176,49.55355221049015,49.244154959625526,1.0,1.0,1.0
197,2020-07-18,220.13333333333333,1,29.83,2.31,2.15,-3.04,167.04666666666668,116.25666666666666,21.656666666666663,893.75,331.4166666666667,49.45333333333333,9.213333333333331,5.366033333333333,0,116.0,115.19666666666669,114.17666666666666,49.43,50.08,47.28666666666667,115.18,114.80767857142855,49.54761904761904,49.09238095238096,1.7677702880694537,3.2190812683145937,115.57123747335808,114.3011709002359,49.52849749120094,49.258581054364,1.0,1.0,1.0
198,2020-07-19,217.71666666666667,1,30.7,2.31,2.15,-3.04,167.47333333333333,116.51333333333334,21.773333333333333,895.25,329.8333333333333,49.47666666666667,9.246666666666666,5.347166666666666,0,116.25666666666666,114.53333333333332,113.54333333333334,49.45333333333333,49.93,47.42333333333333,115.46285714285716,114.91375,49.48285714285714,49.16571428571429,1.6967838057468154,3.25496185420527,115.80676143835188,114.4537338266564,49.51553978506737,49.273621441419344,1.0,1.0,1.0
199,2020-07-20,215.3,1,30.5,2.31,2.15,-3.04,167.9,116.77,21.89,896.75,328.25,49.5,9.28,5.3283,0,116.51333333333334,113.87,112.91,49.47666666666667,49.78,47.56,115.87714285714286,115.05160714285714,49.442857142857136,49.23500000000001,1.4794710092185386,3.246180351800113,116.04757107876392,114.61347632136976,49.51165483880053,49.28923375580422,1.0,1.0,1.0
200,2020-07-21,221.15,1,30.64,2.31,2.15,-3.04,168.22,116.56,22.43,891.0,322.75,49.62,9.55,5.1713,0,116.77,115.01,111.92,49.5,49.83,46.97,116.09857142857142,115.21732142857142,49.41285714285714,49.32964285714286,0.6907240934270147,3.149476979398343,116.17567830907294,114.74771933368908,49.5387411291004,49.31204522092117,1.0,1.0,1.0
201,2020-07-22,221.65,1,30.82,2.31,2.15,-3.04,170.31,114.85,22.44,894.0,327.5,48.54,9.48,5.1166,0,116.56,115.09,111.97,49.62,49.4,47.18,116.06428571428572,115.32017857142856,49.290000000000006,49.378214285714286,0.6426648742443518,2.994495143113029,115.8442587318047,114.754773172745,49.28905584682529,49.25880072292661,1.0,1.0,1.0
202,2020-07-23,222.4,1,30.39,2.31,2.15,-3.04,168.94,116.08,22.3,900.75,328.0,48.83,9.38,5.2112,0,114.85,115.5,112.67,48.54,49.01,47.49,116.14714285714284,115.44196428571428,49.26428571428571,49.42607142857143,0.7869689837622784,2.849035844590276,115.90319404885352,114.8461681263488,49.17429188511896,49.229228259276496,1.0,1.0,1.0
203,2020-07-24,223.45,1,30.57,2.31,2.15,-3.04,168.75,117.53,22.56,898.75,326.25,49.25,9.46,5.2329,0,116.08,116.0,114.99,48.83,49.43,48.15,116.36571428571428,115.53267857142858,49.23857142857143,49.46535714285715,0.6905438390491426,2.720288102592668,116.30989553664014,115.03125997970405,49.19321891383922,49.23066079311949,1.0,1.0,1.0
204,2020-07-25,222.1833333333333,1,30.79,2.31,2.15,-3.04,168.33333333333334,117.44666666666669,22.60333333333333,898.75,325.8333333333333,49.41,9.513333333333334,5.2035,0,117.53,116.25666666666666,114.89666666666666,49.25,49.45333333333333,48.193333333333335,116.53571428571428,115.62375,49.23238095238095,49.508809523809525,0.5996340531777266,2.5649995717902443,116.59408831914678,115.1978397512187,49.24741418537941,49.243029014283664,1.0,1.0,1.0
205,2020-07-26,220.91666666666663,1,30.72,2.31,2.15,-3.04,167.91666666666666,117.36333333333332,22.64666666666667,898.75,325.4166666666667,49.57,9.566666666666666,5.1741,0,117.44666666666669,116.51333333333334,114.80333333333331,49.41,49.47666666666667,48.236666666666665,116.65714285714286,115.71517857142857,49.24571428571429,49.55642857142857,0.518697129369416,2.383243498853218,116.78639957269344,115.34718413619213,49.32806063903456,49.26557873743651,1.0,1.0,1.0
206,2020-07-27,219.65,1,29.9,2.31,2.15,-3.04,167.5,117.28,22.69,898.75,325.0,49.73,9.62,5.1447,0,117.36333333333332,116.77,114.71,49.57,49.5,48.28,116.73,115.8069642857143,49.27857142857143,49.60821428571428,0.4547456990358293,2.1738630815382893,116.90979967952006,115.48048178197196,49.42854547927592,49.2976077900271,1.0,1.0,1.0
207,2020-07-28,226.4,1,30.18,2.31,2.15,-3.04,166.0,117.09,22.72,887.75,320.0,49.4,9.59,5.1533,0,117.28,116.56,115.32,49.73,49.62,48.53,116.80571428571427,115.87017857142858,49.24714285714286,49.63928571428572,0.3372423850908904,1.4057195333560986,116.95484975964004,115.59148303838768,49.42140910945694,49.304669321749365,1.0,1.0,1.0
208,2020-07-29,226.6,1,31.91,2.31,2.15,-3.04,164.88,116.03,22.44,884.5,315.5,49.79,9.63,5.1692,0,117.09,114.85,115.97,49.4,48.54,49.51,116.9742857142857,115.87232142857144,49.42571428571428,49.64928571428572,0.3261678824260329,1.261120769488166,116.72363731973002,115.62172558746438,49.5135568320927,49.338140403008026,1.0,1.0,1.0
209,2020-07-30,227.0,1,32.29,2.31,2.15,-3.04,163.1,117.52,22.79,886.75,315.75,50.47,9.79,5.1534,0,116.03,116.08,114.44,49.79,48.83,49.79,117.18000000000002,115.98232142857144,49.66,49.67357142857143,0.4152522933327573,1.2458228504993296,116.92272798979752,115.75264106419095,49.75266762406952,49.41619968555919,1.0,1.0,1.0
210,2020-07-31,228.3,1,31.26,2.31,2.15,-3.04,166.18,119.12,22.85,890.25,316.0,50.79,9.74,5.224,0,117.52,117.53,114.7875,50.47,49.25,49.825,117.40714285714286,116.13705357142857,49.88,49.708035714285714,0.7446309713170937,1.2745597187311437,117.47204599234811,115.98487271493642,50.01200071805214,49.51094453483097,1.0,1.0,1.0
211,2020-08-01,228.13333333333333,1,29.09,2.44,2.15,-3.04,165.12,119.46,22.746666666666663,891.1666666666666,316.5,50.95666666666666,9.7,5.256433333333334,0,119.12,117.44666666666669,115.135,50.79,49.41,49.86,117.6947619047619,116.29151785714284,50.10095238095238,49.74720238095238,0.9159251174957468,1.3022998078542452,117.9690344942611,116.22453666563044,50.248167205205775,49.61064950944032,1.0,1.0,1.0
212,2020-08-02,227.96666666666667,1,31.23,2.44,2.15,-3.04,164.06,119.8,22.64333333333333,892.0833333333334,317.0,51.123333333333335,9.66,5.288866666666666,0,119.46,117.36333333333332,115.4825,50.95666666666666,49.57,49.895,118.04285714285716,116.44571428571427,50.32285714285714,49.79107142857142,0.9570912092190303,1.3293834350768514,118.42677587069582,116.47112034386282,50.46695873723766,49.71497253177777,1.0,1.0,1.0
213,2020-08-03,227.8,1,31.32,2.44,2.15,-3.04,163.0,120.14,22.54,893.0,317.5,51.29,9.62,5.3213,0,119.8,117.28,115.83,51.123333333333335,49.73,49.93,118.45142857142856,116.59964285714284,50.54571428571428,49.839642857142856,0.8119635504467716,1.356089247449661,118.85508190302188,116.7241465270447,50.67271905292824,49.82359511579309,1.0,1.0,1.0
214,2020-08-04,226.85,1,30.9,2.44,2.15,-3.04,163.13,120.55,22.75,879.75,308.25,51.97,9.81,5.29,0,120.14,117.09,115.9,51.29,49.4,49.94,118.94571428571427,116.76571428571428,50.91285714285714,49.91214285714285,0.598279089120297,1.3455184442374986,119.2788114272664,116.98799849069678,50.99703928969618,49.97162303884184,1.0,1.0,1.0
215,2020-08-05,226.25,1,31.06,2.44,2.15,-3.04,163.17,120.94,22.83,876.25,311.0,52.14,9.84,5.2902,0,120.55,116.03,116.02,51.97,49.79,50.37,119.64714285714284,116.94142857142856,51.24857142857143,49.97535714285714,0.450395643657384,1.2867682628798207,119.6941085704498,117.2605503189246,51.282779467272135,50.1211662775424,1.0,1.0,1.0
216,2020-08-06,227.4,1,30.29,2.44,1.9,-3.04,163.97,124.31,23.22,874.75,311.25,52.59,9.82,5.3315,0,120.94,117.52,116.0,52.14,50.47,50.31,120.61714285714284,117.23821428571428,51.55142857142857,50.05678571428571,0.2869955398733148,1.229979046655641,120.84808142783736,117.74671926244702,51.609584600454106,50.29143067219464,1.0,1.0,1.0
217,2020-08-07,225.45,1,28.93,2.44,1.9,-3.04,167.14,123.2,22.73,865.75,307.75,52.72,9.73,5.4383,0,124.31,119.12,115.86,52.59,50.79,50.23,121.2,117.50035714285714,51.82714285714286,50.14571428571429,0.2852838026780366,1.210397761451261,121.436061070878,118.1228075891748,51.88718845034058,50.45891821204329,1.0,1.0,1.0
218,2020-08-08,226.46666666666667,1,30.38,2.44,1.9,-3.04,166.54,123.20333333333332,22.676666666666662,867.1666666666666,308.6666666666667,53.01,9.76,5.4526,0,123.2,119.46,115.19666666666669,52.72,50.95666666666666,50.08,121.7347619047619,117.78630952380952,52.12047619047619,50.25035714285714,0.3074855968791496,1.1846914932744748,121.87787913649184,118.47318867497884,52.16789133775544,50.63485488707478,1.0,1.0,1.0
219,2020-08-09,227.4833333333333,1,31.58,2.44,1.9,-3.04,165.94,123.20666666666666,22.62333333333333,868.5833333333334,309.5833333333333,53.3,9.79,5.4669,0,123.20333333333332,119.8,114.53333333333332,53.01,51.123333333333335,49.93,122.22142857142856,118.09607142857142,52.43142857142857,50.37071428571429,0.3697734797166059,1.150178385058981,122.21007601903554,118.79963543302628,52.45091850331657,50.818657998311,1.0,1.0,1.0
220,2020-08-10,228.5,1,32.33,2.44,1.9,-3.04,165.34,123.21,22.57,870.0,310.5,53.59,9.82,5.4812,0,123.20666666666666,120.14,113.87,53.3,51.29,49.78,122.65999999999998,118.42964285714284,52.760000000000005,50.50678571428572,0.4668279604619565,1.103157104889943,122.46005701427664,119.10379850661069,52.73568887748743,51.00978503291024,1.0,1.0,1.0
221,2020-08-11,227.2,1,32.31,2.44,1.9,-3.04,168.12,124.05,22.95,870.5,311.5,54.28,10.04,5.38,0,123.21,120.55,115.01,53.59,51.97,49.83,123.16,118.7525,53.09,50.66571428571428,0.7175680141095647,1.0142465340057476,122.85754276070747,119.44491585098234,53.12176665811557,51.235317099606085,1.0,1.0,1.0
222,2020-08-12,226.3,1,33.32,2.44,1.9,-3.04,169.96,124.9,22.9,880.5,314.5,54.78,10.04,5.4333,0,124.05,120.94,115.09,54.28,52.14,49.4,123.72571428571428,119.10285714285716,53.46714285714285,50.85785714285714,1.2193866715989283,1.2463831289742668,123.36815707053064,119.8211285509146,53.53632499358668,51.47977798928842,1.0,1.0,1.0
223,2020-08-13,227.85,1,34.26,2.44,1.9,-3.04,169.57,126.23,23.51,896.25,325.25,55.16,10.27,5.369,0,124.9,124.31,115.5,54.78,52.59,49.01,124.0,119.48607142857144,53.83428571428571,51.0775,1.558511121582893,1.5045477356619774,124.08361780289798,120.26311968533427,53.942243745190005,51.733586403820254,1.0,1.0,1.0
224,2020-08-14,224.75,1,33.91,2.44,1.9,-3.04,171.44,127.26,23.44,897.0,324.5,55.51,10.22,5.4204,0,126.23,123.2,116.0,55.16,52.72,49.43,124.58,119.88821428571428,54.23285714285714,51.29464285714285,1.7453079307790864,1.765713884393128,124.87771335217349,120.74566315531122,54.3341828088925,51.99402872079816,1.0,1.0,1.0
225,2020-08-15,225.63333333333333,1,34.77,2.44,1.9,-3.04,172.49666666666667,128.06333333333333,23.48,903.0833333333334,326.6666666666667,55.67,10.203333333333331,5.449933333333333,0,127.26,123.20333333333332,116.25666666666666,55.51,53.01,49.45333333333333,125.27428571428572,120.30988095238096,54.612857142857145,51.51666666666666,1.6795421036705935,1.9628732006451148,125.67411834746343,121.25033006414031,54.66813710666938,52.24754398143277,1.0,1.0,1.0
226,2020-08-16,226.51666666666668,1,34.5,2.44,1.9,-3.04,173.55333333333334,128.86666666666667,23.52,909.1666666666666,328.8333333333333,55.83,10.186666666666667,5.479466666666667,0,128.06333333333333,123.20666666666666,116.51333333333334,55.67,53.3,49.47666666666667,126.08285714285714,120.75107142857144,54.97428571428571,51.74357142857143,1.4183603321242788,2.1122525080096684,126.47225542726426,121.77559465741798,54.95860283000204,52.49460991374775,1.0,1.0,1.0
227,2020-08-17,227.4,1,34.66,2.44,1.9,-3.04,174.61,129.67,23.56,915.25,331.0,55.99,10.17,5.509,0,128.86666666666667,123.21,116.77,55.83,53.59,49.5,127.00571428571428,121.21178571428572,55.31714285714286,51.97535714285714,0.9201325942098424,2.2218139179878644,127.27169157044818,122.32003640518226,55.21645212250153,52.735671299006526,1.0,1.0,1.0
228,2020-08-18,226.2,1,36.19,2.44,1.9,-3.04,173.81,131.09,23.97,913.75,327.0,57.63,10.54,5.4666,0,129.67,124.05,116.56,55.99,54.28,49.62,128.01142857142855,121.73071428571428,55.79571428571428,52.26142857142857,0.3823919229848522,2.296073360539887,128.22626867783617,122.92486148068691,55.81983909187615,53.07321120941987,1.0,1.0,1.0
229,2020-08-19,227.2,1,35.31,2.44,1.9,-3.04,172.2,131.12,23.74,914.0,325.0,58.64,10.62,5.5575,0,131.09,124.9,114.85,57.63,54.78,48.54,128.9,122.31178571428572,56.34714285714285,52.62214285714286,0.2938330622621065,2.384527066540153,128.9497015083771,123.4900434475361,56.52487931890711,53.45712767773574,1.0,1.0,1.0
230,2020-08-20,225.2,1,34.9,2.44,1.9,-3.04,173.18,133.2,23.97,905.25,324.5,59.01,10.62,5.5568,0,131.12,126.23,116.08,58.64,55.16,48.83,129.8957142857143,122.92321428571428,56.89714285714285,52.98571428571428,0.2951497563651523,2.4037879215685685,130.01227613128282,124.15969562356808,57.146159489180334,53.84008438961604,1.0,1.0,1.0
231,2020-08-21,229.25,1,30.94,2.44,1.9,-3.04,173.86,132.8,23.68,904.75,327.0,59.6,10.63,5.6192,0,133.2,127.26,117.53,59.01,55.51,49.25,130.68714285714285,123.46857142857142,57.48142857142857,53.35535714285714,0.5146934010163504,2.3800106798425658,130.70920709846212,124.75557868401164,57.75961961688525,54.23731994895286,1.0,1.0,1.0
232,2020-08-22,229.31666666666663,1,31.7,2.44,1.9,-3.04,174.31,132.49333333333334,23.636666666666667,905.0833333333334,328.5833333333333,59.71,10.653333333333334,5.616133333333334,0,132.8,128.06333333333333,117.44666666666669,59.6,55.67,49.41,131.32,124.00595238095238,58.05857142857143,53.723214285714285,0.6193658522671055,2.329517807855754,131.15523865717992,125.289216935689,58.24721471266394,54.6147461593699,1.0,1.0,1.0
233,2020-08-23,229.38333333333333,1,33.08,2.44,1.9,-3.04,174.76000000000002,132.18666666666667,23.593333333333334,905.4166666666666,330.1666666666667,59.82,10.676666666666666,5.613066666666667,0,132.49333333333334,128.86666666666667,117.36333333333332,59.71,55.83,49.57,131.7942857142857,124.53535714285717,58.62857142857143,54.08928571428572,0.6792195734978466,2.2472967005525497,131.41309565955163,125.76490312403229,58.64041103449795,54.97372918286163,1.0,1.0,1.0
234,2020-08-24,229.45,1,34.15,2.44,1.9,-3.04,175.21,131.88,23.55,905.75,331.75,59.93,10.7,5.61,0,132.18666666666667,129.67,117.28,59.82,55.99,49.73,132.11,125.05678571428572,59.191428571428574,54.45357142857143,0.7162832386718251,2.126182650760756,131.5298217446637,126.18663394306456,58.96280827587346,55.31554096335393,1.0,1.0,1.0
235,2020-08-25,228.6,1,34.93,2.44,1.9,-3.04,174.92,132.98,24.07,920.25,340.75,60.41,10.94,5.5075,0,131.88,131.09,117.09,59.93,57.63,49.4,132.38000000000002,125.6242857142857,59.58857142857143,54.84678571428572,0.7368441008942245,2.0141741638585384,131.89236630849777,126.65514194699112,59.324606206905095,55.66688296588124,1.0,1.0,1.0
236,2020-08-26,227.85,1,34.34,2.44,1.9,-3.04,175.26,133.72,23.88,924.25,340.5,60.7,10.84,5.6054,0,132.98,131.12,116.03,60.41,58.64,49.79,132.75142857142856,126.25607142857145,59.88285714285714,55.236428571428576,0.8030200930481057,1.9202411655268268,132.34927473137333,127.1423735368538,59.66845465517882,56.01399448547564,1.0,1.0,1.0
237,2020-08-27,234.25,1,34.84,2.44,1.9,-3.04,176.45,134.79,24.2,942.0,344.25,60.87,10.93,5.5691,0,133.72,133.2,117.52,60.7,59.01,50.47,132.97857142857143,126.87285714285714,60.14857142857142,55.60785714285714,1.0137264275133775,1.86208175309582,132.95945604853,127.66979605155352,59.96884099138411,56.348891417511794,1.0,1.0,1.0
238,2020-08-28,236.65,1,35.23,2.44,1.9,-3.04,172.1,136.63,25.26,950.5,346.0,60.97,11.27,5.3881,0,134.79,132.8,119.12,60.87,59.6,50.79,133.5257142857143,127.4982142857143,60.34428571428572,55.971428571428575,1.1324672561118894,1.84847030279484,133.8770920363975,128.2877411514464,60.21913074353808,56.66758856113167,1.0,1.0,1.0
239,2020-08-29,236.96666666666667,1,36.3,2.44,1.9,-3.04,171.72333333333333,137.00666666666666,25.226666666666667,951.5,346.8333333333333,61.06333333333333,11.24,5.422533333333333,0,136.63,132.49333333333334,119.46,60.97,59.71,50.95666666666666,134.1704761904762,128.12488095238095,60.53761904761905,56.33238095238095,1.0886378765694635,1.8253326468178173,134.6594856939648,128.8890463593926,60.430181390986895,56.97074337300764,1.0,1.0,1.0
240,2020-08-30,237.28333333333333,1,36.26,2.44,1.9,-3.04,171.34666666666666,137.38333333333333,25.19333333333333,952.5,347.6666666666667,61.156666666666666,11.21,5.456966666666666,0,137.00666666666666,132.18666666666667,119.8,61.06333333333333,59.82,51.123333333333335,134.91285714285715,128.75285714285715,60.72857142857142,56.69071428571429,0.9557276910809712,1.7952599468157766,135.34044760380692,129.47485925414713,60.61180270990684,57.25942773808757,1.0,1.0,1.0
241,2020-08-31,237.6,1,36.17,2.44,1.9,-3.04,170.97,137.76,25.16,953.5,348.5,61.25,11.18,5.4914,0,137.38333333333333,131.88,120.14,61.156666666666666,59.93,51.29,135.75285714285715,129.38214285714284,60.91714285714285,57.04642857142857,0.7839272607271817,1.7606325643475396,135.94533570285515,130.0462482711025,60.77135203243013,57.534639618219465,1.0,1.0,1.0
242,2020-09-01,237.6,1,35.68,3.14,1.9,-3.04,168.94,137.22,25.47,954.75,349.5,60.92,11.31,5.396,0,137.76,132.98,120.55,61.25,60.41,51.97,136.35857142857142,129.9775,60.99,57.36607142857143,0.775722909126626,1.6848522647971331,136.26400177714137,130.54098976964715,60.808514024322605,57.76811274799743,1.0,1.0,1.0
243,2020-09-02,238.95,1,34.38,3.14,1.9,-3.04,167.9,136.57,25.5,962.0,349.75,60.36,11.27,5.3403,0,137.22,133.72,120.94,60.92,60.7,52.14,136.76571428571427,130.53571428571428,60.941428571428574,57.659642857142856,0.7940692864881939,1.6032242659868845,136.34050133285604,130.956783578637,60.696385518241954,57.946863592963126,1.0,1.0,1.0
244,2020-09-03,239.85,1,34.23,3.14,1.9,-3.04,167.1,136.68,25.84,966.0,344.5,59.11,11.17,5.2914,0,136.57,134.79,124.31,60.36,60.87,52.59,137.03571428571428,130.9775,60.69,57.8925,0.6692633104261954,1.5469659198745371,136.42537599964203,131.35148815942063,60.29978913868146,58.0270798968967,1.0,1.0,1.0
245,2020-09-04,240.45,1,33.79,3.14,1.9,-3.04,164.89,134.08,25.27,968.0,347.25,59.06,11.13,5.3012,0,136.68,136.63,123.2,59.11,60.97,52.72,136.67142857142855,131.36607142857142,60.41714285714285,58.118928571428576,0.5420210771458659,1.4845186160971489,135.83903199973153,131.53966138980545,59.9898418540111,58.09831576607624,1.0,1.0,1.0
246,2020-09-05,241.3125,1,35.37,3.14,1.9,-3.04,164.255,134.35250000000002,25.2575,969.25,348.1875,58.955,11.0825,5.31685,0,134.08,137.00666666666666,123.20333333333332,59.06,61.06333333333333,53.01,136.29226190476192,131.76425595238095,60.11595238095238,58.33125,0.4688316822232525,1.4269844915236194,135.46739899979866,131.73365025947405,59.73113139050832,58.15739743738132,1.0,1.0,1.0
247,2020-09-06,242.175,1,35.24,3.14,1.9,-3.04,163.62,134.625,25.245,970.5,349.125,58.85,11.035,5.3325,0,134.35250000000002,137.38333333333333,123.20666666666666,58.955,61.156666666666666,53.3,135.8982142857143,132.17205357142856,59.78642857142857,58.52946428571428,0.4675830713030495,1.3756904584056138,135.256799249849,131.93305368985514,59.51084854288124,58.20516313135502,1.0,1.0,1.0
248,2020-09-07,243.0375,1,35.52,3.14,1.9,-3.04,162.985,134.89749999999998,25.2325,971.75,350.0625,58.745000000000005,10.9875,5.34815,0,134.625,137.76,123.21,58.85,61.25,53.59,135.4892857142857,132.58946428571429,59.42857142857143,58.71357142857143,0.5309096448720413,1.3320787797357314,135.16697443738673,132.13749826296856,59.31938640716093,58.24239326022709,1.0,1.0,1.0
249,2020-09-08,243.9,1,36.8,3.14,1.9,-3.04,162.35,135.17,25.22,973.0,351.0,58.64,10.94,5.3638,0,134.89749999999998,137.22,124.05,58.745000000000005,60.92,54.28,135.19642857142858,132.98660714285714,59.10285714285715,58.86928571428571,0.5935312432656235,1.3242762551341156,135.16773082804005,132.3466363137983,59.14953980537069,58.26981441469419,1.0,1.0,1.0
250,2020-09-09,247.1,1,37.03,3.14,1.9,-3.04,163.33,136.68,25.84,978.75,350.0,58.15,10.99,5.3078,0,135.17,136.57,124.9,58.64,60.36,54.78,135.21214285714285,133.4073214285714,58.78714285714285,58.98964285714286,0.5776198082258615,1.321492159826708,135.54579812103003,132.64548898181224,58.89965485402802,58.26155135161183,1.0,1.0,1.0
251,2020-09-10,247.45,1,36.79,3.14,1.9,-3.04,159.37,135.83,25.55,977.5,357.25,58.38,10.98,5.321,0,136.68,136.68,126.23,58.15,59.11,55.16,135.0907142857143,133.75017857142856,58.682857142857145,59.10464285714285,0.4228471885867008,1.2853306760716456,135.61684859077252,132.86511043134243,58.76974114052101,58.26972022391446,1.0,1.0,1.0
252,2020-09-11,245.65,1,37.06,3.14,1.9,-3.04,158.66,137.4,25.76,996.0,365.0,58.99,11.06,5.3189,0,135.83,134.08,127.26,58.38,59.06,55.51,135.565,134.11232142857142,58.67285714285715,59.22892857142857,0.3679393112082388,1.2119997170782344,136.06263644307938,133.17786143607742,58.82480585539077,58.31939469123071,1.0,1.0,1.0
253,2020-09-12,246.63333333333333,1,36.44,3.14,1.9,-3.04,159.59,137.04333333333335,25.78333333333333,997.1666666666666,362.5,59.22666666666667,11.143333333333334,5.3028,0,137.4,134.35250000000002,128.06333333333333,58.99,58.955,55.67,135.94940476190476,134.43303571428572,58.711666666666666,59.35595238095238,0.4067419705537204,1.1530055386890388,136.30781066564288,133.44444570485368,58.92527105820974,58.38196517229525,1.0,1.0,1.0
254,2020-09-13,247.61666666666667,1,34.68,3.14,1.9,-3.04,160.51999999999998,136.68666666666667,25.806666666666665,998.3333333333334,360.0,59.46333333333334,11.226666666666668,5.2867,0,137.04333333333335,134.625,128.86666666666667,59.22666666666667,58.85,55.83,136.24392857142857,134.7123214285714,58.79928571428572,59.48571428571428,0.5272751963166096,1.118631940589084,136.40252466589882,133.66804715049597,59.05978662699064,58.4565422868496,1.0,1.0,1.0
255,2020-09-14,248.6,1,35.29,3.14,1.9,-3.04,161.45,136.33,25.83,999.5,357.5,59.7,11.31,5.2706,0,136.68666666666667,134.89749999999998,129.67,59.46333333333334,58.745000000000005,55.99,136.44857142857146,134.95017857142858,58.93571428571429,59.61821428571428,0.6931589916842569,1.1175615401655157,136.38439349942414,133.85163010563417,59.21983997024297,58.54229799120479,1.0,1.0,1.0
256,2020-09-15,247.5,1,35.51,3.14,1.9,-3.04,163.42,136.98,25.91,995.75,366.0,58.97,11.16,5.2748,0,136.33,135.17,131.09,59.7,58.64,57.63,136.70714285714286,135.16053571428571,58.98285714285714,59.66607142857144,0.8348994806889953,1.137888830217905,136.5332951245681,134.06737975352146,59.15737997768223,58.57179468146653,1.0,1.0,1.0
257,2020-09-16,250.9,1,35.79,3.14,1.9,-3.04,165.46,138.46,26.42,1015.25,371.75,58.88,11.24,5.2377,0,136.98,136.68,131.12,58.97,58.15,58.64,136.96142857142857,135.42267857142858,59.08714285714286,59.67464285714285,0.6851992113110292,1.0927206591413283,137.01497134342608,134.37031908086482,59.08803498326167,58.593050220675735,1.0,1.0,1.0
258,2020-09-17,250.5,1,36.84,3.14,1.9,-3.04,165.95,139.16,26.57,1031.25,375.25,58.48,11.16,5.2394,0,138.46,135.83,133.2,58.88,58.38,59.01,137.43714285714285,135.6355357142857,59.10142857142858,59.65571428571428,0.5135987475324929,1.078669659734909,137.55122850756956,134.70064190287414,58.93602623744625,58.58525365373258,1.0,1.0,1.0
259,2020-09-18,248.0,1,37.2,3.14,1.9,-3.04,164.34,139.1,25.92,1047.25,378.5,58.48,10.9,5.3876,0,139.16,137.4,132.8,58.48,58.99,59.6,137.68,135.86053571428573,59.02857142857143,59.61571428571428,0.4134326191893661,1.1461176347966289,137.93842138067717,135.00404590957248,58.822019678084686,58.57799478106136,1.0,1.0,1.0
260,2020-09-19,248.61666666666667,1,37.21,3.14,1.9,-3.04,163.9,140.90666666666667,26.19666666666667,1040.6666666666667,375.5833333333333,58.71666666666666,10.916666666666666,5.3961,0,139.1,137.04333333333335,132.49333333333334,58.48,59.22666666666667,59.71,138.2319047619048,136.16101190476192,58.95571428571429,59.580238095238094,0.2838007349186751,1.1957812525682288,138.68048270217454,135.41112320316518,58.79568142523018,58.58755835937897,1.0,1.0,1.0
261,2020-09-20,249.2333333333333,1,35.37,3.14,1.9,-3.04,163.46,142.71333333333334,26.473333333333333,1034.0833333333333,372.6666666666667,58.95333333333333,10.933333333333334,5.4046,0,140.90666666666667,136.68666666666667,132.18666666666667,58.71666666666666,59.46333333333334,59.82,139.09285714285713,136.53696428571428,58.88285714285714,59.54928571428572,0.2057616788380289,1.2316500409077369,139.68869535996424,135.91472390179746,58.83509440225596,58.61278421965168,1.0,1.0,1.0
262,2020-09-21,249.85,1,34.33,3.14,1.9,-3.04,163.02,144.52,26.75,1027.5,369.75,59.19,10.95,5.4131,0,142.71333333333334,136.33,131.88,58.95333333333333,59.7,59.93,140.26285714285714,136.98839285714286,58.81,59.52285714285715,0.2271453528809021,1.2566413718932503,140.8965215199732,136.50819121891487,58.92382080169197,58.65259220450329,1.0,1.0,1.0
263,2020-09-22,251.3,1,27.1,3.14,1.9,-3.04,161.95,147.33,26.96,1024.5,369.25,59.91,10.96,5.4704,0,144.52,136.98,132.98,59.19,58.97,60.41,141.74142857142857,137.50089285714287,58.944285714285705,59.505,0.2729115710649031,1.2726663664963018,142.5048911399799,137.2545228589897,59.170365601268976,58.73930998350306,1.0,1.0,1.0
264,2020-09-23,254.2,1,34.09,3.14,1.9,-3.04,157.83,149.85,26.87,1018.75,368.5,60.95,10.93,5.5943,0,147.33,138.46,133.72,59.91,58.88,60.7,143.36857142857144,138.07696428571427,59.24,59.513928571428565,0.2811476319075631,1.28369477776134,144.34116835498492,138.12317645492143,59.61527420095173,58.89177136395112,1.0,1.0,1.0
265,2020-09-24,252.55,1,35.45,3.14,1.9,-3.04,159.36,150.86,27.35,1003.25,363.5,61.28,11.11,5.5089,0,149.85,139.16,134.79,60.95,58.48,60.87,145.04000000000002,138.65089285714285,59.63999999999999,59.52857142857143,0.4661644527950013,1.2669181983171915,145.9708762662387,139.00157807871994,60.0314556507138,59.0564767871269,1.0,1.0,1.0
266,2020-09-25,255.65,1,35.77,3.14,1.9,-3.04,162.13,146.63,26.45,1006.25,365.25,62.45,11.26,5.5624,0,150.86,139.1,136.63,61.28,58.48,60.97,146.1157142857143,139.0080357142857,60.207142857142856,59.58142857142857,0.4896386746811754,1.2184749529732744,146.13565719967903,139.5276761422565,60.63609173803535,59.29051287077332,1.0,1.0,1.0
267,2020-09-26,255.66666666666663,1,32.75,3.14,1.9,-3.04,162.82666666666665,147.34,26.433333333333334,1004.25,365.75,62.440000000000005,11.2,5.595833333333333,0,146.63,140.90666666666667,137.00666666666666,62.45,58.71666666666666,61.06333333333333,147.0347619047619,139.37708333333333,60.73904761904762,59.63059523809524,0.527677923479089,1.18692509803589,146.43674289975928,140.06645709796294,61.087068803526506,59.5077188796855,1.0,1.0,1.0
268,2020-09-27,255.6833333333333,1,35.2,3.14,1.9,-3.04,163.52333333333334,148.04999999999998,26.416666666666664,1002.25,366.25,62.43,11.14,5.629266666666667,0,147.34,142.71333333333334,137.38333333333333,62.440000000000005,58.95333333333333,61.156666666666666,147.79714285714286,139.7580357142857,61.23571428571428,59.67607142857143,0.5482753830777968,1.1725665219671917,146.84005717481946,140.6170462636207,61.42280160264488,59.70925550867271,1.0,1.0,1.0
269,2020-09-28,255.7,1,38.73,3.14,1.9,-3.04,164.22,148.76,26.4,1000.25,366.75,62.42,11.08,5.6627,0,148.04999999999998,144.52,137.76,62.43,59.19,61.25,148.40285714285716,140.15089285714288,61.69714285714286,59.71785714285714,0.5091948203554807,1.1746662589292454,147.3200428811146,141.1786292799227,61.67210120198367,59.89620340462631,1.0,1.0,1.0
270,2020-09-29,256.0,1,40.19,3.14,1.9,-3.04,161.49,149.45,26.52,997.0,364.75,63.28,11.23,5.6344,0,148.76,147.33,137.22,62.42,59.91,60.92,148.7057142857143,140.58767857142857,62.17857142857143,59.80214285714286,0.496372327518174,1.260888900683503,147.85253216083595,141.749068639928,62.07407590148775,60.12956868706588,1.0,1.0,1.0
271,2020-09-30,256.7,1,37.45,3.14,1.9,-3.04,162.65,148.12,26.37,1027.25,379.0,63.63,11.33,5.6112,0,149.45,149.85,136.57,63.28,60.95,60.36,148.45857142857145,141.00017857142856,62.56142857142857,59.91892857142857,0.4421858711771062,1.2664279685235604,147.91939912062696,142.1884432164847,62.46305692611581,60.3709777431303,1.0,1.0,1.0
272,2020-10-01,256.8,1,35.81,3.92,1.9,-0.33,165.51,152.24,26.94,1027.25,382.75,64.22,11.36,5.6437,0,148.12,150.86,136.68,63.63,61.28,59.11,148.65571428571428,141.55589285714285,62.98142857142857,60.10142857142858,0.4684078305163785,1.2143775189958068,148.99954934047022,142.88165402914092,62.902292694586855,60.6364275539489,1.0,1.0,1.0
273,2020-10-02,258.05,1,38.31,3.92,1.9,-0.33,163.8,151.86,26.84,1024.75,379.75,64.75,11.45,5.6851,0,152.24,146.63,134.08,64.22,62.45,59.06,149.40285714285713,142.19089285714287,63.31,60.30464285714286,0.4076585428097757,1.1634326425472472,149.71466200535266,143.50085030299326,63.36421952094014,60.920122205400695,1.0,1.0,1.0
274,2020-10-03,257.93333333333334,1,37.53,3.92,1.9,-0.33,163.29666666666668,153.24666666666667,27.246666666666663,1024.8333333333333,379.6666666666667,64.95333333333333,11.55,5.648166666666667,0,151.86,147.34,134.35250000000002,64.75,62.440000000000005,58.955,150.24666666666667,142.8656845238095,63.66904761904762,60.51886904761905,0.3464592524423022,1.1285249744766166,150.59766317068116,144.17297556945348,63.761497974038434,61.19827469698226,1.0,1.0,1.0
275,2020-10-04,257.81666666666666,1,37.71,3.92,1.9,-0.33,162.79333333333332,154.63333333333335,27.65333333333333,1024.9166666666667,379.5833333333333,65.15666666666667,11.65,5.611233333333334,0,153.24666666666667,148.04999999999998,134.625,64.95333333333333,62.43,58.85,151.18714285714285,143.58026785714284,64.05857142857143,60.744107142857146,0.28689043631047,1.1105666510321717,151.6065807113442,144.89437955316933,64.11029014719549,61.47126724661567,1.0,1.0,1.0
276,2020-10-05,257.7,1,38.51,3.92,1.9,-0.33,162.29,156.02,28.06,1025.0,379.5,65.36,11.75,5.5743,0,154.63333333333335,148.76,134.89749999999998,65.15666666666667,62.42,58.745000000000005,152.22428571428574,144.33464285714285,64.47857142857143,60.98035714285714,0.2306777945433495,1.1097359481939446,152.70993553350814,145.66166372191626,64.42271761039662,61.73945571236631,1.0,1.0,1.0
277,2020-10-06,253.55,1,36.56,3.92,1.9,-0.33,163.64,155.64,27.79,1045.5,385.0,65.48,11.69,5.593,0,156.02,149.45,135.17,65.36,63.28,58.64,153.10857142857142,145.06571428571428,64.79285714285714,61.22464285714286,0.3043695390868681,1.133922484671921,153.4424516501311,146.34982484454272,64.68703820779747,61.99742428392725,1.0,1.0,1.0
278,2020-10-07,258.0,1,36.04,3.92,1.9,-0.33,164.78,159.22,28.35,1051.5,388.75,67.26,11.97,5.6097,0,155.64,148.12,136.68,65.48,63.63,58.15,154.69428571428574,145.87071428571429,65.31142857142856,61.55,0.6209374085232201,1.135367522183122,154.8868387375983,147.23742313112598,65.3302786558481,62.36036054020813,1.0,1.0,1.0
279,2020-10-08,255.3,1,37.61,3.92,1.9,-0.33,166.14,159.88,28.61,1048.0,387.0,67.55,12.09,5.5987,0,159.22,152.24,135.83,67.26,64.22,58.38,155.78571428571428,146.72964285714286,65.78714285714285,61.8775,0.669776081983673,1.105094059261933,156.13512905319874,148.10932498415175,65.88520899188607,62.71826670984895,1.0,1.0,1.0
280,2020-10-09,261.6,1,36.61,3.92,1.9,-0.33,164.69,155.85,28.17,1065.75,395.0,68.12,12.31,5.5318,0,159.88,151.86,137.4,67.55,64.75,58.99,156.3557142857143,147.38857142857142,66.26857142857143,62.20357142857143,0.6294863471290496,1.096449556439345,156.06384678989906,148.64316464041715,66.44390674391455,63.090800040204186,1.0,1.0,1.0
281,2020-10-10,261.675,1,33.62,3.92,1.9,-0.33,164.88,156.32,28.2025,1056.0833333333333,393.0,68.36250000000001,12.3325,5.531733333333333,0,155.85,153.24666666666667,137.04333333333335,68.12,64.95333333333333,59.22666666666667,156.79476190476188,148.0770238095238,66.75559523809524,62.5298511904762,0.5213953022629435,1.0708120713089444,156.1278850924243,149.1726015617677,66.92355505793591,63.45436555467286,1.0,1.0,1.0
282,2020-10-11,261.75,1,29.25,3.92,1.9,-0.33,165.07,156.79,28.235,1046.4166666666667,391.0,68.605,12.355,5.531666666666666,0,156.32,154.63333333333335,136.68666666666667,68.36250000000001,65.15666666666667,59.46333333333334,157.10285714285715,148.79500000000002,67.24821428571428,62.85633928571429,0.4727427569863859,1.0409437423386654,156.2934138193182,149.69793938509406,67.34391629345194,63.809581723316114,1.0,1.0,1.0
283,2020-10-12,261.825,1,32.24,3.92,1.9,-0.33,165.26,157.26,28.2675,1036.75,389.0,68.8475,12.3775,5.5316,0,156.79,156.02,136.33,68.605,65.36,59.7,157.28,149.54250000000002,67.74642857142858,63.18303571428572,0.5779132058248614,1.0173225273796076,156.53506036448866,150.2194608068117,67.71981222008895,64.15702436308742,1.0,1.0,1.0
284,2020-10-13,261.9,1,32.34,3.92,1.9,-0.33,162.83,157.73,28.3,1047.0,391.25,69.09,12.4,5.5693,0,157.26,155.64,136.98,68.8475,65.48,58.97,157.57857142857142,150.28357142857143,68.26214285714286,63.54446428571429,0.606475263218002,1.006933918154695,156.8337952733665,150.7374290270316,68.06235916506671,64.49722957942622,1.0,1.0,1.0
285,2020-10-14,263.35,1,32.14,3.92,1.9,-0.33,162.06,157.66,28.14,1057.25,396.5,69.53,12.41,5.5912,0,157.73,159.22,138.46,69.09,67.26,58.88,157.3557142857143,150.96928571428572,68.58642857142857,63.92482142857144,0.5653245410665456,0.968169742464745,157.04034645502486,151.2148477148225,68.42926937380003,64.8443171946382,1.0,1.0,1.0
286,2020-10-15,261.45,1,34.93,3.92,1.9,-0.33,162.43,157.01,27.98,1062.0,403.75,70.3,12.53,5.6126,0,157.66,159.88,139.16,69.53,67.55,58.48,156.94571428571427,151.6067857142857,68.97928571428572,64.3469642857143,0.6449679631321309,0.931961173985318,157.03275984126864,151.6145133896623,68.89695203035002,65.22057118121486,1.0,1.0,1.0
287,2020-10-16,263.65,1,34.74,3.92,1.9,-0.33,163.31,159.44,28.24,1050.25,402.0,70.72,12.53,5.6428,0,157.01,155.85,139.1,70.3,68.12,58.48,157.45857142857145,152.3332142857143,69.35071428571429,64.78410714285715,0.6851783619996636,0.9396512581585508,157.63456988095146,152.15420212140975,69.35271402276251,65.59984213423452,1.0,1.0,1.0
288,2020-10-17,263.8666666666667,1,37.38,3.92,1.9,-0.33,161.80333333333334,158.93,28.22,1051.5,403.0833333333333,70.97666666666666,12.606666666666666,5.630833333333333,0,159.44,156.32,140.90666666666667,70.72,68.36250000000001,58.71666666666666,157.83142857142855,152.97690476190476,69.72416666666666,65.2219642857143,0.9283692087486332,1.001213287491554,157.9584274107136,152.62149852682978,69.75870218373855,65.97065761922984,1.0,1.0,1.0
289,2020-10-18,264.0833333333333,1,33.51,3.92,1.9,-0.33,160.29666666666665,158.42,28.2,1052.75,404.1666666666667,71.23333333333333,12.683333333333334,5.618866666666667,0,158.93,156.79,142.71333333333334,70.97666666666666,68.605,58.95333333333333,158.06428571428572,153.53785714285712,70.09964285714285,65.66053571428571,1.2718683027693267,1.1383360661204531,158.07382055803518,153.02139518015187,70.12735997113725,66.33360077192664,1.0,1.0,1.0
290,2020-10-19,264.3,1,27.1,3.92,1.9,-0.33,158.79,157.91,28.18,1054.0,405.25,71.49,12.76,5.6069,0,158.42,157.26,144.52,71.23333333333333,68.8475,59.19,158.15714285714284,154.01607142857142,70.47714285714287,66.09982142857142,1.6509292374103457,1.351510047167182,158.03286541852637,153.3585403401414,70.46801997835294,66.68921451179376,1.0,1.0,1.0
291,2020-10-20,266.45,1,34.94,3.92,1.9,-0.33,158.58,161.05,28.77,1063.75,408.75,73.33,13.1,5.6054,0,157.91,157.73,147.33,71.49,69.09,59.91,158.6314285714286,154.50607142857143,71.08285714285714,66.57910714285715,1.6280638306688924,1.5108412457431522,158.7871490638948,153.88898583392472,71.18351498376471,67.14719971787694,1.0,1.0,1.0
292,2020-10-21,268.7,1,35.51,3.92,1.9,-0.33,160.0,159.47,28.44,1071.5,413.75,75.39,13.45,5.6066,0,161.05,157.66,149.85,73.33,69.53,60.95,158.89,154.84964285714287,71.91999999999999,67.09482142857142,1.511855192287478,1.7057304212092532,158.95786179792108,154.27388336261956,72.23513623782353,67.71566870285095,1.0,1.0,1.0
293,2020-10-22,269.65,1,36.67,3.92,1.9,-0.33,158.93,164.13,29.32,1072.25,416.25,77.33,13.81,5.5893,0,159.47,157.01,150.86,75.39,70.3,61.28,159.90714285714284,155.32357142857146,72.92428571428572,67.66803571428572,1.3013776060264246,1.8995161694499831,160.25089634844082,154.95361554450787,73.50885217836765,68.3787260336888,1.0,1.0,1.0
294,2020-10-23,269.1,1,33.51,3.92,1.9,-0.33,159.29,164.23,29.18,1081.0,419.25,78.82,14.01,5.6175,0,164.13,159.44,146.63,77.33,70.72,62.45,160.59142857142857,155.95214285714286,74.08142857142856,68.25267857142858,0.9377088882917772,2.0624553970296207,161.2456722613306,155.59336619661076,74.83663913377573,69.0988138934344,1.0,1.0,1.0
295,2020-10-24,269.56666666666666,1,28.55,3.92,1.9,-0.33,158.09333333333333,164.39666666666665,29.21333333333333,1081.8333333333333,418.75,79.10333333333332,14.06,5.6193,0,164.23,158.93,147.34,78.82,70.97666666666666,62.440000000000005,161.37238095238095,156.5613095238095,75.24238095238096,68.84779761904761,0.5580858929800498,2.1893808176079905,162.03342086266463,156.20049036695946,75.90331268366512,69.78878075135846,1.0,1.0,1.0
296,2020-10-25,270.03333333333336,1,28.54,3.92,1.9,-0.33,156.89666666666665,164.56333333333333,29.246666666666663,1082.6666666666667,418.25,79.38666666666667,14.11,5.621099999999999,0,164.39666666666665,158.42,148.04999999999998,79.10333333333332,71.23333333333333,62.43,162.25,157.1510714285714,76.40714285714286,69.45339285714286,0.2804183787093143,2.2873060181923663,162.6658989803318,156.77723815774385,76.77415117941551,70.45070391793145,1.0,1.0,1.0
297,2020-10-26,270.5,1,33.22,3.92,1.9,-0.33,155.7,164.73,29.28,1083.5,417.75,79.67,14.16,5.6229,0,164.56333333333333,157.91,148.76,79.38666666666667,71.49,62.42,163.2242857142857,157.7214285714286,77.57571428571428,70.06946428571429,0.2757064724570234,2.360809041634473,163.18192423524886,157.32570449169256,77.49811338456163,71.08651744083272,1.0,1.0,1.0
298,2020-10-27,274.7,1,30.15,3.92,1.9,-0.33,155.03,166.57,29.36,1076.5,416.0,81.48,14.36,5.7055,0,164.73,161.05,149.45,79.67,73.33,63.28,164.01285714285714,158.33285714285714,78.74,70.71946428571428,0.4833574941158466,2.369578197942642,164.02894317643666,157.96324211295513,78.49358503842123,71.80330934146494,1.0,1.0,1.0
299,2020-10-28,268.8,1,25.65,3.92,1.9,-0.33,145.39,164.34,28.62,1054.75,401.5,82.67,14.4,5.7457,0,166.57,159.47,148.12,81.48,75.39,63.63,164.70857142857145,158.91214285714287,79.78,71.39946428571429,0.862366095950239,2.357250607806014,164.1067073823275,158.40301851895822,79.53768877881592,72.55273628343288,1.0,1.0,1.0
300,2020-10-29,275.6,1,30.88,3.92,1.9,-0.33,145.81,163.82,28.49,1050.5,398.5,82.55,14.35,5.779,0,164.34,164.13,152.24,82.67,77.33,64.22,164.66428571428568,159.32571428571427,80.52571428571427,72.05410714285713,1.0788418666516184,2.336860999516881,164.03503053674564,158.77660344868522,80.29076658411194,73.24220274664441,1.0,1.0,1.0
301,2020-10-30,278.4,1,33.6,3.92,1.9,-0.33,146.52,163.54,28.45,1056.25,398.5,81.89,14.25,5.7446,0,163.82,164.23,151.86,82.55,78.82,64.75,164.56571428571428,159.74285714285716,80.96428571428571,72.66625,1.0633667066596355,2.3254012040150096,163.91127290255923,159.10511355567246,80.69057493808396,73.83860255722065,1.0,1.0,1.0
302,2020-10-31,278.0375,1,26.45,3.92,1.9,-0.33,147.02666666666667,163.97,28.5225,1054.9166666666667,398.1666666666667,81.61,14.2,5.7439,0,163.54,164.39666666666665,153.24666666666667,81.89,79.10333333333332,64.95333333333333,164.5047619047619,160.12583333333333,81.32238095238095,73.26113095238095,1.0929016486414018,2.302596791477884,163.92595467691942,159.4406229656261,80.92043120356297,74.37456100155026,1.0,1.0,1.0
303,2020-11-01,277.67499999999995,1,27.6,4.31,1.9,-0.33,147.53333333333333,164.39999999999998,28.595,1053.5833333333333,397.8333333333333,81.33,14.15,5.7432,0,163.97,164.56333333333333,154.63333333333335,81.61,79.38666666666667,65.15666666666667,164.48142857142855,160.47464285714287,81.60000000000001,73.83875,1.136749752583044,2.2806392194800047,164.04446600768955,159.7826489679967,81.02282340267223,74.8542464497192,1.0,1.0,1.0
304,2020-11-02,277.3125,1,26.13,4.31,1.9,-0.33,148.04,164.82999999999998,28.6675,1052.25,397.5,81.05,14.1,5.7425,0,164.39999999999998,164.73,156.02,81.33,79.67,65.36,164.49571428571429,160.78928571428568,81.79714285714286,74.39910714285713,1.1441260812486935,2.271444057548682,164.24084950576716,160.1307421426176,81.02961755200417,75.28153979801444,1.0,1.0,1.0
305,2020-11-03,276.95,1,29.78,4.31,1.9,-0.33,149.2,165.26,28.74,1064.25,401.0,80.77,14.05,5.756,0,164.82999999999998,166.57,155.64,81.05,81.48,65.48,164.30857142857144,161.13285714285715,81.69571428571429,74.94517857142856,0.9634906775427754,2.229102688381297,164.49563712932536,160.48448406381638,80.96471316400313,75.6600542947031,1.0,1.0,1.0
306,2020-11-04,277.65,1,28.7,4.31,1.9,-0.33,146.31,168.53,29.77,1086.25,405.25,81.41,14.38,5.6635,0,165.26,164.34,159.22,80.77,82.67,67.26,164.90714285714284,161.46535714285713,81.51571428571428,75.4505357142857,0.8751652905090643,2.1345399170766552,165.504227846994,161.03934723182903,81.07603487300236,76.05660227437875,1.0,1.0,1.0
307,2020-11-05,279.9,1,33.4,4.31,1.9,-0.33,146.26,168.97,30.46,1103.75,409.25,81.27,14.65,5.525,0,168.53,163.82,159.88,81.41,82.55,67.55,165.64285714285714,161.79,81.33285714285715,75.94053571428572,0.8326181965474924,2.075267334497997,166.37067088524552,161.58628880204773,81.12452615475176,76.41614694511124,1.0,1.0,1.0
308,2020-11-06,287.85,1,34.14,4.31,1.9,-0.33,146.39,169.76,31.51,1101.5,406.75,81.32,15.09,5.3647,0,168.97,163.54,155.85,81.27,81.89,68.12,166.53142857142856,162.2867857142857,81.25142857142858,76.41196428571428,0.5792711817778476,2.013518076737506,167.21800316393413,162.14999302259616,81.17339461606382,76.75434370751735,1.0,1.0,1.0
309,2020-11-07,287.65000000000003,1,28.11,4.31,1.9,-0.33,150.22333333333333,167.6,31.06,1104.5,407.0,81.18333333333332,15.04,5.371733333333333,0,169.76,163.97,156.32,81.32,81.61,68.36250000000001,167.04999999999998,162.68964285714284,81.19047619047618,76.86985119047618,0.643672498800245,2.0325133843578014,167.3135023729506,162.52585557276194,81.1758792953812,77.05979126791846,1.0,1.0,1.0
310,2020-11-08,287.45,1,35.58,4.31,1.9,-0.33,154.05666666666664,165.44,30.61,1107.5,407.25,81.04666666666667,14.99,5.3787666666666665,0,167.6,164.39999999999998,156.79,81.18333333333332,81.33,68.605,167.1985714285714,162.99857142857144,81.14999999999999,77.31419642857142,0.984232841207672,2.143570552539864,166.84512677971296,162.72683105050248,81.14357613820256,77.33474819197005,1.0,1.0,1.0
311,2020-11-09,287.25,1,34.98,4.31,1.9,-0.33,157.89,163.28,30.16,1110.5,407.5,80.91,14.94,5.3858,0,165.44,164.82999999999998,157.26,81.04666666666667,81.05,68.8475,166.97714285714284,163.2135714285714,81.13,77.745,1.4258474028885253,2.341866040244567,165.95384508478472,162.76498063322646,81.08518210365193,77.58131728217901,1.0,1.0,1.0
312,2020-11-10,288.0,1,30.53,4.31,1.9,-0.33,164.01,169.44,31.5,1146.0,423.0,80.19,14.91,5.4147,0,163.28,165.26,157.73,80.91,80.77,69.09,167.5742857142857,163.6317857142857,81.04714285714286,78.14142857142858,1.5341886109194514,2.509223890995911,166.82538381358853,163.2253267964522,80.86138657773895,77.76122643513219,1.0,1.0,1.0
313,2020-11-11,292.0,1,35.63,4.31,1.9,-0.33,161.19,170.97,31.58,1152.5,417.25,80.58,14.88,5.391,0,169.44,168.53,157.66,80.19,81.41,69.53,167.92285714285714,164.10714285714286,80.92857142857143,78.53607142857143,1.5129981048578711,2.709256608717486,167.8615378601914,163.75944218980032,80.79103993330422,77.95562461201962,1.0,1.0,1.0
314,2020-11-12,288.55,1,33.34,4.31,1.9,-0.33,156.52,162.27,29.69,1145.5,408.25,80.55,14.74,5.4581,0,170.97,168.97,157.01,80.58,81.27,70.3,166.96571428571428,164.29500000000002,80.82571428571428,78.90214285714285,1.287156334160228,2.8688102524803787,166.46365339514355,163.6567220387796,80.73077994997817,78.13454705256999,1.0,1.0,1.0
315,2020-11-13,291.8,1,27.0,4.31,1.9,-0.33,161.34,165.27,30.18,1148.0,410.5,80.74,14.74,5.4582,0,162.27,169.76,159.44,80.55,81.32,70.72,166.3242857142857,164.50321428571428,80.74285714285715,79.26,0.9953237602672153,2.920399040465681,166.16524004635767,163.76798258782927,80.73308496248363,78.31423346273758,1.0,1.0,1.0
316,2020-11-14,291.3833333333333,1,32.59,4.31,1.9,-0.33,162.25,165.08666666666667,30.226666666666667,1150.1666666666667,412.4166666666667,80.67333333333333,14.77,5.443866666666667,0,165.27,167.6,158.93,80.74,81.18333333333332,70.97666666666666,165.9652380952381,164.72309523809523,80.66999999999999,79.60630952380951,0.9200325341763412,2.96621657328566,165.89559670143493,163.85892631740427,80.71814705519606,78.47693000553728,1.0,1.0,1.0
317,2020-11-15,290.9666666666667,1,30.98,4.31,1.9,-0.33,163.16,164.90333333333334,30.273333333333333,1152.3333333333333,414.3333333333333,80.60666666666667,14.8,5.429533333333333,0,165.08666666666667,165.44,158.42,80.67333333333333,81.04666666666667,71.23333333333333,165.88857142857142,164.95464285714283,80.60714285714286,79.94107142857142,0.9758347784008304,2.9875267790709903,165.64753085940953,163.93095438746835,80.6902769580637,78.62380839596,1.0,1.0,1.0
318,2020-11-16,290.55,1,29.31,4.31,1.9,-0.33,164.07,164.72,30.32,1154.5,416.25,80.54,14.83,5.4152,0,164.90333333333334,163.28,157.91,80.60666666666667,80.91,71.49,166.09428571428572,165.19785714285717,80.55428571428571,80.2642857142857,0.9687317842615916,2.963805284742976,165.41564814455714,163.98537132626365,80.65270771854779,78.7559595410662,1.0,1.0,1.0
319,2020-11-17,285.45,1,29.13,4.31,1.9,-0.33,163.39,165.47,31.0,1168.5,420.25,80.92,15.16,5.3281,0,164.72,169.44,161.05,80.54,80.19,73.33,165.52714285714288,165.3557142857143,80.65857142857143,80.53535714285714,0.9141252339302526,2.9606541533705726,165.42923610841785,164.08775951065925,80.71953078891084,78.90520371064784,1.0,1.0,1.0
320,2020-11-18,282.15,1,30.6,4.31,1.9,-0.33,161.16,165.59,30.98,1174.75,425.75,80.44,15.05,5.3629,0,165.47,170.97,159.47,80.92,80.58,75.39,164.75857142857143,165.5742857142857,80.63857142857144,80.71571428571428,0.6828903491940249,2.886688936458248,165.4694270813134,164.19136230302755,80.64964809168313,79.01105173060316,1.0,1.0,1.0
321,2020-11-19,287.65,1,26.63,4.31,1.9,-0.33,161.31,163.96,30.87,1175.5,422.5,80.02,15.06,5.3054,0,165.59,162.27,164.13,80.44,80.55,77.33,165.0,165.56821428571428,80.56285714285715,80.81178571428572,0.8775036743000728,2.734271450095848,165.09207031098506,164.17540628212913,80.49223606876235,79.08063436987192,1.0,1.0,1.0
322,2020-11-20,287.05,1,29.06,4.31,1.9,-0.33,162.8,163.62,30.46,1181.25,423.25,80.21,14.93,5.3797,0,163.96,165.27,164.23,80.02,80.74,78.82,164.76428571428573,165.54642857142858,80.48714285714286,80.86142857142856,1.1334957866750783,2.562902518023442,164.7240527332388,164.13710240060297,80.42167705157176,79.15852165470834,1.0,1.0,1.0
323,2020-11-21,287.93333333333334,1,31.37,4.31,1.9,-0.33,163.2266666666667,163.4,30.296666666666667,1185.0,424.3333333333333,80.16,14.86,5.399466666666666,0,163.62,165.08666666666667,164.39666666666665,80.21,80.67333333333333,79.10333333333332,164.52333333333334,165.51083333333332,80.41380952380952,80.89916666666666,1.193859952967291,2.3809480119002275,164.3930395499291,164.08626775228552,80.35625778867882,79.22758912679741,1.0,1.0,1.0
324,2020-11-22,288.81666666666666,1,28.98,4.31,1.9,-0.33,163.65333333333334,163.18,30.133333333333333,1188.75,425.4166666666667,80.11,14.79,5.419233333333334,0,163.4,164.90333333333334,164.56333333333333,80.16,80.60666666666667,79.38666666666667,164.27714285714288,165.46142857142857,80.34285714285714,80.925,1.1728083240994045,2.1877544004963045,164.08977966244686,164.02376652798998,80.29469334150912,79.28844504908724,1.0,1.0,1.0
325,2020-11-23,289.7,1,30.43,4.31,1.9,-0.33,164.08,162.96,29.97,1192.5,426.5,80.06,14.72,5.439,0,163.18,164.72,164.73,80.11,80.54,79.67,164.0257142857143,165.39821428571432,80.27428571428571,80.93892857142858,1.1369605820242223,1.9818779888805824,163.80733474683515,163.95040331916306,80.23602000613184,79.34165573535708,1.0,1.0,1.0
326,2020-11-24,286.9,1,31.54,4.31,1.9,-0.33,168.35,161.92,30.07,1193.25,425.75,79.67,14.8,5.3736,0,162.96,165.47,166.57,80.06,80.92,81.48,163.51857142857145,165.23214285714286,80.09571428571428,80.87428571428572,1.1007723530504048,1.8415442597908305,163.33550106012635,163.81037550404835,80.09451500459888,79.36430016740142,1.0,1.0,1.0
327,2020-11-25,278.3,1,33.13,4.31,1.9,-0.33,169.92,162.54,30.56,1185.75,420.0,79.77,15.0,5.3237,0,161.92,165.59,164.34,79.67,80.44,82.67,163.08285714285714,165.16785714285714,80.0,80.77071428571428,1.2343674649577552,1.7541920433790308,163.13662579509474,163.72276340032087,80.01338625344916,79.39227946620133,1.0,1.0,1.0
328,2020-11-26,279.05,1,33.15,4.31,1.9,-0.33,169.91,162.425,30.51,1189.25,422.75,79.52,14.94,5.33375,0,162.54,163.96,163.82,79.77,80.02,82.55,162.86357142857145,165.11803571428572,79.92857142857143,80.6625,1.188031203540976,1.6600663653297782,162.95871934632106,163.6332624761608,79.89003969008687,79.4010877788771,1.0,1.0,1.0
329,2020-11-27,279.8,1,33.53,4.31,1.9,-0.33,169.9,162.31,30.46,1192.75,425.5,79.27,14.88,5.3438,0,162.425,163.62,163.54,79.52,80.21,81.89,162.6764285714286,165.07410714285714,79.7942857142857,80.56892857142857,0.9201806487322338,1.5063376506983703,162.7965395097408,163.5420029950463,79.73502976756515,79.39204724240281,1.0,1.0,1.0
330,2020-11-28,281.1166666666667,1,33.9,4.31,1.9,-0.33,169.98333333333335,162.13,30.38,1185.0,423.5833333333333,78.95,14.796666666666669,5.339833333333333,0,162.31,163.4,163.97,79.27,80.16,81.61,162.49499999999998,165.00839285714284,79.62142857142858,80.47392857142857,0.6531649790009505,1.3934936478086044,162.6299046323056,163.44462347814653,79.53877232567386,79.36156122568538,1.0,1.0,1.0
331,2020-11-29,282.43333333333334,1,33.03,4.31,1.9,-0.33,170.06666666666666,161.95000000000002,30.3,1177.25,421.6666666666667,78.63,14.713333333333336,5.335866666666667,0,162.13,163.18,164.39999999999998,78.95,80.11,81.33,162.31928571428574,164.92089285714286,79.41,80.37749999999998,0.4577094702767836,1.323272046378915,162.4599284742292,163.34154599689504,79.3115792442554,79.31110872736224,1.0,1.0,1.0
332,2020-11-30,283.75,1,32.55,4.31,1.9,-0.33,170.15,161.77,30.22,1169.5,419.75,78.31,14.63,5.3319,0,161.95000000000002,162.96,164.82999999999998,78.63,80.06,81.05,162.14928571428572,164.81160714285716,79.16,80.27964285714286,0.4226350768223622,1.2906717640846563,162.2874463556719,163.23316351435054,79.06118443319156,79.24206674616484,1.0,1.0,1.0
333,2020-12-01,271.6,1,34.7,4.52,1.9,-0.33,174.17,160.67,30.7,1163.0,414.75,77.17,14.74,5.2061,0,161.77,161.92,165.26,78.31,79.67,80.77,161.9707142857143,164.64767857142857,78.80285714285715,80.15107142857143,0.3833632049847285,1.2151035294571764,161.8830847667539,163.05639361680912,78.58838832489367,79.09916559125692,1.0,1.0,1.0
334,2020-12-02,274.3,1,36.6,4.52,1.9,-0.33,176.81,157.44,30.02,1154.75,419.0,76.44,14.57,5.2175,0,160.67,162.54,168.53,77.17,79.77,81.41,161.24214285714288,164.25160714285715,78.32714285714285,79.97357142857142,0.2501836060418314,1.1304855176722273,160.77231357506545,162.6690561259947,78.05129124367025,78.91577486082541,1.0,1.0,1.0
335,2020-12-03,275.35,1,34.73,4.52,1.9,-0.33,176.65,157.78,30.72,1170.25,422.5,75.47,14.69,5.1515,0,157.44,162.425,168.97,76.44,79.52,81.27,160.57857142857142,163.85196428571427,77.74857142857142,79.76642857142858,0.3541877744774137,1.0748976840503708,160.02423518129908,162.33187984144334,77.40596843275269,78.67813521525125,1.0,1.0,1.0
336,2020-12-04,271.0,1,30.6,4.52,1.9,-0.33,178.9,152.5,29.74,1165.0,417.0,74.69,14.56,5.1557,0,157.78,162.31,169.76,75.47,79.27,81.32,159.17714285714283,163.2355357142857,77.0942857142857,79.52964285714286,0.6045642721672629,1.0625270971590612,158.1431763859743,161.6538191627231,76.72697632456452,78.40309140730288,1.0,1.0,1.0
337,2020-12-05,270.75,1,32.13,4.52,1.9,-0.33,178.6266666666667,153.14,29.956666666666667,1164.1666666666667,417.8333333333333,74.40666666666667,14.55,5.1368,0,152.5,162.13,167.6,74.69,78.95,81.18333333333332,157.89285714285714,162.71910714285715,76.4452380952381,79.28761904761905,0.7780325789290866,1.1072787614989492,156.89238228948074,161.0666592204663,76.14689891009004,78.12747590794866,1.0,1.0,1.0
338,2020-12-06,270.5,1,25.13,4.52,1.9,-0.33,178.35333333333335,153.78,30.17333333333333,1163.3333333333333,418.6666666666667,74.12333333333333,14.54,5.117900000000001,0,153.14,161.95000000000002,165.44,74.40666666666667,78.63,81.04666666666667,156.72571428571428,162.30267857142854,75.80142857142857,79.04035714285715,0.911076460818654,1.1666047602613203,156.11428671711056,160.5641309983652,75.64100751590087,77.85132814418208,1.0,1.0,1.0
339,2020-12-07,270.25,1,31.95,4.52,1.9,-0.33,178.08,154.42,30.39,1162.5,419.5,73.84,14.53,5.099,0,153.78,161.77,163.28,74.12333333333333,78.31,80.91,155.6757142857143,161.98624999999998,75.16285714285713,78.78785714285713,1.011068898472244,1.1974567898689037,155.69071503783292,160.14039782606412,75.19075563692564,77.57468482389365,1.0,1.0,1.0
340,2020-12-08,266.8,1,32.56,4.52,1.9,-0.33,178.27,149.02,29.06,1151.5,417.0,73.42,14.31,5.1202,0,154.42,160.67,169.44,73.84,77.17,80.19,154.01142857142855,161.2569642857143,74.62714285714286,78.54607142857142,0.9325382911155404,1.2184570509589996,154.0230362783747,159.37347383805968,74.74806672769424,77.28815483603891,1.0,1.0,1.0
341,2020-12-09,265.3,1,26.29,4.52,1.9,-0.33,177.3,155.45,29.99,1163.5,422.0,73.61,14.2,5.1708,0,149.02,157.44,170.97,73.42,76.44,80.58,153.72714285714284,160.70267857142858,74.22285714285715,78.29714285714284,0.6775188159965665,1.2169321302034404,154.37977720878104,159.10288943543486,74.46355004577067,77.0344889852776,1.0,1.0,1.0
342,2020-12-10,263.0,1,28.7,4.52,1.9,-0.33,177.4,152.26,30.23,1158.75,420.25,73.46,14.58,5.0256,0,155.45,157.78,162.27,73.61,75.47,80.55,152.9385714285714,160.34517857142856,73.93571428571428,78.04392857142857,0.4628517538363794,1.1896062237920322,153.8498329065858,158.6309660260945,74.212662534328,76.78797250353432,1.0,1.0,1.0
343,2020-12-11,263.0,1,27.55,4.52,1.9,-0.33,175.25,147.31,29.15,1166.0,424.25,73.1,14.47,5.0656,0,152.26,152.5,165.27,73.46,74.69,80.74,152.19714285714286,159.70375,73.70857142857143,77.77107142857142,0.4341013601998653,1.199730766281455,152.21487467993933,157.85020974843283,73.93449690074601,76.53362957225609,1.0,1.0,1.0
344,2020-12-12,261.9,1,28.35,4.52,1.9,-0.33,174.36666666666667,148.67333333333335,29.31,1168.8333333333333,422.5833333333333,73.17,14.43,5.083366666666667,0,147.31,153.14,165.08666666666667,73.1,74.40666666666667,80.67333333333333,151.5590476190476,159.1175595238095,73.53190476190477,77.50309523809524,0.4858631891246937,1.2035423904923102,151.32948934328783,157.21732171980528,73.74337267555951,76.30165511899705,1.0,1.0,1.0
345,2020-12-13,260.8,1,30.65,4.52,1.9,-0.33,173.48333333333332,150.03666666666666,29.47,1171.6666666666667,420.9166666666667,73.24,14.39,5.101133333333333,0,148.67333333333335,153.78,164.90333333333334,73.17,74.12333333333333,80.60666666666667,151.02428571428572,158.58660714285716,73.4057142857143,77.24000000000001,0.5677468695943305,1.2004854637341984,151.00628367413253,156.72210412993363,73.61752950666964,76.0905064901007,1.0,1.0,1.0
346,2020-12-14,259.7,1,35.15,4.52,1.9,-0.33,172.6,151.4,29.63,1174.5,419.25,73.31,14.35,5.1189,0,150.03666666666666,154.42,164.72,73.24,73.84,80.54,150.59285714285716,158.1108928571429,73.33,76.98178571428572,0.6260418074448711,1.1898778198572035,151.1047127555994,156.3550624658003,73.54064713000223,75.89874742181789,1.0,1.0,1.0
347,2020-12-15,262.55,1,34.03,4.52,1.9,-0.33,176.34,152.76,30.02,1188.75,424.75,73.84,14.51,5.0842,0,151.4,149.02,165.47,73.31,73.42,80.92,151.12714285714287,157.65696428571428,73.39,76.72892857142857,0.5843099696113334,1.1442423153284125,151.51853456669954,156.1071271233313,73.61548534750168,75.75676484100286,1.0,1.0,1.0
348,2020-12-16,265.15,1,34.7,4.52,1.9,-0.33,176.66,150.35,29.33,1188.0,427.25,74.85,14.6,5.0838,0,152.76,155.45,165.59,73.84,73.61,80.44,150.39857142857142,157.11267857142855,73.56714285714285,76.52928571428572,0.35735676133647,1.1219393930593242,151.22640092502465,155.7100838734464,73.92411401062625,75.6942293347268,1.0,1.0,1.0
349,2020-12-17,259.0,1,30.84,4.52,1.9,-0.33,179.79,150.99,29.75,1205.5,432.5,74.11,14.6,5.0582,0,150.35,152.26,163.96,74.85,73.46,80.02,150.21714285714285,156.64946428571426,73.66,76.31821428571428,0.2314677607370549,1.103479210971039,151.16730069376848,155.3845608476915,73.97058550796969,75.5849721392284,1.0,1.0,1.0
350,2020-12-18,255.3,1,29.86,4.52,1.9,-0.33,178.85,151.15,29.71,1224.0,437.5,74.22,14.59,5.1022,0,150.99,147.31,163.62,74.11,73.1,80.21,150.7657142857143,156.20410714285714,73.82000000000001,76.10428571428572,0.5770524838856214,1.0957956137932556,151.16297552032637,155.09252216854037,74.03293913097727,75.49083612962644,1.0,1.0,1.0
351,2020-12-19,257.25,1,33.7,4.52,1.9,-0.33,178.13666666666666,151.09333333333333,29.63,1231.8333333333333,438.3333333333333,74.51333333333334,14.613333333333332,5.108866666666667,0,151.15,148.67333333333335,163.4,74.22,73.17,80.16,151.11142857142858,155.76458333333335,74.01190476190474,75.90261904761905,0.7245610133929857,1.1052922321110392,151.1455649735781,154.81671604197436,74.15303768156629,75.4234221436752,1.0,1.0,1.0
352,2020-12-20,259.2,1,30.6,4.52,1.9,-0.33,177.42333333333335,151.03666666666666,29.55,1239.6666666666667,439.1666666666667,74.80666666666666,14.636666666666668,5.1155333333333335,0,151.09333333333333,150.03666666666666,163.18,74.51333333333334,73.24,80.11,151.25428571428571,155.33089285714286,74.23571428571428,75.71321428571427,0.8006301373153385,1.1224507208541306,151.11834039685024,154.55602298160832,74.31644492784139,75.38088728319184,1.0,1.0,1.0
353,2020-12-21,261.15,1,27.82,4.52,1.9,-0.33,176.71,150.98,29.47,1247.5,440.0,75.1,14.66,5.1222,0,151.03666666666666,151.4,162.96,74.80666666666666,73.31,80.06,151.19428571428574,154.90303571428572,74.49142857142859,75.53607142857143,0.8317601477037565,1.1367931570740777,151.08375529763768,154.30940070701465,74.51233369588104,75.36151574641998,1.0,1.0,1.0
354,2020-12-22,262.8,1,29.28,4.52,1.9,-0.33,175.96,150.93,29.22,1250.0,443.5,77.34,14.97,5.1597,0,150.98,152.76,161.92,75.1,73.84,79.67,150.93285714285713,154.5105357142857,74.99142857142856,75.45285714285714,0.6679029353605667,1.1043899915333426,151.04531647322824,154.0763385892895,75.21925027191078,75.49796293632205,1.0,1.0,1.0
355,2020-12-23,266.3,1,27.26,4.52,1.9,-0.33,175.32,150.91,29.03,1260.0,447.25,77.6,14.93,5.2164,0,150.93,150.35,162.54,77.34,74.85,79.77,151.01285714285714,154.09517857142856,75.38428571428571,75.37535714285715,0.6942478270394146,1.1407380838071457,151.01148735492117,153.8579704107178,75.8144377039331,75.64293100967915,1.0,1.0,1.0
356,2020-12-24,267.1,1,29.04,4.52,1.9,-0.33,175.95,150.724,28.95,1264.5,451.0,77.684,14.922,5.2165,0,150.91,150.99,162.425,77.6,74.11,79.52,150.97485714285716,153.67728571428572,75.89485714285715,75.30978571428571,0.7032435381291156,1.2109642950174817,150.93961551619088,153.64183452032347,76.28182827794981,75.78369438832196,1.0,1.0,1.0
357,2020-12-25,267.90000000000003,1,28.09,4.52,1.9,-0.33,176.42,150.53799999999998,28.87,1264.4,452.375,77.768,14.914,5.2165,0,150.724,151.15,162.31,77.684,74.22,79.27,150.88742857142856,153.25685714285714,76.40171428571429,75.25614285714286,1.538675697634742,1.5607560744098348,150.83921163714317,153.4277769671977,76.65337120846236,75.9205430511963,1.0,1.0,1.0
358,2020-12-26,268.7,1,27.07,4.52,1.9,-0.33,176.89,150.352,28.79,1262.0166666666669,453.75,77.85199999999999,14.906,5.226366666666666,0,150.53799999999998,151.09333333333333,162.13,77.768,74.51333333333334,78.95,150.7815238095238,152.83621428571428,76.87866666666666,75.21692857142857,1.7287356605694204,1.7743270258200723,150.71740872785736,153.21565441773578,76.95302840634676,76.0537469787,1.0,1.0,1.0
359,2020-12-27,269.5,1,31.32,4.52,1.9,-0.33,177.36,150.166,28.71,1259.6333333333334,455.125,77.93599999999999,14.898,5.236233333333334,0,150.352,151.03666666666666,161.95000000000002,77.85199999999999,74.80666666666666,78.63,150.65714285714284,152.41535714285715,77.32571428571428,75.19214285714284,1.670353473256776,1.9091785847527256,150.579556545893,153.00533342340918,77.19877130476007,76.1835575318931,1.0,1.0,1.0
360,2020-12-28,270.3,1,33.1,4.52,1.9,-0.33,177.83,149.98,28.63,1257.25,456.5,78.02,14.89,5.2461,0,150.166,150.98,161.77,77.93599999999999,75.1,78.31,150.5142857142857,151.99428571428572,77.74285714285715,75.18178571428572,1.4656332166067212,1.9914879093201203,150.42966740941975,152.79668973903614,77.40407847857006,76.31020873659013,1.0,1.0,1.0
361,2020-12-29,272.5,1,34.16,4.52,1.9,-0.33,176.32,151.05,29.14,1296.0,466.0,78.45,15.13,5.2099,0,149.98,150.93,160.67,78.02,77.34,77.17,150.5314285714285,151.6507142857143,77.90142857142857,75.22749999999999,1.1130758592648136,2.0222485681883065,150.5847505570648,152.6762283777233,77.66555885892754,76.45778054785977,1.0,1.0,1.0
362,2020-12-30,267.15,1,34.54,4.52,1.9,-0.33,175.47,153.9,29.68,1300.5,474.5,78.65,15.17,5.1937,0,151.05,150.91,157.44,78.45,77.6,76.44,150.95857142857145,151.52428571428572,78.05142857142857,75.30642857142857,1.0829660287832252,2.0529335620801685,151.4135629177986,152.76062642063894,77.91166914419566,76.60896809628323,1.0,1.0,1.0
363,2020-12-31,268.46,1,33.4,4.52,1.9,-0.33,179.47,154.06,29.624,1311.0,484.0,79.278,15.246,5.1937,0,153.9,150.724,157.78,78.65,77.684,75.47,151.43514285714286,151.39142857142858,78.27914285714284,75.44242857142856,1.006549526904044,2.111126648408689,152.07517218834897,152.85023839162935,78.25325185814674,76.79303926205681,1.0,1.0,1.0
364,2021-01-01,269.77,1,30.67,4.56,1.9,1.75,178.79,154.22,29.568,1310.25,485.75,79.906,15.322,5.1937,0,154.06,150.53799999999998,152.5,79.278,77.768,74.69,151.96114285714287,151.45285714285714,78.58457142857142,75.62871428571428,1.0473928327180415,2.271190572910705,152.61137914126172,152.944704709448,78.66643889361006,77.00772620950117,1.0,1.0,1.0
365,2021-01-02,271.08,1,28.33,4.56,1.9,1.75,178.11,154.38,29.512,1311.1666666666667,485.0833333333333,80.534,15.398,5.228066666666667,0,154.22,150.352,153.14,79.906,77.85199999999999,74.40666666666667,152.53657142857145,151.49714285714285,78.96771428571428,75.84754761904762,1.0298211103253614,2.3355578408599262,153.05353435594628,153.04369059155502,79.13332917020755,77.25091750539765,1.0,1.0,1.0
366,2021-01-03,272.39,1,26.0,4.56,1.9,1.75,177.43,154.54,29.456,1312.0833333333333,484.4166666666667,81.162,15.474,5.262433333333333,0,154.38,150.166,153.78,80.534,77.93599999999999,74.12333333333333,153.16142857142856,151.5242857142857,79.42857142857143,76.09892857142857,1.0183061387852046,2.330600987667468,153.42515076695972,153.1468843438616,79.64049687765566,77.52064733261162,1.0,1.0,1.0
367,2021-01-04,273.7,1,29.7,4.56,1.9,1.75,176.75,154.7,29.4,1313.0,483.75,81.79,15.55,5.2968,0,154.54,149.98,154.42,81.162,78.02,73.84,153.83571428571426,151.53428571428572,79.96714285714286,76.38285714285715,1.0714802103945853,2.273974189998164,153.7438630752198,153.25399576842287,80.17787265824175,77.8150854476039,1.0,1.0,1.0
368,2021-01-05,276.9,1,33.23,4.56,1.9,1.75,176.58,162.75,30.92,1347.0,491.75,81.62,15.51,5.2854,0,154.7,151.05,149.02,81.79,78.45,73.42,155.50714285714284,152.02464285714285,80.42,76.67571428571429,1.147094130099198,2.3015920498030464,155.99539730641484,153.9088926119799,80.53840449368131,78.07749334776915,1.0,1.0,1.0
369,2021-01-06,278.3,1,35.23,4.56,1.9,1.75,190.63,164.84,31.2,1361.5,495.0,82.31,15.58,5.3139,0,162.75,153.9,155.45,81.62,78.65,73.61,157.07,152.36,80.94285714285715,76.98642857142856,1.067472909584028,2.2683714702362807,158.20654797981115,154.66276208701575,80.98130337026099,78.36939035826784,1.0,1.0,1.0
370,2021-01-07,280.1,1,33.75,4.56,1.9,1.75,195.99,163.85,30.42,1355.25,494.0,82.65,15.34,5.4101,0,164.84,154.06,152.26,82.31,79.278,73.46,158.46857142857144,152.77392857142857,81.42457142857143,77.31464285714286,1.0220969064453609,2.236412674908663,159.61741098485837,155.2963647017043,81.39847752769575,78.66460481631833,1.0,1.0,1.0
371,2021-01-08,279.5,1,32.46,4.56,1.9,1.75,196.85,165.61,30.58,1374.75,496.25,82.6,15.25,5.4178,0,163.85,154.22,147.31,82.65,79.906,73.1,160.09571428571425,153.4275,81.80942857142858,77.65392857142857,0.967253868097126,2.204309281292934,161.1155582386438,156.00764989469025,81.69885814577181,78.93601138071017,1.0,1.0,1.0
372,2021-01-09,281.2333333333333,1,31.52,4.56,1.9,1.75,196.60666666666663,166.57666666666668,30.616666666666667,1374.0,494.9166666666667,82.61333333333333,15.183333333333334,5.441533333333333,0,165.61,154.38,148.67333333333335,82.6,80.534,73.17,161.83809523809526,154.0669047619048,82.10647619047619,77.99119047619047,0.967460148181502,2.147056582848356,162.48083534564952,156.73654760310242,81.9274769426622,79.18961979123591,1.0,1.0,1.0
373,2021-01-10,282.96666666666664,1,31.88,4.56,1.9,1.75,196.3633333333333,167.54333333333332,30.65333333333333,1373.25,493.5833333333333,82.62666666666667,15.116666666666667,5.4652666666666665,0,166.57666666666668,154.54,150.03666666666666,82.61333333333333,81.162,73.24,163.69571428571427,154.69214285714287,82.3157142857143,78.32642857142856,0.9128212477713606,2.0691252759545984,163.74645984257046,157.48184317070454,82.1022743736633,79.42665750678286,1.0,1.0,1.0
374,2021-01-11,284.7,1,30.35,4.56,1.9,1.75,196.12,168.51,30.69,1372.5,492.25,82.64,15.05,5.489,0,167.54333333333332,154.7,151.4,82.62666666666667,81.79,73.31,165.66857142857145,155.3032142857143,82.43714285714285,78.65964285714287,0.6104011542898411,1.9745042827748545,164.93734488192786,158.24240571065593,82.23670578024748,79.64826733390127,1.0,1.0,1.0
375,2021-01-12,283.95,1,31.0,4.56,1.9,1.75,198.63,170.72,32.01,1418.25,517.25,83.32,15.62,5.3226,0,168.51,162.75,152.76,82.64,81.62,73.84,166.80714285714288,155.9446428571429,82.67999999999999,78.99821428571428,0.8392281304107104,1.821082304464855,166.3830086614459,159.10292945474862,82.50752933518561,79.90149027639085,1.0,1.0,1.0
376,2021-01-13,285.95,1,29.3,4.56,1.9,1.75,195.14,170.68,32.2,1406.25,524.5,83.87,15.82,5.299,0,170.72,164.84,150.35,83.32,82.31,74.85,167.64142857142858,156.67071428571427,82.90285714285713,79.32035714285715,0.9299537939888658,1.6603490595145816,167.45725649608443,159.9013481130418,82.84814700138921,80.17518060215698,1.0,1.0,1.0
377,2021-01-14,290.2,1,26.54,4.56,1.9,1.75,191.38,170.08,32.69,1430.5,534.25,84.28,16.2,5.1967,0,170.68,163.85,150.99,83.87,82.65,74.11,168.53142857142856,157.3525,83.13571428571429,79.68357142857143,0.8851114179692801,1.527718034287776,168.11294237206332,160.6033241052458,83.2061102510419,80.45827159511167,1.0,1.0,1.0
378,2021-01-15,287.9,1,28.57,4.56,1.9,1.75,189.1,169.66,32.1,1414.75,531.5,84.52,15.99,5.2927,0,170.08,165.61,151.15,84.28,82.6,74.22,169.11,158.0135714285714,83.41,80.05142857142857,0.7277206361375269,1.4530786526749135,168.49970677904747,161.22792244281507,83.53458268828143,80.7383907954488,1.0,1.0,1.0
379,2021-01-16,289.0125,1,24.93,4.56,1.9,1.75,189.1925,170.0675,32.08,1406.875,530.125,84.695,15.975,5.308975,0,169.66,166.57666666666668,151.09333333333333,84.52,82.61333333333333,74.51333333333334,169.60869047619047,158.6912202380952,83.70738095238094,80.41505952380953,0.5630019302513641,1.371478740439791,168.89165508428562,161.8375484812416,83.82468701621107,81.01126039576266,1.0,1.0,1.0
380,2021-01-17,290.125,1,29.41,4.56,1.9,1.75,189.285,170.475,32.06,1399.0,528.75,84.87,15.96,5.3252500000000005,0,170.0675,167.54333333333332,151.03666666666666,84.695,82.62666666666667,74.80666666666666,170.02749999999995,159.3854464285714,84.02785714285713,80.77446428571429,0.4324576775298532,1.281388001734263,169.28749131321422,162.4332347928801,84.0860152621583,81.27738036846868,1.0,1.0,1.0
381,2021-01-18,291.2375,1,30.18,4.56,1.9,1.75,189.3775,170.8825,32.040000000000006,1391.125,527.375,85.045,15.945,5.341525,0,170.475,168.51,150.98,84.87,82.64,75.1,170.36642857142857,160.09625,84.37142857142858,81.12964285714285,0.3888913467656557,1.1806173214792337,169.68624348491068,163.01594273819873,84.32576144661873,81.53721620512601,1.0,1.0,1.0
382,2021-01-19,292.35,1,29.73,4.56,1.9,1.75,189.47,171.29,32.02,1383.25,526.0,85.22,15.93,5.3578,0,170.8825,170.72,150.93,85.045,83.32,77.34,170.44785714285717,160.82339285714284,84.64285714285714,81.41107142857142,0.4367221948877467,1.0349714649429709,170.087182613683,163.58656737694363,84.54932108496405,81.79120129442767,1.0,1.0,1.0
383,2021-01-20,294.6,1,33.68,4.56,1.9,1.75,187.14,168.79,31.73,1367.25,522.0,85.44,16.06,5.2917,0,171.29,170.68,150.91,85.22,83.87,77.6,170.17785714285714,161.46196428571426,84.86714285714285,81.69107142857142,0.4071951720743122,0.995738170743081,169.76288696026225,163.9454247992234,84.77199081372304,82.04284258446712,1.0,1.0,1.0
384,2021-01-21,297.05,1,31.45,4.56,1.9,1.75,183.56,170.11,31.76,1368.75,524.25,85.03,15.88,5.3506,0,168.79,170.08,150.724,85.44,84.28,77.684,170.18214285714285,162.15432142857142,84.97428571428573,81.95342857142857,0.3984968568198713,0.9709246931543292,169.8496652201967,164.37056791651833,84.83649311029228,82.24885344071076,1.0,1.0,1.0
385,2021-01-22,294.95,1,27.84,4.56,1.9,1.75,181.43,169.11,30.91,1311.75,500.5,84.43,15.43,5.4666,0,170.11,169.66,150.53799999999998,85.03,84.52,77.768,170.10357142857143,162.81760714285716,84.96142857142857,82.19135714285713,1.2387830392626,1.1097907803290532,169.66474891514753,164.69742530158604,84.73486983271921,82.3992773413514,1.0,1.0,1.0
386,2021-01-23,294.95,1,30.57,4.56,1.9,1.75,181.53666666666663,169.30333333333334,30.876666666666665,1322.0833333333333,504.1666666666667,84.24333333333334,15.363333333333332,5.466566666666666,0,169.11,170.0675,150.352,84.43,84.695,77.85199999999999,169.99440476190475,163.49444047619048,84.89690476190476,82.41961904761904,1.514550487857515,1.2426524772751175,169.57439501969398,165.0150741313617,84.61198570787275,82.52645361666049,1.0,1.0,1.0
387,2021-01-24,294.95,1,32.5,4.56,1.9,1.75,181.6433333333333,169.49666666666667,30.843333333333334,1332.4166666666667,507.8333333333333,84.05666666666667,15.296666666666669,5.4665333333333335,0,169.30333333333334,170.475,150.166,84.24333333333334,84.87,77.93599999999999,169.85464285714286,164.18482142857144,84.7807142857143,82.6382142857143,1.5888159908660824,1.3569962444295538,169.55496293143716,165.32414947862412,84.47315594757123,82.63198555114367,1.0,1.0,1.0
388,2021-01-25,294.95,1,30.63,4.56,1.9,1.75,181.75,169.69,30.81,1342.75,511.5,83.87,15.23,5.4665,0,169.49666666666667,170.8825,149.98,84.05666666666667,85.045,78.02,169.68428571428572,164.88875,84.61285714285715,82.84714285714287,1.5194607588647089,1.4429054204257086,169.58872219857787,165.62524261802935,84.32236696067842,82.71736585796134,1.0,1.0,1.0
389,2021-01-26,298.0,1,33.95,4.56,1.9,1.75,181.14,169.14,31.75,1369.5,532.25,83.97,15.76,5.3552,0,169.69,171.29,151.05,83.87,85.22,78.45,169.37714285714287,165.53482142857143,84.4342857142857,83.0442857142857,1.3657836868854294,1.5090387639386291,169.4765416489334,165.86763967885489,84.2342752205088,82.80375441948124,1.0,1.0,1.0
390,2021-01-27,297.85,1,28.75,4.56,1.9,1.75,176.25,169.15,31.34,1373.25,534.0,83.83,15.53,5.4138,0,169.14,168.79,153.9,83.97,85.44,78.65,169.42857142857142,166.07946428571427,84.20428571428572,83.22928571428572,0.9098428759704502,1.5239705562692376,169.39490623670005,166.09400935617523,84.13320641538161,82.8745299767584,1.0,1.0,1.0
391,2021-01-28,299.7,1,32.1,4.56,1.9,1.75,179.88,169.6,31.2,1351.5,534.5,83.25,15.31,5.441,0,169.15,170.11,154.06,83.83,85.03,79.278,169.3557142857143,166.6344642857143,83.95000000000002,83.37114285714287,0.2818629312545199,1.5385282462596677,169.44617967752504,166.33580181437003,83.9124048115362,82.90042446111988,1.0,1.0,1.0
392,2021-01-29,299.85,1,32.4,4.56,1.9,1.75,179.16,168.3,30.69,1367.0,547.0,83.34,15.2,5.4625,0,169.6,169.11,154.22,83.25,84.43,79.906,169.24,167.13732142857145,83.7942857142857,83.49378571428572,0.5887671118663125,1.5371039497359802,169.1596347581438,166.47126375820656,83.76930360865217,82.93074001552542,1.0,1.0,1.0
393,2021-01-30,300.2333333333333,1,32.9,4.56,1.9,1.75,181.03333333333333,168.41666666666669,30.773333333333333,1365.5,547.75,83.54333333333334,15.266666666666666,5.4524,0,168.3,169.30333333333334,154.38,83.34,84.24333333333334,80.534,169.11333333333332,167.63863095238094,83.69428571428571,83.60126190476191,0.7267340666470674,1.5418503579196186,168.97389273527452,166.6054294760314,83.71281103982245,82.97298783054666,1.0,1.0,1.0
394,2021-01-31,300.6166666666667,1,28.9,4.56,1.9,1.75,182.90666666666667,168.53333333333333,30.85666666666667,1364.0,548.5,83.74666666666667,15.333333333333334,5.4423,0,168.41666666666669,169.49666666666667,154.54,83.54333333333334,84.05666666666667,81.162,168.97571428571428,168.13839285714286,83.65,83.69357142857142,0.7906092831139944,1.530393394996993,168.86375288478922,166.73838836274186,83.72127494653351,83.02634499165838,1.0,1.0,1.0
395,2021-02-01,301.0,1,32.8,5.2,1.9,1.75,184.78,168.65,30.94,1362.5,549.25,83.95,15.4,5.4322,0,168.53333333333333,169.69,154.7,83.74666666666667,83.87,81.79,168.82714285714286,168.63660714285714,83.66142857142857,83.77071428571428,0.7990822400110836,1.47725048467443,168.81031466359192,166.87022364807,83.77845620990013,83.09004533706124,1.0,1.0,1.0
396,2021-02-02,301.05,1,30.2,5.2,1.9,1.75,189.28,168.47,31.44,1350.75,543.0,83.03,15.5,5.368,0,168.65,169.14,162.75,83.95,83.97,81.62,168.73142857142855,168.84089285714285,83.52714285714286,83.82107142857141,0.6008852124541174,1.4991123613731765,168.72523599769394,166.98055305165138,83.59134215742509,83.08590427933288,1.0,1.0,1.0
397,2021-02-03,301.9,1,29.95,5.2,1.9,1.75,189.26,166.12,30.98,1367.5,552.0,83.09,15.5,5.3534,0,168.47,169.15,164.84,83.03,83.83,82.31,168.29857142857145,168.88660714285714,83.42142857142858,83.84892857142857,0.4515119472904686,1.506822533522799,168.07392699827045,166.9212045653306,83.46600661806882,83.08618674282717,1.0,1.0,1.0
398,2021-02-04,300.1,1,30.65,5.2,1.9,1.75,190.78,167.67,30.74,1369.25,550.0,83.02,15.22,5.4266,0,166.12,169.6,163.85,83.09,83.25,82.65,168.02285714285716,169.0230357142857,83.38857142857144,83.86214285714286,0.5612356791274279,1.5459715143049293,167.97294524870284,166.97284562979056,83.3545049635516,83.08162213987356,1.0,1.0,1.0
399,2021-02-05,301.7,1,28.89,5.2,1.9,1.75,188.67,166.36,30.89,1365.75,548.5,82.78,15.37,5.3704,0,167.67,168.3,165.61,83.02,83.34,82.6,167.74571428571429,169.04982142857145,83.30857142857143,83.86857142857143,0.702062397493705,1.5945326276352283,167.56970893652715,166.93058041394292,83.2108787226637,83.06082061298572,1.0,1.0,1.0
400,2021-02-06,301.6333333333333,1,28.93,5.2,1.9,1.75,188.78666666666663,167.21,31.07333333333333,1372.5,553.5833333333334,82.75,15.376666666666669,5.368833333333334,0,166.36,168.41666666666669,166.57666666666668,82.78,83.54333333333334,82.61333333333333,167.57333333333332,169.07244047619048,83.1952380952381,83.87345238095239,0.7295244311802697,1.6320142018423376,167.47978170239537,166.94985073022272,83.09565904199778,83.03938470864188,1.0,1.0,1.0
401,2021-02-07,301.56666666666666,1,26.25,5.2,1.9,1.75,188.9033333333333,168.06,31.256666666666668,1379.25,558.6666666666666,82.72,15.383333333333333,5.367266666666667,0,167.21,168.53333333333333,167.54333333333332,82.75,83.74666666666667,82.62666666666667,167.50571428571428,169.09089285714285,83.04857142857144,83.87678571428572,0.656182873683948,1.6546394364147456,167.62483627679654,167.02641274882802,83.00174428149833,83.0173581770114,1.0,1.0,1.0
402,2021-02-08,301.5,1,24.83,5.2,1.9,1.75,189.02,168.91,31.44,1386.0,563.75,82.69,15.39,5.3657,0,168.06,168.65,168.51,82.72,83.95,82.64,167.54285714285714,169.10517857142855,82.86857142857141,83.87857142857142,0.4308563428869612,1.6582757153779923,167.9461272075974,167.15631531787437,82.92380821112374,82.9947817510106,1.0,1.0,1.0
403,2021-02-09,302.2,1,29.3,5.2,1.9,1.75,189.24,169.4,31.47,1398.75,556.25,83.39,15.49,5.3781,0,168.91,168.47,170.72,82.69,83.03,83.32,167.6757142857143,169.05803571428572,82.92,83.88107142857143,0.5392099705008854,1.6450652959090266,168.30959540569805,167.31105219250372,83.0403561583428,83.02203818197539,1.0,1.0,1.0
404,2021-02-10,299.95,1,28.84,5.2,1.9,1.75,182.57,167.39,31.12,1352.5,534.5,83.16,15.46,5.386,0,169.4,166.12,170.68,83.39,83.09,83.87,167.85714285714286,168.94053571428572,82.92999999999999,83.85571428571428,0.3724607148737994,1.553837261738673,168.07969655427354,167.31649686888275,83.0702671187571,83.03155279011501,1.0,1.0,1.0
405,2021-02-11,301.2,1,30.87,5.2,1.9,1.75,180.12,165.62,30.72,1366.75,541.0,83.19,15.43,5.3665,0,167.39,167.67,170.08,83.16,83.02,84.28,167.56428571428572,168.78125,82.9542857142857,83.81678571428571,0.599605690536954,1.424215513117411,167.46477241570517,167.19949708482187,83.10020033906783,83.04248018390018,1.0,1.0,1.0
406,2021-02-12,303.0,1,26.4,5.2,1.9,1.75,181.75,165.73,30.82,1371.25,538.75,83.4,15.51,5.3698,0,165.62,166.36,169.66,83.19,82.78,84.52,167.4742857142857,168.6408928571429,83.04285714285716,83.77678571428571,0.6464600974489372,1.3659624256224894,167.03107931177888,167.0981524582824,83.17515025430086,83.06713672294154,1.0,1.0,1.0
407,2021-02-13,302.85,1,28.78,5.2,1.9,1.75,182.9925,165.384,30.708,1374.875,542.125,83.48,15.5,5.369725,0,165.73,167.21,170.0675,83.4,82.75,84.695,167.21342857142855,168.47362500000003,83.14714285714285,83.73339285714285,0.6590619622352264,1.287168634294067,166.61930948383417,166.97993504736638,83.25136269072564,83.09561005239385,1.0,1.0,1.0
408,2021-02-14,302.7,1,30.17,5.2,1.9,1.75,184.235,165.03799999999998,30.596,1378.5,545.5,83.56,15.49,5.36965,0,165.384,168.06,170.475,83.48,82.72,84.87,166.7817142857143,168.27944642857142,83.26714285714286,83.68660714285714,0.6594921128687558,1.1904270719026162,166.22398211287563,166.8460084923756,83.32852201804423,83.1276369453322,1.0,1.0,1.0
409,2021-02-15,302.55,1,27.0,5.2,1.9,1.75,185.4775,164.692,30.484,1382.125,548.875,83.64,15.48,5.369575,0,165.03799999999998,168.91,170.8825,83.56,82.69,85.045,166.17914285714284,168.05835714285715,83.40285714285714,83.63642857142858,0.6632909217953268,1.077704491343294,165.84098658465672,166.6974561825566,83.40639151353317,83.16297232841274,1.0,1.0,1.0
410,2021-02-16,302.4,1,26.4,5.2,1.9,1.75,186.72,164.346,30.372,1385.75,552.25,83.72,15.47,5.3695,0,164.692,169.4,171.29,83.64,83.39,85.22,165.45714285714286,167.81035714285716,83.45,83.58285714285715,0.5720137628547628,0.950380311226849,165.46723993849253,166.53528679065616,83.48479363514988,83.20138802990151,1.0,1.0,1.0
411,2021-02-17,302.25,1,27.88,5.2,1.9,1.75,188.43,164.0,30.26,1384.75,553.0,83.8,15.46,5.4105,0,164.346,167.39,168.79,83.72,83.16,85.44,164.97285714285712,167.63928571428573,83.54142857142857,83.52428571428572,0.6899066411237721,0.8093180432631678,165.1004299538694,166.36043942578334,83.56359522636241,83.24267161404623,1.0,1.0,1.0
412,2021-02-18,303.75,1,26.5,5.2,1.9,1.75,191.24,163.7,30.09,1376.5,550.25,84.06,15.45,5.427,0,164.0,165.62,170.11,83.8,83.19,85.03,164.6985714285714,167.41035714285712,83.66571428571429,83.48964285714285,0.7340006047357146,0.7362432434451763,164.75032246540206,166.17696084469483,83.68769641977181,83.2990390889396,1.0,1.0,1.0
413,2021-02-19,303.05,1,28.88,5.2,1.9,1.75,192.3,162.96,30.14,1380.0,542.75,84.35,15.6,5.3823,0,163.7,165.73,169.11,84.06,83.4,84.43,164.30285714285714,167.19071428571428,83.80142857142857,83.48678571428572,0.6279329143270288,0.7301684396448287,164.30274184905156,165.95510147609517,83.85327231482886,83.37151915177134,1.0,1.0,1.0
414,2021-02-20,302.85,1,26.77,5.2,1.9,1.75,192.4333333333333,163.28666666666666,30.136666666666667,1382.5,545.5,84.53,15.6,5.410166666666667,0,162.96,165.384,169.30333333333334,84.35,83.48,84.24333333333334,164.00323809523806,166.97583333333336,83.95142857142856,83.49702380952382,0.5202078829601312,0.7254567941860385,164.04872305345532,165.771071489238,84.02245423612163,83.45141438268365,1.0,1.0,1.0
415,2021-02-21,302.65,1,25.2,5.2,1.9,1.75,192.56666666666663,163.61333333333334,30.133333333333333,1385.0,548.25,84.71,15.6,5.438033333333333,0,163.28666666666666,165.03799999999998,169.49666666666667,84.53,83.56,84.05666666666667,163.7997142857143,166.76571428571427,84.11571428571428,83.52035714285714,0.4186724172521699,0.7221422315820543,163.93987562342485,165.6222619612446,84.19434067709122,83.53821339077443,1.0,1.0,1.0
416,2021-02-22,302.45,1,30.27,5.2,1.9,1.75,192.7,163.94,30.13,1387.5,551.0,84.89,15.6,5.4659,0,163.61333333333334,164.692,169.69,84.71,83.64,83.87,163.6922857142857,166.56035714285716,84.2942857142857,83.55678571428572,0.3334591599208456,0.7202512420078826,163.93990671756862,165.50624389495184,84.36825550781842,83.63144005347964,1.0,1.0,1.0
417,2021-02-23,300.8,1,26.96,5.2,1.9,1.75,195.93,165.95,30.44,1408.5,553.75,85.08,15.61,5.4409,0,163.94,164.346,169.14,84.89,83.72,83.97,163.92142857142858,166.44642857142858,84.48857142857142,83.59642857142856,0.2763447844750069,0.7014444750754629,164.44243003817644,165.53684776426547,84.54619163086382,83.73134073944655,1.0,1.0,1.0
418,2021-02-24,299.5,1,29.97,5.2,1.9,1.75,197.85,165.84,30.52,1425.75,559.25,85.19,15.68,5.4062,0,165.95,164.0,169.15,85.08,83.8,83.83,164.18428571428572,166.3282142857143,84.68714285714286,83.645,0.4012520088428616,0.7047367901923575,164.79182252863234,165.55775481500578,84.70714372314787,83.83193792982955,1.0,1.0,1.0
419,2021-02-25,302.55,1,28.61,5.2,1.9,1.75,201.89,166.74,30.28,1407.5,554.75,85.59,15.55,5.5308,0,165.84,163.7,169.6,85.19,84.06,83.25,164.6185714285714,166.22607142857143,84.90571428571427,83.72857142857141,0.4780478064092549,0.7278416264865243,165.27886689647426,165.63928896569504,84.9278577923609,83.9531835898413,1.0,1.0,1.0
420,2021-02-26,303.15,1,27.15,5.2,1.9,1.75,196.87,167.45,30.0,1404.25,555.5,85.41,15.3,5.5986,0,166.74,162.96,168.3,85.59,84.35,83.34,165.26,166.19571428571427,85.05714285714285,83.80250000000001,1.149782193707911,0.8947705865942946,165.8216501723557,165.76416558875056,85.04839334427066,84.05365368709361,1.0,1.0,1.0
421,2021-02-27,302.0333333333333,1,24.83,5.2,1.9,1.75,200.1533333333333,167.95333333333332,30.06,1399.9166666666667,552.8333333333334,85.47,15.296666666666669,5.613,0,167.45,163.28666666666666,168.41666666666669,85.41,84.53,83.54333333333334,165.92666666666668,166.1791666666667,85.19142857142857,83.87130952380951,1.164907322619285,0.8923380733227843,166.35457096260012,165.91514267458385,85.15379500820299,84.15133274315613,1.0,1.0,1.0
422,2021-02-28,300.9166666666667,1,27.78,5.2,1.9,1.75,203.43666666666667,168.45666666666668,30.12,1395.5833333333333,550.1666666666666,85.53,15.293333333333331,5.6274,0,167.95333333333332,163.61333333333334,168.53333333333333,85.47,84.71,83.74666666666667,166.6185714285714,166.17642857142854,85.30857142857143,83.93500000000002,1.274181254169904,0.8882421863128721,166.88009488861675,166.09042019127924,85.24784625615224,84.24641324362813,1.0,1.0,1.0
423,2021-03-01,299.8,1,26.78,6.1,1.9,1.75,206.72,168.96,30.18,1391.25,547.5,85.59,15.29,5.6418,0,168.45666666666668,163.94,168.65,85.53,84.89,83.95,167.33571428571426,166.1875,85.40857142857143,83.99357142857141,1.7059520984938523,1.00993846949115,167.40007116646257,166.2883222470531,85.33338469211418,84.33907439923998,1.0,1.0,1.0
424,2021-03-02,301.5,1,26.86,6.1,1.9,1.75,203.71,171.34,30.24,1412.5,560.75,86.11,15.2,5.6761,0,168.96,165.95,168.47,85.59,85.08,83.03,168.1057142857143,166.29,85.55571428571429,84.10357142857143,2.0144546816437545,1.1710680838687797,168.38505337484693,166.63671381622183,85.52753851908564,84.46120719929239,1.0,1.0,1.0
425,2021-03-03,298.15,1,28.92,6.1,1.9,1.75,202.87,172.36,29.97,1407.5,550.25,87.06,15.14,5.6193,0,171.34,165.84,166.12,86.11,85.19,83.09,169.03714285714287,166.51285714285717,85.82285714285715,84.24535714285715,2.215283441372901,1.2890846491081618,169.3787900311352,167.03142320820652,85.91065388931423,84.64043428899636,1.0,1.0,1.0
426,2021-03-04,303.95,1,28.29,6.1,1.9,1.75,204.08,171.98,30.37,1410.5,546.25,88.59,15.64,5.6693,0,172.36,166.74,167.67,87.06,85.59,83.02,169.78571428571428,166.6667857142857,86.25142857142858,84.44428571428571,2.26736183817511,1.3455408964408662,170.0290925233514,167.37270436626125,86.58049041698567,84.91281813113454,1.0,1.0,1.0
427,2021-03-05,301.1,1,30.83,6.1,1.9,1.75,210.88,174.34,30.62,1430.0,562.0,89.07,15.64,5.6908,0,171.98,167.45,166.36,88.59,85.41,82.78,170.77,166.9517857142857,86.77428571428572,84.66892857142857,1.493853772284276,1.422313865701353,171.10681939251356,167.85320751341564,87.20286781273926,85.19952032898732,1.0,1.0,1.0
428,2021-03-06,303.2333333333333,1,27.49,6.1,1.9,1.75,210.92,175.57,30.7,1431.25,563.0,89.25666666666666,15.606666666666667,5.752366666666667,0,174.34,167.95333333333332,167.21,89.07,85.47,82.75,171.85809523809525,167.25035714285715,87.3152380952381,84.90130952380953,0.7739793220281669,1.496615845433344,172.22261454438518,168.3854000986973,87.7163175262211,85.47932352468933,1.0,1.0,1.0
429,2021-03-07,305.3666666666667,1,30.96,6.1,1.9,1.75,210.96,176.8,30.78,1432.5,564.0,89.44333333333333,15.573333333333332,5.813933333333333,0,175.57,168.45666666666668,168.06,89.25666666666666,85.53,82.72,173.04999999999998,167.5625,87.87428571428572,85.14142857142858,0.2772909111936559,1.568085957242471,173.3669609082889,168.96571733326988,88.14807147799915,85.75270351149236,1.0,1.0,1.0
430,2021-03-08,307.5,1,27.41,6.1,1.9,1.75,211.0,178.03,30.86,1433.75,565.0,89.63,15.54,5.8755,0,176.8,168.96,168.91,89.44333333333333,85.59,82.69,174.34571428571425,167.88821428571427,88.45142857142856,85.38928571428572,0.2822801554578462,1.6363578577709703,174.53272068121666,169.59084027580298,88.51855360849936,86.02010326932046,1.0,1.0,1.0
431,2021-03-09,306.15,1,29.37,6.1,1.9,1.75,206.74,179.3,30.97,1440.0,562.0,89.88,15.53,5.8025,0,178.03,171.34,169.4,89.63,86.11,83.39,175.48285714285717,168.2417857142857,88.99,85.62107142857144,0.3211720316596879,1.7115502573943795,175.7245405109125,170.2604374981614,88.85891520637452,86.28630304385008,1.0,1.0,1.0
432,2021-03-10,308.8,1,28.46,6.1,1.9,1.75,203.71,177.23,31.33,1409.75,547.75,91.59,16.19,5.672,0,179.3,172.36,167.39,89.88,87.06,83.16,176.17857142857142,168.5932142857143,89.63714285714286,85.92214285714284,0.337312978328693,1.734441758076127,176.1009053831844,170.7410969810468,89.5416864047809,86.6520752477225,1.0,1.0,1.0
433,2021-03-11,308.8,1,29.34,6.1,1.9,1.75,202.69,171.32,30.95,1413.5,555.0,91.72,16.57,5.5357,0,177.23,171.98,165.62,91.59,88.59,83.19,176.08428571428573,168.79678571428573,90.0842857142857,86.22678571428573,0.3420592567741605,1.7205843952383766,174.90567903738827,170.78102132718152,90.08626480358568,87.0015872996037,1.0,1.0,1.0
434,2021-03-12,310.5,1,29.54,6.1,1.9,1.75,206.18,169.71,30.5,1413.25,549.25,91.73,16.49,5.5518,0,171.32,174.34,165.73,91.72,89.07,83.4,175.42285714285714,168.93892857142856,90.46428571428572,86.52428571428572,0.3431315039783461,1.7528344240916407,173.6067592780412,170.7071577873759,90.49719860268928,87.32768472721723,1.0,1.0,1.0
435,2021-03-13,310.2,1,28.67,6.1,1.9,1.75,206.16,170.08666666666667,30.42,1412.25,549.3333333333334,91.87666666666668,16.436666666666664,5.573066666666667,0,169.71,175.57,165.384,91.73,89.25666666666666,83.48,174.6395238095238,169.10688095238092,90.83857142857144,86.82416666666667,0.3432656296725663,1.7821612338309822,172.7267361251976,170.6643652962925,90.84206561868362,87.64140761959305,1.0,1.0,1.0
436,2021-03-14,309.90000000000003,1,28.13,6.1,1.9,1.75,206.14,170.46333333333334,30.34,1411.25,549.4166666666666,92.02333333333334,16.383333333333333,5.594333333333333,0,170.08666666666667,176.8,165.03799999999998,91.87666666666668,89.44333333333333,83.56,173.73428571428573,169.3006428571429,91.20714285714288,87.12642857142858,0.3371912798118715,1.8060304848893245,172.16088542723153,170.65050102298497,91.13738254734604,87.94360939295446,1.0,1.0,1.0
437,2021-03-15,309.6,1,30.86,6.1,1.9,1.75,206.12,170.84,30.26,1410.25,549.5,92.17,16.33,5.6156,0,170.46333333333334,178.03,164.692,92.02333333333334,89.63,83.64,172.70714285714286,169.5202142857143,91.57,87.43107142857141,0.3181387195791328,1.821811070948269,171.8306640704237,170.66356991795152,91.39553691050952,88.23508460723346,1.0,1.0,1.0
438,2021-03-16,309.9,1,30.33,6.1,1.9,1.75,204.18,170.54,30.39,1413.75,554.25,93.21,16.61,5.6246,0,170.84,179.3,164.346,92.17,89.88,83.72,171.4557142857143,169.74142857142857,92.0457142857143,87.77,0.3181387195790902,1.8064679828681287,171.50799805281775,170.65504785464452,91.84915268288216,88.57818222052771,1.0,1.0,1.0
439,2021-03-17,309.5,1,28.42,6.1,1.9,1.75,203.65,171.11,30.65,1406.0,558.0,93.44,16.74,5.5832,0,170.54,177.23,164.0,93.21,91.59,83.8,170.58142857142855,169.99535714285713,92.31,88.11428571428571,0.3791989408373518,1.781421996111449,171.4084985396133,170.68642386466905,92.2468645121616,88.91347999842236,1.0,1.0,1.0
440,2021-03-18,313.5,1,28.16,6.1,2.65,1.75,202.86,169.79,30.54,1380.5,546.5,93.3,16.78,5.5604,0,171.11,171.32,163.7,93.44,91.72,84.06,170.36285714285714,170.21285714285713,92.5357142857143,88.44428571428571,0.3723285799210798,1.7142059629262034,171.00387390470996,170.62460152917464,92.5101483841212,89.21599861922081,1.0,1.0,1.0
441,2021-03-19,311.5,1,26.75,6.1,2.65,1.75,199.78,168.17,30.64,1403.0,557.75,93.85,17.1,5.4917,0,169.79,169.71,162.96,93.3,91.73,84.35,170.14285714285714,170.39892857142857,92.83857142857144,88.78357142857143,0.4110911314596926,1.6751759096374683,170.29540542853246,170.45531866509364,92.84511128809092,89.5355849213435,1.0,1.0,1.0
442,2021-03-20,312.7333333333333,1,29.29,6.1,2.65,1.75,198.69333333333333,168.22,30.60333333333333,1403.3333333333333,554.8333333333334,93.65666666666668,17.040000000000003,5.495966666666667,0,168.17,170.08666666666667,163.28666666666666,93.85,91.87666666666668,84.53,169.87619047619046,170.57511904761904,93.09285714285716,89.10952380952381,0.4136316676223371,1.628425688793118,169.77655407139935,170.30115875715614,93.04800013273486,89.81979745550372,1.0,1.0,1.0
443,2021-03-21,313.96666666666664,1,29.76,6.1,2.65,1.75,197.60666666666668,168.26999999999998,30.566666666666663,1403.6666666666667,551.9166666666666,93.46333333333332,16.98,5.500233333333333,0,168.22,170.46333333333334,163.61333333333334,93.65666666666668,92.02333333333334,84.71,169.56285714285713,170.74142857142857,93.29857142857142,89.42214285714286,0.3930507459429768,1.5722731631807212,169.3999155535495,170.16107884286953,93.15183343288447,90.07107579190576,1.0,1.0,1.0
444,2021-03-22,315.2,1,30.1,6.1,2.65,1.75,196.52,168.32,30.53,1404.0,549.0,93.27,16.92,5.5045,0,168.26999999999998,170.84,163.94,93.46333333333332,92.17,84.89,169.20285714285714,170.8978571428571,93.4557142857143,89.72142857142856,0.3575527806172673,1.5045329608455131,169.12993666516212,170.03410788818888,93.18137507466336,90.29169125453296,1.0,1.0,1.0
445,2021-03-23,313.8,1,32.14,6.1,2.65,1.75,197.09,168.78,30.61,1411.25,551.25,92.56,16.79,5.5214,0,168.32,170.54,165.95,93.27,93.21,85.08,168.95142857142858,170.9989285714286,93.36285714285714,89.98857142857142,0.335892218968958,1.4233554927852736,169.0424524988716,169.94761768900344,93.0260313059975,90.44812634042722,1.0,1.0,1.0
446,2021-03-24,310.8,1,32.71,6.1,2.65,1.75,201.87,170.15,30.31,1421.0,553.25,93.03,16.57,5.6209,0,168.78,171.11,165.84,92.56,93.44,85.19,168.8142857142857,171.15285714285713,93.30428571428573,90.26857142857143,0.2631192619881553,1.385991151157509,169.31933937415369,169.96157508976182,93.02702347949813,90.62618659281156,1.0,1.0,1.0
447,2021-03-25,315.8,1,32.13,6.1,2.65,1.75,202.34,170.99,30.17,1404.5,546.5,93.31,16.47,5.6475,0,170.15,169.79,166.74,93.03,93.3,85.59,168.98571428571427,171.30464285714285,93.30571428571427,90.54428571428572,0.3743008599833968,1.3698335839135851,169.73700453061525,170.03250094564032,93.0977676096236,90.81127717261764,1.0,1.0,1.0
448,2021-03-26,314.45,1,30.88,6.1,2.65,1.75,205.48,172.05,29.94,1391.25,552.5,93.4,16.25,5.7566,0,170.99,168.17,167.45,93.31,93.85,85.41,169.54,171.46892857142856,93.2414285714286,90.82964285714286,0.511399750892501,0.9118355375930228,170.31525339796144,170.17163881145822,93.17332570721771,90.98980978140264,1.0,1.0,1.0
449,2021-03-27,314.8333333333333,1,31.71,6.1,2.65,1.75,205.6533333333333,172.26000000000002,29.94,1389.25,550.5833333333334,93.73333333333332,16.29,5.764366666666667,0,172.05,168.22,167.95333333333332,93.4,93.65666666666668,85.47,170.11714285714285,171.62273809523808,93.25238095238096,91.12476190476193,0.6083042113967098,0.615865125336899,170.80144004847108,170.3156637210128,93.31332761374662,91.17901830222544,1.0,1.0,1.0
450,2021-03-28,315.2166666666667,1,32.94,6.1,2.65,1.75,205.82666666666665,172.47,29.94,1387.25,548.6666666666666,94.06666666666668,16.330000000000002,5.772133333333333,0,172.26000000000002,168.26999999999998,168.45666666666668,93.73333333333332,93.46333333333332,85.53,170.71714285714285,171.76607142857145,93.33857142857144,91.42964285714284,0.6691725014764635,0.5661699003016737,171.21858003635333,170.46423863680502,93.50166237697664,91.37816646529036,1.0,1.0,1.0
451,2021-03-29,315.6,1,30.55,6.1,2.65,1.75,206.0,172.68,29.94,1385.25,546.75,94.4,16.37,5.7799,0,172.47,168.32,168.96,94.06666666666668,93.27,85.59,171.34,171.89892857142857,93.5,91.74428571428572,0.6882690503806671,0.659187338959379,171.583935027265,170.6170497653012,93.72624678273246,91.58656877802896,1.0,1.0,1.0
452,2021-03-30,313.1,1,32.98,6.1,2.65,1.75,202.03,171.64,29.87,1357.75,539.25,94.22,16.39,5.7745,0,172.68,168.78,171.34,94.4,92.56,86.11,171.74857142857144,171.90964285714287,93.73714285714286,92.03392857142858,0.657980832173603,0.7353600144864937,171.59795127044876,170.6875980573494,93.84968508704937,91.76818472437178,1.0,1.0,1.0
453,2021-03-31,315.8,1,33.12,6.1,2.65,1.75,201.33,173.3,30.82,1427.75,564.25,93.71,16.66,5.6315,0,171.64,170.15,172.36,94.22,93.03,87.06,172.19857142857146,171.94321428571428,93.83428571428573,92.2714285714286,0.5024633198083354,0.8006135331587957,172.02346345283655,170.86776370856666,93.814763815287,91.90210301924267,1.0,1.0,1.0
454,2021-04-01,316.1,1,31.83,6.76,2.65,12.4,203.16,173.86,30.47,1396.75,559.75,93.9,16.46,5.7071,0,173.3,170.99,171.98,93.71,93.31,88.59,172.60857142857142,172.01035714285717,93.91857142857144,92.46107142857144,0.3845113517044199,0.7969267429059255,172.48259758962743,171.07412483211377,93.83607286146524,92.0398890179156,1.0,1.0,1.0
455,2021-04-02,316.4375,1,28.02,6.76,2.65,12.4,203.495,173.60500000000002,30.47,1398.9375,558.125,93.935,16.490000000000002,5.696124999999999,0,173.86,172.05,174.34,93.9,93.4,89.07,172.8307142857143,171.98410714285714,93.995,92.6348214285714,0.3455131498690362,0.8148699970340694,172.7631981922206,171.2486679471404,93.86080464609894,92.17058632702486,1.0,1.0,1.0
456,2021-04-03,316.775,1,30.31,6.76,2.65,12.4,203.83,173.35000000000002,30.47,1401.125,556.5,93.97,16.52,5.68515,0,173.60500000000002,172.26000000000002,175.57,93.935,93.73333333333332,89.25666666666666,172.9864285714286,171.90482142857144,94.02880952380951,92.80315476190476,0.332185481132587,0.8467532336245371,172.90989864416545,171.39358739906174,93.8881034845742,92.2946838217128,1.0,1.0,1.0
457,2021-04-04,317.1125,1,32.93,6.76,2.65,12.4,204.165,173.095,30.47,1403.3125,554.875,94.005,16.549999999999997,5.674175,0,173.35000000000002,172.47,176.8,93.97,94.06666666666668,89.44333333333333,173.07571428571433,171.7725,94.02,92.96607142857144,0.3569824639804919,0.8936324114319084,172.9561739831241,171.51092619912646,93.91732761343064,92.41263666159466,1.0,1.0,1.0
458,2021-04-05,317.45,1,31.05,6.76,2.65,12.4,204.5,172.84,30.47,1405.5,553.25,94.04,16.58,5.6632,0,173.095,172.68,178.03,94.005,94.4,89.63,173.09857142857143,171.58714285714288,93.96857142857142,93.12357142857142,0.4207788575208264,0.9554693840748998,172.92713048734308,171.60258646125564,93.947995710073,92.52486861596743,1.0,1.0,1.0
459,2021-04-06,318.95,1,29.39,6.76,2.65,12.4,202.18,173.65,31.02,1411.25,554.25,94.7,16.92,5.5904,0,172.84,171.64,179.3,94.04,94.22,89.88,173.38571428571433,171.38535714285717,94.03714285714284,93.29571428571428,0.804175170021701,1.1161038550838558,173.1078478655073,171.74378739496214,94.13599678255474,92.6748776769352,1.0,1.0,1.0
460,2021-04-07,316.3,1,30.6,6.76,2.65,12.4,201.44,172.52,30.54,1403.0,560.5,95.32,16.87,5.6143,0,173.65,173.3,177.23,94.7,93.71,91.59,173.27428571428572,171.21714285714285,94.26714285714286,93.4289285714286,1.09124145273222,1.2685514433055705,172.96088589913046,171.79731929875786,94.43199758691604,92.85729990611208,1.0,1.0,1.0
461,2021-04-08,316.8,1,27.37,6.76,2.65,12.4,199.86,172.63,30.98,1409.75,579.75,95.49,17.13,5.572,0,172.52,173.86,171.32,95.32,93.9,91.72,173.09857142857143,171.26392857142858,94.49428571428572,93.56357142857142,1.3132883443890695,1.4682191277768464,172.87816442434783,171.85474555401592,94.69649819018704,93.03886542982848,1.0,1.0,1.0
462,2021-04-09,319.4,1,29.6,6.76,2.65,12.4,201.73,174.71,30.77,1398.25,577.25,95.37,16.8,5.6821,0,172.63,173.60500000000002,169.71,95.49,93.935,91.73,173.2564285714286,171.44250000000002,94.69928571428572,93.69357142857142,1.22569565836583,1.577272189646112,173.3361233182609,172.05165965373897,94.86487364264028,93.19963333121964,1.0,1.0,1.0
463,2021-04-10,318.41666666666663,1,31.24,6.76,2.65,12.4,201.75,174.31333333333333,30.616666666666667,1391.8333333333333,574.5,95.55666666666669,16.78666666666667,5.699166666666667,0,174.71,173.35000000000002,170.08666666666667,95.37,93.97,91.87666666666668,173.3940476190476,171.5934523809524,94.92595238095237,93.825,1.0383484154997933,1.650886890800653,173.580425822029,172.2076371488834,95.03782189864688,93.3621873543539,1.0,1.0,1.0
464,2021-04-11,317.43333333333334,1,30.18,6.76,2.65,12.4,201.77,173.91666666666669,30.46333333333333,1385.4166666666667,571.75,95.74333333333334,16.773333333333333,5.716233333333333,0,174.31333333333333,173.095,170.46333333333334,95.55666666666669,94.005,92.02333333333334,173.51142857142858,171.7167857142857,95.17428571428572,93.95785714285716,0.7802008579096849,1.697361498904546,173.66448603318844,172.32550125355812,95.21419975731848,93.52640431842144,1.0,1.0,1.0
465,2021-04-12,316.45,1,30.61,6.76,2.65,12.4,201.79,173.52,30.31,1379.0,569.0,95.93,16.76,5.7333,0,173.91666666666669,172.84,170.84,95.74333333333334,94.04,92.17,173.60857142857142,171.8125,95.44428571428573,94.09214285714286,0.4588485045323983,1.7223501791436455,173.6283645248913,172.40788047745068,95.39314981798886,93.69216953784064,1.0,1.0,1.0
466,2021-04-13,316.7,1,31.1,6.76,2.65,12.4,202.94,175.17,30.73,1384.75,580.0,96.57,16.94,5.7166,0,173.52,173.65,170.54,95.93,94.7,93.21,173.82571428571433,171.97785714285715,95.71142857142856,94.21214285714288,0.5154224650309149,1.6847554285064263,174.01377339366846,172.5983714790058,95.68736236349164,93.89064060419643,1.0,1.0,1.0
467,2021-04-14,320.0,1,32.05,6.76,2.65,12.4,203.83,176.19,31.05,1402.25,594.0,96.92,17.08,5.6526,0,175.17,172.52,171.11,96.57,95.32,93.44,174.34999999999997,172.15928571428572,95.94,94.33642857142856,0.6306031378438537,1.6796447440237994,174.55783004525136,172.84606999769505,95.99552177261874,94.09956194183808,1.0,1.0,1.0
468,2021-04-15,319.4,1,29.8,6.76,2.65,12.4,201.15,175.74,31.25,1411.0,590.0,97.64,17.36,5.6162,0,176.19,172.63,169.79,96.92,95.49,93.3,174.7942857142857,172.37178571428572,96.24714285714286,94.49142857142856,0.5905437749324748,1.6233747246828207,174.8533725339385,173.04565137716435,96.40664132946404,94.34373008378029,1.0,1.0,1.0
469,2021-04-16,312.6,1,31.81,6.76,2.65,12.4,204.63,177.94,31.86,1422.5,585.5,97.88,17.52,5.5883,0,175.74,174.71,168.17,97.64,95.37,93.85,175.25571428571428,172.7207142857143,96.60571428571428,94.63535714285716,0.7578077344263003,1.5446991605937483,175.6250294004539,173.38319266149784,96.77498099709804,94.5876107676575,1.0,1.0,1.0
470,2021-04-17,313.53333333333336,1,29.9,6.76,2.65,12.4,203.97666666666663,178.16333333333333,31.94333333333333,1427.1666666666667,587.6666666666666,97.89,17.546666666666667,5.574233333333334,0,177.94,174.31333333333333,168.22,97.88,95.55666666666669,93.65666666666668,175.8057142857143,173.07583333333332,96.93904761904764,94.7865476190476,0.823293259647614,1.4666064470954503,176.25960538367374,173.71285753541753,97.05373574782352,94.81536174919836,1.0,1.0,1.0
471,2021-04-18,314.46666666666664,1,28.21,6.76,2.65,12.4,203.32333333333327,178.38666666666668,32.026666666666664,1431.8333333333333,589.8333333333334,97.9,17.573333333333334,5.5601666666666665,0,178.16333333333333,173.91666666666669,168.26999999999998,97.89,95.74333333333334,93.46333333333332,176.44428571428574,173.43714285714285,97.24714285714283,94.945,0.8198633811292714,1.3912375822786285,176.79137070442198,174.03518919964162,97.26530181086764,95.02809542166744,1.0,1.0,1.0
472,2021-04-19,315.4,1,27.53,6.76,2.65,12.4,202.67,178.61,32.11,1436.5,592.0,97.91,17.6,5.5461,0,178.38666666666668,173.52,168.32,97.9,95.93,93.27,177.17142857142858,173.80464285714288,97.53,95.11071428571428,0.7547431272999086,1.3209614696205332,177.2460280283165,174.35069339276978,97.42647635815072,95.22684746155242,1.0,1.0,1.0
473,2021-04-20,315.85,1,26.33,6.76,2.65,12.4,203.19,179.32,32.27,1457.75,606.5,97.78,17.6,5.5687,0,178.61,175.17,168.78,97.91,96.57,92.56,177.7642857142857,174.1810714285714,97.70285714285716,95.29714285714286,0.5988871009088098,1.261653502894079,177.7645210212374,174.6934041932684,97.51485726861304,95.4029269469626,1.0,1.0,1.0
474,2021-04-21,316.25,1,28.2,6.76,2.65,12.4,204.03,180.26,32.72,1479.5,625.5,97.88,17.770000000000003,5.569,0,179.32,176.19,170.15,97.78,96.92,93.03,178.34571428571425,174.54214285714286,97.84,95.47035714285714,0.508222637660707,1.2255148522974484,178.38839076592802,175.07730735235336,97.6061429514598,95.57375957131,1.0,1.0,1.0
475,2021-04-22,316.65,1,29.61,6.76,2.65,12.4,203.2,181.2,33.17,1514.25,650.5,97.98,17.94,5.4448,0,180.26,175.74,170.99,97.88,97.64,93.31,179.12571428571428,174.90678571428572,97.88857142857144,95.63714285714286,0.809131837875234,1.308283331564922,179.091293074446,175.49956201770829,97.69960721359485,95.73970718708172,1.0,1.0,1.0
476,2021-04-23,315.4,1,30.17,6.76,2.65,12.4,204.37,180.96,32.93,1516.0,655.5,98.7,17.96,5.4751,0,181.2,177.94,172.05,97.98,97.88,93.4,179.55714285714288,175.225,98.00571428571428,95.82642857142856,1.0777908454674598,1.4431901737787096,179.55846980583453,175.87614394752148,97.94970541019612,95.94386531211056,1.0,1.0,1.0
477,2021-04-24,315.46666666666664,1,31.63,6.76,2.65,12.4,203.50666666666663,181.59333333333333,33.12,1523.75,663.8333333333334,98.89333333333332,18.03666666666667,5.4622,0,180.96,178.16333333333333,172.26000000000002,98.7,97.89,93.73333333333332,180.04714285714286,175.55833333333334,98.1490476190476,96.01071428571429,1.1336526160891025,1.5525767489450837,180.06718568770924,176.2704328706809,98.18561239098042,96.14727689978108,1.0,1.0,1.0
478,2021-04-25,315.53333333333336,1,31.91,6.76,2.65,12.4,202.6433333333333,182.2266666666667,33.31,1531.5,672.1666666666666,99.08666666666667,18.113333333333333,5.4493,0,181.59333333333333,178.38666666666668,172.47,98.89333333333332,97.9,94.06666666666668,180.59571428571425,175.9067857142857,98.31857142857145,96.19,1.0740573043221924,1.6403467459206331,180.6070559324486,176.68120761523164,98.410875959902,96.34999343542836,1.0,1.0,1.0
479,2021-04-26,315.6,1,28.98,6.76,2.65,12.4,201.78,182.86,33.5,1539.25,680.5,99.28,18.19,5.4364,0,182.2266666666667,178.61,172.68,99.08666666666667,97.91,94.4,181.20285714285717,176.27035714285716,98.5142857142857,96.36428571428571,0.9366065054381244,1.7086624879925274,181.17029194933644,177.10733122797427,98.6281569699265,96.5520628536747,1.0,1.0,1.0
480,2021-04-27,313.4,1,30.46,6.76,2.65,12.4,201.87,183.02,33.49,1519.5,695.5,98.88,18.09,5.449,0,182.86,179.32,171.64,99.28,97.78,94.22,181.73142857142855,176.6767857142857,98.67142857142856,96.53071428571428,0.576342364865837,1.7758988663736162,181.63271896200237,177.51510148811397,98.69111772744486,96.71261024307644,1.0,1.0,1.0
481,2021-04-28,312.1,1,29.9,6.76,2.65,12.4,198.17,180.06,33.57,1513.75,686.25,99.25,18.5,5.343,0,183.02,180.26,173.3,98.88,97.88,93.71,181.70285714285717,176.9182142857143,98.86714285714284,96.7285714285714,0.3201261089332601,1.8120554902964807,181.23953922150173,177.690611730313,98.83083829558365,96.88760264010564,1.0,1.0,1.0
482,2021-04-29,313.7,1,28.13,6.76,2.65,12.4,200.84,177.44,33.14,1502.25,702.0,99.78,18.64,5.3375,0,180.06,181.2,173.86,99.25,97.98,93.9,181.1657142857143,177.04607142857142,99.12428571428572,96.93857142857144,0.5092041721020095,1.823750676075282,180.28965441612635,177.67332816270522,99.06812872168774,97.08707832009836,1.0,1.0,1.0
483,2021-04-30,312.95,1,28.23,6.76,2.65,12.4,199.12,179.72,33.07,1534.25,740.0,99.76,18.36,5.4366,0,177.44,180.96,173.60500000000002,99.78,98.7,93.935,180.98857142857145,177.26446428571427,99.2757142857143,97.14660714285716,1.0109114452366863,2.029497399981953,180.1472408120948,177.8144779445876,99.2410965412658,97.27141774629848,1.0,1.0,1.0
484,2021-05-01,313.3666666666667,1,29.91,8.06,2.65,12.4,199.6833333333333,178.85333333333332,32.93666666666667,1530.8333333333333,737.4166666666666,99.78666666666668,18.376666666666665,5.438400000000001,0,179.72,181.59333333333333,173.35000000000002,99.76,98.89333333333332,93.97,180.59714285714287,177.46101190476193,99.40333333333334,97.35434523809523,1.3344607478398975,2.222224761260819,179.8237639424044,177.88612314381143,99.37748907261604,97.44488318908247,1.0,1.0,1.0
485,2021-05-02,313.7833333333333,1,29.72,8.06,2.65,12.4,200.24666666666667,177.98666666666668,32.803333333333335,1527.4166666666667,734.8333333333334,99.81333333333332,18.39333333333333,5.4402,0,178.85333333333332,182.2266666666667,173.095,99.78666666666668,99.08666666666667,94.005,179.99142857142857,177.6357142857143,99.50714285714284,97.56178571428572,1.5528128233615617,2.3996906304523318,179.36448962346998,177.89305717987042,99.48645013779536,97.60822457834117,1.0,1.0,1.0
486,2021-05-03,314.2,1,30.51,8.06,2.65,12.4,200.81,177.12,32.67,1524.0,732.25,99.84,18.41,5.442,0,177.98666666666668,182.86,172.84,99.81333333333332,99.28,94.04,179.17142857142858,177.78857142857143,99.58714285714288,97.76892857142856,1.6624923234771678,2.5595393438064087,178.80336721760247,177.8397428916035,99.57483760334652,97.76214012466244,1.0,1.0,1.0
487,2021-05-04,313.1,1,30.06,8.06,2.65,12.4,201.46,180.59,33.24,1538.25,744.75,99.79,18.37,5.4435,0,177.12,183.02,173.65,99.84,98.88,94.7,178.8242857142857,178.0364285714286,99.71714285714287,97.95071428571428,2.060726816279794,2.818081548993682,179.25002541320185,178.02941579563085,99.62862820250989,97.90199252985816,1.0,1.0,1.0
488,2021-05-05,307.5,1,30.54,8.06,2.65,12.4,200.18,180.37,33.61,1542.25,753.25,100.24,18.68,5.3542,0,180.59,180.06,172.52,99.79,99.25,95.32,178.8685714285714,178.31678571428571,99.85857142857142,98.12642857142858,1.8221570283113129,2.902003146920724,179.53001905990138,178.19083539593214,99.7814711518824,98.06323442435068,1.0,1.0,1.0
489,2021-05-06,309.6,1,30.29,8.06,3.4,12.4,201.45,178.51,33.8,1569.5,759.5,100.9,19.11,5.276,0,180.37,177.44,172.63,100.24,99.78,95.49,179.02142857142857,178.52678571428572,100.01857142857143,98.31964285714288,0.9533245325678048,2.840890349700859,179.27501429492602,178.21284674793682,100.0611033639118,98.25887342956788,1.0,1.0,1.0
490,2021-05-07,311.45,1,28.85,8.06,3.4,12.4,200.04,177.51,33.99,1589.75,772.75,101.56,19.45,5.2368,0,178.51,179.72,174.71,100.9,99.76,95.37,178.7057142857143,178.6267857142857,100.27571428571429,98.5407142857143,0.9575346272353854,2.76861785757232,178.83376072119452,178.16437455842393,100.43582752293383,98.486537330977,1.0,1.0,1.0
491,2021-05-08,311.43333333333334,1,30.49,8.06,3.4,12.4,201.72666666666663,177.41666666666666,33.95333333333333,1589.0,764.5,101.45,19.416666666666668,5.2336,0,177.51,178.85333333333332,174.31333333333333,101.56,99.78666666666668,95.55666666666669,178.50047619047618,178.73761904761906,100.51333333333334,98.75119047619047,1.110397367126622,2.661845972176135,178.47948720756256,178.11280849692344,100.6893706422004,98.69091406677168,1.0,1.0,1.0
492,2021-05-09,311.41666666666663,1,32.18,8.06,3.4,12.4,203.41333333333333,177.32333333333332,33.91666666666667,1588.25,756.25,101.34,19.383333333333333,5.2304,0,177.41666666666666,177.98666666666668,173.91666666666669,101.45,99.81333333333332,95.74333333333334,178.40571428571428,178.85928571428573,100.73142857142857,98.95107142857144,1.3699217913013642,2.532341024215269,178.19044873900526,178.0583619339172,100.85202798165028,98.87360964837362,1.0,1.0,1.0
493,2021-05-10,311.4,1,30.68,8.06,3.4,12.4,205.1,177.23,33.88,1587.5,748.0,101.23,19.35,5.2272,0,177.32333333333332,177.12,173.52,101.34,99.84,95.93,178.42142857142855,178.9917857142857,100.93,99.14035714285714,1.659481108966632,2.392003268047976,177.95033655425397,178.00123352468154,100.94652098623772,99.03611932779611,1.0,1.0,1.0
494,2021-05-11,312.1,1,29.74,8.06,3.4,12.4,209.08,179.28,34.32,1614.75,759.5,101.4,19.41,5.2208,0,177.23,180.59,175.17,101.23,99.79,96.57,178.2342857142857,179.1385714285714,101.16,99.31285714285715,1.40320914990041,2.2562043803212406,178.28275241569048,178.0894243160828,101.05989073967828,99.19914558105155,1.0,1.0,1.0
495,2021-05-12,307.7,1,30.66,8.06,3.4,12.4,211.03,182.97,34.55,1642.5,757.5,102.39,19.33,5.3061,0,179.28,180.37,176.19,101.4,100.24,96.92,178.6057142857143,179.38071428571428,101.46714285714287,99.50821428571427,1.1690742892881338,2.1244985102528213,179.45456431176785,178.42601574255983,101.3924180547587,99.41920450649629,1.0,1.0,1.0
496,2021-05-13,311.85,1,31.42,8.06,3.4,12.4,212.2,178.27,33.64,1584.0,719.0,101.79,19.21,5.309,0,182.97,178.51,175.74,102.39,100.9,97.64,178.57142857142858,179.47107142857143,101.5942857142857,99.65642857142858,1.140331137011449,2.0498068703613823,179.15842323382589,178.4152560361764,101.49181354106904,99.58270764397928,1.0,1.0,1.0
497,2021-05-14,307.0,1,32.19,8.06,3.4,12.4,213.91,176.84,33.56,1586.25,685.0,101.34,19.23,5.2728,0,178.27,177.51,177.94,101.79,101.56,97.88,178.47571428571428,179.43178571428572,101.56285714285715,99.78,1.279472148813262,2.0098925412094246,178.5788174253694,178.3066176888539,101.45386015580178,99.70390022025656,1.0,1.0,1.0
498,2021-05-15,305.7333333333333,1,30.2,8.06,3.4,12.4,213.72666666666663,176.74,33.54666666666667,1566.0,674.1666666666666,101.25333333333332,19.22,5.272833333333334,0,176.84,177.41666666666666,178.16333333333333,101.34,101.45,97.89,178.37904761904764,179.38095238095238,101.53476190476192,99.90011904761904,1.4438756424101244,1.958827032861652,178.1191130690271,178.19857508962258,101.40372845018469,99.81075767633084,1.0,1.0,1.0
499,2021-05-16,304.46666666666664,1,29.8,8.06,3.4,12.4,213.5433333333333,176.64,33.53333333333334,1545.75,663.3333333333334,101.16666666666669,19.21,5.272866666666666,0,176.74,177.32333333333332,178.38666666666668,101.25333333333332,101.34,97.9,178.28142857142856,179.31857142857143,101.51,100.01678571428572,1.5379500152573249,1.8971767535873152,177.7493348017703,178.09108715240723,101.34446300430518,99.9042686411816,1.0,1.0,1.0
500,2021-05-17,303.2,1,30.48,8.06,3.4,12.4,213.36,176.54,33.52,1525.5,652.5,101.08,19.2,5.2729,0,176.64,177.23,178.61,101.16666666666669,101.23,97.91,178.18285714285713,179.24464285714285,101.48857142857142,100.13,1.462201458955909,1.825323298639496,177.44700110132771,177.98411562465498,101.27834725322889,99.98535356247942,1.0,1.0,1.0
501,2021-05-18,306.55,1,28.98,8.06,3.4,12.4,211.19,176.38,33.62,1521.25,658.25,103.23,19.68,5.2605,0,176.54,179.28,179.32,101.08,101.4,97.78,177.76857142857145,179.13964285714286,101.75,100.32464285714286,1.1524793346419786,1.691396647462077,177.18025082599578,177.87348696088566,101.76626043992168,100.2091222823084,1.0,1.0,1.0
502,2021-05-19,309.35,1,30.17,8.06,3.4,12.4,208.85,174.08,32.75,1485.5,658.25,102.72,19.33,5.3094,0,176.38,182.97,180.26,103.23,102.39,97.88,176.49857142857144,178.91892857142855,101.79714285714286,100.4975,0.6607389527760218,1.5965185870004075,176.40518811949684,177.61186717047977,102.00469532994126,100.38228626283886,1.0,1.0,1.0
503,2021-05-20,305.45,1,31.18,8.06,3.4,12.4,212.94,173.91,32.98,1480.25,664.5,102.06,19.35,5.2825,0,174.08,178.27,181.2,102.72,101.79,97.98,175.8757142857143,178.65857142857143,101.83571428571427,100.64321428571428,0.70987527248883,1.568259154989761,175.78139108962262,177.35656598630874,102.01852149745596,100.49799065850516,1.0,1.0,1.0
504,2021-05-21,312.4,1,32.56,8.06,3.4,12.4,214.69,173.01,32.35,1472.25,659.5,101.93,19.06,5.3617,0,173.91,176.84,180.96,102.06,101.34,98.7,175.32857142857142,178.37464285714285,101.92,100.75857142857144,0.872489076267117,1.5639373524906046,175.08854331721696,177.05680281483916,101.99639112309195,100.59674992343582,1.0,1.0,1.0
505,2021-05-22,310.76666666666665,1,32.12,8.06,3.4,12.4,214.53666666666663,173.19,32.43666666666667,1471.8333333333333,658.75,101.66,19.04,5.346966666666667,0,173.01,176.74,181.59333333333333,101.93,101.25333333333332,98.89333333333332,174.82142857142858,178.0745238095238,101.97809523809524,100.85738095238096,0.8450903962149029,1.54740905168638,174.61390748791274,176.79012675864334,101.91229334231896,100.670077514923,1.0,1.0,1.0
506,2021-05-23,309.1333333333333,1,30.7,8.06,3.4,12.4,214.38333333333333,173.37,32.52333333333333,1471.4166666666667,658.0,101.39,19.02,5.332233333333333,0,173.19,176.64,182.2266666666667,101.66,101.16666666666669,99.08666666666667,174.3542857142857,177.7582142857143,102.01,100.93964285714286,0.6859784544038003,1.518455904309256,174.30293061593457,176.55425594770242,101.78172000673922,100.71972734148004,1.0,1.0,1.0
507,2021-05-24,307.5,1,31.24,8.06,3.4,12.4,214.23,173.55,32.61,1471.0,657.25,101.12,19.0,5.3175,0,173.37,176.54,182.86,101.39,101.08,99.28,173.92714285714283,177.4257142857143,102.01571428571428,101.00535714285714,0.3541519204570385,1.475822510782252,174.11469796195092,176.34706588234363,101.61629000505442,100.74733235241244,1.0,1.0,1.0
508,2021-05-25,309.0,1,32.93,8.06,3.4,12.4,211.83,174.28,32.66,1460.5,620.25,98.66,18.49,5.3312,0,173.55,176.38,183.02,101.12,103.23,98.88,173.62714285714284,177.11357142857145,101.36285714285714,100.99750000000002,0.3574728634029865,1.4347939629036228,174.1560234714632,176.20450961459576,100.8772175037908,100.60337839707364,1.0,1.0,1.0
509,2021-05-26,312.75,1,32.61,8.06,3.4,12.4,213.06,173.75,32.73,1453.0,624.5,96.83,18.24,5.3115,0,174.28,174.08,180.06,98.66,102.72,99.25,173.57999999999998,176.88821428571427,100.52142857142856,100.91107142857145,0.4080955159154961,1.355999910324848,174.0545176035974,176.03523308945122,99.8654131278431,100.343145404172,1.0,1.0,1.0
510,2021-05-27,314.6,1,31.6,8.06,3.4,12.4,214.99,173.77,33.08,1487.25,664.5,97.69,18.6,5.2383,0,173.75,173.91,177.44,96.83,102.06,99.78,173.56,176.7571428571429,99.89714285714284,100.83642857142856,0.4458551873304965,1.222758274401488,173.98338820269805,175.87901011776495,99.32155984588232,100.1601698590567,1.0,1.0,1.0
511,2021-05-28,317.1,1,31.07,8.06,3.4,12.4,215.65,173.35,33.22,1482.0,656.75,99.24,19.02,5.2244,0,173.77,173.01,179.72,97.69,101.93,99.76,173.60857142857142,176.52964285714285,99.51285714285711,100.81785714285716,0.4491205818586531,1.2240556716968485,173.82504115202354,175.70459562688458,99.30116988441172,100.09670986877693,1.0,1.0,1.0
512,2021-05-29,316.07500000000005,1,30.42,8.06,3.4,12.4,214.2675,173.51,33.3525,1486.6875,664.75,99.2375,19.075,5.206025,0,173.35,173.19,178.85333333333332,99.24,101.66,99.78666666666668,173.6542857142857,176.33880952380952,99.16678571428572,100.79824404761904,0.5522053035563501,1.2345206162847118,173.74628086401765,175.5532442043408,99.2852524133088,100.03745401575782,1.0,1.0,1.0
513,2021-05-30,315.05,1,31.28,8.06,3.4,12.4,212.885,173.67000000000002,33.485,1491.375,672.75,99.235,19.13,5.18765,0,173.51,173.37,177.98666666666668,99.2375,101.39,99.81333333333332,173.69714285714286,176.18464285714285,98.85892857142858,100.77758928571428,0.7132680250137293,1.2615141533113163,173.72721064801323,175.42336529369663,99.27268930998162,99.98211235949866,1.0,1.0,1.0
514,2021-05-31,314.025,1,30.97,8.06,3.4,12.4,211.5025,173.83,33.6175,1496.0625,680.75,99.2325,19.185,5.169275,0,173.67000000000002,173.55,177.12,99.235,101.12,99.84,173.73714285714286,176.06714285714287,98.58928571428572,100.75589285714284,0.8967468131727545,1.310955084979589,173.75290798600994,175.3134780320624,99.26264198248622,99.93041495539528,1.0,1.0,1.0
515,2021-06-01,313.0,1,31.48,8.35,3.4,12.4,210.12,173.99,33.75,1500.75,688.75,99.23,19.24,5.1509,0,173.83,174.28,180.59,99.2325,98.66,99.79,173.6957142857143,175.83142857142855,98.6707142857143,100.73589285714286,1.031925953480203,1.2686251879443773,173.81218098950745,175.2222036850236,99.25448148686466,99.88211047571286,1.0,1.0,1.0
516,2021-06-02,307.9,1,31.31,8.35,3.4,12.4,213.24,172.8,33.93,1516.25,675.0,98.67,19.38,5.0754,0,173.99,173.75,180.37,99.23,96.83,100.24,173.55999999999997,175.56107142857144,98.93357142857144,100.67982142857144,1.1661080173637104,1.2286743811253924,173.5591357421306,175.05515515502196,99.1083611151485,99.79851664980164,1.0,1.0,1.0
517,2021-06-03,309.67499999999995,1,32.59,8.35,3.4,12.4,214.86,173.005,34.165,1504.25,662.0,98.65,19.485,5.0775,0,172.8,173.77,178.51,98.67,97.69,100.9,173.45071428571427,175.3644642857143,99.07071428571427,100.59946428571428,1.229802435600497,1.2197342760706658,173.42060180659794,174.9137651443308,98.99377083636136,99.71930860498772,1.0,1.0,1.0
518,2021-06-04,311.45,1,31.73,8.35,3.4,12.4,215.27,173.21,34.4,1537.5,682.75,98.63,19.59,5.0495,0,173.005,173.35,177.51,98.65,99.24,101.56,173.4307142857143,175.21089285714285,98.98357142857142,100.49482142857144,1.328838586809027,1.2205162299154166,173.36795135494847,174.7962640998942,98.90282812727102,99.64418387360924,1.0,1.0,1.0
519,2021-06-05,310.55,1,30.93,8.35,3.4,12.4,215.18,173.50666666666666,34.45666666666666,1532.4166666666667,681.5833333333334,98.1,19.48333333333333,5.048033333333334,0,173.21,173.51,177.41666666666666,98.63,99.2375,101.45,173.4302380952381,175.07125,98.8210714285714,100.37517857142858,1.3817770218425147,1.2194044786095086,173.40263018287803,174.7073263458785,98.70212109545326,99.53768843405,1.0,1.0,1.0
520,2021-06-06,309.65,1,31.05,8.35,3.4,12.4,215.09,173.80333333333334,34.513333333333335,1527.3333333333333,680.4166666666666,97.57,19.376666666666665,5.046566666666666,0,173.50666666666666,173.67000000000002,177.32333333333332,98.1,99.235,101.34,173.4492857142857,174.94553571428568,98.5832142857143,100.24053571428573,1.340170892662098,1.2014784463551964,173.50280597049186,174.6449820001857,98.41909082158996,99.40198578342586,1.0,1.0,1.0
521,2021-06-07,308.75,1,31.07,8.35,3.4,12.4,215.0,174.1,34.57,1522.25,679.25,97.04,19.27,5.0451,0,173.80333333333334,173.83,177.23,97.57,99.2325,101.23,173.48785714285714,174.83375,98.27,100.09089285714286,1.1232165505805,1.147492584972247,173.6521044778689,174.6073970346557,98.07431811619246,99.23909021215512,1.0,1.0,1.0
522,2021-06-08,316.7,1,31.01,8.35,3.4,12.4,214.55,173.45,34.43,1539.5,680.0,96.57,19.17,5.0325,0,174.1,173.99,179.28,97.04,99.23,101.4,173.41071428571428,174.62553571428572,97.89,99.91839285714283,0.2693361284905415,1.0610115975413732,173.6015783584017,174.52757654950702,97.69823858714436,99.05501502510994,1.0,1.0,1.0
523,2021-06-09,315.85,1,31.86,8.35,3.4,12.4,212.45,171.82,33.89,1523.0,690.75,95.72,18.88,5.0621,0,173.45,172.8,182.97,96.57,98.67,102.39,173.2707142857143,174.22732142857143,97.46857142857142,99.68017857142856,0.3432187246748386,0.9859449512280006,173.15618376880127,174.34084713229964,97.20367894035826,98.82501398889544,1.0,1.0,1.0
524,2021-06-10,317.35,1,32.29,8.35,3.4,12.4,209.85,170.63,33.7,1510.0,699.0,95.21,18.8,5.0552,0,171.82,173.005,178.27,95.72,98.65,101.79,172.93142857142857,173.95446428571427,96.97714285714288,99.44517857142856,0.4595507023925437,1.0120470505694306,172.52463782660095,174.08492664041688,96.70525920526867,98.57570267931644,1.0,1.0,1.0
525,2021-06-11,319.45,1,31.08,8.35,3.4,12.4,211.42,169.41,33.09,1482.5,684.5,94.88,18.53,5.1171,0,170.63,173.21,176.84,95.21,98.63,101.34,172.3885714285714,173.68910714285715,96.44142857142856,99.21446428571429,0.8000887139001138,1.0908861535069765,171.7459783699507,173.76251790659504,96.24894440395153,98.32082663246705,1.0,1.0,1.0
526,2021-06-12,319.45,1,30.1,8.35,3.4,12.4,212.1533333333333,168.49,33.013333333333335,1468.75,676.0833333333334,94.68333333333334,18.55,5.0981,0,169.41,173.50666666666666,176.74,94.88,98.1,101.25333333333332,171.67190476190476,173.3944642857143,95.95333333333332,98.97982142857144,0.9897806623864706,1.1684008627623257,170.93198377746302,173.39889598200227,95.85754163629696,98.06996502563022,1.0,1.0,1.0
527,2021-06-13,319.45,1,30.83,8.35,3.4,12.4,212.88666666666663,167.57,32.93666666666667,1455.0,667.6666666666666,94.48666666666666,18.57,5.0791,0,168.49,173.80333333333334,176.64,94.68333333333334,97.57,101.16666666666669,170.78142857142856,173.07053571428574,95.51285714285711,98.74125,1.0542878650972909,1.243974025220583,170.09148783309723,172.9969031556573,95.5148228938894,97.82284100087412,1.0,1.0,1.0
528,2021-06-14,319.45,1,31.66,8.35,3.4,12.4,213.62,166.65,32.86,1441.25,659.25,94.29,18.59,5.0601,0,167.57,174.1,176.54,94.48666666666666,97.04,101.08,169.71714285714285,172.71732142857144,95.12,98.49875,0.9459583438004888,1.3169949552516227,169.23111587482293,172.55918569664644,95.20861717041706,97.57919679391728,1.0,1.0,1.0
529,2021-06-15,317.35,1,29.73,8.35,3.4,12.4,213.9,164.45,32.61,1426.0,667.5,93.27,18.5,5.0437,0,166.65,173.45,176.38,94.29,96.57,103.23,168.43142857142857,172.29125000000002,94.64857142857144,98.1430357142857,1.1777444910357526,1.5526355795132687,168.0358369061172,171.99993151067082,94.7239628778128,97.2820108081299,1.0,1.0,1.0
530,2021-06-16,319.65,1,29.52,8.35,3.4,12.4,215.74,161.32,31.98,1402.0,673.0,91.6,18.16,5.0545,0,164.45,171.82,174.08,93.27,95.72,102.72,166.93142857142857,171.83553571428573,94.06000000000002,97.74589285714286,1.4883151837447623,1.843040189667532,166.3568776795879,171.2633845099349,93.9429721583596,96.89014799377613,1.0,1.0,1.0
531,2021-06-17,318.9,1,30.82,8.35,4.15,12.4,213.92,156.86,31.22,1295.0,633.0,89.56,17.83,5.0059,0,161.32,170.63,173.91,91.6,95.21,102.06,164.96428571428572,171.22660714285712,93.25285714285714,97.2994642857143,1.2377845764081288,1.9193011185290605,163.98265825969094,170.27004764718075,92.8472291187697,96.38462054592948,1.0,1.0,1.0
532,2021-06-18,320.9,1,30.75,8.35,4.15,12.4,207.72,153.43,30.26,1355.0,655.25,89.87,17.73,5.0894,0,156.86,169.41,173.01,89.56,94.88,101.93,162.68142857142857,170.52732142857144,92.53714285714284,96.86875,1.1647231625364989,2.043276979315133,161.3444936947682,169.10866505082348,92.10292183907728,95.93533637034814,1.0,1.0,1.0
533,2021-06-19,320.01666666666665,1,32.29,8.35,4.15,12.4,209.46,153.88666666666668,30.44666666666667,1360.0833333333333,656.5833333333334,89.42,17.696666666666665,5.063933333333334,0,153.43,168.49,173.19,89.87,94.68333333333334,101.66,160.5952380952381,169.83791666666664,91.7852380952381,96.43160714285716,1.0342184052453212,2.151860715448144,159.48003693774282,168.05887205881265,91.43219137930797,95.4860028275655,1.0,1.0,1.0
534,2021-06-20,319.1333333333333,1,31.37,8.35,4.15,12.4,211.2,154.34333333333333,30.633333333333333,1365.1666666666667,657.9166666666666,88.97,17.663333333333334,5.038466666666666,0,153.88666666666668,167.57,173.37,89.42,94.48666666666666,101.39,158.7057142857143,169.15839285714287,90.99714285714286,95.98803571428572,0.8495627793738606,2.24405401745298,158.19586103664045,167.1129728363658,90.816643534481,95.03662332221616,1.0,1.0,1.0
535,2021-06-21,318.25,1,32.78,8.35,4.15,12.4,212.94,154.8,30.82,1370.25,659.25,88.52,17.63,5.013,0,154.34333333333333,166.65,173.55,88.97,94.29,101.12,157.01285714285714,168.48874999999998,90.17285714285713,95.53803571428573,0.5964330861895285,2.318554069687231,157.34689577748034,166.26380229592678,90.24248265086074,94.58720102413228,1.0,1.0,1.0
536,2021-06-22,319.55,1,32.07,8.35,4.15,12.4,212.8,155.02,31.23,1352.0,659.75,87.72,17.67,4.9574,0,154.8,164.45,174.28,88.52,93.27,98.66,155.6657142857143,167.80089285714286,89.38,95.14732142857144,0.9252257186131632,2.506358315300411,156.76517183311026,165.48836765482838,89.61186198814556,94.11360095350248,1.0,1.0,1.0
537,2021-06-23,319.9,1,32.01,8.35,4.15,12.4,211.72,152.67,30.75,1346.0,664.25,87.27,17.58,4.9667,0,155.02,161.32,173.75,87.72,91.6,96.83,154.43,167.04803571428573,88.76142857142857,94.80589285714288,0.9562905468397602,2.61862546990102,155.7413788748327,164.60434229932295,89.02639649110917,93.64162847395056,1.0,1.0,1.0
538,2021-06-24,318.9,1,32.6,8.35,4.15,12.4,213.9,149.28,30.43,1334.0,653.25,86.25,17.58,4.9137,0,152.67,156.86,173.77,87.27,89.56,97.69,153.34714285714287,166.17339285714283,88.28857142857143,94.39732142857144,0.9054155533570608,2.724541220429316,154.12603415612452,163.5474911062662,88.33229736833188,93.13186099298844,1.0,1.0,1.0
539,2021-06-25,319.45,1,31.47,8.35,4.15,12.4,215.02,148.74,30.04,1302.75,636.5,86.27,17.42,4.9335,0,149.28,153.43,173.35,86.25,89.87,99.24,152.67714285714283,165.29446428571427,87.77428571428571,93.93410714285714,0.9141996487257624,2.7918421364539463,152.77952561709338,162.52628482307543,87.81672302624891,92.65862920036857,1.0,1.0,1.0
540,2021-06-26,320.26666666666665,1,30.7,8.35,4.15,12.4,214.06666666666663,149.52666666666667,30.25,1314.0833333333333,649.5,86.39,17.476666666666667,4.930466666666667,0,148.74,153.88666666666668,173.51,86.27,89.42,99.2375,152.0542857142857,164.43791666666667,87.34142857142857,93.47526785714284,0.826335790705079,2.799354130612008,151.9663108794867,161.62975943297826,87.46004226968668,92.22630994517073,1.0,1.0,1.0
541,2021-06-27,321.0833333333333,1,30.34,8.35,4.15,12.4,213.1133333333333,150.31333333333333,30.46,1325.4166666666667,662.5,86.50999999999999,17.533333333333335,4.927433333333334,0,149.52666666666667,154.34333333333333,173.67000000000002,86.39,88.97,99.235,151.47857142857146,163.60375,86.99,93.02080357142856,0.6474390506148091,2.7404745839209133,151.55306649294835,160.8493162536924,87.222531702265,91.83208167309,1.0,1.0,1.0
542,2021-06-28,321.9,1,30.28,8.35,4.15,12.4,212.16,151.1,30.67,1336.75,675.5,86.63,17.59,4.9244,0,150.31333333333333,154.8,173.83,86.50999999999999,88.52,99.2325,150.95000000000002,162.7919642857143,86.72,92.57071428571427,0.3118375063771018,2.6030803530167783,151.4397998697113,160.17694961550671,87.07439877669876,91.47331741977344,1.0,1.0,1.0
543,2021-06-29,319.65,1,25.77,8.35,4.15,12.4,210.27,151.74,30.73,1339.75,694.5,87.14,17.65,4.9559,0,151.1,155.02,173.99,86.63,87.72,99.23,150.48142857142855,161.99732142857144,86.63714285714286,92.13892857142858,0.2402757297394834,2.389423288325577,151.51484990228346,159.59509102133384,87.09079908252406,91.17446794254768,1.0,1.0,1.0
544,2021-06-30,318.5,1,25.21,8.35,4.15,12.4,209.66,158.12,31.8,1430.0,720.0,89.57,18.01,4.9686,0,151.74,152.67,172.8,87.14,87.27,98.67,151.26000000000002,161.47303571428571,86.96571428571428,91.81392857142858,0.2402757297394834,2.376839841130337,153.1661374267126,159.49336060606944,87.71059931189303,91.06381498099266,1.0,1.0,1.0
545,2021-07-01,316.2,1,28.66,8.99,4.15,4.21,211.16,163.81,32.45,1429.75,719.75,91.25,18.08,5.0476,0,158.12,149.28,173.005,89.57,86.25,98.65,153.33571428571432,161.14464285714286,87.67999999999999,91.54964285714286,0.4358638827214811,2.376474897091694,155.82710307003447,159.7910598746164,88.59544948391978,91.07665532713108,1.0,1.0,1.0
546,2021-07-02,316.05,1,31.14,8.99,4.15,4.21,210.49,164.28,32.54,1433.25,697.25,92.1,18.24,5.0575,0,163.81,148.74,173.21,91.25,86.27,98.63,155.5557142857143,160.82571428571427,88.51285714285714,91.31642857142856,0.4791806120398653,2.2988857444637927,157.94032730252584,160.10064195222904,89.47158711293983,91.1472308218117,1.0,1.0,1.0
547,2021-07-03,316.95,1,31.79,8.99,4.15,4.21,209.14,163.7425,32.2,1411.0,686.9375,92.685,18.22,5.09235,0,164.28,149.52666666666667,173.50666666666666,92.1,86.39,98.1,157.58654761904762,160.47699404761906,89.41214285714285,91.12303571428572,0.4997427909843502,2.192334676784802,159.3908704768944,160.35180457621323,90.27494033470488,91.25328386858332,1.0,1.0,1.0
548,2021-07-04,317.85,1,30.78,8.99,4.15,4.21,207.79,163.20499999999998,31.86,1388.75,676.625,93.27,18.2,5.1272,0,163.7425,150.31333333333333,173.80333333333334,92.685,86.50999999999999,97.57,159.4282142857143,160.09848214285716,90.37785714285714,90.96946428571428,0.5067181320064328,2.0486715456705014,160.3444028576708,160.5485766744054,91.02370525102866,91.3923677397155,1.0,1.0,1.0
549,2021-07-05,318.75,1,31.07,8.99,4.15,4.21,206.44,162.6675,31.52,1366.5,666.3125,93.855,18.18,5.162050000000001,0,163.20499999999998,151.1,174.1,93.27,86.63,97.04,161.0807142857143,159.69017857142856,91.41,90.85571428571428,0.4925858466546739,1.8551005253578197,160.92517714325308,160.6947093175499,91.7315289382715,91.56220444732132,1.0,1.0,1.0
550,2021-07-06,319.65,1,31.56,8.99,4.15,4.21,205.09,162.13,31.18,1344.25,656.0,94.44,18.16,5.1969,0,162.6675,151.74,173.45,93.855,87.14,96.57,162.565,159.28589285714287,92.45285714285716,90.77964285714286,0.4915282290957121,1.6649232377963628,161.2263828574398,160.79369488185677,92.40864670370362,91.76067310612676,1.0,1.0,1.0
551,2021-07-07,319.2,1,32.01,8.99,4.15,4.21,204.01,164.08,31.35,1366.75,652.5,95.17,18.18,5.2315,0,162.13,158.12,171.82,94.44,89.57,95.72,163.41642857142855,159.0094642857143,93.25285714285714,90.76,0.806888708405946,1.4935131846262042,161.93978714307983,161.0203366141425,93.09898502777772,91.99579909880768,1.0,1.0,1.0
552,2021-07-08,319.5,1,30.02,8.99,4.15,4.21,204.6,166.31,31.65,1365.25,638.0,95.93,18.26,5.2579,0,164.08,163.81,170.63,95.17,91.25,95.21,163.77357142857142,158.85517857142858,93.92142857142858,90.78571428571428,1.0867889418279053,1.3649652383998911,163.0323403573099,161.38514098558093,93.80673877083328,92.26712329888989,1.0,1.0,1.0
553,2021-07-09,319.4125,1,31.93,8.99,4.15,4.21,206.64,165.02,31.5,1379.25,629.75,96.21,18.36,5.2579,0,166.31,164.28,169.41,95.93,92.1,94.88,163.87928571428571,158.69839285714284,94.5085714285714,90.8332142857143,1.3316983172479286,1.3300174542353522,163.52925526798242,161.6358209176098,94.40755407812496,92.53904583000092,1.0,1.0,1.0
554,2021-07-10,319.325,1,31.49,8.99,4.15,4.21,206.84666666666664,165.29000000000002,31.69333333333333,1387.5833333333333,642.9166666666666,96.22,18.446666666666665,5.2296000000000005,0,165.02,163.7425,168.49,96.21,92.685,94.68333333333334,164.10035714285715,158.58410714285714,95.01357142857144,90.88809523809525,1.389118547904993,1.298449946951554,163.96944145098684,161.8878332681195,94.86066555859372,92.79290473827672,1.0,1.0,1.0
555,2021-07-11,319.23749999999995,1,30.9,8.99,4.15,4.21,207.0533333333333,165.56,31.886666666666667,1395.9166666666667,656.0833333333334,96.23,18.53333333333333,5.2013,0,165.29000000000002,163.20499999999998,167.57,96.22,93.27,94.48666666666666,164.4367857142857,158.51232142857145,95.43642857142858,90.95035714285714,1.3010086789733466,1.27026754439882,164.36708108824013,162.1410861461802,95.2029991689453,93.02994579080936,1.0,1.0,1.0
556,2021-07-12,319.15,1,31.98,8.99,4.15,4.21,207.26,165.83,32.08,1404.25,669.25,96.24,18.62,5.173,0,165.56,162.6675,166.65,96.23,93.855,94.29,164.88857142857142,158.48303571428573,95.77714285714286,91.02,1.0506456280902334,1.2454462632153551,164.7328108161801,162.39549399816778,95.46224937670895,93.25132883971904,1.0,1.0,1.0
557,2021-07-13,318.0,1,32.63,8.99,4.15,4.21,207.44,167.62,32.42,1414.75,677.0,96.43,18.65,5.1622,0,165.83,162.13,164.45,96.24,94.44,93.27,165.67285714285714,158.59625,96.06142857142856,91.13285714285716,0.8485035513428474,1.2442270945950515,165.45460811213508,162.75580475691484,95.70418703253172,93.47054754042809,1.0,1.0,1.0
558,2021-07-14,320.7,1,31.93,8.99,4.15,4.21,207.18,168.72,33.27,1453.0,683.0,97.19,19.16,5.0706,0,167.62,164.08,161.32,96.43,95.17,91.6,166.33571428571432,158.86053571428573,96.35,91.3325,0.943549048674042,1.2376057640501477,166.2709560841013,163.16712856678276,96.0756402743988,93.72706150315716,1.0,1.0,1.0
559,2021-07-15,320.55,1,31.47,8.99,4.15,4.21,207.43,168.9,32.96,1394.25,564.25,98.01,19.12,5.11,0,168.72,166.31,156.86,97.19,95.93,89.56,166.7057142857143,159.2905357142857,96.64714285714284,91.63428571428572,0.9475204543097624,1.2094593861730094,166.92821706307598,163.5624990104529,96.5592302057991,94.02243657190492,1.0,1.0,1.0
560,2021-07-16,321.85,1,32.42,8.99,4.15,4.21,206.36,170.39,33.28,1406.0,556.0,97.34,19.01,5.1147,0,168.9,165.02,153.43,98.01,96.21,89.87,167.47285714285712,159.89625,96.80857142857144,91.90107142857144,0.84291713533994,1.2338442359709432,167.79366279730698,164.03336114766304,96.75442265434933,94.2512340497046,1.0,1.0,1.0
561,2021-07-17,320.9833333333333,1,33.24,8.99,4.15,4.21,205.33666666666667,170.55666666666664,33.02333333333333,1398.25,556.0,97.38666666666668,18.85666666666667,5.160433333333334,0,170.39,165.29000000000002,153.88666666666668,97.34,96.22,89.42,168.22523809523813,160.49160714285716,96.9752380952381,92.18559523809525,0.7458307395522418,1.2556037430799751,168.4844137646469,164.48324428690466,96.91248365742864,94.46747078190889,1.0,1.0,1.0
562,2021-07-18,320.1166666666667,1,32.89,8.99,4.15,4.21,204.31333333333333,170.72333333333333,32.766666666666666,1390.5,556.0,97.43333333333334,18.703333333333333,5.206166666666666,0,170.55666666666664,165.56,154.34333333333333,97.38666666666668,96.23,88.97,168.96285714285713,161.0766071428571,97.14714285714284,92.48785714285717,0.6634586077975123,1.2750046685252403,169.0441436568185,164.91359525562387,97.04269607640482,94.67201302683468,1.0,1.0,1.0
563,2021-07-19,319.25,1,31.2,8.99,4.15,4.21,203.29,170.89,32.51,1382.75,556.0,97.48,18.55,5.2519,0,170.72333333333333,165.83,154.8,97.43333333333334,96.24,88.52,169.68571428571428,161.65125000000003,97.32428571428572,92.80785714285716,0.6029500417381651,1.2922753887122345,169.50560774261388,165.32576110006363,97.15202205730364,94.8656673008461,1.0,1.0,1.0
564,2021-07-20,319.5,1,31.66,8.99,4.15,4.21,205.62,172.01,32.96,1399.0,571.75,97.49,18.68,5.2205,0,170.89,167.62,155.02,97.48,96.43,87.72,170.31285714285713,162.25803571428568,97.47571428571428,93.1567857142857,0.5025788371249519,1.288600002322528,170.1317058069604,165.78674309316267,97.23651654297772,95.04665576285672,1.0,1.0,1.0
565,2021-07-21,314.5,1,33.47,8.99,4.15,4.21,208.99,173.11,33.4,1397.75,571.75,98.54,19.01,5.1874,0,172.01,168.72,152.67,97.49,97.19,87.27,170.94,162.9880357142857,97.66857142857144,93.5592857142857,0.3831312688341713,1.290090584410878,170.8762793552203,166.2917952936342,97.5623874072333,95.28757605507349,1.0,1.0,1.0
566,2021-07-22,317.5,1,32.63,8.99,4.15,4.21,206.39,168.86,32.42,1369.0,564.5,99.19,19.04,5.2003,0,173.11,168.9,149.28,98.54,98.01,86.25,170.93428571428572,163.68732142857144,97.83714285714288,94.02142857142856,0.2833865496197861,1.2560328568210932,170.37220951641524,166.46891285959046,97.96929055542498,95.55670874093047,1.0,1.0,1.0
567,2021-07-23,320.6,1,31.9,8.99,4.15,4.21,208.89,169.07,32.41,1355.75,547.25,99.99,19.17,5.2006,0,168.86,170.39,148.74,99.19,97.34,86.27,170.74571428571429,164.4133928571429,98.21571428571428,94.51142857142855,0.5307616569661504,1.2173147269942166,170.04665713731143,166.6482981796187,98.47446791656871,95.86245296569388,1.0,1.0,1.0
568,2021-07-24,320.90000000000003,1,31.37,8.99,4.15,4.21,208.40666666666667,168.69666666666666,32.42333333333333,1358.0,548.0833333333334,100.20333333333332,19.26333333333333,5.192433333333333,0,169.07,170.55666666666664,149.52666666666667,99.99,97.38666666666668,86.39,170.48,165.09803571428571,98.61809523809522,95.0047619047619,0.7971411503636179,1.2012859700581662,169.70915951965026,166.7895649718289,98.90668427075988,96.16182402553108,1.0,1.0,1.0
569,2021-07-25,321.2,1,31.57,8.99,4.15,4.21,207.9233333333333,168.32333333333332,32.43666666666667,1360.25,548.9166666666666,100.41666666666666,19.356666666666666,5.184266666666667,0,168.69666666666666,170.72333333333333,150.31333333333333,100.20333333333332,97.43333333333334,86.50999999999999,170.13714285714286,165.74125,99.04428571428572,95.50142857142858,1.0549436584228835,1.2207586288115184,169.362702973071,166.8953421002085,99.28417986973656,96.45526144905767,1.0,1.0,1.0
570,2021-07-26,321.5,1,31.73,8.99,4.15,4.21,207.44,167.95,32.45,1362.5,549.75,100.63,19.45,5.1761,0,168.32333333333332,170.89,151.1,100.41666666666666,97.48,86.63,169.71714285714285,166.3430357142857,99.49428571428572,96.00142857142858,1.2798309837383108,1.2830328078191304,169.00952722980327,166.9680771277803,99.6206349023024,96.74317445257093,1.0,1.0,1.0
571,2021-07-27,317.15,1,32.58,8.99,4.15,4.21,208.91,169.25,32.69,1367.0,548.75,101.6,19.62,5.169,0,167.95,172.01,151.74,100.63,97.49,87.14,169.32285714285717,166.96839285714285,100.08142857142856,96.51785714285714,1.1394449060290124,1.2988604099408352,169.06964542235244,167.12545111896787,100.11547617672682,97.07812793860052,1.0,1.0,1.0
572,2021-07-28,316.85,1,33.08,8.99,4.15,4.21,210.4,168.69,32.99,1370.25,549.25,102.44,20.03,5.1157,0,169.25,173.11,158.12,101.6,98.54,89.57,168.69142857142856,167.34589285714287,100.63857142857144,96.9775,0.8804521102055288,1.3238855911253171,168.9747340667643,167.23335104179768,100.69660713254513,97.44791221869704,1.0,1.0,1.0
573,2021-07-29,315.55,1,27.14,8.99,4.15,4.21,211.65,168.45,33.18,1385.25,558.0,101.93,20.08,5.0812,0,168.69,168.86,163.81,102.44,99.19,91.25,168.63285714285712,167.51160714285714,101.03,97.35892857142858,0.5990570822160313,1.2690477698111644,168.84355055007325,167.31725786650128,101.00495534940885,97.75702172085587,1.0,1.0,1.0
574,2021-07-30,319.9,1,29.06,8.99,4.15,4.21,209.12,168.05,32.34,1355.5,547.0,101.4,19.51,5.2123,0,168.45,169.07,164.28,101.93,99.99,92.1,168.48714285714286,167.64625,101.23142857142857,97.69107142857143,0.4615634477779123,1.2709849134533249,168.64516291255495,167.36779180674256,101.10371651205662,98.00826160217616,1.0,1.0,1.0
575,2021-07-31,318.66666666666663,1,32.66,8.99,4.15,4.21,208.91333333333333,167.83666666666667,32.36666666666667,1355.75,550.9166666666666,101.42333333333332,19.55666666666667,5.199766666666666,0,168.05,168.69666666666666,163.7425,101.4,100.20333333333332,92.685,168.3642857142857,167.7924702380952,101.4057142857143,98.00315476190475,0.4717242939704443,1.2708132261147316,168.4430388510829,167.4001280039787,101.1836207173758,98.2437837905318,1.0,1.0,1.0
576,2021-08-01,317.43333333333334,1,33.16,9.68,4.15,4.21,208.70666666666668,167.6233333333333,32.39333333333334,1356.0,554.8333333333334,101.44666666666669,19.60333333333333,5.187233333333333,0,167.83666666666667,168.32333333333332,163.20499999999998,101.42333333333332,100.41666666666666,93.27,168.2642857142857,167.95026785714285,101.55285714285716,98.29517857142856,0.5120909960218931,1.2682535429948247,168.2381124716455,167.41552147496867,101.24938220469852,98.464672264748,1.0,1.0,1.0
577,2021-08-02,316.2,1,32.48,9.68,4.15,4.21,208.5,167.41,32.42,1356.25,558.75,101.47,19.65,5.1747,0,167.6233333333333,167.95,162.6675,101.44666666666669,100.63,93.855,168.18714285714285,168.11964285714288,101.67285714285713,98.56714285714284,0.3968195555100831,1.2629891286605923,168.03108435373412,167.41514068359152,101.30453665352388,98.67193624648952,1.0,1.0,1.0
578,2021-08-03,315.4,1,32.72,9.68,4.15,4.21,205.81,168.99,32.6,1323.75,550.5,100.96,19.48,5.1967,0,167.41,169.25,162.13,101.47,101.6,94.44,168.15,168.36464285714283,101.58142857142856,98.8,0.4674206736611491,1.301798925401337,168.2708132653006,167.52375167093004,101.2184024901429,98.82973374673162,1.0,1.0,1.0
579,2021-08-04,316.7,1,32.49,9.68,4.15,4.21,205.54,168.58,32.49,1332.0,545.75,100.21,19.31,5.1685,0,168.99,168.69,164.08,100.96,102.44,95.17,168.1342857142857,168.52535714285713,101.26285714285714,98.98,0.7107228602803303,1.3987690318351365,168.34810994897546,167.5965963832797,100.96630186760716,98.9249245228191,1.0,1.0,1.0
580,2021-08-05,319.2,1,32.51,9.68,5.15,4.21,205.29,167.79,32.25,1335.75,555.75,100.31,19.28,5.2488,0,168.58,168.45,166.31,100.21,101.93,95.93,168.04,168.57821428571427,101.03142857142858,99.13642857142855,0.7096653741790773,1.3600771693039528,168.2085824617316,167.60993456374314,100.80222640070538,99.02044696952125,1.0,1.0,1.0
581,2021-08-06,312.95,1,32.31,9.68,5.15,4.21,206.86,170.03,32.44,1344.25,555.0,99.1,18.91,5.2301,0,167.79,168.05,165.02,100.31,101.4,96.21,168.32285714285717,168.75714285714284,100.70285714285714,99.23964285714284,0.6837952644738929,1.3198495230914582,168.6639368462987,167.77683562831257,100.37666980052904,99.02593338541632,1.0,1.0,1.0
582,2021-08-07,314.8333333333333,1,31.58,9.68,5.15,4.21,206.62,170.09333333333333,32.46,1343.3333333333333,553.4166666666666,99.21666666666668,18.936666666666667,5.2311000000000005,0,170.03,167.83666666666667,165.29000000000002,99.1,101.42333333333332,96.22,168.64523809523808,168.9286904761905,100.38761904761904,99.34666666666666,0.6324372464888715,1.2776566515592989,169.02128596805736,167.9365940907278,100.08666901706346,99.0390874048129,1.0,1.0,1.0
583,2021-08-08,316.7166666666667,1,31.83,9.68,5.15,4.21,206.38,170.15666666666667,32.48,1342.4166666666667,551.8333333333334,99.33333333333331,18.96333333333333,5.2321,0,170.09333333333333,167.6233333333333,165.56,99.21666666666668,101.44666666666669,96.23,169.00714285714284,169.09285714285713,100.08571428571427,99.4575,0.5497791764475108,1.2343555930760426,169.30513114270968,168.08970254424082,99.89833509613092,99.05938022746948,1.0,1.0,1.0
584,2021-08-09,318.6,1,32.83,9.68,5.15,4.21,206.14,170.22,32.5,1341.5,550.25,99.45,18.99,5.2331,0,170.15666666666667,167.41,165.83,99.33333333333331,101.47,96.24,169.40857142857143,169.24964285714285,99.79714285714286,99.57214285714284,0.4193143090738879,1.1907898812899904,169.53384835703227,168.23661961015523,99.78625132209818,99.08631952212674,1.0,1.0,1.0
585,2021-08-10,316.45,1,34.24,9.68,5.15,4.21,205.96,170.68,32.84,1348.25,549.25,98.16,18.88,5.1895,0,170.22,168.99,167.62,99.45,100.96,96.43,169.65,169.35892857142858,99.39714285714284,99.63392857142856,0.4578432135147077,1.2315685744722238,169.8203862677742,168.4051286025583,99.37968849157365,99.02243541715248,1.0,1.0,1.0
586,2021-08-11,318.65,1,35.07,9.68,5.15,4.21,206.1,170.39,32.59,1347.0,556.25,98.35,18.81,5.2185,0,170.68,168.58,168.72,98.16,100.21,97.19,169.9085714285714,169.4185714285714,99.13142857142856,99.67535714285714,0.2919812686160871,1.2346985629629053,169.96278970083063,168.5420162851405,99.12226636868022,98.97606056079712,1.0,1.0,1.0
587,2021-08-12,314.3,1,35.17,9.68,5.15,4.21,205.42,170.31,32.41,1347.0,567.0,98.97,18.84,5.2524,0,170.39,167.79,168.9,98.35,100.31,98.01,170.26857142857145,169.46892857142856,98.94,99.70964285714284,0.2290174220229261,1.236574042591568,170.049592275623,168.66394619651012,99.08419977651016,98.97564259108698,1.0,1.0,1.0
588,2021-08-13,317.35,1,34.64,9.68,5.15,4.21,204.09,172.19,32.84,1373.0,568.25,99.87,19.05,5.2466,0,170.31,170.03,170.39,98.97,99.1,97.34,170.57714285714286,169.53321428571425,99.05,99.8,0.2602981022577734,1.181288450645143,170.58469420671724,168.90712232088873,99.28064983238262,99.03732241239132,1.0,1.0,1.0
589,2021-08-14,315.9833333333333,1,34.72,9.68,5.15,4.21,204.1433333333333,172.71,32.85,1371.4166666666667,567.0833333333334,99.87666666666668,19.0,5.2509,0,172.19,170.09333333333333,170.55666666666664,99.87,99.21666666666668,97.38666666666668,170.9509523809524,169.61011904761904,99.14428571428572,99.88892857142856,0.2599293467546608,1.1221094889603829,171.11602065503794,169.16938974703433,99.42965404095364,99.09520822303102,1.0,1.0,1.0
590,2021-08-15,314.6166666666667,1,34.63,9.68,5.15,4.21,204.19666666666663,173.23,32.86,1369.8333333333333,565.9166666666666,99.88333333333334,18.95,5.2552,0,172.71,170.15666666666667,170.72333333333333,99.87666666666668,99.33333333333331,97.43333333333334,171.39,169.69964285714286,99.22285714285717,99.97642857142856,0.2662130495548495,1.05826803590924,171.64451549127847,169.44943183344574,99.54307386404857,99.14956167891393,1.0,1.0,1.0
591,2021-08-16,313.25,1,34.79,9.68,5.15,4.21,204.25,173.75,32.87,1368.25,564.75,99.89,18.9,5.2595,0,173.23,170.22,170.89,99.88333333333334,99.45,97.48,171.89428571428576,169.8017857142857,99.28571428571428,100.0625,0.2973076466102103,0.9885263259274988,172.17088661845884,169.74602274148396,99.6298053980364,99.20062639071296,1.0,1.0,1.0
592,2021-08-17,319.3,1,34.9,9.68,5.15,4.21,202.47,174.88,33.2,1361.5,558.25,99.4,18.87,5.2948,0,173.75,170.68,172.01,99.89,98.16,97.49,172.49428571428572,169.90428571428575,99.46285714285716,100.13071428571428,0.2389688733855841,0.8399177626840381,172.84816496384414,170.100090138623,99.5723540485273,99.21437629480172,1.0,1.0,1.0
593,2021-08-18,312.2,1,34.39,9.68,5.15,4.21,194.78,175.83,32.8,1353.25,561.75,99.32,18.53,5.3794,0,174.88,170.39,173.11,99.4,98.35,98.54,173.27142857142854,170.00142857142856,99.60142857142856,100.15857142857143,0.3770725042582877,0.7087306208780287,173.5936237228831,170.49525633595934,99.50926553639547,99.22166068826364,1.0,1.0,1.0
594,2021-08-19,314.7,1,32.88,9.68,5.15,4.21,195.27,175.68,32.44,1320.0,550.0,99.02,18.28,5.4142,0,175.83,170.31,168.86,99.32,98.97,99.19,174.03857142857143,170.24500000000003,99.60857142857142,100.1525,0.3738110403342673,0.5990835782981427,174.11521779216235,170.85282486451388,99.3869491522966,99.20775305459028,1.0,1.0,1.0
595,2021-08-20,313.4,1,33.34,9.68,5.15,4.21,195.54,174.94,32.53,1290.75,538.75,98.79,18.37,5.377,0,175.68,172.19,169.07,99.02,99.87,99.99,174.43142857142857,170.45464285714283,99.4542857142857,100.10964285714286,0.4172309104696595,0.5859778249537724,174.32141334412177,171.13469901178877,99.23771186422246,99.1789424991013,1.0,1.0,1.0
596,2021-08-21,313.51666666666665,1,34.32,9.68,5.15,4.21,196.6833333333333,174.15,32.39333333333333,1291.4166666666667,538.5,98.59666666666666,18.34,5.378066666666666,0,174.94,172.71,168.69666666666666,98.79,99.87666666666668,100.20333333333332,174.63714285714286,170.64940476190478,99.27142857142856,100.05226190476192,0.5962513280964993,0.6684879458797726,174.27856000809132,171.3426508040792,99.07745056483353,99.1387855451403,1.0,1.0,1.0
597,2021-08-22,313.6333333333333,1,34.92,9.68,5.15,4.21,197.82666666666665,173.36,32.25666666666667,1292.0833333333333,538.25,98.40333333333334,18.31,5.379133333333334,0,174.15,173.23,168.32333333333332,98.59666666666666,99.88333333333334,100.41666666666666,174.65571428571428,170.82928571428573,99.06,99.98035714285712,0.8373291953612481,0.8215910122335556,174.0489200060685,171.48177833483237,98.90892125695848,99.08806470294672,1.0,1.0,1.0
598,2021-08-23,313.75,1,35.66,9.68,5.15,4.21,198.97,172.57,32.12,1292.75,538.0,98.21,18.28,5.3802,0,173.36,173.75,167.95,98.40333333333334,99.89,100.63,174.48714285714286,170.99428571428572,98.82,99.89392857142856,1.0962169538808642,1.0165274801566362,173.67919000455134,171.55682810484393,98.73419094271884,99.0275085165366,1.0,1.0,1.0
599,2021-08-24,313.0,1,36.3,9.68,5.15,4.21,197.72,171.86,32.68,1331.75,544.5,97.59,18.56,5.2463,0,172.57,174.88,169.25,98.21,99.4,101.6,174.0557142857143,171.0875,98.56142857142858,99.75071428571428,1.0195325948770513,1.1110087141024536,173.2243925034135,171.5777365114064,98.44814320703917,98.92836999815476,1.0,1.0,1.0
600,2021-08-25,313.4,1,36.35,9.68,5.15,4.21,197.45,170.99,32.82,1332.75,551.25,97.49,18.71,5.2117,0,171.86,175.83,168.69,97.59,99.32,102.44,173.36428571428573,171.16964285714286,98.29999999999998,99.57392857142858,0.9772001746850544,1.123507198034837,172.66579437756013,171.53720295889565,98.20860740527937,98.82917206724753,1.0,1.0,1.0
601,2021-08-26,312.45,1,35.38,9.68,5.15,4.21,196.51,171.19,32.61,1326.25,552.75,97.06,18.49,5.2522,0,170.99,175.68,168.45,97.49,99.02,101.93,172.72285714285712,171.26749999999998,98.02,99.4,1.0059485207019585,1.1083779081619247,172.2968457831701,171.51325792724765,97.92145555395952,98.7071602005408,1.0,1.0,1.0
602,2021-08-27,310.85,1,35.89,9.68,5.15,4.21,197.02,169.53,32.63,1323.25,558.0,95.84,18.45,5.1996,0,171.19,174.94,168.05,97.06,98.79,101.4,171.95000000000002,171.32035714285712,97.59857142857145,99.20142857142856,1.4538835318764625,1.1121571040262688,171.6051343373776,171.37648151847193,97.40109166546964,98.5094250142966,1.0,1.0,1.0
603,2021-08-28,313.0,1,36.44,9.68,5.15,4.21,196.8333333333333,169.19,32.583333333333336,1316.5833333333333,552.0833333333334,95.83333333333331,18.456666666666667,5.1944,0,169.53,174.15,167.83666666666667,95.84,98.59666666666666,101.42333333333332,171.24142857142854,171.3686904761905,97.20380952380953,99.00178571428572,1.8291887598804029,1.1493460318895314,171.0013507530332,171.22568968961178,97.00915208243556,98.32486696733362,1.0,1.0,1.0
604,2021-08-29,315.15000000000003,1,35.76,9.68,5.15,4.21,196.64666666666668,168.85,32.53666666666667,1309.9166666666667,546.1666666666666,95.82666666666668,18.46333333333333,5.1892000000000005,0,169.19,173.36,167.6233333333333,95.83333333333331,98.40333333333334,101.44666666666669,170.59714285714287,171.41249999999997,96.83571428571427,98.80107142857142,2.020460758837661,1.2255664789982792,170.4635130647749,171.0618490213627,96.71353072849334,98.15257729142556,1.0,1.0,1.0
605,2021-08-30,317.3,1,34.91,9.68,5.15,4.21,196.46,168.51,32.49,1303.25,540.25,95.82,18.47,5.184,0,168.85,172.57,167.41,95.82666666666668,98.21,101.47,170.0171428571429,171.4517857142857,96.49428571428572,98.59928571428571,1.8675030924878488,1.3410527602106892,169.97513479858117,170.8858594336825,96.49014804637,97.9917098920169,1.0,1.0,1.0
606,2021-08-31,313.4,1,34.88,9.68,5.15,4.21,198.86,166.95,32.26,1292.5,534.0,94.76,18.31,5.1492,0,168.51,171.86,168.99,95.82,97.59,100.96,169.31571428571428,171.37892857142856,96.09,98.37785714285714,1.7071627149001896,1.5723460164558485,169.2188510989359,170.61442085204922,96.05761103477752,97.76883334773989,1.0,1.0,1.0
607,2021-09-01,305.5,1,32.11,10.25,5.15,4.21,196.38,165.84,32.05,1277.75,515.5,93.72,18.11,5.1858,0,166.95,170.99,168.58,94.76,97.49,100.21,168.57999999999998,171.28107142857144,95.55142857142856,98.14607142857145,2.5864332947529647,1.7639186808953402,168.3741383242019,170.2851504484596,95.47320827608314,97.48960346168884,1.0,1.0,1.0
608,2021-09-02,305.1,1,27.82,10.25,5.15,4.21,194.81,167.12,32.23,1283.25,516.25,93.0,17.94,5.1819,0,165.84,171.19,167.79,93.72,97.06,100.31,167.99857142857144,171.25714285714284,94.97142857142856,97.885,2.9337954181492747,1.826722434473152,168.06060374315143,170.0668642106348,94.85490620706236,97.17997563674476,1.0,1.0,1.0
609,2021-09-03,305.1,1,28.53,10.25,5.15,4.21,192.53,170.42,32.87,1292.0,508.0,92.26,17.8,5.1908,0,167.12,169.53,170.03,93.0,95.84,99.1,168.1257142857143,171.27107142857145,94.46,97.64071428571428,3.0356474689189032,1.8407702900608776,168.65045280736356,170.0912184030048,94.20617965529676,96.84066697214168,1.0,1.0,1.0
610,2021-09-04,306.53000000000003,1,29.24,10.25,5.15,4.21,192.15,170.73999999999998,32.772,1288.25,504.9375,92.272,17.716,5.1854000000000005,0,170.42,169.19,170.09333333333333,92.26,95.83333333333331,99.21666666666668,168.34714285714284,171.29416666666663,93.9512380952381,97.3926904761905,3.0230151890673005,1.847020046600412,169.17283960552268,170.13596196141827,93.72263474147258,96.52558649130434,1.0,1.0,1.0
611,2021-09-05,307.96000000000004,1,30.6,10.25,5.15,4.21,191.77,171.06,32.674,1284.5,501.875,92.284,17.632,5.18,0,170.73999999999998,168.85,170.15666666666667,92.272,95.82666666666668,99.33333333333331,168.66285714285715,171.32642857142858,93.44514285714286,97.14092857142856,2.8596175443576977,1.847719900473292,169.644629704142,170.19968872269976,93.36297605610444,96.23306328500747,1.0,1.0,1.0
612,2021-09-06,309.39,1,29.48,10.25,5.15,4.21,191.39,171.38,32.576,1280.75,498.8125,92.296,17.548,5.1746,0,171.06,168.51,170.22,92.284,95.82,99.45,169.07285714285717,171.36785714285716,92.9417142857143,96.8854285714286,2.473618301193304,1.8449053780297529,170.07847227810652,170.2810895004446,93.09623204207831,95.9615416791449,1.0,1.0,1.0
613,2021-09-07,310.82,1,30.2,10.25,5.15,4.21,191.01,171.70000000000002,32.478,1277.0,495.75,92.308,17.464,5.1692,0,171.38,166.95,170.68,92.296,94.76,98.16,169.75142857142856,171.4042857142857,92.59142857142857,96.67642857142856,1.2578941545615858,1.8449637977769635,170.48385420857988,170.37894539696566,92.89917403155872,95.70957328747971,1.0,1.0,1.0
614,2021-09-08,312.25,1,29.75,10.25,5.15,4.21,191.0,172.02,32.38,1279.5,498.25,92.32,17.38,5.3214,0,171.70000000000002,165.84,170.39,92.308,93.72,98.35,170.6342857142857,171.46250000000003,92.39142857142858,96.46107142857144,0.8593090188019555,1.843077530234292,170.86789065643492,170.49212157648526,92.75438052366904,95.47580961248111,1.0,1.0,1.0
615,2021-09-09,305.95,1,29.76,10.25,5.15,4.21,189.73,172.7,32.54,1270.5,496.0,92.15,17.36,5.1976,0,172.02,167.12,170.31,92.32,93.0,98.97,171.43142857142857,171.54785714285714,92.27,96.2175,0.5254189290640499,1.84031208167657,171.3259179923262,170.64438905396904,92.6032853927518,95.24644343231002,1.0,1.0,1.0
616,2021-09-10,305.25,1,30.16,10.25,5.15,4.21,186.52,173.42,32.93,1286.5,502.75,93.53,17.76,5.2454,0,172.7,170.42,172.19,92.15,92.26,99.87,171.86,171.59178571428575,92.45142857142858,95.99107142857144,0.4544246755103188,1.8321628617135295,171.84943849424465,170.8358104985229,92.83496404456385,95.12806802318518,1.0,1.0,1.0
617,2021-09-11,307.03333333333336,1,31.04,10.25,5.15,4.21,186.52666666666667,172.94,32.913333333333334,1285.9166666666667,500.75,93.59,17.810000000000002,5.2350666666666665,0,173.42,170.73999999999998,172.71,93.53,92.272,99.87666666666668,172.17428571428573,171.6,92.63971428571428,95.7665476190476,0.4248820364481186,1.8317547171166355,172.12207887068348,170.98092701586614,93.02372303342288,95.02199436641378,1.0,1.0,1.0
618,2021-09-12,308.81666666666666,1,29.35,10.25,5.15,4.21,186.53333333333333,172.45999999999998,32.89666666666667,1285.3333333333333,498.75,93.65,17.86,5.224733333333334,0,172.94,171.06,173.23,93.59,92.284,99.88333333333334,172.3742857142857,171.5725,92.83485714285716,95.54392857142857,0.4451493099641659,1.84062353199566,172.20655915301262,171.08293204925468,93.18029227506716,94.9273740652818,1.0,1.0,1.0
619,2021-09-13,310.6,1,29.26,10.25,5.15,4.21,186.54,171.98,32.88,1284.75,496.75,93.71,17.91,5.2144,0,172.45999999999998,171.38,173.75,93.65,92.296,99.89,172.45999999999998,171.5092857142857,93.03685714285714,95.32321428571429,0.5076757763334986,1.8593083766813352,172.14991936475946,171.1447988044785,93.31271920630036,94.8434172331934,1.0,1.0,1.0
620,2021-09-14,303.1,1,29.0,10.25,5.15,4.21,186.17,173.43,32.96,1282.5,503.0,93.6,17.79,5.2398,0,171.98,171.70000000000002,174.88,93.71,92.308,99.4,172.70714285714286,171.45749999999998,93.22142857142856,95.11607142857144,0.58196360079591,1.8599129990639864,172.46993952356962,171.30239888692827,93.38453940472527,94.75766432055936,1.0,1.0,1.0
621,2021-09-15,295.0,1,29.91,10.25,5.15,4.21,186.28,175.24,33.43,1303.5,533.5,93.43,17.82,5.2219,0,173.43,172.02,175.83,93.6,92.32,99.32,173.16714285714284,171.4364285714286,93.38,94.9057142857143,0.6705313153733122,1.86101823314206,173.16245464267723,171.57395758438147,93.39590455354396,94.66610126396908,1.0,1.0,1.0
622,2021-09-16,302.45,1,30.62,10.25,5.15,4.21,186.01,175.95,33.36,1304.75,529.5,93.71,17.76,5.2535,0,175.24,172.7,175.68,93.43,92.15,99.02,173.6314285714286,171.44607142857143,93.60285714285716,94.71607142857144,0.659669057410171,1.860270330038592,173.85934098200795,171.87575361304482,93.47442841515796,94.6001632457643,1.0,1.0,1.0
623,2021-09-17,302.75,1,30.39,10.25,5.15,4.21,185.97,175.44,33.21,1293.0,527.25,93.67,17.73,5.2883,0,175.95,173.42,174.94,93.71,93.53,98.79,173.92000000000002,171.46392857142857,93.62285714285714,94.53321428571428,0.6824834602154652,1.8640161509563025,174.25450573650596,172.1215637086969,93.52332131136848,94.53601405640124,1.0,1.0,1.0
624,2021-09-18,301.96666666666664,1,29.45,10.25,5.15,4.21,185.76,174.84,32.95666666666667,1285.9166666666667,525.4166666666666,93.38333333333334,17.6,5.300199999999999,0,175.44,172.94,174.15,93.67,93.59,98.59666666666666,174.19142857142856,171.48857142857145,93.59333333333332,94.3470238095238,0.6980176010867156,1.851599465806311,174.40087930237948,172.30904207361434,93.48832431685967,94.4565188341207,1.0,1.0,1.0
625,2021-09-19,301.18333333333334,1,29.14,10.25,5.15,4.21,185.55,174.23999999999998,32.70333333333333,1278.8333333333333,523.5833333333334,93.09666666666666,17.47,5.3121,0,174.84,172.45999999999998,173.36,93.38333333333334,93.65,98.40333333333334,174.4457142857143,171.51999999999998,93.51428571428572,94.1575,0.6852223764689118,1.8090005753935432,174.3606594767846,172.44221158577886,93.39040990431144,94.36273592602042,1.0,1.0,1.0
626,2021-09-20,300.4,1,29.69,10.25,5.15,4.21,185.34,173.64,32.45,1271.75,521.75,92.81,17.34,5.324,0,174.23999999999998,171.98,172.57,93.09666666666666,93.71,98.21,174.68285714285713,171.55821428571429,93.38571428571429,93.96464285714286,0.6046917844599077,1.7184148694092378,174.18049460758846,172.52481768331134,93.24530742823356,94.25565068974316,1.0,1.0,1.0
627,2021-09-21,300.6,1,30.38,10.25,5.15,4.21,183.2,172.02,32.57,1282.75,517.0,92.08,17.43,5.2699,0,173.64,173.43,171.86,92.81,93.6,97.59,174.48142857142855,171.56392857142856,93.16857142857144,93.76785714285714,0.5590034054050977,1.6578695051359678,173.64037095569134,172.49000267066918,92.95398057117518,94.10560581458846,1.0,1.0,1.0
628,2021-09-22,299.3,1,30.57,10.25,5.15,4.21,186.64,172.43,32.53,1291.75,525.5,91.59,17.28,5.2888,0,172.02,175.24,170.99,92.08,93.43,97.49,174.07999999999998,171.61535714285714,92.9057142857143,93.55714285714284,0.3546356438762731,1.6415943656597645,173.33777821676853,172.48586455545063,92.6129854283814,93.93211575840996,1.0,1.0,1.0
629,2021-09-23,298.8,1,30.48,10.25,6.15,4.21,190.73,173.12,32.61,1294.0,529.25,90.83,17.11,5.303,0,172.43,175.95,171.19,91.59,93.71,97.06,173.6757142857143,171.68428571428572,92.49428571428572,93.33464285714288,0.2653205821946406,1.6414887686769026,173.28333366257638,172.52959803438506,92.16723907128603,93.71817674058858,1.0,1.0,1.0
630,2021-09-24,300.25,1,25.2,10.25,6.15,4.21,195.2,173.73,32.5,1294.75,526.75,90.47,16.92,5.3344,0,173.12,175.44,169.53,90.83,93.67,95.84,173.43142857142857,171.83428571428573,92.03714285714284,93.14285714285714,0.2639324107769911,1.6269227777098711,173.39500024693228,172.61238437684128,91.74292930346454,93.49416455158246,1.0,1.0,1.0
631,2021-09-25,301.65,1,26.91,10.25,6.15,4.21,195.33666666666667,173.76999999999998,32.43666666666667,1295.6666666666667,531.0,90.70666666666666,16.93,5.3534,0,173.73,174.84,169.19,90.47,93.38333333333334,95.83333333333331,173.27857142857144,171.99785714285713,91.65476190476193,92.95976190476188,0.2668630229426859,1.5932027449562052,173.4887501851992,172.69221993705912,91.48386364426509,93.30192331813998,1.0,1.0,1.0
632,2021-09-26,303.05,1,23.58,10.25,6.15,4.21,195.47333333333333,173.81,32.373333333333335,1296.5833333333333,535.25,90.94333333333334,16.94,5.3724,0,173.76999999999998,174.23999999999998,168.85,90.70666666666666,93.09666666666666,95.82666666666668,173.21714285714285,172.175,91.34714285714286,92.78535714285717,0.2875425631481602,1.5304915632931528,173.56906263889937,172.76930821726194,91.34873106653214,93.13926193987746,1.0,1.0,1.0
633,2021-09-27,304.45,1,26.15,10.25,6.15,4.21,195.61,173.85,32.31,1297.5,539.5,91.18,16.95,5.3914,0,173.81,173.64,168.51,90.94333333333334,92.81,95.82,173.24714285714285,172.3657142857143,91.11428571428571,92.61964285714284,0.32904796361093,1.4253374418960352,173.63929697917453,172.84383868503696,91.3065482998991,93.00414042678248,1.0,1.0,1.0
634,2021-09-28,294.7,1,29.21,10.25,6.15,4.21,195.08,174.99,32.23,1287.0,532.5,91.42,16.84,5.4293,0,173.85,172.02,166.95,91.18,92.08,94.76,173.67142857142858,172.65285714285716,91.02,92.50035714285715,0.4217639236047257,1.1769670191161297,173.9769727343809,172.99184981020682,91.33491122492434,92.89488936286644,1.0,1.0,1.0
635,2021-09-29,294.8,1,29.5,10.25,6.15,4.21,193.38,175.42,32.33,1293.5,539.0,91.45,16.85,5.4152,0,174.99,172.43,165.84,91.42,91.59,93.72,174.09857142857143,172.99499999999998,91.0,92.4192857142857,0.4685269045803619,0.9230018886957936,174.33772955078567,173.15930844398565,91.36368341869326,92.79524182059978,1.0,1.0,1.0
636,2021-09-30,291.6,1,28.49,10.25,6.15,4.21,190.63,175.59,32.3,1265.5,536.75,91.83,16.89,5.4428,0,175.42,173.12,167.12,91.45,90.83,93.0,174.45142857142855,173.2975,91.14285714285714,92.3775,0.7381990710363207,0.8964660417924061,174.6507971630893,173.32694234440044,91.48026256401994,92.7286734191791,1.0,1.0,1.0
637,2021-10-01,292.25,1,28.61,10.67,6.15,1.46,193.8,170.95,31.88,1256.5,541.5,91.76,17.11,5.3628,0,175.59,173.73,170.42,91.83,90.47,92.26,174.0542857142857,173.3164285714286,91.32714285714285,92.35964285714286,0.8734958565076273,0.9665071432557714,173.72559787231694,173.16301528616592,91.55019692301497,92.66186835578743,1.0,1.0,1.0
638,2021-10-02,290.35,1,26.48,10.67,6.15,1.46,193.1833333333333,170.53,31.626666666666665,1253.0833333333333,541.25,91.85,17.03333333333333,5.393033333333333,0,170.95,173.76999999999998,170.73999999999998,91.76,90.70666666666666,92.272,173.59142857142857,173.3089285714286,91.4904761904762,92.3445714285714,0.7979020109297358,0.9711645933308032,172.9266984042377,172.981428025051,91.6251476922612,92.60587743469864,1.0,1.0,1.0
639,2021-10-03,288.45,1,26.73,10.67,6.15,1.46,192.56666666666663,170.11,31.37333333333333,1249.6666666666667,541.0,91.94,16.956666666666667,5.423266666666667,0,170.53,173.81,171.06,91.85,90.94333333333334,92.284,173.06285714285715,173.275,91.63285714285716,92.33228571428572,0.7024621421988342,0.943919425388134,172.2225238031783,172.78339850608197,91.70386076919593,92.55995485299528,1.0,1.0,1.0
640,2021-10-04,286.55,1,28.3,10.67,6.15,1.46,191.95,169.69,31.12,1246.25,540.75,92.03,16.88,5.4535,0,170.11,173.85,171.38,91.94,91.18,92.296,172.46857142857144,173.21464285714288,91.75428571428571,92.32278571428571,0.7475456439536041,0.9111383077626,171.5893928523837,172.57006067807632,91.78539557689696,92.52340624244388,1.0,1.0,1.0
641,2021-10-05,283.0,1,29.25,10.67,6.15,1.46,195.5,170.7,31.21,1261.0,537.5,92.22,16.86,5.4748,0,169.69,174.99,171.70000000000002,92.03,91.42,92.308,171.8557142857143,173.17892857142857,91.86857142857144,92.31964285714284,0.8747221133070259,0.8882610594583289,171.36704463928777,172.44109097614003,91.89404668267272,92.50248167399948,1.0,1.0,1.0
642,2021-10-06,280.9,1,31.53,10.67,6.15,1.46,195.9,172.58,31.45,1252.5,532.25,91.98,16.76,5.4912,0,170.7,175.42,172.02,92.22,91.45,92.32,171.45000000000002,173.19892857142855,91.94428571428573,92.3075,1.175860952489696,0.9115774232206242,171.67028347946584,172.45067090882,91.91553501200454,92.46644845510296,1.0,1.0,1.0
643,2021-10-07,282.7,1,30.58,10.67,6.15,1.46,199.24,171.21,31.11,1258.25,534.0,91.12,16.56,5.5188,0,172.58,175.59,172.7,91.98,91.83,92.15,170.8242857142857,173.1457142857143,91.84285714285716,92.27071428571428,1.5227646715419252,1.0145286708791317,171.55521260959938,172.3651073978669,91.7166512590034,92.37358994095791,1.0,1.0,1.0
644,2021-10-08,271.25,1,30.4,10.67,6.15,1.46,198.67,172.52,31.31,1254.25,530.5,91.03,16.52,5.5082,0,171.21,170.95,173.42,91.12,91.76,93.53,171.04857142857145,173.11357142857142,91.73857142857145,92.18142857142855,1.5475550169898895,1.1387421701852678,171.79640945719953,172.37578964628986,91.54498844425255,92.28092856571944,1.0,1.0,1.0
645,2021-10-09,271.25,1,29.21,10.67,6.15,1.46,198.6,172.27333333333334,31.223333333333333,1249.4166666666667,531.3333333333334,91.02666666666669,16.496666666666666,5.5177000000000005,0,172.52,170.53,172.94,91.03,91.85,93.59,171.2976190476191,173.0897619047619,91.6209523809524,92.08988095238097,1.4367002063727894,1.250646726121987,171.91564042623298,172.36872369367217,91.4154079998561,92.1944277450951,1.0,1.0,1.0
646,2021-10-10,271.25,1,28.65,10.67,6.15,1.46,198.53,172.02666666666667,31.136666666666667,1244.5833333333333,532.1666666666666,91.02333333333333,16.473333333333333,5.5272,0,172.27333333333334,170.11,172.45999999999998,91.02666666666669,91.94,93.65,171.57142857142858,173.0742857142857,91.49,91.99607142857144,1.251480936788846,1.3466370307237958,171.94339698634138,172.34513355387867,91.3173893332254,92.11366261324946,1.0,1.0,1.0
647,2021-10-11,271.25,1,26.04,10.67,6.15,1.46,198.46,171.78,31.05,1239.75,533.0,91.02,16.45,5.5367,0,172.02666666666667,169.69,171.98,91.02333333333333,92.03,93.71,171.87000000000003,173.06714285714284,91.3457142857143,91.9,1.0375011406155652,1.4232021120348013,171.90254773975602,172.30615882602496,91.24304199991906,92.03823760543916,1.0,1.0,1.0
648,2021-10-12,270.875,1,28.41,10.67,6.15,1.46,199.93,170.04000000000002,30.795,1210.0,522.5,90.705,16.424999999999997,5.5325,0,171.78,170.7,173.43,91.02,92.22,93.6,171.7757142857143,172.94607142857146,91.12928571428571,91.79660714285716,0.6035950497855121,1.45567048920039,171.436910804817,172.14987201043704,91.10853149993928,91.94629018437438,1.0,1.0,1.0
649,2021-10-13,270.5,1,29.91,10.67,6.15,1.46,201.36,168.3,30.54,1206.0,512.25,90.39,16.4,5.5133,0,170.04000000000002,172.58,175.24,90.705,91.98,93.43,171.16428571428568,172.69821428571427,90.90214285714283,91.6880357142857,0.3123323132842779,1.4751589906239622,170.65268310361273,171.88436359592413,90.92889862495446,91.83895982683131,1.0,1.0,1.0
650,2021-10-14,271.55,1,26.56,10.67,6.15,1.46,204.11,167.68,30.38,1215.5,516.75,90.13,16.33,5.5132,0,168.3,171.21,175.95,90.39,91.12,93.71,170.66000000000005,172.40285714285713,90.76071428571429,91.56017857142857,0.3382796277853239,1.5493725002585763,169.90951232770954,171.5944074858604,90.72917396871584,91.72110052842916,1.0,1.0,1.0
651,2021-10-15,266.8,1,27.45,10.67,6.15,1.46,208.89,168.55,30.87,1226.25,525.75,90.18,16.52,5.4611,0,167.68,172.52,175.44,90.13,91.03,93.67,170.09285714285716,172.15678571428572,90.63928571428572,91.43553571428572,0.3880306694736077,1.6261395271945438,169.56963424578214,171.3844483489045,90.59188047653689,91.61481773336509,1.0,1.0,1.0
652,2021-10-16,267.1333333333333,1,25.74,10.67,6.15,1.46,209.55666666666664,168.55,30.77,1227.1666666666667,528.0833333333334,90.08333333333334,16.446666666666665,5.477966666666667,0,168.55,172.27333333333334,174.84,90.18,91.02666666666669,93.38333333333334,169.5609523809524,171.93214285714288,90.50452380952382,91.31767857142856,0.4028616458134998,1.682953293632515,169.31472568433662,171.1889691524283,90.464743690736,91.5091981195698,1.0,1.0,1.0
653,2021-10-17,267.4666666666667,1,27.25,10.67,6.15,1.46,210.22333333333333,168.55,30.67,1228.0833333333333,530.4166666666666,89.98666666666666,16.373333333333335,5.494833333333333,0,168.55,172.02666666666667,174.23999999999998,90.08333333333334,91.02333333333333,93.09666666666666,169.06428571428572,171.72892857142855,90.35642857142857,91.20660714285717,0.4034887539966904,1.7235239667452822,169.12354426325248,171.00697127984705,90.34522443471867,91.40419595040406,1.0,1.0,1.0
654,2021-10-18,267.8,1,28.22,10.67,6.15,1.46,210.89,168.55,30.57,1229.0,532.75,89.89,16.3,5.5117,0,168.55,171.78,173.64,89.98666666666666,91.02,92.81,168.60285714285715,171.54714285714286,90.195,91.1023214285714,0.4012469226911835,1.7506284707261164,168.98015819743938,170.8375249846852,90.231418326039,91.29976864347964,1.0,1.0,1.0
655,2021-10-19,272.55,1,25.43,10.67,6.15,1.46,214.47,169.89,30.41,1237.0,530.25,90.21,16.15,5.5844,0,168.55,170.04000000000002,172.02,89.89,90.705,92.08,168.5814285714286,171.47107142857143,90.12428571428572,91.03553571428571,0.4062208998805408,1.751176475292807,169.20761864807952,170.77217843401723,90.22606374452924,91.22461218530864,1.0,1.0,1.0
656,2021-10-20,262.9,1,28.71,10.67,6.15,1.46,211.13,172.99,31.19,1255.0,539.25,89.56,16.15,5.5975,0,169.89,168.3,172.43,90.21,90.39,91.59,169.25142857142856,171.49107142857142,90.00571428571429,90.96303571428572,0.313302212955222,1.7945993361223604,170.15321398605963,170.92513164546432,90.05954780839693,91.10981134494251,1.0,1.0,1.0
657,2021-10-21,262.8,1,28.65,10.67,6.15,1.46,211.74,174.69,30.9,1233.5,532.25,88.99,15.74,5.6577,0,172.99,167.68,173.12,89.56,90.13,90.83,170.25285714285715,171.5471428571429,89.84285714285716,90.89732142857144,0.3873656595435967,1.8018423583526115,171.28741048954475,171.18477773888057,89.7921608562977,90.9636174590844,1.0,1.0,1.0
658,2021-10-22,260.2,1,24.99,10.67,6.15,1.46,214.86,174.62,30.96,1230.75,538.0,89.27,15.83,5.6474,0,174.69,168.55,173.73,88.99,90.18,90.47,171.11999999999998,171.57892857142858,89.71285714285715,90.85446428571429,0.5890455017850557,1.7917821668197589,172.12055786715857,171.42168961895777,89.66162064222327,90.8468162550096,1.0,1.0,1.0
659,2021-10-23,261.25,1,25.8,10.67,6.15,1.46,214.7733333333333,173.73666666666668,30.976666666666667,1236.1666666666667,538.0,89.24,15.913333333333332,5.6170333333333335,0,174.62,168.55,173.76999999999998,89.27,90.08333333333334,90.70666666666666,171.86095238095237,171.57773809523812,89.59238095238096,90.80208333333334,0.6113629248236433,1.778091328553103,172.5245850670356,171.58134320845494,89.55621548166745,90.736001340871,1.0,1.0,1.0
660,2021-10-24,262.3,1,28.22,10.67,6.15,1.46,214.68666666666667,172.85333333333332,30.993333333333336,1241.5833333333333,538.0,89.21000000000001,15.996666666666666,5.586666666666667,0,173.73666666666668,168.55,173.81,89.24,89.98666666666666,90.94333333333334,172.4757142857143,171.54357142857145,89.48142857142857,90.74017857142856,0.575641611859922,1.760277767937441,172.60677213361004,171.66906666534308,89.46966161125059,90.6307598690868,1.0,1.0,1.0
661,2021-10-25,263.35,1,27.18,10.67,6.15,1.46,214.6,171.97,31.01,1247.0,538.0,89.18,16.08,5.5563,0,172.85333333333332,168.55,173.85,89.21000000000001,89.89,91.18,172.96428571428572,171.47642857142858,89.38000000000001,90.66875,0.5404684287241378,1.7372876140605875,172.44757910020752,171.68982068842286,89.39724620843795,90.5307074643222,1.0,1.0,1.0
662,2021-10-26,257.25,1,28.83,10.67,6.15,1.46,216.16,171.58,30.82,1247.5,543.5,88.27,15.86,5.5666,0,171.97,169.89,174.99,89.18,90.21,91.42,173.2057142857143,171.35464285714284,89.10285714285715,90.55625,0.8709881791171755,1.750507911391992,172.23068432515564,171.68224684784195,89.11543465632846,90.37479660471377,1.0,1.0,1.0
663,2021-10-27,256.45,1,27.76,10.67,6.15,1.46,213.98,171.79,30.84,1249.75,557.25,87.5,15.71,5.538,0,171.58,172.99,175.42,88.27,89.56,91.45,173.03428571428572,171.225,88.80857142857143,90.41517857142856,1.117584859581567,1.755020899023514,172.12051324386672,171.6896780997149,88.71157599224634,90.1765347699059,1.0,1.0,1.0
664,2021-10-28,254.1,1,29.56,10.67,7.65,1.46,215.24,172.17,30.59,1246.0,562.75,86.89,15.44,5.6464,0,171.79,174.69,175.59,87.5,88.99,91.83,172.67428571428573,171.10285714285715,88.50857142857144,90.23875,1.1504870308533948,1.5798412439259089,172.13288493290003,171.72280374801042,88.25618199418474,89.94987719956757,1.0,1.0,1.0
665,2021-10-29,257.1,1,29.53,10.67,7.65,1.46,217.42,171.13,30.3,1249.5,568.25,86.84,15.38,5.6372,0,172.17,174.62,170.95,86.89,89.27,91.76,172.1757142857143,171.10928571428573,88.16142857142857,90.0630357142857,1.2476246819205763,1.4253745976986456,171.88216369967503,171.68192073090626,87.90213649563856,89.73540290994222,1.0,1.0,1.0
666,2021-10-30,259.3833333333333,1,27.4,10.67,7.65,1.46,216.69,171.15666666666667,30.26333333333333,1249.1666666666667,571.8333333333334,86.88333333333334,15.366666666666667,5.651966666666667,0,171.13,173.73666666666668,170.53,86.84,89.24,91.85,171.80714285714288,171.13166666666666,87.82476190476191,89.88565476190477,1.3121737689798176,1.327427412170252,171.70078944142293,171.64569631268284,87.64743570506225,89.53870845638299,1.0,1.0,1.0
667,2021-10-31,261.6666666666667,1,27.72,10.67,7.65,1.46,215.96,171.18333333333334,30.226666666666667,1248.8333333333333,575.4166666666666,86.92666666666666,15.353333333333332,5.666733333333333,0,171.15666666666667,172.85333333333332,170.11,86.88333333333334,89.21000000000001,91.94,171.56857142857143,171.17000000000002,87.49857142857142,89.70660714285715,1.3357394955599573,1.2953465629917689,171.57142541440055,171.61380921065873,87.46724344546335,89.35856764329911,1.0,1.0,1.0
668,2021-11-01,263.95,1,26.45,10.74,7.65,1.46,215.23,171.21,30.19,1248.5,579.0,86.97,15.34,5.6815,0,171.18333333333334,171.97,169.69,86.92666666666666,89.18,92.03,171.45999999999998,171.2242857142857,87.18285714285715,89.52589285714285,1.3056345708703874,1.3303022093699934,171.48106906080042,171.58596029957883,87.34293258409753,89.19383884031296,1.0,1.0,1.0
669,2021-11-02,260.29999999999995,1,26.84,10.74,7.65,1.46,217.47,169.69,30.125,1256.25,573.0,87.065,15.46,5.6795,0,171.21,171.58,170.7,86.97,88.27,92.22,171.19,171.18821428571428,87.01071428571429,89.34178571428572,1.5772826025041151,1.4444622927558777,171.03330179560032,171.45520441684926,87.27344943807314,89.04702236856724,1.0,1.0,1.0
670,2021-11-03,256.65,1,25.01,10.74,7.65,1.46,217.31,168.17,30.06,1244.25,564.0,87.16,15.58,5.5525,0,169.69,171.79,172.58,87.065,87.5,91.98,170.67285714285714,171.03071428571428,86.96214285714287,89.16964285714286,2.0595481969376683,1.7433972783894456,170.31747634670023,171.2286385949976,87.24508707855486,88.91688289487294,1.0,1.0,1.0
671,2021-11-04,267.75,1,26.47,10.74,7.65,1.46,217.44,165.21,29.42,1222.75,559.25,86.4,15.39,5.602,0,168.17,172.17,171.21,87.16,86.89,91.12,169.67857142857142,170.81642857142856,86.89214285714286,89.00107142857144,1.4396073727771188,1.919293094751583,169.04060726002518,170.81356007120465,87.03381530891613,88.74330476419205,1.0,1.0,1.0
672,2021-11-05,264.6,1,25.67,10.74,7.65,1.46,218.56,162.72,29.53,1205.5,553.0,86.61,15.72,5.5428,0,165.21,171.13,172.52,86.4,86.84,91.03,168.4771428571429,170.4664285714286,86.85928571428572,88.8432142857143,1.4539474768042269,2.160430858362582,167.46045544501888,170.25538351456984,86.9278614816871,88.59618029769604,1.0,1.0,1.0
673,2021-11-06,265.68333333333334,1,26.41,10.74,7.65,1.46,218.22,162.14666666666668,29.35666666666667,1199.8333333333333,552.5,86.30333333333333,15.626666666666669,5.5432,0,162.72,171.15666666666667,172.27333333333334,86.61,86.88333333333334,91.02666666666669,167.19,170.10476190476192,86.77642857142857,88.67452380952382,1.3403350175172848,2.3642555355818766,166.13200825043083,169.6961616629903,86.77172944459866,88.43805292084343,1.0,1.0,1.0
674,2021-11-07,266.7666666666667,1,24.59,10.74,7.65,1.46,217.88,161.57333333333332,29.183333333333334,1194.1666666666667,552.0,85.99666666666667,15.533333333333331,5.5436,0,162.14666666666668,171.18333333333334,172.02666666666667,86.30333333333333,86.92666666666666,91.02333333333333,165.81714285714287,169.73142857142858,86.64357142857143,88.49499999999999,1.116594677342185,2.5390810953882927,164.99233952115645,169.13596660577258,86.57796375011566,88.26968145503814,1.0,1.0,1.0
675,2021-11-08,267.85,1,26.27,10.74,7.65,1.46,217.54,161.0,29.01,1188.5,551.5,85.69,15.44,5.544,0,161.57333333333332,171.21,171.78,85.99666666666667,86.97,91.02,164.35857142857142,169.3464285714286,86.46071428571429,88.30464285714285,0.7569056232110988,2.689908607957228,163.99425464086733,168.57486546054687,86.35597281258674,88.09177238917344,1.0,1.0,1.0
676,2021-11-09,280.7,1,25.93,10.74,7.65,1.46,218.58,160.48,29.27,1212.0,554.75,84.93,15.49,5.4804,0,161.0,169.69,170.04000000000002,85.69,87.065,90.705,163.04285714285714,169.00499999999997,86.1557142857143,88.09839285714285,0.4894269869039297,2.8032041211215253,163.1156909806505,168.0165988770609,85.99947960944006,87.87371912095458,1.0,1.0,1.0
677,2021-11-10,291.2,1,24.06,10.74,7.65,1.46,217.94,159.93,29.11,1216.75,569.25,84.51,15.38,5.491,0,160.48,168.17,168.3,84.93,87.16,90.39,161.8657142857143,168.70607142857145,85.77714285714285,87.88839285714286,0.4940750996369858,2.8698575620238485,162.31926823548787,167.4589024027808,85.62710970708004,87.64173849192322,1.0,1.0,1.0
678,2021-11-11,294.8,1,25.05,10.74,7.65,1.46,219.35,158.88,29.43,1221.5,569.5,83.59,15.49,5.3989,0,159.93,165.21,167.68,84.51,86.4,90.13,160.96142857142857,168.39178571428573,85.37571428571428,87.65482142857142,0.1266845672982151,2.939189141405946,161.45945117661591,166.8672539612097,85.11783228031004,87.36230825110093,1.0,1.0,1.0
679,2021-11-12,301.0,1,25.9,10.74,7.65,1.46,221.66,159.17,29.18,1244.25,577.25,82.75,15.17,5.4588,0,158.88,162.72,168.55,83.59,86.61,90.18,160.45428571428573,168.05678571428572,84.82428571428571,87.3894642857143,0.1089467197983015,3.0079235121387446,160.88708838246194,166.33640886043665,84.52587421023253,87.04421802688707,1.0,1.0,1.0
680,2021-11-13,301.5375,1,26.88,10.74,7.65,1.46,222.26,160.305,29.3375,1252.4166666666667,577.0,82.7475,15.145,5.458366666666667,0,159.17,162.14666666666668,168.55,82.75,86.30333333333333,90.08333333333334,160.19119047619046,167.7623214285714,84.31630952380954,87.12747023809524,0.0966654937751065,3.049406792894421,160.74156628684648,165.92044962868238,84.0812806576744,86.74789264572243,1.0,1.0,1.0
681,2021-11-14,302.075,1,26.01,10.74,7.65,1.46,222.86,161.44,29.495,1260.5833333333333,576.75,82.745,15.12,5.457933333333333,0,160.305,161.57333333333332,168.55,82.7475,85.99666666666667,89.98666666666666,160.17214285714286,167.5083928571429,83.85178571428573,86.86883928571429,0.1098752126641086,3.064080042678144,160.91617471513484,165.61145310256634,83.7472104932558,86.47183108394847,1.0,1.0,1.0
682,2021-11-15,302.61249999999995,1,24.59,10.74,7.65,1.46,223.46,162.575,29.6525,1268.75,576.5,82.74249999999999,15.095,5.4575,0,161.44,161.0,168.55,82.745,85.69,89.89,160.39714285714285,167.29500000000002,83.43071428571429,86.61357142857143,0.1344645887335532,3.05165698596343,161.33088103635112,165.40204254376866,83.49603286994186,86.2146358367796,1.0,1.0,1.0
683,2021-11-16,303.15,1,25.67,10.74,7.65,1.46,222.46,163.71,29.81,1263.25,571.0,82.74,15.07,5.5028,0,162.575,160.48,169.89,82.74249999999999,84.93,90.21,160.85857142857142,167.0742857142857,83.11785714285715,86.34678571428572,0.1285043916934401,2.999615987799976,161.92566077726335,165.28534995454322,83.30702465245639,85.97500577907066,1.0,1.0,1.0
684,2021-11-17,304.8,1,27.72,10.74,7.65,1.46,223.21,166.1,30.06,1288.25,575.25,82.45,14.92,5.5292,0,163.71,159.93,172.99,82.74,84.51,89.56,161.74,166.8282142857143,82.82357142857143,86.09285714285714,0.1668162593957528,2.987420185558378,162.9692455829475,165.34153271629884,83.09276848934229,85.73190193223819,1.0,1.0,1.0
685,2021-11-18,313.0,1,25.15,10.74,7.65,1.46,222.99,167.78,30.13,1276.5,573.0,82.34,14.79,5.5576,0,166.1,158.88,174.69,82.45,83.59,88.99,163.01142857142855,166.58142857142855,82.645,85.85535714285713,0.4488660441861324,2.9434751913030457,164.17193418721064,165.50970287379548,82.90457636700671,85.49797766104935,1.0,1.0,1.0
686,2021-11-19,314.15,1,27.0,10.74,7.65,1.46,220.14,167.72,29.93,1275.0,570.75,82.84,14.78,5.6135,0,167.78,159.17,174.62,82.34,82.75,89.27,164.2328571428571,166.335,82.65785714285714,85.62571428571428,0.6648638890250078,2.8260831683207166,165.05895064040797,165.6621371583613,82.88843227525504,85.31466885683905,1.0,1.0,1.0
687,2021-11-20,314.7333333333333,1,26.55,10.74,7.65,1.46,220.47666666666663,168.42,30.08,1278.75,572.75,82.83,14.79,5.6045,0,167.72,160.305,173.73666666666668,82.84,82.7475,89.24,165.39214285714283,166.14511904761903,82.66964285714286,85.39678571428571,0.825490165662337,2.6997957505474397,165.89921298030598,165.8523345957157,82.87382420644128,85.1433123839536,1.0,1.0,1.0
688,2021-11-21,315.31666666666666,1,27.63,10.74,7.65,1.46,220.81333333333333,169.12,30.23,1282.5,574.75,82.82000000000001,14.8,5.5955,0,168.42,161.44,172.85333333333332,82.83,82.745,89.21000000000001,166.4892857142857,166.0117857142857,82.68035714285715,85.16857142857144,0.921635635648814,2.5633541439144096,166.7044097352295,166.0776908304939,82.86036815483097,84.98308394368092,1.0,1.0,1.0
689,2021-11-22,315.9,1,26.88,10.74,7.65,1.46,221.15,169.82,30.38,1286.25,576.75,82.81,14.81,5.5865,0,169.12,162.575,171.97,82.82000000000001,82.74249999999999,89.18,167.52428571428572,165.935,82.69000000000001,84.94107142857145,0.9245649832019056,2.4150968159452044,167.48330730142212,166.33578111804604,82.84777611612323,84.83321608549603,1.0,1.0,1.0
690,2021-11-23,316.9,1,26.38,10.74,7.65,1.46,224.7,172.05,30.68,1284.5,580.5,83.26,14.85,5.5712,0,169.82,163.71,171.58,82.81,82.74,88.27,168.71571428571428,165.95178571428573,82.76428571428572,84.76214285714286,0.9302336770282356,2.4099708436251923,168.62498047606658,166.72986517887043,82.95083208709242,84.72471842442735,1.0,1.0,1.0
691,2021-11-24,316.65,1,26.57,10.74,7.65,1.46,225.69,170.19,30.43,1277.25,579.75,83.59,14.94,5.6061,0,172.05,166.1,171.79,83.26,82.45,87.5,169.3,165.89464285714286,82.92714285714285,84.62250000000002,1.4936040510203734,2.573120133655979,169.01623535704994,166.96849516653455,83.11062406531931,84.64646198136339,1.0,1.0,1.0
692,2021-11-25,317.375,1,28.23,10.74,7.65,1.46,222.35,168.245,30.065,1270.125,583.25,83.655,14.945,5.6077,0,170.19,167.78,172.17,83.59,82.34,86.89,169.36642857142857,165.75446428571428,83.115,84.50696428571428,1.7516336398240573,2.443158038649534,168.82342651778745,167.05652998263562,83.2467180489895,84.57808529299349,1.0,1.0,1.0
693,2021-11-26,318.1,1,28.03,10.74,7.65,1.46,219.01,166.3,29.7,1263.0,586.75,83.72,14.95,5.6093,0,168.245,167.72,171.13,83.655,82.84,86.84,169.16357142857143,165.5819642857143,83.24071428571429,84.39553571428573,1.8144026958911783,2.502216319173959,168.1925698883406,167.00435550107454,83.36503853674212,84.51890699692497,1.0,1.0,1.0
694,2021-11-27,319.33333333333337,1,28.87,10.74,7.65,1.46,220.05,166.89666666666668,29.78,1259.3333333333333,584.8333333333334,83.62666666666667,14.92,5.606766666666667,0,166.3,168.42,171.15666666666667,83.72,82.83,86.88333333333334,168.94595238095238,165.42982142857142,83.35452380952381,84.27922619047618,1.662260570452694,2.511228819006752,167.8685940829221,166.99692868490848,83.43044556922325,84.45737318104507,1.0,1.0,1.0
695,2021-11-28,320.56666666666666,1,28.56,10.74,7.65,1.46,221.09,167.49333333333334,29.86,1255.6666666666667,582.9166666666666,83.53333333333333,14.89,5.604233333333333,0,166.89666666666668,169.12,171.18333333333334,83.62666666666667,82.82000000000001,86.92666666666666,168.7135714285714,165.29803571428573,83.45642857142856,84.1580357142857,1.3516445010219864,2.4828523709024526,167.77477889552492,167.03116348824813,83.45616751025076,84.39364629499599,1.0,1.0,1.0
696,2021-11-29,321.8,1,24.1,10.74,7.65,1.46,222.13,168.09,29.94,1252.0,581.0,83.44,14.86,5.6017,0,167.49333333333334,169.82,171.21,83.53333333333333,82.81,86.97,168.4664285714286,165.18660714285716,83.54642857142858,84.03196428571428,0.8779637852231824,2.426932383412291,167.8535841716437,167.10418669595515,83.45212563268808,84.32787758499626,1.0,1.0,1.0
697,2021-11-30,322.3,1,26.65,10.74,7.65,1.46,217.39,166.76,29.53,1226.5,567.0,84.46,14.96,5.6239,0,168.09,172.05,169.69,83.44,83.26,87.065,167.71071428571426,165.0819642857143,83.71785714285714,83.93892857142858,0.7303200304927553,2.364978351883978,167.58018812873277,167.080449682441,83.70409422451606,84.33698947568617,1.0,1.0,1.0
698,2021-12-01,321.6,1,26.05,10.06,7.65,1.46,216.89,166.71,29.43,1235.0,572.0,84.98,15.0,5.6955,0,166.76,170.19,168.17,84.46,83.59,87.16,167.21357142857144,165.02982142857144,83.91642857142857,83.86107142857144,0.8408814617133654,2.366655216989672,167.3626410965496,167.05490142847952,84.02307066838705,84.38133502908711,1.0,1.0,1.0
699,2021-12-02,324.35,1,26.01,10.06,7.65,1.46,223.33,167.55,29.64,1250.0,577.0,86.22,15.26,5.6462,0,166.71,168.245,165.21,84.98,83.655,86.4,167.11428571428573,165.11339285714286,84.28285714285714,83.85464285714285,0.7971889387603016,2.381176882273971,167.4094808224122,167.08904615754992,84.5723030012903,84.50813950983972,1.0,1.0,1.0
700,2021-12-03,312.95,1,26.6,10.06,7.65,1.46,222.06,170.56,30.04,1271.25,586.0,86.86,15.3,5.6532,0,167.55,166.3,162.72,86.22,83.72,86.61,167.72285714285712,165.39339285714286,84.73142857142857,83.86357142857142,0.7315903838870884,2.4254903307735742,168.19711061680914,167.32842228461544,85.14422725096772,84.6703367850232,1.0,1.0,1.0
701,2021-12-04,316.0,1,25.97,10.06,7.65,1.46,221.7933333333333,169.77666666666667,29.886666666666667,1269.6666666666667,585.1666666666666,86.61333333333333,15.25,5.665166666666667,0,170.56,166.89666666666668,162.14666666666668,86.86,83.62666666666667,86.30333333333333,168.1342857142857,165.66589285714286,85.15809523809524,83.87464285714285,0.751190438457566,2.462792634868655,168.59199962927352,167.49726672475688,85.51150377155912,84.8043365469756,1.0,1.0,1.0
702,2021-12-05,319.05,1,25.37,10.06,7.65,1.46,221.52666666666667,168.99333333333334,29.73333333333333,1268.0833333333333,584.3333333333334,86.36666666666667,15.2,5.677133333333333,0,169.77666666666667,167.49333333333334,161.57333333333332,86.61333333333333,83.53333333333333,85.99666666666667,168.34857142857143,165.93089285714285,85.56285714285715,83.88785714285714,0.8233235560851427,2.4930446898124314,168.6923330552885,167.6004437322449,85.72529449533602,84.91208345178188,1.0,1.0,1.0
703,2021-12-06,322.1,1,26.65,10.06,7.65,1.46,221.26,168.21,29.58,1266.5,583.5,86.12,15.15,5.6891,0,168.99333333333334,168.09,161.0,86.36666666666667,83.44,85.69,168.3657142857143,166.18839285714284,85.94571428571429,83.90321428571428,0.8905996858598603,2.516143467263156,168.57174979146637,167.64248209553836,85.82397087150201,84.99538804131417,1.0,1.0,1.0
704,2021-12-07,316.5,1,26.67,10.06,7.65,1.46,227.97,167.79,29.87,1258.25,586.25,87.58,15.59,5.6128,0,168.21,166.76,160.48,86.12,84.46,84.93,168.51285714285714,166.4494642857143,86.39142857142858,83.99785714285713,0.7070724672359261,2.526406839620202,168.37631234359978,167.65265574412192,86.2629781536265,85.1736371419132,1.0,1.0,1.0
705,2021-12-08,319.5,1,25.89,10.06,7.65,1.46,228.68,165.97,29.97,1268.75,584.75,87.55,15.81,5.5327,0,167.79,166.71,159.93,87.58,84.98,84.51,168.40714285714284,166.66517857142858,86.75857142857144,84.10642857142857,0.2467594971492095,2.4851746671859307,167.77473425769983,167.53661052038936,86.58473361521989,85.33752423557435,1.0,1.0,1.0
706,2021-12-09,312.25,1,25.84,10.06,9.15,1.46,224.41,165.16,29.6,1272.25,588.5,87.54,15.69,5.5727,0,165.97,167.55,158.88,87.55,86.22,83.59,168.06571428571428,166.88946428571427,86.94714285714285,84.24749999999999,0.4735368921307212,2.4017408416189165,167.12105069327487,167.3727063465694,86.82355021141493,85.48941911587957,1.0,1.0,1.0
707,2021-12-10,311.2,1,26.44,10.06,9.15,1.46,225.16,166.05,29.58,1274.25,588.5,88.06,15.69,5.6127,0,165.16,170.56,159.17,87.54,86.86,82.75,167.42142857142858,167.13517857142855,87.11857142857143,84.43714285714285,0.5693645262211288,2.3181306824932792,166.85328801995615,167.28148521921975,87.13266265856119,85.66670055616373,1.0,1.0,1.0
708,2021-12-11,312.9166666666667,1,25.7,10.06,9.15,1.46,224.9933333333333,166.01000000000002,29.47,1266.4166666666667,587.0833333333334,88.07333333333334,15.636666666666668,5.635266666666666,0,166.05,169.77666666666667,160.305,88.06,86.61333333333333,82.7475,166.88333333333335,167.3389285714286,87.32714285714285,84.62735119047618,0.6143196742183119,2.212052214574905,166.6424660149671,167.1937965834115,87.36783032725423,85.83267523045129,1.0,1.0,1.0
709,2021-12-12,314.6333333333333,1,25.53,10.06,9.15,1.46,224.82666666666665,165.97,29.36,1258.5833333333333,585.6666666666666,88.08666666666666,15.583333333333332,5.6578333333333335,0,166.01000000000002,168.99333333333334,161.44,88.07333333333334,86.36666666666667,82.745,166.45142857142858,167.50071428571428,87.57285714285715,84.81812500000001,0.6004401258005284,2.078553002019771,166.47434951122534,167.1093968190383,87.54753941210733,85.98812291570752,1.0,1.0,1.0
710,2021-12-13,316.35,1,26.21,10.06,9.15,1.46,224.66,165.93,29.25,1250.75,584.25,88.1,15.53,5.6804,0,165.97,168.21,162.575,88.08666666666666,86.12,82.74249999999999,166.12571428571428,167.62053571428572,87.85571428571428,85.00946428571429,0.4980674671309008,1.9102031507416848,166.338262133419,167.02805910738047,87.68565455908049,86.13376961117596,1.0,1.0,1.0
711,2021-12-14,310.4,1,26.66,10.06,9.15,1.46,224.32,166.35,29.23,1264.5,588.75,87.75,15.42,5.6815,0,165.93,167.79,163.71,88.1,87.58,82.74,165.92000000000002,167.71482142857144,87.88000000000001,85.18839285714286,0.2553304736880561,1.6981871878749808,166.34119660006425,166.98129641031974,87.70174091931037,86.24523377592244,1.0,1.0,1.0
712,2021-12-15,308.0,1,27.28,10.06,9.15,1.46,224.42,169.04,29.54,1265.25,585.75,87.56,15.3,5.6806,0,166.35,165.97,166.1,87.75,87.55,82.45,166.35857142857142,167.81982142857143,87.88142857142857,85.37089285714286,0.6513641711414629,1.519484650338334,167.0158974500482,167.1232759682287,87.66630568948277,86.33590730861745,1.0,1.0,1.0
713,2021-12-16,316.65,1,25.82,10.06,9.15,1.46,225.84,171.26,30.18,1278.25,591.25,87.39,15.4,5.6884,0,169.04,165.16,167.78,87.56,87.54,82.34,167.23,167.94410714285712,87.86,85.55125,0.7886372758337956,1.3953415775070894,168.07692308753613,167.40856728076466,87.59722926711207,86.408603356299,1.0,1.0,1.0
714,2021-12-17,318.85,1,26.39,10.06,9.15,1.46,221.59,171.42,30.17,1288.5,593.25,87.18,15.34,5.6959,0,171.26,166.05,167.72,87.39,88.06,82.84,167.99714285714285,168.07625,87.73428571428572,85.70625,0.9375988534428786,1.3145225157640354,168.9126923156521,167.68521781312572,87.49292195033405,86.4618031248301,1.0,1.0,1.0
715,2021-12-18,318.4666666666667,1,25.9,10.06,9.15,1.46,220.64666666666668,171.45666666666665,30.076666666666668,1290.5833333333333,592.5,87.31,15.313333333333333,5.711266666666667,0,171.42,166.01000000000002,168.42,87.18,88.07333333333334,82.83,168.7752380952381,168.1847023809524,87.62523809523809,85.86625000000001,0.9870244341251942,1.2583773925725554,169.54868590340573,167.9453177340596,87.44719146275054,86.52029946104871,1.0,1.0,1.0
716,2021-12-19,318.0833333333333,1,25.72,10.06,9.15,1.46,219.7033333333333,171.49333333333334,29.98333333333333,1292.6666666666667,591.75,87.44,15.286666666666669,5.726633333333333,0,171.45666666666665,165.97,169.12,87.31,88.08666666666666,82.82000000000001,169.56428571428572,168.2694642857143,87.53285714285714,86.03125,0.9353934988722602,1.2289397288512762,170.03484776088763,168.19000846504397,87.4453935970629,86.58372708442465,1.0,1.0,1.0
717,2021-12-20,317.7,1,26.63,10.06,9.15,1.46,218.76,171.53,29.89,1294.75,591.0,87.57,15.26,5.742,0,171.49333333333334,165.93,169.82,87.44,88.1,82.81,170.3642857142857,168.33053571428573,87.45714285714284,86.20124999999999,0.739590191115128,1.226297313887219,170.40863582066572,168.42035270883403,87.47654519779718,86.65174590618847,1.0,1.0,1.0
718,2021-12-21,327.75,1,26.62,10.06,9.15,1.46,222.0,171.7,29.93,1312.75,598.25,88.61,15.45,5.7451,0,171.53,166.35,172.05,87.57,87.75,83.26,171.12857142857143,168.3180357142857,87.58,86.39232142857144,0.3646717531265591,1.221522291728591,170.7314768654993,168.64653528063857,87.75990889834789,86.78679791265823,1.0,1.0,1.0
719,2021-12-22,322.4,1,26.15,10.06,9.15,1.46,223.97,174.59,30.79,1335.0,602.5,88.69,15.64,5.654,0,171.7,169.04,170.19,88.61,87.56,83.59,171.92142857142858,168.4751785714286,87.74142857142859,86.57446428571428,0.474154217762824,1.212859456503781,171.69610764912449,169.05642939921523,87.99243167376092,86.91805322902663,1.0,1.0,1.0
720,2021-12-23,327.5,1,25.89,10.06,9.15,1.46,225.71,174.44,30.8,1340.75,605.75,89.81,15.86,5.6749,0,174.59,171.26,168.245,88.69,87.39,83.655,172.3757142857143,168.69642857142858,88.08714285714287,86.79428571428572,0.8660500160992758,1.187625127674424,172.38208073684336,169.42771013030384,88.4468237553207,87.11749783392133,1.0,1.0,1.0
721,2021-12-24,327.9,1,24.92,10.06,9.15,1.46,226.64,174.845,30.91,1348.4375,608.0,89.855,15.8875,5.6624,0,174.44,171.42,166.3,89.81,87.18,83.72,172.865,169.00160714285715,88.4692857142857,87.01339285714286,1.0459691959885822,1.1572883334230253,172.99781055263253,169.80131632821391,88.79886781649053,87.30629108675434,1.0,1.0,1.0
722,2021-12-25,328.3,1,25.11,10.06,9.15,1.46,227.57,175.25,31.02,1356.125,610.25,89.9,15.915,5.6499,0,174.845,171.45666666666665,166.89666666666668,89.855,87.31,83.62666666666667,173.40690476190477,169.29994047619047,88.83928571428571,87.23744047619049,1.094902187101581,1.1428012925833149,173.5608579144744,170.17708761592328,89.0741508623679,87.4851675635299,1.0,1.0,1.0
723,2021-12-26,328.70000000000005,1,26.91,10.06,9.15,1.46,228.5,175.655,31.13,1363.8125,612.5,89.945,15.9425,5.6374,0,175.25,171.49333333333334,167.49333333333334,89.9,87.44,83.53333333333333,174.00142857142856,169.59142857142857,89.19714285714285,87.46642857142857,1.00741928830507,1.140945401605568,174.08439343585582,170.5548746768941,89.29186314677592,87.65481117983819,1.0,1.0,1.0
724,2021-12-27,329.1,1,25.81,10.06,9.15,1.46,229.43,176.06,31.24,1371.5,614.75,89.99,15.97,5.6249,0,175.655,171.53,168.09,89.945,87.57,83.44,174.64857142857142,169.8760714285714,89.54285714285716,87.70035714285714,0.6999283855496228,1.147301861981458,174.57829507689183,170.9345384922807,89.46639736008194,87.81585868467693,1.0,1.0,1.0
725,2021-12-28,331.4,1,26.49,10.06,9.15,1.46,230.12,176.21,31.26,1368.0,604.75,90.34,16.03,5.6283,0,176.06,171.7,166.76,89.99,88.61,84.46,175.29285714285714,170.21357142857144,89.78999999999999,87.91035714285714,0.7313684057286891,1.1914021413889435,174.98622130766887,171.29836342384755,89.68479802006146,87.98993739607852,1.0,1.0,1.0
726,2021-12-29,335.85,1,25.02,10.06,9.15,1.46,229.11,176.42,30.98,1368.75,605.5,90.37,15.87,5.7032,0,176.21,174.59,166.71,90.34,88.69,84.98,175.55428571428573,170.56035714285716,90.03,88.10285714285715,0.836374434017299,1.28699451390934,175.34466598075164,171.65157973944426,89.8560985150461,88.15407964462483,1.0,1.0,1.0
727,2021-12-30,336.5,1,24.95,10.06,9.15,1.46,228.66,172.34,30.91,1338.5,596.0,90.35,16.21,5.571,0,176.42,174.44,167.55,90.37,89.81,86.22,175.25428571428571,170.73142857142858,90.10714285714286,88.25035714285715,0.911341100818482,1.3454876520020165,174.59349948556374,171.69905699879294,89.97957388628458,88.30552242775414,1.0,1.0,1.0
728,2021-12-31,336.0,1,24.6,10.06,9.15,1.46,228.46,172.98250000000002,30.9075,1339.25,593.25,90.765,16.22,5.5703,0,172.34,174.845,170.56,90.35,89.855,86.86,174.9882142857143,170.81794642857145,90.23714285714286,88.38982142857142,0.8872045354681962,1.3911203572015352,174.19074961417283,171.787570309221,90.17593041471343,88.47514157066765,1.0,1.0,1.0
729,2022-01-01,335.5,1,24.8,10.38,9.15,1.47,227.46,173.625,30.905,1344.6666666666667,591.9166666666666,91.18,16.23,5.607466666666666,0,172.98250000000002,175.25,169.77666666666667,90.765,89.9,86.61333333333333,174.75607142857143,170.95538690476192,90.42,88.55291666666668,0.7988995939570475,1.4309684069820092,174.04931221062964,171.91428959824023,90.42694781103508,88.66168353131125,1.0,1.0,1.0
730,2022-01-02,335.0,1,25.86,10.38,9.15,1.47,226.46,174.26749999999998,30.9025,1350.0833333333333,590.5833333333334,91.595,16.240000000000002,5.644633333333333,0,173.625,175.655,168.99333333333334,91.18,89.945,86.36666666666667,174.55785714285713,171.14375,90.6557142857143,88.73964285714285,0.6276421702513434,1.4652641922906644,174.10385915797224,172.07657997077536,90.71896085827632,88.86398121880703,1.0,1.0,1.0
731,2022-01-03,334.5,1,26.43,10.38,9.15,1.47,225.46,174.91,30.9,1355.5,589.25,92.01,16.25,5.6818,0,174.26749999999998,176.06,168.21,91.595,89.99,86.12,174.39357142857145,171.38303571428574,90.94428571428573,88.95000000000002,0.2528692491054237,1.4940922505686258,174.30539436847917,172.27198824865292,91.04172064370724,89.0809480313031,1.0,1.0,1.0
732,2022-01-04,339.65,1,25.82,10.38,9.15,1.47,227.27,179.13,31.5,1389.75,609.5,92.72,16.3,5.677,0,174.91,176.21,167.79,92.01,90.34,87.58,174.81071428571428,171.78803571428574,91.28428571428572,89.13357142857144,0.4505144451695189,1.4840067179509338,175.51154577635938,172.74495457633202,91.46129048278044,89.33191713259254,1.0,1.0,1.0
733,2022-01-05,345.25,1,25.28,10.38,9.15,1.47,226.43,182.14,32.16,1394.75,602.25,92.81,16.3,5.7087,0,179.13,176.42,165.97,92.72,90.37,87.55,175.62785714285715,172.3655357142857,91.63285714285716,89.32142857142857,0.6552643959285981,1.480799449740602,177.16865933226953,173.39288874348154,91.79846786208532,89.57178491655166,1.0,1.0,1.0
734,2022-01-06,337.6,1,24.71,10.38,9.15,1.47,225.71,180.62,31.77,1387.25,603.75,93.28,16.41,5.6834,0,182.14,172.34,165.16,92.81,90.35,87.54,176.81071428571428,172.91767857142855,92.05142857142856,89.52642857142858,0.7318023598470857,1.4819658827716022,178.03149449920215,173.8913102094483,92.168850896564,89.82752388782396,1.0,1.0,1.0
735,2022-01-07,331.4,1,25.99,10.38,9.15,1.47,225.04,180.7,32.08,1410.25,606.75,93.52,16.6,5.6355,0,180.62,172.98250000000002,166.05,93.28,90.765,88.06,177.91321428571428,173.44089285714287,92.445,89.72142857142858,0.7543668787501817,1.48313853652157,178.69862087440163,174.36087502258982,92.506638172423,90.0821774128016,1.0,1.0,1.0
736,2022-01-08,333.93333333333334,1,24.22,10.38,9.15,1.47,224.2933333333333,180.68666666666667,32.00333333333333,1401.75,604.4166666666666,93.82333333333334,16.616666666666667,5.6447666666666665,0,180.7,173.625,166.01000000000002,93.52,91.18,88.07333333333334,178.92202380952378,173.96505952380951,92.82261904761904,89.92678571428573,0.7527853042440981,1.4830076949487654,179.19563232246787,174.79713651528476,92.8358119626506,90.34018816594174,1.0,1.0,1.0
737,2022-01-09,336.46666666666664,1,24.83,10.38,9.15,1.47,223.54666666666668,180.6733333333333,31.926666666666662,1393.25,602.0833333333334,94.12666666666668,16.633333333333333,5.6540333333333335,0,180.68666666666667,174.26749999999998,165.97,93.82333333333334,91.595,88.08666666666666,179.83714285714285,174.49017857142857,93.1842857142857,90.1425,0.6908688538664678,1.484690038476745,179.56505757518423,175.2023914682536,93.1585256386546,90.6013246142676,1.0,1.0,1.0
738,2022-01-10,339.0,1,26.06,10.38,9.15,1.47,222.8,180.66,31.85,1384.75,599.75,94.43,16.65,5.6633,0,180.6733333333333,174.91,165.93,94.12666666666668,92.01,88.1,180.6585714285714,175.01625,93.53,90.36857142857144,0.4830787506868401,1.4908923058004322,179.83879318138816,175.57877826354644,93.47639422899096,90.86537119259395,1.0,1.0,1.0
739,2022-01-11,333.7,1,24.8,10.38,9.15,1.47,223.44,180.27,32.31,1386.5,601.0,95.13,17.05,5.5686,0,180.66,179.13,166.35,94.43,92.72,87.75,180.82142857142856,175.51339285714286,93.87428571428572,90.63214285714284,0.4540540489469909,1.4963786797496226,179.9465948860411,175.90231079709497,93.88979567174322,91.1594835241392,1.0,1.0,1.0
740,2022-01-12,335.05,1,23.81,10.38,9.15,1.47,226.18,178.3,32.21,1399.25,599.0,95.27,17.21,5.5338,0,180.27,182.14,169.04,95.13,92.81,87.56,180.2728571428572,175.84410714285713,94.22571428571428,90.9075,0.475259089144151,1.4494733984454748,179.53494616453082,176.0676686731574,94.2348467538074,91.44296741902616,1.0,1.0,1.0
741,2022-01-13,333.7,1,25.6,10.38,9.15,1.47,223.73,177.41,32.15,1377.25,587.5,96.5,17.48,5.5286,0,178.3,180.62,171.26,95.27,93.28,87.39,179.81428571428572,176.06375000000003,94.6857142857143,91.23285714285714,0.4496186340665153,1.409252287687378,179.00370962339812,176.1602432474224,94.80113506535557,91.79172828667951,1.0,1.0,1.0
742,2022-01-14,335.5,1,27.6,10.38,9.15,1.47,223.19,176.56,31.97,1369.75,596.25,96.77,17.52,5.5344,0,177.41,180.7,171.42,96.5,93.52,87.18,179.22285714285712,176.24732142857144,95.15,91.57535714285711,0.574024263315896,1.342031060555228,178.3927822175486,176.18781267863463,95.29335129901666,92.1350573703568,1.0,1.0,1.0
743,2022-01-15,335.1125,1,29.43,10.38,9.15,1.47,223.2675,176.46,31.905,1370.0625,597.0625,96.925,17.5225,5.54245,0,176.56,180.68666666666667,171.45666666666665,96.77,93.82333333333334,87.31,178.61904761904765,176.4260119047619,95.59309523809524,91.91875,0.6519581311418636,1.2525991638836738,177.90958666316146,176.20658421803913,95.7012634742625,92.46539824136669,1.0,1.0,1.0
744,2022-01-16,334.725,1,28.74,10.38,9.15,1.47,223.345,176.36,31.84,1370.375,597.875,97.08,17.525,5.5505,0,176.46,180.6733333333333,171.49333333333334,96.925,94.12666666666668,87.44,178.00285714285715,176.5998214285714,96.015,92.2630357142857,0.649187286268879,1.1353855792907628,177.5221899973711,176.21716461679506,96.04594760569688,92.7836466385138,1.0,1.0,1.0
745,2022-01-17,334.3375,1,26.38,10.38,9.15,1.47,223.4225,176.26,31.775,1370.6875,598.6875,97.235,17.5275,5.55855,0,176.36,180.66,171.53,97.08,94.43,87.57,177.3742857142857,176.76874999999998,96.41571428571427,92.6082142857143,0.4913763988087226,0.9800856087403336,177.20664249802832,176.220118781154,96.34321070427264,93.09063652551283,1.0,1.0,1.0
746,2022-01-18,333.95,1,26.6,10.38,9.15,1.47,223.5,176.16,31.71,1371.0,599.5,97.39,17.53,5.5666,0,176.26,180.27,171.7,97.235,95.13,88.61,176.78714285714287,176.9280357142857,96.73857142857142,92.92178571428572,0.4913763988087226,0.897948097138025,176.94498187352124,176.2159726583158,96.60490802820448,93.38714435133951,1.0,1.0,1.0
747,2022-01-19,337.2,1,26.06,10.38,9.15,1.47,229.62,176.86,32.37,1400.75,610.5,97.7,17.88,5.4383,0,176.16,178.3,174.59,97.39,95.27,88.69,176.58142857142855,177.00910714285715,97.08571428571427,93.2435714285714,0.4238234013245833,0.8347091449016146,176.92373640514094,176.26038833705263,96.87868102115335,93.6845826719368,1.0,1.0,1.0
748,2022-01-20,339.25,1,27.25,10.38,9.15,1.47,231.2,179.39,33.15,1434.5,611.0,98.13,18.14,5.4191,0,176.86,177.41,174.44,97.7,96.5,89.81,176.8642857142857,177.18589285714285,97.31857142857145,93.54071428571427,0.2953409479065835,0.8300482186944934,177.5403023038557,176.47622362415245,97.19151076586502,93.99116317732046,1.0,1.0,1.0
749,2022-01-21,344.2,1,27.55,10.38,9.15,1.47,225.91,180.15,33.01,1423.0,616.25,98.33,18.02,5.4582,0,179.39,176.56,174.845,98.13,96.77,89.855,177.37714285714284,177.37535714285715,97.54142857142855,93.84339285714285,0.296237890478677,0.8199066057990424,178.19272672789177,176.72958751214193,97.47613307439876,94.2903933030225,1.0,1.0,1.0
750,2022-01-22,342.2,1,28.9,10.38,9.15,1.47,225.35666666666663,179.92333333333335,32.876666666666665,1419.0,617.8333333333334,98.19666666666669,17.946666666666665,5.4680333333333335,0,180.15,176.46,175.25,98.33,96.925,89.9,177.87190476190474,177.54226190476192,97.72309523809524,94.13970238095236,0.364308005854108,0.8147343096335953,178.62537837925214,176.94984584463788,97.65626647246576,94.55979146603244,1.0,1.0,1.0
751,2022-01-23,340.2,1,29.93,10.38,9.15,1.47,224.8033333333333,179.69666666666666,32.74333333333333,1415.0,619.4166666666666,98.06333333333332,17.873333333333335,5.477866666666666,0,179.92333333333335,176.36,175.655,98.19666666666669,97.08,89.945,178.34857142857143,177.68660714285716,97.86357142857142,94.42964285714288,0.523687404596077,0.8275928150335133,178.89320045110577,177.1392817633985,97.75803318768264,94.80141504308769,1.0,1.0,1.0
752,2022-01-24,338.2,1,26.41,10.38,9.15,1.47,224.25,179.47,32.61,1411.0,621.0,97.93,17.8,5.4877,0,179.69666666666666,176.26,176.06,98.06333333333332,97.235,89.99,178.80714285714288,177.80839285714288,97.96285714285716,94.71321428571429,0.733547278624536,0.8684165863772335,179.03740033832935,177.3000209521296,97.80102489076198,95.01717952287471,1.0,1.0,1.0
753,2022-01-25,343.1,1,26.08,10.38,9.15,1.47,221.79,179.73,33.04,1416.0,620.0,97.76,17.97,5.4437,0,179.47,176.16,176.21,97.93,97.39,90.34,179.31714285714287,177.93410714285713,98.01571428571428,94.9782142857143,0.7499835221168812,0.866845630482678,179.21055025374702,177.4676057140517,97.79076866807148,95.20633955577992,1.0,1.0,1.0
754,2022-01-26,342.3,1,25.81,10.38,9.15,1.47,220.13,184.22,34.07,1447.0,627.0,97.9,18.11,5.4324,0,179.73,176.86,176.42,97.76,97.7,90.37,180.36857142857144,178.21267857142857,98.04428571428572,95.24714285714286,0.6651881564240537,0.8083369297420832,180.46291269031028,177.93328807859987,97.8180765010536,95.3921092415882,1.0,1.0,1.0
755,2022-01-27,343.7,1,26.0,10.38,9.15,1.47,223.24,181.48,33.44,1454.0,625.25,97.37,17.94,5.4065,0,184.22,179.39,172.34,97.9,98.13,90.35,180.6671428571429,178.53910714285712,97.9357142857143,95.49785714285714,0.5874762503040587,0.7652051679959442,180.7171845177327,178.17788890076537,97.7060573757902,95.528515500789,1.0,1.0,1.0
756,2022-01-28,339.4,1,25.92,10.38,9.15,1.47,225.75,183.8,34.08,1475.25,636.0,97.4,18.06,5.3674,0,181.48,180.15,172.98250000000002,97.37,98.33,90.765,181.1885714285714,178.9254464285714,97.80285714285716,95.73482142857144,0.7380377857825131,0.7542706100659967,181.48788838829955,178.5656207007126,97.62954303184264,95.65758339728632,1.0,1.0,1.0
757,2022-01-29,340.8666666666667,1,24.91,10.38,9.15,1.47,227.0,183.9633333333333,34.303333333333335,1481.9166666666667,632.6666666666666,97.40666666666668,18.16333333333333,5.3463,0,183.8,179.92333333333335,173.625,97.4,98.19666666666669,91.18,181.7657142857143,179.2946726190476,97.69,95.95720238095238,0.9083767386497038,0.7592361024949881,182.106749624558,178.9378767443416,97.57382394054864,95.77820982965738,1.0,1.0,1.0
758,2022-01-30,342.3333333333333,1,25.11,10.38,9.15,1.47,228.25,184.1266666666667,34.526666666666664,1488.5833333333333,629.3333333333334,97.41333333333334,18.266666666666666,5.3252,0,183.9633333333333,179.69666666666666,174.26749999999998,97.40666666666668,98.06333333333332,91.595,182.39857142857144,179.6467857142857,97.59714285714288,96.165,0.9831540249293969,0.7835262847688131,182.6117288850852,179.2957243251916,97.53370128874482,95.89097696784192,1.0,1.0,1.0
759,2022-01-31,343.8,1,24.83,10.38,9.15,1.47,229.5,184.29,34.75,1495.25,626.0,97.42,18.37,5.3041,0,184.1266666666667,179.47,174.91,97.41333333333334,97.93,92.01,183.08714285714285,179.9817857142857,97.52428571428572,96.35821428571428,0.8157630708455436,0.8285980107467185,183.03129666381383,179.6401571303508,97.5052759665586,95.99642683212868,1.0,1.0,1.0
760,2022-02-01,333.9,1,26.44,10.54,9.15,1.47,232.02,188.67,35.8,1534.25,634.75,97.4,18.48,5.2655,0,184.29,179.73,179.13,97.42,97.76,92.72,184.3642857142857,180.3225,97.47285714285717,96.52535714285716,0.7987745716576518,0.9615666267602868,184.4409724978604,180.2629049144645,97.47895697491896,96.09322498163704,1.0,1.0,1.0
761,2022-02-02,334.7,1,28.18,10.54,9.15,1.47,239.37,192.71,36.46,1549.5,622.5,97.14,18.38,5.262,0,188.67,184.22,182.14,97.4,97.9,92.81,185.5771428571429,180.7,97.36428571428571,96.68,0.997578701309596,1.1398551734649007,186.5082293733953,181.1213252651911,97.39421773118922,96.1654163622138,1.0,1.0,1.0
762,2022-02-03,334.0,1,26.58,10.54,10.65,1.47,241.07,191.98,36.27,1547.0,616.75,96.82,18.29,5.2839,0,192.71,181.48,180.62,97.14,97.37,93.28,187.0771428571429,181.1057142857143,97.28571428571428,96.80642857142855,1.020514076136303,1.3246642509327482,187.8761720300465,181.8701993848331,97.25066329839191,96.21056006137144,1.0,1.0,1.0
763,2022-02-04,343.9,1,28.0,10.54,10.65,1.47,246.17,193.36,36.3,1557.5,620.5,97.13,18.24,5.3279,0,191.98,183.8,180.7,96.82,97.4,93.52,188.44285714285712,181.55785714285716,97.24714285714286,96.93535714285714,1.109734294361579,1.509441601761337,189.24712902253484,182.6625994272584,97.22049747379393,96.27396971231136,1.0,1.0,1.0
764,2022-02-05,339.3666666666667,1,25.96,10.54,10.65,1.47,245.00333333333333,194.85666666666668,36.736666666666665,1567.0833333333333,625.4166666666666,97.07666666666668,18.306666666666665,5.306466666666666,0,193.36,183.9633333333333,180.68666666666667,97.13,97.40666666666668,93.82333333333334,189.99904761904764,182.06392857142856,97.2,97.0515476190476,1.051707390567719,1.6411322995535966,190.6495134335678,183.5035695817004,97.18453977201212,96.32932812295655,1.0,1.0,1.0
765,2022-02-06,334.8333333333333,1,26.16,10.54,10.65,1.47,243.83666666666664,196.35333333333327,37.17333333333333,1576.6666666666667,630.3333333333334,97.02333333333333,18.37333333333333,5.285033333333334,0,194.85666666666668,184.1266666666667,180.6733333333333,97.07666666666668,97.41333333333334,94.12666666666668,191.74571428571429,182.6239285714286,97.14428571428572,97.155,0.8813512610487035,1.7262783157062411,192.07546840850915,184.38976018526125,97.14423816234242,96.3771905512584,1.0,1.0,1.0
766,2022-02-07,330.3,1,26.69,10.54,10.65,1.47,242.67,197.85,37.61,1586.25,635.25,96.97,18.44,5.2636,0,196.35333333333327,184.29,180.66,97.02333333333333,97.42,94.43,193.68285714285716,183.23785714285717,97.08,97.24571428571429,0.5819955505520471,1.76594913972457,193.51910130638188,185.31805258627773,97.10067862175684,96.41807396151644,1.0,1.0,1.0
767,2022-02-08,339.35,1,26.66,10.54,10.65,1.47,241.41,196.56,37.4,1572.5,632.25,97.14,18.49,5.2593,0,197.85,188.67,180.27,96.97,97.4,95.13,194.81,183.81964285714284,97.04285714285712,97.3175,0.2998714766280232,1.8475401011394788,194.2793259797864,186.09335930446548,97.1105089663176,96.46786196417048,1.0,1.0,1.0
768,2022-02-09,341.05,1,25.82,10.54,10.65,1.47,249.51,197.19,37.78,1595.5,646.75,96.93,18.57,5.2354,0,196.56,192.71,178.3,97.14,97.14,95.27,195.45,184.49428571428567,97.01285714285714,97.37678571428572,0.3800167080714602,1.929246465674754,195.00699448483985,186.85864486967475,97.0653817247382,96.49973355284835,1.0,1.0,1.0
769,2022-02-10,342.1,1,26.01,10.54,10.65,1.47,244.05,198.33,37.95,1576.5,641.75,97.08,18.58,5.2496,0,197.19,191.98,177.41,96.93,96.82,96.5,196.3571428571429,185.24142857142851,97.05,97.3975,0.3480623396620654,1.9698151619523463,195.83774586362983,187.6497728096972,97.06903629355364,96.53975192851398,1.0,1.0,1.0
770,2022-02-11,342.05,1,24.88,10.54,10.65,1.47,241.03,195.85,37.48,1586.25,651.0,97.05,18.57,5.2527,0,198.33,193.36,176.56,97.08,97.13,96.77,196.71285714285716,185.9303571428572,97.03857142857144,97.4075,0.3590526714320038,2.004848036587412,195.8408093977224,188.2153057193732,97.06427722016524,96.57494145068544,1.0,1.0,1.0
771,2022-02-12,341.0,1,25.8,10.54,10.65,1.47,240.41,194.26,37.196666666666665,1582.1666666666667,652.5833333333334,96.69333333333331,18.51333333333333,5.2401,0,195.85,194.85666666666668,176.46,97.05,97.07666666666668,96.925,196.62761904761905,186.56607142857143,96.98380952380953,97.39922619047618,0.3554193333164537,2.035030376931454,195.4456070482918,188.63218118700263,96.97154124845726,96.58310640810942,1.0,1.0,1.0
772,2022-02-13,339.95,1,25.24,10.54,10.65,1.47,239.79,192.67,36.91333333333333,1578.0833333333333,654.1666666666666,96.33666666666667,18.456666666666667,5.2275,0,194.26,196.35333333333327,176.36,96.69333333333331,97.02333333333333,97.08,196.10142857142856,187.14857142857144,96.88571428571429,97.37267857142857,0.3441193696820267,2.0590871171627367,194.75170528621885,188.910651449968,96.8128226030096,96.566110563872,1.0,1.0,1.0
773,2022-02-14,338.9,1,25.58,10.54,10.65,1.47,239.17,191.08,36.63,1574.0,655.75,95.98,18.4,5.2149,0,192.67,197.85,176.26,96.33666666666667,96.97,97.235,195.1342857142857,187.6778571428572,96.74428571428572,97.32785714285714,0.3193516674907733,2.075634154388496,193.83377896466416,189.06026169479776,96.6046169522572,96.52568914567392,1.0,1.0,1.0
774,2022-02-15,338.15,1,27.47,10.54,10.65,1.47,238.84,189.54,36.58,1555.75,638.0,96.55,18.63,5.159,0,191.08,196.56,176.16,95.98,97.14,97.39,194.1314285714286,188.1557142857143,96.66,97.29785714285715,0.3606595117940355,2.0959045341650144,192.7603342234981,189.09334709515653,96.59096271419293,96.52736575631708,1.0,1.0,1.0
775,2022-02-16,340.65,1,27.0,10.54,10.65,1.47,238.92,189.59,36.97,1591.25,647.0,96.53,18.82,5.1365,0,189.54,197.19,176.86,96.55,96.93,97.7,193.04571428571427,188.6103571428571,96.60285714285712,97.25607142857145,0.4095116277267752,2.14188748894826,191.9677506676236,189.1275990196285,96.57572203564467,96.52754742829522,1.0,1.0,1.0
776,2022-02-17,345.9,1,26.35,10.54,10.65,1.47,238.85,195.11,37.75,1596.0,650.0,96.51,18.67,5.1718,0,189.59,198.33,179.39,96.53,97.08,98.13,192.58571428571423,189.17178571428573,96.52142857142856,97.19821428571429,0.5287314215181323,2.179641745278817,192.7533130007177,189.54017839758515,96.5592915267335,96.52633726082658,1.0,1.0,1.0
777,2022-02-18,340.9,1,27.25,10.54,10.65,1.47,236.62,195.9,38.13,1603.5,654.25,96.49,18.78,5.1385,0,195.11,195.85,180.15,96.51,97.05,98.33,192.5928571428572,189.7342857142857,96.44142857142856,97.1325,0.4863124234928125,2.179112432827865,193.53998475053825,189.97878678395855,96.54196864505012,96.52383124283854,1.0,1.0,1.0
778,2022-02-19,342.775,1,23.5,10.54,10.65,1.47,237.0575,195.7875,38.245000000000005,1611.375,659.375,96.5675,18.8625,5.118449999999999,0,195.9,194.26,179.92333333333335,96.49,96.69333333333331,98.19666666666669,192.81107142857144,190.3008630952381,96.42345238095238,97.07431547619048,0.4257546321574891,2.1381683979373336,194.1018635629037,190.3793876954097,96.5483514837876,96.52684288126348,1.0,1.0,1.0
779,2022-02-20,344.65,1,25.35,10.54,10.65,1.47,237.495,195.675,38.36,1619.25,664.5,96.645,18.945,5.0984,0,195.7875,192.67,179.69666666666666,96.5675,96.33666666666667,98.06333333333332,193.2403571428572,190.8715178571429,96.4675,97.02366071428573,0.3436404742038637,2.042251570911456,194.49514767217775,190.7446023371056,96.5725136128407,96.53499164807288,1.0,1.0,1.0
780,2022-02-21,346.525,1,26.8,10.54,10.65,1.47,237.9325,195.5625,38.475,1627.125,669.625,96.7225,19.0275,5.07835,0,195.675,191.08,179.47,96.645,95.98,97.93,193.88071428571428,191.44625,96.57357142857144,96.98053571428572,0.2253410114236556,1.8688276106503576,194.7619857541333,191.07687114144312,96.61001020963052,96.54792325855064,1.0,1.0,1.0
781,2022-02-22,348.4,1,26.23,10.54,10.65,1.47,238.37,195.45,38.59,1635.0,674.75,96.8,19.11,5.0583,0,195.5625,189.54,179.73,96.7225,96.55,97.76,194.725,192.00767857142856,96.60928571428572,96.94625,0.1991896850068221,1.723841131157977,194.9339893156,191.3784662351367,96.6575076572229,96.5653078614092,1.0,1.0,1.0
782,2022-02-23,343.95,1,24.39,10.54,10.65,1.47,235.56,199.92,39.96,1671.0,683.75,96.85,19.36,5.0097,0,195.45,189.59,184.22,96.8,96.53,97.9,196.20071428571435,192.56839285714287,96.655,96.90874999999998,0.2156504162798845,1.596974397122222,196.1804919867,191.9675375292652,96.70563074291718,96.58494180200168,1.0,1.0,1.0
783,2022-02-24,340.7,1,25.5,10.54,10.65,1.47,237.26,201.35,39.35,1654.0,695.0,96.89,18.93,5.1231,0,199.92,195.11,181.48,96.85,96.51,97.37,197.09214285714285,193.2780357142857,96.70928571428573,96.89160714285715,1.0357009851366858,1.424489634908536,197.472868990025,192.61460390655725,96.75172305718787,96.60598029841536,1.0,1.0,1.0
784,2022-02-25,343.05,1,28.62,10.54,10.65,1.47,239.41,198.67,38.61,1584.5,659.5,97.34,18.92,5.1623,0,201.35,195.9,183.8,96.89,96.49,97.4,197.48785714285717,193.80910714285716,96.8307142857143,96.88946428571428,1.652868563981039,1.381134850426958,197.77215174251876,193.03221743024292,96.89879229289092,96.65660234680048,1.0,1.0,1.0
785,2022-02-26,342.41,1,29.61,10.54,10.65,1.47,238.45,199.576,38.84,1601.9166666666667,672.1666666666666,97.312,18.94,5.1615,0,198.67,195.7875,183.9633333333333,97.34,96.5675,97.40666666666668,198.0290714285714,194.3667023809524,96.93707142857144,96.88608333333332,1.8484995754051163,1.3332772575395029,198.22311380688905,193.48351277988135,97.0020942196682,96.70180218495216,1.0,1.0,1.0
786,2022-02-27,341.77000000000004,1,28.33,10.54,10.65,1.47,237.49,200.482,39.07,1619.3333333333333,684.8333333333334,97.284,18.96,5.1607,0,199.576,195.675,184.1266666666667,97.312,96.645,97.41333333333334,198.7157857142857,194.9508214285714,97.02835714285716,96.88146428571427,1.8159299198822727,1.282434623258581,198.7878353551668,193.96616707092403,97.07257066475115,96.74195375840374,1.0,1.0,1.0
787,2022-02-28,341.13,1,29.01,10.54,10.65,1.47,236.53,201.388,39.3,1636.75,697.5,97.256,18.98,5.1599,0,200.482,195.5625,184.29,97.284,96.7225,97.42,199.548,195.5614642857143,97.10457142857142,96.87560714285716,1.5919197896818595,1.2303023175318408,199.4378765163751,194.47801761775685,97.11842799856336,96.77740522334142,1.0,1.0,1.0
788,2022-03-01,340.49,1,26.71,11.3,10.65,1.47,233.45,202.294,39.53,1690.0,739.75,97.228,19.0,5.1595,0,201.388,195.45,188.67,97.256,96.8,97.4,200.52571428571423,196.0480357142857,97.16571428571427,96.86946428571429,1.1222083023768608,1.2194875101542373,200.1519073872813,195.01705088549772,97.14582099892252,96.80848072517992,1.0,1.0,1.0
789,2022-03-02,339.85,1,25.38,11.3,10.65,1.47,236.74,203.2,39.76,1663.0,739.0,97.2,19.02,5.0995,0,202.294,199.92,192.71,97.228,96.85,97.14,200.9942857142857,196.42267857142855,97.21571428571428,96.87160714285714,0.442885303764813,1.260718045997523,200.91393054046097,195.58139220373928,97.15936574919188,96.83548205447786,1.0,1.0,1.0
790,2022-03-03,342.35,1,24.9,11.3,10.65,1.47,240.82,202.9,40.39,1667.75,751.25,97.72,19.45,5.032,0,203.2,201.35,191.98,97.2,96.89,96.82,201.21571428571428,196.81267857142856,97.33428571428573,96.90375,0.7155591822562487,1.4300170958995666,201.4104479053457,196.0861237758952,97.29952431189392,96.89648329210009,1.0,1.0,1.0
791,2022-03-04,341.15,1,26.4,11.3,10.65,1.47,243.77,203.62,40.09,1660.5,756.5,98.15,19.32,5.062,0,202.9,198.67,193.36,97.72,97.34,97.13,201.92285714285717,197.17910714285716,97.45,96.94017857142856,1.5885381691164218,1.822740085715793,201.9628359290093,196.6057014465231,97.51214323392044,96.9829327202311,1.0,1.0,1.0
792,2022-03-05,342.55,1,27.12,11.3,10.65,1.47,241.09,203.47333333333333,40.06,1660.1666666666667,754.0833333333334,98.83,19.456666666666667,5.0785,0,203.62,199.576,194.85666666666668,98.15,97.312,97.07666666666668,202.47961904761905,197.4868452380952,97.66685714285713,97.00279761904764,1.848234433599381,2.0577883997339788,202.3404602800903,197.0793312318204,97.84160742544032,97.11031667056,1.0,1.0,1.0
793,2022-03-06,343.95,1,25.27,11.3,10.65,1.47,238.41,203.32666666666668,40.03,1659.8333333333333,751.6666666666666,99.51,19.593333333333334,5.095000000000001,0,203.47333333333333,200.482,196.35333333333327,98.83,97.284,97.02333333333333,202.886,197.73589285714283,97.98485714285714,97.09160714285714,1.84460173358804,2.2021412160398124,202.5870118767344,197.51018195146492,98.25870556908023,97.27581207259034,1.0,1.0,1.0
794,2022-03-07,345.35,1,25.34,11.3,10.65,1.47,235.73,203.18,40.0,1659.5,749.25,100.19,19.73,5.1115,0,203.32666666666668,201.388,197.85,99.51,97.256,96.97,203.142,197.92625,98.404,97.20660714285717,1.6386481624967368,2.2870561723274947,202.7352589075508,197.90120388584663,98.74152917681018,97.47679055034271,1.0,1.0,1.0
795,2022-03-08,350.35,1,25.31,11.3,10.65,1.47,222.73,206.99,40.94,1689.75,754.5,101.36,20.05,5.0599,0,203.18,202.294,196.56,100.19,97.228,97.14,203.81285714285715,198.29875,98.99428571428572,97.3573214285714,1.3798877669700216,2.313770537163655,203.7989441806631,198.52801741096067,99.39614688260764,97.74459809859496,1.0,1.0,1.0
796,2022-03-09,342.8,1,25.37,11.3,10.65,1.47,230.09,206.04,41.12,1671.75,735.0,101.25,20.21,5.0123,0,206.99,203.2,197.19,101.36,97.2,96.93,204.2185714285715,198.61482142857145,99.57285714285716,97.51160714285712,1.0257443511534856,2.372022901357604,204.3592081354973,199.046085175722,99.85961016195571,97.98634995386426,1.0,1.0,1.0
797,2022-03-10,345.2,1,26.35,11.3,10.65,1.47,227.96,207.14,41.28,1686.25,757.75,101.42,20.21,5.011,0,206.04,202.9,198.33,101.25,97.72,97.08,204.8242857142857,198.92946428571432,100.10142857142856,97.66660714285716,1.0840440368929938,2.524140774534369,205.05440610162304,199.604286198086,100.2497076214668,98.2231534053219,1.0,1.0,1.0
798,2022-03-11,347.0,1,26.88,11.3,10.65,1.47,225.96,203.15,40.21,1676.0,764.5,103.57,20.5,5.0745,0,207.14,203.62,195.85,101.42,98.15,97.05,204.7571428571429,199.19017857142856,100.87571428571428,97.89946428571427,0.9346834258594372,2.585264249840562,204.57830457621725,199.8488181844249,101.0797807161001,98.59190144633416,1.0,1.0,1.0
799,2022-03-12,346.35,1,25.93,11.3,10.65,1.47,227.16333333333333,203.5533333333333,40.086666666666666,1674.1666666666667,752.4166666666666,103.68,20.42,5.089433333333333,0,203.15,203.47333333333333,194.26,103.57,98.83,96.69333333333331,204.76857142857145,199.5220833333333,101.56857142857142,98.1489880952381,0.9132437018437596,2.596179670283349,204.32206176549624,200.1043019877979,101.72983553707508,98.94280479486284,1.0,1.0,1.0
800,2022-03-13,345.7,1,27.35,11.3,10.65,1.47,228.36666666666667,203.95666666666668,39.96333333333334,1672.3333333333333,740.3333333333334,103.79,20.34,5.1043666666666665,0,203.5533333333333,203.32666666666668,192.67,103.68,99.51,96.33666666666667,204.85857142857145,199.9251785714286,102.18,98.41517857142856,1.0659710742164326,2.575774394818045,204.23071299078885,200.3699823104785,102.24487665280633,99.27709411935506,1.0,1.0,1.0
801,2022-03-14,345.05,1,25.53,11.3,10.65,1.47,229.57,204.36,39.84,1670.5,728.25,103.9,20.26,5.1193,0,203.95666666666668,203.18,191.08,103.79,100.19,95.98,205.02714285714288,200.39946428571423,102.71,98.69803571428572,1.359946144058508,2.5407581793349405,204.26303474309165,200.64515594423855,102.65865748960474,99.59591521457196,1.0,1.0,1.0
802,2022-03-15,341.1,1,27.04,11.3,10.65,1.47,232.0,202.41,39.27,1635.75,758.0,103.87,20.15,5.1631,0,204.36,206.99,189.54,103.9,101.36,96.55,204.3728571428572,200.8591071428571,103.06857142857145,98.95946428571428,1.6299945049503028,2.489436346813669,203.79977605731872,200.76686932739452,102.96149311720356,99.8906796825325,1.0,1.0,1.0
803,2022-03-16,343.3,1,24.98,11.3,10.65,1.47,242.01,203.31,39.83,1626.0,730.0,103.74,20.32,5.0757,0,202.41,206.04,189.59,103.87,101.25,96.53,203.9828571428572,201.34910714285715,103.42428571428572,99.2169642857143,1.6023479088082189,2.422166255803954,203.67733204298904,200.9422576496432,103.15611983790268,100.1561500492544,1.0,1.0,1.0
804,2022-03-17,349.45,1,26.77,11.3,11.65,1.47,246.28,203.85,40.46,1647.25,754.5,103.57,20.56,5.039,0,203.31,207.14,195.11,103.74,101.42,96.51,203.51285714285717,201.66125,103.73142857142857,99.46910714285714,1.0990925962573976,2.3297471743229,203.7204990322418,201.14279160484017,103.259589878427,100.39158797689204,1.0,1.0,1.0
805,2022-03-18,349.05,1,26.86,11.3,11.65,1.47,249.6,202.01,40.29,1645.75,741.75,102.59,20.46,5.0231,0,203.85,203.15,195.9,103.57,103.57,96.49,203.35,201.87946428571428,103.59142857142857,99.6869642857143,0.8112502598627975,2.2384272866667123,203.29287427418132,201.20259908036843,103.09219240882028,100.54320259917532,1.0,1.0,1.0
806,2022-03-19,348.03333333333336,1,27.83,11.3,11.65,1.47,249.98666666666665,201.85333333333327,40.42666666666667,1654.5833333333333,746.5833333333334,102.60333333333334,20.546666666666667,4.9938666666666665,0,202.01,203.5533333333333,195.7875,102.59,103.68,96.5675,203.1071428571429,202.0961011904762,103.43761904761904,99.90252976190476,0.5817402931789925,2.128871425908864,202.9329890389693,201.24747730471083,102.96997763994854,100.6852805808414,1.0,1.0,1.0
807,2022-03-20,347.01666666666665,1,27.59,11.3,11.65,1.47,250.3733333333333,201.69666666666663,40.56333333333333,1663.4166666666667,751.4166666666666,102.61666666666666,20.633333333333333,4.9646333333333335,0,201.85333333333327,203.95666666666668,195.675,102.60333333333334,103.79,96.645,202.7842857142857,202.3111607142857,103.27,100.1158035714286,0.5051570780162291,1.996611396456356,202.62390844589365,201.27845588139743,102.88164989662808,100.81847962124311,1.0,1.0,1.0
808,2022-03-21,346.0,1,25.55,11.3,11.65,1.47,250.76,201.54,40.7,1672.25,756.25,102.63,20.72,4.9354,0,201.69666666666663,204.36,195.5625,102.61666666666666,103.9,96.7225,202.38142857142856,202.52464285714285,103.08857142857144,100.3267857142857,0.5008849311830192,1.8349913343898736,202.35293133442025,201.2964934068183,102.81873742247106,100.9434120611574,1.0,1.0,1.0
809,2022-03-22,349.1,1,26.18,11.3,11.65,1.47,247.99,201.04,40.87,1678.75,753.0,101.29,20.59,4.9094,0,201.54,202.41,195.45,102.63,103.87,96.8,202.18571428571423,202.7242857142857,102.72,100.48714285714286,0.4444808941975008,1.6284189569415937,202.0246985008152,201.27880420634807,102.4365530668533,100.96731467762928,1.0,1.0,1.0
810,2022-03-23,345.3,1,27.35,11.3,11.65,1.47,246.79,198.52,41.03,1698.5,757.75,99.93,20.65,4.8258,0,201.04,203.31,199.92,101.29,103.74,96.85,201.50142857142853,202.67428571428567,102.17571428571428,100.59714285714288,0.4308273957148549,1.4512305943929984,201.14852387561135,201.0885418472896,101.80991480013998,100.89577573434453,1.0,1.0,1.0
811,2022-03-24,352.05,1,26.77,11.3,11.65,1.47,244.93,197.14,40.84,1682.25,748.25,99.2,20.55,4.8253,0,198.52,203.85,201.35,99.93,103.57,96.89,200.54285714285717,202.52392857142857,101.55142857142856,100.67964285714284,0.4050900630528496,1.4289876923322151,200.1463929067085,200.816228616442,101.157436100105,100.77882568370006,1.0,1.0,1.0
812,2022-03-25,347.0,1,25.95,11.3,11.65,1.47,247.72,193.27,40.68,1688.5,754.0,96.98,20.41,4.742,0,197.14,202.01,198.67,99.2,102.59,97.34,199.2942857142857,202.33107142857145,100.75,100.66678571428572,0.399351515151187,1.4531448420511306,198.4272946800314,200.29579905668737,100.11307707507876,100.51683770551384,1.0,1.0,1.0
813,2022-03-26,347.9833333333333,1,27.99,11.3,11.65,1.47,242.61666666666667,192.16,40.39333333333333,1674.5833333333333,752.1666666666666,96.70666666666666,20.326666666666668,4.7505,0,193.27,201.85333333333327,199.576,96.98,102.60333333333334,97.312,197.9095238095238,202.0662142857143,99.90761904761904,100.64516666666668,0.4090406895588417,1.4701878533949508,196.86047101002356,199.734709466571,99.26147447297572,100.25406728904164,1.0,1.0,1.0
814,2022-03-27,348.96666666666664,1,27.3,11.3,11.65,1.47,237.5133333333333,191.05,40.10666666666667,1660.6666666666667,750.3333333333334,96.43333333333334,20.24333333333333,4.759,0,192.16,201.69666666666663,200.482,96.70666666666666,102.61666666666666,97.284,196.38857142857145,201.7293571428572,99.02428571428572,100.61478571428572,0.4258649994222532,1.4773172878750982,195.40785325751767,199.13576398611784,98.55443918806512,99.9905683955445,1.0,1.0,1.0
815,2022-03-28,349.95,1,28.26,11.3,11.65,1.47,232.41,189.94,39.82,1646.75,748.5,96.16,20.16,4.7675,0,191.05,201.54,201.388,96.43333333333334,102.63,97.256,194.73142857142855,201.3205,98.1,100.57564285714284,0.44081762828452,1.471061688544575,194.04088994313827,198.5015733663856,97.95582939104884,99.72639126481728,1.0,1.0,1.0
816,2022-03-29,341.6,1,24.38,11.3,11.65,1.47,228.9,185.2,38.9,1623.75,726.25,92.77,19.49,4.7561,0,189.94,201.04,202.294,96.16,101.29,97.228,192.4685714285715,200.71,96.88285714285716,100.41642857142858,0.463379090385408,1.4853916774309623,191.83066745735368,197.58422347904863,96.65937204328662,99.24664014310574,1.0,1.0,1.0
817,2022-03-30,347.35,1,26.0,11.3,11.65,1.47,229.77,186.19,38.94,1642.5,738.0,92.7,19.38,4.7685,0,185.2,198.52,203.2,92.77,99.93,97.2,190.70714285714288,200.1025,95.85,100.25571428571428,0.3376475909763484,1.4873523479020496,190.42050059301528,196.79841496325216,95.66952903246496,98.79514771944328,1.0,1.0,1.0
818,2022-03-31,323.25,1,28.0,11.3,11.65,1.47,226.02,186.25,39.12,1598.0,748.75,93.09,19.55,4.739,0,186.19,197.14,202.9,92.7,99.2,97.72,189.15142857142857,199.50785714285715,94.97714285714288,100.09035714285714,0.4249919300293706,1.4805397670132665,189.37787544476143,196.0709380692348,95.02464677434872,98.4016892560334,1.0,1.0,1.0
819,2022-04-01,341.6,1,27.52,12.13,11.65,3.54,227.88,178.54,38.24,1566.75,735.0,92.04,19.71,4.6575,0,186.25,193.27,203.62,93.09,96.98,98.15,187.0471428571429,198.61214285714289,94.2714285714286,99.87214285714286,0.7002782084011332,1.335339965378204,186.66840658357108,194.86190785756335,94.27848508076154,97.96295206596211,1.0,1.0,1.0
820,2022-04-02,339.53333333333336,1,26.95,12.13,11.65,3.54,226.22333333333333,177.18,38.10333333333333,1574.1666666666667,740.1666666666666,91.87666666666668,19.756666666666668,4.635933333333333,0,178.54,192.16,203.47333333333333,92.04,96.70666666666666,98.83,184.90714285714284,197.6730952380952,93.58142857142856,99.62380952380953,0.8666930922190726,1.2360882772002797,184.29630493767831,193.64246593635207,93.67803047723784,97.54320824532104,1.0,1.0,1.0
821,2022-04-03,337.46666666666664,1,27.96,12.13,11.65,3.54,224.56666666666663,175.82,37.96666666666667,1581.5833333333333,745.3333333333334,91.71333333333334,19.80333333333333,4.614366666666667,0,177.18,191.05,203.32666666666668,91.87666666666668,96.43333333333334,99.51,182.73142857142852,196.69071428571428,92.90714285714286,99.34535714285714,0.9677931508162784,1.186499614429361,182.17722870325872,192.4133303545347,93.18685619126173,97.14114790656328,1.0,1.0,1.0
822,2022-04-04,335.4,1,27.6,12.13,11.65,3.54,222.91,174.46,37.83,1589.0,750.5,91.55,19.85,4.5928,0,175.82,189.94,203.18,91.71333333333334,96.16,100.19,180.52,195.665,92.24857142857142,99.0367857142857,1.008641797985997,1.1822219258581692,180.24792152744405,191.1751696404289,92.77764214344629,96.75555149921408,1.0,1.0,1.0
823,2022-04-05,333.4,1,28.52,12.13,11.65,3.54,225.64,176.84,37.97,1614.0,759.75,90.19,19.37,4.6506,0,174.46,185.2,206.99,91.55,92.77,101.36,179.32571428571433,194.5882142857143,91.88,98.63785714285714,0.9885317452354502,1.2741589195967509,179.39594114558304,190.18653725143372,92.1307316075847,96.30275484409586,1.0,1.0,1.0
824,2022-04-06,336.7,1,28.97,12.13,11.65,3.54,231.33,178.84,37.89,1603.5,756.5,89.46,18.95,4.7161,0,176.84,186.19,206.04,90.19,92.7,101.25,178.2757142857143,193.6167857142857,91.41714285714286,98.21678571428572,0.7457218876948641,1.2681054921112258,179.2569558591873,189.40401744099003,91.46304870568852,95.83084071691684,1.0,1.0,1.0
825,2022-04-07,327.4,1,27.48,12.13,11.65,3.54,232.14,182.22,38.4,1627.0,757.75,89.06,18.77,4.7524,0,178.84,186.25,207.14,89.46,93.09,101.42,177.70000000000002,192.72678571428568,90.84142857142857,97.77535714285716,0.558250831553366,1.1183783396289588,179.99771689439046,188.90856796230105,90.8622865292664,95.36388618471568,1.0,1.0,1.0
826,2022-04-08,345.95,1,27.59,12.13,11.65,3.54,230.43,184.13,39.13,1668.0,768.75,89.02,18.92,4.697,0,182.22,178.54,203.15,89.06,92.04,103.57,178.49857142857144,192.0475,90.40999999999998,97.25571428571428,0.4848512407160427,1.087754524913409,181.03078767079285,188.57901155110787,90.4017148969498,94.92637679266632,1.0,1.0,1.0
827,2022-04-09,343.5,1,29.44,12.13,11.65,3.54,229.58666666666667,183.64,39.09,1658.9166666666667,767.3333333333334,88.98,18.94,4.696133333333333,0,184.13,177.18,203.5533333333333,89.02,91.87666666666668,103.68,179.42142857142858,191.33630952380955,89.99619047619046,96.73071428571428,0.4358706458973179,1.0975771864789832,181.68309075309463,188.23839006482456,90.04628617271236,94.51628184144796,1.0,1.0,1.0
828,2022-04-10,341.05,1,28.95,12.13,11.65,3.54,228.7433333333333,183.15,39.05,1649.8333333333333,765.9166666666666,88.94,18.96,4.695266666666667,0,183.64,175.82,203.95666666666668,88.98,91.71333333333334,103.79,180.4685714285715,190.59321428571428,89.60000000000001,96.20035714285714,0.4470467466060902,1.1159349821386346,182.04981806482095,187.88746661207804,89.76971462953426,94.13171067996878,1.0,1.0,1.0
829,2022-04-11,338.6,1,28.85,12.13,11.65,3.54,227.9,182.66,39.01,1640.75,764.5,88.9,18.98,4.6944,0,183.15,174.46,204.36,88.94,91.55,103.9,181.64,189.81821428571428,89.22142857142856,95.66464285714288,0.512852942459992,1.1093788672475466,182.2023635486157,187.526951673314,89.55228597215068,93.77090304686747,1.0,1.0,1.0
830,2022-04-12,337.1,1,29.2,12.13,11.65,3.54,224.28,183.39,39.2,1660.5,776.25,88.17,18.85,4.6735,0,182.66,176.84,202.41,88.9,90.19,103.87,182.57571428571427,189.13892857142855,88.93285714285715,95.10392857142858,0.7077254294195301,1.075927242093592,182.4992726614618,187.2416446613613,89.20671447911302,93.38463387122144,1.0,1.0,1.0
831,2022-04-13,336.3,1,27.8,12.13,11.65,3.54,227.45,183.65,39.19,1665.0,783.5,87.56,18.69,4.6899,0,183.39,178.84,203.31,88.17,89.46,103.74,183.26285714285717,188.4367857142857,88.66142857142857,94.52607142857144,1.0072521611295564,1.1056802166556186,182.78695449609637,186.9939450295433,88.79503585933476,92.982934983551,1.0,1.0,1.0
832,2022-04-14,338.9,1,26.3,12.13,11.65,3.54,225.83,186.68,39.79,1665.25,790.25,87.3,18.61,4.7013,0,183.65,182.22,203.85,87.56,89.06,103.57,183.9,187.82357142857143,88.41,93.945,1.14785059904713,1.13504294698642,183.76021587207225,186.97229364819552,88.42127689450108,92.59100843296127,1.0,1.0,1.0
833,2022-04-15,336.375,1,25.92,12.13,11.65,3.54,225.4925,186.6925,39.865,1672.25,796.0,87.3825,18.66,4.68915,0,186.68,184.13,202.01,87.3,89.02,102.59,184.26607142857145,187.2765178571429,88.17607142857142,93.401875,1.1078447212061389,1.1399512733996815,184.4932869040542,186.95299753452687,88.1615826708758,92.231800954826,1.0,1.0,1.0
834,2022-04-16,333.85,1,26.9,12.13,11.65,3.54,225.155,186.705,39.94,1679.25,801.75,87.465,18.71,4.6770000000000005,0,186.6925,183.64,201.85333333333327,87.3825,88.98,102.60333333333334,184.70392857142855,186.73550595238092,87.95964285714287,92.86122023809524,0.9689740963102148,1.1478091943096995,185.04621517804063,186.9358942562837,87.98743700315686,91.90305606138972,1.0,1.0,1.0
835,2022-04-17,331.325,1,27.05,12.13,11.65,3.54,224.8175,186.7175,40.015,1686.25,807.5,87.5475,18.76,4.66485,0,186.705,183.15,201.69666666666663,87.465,88.94,102.61666666666666,185.21357142857144,186.2005357142857,87.76071428571429,92.32303571428572,0.7254567526741217,1.157875406537699,185.46403638353047,186.9208325834365,87.87745275236765,91.60267288474216,1.0,1.0,1.0
836,2022-04-18,328.8,1,27.14,12.13,11.65,3.54,224.48,186.73,40.09,1693.25,813.25,87.63,18.81,4.6527,0,186.7175,182.66,201.54,87.5475,88.9,102.63,185.795,185.67160714285717,87.57928571428572,91.78732142857145,0.2305754779262167,1.1693872448822982,185.78052728764783,186.90767171561333,87.81558956427574,91.3286954444151,1.0,1.0,1.0
837,2022-04-19,340.25,1,27.21,12.13,11.65,3.54,222.45,186.75,39.96,1691.75,804.0,88.03,18.84,4.6675,0,186.73,183.39,201.04,87.63,88.17,101.29,186.275,185.16125,87.5592857142857,91.31375,0.27623886070532,1.2255765814769966,186.0228954657359,186.8967978041917,87.86919217320681,91.10119920686924,1.0,1.0,1.0
838,2022-04-20,331.4,1,27.21,12.13,11.65,3.54,224.44,186.67,40.36,1717.0,815.75,87.87,19.0,4.6219,0,186.75,183.65,198.52,88.03,87.56,99.93,186.7064285714286,184.73803571428576,87.60357142857143,90.88303571428573,0.8722430327401874,1.3981947902029082,186.1846715993019,186.8811565763164,87.86939412990512,90.87835788225756,1.0,1.0,1.0
839,2022-04-21,329.575,1,27.61,12.13,11.65,3.54,217.0,189.62,40.25,1719.5,799.25,87.9,18.665,4.622,0,186.67,186.68,197.14,87.87,87.3,99.2,187.12642857142856,184.4694642857143,87.68928571428572,90.47946428571429,1.3561544332926698,1.6314191730788643,187.0435036994764,187.0700423296739,87.87704559742883,90.67295389037773,1.0,1.0,1.0
840,2022-04-22,327.75,1,26.63,12.13,11.65,3.54,211.83,192.57,40.14,1688.0,793.0,87.93,18.33,4.7937,0,189.62,186.6925,193.27,87.9,87.3825,96.98,187.96607142857144,184.44446428571428,87.7675,90.15625,1.332498899184216,1.7032536984097415,188.4251277746073,187.44934975521363,87.89028419807163,90.48378465655856,1.0,1.0,1.0
841,2022-04-23,328.1333333333333,1,27.2,12.13,11.65,3.54,211.39666666666668,192.9233333333333,40.00333333333333,1683.75,795.4166666666666,88.19,18.286666666666665,4.8213333333333335,0,192.57,186.705,192.16,87.93,87.465,96.70666666666666,188.8544047619048,184.47172619047615,87.87107142857143,89.85208333333333,1.2579697294198626,1.7234910183688688,189.5496791642888,187.82686586404947,87.96521314855372,90.32559261127868,1.0,1.0,1.0
842,2022-04-24,328.51666666666665,1,27.65,12.13,11.65,3.54,210.9633333333333,193.27666666666667,39.86666666666667,1679.5,797.8333333333334,88.45,18.24333333333333,4.848966666666667,0,192.9233333333333,186.7175,191.05,88.19,87.5475,96.43333333333334,189.79142857142853,184.55125,88.0,89.5669642857143,1.3092960840956829,1.7221713813057735,190.48142603988325,188.20271419526443,88.08640986141528,90.19624139670772,1.0,1.0,1.0
843,2022-04-25,328.9,1,27.8,12.13,11.65,3.54,210.53,193.63,39.73,1675.25,800.25,88.71,18.2,4.8766,0,193.27666666666667,186.73,189.94,88.45,87.63,96.16,190.7771428571428,184.6830357142857,88.15428571428572,89.30089285714284,1.576860453207415,1.7248578117254396,191.26856952991244,188.5770097680048,88.24230739606145,90.0937419900382,1.0,1.0,1.0
844,2022-04-26,334.0,1,27.41,12.13,11.65,3.54,202.66,195.55,39.19,1671.75,803.25,88.51,17.74,4.9989,0,193.63,186.75,185.2,88.71,88.03,92.77,192.0342857142857,185.05267857142857,88.22285714285714,89.14874999999999,1.6820296022267325,1.712149124267947,192.33892714743436,189.05790564607344,88.30923054704608,89.98451840451834,1.0,1.0,1.0
845,2022-04-27,335.6,1,26.68,12.13,11.65,3.54,214.69,195.45,39.37,1692.75,815.5,88.21,17.77,4.9651,0,195.55,186.67,186.19,88.51,87.87,92.7,193.28857142857143,185.38339285714284,88.27142857142857,88.98839285714287,1.8148511804709335,1.7255695691617934,193.11669536057576,189.49873973944767,88.28442291028456,89.86213782489638,1.0,1.0,1.0
846,2022-04-28,333.3,1,27.19,12.13,11.65,3.54,214.49,196.88,39.87,1684.75,816.0,88.38,17.9,4.9425,0,195.45,189.62,186.25,88.21,87.9,93.09,194.32571428571427,185.7630357142857,88.34,88.82017857142857,1.3698693186263406,1.738972700275348,194.05752152043183,190.0077921712099,88.30831718271342,89.75992142317939,1.0,1.0,1.0
847,2022-04-29,334.85,1,27.9,12.13,11.65,3.54,208.42,195.24,39.46,1684.75,818.25,88.25,17.83,4.9721,0,196.88,192.57,178.54,88.38,87.93,92.04,194.70714285714288,186.35946428571427,88.38571428571429,88.68482142857144,1.2372662059554964,1.7755609292635988,194.35314114032388,190.3686340904368,88.29373788703506,89.65578891123599,1.0,1.0,1.0
848,2022-04-30,332.8666666666667,1,27.25,12.13,11.65,3.54,207.61,195.09666666666664,39.123333333333335,1671.5833333333333,816.5,88.12333333333333,17.666666666666664,5.009666666666667,0,195.24,192.9233333333333,177.18,88.25,88.19,91.87666666666668,195.01761904761904,186.99934523809523,88.37619047619047,88.5507738095238,1.0979211442552088,1.7568282652088416,194.53902252190957,190.69470530259056,88.25113674860964,89.55010231965649,1.0,1.0,1.0
849,2022-05-01,330.8833333333333,1,26.6,11.73,11.65,3.54,206.8,194.9533333333333,38.78666666666667,1658.4166666666667,814.75,87.99666666666667,17.503333333333334,5.047233333333334,0,195.09666666666664,193.27666666666667,175.82,88.12333333333333,88.45,91.71333333333334,195.25714285714284,187.68267857142857,88.31142857142856,88.41803571428571,1.3195718401323293,1.7881455205444157,194.6426002247655,190.98840378746937,88.1875192281239,89.44296882634684,1.0,1.0,1.0
850,2022-05-02,328.9,1,27.05,11.73,11.65,3.54,205.99,194.81,38.45,1645.25,813.0,87.87,17.34,5.0848,0,194.9533333333333,193.63,174.46,87.99666666666667,88.71,91.55,195.4257142857143,188.40946428571425,88.19142857142857,88.28660714285715,1.956163583067428,1.9561441963538335,194.68445016857413,191.25196214695424,88.10813942109293,89.33448821763326,1.0,1.0,1.0
851,2022-05-03,339.3,1,28.24,11.73,11.65,3.54,208.25,192.94,38.86,1630.5,800.75,87.6,17.64,4.9584,0,194.81,195.55,176.84,87.87,88.51,90.19,195.05285714285716,188.98446428571427,88.06142857142858,88.19410714285713,2.197162466112761,2.051340182783008,194.2483376264306,191.36837855061256,87.98110456581969,89.2148683405551,1.0,1.0,1.0
852,2022-05-04,331.95,1,27.68,11.73,11.65,3.54,209.68,190.98,38.89,1640.5,798.5,87.55,17.83,4.9198,0,192.94,195.45,178.84,87.6,88.21,89.46,194.4142857142857,189.4180357142857,87.96714285714286,88.12589285714286,2.4572683615050863,2.2120598523544057,193.43125321982296,191.3415938229841,87.87332842436477,89.10004983430991,1.0,1.0,1.0
853,2022-05-05,333.25,1,27.97,11.73,12.65,3.54,202.66,193.51,38.48,1647.0,803.75,87.41,17.38,5.028,0,190.98,196.88,182.22,87.55,88.38,89.06,193.93285714285716,189.82125,87.82857142857142,88.06696428571429,2.73551928518838,2.4434702373064194,193.4509399148672,191.4911390765714,87.75749631827358,88.98349467332302,1.0,1.0,1.0
854,2022-05-06,333.25,1,28.26,11.73,12.65,3.54,199.9,193.91,38.22,1622.0,792.25,86.63,17.08,5.0774,0,193.51,195.24,184.13,87.41,88.25,89.02,193.7428571428571,190.1705357142857,87.59714285714286,87.98160714285714,2.1438627270164785,2.724684144695934,193.5657049361504,191.65795707129055,87.47562223870518,88.82118469585247,1.0,1.0,1.0
855,2022-05-07,332.6,1,26.69,11.73,12.65,3.54,197.1233333333333,193.28,37.89333333333333,1609.75,789.6666666666666,86.47,16.956666666666667,5.1055,0,193.91,195.09666666666664,183.64,86.63,88.12333333333333,88.98,193.4833333333333,190.5148214285714,87.36095238095238,87.89196428571428,1.4906549413580783,2.951790638590704,193.4942787021128,191.76982210085677,87.2242166790289,88.65903402717298,1.0,1.0,1.0
856,2022-05-08,331.95,1,27.33,11.73,12.65,3.54,194.34666666666664,192.65,37.56666666666667,1597.5,787.0833333333334,86.31,16.833333333333332,5.1336,0,193.28,194.9533333333333,183.15,86.47,87.99666666666667,88.94,193.1542857142857,190.85410714285717,87.12,87.79803571428572,0.9958576335521374,3.136921320663133,193.2832090265846,191.8305240249356,86.99566250927167,88.4970316804714,1.0,1.0,1.0
857,2022-05-09,331.3,1,27.55,11.73,12.65,3.54,191.57,192.02,37.24,1585.25,784.5,86.15,16.71,5.1617,0,192.65,194.81,182.66,86.31,87.87,88.9,192.75571428571428,191.18839285714284,86.87428571428572,87.69982142857143,0.8779717917566523,3.2875149746831043,192.9674067699385,191.8435913335607,86.78424688195375,88.33516742664578,1.0,1.0,1.0
858,2022-05-10,330.5,1,27.11,11.73,12.65,3.54,190.3,192.11,37.48,1592.25,786.5,85.83,16.75,5.1313,0,192.02,192.94,183.39,86.15,87.6,88.17,192.6371428571429,191.49982142857144,86.62142857142855,87.61625000000001,0.7329628006388775,3.47578002764882,192.7530550774539,191.86196434503927,86.5456851614653,88.16239725929088,1.0,1.0,1.0
859,2022-05-11,311.15,1,27.05,11.73,12.65,3.54,188.74,192.45,37.46,1606.75,802.25,86.08,16.75,5.1373,0,192.11,190.98,183.65,85.83,87.55,87.56,192.84714285714284,191.81410714285715,86.41142857142857,87.56339285714286,0.45958030740788,3.560258548652828,192.6772913080904,191.90251852814,86.42926387109897,88.01878365520186,1.0,1.0,1.0
860,2022-05-12,325.4,1,26.63,11.73,12.65,3.54,186.25,194.58,37.81,1613.75,813.5,86.4,16.79,5.1339,0,192.45,193.51,186.68,86.08,87.41,87.3,193.0,192.09625,86.26714285714286,87.53125,0.6398706643692801,3.7217488023160983,193.1529684810678,192.08717242275105,86.42194790332422,87.90714340311898,1.0,1.0,1.0
861,2022-05-13,327.45,1,26.54,11.73,12.65,3.54,190.14,196.26,38.83,1646.5,794.5,86.54,17.12,5.0602,0,194.58,193.91,186.6925,86.4,86.63,87.3825,193.33571428571432,192.43794642857145,86.25428571428573,87.50116071428572,0.7021234394771623,3.82904243761534,193.92972636080088,192.3749536349751,86.45146092749317,87.81285765117974,1.0,1.0,1.0
862,2022-05-14,329.9,1,26.95,11.73,12.65,3.54,188.89666666666665,196.4533333333333,38.89333333333333,1633.4166666666667,799.5,87.01666666666667,17.226666666666667,5.0601,0,196.26,193.28,186.705,86.54,86.47,87.465,193.78904761904764,192.78610119047616,86.33238095238096,87.4851488095238,0.704688863654039,3.894389301273769,194.560628103934,192.6562212003791,86.59276236228655,87.75794792810987,1.0,1.0,1.0
863,2022-05-15,332.35,1,27.01,11.73,12.65,3.54,187.6533333333333,196.64666666666668,38.95666666666667,1620.3333333333333,804.5,87.49333333333334,17.333333333333336,5.06,0,196.4533333333333,192.65,186.7175,87.01666666666667,86.31,87.5475,194.36,193.14071428571427,86.50142857142858,87.4832142857143,0.6680981230635301,3.92446248865209,195.08213774461717,192.93142433598516,86.81790510504825,87.7396986457115,1.0,1.0,1.0
864,2022-05-16,334.8,1,27.59,11.73,12.65,3.54,186.41,196.84,39.02,1607.25,809.5,87.97,17.44,5.0599,0,196.64666666666668,192.02,186.73,87.49333333333334,86.15,87.63,195.04857142857145,193.5017857142857,86.76142857142858,87.49535714285716,0.6058625155555448,3.924474335440513,195.5216033084629,193.20098127833097,87.1059288287862,87.7555814977314,1.0,1.0,1.0
865,2022-05-17,323.4,1,26.66,11.73,12.65,3.54,186.27,196.37,39.74,1624.25,800.75,89.09,18.03,4.9387,0,196.84,192.11,186.75,87.97,85.83,88.03,195.65714285714284,193.84535714285715,87.22714285714285,87.53321428571428,0.6154871971017044,3.876374767104116,195.73370248134717,193.41953429361848,87.60194662158966,87.84761035995682,1.0,1.0,1.0
866,2022-05-18,307.25,1,21.79,11.73,12.65,3.54,179.1,195.36,39.17,1607.0,781.5,89.28,17.9,4.9682,0,196.37,192.45,186.67,89.09,86.08,87.87,196.0728571428572,194.1557142857143,87.68428571428572,87.58357142857143,0.6113551357770711,3.757857052344842,195.6402768610104,193.55335951474825,88.02145996619225,87.94639585237358,1.0,1.0,1.0
867,2022-05-19,311.5,1,18.83,11.73,12.65,3.54,180.69,194.9,39.66,1630.5,783.25,89.23,18.16,4.9309,0,195.36,194.58,189.62,89.28,86.4,87.9,196.1185714285714,194.3442857142857,88.08857142857144,87.63107142857143,0.638541066712029,3.5048828670259726,195.45520764575775,193.64623127235177,88.3235949746442,88.03492027634782,1.0,1.0,1.0
868,2022-05-20,324.45,1,19.26,11.73,12.65,3.54,182.55,195.46,40.14,1641.75,778.75,88.48,18.17,4.8788,0,194.9,196.26,192.57,89.23,86.54,87.93,196.0042857142857,194.4475,88.36571428571428,87.6507142857143,0.692363594463889,3.3144864214690744,195.45640573431837,193.77131877081024,88.36269623098315,88.06561542970314,1.0,1.0,1.0
869,2022-05-21,318.0333333333333,1,20.88,11.73,12.65,3.54,182.38666666666668,194.2,40.03666666666667,1637.4166666666667,781.25,88.33,18.21,4.856866666666667,0,195.46,196.4533333333333,192.9233333333333,88.48,87.01666666666667,88.19,195.68238095238095,194.49309523809524,88.55333333333333,87.6557142857143,0.6967514514044377,3.140962388806789,195.1423043007388,193.80088299351297,88.35452217323736,88.0838488483443,1.0,1.0,1.0
870,2022-05-22,311.6166666666667,1,21.82,11.73,12.65,3.54,182.22333333333333,192.94,39.93333333333333,1633.0833333333333,783.75,88.18,18.25,4.834933333333333,0,194.2,196.64666666666668,193.27666666666667,88.33,87.49333333333334,88.45,195.1528571428572,194.48107142857145,88.65142857142857,87.64607142857142,0.6597652987489422,2.9925092137812306,194.5917282255541,193.74151175258103,88.31089162992802,88.09047996225159,1.0,1.0,1.0
871,2022-05-23,305.2,1,23.39,11.73,12.65,3.54,182.06,191.68,39.83,1628.75,786.25,88.03,18.29,4.813,0,192.94,196.84,193.63,88.18,87.97,88.71,194.41571428571427,194.41142857142856,88.66,87.62178571428572,0.5813640227811608,2.8754082525887337,193.8637961691656,193.5993385282651,88.240668722446,88.08630893037217,1.0,1.0,1.0
872,2022-05-24,314.15,1,25.5,11.73,12.65,3.54,182.13,191.28,39.68,1632.25,771.75,87.43,18.13,4.8191,0,191.68,196.37,195.55,88.03,89.09,88.51,193.6885714285714,194.25892857142856,88.42285714285715,87.58321428571428,0.5249610718751345,2.6705378894626164,193.21784712687415,193.43938414700543,88.0380015418345,88.04104624551891,1.0,1.0,1.0
873,2022-05-25,318.2,1,25.2,11.73,12.65,3.54,185.7,191.13,39.73,1620.5,772.25,87.33,18.15,4.8275,0,191.28,195.36,195.45,87.43,89.28,88.21,193.08428571428573,194.1046428571429,88.14428571428572,87.55178571428571,0.4753435325352301,2.54610890934366,192.69588534515563,193.28011627479816,87.86100115637588,87.99200857341415,1.0,1.0,1.0
874,2022-05-26,319.1,1,24.83,11.73,12.65,3.54,187.11,192.44,40.42,1659.5,765.0,86.99,18.27,4.7677,0,191.13,194.9,196.88,87.33,89.23,88.38,192.7328571428572,193.94607142857143,87.82428571428571,87.50214285714286,0.3895476765306405,2.39302124526299,192.63191400886672,193.2221772213638,87.6432508672819,87.92290453386835,1.0,1.0,1.0
875,2022-05-27,315.8,1,25.65,11.73,12.65,3.54,189.98,192.98,40.73,1663.0,777.25,86.9,18.34,4.7295,0,192.44,195.46,195.24,86.99,88.48,88.25,192.37857142857143,193.86535714285716,87.59857142857143,87.45392857142858,0.2637880341946879,1.7949002776786032,192.71893550665004,193.2054753440284,87.45743815046143,87.85235939360156,1.0,1.0,1.0
876,2022-05-28,317.2,1,25.87,11.73,12.65,3.54,189.7175,192.2475,40.5475,1652.3125,771.3125,86.73750000000001,18.2925,4.73,0,192.98,194.2,195.09666666666664,86.9,88.33,88.12333333333333,192.09964285714287,193.7636011904762,87.37107142857144,87.40443452380953,0.3150808394274699,1.3247348421634442,192.60107662998752,193.13940807892297,87.27745361284607,87.77547253887042,1.0,1.0,1.0
877,2022-05-29,318.6,1,25.34,11.73,12.65,3.54,189.455,191.515,40.365,1641.625,765.375,86.575,18.245,4.730499999999999,0,192.2475,192.94,194.9533333333333,86.73750000000001,88.18,87.99666666666667,191.89607142857145,193.64080357142856,87.1417857142857,87.35366071428572,0.4715900697403548,1.0451198625238425,192.32955747249065,193.02737993554896,87.10184020963455,87.69268132929315,1.0,1.0,1.0
878,2022-05-30,320.0,1,24.8,11.73,12.65,3.54,189.1925,190.7825,40.1825,1630.9375,759.4375,86.4125,18.1975,4.731,0,191.515,191.68,194.81,86.575,88.03,87.87,191.76785714285717,193.49696428571428,86.91071428571429,87.30160714285715,0.5822561239503654,0.9870723495667064,191.942793104368,192.87256062964903,86.92950515722592,87.60439296175569,1.0,1.0,1.0
879,2022-05-31,321.4,1,25.49,11.73,12.65,3.54,188.93,190.05,40.0,1620.25,753.5,86.25,18.15,4.7315,0,190.7825,191.28,192.94,86.4125,87.43,87.6,191.59214285714285,193.39375,86.74214285714287,87.25339285714287,0.6677129332464824,0.9145244313434578,191.469594828276,192.6779012758801,86.75962886791945,87.51098655060012,1.0,1.0,1.0
880,2022-06-01,314.6,1,26.41,11.89,12.65,3.54,189.45,189.89,39.57,1625.0,731.25,85.8,17.88,4.8151,0,190.05,191.13,190.98,86.25,87.33,87.55,191.415,193.35482142857143,86.52357142857143,87.19089285714286,0.7555399137204016,0.7955739083751798,191.07469612120696,192.48563222237115,86.51972165093959,87.39298747814493,1.0,1.0,1.0
881,2022-06-02,308.65,1,26.9,11.89,12.65,3.54,194.49,193.64,40.39,1658.75,730.25,85.52,17.84,4.7962,0,189.89,192.44,193.51,85.8,86.99,87.41,191.5864285714285,193.35946428571427,86.31357142857142,87.12339285714286,0.996673932924698,0.7858993852188462,191.71602209090523,192.5652437932421,86.26979123820469,87.26381592792804,1.0,1.0,1.0
882,2022-06-03,312.5,1,27.07,11.89,12.65,3.54,190.05,192.1,40.15,1633.75,727.0,85.07,17.78,4.7734,0,193.64,192.98,193.91,85.52,86.9,86.63,191.46071428571432,193.29482142857145,86.05214285714285,87.06767857142857,1.1661692695772312,0.8162695675771923,191.81201656817893,192.53315801439783,85.96984342865352,87.1125182777261,1.0,1.0,1.0
883,2022-06-04,312.1333333333333,1,26.02,11.89,12.65,3.54,189.84666666666664,191.65666666666667,40.01,1634.4166666666667,732.1666666666666,84.97999999999999,17.740000000000002,4.780433333333333,0,192.1,192.2475,193.28,85.07,86.73750000000001,86.47,191.3763095238095,193.23684523809524,85.80107142857143,87.0144642857143,1.2323982137049068,0.8272836723436213,191.7731790928009,192.472710335244,85.72238257149013,86.965448051676,1.0,1.0,1.0
884,2022-06-05,311.76666666666665,1,25.62,11.89,12.65,3.54,189.6433333333333,191.2133333333333,39.87,1635.0833333333333,737.3333333333334,84.89,17.7,4.787466666666667,0,191.65666666666667,191.515,192.65,84.97999999999999,86.575,86.31,191.3332142857143,193.1855357142857,85.56035714285714,86.96374999999999,1.187963336031591,0.8203639948523824,191.633217652934,192.38585674890527,85.5142869286176,86.82231370328455,1.0,1.0,1.0
885,2022-06-06,311.4,1,25.15,11.89,12.65,3.54,189.44,190.77,39.73,1635.75,742.5,84.8,17.66,4.7945,0,191.2133333333333,190.7825,192.02,84.89,86.4125,86.15,191.33142857142855,193.1408928571429,85.33,86.91553571428572,0.9878217636471244,0.7943689848239083,191.4174132397005,192.27441835242905,85.3357151964632,86.6828437927132,1.0,1.0,1.0
886,2022-06-07,315.15,1,25.01,11.89,12.65,3.54,192.67,194.27,39.88,1653.75,757.0,85.56,17.56,4.8696,0,190.77,190.05,192.11,84.8,86.25,85.83,191.9342857142857,193.2180357142857,85.23142857142857,86.90589285714286,0.3579989738900984,0.8331524484855676,192.13055992977536,192.41204467295117,85.3917863973474,86.60540628976746,1.0,1.0,1.0
887,2022-06-08,316.15,1,24.97,11.89,12.65,3.54,189.64,197.47,40.46,1662.75,764.5,85.86,17.59,4.8988,0,194.27,189.89,192.45,85.56,85.8,86.08,193.01714285714283,193.39732142857144,85.24000000000001,86.89803571428571,1.2459501742585666,1.1516226982619542,193.46541994733155,192.76086917826484,85.50883979801056,86.55399895943867,1.0,1.0,1.0
888,2022-06-09,312.1,1,24.77,11.89,12.65,3.54,188.08,196.63,40.04,1679.75,773.0,85.85,17.48,4.9063,0,197.47,193.64,194.58,85.86,85.52,86.4,193.4442857142857,193.4705357142857,85.28714285714285,86.87839285714287,1.6615028849613769,1.4110181019568948,194.25656496049865,193.0277057866604,85.59412984850792,86.50544730706359,1.0,1.0,1.0
889,2022-06-10,314.4,1,25.08,11.89,12.65,3.54,189.95,200.25,40.2,1662.0,773.25,85.42,17.15,4.9865,0,196.63,192.1,196.26,85.85,85.07,86.54,194.60857142857145,193.6130357142857,85.33714285714287,86.83839285714285,1.7416447773907686,1.5445858015454166,195.754923720374,193.52579504275275,85.55059738638094,86.4305888720937,1.0,1.0,1.0
890,2022-06-11,313.2833333333333,1,25.13,11.89,12.65,3.54,190.93,199.86666666666667,39.75333333333334,1650.5833333333333,771.9166666666666,85.41666666666667,16.99,5.029466666666667,0,200.25,191.65666666666667,196.4533333333333,85.42,84.97999999999999,87.01666666666667,195.78142857142856,193.7349404761905,85.3995238095238,86.78125,1.6581560941761075,1.6149771672431197,196.7828594569472,193.96309653405717,85.51711470645238,86.3606632027539,1.0,1.0,1.0
891,2022-06-12,312.1666666666667,1,25.06,11.89,12.65,3.54,191.91,199.4833333333333,39.306666666666665,1639.1666666666667,770.5833333333334,85.41333333333333,16.830000000000002,5.072433333333334,0,199.86666666666667,191.2133333333333,196.64666666666668,85.41666666666667,84.89,87.49333333333334,196.96285714285716,193.83625,85.4742857142857,86.70696428571429,1.471955676893676,1.6469307425930175,197.45797792604367,194.3438025202141,85.49116936317262,86.2953301083111,1.0,1.0,1.0
892,2022-06-13,311.05,1,25.15,11.89,12.65,3.54,192.89,199.1,38.86,1627.75,769.25,85.41,16.67,5.1154,0,199.4833333333333,190.77,196.84,85.41333333333333,84.8,87.97,198.15285714285716,193.9169642857143,85.56142857142858,86.6155357142857,1.23085520478555,1.6562936566383468,197.8684834445328,194.67181613950967,85.47087702237945,86.23427285946205,1.0,1.0,1.0
893,2022-06-14,319.75,1,25.75,11.89,12.65,3.54,186.35,199.39,38.79,1616.5,768.25,86.42,16.81,5.1168,0,199.1,194.27,196.37,85.41,85.56,89.09,198.8842857142857,194.02482142857144,85.6842857142857,86.52017857142857,1.0302131959090943,1.702337829334606,198.2488625833996,194.99720812988832,85.7081577667846,86.247081627775,1.0,1.0,1.0
894,2022-06-15,317.7,1,26.58,11.89,12.65,3.54,190.88,198.66,39.53,1613.75,774.0,86.25,17.16,5.0536,0,199.39,197.47,195.36,86.42,85.86,89.28,199.05428571428573,194.14267857142855,85.74000000000001,86.41196428571428,1.1717527619543682,1.8555931043353893,198.3516469375497,195.2498144657581,85.84361832508844,86.247282894825,1.0,1.0,1.0
895,2022-06-16,319.1,1,26.2,11.89,12.65,3.54,193.16,199.115,39.18,1630.75,788.25,86.285,16.975,5.0535,0,198.66,196.63,194.9,86.25,85.85,89.23,199.4092857142857,194.2932142857143,85.80214285714285,86.30678571428571,1.3017039243146888,1.988243187575049,198.54248520316227,195.516378985361,85.95396374381633,86.24988407449224,1.0,1.0,1.0
896,2022-06-17,320.5,1,25.62,11.89,13.15,3.54,190.55,199.57,38.83,1622.25,784.5,86.32,16.79,5.1518,0,199.115,200.25,195.46,86.285,85.42,88.48,199.31214285714285,194.44,85.93071428571429,86.22964285714285,1.5136833183360825,2.11095961916727,198.79936390237168,195.79593905533608,86.04547280786225,86.25471965556173,1.0,1.0,1.0
897,2022-06-18,320.725,1,25.15,11.89,13.15,3.54,192.4425,198.9425,38.6875,1616.3125,778.5625,86.5275,16.822499999999998,5.145275,0,199.57,199.86666666666667,194.2,86.32,85.41666666666667,88.33,199.18011904761903,194.609375,86.08940476190476,86.16526785714287,1.6142411761661484,2.2143779860704056,198.8351479267788,196.0129432584164,86.1659796058967,86.2735320931092,1.0,1.0,1.0
898,2022-06-19,320.95,1,25.88,11.89,13.15,3.54,194.335,198.315,38.545,1610.375,772.625,86.735,16.855,5.13875,0,198.9425,199.4833333333333,192.94,86.5275,85.41333333333333,88.18,199.01321428571427,194.80133928571428,86.27821428571428,86.11366071428571,1.5085955253758487,2.3031699283671285,198.70511094508407,196.17170579231865,86.30823470442252,86.30535746599821,1.0,1.0,1.0
899,2022-06-20,321.17499999999995,1,24.82,11.89,13.15,3.54,196.2275,197.6875,38.4025,1604.4375,766.6875,86.9425,16.887500000000003,5.132225,0,198.315,199.1,191.68,86.735,85.41,88.03,198.8114285714286,195.0158928571429,86.49714285714285,86.07482142857143,0.9394417306605586,2.38064037241534,198.45070820881307,196.27624332388288,86.4668010283169,86.34929833041213,1.0,1.0,1.0
900,2022-06-21,321.4,1,25.2,11.89,13.15,3.54,198.12,197.06,38.26,1598.5,760.75,87.15,16.92,5.1257,0,197.6875,199.39,191.28,86.9425,86.42,87.43,198.47857142857143,195.2223214285714,86.60142857142857,86.06482142857143,0.1490916373473494,2.4380413289255936,198.1030311566098,196.3302955084427,86.63760077123766,86.40451913521129,1.0,1.0,1.0
901,2022-06-22,321.5,1,24.84,11.89,13.15,3.54,198.09,194.01,37.53,1564.0,768.0,87.04,16.84,5.194,0,197.06,198.66,191.13,87.15,86.25,87.33,197.8142857142857,195.32517857142852,86.71428571428571,86.05446428571429,0.6274842464892714,2.412163185987824,197.0797733674573,196.1702751285501,86.73820057842825,86.44834540174844,1.0,1.0,1.0
902,2022-06-23,321.75,1,25.44,11.89,13.15,3.54,198.09,189.63,36.26,1507.25,746.75,85.92,16.43,5.2406,0,194.01,199.115,192.44,87.04,86.285,86.99,196.45928571428573,195.22482142857143,86.66214285714285,86.01625,1.040193148273261,2.3711319169264997,195.217330025593,195.7192216714087,86.5336504338212,86.41190778783475,1.0,1.0,1.0
903,2022-06-24,322.9,1,25.42,11.89,13.15,3.54,199.55,188.96,35.94,1520.75,750.25,85.65,16.29,5.2417,0,189.63,199.57,192.98,85.92,86.32,86.9,194.94357142857143,195.08125,86.56642857142856,85.97160714285714,1.1794160393507804,2.316471104652932,193.65299751919477,195.25306845269083,86.3127378253659,86.35936242315648,1.0,1.0,1.0
904,2022-06-25,324.01666666666665,1,26.13,11.89,13.15,3.54,199.3733333333333,189.27,36.06666666666666,1523.6666666666667,748.25,85.35000000000001,16.263333333333332,5.24,0,188.96,198.9425,192.2475,85.65,86.5275,86.73750000000001,193.5617857142857,194.9749107142857,86.39821428571429,85.92205357142858,1.1572584818776936,2.23644695253102,192.55724813939605,194.84044304216044,86.07205336902443,86.28975122155948,1.0,1.0,1.0
905,2022-06-26,325.1333333333333,1,25.01,11.89,13.15,3.54,199.1966666666667,189.58,36.193333333333335,1526.5833333333333,746.25,85.05,16.236666666666668,5.2383,0,189.27,198.315,191.515,85.35000000000001,86.735,86.575,192.31392857142856,194.90580357142852,86.15750000000001,85.86758928571429,1.0257027207865193,2.121871904627724,191.81293610454705,194.47765386683903,85.81654002676832,86.204251137314,1.0,1.0,1.0
906,2022-06-27,326.25,1,24.6,11.89,13.15,3.54,199.02,189.89,36.32,1529.5,744.25,84.75,16.21,5.2366,0,189.58,197.6875,190.7825,85.05,86.9425,86.4125,191.2,194.8739285714286,85.84428571428573,85.80821428571429,0.7997831338711565,1.958875573542214,191.3322020784103,194.1612639449881,85.54990502007624,86.10395795543027,1.0,1.0,1.0
907,2022-06-28,326.0,1,24.09,11.89,13.15,3.54,195.86,194.53,36.94,1556.5,759.5,83.9,15.93,5.2675,0,189.89,197.06,190.05,84.75,87.15,86.25,190.83857142857144,195.03392857142856,85.38,85.7242857142857,0.3954176299067543,1.7198422276855654,192.1316515588077,194.1866940177475,85.13742876505717,85.95196085505576,1.0,1.0,1.0
908,2022-06-29,319.65,1,24.62,11.89,13.15,3.54,195.89,193.91,37.32,1571.5,770.25,84.85,16.33,5.1818,0,194.53,194.01,189.89,83.9,87.04,85.8,190.8242857142857,195.1775,85.06714285714285,85.69035714285715,0.5173519703497383,1.641381368949478,192.57623866910575,194.16761167169597,85.06557157379288,85.87596355470708,1.0,1.0,1.0
909,2022-06-30,320.25,1,24.27,11.89,13.15,3.54,194.51,194.96,37.28,1560.5,743.75,83.55,15.97,5.2562,0,193.91,189.63,193.64,84.85,85.92,85.52,191.58571428571423,195.22464285714287,84.72857142857143,85.62,0.8092576593298136,1.635397003653509,193.1721790018293,194.22225914261347,84.68667868034466,85.71555227507211,1.0,1.0,1.0
910,2022-07-01,314.75,1,25.1,10.07,13.15,4.32,194.11,194.02,36.46,1509.75,754.5,83.16,15.63,5.331,0,194.96,188.96,192.1,83.55,85.65,85.07,192.3085714285714,195.2932142857143,84.37285714285714,85.55178571428571,0.9661621953664866,1.594064370313104,193.384134251372,194.2083102362263,84.30500901025849,85.53930729058439,1.0,1.0,1.0
911,2022-07-02,316.95,1,25.66,10.07,13.15,4.32,194.13,192.3675,36.035,1492.125,749.875,83.02,15.5525,5.344775,0,194.02,189.27,191.65666666666667,83.16,85.35000000000001,84.97999999999999,192.7510714285714,195.3186011904762,84.03999999999999,85.4817857142857,1.198650069785247,1.5511985810370608,193.129975688529,194.0813578061417,83.98375675769387,85.36556196019926,1.0,1.0,1.0
912,2022-07-03,319.15,1,26.42,10.07,13.15,4.32,194.15,190.715,35.61,1474.5,745.25,82.88,15.475,5.35855,0,192.3675,189.58,191.2133333333333,83.02,85.05,84.89,192.91321428571428,195.3008035714286,83.73,85.41,1.4352466367016807,1.5095324479058956,192.5262317663968,193.84919519882163,83.7078175682704,85.19414389397862,1.0,1.0,1.0
913,2022-07-04,321.35,1,24.35,10.07,13.15,4.32,194.17,189.0625,35.185,1456.875,740.625,82.74,15.3975,5.372325,0,190.715,189.89,190.77,82.88,84.75,84.8,192.795,195.23982142857145,83.44285714285715,85.33642857142857,1.6232996598639566,1.472040176677489,191.6602988247976,193.5190782885581,83.4658631762028,85.0248925909456,1.0,1.0,1.0
914,2022-07-05,323.55,1,23.56,10.07,13.15,4.32,194.19,187.41,34.76,1439.25,736.0,82.6,15.32,5.3861,0,189.0625,194.53,194.27,82.74,83.9,85.56,191.77785714285716,194.99482142857144,83.25714285714285,85.23071428571428,1.7459789809848434,1.5232985192310406,190.59772411859817,193.0977625445196,83.2493973821521,84.85765861915624,1.0,1.0,1.0
915,2022-07-06,316.0,1,24.81,10.07,13.15,4.32,193.81,188.11,34.74,1446.5,744.25,82.19,15.18,5.4287,0,187.41,193.91,197.47,82.6,84.85,85.86,190.9492857142857,194.6605357142857,82.87714285714286,85.09964285714285,1.5441045717733668,1.54116296239259,189.97579308894865,192.7537789207596,82.98454803661407,84.6736821626627,1.0,1.0,1.0
916,2022-07-07,324.8,1,25.07,10.07,13.15,4.32,198.39,190.37,35.62,1485.25,747.0,81.68,15.28,5.3391,0,188.11,194.96,196.63,82.19,83.55,85.85,190.29357142857145,194.43696428571428,82.61,84.95071428571428,0.6058589365688251,1.5471928534059145,190.07434481671143,192.5893803745003,82.65841102746056,84.46722132385837,1.0,1.0,1.0
917,2022-07-08,324.95,1,25.67,10.07,13.15,4.32,198.5,190.67,36.21,1513.25,778.25,81.5,15.48,5.2536,0,190.37,194.02,200.25,81.68,83.16,85.42,189.81500000000003,194.0948214285714,82.37285714285714,84.81071428571428,0.5514116855296602,1.585386946946625,190.2232586125336,192.45700931418992,82.36880827059542,84.26258537048882,1.0,1.0,1.0
918,2022-07-09,327.96666666666664,1,26.15,10.07,13.15,4.32,198.32333333333327,192.61666666666665,36.34333333333333,1516.1666666666667,779.25,81.78666666666666,15.433333333333334,5.295133333333333,0,190.67,192.3675,199.86666666666667,81.5,83.02,85.41666666666667,189.8505952380952,193.83589285714285,82.19666666666667,84.68107142857143,0.6137807309733524,1.5975216952831122,190.82161062606687,192.46802016608484,82.22327286961323,84.09183235643212,1.0,1.0,1.0
919,2022-07-10,330.9833333333333,1,25.06,10.07,13.15,4.32,198.14666666666668,194.56333333333333,36.47666666666667,1519.0833333333333,780.25,82.07333333333334,15.386666666666668,5.336666666666666,0,192.61666666666665,190.715,199.4833333333333,81.78666666666666,82.88,85.41333333333333,190.40035714285716,193.6601785714286,82.08142857142856,84.56178571428572,0.7863544109605551,1.5869686917805277,191.7570413028835,192.6125245224468,82.18578798554326,83.95262552725289,1.0,1.0,1.0
920,2022-07-11,334.0,1,24.28,10.07,13.15,4.32,197.97,196.51,36.61,1522.0,781.25,82.36,15.34,5.3782,0,194.56333333333333,189.0625,199.1,82.07333333333334,82.74,85.41,191.4642857142857,193.56767857142856,82.02714285714285,84.45285714285716,0.9487007465876556,1.5507945991960532,192.9452809771626,192.88131593469183,82.22934098915745,83.84278928399408,1.0,1.0,1.0
921,2022-07-12,324.7,1,25.0,10.07,13.15,4.32,193.06,192.48,35.39,1468.25,732.75,83.12,15.29,5.4368,0,196.51,187.41,199.39,82.36,82.6,86.42,192.1885714285714,193.32089285714284,82.10142857142857,84.33500000000001,0.9141922075200464,1.552874757134201,192.828960732872,192.8536389736786,82.45200574186809,83.79294174716689,1.0,1.0,1.0
922,2022-07-13,330.35,1,24.95,10.07,13.15,4.32,193.42,190.57,35.25,1484.75,740.0,82.73,15.3,5.3917,0,192.48,188.11,198.66,83.12,82.19,86.25,192.54,193.03196428571428,82.17857142857143,84.20928571428571,1.0483341715062,1.532374519987812,192.26422054965397,192.69614663066628,82.52150430640107,83.71963541977607,1.0,1.0,1.0
923,2022-07-14,324.65,1,25.25,10.07,13.15,4.32,189.6,191.53,35.25,1471.75,695.0,82.58,15.2,5.4233,0,190.57,190.37,199.115,82.73,81.68,86.285,192.7057142857143,192.76107142857143,82.30714285714285,84.0769642857143,0.981504698879801,1.491545086827255,192.08066541224045,192.61572272510307,82.5361282298008,83.64103987358462,1.0,1.0,1.0
924,2022-07-15,325.95,1,26.62,10.07,13.15,4.32,191.89,190.33,35.2,1359.5,604.25,82.46,15.25,5.4082,0,191.53,190.67,199.57,82.58,81.5,86.32,192.65714285714284,192.43107142857144,82.44428571428571,83.93910714285714,0.7877508958567747,1.4357312049883668,191.64299905918037,192.458086675096,82.51709617235059,83.55958884782015,1.0,1.0,1.0
925,2022-07-16,326.31666666666666,1,26.87,10.07,13.15,4.32,191.41333333333333,190.7566666666667,35.24333333333333,1371.9166666666667,606.9166666666666,82.42666666666666,15.23,5.417966666666667,0,190.33,192.61666666666665,198.9425,82.46,81.78666666666666,86.5275,192.39142857142855,192.13872023809523,82.53571428571429,83.79264880952381,0.7108048518512184,1.3688328567989576,191.42141596105196,192.3407473641698,82.49448879592961,83.48145628360267,1.0,1.0,1.0
926,2022-07-17,326.68333333333334,1,25.82,10.07,13.15,4.32,190.93666666666667,191.1833333333333,35.28666666666667,1384.3333333333333,609.5833333333334,82.39333333333333,15.21,5.427733333333333,0,190.7566666666667,194.56333333333333,198.315,82.42666666666666,82.07333333333334,86.735,191.90857142857143,191.88401785714285,82.58142857142856,83.63758928571428,0.712930142268769,1.2928718959518883,191.36189530412227,192.26092570687072,82.46919993028054,83.40641332151512,1.0,1.0,1.0
927,2022-07-18,327.05,1,25.09,10.07,13.15,4.32,190.46,191.61,35.33,1396.75,612.25,82.36,15.19,5.4375,0,191.1833333333333,196.51,197.6875,82.39333333333333,82.36,86.9425,191.20857142857145,191.66696428571427,82.58142857142856,83.47392857142857,0.6996063032821243,1.2098882105418172,191.4239214780917,192.2160342788107,82.44189994771041,83.33424688554857,1.0,1.0,1.0
928,2022-07-19,321.4,1,24.78,10.07,13.15,4.32,193.68,188.87,34.85,1375.5,596.75,81.67,15.07,5.4135,0,191.61,192.48,197.06,82.36,83.12,87.15,190.69285714285715,191.3744642857143,82.37428571428572,83.27821428571428,0.5828956569910072,1.120259464464549,190.7854411085688,191.9852732940651,82.24892496078282,83.21947123826936,1.0,1.0,1.0
929,2022-07-20,323.7,1,26.41,10.07,13.15,4.32,193.99,188.34,34.49,1350.5,592.25,81.41,14.91,5.4714,0,188.87,190.57,194.01,81.67,82.73,87.04,190.3742857142857,191.17196428571427,82.18571428571428,83.07714285714285,0.279737486269984,1.1131425648870048,190.1740808314266,191.7338751358537,82.03919372058712,83.09468011838872,1.0,1.0,1.0
930,2022-07-21,320.65,1,25.17,10.07,13.15,4.32,195.55,186.13,33.9,1317.0,575.75,80.85,14.72,5.4968,0,188.34,191.53,189.63,81.41,82.58,85.92,189.60285714285715,191.04696428571427,81.93857142857142,82.89607142857143,0.2976095236574319,1.1153968326353674,189.16306062356995,191.34740098855343,81.74189529044034,82.9398745929826,1.0,1.0,1.0
931,2022-07-22,324.1,1,26.44,10.07,13.15,4.32,194.3,185.06,33.64,1327.5,564.25,80.06,14.55,5.4968,0,186.13,190.33,188.96,80.85,82.46,85.65,188.85,190.90767857142856,81.59571428571428,82.69642857142857,0.6675113696198163,1.1776820853918877,188.13729546767743,190.9137871272739,81.32142146783025,82.74126255208725,1.0,1.0,1.0
932,2022-07-23,326.06666666666666,1,26.8,10.07,13.15,4.32,194.2933333333333,185.35333333333327,33.96,1337.0,569.5,80.10666666666667,14.673333333333334,5.4504,0,185.06,190.7566666666667,189.27,80.06,82.42666666666666,85.35000000000001,188.07809523809524,190.76779761904763,81.26428571428572,82.50916666666667,0.8222401787586404,1.2394236477519327,187.44130493409145,190.530307555278,81.01773276753936,82.55956628412721,1.0,1.0,1.0
933,2022-07-24,328.03333333333336,1,25.73,10.07,13.15,4.32,194.28666666666663,185.64666666666668,34.28,1346.5,574.75,80.15333333333334,14.796666666666669,5.404,0,185.35333333333327,191.1833333333333,189.58,80.10666666666667,82.39333333333333,85.05,187.28714285714287,190.62732142857143,80.94428571428571,82.3342857142857,0.8943894153579814,1.299608197163683,186.9926453672352,190.19350473537375,80.80163290898784,82.39361918407246,1.0,1.0,1.0
934,2022-07-25,330.0,1,25.25,10.07,13.15,4.32,194.28,185.94,34.6,1356.0,580.0,80.2,14.92,5.3576,0,185.64666666666668,191.61,189.89,80.15333333333334,82.36,84.75,186.47714285714284,190.48625,80.63571428571429,82.17178571428572,0.914099187322512,1.357310360645131,186.7294840254264,189.9001595812101,80.65122468174089,82.24233510241228,1.0,1.0,1.0
935,2022-07-26,322.75,1,25.5,10.07,13.15,4.32,193.64,190.32,35.55,1399.75,597.0,81.27,15.18,5.3511,0,185.94,188.87,194.53,80.2,81.67,83.9,186.6842857142857,190.33589285714288,80.57857142857144,82.07785714285716,0.8059180199474226,1.3722415138223545,187.62711301906975,189.92911409285077,80.80591851130566,82.17527750914246,1.0,1.0,1.0
936,2022-07-27,325.05,1,24.85,10.07,13.15,4.32,186.24,194.95,37.14,1424.5,600.25,81.4,15.51,5.2432,0,190.32,188.34,193.91,81.27,81.41,84.85,187.6285714285714,190.37303571428572,80.57714285714285,81.95464285714284,0.6528538432071218,1.3722415138223545,189.45783476430236,190.2753820864472,80.95443888347924,82.12181009471884,1.0,1.0,1.0
937,2022-07-28,323.5,1,24.89,10.07,13.15,4.32,189.59,192.9,37.38,1457.0,615.0,81.78,15.84,5.1823,0,194.95,186.13,194.96,81.4,80.85,83.55,188.59571428571425,190.2994642857143,80.71000000000001,81.89142857142858,0.5210642345322682,1.2989536946438518,190.31837607322677,190.4563902184164,81.16082916260943,82.09823698473822,1.0,1.0,1.0
938,2022-07-29,325.7,1,24.6,10.07,13.15,4.32,189.55,195.73,37.8,1487.25,616.25,82.93,16.02,5.1734,0,192.9,185.06,194.02,81.78,80.06,83.16,190.12,190.36053571428573,81.12,81.88321428571429,0.5647627077813289,1.2959164028894274,191.67128205492008,190.82008744473248,81.60312187195707,82.155599951308,1.0,1.0,1.0
939,2022-07-30,326.01666666666665,1,24.69,10.07,13.15,4.32,188.37,193.56,37.36333333333333,1468.8333333333333,613.1666666666666,82.83333333333334,15.993333333333332,5.176866666666666,0,195.73,185.35333333333327,192.3675,82.93,80.10666666666667,83.02,191.2923809523809,190.403125,81.50952380952381,81.87654761904763,0.5473361588174008,1.27684793215031,192.14346154119005,191.00904693130263,81.91067473730115,82.20234018455112,1.0,1.0,1.0
940,2022-07-31,326.3333333333333,1,26.62,10.07,13.15,4.32,187.19,191.39,36.92666666666667,1450.4166666666667,610.0833333333334,82.73666666666666,15.966666666666669,5.1803333333333335,0,193.56,185.64666666666668,190.715,82.83333333333334,80.15333333333334,82.88,192.11285714285717,190.42723214285715,81.87857142857142,81.87142857142858,0.459280715370076,1.2324449490954048,191.95509615589253,191.03531955673003,82.11717271964253,82.23919028676599,1.0,1.0,1.0
941,2022-08-01,326.65,1,25.66,8.73,13.15,4.32,186.01,189.22,36.49,1432.0,607.0,82.64,15.94,5.1838,0,191.39,185.94,189.0625,82.73666666666666,80.2,82.74,192.5814285714286,190.4328571428571,82.22714285714287,81.86785714285713,0.2249262917831031,1.1497066753521112,191.2713221169194,190.91012510454172,82.2478795397319,82.26683233595453,1.0,1.0,1.0
942,2022-08-02,322.5,1,26.09,8.73,13.15,4.32,187.69,187.44,35.5,1415.75,591.25,82.58,15.64,5.2784,0,189.22,190.32,187.41,82.64,81.27,82.6,192.17,190.43392857142857,82.41428571428573,81.86714285714285,0.197680426499436,0.9992016867368346,190.31349158768955,190.67080613181471,82.33090965479892,82.2884301058887,1.0,1.0,1.0
943,2022-08-03,299.55,1,27.6,8.73,13.15,4.32,187.9,186.88,35.43,1403.75,591.5,82.41,15.62,5.2815,0,187.44,194.95,188.11,82.58,81.4,82.19,191.0171428571429,190.39,82.55857142857143,81.875,0.508555376954388,1.0089198763529958,189.4551186907672,190.4093712261723,82.35068224109918,82.29681423651705,1.0,1.0,1.0
944,2022-08-04,297.6,1,26.65,8.73,13.65,4.32,190.07,186.65,35.78,1461.25,602.25,82.24,15.76,5.2164,0,186.88,192.9,190.37,82.41,81.78,81.68,190.1242857142857,190.25714285714284,82.62428571428572,81.895,0.550161386341439,0.9963973653905616,188.75383901807533,190.15010424505695,82.32301168082438,82.29289601330898,1.0,1.0,1.0
945,2022-08-05,310.65,1,27.08,8.73,13.65,4.32,192.09,188.03,36.38,1463.25,610.25,81.91,15.85,5.1646,0,186.65,195.73,190.67,82.24,82.93,81.5,189.02428571428567,190.16285714285712,82.47857142857143,81.90964285714287,0.5915700313924122,0.9311485833351218,188.5728792635565,190.00389015919097,82.21975876061828,82.26648939170146,1.0,1.0,1.0
946,2022-08-06,312.35,1,27.5,8.73,13.65,4.32,191.87,187.0833333333333,36.32333333333334,1463.5,609.6666666666666,81.95666666666666,15.913333333333332,5.146966666666667,0,188.03,193.56,192.61666666666665,81.91,82.83333333333334,81.78666666666666,188.09904761904764,189.9652380952381,82.35333333333334,81.91571428571429,0.6061633555456214,0.9138699063810556,188.20049278100072,189.80247244706285,82.15398573713037,82.24512230721629,1.0,1.0,1.0
947,2022-08-07,314.05,1,28.45,8.73,13.65,4.32,191.65,186.13666666666663,36.266666666666666,1463.75,609.0833333333334,82.00333333333333,15.976666666666668,5.129333333333333,0,187.0833333333333,191.39,194.56333333333333,81.95666666666666,82.73666666666666,82.07333333333334,187.3485714285714,189.66428571428568,82.24857142857142,81.91321428571428,0.5918038070447919,0.9355794462435224,187.6845362524172,189.54965825531136,82.11632263618111,82.2284472055692,1.0,1.0,1.0
948,2022-08-08,315.75,1,28.58,8.73,13.65,4.32,191.43,185.19,36.21,1464.0,608.5,82.05,16.04,5.1117,0,186.13666666666663,189.22,196.51,82.00333333333333,82.64,82.36,186.77285714285716,189.26,82.16428571428571,81.90214285714285,0.5414786172800997,0.9813686414581406,187.0609021893129,189.2489921687382,82.09974197713584,82.21614050173683,1.0,1.0,1.0
949,2022-08-09,317.0,1,28.01,8.73,13.65,4.32,192.85,184.9,35.99,1512.25,615.5,81.63,15.89,5.1237,0,185.19,187.44,192.48,82.05,82.58,83.12,186.41,188.9892857142857,82.02857142857142,81.84892857142857,0.1987078439754044,1.0078298554717655,186.5206766419847,188.9490616743425,81.98230648285187,82.17571701885842,1.0,1.0,1.0
950,2022-08-10,311.2,1,27.08,8.73,13.65,4.32,188.53,187.52,36.82,1509.0,621.25,82.76,16.25,5.0927,0,184.9,186.88,190.57,81.63,82.41,82.73,186.50142857142856,188.88035714285715,82.07857142857142,81.85,0.4557289642869604,1.103715708196178,186.7705074814885,188.8505056968016,82.1767298621389,82.21601239686818,1.0,1.0,1.0
951,2022-08-11,307.8,1,24.98,8.73,13.65,4.32,189.12,189.48,36.71,1520.25,629.25,81.94,15.87,5.1581,0,187.52,186.65,191.53,82.76,82.24,82.58,186.9057142857143,188.80714285714285,82.03571428571429,81.82714285714285,0.9118578876434352,1.267777501413543,187.4478806111164,188.89391909702215,82.11754739660418,82.19697705915313,1.0,1.0,1.0
952,2022-08-12,316.5,1,25.96,8.73,13.65,4.32,192.52,189.31,37.36,1535.0,639.75,81.55,16.09,5.0735,0,189.48,188.03,190.33,81.94,81.91,82.46,187.0885714285714,188.7707142857143,81.98428571428572,81.79464285714286,1.008825904314934,1.3310503839911425,187.9134104583373,188.9226143317103,81.97566054745313,82.15235795162532,1.0,1.0,1.0
953,2022-08-13,315.5,1,27.25,8.73,13.65,4.32,192.42,187.73666666666668,36.986666666666665,1494.0833333333333,635.4166666666666,81.50333333333333,16.053333333333335,5.081033333333333,0,189.31,187.0833333333333,190.7566666666667,81.55,81.95666666666666,82.42666666666666,187.18190476190475,188.66285714285715,81.9195238095238,81.76166666666666,0.9992137498630352,1.368649564287719,187.86922451041968,188.84082483756936,81.85757874392318,82.10759763312242,1.0,1.0,1.0
954,2022-08-14,314.5,1,27.4,8.73,13.65,4.32,192.32,186.16333333333333,36.61333333333334,1453.1666666666667,631.0833333333334,81.45666666666666,16.016666666666666,5.088566666666667,0,187.73666666666668,186.13666666666663,191.1833333333333,81.50333333333333,82.00333333333333,82.39333333333333,187.18571428571428,188.48357142857145,81.84142857142857,81.7282142857143,0.9226797215081286,1.38717835029117,187.44275171614808,188.6561702510703,81.75735072460905,82.06270584233236,1.0,1.0,1.0
955,2022-08-15,313.5,1,27.36,8.73,13.65,4.32,192.22,184.59,36.24,1412.25,626.75,81.41,15.98,5.0961,0,186.16333333333333,185.19,191.61,81.45666666666666,82.05,82.36,187.1,188.2328571428572,81.75,81.69428571428571,0.801370707812262,1.391481875997951,186.72956378711103,188.3757447165137,81.6705130434568,82.01769164630944,1.0,1.0,1.0
956,2022-08-16,314.2,1,29.23,8.73,13.65,4.32,195.23,182.71,35.5,1381.0,611.0,82.11,15.95,5.1459,0,184.59,184.9,188.87,81.41,81.63,81.67,186.7871428571429,188.01285714285717,81.81857142857143,81.71000000000001,0.616338026053961,1.487309711720348,185.7246728403333,187.98500370158172,81.78038478259259,82.02405773966741,1.0,1.0,1.0
957,2022-08-17,316.6,1,27.19,8.73,13.65,4.32,196.18,184.28,35.63,1390.0,615.0,82.77,16.0,5.1642,0,182.71,187.52,188.34,82.11,82.76,81.41,186.3242857142857,187.8678571428572,81.82000000000001,81.75857142857144,0.6964158322006953,1.5883820464599765,185.36350463025,187.72948620492093,82.02778858694444,82.07550203348345,1.0,1.0,1.0
958,2022-08-18,313.0,1,27.15,8.73,13.65,4.32,197.57,184.38,35.64,1405.25,619.75,82.1,15.87,5.1674,0,184.28,189.48,186.13,82.77,81.94,80.85,185.59571428571425,187.8053571428572,81.84285714285714,81.80321428571428,0.7473593725564563,1.6216536580727747,185.11762847268747,187.49848715630569,82.04584144020833,82.07719154841561,1.0,1.0,1.0
959,2022-08-19,318.35,1,27.14,8.73,13.65,4.32,192.01,184.99,35.75,1404.0,626.0,82.16,15.88,5.1697,0,184.38,189.31,185.06,82.1,81.55,80.06,184.97857142857143,187.80285714285716,81.92999999999999,81.87821428571428,0.7987280137263908,1.719475292238395,185.0857213545156,187.32548804207767,82.07438108015626,82.08290247611109,1.0,1.0,1.0
960,2022-08-20,321.1,1,27.22,8.73,13.65,4.32,191.25666666666663,185.61666666666667,35.9,1414.4166666666667,628.5,82.07333333333334,15.876666666666669,5.1656,0,184.99,187.73666666666668,185.35333333333327,82.16,81.50333333333333,80.10666666666667,184.6757142857143,187.8122619047619,82.01142857142857,81.94845238095238,0.7627308022140304,1.795027239102979,185.21845768255335,187.20763829204932,82.07411914345053,82.08224253522987,1.0,1.0,1.0
961,2022-08-21,323.85,1,26.43,8.73,13.65,4.32,190.50333333333333,186.2433333333333,36.05,1424.8333333333333,631.0,81.98666666666666,15.873333333333331,5.1615,0,185.61666666666667,186.16333333333333,185.64666666666668,82.07333333333334,81.45666666666666,80.15333333333334,184.68714285714287,187.83357142857145,82.08714285714287,82.01392857142856,0.6183149510459314,1.8531050427122835,185.47467659524835,187.1411345017931,82.05225602425456,82.07565109601862,1.0,1.0,1.0
962,2022-08-22,326.6,1,25.95,8.73,13.65,4.32,189.75,186.87,36.2,1435.25,633.5,81.9,15.87,5.1574,0,186.2433333333333,184.59,185.94,81.98666666666666,81.41,80.2,185.01285714285717,187.86678571428573,82.15714285714286,82.07464285714285,0.1786431602020913,1.897208128271304,185.82350744643625,187.1224355706349,82.01419201819093,82.06353722732769,1.0,1.0,1.0
963,2022-08-23,303.2,1,27.96,8.73,13.65,4.32,187.84,189.17,37.09,1461.0,660.0,82.69,16.21,5.1037,0,186.87,182.71,190.32,81.9,82.11,81.27,185.93571428571428,187.82571428571427,82.24000000000001,82.12535714285714,0.1819035153345961,1.922533062357104,186.6601305848272,187.26364691059115,82.18314401364319,82.10674155647749,1.0,1.0,1.0
964,2022-08-24,307.9,1,27.01,8.73,13.65,4.32,189.0,190.51,37.29,1457.0,665.75,82.77,16.2,5.1114,0,189.17,184.28,194.95,82.69,82.77,81.4,186.82571428571427,187.66714285714284,82.24000000000001,82.17428571428572,0.1460469281347632,1.9166764677374664,187.6225979386204,187.4875333305504,82.32985801023239,82.15248351809971,1.0,1.0,1.0
965,2022-08-25,313.45,1,28.49,8.73,13.65,4.32,189.22,189.48,36.96,1431.25,657.5,83.31,16.25,5.1099,0,190.51,184.38,192.9,82.77,82.1,81.78,187.55428571428573,187.545,82.41285714285713,82.22892857142857,0.1786317358543272,1.855352628439148,188.0869484539653,187.6249448249952,82.57489350767429,82.23231224098939,1.0,1.0,1.0
966,2022-08-26,323.6,1,29.33,8.73,13.65,4.32,186.58,189.54,37.35,1461.25,668.75,83.6,16.48,5.0601,0,189.48,184.99,195.73,83.31,82.16,82.93,188.20428571428573,187.32392857142852,82.61857142857143,82.25285714285714,0.2462600067649175,1.7837381446594496,188.450211340474,187.75701759568517,82.83117013075571,82.32663553471426,1.0,1.0,1.0
967,2022-08-27,319.5166666666667,1,27.83,8.73,13.65,4.32,186.28,188.84,37.33,1453.4166666666667,673.75,83.66666666666666,16.543333333333333,5.0494666666666665,0,189.54,185.61666666666667,193.56,83.6,82.07333333333334,82.83333333333334,188.6647619047619,187.1553571428572,82.84619047619047,82.28261904761905,0.240461574289165,1.7087493064175534,188.54765850535549,187.83170603736204,83.04004426473344,82.4190514748489,1.0,1.0,1.0
968,2022-08-28,315.43333333333334,1,28.12,8.73,13.65,4.32,185.98,188.14,37.31,1445.5833333333333,678.75,83.73333333333333,16.60666666666667,5.038833333333334,0,188.84,186.2433333333333,191.39,83.66666666666666,81.98666666666666,82.73666666666666,188.93571428571428,187.03928571428568,83.09571428571428,82.31821428571428,0.2371514628432025,1.6295489964951442,188.44574387901665,187.85296768995772,83.21336653188341,82.50969160302023,1.0,1.0,1.0
969,2022-08-29,311.35,1,28.69,8.73,13.65,4.32,185.68,187.44,37.29,1437.75,683.75,83.8,16.67,5.0282,0,188.14,186.87,189.22,83.73333333333333,81.9,82.64,189.01714285714283,186.97571428571428,83.36714285714285,82.35964285714286,0.2670702728017406,1.5450496023801337,188.19430790926248,187.8244871596158,83.36002489891256,82.59867838901883,1.0,1.0,1.0
970,2022-08-30,312.0,1,28.02,8.73,13.65,4.32,185.48,185.58,36.32,1432.5,679.75,83.73,16.39,5.1223,0,187.44,189.17,187.44,83.8,82.69,82.58,188.5042857142857,186.9092857142857,83.51571428571428,82.40071428571427,0.509449482787431,1.459273943501453,187.54073093194685,187.66969494171127,83.45251867418442,82.67670056908649,1.0,1.0,1.0
971,2022-08-31,309.1,1,27.67,8.73,13.65,4.32,185.87,190.97,36.71,1422.5,673.75,83.94,16.14,5.1831,0,185.58,190.51,186.88,83.73,82.77,82.41,188.57,187.0553571428572,83.68285714285715,82.45535714285714,0.512297745060449,1.4056310618288708,188.3980481989601,187.89730218711048,83.57438900563831,82.76382466777018,1.0,1.0,1.0
972,2022-09-01,314.75,1,27.35,7.17,13.65,4.32,189.5,189.11,36.12,1394.75,658.25,83.66,15.98,5.2416,0,190.97,189.48,186.65,83.94,83.31,82.24,188.51714285714283,187.1432142857143,83.73285714285714,82.50607142857143,0.6834784979390988,1.3767336782230646,188.5760361492201,187.9809365190339,83.59579175422874,82.82562986309637,1.0,1.0,1.0
973,2022-09-02,310.25,1,26.3,7.17,13.65,4.32,185.0,189.03,36.51,1420.5,669.0,83.39,16.11,5.1681,0,189.11,189.54,188.03,83.66,83.6,81.91,188.4442857142857,187.17892857142851,83.70285714285714,82.55892857142855,1.1306490821387094,1.466239927097455,188.68952711191508,188.05328572461772,83.54434381567155,82.86455194150352,1.0,1.0,1.0
974,2022-09-03,308.675,1,27.14,7.17,13.65,4.32,185.7925,188.9075,36.375,1415.0625,671.9375,83.42750000000001,16.0675,5.189275,0,189.03,188.84,187.0833333333333,83.39,83.66666666666666,81.95666666666666,188.45392857142855,187.2440773809524,83.66869047619048,82.61145833333333,1.3081085425858636,1.535320375608657,188.7440203339363,188.11219705395445,83.51513286175367,82.90337594553776,1.0,1.0,1.0
975,2022-09-04,307.1,1,27.89,7.17,13.65,4.32,186.585,188.785,36.24,1409.625,674.875,83.465,16.025,5.21045,0,188.9075,188.14,186.13666666666663,83.42750000000001,83.73333333333333,82.00333333333333,188.54607142857145,187.3386607142857,83.63035714285715,82.66366071428571,1.3444614277154956,1.586951383368119,188.75426525045225,188.15859725713,83.50259964631525,82.94210863894895,1.0,1.0,1.0
976,2022-09-05,305.525,1,28.28,7.17,13.65,4.32,187.3775,188.6625,36.105,1404.1875,677.8125,83.5025,15.9825,5.231624999999999,0,188.785,187.44,185.19,83.465,83.8,82.05,188.7207142857143,187.46267857142857,83.58785714285715,82.7155357142857,1.2680030097187065,1.6230963120920967,188.7313239378392,188.19334917043136,83.50257473473644,82.98075631902142,1.0,1.0,1.0
977,2022-09-06,303.95,1,29.96,7.17,13.65,4.32,188.17,188.54,35.97,1398.75,680.75,83.54,15.94,5.2528,0,188.6625,185.58,184.9,83.5025,83.73,81.63,189.14357142857145,187.5926785714286,83.56071428571428,82.78374999999998,1.2410393109935196,1.603617341232747,188.68349295337936,188.2172561241947,83.51193105105233,83.01932484874408,1.0,1.0,1.0
978,2022-09-07,305.475,1,27.42,7.17,13.65,4.32,190.37,187.51,35.885,1383.5,676.75,83.39500000000001,15.96,5.248,0,188.54,190.97,187.52,83.54,83.94,82.76,188.6492857142857,187.5923214285714,83.48285714285716,82.80642857142857,0.7101128108155751,1.5893952387815615,188.39011971503453,188.16847983976749,83.48269828828924,83.04523347986517,1.0,1.0,1.0
979,2022-09-08,307.0,1,27.57,7.17,13.65,4.32,191.93,186.48,35.8,1386.0,668.5,83.25,15.98,5.2141,0,187.51,189.11,189.48,83.39500000000001,83.66,81.94,188.27357142857144,187.48517857142855,83.42428571428572,82.8532142857143,0.2674577975535309,1.6297738920927505,187.9125897862759,188.05203295426628,83.42452371621692,83.05935530883998,1.0,1.0,1.0
980,2022-09-09,292.3,1,28.44,7.17,13.65,4.32,191.3,185.09,35.94,1412.25,698.5,83.43,16.2,5.1462,0,186.48,189.03,189.31,83.25,83.39,81.55,187.71071428571423,187.3344642857143,83.42999999999999,82.92035714285714,0.4380790628516071,1.7201657135881443,187.20694233970693,187.8477548194893,83.4258927871627,83.0849170116786,1.0,1.0,1.0
981,2022-09-10,296.95,1,28.72,7.17,13.65,4.32,190.95,185.84333333333333,36.22666666666667,1437.5833333333333,703.0833333333334,83.60333333333334,16.296666666666667,5.128466666666667,0,185.09,188.9075,187.73666666666668,83.43,83.42750000000001,81.50333333333333,187.2729761904762,187.2668452380952,83.45511904761905,82.99535714285716,0.5272167324697068,1.77905893506905,186.86604008811352,187.7095188549268,83.47025292370536,83.12066986144788,1.0,1.0,1.0
982,2022-09-11,301.6,1,29.23,7.17,13.65,4.32,190.6,186.59666666666664,36.51333333333333,1462.9166666666667,707.6666666666666,83.77666666666667,16.39333333333333,5.110733333333333,0,185.84333333333333,188.785,186.16333333333333,83.60333333333334,83.465,81.45666666666666,186.96035714285716,187.2823214285714,83.49964285714286,83.07821428571428,0.5815146576441574,1.8069092679523773,186.7986967327518,187.63277042815025,83.54685635944568,83.16591102042848,1.0,1.0,1.0
983,2022-09-12,306.25,1,31.51,7.17,13.65,4.32,190.25,187.35,36.8,1488.25,712.25,83.95,16.49,5.093,0,186.59666666666664,188.6625,184.59,83.77666666666667,83.5025,81.41,186.77285714285716,187.38089285714287,83.56357142857144,83.16892857142857,0.616235370413686,1.8024565664782808,186.93652254956388,187.61326901931227,83.64764226958427,83.21998612246789,1.0,1.0,1.0
984,2022-09-13,308.4,1,30.48,7.17,13.65,4.32,184.42,188.86,36.4,1478.75,709.0,83.72,16.13,5.1911,0,187.35,188.54,182.71,83.95,83.54,82.11,186.81857142857143,187.6005357142857,83.58928571428571,83.22642857142857,0.6320933080774038,1.8088847281556952,187.4173919121729,187.69925046625625,83.6657317021882,83.25446983815975,1.0,1.0,1.0
985,2022-09-14,296.4,1,30.12,7.17,13.65,4.32,181.78,187.54,36.21,1455.0,709.0,84.28,16.27,5.1631,0,188.86,187.51,184.28,83.72,83.39500000000001,82.77,186.82285714285717,187.71696428571428,83.71571428571428,83.28035714285714,0.6116147172535462,1.8080595305125635,187.4480439341297,187.68826767547995,83.81929877664115,83.32519605621769,1.0,1.0,1.0
986,2022-09-15,291.6,1,29.94,7.17,13.65,4.32,181.28,187.13,35.69,1458.0,677.5,84.55,16.13,5.247,0,187.54,186.48,184.38,84.28,83.25,82.1,186.9157142857143,187.81517857142856,83.90142857142858,83.36785714285715,0.5218639191554238,1.8302129017896385,187.36853295059728,187.64976645648133,84.00197408248086,83.40966529371993,1.0,1.0,1.0
987,2022-09-16,294.55,1,31.02,7.17,13.65,4.32,182.03,186.92,35.56,1455.25,677.25,84.35,16.04,5.2531,0,187.13,185.09,184.99,84.55,83.43,82.16,187.17714285714283,187.88410714285715,84.03285714285714,83.44607142857144,0.510549035317073,1.8463410259874888,187.25639971294797,187.59943773534468,84.08898056186064,83.47451596311855,1.0,1.0,1.0
988,2022-09-17,299.05,1,31.22,7.17,13.65,4.32,181.7633333333333,187.34,35.85666666666667,1459.3333333333333,677.5833333333334,84.24,16.116666666666667,5.2244,0,186.92,185.84333333333333,185.61666666666667,84.35,83.60333333333334,82.07333333333334,187.3909523809524,187.9456547619048,84.12380952380953,83.52345238095238,0.4996057402537338,1.8497744890756116,187.27729978471092,187.5815454777347,84.12673542139548,83.5273079656621,1.0,1.0,1.0
989,2022-09-18,303.55,1,28.34,7.17,13.65,4.32,181.49666666666667,187.76,36.153333333333336,1463.4166666666667,677.9166666666666,84.13,16.19333333333333,5.1957,0,187.34,186.59666666666664,186.2433333333333,84.24,83.77666666666667,81.98666666666666,187.55714285714288,187.99982142857144,84.17428571428572,83.60000000000001,0.4912795085879606,1.8386716072976408,187.3979748385332,187.5938526861668,84.1275515660466,83.56887293354747,1.0,1.0,1.0
990,2022-09-19,308.05,1,25.55,7.17,13.65,4.32,181.23,188.18,36.45,1467.5,678.25,84.02,16.27,5.167,0,187.76,187.35,186.87,84.13,83.95,81.9,187.6757142857143,188.0466071428571,84.1842857142857,83.67571428571429,0.4876269530638618,1.8107386625275936,187.5934811288999,187.6342766388449,84.10066367453496,83.59998514502695,1.0,1.0,1.0
991,2022-09-20,308.0,1,29.38,7.17,13.65,4.32,177.93,187.51,36.33,1484.5,692.0,84.21,16.32,5.1417,0,188.18,188.86,189.17,84.02,83.72,82.69,187.4828571428571,187.98732142857145,84.25428571428571,83.73,0.5406198676267319,1.811562639780835,187.57261084667493,187.625705836166,84.12799775590122,83.64205513502507,1.0,1.0,1.0
992,2022-09-21,297.5,1,28.4,7.17,13.65,4.32,172.97,186.89,36.17,1467.0,685.5,84.24,16.3,5.1716,0,187.51,187.54,190.51,84.21,84.28,82.77,187.39,187.85803571428573,84.24857142857142,83.7825,0.2511614742963698,1.7645586873535692,187.4019581350062,187.5749675026373,84.15599831692592,83.6832927119199,1.0,1.0,1.0
993,2022-09-22,299.05,1,27.57,7.17,13.65,4.32,174.21,185.92,36.36,1463.25,688.25,84.56,16.54,5.1166,0,186.89,187.13,189.48,84.24,84.55,83.31,187.21714285714285,187.7308928571429,84.25,83.82714285714287,0.4049293771220288,1.6638134335697443,187.03146860125463,187.46083181280025,84.25699873769443,83.74375528351163,1.0,1.0,1.0
994,2022-09-23,300.6,1,25.42,7.17,13.65,4.32,172.07,184.87,35.21,1431.75,676.75,84.54,16.1,5.2595,0,185.92,186.92,189.54,84.56,84.35,83.6,186.92428571428573,187.56410714285715,84.27714285714285,83.8607142857143,0.636226474604003,1.519189839775831,186.491101450941,187.28215375674503,84.32774905327082,83.79866871223496,1.0,1.0,1.0
995,2022-09-24,301.0,1,28.29,7.17,13.65,4.32,171.72,185.39666666666668,35.00666666666667,1426.5833333333333,673.25,84.55333333333334,15.963333333333336,5.302933333333334,0,184.87,187.34,188.84,84.54,84.24,83.66666666666666,186.64666666666668,187.44113095238092,84.32190476190476,83.89238095238095,0.8119752797211178,1.374955462071204,186.2174927548724,187.15212016432585,84.38414512328646,83.85071454817277,1.0,1.0,1.0
996,2022-09-25,301.40000000000003,1,26.36,7.17,13.65,4.32,171.37,185.9233333333333,34.803333333333335,1421.4166666666667,669.75,84.56666666666666,15.826666666666666,5.3463666666666665,0,185.39666666666668,187.76,188.14,84.55333333333334,84.13,83.73333333333333,186.38428571428568,187.3619642857143,84.38428571428571,83.92214285714286,0.9385988495925311,1.2359707103901962,186.14395289948763,187.067376244947,84.4297755091315,83.90009055634476,1.0,1.0,1.0
997,2022-09-26,301.8,1,28.44,7.17,13.65,4.32,171.02,186.45,34.6,1416.25,666.25,84.58,15.69,5.3898,0,185.9233333333333,188.18,187.44,84.56666666666666,84.02,83.8,186.1371428571429,187.3266071428571,84.46428571428571,83.95,1.0049288960770886,1.1085984670872222,186.2204646746157,187.0247985728817,84.46733163184862,83.94698086280374,1.0,1.0,1.0
998,2022-09-27,306.7,1,29.03,7.17,13.65,4.32,167.49,186.21,34.61,1414.0,667.5,84.72,15.75,5.3824,0,186.45,187.51,185.58,84.58,84.21,83.73,185.95142857142855,187.34910714285712,84.53714285714285,83.98535714285715,0.7929668163832607,1.0483680831457711,186.2178485059618,186.96860556785535,84.53049872388647,84.00029252743796,1.0,1.0,1.0
999,2022-09-28,301.9,1,29.0,7.17,13.65,4.32,170.6,185.87,34.76,1416.25,670.5,84.25,15.76,5.3745,0,186.21,186.89,190.97,84.72,84.24,83.94,185.80571428571423,187.16696428571427,84.53857142857143,83.99642857142858,0.540982142041182,0.9128443577259988,186.13088637947132,186.892839666624,84.46037404291485,84.01751373244224,1.0,1.0,1.0
1000,2022-09-29,302.3,1,28.95,7.17,13.65,4.32,169.78,186.77,34.6,1420.5,669.5,84.24,15.61,5.3964,0,185.87,185.92,189.11,84.25,84.56,83.66,185.92714285714283,187.08339285714283,84.49285714285715,84.01714285714286,0.3870880884392474,0.838743745986925,186.2906647846035,186.88436796547748,84.40528053218614,84.03285761296347,1.0,1.0,1.0
1001,2022-09-30,303.95,1,30.4,7.17,13.65,4.32,168.31,188.83,35.1,1375.5,677.5,84.42,15.7,5.4154,0,186.77,184.87,189.03,84.24,84.54,83.39,186.4928571428572,187.07625,84.47571428571429,84.05392857142859,0.3547353777276163,0.8875817007542599,186.92549858845263,187.0185494850997,84.4089603991396,84.05955708793151,1.0,1.0,1.0
1002,2022-10-01,299.3333333333333,1,30.5,6.47,13.65,2.69,168.64333333333337,186.0533333333333,35.02,1378.3333333333333,678.5833333333334,84.32666666666667,15.883333333333333,5.332666666666666,0,188.83,185.39666666666668,188.9075,84.42,84.55333333333334,83.42750000000001,186.58666666666664,186.97431547619047,84.44333333333331,84.08604166666666,0.3184422116802525,0.9144680865843176,186.7074572746728,186.95198285394335,84.38838696602137,84.0779784381891,1.0,1.0,1.0
1003,2022-10-02,294.7166666666667,1,28.75,6.47,13.65,2.69,168.97666666666666,183.27666666666667,34.94,1381.1666666666667,679.6666666666666,84.23333333333333,16.066666666666666,5.249933333333334,0,186.0533333333333,185.9233333333333,188.785,84.32666666666667,84.56666666666666,83.465,186.20857142857145,186.7775892857143,84.39571428571428,84.11348214285715,0.3470634829932821,0.926441289566611,185.8497596226713,186.69851277206223,84.34962355784937,84.0886925688887,1.0,1.0,1.0
1004,2022-10-03,290.1,1,29.91,6.47,13.65,2.69,169.31,180.5,34.86,1384.0,680.75,84.14,16.25,5.1672,0,183.27666666666667,186.45,188.6625,84.23333333333333,84.58,83.5025,185.35857142857145,186.48607142857145,84.33285714285714,84.13625,0.4264088294100447,0.9289720976256032,184.51231971700344,186.27102913260964,84.29721766838702,84.09223101241362,1.0,1.0,1.0
1005,2022-10-04,294.9,1,29.53,6.47,13.65,2.69,173.07,177.63,34.32,1393.5,683.0,83.27,16.09,5.177,0,180.5,186.21,188.54,84.14,84.72,83.54,184.13285714285712,186.09642857142856,84.12571428571428,84.12660714285714,0.4541509234025691,0.9315885051141408,182.79173978775256,185.6750960889814,84.04041325129026,84.03552542535061,1.0,1.0,1.0
1006,2022-10-05,295.0,1,28.85,6.47,13.65,2.69,171.87,178.22,34.45,1380.5,684.0,82.91,16.02,5.194,0,177.63,185.87,187.51,83.27,84.25,83.39500000000001,183.04,185.7646428571429,83.9342857142857,84.10928571428572,0.4300735580212091,0.9277448931351476,181.6488048408144,185.16095153112065,83.75780993846769,83.95790298222299,1.0,1.0,1.0
1007,2022-10-06,301.55,1,29.01,6.47,13.65,2.69,166.91,178.4,34.28,1370.5,675.5,83.04,15.96,5.2217,0,178.22,186.77,186.48,82.91,84.24,83.25,181.8442857142857,185.47607142857143,83.76285714285714,84.10178571428573,0.6271640087572276,0.9323600595348812,180.8366036306108,184.694679011733,83.57835745385077,83.89459932827657,1.0,1.0,1.0
1008,2022-10-07,303.5,1,27.52,6.47,13.65,2.69,161.46,179.24,34.3,1379.25,683.25,83.05,15.89,5.1996,0,178.4,188.83,185.09,83.04,84.42,83.43,180.4742857142857,185.26714285714283,83.56714285714285,84.08821428571427,0.6040577077470141,0.921715556085594,180.4374527229581,184.31849425230317,83.44626809038807,83.83635109874025,1.0,1.0,1.0
1009,2022-10-08,303.68333333333334,1,28.7,6.47,13.65,2.69,161.31666666666666,180.16666666666669,34.57333333333333,1381.4166666666667,688.25,83.2,15.963333333333331,5.196433333333333,0,179.24,186.0533333333333,185.84333333333333,83.05,84.32666666666667,83.60333333333334,179.63333333333335,185.0644047619048,83.40619047619047,84.07380952380952,0.5164807653293835,0.9057389774332032,180.36975620888524,184.03216131536269,83.38470106779106,83.7924648160685,1.0,1.0,1.0
1010,2022-10-09,303.8666666666667,1,28.02,6.47,13.65,2.69,161.17333333333335,181.09333333333333,34.846666666666664,1383.5833333333333,693.25,83.35,16.036666666666665,5.193266666666667,0,180.16666666666669,183.27666666666667,186.59666666666664,83.2,84.23333333333333,83.77666666666667,179.32142857142858,184.8678571428572,83.28,84.05857142857143,0.4218155339411224,0.8852566021805989,180.55065048999725,183.8294835234986,83.37602580084328,83.76195000116722,1.0,1.0,1.0
1011,2022-10-10,304.05,1,28.51,6.47,13.65,2.69,161.03,182.02,35.12,1385.75,698.25,83.5,16.11,5.1901,0,181.09333333333333,180.5,187.35,83.35,84.14,83.95,179.53857142857143,184.6775,83.18857142857142,84.0425,0.373447504412038,0.8608580447047709,180.91798786749797,183.7046915563608,83.40701935063245,83.74388448384535,1.0,1.0,1.0
1012,2022-10-11,302.3,1,28.97,6.47,13.65,2.69,161.49,182.52,34.63,1388.0,693.0,83.86,15.91,5.3005,0,182.02,177.63,188.86,83.5,83.27,83.72,180.23714285714283,184.45107142857145,83.27285714285713,84.04750000000001,0.3699334989610839,0.8871704859225725,181.31849090062343,183.62298869040484,83.52026451297434,83.7518924504767,1.0,1.0,1.0
1013,2022-10-12,304.3,1,30.4,6.47,13.65,2.69,163.16,185.04,35.08,1405.0,693.0,84.14,15.95,5.293,0,182.52,178.22,187.54,83.86,82.91,84.28,181.21142857142857,184.36178571428573,83.44857142857143,84.0425,0.4730640222673545,0.9273949506879248,182.2488681754676,183.720713608308,83.67519838473075,83.77865848837486,1.0,1.0,1.0
1014,2022-10-13,306.3,1,29.99,6.47,13.65,2.69,165.76,187.56,35.53,1405.5,697.75,84.42,15.99,5.2626,0,185.04,178.4,187.13,84.14,83.04,84.55,182.52,184.37714285714287,83.64571428571428,84.03785714285713,0.6128070057584162,0.967470951770972,183.57665113160067,183.9854919801488,83.86139878854806,83.82288893745246,1.0,1.0,1.0
1015,2022-10-14,297.4,1,30.07,6.47,13.65,2.69,163.27,187.82,35.25,1392.75,689.75,84.67,15.89,5.3252,0,187.56,179.24,186.92,84.42,83.05,84.35,183.74571428571429,184.4092857142857,83.87714285714286,84.04928571428572,0.7867874345227429,1.041213561319536,184.6374883487005,184.2499408091041,84.06354909141105,83.88131039004193,1.0,1.0,1.0
1016,2022-10-15,293.7333333333333,1,30.5,6.47,13.65,2.69,164.00666666666666,187.54,35.27,1392.75,687.6666666666666,84.73333333333333,15.936666666666667,5.3104,0,187.82,180.16666666666669,187.34,84.67,83.2,84.24,184.7990476190476,184.41642857142853,84.09619047619047,84.06690476190477,0.8977500220236422,1.1281716692047896,185.36311626152536,184.47684144295891,84.23099515189162,83.94007059302754,1.0,1.0,1.0
1017,2022-10-16,290.06666666666666,1,29.86,6.47,13.65,2.69,164.74333333333334,187.26,35.29,1392.75,685.5833333333334,84.79666666666667,15.983333333333334,5.2956,0,187.54,181.09333333333333,187.76,84.73333333333333,83.35,84.13,185.68,184.39857142857144,84.30285714285715,84.09071428571428,0.9031825814932234,1.2269320168778013,185.837337196144,184.66878341241005,84.37241303058538,83.99914618431299,1.0,1.0,1.0
1018,2022-10-17,286.4,1,30.17,6.47,13.65,2.69,165.48,186.98,35.31,1392.75,683.5,84.86,16.03,5.2808,0,187.26,182.02,188.18,84.79666666666667,83.5,84.02,186.38857142857145,184.3557142857143,84.49714285714286,84.12071428571429,0.7036638808019847,1.3359995610407294,186.123002897108,184.82817765983003,84.49430977293903,84.05851541298107,1.0,1.0,1.0
1019,2022-10-18,302.45,1,30.38,6.47,13.65,2.69,165.59,185.87,35.33,1382.0,681.0,85.38,16.23,5.2405,0,186.98,182.52,187.51,84.86,83.86,84.21,186.86714285714288,184.2971428571429,84.71428571428571,84.16250000000001,0.7451886489013034,1.4652028244911708,186.059752172831,184.9000274763935,84.71573232970428,84.14965228105133,1.0,1.0,1.0
1020,2022-10-19,295.7,1,30.37,6.47,13.65,2.69,164.2,184.11,34.92,1382.75,678.25,85.41,16.2,5.27,0,185.87,185.04,186.89,85.38,84.14,84.24,186.73428571428573,184.19785714285717,84.89571428571428,84.20428571428572,0.9022647242663,1.6594188666699317,185.5723141296233,184.84554282284915,84.88929924727822,84.23657281339261,1.0,1.0,1.0
1021,2022-10-20,299.7,1,30.33,6.47,13.65,2.69,161.92,184.44,35.31,1400.0,684.0,85.21,16.31,5.2147,0,184.11,187.56,185.92,85.41,84.42,84.56,186.28857142857143,184.145,85.00857142857141,84.22749999999999,0.9862193323144536,1.8585663653051867,185.28923559721744,184.8175743523078,84.96947443545866,84.3037057228138,1.0,1.0,1.0
1022,2022-10-21,295.3,1,29.12,6.47,13.65,2.69,161.53,183.34,35.61,1404.5,684.25,85.28,16.57,5.1605,0,184.44,187.82,184.87,85.21,84.67,84.54,185.64857142857144,184.09035714285716,85.0957142857143,84.25392857142856,1.121565960647757,2.068158732154401,184.8019266979131,184.71567267283828,85.04710582659399,84.37103636261975,1.0,1.0,1.0
1023,2022-10-22,300.4666666666667,1,26.66,6.47,13.65,2.69,162.17,183.19333333333333,35.266666666666666,1396.75,683.3333333333334,85.21333333333334,16.41,5.208066666666666,0,183.34,187.54,185.39666666666668,85.28,84.73333333333333,84.55333333333334,185.02761904761903,184.01166666666668,85.16428571428571,84.2775,1.173332946815877,2.257778526498942,184.3997783567681,184.6106837528724,85.08866270327883,84.42912580887585,1.0,1.0,1.0
1024,2022-10-23,305.6333333333333,1,28.04,6.47,13.65,2.69,162.81,183.04666666666668,34.92333333333333,1389.0,682.4166666666666,85.14666666666666,16.25,5.255633333333334,0,183.19333333333333,187.26,185.9233333333333,85.21333333333334,84.79666666666667,84.56666666666666,184.4257142857143,183.90892857142856,85.21428571428571,84.29821428571428,1.1460920487154989,2.426374648368102,184.0615004342428,184.50282050554785,85.10316369412578,84.47861138527523,1.0,1.0,1.0
1025,2022-10-24,310.8,1,27.92,6.47,13.65,2.69,163.45,182.9,34.58,1381.25,681.5,85.08,16.09,5.3032,0,183.04666666666668,186.98,186.45,85.14666666666666,84.86,84.58,183.8428571428572,183.78214285714287,85.24571428571429,84.31607142857142,1.0258497942951157,2.572082467565456,183.77112532568205,184.39228116033763,85.09737277059433,84.52008646215279,1.0,1.0,1.0
1026,2022-10-25,292.8,1,25.92,6.47,13.65,2.69,167.05,184.8,34.77,1392.25,686.25,84.91,15.98,5.3167,0,182.9,185.87,186.21,85.08,85.38,84.72,183.69000000000003,183.7317857142857,85.17857142857143,84.32285714285715,0.8286455905518164,2.6878198301495675,184.02834399426155,184.420399701004,85.05052957794575,84.54697705096984,1.0,1.0,1.0
1027,2022-10-26,284.2,1,26.59,6.47,13.65,2.69,163.37,185.7,34.56,1393.0,685.0,85.12,15.84,5.3804,0,184.8,184.11,185.87,84.91,85.41,84.25,183.9171428571429,183.7257142857143,85.13714285714286,84.35392857142857,0.6414909645490433,2.73002166593747,184.44625799569616,184.5086479974865,85.06789718345931,84.58649587504088,1.0,1.0,1.0
1028,2022-10-27,294.9,1,28.17,6.47,13.65,2.69,164.13,186.43,35.18,1393.5,682.25,85.35,16.11,5.3449,0,185.7,184.44,186.77,85.12,85.21,84.24,184.20142857142852,183.7135714285714,85.15714285714284,84.39357142857143,0.4000311779253139,2.7880150856687416,184.9421934967721,184.6411550321426,85.13842288759449,84.63915133193461,1.0,1.0,1.0
1029,2022-10-28,285.4,1,28.74,6.47,13.65,2.69,166.05,189.19,35.6,1400.25,680.75,85.69,16.12,5.2949,0,186.43,183.34,188.83,85.35,85.28,84.42,185.03714285714287,183.72642857142856,85.21571428571428,84.43892857142858,0.4277902934254671,2.734629574317647,186.00414512257908,184.9548684782017,85.27631716569587,84.71162365387015,1.0,1.0,1.0
1030,2022-10-29,287.6,1,24.54,6.47,13.65,2.69,165.59333333333333,188.4233333333333,35.77333333333333,1406.6666666666667,684.3333333333334,85.57666666666667,16.246666666666666,5.2563,0,189.19,183.19333333333333,186.0533333333333,85.69,85.21333333333334,84.32666666666667,185.7842857142857,183.81107142857144,85.26761904761905,84.48357142857142,0.8404207455079498,2.64360727235218,186.60894217526763,185.1940729509694,85.35140454093857,84.7712817926837,1.0,1.0,1.0
1031,2022-10-30,289.8,1,27.61,6.47,13.65,2.69,165.13666666666668,187.65666666666667,35.946666666666665,1413.0833333333333,687.9166666666666,85.46333333333332,16.373333333333335,5.2177,0,188.4233333333333,183.04666666666668,183.27666666666667,85.57666666666667,85.14666666666666,84.23333333333333,186.44285714285712,183.9675,85.31285714285714,84.5275,1.3342145047453795,2.542664995750461,186.87087329811737,185.36390700032783,85.37938673903726,84.81900948514229,1.0,1.0,1.0
1032,2022-10-31,292.0,1,29.09,6.47,13.65,2.69,164.68,186.89,36.12,1419.5,691.5,85.35,16.5,5.1791,0,187.65666666666667,182.9,180.5,85.46333333333332,85.08,84.14,187.01285714285717,184.19571428571427,85.35142857142856,84.57071428571429,1.7749003357416755,2.459659840428075,186.875654973588,185.46915479340868,85.37204005427793,84.85562952064971,1.0,1.0,1.0
1033,2022-11-01,281.35,1,26.0,5.9,13.65,2.69,164.89,186.84,36.55,1447.75,697.75,85.11,16.65,5.1475,0,186.89,184.8,177.63,85.35,84.91,83.27,187.3042857142857,184.52464285714285,85.38,84.63642857142858,1.8170557531289897,2.4568650953890594,186.86674123019105,185.5636958421391,85.30653004070845,84.87317231232905,1.0,1.0,1.0
1034,2022-11-02,285.32500000000005,1,22.42,5.9,13.65,2.69,164.28,187.135,36.605,1454.0,687.5,84.935,16.615,5.1432,0,186.84,185.7,178.22,85.11,85.12,82.91,187.50928571428568,184.8430357142857,85.35357142857141,84.70875,1.810924270095241,2.425581010767968,186.93380592264327,185.67206164612952,85.21364753053135,84.87743629078912,1.0,1.0,1.0
1035,2022-11-03,289.3,1,26.23,5.9,13.65,2.69,162.41,187.43,36.66,1437.0,679.25,84.76,16.58,5.1137,0,187.135,186.43,178.4,84.935,85.35,83.04,187.6521428571428,185.1655357142857,85.26928571428572,84.77017857142856,1.8862168642440675,2.429326038225861,187.05785444198244,185.79329877398263,85.10023564789851,84.86933723625194,1.0,1.0,1.0
1036,2022-11-04,287.7,1,27.95,5.9,13.65,2.69,162.18,184.76,36.7,1462.25,681.0,84.95,16.87,5.0557,0,187.43,189.19,179.24,84.76,85.69,83.05,187.0192857142857,185.36267857142855,85.16357142857143,84.83803571428572,1.978366100170952,2.397190825120706,186.4833908314868,185.72203678957004,85.06267673592389,84.87490018547594,1.0,1.0,1.0
1037,2022-11-05,287.8,1,27.43,5.9,13.65,2.69,161.88333333333333,184.81333333333333,36.42333333333333,1458.25,679.25,85.03,16.753333333333334,5.089366666666667,0,184.76,188.4233333333333,180.16666666666669,84.95,85.57666666666667,83.2,186.5035714285714,185.52863095238092,85.0854761904762,84.90339285714285,2.0436076987292684,2.3496491150213905,186.06587645694844,185.65936758569163,85.05450755194292,84.88559672440863,1.0,1.0,1.0
1038,2022-11-06,287.9,1,26.65,5.9,13.65,2.69,161.58666666666667,184.86666666666665,36.14666666666667,1454.25,677.5,85.11,16.636666666666667,5.123033333333333,0,184.81333333333333,187.65666666666667,181.09333333333333,85.03,85.46333333333332,83.35,186.105,185.66339285714284,85.035,84.96624999999999,1.841824861615028,2.280575035270378,185.766074009378,185.60469855679335,85.06838066395719,84.90107281238045,1.0,1.0,1.0
1039,2022-11-07,288.0,1,27.59,5.9,13.65,2.69,161.29,184.92,35.87,1450.25,675.75,85.19,16.52,5.1567,0,184.86666666666665,186.89,182.02,85.11,85.35,83.5,185.8235714285714,185.7669642857143,85.01214285714286,85.02660714285715,0.5173957988810534,2.1817389541252084,185.55455550703348,185.5574779666697,85.0987854979679,84.92099882531973,1.0,1.0,1.0
1040,2022-11-08,283.8,1,26.81,5.9,13.65,2.69,164.58,186.38,36.06,1446.5,667.5,85.3,16.5,5.144,0,184.92,186.84,182.52,85.19,85.11,83.86,185.75785714285715,185.90482142857144,85.03928571428571,85.07803571428572,0.6072222170367291,2.1254668254743883,185.76091663027512,185.61420362414077,85.14908912347592,84.94713683736664,1.0,1.0,1.0
1041,2022-11-09,292.3,1,28.36,5.9,13.65,2.69,162.49,186.14,35.95,1452.0,664.5,84.76,16.37,5.1864,0,186.38,187.135,185.04,85.3,84.935,84.14,185.6157142857143,185.94410714285712,85.01428571428572,85.10017857142857,0.574999950706067,2.0096680014848487,185.85568747270636,185.6504654431655,85.05181684260694,84.93423084858273,1.0,1.0,1.0
1042,2022-11-10,279.1,1,27.14,5.9,13.65,2.69,165.66,191.22,35.43,1423.0,653.25,84.48,15.65,5.3449,0,186.14,187.43,187.56,84.76,84.76,84.42,186.15714285714284,186.0748214285714,84.97428571428573,85.10232142857141,0.6149534945463773,1.941060794206164,187.19676560452976,186.0345712746713,84.9088626319552,84.90290458316323,1.0,1.0,1.0
1043,2022-11-11,270.5,1,26.84,5.9,13.65,2.69,165.58,188.98,35.38,1450.0,658.0,83.74,15.68,5.325,0,191.22,184.76,187.82,84.48,84.95,84.67,186.76,186.11625,84.80142857142857,85.06910714285713,0.6400258639908619,1.828661002735787,187.6425742033973,186.2377042902112,84.6166469739664,84.82270426708301,1.0,1.0,1.0
1044,2022-11-12,270.5,1,25.61,5.9,13.65,2.69,165.47,188.57333333333327,35.32666666666667,1446.8333333333333,657.75,83.82666666666667,15.706666666666669,5.327366666666666,0,188.98,184.81333333333333,187.54,83.74,85.03,84.73333333333333,187.2971428571429,186.15315476190477,84.6295238095238,85.03672619047619,0.7082125947527205,1.7172997808817183,187.8752639858813,186.3987821552541,84.41915189714146,84.75401201877843,1.0,1.0,1.0
1045,2022-11-13,270.5,1,27.23,5.9,13.65,2.69,165.36,188.16666666666663,35.27333333333333,1443.6666666666667,657.5,83.91333333333333,15.733333333333333,5.329733333333333,0,188.57333333333327,184.86666666666665,187.26,83.82666666666667,85.11,84.79666666666667,187.7685714285714,186.1855357142857,84.45857142857142,85.00517857142857,0.7482390513772026,1.608050268524327,187.94811465607765,186.5207052250067,84.29269725618943,84.6960341784029,1.0,1.0,1.0
1046,2022-11-14,270.5,1,27.55,5.9,13.65,2.69,165.25,187.76,35.22,1440.5,657.25,84.0,15.76,5.3321,0,188.16666666666663,184.92,186.98,83.91333333333333,85.19,84.86,188.17428571428567,186.21339285714288,84.28857142857143,84.97446428571428,0.682367161660057,1.502071962792476,187.90108599205823,186.60617383017868,84.21952294214208,84.64803182127166,1.0,1.0,1.0
1047,2022-11-15,269.3,1,27.24,5.9,13.65,2.69,165.14,187.345,34.97,1461.75,666.75,83.845,15.65,5.3325,0,187.76,186.38,185.87,84.0,85.3,85.38,188.3121428571428,186.26607142857145,84.0807142857143,84.91964285714286,0.5569087827388071,1.4190979287586918,187.76206449404367,186.65712735913183,84.12589220660655,84.59265031635637,1.0,1.0,1.0
1048,2022-11-16,268.1,1,26.12,5.9,13.65,2.69,166.19,186.93,34.72,1434.75,665.25,83.69,15.54,5.3998,0,187.345,186.14,184.11,83.845,84.76,85.41,188.425,186.3667857142857,83.92785714285715,84.85821428571428,0.5534423300577743,1.380985221284857,187.5540483705328,186.6759461619504,84.0169191549549,84.53039857040075,1.0,1.0,1.0
1049,2022-11-17,286.45,1,27.27,5.9,13.65,2.69,164.89,187.33,34.49,1422.25,667.5,84.06,15.48,5.4231,0,186.93,191.22,184.44,83.69,84.48,85.21,187.86928571428567,186.47,83.86785714285715,84.81714285714285,0.4461678603827992,1.3793052368889187,187.4980362778996,186.7210533231952,84.02768936621618,84.49795728968346,1.0,1.0,1.0
1050,2022-11-18,279.05,1,25.9,5.9,13.65,2.69,163.91,185.92,34.65,1433.25,667.75,84.77,15.8,5.3827,0,187.33,188.98,183.34,84.06,83.74,85.28,187.43214285714285,186.56214285714285,84.015,84.79892857142859,0.638128996975844,1.4054631572934124,187.10352720842468,186.66580826642308,84.21326702466213,84.51671885591217,1.0,1.0,1.0
1051,2022-11-19,283.1666666666667,1,26.45,5.9,13.65,2.69,165.18,186.17666666666665,34.81666666666666,1436.0833333333333,665.0,84.87333333333333,15.873333333333331,5.3618,0,185.92,188.57333333333327,183.19333333333333,84.77,83.82666666666667,85.21333333333334,187.0897619047619,186.66869047619045,84.1645238095238,84.7867857142857,0.7518331338972851,1.4395777205856743,186.8718120729852,186.6320743629916,84.37828360182993,84.54131295780329,1.0,1.0,1.0
1052,2022-11-20,287.2833333333333,1,24.55,5.9,13.65,2.69,166.45,186.4333333333333,34.983333333333334,1438.9166666666667,662.25,84.97666666666666,15.946666666666667,5.3409,0,186.17666666666665,188.16666666666663,183.04666666666668,84.87333333333333,83.91333333333333,85.14666666666666,186.8421428571428,186.78964285714284,84.31642857142856,84.7807142857143,0.8066686343943099,1.47966489644902,186.76219238807215,186.6183680850841,84.52787936803912,84.571337351518,1.0,1.0,1.0
1053,2022-11-21,291.4,1,26.61,5.9,13.65,2.69,167.72,186.69,35.15,1441.75,659.5,85.08,16.02,5.32,0,186.4333333333333,187.76,182.9,84.97666666666666,84.0,85.08,186.6892857142857,186.925,84.47071428571428,84.7807142857143,0.7991194133144042,1.5237467807026983,186.7441442910541,186.62330821714727,84.66590952602934,84.60641753417192,1.0,1.0,1.0
1054,2022-11-22,281.0,1,26.46,5.9,13.65,2.69,165.58,183.59,34.12,1436.5,656.75,85.19,15.83,5.3586,0,186.69,187.345,184.8,85.08,83.845,84.91,186.1528571428572,186.8817857142857,84.66285714285713,84.79071428571429,0.6100551999122659,1.5747135037995823,185.9556082182906,186.4141145469992,84.796932144522,84.64666460078077,1.0,1.0,1.0
1055,2022-11-23,283.65,1,27.3,5.9,13.65,2.69,167.24,184.14,34.28,1442.0,663.25,85.51,15.92,5.3591,0,183.59,186.93,185.7,85.19,83.69,85.12,185.7542857142857,186.8260714285714,84.92285714285715,84.80464285714285,0.3124034544760061,1.6016766300386618,185.501706163718,186.25727906099925,84.97519910839151,84.70620497314071,1.0,1.0,1.0
1056,2022-11-24,285.7,1,25.73,5.9,13.65,2.69,166.765,184.525,34.230000000000004,1442.125,665.625,85.495,15.86,5.384449999999999,0,184.14,187.33,186.43,85.51,84.06,85.35,185.35357142857143,186.7580357142857,85.12785714285714,84.80982142857144,0.2246539288690284,1.6205274530817362,185.25752962278847,186.13781153955105,85.10514933129363,84.76060463016549,1.0,1.0,1.0
1057,2022-11-25,287.75,1,25.25,5.9,13.65,2.69,166.29,184.91,34.18,1442.25,668.0,85.48,15.8,5.4098,0,184.525,185.92,189.19,85.495,84.77,85.69,185.2092857142857,186.60517857142852,85.22928571428572,84.80232142857143,0.2246539288690284,1.6091920797906458,185.17064721709133,186.05313488165092,85.19886199847022,84.81021810394718,1.0,1.0,1.0
1058,2022-11-26,287.75,1,26.62,5.9,13.65,2.69,165.69666666666666,184.96,34.28333333333333,1449.0833333333333,668.25,85.64,15.873333333333331,5.395,0,184.91,186.17666666666665,188.4233333333333,85.48,84.87333333333333,85.57666666666667,185.03547619047615,186.4814880952381,85.33880952380953,84.80458333333333,0.2770127333227887,1.5251029109178,185.1179854128185,185.9777462691233,85.30914649885267,84.867444441606,1.0,1.0,1.0
1059,2022-11-27,287.75,1,26.3,5.9,13.65,2.69,165.10333333333332,185.01,34.38666666666667,1455.9166666666667,668.5,85.8,15.946666666666667,5.3802,0,184.96,186.4333333333333,187.65666666666667,85.64,84.97666666666666,85.46333333333332,184.83214285714288,186.38696428571424,85.45642857142857,84.81660714285714,0.3417966402875659,1.3055332432844275,185.0909890596139,185.9110051471148,85.4318598741395,84.93175861804696,1.0,1.0,1.0
1060,2022-11-28,287.75,1,27.58,5.9,13.65,2.69,164.51,185.06,34.49,1462.75,668.75,85.96,16.02,5.3654,0,185.01,186.69,186.89,85.8,85.08,85.35,184.5992857142857,186.32160714285715,85.58214285714284,84.83839285714285,0.3810839058683578,0.7653088667757775,185.08324179471043,185.8523151369689,85.56389490560463,85.00267181680235,1.0,1.0,1.0
1061,2022-11-29,280.45,1,25.55,5.9,13.65,2.69,166.11,184.96,34.96,1466.0,665.75,85.76,16.21,5.2695,0,185.06,183.59,186.84,85.96,85.19,85.11,184.795,186.25446428571428,85.66357142857143,84.86160714285714,0.2684810722733331,0.7594280429256925,185.05243134603285,185.79077616200556,85.61292117920347,85.05490134667805,1.0,1.0,1.0
1062,2022-11-30,284.9,1,23.57,5.9,13.65,2.69,167.72,184.38,35.39,1475.5,662.0,86.2,16.55,5.1851,0,184.96,184.14,187.135,85.76,85.51,84.935,184.82928571428573,186.15607142857144,85.76214285714286,84.9067857142857,0.2195367210362064,0.7359096192387103,184.88432350952465,185.693481254281,85.7596908844026,85.1338736675968,1.0,1.0,1.0
1063,2022-12-01,290.7,1,25.69,5.79,13.65,2.69,169.05,180.65,34.71,1436.75,650.0,86.0,16.52,5.1848,0,184.38,184.525,187.43,86.2,85.495,84.76,184.27571428571423,185.91392857142856,85.83428571428571,84.95107142857144,0.1917493166995993,0.7316647974662476,183.8257426321435,185.3456549608823,85.81976816330194,85.19360651810736,1.0,1.0,1.0
1064,2022-12-02,290.7,1,25.98,5.79,13.65,2.69,167.84,178.53,34.19,1446.5,635.0,86.03,16.47,5.2189,0,180.65,184.91,184.76,86.0,85.48,84.95,183.36428571428573,185.6914285714286,85.91285714285713,84.98964285714285,0.2499641697704714,0.7208567099358124,182.5018069741076,184.87560979116628,85.87232612247647,85.2512888272034,1.0,1.0,1.0
1065,2022-12-03,291.6333333333333,1,25.13,5.79,13.65,2.69,169.02666666666667,179.53333333333333,34.25333333333333,1446.0,632.9166666666666,85.86666666666667,16.38,5.239566666666667,0,178.53,184.96,184.81333333333333,86.03,85.64,85.03,182.58904761904765,185.50285714285715,85.9452380952381,85.01952380952382,0.2865725205337041,0.7227686261608405,181.75968856391404,184.50717693200536,85.87091125852402,85.29372867820086,1.0,1.0,1.0
1066,2022-12-04,292.56666666666666,1,25.35,5.79,13.65,2.69,170.21333333333334,180.53666666666663,34.31666666666667,1445.5,630.8333333333334,85.70333333333333,16.29,5.260233333333333,0,179.53333333333333,185.01,184.86666666666665,85.86666666666667,85.8,85.11,181.95,185.34821428571428,85.93142857142857,85.04071428571429,0.2861924570113513,0.7299312221046877,181.45393308960217,184.23334863784405,85.82901677722634,85.32197727510655,1.0,1.0,1.0
1067,2022-12-05,293.5,1,24.77,5.79,13.65,2.69,171.4,181.54,34.38,1445.0,628.75,85.54,16.2,5.2809,0,180.53666666666663,185.06,184.92,85.70333333333333,85.96,85.19,181.4471428571429,185.2275,85.87142857142858,85.05321428571429,0.2146568215119281,0.7335332423105787,181.4754498172016,184.04760045592377,85.75676258291976,85.33701332509919,1.0,1.0,1.0
1068,2022-12-06,290.5,1,23.88,5.79,13.65,2.69,170.94,184.5,35.02,1461.5,625.5,86.1,16.34,5.2352,0,181.54,184.96,186.38,85.54,85.76,85.3,181.3814285714286,185.16035714285712,85.92,85.08178571428572,0.5916286756041608,0.7626381422024611,182.2315873629012,184.07880042448076,85.84257193718983,85.389633095782,1.0,1.0,1.0
1069,2022-12-07,284.9,1,27.43,5.79,13.65,2.69,167.24,181.23,34.79,1477.25,627.75,86.19,16.54,5.2048,0,184.5,184.38,186.14,86.1,86.2,84.76,180.93142857142857,184.985,85.91857142857144,85.13285714285715,0.6917000647629536,0.7466903828085331,181.98119052217592,183.88233142968895,85.92942895289237,85.44483081331427,1.0,1.0,1.0
1070,2022-12-08,280.65,1,29.02,5.79,13.65,2.69,168.38,182.84,35.08,1490.25,632.0,85.9,16.48,5.2253,0,181.23,180.65,191.22,86.19,86.0,84.48,181.24428571428567,184.68571428571428,85.90428571428572,85.18357142857143,0.6953489800689167,0.7445774018667187,182.195892891632,183.81044650350356,85.92207171466927,85.47622179170638,1.0,1.0,1.0
1071,2022-12-09,295.85,1,25.45,5.79,13.65,2.69,169.93,183.87,35.09,1488.25,634.75,86.08,16.43,5.24,0,182.84,178.53,188.98,85.9,86.03,83.74,182.0071428571428,184.50321428571425,85.91142857142857,85.26714285714286,0.7455473266854196,0.733280020867361,182.614419668724,183.81455364119293,85.96155378600194,85.51786166814041,1.0,1.0,1.0
1072,2022-12-10,296.83333333333337,1,27.11,5.79,13.65,2.69,170.58333333333334,183.63333333333333,34.86,1480.6666666666667,636.9166666666666,86.10333333333334,16.346666666666668,5.267533333333334,0,183.87,179.53333333333333,188.57333333333327,86.08,85.86666666666667,83.82666666666667,182.59285714285716,184.3267857142857,85.9452380952381,85.34845238095238,0.833828152412917,0.7261632313396996,182.86914808487631,183.80205568892677,85.99699867283479,85.5582390243606,1.0,1.0,1.0
1073,2022-12-11,297.81666666666666,1,28.85,5.79,13.65,2.69,171.23666666666665,183.39666666666668,34.63,1473.0833333333333,639.0833333333334,86.12666666666667,16.263333333333332,5.295066666666667,0,183.63333333333333,180.53666666666663,188.16666666666663,86.10333333333334,85.70333333333333,83.91333333333333,183.00142857142856,184.15642857142856,86.00571428571428,85.42750000000001,0.9470383480378576,0.7233648775221949,183.0010277303239,183.7740978253226,86.02941567129275,85.59744093072653,1.0,1.0,1.0
1074,2022-12-12,298.8,1,27.78,5.79,13.65,2.69,171.89,183.16,34.4,1465.5,641.25,86.15,16.18,5.3226,0,183.39666666666668,181.54,187.76,86.12666666666667,85.54,84.0,183.2328571428571,183.99214285714288,86.09285714285716,85.50428571428571,1.070590148146015,0.7246860587784152,183.0407707977429,183.7317462511624,86.05956175346955,85.6355484527454,1.0,1.0,1.0
1075,2022-12-13,291.25,1,27.41,5.79,13.65,2.69,169.26,182.54,34.34,1484.5,643.75,86.0,16.18,5.2938,0,183.16,184.5,187.345,86.15,86.1,83.845,182.9528571428571,183.8205357142857,86.07857142857142,85.58124999999998,0.9930678090999016,0.7236310870286826,182.9155780983072,183.6495568545305,86.04467131510216,85.66068304221123,1.0,1.0,1.0
1076,2022-12-14,293.7,1,25.54,5.79,13.65,2.69,166.21,182.95,34.38,1485.0,639.0,85.79,16.12,5.2787,0,182.54,181.23,186.93,86.0,86.19,83.69,183.1985714285714,183.67839285714285,86.02142857142857,85.65625,0.7386557011889803,0.7164087101021474,182.9241835737304,183.60131155421809,85.98100348632663,85.66960145309322,1.0,1.0,1.0
1077,2022-12-15,296.45,1,26.89,5.79,13.65,2.69,163.89,183.22,34.43,1476.75,653.5,85.91,16.14,5.313,0,182.95,182.84,187.33,85.79,85.9,84.06,183.25285714285715,183.53160714285715,86.02285714285713,85.72232142857142,0.3754235703093804,0.7244414534674665,182.9981376802978,183.57501420565129,85.96325261474496,85.68618066322473,1.0,1.0,1.0
1078,2022-12-16,297.2,1,24.71,5.79,13.65,2.69,162.6,182.88,34.52,1483.75,653.0,86.44,16.32,5.314,0,183.22,183.87,185.92,85.91,86.08,84.77,183.1114285714286,183.4230357142857,86.07428571428572,85.78196428571428,0.3943115933548151,0.792150657640332,182.96860326022332,183.52708219146845,86.08243946105871,85.73816820369198,1.0,1.0,1.0
1079,2022-12-17,299.65,1,25.49,5.79,13.65,2.69,162.46333333333334,182.8333333333333,34.49,1477.0,651.0833333333334,86.31,16.283333333333335,5.307,0,182.88,183.63333333333333,186.17666666666665,86.44,86.10333333333334,84.87333333333333,182.99714285714285,183.30363095238096,86.10380952380953,85.83327380952382,0.3986473728648863,0.8556395216039367,182.93478577850084,183.47923744263156,86.13932959579404,85.77760487929943,1.0,1.0,1.0
1080,2022-12-18,302.1,1,25.18,5.79,13.65,2.69,162.32666666666665,182.78666666666663,34.46,1470.25,649.1666666666666,86.17999999999999,16.246666666666666,5.3,0,182.8333333333333,183.39666666666668,186.4333333333333,86.31,86.12666666666667,84.97666666666666,182.91,183.1733928571429,86.11142857142856,85.87625,0.4011163560198644,0.9156832077538368,182.8977560005423,183.43147394084085,86.14949719684553,85.80535626693396,1.0,1.0,1.0
1081,2022-12-19,304.55,1,24.39,5.79,13.65,2.69,162.19,182.74,34.43,1463.5,647.25,86.05,16.21,5.293,0,182.78666666666663,183.16,186.69,86.17999999999999,86.15,85.08,182.85,183.0323214285714,86.09714285714286,85.91089285714285,0.4094401907997624,0.972793275763415,182.85831700040671,183.38378608285183,86.12462289763415,85.82222824852471,1.0,1.0,1.0
1082,2022-12-20,290.3,1,24.42,5.79,13.65,2.69,160.77,180.64,34.69,1479.75,652.0,85.98,16.51,5.1996,0,182.74,182.54,183.59,86.05,86.0,85.19,182.57857142857145,182.9269642857143,86.09428571428573,85.93910714285714,0.4143453706374348,1.0105992348567068,182.30373775030503,183.19455945644825,86.08846717322562,85.83310905897127,1.0,1.0,1.0
1083,2022-12-21,288.3,1,25.1,5.79,13.65,2.69,164.27,179.76,34.59,1484.5,662.25,85.82,16.51,5.2009,0,180.64,182.95,184.14,85.98,85.79,85.51,182.12285714285716,182.7705357142857,86.09857142857142,85.95017857142857,0.5610016956259244,1.1119061575910398,181.6678033127288,182.957693287038,86.02135037991921,85.83220498593877,1.0,1.0,1.0
1084,2022-12-22,297.1,1,23.31,5.79,13.65,2.69,164.55,178.71,34.52,1472.0,660.5,85.58,16.53,5.1665,0,179.76,183.22,184.525,85.82,85.91,85.495,181.47857142857143,182.56285714285715,86.05142857142857,85.95321428571427,0.4073914584945374,1.1790181933403898,180.9283524845466,182.6647489224147,85.9110127849394,85.81481153863265,1.0,1.0,1.0
1085,2022-12-23,290.0,1,24.25,5.79,13.65,2.69,164.7,181.11,35.07,1484.5,666.25,85.8,16.61,5.1652,0,178.71,182.88,184.91,85.58,86.44,85.48,181.22571428571428,182.42714285714283,85.96,85.96464285714285,0.6372521082223674,1.301834889223305,180.97376436340997,182.5575248587999,85.88325958870455,85.8137900532097,1.0,1.0,1.0
1086,2022-12-24,289.15,1,23.84,5.79,13.65,2.69,164.42,181.1,34.87,1485.625,668.375,86.0025,16.555,5.1971,0,181.11,182.8333333333333,184.96,85.8,86.31,85.64,180.9780952380952,182.28928571428568,85.91607142857143,85.97758928571429,0.7198488125473708,1.3946409619322353,181.00532327255743,182.4570059030206,85.9130696915284,85.8268045322987,1.0,1.0,1.0
1087,2022-12-25,288.3,1,24.5,5.79,13.65,2.69,164.14,181.09,34.67,1486.75,670.5,86.205,16.5,5.228999999999999,0,181.1,182.78666666666663,185.01,86.0025,86.17999999999999,85.8,180.73571428571427,182.14928571428567,85.91964285714286,85.99205357142857,0.7217326092011633,1.4609629498829022,181.0264924544181,182.36272963384675,85.9860522686463,85.85288697834706,1.0,1.0,1.0
1088,2022-12-26,287.45000000000005,1,23.6,5.79,13.65,2.69,163.86,181.08,34.47,1487.875,672.625,86.4075,16.445,5.2609,0,181.09,182.74,185.06,86.205,86.05,85.96,180.49857142857144,182.00714285714284,85.97071428571428,86.00803571428573,0.657133540307078,1.5021179303386345,181.0398693408136,182.27426552116768,86.09141420148472,85.89113615225415,1.0,1.0,1.0
1089,2022-12-27,286.6,1,24.66,5.79,13.65,2.69,163.58,181.07,34.27,1489.0,674.75,86.61,16.39,5.2928,0,181.08,180.64,184.96,86.4075,85.98,85.76,180.56,181.86821428571423,86.06071428571428,86.03839285714285,0.3873879034709775,1.5308456416914238,181.0474020056102,182.1912127266044,86.22106065111355,85.94071296934007,1.0,1.0,1.0
1090,2022-12-28,288.45,1,24.2,5.79,13.65,2.69,163.84,183.5,34.93,1514.25,682.75,86.42,16.45,5.2676,0,181.07,179.76,184.38,86.61,85.82,86.2,181.0942857142857,181.8367857142857,86.14642857142857,86.04625,0.4232768187682929,1.5961289623335264,181.6605515042077,182.28147391787303,86.27079548833517,85.9737672473166,1.0,1.0,1.0
1091,2022-12-29,286.85,1,25.2,5.79,13.65,2.69,165.03,184.43,34.93,1516.25,679.5,86.07,16.3,5.286,0,183.5,178.71,180.65,86.42,85.58,86.0,181.9114285714286,181.9717857142857,86.21642857142857,86.04875000000001,0.5770968864297561,1.712829585776149,182.35291362815576,182.42964813043352,86.22059661625137,85.98040398888098,1.0,1.0,1.0
1092,2022-12-30,288.17,1,25.73,5.79,13.65,2.69,164.05,184.344,34.698,1524.0,678.5,86.07,16.2,5.286,0,184.43,181.11,178.53,86.07,85.8,86.03,182.37342857142855,182.1794285714286,86.255,86.05017857142856,1.01407844964839,1.6874585742797037,182.8506852211168,182.56167239730016,86.18294746218852,85.98658302413057,1.0,1.0,1.0
1093,2022-12-31,289.49,1,25.9,5.79,13.65,2.69,164.2425,184.258,34.466,1516.0625,676.5,86.07,16.1,5.334425,0,184.344,181.1,179.53333333333333,86.07,86.0025,85.86666666666667,182.82457142857143,182.34816666666663,86.26464285714285,86.05744047619046,1.150705085535856,1.6594660276694924,183.2025139158376,182.6786605078312,86.1547105966414,85.99233591901812,1.0,1.0,1.0
1094,2023-01-01,290.81,1,27.77,5.77,13.65,4.44,164.435,184.172,34.234,1508.125,674.5,86.07,16.0,5.38285,0,184.258,181.09,180.53666666666663,86.07,86.205,85.70333333333333,183.26485714285715,182.478,86.24535714285715,86.07053571428573,1.180717634599243,1.6317314492585342,183.44488543687825,182.7816494383256,86.13353294748104,85.99769206253411,1.0,1.0,1.0
1095,2023-01-02,292.13,1,27.11,5.77,13.65,4.44,164.6275,184.086,34.002,1500.1875,672.5,86.07,15.9,5.431275,0,184.172,181.08,181.54,86.07,86.4075,85.54,183.6942857142857,182.56892857142856,86.19714285714285,86.08946428571427,1.173861476200114,1.606614958494735,183.60516407765869,182.8716046494756,86.11764971061078,86.0026788168421,1.0,1.0,1.0
1096,2023-01-03,293.45,1,26.67,5.77,13.65,4.44,164.82,184.0,33.77,1492.25,670.5,86.07,15.8,5.4797,0,184.086,181.07,184.5,86.07,86.61,86.1,184.11285714285717,182.55107142857145,86.11999999999999,86.08839285714285,1.1752870904160169,1.4710214909714427,183.70387305824403,182.94942501847729,86.10573728295809,86.00732165705989,1.0,1.0,1.0
1097,2023-01-04,288.2,1,26.11,5.77,13.65,4.44,165.92,184.68,33.86,1483.5,653.75,86.35,15.83,5.4312,0,184.0,183.5,181.23,86.07,86.42,86.19,184.28142857142856,182.67428571428573,86.11,86.09410714285714,1.1548397494628315,1.3503878476736728,183.94790479368305,183.06877501720297,86.16680296221855,86.03095464622818,1.0,1.0,1.0
1098,2023-01-05,284.95,1,25.7,5.77,13.65,4.44,165.6,182.59,34.05,1470.75,652.75,87.72,16.36,5.3509,0,184.68,184.43,182.84,86.35,86.07,85.9,184.01857142857145,182.66535714285715,86.34571428571428,86.15910714285714,0.9013322056259832,1.243980564666174,183.6084285952623,183.0357560504993,86.55510222166393,86.1474405326952,1.0,1.0,1.0
1099,2023-01-06,289.75,1,24.02,5.77,13.65,4.44,170.81,179.26,34.19,1492.5,654.0,87.5,16.69,5.2254,0,182.59,184.344,183.87,87.72,86.07,86.08,183.29228571428573,182.5007142857143,86.55,86.20982142857142,0.6911700741707056,1.1901587925103172,182.52132144644676,182.77535908149932,86.79132666624795,86.24072049595759,1.0,1.0,1.0
1100,2023-01-07,283.78333333333336,1,25.53,5.77,13.65,4.44,171.04,179.09333333333333,34.13333333333333,1491.1666666666667,653.5833333333334,87.42333333333333,16.663333333333334,5.235133333333333,0,179.26,184.258,183.63333333333333,87.5,86.07,86.10333333333334,182.5544761904762,182.33857142857144,86.74333333333333,86.25696428571429,0.5006124650231429,1.1492135253728153,181.6643244181684,182.521426271281,86.9493283330193,86.3222800019835,1.0,1.0,1.0
1101,2023-01-08,277.81666666666666,1,26.04,5.77,13.65,4.44,171.27,178.92666666666665,34.07666666666667,1489.8333333333333,653.1666666666666,87.34666666666666,16.636666666666667,5.244866666666667,0,179.09333333333333,184.172,183.39666666666668,87.42333333333333,86.07,86.12666666666667,181.80514285714284,182.17892857142851,86.92571428571429,86.30053571428572,0.3566032033950654,1.123178496729965,180.97990998029292,182.2735118157904,87.04866291643114,86.39292735816854,1.0,1.0,1.0
1102,2023-01-09,271.85,1,25.58,5.77,13.65,4.44,171.5,178.76,34.02,1488.5,652.75,87.27,16.61,5.2546,0,178.92666666666665,184.086,183.16,87.34666666666666,86.07,86.15,181.0442857142857,182.0217857142857,87.09714285714286,86.34053571428572,0.3153517274703018,1.113703756824746,180.4249324852197,182.03120065608067,87.10399718732336,86.45341512657069,1.0,1.0,1.0
1103,2023-01-10,287.5,1,26.67,5.77,13.65,4.44,173.16,177.54,34.13,1485.0,655.0,87.33,16.79,5.1997,0,178.76,184.0,182.54,87.27,86.07,86.0,180.12142857142857,181.84321428571428,87.27714285714286,86.38803571428572,0.323403106295104,1.1183291275636975,179.70369936391478,181.72146267979923,87.16049789049252,86.5138692557727,1.0,1.0,1.0
1104,2023-01-11,287.15,1,25.2,5.77,13.65,4.44,171.35,176.65,34.06,1493.0,656.0,87.19,16.81,5.16,0,177.54,184.68,182.95,87.33,86.35,85.79,178.9742857142857,181.61821428571423,87.39714285714285,86.43803571428573,0.3501629034566932,1.0911999979456368,178.94027452293608,181.37170663291653,87.16787341786939,86.56049896227113,1.0,1.0,1.0
1105,2023-01-12,289.8,1,27.46,5.77,13.65,4.44,172.39,177.43,34.83,1518.5,671.0,86.86,17.05,5.1082,0,176.65,182.59,183.22,87.19,87.72,85.91,178.23714285714286,181.41142857142856,87.27428571428571,86.47196428571428,0.3520229842015893,1.0073628618906667,178.56270589220208,181.09986479616367,87.09090506340205,86.58115420625244,1.0,1.0,1.0
1106,2023-02-01,291.1,1,26.19,5.6,13.65,4.44,171.25,173.75,34.14,1516.5,681.0,85.76,16.85,5.0547,0,177.43,179.26,182.88,86.86,87.5,86.44,177.45000000000002,181.08535714285716,87.02571428571427,86.44767857142857,0.3780100659738451,1.0208605247666087,177.35952941915156,180.59297756884203,86.75817879755154,86.5245228816833,1.0,1.0,1.0
1107,2023-02-02,290.1,1,25.35,5.6,13.65,4.44,171.69,172.29,34.21,1527.75,675.25,85.04,16.89,5.0504,0,173.75,179.09333333333333,182.8333333333333,85.76,87.42333333333333,86.31,176.47809523809522,180.70880952380952,86.6852380952381,86.40232142857143,0.750876132252519,1.123659810510683,176.09214706436364,180.02035842616328,86.32863409816366,86.42214199329135,1.0,1.0,1.0
1108,2023-02-03,286.4,1,26.18,5.6,13.65,4.44,172.23,172.32,33.53,1525.5,677.5,84.98,16.54,5.1522,0,172.29,178.92666666666665,182.78666666666663,85.04,87.34666666666666,86.17999999999999,175.53428571428572,180.335,86.34714285714287,86.35946428571428,1.0198999550776269,1.2446230171384889,175.14911029827272,179.48929922435892,85.99147557362275,86.32268392478849,1.0,1.0,1.0
1109,2023-02-04,288.6333333333333,1,27.69,5.6,13.65,4.44,171.65,172.72333333333333,33.53,1521.8333333333333,678.0,85.02666666666667,16.509999999999998,5.150266666666666,0,172.32,178.76,182.74,84.98,87.27,86.05,174.67190476190476,179.9772619047619,86.02666666666667,86.32291666666666,1.1761605934125174,1.349620654322255,174.54266605703788,179.02268088704682,85.75027334688372,86.23330342422837,1.0,1.0,1.0
1110,2023-02-05,290.8666666666667,1,27.09,5.6,13.65,4.44,171.07,173.1266666666667,33.53,1518.1666666666667,678.5,85.07333333333334,16.48,5.148333333333333,0,172.72333333333333,177.54,180.64,85.02666666666667,87.33,85.98,174.0414285714286,179.70892857142857,85.7042857142857,86.29053571428571,1.2231398946211418,1.4251314547815228,174.18866620944507,178.61605921667575,85.58103834349612,86.15330548692525,1.0,1.0,1.0
1111,2023-02-06,293.1,1,26.39,5.6,13.65,4.44,170.49,173.53,33.53,1514.5,679.0,85.12,16.45,5.1464,0,173.1266666666667,176.65,179.76,85.07333333333334,87.19,85.82,173.5957142857143,179.48642857142858,85.40857142857143,86.26553571428572,1.1502820318661446,1.5352610361505263,174.0239996570838,178.2652965120774,85.46577875762209,86.0820430395511,1.0,1.0,1.0
1112,2023-02-07,289.25,1,27.1,5.6,13.65,4.44,173.45,173.03,33.28,1510.25,674.0,84.87,16.32,5.2101,0,173.53,177.43,178.71,85.12,86.86,85.58,172.96714285714285,179.28357142857143,85.12428571428572,86.24017857142859,0.7639089710818388,1.5955725317966698,173.77549974281283,177.90424158021,85.31683406821656,85.99845386440964,1.0,1.0,1.0
1113,2023-02-08,296.6,1,26.34,5.6,13.65,4.44,182.85,172.89,33.32,1513.75,678.5,84.9,16.36,5.2007,0,173.03,173.75,181.11,84.87,85.76,85.8,172.8442857142857,178.98999999999998,85.00142857142859,86.20803571428571,0.3438939350268045,1.6829239679127117,173.55412480710964,177.55843181605758,85.21262555116243,85.92269842548482,1.0,1.0,1.0
1114,2023-02-09,295.15,1,27.41,5.6,13.65,4.44,178.45,173.86,32.99,1511.75,670.75,85.96,16.31,5.2911,0,172.89,172.29,181.1,84.9,85.04,86.0025,173.06857142857143,178.73142857142858,85.13285714285715,86.20651785714286,0.194689123668272,1.755605794084781,173.63059360533222,177.30336755288118,85.39946916337182,85.92527094786519,1.0,1.0,1.0
1115,2023-02-10,295.0,1,27.95,5.6,13.65,4.44,179.6,174.43,33.4,1533.5,680.5,86.03,16.47,5.2151,0,173.86,172.32,181.09,85.96,84.98,86.205,173.37000000000003,178.4935714285714,85.28285714285714,86.20026785714286,0.2228703699765159,1.8350496073313456,173.83044520399915,177.10520427337212,85.55710187252888,85.93249364111585,1.0,1.0,1.0
1116,2023-02-11,293.8868421052632,1,28.95,5.6,13.65,4.44,179.60684210526315,174.13105263157897,33.35157894736842,1531.4342105263158,678.3947368421053,86.03421052631579,16.475263157894737,5.213221052631579,0,174.43,172.72333333333333,181.08,86.03,85.02666666666667,86.4075,173.57110275689226,178.24539473684212,85.42679197994987,86.18693609022556,0.2796999892182762,1.909492988608233,173.9055970608941,176.90009036704157,85.67637903597561,85.93950859871585,1.0,1.0,1.0
1117,2023-02-12,292.7736842105263,1,27.16,5.6,13.65,4.44,179.61368421052632,173.8321052631579,33.30315789473684,1529.3684210526317,676.2894736842105,86.03842105263158,16.480526315789472,5.211342105263157,0,174.13105263157897,173.1266666666667,181.07,86.03421052631579,85.07333333333334,86.61,173.6718796992481,177.98689849624063,85.56466165413534,86.16652255639099,0.3513722161476967,1.9782618987678215,173.88722411146006,176.68850518746336,85.7668895401396,85.94633014726176,1.0,1.0,1.0
1118,2023-03-01,273.85,1,25.62,4.65,13.65,4.44,179.73,168.75,32.48,1494.25,640.5,86.11,16.57,5.1794,0,173.8321052631579,173.53,183.5,86.03842105263158,85.12,86.42,172.989022556391,177.4601127819549,85.70609022556391,86.15545112781955,1.4614636389985824,2.3145060812303004,172.60291808359506,176.14102207108658,85.85266715510471,85.95761772331267,1.0,1.0,1.0
1119,2023-03-02,273.85,1,27.36,4.65,13.65,4.44,181.94,169.23,32.52,1509.25,637.75,86.36,16.59,5.2006,0,168.75,173.03,184.43,86.11,84.87,86.07,172.44616541353383,176.91725563909773,85.91894736842106,86.16580827067669,1.6043092902996992,2.513677333787675,171.75968856269628,175.6643998592875,85.97950036632854,85.98536822515317,1.0,1.0,1.0
1120,2023-03-03,273.85,1,26.39,4.65,13.65,4.44,180.76,169.72,32.65,1518.75,645.25,86.22,16.59,5.1956,0,169.23,172.89,184.344,86.36,84.9,86.07,171.9933082706767,176.39496992481205,86.10751879699248,86.17116541353383,1.846347375744084,2.6515419182021867,171.24976642202222,175.25444124830216,86.03962527474641,86.00154972686674,1.0,1.0,1.0
1121,2023-03-04,273.85,1,26.11,4.65,13.65,4.44,180.63333333333333,169.59666666666666,32.693333333333335,1522.1666666666667,642.5,86.19666666666667,16.62,5.181533333333333,0,169.72,173.86,184.258,86.22,85.96,86.07,171.3842606516291,175.87135087719298,86.141328320802,86.17568922305763,1.874946776086107,2.7780352877286645,170.83649148318332,174.86424989784453,86.07888562272647,86.01500606754259,1.0,1.0,1.0
1122,2023-03-05,273.85,1,27.66,4.65,13.65,4.44,180.50666666666663,169.47333333333333,32.736666666666665,1525.5833333333333,639.75,86.17333333333333,16.65,5.167466666666667,0,169.59666666666666,174.43,184.172,86.19666666666667,86.03,86.07,170.67616541353385,175.3463984962406,86.16180451127819,86.17937969924812,1.7646052033443274,2.895964806902273,170.49570194572084,174.49246254856791,86.10249755037819,86.02592518932126,1.0,1.0,1.0
1123,2023-03-06,273.85,1,27.85,4.65,13.65,4.44,180.38,169.35,32.78,1529.0,637.0,86.15,16.68,5.1534,0,169.47333333333333,174.13105263157897,184.086,86.17333333333333,86.03421052631579,86.07,169.99315789473684,174.82011278195492,86.17834586466167,86.18223684210527,1.4497597006665497,3.0075030739134547,170.20927645929063,174.13780995901152,86.11437316278364,86.03448207281635,1.0,1.0,1.0
1124,2023-03-07,266.95,1,26.77,4.65,13.65,4.44,177.77,168.21,32.4,1515.5,634.25,85.84,16.54,5.191,0,169.35,173.8321052631579,184.0,86.15,86.03842105263158,86.07,169.19,174.25618421052633,86.14999999999999,86.17402255639097,0.6380810232943566,3.0931524284393443,169.70945734446798,173.72899547907969,86.04577987208773,86.02106951607038,1.0,1.0,1.0
1125,2023-03-08,266.95,1,25.42,4.65,13.65,4.44,177.47,167.76,32.62,1517.75,625.5,86.03,16.73,5.1453,0,168.21,168.75,184.68,85.84,86.11,86.35,169.04857142857142,173.65189849624062,86.13857142857144,86.16259398496241,0.6235877468349155,3.1341661234332574,169.22209300835098,173.3173406184535,86.04183490406581,86.0216854115138,1.0,1.0,1.0
1126,2023-03-09,276.8,1,26.49,4.65,13.65,4.44,173.13,167.24,32.57,1510.75,611.5,85.47,16.65,5.1645,0,167.76,169.23,182.59,86.03,86.36,87.72,168.7642857142857,173.10368421052632,86.01142857142857,86.08223684210527,0.407787014789819,3.1233674373720857,168.72656975626325,172.8982136792498,85.89887617804936,85.98363814175423,1.0,1.0,1.0
1127,2023-03-10,282.2,1,28.03,4.65,13.65,4.44,170.4,167.83,32.18,1507.0,624.25,85.32,16.36,5.2166,0,167.24,169.72,179.26,85.47,86.22,87.5,168.49428571428572,172.69546992481202,85.88285714285715,86.00437969924813,0.6258287928840114,3.040897809394808,168.50242731719743,172.5486817013705,85.75415713353702,85.93786999404705,1.0,1.0,1.0
1128,2023-03-11,282.81041666666664,1,26.66,4.65,13.65,4.44,171.03583333333333,167.33416666666668,32.11958333333333,1506.5,625.6458333333334,85.19833333333332,16.355,5.210208333333333,0,167.83,169.59666666666666,179.09333333333333,85.32,86.19666666666667,87.42333333333333,168.17107142857142,172.27549968671678,85.74023809523808,85.92491541353384,0.708973240365052,2.9561558966802437,168.2103621545647,172.18905997483918,85.61520118348609,85.88686746572196,1.0,1.0,1.0
1129,2023-03-12,283.4208333333333,1,26.41,4.65,13.65,4.44,171.67166666666668,166.83833333333334,32.05916666666667,1506.0,627.0416666666666,85.07666666666667,16.349999999999998,5.2038166666666665,0,167.33416666666668,169.47333333333333,178.92666666666665,85.19833333333332,86.17333333333333,87.34666666666666,167.79464285714286,171.8437734962406,85.58357142857143,85.8438439849624,0.6949952486814668,2.8695561016558275,167.86735494925688,171.8200443443905,85.48056755428124,85.83099154854574,1.0,1.0,1.0
1130,2023-04-01,295.62916666666666,1,26.06,4.18,13.65,3.85,184.3883333333333,156.92166666666668,30.85083333333333,1496.0,654.9583333333334,82.64333333333335,16.25,5.075983333333333,0,166.83833333333334,169.35,178.76,85.07666666666667,86.15,87.27,166.01916666666668,171.06383302005014,85.08261904761903,85.6786058897243,1.1549341918596483,2.928873126850524,165.13093287860931,170.79257002178886,84.77125899904425,85.61115305094488,1.0,1.0,1.0
1131,2023-04-02,296.23958333333337,1,26.35,4.18,13.65,3.85,185.02416666666667,156.42583333333334,30.790416666666665,1495.5,656.3541666666666,82.52166666666668,16.244999999999997,5.069591666666667,0,156.92166666666668,168.21,177.54,82.64333333333335,85.84,87.33,164.33571428571426,170.30975563909774,84.60857142857142,85.50687969924812,1.478547379222522,2.953325636037216,162.95465799229032,169.80176059499885,84.20886091594986,85.39808502444293,1.0,1.0,1.0
1132,2023-04-03,296.85,1,25.06,4.18,13.65,3.85,185.66,155.93,30.73,1495.0,657.75,82.4,16.24,5.0632,0,156.42583333333334,167.76,176.65,82.52166666666668,86.03,87.19,162.6457142857143,169.56975563909776,84.09,85.3358082706767,1.7139417230923288,2.941959382537501,161.19849349421776,168.84508745051616,83.7566456869624,85.19132053999859,1.0,1.0,1.0
1133,2023-04-04,294.25,1,26.16,4.18,13.65,3.85,188.32,155.5,30.57,1482.75,653.75,81.12,15.95,5.0716,0,155.93,167.24,177.43,82.4,85.47,86.86,160.96857142857144,168.78654135338346,83.46857142857142,85.1308082706767,1.7139417230922964,2.840130361273367,159.77387012066333,167.92473659185987,83.0974842652218,84.91053981310212,1.0,1.0,1.0
1134,2023-04-05,290.3,1,26.97,4.18,13.65,3.85,190.42,154.65,30.6,1477.75,652.75,80.89,16.0,5.034,0,155.5,167.83,173.75,81.12,85.32,85.76,159.08571428571432,168.10439849624063,82.83571428571429,84.95687969924812,1.5851801885452732,2.7974723770271317,158.4929025904975,167.00923751655918,82.54561319891634,84.63326120530196,1.0,1.0,1.0
1135,2023-04-06,294.15,1,26.57,4.18,13.65,3.85,190.33,152.65,30.17,1462.5,643.5,80.24,15.86,5.057,0,154.65,167.33416666666668,172.29,80.89,85.19833333333332,85.04,156.9879761904762,167.40296992481203,82.12738095238095,84.78545112781956,1.7480481421441587,2.9763228531207084,157.03217694287312,166.01894527403786,81.96920989918726,84.33027767390182,1.0,1.0,1.0
1136,2023-04-07,291.8375,1,24.82,4.18,13.65,3.85,189.755,152.16500000000002,30.06,1462.3125,646.125,80.0275,15.81,5.059125,0,152.65,166.83833333333334,172.32,80.24,85.07666666666667,84.98,154.89178571428573,166.68314849624062,81.40607142857142,84.60857612781955,1.4316258517371785,3.1264867557048617,155.81538270715487,165.06350077238008,81.48378242439045,84.03353438604651,1.0,1.0,1.0
1137,2023-04-08,289.525,1,26.65,4.18,13.65,3.85,189.18,151.68,29.950000000000003,1462.125,648.75,79.815,15.76,5.06125,0,152.16500000000002,156.92166666666668,172.72333333333333,80.0275,82.64333333333335,85.02666666666667,154.1429761904762,165.931600877193,81.00202380952382,84.4224451754386,1.5613149928184575,3.2381046979050074,154.78153703036617,164.14050071911248,81.06658681829285,83.74260098011226,1.0,1.0,1.0
1138,2023-04-09,287.2125,1,26.65,4.18,13.65,3.85,188.605,151.195,29.84,1461.9375,651.375,79.60249999999999,15.71,5.063375000000001,0,151.68,156.42583333333334,173.1266666666667,79.815,82.52166666666668,85.07333333333334,153.3957142857143,165.1483270676692,80.58500000000001,84.2270582706767,1.571845318114501,3.3160908090144057,153.88490277277464,163.24770756607023,80.70056511371963,83.45707677458728,1.0,1.0,1.0
1139,2023-04-10,284.9,1,26.75,4.18,13.65,3.85,188.03,150.71,29.73,1461.75,654.0,79.39,15.66,5.0655,0,151.195,155.93,173.53,79.60249999999999,82.4,85.12,152.65000000000003,164.3333270676692,80.155,84.02241541353384,1.4754223712097116,3.363776909329019,153.09117707958097,162.38303807875505,80.37292383528973,83.17658872116746,1.0,1.0,1.0
1140,2023-04-11,293.0,1,26.16,4.18,13.65,3.85,186.9,148.35,29.63,1471.25,651.0,78.34,15.65,5.0054,0,150.71,155.5,173.03,79.39,81.12,84.87,151.62857142857143,163.4518984962406,79.75785714285715,83.78920112781954,1.1185968570346998,3.408226730806138,151.90588280968572,161.41524234918572,79.8646928764673,82.84303087832832,1.0,1.0,1.0
1141,2023-04-12,291.55,1,26.94,4.18,13.65,3.85,187.05,146.54,29.64,1472.25,656.0,77.66,15.71,4.9181,0,148.35,154.65,172.89,78.34,80.89,84.9,150.47,162.5108270676692,79.29642857142856,83.53062969924812,1.073232647808822,3.5478258700231864,150.56441210726427,160.38936356648324,79.31351965735047,82.48558047292637,1.0,1.0,1.0
1142,2023-05-01,274.26,1,26.1,3.94,13.65,3.85,182.07,140.2985,27.8255,1427.5,639.5,65.158,12.9265,4.9889,0,146.54,152.65,173.86,77.66,80.24,85.96,148.7055,161.31220206766918,77.14185714285713,82.78770112781956,2.675566266593915,3.380876432654403,147.9979340804482,159.00378676879475,75.77463974301286,81.29057492306939,1.0,1.0,1.0
1143,2023-05-02,273.35,1,27.61,3.94,13.65,3.85,181.0,139.97,27.73,1410.75,638.0,64.5,12.78,5.0387,0,140.2985,152.16500000000002,174.43,65.158,80.0275,86.03,146.96335714285715,160.08148778195488,74.92364285714287,82.01877255639099,3.869571279580212,3.2918600065979526,145.99095056033616,157.6911118192227,72.95597980725964,80.13260423871978,1.0,1.0,1.0
1144,2023-05-03,262.3,1,25.94,3.94,13.65,3.85,176.9,137.85,27.62,1417.5,645.25,64.15,12.85,4.9949,0,139.97,151.68,174.13105263157897,64.5,79.815,86.03421052631579,144.98764285714284,158.78573590225565,72.68578571428571,81.23719360902257,4.708241011074595,3.2774564543502533,143.95571292025213,156.32275927996596,70.75448485544473,79.0303556705322,1.0,1.0,1.0
1145,2023-05-04,260.45,1,25.78,3.94,13.65,3.85,179.43,138.49,27.74,1417.75,646.5,62.85,12.59,4.9822,0,137.85,151.195,173.8321052631579,64.15,79.60249999999999,86.03842105263158,143.17264285714285,157.52351785714285,70.29257142857143,80.40903571428571,5.0644241367338605,3.280020294354704,142.5892846901891,155.09291381238208,68.77836364158355,77.91446907256447,1.0,1.0,1.0
1146,2023-05-05,269.6,1,25.9,3.94,13.65,3.85,180.61,139.45,28.21,1436.5,653.25,62.32,12.6,4.9518,0,138.49,150.71,168.75,62.85,79.39,86.11,141.56407142857142,156.4770892857143,67.854,79.55939285714285,4.973741662214397,3.3961506524045277,141.8044635176418,154.0140921701488,67.16377273118766,76.83898844687037,1.0,1.0,1.0
1147,2023-05-06,271.18333333333334,0,28.05,3.94,13.65,3.85,180.79,140.15333333333334,28.21666666666667,1435.5833333333333,654.3333333333334,62.13,12.506666666666666,4.9711,0,139.45,148.35,169.23,62.32,78.34,86.36,140.39311904761902,155.43863690476192,65.53828571428572,78.69403571428572,4.25192537419859,3.473857611187783,141.39168097156468,153.0581777676098,65.90532954839075,75.8245754505345,1.0,1.0,0.8571428571428571
1148,2023-05-07,272.7666666666667,0,27.98,3.94,13.65,3.85,180.97,140.85666666666663,28.223333333333333,1434.6666666666667,655.4166666666666,61.94,12.413333333333334,4.9904,0,140.15333333333334,146.54,169.72,62.13,77.66,86.22,139.58121428571428,154.40780357142856,63.29257142857143,77.82689285714287,1.065637896747034,3.5667058531250624,141.25792739534018,152.21669424340683,64.91399716129307,74.86701852291142,0.0,1.0,0.7142857142857143
1149,2023-05-08,274.35,0,27.11,3.94,13.65,3.85,181.15,141.56,28.23,1433.75,656.5,61.75,12.32,5.0097,0,140.85666666666663,140.2985,169.59666666666666,61.94,65.158,86.19666666666667,139.76142857142855,153.40649404761908,62.80571428571428,76.95379761904762,0.4284671830882519,3.649057988413897,141.33344554650512,151.48174981282705,64.1229978709698,73.96239655581408,0.0,1.0,0.5714285714285714
1150,2023-05-09,272.55,0,27.13,3.94,13.65,3.85,180.12,141.7,28.41,1414.25,642.25,60.46,12.12,4.9862,0,141.56,139.97,169.47333333333333,61.75,64.5,86.17333333333333,140.00857142857143,152.4145892857143,62.22857142857142,76.03546428571428,0.7369078005933725,3.6799252319865623,141.42508415987885,150.80714637745967,63.20724840322735,73.03119679334415,0.0,1.0,0.4285714285714285
1151,2023-05-10,274.7,0,28.08,3.94,13.65,3.85,180.78,140.13,28.3,1404.0,645.5,60.13,12.14,4.9424,0,141.7,137.85,169.35,60.46,64.15,86.15,140.33428571428573,151.37101785714285,61.65428571428571,75.10617857142857,0.7267431152442224,3.736360428789984,141.10131311990915,150.07079145487623,62.43793630242051,72.14145908345834,0.0,1.0,0.2857142857142857
1152,2023-05-11,271.25,0,27.89,3.94,13.65,3.85,179.0,140.77,28.48,1405.5,632.5,58.69,11.87,4.9295,0,140.13,138.49,168.21,60.13,62.85,85.84,140.66,150.39101785714283,61.06,74.13653571428573,0.6406505338912941,3.790010967184488,141.01848483993186,149.4293575614365,61.500952226815386,71.21377225011639,0.0,1.0,0.1428571428571428
1153,2023-05-12,272.55,0,27.75,3.94,13.65,3.85,180.43,138.77,28.16,1390.0,633.25,58.79,11.93,4.9195,0,140.77,139.45,167.76,58.69,62.32,86.03,140.56285714285713,149.3556607142857,60.55571428571428,73.16367857142858,0.8026998094718036,3.803175964518731,140.4563636299489,148.6942294537512,60.823214170111534,70.35696037079802,0.0,1.0,0.0
1154,2023-06-01,243.9,0,27.59,3.16,13.65,3.85,175.62,133.77,26.68,1244.0,592.5,53.9,10.75,5.014,1,138.77,140.15333333333334,167.24,58.79,62.13,85.47,139.65095238095236,148.16030357142856,59.38,72.03617857142858,4.168423901563699,4.115705759245286,138.78477272246167,147.66497225004423,59.09241062758365,69.22199758660506,0.0,0.0,0.0
1155,2023-06-02,248.3,0,27.93,3.16,13.65,3.85,180.77,134.6,27.15,1262.5,609.0,53.72,10.84,4.9571,1,133.77,140.85666666666663,167.83,53.9,61.94,85.32,138.75714285714284,146.97351785714287,58.205714285714286,70.90760714285715,5.614719721501493,4.472999862981873,137.73857954184626,146.76393968107567,57.74930797068774,68.15289430477023,0.0,0.0,0.0
1156,2023-06-03,248.4833333333333,0,27.7,3.16,13.65,3.85,181.08666666666667,134.95666666666665,27.28,1262.0,605.1666666666666,53.69,10.856666666666667,4.947699999999999,1,134.6,141.56,167.33416666666668,53.72,61.75,85.19833333333332,137.81380952380954,145.81717857142857,57.05428571428571,69.78230952380952,6.190282048237484,4.784423663905863,137.04310132305136,145.94964499042678,56.7344809780158,67.15545331823435,0.0,0.0,0.0
1157,2023-06-04,248.66666666666663,0,27.13,3.16,13.65,3.85,181.4033333333333,135.31333333333333,27.41,1261.5,601.3333333333334,53.66,10.873333333333331,4.9383,1,134.95666666666665,141.7,166.83833333333334,53.69,60.46,85.07666666666667,136.90142857142857,144.6912857142857,56.08285714285714,68.66028571428572,6.3662265759492325,5.057947337293151,136.61065932562184,145.2161062554548,55.96586073351185,66.22473239973543,0.0,0.0,0.0
1158,2023-06-05,248.85,0,26.29,3.16,13.65,3.85,181.72,135.67,27.54,1261.0,597.5,53.63,10.89,4.9289,1,135.31333333333333,140.13,156.92166666666668,53.66,60.13,82.64333333333335,136.2642857142857,143.9322976190476,55.15428571428572,67.62409523809524,5.805855945965334,5.340372459594341,136.37549449421638,144.55775409990622,55.38189555013389,65.35613016527093,0.0,0.0,0.0
1159,2023-06-06,244.9,0,25.75,3.16,13.65,3.85,179.84,135.21,27.52,1265.75,608.0,54.07,11.01,4.9125,1,135.67,140.77,156.42583333333334,53.63,58.69,82.52166666666668,135.47,143.1745892857143,54.49428571428572,66.60796428571429,4.605474116388941,5.755251851114555,136.0841208706623,143.91308140336096,55.053921662600416,64.57777636076948,0.0,0.0,0.0
1160,2023-06-07,244.4,0,26.31,3.16,13.65,3.85,178.09,135.53,27.52,1267.25,604.25,53.72,10.91,4.9235,1,135.21,138.77,155.93,54.07,58.79,82.4,135.00714285714284,142.44601785714286,53.77,65.58367857142858,1.5269898359768512,6.064186385890424,135.9455906529967,143.3349378583016,54.72044124695031,63.82896419795779,0.0,0.0,0.0
1161,2023-06-08,247.75,0,25.86,3.16,13.65,3.85,180.92,135.365,27.625,1279.25,610.25,53.725,10.965,4.9235,1,135.53,133.77,155.5,53.72,53.9,81.12,135.235,141.7269107142857,53.745000000000005,64.60528571428571,1.2436401474378498,6.317385946440834,135.80044298974752,142.78528697152217,54.47158093521273,63.13213908085724,0.0,0.0,0.0
1162,2023-06-09,251.1,0,26.48,3.16,13.65,3.85,180.32,135.2,27.73,1296.0,604.25,53.73,11.02,4.8791,1,135.365,134.6,154.65,53.725,53.72,80.89,135.32071428571427,141.03226785714284,53.74642857142857,63.63528571428572,1.108054002953823,6.5189155612147145,135.65033224231064,142.26216373210684,54.28618570140954,62.48371569597054,0.0,0.0,0.0
1163,2023-06-10,246.61666666666667,0,26.68,3.16,13.65,3.85,178.53666666666666,135.23333333333332,27.756666666666668,1294.8333333333333,608.5833333333334,53.74333333333333,11.03,4.873166666666667,1,135.2,134.95666666666665,152.65,53.73,53.69,80.24,135.3602380952381,140.41024404761905,53.75404761904762,62.68897619047619,0.949652997846602,6.713729452061042,135.5460825150663,141.7774168080535,54.15047260939049,61.88093070544383,0.0,0.0,0.0
1164,2023-06-11,242.13333333333333,0,27.95,3.16,13.65,3.85,176.75333333333333,135.26666666666668,27.78333333333333,1293.6666666666667,612.9166666666666,53.75666666666667,11.04,4.867233333333333,1,135.23333333333332,135.31333333333333,152.16500000000002,53.74333333333333,53.66,80.0275,135.35357142857143,139.80673214285713,53.767857142857146,61.750732142857146,0.752158797818162,6.904548047989072,135.4762285529664,141.32839955692336,54.05202112370954,61.32063663380402,0.0,0.0,0.0
1165,2023-06-12,237.65,0,27.57,3.16,13.65,3.85,174.97,135.3,27.81,1292.5,617.25,53.77,11.05,4.8613,1,135.26666666666668,135.67,151.68,53.75666666666667,53.63,79.815,135.3007142857143,139.22173214285715,53.78785714285715,60.82055357142857,0.4649994513848633,7.091223372984462,135.4321714147248,140.9126478633424,53.98151584278215,60.79990307285202,0.0,0.0,0.0
1166,2023-07-01,257.0119047619048,0,25.43,3.99,13.65,2.36,180.97761904761907,140.73761904761906,29.26666666666667,1451.059523809524,562.9642857142857,55.36238095238095,11.511428571428572,4.812804761904761,1,135.3,135.21,151.195,53.77,54.07,79.60249999999999,136.09037414965988,138.84825425170067,53.97248299319728,59.95483503401361,0.6493853820496595,7.189869234225223,136.75853332294835,140.90057691053389,54.32673212018185,60.42490154730229,0.0,0.0,0.0
1167,2023-07-02,258.0309523809524,0,24.95,3.99,13.65,2.36,181.2938095238096,141.02380952380952,29.343333333333334,1459.404761904762,560.1071428571429,55.44619047619048,11.535714285714286,4.810252380952381,1,140.73761904761906,135.53,150.71,55.36238095238095,53.72,79.39,136.87520408163266,138.502318877551,54.219081632653065,59.09969897959184,0.8022542687303366,7.278181943274475,137.82485237316365,140.90907571144945,54.60659670918401,60.08154216308768,0.0,0.0,0.0
1168,2023-07-03,259.05,0,24.94,3.99,13.65,2.36,181.61,141.31,29.42,1467.75,557.25,55.53,11.56,4.8077,1,141.02380952380952,135.365,148.35,55.44619047619048,53.725,78.34,137.72448979591837,138.25089030612244,54.4769387755102,58.28505612244898,0.8866763795631231,7.354334388267258,138.69613927987274,140.93672566238396,54.83744753188801,59.76764270356439,0.0,0.0,0.0
1169,2023-07-04,251.875,0,25.28,3.99,13.65,2.36,180.485,141.66,29.365,1468.25,552.75,55.825,11.57,4.82775,1,141.31,135.2,146.54,55.53,53.73,77.66,138.6473469387755,138.07660459183674,54.77622448979592,57.50523469387755,1.1163506974182975,7.384540262067511,139.43710445990456,140.98660665118507,55.08433564891601,59.49573631021512,0.0,0.0,0.0
1170,2023-07-05,244.7,0,24.77,3.99,13.65,2.36,179.36,142.01,29.31,1468.75,548.25,56.12,11.58,4.8478,1,141.66,135.23333333333332,140.2985,55.825,53.74333333333333,65.158,139.61544217687074,138.13772959183677,55.115748299319726,57.18244897959185,1.3596839108235663,7.310539810198589,140.08032834492843,141.05718550282748,55.34325173668701,59.26292690951063,0.0,0.0,0.0
1171,2023-07-06,257.3,0,25.05,3.99,13.65,2.36,178.77,144.66,29.37,1448.25,566.75,55.35,11.24,4.9193,1,142.01,135.26666666666668,139.97,56.12,53.75666666666667,64.5,140.95734693877552,138.3052295918367,55.343367346938784,56.85566326530613,1.3975673739601755,7.132779948052784,141.22524625869633,141.3056554681497,55.34493880251525,58.99306988126852,0.0,0.0,0.0
1172,2023-07-07,256.25,0,24.88,3.99,13.65,2.36,177.5,142.27,29.28,1427.75,560.5,55.88,11.5,4.872,1,144.66,135.3,137.85,55.35,53.77,64.15,141.9530612244898,138.46308673469386,55.64479591836734,56.56030612244898,0.9681557047025762,6.90053330682051,141.48643469402225,141.37216198758765,55.47870410188644,58.778375406698274,0.0,0.0,0.0
1173,2023-07-08,255.7333333333333,0,25.24,3.99,13.65,2.36,177.29,142.56666666666666,29.29,1437.0,563.9166666666666,55.85,11.473333333333333,4.8806,1,142.27,140.73761904761906,138.49,55.88,55.36238095238095,62.85,142.2143537414966,138.6086819727891,55.71445578231293,56.310306122448985,0.9723449452136896,6.611348548842559,141.75649268718337,141.45454162062757,55.57152807641483,58.57641848209839,0.0,0.0,0.0
1174,2023-07-09,255.21666666666667,0,26.12,3.99,13.65,2.36,177.08,142.86333333333334,29.3,1446.25,567.3333333333334,55.82,11.446666666666667,4.8892,1,142.56666666666666,141.02380952380952,139.45,55.85,55.44619047619048,62.32,142.4771428571429,138.73058673469387,55.767857142857146,56.07816326530612,0.9975081765838556,6.285920581443364,142.03320284872086,141.55169966977968,55.63364605731112,58.38632065574677,0.0,0.0,0.0
1175,2023-07-10,254.7,0,26.88,3.99,13.65,2.36,176.87,143.16,29.31,1455.5,570.75,55.79,11.42,4.8978,1,142.86333333333334,141.31,140.15333333333334,55.82,55.53,62.13,142.74142857142857,138.83796768707484,55.805,55.85173469387755,1.039052802131314,5.906377215035816,142.31490213654064,141.66261693393278,55.672734542983335,58.20726405879872,0.0,0.0,0.0
1176,2023-07-11,257.15,0,26.48,3.99,13.65,2.36,177.87,146.21,30.1,1471.5,571.75,55.24,11.37,4.8538,1,143.16,141.66,140.85666666666663,55.79,55.825,61.94,143.39142857142858,139.02915816326532,55.721428571428575,55.61244897959183,1.349728283730665,5.495486382863119,143.28867660240547,141.97622955917882,55.5645509072375,58.002625158191904,0.0,0.0,0.0
1177,2023-07-12,258.0,0,27.24,3.99,13.65,2.36,176.88,143.41,29.76,1444.25,549.75,55.29,11.48,4.8184,1,146.21,142.01,141.56,55.24,56.12,61.75,143.59142857142857,139.09522959183673,55.60285714285715,55.38173469387755,1.1512952382498274,4.9623485753287975,143.3190074518041,142.07511027923545,55.495913180428126,57.81554756107522,0.0,0.0,0.0
1178,2023-08-01,240.1,0,28.86,4.61,13.65,2.36,194.94,146.47,30.57,1386.75,497.0,53.75,11.22,4.7911,1,143.41,144.66,141.7,55.29,55.35,60.46,143.85,139.26558673469387,55.37428571428571,55.142091836734686,0.9721967084403448,4.506896439750554,144.10675558885308,142.3782061220468,55.059434885321096,57.53516497065623,0.0,0.0,0.0
1179,2023-08-02,242.1,0,27.1,4.61,13.65,2.36,194.79,146.42,30.48,1376.5,488.25,53.22,11.08,4.812,1,146.47,142.27,140.13,53.75,55.88,60.13,144.44285714285715,139.49022959183674,54.99428571428571,54.89530612244898,0.9386437845039606,3.7779403085417314,144.6850666916398,142.6569505274229,54.599576163990825,57.23756738647304,0.0,0.0,0.0
1180,2023-08-03,232.4,0,26.83,4.61,13.15,2.36,197.88,147.3,30.13,1382.0,480.75,53.47,10.94,4.917,1,146.42,142.56666666666666,140.77,53.22,55.85,58.69,145.11904761904762,139.723443877551,54.65428571428571,54.70887755102041,0.9116629046382928,2.766390999651167,145.33880001872984,142.9771608358765,54.31718212299312,56.97773515292317,0.0,0.0,0.0
1181,2023-08-04,240.2,0,27.08,4.61,13.15,2.36,200.06,147.82,30.36,1387.0,484.25,53.19,10.92,4.8733,1,147.3,142.86333333333334,138.77,53.47,55.82,58.79,145.82714285714286,140.0466581632653,54.27857142857143,54.50887755102041,1.2757390815030805,1.4909063128836768,145.95910001404738,143.31114974374708,54.03538659224483,56.71651203892847,0.0,0.0,0.0
1182,2023-08-05,239.36666666666665,0,28.0,4.61,13.15,2.36,201.13,147.56333333333333,30.25333333333333,1374.0833333333333,483.5833333333333,53.17,10.896666666666668,4.8821666666666665,1,147.82,143.16,133.77,53.19,55.79,53.9,146.45619047619047,140.53927721088434,53.90428571428572,54.48280612244898,1.3008317590290703,1.497329459854241,146.36015834386887,143.6044037844082,53.81903994418363,56.47192500176099,0.0,0.0,0.0
1183,2023-08-06,238.53333333333333,0,29.03,4.61,13.15,2.36,202.2,147.30666666666667,30.146666666666665,1361.1666666666667,482.9166666666667,53.15,10.873333333333331,4.891033333333334,1,147.56333333333333,146.21,134.6,53.17,55.24,53.72,146.61285714285714,140.9930867346939,53.605714285714285,54.46244897959184,1.3493278750097022,1.535998393646045,146.59678542456834,143.8597322590467,53.65177995813772,56.24282672577747,0.0,0.0,0.0
1184,2023-08-07,237.7,0,28.05,4.61,13.15,2.36,203.27,147.05,30.04,1348.25,482.25,53.13,10.85,4.8999,1,147.30666666666667,143.41,134.95666666666665,53.15,55.29,53.69,147.13285714285715,141.42499149659866,53.29714285714285,54.442448979591845,0.9618689290787228,1.553358744899612,146.71008906842627,144.07975072394004,53.52133496860329,56.02814902055143,0.0,0.0,0.0
1185,2023-08-08,238.0,0,27.51,4.61,13.15,2.36,200.08,146.23,29.86,1353.5,485.75,52.96,10.81,4.8996,1,147.05,146.47,135.31333333333333,53.13,53.75,53.66,147.09857142857143,141.8148724489796,53.18428571428571,54.41744897959184,0.9613595814731892,1.5701943881555374,146.5900668013197,144.2280437774614,53.38100122645247,55.81655253637547,0.0,0.0,0.0
1186,2023-08-09,237.35,0,27.65,4.61,13.15,2.36,201.47,146.47,29.84,1355.25,481.0,52.97,10.79,4.902,1,146.23,146.42,135.67,52.96,53.22,53.63,147.1057142857143,142.20058673469387,53.14857142857143,54.39387755102041,0.7391859836060113,1.6243340060598217,146.56005010098977,144.38266144798132,53.27825091983935,55.62023856834958,0.0,0.0,0.0
1187,2023-08-10,233.95,0,28.75,4.61,13.15,2.36,199.79,146.77,30.08,1352.0,483.25,52.65,10.79,4.8924,1,146.47,147.3,135.21,52.97,53.47,54.07,147.03,142.61344387755102,53.03142857142857,54.34316326530613,0.5128830076966551,1.685764881973408,146.61253757574232,144.54730548605156,53.12118818987951,55.415394529153055,0.0,0.0,0.0
1188,2023-08-11,230.1,0,28.0,4.61,13.15,2.36,200.74,146.5,29.88,1337.25,474.5,52.84,10.78,4.9048,1,146.77,147.82,135.53,52.65,53.19,53.72,146.8414285714286,143.00522959183675,52.98142857142857,54.31173469387755,0.4658238258471145,1.7263978346981603,146.58440318180675,144.6819740732204,53.05089114240963,55.2377811133494,0.0,0.0,0.0
1189,2023-08-12,228.65,0,28.04,4.61,13.15,2.36,200.60619047619048,146.7304761904762,29.916666666666664,1338.7738095238096,474.0357142857143,52.889523809523816,10.786190476190477,4.90677619047619,1,146.5,147.56333333333333,135.365,52.84,53.17,53.725,146.72244897959186,143.41113945578232,52.94136054421769,54.28189625850341,0.4597188415675024,1.7667106409137343,146.6209214339741,144.823250081307,53.01054930918818,55.07583233377522,0.0,0.0,0.0
1190,2023-09-01,199.65,0,28.21,5.19,13.15,2.36,197.93,151.34,30.65,1369.25,464.75,53.88,10.91,4.9463,2,146.7304761904762,147.30666666666667,135.2,52.889523809523816,53.15,53.73,147.2986394557823,143.9875680272109,53.0456462585034,54.28725340136055,0.4573397899345445,1.7971311813239752,147.8006910754806,145.27268111018236,53.22791198189113,54.99336113834245,0.0,0.0,0.0
1191,2023-09-02,199.9875,0,26.99,5.19,13.15,2.36,197.8425,151.2125,30.56,1368.1875,466.3125,53.91,10.8925,4.9515,2,151.34,147.05,135.23333333333332,53.88,53.13,53.74333333333333,147.89328231292515,144.55825255102042,53.15707482993197,54.29320578231293,0.4028871922473923,1.8235687651404704,148.65364330661043,145.68232379223875,53.39843398641835,54.91864657707745,0.0,0.0,0.0
1192,2023-09-03,200.325,0,29.09,5.19,13.15,2.36,197.755,151.085,30.47,1367.125,467.875,53.94,10.875,4.9567,2,151.2125,146.23,135.26666666666668,53.91,52.96,53.75666666666667,148.58685374149658,145.1231930272109,53.297074829931965,54.29975340136055,0.3368598406785914,1.8458137219930888,149.26148247995783,146.0549221513947,53.53382548981376,54.8511537096928,0.0,0.0,0.0
1193,2023-09-04,200.6625,0,29.88,5.19,13.15,2.36,197.6675,150.9575,30.38,1366.0625,469.4375,53.97,10.8575,4.9619,2,151.085,146.47,135.3,53.94,52.97,53.77,149.22792517006806,145.68238945578233,53.43993197278912,54.3068962585034,0.3516946538142174,1.863415402554872,149.68548685996836,146.39303096853988,53.64286911736032,54.79038448833467,0.0,0.0,0.0
1194,2023-09-05,201.0,0,29.09,5.19,13.15,2.36,197.58,150.83,30.29,1365.0,471.0,54.0,10.84,4.9671,2,150.9575,146.77,140.73761904761906,53.97,52.65,55.36238095238095,149.80792517006805,146.04283163265308,53.63278911564627,54.25823979591837,0.1583445526514628,1.8562099022093048,149.97161514497628,146.69902883277848,53.73215183802024,54.735875213277104,0.0,0.0,0.0
1195,2023-09-06,200.35,0,30.39,5.19,13.15,2.36,198.68,151.58,30.4,1376.25,471.5,53.86,10.8,4.9784,2,150.83,146.5,141.02380952380952,54.0,52.84,55.44619047619048,150.53363945578232,146.41983843537415,53.77850340136054,54.20159013605443,0.9172918872907344,1.9680854182567007,150.3737113587322,147.03564753396617,53.76411387851519,54.67547002615454,0.0,0.0,0.0
1196,2023-09-07,201.525,0,29.87,5.19,13.15,2.36,200.27,151.66500000000002,30.42,1359.5,470.75,54.21,10.87,4.9767,2,151.58,146.7304761904762,141.31,53.86,52.889523809523816,55.53,151.23857142857145,146.7896598639456,53.96714285714285,54.15444727891157,1.4356254414558425,2.115504118332541,150.69653351904918,147.35491322127885,53.8755854088864,54.64336864504043,0.0,0.0,0.0
1197,2023-09-08,202.7,0,29.21,5.19,13.15,2.36,199.98,151.75,30.44,1363.0,468.5,54.56,10.94,4.9882,2,151.66500000000002,151.34,141.66,54.21,53.88,55.825,151.2971428571429,147.15001700680273,54.06428571428571,54.109268707483,1.588995318571113,2.152789253961702,150.9599001392869,147.6580226542941,54.0466890566648,54.6376190833135,0.0,0.0,0.0
1198,2023-09-09,203.1833333333333,0,29.91,5.19,13.15,2.36,200.28333333333333,151.23333333333332,30.436666666666667,1365.0,469.4166666666667,54.31333333333333,10.926666666666666,4.969033333333333,2,151.75,151.2125,142.01,54.56,53.91,56.12,151.30011904761906,147.47942176870748,54.121904761904766,54.04474489795918,1.6505224899369768,2.112041130407744,151.0282584377985,147.90459580457266,54.11335012583193,54.61525454883211,0.0,0.0,0.0
1199,2023-09-10,203.66666666666663,0,30.32,5.19,13.15,2.36,200.58666666666664,150.71666666666667,30.433333333333334,1367.0,470.3333333333333,54.06666666666667,10.913333333333334,4.949866666666667,2,151.23333333333332,151.085,144.66,54.31333333333333,53.94,55.35,151.2475,147.695731292517,54.14,53.99891156462585,1.5897932665529917,2.010865053790213,150.95036049501556,148.09853172609638,54.101679261040616,54.57742090178622,0.0,0.0,0.0
1200,2023-09-11,204.15,0,30.31,5.19,13.15,2.36,200.89,150.2,30.43,1369.0,471.25,53.82,10.9,4.9307,2,150.71666666666667,150.9575,142.27,54.06666666666667,53.97,55.88,151.13928571428573,147.9789455782313,54.11857142857143,53.92534013605442,1.3360518205188834,2.0690724379832024,150.76277037126167,148.24346057257247,54.031259445780464,54.5251849775251,0.0,0.0,0.0
1201,2023-09-12,196.35,0,30.16,5.19,13.15,2.36,201.11,149.24,30.12,1346.5,463.25,53.28,10.76,4.947,2,150.2,150.83,142.56666666666666,53.82,54.0,55.85,150.91214285714287,148.21727891156462,54.01571428571429,53.83355442176871,0.4973129612200217,2.093091893428867,150.38207777844625,148.31218742963642,53.84344458433535,54.43931015148889,0.0,0.0,0.0
1202,2023-10-01,234.065,0,31.43,4.82,12.65,2.38,195.5525,142.97,28.2485,1299.2375,487.475,57.84,11.425,5.0553,2,149.24,151.58,142.86333333333334,53.28,53.86,55.82,149.68214285714288,148.22108843537416,54.58428571428572,53.90569727891157,0.38887553458321,2.1063944386454625,148.52905833383468,147.94376071035117,54.84258343825152,54.673840485868965,0.0,0.0,0.0
1203,2023-10-02,236.05,0,32.21,4.82,12.65,2.38,195.26,142.64,28.15,1296.75,488.75,58.08,11.46,5.061,2,142.97,151.66500000000002,143.16,57.84,54.21,55.79,148.39285714285714,148.20251700680274,55.137142857142855,53.98748299319728,0.4186037259229128,2.092690076174073,147.05679375037602,147.5779841096373,55.65193757868863,54.90874803856765,0.0,0.0,0.0
1204,2023-10-03,238.8,0,30.06,4.82,12.65,2.38,196.73,144.11,27.95,1292.0,487.5,57.81,11.21,5.1669,2,142.64,151.75,146.21,58.08,54.56,55.24,147.3014285714286,148.12751700680272,55.60142857142857,54.079268707483,0.7494137149073732,2.0562396518619264,146.32009531278203,147.33881279173127,56.19145318401648,55.1088343807354,0.0,0.0,0.0
1205,2023-10-04,233.95,0,30.82,4.82,12.65,2.38,198.27,144.6,28.07,1292.25,486.0,58.47,11.35,5.1562,2,144.11,151.23333333333332,143.41,57.81,54.31333333333333,55.29,146.35380952380953,148.17001700680274,56.195238095238096,54.19284013605443,0.9452095041810872,1.8897607942887225,145.8900714845865,147.14992915092222,56.76108988801236,55.34063890620192,0.0,0.0,0.0
1206,2023-10-05,239.2,0,30.3,4.82,12.65,2.38,202.33,144.98,28.02,1298.5,497.5,59.19,11.44,5.1658,2,144.6,150.71666666666667,146.47,58.47,54.06666666666667,53.75,145.53428571428572,148.11680272108842,56.92714285714286,54.38712585034013,1.1011427830045553,1.8578907562103029,145.66255361343988,147.00027886465173,57.36831741600927,55.60611208508455,0.0,0.0,0.0
1207,2023-10-06,239.8,0,28.04,4.82,12.65,2.38,206.75,146.72,28.44,1284.5,492.0,59.72,11.57,5.1457,2,144.98,150.2,146.42,59.19,53.82,53.22,145.03714285714287,148.12751700680272,57.77,54.619268707483,1.043205186536239,1.758502609649431,145.92691521007993,146.9809492877792,57.95623806200695,55.88982849300975,0.0,0.0,0.0
1208,2023-10-07,239.2,0,28.58,4.82,12.65,2.38,207.99666666666667,145.98666666666668,28.34,1283.8333333333333,490.75,59.8,11.606666666666667,5.1423,2,146.72,149.24,147.3,59.72,53.28,53.47,144.57238095238094,148.08061224489796,58.70142857142857,54.845340136054425,0.9695117222517132,1.6643940899460274,145.94185307422663,146.91237807253006,58.41717854650521,56.15949549349184,0.0,0.0,0.0
1209,2023-10-08,238.6,0,31.14,4.82,12.65,2.38,209.2433333333333,145.25333333333333,28.24,1283.1666666666667,489.5,59.88,11.643333333333333,5.1389000000000005,2,145.98666666666668,142.97,147.82,59.8,57.84,53.19,144.89857142857142,147.9889455782313,58.99285714285714,55.08426870748299,0.7818789509055997,1.6621122623935092,145.7697231390033,146.79796119396477,58.782883909878905,56.416082011182056,0.0,0.0,0.0
1210,2023-10-09,238.0,0,30.75,4.82,12.65,2.38,210.49,144.52,28.14,1282.5,488.25,59.96,11.68,5.1355,2,145.25333333333333,142.64,147.56333333333333,59.88,58.08,53.17,145.16714285714286,147.88025510204082,59.261428571428574,55.32676870748299,0.3745037532738763,1.644190795799937,145.45729235425247,146.6408604219672,59.07716293240918,56.66049014834191,0.0,0.0,0.0
1211,2023-10-10,237.8,0,28.8,4.82,12.65,2.38,210.81,141.47,27.94,1289.25,485.5,60.52,11.95,5.0516,2,144.52,144.11,147.30666666666667,59.96,57.81,53.15,144.79,147.67180272108843,59.64857142857143,55.58998299319728,0.350986946661005,1.6103677363925375,144.46046926568937,146.28424935838325,59.43787219930689,56.9266632415597,0.0,0.0,0.0
1212,2023-10-11,233.05,0,27.23,4.82,12.65,2.38,211.79,141.21,27.95,1272.25,488.0,60.34,11.94,5.0483,2,141.47,144.6,147.05,60.52,58.47,53.13,144.3057142857143,147.463231292517,59.91571428571428,55.84748299319728,0.750025849889107,1.611564707413506,143.64785194926702,145.9343011267706,59.663404149480165,57.16206577662455,0.0,0.0,0.0
1213,2023-10-12,233.0404761904762,0,28.88,4.82,12.65,2.38,214.68,141.2504761904762,27.978571428571428,1308.75,496.0,60.3252380952381,11.945714285714285,5.046,2,141.21,144.98,146.23,60.34,59.19,52.96,143.77292517006805,147.28539115646257,60.07789115646259,56.11052721088435,1.0663345571380034,1.6457811126950637,143.04850800956933,145.611278717371,59.82886263591965,57.38021559170135,0.0,0.0,0.0
1214,2023-11-01,232.85,0,30.55,4.68,12.65,2.38,205.76,142.06,28.55,1315.0,475.0,60.03,12.06,4.9534,2,141.2504761904762,146.72,146.47,60.3252380952381,59.72,52.97,143.10721088435375,147.12789115646257,60.12217687074831,56.362670068027214,1.0641888738260996,1.623539672620117,142.801381007177,145.3663629437592,59.87914697693974,57.56295934399781,0.0,0.0,0.0
1215,2023-11-02,233.9,0,28.73,4.68,12.65,2.38,207.37,142.1,28.78,1328.25,470.0,60.010000000000005,12.155,4.9534,2,142.06,145.98666666666668,146.77,60.03,59.8,52.65,142.55197278911564,146.9611054421769,60.1521768707483,56.62552721088436,1.1148533352756471,1.6500011660507716,142.62603575538273,145.1410965338448,59.9118602327048,57.731720768549685,0.0,0.0,0.0
1216,2023-11-03,234.95,0,28.83,4.68,12.15,2.38,203.52,142.14,29.01,1351.75,477.25,59.99,12.25,4.9012,2,142.1,145.25333333333333,146.5,60.010000000000005,59.88,52.84,142.10721088435375,146.80539115646258,60.16789115646259,56.88088435374151,1.0254854499966393,1.607975055758544,142.50452681653704,144.93412435909687,59.9313951745286,57.88746416382212,0.0,0.0,0.0
1217,2023-11-04,236.8333333333333,0,28.4,4.68,12.15,2.38,204.95666666666668,142.41333333333333,29.083333333333336,1355.8333333333333,477.25,60.01,12.26,4.8959,2,142.14,144.52,146.7304761904762,59.99,59.96,52.889523809523816,141.80625850340135,146.6512074829932,60.17503401360544,57.135187074829936,0.9104121814472744,1.5423069734828967,142.4817284457361,144.76027670214765,59.95104638089645,58.03384594562749,0.0,0.0,0.0
1218,2023-11-05,238.71666666666667,0,29.86,4.68,12.15,2.38,206.3933333333333,142.68666666666667,29.156666666666663,1359.9166666666667,477.25,60.03,12.27,4.8906,2,142.41333333333333,141.47,151.34,60.01,60.52,53.88,141.98006802721088,146.3421598639456,60.10503401360545,57.3548299319728,1.0025520722575594,1.460013268934674,142.53296300096875,144.61726911349376,59.970784785672336,58.17151174248077,0.0,0.0,0.0
1219,2023-11-06,240.6,0,28.39,4.68,12.15,2.38,207.83,142.96,29.23,1364.0,477.25,60.05,12.28,4.8853,2,142.68666666666667,141.21,151.2125,60.03,60.34,53.91,142.23006802721088,146.04742772108844,60.06360544217687,57.574115646258505,1.3026599335536193,1.3922127339188224,142.63972225072658,144.50297469187348,59.99058858925426,58.30106265679244,0.0,0.0,0.0
1220,2023-11-07,228.5,0,28.57,4.68,12.15,2.38,207.17,143.65,29.5,1362.0,468.5,59.46,12.21,4.8724,2,142.96,141.2504761904762,151.085,60.05,60.3252380952381,53.94,142.57285714285717,145.7818920068027,59.940000000000005,57.77125850340136,1.8370407782227645,1.5032992188462295,142.8922916880449,144.44414885105462,59.857941441940696,58.3809893701171,0.0,0.0,0.0
1221,2023-11-08,229.5,0,27.8,4.68,12.15,2.38,207.36,144.93,29.55,1365.75,476.0,59.36,12.1,4.9103,2,143.65,142.06,150.9575,59.46,60.03,53.97,142.98285714285717,145.56662414965987,59.84428571428572,57.963758503401365,2.0485476299763934,1.5481652638658534,143.4017187660337,144.47765582684397,59.73345608145553,58.44850734459178,0.0,0.0,0.0
1222,2023-11-09,228.25,0,27.33,4.68,12.15,2.38,211.09,143.88,29.19,1343.5,468.0,59.51,12.07,4.9342,2,144.93,142.1,150.83,59.36,60.010000000000005,54.0,143.23714285714286,145.31840986394556,59.77285714285715,58.16054421768708,3.00614208736461,2.156462373878833,143.52128907452527,144.43643818361335,59.67759206109165,58.52171373461994,0.0,0.0,0.0
1223,2023-11-10,234.65,0,28.83,4.68,12.15,2.38,211.8,143.07,29.13,1347.5,464.0,59.87,12.19,4.9013,2,143.88,142.14,151.58,59.51,59.99,53.86,143.37,145.01448129251702,59.75571428571429,58.37518707482993,3.310748180507096,2.672150240673356,143.40846680589397,144.34220106750206,59.725694045818734,58.61469899430132,0.0,0.0,0.0
1224,2023-11-11,235.2904761904762,0,29.71,4.68,12.15,2.38,211.91285714285715,143.15,29.156666666666663,1347.404761904762,464.0238095238095,60.00142857142857,12.221428571428572,4.900290476190476,2,143.07,142.41333333333333,151.66500000000002,59.87,60.01,54.21,143.4752380952381,144.71037414965988,59.75448979591837,58.58202380952381,3.2699017263812133,3.082637875504717,143.34385010442048,144.25998030422605,59.79462767722119,58.71033551686182,0.0,0.0,0.0
1225,2023-11-12,235.9309523809524,0,30.38,4.68,12.15,2.38,212.0257142857143,143.23,29.183333333333334,1347.309523809524,464.04761904761904,60.13285714285714,12.252857142857142,4.899280952380952,2,143.15,142.68666666666667,151.75,60.00142857142857,60.03,54.56,143.55285714285714,144.40608843537416,59.769183673469385,58.78105442176871,2.954135301208085,3.4363490624613173,143.31538757831535,144.18894717979668,59.87918504363018,58.80844045658564,0.0,0.0,0.0
1226,2023-12-01,248.1,0,28.26,4.62,12.15,2.38,214.17,144.75,29.69,1345.5,464.5,62.63,12.85,4.8801,3,143.23,142.96,151.23333333333332,60.13285714285714,60.05,54.31333333333333,143.8085714285714,144.17454081632653,60.137755102040806,59.07807823129252,3.162288711802617,4.115193173250037,143.6740406837365,144.22764047774174,60.56688878272264,59.07199628716594,0.0,0.0,0.0
1227,2023-12-02,248.55,0,29.31,4.62,12.15,2.38,214.25,144.83,29.56,1339.1666666666667,463.0833333333333,62.85,12.83,4.901133333333333,3,144.75,143.65,150.71666666666667,62.63,59.46,54.06666666666667,143.9771428571429,143.96430272108844,60.62204081632653,59.391768707483,3.338492750085355,4.693659521886008,143.9630305128024,144.26918251375955,61.13766658704198,59.33254826736139,0.0,0.0,0.0
1228,2023-12-03,249.0,0,27.58,4.62,12.15,2.38,214.33,144.91,29.43,1332.8333333333333,461.6666666666667,63.07,12.81,4.922166666666667,3,144.83,144.93,150.2,62.85,59.36,53.82,143.9742857142857,143.77537414965985,61.152040816326526,59.72212585034013,2.727265918132993,5.1963395396980365,144.1997728846018,144.31337682315544,61.620749940281485,59.5903035592675,0.0,0.0,0.0
1229,2023-12-04,249.45,0,26.31,4.62,12.15,2.38,214.41,144.99,29.3,1326.5,460.25,63.29,12.79,4.9432,3,144.91,143.88,149.24,63.07,59.51,53.28,144.13285714285715,143.62358843537416,61.69204081632653,60.07962585034013,2.8736192933338085,5.647408775717483,144.39732966345136,144.36004049052403,62.03806245521111,59.84545503793871,0.0,0.0,0.0
1230,2023-12-05,246.35,0,27.52,4.62,12.15,2.38,213.0,144.59,29.33,1326.5,468.5,64.67,13.12,4.9306,3,144.99,143.07,142.97,63.29,59.87,57.84,144.35,143.6814455782313,62.377755102040815,60.32355442176871,2.560405244298635,5.913694024887709,144.44549724758852,144.3758997670396,62.69604684140833,60.17818227670156,0.0,0.0,0.0
1231,2023-12-06,240.7,0,31.06,4.62,12.15,2.38,209.01,144.41,29.44,1315.5,464.75,64.91,13.23,4.9022,3,144.59,143.15,142.64,64.67,60.00142857142857,58.08,144.53,143.7446598639456,63.078979591836735,60.56748299319728,2.805041861617526,6.466520730515375,144.4366229356914,144.37825150724376,63.24953513105625,60.50451453348076,0.0,0.0,0.0
1232,2023-12-07,243.05,0,31.95,4.62,12.15,2.38,205.58,145.25,29.58,1330.25,468.25,65.79,13.4,4.9115,3,144.41,143.23,144.11,64.91,60.13285714285714,57.81,144.81857142857143,143.78537414965987,63.88714285714286,60.85248299319728,2.526958412964809,7.0457105859801095,144.63996720176854,144.43837209295108,63.8846513482922,60.86903077255105,0.0,0.0,0.0
1233,2023-12-08,247.95,0,30.5,4.62,12.15,2.38,206.45,146.5,29.75,1323.0,465.75,65.94,13.39,4.9317,3,145.25,144.75,144.6,65.79,62.63,58.47,145.06857142857143,143.85323129251702,64.36,61.119268707483,2.3315179526889263,7.320692660697038,145.1049754013264,144.58055332791997,64.39848851121914,61.21875278823718,0.0,0.0,0.0
1234,2023-12-09,248.4333333333333,0,31.5,4.62,12.15,2.38,207.68666666666667,146.63666666666666,29.756666666666668,1333.0833333333333,464.0,66.38,13.47,4.934,3,146.5,144.83,144.98,65.94,62.85,59.19,145.32666666666665,143.91239795918366,64.86428571428571,61.37605442176871,2.120063213020502,7.519812062050772,145.48789821766147,144.72235424783352,64.89386638341435,61.57470087180703,0.0,0.0,0.0
1235,2023-12-10,248.91666666666663,0,30.94,4.62,12.15,2.38,208.9233333333333,146.77333333333334,29.76333333333333,1343.1666666666667,462.25,66.82000000000001,13.55,4.9363,3,146.63666666666666,144.91,146.72,66.38,63.07,59.72,145.59285714285713,143.91430272108843,65.4,61.62962585034014,1.9719078092434168,7.613076672563154,145.80925699657942,144.86380108131627,65.37539978756077,61.93644563926861,0.0,0.0,0.0
1236,2023-12-11,249.4,0,26.0,4.62,12.15,2.38,210.16,146.91,29.77,1353.25,460.5,67.26,13.63,4.9386,3,146.77333333333334,144.99,145.98666666666668,66.82000000000001,63.29,59.8,145.86714285714285,143.9472789115646,65.96714285714286,61.89605442176871,1.9423171518470528,7.648014818520412,146.08444274743457,145.00491824812204,65.84654984067058,62.30358731931905,0.0,0.0,0.0
1237,2023-12-12,250.8,0,28.78,4.62,12.15,2.38,208.9,148.12,29.83,1342.75,462.5,67.5,13.59,4.9631,3,146.91,144.59,145.25333333333333,67.26,64.67,59.88,146.37142857142857,144.04965986394558,66.37142857142858,62.16819727891157,1.7851610571575565,7.625436549967034,146.59333206057593,145.21975147238948,66.25991238050293,62.66196060764187,0.0,0.0,0.0
1238,2024-01-01,250.2090909090909,0,26.0,4.51,11.65,2.56,202.0909090909091,140.09272727272727,28.49363636363636,1282.9772727272727,465.0,69.56363636363636,14.153636363636364,4.923736363636364,3,148.12,144.41,144.52,67.5,64.91,59.96,145.75467532467533,143.8915429808287,67.03623376623376,62.51118429189858,2.532773781015068,7.49371604911283,144.96818086361378,144.8661635965507,67.08584337628628,63.13793824598632,0.0,0.0,0.0
1239,2024-01-03,250.15,0,27.7,4.51,11.65,2.56,201.41,139.29,28.36,1277.0,465.25,69.77,14.21,4.9198,3,140.09272727272727,145.25,141.47,69.56363636363636,65.79,60.52,144.90324675324675,143.81368583797155,67.6048051948052,62.84154143475572,2.420618870447071,7.327043521137588,143.54863564771034,144.48160058989205,67.7568825322147,63.59532181522864,0.0,0.0,0.0
1240,2024-01-04,251.75,0,27.39,4.51,11.65,2.56,202.74,139.03,28.3,1267.5,466.5,71.32,14.52,4.8968,3,139.29,146.5,141.21,69.77,65.94,60.34,143.8361038961039,143.7358286951144,68.37337662337663,63.23368429189858,2.38721513211986,7.043870903532734,142.41897673578276,144.1056281354167,68.64766189916102,64.1280582417646,0.0,0.0,0.0
1241,2024-01-06,252.2,0,29.59,4.51,11.65,2.56,201.425,136.94,27.99,1256.5,460.75,70.72,14.455,4.8834,3,139.03,146.63666666666666,141.2504761904762,71.32,66.38,60.3252380952381,142.45086580086578,143.58188311688312,68.99337662337662,63.60492578849722,2.1349378734252973,6.662849156626221,141.04923255183706,143.6114468846983,69.16574642437077,64.58267491474635,0.0,0.0,0.0
1242,2024-01-07,252.425,0,31.02,4.51,11.65,2.56,200.7675,135.89499999999998,27.835,1251.0,457.875,70.42,14.4225,4.8767,3,136.94,146.77333333333334,142.06,70.72,66.82000000000001,60.03,140.8968181818182,143.36170454545453,69.50766233766234,63.97599721706865,1.7578145379222665,6.339898703386509,139.76067441387778,143.07927813402944,69.47930981827808,64.98524905855695,0.0,0.0,0.0
1243,2024-01-08,252.65,0,25.38,4.51,11.65,2.56,200.11,134.85,27.68,1245.5,455.0,70.12,14.39,4.87,3,135.89499999999998,146.91,142.1,70.42,67.26,60.010000000000005,139.17396103896104,143.10277597402597,69.91623376623377,64.33706864564007,1.2717349994847895,5.8862290718436725,138.53300581040833,142.51174171099294,69.63948236370857,65.33936981313921,0.0,0.0,0.0
1244,2024-01-09,249.05,0,29.59,4.51,11.65,2.56,197.09,133.34,27.21,1248.5,459.25,70.24,14.33,4.9038,3,134.85,148.12,142.14,70.12,67.5,59.99,137.06253246753246,142.78849025974026,70.30766233766234,64.7031400742115,0.6261795413501717,5.40704931485688,137.23475435780625,141.87920779988997,69.78961177278143,65.67734430878478,0.0,0.0,0.0
1245,2024-01-13,249.9611111111111,0,32.87,4.51,11.65,2.56,199.67222222222225,128.1,26.063333333333333,1237.7222222222222,452.47222222222223,67.50666666666666,13.734444444444444,4.914066666666667,3,133.34,140.09272727272727,142.41333333333333,70.24,69.56363636363636,60.01,135.3492857142857,142.27729978354978,70.01380952380953,64.97087816944959,0.8569791510290562,4.924637075602116,134.95106576835468,140.9289176067941,69.21887549625274,65.80350447139732,0.0,0.0,0.0
1246,2024-01-14,250.1888888888889,0,28.82,4.51,11.65,2.56,200.3177777777778,126.79,25.776666666666667,1235.0277777777778,450.77777777777777,66.82333333333334,13.585555555555556,4.916633333333333,3,128.1,139.29,142.68666666666667,67.50666666666666,69.77,60.03,133.56357142857144,141.70956168831168,69.59285714285714,65.21349721706864,1.0879108419316226,4.448825567925203,132.91079932626602,139.9538198408083,68.61998995552288,65.87383749635842,0.0,0.0,0.0
1247,2024-01-18,251.1,0,30.78,4.51,11.65,2.56,202.9,121.55,24.63,1224.25,444.0,64.09,12.99,4.9269,3,126.79,139.03,142.96,66.82333333333334,71.32,60.05,131.06642857142856,140.94491883116885,68.56,65.35778293135436,1.6743311183484408,4.034272537544828,130.0705994946995,138.6845908862698,67.48749246664215,65.75081422074749,0.0,0.0,0.0
1248,2024-01-19,249.6,0,33.66,4.51,11.65,2.56,202.05,121.81,24.71,1223.0,445.5,63.0,12.78,4.931,3,121.55,136.94,143.65,64.09,70.72,59.46,128.905,140.16491883116882,67.45714285714286,65.48421150278293,1.8259057020135128,3.7825976136009714,128.00544962102464,137.52082599756153,66.36561934998161,65.56110289517869,0.0,0.0,0.0
1249,2024-01-20,249.4333333333333,0,34.6,4.51,11.65,2.56,202.45666666666668,121.73666666666666,24.596666666666668,1226.3333333333333,445.5833333333333,62.76,12.68,4.9504,3,121.81,135.89499999999998,144.93,63.0,70.42,59.36,126.88238095238096,139.3365854978355,66.36285714285714,65.60564007421151,1.7244310902516318,3.4385531071334894,126.43825388243516,136.432263285086,65.46421451248621,65.36792338516636,0.0,0.0,0.0
1250,2024-01-21,249.26666666666665,0,33.52,4.51,11.65,2.56,202.8633333333333,121.66333333333334,24.48333333333333,1229.6666666666667,445.6666666666667,62.52,12.58,4.9698,3,121.73666666666666,134.85,143.88,62.76,70.12,59.51,124.99857142857142,138.54313311688313,65.27714285714286,65.71314007421151,1.2905018447605134,3.4223487834823905,125.2445237451597,135.41371639186167,64.72816088436466,65.17151487584454,0.0,0.0,0.0
1251,2024-01-22,249.1,0,33.55,4.51,11.65,2.56,203.27,121.59,24.37,1233.0,445.75,62.28,12.48,4.9892,3,121.66333333333334,133.34,143.07,62.52,70.24,59.87,123.32,137.77599025974027,64.14,65.79921150278292,0.7239962165193973,3.405365117685794,124.33089280886978,134.4603566406988,64.11612066327349,64.97210005682078,0.0,0.0,0.0
1252,2024-01-23,248.0,0,30.32,4.51,11.65,2.56,203.97,122.91,24.8,1247.0,446.5,62.11,12.53,4.9535,3,121.59,128.1,143.15,62.28,67.50666666666666,60.00142857142857,122.57857142857144,137.05313311688312,63.36904761904763,65.8745176252319,0.5600210556389046,3.436793239506129,123.97566960665232,133.6637803206506,63.614590497455126,64.77471384600555,0.0,0.0,0.0
1253,2024-01-24,248.0,0,28.88,4.51,11.65,2.56,204.27,123.26,24.99,1246.5,452.25,62.64,12.7,4.9335,3,122.91,126.79,143.23,62.11,66.82333333333334,60.13285714285714,122.07428571428572,136.33991883116883,62.771428571428565,65.96405844155844,0.5008555039331836,3.512017579828047,123.79675220498925,132.94627822957125,63.37094287309134,64.62749220145344,0.0,0.0,0.0
1254,2024-01-25,247.7,0,30.42,4.51,11.65,2.56,205.61,120.72,24.53,1230.25,451.75,62.24,12.65,4.9165,3,123.26,121.55,144.75,62.64,64.09,62.63,121.9557142857143,135.48170454545453,62.50714285714286,65.95012987012987,1.264499219705771,3.7818727408713184,123.02756415374192,132.10308662753184,63.088207154818505,64.46283756687043,0.0,0.0,0.0
1255,2024-01-26,247.1,0,28.44,4.51,11.65,2.56,206.78,118.84,24.19,1216.25,446.25,61.95,12.61,4.9168,3,120.72,121.81,144.83,62.24,63.0,62.85,121.53142857142858,134.55349025974027,62.35714285714285,65.91798701298701,1.7514224863282166,4.047380198273214,121.98067311530644,131.18839099804688,62.80365536611387,64.28953842432765,0.0,0.0,0.0
1256,2024-01-27,247.5833333333333,0,29.24,4.51,11.65,2.56,206.1133333333333,117.93666666666668,23.94666666666667,1212.5,444.25,62.016666666666666,12.59,4.928466666666667,3,118.84,121.73666666666666,144.91,61.95,62.76,63.07,120.98857142857142,133.59015692640693,62.25095238095239,65.88036796536797,1.878551209980347,4.230007737373819,120.9696715031465,130.27447897519306,62.60690819125208,64.13278864793723,0.0,0.0,0.0
1257,2024-01-28,248.06666666666663,0,25.54,4.51,11.65,2.56,205.44666666666663,117.03333333333332,23.703333333333333,1208.75,442.25,62.083333333333336,12.57,4.940133333333334,3,117.93666666666668,121.66333333333334,144.99,62.016666666666666,62.52,63.29,120.32714285714285,132.59170454545455,62.18857142857143,65.83727272727273,1.7554061620158865,4.334703460679771,119.9855869606932,129.36129651713378,62.47601447677239,63.99144690210248,0.0,0.0,0.0
1258,2024-01-29,248.55,0,27.75,4.51,11.65,2.56,204.78,116.13,23.46,1205.0,440.25,62.15,12.55,4.9518,3,117.03333333333332,121.59,144.59,62.083333333333336,62.28,64.67,119.54714285714284,131.57527597402597,62.17,65.74727272727273,1.3491334247304785,4.428647403119509,119.0216902205199,128.4487933090556,62.3945108575793,63.86445056402644,0.0,0.0,0.0
1259,2024-02-04,242.91,0,31.52,4.5,11.15,2.56,204.312,117.534,23.628,1201.85,436.05,62.486,12.556,4.97592,2,116.13,122.91,144.41,62.15,62.11,64.91,118.77914285714284,130.61541883116882,62.22371428571429,65.6607012987013,1.6075646740950882,4.459220433442692,118.64976766538992,127.69604894291382,62.41738314318447,63.76938500788668,0.0,0.0,0.0
1260,2024-02-08,239.15,0,29.91,4.5,11.15,2.56,204.0,118.47,23.74,1199.75,433.25,62.71,12.56,4.992,2,117.534,123.26,145.25,62.486,62.64,65.79,118.09485714285714,129.65899025974025,62.23371428571429,65.5507012987013,2.2149767810480707,4.5006196785460455,118.60482574904243,127.05976970547148,62.49053735738836,63.69632397286001,0.0,0.0,0.0
1261,2024-02-09,239.35,0,32.17,4.5,11.15,2.56,205.09,118.87,23.97,1190.0,429.0,62.17,12.54,4.9517,2,118.47,120.72,146.5,62.71,62.24,65.94,117.83057142857142,128.67220454545455,62.22371428571429,65.41605844155843,2.8009356486590185,4.723035885733757,118.67111931178184,126.49495800164588,62.41040301804127,63.5910602505938,0.0,0.0,0.0
1262,2024-02-14,237.8,0,35.6,4.5,11.15,2.56,215.18,117.74,23.69,1176.25,424.25,62.13,12.5,4.969,2,118.87,118.84,146.63666666666666,62.17,61.95,66.38,117.67342857142856,127.64018073593074,62.249428571428574,65.26427272727273,2.7930386674238474,4.723205806361404,118.4383394838364,125.8911677946358,62.340302263530944,63.49029747469078,0.0,0.0,0.0
1263,2024-02-15,238.95,0,33.53,4.5,11.15,2.56,211.02,117.29,23.6,1166.0,417.75,62.12,12.5,4.9732,2,117.74,117.93666666666668,146.77333333333334,62.13,62.016666666666666,66.82000000000001,117.58104761904762,126.58720454545455,62.26419047619048,65.0964155844156,2.688295780615283,4.743704463430493,118.1512546128773,125.29798380879885,62.28522669764821,63.39579420057417,0.0,0.0,0.0
1264,2024-02-16,240.45,0,35.05,4.5,11.15,2.56,212.26,118.35,23.83,1176.25,416.5,62.47,12.58,4.9665,2,117.29,117.03333333333332,146.91,62.12,62.083333333333336,67.26,117.76914285714284,125.56720454545454,62.31942857142857,64.92534415584416,2.390167682614051,4.807626986891791,118.20094095965796,124.8188125116403,62.33142002323616,63.33194632467251,0.0,0.0,0.0
1265,2024-02-18,237.975,0,30.73,4.5,11.15,2.56,211.625,118.635,23.975,1179.875,417.625,62.66,12.665,4.947,2,118.35,116.13,148.12,62.47,62.15,67.5,118.127,124.51416883116885,62.39228571428572,64.752487012987,1.2291334760850512,4.823752919248415,118.30945571974348,124.39234268325131,62.41356501742712,63.28560519883303,0.0,0.0,0.0
1266,2024-02-20,235.5,0,29.09,4.5,11.15,2.56,210.99,118.92,24.12,1183.5,418.75,62.85,12.75,4.9275,2,118.635,117.534,140.09272727272727,62.66,62.486,69.56363636363636,118.32500000000002,123.758,62.444285714285705,64.51271428571428,0.7986270105830814,4.955032145041181,118.46209178980762,124.0149397395788,62.52267376307034,63.25556346098247,0.0,0.0,0.0
1267,2024-02-22,235.6,0,29.43,4.5,11.15,2.56,218.0,117.82,23.8,1152.5,406.0,62.87,12.7,4.9605,2,118.92,118.47,139.29,62.85,62.71,69.77,118.23214285714286,122.99121428571428,62.46714285714285,64.26628571428571,0.8148488027975683,5.012639209957936,118.3015688423557,123.58770251615958,62.60950532230275,63.22897287746643,0.0,0.0,0.0
1268,2024-02-23,236.25,0,28.93,4.5,11.15,2.56,217.96,116.62,23.38,1141.75,399.75,63.06,12.64,4.9951,2,117.82,118.87,139.03,62.87,62.17,71.32,117.91071428571428,122.19085714285714,62.59428571428571,63.97128571428572,0.982986390999386,5.105960251412424,117.88117663176678,123.10717130814857,62.72212899172706,63.2173195755722,0.0,0.0,0.0
1269,2024-02-26,236.45,0,33.98,4.5,11.15,2.56,219.44,114.97,23.1,1145.25,407.0,63.11,12.68,4.9799,2,116.62,117.74,136.94,63.06,62.13,70.72,117.515,121.4062142857143,62.73428571428571,63.6995,0.844259728867774,5.122292586235543,117.15338247382508,122.5459870800004,62.8190967437953,63.20991822553273,0.0,0.0,0.0
1270,2024-02-28,234.9,0,34.04,4.5,11.15,2.56,220.84,115.33,23.2,1145.25,428.5,62.3,12.53,4.9675,2,114.97,117.29,135.89499999999998,63.11,62.12,70.42,117.235,120.67175,62.76,63.4095,0.697494788212627,5.014493077313195,116.6975368553688,122.04833279862105,62.68932255784648,63.14716524446151,0.0,0.0,0.0
1271,2024-03-04,235.1,0,30.22,3.93,11.15,2.56,221.35,117.72,23.8,1155.0,417.5,63.01,12.74,4.9458,2,115.33,118.35,134.85,62.3,62.47,70.12,117.145,120.05996428571429,62.83714285714286,63.15557142857143,0.972259623507063,4.924255610995626,116.9531526415266,121.74982708837132,62.76949191838486,63.13770557242968,0.0,0.0,0.0
1272,2024-03-06,234.05,0,32.54,3.93,11.15,2.56,219.69,117.66,23.79,1148.25,418.0,62.75,12.69,4.9446,2,117.72,118.635,133.34,63.01,62.66,70.24,117.00571428571428,119.4999642857143,62.85,62.88807142857143,1.2178602848690006,4.84611949282603,117.12986448114496,121.46777004779398,62.76461893878864,63.1109672570897,0.0,0.0,0.0
1273,2024-03-09,233.93,0,31.24,3.93,11.15,2.56,217.938,120.012,24.18,1166.85,424.15,62.84,12.66,4.9641,2,117.66,118.92,128.1,62.75,62.85,67.50666666666666,117.16171428571428,119.21110714285714,62.84857142857143,62.721404761904765,1.3244667775711385,4.823713242396448,117.8503983608587,121.36737211346336,62.78346420409148,63.09227986004903,0.0,0.0,0.0
1274,2024-03-10,233.89,0,32.53,3.93,11.15,2.56,217.354,120.796,24.31,1173.05,426.2,62.87,12.65,4.9706,2,120.012,117.82,126.79,62.84,62.87,66.82333333333334,117.58685714285716,118.99703571428572,62.84857142857143,62.58021428571429,1.024790670507362,4.773093396039911,118.58679877064402,121.32796714012105,62.80509815306861,63.07695021452841,0.0,0.0,0.0
1275,2024-03-11,233.85,0,35.0,3.93,11.15,2.56,216.77,121.58,24.44,1179.25,428.25,62.9,12.64,4.9771,2,120.796,116.62,121.55,62.87,63.06,64.09,118.29542857142856,118.99810714285717,62.82571428571429,62.53771428571429,1.0366704945532268,4.771081425136127,119.33509907798302,121.34534871666442,62.82882361480146,63.06474675145749,0.0,0.0,0.0
1276,2024-03-13,232.3,0,28.83,3.93,11.15,2.56,219.36,121.86,24.5,1196.75,426.5,63.0,12.67,4.97,2,121.58,114.97,121.81,62.9,63.11,63.0,119.27971428571428,118.99989285714288,62.81,62.53771428571429,1.4389877394464174,4.819499545953108,119.96632430848726,121.3808419086186,62.871617711101095,63.06028145825352,0.0,0.0,0.0
1277,2024-03-14,233.6,0,28.54,3.93,11.15,2.56,219.41,122.55,24.55,1195.25,422.5,63.24,12.67,4.9895,2,121.86,115.33,121.73666666666666,63.0,62.3,62.76,120.31114285714284,119.02894047619048,62.944285714285705,62.554857142857145,0.9884392975237762,4.657826912024151,120.61224323136544,121.46147350112766,62.96371328332582,63.07267584044293,0.0,0.0,0.0
1278,2024-03-15,231.5,0,30.24,3.93,11.15,2.56,217.5,122.61,24.55,1212.5,436.75,63.17,12.65,4.9949,2,122.55,117.72,121.66333333333334,63.24,63.01,62.52,121.00971428571428,119.06275,62.96714285714285,62.57807142857143,0.9286087904524758,4.439306439233953,121.11168242352409,121.5406822251878,63.01528496249436,63.07938785144687,0.0,0.0,0.0
1279,2024-03-16,231.41666666666663,0,27.92,3.93,11.15,2.56,217.9633333333333,122.93666666666668,24.563333333333333,1209.0833333333333,436.5,63.07,12.603333333333332,5.005033333333333,2,122.61,117.66,121.59,63.17,62.75,62.28,121.7635238095238,119.11084523809522,63.012857142857136,62.60628571428572,0.9100504583406388,4.1542728959562965,121.56792848430972,121.6369570142553,63.02896372187077,63.07874041341604,0.0,0.0,0.0
1280,2024-03-17,231.3333333333333,0,28.66,3.93,11.15,2.56,218.42666666666665,123.26333333333334,24.576666666666668,1205.6666666666667,436.25,62.97,12.556666666666668,5.0151666666666666,2,122.93666666666668,120.012,122.91,63.07,62.84,62.11,122.228,119.12346428571428,63.03142857142858,62.63699999999999,0.907341935406049,3.879474681484749,121.99177969656564,121.74912089832964,63.01422279140308,63.071241074559765,0.0,0.0,0.0
1281,2024-03-18,231.25,0,30.17,3.93,11.15,2.56,218.89,123.59,24.59,1202.25,436.0,62.87,12.51,5.0253,2,123.26333333333334,120.796,123.26,62.97,62.87,62.64,122.62714285714286,119.13525,63.03142857142858,62.64521428571429,0.9247194831083854,3.6018420568148697,122.39133477242422,121.87607807775518,62.97816709355231,63.05736237976254,0.0,0.0,0.0
1282,2024-03-19,228.5,0,27.18,3.93,11.15,2.56,216.36,123.79,24.66,1200.25,439.5,62.86,12.52,5.0301,2,123.59,121.58,120.72,62.87,62.9,62.24,122.94285714285716,119.24489285714286,63.02571428571429,62.66735714285714,0.9089936125993104,3.4245468459636474,122.74100107931817,122.0080726930824,62.94862532016423,63.04375118115822,0.0,0.0,0.0
1283,2024-03-20,230.9,0,26.94,3.93,11.15,2.56,213.62,124.14,24.97,1223.25,439.0,62.75,12.62,4.9691,2,123.79,121.86,118.84,62.86,63.0,61.95,123.26857142857143,119.43417857142856,62.99,62.69592857142857,0.5067745141131105,3.2436442449742677,123.09075080948864,122.155102162525,62.898968990123166,63.02349247900938,0.0,0.0,0.0
1284,2024-03-21,231.7,0,28.13,3.93,10.65,2.56,216.09,124.78,25.06,1225.75,440.75,62.62,12.58,4.9781,2,124.14,122.55,117.93666666666668,62.75,63.24,62.016666666666666,123.58714285714288,119.67858333333334,62.901428571428575,62.71747619047619,0.4114236110705795,3.003080283792384,123.51306310711648,122.33612959959224,62.829226742592375,62.99566541149149,0.0,0.0,0.0
1285,2024-03-22,232.3,0,28.14,3.93,10.65,2.56,214.5,124.51,24.9,1205.5,439.25,62.45,12.49,4.9997,2,124.78,122.61,117.03333333333332,62.62,63.17,62.083333333333336,123.85857142857142,119.94560714285714,62.79857142857144,62.73057142857143,0.353097084399818,2.6289360643344546,123.76229733033736,122.4860516961721,62.73442005694429,62.95803331414725,0.0,0.0,0.0
1286,2024-03-23,232.2,0,26.91,3.93,10.65,2.56,214.73,124.44333333333334,24.926666666666662,1210.9166666666667,438.75,62.5,12.52,4.9915,2,124.51,122.93666666666668,116.13,62.45,63.07,62.15,124.07380952380952,120.24251190476193,62.71714285714285,62.74307142857143,0.4801218666068056,2.075343209978022,123.93255633108636,122.62103663666598,62.675815042708216,62.92644480972329,0.0,0.0,0.0
1287,2024-03-24,232.1,0,28.15,3.93,10.65,2.56,214.96,124.37666666666668,24.953333333333333,1216.3333333333333,438.25,62.55,12.55,4.9833,2,124.44333333333334,123.26333333333334,117.534,62.5,62.97,62.486,124.23285714285716,120.48689285714283,62.65714285714285,62.745357142857145,0.646889294724026,1.844948897268691,124.04358391498144,122.74211456976946,62.64436128203116,62.900483098707895,0.0,0.0,0.0
1288,2024-03-25,232.0,0,25.05,3.93,10.65,2.56,215.19,124.31,24.98,1221.75,437.75,62.6,12.58,4.9751,2,124.37666666666668,123.59,118.47,62.55,62.87,62.71,124.33571428571427,120.69546428571428,62.61857142857143,62.74142857142857,0.7258158284107188,1.7772812890681495,124.11018793623607,122.85024459944052,62.633270961523365,62.87976012638321,0.0,0.0,0.0
1289,2024-03-26,232.2,0,25.63,3.93,10.65,2.56,212.88,124.58,25.0,1212.5,432.5,62.3,12.5,4.9808,2,124.31,123.79,118.87,62.6,62.86,62.17,124.44857142857144,120.89939285714286,62.53857142857144,62.74607142857143,1.604207619405782,1.8539720059480636,124.22764095217704,122.96953807534116,62.54995322114253,62.83977666939127,0.0,0.0,0.0
1290,2024-03-27,231.8,0,26.85,3.93,10.65,2.56,215.6,123.75,24.85,1206.5,426.75,61.82,12.41,4.9866,2,124.58,124.14,117.74,62.3,62.75,62.13,124.39285714285714,121.1140357142857,62.40571428571429,62.73500000000001,1.8373262640166828,1.7734587890306652,124.1082307141328,123.02336303566248,62.3674649158569,62.769447243916005,0.0,0.0,0.0
1291,2024-03-28,232.3,0,24.56,3.93,10.65,2.56,215.29,124.04,24.76,1205.25,442.0,61.78,12.33,5.0129,2,123.75,124.78,117.29,61.82,62.62,62.12,124.28714285714284,121.35510714285716,62.285714285714285,62.72285714285714,1.5945200942784998,1.6991693513459407,124.0911730355996,123.09347592975472,62.22059868689268,62.70120950295628,0.0,0.0,0.0
1292,2024-03-29,231.2375,0,27.28,3.93,10.65,2.56,214.4725,124.1975,24.7225,1203.8125,440.375,61.7625,12.2925,5.02325,2,124.04,124.51,118.35,61.78,62.45,62.47,124.2425,121.56394642857144,62.1875,62.69758928571429,1.485580761320313,1.7448947974397944,124.1177547766997,123.1696155208061,62.10607401516951,62.63647091654551,0.0,0.0,0.0
1293,2024-03-30,230.175,0,25.73,3.93,10.65,2.56,213.655,124.355,24.685,1202.375,438.75,61.745000000000005,12.255,5.0336,2,124.1975,124.44333333333334,118.635,61.7625,62.5,62.66,124.22988095238097,121.76823214285714,62.07964285714286,62.66491071428572,1.4538557402982035,1.860776495957524,124.17706608252476,123.2513661745436,62.01580551137714,62.5749901636803,0.0,0.0,0.0
1294,2024-03-31,229.1125,0,27.83,3.93,10.65,2.56,212.8375,124.5125,24.6475,1200.9375,437.125,61.7275,12.2175,5.04395,2,124.355,124.37666666666668,118.92,61.745000000000005,62.55,62.85,124.24928571428572,121.96796428571427,61.96214285714286,62.62482142857142,1.483119213695807,2.0567682923783472,124.26092456189356,123.3383409211268,61.94372913353285,62.5165425661851,0.0,0.0,0.0
1295,2024-04-01,228.05,0,26.49,3.69,10.65,3.33,212.02,124.67,24.61,1199.5,435.5,61.71,12.18,5.0543,2,124.5125,124.31,117.82,61.7275,62.6,62.87,124.30071428571428,122.21260714285714,61.835,62.58339285714286,1.5243010275015036,2.305037051444711,124.36319342142018,123.43017947829048,61.88529685014964,62.46091894093096,0.0,0.0,0.0
1296,2024-04-02,228.6,0,27.09,3.69,10.65,3.33,214.8,124.86,24.68,1187.75,426.5,61.57,12.17,5.0576,2,124.67,124.58,116.62,61.71,62.3,63.06,124.34071428571428,122.50689285714286,61.730714285714285,62.53017857142856,1.5536664174551489,2.442770809327034,124.48739506606512,123.52878779013253,61.806472637612224,62.39947625534951,0.0,0.0,0.0
1297,2024-04-03,227.3,0,27.26,3.69,10.65,3.33,212.03,124.61,24.73,1195.25,431.75,61.49,12.2,5.0393,2,124.86,123.75,114.97,61.57,61.82,63.11,124.46357142857144,122.85117857142858,61.68357142857143,62.47232142857143,1.5833688413469733,2.618312013173525,124.51804629954886,123.60335414943371,61.72735447820917,62.33675375498058,0.0,0.0,0.0
1298,2024-04-04,227.95,0,27.12,3.69,10.65,3.33,212.21,124.28,24.62,1192.25,435.25,61.48,12.18,5.0538,2,124.61,124.04,115.33,61.49,61.78,62.3,124.49785714285714,123.17082142857144,61.64071428571429,62.44303571428571,1.097568625530378,2.7331426541101984,124.45853472466165,123.65001938050725,61.66551585865688,62.27766728911985,0.0,0.0,0.0
1299,2024-04-05,230.4,0,25.14,3.69,10.65,3.33,211.08,124.85,24.65,1196.75,434.25,60.99,12.04,5.0655,2,124.28,124.1975,117.72,61.48,61.7625,63.01,124.59107142857144,123.42546428571428,61.53035714285714,62.370892857142856,1.2895530985079071,3.056271845606524,124.55640104349624,123.73277666461018,61.49663689399266,62.1888626484909,0.0,0.0,0.0
1300,2024-04-06,228.9,0,26.72,3.69,10.65,3.33,211.63666666666668,125.24,24.786666666666665,1195.9166666666667,434.6666666666667,60.86666666666667,12.043333333333331,5.0526,2,124.85,124.355,117.66,60.99,61.745000000000005,62.75,124.7175,123.69617857142858,61.40488095238095,62.30363095238096,1.3077937814594125,3.2821059341457213,124.72730078262218,123.8367231015336,61.33914433716116,62.09767671870991,0.0,0.0,0.0
1301,2024-04-07,227.4,0,25.88,3.69,10.65,3.33,212.19333333333333,125.63,24.92333333333333,1195.0833333333333,435.0833333333333,60.74333333333333,12.046666666666669,5.0397,2,125.24,124.5125,120.012,60.86666666666667,61.7275,62.84,124.87714285714286,123.89682142857144,61.26428571428572,62.22875,1.3140508761876335,3.43688807839418,124.95297558696664,123.96039737039337,61.19019158620421,62.004273726614976,0.0,0.0,0.0
1302,2024-04-08,225.9,0,27.51,3.69,10.65,3.33,212.75,126.02,25.06,1194.25,435.5,60.62,12.05,5.0268,2,125.63,124.67,120.796,60.74333333333333,61.71,62.87,125.07,124.08339285714284,61.10857142857143,62.14839285714286,1.331314798597468,3.536961096204068,125.21973169022496,124.10243893105589,61.04764368965316,61.90880657305532,0.0,0.0,0.0
1303,2024-04-09,229.0,0,27.88,3.69,10.65,3.33,209.78,124.6,24.88,1187.75,431.25,60.14,12.01,5.009,2,126.02,124.86,121.58,60.62,61.57,62.9,125.03285714285714,124.19125,60.90428571428571,62.04982142857143,1.161364042797704,3.554225089937132,125.06479876766872,124.13675348753478,60.82073276723986,61.78681991284461,0.0,0.0,0.0
1304,2024-04-10,233.2,0,26.81,3.69,10.65,3.33,212.0,124.31,24.48,1178.0,434.25,59.83,11.78,5.0746,2,124.6,124.61,121.86,60.14,61.49,63.0,124.99,124.27875,60.667142857142856,61.93660714285714,1.0758495035037308,3.508231125908859,124.87609907575154,124.1487015228772,60.57304957542989,61.65186681540704,0.0,0.0,0.0
1305,2024-04-11,230.4,0,27.78,3.69,10.65,3.33,212.77,125.63,24.69,1172.5,428.75,59.53,11.7,5.0917,2,124.31,124.28,122.55,59.83,61.48,63.24,125.18285714285716,124.38875,60.38857142857143,61.80410714285714,0.8058454244250789,3.519649386837432,125.06457430681364,124.25086003854084,60.31228718157242,61.50553117296517,0.0,0.0,0.0
1306,2024-04-12,231.2,0,27.49,3.69,10.65,3.33,209.5,127.24,24.83,1186.75,435.5,59.62,11.63,5.1175,2,125.63,124.85,122.61,59.53,60.99,63.17,125.52428571428572,124.55410714285712,60.19285714285714,61.67732142857143,0.7073081416543151,3.555386746685933,125.60843073011024,124.45700762208976,60.13921538617932,61.37549454034688,0.0,0.0,0.0
1307,2024-04-13,231.03333333333333,0,26.85,3.69,10.65,3.33,208.41,127.3,24.74333333333333,1181.8333333333333,434.1666666666667,59.64666666666667,11.59,5.139866666666666,2,127.24,125.24,122.93666666666668,59.62,60.86666666666667,63.07,125.81857142857142,124.70994047619048,60.01857142857143,61.55505952380952,0.6327809979585638,3.5279286700304584,126.03132304758267,124.65307606194564,60.01607820630115,61.25626503181721,0.0,0.0,0.0
1308,2024-04-14,230.86666666666665,0,26.36,3.69,10.65,3.33,207.32,127.36,24.656666666666663,1176.9166666666667,432.8333333333333,59.67333333333333,11.55,5.162233333333333,2,127.3,125.63,123.26333333333334,59.64666666666667,60.74333333333333,62.97,126.06571428571428,124.85625000000002,59.86571428571428,61.43732142857143,0.6020987481207067,3.436258834370103,126.36349228568702,124.83976047146662,59.9303919880592,61.14709732847349,0.0,0.0,0.0
1309,2024-04-15,230.7,0,27.47,3.69,10.65,3.33,206.23,127.42,24.57,1172.0,431.5,59.7,11.51,5.1846,2,127.36,126.02,123.59,59.67333333333333,60.62,62.87,126.26571428571428,124.99303571428572,59.73428571428571,61.32410714285714,0.6312867038743118,3.27551176578668,126.62761921426528,125.01770802515856,59.8727939910444,61.047297512716696,0.0,0.0,0.0
1310,2024-04-16,230.8,0,28.13,3.69,10.65,3.33,206.48,129.17,24.55,1160.0,431.0,59.74,11.36,5.2826,1,127.42,124.6,123.79,59.7,60.14,62.86,126.91857142857144,125.18517857142857,59.67714285714286,61.212678571428576,0.8297482064831074,3.0970281230808823,127.26321441069894,125.30407298894072,59.839595493283305,60.957139063563815,0.0,0.0,0.0
1311,2024-04-17,229.2,0,28.88,3.69,10.65,3.33,208.42,128.55,24.56,1164.25,441.0,59.41,11.35,5.242,1,129.17,124.31,124.14,59.74,59.83,62.75,127.52428571428572,125.34267857142858,59.61714285714286,61.09339285714286,0.8188745664322598,2.912816993566713,127.5849108080242,125.5279300241862,59.73219661996248,60.8504398178008,0.0,0.0,0.0
1312,2024-04-18,232.05,0,28.92,3.69,10.65,3.33,209.65,127.45,24.29,1149.0,426.75,59.29,11.3,5.2482,1,128.55,125.63,124.78,59.41,59.53,62.62,127.78428571428572,125.4380357142857,59.58285714285714,60.97446428571429,0.8961211450300676,2.641714575656407,127.55118310601814,125.66048657424231,59.62164746497186,60.74282327864212,0.0,0.0,0.0
1313,2024-04-19,234.5,0,28.02,3.69,10.65,3.33,213.04,127.42,24.53,1165.75,443.0,59.11,11.38,5.2027,1,127.45,127.24,124.51,59.29,59.62,62.45,127.81000000000002,125.54196428571429,59.510000000000005,60.85517857142857,0.7737824171037236,2.396411865228289,127.51838732951362,125.78183232774283,59.49373559872889,60.6302147766668,0.0,0.0,0.0
1314,2024-04-20,233.3333333333333,0,26.86,3.69,10.65,3.33,213.85333333333327,127.37333333333332,24.55333333333333,1169.3333333333333,441.9166666666667,58.99333333333333,11.373333333333331,5.191133333333333,1,127.42,127.3,124.44333333333334,59.11,59.64666666666667,62.5,127.8204761904762,125.64660714285716,59.41666666666666,60.72994047619047,0.7494905299038763,2.151772328385083,127.48212383046854,125.89159101778355,59.36863503238,60.51732640126449,0.0,0.0,0.0
1315,2024-04-21,232.16666666666663,0,27.95,3.69,10.65,3.33,214.66666666666663,127.32666666666668,24.576666666666668,1172.9166666666667,440.8333333333333,58.876666666666665,11.366666666666667,5.179566666666667,1,127.37333333333332,127.36,124.37666666666668,58.99333333333333,59.67333333333333,62.55,127.8157142857143,125.7519642857143,59.30285714285714,60.59875,0.8322381919600718,1.927520856749352,127.44325953951808,125.99056175218928,59.24564294095167,60.40417745405085,0.0,0.0,0.0
1316,2024-04-22,231.0,0,28.03,3.69,10.65,3.33,215.48,127.28,24.6,1176.5,439.75,58.76,11.36,5.168,1,127.32666666666668,127.42,124.31,58.876666666666665,59.7,62.6,127.79571428571428,125.85803571428572,59.16857142857143,60.46160714285714,0.9899330012340934,1.7498109723390232,127.40244465463854,126.07948852790037,59.12423220571375,60.29078590549562,0.0,0.0,0.0
1317,2024-04-23,233.95,0,28.8,3.69,10.65,3.33,216.77,127.84,24.93,1182.0,452.5,58.49,11.4,5.126,1,127.28,129.17,124.58,58.76,59.74,62.3,127.60571428571428,125.97446428571428,58.99,60.325535714285714,1.0588538277613715,1.7604793149906293,127.51183349097892,126.20090311218308,58.96567415428532,60.16659377408212,0.0,0.0,0.0
1318,2024-04-24,232.6,0,27.49,3.69,10.65,3.33,212.59,128.96,25.05,1181.5,448.5,58.27,11.32,5.1457,1,127.84,128.55,123.75,58.49,59.41,61.82,127.66428571428573,126.16053571428571,58.82714285714286,60.19875,0.9060499603254076,1.7065698142047312,127.8738751182342,126.39118565617044,58.79175561571399,60.035794203455765,0.0,0.0,0.0
1319,2024-04-25,233.15,0,28.15,3.69,10.65,3.33,212.54,128.15,24.81,1179.75,441.0,58.01,11.23,5.1602,1,128.96,127.45,124.04,58.27,59.29,61.78,127.76428571428572,126.30732142857144,58.64428571428572,60.06410714285715,0.8638901101658141,1.629802298057886,127.94290633867564,126.5124831971242,58.59631671178549,59.89608425838985,0.0,0.0,0.0
1320,2024-04-26,232.25,0,28.38,3.69,10.65,3.33,210.94,128.43,25.1,1177.25,450.0,58.09,11.35,5.1151,1,128.15,127.42,124.1975,58.01,59.11,61.7625,127.90857142857143,126.45848214285716,58.49857142857143,59.93294642857143,0.8608609833453198,1.6919291571406962,128.06467975400673,126.6447257352536,58.46973753383912,59.77152672332848,0.0,0.0,0.0
1321,2024-04-27,231.36666666666667,0,28.93,3.69,10.65,3.33,210.5,128.51,25.12,1178.8333333333333,449.75,58.09666666666667,11.356666666666666,5.116366666666667,1,128.43,127.37333333333332,124.355,58.09,58.99333333333333,61.745000000000005,128.0709523809524,126.606875,58.37047619047619,59.80264880952381,0.897900044430914,1.8186365610396629,128.17600981550504,126.77336533971884,58.376469817046,59.65601913321387,0.0,0.0,0.0
1322,2024-04-28,230.4833333333333,0,28.58,3.69,10.65,3.33,210.06,128.59,25.14,1180.4166666666667,449.5,58.10333333333333,11.363333333333332,5.117633333333333,1,128.51,127.32666666666668,124.5125,58.09666666666667,58.876666666666665,61.7275,128.25142857142856,126.7525,58.260000000000005,59.67321428571429,0.9799229457385354,1.964543947672434,128.2795073616288,126.89865048870377,58.30818569611783,59.54893735391176,0.0,0.0,0.0
1323,2024-04-29,229.6,0,28.18,3.69,10.65,3.33,209.62,128.67,25.16,1182.0,449.25,58.11,11.37,5.1189,1,128.59,127.28,124.67,58.10333333333333,58.76,61.71,128.45000000000002,126.89535714285716,58.16714285714285,59.54464285714285,1.0890194053822604,2.0906328718810125,128.37713052122157,127.02081252396556,58.25863927208837,59.44970029502129,0.0,0.0,0.0
1324,2024-04-30,229.35,0,28.73,3.69,10.65,3.33,209.64,129.05,24.86,1163.0,446.75,57.93,11.16,5.1934,1,128.67,127.84,124.86,58.11,58.49,61.57,128.62285714285716,127.045,58.08714285714285,59.41464285714286,1.0525401732568176,2.189817638453789,128.54534789091616,127.16075648783,58.17647945406628,59.34489337812327,0.0,0.0,0.0
1325,2024-05-01,230.225,0,27.55,3.93,10.65,3.33,208.07,129.5,25.14,1170.25,450.75,57.745000000000005,11.21,5.1936,1,129.05,128.96,124.61,57.93,58.27,61.49,128.7,127.21964285714286,58.012142857142855,59.28089285714286,3.873178834718007,2.6194820067259244,128.7840109181871,127.32208362660036,58.06860959054971,59.23455590376994,0.0,0.0,0.0
1326,2024-05-02,231.1,0,27.55,3.93,10.65,3.33,207.48,129.95,25.42,1199.0,459.75,57.56,11.26,5.1113,1,129.5,128.15,124.28,57.745000000000005,58.01,61.48,128.95714285714286,127.42214285714286,57.94785714285714,59.14089285714287,4.460123087895348,2.7517996456288967,129.07550818864033,127.50331923855892,57.94145719291228,59.11906928971684,0.0,0.0,0.0
1327,2024-05-03,233.8,0,27.97,3.93,10.65,3.33,207.65,131.17,25.87,1215.0,460.25,58.1,11.46,5.0722,1,129.95,128.43,124.85,57.56,58.09,60.99,129.34857142857143,127.64785714285716,57.94928571428572,59.03767857142857,4.711129246317056,2.825977416047385,129.59913114148023,127.75619377383072,57.98109289468421,59.04878864904671,0.0,0.0,0.0
1328,2024-05-04,233.78333333333333,0,28.73,3.93,10.65,3.33,207.76666666666668,131.55666666666667,25.94,1226.25,459.1666666666667,58.13333333333333,11.463333333333336,5.0734,1,131.17,128.51,125.24,58.1,58.09666666666667,60.86666666666667,129.78380952380954,127.87345238095236,57.95452380952381,58.94005952380952,4.632545472093544,2.904217366992357,130.08851502277685,128.018295352647,58.01915300434649,58.98565379968717,0.0,0.0,0.0
1329,2024-05-05,233.76666666666668,0,27.43,3.93,10.65,3.33,207.88333333333333,131.94333333333333,26.01,1237.5,458.0833333333333,58.16666666666667,11.466666666666669,5.0746,1,131.55666666666667,128.59,125.63,58.13333333333333,58.10333333333333,60.74333333333333,130.26285714285714,128.09892857142856,57.96357142857143,58.84803571428571,4.187692852701315,2.9838886226464743,130.55221960041598,128.28898762717708,58.05603141992654,58.929171928444376,0.0,0.0,0.0
1330,2024-05-06,233.75,0,27.4,3.93,10.65,3.33,208.0,132.33,26.08,1248.75,457.0,58.2,11.47,5.0758,1,131.94333333333333,128.67,126.02,58.16666666666667,58.11,60.62,130.78571428571428,128.3242857142857,57.97642857142857,58.76160714285714,3.2043841141496863,3.0625270487954843,130.99666470031198,128.56767813564764,58.09202356494491,58.87888420924132,0.0,0.0,0.0
1331,2024-05-07,233.15,0,28.33,3.93,10.65,3.33,208.34,134.69,26.56,1246.5,453.75,58.16,11.47,5.0707,1,132.33,129.05,124.6,58.2,57.93,60.14,131.59142857142857,128.68464285714285,58.00928571428573,58.690892857142856,1.1259009997416058,3.122012631057334,131.919998525234,128.9899072297409,58.109017673708685,58.82930598791433,0.0,0.0,0.0
1332,2024-05-08,233.05,0,27.57,3.93,10.65,3.33,211.84,134.78,26.46,1227.75,445.5,58.1,11.4,5.0909,1,134.69,129.5,124.31,58.16,57.745000000000005,59.83,132.3457142857143,129.0585714285714,58.06,58.62910714285714,0.3355592347031964,3.208704596859941,132.6349988939255,129.3892239725174,58.10676325528152,58.779009023230586,0.0,0.0,0.0
1333,2024-05-09,231.8,0,27.81,3.93,10.4,3.33,213.61,134.08,26.06,1208.5,442.75,58.19,11.31,5.1412,1,134.78,129.95,125.63,58.1,57.56,59.53,132.93571428571428,129.36035714285714,58.15,58.58125,0.4721509616710118,3.3270627307581573,132.99624917044414,129.7127257675162,58.12757244146113,58.73838771128365,0.0,0.0,0.0
1334,2024-05-10,230.15,0,27.41,3.93,10.4,3.33,208.46,133.86,25.96,1219.0,455.75,58.88,11.42,5.1584,1,134.08,131.17,127.24,58.19,58.1,59.62,133.32,129.59678571428572,58.26142857142857,58.55482142857142,0.520321721507162,3.413544093262138,133.21218687783312,129.99874468010128,58.31567933109585,58.7481540760227,0.0,0.0,0.0
1335,2024-05-11,229.65,0,27.37,3.93,10.4,3.33,208.94666666666663,134.23000000000002,26.04,1219.1666666666667,456.6666666666667,58.86333333333334,11.42,5.155966666666667,1,133.86,131.55666666666667,127.3,58.88,58.13333333333333,59.64666666666667,133.7019047619048,129.84428571428572,58.36571428571428,58.52684523809524,0.5772701415465442,3.5092797029372784,133.46664015837484,130.29055539181843,58.45259283165522,58.75609747307861,0.0,0.0,0.0
1336,2024-05-12,229.15,0,27.95,3.93,10.4,3.33,209.4333333333333,134.6,26.12,1219.3333333333333,457.5833333333333,58.84666666666666,11.42,5.153533333333333,1,134.23000000000002,131.94333333333333,127.36,58.86333333333334,58.16666666666667,59.67333333333333,134.08142857142855,130.10285714285715,58.462857142857146,58.49732142857143,0.6234535516463227,3.609365455440965,133.74998011878114,130.58775846824474,58.55111129040808,58.76234362436054,0.0,0.0,0.0
1337,2024-05-13,228.65,0,26.99,3.93,10.4,3.33,209.92,134.97,26.2,1219.5,458.5,58.83,11.42,5.1511,1,134.6,132.33,127.42,58.84666666666666,58.2,59.7,134.45857142857145,130.3725,58.55285714285714,58.46625,0.6362457204372531,3.708943890347614,134.05498508908585,130.8899820221589,58.62083346780607,58.7670095813012,0.0,0.0,0.0
1338,2024-05-14,227.0,0,27.95,3.93,10.4,3.33,210.8,134.16,26.15,1214.5,453.75,58.67,11.44,5.1299,1,134.97,134.69,129.17,58.83,58.16,59.74,134.38285714285715,130.5507142857143,58.62571428571429,58.42803571428571,0.8150575567751972,3.712401786801216,134.0812388168144,131.1155005033893,58.63312510085456,58.76031926534939,0.0,0.0,0.0
1339,2024-05-15,226.5,0,27.8,3.93,10.4,3.33,208.26,135.51,26.38,1216.25,462.5,58.96,11.48,5.1373,1,134.16,134.78,128.55,58.67,58.1,59.41,134.48714285714286,130.79928571428573,58.74857142857143,58.41196428571429,1.0689153592993834,3.7191923787449146,134.43842911261078,131.41856943419003,58.71484382564092,58.77409035049771,0.0,0.0,0.0
1340,2024-05-16,225.9,0,28.88,3.93,10.4,3.33,212.73,134.99,26.31,1216.75,457.0,58.85,11.47,5.1288,1,135.51,134.08,127.45,58.96,58.19,59.29,134.61714285714285,131.06857142857143,58.84285714285715,58.39625,1.3319620499432243,3.7120443939650456,134.5763218344581,131.66487499045277,58.74863286923069,58.77932549873924,0.0,0.0,0.0
1341,2024-05-17,225.6,0,26.94,3.93,10.4,3.33,213.14,136.3,26.7,1225.25,452.5,59.13,11.58,5.1031,1,134.99,133.86,127.42,58.85,58.88,59.11,134.96571428571428,131.3857142857143,58.87857142857143,58.39696428571428,1.8831152122185444,3.705603380611581,135.0072413758436,131.98453878421464,58.84397465192302,58.80350994710205,0.0,0.0,0.0
1342,2024-05-18,225.6,0,26.69,3.93,10.4,3.33,212.51666666666665,136.71,26.773333333333333,1231.1666666666667,455.1666666666667,59.31333333333333,11.613333333333332,5.103166666666667,1,136.3,134.23000000000002,127.37333333333332,59.13,58.86333333333334,58.99333333333333,135.32,131.71916666666667,58.94285714285714,58.40839285714286,2.0782575991730563,3.684530977376024,135.4329310318827,132.31043266116535,58.9613143222756,58.83867018063524,0.0,0.0,0.0
1343,2024-05-19,225.6,0,26.73,3.93,10.4,3.33,211.8933333333333,137.12,26.846666666666668,1237.0833333333333,457.8333333333333,59.49666666666667,11.646666666666668,5.103233333333334,1,136.71,134.6,127.32666666666668,59.31333333333333,58.84666666666666,58.876666666666665,135.68,132.06892857142856,59.035714285714285,58.43053571428572,1.9678744129668957,3.6421014466715103,135.85469827391202,132.64212696039533,59.095152408373366,58.88404924863741,0.0,0.0,0.0
1344,2024-05-20,225.6,0,27.75,3.93,10.4,3.33,211.27,137.53,26.92,1243.0,460.5,59.68,11.68,5.1033,1,137.12,134.97,127.28,59.49666666666667,58.83,58.76,136.04571428571427,132.435,59.15714285714286,58.463392857142864,1.404165490822881,3.5705196541831192,136.273523705434,132.97922165278186,59.241364306280026,58.9389424039038,0.0,0.0,0.0
1345,2024-05-21,225.1,0,28.53,3.93,10.4,3.33,210.35,138.17,27.01,1234.0,458.0,59.48,11.63,5.1225,1,137.53,134.16,127.84,59.68,58.67,58.49,136.61857142857144,132.80392857142857,59.27285714285714,58.49875000000001,1.482223616080501,3.55697694161107,136.7476427790755,133.3372063663831,59.30102322971002,58.976256720875945,0.0,0.0,0.0
1346,2024-05-22,223.7,0,27.14,3.93,10.4,3.33,211.48,140.16,27.19,1243.25,461.25,59.36,11.52,5.1503,1,138.17,135.51,128.96,59.48,58.96,58.27,137.28285714285715,133.20392857142858,59.33,58.53767857142857,1.500885150776621,3.631317192836447,137.60073208430663,133.80774385835667,59.31576742228252,59.00272177460864,0.0,0.0,0.0
1347,2024-05-23,222.5,0,27.43,3.93,10.4,3.33,212.07,140.2,27.2,1237.75,464.0,59.77,11.6,5.1442,1,140.16,134.99,128.15,59.36,58.85,58.01,138.02714285714288,133.6342857142857,59.46142857142856,58.60053571428572,1.1864898974024225,3.61367151597897,138.25054906322998,134.24858910950448,59.42932556671189,59.0556375142908,0.0,0.0,0.0
1348,2024-05-24,222.05,0,27.85,3.93,10.4,3.33,214.92,139.71,27.01,1245.0,464.75,59.74,11.55,5.166,1,140.2,136.3,128.43,59.77,59.13,58.09,138.5142857142857,134.03714285714287,59.54857142857143,58.659464285714286,1.1662617373056816,3.5684235770712176,138.6154117974225,134.6252381364352,59.50699417503392,59.10283492709833,0.0,0.0,0.0
1349,2024-05-25,222.0125,0,27.04,3.93,10.4,3.33,213.315,139.2925,26.945,1241.0,464.1875,59.6625,11.5425,5.164775000000001,1,139.71,136.71,128.51,59.74,59.31333333333333,58.09666666666667,138.88321428571427,134.42223214285715,59.59845238095238,58.71538690476191,1.0731283738661617,3.5186242509994914,138.78468384806686,134.9471182649569,59.54587063127544,59.14143251833292,0.0,0.0,0.0
1350,2024-05-26,221.975,0,26.85,3.93,10.4,3.33,211.71,138.875,26.880000000000003,1237.0,463.625,59.585,11.535,5.163550000000001,1,139.2925,137.12,128.59,59.6625,59.49666666666667,58.10333333333333,139.13392857142858,134.78955357142857,59.61107142857143,58.768303571428575,0.8752569593506945,3.463918349421134,138.80726288605015,135.21800666047713,59.55565297345658,59.17202337913754,0.0,0.0,0.0
1351,2024-05-27,221.9375,0,26.1,3.93,10.4,3.33,210.105,138.45749999999998,26.815,1233.0,463.0625,59.5075,11.5275,5.162325,1,138.875,137.53,128.67,59.585,59.68,58.11,139.26642857142858,135.13910714285714,59.58642857142856,58.81821428571429,0.4324275921385839,3.403906769590058,138.71982216453762,135.44141999423732,59.54361473009244,59.19515969781771,0.0,0.0,0.0
1352,2024-05-28,221.9,0,26.4,3.93,10.4,3.33,208.5,138.04,26.75,1229.0,462.5,59.43,11.52,5.1611,1,138.45749999999998,138.17,129.05,59.5075,59.48,57.93,139.24785714285713,135.46017857142857,59.57928571428572,58.871785714285714,0.3332519883644378,3.3784862447944217,138.5498666234032,135.62063240842784,59.51521104756933,59.21135558072683,0.0,0.0,0.0
1353,2024-05-29,221.5,0,27.07,3.93,10.4,3.33,205.89,137.75,26.47,1213.75,455.25,59.29,11.4,5.2018,1,138.04,140.16,129.5,59.43,59.36,57.745000000000005,138.9035714285714,135.75482142857143,59.56928571428572,58.92696428571429,0.4046436451812949,3.279350151860883,138.3498999675524,135.76748534577763,59.458908285677,59.21677933378015,0.0,0.0,0.0
1354,2024-05-30,221.325,0,27.28,3.93,10.4,3.33,204.9,137.76999999999998,26.34,1208.0,448.75,59.325,11.345,5.2034,1,137.75,140.2,129.95,59.29,59.77,57.56,138.55642857142857,136.03410714285715,59.50571428571429,58.99,0.6260857915343033,3.2686871967104114,138.2049249756643,135.9055898046895,59.42543121425774,59.22424282800221,0.0,0.0,0.0
1355,2024-05-31,221.15,0,26.89,3.93,10.4,3.33,202.98,137.79,26.21,1203.5,446.25,59.36,11.29,5.2443,1,137.76999999999998,139.71,131.17,59.325,59.74,58.1,138.28214285714284,136.2705357142857,59.45142857142857,59.035,1.0064048714607632,3.2193806319234564,138.10119373174822,136.03554912850402,59.40907341069331,59.23360539158826,0.0,0.0,0.0
1356,2024-06-01,219.66666666666663,0,26.58,4.23,10.4,3.33,202.57,137.41333333333333,26.18,1196.5,445.3333333333333,59.223333333333336,11.283333333333331,5.2451,1,137.79,139.2925,131.55666666666667,59.36,59.6625,58.13333333333333,138.01369047619048,136.47970238095238,59.38869047619047,59.07392857142857,1.1564702263126485,3.166130710664579,137.9292286321445,136.13056872883706,59.36263839135332,59.23289697377758,0.0,0.0,0.0
1357,2024-06-02,218.1833333333333,0,25.5,4.23,10.4,3.33,202.16,137.03666666666666,26.15,1189.5,444.4166666666667,59.086666666666666,11.276666666666666,5.2459,1,137.41333333333333,138.875,131.94333333333333,59.223333333333336,59.585,58.16666666666667,137.7510714285714,136.66160714285712,59.3175,59.106785714285714,1.15962558221335,3.1085582487111565,137.70608814077502,136.19305824179082,59.29364546018166,59.22281212501131,0.0,0.0,0.0
1358,2024-06-03,216.7,0,26.19,4.23,10.4,3.33,201.75,136.66,26.12,1182.5,443.5,58.95,11.27,5.2467,1,137.03666666666666,138.45749999999998,132.33,59.086666666666666,59.5075,58.2,137.4942857142857,136.81625,59.237857142857145,59.13357142857143,1.0066894172287852,3.046233991092496,137.44456610558126,136.2252611216673,59.207734095136246,59.203997495700186,0.0,0.0,0.0
1359,2024-06-04,216.6,0,26.38,4.23,10.4,3.33,203.78,136.36,25.79,1177.5,442.5,58.58,11.08,5.2861,1,136.66,138.04,134.69,58.95,59.43,58.16,137.25428571428571,136.87589285714287,59.11642857142857,59.14857142857142,0.5672482009984622,3.0015348026208977,137.17342457918596,136.23455345810402,59.05080057135218,59.16096318565189,0.0,0.0,0.0
1360,2024-06-05,216.55,0,26.64,4.23,10.4,3.33,200.49,136.97,25.85,1174.25,439.25,58.55,11.05,5.2964,1,136.36,137.75,134.78,58.58,59.29,58.1,137.14285714285714,136.95410714285714,59.010714285714286,59.16464285714286,0.3109680591008052,2.886830706585916,137.12256843438948,136.28527390926925,58.925600428514144,59.11882779353797,0.0,0.0,0.0
1361,2024-06-06,215.95,0,26.17,4.23,10.4,3.33,201.49,138.47,26.35,1193.5,452.0,58.27,11.09,5.256,1,136.97,137.76999999999998,134.08,58.55,59.325,58.19,137.24285714285716,137.11089285714283,58.86,59.1675,0.1910847421404686,2.72031838021064,137.45942632579212,136.4359446741472,58.76170032138561,59.06028794570776,0.0,0.0,0.0
1362,2024-06-07,215.3,0,25.56,4.23,10.4,3.33,199.36,138.29,26.01,1176.75,448.75,57.85,10.88,5.3448,1,138.47,137.79,133.86,58.27,59.36,58.88,137.31428571428572,137.26910714285714,58.64428571428572,59.13071428571429,0.1792817617814379,2.543638513159884,137.66706974434408,136.56381055868877,58.53377524103921,58.97681981152102,0.0,0.0,0.0
1363,2024-06-08,215.46666666666667,0,26.48,4.23,10.4,3.33,199.07333333333327,138.90666666666667,26.063333333333336,1178.75,449.75,57.973333333333336,10.876666666666669,5.3481000000000005,1,138.29,137.41333333333333,134.23000000000002,57.85,59.223333333333336,58.86333333333334,137.52761904761903,137.43613095238095,58.46571428571429,59.09892857142857,0.3164528458114827,2.324571420310543,137.97696897492472,136.7253868419976,58.393664764112735,58.90761384750808,0.0,0.0,0.0
1364,2024-06-09,215.63333333333333,0,25.73,4.23,10.4,3.33,198.78666666666663,139.5233333333333,26.116666666666667,1180.75,450.75,58.09666666666666,10.873333333333331,5.3514,1,138.90666666666667,137.03666666666666,134.6,57.973333333333336,59.086666666666666,58.84666666666666,137.88285714285715,137.6119642857143,58.32428571428572,59.07214285714286,0.5248988672646682,2.044973353929901,138.3635600645269,136.91834866898623,58.319415239751216,58.851686455725904,0.0,0.0,0.0
1365,2024-06-10,215.8,0,26.0,4.23,10.4,3.33,198.5,140.14,26.17,1182.75,451.75,58.22,10.87,5.3547,1,139.5233333333333,136.66,134.97,58.09666666666666,58.95,58.83,138.38,137.79660714285714,58.220000000000006,59.050357142857145,0.7556349164630932,1.667785773302512,138.80767004839515,137.14053151940098,58.29456142981341,58.80812187257239,0.0,0.0,0.0
1366,2024-06-11,216.0,0,26.37,4.23,10.4,3.33,198.7,140.2,26.16,1171.75,449.5,57.94,10.81,5.3662,1,140.14,136.36,134.16,58.22,58.58,58.67,138.92857142857142,138.01232142857145,58.12857142857143,59.02428571428572,0.8353836002886647,1.4942867208128483,139.15575253629635,137.3515293456492,58.205921072360056,58.74825139860188,0.0,0.0,0.0
1367,2024-06-12,219.25,0,27.02,4.23,10.4,3.33,195.73,140.11,25.91,1166.75,454.25,57.51,10.63,5.4123,1,140.2,136.97,135.51,57.94,58.55,58.96,139.37714285714284,138.17660714285714,57.98,58.9725,0.7618803567480995,1.272664907688953,139.39431440222228,137.54176870112167,58.03194080427004,58.66285475042244,0.0,0.0,0.0
1368,2024-06-13,220.5,0,25.35,4.23,10.4,3.33,195.64,140.53,26.15,1178.25,458.5,57.53,10.71,5.3636,1,140.11,138.47,134.99,57.51,58.27,58.85,139.67142857142855,138.37446428571428,57.87428571428571,58.925357142857145,0.7856184645718133,1.1313866099351275,139.67823580166672,137.7478536182857,57.90645560320253,58.5847268366002,0.0,0.0,0.0
1369,2024-06-14,221.25,0,25.5,4.23,10.4,3.33,197.13,140.06,26.05,1168.25,450.0,57.77,10.74,5.3757,1,140.53,138.29,136.3,57.53,57.85,59.13,139.92428571428573,138.50875,57.862857142857145,58.87678571428571,1.2308104366879054,1.29902590974997,139.77367685125006,137.9073119894384,57.8723417024019,58.52853877890363,0.0,0.0,0.0
1370,2024-06-15,221.3333333333333,0,25.9,4.23,10.4,3.33,196.95,139.71333333333334,25.91,1160.8333333333333,450.0,57.75333333333334,10.706666666666669,5.3903,1,140.06,138.90666666666667,136.71,57.77,57.973333333333336,59.31333333333333,140.0395238095238,138.6160119047619,57.83142857142857,58.82107142857143,1.401505830918458,1.432320073002544,139.75859097177087,138.03186518556907,57.84258961013475,58.47507633438154,0.0,0.0,0.0
1371,2024-06-16,221.41666666666663,0,25.6,4.23,10.4,3.33,196.77,139.36666666666667,25.77,1153.4166666666667,450.0,57.736666666666665,10.673333333333334,5.4049000000000005,1,139.71333333333334,139.5233333333333,137.12,57.75333333333334,58.09666666666666,59.49666666666667,140.01714285714286,138.69625,57.78000000000001,58.75821428571429,1.4581020807881198,1.5408164517590293,139.66060989549482,138.12392046012752,57.81610887426773,58.42415152971155,0.0,0.0,0.0
1372,2024-06-17,221.5,0,24.56,4.23,10.4,3.33,196.59,139.02,25.63,1146.0,450.0,57.72,10.64,5.4195,1,139.36666666666667,140.14,137.53,57.736666666666665,58.22,59.68,139.85714285714286,138.74946428571428,57.70857142857143,58.68821428571429,1.4594115547582556,1.630036866132195,139.50045742162112,138.18571904908424,57.79208165570079,58.375589355248685,0.0,0.0,0.0
1373,2024-06-18,221.5,0,24.95,4.23,10.4,3.33,196.53,138.88,25.56,1156.0,455.75,57.71,10.62,5.4359,1,139.02,140.2,138.17,57.72,57.94,59.48,139.66857142857145,138.77482142857144,57.67571428571428,58.625,1.2415676580143349,1.717707457467618,139.34534306621583,138.233600493975,57.77156124177559,58.3296866410936,0.0,0.0,0.0
1374,2024-06-19,222.55,0,25.06,4.23,10.4,3.33,197.51,138.905,25.61,1147.875,450.25,57.93,10.68,5.4421,1,138.88,140.11,140.16,57.71,57.51,59.36,139.49642857142857,138.73,57.73571428571428,58.573928571428574,0.7297437657924208,1.8101334127461088,139.23525729966187,138.2799039081836,57.811170931331695,58.30212204515611,0.0,0.0,0.0
1375,2024-06-20,223.6,0,26.6,4.23,10.4,3.33,198.49,138.93,25.66,1139.75,444.75,58.15,10.74,5.4483,1,138.905,140.53,140.2,57.93,57.53,59.77,139.26785714285714,138.68464285714285,57.82428571428572,58.51607142857143,0.1262708638595076,1.9023299187835607,139.15894297474642,138.3247381214123,57.89587819849877,58.2916308696281,0.0,0.0,0.0
1376,2024-06-21,223.75,0,26.35,4.23,10.4,3.33,194.48,138.95,25.52,1147.0,440.5,58.13,10.68,5.4302,1,138.93,140.06,139.71,58.15,57.77,59.74,139.10928571428573,138.6575,57.87571428571429,58.45857142857143,0.2656018280430643,2.014128524135392,139.10670723105983,138.3678596302804,57.95440864887408,58.28048391310202,0.0,0.0,0.0
1377,2024-06-22,224.38333333333333,0,25.62,4.23,10.4,3.33,194.68,138.72,25.556666666666665,1151.5,440.1666666666667,57.84,10.656666666666666,5.4177333333333335,1,138.95,139.71333333333334,139.2925,58.13,57.75333333333334,59.6625,138.96738095238098,138.63705357142857,57.88809523809523,58.39348214285714,0.4341242128626277,2.138282374246252,139.01003042329486,138.39214517301968,57.92580648665556,58.25010571219844,0.0,0.0,0.0
1378,2024-06-23,225.01666666666668,0,26.21,4.23,10.4,3.33,194.88,138.48999999999998,25.593333333333334,1156.0,439.8333333333333,57.55,10.633333333333333,5.405266666666667,1,138.72,139.36666666666667,138.875,57.84,57.736666666666665,59.585,138.84214285714285,138.62330357142858,57.861428571428576,58.32080357142856,0.6099443303792874,2.273476490780669,138.88002281747114,138.39889378177693,57.83185486499167,58.20182255963303,0.0,0.0,0.0
1379,2024-06-24,225.65,0,26.98,4.23,10.4,3.33,195.08,138.26,25.63,1160.5,439.5,57.26,10.61,5.3928,1,138.48999999999998,139.02,138.45749999999998,57.55,57.72,59.5075,138.73357142857142,138.61625,57.79571428571428,58.24053571428571,0.7797444927134282,2.418448852446597,138.72501711310335,138.38931490027508,57.68889114874375,58.136869279658335,0.0,0.0,0.0
1380,2024-06-25,225.4,0,27.45,4.23,10.4,3.33,194.1,138.48,25.4,1145.5,431.75,56.88,10.43,5.4509,1,138.26,138.88,138.04,57.26,57.71,59.43,138.67642857142854,138.63196428571428,57.67714285714286,58.14946428571428,0.8851158372470016,2.5814198167418683,138.6637628348275,138.39556904508368,57.48666836155781,58.0501886396819,0.0,0.0,0.0
1381,2024-06-26,225.0,0,25.24,4.23,10.4,3.33,195.2,139.61,25.31,1142.25,425.5,57.37,10.4,5.5194,1,138.48,138.905,137.75,56.88,57.93,59.29,138.77714285714285,138.69839285714286,57.597142857142856,58.08089285714285,1.7948521752667348,2.9731523082107096,138.90032212612064,138.4793229040434,57.45750127116836,58.003279078324525,0.0,0.0,0.0
1382,2024-06-27,226.0,0,25.46,4.23,10.4,3.33,195.53,139.32,25.32,1136.25,422.5,57.54,10.46,5.5019,1,139.61,138.93,137.76999999999998,57.37,58.15,59.325,138.83285714285714,138.75375,57.51,58.01714285714285,2.3752465918038985,3.36948592712966,139.00524159459047,138.537300634799,57.47812595337627,57.97132879706077,0.0,0.0,0.0
1383,2024-06-28,225.15,0,25.26,4.23,10.4,3.33,196.6,139.94,25.04,1133.5,407.5,57.22,10.24,5.5925,1,139.32,138.95,137.79,57.54,58.13,59.36,138.9742857142857,138.83053571428573,57.38,57.940714285714286,2.440751064658401,3.5860826795478986,139.23893119594285,138.63403852205423,57.413594465032205,57.91951301795312,0.0,0.0,0.0
1384,2024-06-29,225.31666666666663,0,25.71,4.23,10.4,3.33,196.2333333333333,140.03666666666666,24.98333333333333,1137.6666666666667,407.3333333333333,57.25333333333333,10.216666666666669,5.6151,1,139.94,138.72,137.41333333333333,57.22,57.84,59.223333333333336,139.16238095238094,138.9242261904762,57.29619047619048,57.87035714285714,2.1859092142548957,3.5805183586988867,139.4383650636238,138.73077149754477,57.37352918210749,57.87356959142762,0.0,0.0,0.0
1385,2024-06-30,225.4833333333333,0,25.5,4.23,10.4,3.33,195.86666666666667,140.13333333333333,24.926666666666662,1141.8333333333333,407.1666666666667,57.28666666666667,10.193333333333332,5.637700000000001,1,140.03666666666666,138.48999999999998,137.03666666666666,57.25333333333333,57.55,59.086666666666666,139.39714285714285,139.03482142857143,57.25857142857143,57.80607142857143,2.4047233377375723,3.4819358968820286,139.61210713105118,138.82749990001292,57.35181355324728,57.833093527651,0.0,0.0,0.0
1386,2024-07-01,225.65,0,25.82,4.5,10.4,4.05,195.5,140.23,24.87,1146.0,407.0,57.32,10.17,5.6603,0,140.13333333333333,138.26,136.66,57.28666666666667,57.26,58.95,139.67857142857142,139.16232142857143,57.26714285714286,57.74785714285714,3.3377036656406687,3.403138563119578,139.7665803482884,138.9242240448396,57.34386016493546,57.79770776712334,0.0,0.0,0.0
1387,2024-07-02,225.3,0,27.07,4.5,10.4,4.05,197.08,143.33,25.35,1150.25,408.0,56.87,10.06,5.6777,0,140.23,138.48,136.36,57.32,56.88,58.58,140.37142857142857,139.41125,57.26571428571429,57.68678571428571,3.8106312675973215,3.310779632302512,140.6574352612163,139.2280706624369,57.2253951237016,57.733727921114834,0.0,0.0,0.0
1388,2024-07-03,224.25,0,25.65,4.5,10.4,4.05,196.06,142.62,25.64,1157.75,405.5,56.4,10.14,5.5563,0,143.33,139.61,136.97,56.87,57.37,58.55,140.80142857142857,139.6130357142857,57.12714285714286,57.61,3.7440691119066223,3.178471031832725,141.14807644591224,139.46199682364815,57.0190463427762,57.64174668517588,0.0,0.0,0.0
1389,2024-07-04,225.775,0,25.65,4.5,10.4,4.05,196.23,141.995,25.75,1162.0,408.0,56.255,10.2,5.50775,0,142.62,139.32,138.47,56.4,57.54,58.27,141.1835714285714,139.73892857142857,56.943571428571424,57.538035714285705,3.04632472514993,3.033504412155544,141.35980733443418,139.6366866978793,56.82803475708215,57.54610898274995,0.0,0.0,0.0
1390,2024-07-05,227.3,0,25.92,4.5,10.4,4.05,196.4,141.37,25.86,1166.25,410.5,56.11,10.26,5.4592,0,141.995,139.94,138.29,56.255,57.22,57.85,141.38785714285714,139.84892857142856,56.785,57.47589285714286,1.8310754184911917,2.893139278692628,141.36235550082563,139.7562255463014,56.648526067811616,57.44706698393961,0.0,0.0,0.0
1391,2024-07-06,227.53333333333333,0,26.49,4.5,10.4,4.05,195.9233333333333,140.83,25.746666666666663,1160.5,404.75,56.12,10.256666666666666,5.462766666666667,0,141.37,140.03666666666666,138.90666666666667,56.11,57.25333333333333,57.973333333333336,141.5011904761905,139.91761904761907,56.62309523809524,57.409702380952375,0.9073656769183353,2.783734839950949,141.22926662561923,139.8302789569013,56.51639455085871,57.355545122978256,0.0,0.0,0.0
1392,2024-07-07,227.76666666666668,0,25.98,4.5,10.4,4.05,195.44666666666663,140.29,25.633333333333333,1154.75,399.0,56.13,10.253333333333334,5.466333333333333,0,140.83,140.13333333333333,139.5233333333333,56.12,57.28666666666667,58.09666666666666,141.52357142857144,139.945,56.45785714285714,57.33946428571429,0.7014778697922249,2.716248326451049,140.99444996921443,139.86198385642535,56.41979591314404,57.27102476966941,0.0,0.0,0.0
1393,2024-07-08,228.0,0,26.56,4.5,10.4,4.05,194.97,139.75,25.52,1149.0,393.25,56.14,10.25,5.4699,0,140.29,140.23,140.14,56.13,57.32,58.22,141.455,139.93107142857144,56.28928571428571,57.26517857142857,0.6812636651107091,2.6987661809648418,140.68333747691082,139.8542608318443,56.34984693485802,57.19302306141634,0.0,0.0,0.0
1394,2024-07-09,228.0,0,26.27,4.5,10.4,4.05,194.62,137.78,25.43,1131.25,394.0,56.21,10.37,5.4222,0,139.75,143.33,140.2,56.14,56.87,57.94,140.66214285714287,139.84464285714287,56.195,57.20339285714285,1.3170924137273157,2.7759939608990747,139.95750310768312,139.71120836068263,56.31488520114352,57.12522836752556,0.0,0.0,0.0
1395,2024-07-10,227.25,0,26.36,4.5,10.4,4.05,193.58,136.32,25.18,1113.25,395.75,55.84,10.32,5.4144,0,137.78,142.62,140.11,56.21,56.4,57.51,139.76214285714286,139.70928571428573,56.115,57.14375,1.6026119553277014,2.852007370673629,139.04812733076233,139.47733192201486,56.19616390085764,57.03659192838586,0.0,0.0,0.0
1396,2024-07-11,226.55,0,26.48,4.5,10.4,4.05,195.8,134.96,24.79,1117.0,400.25,56.49,10.38,5.4381,0,136.32,141.995,140.53,55.84,56.255,57.53,138.75714285714284,139.51035714285717,56.14857142857143,57.10660714285715,1.6455759421552392,2.966288586963888,138.02609549807175,139.1657917894621,56.26962292564323,56.99889593332477,0.0,0.0,0.0
1397,2024-07-12,227.1,0,26.56,4.5,10.4,4.05,193.43,135.01,24.85,1105.0,402.0,56.7,10.44,5.4285,0,134.96,141.37,140.06,56.49,56.11,57.77,137.84857142857143,139.32999999999998,56.23285714285714,57.06839285714285,1.4043888124384072,3.0935655938080644,137.2720716235538,138.87918545915437,56.37721719423243,56.97828242068168,0.0,0.0,0.0
1398,2024-07-13,226.9,0,26.22,4.5,10.4,4.05,194.6233333333333,134.29333333333332,24.69666666666667,1081.25,402.75,56.583333333333336,10.41,5.433933333333333,0,135.01,140.83,139.71333333333334,56.7,56.12,57.75333333333334,136.9147619047619,139.13642857142858,56.29904761904762,57.026607142857145,1.0969681987273752,3.2120517562071744,136.5273870509987,138.56291979530462,56.42874622900766,56.95104455258869,0.0,0.0,0.0
1399,2024-07-14,226.7,0,24.98,4.5,10.4,4.05,195.81666666666663,133.57666666666668,24.543333333333333,1057.5,403.5,56.46666666666667,10.38,5.4393666666666665,0,134.29333333333332,140.29,139.36666666666667,56.583333333333336,56.13,57.736666666666665,135.9557142857143,138.92964285714285,56.347142857142856,56.98125,0.7229101555275074,3.321851399844497,135.7897069549157,138.21904026919165,56.43822633842241,56.91763918114579,0.0,0.0,0.0
1400,2024-07-15,226.5,0,24.23,4.5,10.4,4.05,197.01,132.86,24.39,1033.75,404.25,56.35,10.35,5.4448,0,133.57666666666668,139.75,139.02,56.46666666666667,56.14,57.72,134.97142857142856,138.70964285714285,56.377142857142864,56.93232142857143,0.0781619923393129,3.422960183310114,135.05728021618677,137.84945128510947,56.41616975381681,56.87849165141159,0.0,0.0,0.0
1401,2024-07-16,230.4,0,24.19,4.5,10.4,4.05,197.37,132.4,24.37,1037.75,408.75,56.33,10.37,5.4286,0,132.86,137.78,138.88,56.35,56.21,57.71,134.20285714285714,138.47821428571427,56.39428571428572,56.88303571428571,0.1650946268718623,3.4928313303451555,134.39296016214007,137.4736270585502,56.39462731536261,56.840664640969415,0.0,0.0,0.0
1402,2024-07-17,231.2,0,24.4,4.5,10.4,4.05,201.46,133.95,24.42,1038.25,411.75,56.17,10.24,5.4821,0,132.4,136.32,138.905,56.33,55.84,57.93,133.86428571428573,138.30125,56.441428571428574,56.82017857142857,0.6998535642062189,3.5109185116366577,134.28222012160506,137.23061829589156,56.33847048652196,56.794411907109456,0.0,0.0,0.0
1403,2024-07-18,232.75,0,24.31,4.5,10.4,4.05,200.61,136.02,24.38,1040.75,405.0,57.24,10.26,5.546,0,133.95,134.96,138.93,56.17,56.49,58.15,134.0157142857143,138.19732142857143,56.54857142857144,56.78767857142857,0.6998535642062189,3.5818224211394787,134.7166650912038,137.1471273789335,56.56385286489147,56.82514212041225,0.0,0.0,0.0
1404,2024-07-19,232.3,0,24.81,4.5,10.4,4.05,199.85,136.27,24.34,1036.75,404.75,57.48,10.27,5.5952,0,136.02,135.01,138.95,57.24,56.7,58.13,134.1957142857143,138.10160714285715,56.66,56.76446428571428,0.7123395709865937,3.608834514140965,135.10499881840283,137.08663583555878,56.7928896486686,56.87030473279761,0.0,0.0,0.0
1405,2024-07-20,232.03333333333333,0,25.13,4.5,10.4,4.05,199.86,136.93666666666667,24.496666666666663,1046.0833333333333,408.1666666666667,57.50666666666667,10.29,5.589433333333333,0,136.27,134.29333333333332,138.72,57.48,56.583333333333336,57.84,134.57333333333335,138.03791666666666,56.79190476190475,56.75255952380952,0.72390037023475,3.612785151830862,135.5629157804688,137.07629313425588,56.97133390316812,56.91419176271961,0.0,0.0,0.0
1406,2024-07-21,231.76666666666668,0,23.99,4.5,10.4,4.05,199.87,137.60333333333335,24.65333333333333,1055.4166666666667,411.5833333333333,57.53333333333333,10.31,5.583666666666667,0,136.93666666666667,133.57666666666668,138.48999999999998,57.50666666666667,56.46666666666667,57.55,135.14857142857144,138.00625,56.94428571428572,56.75196428571429,0.715461254891186,3.5918676727694736,136.07302016868493,137.11264073419224,57.11183376070942,56.95689118138262,0.0,0.0,0.0
1407,2024-07-22,231.5,0,24.49,4.5,10.4,4.05,199.88,138.27,24.81,1064.75,415.0,57.56,10.33,5.5779,0,137.60333333333335,132.86,138.26,57.53333333333333,56.35,57.26,135.92142857142858,138.00660714285715,57.11714285714286,56.76267857142857,0.6537545497601354,3.5437071972885947,136.6222651265137,137.19245861459277,57.22387532053207,56.99848489301141,0.0,0.0,0.0
1408,2024-07-23,230.4,0,24.9,4.5,10.4,4.05,197.44,139.61,24.97,1071.75,417.25,58.41,10.45,5.5846,0,138.27,132.4,138.48,57.56,56.33,56.88,136.95142857142858,138.0469642857143,57.41428571428571,56.81732142857143,1.169237982752707,3.459752186199313,137.36919884488526,137.3591856066898,57.52040649039905,57.095830762458895,0.0,0.0,0.0
1409,2024-07-24,229.7,0,25.12,4.5,10.4,4.05,197.25,141.12,24.95,1060.25,418.0,58.56,10.35,5.6536,0,139.61,133.95,139.61,58.41,56.17,57.37,137.9757142857143,138.10089285714287,57.75571428571429,56.85982142857143,1.5928587799816534,3.1483197026533123,138.30689913366393,137.61855211657328,57.78030486779929,57.19680795125483,0.0,0.0,0.0
1410,2024-07-25,232.2,0,25.71,4.5,10.4,4.05,199.38,141.35,25.06,1074.5,420.75,58.91,10.44,5.6442,0,141.12,136.02,139.32,58.56,57.24,57.54,138.73714285714286,138.17339285714286,57.99428571428571,56.908750000000005,2.053616797288964,2.724130756532531,139.06767435024796,137.87589334991304,58.062728650849465,57.31495912703036,0.0,0.0,0.0
1411,2024-07-26,232.35,0,25.3,4.5,10.4,4.05,200.54,140.18,24.76,1042.0,410.0,58.81,10.39,5.6557,0,141.35,136.27,139.94,58.91,57.48,57.22,139.2957142857143,138.1819642857143,58.184285714285714,56.965535714285714,2.157013977016849,2.282238760809129,139.34575576268597,138.03479725681558,58.2495464881371,57.41806539413172,0.0,0.0,0.0
1412,2024-07-27,232.35,0,25.28,4.5,10.4,4.05,200.0,139.21333333333334,24.636666666666667,1038.0,410.75,58.690000000000005,10.386666666666668,5.642433333333334,0,140.18,136.93666666666667,140.03666666666666,58.81,57.50666666666667,57.25333333333333,139.6209523809524,138.15255952380954,58.35333333333333,57.01684523809524,1.9724893626349704,2.103303847481784,139.31265015534782,138.11607560692025,58.35965986610282,57.50578502212263,0.0,0.0,0.0
1413,2024-07-28,232.35,0,26.19,4.5,10.4,4.05,199.46,138.24666666666667,24.51333333333333,1034.0,411.5,58.57,10.383333333333336,5.629166666666666,0,139.21333333333334,137.60333333333335,140.13333333333333,58.690000000000005,57.53333333333333,57.28666666666667,139.71285714285713,138.08517857142857,58.50142857142857,57.06267857142858,1.5653649245247914,2.111181933932983,139.04615428317754,138.12508188690276,58.41224489957712,57.57917915852797,0.0,0.0,0.0
1414,2024-07-29,232.35,0,26.99,4.5,10.4,4.05,198.92,137.28,24.39,1030.0,412.25,58.45,10.38,5.6159,0,138.24666666666667,138.27,140.23,58.57,57.56,57.32,139.57142857142858,137.97982142857143,58.62857142857143,57.10303571428572,0.878066056737014,2.1561462929811657,138.60461571238315,138.0668003774612,58.42168367468284,57.63923576828466,0.0,0.0,0.0
1415,2024-07-30,232.6,0,27.17,4.5,10.4,4.05,197.2,135.61,24.11,1011.0,405.0,58.35,10.37,5.6121,0,137.28,139.61,143.33,58.45,58.41,56.87,139.0,137.70410714285714,58.620000000000005,57.15589285714286,0.7007139216496804,2.226965424069649,137.85596178428736,137.89736586867076,58.40376275601213,57.68825399116157,0.0,0.0,0.0
1416,2024-07-31,232.5,0,27.96,4.5,10.4,4.05,193.71,137.18,24.23,1014.5,399.75,59.2,10.46,5.65,0,135.61,141.12,142.62,58.35,58.56,56.4,138.43714285714287,137.50982142857143,58.71142857142856,57.25589285714285,0.6620684963591205,2.260081157112815,137.68697133821553,137.84789236048658,58.6028220670091,57.79251233659871,0.0,0.0,0.0
1417,2024-08-01,231.95,0,26.95,4.24,10.4,4.05,196.31,137.67,24.0,1009.0,398.5,59.44,10.36,5.7483,0,137.18,141.35,141.995,59.2,58.91,56.255,137.91142857142856,137.35535714285714,58.78714285714285,57.369642857142864,1.116521566364478,2.2448348877971185,137.68272850366165,137.8356239218323,58.812116550256825,57.90613217545396,0.0,0.0,0.0
1418,2024-08-02,233.15,0,26.43,4.24,10.4,4.05,199.83,139.05,24.35,1018.0,403.25,59.34,10.39,5.7273,0,137.67,140.18,141.37,59.44,58.81,56.11,137.75000000000003,137.2725,58.862857142857145,57.485,1.4155506608607065,2.2248009255133336,138.02454637774622,137.91937399618868,58.94408741269262,58.00501961162955,0.0,0.0,0.0
1419,2024-08-03,233.56666666666663,0,25.52,4.24,10.4,4.05,198.96,139.2266666666667,24.346666666666668,1022.5,404.5,59.27333333333333,10.363333333333332,5.726133333333333,0,139.05,139.21333333333334,140.83,59.34,58.690000000000005,56.12,137.75190476190477,137.2152380952381,58.94619047619047,57.59761904761905,1.6894534800397305,2.2306857942824485,138.32507644997634,138.0095321113941,59.0263988928528,58.09248952347119,0.0,0.0,0.0
1420,2024-08-04,233.9833333333333,0,25.56,4.24,10.4,4.05,198.09,139.40333333333334,24.343333333333334,1027.0,405.75,59.20666666666667,10.336666666666668,5.724966666666666,0,139.2266666666667,138.24666666666667,140.29,59.27333333333333,58.57,56.13,137.91714285714286,137.1835714285714,59.03714285714286,57.7075,1.933005484750514,2.265443159682516,138.59464067081558,138.10565633359678,59.07146583630627,58.16932932645018,0.0,0.0,0.0
1421,2024-08-05,234.4,0,24.95,4.24,10.4,4.05,197.22,139.58,24.34,1031.5,407.0,59.14,10.31,5.7238,0,139.40333333333334,137.28,139.75,59.20666666666667,58.45,56.14,138.2457142857143,137.17749999999998,59.13571428571429,57.814642857142864,2.1392751013316853,2.330807002130567,138.8409805031117,138.20733520714185,59.0885993772297,58.23627213152258,0.0,0.0,0.0
1422,2024-08-06,234.7,0,25.79,4.24,10.4,4.05,202.38,139.84,24.74,1014.0,405.25,59.19,10.47,5.6623,0,139.58,135.61,137.78,59.14,58.35,56.21,138.85,137.25107142857144,59.25571428571429,57.92107142857143,1.7944472174797028,2.3434186893574656,139.09073537733377,138.31993277906312,59.11394953292228,58.30204646727964,0.0,0.0,0.0
1423,2024-08-07,230.55,0,25.9,4.24,10.4,4.05,205.0,137.95,24.52,1005.25,400.75,59.2,10.52,5.6341,0,139.84,137.18,136.32,59.19,59.2,55.84,138.96,137.30928571428572,59.25571428571429,58.04107142857142,1.1011645041955804,2.3427695825443795,138.8055515330003,138.2944201736105,59.135462149691705,58.36397429712242,0.0,0.0,0.0
1424,2024-08-08,231.2,0,26.06,4.24,10.4,4.05,205.15,137.8,24.72,993.5,397.0,59.02,10.59,5.5493,0,137.95,137.67,134.96,59.2,59.44,56.49,138.97857142857146,137.41071428571428,59.19571428571429,58.131428571428565,0.8070556210723083,2.3495772373868,138.55416364975025,138.26032223060287,59.10659661226878,58.40921744904501,0.0,0.0,0.0
1425,2024-08-09,234.3,0,26.4,4.24,10.4,4.05,206.66,135.04,24.5,988.75,395.0,58.86,10.68,5.5064,0,137.8,139.05,135.01,59.02,59.34,56.7,138.40571428571428,137.4117857142857,59.12714285714286,58.20857142857143,0.8497370541636369,2.3180736318791797,137.6756227373127,138.03823104228542,59.04494745920158,58.44030590083501,0.0,0.0,0.0
1426,2024-08-10,234.66666666666669,0,24.38,4.24,10.4,4.05,206.63666666666663,134.3766666666667,24.39333333333333,982.9166666666666,397.1666666666667,58.93,10.696666666666667,5.5034,0,135.04,139.2266666666667,134.29333333333332,58.86,59.27333333333333,56.583333333333336,137.71285714285713,137.41476190476192,59.07809523809524,58.29238095238095,0.9597746334077448,2.283373016563034,136.8508837196512,137.78570936120826,59.01621059440119,58.474077907673966,0.0,0.0,0.0
1427,2024-08-11,235.03333333333333,0,26.14,4.24,10.4,4.05,206.6133333333333,133.71333333333334,24.286666666666665,977.0833333333334,399.3333333333333,59.0,10.713333333333331,5.5004,0,134.3766666666667,139.40333333333334,133.57666666666668,58.93,59.20666666666667,56.46666666666667,136.9,137.41964285714286,59.04857142857143,58.38285714285714,1.0119712022977176,2.2473791488199035,136.06649612307174,137.50485584204446,59.012157945800894,58.5103483967999,0.0,0.0,0.0
1428,2024-08-12,235.4,0,26.63,4.24,10.4,4.05,206.59,133.05,24.18,971.25,401.5,59.07,10.73,5.4974,0,133.71333333333334,139.58,132.86,59.0,59.14,56.35,135.96714285714285,137.4264285714286,59.03857142857142,58.48,0.8777847813918441,2.2120246872767715,135.3123720923038,137.1976244046621,59.02661845935067,58.548945059089554,0.0,0.0,0.0
1429,2024-08-13,235.4,0,26.81,4.24,10.4,4.05,207.57,130.96,24.0,947.25,397.25,59.22,10.85,5.4538,0,133.05,139.84,132.4,59.07,59.19,56.33,134.69857142857146,137.375,59.04285714285714,58.58321428571429,0.8032332621745004,2.184474707506164,134.22427906922786,136.7674434112371,59.074963844513,58.59522471018683,0.0,0.0,0.0
1430,2024-08-14,234.2,0,27.85,4.24,10.4,4.05,207.85,128.12,23.41,952.25,400.75,59.39,10.85,5.473,0,130.96,137.95,133.95,59.22,59.2,56.17,133.2942857142857,137.16678571428574,59.07,58.698214285714286,0.7681305161168742,2.1832922569749558,132.69820930192088,136.17106800356558,59.153722883384745,58.65003679913946,0.0,0.0,0.0
1431,2024-08-15,232.85,0,28.42,4.24,10.4,4.05,205.29,128.99,23.53,968.5,397.0,59.01,10.76,5.4827,0,128.12,137.8,136.02,59.39,59.02,57.24,132.03571428571428,136.91571428571427,59.06857142857143,58.76142857142857,0.3820246813190028,2.137402528575913,131.77115697644066,135.67582193435416,59.11779216253856,58.67486184747466,0.0,0.0,0.0
1432,2024-08-16,233.5,0,29.48,4.24,10.4,4.05,207.88,127.77,23.36,957.0,392.5,59.75,10.92,5.4753,0,128.99,135.04,136.27,59.01,58.86,57.48,130.99714285714285,136.61214285714286,59.19571428571429,58.8425,0.5360893924792237,2.146251425487612,130.7708677323305,135.13059283543316,59.27584412190392,58.74900930626951,0.0,0.0,0.0
1433,2024-08-17,233.4833333333333,0,29.34,4.24,10.4,4.05,208.21,127.64,23.42333333333333,963.3333333333334,395.0833333333333,59.77666666666666,10.966666666666669,5.454233333333333,0,127.77,134.3766666666667,136.93666666666667,59.75,58.93,57.50666666666667,130.0347619047619,136.28011904761905,59.31666666666666,58.92357142857143,0.6235612010241148,2.161692704489046,129.98815079924788,134.61400022609294,59.4010497580946,58.8198822276762,0.0,0.0,0.0
1434,2024-08-18,233.46666666666667,0,28.12,4.24,10.4,4.05,208.54,127.51,23.486666666666668,969.6666666666666,397.6666666666667,59.803333333333335,11.013333333333334,5.433166666666667,0,127.64,133.71333333333334,137.60333333333335,59.77666666666666,59.0,57.53333333333333,129.14857142857142,135.91964285714286,59.43142857142857,59.00464285714286,0.6826927476904783,2.18205444642075,129.36861309943592,134.12406917601757,59.50162065190429,58.88770644185945,0.0,0.0,0.0
1435,2024-08-19,233.45,0,27.8,4.24,10.4,4.05,208.87,127.38,23.55,976.0,400.25,59.83,11.06,5.4121,0,127.51,133.05,138.27,59.803333333333335,59.07,57.56,128.33857142857144,135.53071428571428,59.54,59.08571428571429,0.7233002594360102,2.2055520156820743,128.87145982457693,133.65896095698187,59.58371548892822,58.95269220448983,0.0,0.0,0.0
1436,2024-08-20,234.75,0,28.1,4.24,10.4,4.05,208.7,128.07,23.42,976.0,398.0,59.69,10.92,5.478,0,127.38,130.96,139.61,59.83,59.22,58.41,127.92571428571428,135.1185714285714,59.60714285714285,59.13142857142857,1.051562491468532,2.2785446706896595,128.6710948684327,133.27351537374173,59.610286616696165,59.00354101797329,0.0,0.0,0.0
1437,2024-08-21,235.5,0,28.29,4.24,10.4,4.05,209.4,129.14,23.59,981.5,398.25,59.89,10.94,5.4858,0,128.07,128.12,141.12,59.69,59.39,58.56,128.07142857142858,134.69071428571428,59.67857142857143,59.17892857142857,0.9684892506195552,2.302179618296473,128.7883211513245,132.98844534796643,59.68021496252213,59.06467612018203,0.0,0.0,0.0
1438,2024-08-22,236.3,0,28.91,4.24,10.4,4.05,209.62,131.16,23.47,961.5,393.5,60.12,10.76,5.5834,0,129.14,128.99,141.35,59.89,59.01,58.91,128.38142857142856,134.3267857142857,59.83714285714286,59.222142857142856,0.7410775386972522,2.1379887554356056,129.3812408634934,132.86234566879634,59.7901612218916,59.13745707741085,0.0,0.0,0.0
1439,2024-08-23,237.7,0,29.06,4.24,10.4,4.05,207.05,131.05,23.93,973.0,391.0,60.02,10.96,5.4863,0,131.16,127.77,140.18,60.12,59.75,58.81,128.85,134.0007142857143,59.87571428571429,59.26535714285715,0.7224109294678761,1.9631752705397711,129.79843064762002,132.73735631232762,59.8476209164187,59.198322106554926,0.0,0.0,0.0
1440,2024-08-24,237.7333333333333,0,28.66,4.24,10.4,4.05,207.51,130.71,23.85,975.5833333333334,389.5,59.92666666666667,10.933333333333334,5.4892,0,131.05,127.64,139.21333333333334,60.02,59.77666666666666,58.690000000000005,129.28857142857143,133.6970238095238,59.89714285714286,59.3095238095238,0.7356407730224053,1.789662539923239,130.026322985715,132.59753863561536,59.867382353980695,59.24855276587297,0.0,0.0,0.0
1441,2024-08-25,237.76666666666668,0,27.83,4.24,10.4,4.05,207.97,130.37,23.77,978.1666666666666,388.0,59.833333333333336,10.906666666666668,5.4921,0,130.71,127.51,138.24666666666667,59.92666666666667,59.803333333333335,58.57,129.69714285714286,133.4157142857143,59.901428571428575,59.354642857142856,0.7974835705804104,1.6248449254460626,130.11224223928627,132.443915281435,59.858870098818855,59.28888246018058,0.0,0.0,0.0
1442,2024-08-26,237.8,0,25.95,4.24,10.4,4.05,208.43,130.03,23.69,980.75,386.5,59.74,10.88,5.495,0,130.37,127.38,137.28,59.833333333333336,59.83,58.45,130.0757142857143,133.15678571428572,59.88857142857143,59.40071428571429,0.9059781299105824,1.4773380332208628,130.0916816794647,132.27743836547396,59.82915257411415,59.31999401465088,0.0,0.0,0.0
1443,2024-08-27,237.85,0,28.31,4.24,10.4,4.05,212.4,132.21,24.03,986.5,392.75,59.98,10.9,5.5082,0,130.03,128.07,135.61,59.74,59.69,58.35,130.66714285714286,133.03535714285712,59.93,59.45892857142858,1.1144012964041463,1.2709835140442702,130.62126125959853,132.27278744371714,59.86686443058561,59.365511668812886,0.0,0.0,0.0
1444,2024-08-28,237.9,0,29.19,4.24,10.4,4.05,215.12,132.78,23.93,977.0,390.75,59.92,10.8,5.5644,0,132.21,129.14,137.18,59.98,59.89,59.2,131.18714285714287,132.87821428571428,59.93428571428571,59.48464285714285,0.8451231310111244,1.0347555223005611,131.16094594469888,132.3077676200125,59.880148322939206,59.40375224337751,0.0,0.0,0.0
1445,2024-08-29,239.0,0,28.14,4.24,10.4,4.05,214.1,134.93,24.01,992.5,396.0,60.27,10.73,5.6266,0,132.78,131.16,137.67,59.92,60.12,59.44,131.7257142857143,132.78035714285713,59.955714285714286,59.51428571428571,0.9006870645249975,1.039480154178764,132.10320945852416,132.48861123242543,59.97761124220441,59.46349346797216,0.0,0.0,0.0
1446,2024-08-30,239.75,0,27.6,4.24,10.4,4.05,215.74,138.13,24.45,1000.0,401.0,60.59,10.72,5.6103,0,134.93,131.05,139.05,60.27,60.02,59.34,132.73714285714286,132.7475,60.03714285714285,59.558928571428574,1.0179152587111002,1.1435401914681165,133.60990709389313,132.8776725267409,60.13070843165331,59.541183573629255,0.0,0.0,0.0
1447,2024-08-31,240.2625,0,28.19,4.24,10.4,4.05,214.965,138.3625,24.4925,1003.0,403.0625,60.727500000000006,10.7475,5.619075,0,138.13,130.71,139.2266666666667,60.59,59.92666666666667,59.27333333333333,133.83035714285717,132.7166369047619,60.15154761904762,59.610863095238095,0.8740839714292951,1.1589905683892263,134.79805532041985,133.25593649041394,60.27990632373998,59.622998499585854,0.0,0.0,0.0
1448,2024-09-01,240.775,0,28.94,4.42,10.4,4.05,214.19,138.595,24.535,1006.0,405.125,60.865,10.775,5.6278500000000005,0,138.3625,130.37,139.40333333333334,60.727500000000006,59.833333333333336,59.20666666666667,135.00535714285715,132.68776785714286,60.298928571428576,59.67008928571429,1.0241108637342191,1.1553071660035974,135.7472914903149,133.6241477669371,60.42617974280499,59.708653775476485,0.0,0.0,0.0
1449,2024-09-02,241.2875,0,28.58,4.42,10.4,4.05,213.415,138.8275,24.5775,1009.0,407.1875,61.0025,10.8025,5.636625,0,138.595,130.03,139.58,60.865,59.74,59.14,136.26214285714286,132.66089285714287,60.47928571428572,59.736607142857146,1.5685489850053622,1.1936350056218177,136.51734361773617,133.9829996450794,60.57025980710374,59.79788454958155,0.0,0.0,0.0
1450,2024-09-03,241.8,0,28.68,4.42,10.4,4.05,212.64,139.06,24.62,1012.0,409.25,61.14,10.83,5.6454,0,138.8275,132.21,139.84,61.0025,59.98,59.19,137.2407142857143,132.63303571428574,60.645,59.80625,2.141385923523235,1.3838420198236012,137.15300771330217,134.33313760059116,60.7126948553278,59.890444235817306,0.0,0.0,0.0
1451,2024-09-04,243.6,0,28.72,4.42,10.4,4.05,216.0,141.62,25.12,1021.5,412.75,61.57,10.92,5.6399,0,139.06,132.78,137.95,61.14,59.92,59.2,138.50357142857143,132.76410714285717,60.88071428571429,59.89089285714287,2.4895731541350727,1.5541985142007286,138.2697557849766,134.83567983503315,60.92702114149584,60.006275667829904,0.0,0.0,0.0
1452,2024-09-05,246.8,0,28.61,4.42,10.4,4.05,219.38,140.66,25.21,1023.5,410.75,61.89,11.09,5.5741,0,141.62,134.93,137.8,61.57,60.27,59.02,139.32214285714286,132.86625,61.112142857142864,59.99339285714286,2.820360195550791,1.8801493539004608,138.86731683873245,135.2373570877895,61.16776585612188,60.13618769073819,0.0,0.0,0.0
1453,2024-09-06,246.9,0,29.36,4.42,10.4,4.05,220.5,140.5,25.11,1005.0,406.25,62.17,11.11,5.599,0,140.66,138.13,135.04,61.89,60.59,58.86,139.66071428571428,133.06125,61.337857142857146,60.111607142857146,2.846489961695837,2.33401887706216,139.27548762904934,135.60029797828676,61.41832439209141,60.27645060861831,0.0,0.0,0.0
1454,2024-09-07,246.9833333333333,0,29.2,4.42,10.4,4.05,219.84666666666664,140.60666666666663,25.146666666666665,1009.3333333333334,398.9166666666667,62.223333333333336,11.126666666666669,5.5940666666666665,0,140.5,138.3625,134.3766666666667,62.17,60.727500000000006,58.93,139.98130952380953,133.28375,61.55154761904762,60.22922619047619,2.491472872584469,2.629115405885043,139.60828238845366,135.94556478438193,61.61957662740189,60.41071838273658,0.0,0.0,0.0
1455,2024-09-08,247.06666666666663,0,29.62,4.42,10.4,4.05,219.19333333333333,140.71333333333334,25.183333333333334,1013.6666666666666,391.5833333333333,62.27666666666666,11.143333333333333,5.589133333333334,0,140.60666666666663,138.595,133.71333333333334,62.223333333333336,60.865,59.0,140.28392857142856,133.53375,61.753214285714286,60.34625,1.9739981815736487,2.8288010994823547,139.8845451246736,136.27437640844755,61.78384913721808,60.53940447128348,0.0,0.0,0.0
1456,2024-09-09,247.15,0,28.81,4.42,10.4,4.05,218.54,140.82,25.22,1018.0,384.25,62.33,11.16,5.5842,0,140.71333333333334,138.8275,133.05,62.27666666666666,61.0025,59.07,140.56857142857143,133.81125,61.94285714285714,60.46267857142857,1.4797381333550472,2.963862873839199,140.1184088435052,136.58786769062357,61.920386852913566,60.66289381809152,0.0,0.0,0.0
1457,2024-09-10,247.2,0,28.74,4.42,10.4,4.05,218.48,140.0,24.75,997.25,379.5,62.82,11.1,5.6582,0,140.82,139.06,130.96,62.33,61.14,59.22,140.70285714285714,134.13410714285715,62.182857142857145,60.59125,1.2077861533751268,3.0931803645399354,140.0888066326289,136.82318716023573,62.14529013968517,60.811659761671415,0.0,0.0,0.0
1458,2024-09-11,249.35,0,29.18,4.42,10.4,4.05,218.59,139.87,24.75,1000.5,380.5,63.42,11.22,5.6618,0,140.0,141.62,128.12,62.82,61.57,59.39,140.45285714285714,134.55375,62.44714285714286,60.73517857142857,0.677007554625054,3.140437599044721,140.03410497447166,137.03331218366776,62.46396760476388,60.99154529534925,0.0,0.0,0.0
1459,2024-09-12,251.35,0,29.21,4.42,10.4,4.05,217.3,140.98,25.09,1010.75,386.25,63.5,11.3,5.6276,0,139.87,140.66,128.99,63.42,61.89,59.01,140.49857142857144,134.98196428571427,62.67714285714285,60.895535714285714,0.8484249780063748,3.142824589478143,140.27057873085374,137.30549755031134,62.722975703572914,61.164542171532055,0.0,0.0,0.0
1460,2024-09-13,254.0,0,29.16,4.42,10.4,4.05,216.99,140.67,25.28,1006.25,390.75,62.74,11.28,5.564,0,140.98,140.5,127.77,63.5,62.17,59.75,140.5228571428571,135.44267857142856,62.75857142857143,61.00232142857143,0.7309739410463268,3.180358461894951,140.3704340481403,137.537532202014,62.72723177767969,61.27319443556433,0.0,0.0,0.0
1461,2024-09-14,253.4833333333333,0,30.21,4.42,10.4,4.05,217.50333333333333,139.98666666666665,25.23333333333333,1012.0,397.4166666666667,62.63333333333333,11.293333333333331,5.546,0,140.67,140.60666666666663,127.64,62.74,62.223333333333336,59.77666666666666,140.43428571428572,135.88363095238094,62.817142857142855,61.10434523809524,0.6028751971974283,3.211615156028588,140.2744922027719,137.70643802716248,62.7037571665931,61.36699711816908,0.0,0.0,0.0
1462,2024-09-15,252.96666666666667,0,30.24,4.42,10.4,4.05,218.01666666666668,139.30333333333334,25.186666666666667,1017.75,404.0833333333333,62.52666666666667,11.306666666666668,5.528,0,139.98666666666665,140.71333333333334,127.51,62.63333333333333,62.27666666666666,59.803333333333335,140.2328571428571,136.30482142857142,62.85285714285715,61.20160714285714,0.5199175758798418,3.236117185137572,140.03170248541227,137.81656873793287,62.65948454161149,61.44697432841029,0.0,0.0,0.0
1463,2024-09-16,252.45,0,30.29,4.42,10.4,4.05,218.53,138.62,25.14,1023.5,410.75,62.42,11.32,5.51,0,139.30333333333334,140.82,127.38,62.52666666666667,62.33,59.83,139.91857142857145,136.70625,62.86571428571428,61.294107142857136,0.5038909826971192,3.2533382341119323,139.67877686405922,137.8719777904892,62.59961340620862,61.51407954714062,0.0,0.0,0.0
1464,2024-09-17,257.05,0,30.47,4.42,10.4,4.05,218.18,138.02,25.16,1024.75,412.5,62.02,11.31,5.4825,0,138.62,140.0,128.07,62.42,62.82,59.69,139.6357142857143,137.06160714285713,62.75142857142857,61.37732142857143,0.5636289125079921,3.2593469942305693,139.26408264804442,137.8821862187313,62.45471005465647,61.54897061285506,0.0,0.0,0.0
1465,2024-09-18,257.3,0,30.6,4.42,10.4,4.05,216.3,138.77,25.49,1032.0,412.75,62.34,11.45,5.4612,0,138.02,139.87,129.14,62.02,63.42,59.89,139.47857142857143,137.40553571428572,62.59714285714286,61.46482142857143,0.5214814063199305,3.2689587288059445,139.1405619860333,137.94341475537055,62.42603254099235,61.60352436369264,0.0,0.0,0.0
1466,2024-09-19,259.95,0,31.58,4.42,10.65,4.05,214.76,137.54,25.34,1031.25,405.75,62.31,11.48,5.4263,0,138.77,140.98,131.16,62.34,63.5,60.12,138.98714285714286,137.6333928571429,62.42714285714286,61.54303571428572,0.9182281073553747,3.232296913806638,138.74042148952498,137.91559304810363,62.39702440574426,61.652246821369005,0.0,0.0,0.0
1467,2024-09-20,261.05,0,30.4,4.42,10.65,4.05,213.16,138.12,25.03,1029.5,401.75,62.2,11.27,5.5103,0,137.54,140.67,131.05,62.31,62.74,60.02,138.62285714285716,137.88589285714286,62.35000000000001,61.620892857142856,1.7467520880587206,3.229704502061539,138.58531611714375,137.92969007926888,62.34776830430819,61.6900229026539,0.0,0.0,0.0
1468,2024-09-21,261.26666666666665,0,31.05,4.42,10.65,4.05,214.06,138.96666666666667,25.16,1038.5833333333333,405.6666666666667,62.36333333333334,11.29,5.519,0,138.12,139.98666666666665,130.71,62.2,62.63333333333333,59.92666666666667,138.4771428571429,138.1807738095238,62.31142857142858,61.70791666666667,2.110657762516436,3.224013256733521,138.68065375452449,138.00120570598597,62.35165956156448,61.73645810476973,0.0,0.0,0.0
1469,2024-09-22,261.4833333333333,0,30.7,4.42,10.65,4.05,214.96,139.81333333333333,25.290000000000003,1047.6666666666667,409.5833333333333,62.52666666666666,11.31,5.5277,0,138.96666666666667,139.30333333333334,130.37,62.36333333333334,62.52666666666667,59.833333333333336,138.55,138.51803571428573,62.31142857142857,61.80410714285714,2.194014223448236,3.214610832323196,138.9638236492267,138.12618002511337,62.39541133784002,61.79095524696951,0.0,0.0,0.0
1470,2024-09-23,261.7,0,31.1,4.42,10.65,4.05,215.86,140.66,25.42,1056.75,413.5,62.69,11.33,5.5364,0,139.81333333333333,138.62,130.03,62.52666666666666,62.42,59.74,138.8414285714286,138.89767857142857,62.35,61.909464285714286,1.9666464889992927,3.2008571033625937,139.38786773692,138.30092623027798,62.46905850338001,61.8529583333854,0.0,0.0,0.0
1471,2024-09-24,265.05,0,32.14,4.42,10.65,4.05,218.16,141.06,25.84,1060.5,411.75,63.24,11.58,5.4547,0,140.66,138.02,132.21,62.69,62.02,59.98,139.2757142857143,139.21375,62.52428571428572,62.02589285714286,1.7877429746206694,3.1035853151462858,139.80590080269002,138.49120717991397,62.66179387753501,61.948616379358825,0.0,0.0,0.0
1472,2024-09-25,265.6,0,31.57,4.42,10.65,4.05,217.52,140.06,25.57,1071.75,415.25,63.34,11.56,5.4774,0,141.06,138.77,132.78,63.24,62.34,59.92,139.46,139.47375,62.667142857142856,62.14803571428572,1.0690470887662151,3.074499207971966,139.86942560201751,138.59939978819577,62.83134540815126,62.04457387043753,0.0,0.0,0.0
1473,2024-09-26,270.55,0,30.91,4.42,10.65,4.05,218.47,140.59,25.81,1059.25,413.25,63.57,11.67,5.4375,0,140.06,137.54,134.93,63.34,62.31,60.27,139.8957142857143,139.67589285714286,62.847142857142856,62.26589285714287,0.4722378815544779,3.031519618301485,140.04956920151315,138.73668256142363,63.01600905611344,62.14977567247632,0.0,0.0,0.0
1474,2024-09-27,273.9,0,30.66,4.42,10.65,4.05,218.3,140.42,25.83,1083.0,418.0,63.88,11.75,5.4329,0,140.59,138.12,138.13,63.57,62.2,60.59,140.2242857142857,139.75767857142858,63.08714285714286,62.38339285714285,0.4356984124035649,2.903333142958956,140.14217690113486,138.8527734192565,63.23200679208508,62.26910148816761,0.0,0.0,0.0
1475,2024-09-28,274.05,0,31.92,4.42,10.65,4.05,219.0833333333333,140.66666666666666,25.843333333333334,1080.4166666666667,420.25,64.02,11.763333333333334,5.438,0,140.42,138.96666666666667,138.3625,63.88,62.36333333333334,60.727500000000006,140.46714285714285,139.83997023809522,63.32380952380952,62.50098214285714,0.3922884773073654,2.8795313859540395,140.27329934251782,138.9778695052848,63.42900509406381,62.38985310967328,0.0,0.0,0.0
1476,2024-09-29,274.2,0,32.79,4.42,10.65,4.05,219.86666666666667,140.91333333333333,25.856666666666666,1077.8333333333333,422.5,64.16,11.776666666666666,5.4431,0,140.66666666666666,139.81333333333333,138.595,64.02,62.52666666666666,60.865,140.62428571428572,139.92276785714287,63.55714285714286,62.61866071428572,0.3572044391282037,2.9307962966401484,140.4333078402217,139.11134976928813,63.611753820547854,62.51193220555788,0.0,0.0,0.0
1477,2024-09-30,274.35,0,33.0,4.42,10.65,4.05,220.65,141.16,25.87,1075.25,424.75,64.3,11.79,5.4482,0,140.91333333333333,140.66,138.8275,64.16,62.69,61.0025,140.69571428571427,140.00607142857143,63.78714285714285,62.73642857142857,0.3401606929778717,3.0190141273306543,140.61498088016626,139.25263599209583,63.78381536541089,62.63524722586424,0.0,0.0,0.0
1478,2024-10-01,276.35,0,30.93,4.76,10.65,3.62,225.28,140.81,25.8,1075.5,429.0,65.04,11.92,5.4368,0,141.16,141.06,139.06,64.3,63.24,61.14,140.66,140.0685714285714,64.04428571428572,62.87571428571429,0.400146798453393,3.137628117556845,140.6637356601247,139.36004040643405,64.09786152405817,62.80109224477015,0.0,0.0,0.0
1479,2024-10-02,281.0,0,31.09,4.76,10.65,3.62,223.57,140.63,25.82,1074.25,432.5,65.52,12.03,5.4407,0,140.81,140.06,141.62,65.04,63.34,61.57,140.74142857142857,140.03321428571428,64.35571428571428,63.01678571428571,1.2482555628189531,3.4214070980539493,140.65530174509354,139.44762382667997,64.45339614304363,62.98860312444117,0.0,0.0,0.0
1480,2024-10-03,285.8,0,31.43,4.76,10.65,3.62,224.27,142.27,26.0,1064.5,428.25,65.71,12.01,5.4759,0,140.63,140.59,140.66,65.52,63.57,61.89,140.98142857142858,140.09071428571428,64.66142857142857,63.15321428571429,1.3483092629199829,3.5266681354724643,141.05897630882015,139.64227045932273,64.76754710728272,63.17628566758316,0.0,0.0,0.0
1481,2024-10-04,291.8,0,31.32,4.76,10.65,3.62,224.43,141.66,25.95,1056.0,424.75,66.21,12.13,5.4555,0,142.27,140.42,140.5,65.71,63.88,62.17,141.15857142857143,140.13214285714284,64.99428571428572,63.2975,1.4908151143621269,3.558586249754323,141.20923223161512,139.78142422074873,65.12816033046204,63.38550734568087,0.0,0.0,0.0
1482,2024-10-05,292.25,0,32.37,4.76,10.65,3.62,223.53,141.34666666666666,25.85333333333333,1054.8333333333333,425.1666666666667,66.15666666666667,12.1,5.467,0,141.66,140.66666666666666,140.60666666666663,66.21,64.02,62.223333333333336,141.25571428571428,140.15857142857143,65.2995238095238,63.43797619047619,1.5050346347163746,3.584222140996687,141.243590840378,139.88937197563962,65.38528691451319,63.576621781610925,0.0,0.0,0.0
1483,2024-10-06,292.7,0,32.74,4.76,10.65,3.62,222.63,141.03333333333333,25.756666666666668,1053.6666666666667,425.5833333333333,66.10333333333332,12.07,5.4785,0,141.34666666666666,140.91333333333333,140.71333333333334,66.15666666666667,64.16,62.27666666666666,141.2728571428571,140.17,65.57714285714285,63.574642857142855,1.3744594484761696,3.605713633248001,141.19102646361682,139.9682658623771,65.56479851921821,63.75087775069522,0.0,0.0,0.0
1484,2024-10-07,293.15,0,30.28,4.76,10.65,3.62,221.73,140.72,25.66,1052.5,426.0,66.05,12.04,5.49,0,141.03333333333333,141.16,140.82,66.10333333333332,64.3,62.33,141.21,140.16642857142855,65.82714285714285,63.7075,1.0173896169355805,3.624938319516163,141.07326984771262,140.02010959600628,65.68609888941366,63.909437905819686,0.0,0.0,0.0
1485,2024-10-08,294.2,0,30.61,4.76,10.65,3.62,221.68,140.24,25.35,1034.5,420.75,66.21,11.97,5.5349,0,140.72,140.81,140.0,66.05,65.04,62.82,141.12857142857143,140.175,65.99428571428571,63.82857142857143,0.6797208310465227,3.621813485305053,140.86495238578448,140.03527445145411,65.81707416706024,64.06809736059074,0.0,0.0,0.0
1486,2024-10-09,293.9,0,31.91,4.76,10.65,3.62,221.46,140.92,25.24,1037.0,421.0,67.07,12.01,5.5941,0,140.24,140.63,139.87,66.21,65.52,63.42,141.17,140.2125,66.21571428571428,63.958928571428565,0.7552807289923125,3.5918360362234094,140.87871428933835,140.09629000652626,66.13030562529518,64.27512512882586,0.0,0.0,0.0
1487,2024-10-10,294.5,0,31.42,4.76,10.65,3.62,221.25,141.38,25.31,1031.5,418.5,67.69,12.12,5.5821,0,140.92,142.27,140.98,67.07,65.71,63.5,141.04285714285714,140.22678571428574,66.49857142857142,64.10857142857142,0.7466387263934946,3.631093666260068,141.00403571700377,140.1848217302141,66.52022921897138,64.51063374063096,0.0,0.0,0.0
1488,2024-10-11,297.5,0,29.15,4.76,10.65,3.62,221.72,141.42,25.15,1021.0,415.75,67.75,12.05,5.6126,0,141.38,141.66,140.67,67.69,66.21,62.74,141.00857142857143,140.25357142857143,66.71857142857142,64.2875,0.7006119773830415,3.575295230265916,141.10802678775283,140.27000643847518,66.82767191422853,64.73403831024262,0.0,0.0,0.0
1489,2024-10-12,297.85,0,29.89,4.76,10.65,3.62,222.54666666666665,141.41333333333333,25.21,1017.8333333333334,413.25,67.77,12.083333333333334,5.606,0,141.42,141.34666666666666,139.98666666666665,67.75,66.15666666666667,62.63333333333333,141.01809523809524,140.3045238095238,66.94904761904762,64.47095238095237,0.6041568026368092,3.46010591201162,141.18435342414796,140.34885656915506,67.0632539356714,64.94341497850175,0.0,0.0,0.0
1490,2024-10-13,298.2,0,31.77,4.76,10.65,3.62,223.3733333333333,141.40666666666667,25.27,1014.6666666666666,410.75,67.79,12.116666666666667,5.5994,0,141.41333333333333,141.03333333333333,139.30333333333334,67.77,66.10333333333332,62.52666666666667,141.07142857142858,140.37964285714287,67.18999999999998,64.65892857142856,0.4704467891285703,3.2789090758807844,141.23993173477763,140.42180898967308,67.24494045175355,65.13973118688094,0.0,0.0,0.0
1491,2024-10-14,298.55,0,30.42,4.76,10.65,3.62,224.2,141.4,25.33,1011.5,408.25,67.81,12.15,5.5928,0,141.40666666666667,140.72,138.62,67.79,66.05,62.42,141.16857142857145,140.47892857142855,67.44142857142857,64.85142857142857,0.30304202202943,3.0194502698297696,141.2799488010832,140.48927043866115,67.38620533881516,65.32388765675121,0.0,0.0,0.0
1492,2024-10-15,299.25,0,25.79,4.76,10.65,3.62,224.82,140.35,24.81,1003.5,401.25,67.96,12.01,5.6502,0,141.4,140.24,138.02,67.81,66.21,62.02,141.18428571428572,140.56214285714285,67.69142857142857,65.06357142857142,0.6936282732136592,2.786327168538969,141.0474616008124,140.47966558082246,67.52965400411136,65.50568850800974,0.0,0.0,0.0
1493,2024-10-16,300.3,0,27.58,4.76,10.65,3.62,227.17,142.03,25.07,994.0,404.75,68.44,12.08,5.6652,0,140.35,140.92,138.77,67.96,67.07,62.34,141.34285714285713,140.67857142857142,67.88714285714285,65.28142857142856,0.813820529890171,2.4551564506730137,141.29309620060928,140.58658519593814,67.75724050308352,65.70805481780218,0.0,0.0,0.0
1494,2024-10-17,301.95,0,27.08,4.76,10.65,3.62,227.23,140.36,24.77,998.0,406.75,68.42,12.07,5.6546,0,142.03,141.38,137.54,68.44,67.69,62.31,141.19714285714286,140.7792857142857,67.99142857142856,65.49964285714286,0.817011588965123,2.2084362156761324,141.05982215045697,140.57095863070103,67.92293037731264,65.89508552002272,0.0,0.0,0.0
1495,2024-10-18,302.1,0,26.87,4.76,10.65,3.62,228.32,140.42,24.67,982.75,404.75,68.77,12.08,5.6912,0,140.36,141.42,138.12,68.42,67.75,62.2,141.05428571428573,140.86142857142858,68.13714285714285,65.73428571428572,0.7359387852851429,2.1336259099973414,140.89986661284271,140.56054769065267,68.13469778298447,66.09335548415908,0.0,0.0,0.0
1496,2024-10-19,303.5,0,26.24,4.76,10.65,3.62,227.89666666666668,140.62,24.69,985.0833333333334,406.3333333333333,69.1,12.13,5.6921,0,140.42,141.41333333333333,138.96666666666667,68.77,67.77,62.36333333333334,140.94095238095238,140.9204761904762,68.32714285714285,65.97488095238096,0.6395991516764905,2.050860263474152,140.82989995963203,140.564647849918,68.37602333723837,66.300710278355,0.0,0.0,0.0
1497,2024-10-20,304.90000000000003,0,27.69,4.76,10.65,3.62,227.47333333333333,140.82,24.71,987.4166666666666,407.9166666666667,69.43,12.18,5.6930000000000005,0,140.62,141.40666666666667,139.81333333333333,69.1,67.79,62.52666666666666,140.85714285714286,140.95642857142855,68.56142857142858,66.22142857142858,0.516246263015007,1.962999246837963,140.827424969724,140.58225834302712,68.63951750292878,66.51652336260638,0.0,0.0,0.0
1498,2024-10-21,306.3,0,23.7,4.76,10.65,3.62,227.05,141.02,24.73,989.75,409.5,69.76,12.23,5.6939,0,140.82,141.4,140.66,69.43,67.81,62.69,140.80285714285714,140.96928571428572,68.84,66.47392857142857,0.3307073433325505,1.872933036825764,140.875568727293,140.61244742281835,68.91963812719659,66.74021140656455,0.0,0.0,0.0
1499,2024-10-22,308.1,0,27.65,4.76,10.65,3.62,226.17,142.4,24.97,1000.5,416.5,69.94,12.27,5.6894,0,141.02,140.35,141.06,69.76,67.96,63.24,141.0957142857143,141.01714285714286,69.12285714285714,66.71321428571429,0.4298789578040324,1.7835526122426273,141.25667654546976,140.7357269108998,69.17472859539744,66.96088648197389,0.0,0.0,0.0
1500,2024-10-23,308.8,0,31.13,4.76,10.65,3.62,227.14,142.89,25.11,1005.0,419.0,70.59,12.41,5.6884,0,142.4,142.03,140.06,69.94,68.44,63.34,141.21857142857144,141.1182142857143,69.42999999999999,66.97214285714286,0.4326236994218775,1.650488246322822,141.66500740910232,140.88429746876878,69.52854644654809,67.21117017287224,0.0,0.0,0.0
1501,2024-10-24,312.75,0,31.62,4.76,10.65,3.62,229.69,144.28,25.42,1005.0,421.5,71.36,12.57,5.6643,0,142.89,140.36,140.59,70.59,68.42,63.57,141.77857142857144,141.25,69.85000000000001,67.25035714285714,0.7055176128462239,1.6265241587523154,142.31875555682674,141.118483850233,69.98640983491107,67.49729636784657,0.0,0.0,0.0
1502,2024-10-25,313.1,0,29.39,4.76,10.65,3.62,226.14,143.81,25.19,997.5,415.25,71.67,12.55,5.7073,0,144.28,140.42,140.42,71.36,68.77,63.88,142.26285714285714,141.3710714285714,70.26428571428572,67.52857142857142,0.9758638245560098,1.5753501707346034,142.69156666762007,141.3041056536652,70.40730737618331,67.78506903213301,0.0,0.0,0.0
1503,2024-10-26,313.43333333333334,0,28.26,4.76,10.65,3.62,226.8,143.57,25.15,993.6666666666666,413.75,71.83666666666667,12.583333333333334,5.708066666666666,0,143.81,140.62,140.66666666666666,71.67,69.1,64.02,142.68428571428572,141.4747619047619,70.6552380952381,67.8077380952381,1.1162912354956829,1.5020481859238772,142.91117500071505,141.4603742292745,70.76464719880414,68.06448955865257,0.0,0.0,0.0
1504,2024-10-27,313.7666666666667,0,26.14,4.76,10.65,3.62,227.46,143.33,25.11,989.8333333333334,412.25,72.00333333333333,12.616666666666667,5.708833333333334,0,143.57,140.82,140.91333333333333,71.83666666666667,69.43,64.16,143.04285714285714,141.56107142857144,71.02285714285715,68.08785714285715,1.1239707309699802,1.401251561359128,143.0158812505363,141.5893139376004,71.07431873243644,68.33613395690641,0.0,0.0,0.0
1505,2024-10-28,314.1,0,27.03,4.76,10.65,3.62,228.12,143.09,25.07,986.0,410.75,72.17,12.65,5.7096,0,143.33,141.02,141.16,72.00333333333333,69.76,64.3,143.33857142857144,141.63,71.36714285714285,68.36892857142857,0.9334487295014494,1.2642322201948393,143.03441093790224,141.6928095281107,71.34823904932733,68.60053851160252,0.0,0.0,0.0
1506,2024-10-29,315.7,0,28.7,4.76,10.65,3.62,227.09,142.59,24.74,979.0,413.75,72.37,12.56,5.7604,0,143.09,142.4,140.81,72.17,69.94,65.04,143.3657142857143,141.69357142857143,71.71428571428571,68.63071428571429,0.7966127269447498,1.1069543362294372,142.92330820342667,141.7546847330686,71.6036792869955,68.86050137287131,0.0,0.0,0.0
1507,2024-10-30,318.3,0,27.22,4.76,10.65,3.62,227.26,143.56,24.91,991.25,411.5,72.67,12.61,5.763,0,142.59,142.89,140.63,72.37,70.59,65.52,143.46142857142857,141.7982142857143,72.01142857142858,68.88607142857143,0.5584088181242649,1.101885128391625,143.08248115256998,141.87918923423626,71.87025946524663,69.12322541612157,0.0,0.0,0.0
1508,2024-10-31,318.6,0,26.47,4.76,10.65,3.62,225.36,143.9,24.89,994.5,410.75,72.94,12.62,5.7867,0,143.56,144.28,142.27,72.67,71.36,65.71,143.40714285714287,141.85642857142858,72.23714285714286,69.14428571428572,1.318124827632139,1.3618687713786437,143.2868608644275,142.01855549394412,72.13769459893497,69.3864512494925,0.0,0.0,0.0
1509,2024-11-01,320.55,0,26.97,4.87,10.65,3.62,223.61,144.28,24.58,993.75,414.5,73.11,12.46,5.8681,0,143.9,143.81,141.66,72.94,71.67,66.21,143.4742857142857,141.95000000000002,72.44285714285715,69.39071428571428,1.96767240512063,1.4130923697176805,143.53514564832062,142.1745171840169,72.38077094920123,69.64324771504474,0.0,0.0,0.0
1510,2024-11-02,320.6333333333333,0,29.19,4.87,10.65,3.62,223.4333333333333,144.38333333333333,24.73333333333333,994.9166666666666,415.1666666666667,73.05,12.516666666666667,5.8426,0,144.28,143.57,141.34666666666666,73.11,71.83666666666667,66.15666666666667,143.59047619047618,142.0584523809524,72.61619047619048,69.63690476190476,2.376530656057106,1.4832962761948043,143.7471925695738,142.32684933224564,72.54807821190093,69.87819614848992,0.0,0.0,0.0
1511,2024-11-03,320.7166666666667,0,27.9,4.87,10.65,3.62,223.2566666666667,144.48666666666668,24.886666666666667,996.0833333333334,415.8333333333333,72.99000000000001,12.573333333333334,5.8171,0,144.38333333333333,143.33,141.03333333333333,73.05,72.00333333333333,66.10333333333332,143.75571428571428,142.18178571428572,72.75714285714285,69.88285714285715,2.617533588354356,1.569572135757148,143.932061093847,142.47580225186087,72.6585586589257,70.09280331066303,0.0,0.0,0.0
1512,2024-11-04,320.8,0,27.27,4.87,10.65,3.62,223.08,144.59,25.04,997.25,416.5,72.93,12.63,5.7916,0,144.48666666666668,143.09,140.72,72.99000000000001,72.17,66.05,143.97,142.32,72.86571428571429,70.12857142857143,2.691393016985319,1.668630114720878,144.09654582038527,142.62160899311183,72.72641899419428,70.28847204785869,0.0,0.0,0.0
1513,2024-11-05,320.9,0,25.46,4.87,10.65,3.62,225.19,144.46,25.12,1001.75,418.5,73.07,12.71,5.7508,0,144.59,142.59,140.24,72.93,72.37,66.21,144.23714285714286,142.47071428571428,72.96571428571428,70.37357142857142,2.731963569176157,1.7766301957949884,144.18740936528897,142.7483945797938,72.81231424564571,70.48030156179946,0.0,0.0,0.0
1514,2024-11-06,325.5,0,26.89,4.87,10.65,3.62,221.17,143.87,25.32,1003.75,426.25,74.21,13.06,5.6793,0,144.46,143.56,140.92,73.07,72.67,67.07,144.28142857142856,142.57607142857142,73.1857142857143,70.62857142857143,2.695187026269405,1.838201915237268,144.10805702396672,142.82574667773903,73.16173568423427,70.73752214374431,0.0,0.0,0.0
1515,2024-11-07,326.3,0,26.73,4.87,11.15,3.62,222.04,143.26,25.2,1026.25,427.5,74.41,13.09,5.6923,0,143.87,143.9,141.38,74.21,72.94,67.69,144.19,142.6432142857143,73.39571428571428,70.86857142857143,0.3815441831735164,1.857867593631921,143.89604276797505,142.85569518272254,73.47380176317571,70.9907964786585,0.0,0.0,0.0
1516,2024-11-08,329.05,0,27.36,4.87,11.15,3.62,225.66,144.09,25.05,1030.25,431.0,74.64,12.97,5.7376,0,143.26,144.28,141.42,74.41,73.11,67.75,144.16285714285715,142.73857142857145,73.61428571428571,71.11464285714285,0.6588707442215236,1.994629538402472,143.9445320759813,142.94081965287958,73.76535132238179,71.24246568702686,0.0,0.0,0.0
1517,2024-11-09,330.90000000000003,0,27.1,4.87,11.15,3.62,225.75,144.66666666666666,25.12333333333333,1027.5833333333333,430.6666666666667,74.61,12.953333333333331,5.7437,0,144.09,144.38333333333333,141.41333333333333,74.64,73.05,67.77,144.20333333333335,142.85476190476192,73.83714285714287,71.35892857142856,0.7743542405065718,2.1103857578781557,144.12506572365265,143.0598435848649,73.97651349178635,71.47470943274915,0.0,0.0,0.0
1518,2024-11-10,332.75,0,27.81,4.87,11.15,3.62,225.84,145.24333333333334,25.196666666666665,1024.9166666666667,430.3333333333333,74.58,12.936666666666667,5.7498,0,144.66666666666666,144.48666666666668,141.40666666666667,74.61,72.99000000000001,67.79,144.3114285714286,142.99178571428573,74.06428571428572,71.60142857142857,0.8287659870066071,2.2091884847926995,144.4046326260728,143.21042908475926,74.12738511883975,71.68886740290438,0.0,0.0,0.0
1519,2024-11-11,334.6,0,26.5,4.87,11.15,3.62,225.93,145.82,25.27,1022.25,430.0,74.55,12.92,5.7559,0,145.24333333333334,144.59,141.4,74.58,72.93,67.81,144.48714285714286,143.14964285714285,74.29571428571428,71.84214285714286,0.854675018793465,2.2939264553967798,144.7584744695546,143.39039949270688,74.23303883912982,71.88618689235925,0.0,0.0,0.0
1520,2024-11-12,335.15,0,26.72,4.87,11.15,3.62,226.31,144.83,25.11,1010.5,428.5,74.37,12.89,5.749,0,145.82,144.46,140.35,74.55,73.07,67.96,144.54000000000002,143.30964285714285,74.48142857142857,72.07107142857143,0.8414079551164655,2.346335937748308,144.77635585216595,143.4896822863133,74.26727912934737,72.05748434805861,0.0,0.0,0.0
1521,2024-11-13,339.6,0,27.71,4.87,11.15,3.62,228.14,143.68,24.78,1007.75,426.5,74.45,12.84,5.8061,0,144.83,143.87,142.03,74.37,74.21,68.44,144.51285714285714,143.3685714285714,74.51571428571428,72.28571428571429,0.724892673262437,2.409839441495976,144.50226688912448,143.50280764587788,74.31295934701053,72.22248542750285,0.0,0.0,0.0
1522,2024-11-14,342.2,0,26.06,4.87,11.15,3.62,223.42,143.61,24.85,987.5,419.0,74.67,12.92,5.789,0,143.68,143.26,140.36,74.45,74.41,68.42,144.56285714285713,143.48464285714286,74.55285714285715,72.50892857142857,0.4043488088001289,2.5176348657943053,144.27920016684337,143.51020022202422,74.40221951025791,72.39127953595091,0.0,0.0,0.0
1523,2024-11-15,342.7,0,25.47,4.87,11.15,3.62,225.28,143.26000000000002,24.8275,1008.75,424.0,74.6675,12.94,5.7947,0,143.61,144.09,140.42,74.67,74.64,68.77,144.44428571428574,143.58607142857144,74.55678571428572,72.71955357142858,0.4905515429808855,2.607093074106668,144.02440012513253,143.4929450342984,74.46853963269344,72.54826025760947,0.0,0.0,0.0
1524,2024-11-16,343.2,0,26.39,4.87,11.15,3.62,226.04,142.91000000000005,24.805000000000003,1012.1666666666666,429.25,74.66499999999999,12.96,5.7789,0,143.26000000000002,144.66666666666666,140.62,74.6675,74.61,69.1,144.19333333333333,143.66785714285714,74.56464285714286,72.91830357142858,0.4999197214409026,2.669506587274875,143.74580009384945,143.45274192848473,74.51765472452007,72.69424230880881,0.0,0.0,0.0
1525,2024-11-17,343.7,0,27.41,4.87,11.15,3.62,226.8,142.56,24.7825,1015.5833333333334,434.5,74.6625,12.98,5.7631,0,142.91000000000005,145.24333333333334,140.82,74.66499999999999,74.58,69.43,143.81000000000003,143.73,74.57642857142856,73.10517857142857,0.5005294249190682,2.7115275250819777,143.44935007038708,143.39117351962372,74.55386604339006,72.82998421854614,0.0,0.0,0.0
1526,2024-11-18,344.2,0,27.72,4.87,11.15,3.62,227.56,142.21,24.76,1019.0,439.75,74.66,13.0,5.7473,0,142.56,145.82,141.02,74.6625,74.55,69.76,143.2942857142857,143.7725,74.59214285714286,73.28017857142858,0.5326092022793788,2.738337308140608,143.1395125527903,143.30971327689105,74.58039953254254,72.95619220347399,0.0,0.0,0.0
1527,2024-11-19,344.45,0,28.66,4.87,11.15,3.62,229.66,141.98,24.59,1008.5,437.75,73.55,12.74,5.7694,0,142.21,144.83,142.4,74.66,74.37,69.94,142.88714285714286,143.7575,74.475,73.40910714285714,1.154278249226944,2.7163821582173013,142.84963441459274,143.21800891296752,74.3227996494069,72.99714446530336,0.0,0.0,0.0
1528,2024-11-20,345.75,0,29.06,4.87,11.15,3.62,228.0,142.185,24.53,999.25,440.0,73.505,12.685,5.7725,0,141.98,143.68,142.89,73.55,74.45,70.59,142.67357142857145,143.73232142857142,74.34,73.51321428571428,1.4196575870235606,2.7016881086876303,142.68347581094457,143.14676691896975,74.11834973705518,73.03216898493761,0.0,0.0,0.0
1529,2024-11-21,347.05,0,29.35,4.87,11.15,3.62,226.56,142.39,24.47,985.25,436.25,73.46,12.63,5.8144,0,142.185,143.61,144.28,73.505,74.67,71.36,142.49928571428572,143.66482142857143,74.16714285714285,73.58821428571427,1.3684488131419108,2.631676400593447,142.61010685820844,143.09457609697185,73.95376230279139,73.06167457218329,0.0,0.0,0.0
1530,2024-11-22,347.55,0,26.27,4.87,11.15,3.62,229.04,142.0,24.44,992.25,435.25,73.41,12.63,5.801,0,142.39,143.26000000000002,143.81,73.46,74.6675,71.67,142.31928571428574,143.60017857142856,73.98749999999998,73.65035714285715,1.3419872224466092,2.537905167993124,142.45758014365634,143.01908809028413,73.81782172709353,73.08569701548099,0.0,0.0,0.0
1531,2024-11-23,348.28333333333336,0,25.37,4.87,11.15,3.62,229.15,141.96666666666667,24.436666666666667,992.9166666666666,434.5,73.43333333333334,12.636666666666668,5.8001000000000005,0,142.0,142.91000000000005,143.57,73.41,74.66499999999999,71.83666666666667,142.18452380952382,143.54291666666668,73.81154761904762,73.70738095238094,1.1784978331977147,2.425306184939501,142.33485177440892,142.94650730244842,73.72169962865348,73.10967193395356,0.0,0.0,0.0
1532,2024-11-24,349.01666666666665,0,24.49,4.87,11.15,3.62,229.26,141.93333333333334,24.433333333333334,993.5833333333334,433.75,73.45666666666666,12.643333333333334,5.7992,0,141.96666666666667,142.56,143.33,73.43333333333334,74.6625,72.00333333333333,142.095,143.4930357142857,73.6392857142857,73.75928571428571,0.8892326432785517,2.2895040599889325,142.23447216414002,142.8766332356129,73.65544138815677,73.13360260517516,0.0,0.0,0.0
1533,2024-11-25,349.75,0,26.33,4.87,11.15,3.62,229.37,141.9,24.43,994.25,433.0,73.48,12.65,5.7983,0,141.93333333333334,142.21,143.09,73.45666666666666,74.66,72.17,142.05071428571426,143.4505357142857,73.47071428571428,73.80607142857143,0.365278758516312,2.12421900747692,142.150854123105,142.80927921936373,73.61158104111759,73.15749208068031,0.0,0.0,0.0
1534,2024-11-26,352.0,0,26.25,4.87,11.15,3.62,234.39,141.95,24.44,994.0,428.0,73.12,12.59,5.8095,0,141.9,141.98,142.59,73.48,73.55,72.37,142.04642857142858,143.42767857142857,73.40928571428572,73.83285714285715,0.3999540789900445,2.014711268089562,142.10064059232877,142.75001858354554,73.4886857808382,73.15490641994374,0.0,0.0,0.0
1535,2024-11-27,352.65,0,27.81,4.87,11.15,3.62,237.33,141.75,23.96,997.0,428.0,72.51,12.26,5.9377,0,141.95,142.185,143.56,73.12,73.505,72.67,141.9842857142857,143.3630357142857,73.26714285714286,73.82714285714285,0.6540642170266463,1.9948019859511883,142.01298044424658,142.68105178468034,73.24401433562865,73.11043011512002,0.0,0.0,0.0
1536,2024-11-28,352.29999999999995,0,28.1,4.87,11.15,3.62,237.665,143.695,24.105,996.5,430.5,72.64,12.19,5.95535,0,141.75,142.39,143.9,72.51,73.46,72.94,142.17071428571427,143.3557142857143,73.14999999999999,73.81642857142857,0.6020305775633362,1.4572419045089482,142.43348533318493,142.75097924780582,73.09301075172148,73.07798665890485,0.0,0.0,0.0
1537,2024-11-29,351.95,0,28.14,4.87,11.15,3.62,238.0,145.64,24.25,996.0,433.0,72.77,12.12,5.973,0,143.695,142.0,144.28,72.64,73.41,73.11,142.69071428571428,143.40428571428572,73.05857142857143,73.80428571428571,0.6640537229272196,1.5402101181503696,143.2351139998887,142.95022205830196,73.01225806379111,73.05674619967002,0.0,0.0,0.0
1538,2024-11-30,351.9,0,27.6,4.87,11.15,3.62,237.2033333333333,145.44,24.133333333333333,994.3333333333334,432.8333333333333,72.74333333333333,12.073333333333332,6.001333333333333,0,145.64,141.96666666666667,144.38333333333333,72.77,73.43333333333334,73.05,143.18690476190477,143.44202380952382,72.96000000000001,73.79333333333332,0.6483626683073292,1.6096635787448177,143.78633549991653,143.12193088186734,72.94502688117666,73.035131519233,0.0,0.0,0.0
1539,2024-12-01,351.85,0,27.4,4.83,11.15,3.62,236.40666666666667,145.23999999999998,24.016666666666666,992.6666666666666,432.6666666666667,72.71666666666667,12.026666666666667,6.0296666666666665,0,145.44,141.93333333333334,144.48666666666668,72.74333333333333,73.45666666666666,72.99000000000001,143.65928571428572,143.46892857142856,72.85428571428572,73.78357142857143,0.5603185844629102,1.6653661720367443,144.1497516249374,143.26800461415235,72.88793682754917,73.01316842595257,0.0,0.0,0.0
1540,2024-12-02,351.8,0,26.83,4.83,11.15,3.62,235.61,145.04,23.9,991.0,432.5,72.69,11.98,6.058,0,145.23999999999998,141.9,144.59,72.71666666666667,73.48,72.93,144.10785714285714,143.485,72.74142857142856,73.77499999999999,0.3667699297933942,1.706744192011302,144.37231371870303,143.39021119248667,72.83845262066188,72.99088094830066,0.0,0.0,0.0
1541,2024-12-03,336.4,0,26.68,4.83,11.15,3.62,240.73,145.57,24.04,997.25,432.25,72.57,11.98,6.044,0,145.04,141.95,144.46,72.69,73.12,73.07,144.62499999999997,143.52464285714285,72.66285714285713,73.75714285714285,0.2823187115124596,1.7839747519333689,144.6717352890273,143.5405414550738,72.77133946549641,72.96185467600407,0.0,0.0,0.0
1542,2024-12-04,332.35,0,27.95,4.83,11.15,3.62,243.0,143.51,23.76,989.75,430.0,72.47,12.0,6.0409,0,145.57,141.75,143.87,72.57,72.51,74.21,144.87642857142856,143.5117857142857,72.65714285714286,73.69500000000001,0.32497060741917,1.8520497737683244,144.38130146677048,143.53843514782733,72.69600459912232,72.92793366386586,0.0,0.0,0.0
1543,2024-12-05,323.9,0,27.18,4.83,11.15,3.62,246.02,142.76,23.79,999.0,435.0,73.09,12.18,6.0113,0,143.51,143.695,143.26,72.47,72.64,74.41,144.74285714285713,143.49392857142857,72.72142857142856,73.64785714285713,0.4766740401829487,1.8653991194163724,143.97597610007784,143.48474996521853,72.79450344934173,72.93911065256476,0.0,0.0,0.0
1544,2024-12-06,323.7,0,27.75,4.83,11.15,3.62,239.38,141.67,23.27,999.25,440.0,73.2,12.03,6.0894,0,142.76,145.64,144.09,73.09,72.77,74.64,144.1757142857143,143.4075,72.78285714285714,73.59642857142856,0.4963065397520518,1.8407528398936404,143.3994820750584,143.35959479520344,72.8958775870063,72.95710302135339,0.0,0.0,0.0
1545,2024-12-07,323.18333333333334,0,28.36,4.83,11.15,3.62,238.4933333333333,142.09,23.343333333333334,998.0,440.5833333333333,73.31333333333333,12.046666666666669,6.085866666666667,0,141.67,145.44,144.66666666666666,73.2,72.74333333333333,74.61,143.69714285714284,143.3154761904762,72.86428571428571,73.55011904761905,0.5009922127874504,1.8100027052705432,143.0721115562938,143.27203653346524,73.00024152358806,72.98167062907615,0.0,0.0,0.0
1546,2024-12-08,322.66666666666663,0,25.99,4.83,11.15,3.62,237.60666666666663,142.51,23.416666666666664,996.75,441.1666666666667,73.42666666666668,12.063333333333333,6.082333333333334,0,142.09,145.23999999999998,145.24333333333334,73.31333333333333,72.71666666666667,74.58,143.30714285714285,143.21785714285713,72.9657142857143,73.50892857142857,0.5011334092557642,1.772071483915665,142.93158366722037,143.219482289778,73.10684780935772,73.01236001097895,0.0,0.0,0.0
1547,2024-12-09,322.15,0,27.64,4.83,11.15,3.62,236.72,142.93,23.49,995.5,441.75,73.54,12.08,6.0788,0,142.51,145.04,145.82,73.42666666666668,72.69,74.55,143.00571428571428,143.11464285714283,73.08714285714287,73.47285714285714,0.4960908409190169,1.7256624274448331,142.9311877504153,143.19951799393124,73.2151358570183,73.04874897573902,0.0,0.0,0.0
1548,2024-12-10,316.1,0,26.5,4.83,11.15,3.62,239.19,143.52,23.69,1000.25,449.0,73.62,12.15,6.045,0,142.93,145.57,144.83,73.54,72.57,74.37,142.71285714285713,143.06785714285715,73.23714285714286,73.44607142857144,0.8743394007763111,1.7975027240832204,143.07839081281148,143.2216202012463,73.31635189276372,73.08814559810185,0.0,0.0,0.0
1549,2024-12-11,316.45,0,26.8,4.83,11.15,3.62,234.3,142.83,23.75,1002.75,448.25,73.67,12.25,5.9543,0,143.52,143.51,143.68,73.62,72.47,74.45,142.6157142857143,143.0375,73.40857142857143,73.41821428571428,1.7568350485318522,2.015777461099905,143.01629310960865,143.19461191150518,73.40476391957279,73.12827348788792,0.0,0.0,0.0
1550,2024-12-12,316.85,0,29.2,4.83,12.15,3.62,235.95,142.91,23.68,1003.25,431.75,73.25,12.14,5.9915,0,142.83,142.76,143.61,73.67,73.09,74.67,142.63714285714286,143.0125,73.43142857142857,73.36749999999999,2.027353759288437,2.097086802779655,142.98971983220648,143.17498350381516,73.36607293967958,73.13666841975771,0.0,0.0,0.0
1551,2024-12-13,313.8,0,28.66,4.83,12.15,3.62,237.19,141.62,23.44,995.0,430.0,72.93,12.07,6.0419,0,142.91,141.67,143.26000000000002,73.25,73.2,74.6675,142.63,142.95392857142858,73.39285714285714,73.30544642857141,2.3695913709542835,2.2576745750802867,142.64728987415486,143.0677432621727,73.2570547047597,73.12241542529166,0.0,0.0,0.0
1552,2024-12-14,312.4666666666667,0,27.86,4.83,12.15,3.62,236.76666666666665,141.01333333333335,23.28666666666667,992.0,435.0,72.91666666666667,12.04,6.077233333333333,0,141.62,142.09,142.91000000000005,72.93,73.31333333333333,74.66499999999999,142.47619047619048,142.88619047619048,73.33619047619048,73.24300595238095,2.298269683350909,2.3291165097497437,142.2388007389495,142.92605981880448,73.17195769523644,73.10822585573132,0.0,0.0,0.0
1553,2024-12-15,311.1333333333333,0,26.75,4.83,12.15,3.62,236.34333333333333,140.40666666666667,23.133333333333333,989.0,440.0,72.90333333333334,12.01,6.112566666666667,0,141.01333333333335,142.51,142.56,72.91666666666667,73.42666666666668,74.6625,142.1757142857143,142.80928571428572,73.26142857142858,73.18017857142857,1.912486835428296,2.3368230797412624,141.78076722087877,142.7523085669329,73.10480160476067,73.09409533694524,0.0,0.0,0.0
1554,2024-12-16,309.8,0,27.0,4.83,12.15,3.62,235.92,139.8,22.98,986.0,445.0,72.89,11.98,6.1479,0,140.40666666666667,142.93,142.21,72.90333333333334,73.54,74.66,141.72857142857143,142.72321428571428,73.16857142857144,73.11696428571429,1.1093580501540794,2.2974549503458213,141.28557541565908,142.5487010795582,73.0511012035705,73.08001979646626,0.0,0.0,0.0
1555,2024-12-17,310.9,0,26.66,4.83,12.15,3.62,235.99,140.96,23.17,978.75,443.5,72.73,11.95,6.1048,0,139.8,143.52,141.98,72.89,73.62,73.55,141.36285714285717,142.68678571428572,73.04142857142858,73.08767857142858,0.5548871716282282,2.3657218909235733,141.20418156174432,142.43913548786452,72.97082590267787,73.05588050015824,0.0,0.0,0.0
1556,2024-12-18,315.15,0,27.35,4.83,12.15,3.62,237.08,139.44,22.34,953.25,437.25,72.74,11.65,6.2896,0,140.96,142.83,142.185,72.73,73.67,73.505,140.87857142857143,142.58875,72.90857142857143,73.06035714285714,0.7102757281311703,2.3645084625089856,140.76313617130825,142.23229855766698,72.91311942700841,73.03409563807836,0.0,0.0,0.0
1557,2024-12-19,315.55,0,28.68,4.83,12.15,3.62,236.82,137.46,22.48,966.5,440.75,72.45,11.85,6.1525,0,139.44,142.91,142.39,72.74,73.25,73.46,140.1,142.4126785714286,72.79428571428572,73.02428571428571,1.022622567761299,2.2905162480414494,139.9373521284812,141.90317451920717,72.79733957025631,72.99381318027984,0.0,0.0,0.0
1558,2024-12-20,315.1,0,27.86,4.83,12.15,3.62,238.53,137.87,22.75,979.25,446.25,72.73,12.0,6.0853,0,137.46,141.62,142.0,72.45,72.93,73.41,139.56428571428572,142.26517857142858,72.76571428571428,73.0,0.8544109904399101,2.282610004477734,139.4205140963609,141.6250245523653,72.78050467769224,72.97561916784674,0.0,0.0,0.0
1559,2024-12-21,314.93333333333334,0,27.12,4.83,12.15,3.62,238.35666666666663,137.69666666666666,22.563333333333333,978.0,446.75,72.76666666666667,11.923333333333334,6.1215,0,137.87,141.01333333333335,141.96666666666667,72.73,72.91666666666667,73.43333333333334,139.0904761904762,142.11267857142855,72.74428571428572,72.97619047619047,0.6976864911292413,2.255894153665415,138.98955223893734,141.35410331886882,72.77704517493584,72.96120865052397,0.0,0.0,0.0
1560,2024-12-22,314.7666666666667,0,26.13,4.83,12.15,3.62,238.1833333333333,137.52333333333334,22.37666666666667,976.75,447.25,72.80333333333334,11.846666666666666,6.1577,0,137.69666666666666,140.40666666666667,141.93333333333334,72.76666666666667,72.90333333333334,73.45666666666666,138.67857142857142,141.95517857142858,72.73,72.95285714285714,0.5791083144837685,2.209946131643028,138.62299751253633,141.0899122853836,72.78361721453521,72.95032069761427,0.0,0.0,0.0
1561,2024-12-23,314.6,0,28.13,4.83,12.15,3.62,238.01,137.35,22.19,975.5,447.75,72.84,11.77,6.1939,0,137.52333333333334,139.8,141.9,72.80333333333334,72.89,73.48,138.32857142857142,141.79267857142858,72.72285714285714,72.92999999999999,0.5220555048156383,2.143796143471656,138.30474813440225,140.83198730018472,72.79771291090141,72.94271237364087,0.0,0.0,0.0
1562,2024-12-24,315.0166666666667,0,26.03,4.83,12.15,3.62,239.47,137.73666666666665,22.26666666666667,981.25,448.5,72.79,11.77,6.1906,0,137.35,140.96,141.95,72.84,72.73,73.12,137.86809523809524,141.6422023809524,72.73142857142858,72.91821428571428,0.3176622373639821,2.081851159834125,138.16272776746834,140.61851691166623,72.79578468317607,72.93218048580357,0.0,0.0,0.0
1563,2024-12-25,315.43333333333334,0,26.53,4.83,12.15,3.62,239.34,138.1233333333333,22.343333333333334,989.25,451.125,72.74,11.77,6.1867,0,137.73666666666665,139.44,141.75,72.79,72.74,72.51,137.68,141.51267857142858,72.73142857142857,72.92642857142857,0.4126669249220873,2.0796179276292444,138.15287915893458,140.4464352855743,72.78183851238205,72.91892665919642,0.0,0.0,0.0
1564,2024-12-26,315.85,0,26.3,4.83,12.15,3.62,239.21,138.51,22.42,997.25,453.75,72.69,11.77,6.1828,0,138.1233333333333,137.46,143.695,72.74,72.45,72.64,137.82999999999998,141.3275,72.76571428571428,72.92821428571429,0.6205890150643328,2.1041150790137992,138.24215936920092,140.3128880245002,72.75887888428653,72.90313861373458,0.0,0.0,0.0
1565,2024-12-27,318.35,0,26.13,4.83,12.15,3.62,233.5,139.06,22.46,989.75,454.0,72.65,11.73,6.1964,0,138.51,137.87,145.64,72.69,72.73,72.77,138.0,141.0925,72.75428571428571,72.92392857142856,0.9504929500356558,2.14827345493114,138.4466195269007,140.226481953845,72.7316591632149,72.88568077830462,0.0,0.0,0.0
1566,2024-12-28,318.03333333333336,0,27.14,4.83,12.15,3.62,232.84333333333333,139.17666666666668,22.49333333333333,990.4166666666666,453.4166666666667,72.66333333333334,11.74,6.1902,0,139.06,137.69666666666666,145.44,72.65,72.76666666666667,72.74333333333333,138.21142857142857,140.86880952380952,72.73952380952382,72.92107142857142,1.1334555256234478,2.1764838708590464,138.62913131184217,140.15408089955682,72.71457770574452,72.87034647175487,0.0,0.0,0.0
1567,2024-12-29,317.71666666666664,0,27.74,4.83,12.15,3.62,232.18666666666667,139.29333333333332,22.526666666666667,991.0833333333334,452.8333333333333,72.67666666666666,11.75,6.184,0,139.17666666666668,137.52333333333334,145.23999999999998,72.66333333333334,72.80333333333334,72.71666666666667,138.4642857142857,140.65642857142856,72.72142857142856,72.91964285714286,1.2014120093961915,2.186047317292758,138.79518181721497,140.09471899843797,72.70509994597505,72.85698924381776,0.0,0.0,0.0
1568,2024-12-30,317.4,0,25.7,4.83,12.15,3.62,231.53,139.41,22.56,991.75,452.25,72.69,11.76,6.1778,0,139.29333333333332,137.35,145.04,72.67666666666666,72.84,72.69,138.75857142857143,140.45535714285714,72.7,72.91964285714286,1.1325125579314257,2.173667916259868,138.94888636291122,140.04749699854568,72.70132495948128,72.84547274424412,0.0,0.0,0.0
1569,2024-12-31,318.7833333333333,0,26.66,4.83,12.15,3.62,232.23,139.25,22.55333333333333,1010.5,458.5,72.77333333333333,11.783333333333331,6.1778,0,139.41,137.73666666666665,145.57,72.69,72.79,72.57,138.9747619047619,140.22964285714286,72.69761904761904,72.92690476190477,0.7532534874272723,2.1773516060342497,139.0241647721834,139.99249720554252,72.7193270529443,72.84049761245717,0.0,0.0,0.0
1570,2025-01-01,320.1666666666667,0,27.94,4.56,12.15,2.85,232.475,139.09,22.546666666666667,1011.25,459.0,72.85666666666667,11.806666666666668,6.16485,0,139.25,138.1233333333333,143.51,72.77333333333333,72.74,72.47,139.11285714285714,140.0717857142857,72.71428571428571,72.9407142857143,0.3914846153764807,2.1542543272211176,139.04062357913756,139.93025601895337,72.75366195637488,72.84161271964403,0.0,0.0,0.0
1571,2025-01-02,321.55,0,27.1,4.56,12.15,2.85,232.72,138.93,22.54,1012.0,459.5,72.94,11.83,6.1519,0,139.09,138.51,142.76,72.85666666666667,72.69,73.09,139.17285714285714,139.935,72.75,72.93535714285714,0.1764415842365382,2.0137808314121752,139.01296768435316,139.86127284523243,72.80024646728117,72.84839804932375,0.0,0.0,0.0
1572,2025-01-03,321.85,0,26.14,4.56,12.15,2.85,232.5,138.1,22.34,991.75,450.75,72.99,11.81,6.1798,0,138.93,139.06,141.67,72.94,72.65,73.2,139.03571428571428,139.8075,72.79857142857142,72.92785714285715,0.1656126535480967,1.8854198490976048,138.78472576326487,139.73980575245778,72.84768485046088,72.85816370109453,0.0,0.0,0.0
1573,2025-01-04,321.85,0,28.6,4.56,12.15,2.85,230.2733333333333,137.84,22.38,993.75,453.0833333333333,73.03999999999999,11.86,6.158266666666667,0,138.1,139.17666666666668,142.09,72.99,72.66333333333334,73.31333333333333,138.8447619047619,139.65571428571428,72.85238095238095,72.91809523809523,0.2523569170842379,1.745130011108201,138.54854432244866,139.6087846660814,72.89576363784565,72.8707041355018,0.0,0.0,0.0
1574,2025-01-05,321.85,0,25.36,4.56,12.15,2.85,228.04666666666665,137.57999999999998,22.42,995.75,455.4166666666667,73.09,11.91,6.136733333333333,0,137.84,139.29333333333332,142.51,73.03999999999999,72.67666666666666,73.42666666666668,138.6,139.47964285714286,72.91142857142856,72.90607142857142,0.3923946772845442,1.588567654800726,138.3064082418365,139.4688684822137,72.94432272838424,72.88582798822581,0.0,0.0,0.0
1575,2025-01-06,321.85,0,26.09,4.56,12.15,2.85,225.82,137.32,22.46,997.75,457.75,73.14,11.96,6.1152,0,137.57999999999998,139.41,142.93,73.09,72.69,73.54,138.30142857142854,139.2792857142857,72.97571428571428,72.89178571428572,0.5547900054148096,1.4088228730953312,138.05980618137738,139.32067065585414,72.99324204628817,72.9033570924861,0.0,0.0,0.0
1576,2025-01-07,322.5,0,26.0,4.56,12.15,2.85,227.01,134.16,21.94,997.25,458.0,73.98,12.1,6.101,0,137.32,139.25,143.52,73.14,72.77333333333333,73.62,137.5742857142857,138.945,73.14809523809524,72.90464285714286,0.6919095958892663,1.402490587112877,137.08485463603304,138.96476233476074,73.23993153471613,72.97760832748706,0.0,0.0,0.0
1577,2025-01-08,323.7,0,26.09,4.56,12.15,2.85,229.3,136.5,22.35,994.5,454.0,74.23,12.15,6.1055,0,134.16,139.09,142.83,73.98,72.85666666666667,73.67,137.20428571428573,138.71892857142856,73.3442857142857,72.92464285714286,0.6958764192904263,1.4059348059468713,136.9386409770248,138.7947787254669,73.4874486510371,73.06398016697071,0.0,0.0,0.0
1578,2025-01-09,323.9,0,24.7,4.56,12.15,2.85,229.25,137.53,22.72,999.0,456.0,74.32,12.28,6.0364,0,136.5,138.93,142.91,74.23,72.94,73.25,137.00428571428571,138.52678571428572,73.54142857142857,72.96285714285715,1.1983658563303128,1.6441750148914318,137.0864807327686,138.7075526064692,73.69558648827783,73.15060222442101,0.0,0.0,0.0
1579,2025-01-10,324.35,0,24.38,4.56,12.15,2.85,229.2,137.91,22.61,1025.25,470.5,74.91,12.28,6.1053,0,137.53,138.1,141.62,74.32,72.99,72.93,136.9771428571429,138.3942857142857,73.8157142857143,73.03357142857143,1.676789665629263,1.950948814170065,137.29236054957644,138.65254897843684,73.99918986620837,73.27194000204715,0.0,0.0,0.0
1580,2025-01-11,324.7666666666667,0,25.59,4.56,12.15,2.85,229.28333333333333,137.90666666666667,22.61,1030.6666666666667,472.5,74.91333333333333,12.28,6.101666666666667,0,137.91,137.84,141.01333333333335,74.91,73.03999999999999,72.91666666666667,136.98666666666665,138.28333333333333,74.08333333333333,73.10488095238095,1.7946418107855235,2.161764646970212,137.445937078849,138.6011088190044,74.2277257329896,73.38513954213585,0.0,0.0,0.0
1581,2025-01-12,325.18333333333334,0,24.63,4.56,12.15,2.85,229.36666666666665,137.90333333333334,22.61,1036.0833333333333,474.5,74.91666666666667,12.28,6.098033333333333,0,137.90666666666667,137.57999999999998,140.40666666666667,74.91333333333333,73.09,72.90333333333334,137.03285714285715,138.1939285714286,74.3442857142857,73.17678571428571,1.755025178930305,2.3010308433782902,137.5602861424701,138.55298637171674,74.39996096640887,73.49076210244831,0.0,0.0,0.0
1582,2025-01-13,325.6,0,24.64,4.56,12.15,2.85,229.45,137.9,22.61,1041.5,476.5,74.92,12.28,6.0944,0,137.90333333333334,137.32,139.8,74.91666666666667,73.14,72.89,137.1157142857143,138.1260714285714,74.59857142857143,73.24928571428572,1.6492518746468807,2.3792960250526285,137.64521460685256,138.50795282883973,74.52997072480666,73.58933023331394,0.0,0.0,0.0
1583,2025-01-14,325.7,0,23.81,4.56,12.15,2.85,231.73,137.31,22.71,1043.0,474.5,74.69,12.35,6.0559,0,137.9,134.16,140.96,74.92,73.98,72.73,137.56571428571428,137.99571428571429,74.7,73.31928571428571,1.538417922805728,2.4463911276247314,137.56141095513942,138.425335392368,74.56997804360499,73.6652384930854,0.0,0.0,0.0
1584,2025-01-15,326.95,0,24.48,4.56,12.15,2.85,227.88,136.34,22.65,1042.75,478.75,74.97,12.45,6.0098,0,137.31,136.5,139.44,74.69,74.23,72.74,137.54285714285714,137.885,74.80571428571429,73.39892857142857,0.5153670290167438,2.523622064579236,137.25605821635455,138.28151915841158,74.66998353270375,73.7552220452864,0.0,0.0,0.0
1585,2025-01-16,325.3,0,24.12,4.56,12.15,2.85,232.31,134.2,22.14,1019.0,474.5,74.42,12.28,6.0499,0,136.34,137.53,137.46,74.97,74.32,72.45,137.06714285714287,137.76857142857142,74.82000000000001,73.4692857142857,0.7047152494169733,2.439863053060206,136.49204366226593,138.00003507852114,74.60748764952781,73.8010688007839,0.0,0.0,0.0
1586,2025-01-17,326.65,0,24.94,4.56,12.15,2.85,232.71,133.07,21.95,1034.0,484.25,74.25,12.25,6.0704,0,134.2,137.91,137.87,74.42,74.91,72.73,136.37571428571428,137.59714285714284,74.72571428571429,73.52357142857143,0.6766628128933128,2.393333206019415,135.63653274669946,137.66003265931278,74.51811573714586,73.83202957314363,0.0,0.0,0.0
1587,2025-01-18,326.6375,0,26.31,4.56,12.15,2.85,232.595,133.4125,22.035,1042.3125,485.6875,74.1925,12.255,6.0583,0,133.07,137.90666666666667,137.69666666666666,74.25,74.91333333333333,72.76666666666667,135.73369047619047,137.4441369047619,74.62273809523809,73.57449404761905,0.6355374285781196,2.3256158717565474,135.0805245600246,137.3670993724636,74.43671180285939,73.85688960258199,0.0,0.0,0.0
1588,2025-01-19,326.625,0,25.9,4.56,12.15,2.85,232.48,133.755,22.12,1050.625,487.125,74.135,12.26,6.0462,0,133.4125,137.90333333333334,137.52333333333334,74.1925,74.91666666666667,72.80333333333334,135.14107142857145,137.30955357142858,74.51107142857143,73.62205357142857,0.6112658328107282,2.232857862468262,134.74914342001844,137.11798907091438,74.36128385214454,73.87606962999013,0.0,0.0,0.0
1589,2025-01-20,326.6125,0,26.82,4.56,12.15,2.85,232.365,134.0975,22.205,1058.9375,488.5625,74.0775,12.265,6.0341000000000005,0,133.755,137.9,137.35,74.135,74.92,72.84,134.59785714285712,137.19339285714287,74.39071428571428,73.66625,0.6094184246648459,2.1096573206973703,134.58623256501383,136.90967947981684,74.2903378891084,73.88996137964598,0.0,0.0,0.0
1590,2025-01-21,326.6,0,26.85,4.56,12.15,2.85,232.25,134.44,22.29,1067.25,490.0,74.02,12.27,6.022,0,134.0975,137.31,137.73666666666665,74.0775,74.69,72.79,134.18785714285715,137.07565476190476,74.29499999999999,73.71017857142859,0.6002065970798135,1.942123431720363,134.5496744237604,136.73935675707085,74.2227534168313,73.89892956036005,0.0,0.0,0.0
1591,2025-01-22,327.15,0,26.53,4.56,12.15,2.85,232.53,133.52,22.48,1056.0,484.25,74.1,12.48,5.9415,0,134.44,136.34,138.1233333333333,74.02,74.97,72.74,133.785,136.91125,74.17071428571428,73.75874999999999,1.128107951844524,1.9741966589658555,134.2922558178203,136.51733215313493,74.19206506262347,73.91279648723176,0.0,0.0,0.0
1592,2025-01-23,325.4,0,27.65,4.56,12.15,2.85,233.38,133.8,22.61,1065.5,489.75,73.88,12.49,5.9243,0,133.52,134.2,138.51,74.1,74.42,72.69,133.72785714285715,136.7430357142857,74.09357142857142,73.80125,1.6861303965826842,2.110246418850628,134.1691918633652,136.32992993567734,74.11404879696761,73.91053466052612,0.0,0.0,0.0
1593,2025-01-24,325.1,0,29.25,4.56,12.15,2.85,234.68,134.41,22.73,1055.75,486.5,73.86,12.49,5.9109,0,133.8,133.07,139.06,73.88,74.25,72.65,133.9192857142857,136.57696428571427,74.03785714285713,73.84446428571428,2.8229928755674303,2.587315683922595,134.2293938975239,136.19752097459616,74.05053659772571,73.90704951152432,0.0,0.0,0.0
1594,2025-01-25,325.6333333333333,0,27.8,4.56,12.15,2.85,235.43666666666667,133.70333333333332,22.613333333333333,1052.1666666666667,485.0,73.92,12.503333333333334,5.9048,0,134.41,133.4125,139.17666666666668,73.86,74.1925,72.66333333333334,133.96083333333334,136.3814880952381,73.99892857142856,73.88934523809523,3.308895401112636,2.971438813393465,134.09787875647623,136.0255080338194,74.01790244829428,73.90794264866057,0.0,0.0,0.0
1595,2025-01-26,326.1666666666667,0,25.82,4.56,12.15,2.85,236.19333333333333,132.99666666666667,22.496666666666663,1048.5833333333333,483.5,73.98,12.516666666666666,5.8987,0,133.70333333333332,133.755,139.29333333333332,73.92,74.135,72.67666666666666,133.8525,136.15660714285715,73.97678571428571,73.93589285714286,3.40229346083563,3.294388990412913,133.82257573402384,135.8166224222916,74.0084268362207,73.91291212116674,0.0,0.0,0.0
1596,2025-01-27,326.7,0,27.91,4.56,12.15,2.85,236.95,132.29,22.38,1045.0,482.0,74.04,12.53,5.8926,0,132.99666666666667,134.0975,139.41,73.98,74.0775,72.69,133.59428571428572,135.9023214285714,73.97142857142856,73.98410714285714,3.104417158773224,3.571956760049587,133.43943180051787,135.57340708282322,74.01632012716553,73.92167680246558,0.0,0.0,0.0
1597,2025-01-28,325.2,0,28.15,4.56,12.15,2.85,234.39,130.04,22.15,1045.0,485.25,74.05,12.61,5.8571,0,132.29,134.44,139.25,74.04,74.02,72.77333333333333,132.96571428571428,135.57339285714286,73.97571428571429,74.02970238095237,2.678268130975656,4.008732667023814,132.5895738503884,135.19179280124922,74.02474009537414,73.9305266781576,0.0,0.0,0.0
1598,2025-01-29,325.85,0,27.94,4.56,12.15,2.85,232.5,130.7,22.23,1060.5,497.0,74.49,12.67,5.8563,0,130.04,133.52,139.09,74.05,74.1,72.85666666666667,132.56285714285713,135.27375,74.03142857142858,74.08803571428572,2.125084818900708,4.219474907485348,132.11718038779128,134.88201398736996,74.1410550715306,73.96911104518121,0.0,0.0,0.0
1599,2025-01-30,326.0,0,26.6,4.56,13.15,2.85,235.92,130.99,22.32,1044.0,490.25,74.79,12.75,5.874,0,130.7,133.8,138.93,74.49,73.88,72.94,132.16142857142856,134.99017857142857,74.16142857142857,74.15410714285714,1.3394218131883144,4.225160922548281,131.83538529084348,134.61359922962032,74.30329130364795,74.02572407654802,0.0,0.0,0.0
1600,2025-01-31,324.45,0,24.99,4.56,13.15,2.85,236.52,128.99,22.09,1042.0,482.0,74.99,12.84,5.841,0,130.99,134.41,138.1,74.79,73.86,72.99,131.38714285714286,134.66482142857143,74.32285714285715,74.22553571428571,1.360164222442284,4.221958904323482,131.1240389681326,134.22576479999134,74.47496847773597,74.0922258643723,0.0,0.0,0.0
1601,2025-02-01,325.0,0,25.93,5.06,13.15,2.85,237.89666666666668,129.34,22.18,1047.4166666666667,484.25,75.1,12.876666666666669,5.829533333333334,0,128.99,133.70333333333332,137.84,74.99,73.92,73.03999999999999,130.76380952380953,134.36124999999998,74.49142857142859,74.29910714285714,1.48108573890247,4.183138221457541,130.67802922609943,133.8888155034402,74.63122635830197,74.16172752889834,0.0,0.0,0.0
1602,2025-02-02,325.55,0,25.23,5.06,13.15,2.85,239.2733333333333,129.69,22.27,1052.8333333333333,486.5,75.21,12.913333333333332,5.818066666666667,0,129.34,132.99666666666667,137.57999999999998,75.1,73.98,73.09,130.29142857142855,134.0794642857143,74.66714285714285,74.37482142857142,1.6664749549585465,4.117216013430372,130.4310219195746,133.59924202044434,74.77591976872648,74.23402218207775,0.0,0.0,0.0
1603,2025-02-03,326.1,0,26.27,5.06,13.15,2.85,240.65,130.04,22.36,1058.25,488.75,75.32,12.95,5.8066,0,129.69,132.29,137.32,75.21,74.04,73.14,129.97,133.8194642857143,74.85,74.45267857142856,1.8616966148403933,4.031778402765031,130.33326643968093,133.35377705351715,74.91193982654485,74.30891720400342,0.0,0.0,0.0
1604,2025-02-04,327.1,0,26.7,5.06,13.15,2.85,242.53,130.47,22.62,1075.0,494.5,75.6,13.11,5.754,0,130.04,130.04,134.16,75.32,74.05,73.98,130.03142857142856,133.68767857142856,75.07142857142857,74.51053571428572,1.485065792534845,3.925893889141483,130.3674498297607,133.1548958774125,75.08395486990864,74.39795739683078,0.0,0.0,0.0
1605,2025-02-05,325.85,0,27.28,5.06,13.15,2.85,241.64,131.35,22.69,1057.0,493.25,76.04,13.13,5.7973,0,130.47,130.7,136.5,75.6,74.49,74.23,130.12428571428572,133.50375,75.29285714285713,74.57517857142857,0.8729494924223321,3.7192655452582746,130.6130873723205,133.0304202996599,75.32296615243148,74.51120171429072,0.0,0.0,0.0
1606,2025-02-06,326.9,0,28.44,5.06,13.15,2.85,244.41,132.05,22.89,1060.5,495.25,76.42,13.25,5.7617,0,131.35,130.99,137.53,76.04,74.79,74.32,130.2757142857143,133.30803571428572,75.52571428571427,74.65017857142857,1.2635146962932449,3.66061712027458,130.9723155292404,132.9628051065799,75.59722461432361,74.64284297537412,0.0,0.0,0.0
1607,2025-02-07,324.6,0,28.82,5.06,13.15,2.85,244.83,131.41,22.7,1049.5,487.5,77.24,13.35,5.8058,0,132.05,128.99,137.91,76.42,74.99,74.91,130.62142857142857,133.07589285714286,75.84714285714286,74.73339285714285,1.2976949737484136,3.6325154812685274,131.0817366469303,132.85571509922957,76.0079184607427,74.82195725293452,0.0,0.0,0.0
1608,2025-02-08,324.6166666666667,0,29.05,5.06,13.15,2.85,243.82333333333327,131.29666666666665,22.68,1049.5,488.8333333333333,77.24666666666667,13.35,5.799666666666666,0,131.41,129.34,137.90666666666667,77.24,75.1,74.91333333333333,130.90095238095236,132.83982142857144,76.15380952380951,74.81672619047619,1.191396025589256,3.588781969309755,131.13546915186438,132.7481945176735,76.3176055122237,74.9891785918126,0.0,0.0,0.0
1609,2025-02-09,324.6333333333333,0,25.92,5.06,13.15,2.85,242.81666666666663,131.18333333333334,22.66,1049.5,490.1666666666667,77.25333333333333,13.35,5.793533333333333,0,131.29666666666665,129.69,137.90333333333334,77.24666666666667,75.21,74.91666666666667,131.1142857142857,132.5998214285714,76.44571428571429,74.90017857142857,1.041094400625792,3.5255750101925907,131.14743519723163,132.64027305668452,76.5515374675011,75.1453271946761,0.0,0.0,0.0
1610,2025-02-10,324.65,0,24.05,5.06,13.15,2.85,241.81,131.07,22.64,1049.5,491.5,77.26,13.35,5.7874,0,131.18333333333334,130.04,137.9,77.25333333333333,75.32,74.92,131.26142857142858,132.35589285714286,76.72285714285714,74.98375,0.9258200997693024,3.4377183892696954,131.1280763979237,132.53197836312006,76.72865310062583,75.29116669849154,0.0,0.0,0.0
1611,2025-02-11,324.25,0,23.91,5.06,13.15,2.85,241.74,132.63,22.99,1043.5,484.0,77.96,13.51,5.7635,0,131.07,130.47,137.31,77.26,75.6,74.69,131.57,132.18875,77.06000000000002,75.10053571428571,1.136949014344305,3.362700956660139,131.5035572984428,132.53873847600832,77.03648982546937,75.47522416756108,0.0,0.0,0.0
1612,2025-02-12,322.8,0,25.73,5.06,13.15,2.85,248.96,131.64,22.85,1027.75,490.25,79.0,13.71,5.7649,0,132.63,131.35,136.34,77.96,76.04,74.97,131.61142857142858,132.02089285714283,77.48285714285714,75.2444642857143,0.9017443413389902,3.343311506734882,131.53766797383207,132.47675651214567,77.52736736910202,75.71831215600514,0.0,0.0,0.0
1613,2025-02-13,320.05,0,26.37,5.06,13.15,2.85,250.11,130.68,22.65,1030.0,493.5,79.12,13.71,5.7669,0,131.64,132.05,134.2,79.0,76.42,74.42,131.4157142857143,131.89517857142854,77.86857142857141,75.41232142857143,0.9855941955802054,3.224169180982358,131.32325098037404,132.35284226992871,77.92552552682652,75.95291131765995,0.0,0.0,0.0
1614,2025-02-14,320.3,0,28.57,5.06,13.15,2.85,245.48,130.83,22.94,1036.0,496.25,79.86,14.0,5.7042,0,130.68,131.41,133.07,79.12,77.24,74.25,131.33285714285714,131.8151785714286,78.24285714285713,75.61267857142856,1.3701809801487697,3.172705111403039,131.19993823528054,132.24781866510602,78.4091441451199,76.22236570954547,0.0,0.0,0.0
1615,2025-02-15,319.5875,0,27.74,5.06,13.15,2.85,246.0725,130.71,22.93,1036.625,501.125,79.6225,13.965,5.70045,0,130.83,131.29666666666665,133.4125,79.86,77.24666666666667,74.1925,131.24904761904762,131.71866071428573,78.5822619047619,75.80660714285715,1.5206211808022263,3.127974452901524,131.0774536764604,132.14176220544354,78.71248310883992,76.45685772957683,0.0,0.0,0.0
1616,2025-02-16,318.875,0,24.95,5.06,13.15,2.85,246.665,130.59,22.92,1037.25,506.0,79.38499999999999,13.93,5.6967,0,130.71,131.18333333333334,133.755,79.6225,77.25333333333333,74.135,131.1642857142857,131.605625,78.88678571428571,75.99410714285715,1.4316983635095242,3.090427484207879,130.9555902573453,132.0347441223095,78.88061233162993,76.65879857581291,0.0,0.0,0.0
1617,2025-02-17,318.1625,0,27.11,5.06,13.15,2.85,247.2575,130.47,22.91,1037.875,510.875,79.1475,13.895,5.69295,0,130.59,131.07,134.0975,79.38499999999999,77.26,74.0775,131.07857142857142,131.47607142857143,79.15642857142858,76.17517857142856,0.916104775218397,3.060459910990517,130.834192693009,131.926830734564,78.94733424872244,76.83043315679133,0.0,0.0,0.0
1618,2025-02-18,317.45,0,28.68,5.06,13.15,2.85,247.85,130.35,22.9,1038.5,515.75,78.91,13.86,5.6892,0,130.47,132.63,134.44,79.1475,77.96,74.02,130.75285714285715,131.33,79.29214285714285,76.34982142857143,0.8027853297791362,3.038399916148886,130.71314451975675,131.8180837873527,78.93800068654184,76.97385155977123,0.0,0.0,0.0
1619,2025-02-19,315.3,0,28.11,5.06,13.15,2.85,250.75,130.57,22.84,1031.75,512.25,81.26,14.21,5.7214,0,130.35,131.64,133.52,78.91,79.0,74.1,130.6,131.22464285714287,79.615,76.60553571428571,0.679753106435429,3.1158205088404447,130.67735838981758,131.73200904339734,79.51850051490638,77.26944800392495,0.0,0.0,0.0
1620,2025-02-20,314.2,0,29.25,5.06,13.15,2.85,248.32,131.17,22.98,1045.5,512.75,83.62,14.65,5.7029,0,130.57,130.68,133.8,81.26,79.12,73.88,130.67,131.13071428571428,80.25785714285713,76.95339285714286,0.1174864299348627,3.2121539866773348,130.8005187923632,131.69324979902512,80.54387538617979,77.70741710710254,0.0,0.0,0.0
1621,2025-02-21,314.2,0,29.17,5.06,13.15,2.85,248.87,131.78,23.01,1039.5,505.0,84.19,14.7,5.732,0,131.17,130.83,134.41,83.62,79.86,73.86,130.8057142857143,131.0367857142857,80.87642857142858,77.32232142857141,0.1291850436565773,3.238580438963556,131.0453890942724,131.69923257150614,81.45540653963485,78.15449178937133,0.0,0.0,0.0
1622,2025-02-22,314.21666666666664,0,27.5,5.06,13.15,2.85,248.49666666666667,131.47666666666666,22.92666666666667,1042.1666666666667,502.3333333333333,84.41,14.72,5.7475000000000005,0,131.78,130.71,133.70333333333332,84.19,79.6225,73.92,130.9152380952381,130.9572619047619,81.56035714285714,77.69696428571429,0.2283458708385877,3.2206302595466862,131.15320848737096,131.6838831987586,82.19405490472613,78.58590614872503,0.0,0.0,0.0
1623,2025-02-23,314.2333333333333,0,27.87,5.06,13.15,2.85,248.1233333333333,131.17333333333335,22.843333333333334,1044.8333333333333,499.6666666666667,84.63,14.74,5.763,0,131.47666666666666,130.59,132.99666666666667,84.41,79.38499999999999,73.98,130.99857142857144,130.89214285714286,82.30964285714286,78.07732142857142,0.3587264889464834,3.15844512976804,131.15823969886156,131.64867286321203,82.80304117854459,79.00274020743365,0.0,0.0,0.0
1624,2025-02-24,314.25,0,26.28,5.06,13.15,2.85,247.75,130.87,22.76,1047.5,497.0,84.85,14.76,5.7785,0,131.17333333333335,130.47,132.29,84.63,79.1475,74.04,131.05571428571426,130.84142857142857,83.12428571428572,78.46339285714285,0.4813204626331563,3.0502462471688703,131.08617977414616,131.59497128643878,83.31478088390844,79.4059995034727,0.0,0.0,0.0
1625,2025-02-25,312.1,0,25.68,5.06,13.15,2.85,250.82,132.19,22.97,1048.75,494.25,86.67,15.06,5.7396,0,130.87,130.35,130.04,84.85,78.91,74.05,131.31857142857143,130.9182142857143,84.23285714285714,78.91410714285715,0.6290225653737291,2.665150711747287,131.36213483060962,131.636007749443,84.15358566293133,79.90696505495734,0.0,0.0,0.0
1626,2025-02-26,311.4,0,25.79,5.06,13.15,2.85,247.99,132.04,22.77,1041.25,493.5,87.18,15.03,5.8035,0,132.19,130.57,130.7,86.67,81.26,74.49,131.5285714285714,130.96607142857144,85.07857142857142,79.36732142857143,0.607567918429228,2.361264308088721,131.5316011229572,131.66386928396415,84.9101892471985,80.40855367185684,0.0,0.0,0.0
1627,2025-02-27,311.4,0,26.16,5.06,13.15,2.85,249.85,134.55,23.08,1037.25,481.0,87.68,15.04,5.8401,0,132.04,131.17,130.99,87.18,83.62,74.79,132.01142857142858,131.09321428571428,85.65857142857143,79.82767857142856,0.5663344364169759,2.2133324560998964,132.2862008422179,131.8629127816218,85.60264193539888,80.91003272897015,0.0,0.0,0.0
1628,2025-02-28,310.95,0,24.92,5.06,13.15,2.85,253.77,134.42,22.76,1025.75,469.5,87.49,14.82,5.8852,0,134.55,131.78,128.99,87.68,84.19,74.99,132.38857142857142,131.28714285714287,86.13000000000001,80.27410714285715,0.5876310101380106,2.0637943372166045,132.81965063166342,132.03926362426856,86.07448145154916,81.36382357524806,0.0,0.0,0.0
1629,2025-03-01,310.7,0,26.82,5.48,13.15,2.85,254.80666666666667,134.224,22.844,1021.0,465.0833333333333,87.526,14.902,5.8852,0,134.42,131.47666666666666,129.34,87.49,84.41,75.1,132.7810476190476,131.46157142857143,86.57514285714285,80.71789285714286,1.155003901984625,2.0082235905886607,133.17073797374758,132.18993509845694,86.43736108866187,81.78880125971371,0.0,0.0,0.0
1630,2025-03-02,310.45,0,26.07,5.48,13.15,2.85,255.84333333333333,134.028,22.928,1016.25,460.6666666666667,87.562,14.984,5.8852,0,134.224,131.17333333333335,129.69,87.526,84.63,75.21,133.18885714285713,131.6165,86.994,81.15903571428571,1.8956883887164997,2.087384744330256,133.3850534803107,132.31669819511507,86.71852081649641,82.18695289697482,0.0,0.0,0.0
1631,2025-03-03,310.2,0,27.82,5.48,13.15,2.85,256.88,133.832,23.012,1011.5,456.25,87.598,15.066,5.8852,0,134.028,130.87,130.04,87.562,84.85,75.32,133.612,131.75192857142858,87.38657142857143,81.59753571428571,2.616361739673812,2.3143911339405925,133.496790110233,132.42120176786574,86.93839061237232,82.56012855925242,0.0,0.0,0.0
1632,2025-03-04,309.95,0,28.19,5.48,13.15,2.85,251.98,133.636,23.096,999.0,451.5,87.634,15.148,5.8852,0,133.832,132.19,130.47,87.598,86.67,75.6,133.81857142857143,131.865,87.52428571428571,82.02732142857143,2.4495026104381616,2.351254022649654,133.53159258267476,132.5049809562888,87.11229295927924,82.91005072757984,0.0,0.0,0.0
1633,2025-03-05,309.7,0,26.08,5.48,13.15,2.85,254.48,133.44,23.18,1011.75,455.75,87.67,15.23,5.7394,0,133.636,132.04,131.35,87.634,87.18,76.04,134.01857142857142,131.93964285714284,87.59428571428573,82.44267857142857,2.2088370238039503,2.15782940693523,133.50869443700606,132.5694650282689,87.25171971945944,83.23832309119503,0.0,0.0,0.0
1634,2025-03-06,311.0,0,27.39,5.48,13.15,2.85,254.04,135.72,23.55,1027.25,464.0,87.85,15.24,5.7639,0,133.44,134.55,132.05,87.67,87.68,76.42,134.18571428571428,132.07071428571427,87.61857142857141,82.85089285714285,1.6901750234730286,2.1349909356605896,134.06152082775455,132.78674330218135,87.40128978959459,83.55636977456088,0.0,0.0,0.0
1635,2025-03-07,311.65,0,28.41,5.48,13.15,2.85,254.57,134.19,23.17,1025.0,469.25,88.71,15.32,5.7874,0,135.72,134.42,131.41,87.85,87.49,77.24,134.15285714285713,132.17000000000002,87.79285714285713,83.2605357142857,2.321197302276232,2.114631775357801,134.0936406208159,132.88351962616883,87.72846734219594,83.9117925487291,0.0,0.0,0.0
1636,2025-03-08,311.5833333333333,0,27.11,5.48,13.15,2.85,257.14,134.41333333333333,23.12666666666667,1016.5833333333334,465.75,88.64666666666666,15.253333333333334,5.8101,0,134.19,134.224,131.29666666666665,88.71,87.526,77.24666666666667,134.17990476190477,132.2813095238095,87.95295238095238,83.66767857142858,2.8428321766462257,2.079169093287545,134.17356379894525,132.9890240197664,87.95801717331362,84.23833559134547,0.0,0.0,0.0
1637,2025-03-09,311.51666666666665,0,28.18,5.48,13.15,2.85,259.71,134.63666666666668,23.08333333333333,1008.1666666666666,462.25,88.58333333333333,15.186666666666666,5.8328,0,134.41333333333333,134.028,131.18333333333334,88.64666666666666,87.562,77.25333333333333,134.26685714285716,132.40464285714285,88.09885714285714,84.07232142857141,2.98893181231678,2.025168668264962,134.2893395158756,133.10265454713883,88.11434621331854,84.53799060803429,0.0,0.0,0.0
1638,2025-03-10,311.45,0,29.12,5.48,13.15,2.85,262.28,134.86,23.04,999.75,458.75,88.52,15.12,5.8555,0,134.63666666666668,133.832,131.07,88.58333333333333,87.598,77.26,134.4137142857143,132.54,88.23057142857144,84.47446428571428,2.3424039437769824,1.9481991546416884,134.4320046369067,133.2238507852672,88.2157596599889,84.81261194541123,0.0,0.0,0.0
1639,2025-03-11,311.95,0,27.57,5.48,13.15,2.85,260.43,134.52,23.16,997.75,456.5,89.08,15.34,5.8103,0,134.86,133.636,132.63,88.52,87.634,77.96,134.54,132.6075,88.43714285714285,84.87160714285713,1.760924824012048,1.94418152660483,134.45400347768003,133.31324038628324,88.43181974499167,85.10691456986564,0.0,0.0,0.0
1640,2025-03-12,312.1,0,27.54,5.48,13.15,2.85,256.72,132.37,22.8,987.5,448.75,89.39,15.4,5.7978,0,134.52,133.44,131.64,89.08,87.67,79.0,134.38714285714286,132.63357142857143,88.68285714285715,85.24267857142857,1.5402488240227274,2.037274927401805,133.93300260826004,133.24818932516024,88.67136480874375,85.40229977194387,0.0,0.0,0.0
1641,2025-03-13,312.1,0,28.45,5.48,13.15,2.85,259.84,134.88,23.26,996.75,453.5,89.88,15.5,5.799,0,132.37,135.72,130.68,89.39,87.85,79.12,134.26714285714286,132.78357142857143,88.97285714285714,85.6269642857143,0.7538954016559468,2.154280112540936,134.16975195619503,133.36072799239057,88.9735236065578,85.71110668422361,0.0,0.0,0.0
1642,2025-03-14,309.7,0,3.0,5.48,13.15,2.85,258.68,134.36,23.4,999.25,445.5,89.83,15.65,5.7385,0,134.88,134.19,130.83,89.88,88.71,79.86,134.29142857142858,132.90964285714284,89.13285714285713,85.98303571428572,1.1286397407468154,2.3497423810645595,134.21731396714628,133.42964330326018,89.18764270491835,85.99516829220818,0.0,0.0,0.0
1643,2025-03-15,309.5333333333333,0,29.27,5.48,13.15,2.85,260.31333333333333,133.92333333333335,23.416666666666664,1004.6666666666666,450.6666666666667,89.97333333333333,15.736666666666666,5.720166666666667,0,134.36,134.41333333333333,130.71,89.83,88.64666666666666,79.6225,134.2214285714286,133.02440476190478,89.32238095238095,86.35270833333334,1.4181268984899191,2.5574918089867094,134.14381880869303,133.4636908915411,89.38406536202208,86.26952450194095,0.0,0.0,0.0
1644,2025-03-16,309.3666666666667,0,26.71,5.48,13.15,2.85,261.94666666666666,133.48666666666668,23.433333333333334,1010.0833333333334,455.8333333333333,90.11666666666667,15.823333333333334,5.701833333333334,0,133.92333333333335,134.63666666666668,130.59,89.97333333333333,88.58333333333333,79.38499999999999,134.05714285714288,133.12785714285715,89.54142857142857,86.73598214285713,1.6336401211237657,2.7737313568336197,133.97953077318644,133.46527542775664,89.56721568818324,86.53484465123238,0.0,0.0,0.0
1645,2025-03-17,309.2,0,27.69,5.48,13.15,2.85,263.58,133.05,23.45,1015.5,461.0,90.26,15.91,5.6835,0,133.48666666666668,134.86,130.47,90.11666666666667,88.52,79.1475,133.79857142857142,133.22,89.78999999999999,87.13285714285715,1.761499953494606,2.995056698269892,133.74714807988985,133.43663574308377,89.74041176613743,86.79175191666462,0.0,0.0,0.0
1646,2025-03-18,310.1,0,27.84,5.48,13.15,2.85,266.49,133.72,23.57,1012.75,458.75,90.33,15.92,5.6705,0,133.05,134.52,130.35,90.26,89.08,78.91,133.68428571428572,133.34035714285713,89.96857142857144,87.54071428571429,1.3779726473241838,3.2009282308599984,133.74036105991738,133.4561781056297,89.88780882460307,87.03576902586016,0.0,0.0,0.0
1647,2025-03-19,310.25,0,27.21,5.48,13.15,2.85,265.47,132.78,23.5,1008.25,462.0,90.18,15.96,5.6485,0,133.72,132.37,130.57,90.33,89.39,81.26,133.74285714285716,133.4192857142857,90.08142857142856,87.85928571428572,1.4430609631280729,3.475783234054848,133.50027079493802,133.40954513282765,89.9608566184523,87.25261254131809,0.0,0.0,0.0
1648,2025-03-20,311.25,0,26.38,5.48,14.15,2.85,266.54,133.32,23.52,1013.0,469.0,90.08,15.89,5.6797,0,132.78,134.88,131.17,90.18,89.88,83.62,133.52,133.49607142857144,90.11,88.09,1.6932653047539836,3.819467565380512,133.4552030962035,133.40336960642574,89.99064246383922,87.44760477984788,0.0,0.0,0.0
1649,2025-03-21,312.6,0,26.11,5.48,14.15,2.85,263.35,133.38,23.33,1009.75,464.25,90.14,15.77,5.7291,0,133.32,134.36,131.78,90.08,89.83,84.19,133.38000000000002,133.5532142857143,90.15428571428572,88.30250000000001,1.5254629422578276,4.003563426566964,133.43640232215262,133.40175790943084,90.02798184787942,87.63328720882389,0.0,0.0,0.0
1650,2025-03-22,312.65000000000003,0,26.27,5.48,14.15,2.85,263.21333333333337,133.62,23.32333333333333,1008.9166666666666,464.3333333333333,90.00666666666666,15.713333333333331,5.740933333333333,0,133.38,133.92333333333335,131.47666666666666,90.14,89.97333333333333,84.41,133.33666666666664,133.62976190476192,90.15904761904764,88.50238095238095,1.2860089609377834,4.14381881798164,133.48230174161446,133.4168090880908,90.02265305257623,87.79696855074408,0.0,0.0,0.0
1651,2025-03-23,312.7,0,27.23,5.48,14.15,2.85,263.07666666666665,133.86,23.316666666666663,1008.0833333333334,464.4166666666667,89.87333333333333,15.656666666666666,5.752766666666666,0,133.62,133.48666666666668,131.17333333333335,90.00666666666666,90.11666666666667,84.63,133.39,133.72571428571428,90.12428571428572,88.68964285714286,1.0517060969105902,4.249908202289938,133.57672630621084,133.44737397856727,89.98532312276551,87.94016612195713,0.0,0.0,0.0
1652,2025-03-24,312.75,0,26.0,5.48,14.15,2.85,262.94,134.1,23.31,1007.25,464.5,89.74,15.6,5.7646,0,133.86,133.05,130.87,89.87333333333333,90.26,84.85,133.54,133.84107142857144,90.05,88.86428571428571,0.9103822924247428,4.329129541262775,133.70754472965814,133.49238266970056,89.92399234207413,88.06429259630492,0.0,0.0,0.0
1653,2025-03-25,312.95,0,27.78,5.48,14.15,2.85,262.06,132.11,23.17,1001.75,457.75,89.12,15.63,5.6989,0,134.1,133.72,132.19,89.74,90.33,86.67,133.31,133.8382142857143,89.87714285714286,88.9517857142857,0.7715740603502758,4.421868583382754,133.3081585472436,133.39704593385915,89.7229942565556,88.13710000345631,0.0,0.0,0.0
1654,2025-03-26,312.95,0,26.24,5.48,14.15,2.85,262.72,131.72,22.97,1001.0,451.25,88.94,15.51,5.7359,0,132.11,132.78,132.04,89.12,90.18,87.18,133.15857142857143,133.8267857142857,89.7,89.01464285714285,0.7788793624289019,4.513293596713584,132.91111891043272,133.281387593593,89.5272456924167,88.19247241701103,0.0,0.0,0.0
1655,2025-03-27,316.55,0,27.41,5.48,14.15,2.85,261.85,133.13,23.13,1016.75,450.0,87.92,15.28,5.7452,0,131.72,133.32,134.55,88.94,90.08,87.68,133.13142857142856,133.77607142857144,89.39142857142858,89.02321428571429,1.1221117118499049,4.716554468509975,132.96583918282454,133.27094706989692,89.12543426931252,88.17368121583786,0.0,0.0,0.0
1656,2025-03-28,319.1,0,27.3,5.48,14.15,2.85,262.22,132.47,23.01,1023.0,453.25,87.87,15.26,5.7604,0,133.13,133.38,134.42,87.92,90.14,87.49,133.00142857142856,133.70642857142855,89.06714285714285,89.0367857142857,1.2975015237273464,4.80048718917162,132.8418793871184,133.2157093409385,88.8115757019844,88.15273768371111,0.0,0.0,0.0
1657,2025-03-29,319.2333333333333,0,26.83,5.48,14.15,2.85,263.24333333333334,132.3766666666667,23.063333333333336,1020.25,454.5833333333333,87.81666666666666,15.296666666666669,5.741833333333333,0,132.47,133.62,134.224,87.87,90.00666666666666,87.526,132.82380952380953,133.64045238095238,88.75428571428571,89.04716666666666,1.3345273565196225,4.753704129186534,132.72557620700547,133.15784432891974,88.56284844315496,88.1295603721908,0.0,0.0,0.0
1658,2025-03-30,319.3666666666667,0,26.95,5.48,14.15,2.85,264.2666666666667,132.28333333333333,23.116666666666667,1017.5,455.9166666666667,87.76333333333334,15.333333333333332,5.7232666666666665,0,132.3766666666667,133.86,134.028,87.81666666666666,89.87333333333333,87.562,132.59857142857143,133.57814285714286,88.45285714285714,89.05435714285714,1.2438731479360627,4.531202059719713,132.61501548858743,133.09753322577583,88.36296966569955,88.1043033350282,0.0,0.0,0.0
1659,2025-03-31,319.5,0,26.49,5.48,14.15,2.85,265.29,132.19,23.17,1014.75,457.25,87.71,15.37,5.7047,0,132.28333333333333,134.1,133.832,87.76333333333334,89.74,87.598,132.3257142857143,133.5195,88.16285714285713,89.05835714285715,0.9889367615578032,4.056705445345234,132.50876161644055,133.03494472744646,88.19972724927466,88.07711000157799,0.0,0.0,0.0
