,data,Taxa_EUA,Taxa_EU,Taxa_china,boi_futuro,boi_real,boi_negociado,boi_dolar,soja_real,soja_dolar,soja_futuro,milho_futuro,milho_real,milho_dolar,dolar,CovidPeriodFlag,ciclo,aspecto,ano_novo_flag,carnaval_core_flag,carnaval_window_flag,pascoa_flag,pascoa_window_flag,dias_maes_flag,dias_maes_weekend_flag,festas_juninas_flag,santo_antonio_flag,sao_joao_flag,sao_pedro_flag,ferias_midyear_flag,ferias_verao_flag,dias_pais_flag,dias_pais_weekend_flag,independencia_flag,independencia_window_flag,dia_criancas_flag,finados_flag,finados_weekend_flag,natal_flag,natal_window_flag,fim_ano_window_flag,sazonal_carne_weight,scpdsi,el nino,precip_total_mm,TEMPERATURA,selic,ipca,pib_brasil,pib_agro,cme
0,01/01/2020,0.26,0.42,0.12,125.97,,0.0,,,,943.5,,,,4.019,0,PICO_NASCIMENTOS,PLANEJAMENTO,1,0,0,0,0,0,0,0,0,0,0,0,1,0,0,0,0,0,0,0,0,0,0,1.5,0.44,INEXISTENTE,0.0,30.67,,,,,
1,02/01/2020,0.26,0.42,0.12,125.78,192.95,0.0,47.96,82.92,20.61,956.25,49.11,48.43,12.04,4.026,0,PICO_NASCIMENTOS,PLANEJAMENTO,0,0,0,0,0,0,0,0,0,0,0,0,1,0,0,0,0,0,0,0,0,0,0,0.5,0.44,INEXISTENTE,0.0,28.33,4.4,0.21,-0.7,2.0,201.85
2,03/01/2020,0.26,0.42,0.12,124.72,196.7,0.0,48.53,83.01,20.48,941.5,48.92,48.91,12.07,4.0669,0,PICO_NASCIMENTOS,PLANEJAMENTO,0,0,0,0,0,0,0,0,0,0,0,0,1,0,0,0,0,0,0,0,0,0,0,0.5,0.44,INEXISTENTE,0.2,26.0,4.4,0.21,-0.7,2.0,204.55
3,04/01/2020,0.26,0.42,0.12,,,0.0,,,,,,,,,0,PICO_NASCIMENTOS,PLANEJAMENTO,0,0,0,0,0,0,0,0,0,0,0,0,1,0,0,0,0,0,0,0,0,0,0,0.5,0.44,INEXISTENTE,0.8,25.95,,,,,
4,05/01/2020,0.26,0.42,0.12,,,0.0,,,,,,,,,0,PICO_NASCIMENTOS,PLANEJAMENTO,0,0,0,0,0,0,0,0,0,0,0,0,1,0,0,0,0,0,0,0,0,0,0,0.5,0.44,INEXISTENTE,0.0,28.1,,,,,
5,06/01/2020,0.26,0.42,0.12,127.28,196.4,0.0,48.24,82.83,20.35,944.75,49.57,48.99,12.03,4.0616,0,PICO_NASCIMENTOS,PLANEJAMENTO,0,0,0,0,0,0,0,0,0,0,0,0,1,0,0,0,0,0,0,0,0,0,0,0.5,0.44,INEXISTENTE,0.4,27.04,4.4,0.21,-0.7,2.0,205.39
6,07/01/2020,0.26,0.42,0.12,126.53,196.6,0.0,48.42,82.81,20.4,944.0,50.21,49.31,12.15,4.0676,0,PICO_NASCIMENTOS,PLANEJAMENTO,0,0,0,0,0,0,0,0,0,0,0,0,1,0,0,0,0,0,0,0,0,0,0,0.5,0.44,INEXISTENTE,0.2,27.0,4.4,0.21,-0.7,2.0,204.99
7,08/01/2020,0.26,0.42,0.12,126.35,196.7,0.0,48.58,82.95,20.49,947.25,50.19,50.26,12.41,4.0647,0,PICO_NASCIMENTOS,PLANEJAMENTO,0,0,0,0,0,0,0,0,0,0,0,0,1,0,0,0,0,0,0,0,0,0,0,0.5,0.44,INEXISTENTE,0.0,30.2,4.4,0.21,-0.7,2.0,206.1
8,09/01/2020,0.26,0.42,0.12,126.72,198.45,0.0,48.56,82.83,20.27,943.5,50.86,51.5,12.6,4.0925,0,PICO_NASCIMENTOS,PLANEJAMENTO,0,0,0,0,0,0,0,0,0,0,0,0,1,0,0,0,0,0,0,0,0,0,0,0.5,0.44,INEXISTENTE,0.0,30.83,4.4,0.21,-0.7,2.0,208.47
9,10/01/2020,0.26,0.42,0.12,127.42,196.25,0.0,48.09,82.83,20.3,946.0,51.4,51.56,12.64,4.096,0,PICO_NASCIMENTOS,PLANEJAMENTO,0,0,0,0,0,0,0,0,0,0,0,0,1,0,0,0,0,0,0,0,0,0,0,0.5,0.44,INEXISTENTE,0.0,33.02,4.4,0.21,-0.7,2.0,205.09
10,11/01/2020,0.26,0.42,0.12,,,0.0,,,,,,,,,0,PICO_NASCIMENTOS,PLANEJAMENTO,0,0,0,0,0,0,0,0,0,0,0,0,1,0,0,0,0,0,0,0,0,0,0,0.5,0.44,INEXISTENTE,0.0,29.48,,,,,
11,12/01/2020,0.26,0.42,0.12,,,0.0,,,,,,,,,0,PICO_NASCIMENTOS,PLANEJAMENTO,0,0,0,0,0,0,0,0,0,0,0,0,1,0,0,0,0,0,0,0,0,0,0,0.5,0.44,INEXISTENTE,0.0,31.47,,,,,
12,13/01/2020,0.26,0.42,0.12,126.55,196.3,0.0,47.45,83.59,20.2,942.25,51.6,51.48,12.44,4.1466,0,PICO_NASCIMENTOS,PLANEJAMENTO,0,0,0,0,0,0,0,0,0,0,0,0,1,0,0,0,0,0,0,0,0,0,0,0.5,0.44,INEXISTENTE,0.0,26.76,4.4,0.21,-0.7,2.0,204.14
13,14/01/2020,0.26,0.42,0.12,126.85,193.95,0.0,46.97,83.78,20.29,942.25,51.92,51.7,12.52,4.1326,0,PICO_NASCIMENTOS,PLANEJAMENTO,0,0,0,0,0,0,0,0,0,0,0,0,1,0,0,0,0,0,0,0,0,0,0,0.5,0.44,INEXISTENTE,0.0,33.92,4.4,0.21,-0.7,2.0,203.56
14,15/01/2020,0.26,0.42,0.12,126.6,194.25,0.0,46.5,83.72,20.04,942.0,51.79,52.2,12.5,4.1753,0,PICO_NASCIMENTOS,PLANEJAMENTO,0,0,0,0,0,0,0,0,0,0,0,0,1,0,0,0,0,0,0,0,0,0,0,0.5,0.44,INEXISTENTE,2.6,34.2,4.4,0.21,-0.7,2.0,205.01
15,16/01/2020,0.26,0.42,0.12,126.12,192.15,0.0,45.82,83.17,19.83,937.25,52.07,51.99,12.4,4.1847,0,PICO_NASCIMENTOS,PLANEJAMENTO,0,0,0,0,0,0,0,0,0,0,0,0,1,0,0,0,0,0,0,0,0,0,0,0.5,0.44,INEXISTENTE,0.0,33.5,4.4,0.21,-0.7,2.0,207.15
16,17/01/2020,0.26,0.42,0.12,126.35,192.5,0.0,46.26,83.66,20.1,943.0,51.95,51.77,12.44,4.1616,0,PICO_NASCIMENTOS,PLANEJAMENTO,0,0,0,0,0,0,0,0,0,0,0,0,1,0,0,0,0,0,0,0,0,0,0,0.5,0.44,INEXISTENTE,0.0,27.1,4.4,0.21,-0.7,2.0,206.86
17,18/01/2020,0.26,0.42,0.12,,,0.0,,,,,,,,,0,PICO_NASCIMENTOS,PLANEJAMENTO,0,0,0,0,0,0,0,0,0,0,0,0,1,0,0,0,0,0,0,0,0,0,0,0.5,0.44,INEXISTENTE,0.0,33.68,,,,,
18,19/01/2020,0.26,0.42,0.12,,,0.0,,,,,,,,,0,PICO_NASCIMENTOS,PLANEJAMENTO,0,0,0,0,0,0,0,0,0,0,0,0,1,0,0,0,0,0,0,0,0,0,0,0.5,0.44,INEXISTENTE,0.8,31.33,,,,,
19,20/01/2020,0.26,0.42,0.12,,,0.0,,,,,,,,,0,PICO_NASCIMENTOS,PLANEJAMENTO,0,0,0,0,0,0,0,0,0,0,0,0,1,0,0,0,0,0,0,0,0,0,0,0.5,0.44,INEXISTENTE,0.0,29.58,4.4,0.21,-0.7,2.0,
20,21/01/2020,0.26,0.42,0.12,126.38,190.6,0.0,45.38,83.22,19.82,929.75,51.7,51.66,12.3,4.2123,0,PICO_NASCIMENTOS,PLANEJAMENTO,0,0,0,0,0,0,0,0,0,0,0,0,1,0,0,0,0,0,0,0,0,0,0,0.5,0.44,INEXISTENTE,0.0,31.2,4.4,0.21,-0.7,2.0,206.86
21,22/01/2020,0.26,0.42,0.12,126.17,194.05,0.0,46.46,83.13,19.9,927.5,52.05,51.74,12.39,4.1826,0,PICO_NASCIMENTOS,PLANEJAMENTO,0,0,0,0,0,0,0,0,0,0,0,0,1,0,0,0,0,0,0,0,0,0,0,0.5,0.44,INEXISTENTE,9.4,27.15,4.4,0.21,-0.7,2.0,207.48
22,23/01/2020,0.26,0.42,0.12,124.67,191.2,0.0,45.91,82.26,19.75,923.25,52.39,51.49,12.36,4.1703,0,PICO_NASCIMENTOS,PLANEJAMENTO,0,0,0,0,0,0,0,0,0,0,0,0,1,0,0,0,0,0,0,0,0,0,0,0.5,0.44,INEXISTENTE,7.6,27.33,4.4,0.21,-0.7,2.0,208.24
23,24/01/2020,0.26,0.42,0.12,124.85,187.0,0.0,44.67,82.04,19.6,915.75,51.93,51.42,12.28,4.1814,0,PICO_NASCIMENTOS,PLANEJAMENTO,0,0,0,0,0,0,0,0,0,0,0,0,1,0,0,0,0,0,0,0,0,0,0,0.5,0.44,INEXISTENTE,0.2,27.76,4.4,0.21,-0.7,2.0,209.24
24,25/01/2020,0.26,0.42,0.12,,,0.0,,,,,,,,,0,PICO_NASCIMENTOS,PLANEJAMENTO,0,0,0,0,0,0,0,0,0,0,0,0,1,0,0,0,0,0,0,0,0,0,0,0.5,0.44,INEXISTENTE,0.0,27.77,,,,,
25,26/01/2020,0.26,0.42,0.12,,,0.0,,,,,,,,,0,PICO_NASCIMENTOS,PLANEJAMENTO,0,0,0,0,0,0,0,0,0,0,0,0,1,0,0,0,0,0,0,0,0,0,0,0.5,0.44,INEXISTENTE,0.0,28.53,,,,,
26,27/01/2020,0.26,0.42,0.12,122.25,190.7,0.0,45.35,81.3,19.33,911.0,51.62,51.77,12.31,4.2074,0,PICO_NASCIMENTOS,PLANEJAMENTO,0,0,0,0,0,0,0,0,0,0,0,0,1,0,0,0,0,0,0,0,0,0,0,0.5,0.44,INEXISTENTE,0.0,29.09,4.4,0.21,-0.7,2.0,212.99
27,28/01/2020,0.26,0.42,0.12,122.15,189.7,0.0,45.23,81.09,19.34,909.0,51.49,51.91,12.38,4.1943,0,PICO_NASCIMENTOS,PLANEJAMENTO,0,0,0,0,0,0,0,0,0,0,0,0,1,0,0,0,0,0,0,0,0,0,0,0.5,0.44,INEXISTENTE,0.0,28.88,4.4,0.21,-0.7,2.0,213.21
28,29/01/2020,0.26,0.42,0.12,121.75,186.1,0.0,44.08,81.22,19.24,907.0,50.71,51.54,12.21,4.2303,0,PICO_NASCIMENTOS,PLANEJAMENTO,0,0,0,0,0,0,0,0,0,0,0,0,1,0,0,0,0,0,0,0,0,0,0,0.5,0.44,INEXISTENTE,0.0,28.38,4.4,0.21,-0.7,2.0,213.58
29,30/01/2020,0.26,0.42,0.12,121.78,191.1,0.0,44.85,81.13,19.04,890.5,49.56,51.28,12.03,4.243,0,PICO_NASCIMENTOS,PLANEJAMENTO,0,0,0,0,0,0,0,0,0,0,0,0,1,0,0,0,0,0,0,0,0,0,0,0.5,0.44,INEXISTENTE,0.0,32.0,4.4,0.21,-0.7,2.0,218.78
30,31/01/2020,0.26,0.42,0.12,121.38,190.8,0.0,44.55,80.36,18.76,886.75,48.99,51.16,11.94,4.282,0,PICO_NASCIMENTOS,PLANEJAMENTO,0,0,0,0,0,0,0,0,0,0,0,0,1,0,0,0,0,0,0,0,0,0,0,0.5,0.44,INEXISTENTE,3.0,31.93,4.4,0.21,-0.7,2.0,217.11
31,01/02/2020,0.26,0.42,0.12,,,0.0,,,,,,,,,0,PICO_NASCIMENTOS,SAFRA,0,0,0,0,0,0,0,0,0,0,0,0,0,0,0,0,0,0,0,0,0,0,0,0.0,1.88,INEXISTENTE,0.0,32.84,,,,,
32,02/02/2020,0.26,0.42,0.12,,,0.0,,,,,,,,,0,PICO_NASCIMENTOS,SAFRA,0,0,0,0,0,0,0,0,0,0,0,0,0,0,0,0,0,0,0,0,0,0,0,0.0,1.88,INEXISTENTE,0.0,34.04,,,,,
33,03/02/2020,0.26,0.42,0.12,121.67,196.2,0.0,46.18,79.53,18.72,890.75,48.19,50.86,11.97,4.2476,0,PICO_NASCIMENTOS,SAFRA,0,0,0,0,0,0,0,0,0,0,0,0,0,0,0,0,0,0,0,0,0,0,0,0.0,1.88,INEXISTENTE,0.0,30.44,4.4,0.25,-0.7,2.0,214.57
34,04/02/2020,0.26,0.42,0.12,121.62,193.45,0.0,45.44,79.75,18.73,893.0,48.34,50.07,11.76,4.2545,0,PICO_NASCIMENTOS,SAFRA,0,0,0,0,0,0,0,0,0,0,0,0,0,0,0,0,0,0,0,0,0,0,0,0.0,1.88,INEXISTENTE,0.0,27.36,4.4,0.25,-0.7,2.0,215.54
35,05/02/2020,0.26,0.42,0.12,120.75,192.85,0.0,45.44,80.05,18.86,893.5,48.83,50.17,11.82,4.2353,0,PICO_NASCIMENTOS,SAFRA,0,0,0,0,0,0,0,0,0,0,0,0,0,0,0,0,0,0,0,0,0,0,0,0.0,1.88,INEXISTENTE,9.2,27.82,4.4,0.25,-0.7,2.0,213.43
36,06/02/2020,0.26,0.42,0.12,121.12,194.5,0.0,45.48,80.07,18.72,894.75,49.16,50.13,11.72,4.2822,0,PICO_NASCIMENTOS,SAFRA,0,0,0,0,0,0,0,0,0,0,0,0,0,0,0,0,0,0,0,0,0,0,0,0.0,1.88,INEXISTENTE,0.2,26.89,4.15,0.25,-0.7,2.0,212.63
37,07/02/2020,0.26,0.42,0.12,121.33,195.4,0.0,45.24,80.73,18.69,895.0,49.38,50.71,11.74,4.3203,0,PICO_NASCIMENTOS,SAFRA,0,0,0,0,0,0,0,0,0,0,0,0,0,0,0,0,0,0,0,0,0,0,0,0.0,1.88,INEXISTENTE,4.2,25.36,4.15,0.25,-0.7,2.0,213.2
38,08/02/2020,0.26,0.42,0.12,,,0.0,,,,,,,,,0,PICO_NASCIMENTOS,SAFRA,0,0,0,0,0,0,0,0,0,0,0,0,0,0,0,0,0,0,0,0,0,0,0,0.0,1.88,INEXISTENTE,6.4,24.8,,,,,
39,09/02/2020,0.26,0.42,0.12,,,0.0,,,,,,,,,0,PICO_NASCIMENTOS,SAFRA,0,0,0,0,0,0,0,0,0,0,0,0,0,0,0,0,0,0,0,0,0,0,0,0.0,1.88,INEXISTENTE,0.6,25.2,,,,,
40,10/02/2020,0.26,0.42,0.12,120.3,195.7,0.0,45.23,81.15,18.75,897.25,49.57,50.88,11.76,4.3248,0,PICO_NASCIMENTOS,SAFRA,0,0,0,0,0,0,0,0,0,0,0,0,0,0,0,0,0,0,0,0,0,0,0,0.0,1.88,INEXISTENTE,0.0,29.58,4.15,0.25,-0.7,2.0,213.37
41,11/02/2020,0.26,0.42,0.12,119.08,194.15,0.0,44.88,81.05,18.74,897.25,49.06,51.11,11.81,4.3316,0,PICO_NASCIMENTOS,SAFRA,0,0,0,0,0,0,0,0,0,0,0,0,0,0,0,0,0,0,0,0,0,0,0,0.0,1.88,INEXISTENTE,0.0,33.7,4.15,0.25,-0.7,2.0,211.65
42,12/02/2020,0.26,0.42,0.12,118.95,197.55,0.0,45.45,81.5,18.75,903.5,49.93,51.63,11.88,4.3548,0,PICO_NASCIMENTOS,SAFRA,0,0,0,0,0,0,0,0,0,0,0,0,0,0,0,0,0,0,0,0,0,0,0,0.0,1.88,INEXISTENTE,0.2,24.45,4.15,0.25,-0.7,2.0,207.64
43,13/02/2020,0.26,0.42,0.12,119.45,195.55,0.0,45.02,82.01,18.88,906.0,51.29,51.8,11.92,4.3498,0,PICO_NASCIMENTOS,SAFRA,0,0,0,0,0,0,0,0,0,0,0,0,0,0,0,0,0,0,0,0,0,0,0,0.0,1.88,INEXISTENTE,0.0,31.18,4.15,0.25,-0.7,2.0,208.31
44,14/02/2020,0.26,0.42,0.12,120.83,196.55,0.0,45.71,81.64,18.99,903.25,51.74,52.13,12.12,4.2974,0,PICO_NASCIMENTOS,SAFRA,0,0,0,0,0,0,0,0,0,0,0,0,0,0,0,0,0,0,0,0,0,0,0,0.0,1.88,INEXISTENTE,0.0,34.13,4.15,0.25,-0.7,2.0,213.13
45,15/02/2020,0.26,0.42,0.12,,,0.0,,,,,,,,,0,PICO_NASCIMENTOS,SAFRA,0,0,0,0,0,0,0,0,0,0,0,0,0,0,0,0,0,0,0,0,0,0,0,0.0,1.88,INEXISTENTE,0.0,33.56,,,,,
46,16/02/2020,0.26,0.42,0.12,,,0.0,,,,,,,,,0,PICO_NASCIMENTOS,SAFRA,0,0,0,0,0,0,0,0,0,0,0,0,0,0,0,0,0,0,0,0,0,0,0,0.0,1.88,INEXISTENTE,0.0,30.66,,,,,
47,17/02/2020,0.26,0.42,0.12,,,0.0,,,,,,,,,0,PICO_NASCIMENTOS,SAFRA,0,0,0,0,0,0,0,0,0,0,0,0,0,0,0,0,0,0,0,0,0,0,0,0.0,1.88,INEXISTENTE,0.4,27.5,4.15,0.25,-0.7,2.0,
48,18/02/2020,0.26,0.42,0.12,121.42,197.05,0.0,45.22,81.65,18.74,902.25,52.58,52.25,11.99,4.3557,0,PICO_NASCIMENTOS,SAFRA,0,0,0,0,0,0,0,0,0,0,0,0,0,0,0,0,0,0,0,0,0,0,0,0.0,1.88,INEXISTENTE,0.0,30.07,4.15,0.25,-0.7,2.0,213.37
49,19/02/2020,0.26,0.42,0.12,121.3,193.1,0.0,44.2,82.4,18.86,905.5,52.13,52.42,12.0,4.3649,0,PICO_NASCIMENTOS,SAFRA,0,0,0,0,0,0,0,0,0,0,0,0,0,0,0,0,0,0,0,0,0,0,0,0.0,1.88,INEXISTENTE,0.0,29.29,4.15,0.25,-0.7,2.0,207.5
50,20/02/2020,0.26,0.42,0.12,120.1,202.85,0.0,46.25,82.72,18.86,901.0,51.85,52.27,11.92,4.3933,0,PICO_NASCIMENTOS,SAFRA,0,0,0,0,0,0,0,0,0,0,0,0,0,0,0,0,0,0,0,0,0,0,0,0.0,1.88,INEXISTENTE,0.0,29.0,4.15,0.25,-0.7,2.0,209.0
51,21/02/2020,0.26,0.42,0.12,119.72,198.4,0.0,45.19,82.82,18.87,899.0,51.87,52.32,11.92,4.3895,0,PICO_NASCIMENTOS,SAFRA,0,0,1,0,0,0,0,0,0,0,0,0,0,0,0,0,0,0,0,0,0,0,0,0.5,1.88,INEXISTENTE,2.6,29.2,4.15,0.25,-0.7,2.0,208.83
52,22/02/2020,0.26,0.42,0.12,,,0.0,,,,,,,,,0,PICO_NASCIMENTOS,SAFRA,0,0,1,0,0,0,0,0,0,0,0,0,0,0,0,0,0,0,0,0,0,0,0,0.5,1.88,INEXISTENTE,3.6,28.62,,,,,
53,23/02/2020,0.26,0.42,0.12,,,0.0,,,,,,,,,0,PICO_NASCIMENTOS,SAFRA,0,0,1,0,0,0,0,0,0,0,0,0,0,0,0,0,0,0,0,0,0,0,0,0.5,1.88,INEXISTENTE,0.0,30.46,,,,,
54,24/02/2020,0.26,0.42,0.12,117.0,,0.0,,,,882.5,,,,4.3878,0,PICO_NASCIMENTOS,SAFRA,0,0,1,0,0,0,0,0,0,0,0,0,0,0,0,0,0,0,0,0,0,0,0,0.5,1.88,INEXISTENTE,0.0,28.61,,,,,
55,25/02/2020,0.26,0.42,0.12,115.03,,0.0,,,,888.25,,,,4.3878,0,PICO_NASCIMENTOS,SAFRA,0,1,1,0,0,0,0,0,0,0,0,0,0,0,0,0,0,0,0,0,0,0,0,1.5,1.88,INEXISTENTE,0.0,32.06,,,,,
56,26/02/2020,0.26,0.42,0.12,114.08,202.8,0.0,45.69,82.42,18.57,892.0,52.26,52.87,11.91,4.4502,0,PICO_NASCIMENTOS,SAFRA,0,0,0,0,0,0,0,0,0,0,0,0,0,0,0,0,0,0,0,0,0,0,0,0.0,1.88,INEXISTENTE,0.0,28.0,4.15,0.25,-0.7,2.0,220.18
57,27/02/2020,0.26,0.42,0.12,112.62,202.05,0.0,45.2,82.68,18.5,895.0,53.16,53.3,11.92,4.4861,0,PICO_NASCIMENTOS,SAFRA,0,0,0,0,0,0,0,0,0,0,0,0,0,0,0,0,0,0,0,0,0,0,0,0.0,1.88,INEXISTENTE,0.2,31.82,4.15,0.25,-0.7,2.0,210.39
58,28/02/2020,0.26,0.42,0.12,112.7,201.75,0.0,44.91,82.91,18.46,892.75,53.43,53.25,11.85,4.4733,0,PICO_NASCIMENTOS,SAFRA,0,0,0,0,0,0,0,0,0,0,0,0,0,0,0,0,0,0,0,0,0,0,0,0.0,1.88,INEXISTENTE,0.0,28.23,4.15,0.25,-0.7,2.0,198.82
59,29/02/2020,0.26,0.42,0.12,,,0.0,,,,,,,,,0,PICO_NASCIMENTOS,SAFRA,0,0,0,0,0,0,0,0,0,0,0,0,0,0,0,0,0,0,0,0,0,0,0,0.0,1.88,INEXISTENTE,0.0,27.51,,,,,
60,01/03/2020,0.26,0.42,0.12,,,0.0,,,,,,,,,0,PICO_NASCIMENTOS,ENTRESAFRA,0,0,0,0,0,0,0,0,0,0,0,0,0,0,0,0,0,0,0,0,0,0,0,0.0,1.33,INEXISTENTE,0.0,28.57,,,,,
61,02/03/2020,0.26,0.42,0.12,110.15,204.15,0.0,45.52,83.91,18.71,901.0,54.24,53.55,11.94,4.474,0,PICO_NASCIMENTOS,ENTRESAFRA,0,0,0,0,0,0,0,0,0,0,0,0,0,0,0,0,0,0,0,0,0,0,0,0.0,1.33,INEXISTENTE,7.4,28.18,4.15,0.07,-0.7,2.0,209.4
62,03/03/2020,0.26,0.42,0.12,110.1,202.1,0.0,44.81,84.11,18.65,903.5,54.95,53.81,11.93,4.5144,0,PICO_NASCIMENTOS,ENTRESAFRA,0,0,0,0,0,0,0,0,0,0,0,0,0,0,0,0,0,0,0,0,0,0,0,0.0,1.33,INEXISTENTE,1.0,29.41,4.15,0.07,-0.7,2.0,216.07
63,04/03/2020,0.26,0.42,0.12,111.28,202.0,0.0,44.12,85.43,18.66,907.25,55.25,54.18,11.83,4.5847,0,PICO_NASCIMENTOS,ENTRESAFRA,0,0,0,0,0,0,0,0,0,0,0,0,0,0,0,0,0,0,0,0,0,0,0,0.0,1.33,INEXISTENTE,1.0,28.33,4.15,0.07,-0.7,2.0,223.63
64,05/03/2020,0.26,0.42,0.12,108.65,201.2,0.0,43.29,86.3,18.57,897.0,55.26,54.69,11.77,4.6073,0,PICO_NASCIMENTOS,ENTRESAFRA,0,0,0,0,0,0,0,0,0,0,0,0,0,0,0,0,0,0,0,0,0,0,0,0.0,1.33,INEXISTENTE,0.4,29.12,4.15,0.07,-0.7,2.0,221.82
65,06/03/2020,0.26,0.42,0.12,105.75,203.25,0.0,43.91,86.32,18.65,891.25,55.59,55.3,11.95,4.6269,0,PICO_NASCIMENTOS,ENTRESAFRA,0,0,0,0,0,0,0,0,0,0,0,0,0,0,0,0,0,0,0,0,0,0,0,0.0,1.33,INEXISTENTE,6.8,26.71,4.15,0.07,-0.7,2.0,216.26
66,07/03/2020,0.26,0.42,0.12,,,0.0,,,,,,,,,0,PICO_NASCIMENTOS,ENTRESAFRA,0,0,0,0,0,0,0,0,0,0,0,0,0,0,0,0,0,0,0,0,0,0,0,0.0,1.33,INEXISTENTE,7.6,26.44,,,,,
67,08/03/2020,0.26,0.42,0.12,,,0.0,,,,,,,,,0,PICO_NASCIMENTOS,ENTRESAFRA,0,0,0,0,0,0,0,0,0,0,0,0,0,0,0,0,0,0,0,0,0,0,0,0.0,1.33,INEXISTENTE,1.2,29.02,,,,,
68,09/03/2020,0.26,0.42,0.12,102.85,199.4,0.0,42.02,85.94,18.11,870.0,56.04,55.55,11.71,4.7231,0,PICO_NASCIMENTOS,ENTRESAFRA,0,0,0,0,0,0,0,0,0,0,0,0,0,0,0,0,0,0,0,0,0,0,0,0.0,1.33,INEXISTENTE,3.4,28.28,4.15,0.07,-0.7,2.0,204.91
69,10/03/2020,0.26,0.42,0.12,105.45,202.7,0.0,43.65,85.71,18.46,876.25,56.19,55.83,12.02,4.6425,0,PICO_NASCIMENTOS,ENTRESAFRA,0,0,0,0,0,0,0,0,0,0,0,0,0,0,0,0,0,0,0,0,0,0,0,0.0,1.33,INEXISTENTE,0.0,29.16,4.15,0.07,-0.7,2.0,207.01
70,11/03/2020,0.26,0.42,0.12,103.08,203.25,0.0,42.93,85.92,18.15,873.25,56.74,56.77,11.99,4.8136,1,PICO_NASCIMENTOS,ENTRESAFRA,0,0,0,0,0,0,0,0,0,0,0,0,0,0,0,0,0,0,0,0,0,0,0,0.0,1.33,INEXISTENTE,0.0,29.29,4.15,0.07,-0.7,2.0,194.68
71,12/03/2020,0.26,0.42,0.12,100.08,204.35,0.0,42.41,86.62,17.98,859.5,57.5,57.59,11.95,4.791,1,PICO_NASCIMENTOS,ENTRESAFRA,0,0,0,0,0,0,0,0,0,0,0,0,0,0,0,0,0,0,0,0,0,0,0,0.0,1.33,INEXISTENTE,11.0,27.62,4.15,0.07,-0.7,2.0,172.31
72,13/03/2020,0.26,0.42,0.12,95.58,204.7,0.0,42.19,85.89,17.7,848.75,57.75,57.58,11.87,4.858,1,PICO_NASCIMENTOS,ENTRESAFRA,0,0,0,0,0,0,0,0,0,0,0,0,0,0,0,0,0,0,0,0,0,0,0,0.0,1.33,INEXISTENTE,0.2,30.5,4.15,0.07,-0.7,2.0,182.01
73,14/03/2020,0.26,0.42,0.12,,,0.0,,,,,,,,,1,PICO_NASCIMENTOS,ENTRESAFRA,0,0,0,0,0,0,0,0,0,0,0,0,0,0,0,0,0,0,0,0,0,0,0,0.0,1.33,INEXISTENTE,0.0,30.4,,,,,
74,15/03/2020,0.26,0.42,0.12,,,0.0,,,,,,,,,1,PICO_NASCIMENTOS,ENTRESAFRA,0,0,0,0,0,0,0,0,0,0,0,0,0,0,0,0,0,0,0,0,0,0,0,0.0,1.33,INEXISTENTE,3.2,28.18,,,,,
75,16/03/2020,0.26,0.42,0.12,91.85,204.7,0.0,42.19,86.32,17.16,830.5,49.37,58.16,11.56,5.0002,1,PICO_NASCIMENTOS,ENTRESAFRA,0,0,0,0,0,0,0,0,0,0,0,0,0,0,0,0,0,0,0,0,0,0,0,0.0,1.33,INEXISTENTE,0.0,28.08,4.15,0.07,-0.7,2.0,148.54
76,17/03/2020,0.26,0.42,0.12,96.35,199.4,0.0,39.87,87.69,17.54,831.0,47.61,58.41,11.68,5.0084,1,PICO_NASCIMENTOS,ENTRESAFRA,0,0,0,0,0,0,0,0,0,0,0,0,0,0,0,0,0,0,0,0,0,0,0,0.0,1.33,INEXISTENTE,0.0,31.26,4.15,0.07,-0.7,2.0,166.02
77,18/03/2020,0.26,0.42,0.12,92.1,187.4,0.0,35.85,87.71,16.78,832.75,49.41,57.75,11.05,5.1064,1,PICO_NASCIMENTOS,ENTRESAFRA,0,0,0,0,0,0,0,0,0,0,0,0,0,0,0,0,0,0,0,0,0,0,0,0.0,1.33,INEXISTENTE,0.0,31.43,4.15,0.07,-0.7,2.0,142.97
78,19/03/2020,0.26,0.42,0.12,95.1,189.25,0.0,37.12,89.82,17.61,848.0,49.07,58.27,11.43,5.0957,1,PICO_NASCIMENTOS,ENTRESAFRA,0,0,0,0,0,0,0,0,0,0,0,0,0,0,0,0,0,0,0,0,0,0,0,0.0,1.33,INEXISTENTE,0.0,31.9,3.65,0.07,-0.7,2.0,155.22
79,20/03/2020,0.26,0.42,0.12,98.65,197.85,0.0,39.19,90.16,17.86,864.75,49.09,59.04,11.69,5.0627,1,PICO_NASCIMENTOS,ENTRESAFRA,0,0,0,0,0,0,0,0,0,0,0,0,0,0,0,0,0,0,0,0,0,0,0,0.0,1.33,INEXISTENTE,0.0,28.93,3.65,0.07,-0.7,2.0,158.41
80,21/03/2020,0.26,0.42,0.12,,,0.0,,,,,,,,,1,PICO_NASCIMENTOS,ENTRESAFRA,0,0,0,0,0,0,0,0,0,0,0,0,0,0,0,0,0,0,0,0,0,0,0,0.0,1.33,INEXISTENTE,0.2,28.51,,,,,
81,22/03/2020,0.26,0.42,0.12,,,0.0,,,,,,,,,1,PICO_NASCIMENTOS,ENTRESAFRA,0,0,0,0,0,0,0,0,0,0,0,0,0,0,0,0,0,0,0,0,0,0,0,0.0,1.33,INEXISTENTE,0.6,27.84,,,,,
82,23/03/2020,0.26,0.42,0.12,101.65,199.65,0.0,38.85,90.63,17.64,885.5,48.84,58.62,11.41,5.1444,1,PICO_NASCIMENTOS,ENTRESAFRA,0,0,0,0,0,0,0,0,0,0,0,0,0,0,0,0,0,0,0,0,0,0,0,0.0,1.33,INEXISTENTE,0.0,30.6,3.65,0.07,-0.7,2.0,139.54
83,24/03/2020,0.26,0.42,0.12,106.15,195.05,0.0,38.31,90.79,17.83,887.5,48.69,59.55,11.69,5.0983,1,PICO_NASCIMENTOS,ENTRESAFRA,0,0,0,0,0,0,0,0,0,0,0,0,0,0,0,0,0,0,0,0,0,0,0,0.0,1.33,INEXISTENTE,0.0,27.6,3.65,0.07,-0.7,2.0,152.26
84,25/03/2020,0.26,0.42,0.12,108.45,199.5,0.0,39.8,91.26,18.21,884.75,48.95,59.49,11.87,5.0353,1,PICO_NASCIMENTOS,ENTRESAFRA,0,0,0,0,0,0,0,0,0,0,0,0,0,0,0,0,0,0,0,0,0,0,0,0.0,1.33,INEXISTENTE,0.2,28.22,3.65,0.07,-0.7,2.0,156.33
85,26/03/2020,0.26,0.42,0.12,105.45,201.85,0.0,40.34,92.15,18.42,884.75,49.29,59.21,11.83,5.0212,1,PICO_NASCIMENTOS,ENTRESAFRA,0,0,0,0,0,0,0,0,0,0,0,0,0,0,0,0,0,0,0,0,0,0,0,0.0,1.33,INEXISTENTE,0.6,28.38,3.65,0.07,-0.7,2.0,174.84
86,27/03/2020,0.26,0.42,0.12,100.95,200.5,0.0,39.64,91.59,18.11,885.25,47.89,59.5,11.76,5.0997,1,PICO_NASCIMENTOS,ENTRESAFRA,0,0,0,0,0,0,0,0,0,0,0,0,0,0,0,0,0,0,0,0,0,0,0,0.0,1.33,INEXISTENTE,0.2,29.96,3.65,0.07,-0.7,2.0,171.34
87,28/03/2020,0.26,0.42,0.12,,,0.0,,,,,,,,,1,PICO_NASCIMENTOS,ENTRESAFRA,0,0,0,0,0,0,0,0,0,0,0,0,0,0,0,0,0,0,0,0,0,0,0,0.0,1.33,INEXISTENTE,0.0,29.58,,,,,
88,29/03/2020,0.26,0.42,0.12,,,0.0,,,,,,,,,1,PICO_NASCIMENTOS,ENTRESAFRA,0,0,0,0,0,0,0,0,0,0,0,0,0,0,0,0,0,0,0,0,0,0,0,0.0,1.33,INEXISTENTE,0.0,30.95,,,,,
89,30/03/2020,0.26,0.42,0.12,99.2,202.5,0.0,39.13,92.93,17.96,886.5,49.44,60.08,11.61,5.1936,1,PICO_NASCIMENTOS,ENTRESAFRA,0,0,0,0,0,0,0,0,0,0,0,0,0,0,0,0,0,0,0,0,0,0,0,0.0,1.33,INEXISTENTE,0.0,32.51,3.65,0.07,-0.7,2.0,173.99
90,31/03/2020,0.26,0.42,0.12,101.83,203.15,0.0,39.1,93.84,18.06,889.5,50.69,60.14,11.57,5.2046,1,PICO_NASCIMENTOS,ENTRESAFRA,0,0,0,0,0,0,0,0,0,0,0,0,0,0,0,0,0,0,0,0,0,0,0,0.0,1.33,INEXISTENTE,0.0,32.68,3.65,0.07,-0.7,2.0,172.91
91,01/04/2020,0.26,0.42,0.12,97.33,203.0,0.0,38.59,93.78,17.83,867.25,49.69,59.33,11.28,5.2493,1,NASC_COMPLEMENTARES,ENTRESAFRA,0,0,0,0,0,0,0,0,0,0,0,0,0,0,0,0,0,0,0,0,0,0,0,0.0,1.0,INEXISTENTE,0.0,32.4,3.65,-0.31,-9.2,-0.9,166.2
92,02/04/2020,0.26,0.42,0.12,92.83,195.4,0.0,37.11,94.06,17.87,864.0,48.45,58.87,11.18,5.2533,1,NASC_COMPLEMENTARES,ENTRESAFRA,0,0,0,0,0,0,0,0,0,0,0,0,0,0,0,0,0,0,0,0,0,0,0,0.0,1.0,INEXISTENTE,0.0,32.51,3.65,-0.31,-9.2,-0.9,168.57
93,03/04/2020,0.26,0.42,0.12,88.33,200.65,0.0,37.75,94.45,17.77,859.5,49.22,58.49,11.0,5.3506,1,NASC_COMPLEMENTARES,ENTRESAFRA,0,0,0,0,0,0,0,0,0,0,0,0,0,0,0,0,0,0,0,0,0,0,0,0.0,1.0,INEXISTENTE,0.0,33.39,3.65,-0.31,-9.2,-0.9,173.74
94,04/04/2020,0.26,0.42,0.12,,,0.0,,,,,,,,,1,NASC_COMPLEMENTARES,ENTRESAFRA,0,0,0,0,0,0,0,0,0,0,0,0,0,0,0,0,0,0,0,0,0,0,0,0.0,1.0,INEXISTENTE,0.0,33.31,,,,,
95,05/04/2020,0.26,0.42,0.12,,,0.0,,,,,,,,,1,NASC_COMPLEMENTARES,ENTRESAFRA,0,0,0,0,0,0,0,0,0,0,0,0,0,0,0,0,0,0,0,0,0,0,0,0.0,1.0,INEXISTENTE,0.0,34.43,,,,,
96,06/04/2020,0.26,0.42,0.12,83.83,201.0,0.0,37.91,94.02,17.73,861.25,48.61,57.83,10.91,5.2863,1,NASC_COMPLEMENTARES,ENTRESAFRA,0,0,0,0,0,0,0,0,0,0,0,0,0,0,0,0,0,0,0,0,0,0,0,0.0,1.0,INEXISTENTE,0.0,33.3,3.65,-0.31,-9.2,-0.9,182.44
97,07/04/2020,0.26,0.42,0.12,88.33,199.9,0.0,38.32,93.96,18.01,861.0,47.53,57.47,11.02,5.2214,1,NASC_COMPLEMENTARES,ENTRESAFRA,0,0,0,0,0,0,0,0,0,0,0,0,0,0,0,0,0,0,0,0,0,0,0,0.0,1.0,INEXISTENTE,0.2,30.55,3.65,-0.31,-9.2,-0.9,176.81
98,08/04/2020,0.26,0.42,0.12,92.83,201.8,0.0,39.18,94.21,18.29,861.75,46.92,56.46,10.96,5.1233,1,NASC_COMPLEMENTARES,ENTRESAFRA,0,0,0,0,0,0,0,0,0,0,0,0,0,0,0,0,0,0,0,0,0,0,0,0.0,1.0,INEXISTENTE,0.0,30.29,3.65,-0.31,-9.2,-0.9,180.97
99,09/04/2020,0.26,0.42,0.12,94.0,198.05,0.0,38.83,93.42,18.32,871.0,46.77,56.41,11.06,5.107,1,NASC_COMPLEMENTARES,ENTRESAFRA,0,0,0,0,0,0,0,0,0,0,0,0,0,0,0,0,0,0,0,0,0,0,0,0.0,1.0,INEXISTENTE,2.2,31.16,3.65,-0.31,-9.2,-0.9,190.16
100,10/04/2020,0.26,0.42,0.12,84.57,,0.0,,,,863.25,,,,5.1063,1,NASC_COMPLEMENTARES,ENTRESAFRA,0,0,0,0,1,0,0,0,0,0,0,0,0,0,0,0,0,0,0,0,0,0,0,0.5,1.0,INEXISTENTE,0.0,30.45,,,,,
101,11/04/2020,0.26,0.42,0.12,,,0.0,,,,,,,,,1,NASC_COMPLEMENTARES,ENTRESAFRA,0,0,0,0,1,0,0,0,0,0,0,0,0,0,0,0,0,0,0,0,0,0,0,0.5,1.0,INEXISTENTE,0.0,28.2,,,,,
102,12/04/2020,0.26,0.42,0.12,,,0.0,,,,,,,,,1,NASC_COMPLEMENTARES,ENTRESAFRA,0,0,0,1,1,0,0,0,0,0,0,0,0,0,0,0,0,0,0,0,0,0,0,1.5,1.0,INEXISTENTE,0.0,28.4,,,,,
103,13/04/2020,0.26,0.42,0.12,91.0,202.3,0.0,39.08,93.87,18.13,862.25,47.06,56.19,10.85,5.1994,1,NASC_COMPLEMENTARES,ENTRESAFRA,0,0,0,0,0,0,0,0,0,0,0,0,0,0,0,0,0,0,0,0,0,0,0,0.0,1.0,INEXISTENTE,0.0,30.4,3.65,-0.31,-9.2,-0.9,182.68
104,14/04/2020,0.26,0.42,0.12,93.7,199.1,0.0,38.38,93.62,18.05,855.5,46.93,53.79,10.37,5.1621,1,NASC_COMPLEMENTARES,ENTRESAFRA,0,0,0,0,0,0,0,0,0,0,0,0,0,0,0,0,0,0,0,0,0,0,0,0.0,1.0,INEXISTENTE,0.8,28.85,3.65,-0.31,-9.2,-0.9,188.07
105,15/04/2020,0.26,0.42,0.12,94.72,198.5,0.0,37.91,93.76,17.91,851.75,46.15,52.2,9.97,5.2367,1,NASC_COMPLEMENTARES,ENTRESAFRA,0,0,0,0,0,0,0,0,0,0,0,0,0,0,0,0,0,0,0,0,0,0,0,0.0,1.0,INEXISTENTE,0.0,26.5,3.65,-0.31,-9.2,-0.9,184.98
106,16/04/2020,0.26,0.42,0.12,95.5,200.55,0.0,38.13,93.48,17.77,845.75,45.55,52.02,9.89,5.2333,1,NASC_COMPLEMENTARES,ENTRESAFRA,0,0,0,0,0,0,0,0,0,0,0,0,0,0,0,0,0,0,0,0,0,0,0,0.0,1.0,INEXISTENTE,0.2,28.5,3.65,-0.31,-9.2,-0.9,187.34
107,17/04/2020,0.26,0.42,0.12,94.65,201.5,0.0,38.43,95.03,18.13,842.25,45.61,51.55,9.83,5.2363,1,NASC_COMPLEMENTARES,ENTRESAFRA,0,0,0,0,0,0,0,0,0,0,0,0,0,0,0,0,0,0,0,0,0,0,0,0.0,1.0,INEXISTENTE,0.0,29.85,3.65,-0.31,-9.2,-0.9,191.62
108,18/04/2020,0.26,0.42,0.12,,,0.0,,,,,,,,,1,NASC_COMPLEMENTARES,ENTRESAFRA,0,0,0,0,0,0,0,0,0,0,0,0,0,0,0,0,0,0,0,0,0,0,0,0.0,1.0,INEXISTENTE,0.2,25.0,,,,,
109,19/04/2020,0.26,0.42,0.12,,,0.0,,,,,,,,,1,NASC_COMPLEMENTARES,ENTRESAFRA,0,0,0,0,0,0,0,0,0,0,0,0,0,0,0,0,0,0,0,0,0,0,0,0.0,1.0,INEXISTENTE,0.0,29.3,,,,,
110,20/04/2020,0.26,0.42,0.12,93.53,196.45,0.0,37.02,95.82,18.06,836.25,45.31,50.74,9.56,5.3168,1,NASC_COMPLEMENTARES,ENTRESAFRA,0,0,0,0,0,0,0,0,0,0,0,0,0,0,0,0,0,0,0,0,0,0,0,0.0,1.0,INEXISTENTE,2.4,27.92,3.65,-0.31,-9.2,-0.9,184.62
111,21/04/2020,0.26,0.42,0.12,91.6,,0.0,,,,840.75,,,,5.3163,1,NASC_COMPLEMENTARES,ENTRESAFRA,0,0,0,0,0,0,0,0,0,0,0,0,0,0,0,0,0,0,0,0,0,0,0,0.0,1.0,INEXISTENTE,0.0,28.8,,,,,
112,22/04/2020,0.26,0.42,0.12,88.95,201.0,0.0,37.17,95.22,17.61,842.5,45.4,48.65,9.0,5.458,1,NASC_COMPLEMENTARES,ENTRESAFRA,0,0,0,0,0,0,0,0,0,0,0,0,0,0,0,0,0,0,0,0,0,0,0,0.0,1.0,INEXISTENTE,0.2,29.0,3.65,-0.31,-9.2,-0.9,179.39
113,23/04/2020,0.26,0.42,0.12,85.95,196.7,0.0,35.74,95.73,17.39,846.75,45.83,48.18,8.75,5.5335,1,NASC_COMPLEMENTARES,ENTRESAFRA,0,0,0,0,0,0,0,0,0,0,0,0,0,0,0,0,0,0,0,0,0,0,0,0.0,1.0,INEXISTENTE,0.0,29.4,3.65,-0.31,-9.2,-0.9,178.48
114,24/04/2020,0.26,0.42,0.12,84.97,199.95,0.0,35.26,98.84,17.43,839.5,47.24,47.6,8.39,5.5907,1,NASC_COMPLEMENTARES,ENTRESAFRA,0,0,0,0,0,0,0,0,0,0,0,0,0,0,0,0,0,0,0,0,0,0,0,0.0,1.0,INEXISTENTE,0.4,28.11,3.65,-0.31,-9.2,-0.9,182.72
115,25/04/2020,0.26,0.42,0.12,,,0.0,,,,,,,,,1,NASC_COMPLEMENTARES,ENTRESAFRA,0,0,0,0,0,0,0,0,0,0,0,0,0,0,0,0,0,0,0,0,0,0,0,0.0,1.0,INEXISTENTE,0.0,30.64,,,,,
116,26/04/2020,0.26,0.42,0.12,,,0.0,,,,,,,,,1,NASC_COMPLEMENTARES,ENTRESAFRA,0,0,0,0,0,0,0,0,0,0,0,0,0,0,0,0,0,0,0,0,0,0,0,0.0,1.0,INEXISTENTE,0.0,30.53,,,,,
117,27/04/2020,0.26,0.42,0.12,84.8,200.05,0.0,35.04,98.23,17.21,836.5,47.48,47.96,8.4,5.6526,1,NASC_COMPLEMENTARES,ENTRESAFRA,0,0,0,0,0,0,0,0,0,0,0,0,0,0,0,0,0,0,0,0,0,0,0,0.0,1.0,INEXISTENTE,0.0,30.61,3.65,-0.31,-9.2,-0.9,187.75
118,28/04/2020,0.26,0.42,0.12,85.53,198.9,0.0,36.18,97.76,17.78,832.0,47.42,47.94,8.72,5.4999,1,NASC_COMPLEMENTARES,ENTRESAFRA,0,0,0,0,0,0,0,0,0,0,0,0,0,0,0,0,0,0,0,0,0,0,0,0.0,1.0,INEXISTENTE,0.0,30.54,3.65,-0.31,-9.2,-0.9,184.32
119,29/04/2020,0.26,0.42,0.12,85.6,197.7,0.0,36.9,97.64,18.23,837.5,46.87,48.38,9.03,5.3348,1,NASC_COMPLEMENTARES,ENTRESAFRA,0,0,0,0,0,0,0,0,0,0,0,0,0,0,0,0,0,0,0,0,0,0,0,0.0,1.0,INEXISTENTE,0.0,30.57,3.65,-0.31,-9.2,-0.9,181.47
120,30/04/2020,0.26,0.42,0.12,90.0,198.85,0.0,36.51,96.88,17.79,855.25,47.23,48.35,8.88,5.4858,1,NASC_COMPLEMENTARES,ENTRESAFRA,0,0,0,0,0,0,0,0,0,0,0,0,0,0,0,0,0,0,0,0,0,0,0,0.0,1.0,INEXISTENTE,0.0,31.48,3.65,-0.31,-9.2,-0.9,178.21
121,01/05/2020,0.26,0.42,0.12,87.25,,0.0,,,,849.5,,,,5.4856,1,NASC_COMPLEMENTARES,PLANEJAMENTO,0,0,0,0,0,0,0,0,0,0,0,0,0,0,0,0,0,0,0,0,0,0,0,0.0,-3.69,INEXISTENTE,0.0,30.87,,,,,
122,02/05/2020,0.26,0.42,0.12,,,0.0,,,,,,,,,1,NASC_COMPLEMENTARES,PLANEJAMENTO,0,0,0,0,0,0,0,0,0,0,0,0,0,0,0,0,0,0,0,0,0,0,0,0.0,-3.69,INEXISTENTE,0.0,30.66,,,,,
123,03/05/2020,0.26,0.42,0.12,,,0.0,,,,,,,,,1,NASC_COMPLEMENTARES,PLANEJAMENTO,0,0,0,0,0,0,0,0,0,0,0,0,0,0,0,0,0,0,0,0,0,0,0,0.0,-3.69,INEXISTENTE,0.0,30.96,,,,,
124,04/05/2020,0.26,0.42,0.12,88.08,200.35,0.0,36.17,97.49,17.6,836.5,48.01,48.83,8.82,5.545,1,NASC_COMPLEMENTARES,PLANEJAMENTO,0,0,0,0,0,0,0,0,0,0,0,0,0,0,0,0,0,0,0,0,0,0,0,0.0,-3.69,INEXISTENTE,0.0,31.32,3.65,-0.38,-9.2,-0.9,172.56
125,05/05/2020,0.26,0.42,0.12,86.47,201.9,0.0,36.07,97.67,17.45,839.5,48.83,48.78,8.71,5.5783,1,NASC_COMPLEMENTARES,PLANEJAMENTO,0,0,0,0,0,0,0,0,0,0,0,0,0,0,0,0,0,0,0,0,0,0,0,0.0,-3.69,INEXISTENTE,0.0,31.11,3.65,-0.38,-9.2,-0.9,178.51
126,06/05/2020,0.26,0.42,0.12,89.47,199.95,0.0,35.07,100.49,17.63,832.5,48.81,49.25,8.64,5.714,1,NASC_COMPLEMENTARES,PLANEJAMENTO,0,0,0,0,0,0,0,0,0,0,0,0,0,0,0,0,0,0,0,0,0,0,0,0.0,-3.69,INEXISTENTE,3.6,29.65,3.65,-0.38,-9.2,-0.9,173.7
127,07/05/2020,0.26,0.42,0.12,93.97,199.75,0.0,34.1,103.51,17.67,844.25,50.03,49.91,8.52,5.8307,1,NASC_COMPLEMENTARES,PLANEJAMENTO,0,0,0,0,0,0,0,0,0,0,0,0,0,0,0,0,0,0,0,0,0,0,0,0.0,-3.69,INEXISTENTE,0.0,25.63,2.9,-0.38,-9.2,-0.9,178.49
128,08/05/2020,0.26,0.42,0.12,94.65,201.3,0.0,35.02,104.41,18.16,850.5,49.9,49.76,8.66,5.7319,1,NASC_COMPLEMENTARES,PLANEJAMENTO,0,0,0,0,0,0,1,0,0,0,0,0,0,0,0,0,0,0,0,0,0,0,0,0.5,-3.69,INEXISTENTE,0.2,30.14,2.9,-0.38,-9.2,-0.9,181.53
129,09/05/2020,0.26,0.42,0.12,,,0.0,,,,,,,,,1,NASC_COMPLEMENTARES,PLANEJAMENTO,0,0,0,0,0,0,1,0,0,0,0,0,0,0,0,0,0,0,0,0,0,0,0,0.5,-3.69,INEXISTENTE,0.0,29.93,,,,,
130,10/05/2020,0.26,0.42,0.12,,,0.0,,,,,,,,,1,NASC_COMPLEMENTARES,PLANEJAMENTO,0,0,0,0,0,1,1,0,0,0,0,0,0,0,0,0,0,0,0,0,0,0,0,1.5,-3.69,INEXISTENTE,0.0,30.28,,,,,
131,11/05/2020,0.26,0.42,0.12,92.67,200.25,0.0,34.32,106.9,18.32,855.0,49.96,50.01,8.57,5.818,1,NASC_COMPLEMENTARES,PLANEJAMENTO,0,0,0,0,0,0,0,0,0,0,0,0,0,0,0,0,0,0,0,0,0,0,0,0.0,-3.69,INEXISTENTE,0.0,30.28,2.9,-0.38,-9.2,-0.9,184.17
132,12/05/2020,0.26,0.42,0.12,97.17,198.7,0.0,33.9,105.88,18.06,852.0,50.17,50.11,8.55,5.8856,1,NASC_COMPLEMENTARES,PLANEJAMENTO,0,0,0,0,0,0,0,0,0,0,0,0,0,0,0,0,0,0,0,0,0,0,0,0.0,-3.69,INEXISTENTE,0.0,30.34,2.9,-0.38,-9.2,-0.9,179.18
133,13/05/2020,0.26,0.42,0.12,93.88,199.9,0.0,33.8,106.61,18.02,839.5,50.35,50.91,8.61,5.8852,1,NASC_COMPLEMENTARES,PLANEJAMENTO,0,0,0,0,0,0,0,0,0,0,0,0,0,0,0,0,0,0,0,0,0,0,0,0.0,-3.69,INEXISTENTE,0.0,30.59,2.9,-0.38,-9.2,-0.9,177.96
134,14/05/2020,0.26,0.42,0.12,94.12,199.35,0.0,34.15,107.1,18.35,837.0,50.82,50.61,8.67,5.8115,1,NASC_COMPLEMENTARES,PLANEJAMENTO,0,0,0,0,0,0,0,0,0,0,0,0,0,0,0,0,0,0,0,0,0,0,0,0.0,-3.69,INEXISTENTE,0.0,30.91,2.9,-0.38,-9.2,-0.9,180.52
135,15/05/2020,0.26,0.42,0.12,97.0,194.9,0.0,33.42,107.5,18.43,840.75,46.71,50.57,8.67,5.8554,1,NASC_COMPLEMENTARES,PLANEJAMENTO,0,0,0,0,0,0,0,0,0,0,0,0,0,0,0,0,0,0,0,0,0,0,0,0.0,-3.69,INEXISTENTE,0.0,30.5,2.9,-0.38,-9.2,-0.9,181.07
136,16/05/2020,0.26,0.42,0.12,,,0.0,,,,,,,,,1,NASC_COMPLEMENTARES,PLANEJAMENTO,0,0,0,0,0,0,0,0,0,0,0,0,0,0,0,0,0,0,0,0,0,0,0,0.0,-3.69,INEXISTENTE,0.2,30.49,,,,,
137,17/05/2020,0.26,0.42,0.12,,,0.0,,,,,,,,,1,NASC_COMPLEMENTARES,PLANEJAMENTO,0,0,0,0,0,0,0,0,0,0,0,0,0,0,0,0,0,0,0,0,0,0,0,0.0,-3.69,INEXISTENTE,0.0,30.87,,,,,
138,18/05/2020,0.26,0.42,0.12,98.72,194.9,0.0,33.42,106.07,18.56,847.75,46.35,50.23,8.79,5.719,1,NASC_COMPLEMENTARES,PLANEJAMENTO,0,0,0,0,0,0,0,0,0,0,0,0,0,0,0,0,0,0,0,0,0,0,0,0.0,-3.69,INEXISTENTE,0.0,26.7,2.9,-0.38,-9.2,-0.9,185.8
139,19/05/2020,0.26,0.42,0.12,98.78,200.5,0.0,34.97,105.48,18.4,845.25,46.95,50.06,8.73,5.754,1,NASC_COMPLEMENTARES,PLANEJAMENTO,0,0,0,0,0,0,0,0,0,0,0,0,0,0,0,0,0,0,0,0,0,0,0,0.0,-3.69,INEXISTENTE,0.4,27.66,2.9,-0.38,-9.2,-0.9,179.76
140,20/05/2020,0.26,0.42,0.12,98.4,202.15,0.0,35.61,105.43,18.57,849.25,46.8,50.08,8.82,5.6925,1,NASC_COMPLEMENTARES,PLANEJAMENTO,0,0,0,0,0,0,0,0,0,0,0,0,0,0,0,0,0,0,0,0,0,0,0,0.0,-3.69,INEXISTENTE,0.0,30.55,2.9,-0.38,-9.2,-0.9,180.82
141,21/05/2020,0.26,0.42,0.12,98.8,202.0,0.0,36.24,104.31,18.71,838.5,46.55,50.51,9.06,5.5507,1,NASC_COMPLEMENTARES,PLANEJAMENTO,0,0,0,0,0,0,0,0,0,0,0,0,0,0,0,0,0,0,0,0,0,0,0,0.0,-3.69,INEXISTENTE,0.0,30.32,2.9,-0.38,-9.2,-0.9,178.18
142,22/05/2020,0.26,0.42,0.12,97.7,203.55,0.0,36.48,103.11,18.48,836.5,46.94,50.49,9.05,5.5338,1,NASC_COMPLEMENTARES,PLANEJAMENTO,0,0,0,0,0,0,0,0,0,0,0,0,0,0,0,0,0,0,0,0,0,0,0,0.0,-3.69,INEXISTENTE,0.0,31.07,2.9,-0.38,-9.2,-0.9,178.8
143,23/05/2020,0.26,0.42,0.12,,,0.0,,,,,,,,,1,NASC_COMPLEMENTARES,PLANEJAMENTO,0,0,0,0,0,0,0,0,0,0,0,0,0,0,0,0,0,0,0,0,0,0,0,0.0,-3.69,INEXISTENTE,0.0,31.31,,,,,
144,24/05/2020,0.26,0.42,0.12,,,0.0,,,,,,,,,1,NASC_COMPLEMENTARES,PLANEJAMENTO,0,0,0,0,0,0,0,0,0,0,0,0,0,0,0,0,0,0,0,0,0,0,0,0.0,-3.69,INEXISTENTE,0.0,27.25,,,,,
145,25/05/2020,0.26,0.42,0.12,,,0.0,,,,,,,,,1,NASC_COMPLEMENTARES,PLANEJAMENTO,0,0,0,0,0,0,0,0,0,0,0,0,0,0,0,0,0,0,0,0,0,0,0,0.0,-3.69,INEXISTENTE,0.0,28.02,2.9,-0.38,-9.2,-0.9,
146,26/05/2020,0.26,0.42,0.12,99.4,204.3,0.0,38.26,100.93,18.9,848.75,45.7,50.29,9.42,5.345,1,NASC_COMPLEMENTARES,PLANEJAMENTO,0,0,0,0,0,0,0,0,0,0,0,0,0,0,0,0,0,0,0,0,0,0,0,0.0,-3.69,INEXISTENTE,0.0,28.07,2.9,-0.38,-9.2,-0.9,182.47
147,27/05/2020,0.26,0.42,0.12,100.8,205.65,0.0,38.86,100.79,19.05,850.25,44.65,50.54,9.55,5.2733,1,NASC_COMPLEMENTARES,PLANEJAMENTO,0,0,0,0,0,0,0,0,0,0,0,0,0,0,0,0,0,0,0,0,0,0,0,0.0,-3.69,INEXISTENTE,0.0,27.79,2.9,-0.38,-9.2,-0.9,176.53
148,28/05/2020,0.26,0.42,0.12,101.47,203.4,0.0,37.93,99.81,18.61,849.25,45.55,50.06,9.33,5.4045,1,NASC_COMPLEMENTARES,PLANEJAMENTO,0,0,0,0,0,0,0,0,0,0,0,0,0,0,0,0,0,0,0,0,0,0,0,0.0,-3.69,INEXISTENTE,0.0,29.09,2.9,-0.38,-9.2,-0.9,180.49
149,29/05/2020,0.26,0.42,0.12,99.72,204.75,0.0,38.34,100.4,18.8,843.5,44.99,50.19,9.4,5.3361,1,NASC_COMPLEMENTARES,PLANEJAMENTO,0,0,0,0,0,0,0,0,0,0,0,0,0,0,0,0,0,0,0,0,0,0,0,0.0,-3.69,INEXISTENTE,0.0,29.82,2.9,-0.38,-9.2,-0.9,182.6
150,30/05/2020,0.26,0.42,0.12,,,0.0,,,,,,,,,1,NASC_COMPLEMENTARES,PLANEJAMENTO,0,0,0,0,0,0,0,0,0,0,0,0,0,0,0,0,0,0,0,0,0,0,0,0.0,-3.69,INEXISTENTE,0.0,28.57,,,,,
151,31/05/2020,0.26,0.42,0.12,,,0.0,,,,,,,,,1,NASC_COMPLEMENTARES,PLANEJAMENTO,0,0,0,0,0,0,0,0,0,0,0,0,0,0,0,0,0,0,0,0,0,0,0,0.0,-3.69,INEXISTENTE,0.0,29.15,,,,,
152,01/06/2020,0.26,0.42,0.12,98.3,204.0,0.0,37.93,100.77,18.73,843.25,45.01,49.74,9.25,5.3633,1,NASC_COMPLEMENTARES,PLANEJAMENTO,0,0,0,0,0,0,0,1,0,0,0,0,0,0,0,0,0,0,0,0,0,0,0,0.5,-3.69,INEXISTENTE,0.0,29.46,2.9,0.26,-9.2,-0.9,182.32
153,02/06/2020,0.26,0.42,0.12,95.3,202.5,0.0,38.79,100.68,19.29,852.75,44.21,49.6,9.5,5.2014,1,NASC_COMPLEMENTARES,PLANEJAMENTO,0,0,0,0,0,0,0,1,0,0,0,0,0,0,0,0,0,0,0,0,0,0,0,0.5,-3.69,INEXISTENTE,0.0,29.63,2.9,0.26,-9.2,-0.9,178.78
154,03/06/2020,0.26,0.42,0.12,95.45,203.65,0.0,40.18,99.67,19.67,859.0,43.7,48.94,9.66,5.0622,1,NASC_COMPLEMENTARES,PLANEJAMENTO,0,0,0,0,0,0,0,1,0,0,0,0,0,0,0,0,0,0,0,0,0,0,0,0.5,-3.69,INEXISTENTE,0.0,30.91,2.9,0.26,-9.2,-0.9,186.26
155,04/06/2020,0.26,0.42,0.12,95.72,205.45,0.0,40.16,101.07,19.76,868.75,43.7,48.66,9.51,5.119,1,NASC_COMPLEMENTARES,PLANEJAMENTO,0,0,0,0,0,0,0,1,0,0,0,0,0,0,0,0,0,0,0,0,0,0,0,0.5,-3.69,INEXISTENTE,0.0,31.41,2.9,0.26,-9.2,-0.9,184.51
156,05/06/2020,0.26,0.42,0.12,93.9,202.65,0.0,40.79,100.87,20.3,870.0,43.7,48.2,9.7,4.9585,1,NASC_COMPLEMENTARES,PLANEJAMENTO,0,0,0,0,0,0,0,1,0,0,0,0,0,0,0,0,0,0,0,0,0,0,0,0.5,-3.69,INEXISTENTE,0.0,31.69,2.9,0.26,-9.2,-0.9,192.14
157,06/06/2020,0.26,0.42,0.12,,,0.0,,,,,,,,,1,NASC_COMPLEMENTARES,PLANEJAMENTO,0,0,0,0,0,0,0,1,0,0,0,0,0,0,0,0,0,0,0,0,0,0,0,0.5,-3.69,INEXISTENTE,0.0,31.33,,,,,
158,07/06/2020,0.26,0.42,0.12,,,0.0,,,,,,,,,1,NASC_COMPLEMENTARES,PLANEJAMENTO,0,0,0,0,0,0,0,1,0,0,0,0,0,0,0,0,0,0,0,0,0,0,0,0.5,-3.69,INEXISTENTE,0.0,31.38,,,,,
159,08/06/2020,0.26,0.42,0.12,94.12,205.2,0.0,42.13,99.25,20.38,867.5,43.25,47.53,9.76,4.823,1,NASC_COMPLEMENTARES,PLANEJAMENTO,0,0,0,0,0,0,0,1,0,0,0,0,0,0,0,0,0,0,0,0,0,0,0,0.5,-3.69,INEXISTENTE,0.0,30.82,2.9,0.26,-9.2,-0.9,191.75
160,09/06/2020,0.26,0.42,0.12,96.33,206.4,0.0,42.32,97.31,19.95,866.0,43.4,47.34,9.71,4.8992,1,NASC_COMPLEMENTARES,PLANEJAMENTO,0,0,0,0,0,0,0,1,0,0,0,0,0,0,0,0,0,0,0,0,0,0,0,0.5,-3.69,INEXISTENTE,0.0,30.92,2.9,0.26,-9.2,-0.9,191.1
161,10/06/2020,0.26,0.42,0.12,96.6,206.4,0.0,41.98,97.86,19.9,867.75,43.5,46.81,9.52,4.9732,1,NASC_COMPLEMENTARES,PLANEJAMENTO,0,0,0,0,0,0,0,1,0,0,0,0,0,0,0,0,0,0,0,0,0,0,0,0.5,-3.69,INEXISTENTE,0.0,30.9,2.9,0.26,-9.2,-0.9,188.7
162,11/06/2020,0.26,0.42,0.12,96.83,,0.0,,,,868.0,,,,4.976,1,NASC_COMPLEMENTARES,PLANEJAMENTO,0,0,0,0,0,0,0,1,0,0,0,0,0,0,0,0,0,0,0,0,0,0,0,0.5,-3.69,INEXISTENTE,0.0,31.04,,,,,
163,12/06/2020,0.26,0.42,0.12,96.08,205.25,0.0,40.57,99.81,19.73,872.5,43.8,46.92,9.27,5.0505,1,NASC_COMPLEMENTARES,PLANEJAMENTO,0,0,0,0,0,0,0,1,0,0,0,0,0,0,0,0,0,0,0,0,0,0,0,0.5,-3.69,INEXISTENTE,0.0,31.09,2.9,0.26,-9.2,-0.9,174.72
164,13/06/2020,0.26,0.42,0.12,,,0.0,,,,,,,,,1,NASC_COMPLEMENTARES,PLANEJAMENTO,0,0,0,0,0,0,0,1,1,0,0,0,0,0,0,0,0,0,0,0,0,0,0,1.5,-3.69,INEXISTENTE,0.0,30.0,,,,,
165,14/06/2020,0.26,0.42,0.12,,,0.0,,,,,,,,,1,NASC_COMPLEMENTARES,PLANEJAMENTO,0,0,0,0,0,0,0,1,0,0,0,0,0,0,0,0,0,0,0,0,0,0,0,0.5,-3.69,INEXISTENTE,0.0,31.15,,,,,
166,15/06/2020,0.26,0.42,0.12,96.08,209.95,0.0,40.77,101.92,19.79,870.0,44.6,46.96,9.12,5.1557,1,NASC_COMPLEMENTARES,PLANEJAMENTO,0,0,0,0,0,0,0,1,0,0,0,0,0,0,0,0,0,0,0,0,0,0,0,0.5,-3.69,INEXISTENTE,0.0,30.94,2.9,0.26,-9.2,-0.9,174.65
167,16/06/2020,0.26,0.42,0.12,96.33,208.6,0.0,39.92,102.7,19.66,868.0,44.5,46.87,8.97,5.243,1,NASC_COMPLEMENTARES,PLANEJAMENTO,0,0,0,0,0,0,0,1,0,0,0,0,0,0,0,0,0,0,0,0,0,0,0,0.5,-3.69,INEXISTENTE,0.0,29.56,2.9,0.26,-9.2,-0.9,176.11
168,17/06/2020,0.26,0.42,0.12,96.5,206.4,0.0,39.2,104.09,19.77,871.75,45.3,46.85,8.9,5.2286,1,NASC_COMPLEMENTARES,PLANEJAMENTO,0,0,0,0,0,0,0,1,0,0,0,0,0,0,0,0,0,0,0,0,0,0,0,0.5,-3.69,INEXISTENTE,0.0,29.22,2.9,0.26,-9.2,-0.9,178.36
169,18/06/2020,0.26,0.42,0.12,96.08,212.35,0.0,39.43,106.94,19.85,872.5,46.11,47.13,8.75,5.3776,1,NASC_COMPLEMENTARES,PLANEJAMENTO,0,0,0,0,0,0,0,1,0,0,0,0,0,0,0,0,0,0,0,0,0,0,0,0.5,-3.69,INEXISTENTE,0.0,29.2,2.15,0.26,-9.2,-0.9,176.32
170,19/06/2020,0.26,0.42,0.12,94.7,210.4,0.0,39.66,108.45,20.44,876.0,46.23,47.15,8.89,5.3105,1,NASC_COMPLEMENTARES,PLANEJAMENTO,0,0,0,0,0,0,0,1,0,0,0,0,0,0,0,0,0,0,0,0,0,0,0,0.5,-3.69,INEXISTENTE,0.0,29.49,2.15,0.26,-9.2,-0.9,175.52
171,20/06/2020,0.26,0.42,0.12,,,0.0,,,,,,,,,1,NASC_COMPLEMENTARES,PLANEJAMENTO,0,0,0,0,0,0,0,1,0,0,0,0,0,0,0,0,0,0,0,0,0,0,0,0.5,-3.69,INEXISTENTE,0.0,30.36,,,,,
172,21/06/2020,0.26,0.42,0.12,,,0.0,,,,,,,,,1,NASC_COMPLEMENTARES,PLANEJAMENTO,0,0,0,0,0,0,0,1,0,0,0,0,0,0,0,0,0,0,0,0,0,0,0,0.5,-3.69,INEXISTENTE,0.0,30.22,,,,,
173,22/06/2020,0.26,0.42,0.12,94.4,214.0,0.0,40.62,107.09,20.33,875.0,45.9,47.56,9.03,5.2524,1,NASC_COMPLEMENTARES,PLANEJAMENTO,0,0,0,0,0,0,0,1,0,0,0,0,0,0,0,0,0,0,0,0,0,0,0,0.5,-3.69,INEXISTENTE,0.0,29.75,2.15,0.26,-9.2,-0.9,175.09
174,23/06/2020,0.26,0.42,0.12,93.53,211.3,0.0,41.07,105.23,20.45,872.0,45.8,46.97,9.13,5.1542,1,NASC_COMPLEMENTARES,PLANEJAMENTO,0,0,0,0,0,0,0,1,0,0,0,0,0,0,0,0,0,0,0,0,0,0,0,0.5,-3.69,INEXISTENTE,0.0,29.93,2.15,0.26,-9.2,-0.9,173.55
175,24/06/2020,0.26,0.42,0.12,93.3,218.95,0.0,41.19,105.63,19.87,867.5,46.05,47.18,8.88,5.3467,1,NASC_COMPLEMENTARES,PLANEJAMENTO,0,0,0,0,0,0,0,1,0,1,0,0,0,0,0,0,0,0,0,0,0,0,0,1.5,-3.69,INEXISTENTE,0.0,30.48,2.15,0.26,-9.2,-0.9,167.47
176,25/06/2020,0.26,0.42,0.12,94.17,217.35,0.0,40.82,106.12,19.93,866.5,46.15,47.49,8.92,5.3561,1,NASC_COMPLEMENTARES,PLANEJAMENTO,0,0,0,0,0,0,0,1,0,0,0,0,0,0,0,0,0,0,0,0,0,0,0,0.5,-3.69,INEXISTENTE,0.0,30.67,2.15,0.26,-9.2,-0.9,168.69
177,26/06/2020,0.26,0.42,0.12,94.7,218.35,0.0,39.93,108.27,19.8,860.0,46.65,48.15,8.81,5.484,1,NASC_COMPLEMENTARES,PLANEJAMENTO,0,0,0,0,0,0,0,1,0,0,0,0,0,0,0,0,0,0,0,0,0,0,0,0.5,-3.69,INEXISTENTE,0.0,31.34,2.15,0.26,-9.2,-0.9,162.45
178,27/06/2020,0.26,0.42,0.12,,,0.0,,,,,,,,,1,NASC_COMPLEMENTARES,PLANEJAMENTO,0,0,0,0,0,0,0,1,0,0,0,0,0,0,0,0,0,0,0,0,0,0,0,0.5,-3.69,INEXISTENTE,0.0,30.03,,,,,
179,28/06/2020,0.26,0.42,0.12,,,0.0,,,,,,,,,1,NASC_COMPLEMENTARES,PLANEJAMENTO,0,0,0,0,0,0,0,1,0,0,0,0,0,0,0,0,0,0,0,0,0,0,0,0.5,-3.69,INEXISTENTE,0.0,31.57,,,,,
180,29/06/2020,0.26,0.42,0.12,95.0,219.65,0.0,40.41,109.05,20.06,861.5,47.35,48.28,8.88,5.4034,1,NASC_COMPLEMENTARES,PLANEJAMENTO,0,0,0,0,0,0,0,1,0,0,1,0,0,0,0,0,0,0,0,0,0,0,0,1.5,-3.69,INEXISTENTE,0.0,30.44,2.15,0.26,-9.2,-0.9,162.01
181,30/06/2020,0.26,0.42,0.12,91.65,218.4,0.0,40.15,109.35,20.1,878.75,48.1,48.53,8.92,5.4661,1,NASC_COMPLEMENTARES,PLANEJAMENTO,0,0,0,0,0,0,0,1,0,0,0,0,0,0,0,0,0,0,0,0,0,0,0,0.5,-3.69,INEXISTENTE,0.0,29.49,2.15,0.26,-9.2,-0.9,162.54
182,01/07/2020,0.26,0.42,0.12,97.3,219.9,0.0,41.4,109.88,20.69,891.5,48.8,49.51,9.32,5.3174,1,MENOR_TX_NASC,PLANEJAMENTO,0,0,0,0,0,0,0,0,0,0,0,1,0,0,0,0,0,0,0,0,0,0,0,0.5,-3.88,INEXISTENTE,0.0,30.23,2.15,0.36,7.7,-0.6,168.9
183,02/07/2020,0.26,0.42,0.12,99.4,219.65,0.0,41.04,108.99,20.36,891.25,48.9,49.79,9.3,5.3596,1,MENOR_TX_NASC,PLANEJAMENTO,0,0,0,0,0,0,0,0,0,0,0,1,0,0,0,0,0,0,0,0,0,0,0,0.5,-3.88,INEXISTENTE,0.0,30.78,2.15,0.36,7.7,-0.6,165.27
184,03/07/2020,0.26,0.42,0.12,,,0.0,,,,,,,,,1,MENOR_TX_NASC,PLANEJAMENTO,0,0,0,0,0,0,0,0,0,0,0,1,0,0,0,0,0,0,0,0,0,0,0,0.5,-3.88,INEXISTENTE,0.0,31.48,2.15,0.36,7.7,-0.6,
185,04/07/2020,0.26,0.42,0.12,,,0.0,,,,,,,,,1,MENOR_TX_NASC,PLANEJAMENTO,0,0,0,0,0,0,0,0,0,0,0,1,0,0,0,0,0,0,0,0,0,0,0,0.5,-3.88,INEXISTENTE,0.0,31.55,,,,,
186,05/07/2020,0.26,0.42,0.12,,,0.0,,,,,,,,,1,MENOR_TX_NASC,PLANEJAMENTO,0,0,0,0,0,0,0,0,0,0,0,1,0,0,0,0,0,0,0,0,0,0,0,0.5,-3.88,INEXISTENTE,0.0,30.92,,,,,
187,06/07/2020,0.26,0.42,0.12,100.1,220.95,0.0,41.36,109.82,20.56,898.5,49.7,49.93,9.35,5.3562,1,MENOR_TX_NASC,PLANEJAMENTO,0,0,0,0,0,0,0,0,0,0,0,1,0,0,0,0,0,0,0,0,0,0,0,0.5,-3.88,INEXISTENTE,0.0,30.89,2.15,0.36,7.7,-0.6,165.8
188,07/07/2020,0.26,0.42,0.12,100.0,219.55,0.0,40.81,109.85,20.42,896.75,50.25,49.94,9.28,5.379,1,MENOR_TX_NASC,PLANEJAMENTO,0,0,0,0,0,0,0,0,0,0,0,1,0,0,0,0,0,0,0,0,0,0,0,0.5,-3.88,INEXISTENTE,0.0,30.51,2.15,0.36,7.7,-0.6,165.61
189,08/07/2020,0.26,0.42,0.12,99.15,218.75,0.0,40.93,109.37,20.46,892.5,51.04,50.37,9.42,5.3422,1,MENOR_TX_NASC,PLANEJAMENTO,0,0,0,0,0,0,0,0,0,0,0,1,0,0,0,0,0,0,0,0,0,0,0,0.5,-3.88,INEXISTENTE,0.0,31.36,2.15,0.36,7.7,-0.6,168.08
190,09/07/2020,0.26,0.42,0.12,99.25,218.6,0.0,40.97,108.81,20.39,896.5,51.15,50.31,9.43,5.3413,1,MENOR_TX_NASC,PLANEJAMENTO,0,0,0,0,0,0,0,0,0,0,0,1,0,0,0,0,0,0,0,0,0,0,0,0.5,-3.88,INEXISTENTE,0.0,30.7,2.15,0.36,7.7,-0.6,165.53
191,10/07/2020,0.26,0.42,0.12,100.0,218.6,0.0,40.97,109.3,20.55,887.25,50.9,50.23,9.44,5.3238,1,MENOR_TX_NASC,PLANEJAMENTO,0,0,0,0,0,0,0,0,0,0,0,1,0,0,0,0,0,0,0,0,0,0,0,0.5,-3.88,INEXISTENTE,0.0,30.71,2.15,0.36,7.7,-0.6,164.59
192,11/07/2020,0.26,0.42,0.12,,,0.0,,,,,,,,,1,MENOR_TX_NASC,PLANEJAMENTO,0,0,0,0,0,0,0,0,0,0,0,1,0,0,0,0,0,0,0,0,0,0,0,0.5,-3.88,INEXISTENTE,0.0,31.26,,,,,
193,12/07/2020,0.26,0.42,0.12,,,0.0,,,,,,,,,1,MENOR_TX_NASC,PLANEJAMENTO,0,0,0,0,0,0,0,0,0,0,0,1,0,0,0,0,0,0,0,0,0,0,0,0.5,-3.88,INEXISTENTE,0.0,30.93,,,,,
194,13/07/2020,0.26,0.42,0.12,99.65,217.95,0.0,40.57,107.61,20.03,874.0,49.83,49.78,9.27,5.404,1,MENOR_TX_NASC,PLANEJAMENTO,0,0,0,0,0,0,0,0,0,0,0,1,0,0,0,0,0,0,0,0,0,0,0,0.5,-3.88,INEXISTENTE,0.0,32.11,2.15,0.36,7.7,-0.6,165.2
195,14/07/2020,0.26,0.42,0.12,98.8,221.9,0.0,41.55,108.21,20.26,878.0,49.6,49.83,9.33,5.3674,1,MENOR_TX_NASC,PLANEJAMENTO,0,0,0,0,0,0,0,0,0,0,0,1,0,0,0,0,0,0,0,0,0,0,0,0.5,-3.88,INEXISTENTE,0.0,31.86,2.15,0.36,7.7,-0.6,165.56
196,15/07/2020,0.26,0.42,0.12,101.3,217.85,0.0,40.48,108.73,20.2,880.75,47.0,49.4,9.18,5.3698,1,MENOR_TX_NASC,PLANEJAMENTO,0,0,0,0,0,0,0,0,0,0,0,1,0,0,0,0,0,0,0,0,0,0,0,0.5,-3.88,INEXISTENTE,0.0,31.57,2.15,0.36,7.7,-0.6,168.83
197,16/07/2020,0.26,0.42,0.12,103.28,222.25,0.0,41.74,108.63,20.4,888.25,46.83,49.01,9.2,5.3311,1,MENOR_TX_NASC,PLANEJAMENTO,0,0,0,0,0,0,0,0,0,0,0,1,0,0,0,0,0,0,0,0,0,0,0,0.5,-3.88,INEXISTENTE,0.0,30.92,2.15,0.36,7.7,-0.6,167.21
198,17/07/2020,0.26,0.42,0.12,103.28,222.55,0.0,41.32,108.54,20.15,892.25,47.82,49.43,9.18,5.3849,1,MENOR_TX_NASC,PLANEJAMENTO,0,0,0,0,0,0,0,0,0,0,0,1,0,0,0,0,0,0,0,0,0,0,0,0.5,-3.88,INEXISTENTE,0.0,31.56,2.15,0.36,7.7,-0.6,166.62
199,18/07/2020,0.26,0.42,0.12,,,0.0,,,,,,,,,1,MENOR_TX_NASC,PLANEJAMENTO,0,0,0,0,0,0,0,0,0,0,0,1,0,0,0,0,0,0,0,0,0,0,0,0.5,-3.88,INEXISTENTE,0.0,29.83,,,,,
200,19/07/2020,0.26,0.42,0.12,,,0.0,,,,,,,,,1,MENOR_TX_NASC,PLANEJAMENTO,0,0,0,0,0,0,0,0,0,0,0,1,0,0,0,0,0,0,0,0,0,0,0,0.5,-3.88,INEXISTENTE,0.0,30.7,,,,,
201,20/07/2020,0.26,0.42,0.12,102.28,215.3,0.0,40.36,109.93,20.61,896.75,48.0,49.5,9.28,5.3283,1,MENOR_TX_NASC,PLANEJAMENTO,0,0,0,0,0,0,0,0,0,0,0,1,0,0,0,0,0,0,0,0,0,0,0,0.5,-3.88,INEXISTENTE,0.0,30.5,2.15,0.36,7.7,-0.6,167.9
202,21/07/2020,0.26,0.42,0.12,101.85,221.15,0.0,42.55,109.03,20.98,891.0,47.22,49.62,9.55,5.1713,1,MENOR_TX_NASC,PLANEJAMENTO,0,0,0,0,0,0,0,0,0,0,0,1,0,0,0,0,0,0,0,0,0,0,0,0.5,-3.88,INEXISTENTE,0.0,30.64,2.15,0.36,7.7,-0.6,168.22
203,22/07/2020,0.26,0.42,0.12,101.5,221.65,0.0,43.31,108.05,21.11,894.0,47.25,48.54,9.48,5.1166,1,MENOR_TX_NASC,PLANEJAMENTO,0,0,0,0,0,0,0,0,0,0,0,1,0,0,0,0,0,0,0,0,0,0,0,0.5,-3.88,INEXISTENTE,0.0,30.82,2.15,0.36,7.7,-0.6,170.31
204,23/07/2020,0.26,0.42,0.12,100.85,222.4,0.0,42.72,109.17,20.97,900.75,47.87,48.83,9.38,5.2112,1,MENOR_TX_NASC,PLANEJAMENTO,0,0,0,0,0,0,0,0,0,0,0,1,0,0,0,0,0,0,0,0,0,0,0,0.5,-3.88,INEXISTENTE,0.0,30.39,2.15,0.36,7.7,-0.6,168.94
205,24/07/2020,0.26,0.42,0.12,101.33,223.45,0.0,42.9,111.0,21.31,898.75,48.04,49.25,9.46,5.2329,1,MENOR_TX_NASC,PLANEJAMENTO,0,0,0,0,0,0,0,0,0,0,0,1,0,0,0,0,0,0,0,0,0,0,0,0.5,-3.88,INEXISTENTE,0.0,30.57,2.15,0.36,7.7,-0.6,168.75
206,25/07/2020,0.26,0.42,0.12,,,0.0,,,,,,,,,1,MENOR_TX_NASC,PLANEJAMENTO,0,0,0,0,0,0,0,0,0,0,0,1,0,0,0,0,0,0,0,0,0,0,0,0.5,-3.88,INEXISTENTE,0.0,30.79,,,,,
207,26/07/2020,0.26,0.42,0.12,,,0.0,,,,,,,,,1,MENOR_TX_NASC,PLANEJAMENTO,0,0,0,0,0,0,0,0,0,0,0,1,0,0,0,0,0,0,0,0,0,0,0,0.5,-3.88,INEXISTENTE,0.0,30.72,,,,,
208,27/07/2020,0.26,0.42,0.12,100.42,219.65,0.0,42.49,110.72,21.42,898.75,48.8,49.73,9.62,5.1447,1,MENOR_TX_NASC,PLANEJAMENTO,0,0,0,0,0,0,0,0,0,0,0,1,0,0,0,0,0,0,0,0,0,0,0,0.5,-3.88,INEXISTENTE,0.0,29.9,2.15,0.36,7.7,-0.6,167.5
209,28/07/2020,0.26,0.42,0.12,100.9,226.4,0.0,43.94,110.41,21.43,887.75,48.95,49.4,9.59,5.1533,1,MENOR_TX_NASC,PLANEJAMENTO,0,0,0,0,0,0,0,0,0,0,0,1,0,0,0,0,0,0,0,0,0,0,0,0.5,-3.88,INEXISTENTE,0.0,30.18,2.15,0.36,7.7,-0.6,166.0
210,29/07/2020,0.26,0.42,0.12,101.45,226.6,0.0,43.83,110.07,21.29,884.5,48.65,49.79,9.63,5.1692,1,MENOR_TX_NASC,PLANEJAMENTO,0,0,0,0,0,0,0,0,0,0,0,1,0,0,0,0,0,0,0,0,0,0,0,0.5,-3.88,INEXISTENTE,0.0,31.91,2.15,0.36,7.7,-0.6,164.88
211,30/07/2020,0.26,0.42,0.12,101.72,227.0,0.0,44.03,110.57,21.44,886.75,49.81,50.47,9.79,5.1534,1,MENOR_TX_NASC,PLANEJAMENTO,0,0,0,0,0,0,0,0,0,0,0,1,0,0,0,0,0,0,0,0,0,0,0,0.5,-3.88,INEXISTENTE,0.0,32.29,2.15,0.36,7.7,-0.6,163.1
212,31/07/2020,0.26,0.42,0.12,102.83,228.3,0.0,43.79,111.48,21.39,890.25,51.0,50.79,9.74,5.224,1,MENOR_TX_NASC,PLANEJAMENTO,0,0,0,0,0,0,0,0,0,0,0,1,0,0,0,0,0,0,0,0,0,0,0,0.5,-3.88,INEXISTENTE,0.0,31.26,2.15,0.36,7.7,-0.6,166.18
213,01/08/2020,0.26,0.42,0.12,,,0.0,,,,,,,,,1,MENOR_TX_NASC,PLANEJAMENTO,0,0,0,0,0,0,0,0,0,0,0,0,0,0,0,0,0,0,0,0,0,0,0,0.0,-2.27,INEXISTENTE,0.0,29.09,,,,,
214,02/08/2020,0.26,0.42,0.12,,,0.0,,,,,,,,,1,MENOR_TX_NASC,PLANEJAMENTO,0,0,0,0,0,0,0,0,0,0,0,0,0,0,0,0,0,0,0,0,0,0,0,0.0,-2.27,INEXISTENTE,0.0,31.23,,,,,
215,03/08/2020,0.26,0.42,0.12,103.03,227.8,0.0,42.73,113.81,21.35,893.0,52.5,51.29,9.62,5.3213,1,MENOR_TX_NASC,PLANEJAMENTO,0,0,0,0,0,0,0,0,0,0,0,0,0,0,0,0,0,0,0,0,0,0,0,0.0,-2.27,INEXISTENTE,0.0,31.32,2.15,0.24,7.7,-0.6,163.0
216,04/08/2020,0.26,0.42,0.12,102.28,226.85,0.0,42.82,115.68,21.84,879.75,51.99,51.97,9.81,5.29,1,MENOR_TX_NASC,PLANEJAMENTO,0,0,0,0,0,0,0,0,0,0,0,0,0,0,0,0,0,0,0,0,0,0,0,0.0,-2.27,INEXISTENTE,0.0,30.9,2.15,0.24,7.7,-0.6,163.13
217,05/08/2020,0.26,0.42,0.12,102.3,226.25,0.0,42.7,115.62,21.82,876.25,52.92,52.14,9.84,5.2902,1,MENOR_TX_NASC,PLANEJAMENTO,0,0,0,0,0,0,0,0,0,0,0,0,0,0,0,0,0,0,0,0,0,0,0,0.0,-2.27,INEXISTENTE,0.0,31.06,2.15,0.24,7.7,-0.6,163.17
218,06/08/2020,0.26,0.42,0.12,102.62,227.4,0.0,42.47,117.17,21.88,874.75,53.69,52.59,9.82,5.3315,1,MENOR_TX_NASC,PLANEJAMENTO,0,0,0,0,0,0,0,0,0,0,0,0,0,0,0,0,0,0,0,0,0,0,0,0.0,-2.27,INEXISTENTE,0.0,30.29,1.9,0.24,7.7,-0.6,163.97
219,07/08/2020,0.26,0.42,0.12,102.8,225.45,0.0,41.6,118.22,21.81,865.75,54.8,52.72,9.73,5.4383,1,MENOR_TX_NASC,PLANEJAMENTO,0,0,0,0,0,0,0,0,0,0,0,0,0,0,1,0,0,0,0,0,0,0,0,0.5,-2.27,INEXISTENTE,0.0,28.93,1.9,0.24,7.7,-0.6,167.14
220,08/08/2020,0.26,0.42,0.12,,,0.0,,,,,,,,,1,MENOR_TX_NASC,PLANEJAMENTO,0,0,0,0,0,0,0,0,0,0,0,0,0,0,1,0,0,0,0,0,0,0,0,0.5,-2.27,INEXISTENTE,0.0,30.38,,,,,
221,09/08/2020,0.26,0.42,0.12,,,0.0,,,,,,,,,1,MENOR_TX_NASC,PLANEJAMENTO,0,0,0,0,0,0,0,0,0,0,0,0,0,1,1,0,0,0,0,0,0,0,0,1.5,-2.27,INEXISTENTE,0.0,31.58,,,,,
222,10/08/2020,0.26,0.42,0.12,103.6,228.5,0.0,41.87,118.02,21.62,870.0,54.91,53.59,9.82,5.4812,1,MENOR_TX_NASC,PLANEJAMENTO,0,0,0,0,0,0,0,0,0,0,0,0,0,0,0,0,0,0,0,0,0,0,0,0.0,-2.27,INEXISTENTE,0.0,32.33,1.9,0.24,7.7,-0.6,165.34
223,11/08/2020,0.26,0.42,0.12,104.65,227.2,0.0,42.04,118.2,21.87,870.5,55.49,54.28,10.04,5.38,1,MENOR_TX_NASC,PLANEJAMENTO,0,0,0,0,0,0,0,0,0,0,0,0,0,0,0,0,0,0,0,0,0,0,0,0.0,-2.27,INEXISTENTE,0.0,32.31,1.9,0.24,7.7,-0.6,168.12
224,12/08/2020,0.26,0.42,0.12,106.35,226.3,0.0,41.48,118.7,21.76,880.5,56.33,54.78,10.04,5.4333,1,MENOR_TX_NASC,PLANEJAMENTO,0,0,0,0,0,0,0,0,0,0,0,0,0,0,0,0,0,0,0,0,0,0,0,0.0,-2.27,INEXISTENTE,0.0,33.32,1.9,0.24,7.7,-0.6,169.96
225,13/08/2020,0.26,0.42,0.12,107.05,227.85,0.0,42.43,120.47,22.43,896.25,57.7,55.16,10.27,5.369,1,MENOR_TX_NASC,PLANEJAMENTO,0,0,0,0,0,0,0,0,0,0,0,0,0,0,0,0,0,0,0,0,0,0,0,0.0,-2.27,INEXISTENTE,0.0,34.26,1.9,0.24,7.7,-0.6,169.57
226,14/08/2020,0.26,0.42,0.12,107.6,224.75,0.0,41.39,121.54,22.38,897.0,58.38,55.51,10.22,5.4204,1,MENOR_TX_NASC,PLANEJAMENTO,0,0,0,0,0,0,0,0,0,0,0,0,0,0,0,0,0,0,0,0,0,0,0,0.0,-2.27,INEXISTENTE,0.0,33.91,1.9,0.24,7.7,-0.6,171.44
227,15/08/2020,0.26,0.42,0.12,,,0.0,,,,,,,,,1,MENOR_TX_NASC,PLANEJAMENTO,0,0,0,0,0,0,0,0,0,0,0,0,0,0,0,0,0,0,0,0,0,0,0,0.0,-2.27,INEXISTENTE,0.0,34.77,,,,,
228,16/08/2020,0.26,0.42,0.12,,,0.0,,,,,,,,,1,MENOR_TX_NASC,PLANEJAMENTO,0,0,0,0,0,0,0,0,0,0,0,0,0,0,0,0,0,0,0,0,0,0,0,0.0,-2.27,INEXISTENTE,0.0,34.5,,,,,
229,17/08/2020,0.26,0.42,0.12,106.9,227.4,0.0,41.32,123.79,22.5,915.25,60.49,55.99,10.17,5.509,1,MENOR_TX_NASC,PLANEJAMENTO,0,0,0,0,0,0,0,0,0,0,0,0,0,0,0,0,0,0,0,0,0,0,0,0.0,-2.27,INEXISTENTE,0.0,34.66,1.9,0.24,7.7,-0.6,174.61
230,18/08/2020,0.26,0.42,0.12,106.72,226.2,0.0,41.37,124.97,22.85,913.75,59.1,57.63,10.54,5.4666,1,MENOR_TX_NASC,PLANEJAMENTO,0,0,0,0,0,0,0,0,0,0,0,0,0,0,0,0,0,0,0,0,0,0,0,0.0,-2.27,INEXISTENTE,0.0,36.19,1.9,0.24,7.7,-0.6,173.81
231,19/08/2020,0.26,0.42,0.12,107.47,227.2,0.0,41.14,125.37,22.7,914.0,60.1,58.64,10.62,5.5575,1,MENOR_TX_NASC,PLANEJAMENTO,0,0,0,0,0,0,0,0,0,0,0,0,0,0,0,0,0,0,0,0,0,0,0,0.0,-2.27,INEXISTENTE,0.0,35.31,1.9,0.24,7.7,-0.6,172.2
232,20/08/2020,0.26,0.42,0.12,107.03,225.2,0.0,40.53,126.44,22.75,905.25,60.4,59.01,10.62,5.5568,1,MENOR_TX_NASC,PLANEJAMENTO,0,0,0,0,0,0,0,0,0,0,0,0,0,0,0,0,0,0,0,0,0,0,0,0.0,-2.27,INEXISTENTE,0.0,34.9,1.9,0.24,7.7,-0.6,173.18
233,21/08/2020,0.26,0.42,0.12,105.8,229.25,0.0,40.88,126.96,22.64,904.75,60.35,59.6,10.63,5.6192,1,MENOR_TX_NASC,PLANEJAMENTO,0,0,0,0,0,0,0,0,0,0,0,0,0,0,0,0,0,0,0,0,0,0,0,0.0,-2.27,INEXISTENTE,0.0,30.94,1.9,0.24,7.7,-0.6,173.86
234,22/08/2020,0.26,0.42,0.12,,,0.0,,,,,,,,,1,MENOR_TX_NASC,PLANEJAMENTO,0,0,0,0,0,0,0,0,0,0,0,0,0,0,0,0,0,0,0,0,0,0,0,0.0,-2.27,INEXISTENTE,0.0,31.7,,,,,
235,23/08/2020,0.26,0.42,0.12,,,0.0,,,,,,,,,1,MENOR_TX_NASC,PLANEJAMENTO,0,0,0,0,0,0,0,0,0,0,0,0,0,0,0,0,0,0,0,0,0,0,0,0.0,-2.27,INEXISTENTE,0.0,33.08,,,,,
236,24/08/2020,0.26,0.42,0.12,105.58,229.45,0.0,40.98,125.95,22.49,905.75,60.59,59.93,10.7,5.61,1,MENOR_TX_NASC,PLANEJAMENTO,0,0,0,0,0,0,0,0,0,0,0,0,0,0,0,0,0,0,0,0,0,0,0,0.0,-2.27,INEXISTENTE,0.0,34.15,1.9,0.24,7.7,-0.6,175.21
237,25/08/2020,0.26,0.42,0.12,105.5,228.6,0.0,41.38,126.59,22.92,920.25,61.39,60.41,10.94,5.5075,1,MENOR_TX_NASC,PLANEJAMENTO,0,0,0,0,0,0,0,0,0,0,0,0,0,0,0,0,0,0,0,0,0,0,0,0.0,-2.27,INEXISTENTE,0.0,34.93,1.9,0.24,7.7,-0.6,174.92
238,26/08/2020,0.26,0.42,0.12,104.05,227.85,0.0,40.68,126.75,22.63,924.25,60.29,60.7,10.84,5.6054,1,MENOR_TX_NASC,PLANEJAMENTO,0,0,0,0,0,0,0,0,0,0,0,0,0,0,0,0,0,0,0,0,0,0,0,0.0,-2.27,INEXISTENTE,0.0,34.34,1.9,0.24,7.7,-0.6,175.26
239,27/08/2020,0.26,0.42,0.12,102.97,234.25,0.0,42.06,127.91,22.97,942.0,59.97,60.87,10.93,5.5691,1,MENOR_TX_NASC,PLANEJAMENTO,0,0,0,0,0,0,0,0,0,0,0,0,0,0,0,0,0,0,0,0,0,0,0,0.0,-2.27,INEXISTENTE,0.0,34.84,1.9,0.24,7.7,-0.6,176.45
240,28/08/2020,0.26,0.42,0.12,103.22,236.65,0.0,43.76,130.21,24.08,950.5,59.65,60.97,11.27,5.3881,1,MENOR_TX_NASC,PLANEJAMENTO,0,0,0,0,0,0,0,0,0,0,0,0,0,0,0,0,0,0,0,0,0,0,0,0.0,-2.27,INEXISTENTE,0.0,35.23,1.9,0.24,7.7,-0.6,172.1
241,29/08/2020,0.26,0.42,0.12,,,0.0,,,,,,,,,1,MENOR_TX_NASC,PLANEJAMENTO,0,0,0,0,0,0,0,0,0,0,0,0,0,0,0,0,0,0,0,0,0,0,0,0.0,-2.27,INEXISTENTE,0.0,36.3,,,,,
242,30/08/2020,0.26,0.42,0.12,,,0.0,,,,,,,,,1,MENOR_TX_NASC,PLANEJAMENTO,0,0,0,0,0,0,0,0,0,0,0,0,0,0,0,0,0,0,0,0,0,0,0,0.0,-2.27,INEXISTENTE,0.0,36.26,,,,,
243,31/08/2020,0.26,0.42,0.12,104.5,237.6,0.0,43.39,130.61,23.85,953.5,60.59,61.25,11.18,5.4914,1,MENOR_TX_NASC,PLANEJAMENTO,0,0,0,0,0,0,0,0,0,0,0,0,0,0,0,0,0,0,0,0,0,0,0,0.0,-2.27,INEXISTENTE,0.0,36.17,1.9,0.24,7.7,-0.6,170.97
244,01/09/2020,0.26,0.42,0.12,105.47,237.6,0.0,44.1,130.46,24.21,954.75,59.51,60.92,11.31,5.396,1,MENOR_TX_NASC,ENTRESAFRA,0,0,0,0,0,0,0,0,0,0,0,0,0,0,0,0,0,0,0,0,0,0,0,0.0,-2.8,INEXISTENTE,0.0,35.68,1.9,0.64,7.7,-0.6,168.94
245,02/09/2020,0.26,0.42,0.12,104.47,238.95,0.0,44.61,130.37,24.34,962.0,57.5,60.36,11.27,5.3403,1,MENOR_TX_NASC,ENTRESAFRA,0,0,0,0,0,0,0,0,0,0,0,0,0,0,0,0,0,0,0,0,0,0,0,0.0,-2.8,INEXISTENTE,0.0,34.38,1.9,0.64,7.7,-0.6,167.9
246,03/09/2020,0.26,0.42,0.12,103.92,239.85,0.0,45.34,129.76,24.53,966.0,55.71,59.11,11.17,5.2914,1,MENOR_TX_NASC,ENTRESAFRA,0,0,0,0,0,0,0,0,0,0,0,0,0,0,0,0,0,0,0,0,0,0,0,0.0,-2.8,INEXISTENTE,0.0,34.23,1.9,0.64,7.7,-0.6,167.1
247,04/09/2020,0.26,0.42,0.12,104.45,240.45,0.0,45.32,129.89,24.48,968.0,57.43,59.06,11.13,5.3012,1,MENOR_TX_NASC,ENTRESAFRA,0,0,0,0,0,0,0,0,0,0,0,0,0,0,0,0,0,0,0,0,0,0,0,0.0,-2.8,INEXISTENTE,0.0,33.79,1.9,0.64,7.7,-0.6,164.89
248,05/09/2020,0.26,0.42,0.12,,,0.0,,,,,,,,,1,MENOR_TX_NASC,ENTRESAFRA,0,0,0,0,0,0,0,0,0,0,0,0,0,0,0,0,0,0,0,0,0,0,0,0.0,-2.8,INEXISTENTE,0.0,35.37,,,,,
249,06/09/2020,0.26,0.42,0.12,,,0.0,,,,,,,,,1,MENOR_TX_NASC,ENTRESAFRA,0,0,0,0,0,0,0,0,0,0,0,0,0,0,0,0,1,0,0,0,0,0,0,0.5,-2.8,INEXISTENTE,0.0,35.24,,,,,
250,07/09/2020,0.26,0.42,0.12,,,0.0,,,,,,,,,1,MENOR_TX_NASC,ENTRESAFRA,0,0,0,0,0,0,0,0,0,0,0,0,0,0,0,1,1,0,0,0,0,0,0,1.5,-2.8,INEXISTENTE,0.0,35.52,,,,,
251,08/09/2020,0.26,0.42,0.12,105.78,243.9,0.0,45.51,130.14,24.28,973.0,58.44,58.64,10.94,5.3638,1,MENOR_TX_NASC,ENTRESAFRA,0,0,0,0,0,0,0,0,0,0,0,0,0,0,0,0,1,0,0,0,0,0,0,0.5,-2.8,INEXISTENTE,0.0,36.8,1.9,0.64,7.7,-0.6,162.35
252,09/09/2020,0.26,0.42,0.12,104.7,247.1,0.0,46.72,130.83,24.74,978.75,57.47,58.15,10.99,5.3078,1,MENOR_TX_NASC,ENTRESAFRA,0,0,0,0,0,0,0,0,0,0,0,0,0,0,0,0,0,0,0,0,0,0,0,0.0,-2.8,INEXISTENTE,0.0,37.03,1.9,0.64,7.7,-0.6,163.33
253,10/09/2020,0.26,0.42,0.12,105.1,247.45,0.0,46.55,130.7,24.59,977.5,58.0,58.38,10.98,5.321,1,MENOR_TX_NASC,ENTRESAFRA,0,0,0,0,0,0,0,0,0,0,0,0,0,0,0,0,0,0,0,0,0,0,0,0.0,-2.8,INEXISTENTE,0.0,36.79,1.9,0.64,7.7,-0.6,159.37
254,11/09/2020,0.26,0.42,0.12,105.53,245.65,0.0,46.05,131.94,24.74,996.0,58.72,58.99,11.06,5.3189,1,MENOR_TX_NASC,ENTRESAFRA,0,0,0,0,0,0,0,0,0,0,0,0,0,0,0,0,0,0,0,0,0,0,0,0.0,-2.8,INEXISTENTE,0.0,37.06,1.9,0.64,7.7,-0.6,158.66
255,12/09/2020,0.26,0.42,0.12,,,0.0,,,,,,,,,1,MENOR_TX_NASC,ENTRESAFRA,0,0,0,0,0,0,0,0,0,0,0,0,0,0,0,0,0,0,0,0,0,0,0,0.0,-2.8,INEXISTENTE,0.0,36.44,,,,,
256,13/09/2020,0.26,0.42,0.12,,,0.0,,,,,,,,,1,MENOR_TX_NASC,ENTRESAFRA,0,0,0,0,0,0,0,0,0,0,0,0,0,0,0,0,0,0,0,0,0,0,0,0.0,-2.8,INEXISTENTE,0.0,34.68,,,,,
257,14/09/2020,0.26,0.42,0.12,106.88,248.6,0.0,47.11,133.76,25.35,999.5,59.17,59.7,11.31,5.2706,1,MENOR_TX_NASC,ENTRESAFRA,0,0,0,0,0,0,0,0,0,0,0,0,0,0,0,0,0,0,0,0,0,0,0,0.0,-2.8,INEXISTENTE,0.0,35.29,1.9,0.64,7.7,-0.6,161.45
258,15/09/2020,0.26,0.42,0.12,107.1,247.5,0.0,46.82,133.69,25.29,995.75,59.22,58.97,11.16,5.2748,1,MENOR_TX_NASC,ENTRESAFRA,0,0,0,0,0,0,0,0,0,0,0,0,0,0,0,0,0,0,0,0,0,0,0,0.0,-2.8,INEXISTENTE,0.0,35.51,1.9,0.64,7.7,-0.6,163.42
259,16/09/2020,0.26,0.42,0.12,106.72,250.9,0.0,47.88,135.48,25.86,1015.25,59.85,58.88,11.24,5.2377,1,MENOR_TX_NASC,ENTRESAFRA,0,0,0,0,0,0,0,0,0,0,0,0,0,0,0,0,0,0,0,0,0,0,0,0.0,-2.8,INEXISTENTE,0.0,35.79,1.9,0.64,7.7,-0.6,165.46
260,17/09/2020,0.26,0.42,0.12,106.78,250.5,0.0,47.82,136.85,26.13,1031.25,59.25,58.48,11.16,5.2394,1,MENOR_TX_NASC,ENTRESAFRA,0,0,0,0,0,0,0,0,0,0,0,0,0,0,0,0,0,0,0,0,0,0,0,0.0,-2.8,INEXISTENTE,0.0,36.84,1.9,0.64,7.7,-0.6,165.95
261,18/09/2020,0.26,0.42,0.12,107.35,248.0,0.0,46.21,138.04,25.72,1047.25,59.77,58.48,10.9,5.3876,1,MENOR_TX_NASC,ENTRESAFRA,0,0,0,0,0,0,0,0,0,0,0,0,0,0,0,0,0,0,0,0,0,0,0,0.0,-2.8,INEXISTENTE,0.0,37.2,1.9,0.64,7.7,-0.6,164.34
262,19/09/2020,0.26,0.42,0.12,,,0.0,,,,,,,,,1,MENOR_TX_NASC,ENTRESAFRA,0,0,0,0,0,0,0,0,0,0,0,0,0,0,0,0,0,0,0,0,0,0,0,0.0,-2.8,INEXISTENTE,0.0,37.21,,,,,
263,20/09/2020,0.26,0.42,0.12,,,0.0,,,,,,,,,1,MENOR_TX_NASC,ENTRESAFRA,0,0,0,0,0,0,0,0,0,0,0,0,0,0,0,0,0,0,0,0,0,0,0,0.0,-2.8,INEXISTENTE,0.0,35.37,,,,,
264,21/09/2020,0.26,0.42,0.12,106.7,249.85,0.0,46.24,140.34,25.98,1027.5,60.28,59.19,10.95,5.4131,1,MENOR_TX_NASC,ENTRESAFRA,0,0,0,0,0,0,0,0,0,0,0,0,0,0,0,0,0,0,0,0,0,0,0,0.0,-2.8,INEXISTENTE,0.0,34.33,1.9,0.64,7.7,-0.6,163.02
265,22/09/2020,0.26,0.42,0.12,106.47,251.3,0.0,45.98,140.92,25.79,1024.5,61.44,59.91,10.96,5.4704,1,MENOR_TX_NASC,ENTRESAFRA,0,0,0,0,0,0,0,0,0,0,0,0,0,0,0,0,0,0,0,0,0,0,0,0.0,-2.8,INEXISTENTE,0.0,27.1,1.9,0.64,7.7,-0.6,161.95
266,23/09/2020,0.26,0.42,0.12,107.15,254.2,0.0,45.58,143.56,25.74,1018.75,62.91,60.95,10.93,5.5943,1,MENOR_TX_NASC,ENTRESAFRA,0,0,0,0,0,0,0,0,0,0,0,0,0,0,0,0,0,0,0,0,0,0,0,0.0,-2.8,INEXISTENTE,0.0,34.09,1.9,0.64,7.7,-0.6,157.83
267,24/09/2020,0.26,0.42,0.12,108.03,252.55,0.0,45.78,144.88,26.27,1003.25,62.66,61.28,11.11,5.5089,1,MENOR_TX_NASC,ENTRESAFRA,0,0,0,0,0,0,0,0,0,0,0,0,0,0,0,0,0,0,0,0,0,0,0,0.0,-2.8,INEXISTENTE,0.0,35.45,1.9,0.64,7.7,-0.6,159.36
268,25/09/2020,0.26,0.42,0.12,107.58,255.65,0.0,46.11,143.72,25.92,1006.25,63.46,62.45,11.26,5.5624,1,MENOR_TX_NASC,ENTRESAFRA,0,0,0,0,0,0,0,0,0,0,0,0,0,0,0,0,0,0,0,0,0,0,0,0.0,-2.8,INEXISTENTE,0.0,35.77,1.9,0.64,7.7,-0.6,162.13
269,26/09/2020,0.26,0.42,0.12,,,0.0,,,,,,,,,1,MENOR_TX_NASC,ENTRESAFRA,0,0,0,0,0,0,0,0,0,0,0,0,0,0,0,0,0,0,0,0,0,0,0,0.0,-2.8,INEXISTENTE,0.0,32.75,,,,,
270,27/09/2020,0.26,0.42,0.12,,,0.0,,,,,,,,,1,MENOR_TX_NASC,ENTRESAFRA,0,0,0,0,0,0,0,0,0,0,0,0,0,0,0,0,0,0,0,0,0,0,0,0.0,-2.8,INEXISTENTE,0.0,35.2,,,,,
271,28/09/2020,0.26,0.42,0.12,107.95,255.7,0.0,45.38,144.83,25.7,1000.25,65.19,62.42,11.08,5.6627,1,MENOR_TX_NASC,ENTRESAFRA,0,0,0,0,0,0,0,0,0,0,0,0,0,0,0,0,0,0,0,0,0,0,0,0.0,-2.8,INEXISTENTE,0.0,38.73,1.9,0.64,7.7,-0.6,164.22
272,29/09/2020,0.26,0.42,0.12,108.9,256.0,0.0,45.42,144.66,25.67,997.0,65.33,63.28,11.23,5.6344,1,MENOR_TX_NASC,ENTRESAFRA,0,0,0,0,0,0,0,0,0,0,0,0,0,0,0,0,0,0,0,0,0,0,0,0.0,-2.8,INEXISTENTE,0.0,40.19,1.9,0.64,7.7,-0.6,161.49
273,30/09/2020,0.26,0.42,0.12,108.55,256.7,0.0,45.69,146.23,26.03,1027.25,66.46,63.63,11.33,5.6112,1,MENOR_TX_NASC,ENTRESAFRA,0,0,0,0,0,0,0,0,0,0,0,0,0,0,0,0,0,0,0,0,0,0,0,0.0,-2.8,INEXISTENTE,0.0,37.45,1.9,0.64,7.7,-0.6,162.65
274,01/10/2020,0.26,0.42,0.12,108.53,256.8,0.0,45.44,149.01,26.36,1027.25,66.58,64.22,11.36,5.6437,1,ESTACAO_MONTA,ENTRESAFRA,0,0,0,0,0,0,0,0,0,0,0,0,0,0,0,0,0,0,0,0,0,0,0,0.0,1.27,INEXISTENTE,0.0,35.81,1.9,0.86,3.2,-0.5,165.51
275,02/10/2020,0.26,0.42,0.12,108.17,258.05,0.0,45.62,149.47,26.42,1024.75,66.85,64.75,11.45,5.6851,1,ESTACAO_MONTA,ENTRESAFRA,0,0,0,0,0,0,0,0,0,0,0,0,0,0,0,0,0,0,0,0,0,0,0,0.0,1.27,INEXISTENTE,0.0,38.31,1.9,0.86,3.2,-0.5,163.8
276,03/10/2020,0.26,0.42,0.12,,,0.0,,,,,,,,,1,ESTACAO_MONTA,ENTRESAFRA,0,0,0,0,0,0,0,0,0,0,0,0,0,0,0,0,0,0,0,0,0,0,0,0.0,1.27,INEXISTENTE,0.0,37.53,,,,,
277,04/10/2020,0.26,0.42,0.12,,,0.0,,,,,,,,,1,ESTACAO_MONTA,ENTRESAFRA,0,0,0,0,0,0,0,0,0,0,0,0,0,0,0,0,0,0,0,0,0,0,0,0.0,1.27,INEXISTENTE,0.0,37.71,,,,,
278,05/10/2020,0.26,0.42,0.12,108.83,257.7,0.0,46.34,151.07,27.17,1025.0,67.72,65.36,11.75,5.5743,1,ESTACAO_MONTA,ENTRESAFRA,0,0,0,0,0,0,0,0,0,0,0,0,0,0,0,0,0,0,0,0,0,0,0,0.0,1.27,INEXISTENTE,0.0,38.51,1.9,0.86,3.2,-0.5,162.29
279,06/10/2020,0.26,0.42,0.12,109.2,253.55,0.0,45.28,150.89,26.95,1045.5,68.75,65.48,11.69,5.593,1,ESTACAO_MONTA,ENTRESAFRA,0,0,0,0,0,0,0,0,0,0,0,0,0,0,0,0,0,0,0,0,0,0,0,0.0,1.27,INEXISTENTE,0.0,36.56,1.9,0.86,3.2,-0.5,163.64
280,07/10/2020,0.26,0.42,0.12,110.17,258.0,0.0,45.93,153.2,27.27,1051.5,69.42,67.26,11.97,5.6097,1,ESTACAO_MONTA,ENTRESAFRA,0,0,0,0,0,0,0,0,0,0,0,0,0,0,0,0,0,0,0,0,0,0,0,0.0,1.27,INEXISTENTE,0.0,36.04,1.9,0.86,3.2,-0.5,164.78
281,08/10/2020,0.26,0.42,0.12,109.7,255.3,0.0,45.69,154.82,27.71,1048.0,70.96,67.55,12.09,5.5987,1,ESTACAO_MONTA,ENTRESAFRA,0,0,0,0,0,0,0,0,0,0,0,0,0,0,0,0,0,0,0,0,0,0,0,0.0,1.27,INEXISTENTE,0.0,37.61,1.9,0.86,3.2,-0.5,166.14
282,09/10/2020,0.26,0.42,0.12,109.88,261.6,0.0,47.29,153.53,27.75,1065.75,70.88,68.12,12.31,5.5318,1,ESTACAO_MONTA,ENTRESAFRA,0,0,0,0,0,0,0,0,0,0,0,0,0,0,0,0,0,0,0,0,0,0,0,0.0,1.27,INEXISTENTE,0.0,36.61,1.9,0.86,3.2,-0.5,164.69
283,10/10/2020,0.26,0.42,0.12,,,0.0,,,,,,,,,1,ESTACAO_MONTA,ENTRESAFRA,0,0,0,0,0,0,0,0,0,0,0,0,0,0,0,0,0,0,0,0,0,0,0,0.5,1.27,INEXISTENTE,0.0,33.62,,,,,
284,11/10/2020,0.26,0.42,0.12,,,0.0,,,,,,,,,1,ESTACAO_MONTA,ENTRESAFRA,0,0,0,0,0,0,0,0,0,0,0,0,0,0,0,0,0,0,0,0,0,0,0,0.5,1.27,INEXISTENTE,0.0,29.25,,,,,
285,12/10/2020,0.26,0.42,0.12,108.35,,0.0,,,,1036.75,,,,5.5316,1,ESTACAO_MONTA,ENTRESAFRA,0,0,0,0,0,0,0,0,0,0,0,0,0,0,0,0,0,1,0,0,0,0,0,1.5,1.27,INEXISTENTE,0.0,32.24,,,,,
286,13/10/2020,0.26,0.42,0.12,108.83,261.9,0.0,46.99,154.81,27.77,1047.0,71.82,69.09,12.4,5.5693,1,ESTACAO_MONTA,ENTRESAFRA,0,0,0,0,0,0,0,0,0,0,0,0,0,0,0,0,0,0,0,0,0,0,0,0.0,1.27,INEXISTENTE,0.0,32.34,1.9,0.86,3.2,-0.5,162.83
287,14/10/2020,0.26,0.42,0.12,108.38,263.35,0.0,47.0,155.15,27.69,1057.25,72.42,69.53,12.41,5.5912,1,ESTACAO_MONTA,ENTRESAFRA,0,0,0,0,0,0,0,0,0,0,0,0,0,0,0,0,0,0,0,0,0,0,0,0.0,1.27,INEXISTENTE,0.0,32.14,1.9,0.86,3.2,-0.5,162.06
288,15/10/2020,0.26,0.42,0.12,107.78,261.45,0.0,46.59,156.62,27.91,1062.0,73.9,70.3,12.53,5.6126,1,ESTACAO_MONTA,ENTRESAFRA,0,0,0,0,0,0,0,0,0,0,0,0,0,0,0,0,0,0,0,0,0,0,0,0.0,1.27,INEXISTENTE,0.0,34.93,1.9,0.86,3.2,-0.5,162.43
289,16/10/2020,0.26,0.42,0.12,107.15,263.65,0.0,46.71,157.8,27.95,1050.25,75.92,70.72,12.53,5.6428,1,ESTACAO_MONTA,ENTRESAFRA,0,0,0,0,0,0,0,0,0,0,0,0,0,0,0,0,0,0,0,0,0,0,0,0.0,1.27,INEXISTENTE,0.0,34.74,1.9,0.86,3.2,-0.5,163.31
290,17/10/2020,0.26,0.42,0.12,,,0.0,,,,,,,,,1,ESTACAO_MONTA,ENTRESAFRA,0,0,0,0,0,0,0,0,0,0,0,0,0,0,0,0,0,0,0,0,0,0,0,0.0,1.27,INEXISTENTE,0.0,37.38,,,,,
291,18/10/2020,0.26,0.42,0.12,,,0.0,,,,,,,,,1,ESTACAO_MONTA,ENTRESAFRA,0,0,0,0,0,0,0,0,0,0,0,0,0,0,0,0,0,0,0,0,0,0,0,0.0,1.27,INEXISTENTE,0.0,33.51,,,,,
292,19/10/2020,0.26,0.42,0.12,104.0,264.3,0.0,47.16,159.84,28.52,1054.0,77.85,71.49,12.76,5.6069,1,ESTACAO_MONTA,ENTRESAFRA,0,0,0,0,0,0,0,0,0,0,0,0,0,0,0,0,0,0,0,0,0,0,0,0.0,1.27,INEXISTENTE,0.0,27.1,1.9,0.86,3.2,-0.5,158.79
293,20/10/2020,0.26,0.42,0.12,104.12,266.45,0.0,47.6,160.44,28.66,1063.75,79.92,73.33,13.1,5.6054,1,ESTACAO_MONTA,ENTRESAFRA,0,0,0,0,0,0,0,0,0,0,0,0,0,0,0,0,0,0,0,0,0,0,0,0.0,1.27,INEXISTENTE,0.0,34.94,1.9,0.86,3.2,-0.5,158.58
294,21/10/2020,0.26,0.42,0.12,103.65,268.7,0.0,47.92,162.96,29.06,1071.5,83.92,75.39,13.45,5.6066,1,ESTACAO_MONTA,ENTRESAFRA,0,0,0,0,0,0,0,0,0,0,0,0,0,0,0,0,0,0,0,0,0,0,0,0.0,1.27,INEXISTENTE,0.0,35.51,1.9,0.86,3.2,-0.5,160.0
295,22/10/2020,0.26,0.42,0.12,103.33,269.65,0.0,48.17,164.33,29.36,1072.25,82.89,77.33,13.81,5.5893,1,ESTACAO_MONTA,ENTRESAFRA,0,0,0,0,0,0,0,0,0,0,0,0,0,0,0,0,0,0,0,0,0,0,0,0.0,1.27,INEXISTENTE,0.0,36.67,1.9,0.86,3.2,-0.5,158.93
296,23/10/2020,0.26,0.42,0.12,103.35,269.1,0.0,47.81,164.5,29.23,1081.0,80.03,78.82,14.01,5.6175,1,ESTACAO_MONTA,ENTRESAFRA,0,0,0,0,0,0,0,0,0,0,0,0,0,0,0,0,0,0,0,0,0,0,0,0.0,1.27,INEXISTENTE,0.0,33.51,1.9,0.86,3.2,-0.5,159.29
297,24/10/2020,0.26,0.42,0.12,,,0.0,,,,,,,,,1,ESTACAO_MONTA,ENTRESAFRA,0,0,0,0,0,0,0,0,0,0,0,0,0,0,0,0,0,0,0,0,0,0,0,0.0,1.27,INEXISTENTE,0.0,28.55,,,,,
298,25/10/2020,0.26,0.42,0.12,,,0.0,,,,,,,,,1,ESTACAO_MONTA,ENTRESAFRA,0,0,0,0,0,0,0,0,0,0,0,0,0,0,0,0,0,0,0,0,0,0,0,0.0,1.27,INEXISTENTE,0.0,28.54,,,,,
299,26/10/2020,0.26,0.42,0.12,103.97,270.5,0.0,48.09,164.78,29.29,1083.5,83.33,79.67,14.16,5.6229,1,ESTACAO_MONTA,ENTRESAFRA,0,0,0,0,0,0,0,0,0,0,0,0,0,0,0,0,0,0,0,0,0,0,0,0.0,1.27,INEXISTENTE,0.0,33.22,1.9,0.86,3.2,-0.5,155.7
300,27/10/2020,0.26,0.42,0.12,104.85,274.7,0.0,48.41,165.51,29.17,1076.5,84.75,81.48,14.36,5.7055,1,ESTACAO_MONTA,ENTRESAFRA,0,0,0,0,0,0,0,0,0,0,0,0,0,0,0,0,0,0,0,0,0,0,0,0.0,1.27,INEXISTENTE,0.0,30.15,1.9,0.86,3.2,-0.5,155.03
301,28/10/2020,0.26,0.42,0.12,105.85,268.8,0.0,46.8,166.1,28.92,1054.75,83.34,82.67,14.4,5.7457,1,ESTACAO_MONTA,ENTRESAFRA,0,0,0,0,0,0,0,0,0,0,0,0,0,0,0,0,0,0,0,0,0,0,0,0.0,1.27,INEXISTENTE,0.0,25.65,1.9,0.86,3.2,-0.5,145.39
302,29/10/2020,0.26,0.42,0.12,106.28,275.6,0.0,47.92,165.82,28.83,1050.5,81.56,82.55,14.35,5.779,1,ESTACAO_MONTA,ENTRESAFRA,0,0,0,0,0,0,0,0,0,0,0,0,0,0,0,0,0,0,0,0,0,0,0,0.0,1.27,INEXISTENTE,0.0,30.88,1.9,0.86,3.2,-0.5,145.81
303,30/10/2020,0.26,0.42,0.12,105.97,278.4,0.0,48.43,165.97,28.88,1056.25,79.63,81.89,14.25,5.7446,1,ESTACAO_MONTA,ENTRESAFRA,0,0,0,0,0,0,0,0,0,0,0,0,0,0,0,0,0,0,0,0,0,0,0,0.0,1.27,INEXISTENTE,0.0,33.6,1.9,0.86,3.2,-0.5,146.52
304,31/10/2020,0.26,0.42,0.12,,,0.0,,,,,,,,,1,ESTACAO_MONTA,ENTRESAFRA,0,0,0,0,0,0,0,0,0,0,0,0,0,0,0,0,0,0,0,1,0,0,0,0.5,1.27,INEXISTENTE,0.0,26.45,,,,,
305,01/11/2020,0.26,0.42,0.12,,,0.0,,,,,,,,,1,ESTACAO_MONTA,SAFRA,0,0,0,0,0,0,0,0,0,0,0,0,0,0,0,0,0,0,0,1,0,0,0,0.5,-0.45,INEXISTENTE,0.0,27.6,,,,,
306,02/11/2020,0.26,0.42,0.12,108.55,,0.0,,,,1052.25,,,,5.7425,1,ESTACAO_MONTA,SAFRA,0,0,0,0,0,0,0,0,0,0,0,0,0,0,0,0,0,0,1,1,0,0,0,1.5,-0.45,INEXISTENTE,0.0,26.13,,,,,
307,03/11/2020,0.26,0.42,0.12,107.83,276.95,0.0,48.16,167.4,29.11,1064.25,81.57,80.77,14.05,5.756,1,ESTACAO_MONTA,SAFRA,0,0,0,0,0,0,0,0,0,0,0,0,0,0,0,0,0,0,0,0,0,0,0,0.0,-0.45,INEXISTENTE,0.0,29.78,1.9,0.89,3.2,-0.5,149.2
308,04/11/2020,0.26,0.42,0.12,107.88,277.65,0.0,49.04,168.25,29.72,1086.25,82.24,81.41,14.38,5.6635,1,ESTACAO_MONTA,SAFRA,0,0,0,0,0,0,0,0,0,0,0,0,0,0,0,0,0,0,0,0,0,0,0,0.0,-0.45,INEXISTENTE,0.0,28.7,1.9,0.89,3.2,-0.5,146.31
309,05/11/2020,0.26,0.42,0.12,108.35,279.9,0.0,50.46,168.77,30.43,1103.75,82.81,81.27,14.65,5.525,1,ESTACAO_MONTA,SAFRA,0,0,0,0,0,0,0,0,0,0,0,0,0,0,0,0,0,0,0,0,0,0,0,0.0,-0.45,INEXISTENTE,0.0,33.4,1.9,0.89,3.2,-0.5,146.26
310,06/11/2020,0.26,0.42,0.12,108.65,287.85,0.0,53.42,168.72,31.31,1101.5,80.04,81.32,15.09,5.3647,1,ESTACAO_MONTA,SAFRA,0,0,0,0,0,0,0,0,0,0,0,0,0,0,0,0,0,0,0,0,0,0,0,0.0,-0.45,INEXISTENTE,0.0,34.14,1.9,0.89,3.2,-0.5,146.39
311,07/11/2020,0.26,0.42,0.12,,,0.0,,,,,,,,,1,ESTACAO_MONTA,SAFRA,0,0,0,0,0,0,0,0,0,0,0,0,0,0,0,0,0,0,0,0,0,0,0,0.0,-0.45,INEXISTENTE,0.0,28.11,,,,,
312,08/11/2020,0.26,0.42,0.12,,,0.0,,,,,,,,,1,ESTACAO_MONTA,SAFRA,0,0,0,0,0,0,0,0,0,0,0,0,0,0,0,0,0,0,0,0,0,0,0,0.0,-0.45,INEXISTENTE,0.0,35.58,,,,,
313,09/11/2020,0.26,0.42,0.12,111.83,287.25,0.0,53.06,164.91,30.46,1110.5,78.79,80.91,14.94,5.3858,1,ESTACAO_MONTA,SAFRA,0,0,0,0,0,0,0,0,0,0,0,0,0,0,0,0,0,0,0,0,0,0,0,0.0,-0.45,INEXISTENTE,0.0,34.98,1.9,0.89,3.2,-0.5,157.89
314,10/11/2020,0.26,0.42,0.12,111.88,288.0,0.0,53.54,165.6,30.79,1146.0,81.57,80.19,14.91,5.4147,1,ESTACAO_MONTA,SAFRA,0,0,0,0,0,0,0,0,0,0,0,0,0,0,0,0,0,0,0,0,0,0,0,0.0,-0.45,INEXISTENTE,0.0,30.53,1.9,0.89,3.2,-0.5,164.01
315,11/11/2020,0.26,0.42,0.12,112.4,292.0,0.0,53.93,166.03,30.67,1152.5,81.0,80.58,14.88,5.391,1,ESTACAO_MONTA,SAFRA,0,0,0,0,0,0,0,0,0,0,0,0,0,0,0,0,0,0,0,0,0,0,0,0.0,-0.45,INEXISTENTE,0.0,35.63,1.9,0.89,3.2,-0.5,161.19
316,12/11/2020,0.26,0.42,0.12,111.97,288.55,0.0,52.79,164.3,30.06,1145.5,80.18,80.55,14.74,5.4581,1,ESTACAO_MONTA,SAFRA,0,0,0,0,0,0,0,0,0,0,0,0,0,0,0,0,0,0,0,0,0,0,0,0.0,-0.45,INEXISTENTE,0.0,33.34,1.9,0.89,3.2,-0.5,156.52
317,13/11/2020,0.26,0.42,0.12,109.92,291.8,0.0,53.28,165.08,30.14,1148.0,80.3,80.74,14.74,5.4582,1,ESTACAO_MONTA,SAFRA,0,0,0,0,0,0,0,0,0,0,0,0,0,0,0,0,0,0,0,0,0,0,0,0.0,-0.45,INEXISTENTE,0.0,27.0,1.9,0.89,3.2,-0.5,161.34
318,14/11/2020,0.26,0.42,0.12,,,0.0,,,,,,,,,1,ESTACAO_MONTA,SAFRA,0,0,0,0,0,0,0,0,0,0,0,0,0,0,0,0,0,0,0,0,0,0,0,0.0,-0.45,INEXISTENTE,0.0,32.59,,,,,
319,15/11/2020,0.26,0.42,0.12,,,0.0,,,,,,,,,1,ESTACAO_MONTA,SAFRA,0,0,0,0,0,0,0,0,0,0,0,0,0,0,0,0,0,0,0,0,0,0,0,0.0,-0.45,INEXISTENTE,0.0,30.98,,,,,
320,16/11/2020,0.26,0.42,0.12,110.42,290.55,0.0,53.49,165.47,30.46,1154.5,80.61,80.54,14.83,5.4152,1,ESTACAO_MONTA,SAFRA,0,0,0,0,0,0,0,0,0,0,0,0,0,0,0,0,0,0,0,0,0,0,0,0.0,-0.45,INEXISTENTE,0.0,29.31,1.9,0.89,3.2,-0.5,164.07
321,17/11/2020,0.26,0.42,0.12,111.33,285.45,0.0,53.48,164.18,30.76,1168.5,79.87,80.92,15.16,5.3281,1,ESTACAO_MONTA,SAFRA,0,0,0,0,0,0,0,0,0,0,0,0,0,0,0,0,0,0,0,0,0,0,0,0.0,-0.45,INEXISTENTE,0.0,29.13,1.9,0.89,3.2,-0.5,163.39
322,18/11/2020,0.26,0.42,0.12,110.65,282.15,0.0,52.79,164.4,30.76,1174.75,79.98,80.44,15.05,5.3629,1,ESTACAO_MONTA,SAFRA,0,0,0,0,0,0,0,0,0,0,0,0,0,0,0,0,0,0,0,0,0,0,0,0.0,-0.45,INEXISTENTE,0.0,30.6,1.9,0.89,3.2,-0.5,161.16
323,19/11/2020,0.26,0.42,0.12,108.25,287.65,0.0,54.15,164.02,30.88,1175.5,78.83,80.02,15.06,5.3054,1,ESTACAO_MONTA,SAFRA,0,0,0,0,0,0,0,0,0,0,0,0,0,0,0,0,0,0,0,0,0,0,0,0.0,-0.45,INEXISTENTE,0.0,26.63,1.9,0.89,3.2,-0.5,161.31
324,20/11/2020,0.26,0.42,0.12,108.1,287.05,0.0,53.43,163.98,30.53,1181.25,78.84,80.21,14.93,5.3797,1,ESTACAO_MONTA,SAFRA,0,0,0,0,0,0,0,0,0,0,0,0,0,0,0,0,0,0,0,0,0,0,0,0.0,-0.45,INEXISTENTE,0.0,29.06,1.9,0.89,3.2,-0.5,162.8
325,21/11/2020,0.26,0.42,0.12,,,0.0,,,,,,,,,1,ESTACAO_MONTA,SAFRA,0,0,0,0,0,0,0,0,0,0,0,0,0,0,0,0,0,0,0,0,0,0,0,0.0,-0.45,INEXISTENTE,0.0,31.37,,,,,
326,22/11/2020,0.26,0.42,0.12,,,0.0,,,,,,,,,1,ESTACAO_MONTA,SAFRA,0,0,0,0,0,0,0,0,0,0,0,0,0,0,0,0,0,0,0,0,0,0,0,0.0,-0.45,INEXISTENTE,0.0,28.98,,,,,
327,23/11/2020,0.26,0.42,0.12,110.0,289.7,0.0,53.28,163.34,30.04,1192.5,80.58,80.06,14.72,5.439,1,ESTACAO_MONTA,SAFRA,0,0,0,0,0,0,0,0,0,0,0,0,0,0,0,0,0,0,0,0,0,0,0,0.0,-0.45,INEXISTENTE,0.0,30.43,1.9,0.89,3.2,-0.5,164.08
328,24/11/2020,0.26,0.42,0.12,111.17,286.9,0.0,53.28,162.3,30.14,1193.25,80.46,79.67,14.8,5.3736,1,ESTACAO_MONTA,SAFRA,0,0,0,0,0,0,0,0,0,0,0,0,0,0,0,0,0,0,0,0,0,0,0,0.0,-0.45,INEXISTENTE,0.0,31.54,1.9,0.89,3.2,-0.5,168.35
329,25/11/2020,0.26,0.42,0.12,111.38,278.3,0.0,52.33,162.4,30.54,1185.75,78.88,79.77,15.0,5.3237,1,ESTACAO_MONTA,SAFRA,0,0,0,0,0,0,0,0,0,0,0,0,0,0,0,0,0,0,0,0,0,0,0,0.0,-0.45,INEXISTENTE,0.0,33.13,1.9,0.89,3.2,-0.5,169.92
330,26/11/2020,0.26,0.42,0.12,,,0.0,,,,,,,,,1,ESTACAO_MONTA,SAFRA,0,0,0,0,0,0,0,0,0,0,0,0,0,0,0,0,0,0,0,0,0,0,0,0.0,-0.45,INEXISTENTE,0.0,33.15,1.9,0.89,3.2,-0.5,
331,27/11/2020,0.26,0.42,0.12,110.62,279.8,0.0,52.51,161.1,30.23,1192.75,78.69,79.27,14.88,5.3438,1,ESTACAO_MONTA,SAFRA,0,0,0,0,0,0,0,0,0,0,0,0,0,0,0,0,0,0,0,0,0,0,0,0.0,-0.45,INEXISTENTE,0.0,33.53,1.9,0.89,3.2,-0.5,169.9
332,28/11/2020,0.26,0.42,0.12,,,0.0,,,,,,,,,1,ESTACAO_MONTA,SAFRA,0,0,0,0,0,0,0,0,0,0,0,0,0,0,0,0,0,0,0,0,0,0,0,0.0,-0.45,INEXISTENTE,0.0,33.9,,,,,
333,29/11/2020,0.26,0.42,0.12,,,0.0,,,,,,,,,1,ESTACAO_MONTA,SAFRA,0,0,0,0,0,0,0,0,0,0,0,0,0,0,0,0,0,0,0,0,0,0,0,0.0,-0.45,INEXISTENTE,0.0,33.03,,,,,
334,30/11/2020,0.26,0.42,0.12,110.17,283.75,0.0,53.01,159.94,29.88,1169.5,78.04,78.31,14.63,5.3319,1,ESTACAO_MONTA,SAFRA,0,0,0,0,0,0,0,0,0,0,0,0,0,0,0,0,0,0,0,0,0,0,0,0.0,-0.45,INEXISTENTE,0.0,32.55,1.9,0.89,3.2,-0.5,170.15
335,01/12/2020,0.26,0.42,0.12,110.62,271.6,0.0,51.89,158.7,30.32,1163.0,75.42,77.17,14.74,5.2061,1,ESTACAO_MONTA,PLANEJAMENTO,0,0,0,0,0,0,0,0,0,0,0,0,0,0,0,0,0,0,0,0,0,0,0,0.0,1.92,INEXISTENTE,0.0,34.7,1.9,1.35,3.2,-0.5,174.17
336,02/12/2020,0.26,0.42,0.12,110.7,274.3,0.0,52.3,155.26,29.6,1154.75,74.63,76.44,14.57,5.2175,1,ESTACAO_MONTA,PLANEJAMENTO,0,0,0,0,0,0,0,0,0,0,0,0,0,0,0,0,0,0,0,0,0,0,0,0.0,1.92,INEXISTENTE,0.0,36.6,1.9,1.35,3.2,-0.5,176.81
337,03/12/2020,0.26,0.42,0.12,109.6,275.35,0.0,53.6,152.38,29.66,1170.25,72.87,75.47,14.69,5.1515,1,ESTACAO_MONTA,PLANEJAMENTO,0,0,0,0,0,0,0,0,0,0,0,0,0,0,0,0,0,0,0,0,0,0,0,0.0,1.92,INEXISTENTE,0.0,34.73,1.9,1.35,3.2,-0.5,176.65
338,04/12/2020,0.26,0.42,0.12,108.88,271.0,0.0,52.85,148.37,28.93,1165.0,69.87,74.69,14.56,5.1557,1,ESTACAO_MONTA,PLANEJAMENTO,0,0,0,0,0,0,0,0,0,0,0,0,0,0,0,0,0,0,0,0,0,0,0,0.0,1.92,INEXISTENTE,0.0,30.6,1.9,1.35,3.2,-0.5,178.9
339,05/12/2020,0.26,0.42,0.12,,,0.0,,,,,,,,,1,ESTACAO_MONTA,PLANEJAMENTO,0,0,0,0,0,0,0,0,0,0,0,0,0,0,0,0,0,0,0,0,0,0,0,0.0,1.92,INEXISTENTE,0.0,32.13,,,,,
340,06/12/2020,0.26,0.42,0.12,,,0.0,,,,,,,,,1,ESTACAO_MONTA,PLANEJAMENTO,0,0,0,0,0,0,0,0,0,0,0,0,0,0,0,0,0,0,0,0,0,0,0,0.0,1.92,INEXISTENTE,0.0,25.13,,,,,
341,07/12/2020,0.26,0.42,0.12,108.0,270.25,0.0,53.18,146.8,28.89,1162.5,68.02,73.84,14.53,5.099,1,ESTACAO_MONTA,PLANEJAMENTO,0,0,0,0,0,0,0,0,0,0,0,0,0,0,0,0,0,0,0,0,0,0,0,0.0,1.92,INEXISTENTE,0.0,31.95,1.9,1.35,3.2,-0.5,178.08
342,08/12/2020,0.26,0.42,0.12,107.85,266.8,0.0,52.02,145.18,28.31,1151.5,71.42,73.42,14.31,5.1202,1,ESTACAO_MONTA,PLANEJAMENTO,0,0,0,0,0,0,0,0,0,0,0,0,0,0,0,0,0,0,0,0,0,0,0,0.0,1.92,INEXISTENTE,0.0,32.56,1.9,1.35,3.2,-0.5,178.27
343,09/12/2020,0.26,0.42,0.12,107.38,265.3,0.0,51.19,144.86,27.95,1163.5,74.99,73.61,14.2,5.1708,1,ESTACAO_MONTA,PLANEJAMENTO,0,0,0,0,0,0,0,0,0,0,0,0,0,0,0,0,0,0,0,0,0,0,0,0.0,1.92,INEXISTENTE,0.0,26.29,1.9,1.35,3.2,-0.5,177.3
344,10/12/2020,0.26,0.42,0.12,107.92,263.0,0.0,52.21,144.0,28.59,1158.75,73.05,73.46,14.58,5.0256,1,ESTACAO_MONTA,PLANEJAMENTO,0,0,0,0,0,0,0,0,0,0,0,0,0,0,0,0,0,0,0,0,0,0,0,0.0,1.92,INEXISTENTE,0.0,28.7,1.9,1.35,3.2,-0.5,177.4
345,11/12/2020,0.26,0.42,0.12,108.75,263.0,0.0,52.21,141.23,27.95,1166.0,74.14,73.1,14.47,5.0656,1,ESTACAO_MONTA,PLANEJAMENTO,0,0,0,0,0,0,0,0,0,0,0,0,0,0,0,0,0,0,0,0,0,0,0,0.0,1.92,INEXISTENTE,0.0,27.55,1.9,1.35,3.2,-0.5,175.25
346,12/12/2020,0.26,0.42,0.12,,,0.0,,,,,,,,,1,ESTACAO_MONTA,PLANEJAMENTO,0,0,0,0,0,0,0,0,0,0,0,0,0,0,0,0,0,0,0,0,0,0,0,0.0,1.92,INEXISTENTE,0.0,28.35,,,,,
347,13/12/2020,0.26,0.42,0.12,,,0.0,,,,,,,,,1,ESTACAO_MONTA,PLANEJAMENTO,0,0,0,0,0,0,0,0,0,0,0,0,0,0,0,0,0,0,0,0,0,0,0,0.0,1.92,INEXISTENTE,0.4,30.65,,,,,
348,14/12/2020,0.26,0.42,0.12,109.1,259.7,0.0,50.82,141.81,27.75,1174.5,76.04,73.31,14.35,5.1189,1,ESTACAO_MONTA,PLANEJAMENTO,0,0,0,0,0,0,0,0,0,0,0,0,0,0,0,0,0,0,0,0,0,0,0,0.0,1.92,INEXISTENTE,0.0,35.15,1.9,1.35,3.2,-0.5,172.6
349,15/12/2020,0.26,0.42,0.12,108.6,262.55,0.0,51.59,142.02,27.91,1188.75,76.35,73.84,14.51,5.0842,1,ESTACAO_MONTA,PLANEJAMENTO,0,0,0,0,0,0,0,0,0,0,0,0,1,0,0,0,0,0,0,0,0,0,0,0.5,1.92,INEXISTENTE,0.0,34.03,1.9,1.35,3.2,-0.5,176.34
350,16/12/2020,0.26,0.42,0.12,108.78,265.15,0.0,51.73,141.78,27.66,1188.0,77.15,74.85,14.6,5.0838,1,ESTACAO_MONTA,PLANEJAMENTO,0,0,0,0,0,0,0,0,0,0,0,0,1,0,0,0,0,0,0,0,0,0,0,0.5,1.92,INEXISTENTE,0.0,34.7,1.9,1.35,3.2,-0.5,176.66
351,17/12/2020,0.26,0.42,0.12,109.35,259.0,0.0,51.03,142.08,28.0,1205.5,76.87,74.11,14.6,5.0582,1,ESTACAO_MONTA,PLANEJAMENTO,0,0,0,0,0,0,0,0,0,0,0,0,1,0,0,0,0,0,0,0,0,0,0,0.5,1.92,INEXISTENTE,0.0,30.84,1.9,1.35,3.2,-0.5,179.79
352,18/12/2020,0.26,0.42,0.12,110.47,255.3,0.0,50.19,141.0,27.72,1224.0,77.41,74.22,14.59,5.1022,1,ESTACAO_MONTA,PLANEJAMENTO,0,0,0,0,0,0,0,0,0,0,0,0,1,0,0,0,0,0,0,0,0,0,0,0.5,1.92,INEXISTENTE,0.0,29.86,1.9,1.35,3.2,-0.5,178.85
353,19/12/2020,0.26,0.42,0.12,,,0.0,,,,,,,,,1,ESTACAO_MONTA,PLANEJAMENTO,0,0,0,0,0,0,0,0,0,0,0,0,1,0,0,0,0,0,0,0,0,0,0,0.5,1.92,INEXISTENTE,0.0,33.7,,,,,
354,20/12/2020,0.26,0.42,0.12,,,0.0,,,,,,,,,1,ESTACAO_MONTA,PLANEJAMENTO,0,0,0,0,0,0,0,0,0,0,0,0,1,0,0,0,0,0,0,0,0,0,1,1.0,1.92,INEXISTENTE,0.0,30.6,,,,,
355,21/12/2020,0.26,0.42,0.12,110.6,261.15,0.0,50.97,141.59,27.63,1247.5,78.0,75.1,14.66,5.1222,1,ESTACAO_MONTA,PLANEJAMENTO,0,0,0,0,0,0,0,0,0,0,0,0,1,0,0,0,0,0,0,0,0,0,1,1.0,1.92,INEXISTENTE,0.2,27.82,1.9,1.35,3.2,-0.5,176.71
356,22/12/2020,0.26,0.42,0.12,110.33,262.8,0.0,50.88,141.53,27.4,1250.0,79.38,77.34,14.97,5.1597,1,ESTACAO_MONTA,PLANEJAMENTO,0,0,0,0,0,0,0,0,0,0,0,0,1,0,0,0,0,0,0,0,0,0,1,1.0,1.92,INEXISTENTE,0.0,29.28,1.9,1.35,3.2,-0.5,175.96
357,23/12/2020,0.26,0.42,0.12,111.92,266.3,0.0,51.22,142.13,27.34,1260.0,79.87,77.6,14.93,5.2164,1,ESTACAO_MONTA,PLANEJAMENTO,0,0,0,0,0,0,0,0,0,0,0,0,1,0,0,0,0,0,0,0,0,0,1,1.0,1.92,INEXISTENTE,0.0,27.26,1.9,1.35,3.2,-0.5,175.32
358,24/12/2020,0.26,0.42,0.12,112.15,,0.0,,,,1264.5,,,,5.2165,1,ESTACAO_MONTA,PLANEJAMENTO,0,0,0,0,0,0,0,0,0,0,0,0,1,0,0,0,0,0,0,0,0,1,1,1.5,1.92,INEXISTENTE,0.2,29.04,1.9,1.35,3.2,-0.5,175.95
359,25/12/2020,0.26,0.42,0.12,114.96,,0.0,,,,1264.4,,,,5.2165,1,ESTACAO_MONTA,PLANEJAMENTO,0,0,0,0,0,0,0,0,0,0,0,0,1,0,0,0,0,0,0,0,1,1,1,2.5,1.92,INEXISTENTE,0.2,28.09,,,,,
360,26/12/2020,0.26,0.42,0.12,,,0.0,,,,,,,,,1,ESTACAO_MONTA,PLANEJAMENTO,0,0,0,0,0,0,0,0,0,0,0,0,1,0,0,0,0,0,0,0,0,0,1,1.0,1.92,INEXISTENTE,0.0,27.07,,,,,
361,27/12/2020,0.26,0.42,0.12,,,0.0,,,,,,,,,1,ESTACAO_MONTA,PLANEJAMENTO,0,0,0,0,0,0,0,0,0,0,0,0,1,0,0,0,0,0,0,0,0,0,1,1.0,1.92,INEXISTENTE,0.0,31.32,,,,,
362,28/12/2020,0.26,0.42,0.12,113.05,270.3,0.0,51.59,141.99,27.1,1257.25,81.98,78.02,14.89,5.2461,1,ESTACAO_MONTA,PLANEJAMENTO,0,0,0,0,0,0,0,0,0,0,0,0,1,0,0,0,0,0,0,0,0,0,1,1.0,1.92,INEXISTENTE,0.0,33.1,1.9,1.35,3.2,-0.5,177.83
363,29/12/2020,0.26,0.42,0.12,112.05,272.5,0.0,52.57,144.73,27.92,1296.0,82.96,78.45,15.13,5.2099,1,ESTACAO_MONTA,PLANEJAMENTO,0,0,0,0,0,0,0,0,0,0,0,0,1,0,0,0,0,0,0,0,0,0,1,1.0,1.92,INEXISTENTE,0.2,34.16,1.9,1.35,3.2,-0.5,176.32
364,30/12/2020,0.26,0.42,0.12,112.12,267.15,0.0,51.51,144.89,27.94,1300.5,82.76,78.65,15.17,5.1937,1,ESTACAO_MONTA,PLANEJAMENTO,0,0,0,0,0,0,0,0,0,0,0,0,1,0,0,0,0,0,0,0,0,0,1,1.0,1.92,INEXISTENTE,0.0,34.54,1.9,1.35,3.2,-0.5,175.47
365,31/12/2020,0.26,0.42,0.12,112.95,,0.0,,,,1311.0,,,,5.1937,1,ESTACAO_MONTA,PLANEJAMENTO,0,0,0,0,0,0,0,0,0,0,0,0,1,0,0,0,0,0,0,0,0,0,1,1.0,1.92,INEXISTENTE,0.0,33.4,1.9,1.35,3.2,-0.5,179.47
366,01/01/2021,0.26,0.42,0.12,115.13,,0.0,,,,1310.25,,,,5.1937,1,PICO_NASCIMENTOS,PLANEJAMENTO,1,0,0,0,0,0,0,0,0,0,0,0,1,0,0,0,0,0,0,0,0,0,1,2.0,1.58,INEXISTENTE,0.0,30.67,,,,,
367,02/01/2021,0.26,0.42,0.12,,,0.0,,,,,,,,,1,PICO_NASCIMENTOS,PLANEJAMENTO,0,0,0,0,0,0,0,0,0,0,0,0,1,0,0,0,0,0,0,0,0,0,0,0.5,1.58,INEXISTENTE,0.0,28.33,,,,,
368,03/01/2021,0.26,0.42,0.12,,,0.0,,,,,,,,,1,PICO_NASCIMENTOS,PLANEJAMENTO,0,0,0,0,0,0,0,0,0,0,0,0,1,0,0,0,0,0,0,0,0,0,0,0.5,1.58,INEXISTENTE,0.0,26.0,,,,,
369,04/01/2021,0.26,0.42,0.12,112.3,273.7,0.0,52.02,147.78,28.09,1313.0,83.05,81.79,15.55,5.2968,1,PICO_NASCIMENTOS,PLANEJAMENTO,0,0,0,0,0,0,0,0,0,0,0,0,1,0,0,0,0,0,0,0,0,0,0,0.5,1.58,INEXISTENTE,0.0,29.7,1.9,0.25,1.2,5.7,176.75
370,05/01/2021,0.26,0.42,0.12,115.05,276.9,0.0,52.61,155.72,29.59,1347.0,84.39,81.62,15.51,5.2854,1,PICO_NASCIMENTOS,PLANEJAMENTO,0,0,0,0,0,0,0,0,0,0,0,0,1,0,0,0,0,0,0,0,0,0,0,0.5,1.58,INEXISTENTE,0.0,33.23,1.9,0.25,1.2,5.7,176.58
371,06/01/2021,0.26,0.42,0.12,115.0,278.3,0.0,52.68,158.46,29.99,1361.5,82.81,82.31,15.58,5.3139,1,PICO_NASCIMENTOS,PLANEJAMENTO,0,0,0,0,0,0,0,0,0,0,0,0,1,0,0,0,0,0,0,0,0,0,0,0.5,1.58,INEXISTENTE,0.0,35.23,1.9,0.25,1.2,5.7,190.63
372,07/01/2021,0.26,0.42,0.12,114.97,280.1,0.0,52.0,159.16,29.55,1355.25,83.01,82.65,15.34,5.4101,1,PICO_NASCIMENTOS,PLANEJAMENTO,0,0,0,0,0,0,0,0,0,0,0,0,1,0,0,0,0,0,0,0,0,0,0,0.5,1.58,INEXISTENTE,0.0,33.75,1.9,0.25,1.2,5.7,195.99
373,08/01/2021,0.26,0.42,0.12,114.47,279.5,0.0,51.61,160.93,29.71,1374.75,83.38,82.6,15.25,5.4178,1,PICO_NASCIMENTOS,PLANEJAMENTO,0,0,0,0,0,0,0,0,0,0,0,0,1,0,0,0,0,0,0,0,0,0,0,0.5,1.58,INEXISTENTE,0.0,32.46,1.9,0.25,1.2,5.7,196.85
374,09/01/2021,0.26,0.42,0.12,,,0.0,,,,,,,,,1,PICO_NASCIMENTOS,PLANEJAMENTO,0,0,0,0,0,0,0,0,0,0,0,0,1,0,0,0,0,0,0,0,0,0,0,0.5,1.58,INEXISTENTE,0.0,31.52,,,,,
375,10/01/2021,0.26,0.42,0.12,,,0.0,,,,,,,,,1,PICO_NASCIMENTOS,PLANEJAMENTO,0,0,0,0,0,0,0,0,0,0,0,0,1,0,0,0,0,0,0,0,0,0,0,0.5,1.58,INEXISTENTE,0.0,31.88,,,,,
376,11/01/2021,0.26,0.42,0.12,113.4,284.7,0.0,51.85,164.28,29.92,1372.5,83.22,82.64,15.05,5.489,1,PICO_NASCIMENTOS,PLANEJAMENTO,0,0,0,0,0,0,0,0,0,0,0,0,1,0,0,0,0,0,0,0,0,0,0,0.5,1.58,INEXISTENTE,0.0,30.35,1.9,0.25,1.2,5.7,196.12
377,12/01/2021,0.26,0.42,0.12,112.47,283.95,0.0,53.24,165.92,31.11,1418.25,83.58,83.32,15.62,5.3226,1,PICO_NASCIMENTOS,PLANEJAMENTO,0,0,0,0,0,0,0,0,0,0,0,0,1,0,0,0,0,0,0,0,0,0,0,0.5,1.58,INEXISTENTE,0.0,31.0,1.9,0.25,1.2,5.7,198.63
378,13/01/2021,0.26,0.42,0.12,112.25,285.95,0.0,53.95,166.53,31.42,1406.25,84.27,83.87,15.82,5.299,1,PICO_NASCIMENTOS,PLANEJAMENTO,0,0,0,0,0,0,0,0,0,0,0,0,1,0,0,0,0,0,0,0,0,0,0,0.5,1.58,INEXISTENTE,0.0,29.3,1.9,0.25,1.2,5.7,195.14
379,14/01/2021,0.26,0.42,0.12,112.08,290.2,0.0,55.78,166.99,32.09,1430.5,84.21,84.28,16.2,5.1967,1,PICO_NASCIMENTOS,PLANEJAMENTO,0,0,0,0,0,0,0,0,0,0,0,0,1,0,0,0,0,0,0,0,0,0,0,0.5,1.58,INEXISTENTE,0.0,26.54,1.9,0.25,1.2,5.7,191.38
380,15/01/2021,0.26,0.42,0.12,112.78,287.9,0.0,54.46,166.97,31.59,1414.75,84.22,84.52,15.99,5.2927,1,PICO_NASCIMENTOS,PLANEJAMENTO,0,0,0,0,0,0,0,0,0,0,0,0,1,0,0,0,0,0,0,0,0,0,0,0.5,1.58,INEXISTENTE,0.0,28.57,1.9,0.25,1.2,5.7,189.1
381,16/01/2021,0.26,0.42,0.12,,,0.0,,,,,,,,,1,PICO_NASCIMENTOS,PLANEJAMENTO,0,0,0,0,0,0,0,0,0,0,0,0,1,0,0,0,0,0,0,0,0,0,0,0.5,1.58,INEXISTENTE,0.0,24.93,,,,,
382,17/01/2021,0.26,0.42,0.12,,,0.0,,,,,,,,,1,PICO_NASCIMENTOS,PLANEJAMENTO,0,0,0,0,0,0,0,0,0,0,0,0,1,0,0,0,0,0,0,0,0,0,0,0.5,1.58,INEXISTENTE,0.0,29.41,,,,,
383,18/01/2021,0.26,0.42,0.12,,,0.0,,,,,,,,,1,PICO_NASCIMENTOS,PLANEJAMENTO,0,0,0,0,0,0,0,0,0,0,0,0,1,0,0,0,0,0,0,0,0,0,0,0.5,1.58,INEXISTENTE,0.0,30.18,1.9,0.25,1.2,5.7,
384,19/01/2021,0.26,0.42,0.12,113.33,292.35,0.0,54.64,167.89,31.38,1383.25,88.98,85.22,15.93,5.3578,1,PICO_NASCIMENTOS,PLANEJAMENTO,0,0,0,0,0,0,0,0,0,0,0,0,1,0,0,0,0,0,0,0,0,0,0,0.5,1.58,INEXISTENTE,0.0,29.73,1.9,0.25,1.2,5.7,189.47
385,20/01/2021,0.26,0.42,0.12,113.35,294.6,0.0,55.39,166.22,31.25,1367.25,87.27,85.44,16.06,5.2917,1,PICO_NASCIMENTOS,PLANEJAMENTO,0,0,0,0,0,0,0,0,0,0,0,0,1,0,0,0,0,0,0,0,0,0,0,0.5,1.58,INEXISTENTE,0.0,33.68,1.9,0.25,1.2,5.7,187.14
386,21/01/2021,0.26,0.42,0.12,114.1,297.05,0.0,55.46,167.15,31.21,1368.75,88.35,85.03,15.88,5.3506,1,PICO_NASCIMENTOS,PLANEJAMENTO,0,0,0,0,0,0,0,0,0,0,0,0,1,0,0,0,0,0,0,0,0,0,0,0.5,1.58,INEXISTENTE,0.0,31.45,1.9,0.25,1.2,5.7,183.56
387,22/01/2021,0.26,0.42,0.12,116.72,294.95,0.0,53.9,166.39,30.41,1311.75,85.86,84.43,15.43,5.4666,1,PICO_NASCIMENTOS,PLANEJAMENTO,0,0,0,0,0,0,0,0,0,0,0,0,1,0,0,0,0,0,0,0,0,0,0,0.5,1.58,INEXISTENTE,0.0,27.84,1.9,0.25,1.2,5.7,181.43
388,23/01/2021,0.26,0.42,0.12,,,0.0,,,,,,,,,1,PICO_NASCIMENTOS,PLANEJAMENTO,0,0,0,0,0,0,0,0,0,0,0,0,1,0,0,0,0,0,0,0,0,0,0,0.5,1.58,INEXISTENTE,0.0,30.57,,,,,
389,24/01/2021,0.26,0.42,0.12,,,0.0,,,,,,,,,1,PICO_NASCIMENTOS,PLANEJAMENTO,0,0,0,0,0,0,0,0,0,0,0,0,1,0,0,0,0,0,0,0,0,0,0,0.5,1.58,INEXISTENTE,0.0,32.5,,,,,
390,25/01/2021,0.26,0.42,0.12,116.53,294.95,0.0,53.9,166.35,30.2,1342.75,,83.87,15.23,5.4665,1,PICO_NASCIMENTOS,PLANEJAMENTO,0,0,0,0,0,0,0,0,0,0,0,0,1,0,0,0,0,0,0,0,0,0,0,0.5,1.58,INEXISTENTE,0.0,30.63,1.9,0.25,1.2,5.7,181.75
391,26/01/2021,0.26,0.42,0.12,117.0,298.0,0.0,55.93,165.87,31.13,1369.5,85.76,83.97,15.76,5.3552,1,PICO_NASCIMENTOS,PLANEJAMENTO,0,0,0,0,0,0,0,0,0,0,0,0,1,0,0,0,0,0,0,0,0,0,0,0.5,1.58,INEXISTENTE,0.0,33.95,1.9,0.25,1.2,5.7,181.14
392,27/01/2021,0.26,0.42,0.12,116.45,297.85,0.0,55.19,166.36,30.82,1373.25,83.9,83.83,15.53,5.4138,1,PICO_NASCIMENTOS,PLANEJAMENTO,0,0,0,0,0,0,0,0,0,0,0,0,1,0,0,0,0,0,0,0,0,0,0,0.5,1.58,INEXISTENTE,0.0,28.75,1.9,0.25,1.2,5.7,176.25
393,28/01/2021,0.26,0.42,0.12,116.0,299.7,0.0,55.13,166.35,30.6,1351.5,84.41,83.25,15.31,5.441,1,PICO_NASCIMENTOS,PLANEJAMENTO,0,0,0,0,0,0,0,0,0,0,0,0,1,0,0,0,0,0,0,0,0,0,0,0.5,1.58,INEXISTENTE,0.0,32.1,1.9,0.25,1.2,5.7,179.88
394,29/01/2021,0.26,0.42,0.12,115.05,299.85,0.0,54.69,165.72,30.22,1367.0,86.78,83.34,15.2,5.4625,1,PICO_NASCIMENTOS,PLANEJAMENTO,0,0,0,0,0,0,0,0,0,0,0,0,1,0,0,0,0,0,0,0,0,0,0,0.5,1.58,INEXISTENTE,0.0,32.4,1.9,0.25,1.2,5.7,179.16
395,30/01/2021,0.26,0.42,0.12,,,0.0,,,,,,,,,1,PICO_NASCIMENTOS,PLANEJAMENTO,0,0,0,0,0,0,0,0,0,0,0,0,1,0,0,0,0,0,0,0,0,0,0,0.5,1.58,INEXISTENTE,0.0,32.9,,,,,
396,31/01/2021,0.26,0.42,0.12,,,0.0,,,,,,,,,1,PICO_NASCIMENTOS,PLANEJAMENTO,0,0,0,0,0,0,0,0,0,0,0,0,1,0,0,0,0,0,0,0,0,0,0,0.5,1.58,INEXISTENTE,0.0,28.9,,,,,
397,01/02/2021,0.26,0.42,0.12,114.88,301.0,0.0,55.22,166.63,30.57,1362.5,88.17,83.95,15.4,5.4322,1,PICO_NASCIMENTOS,SAFRA,0,0,0,0,0,0,0,0,0,0,0,0,0,0,0,0,0,0,0,0,0,0,0,0.0,0.03,INEXISTENTE,0.0,32.8,1.9,0.86,1.2,5.7,184.78
398,02/02/2021,0.26,0.42,0.12,115.97,301.05,0.0,56.19,165.29,30.85,1350.75,87.0,83.03,15.5,5.368,1,PICO_NASCIMENTOS,SAFRA,0,0,0,0,0,0,0,0,0,0,0,0,0,0,0,0,0,0,0,0,0,0,0,0.0,0.03,INEXISTENTE,0.4,30.2,1.9,0.86,1.2,5.7,189.28
399,03/02/2021,0.26,0.42,0.12,115.47,301.9,0.0,56.3,163.39,30.47,1367.5,86.86,83.09,15.5,5.3534,1,PICO_NASCIMENTOS,SAFRA,0,0,0,0,0,0,0,0,0,0,0,0,0,0,0,0,0,0,0,0,0,0,0,0.0,0.03,INEXISTENTE,0.0,29.95,1.9,0.86,1.2,5.7,189.26
400,04/02/2021,0.26,0.42,0.12,116.45,300.1,0.0,55.02,165.39,30.33,1369.25,85.41,83.02,15.22,5.4266,1,PICO_NASCIMENTOS,SAFRA,0,0,0,0,0,0,0,0,0,0,0,0,0,0,0,0,0,0,0,0,0,0,0,0.0,0.03,INEXISTENTE,0.0,30.65,1.9,0.86,1.2,5.7,190.78
401,05/02/2021,0.26,0.42,0.12,116.72,301.7,0.0,56.02,165.29,30.69,1365.75,85.36,82.78,15.37,5.3704,1,PICO_NASCIMENTOS,SAFRA,0,0,0,0,0,0,0,0,0,0,0,0,0,0,0,0,0,0,0,0,0,0,0,0.0,0.03,INEXISTENTE,3.4,28.89,1.9,0.86,1.2,5.7,188.67
402,06/02/2021,0.26,0.42,0.12,,,0.0,,,,,,,,,1,PICO_NASCIMENTOS,SAFRA,0,0,0,0,0,0,0,0,0,0,0,0,0,0,0,0,0,0,0,0,0,0,0,0.0,0.03,INEXISTENTE,0.0,28.93,,,,,
403,07/02/2021,0.26,0.42,0.12,,,0.0,,,,,,,,,1,PICO_NASCIMENTOS,SAFRA,0,0,0,0,0,0,0,0,0,0,0,0,0,0,0,0,0,0,0,0,0,0,0,0.0,0.03,INEXISTENTE,0.0,26.25,,,,,
404,08/02/2021,0.26,0.42,0.12,116.58,301.5,0.0,56.12,163.8,30.49,1386.0,86.51,82.69,15.39,5.3657,1,PICO_NASCIMENTOS,SAFRA,0,0,0,0,0,0,0,0,0,0,0,0,0,0,0,0,0,0,0,0,0,0,0,0.0,0.03,INEXISTENTE,4.2,24.83,1.9,0.86,1.2,5.7,189.02
405,09/02/2021,0.26,0.42,0.12,117.45,302.2,0.0,56.15,164.64,30.59,1398.75,86.86,83.39,15.49,5.3781,1,PICO_NASCIMENTOS,SAFRA,0,0,0,0,0,0,0,0,0,0,0,0,0,0,0,0,0,0,0,0,0,0,0,0.0,0.03,INEXISTENTE,3.6,29.3,1.9,0.86,1.2,5.7,189.24
406,10/02/2021,0.26,0.42,0.12,116.12,299.95,0.0,55.76,161.66,30.05,1352.5,85.08,83.16,15.46,5.386,1,PICO_NASCIMENTOS,SAFRA,0,0,0,0,0,0,0,0,0,0,0,0,0,0,0,0,0,0,0,0,0,0,0,0.0,0.03,INEXISTENTE,0.4,28.84,1.9,0.86,1.2,5.7,182.57
407,11/02/2021,0.26,0.42,0.12,115.33,301.2,0.0,55.86,159.73,29.62,1366.75,86.48,83.19,15.43,5.3665,1,PICO_NASCIMENTOS,SAFRA,0,0,0,0,0,0,0,0,0,0,0,0,0,0,0,0,0,0,0,0,0,0,0,0.0,0.03,INEXISTENTE,0.0,30.87,1.9,0.86,1.2,5.7,180.12
408,12/02/2021,0.26,0.42,0.12,117.2,303.0,0.0,56.34,160.06,29.76,1371.25,85.98,83.4,15.51,5.3698,1,PICO_NASCIMENTOS,SAFRA,0,0,1,0,0,0,0,0,0,0,0,0,0,0,0,0,0,0,0,0,0,0,0,0.5,0.03,INEXISTENTE,0.0,26.4,1.9,0.86,1.2,5.7,181.75
409,13/02/2021,0.26,0.42,0.12,,,0.0,,,,,,,,,1,PICO_NASCIMENTOS,SAFRA,0,0,1,0,0,0,0,0,0,0,0,0,0,0,0,0,0,0,0,0,0,0,0,0.5,0.03,INEXISTENTE,0.0,28.78,,,,,
410,14/02/2021,0.26,0.42,0.12,,,0.0,,,,,,,,,1,PICO_NASCIMENTOS,SAFRA,0,0,1,0,0,0,0,0,0,0,0,0,0,0,0,0,0,0,0,0,0,0,0,0.5,0.03,INEXISTENTE,0.0,30.17,,,,,
411,15/02/2021,0.26,0.42,0.12,,,0.0,,,,,,,,,1,PICO_NASCIMENTOS,SAFRA,0,0,1,0,0,0,0,0,0,0,0,0,0,0,0,0,0,0,0,0,0,0,0,0.5,0.03,INEXISTENTE,8.0,27.0,,,,,
412,16/02/2021,0.26,0.42,0.12,116.15,,0.0,,,,1385.75,,,,5.3695,1,PICO_NASCIMENTOS,SAFRA,0,1,1,0,0,0,0,0,0,0,0,0,0,0,0,0,0,0,0,0,0,0,0,1.5,0.03,INEXISTENTE,0.0,26.4,,,,,
413,17/02/2021,0.26,0.42,0.12,115.3,302.25,0.0,55.77,158.95,29.33,1384.75,86.84,83.8,15.46,5.4105,1,PICO_NASCIMENTOS,SAFRA,0,0,0,0,0,0,0,0,0,0,0,0,0,0,0,0,0,0,0,0,0,0,0,0.0,0.03,INEXISTENTE,0.0,27.88,1.9,0.86,1.2,5.7,188.43
414,18/02/2021,0.26,0.42,0.12,115.12,303.75,0.0,55.84,157.96,29.04,1376.5,86.66,84.06,15.45,5.427,1,PICO_NASCIMENTOS,SAFRA,0,0,0,0,0,0,0,0,0,0,0,0,0,0,0,0,0,0,0,0,0,0,0,0.0,0.03,INEXISTENTE,0.0,26.5,1.9,0.86,1.2,5.7,191.24
415,19/02/2021,0.26,0.42,0.12,115.92,303.05,0.0,56.05,157.66,29.16,1380.0,86.66,84.35,15.6,5.3823,1,PICO_NASCIMENTOS,SAFRA,0,0,0,0,0,0,0,0,0,0,0,0,0,0,0,0,0,0,0,0,0,0,0,0.0,0.03,INEXISTENTE,0.0,28.88,1.9,0.86,1.2,5.7,192.3
416,20/02/2021,0.26,0.42,0.12,,,0.0,,,,,,,,,1,PICO_NASCIMENTOS,SAFRA,0,0,0,0,0,0,0,0,0,0,0,0,0,0,0,0,0,0,0,0,0,0,0,0.0,0.03,INEXISTENTE,7.8,26.77,,,,,
417,21/02/2021,0.26,0.42,0.12,,,0.0,,,,,,,,,1,PICO_NASCIMENTOS,SAFRA,0,0,0,0,0,0,0,0,0,0,0,0,0,0,0,0,0,0,0,0,0,0,0,0.0,0.03,INEXISTENTE,0.0,25.2,,,,,
418,22/02/2021,0.26,0.42,0.12,115.72,302.45,0.0,55.58,158.02,29.04,1387.5,87.19,84.89,15.6,5.4659,1,PICO_NASCIMENTOS,SAFRA,0,0,0,0,0,0,0,0,0,0,0,0,0,0,0,0,0,0,0,0,0,0,0,0.0,0.03,INEXISTENTE,0.0,30.27,1.9,0.86,1.2,5.7,192.7
419,23/02/2021,0.26,0.42,0.12,115.62,300.8,0.0,55.17,159.32,29.22,1408.5,88.31,85.08,15.61,5.4409,1,PICO_NASCIMENTOS,SAFRA,0,0,0,0,0,0,0,0,0,0,0,0,0,0,0,0,0,0,0,0,0,0,0,0.0,0.03,INEXISTENTE,3.2,26.96,1.9,0.86,1.2,5.7,195.93
420,24/02/2021,0.26,0.42,0.12,116.58,299.5,0.0,55.13,159.54,29.37,1425.75,88.62,85.19,15.68,5.4062,1,PICO_NASCIMENTOS,SAFRA,0,0,0,0,0,0,0,0,0,0,0,0,0,0,0,0,0,0,0,0,0,0,0,0.0,0.03,INEXISTENTE,0.2,29.97,1.9,0.86,1.2,5.7,197.85
421,25/02/2021,0.26,0.42,0.12,117.0,302.55,0.0,54.95,160.3,29.11,1407.5,88.92,85.59,15.55,5.5308,1,PICO_NASCIMENTOS,SAFRA,0,0,0,0,0,0,0,0,0,0,0,0,0,0,0,0,0,0,0,0,0,0,0,0.0,0.03,INEXISTENTE,0.2,28.61,1.9,0.86,1.2,5.7,201.89
422,26/02/2021,0.26,0.42,0.12,113.1,303.15,0.0,54.32,160.52,28.76,1404.25,88.28,85.41,15.3,5.5986,1,PICO_NASCIMENTOS,SAFRA,0,0,0,0,0,0,0,0,0,0,0,0,0,0,0,0,0,0,0,0,0,0,0,0.0,0.03,INEXISTENTE,0.0,27.15,1.9,0.86,1.2,5.7,196.87
423,27/02/2021,0.26,0.42,0.12,,,0.0,,,,,,,,,1,PICO_NASCIMENTOS,SAFRA,0,0,0,0,0,0,0,0,0,0,0,0,0,0,0,0,0,0,0,0,0,0,0,0.0,0.03,INEXISTENTE,0.0,24.83,,,,,
424,28/02/2021,0.26,0.42,0.12,,,0.0,,,,,,,,,1,PICO_NASCIMENTOS,SAFRA,0,0,0,0,0,0,0,0,0,0,0,0,0,0,0,0,0,0,0,0,0,0,0,0.0,0.03,INEXISTENTE,0.0,27.78,,,,,
425,01/03/2021,0.26,0.42,0.12,118.97,299.8,0.0,53.55,161.97,28.93,1391.25,87.98,85.59,15.29,5.6418,1,PICO_NASCIMENTOS,ENTRESAFRA,0,0,0,0,0,0,0,0,0,0,0,0,0,0,0,0,0,0,0,0,0,0,0,0.0,-0.05,INEXISTENTE,0.8,26.78,1.9,0.93,1.2,5.7,206.72
426,02/03/2021,0.26,0.42,0.12,119.42,301.5,0.0,53.22,163.55,28.87,1412.5,87.67,86.11,15.2,5.6761,1,PICO_NASCIMENTOS,ENTRESAFRA,0,0,0,0,0,0,0,0,0,0,0,0,0,0,0,0,0,0,0,0,0,0,0,0.0,-0.05,INEXISTENTE,0.0,26.86,1.9,0.93,1.2,5.7,203.71
427,03/03/2021,0.26,0.42,0.12,119.4,298.15,0.0,51.83,165.47,28.77,1407.5,88.12,87.06,15.14,5.6193,1,PICO_NASCIMENTOS,ENTRESAFRA,0,0,0,0,0,0,0,0,0,0,0,0,0,0,0,0,0,0,0,0,0,0,0,0.0,-0.05,INEXISTENTE,0.0,28.92,1.9,0.93,1.2,5.7,202.87
428,04/03/2021,0.26,0.42,0.12,118.55,303.95,0.0,53.67,164.85,29.11,1410.5,89.0,88.59,15.64,5.6693,1,PICO_NASCIMENTOS,ENTRESAFRA,0,0,0,0,0,0,0,0,0,0,0,0,0,0,0,0,0,0,0,0,0,0,0,0.0,-0.05,INEXISTENTE,0.0,28.29,1.9,0.93,1.2,5.7,204.08
429,05/03/2021,0.26,0.42,0.12,119.03,301.1,0.0,52.88,166.4,29.22,1430.0,90.89,89.07,15.64,5.6908,1,PICO_NASCIMENTOS,ENTRESAFRA,0,0,0,0,0,0,0,0,0,0,0,0,0,0,0,0,0,0,0,0,0,0,0,0.0,-0.05,INEXISTENTE,0.0,30.83,1.9,0.93,1.2,5.7,210.88
430,06/03/2021,0.26,0.42,0.12,,,0.0,,,,,,,,,1,PICO_NASCIMENTOS,ENTRESAFRA,0,0,0,0,0,0,0,0,0,0,0,0,0,0,0,0,0,0,0,0,0,0,0,0.0,-0.05,INEXISTENTE,1.0,27.49,,,,,
431,07/03/2021,0.26,0.42,0.12,,,0.0,,,,,,,,,1,PICO_NASCIMENTOS,ENTRESAFRA,0,0,0,0,0,0,0,0,0,0,0,0,0,0,0,0,0,0,0,0,0,0,0,0.0,-0.05,INEXISTENTE,0.0,30.96,,,,,
432,08/03/2021,0.26,0.42,0.12,119.35,307.5,0.0,53.3,169.58,29.4,1433.75,90.64,89.63,15.54,5.8755,1,PICO_NASCIMENTOS,ENTRESAFRA,0,0,0,0,0,0,0,0,0,0,0,0,0,0,0,0,0,0,0,0,0,0,0,0.0,-0.05,INEXISTENTE,0.2,27.41,1.9,0.93,1.2,5.7,211.0
433,09/03/2021,0.26,0.42,0.12,119.65,306.15,0.0,52.88,171.42,29.61,1440.0,90.78,89.88,15.53,5.8025,1,PICO_NASCIMENTOS,ENTRESAFRA,0,0,0,0,0,0,0,0,0,0,0,0,0,0,0,0,0,0,0,0,0,0,0,0.0,-0.05,INEXISTENTE,0.0,29.37,1.9,0.93,1.2,5.7,206.74
434,10/03/2021,0.26,0.42,0.12,118.78,308.8,0.0,54.6,169.31,29.93,1409.75,91.08,91.59,16.19,5.672,1,PICO_NASCIMENTOS,ENTRESAFRA,0,0,0,0,0,0,0,0,0,0,0,0,0,0,0,0,0,0,0,0,0,0,0,0.0,-0.05,INEXISTENTE,0.0,28.46,1.9,0.93,1.2,5.7,203.71
435,11/03/2021,0.26,0.42,0.12,118.53,308.8,0.0,55.78,165.15,29.83,1413.5,92.33,91.72,16.57,5.5357,1,PICO_NASCIMENTOS,ENTRESAFRA,0,0,0,0,0,0,0,0,0,0,0,0,0,0,0,0,0,0,0,0,0,0,0,0.0,-0.05,INEXISTENTE,0.0,29.34,1.9,0.93,1.2,5.7,202.69
436,12/03/2021,0.26,0.42,0.12,119.0,310.5,0.0,55.81,162.65,29.23,1413.25,92.19,91.73,16.49,5.5518,1,PICO_NASCIMENTOS,ENTRESAFRA,0,0,0,0,0,0,0,0,0,0,0,0,0,0,0,0,0,0,0,0,0,0,0,0.0,-0.05,INEXISTENTE,0.0,29.54,1.9,0.93,1.2,5.7,206.18
437,13/03/2021,0.26,0.42,0.12,,,0.0,,,,,,,,,1,PICO_NASCIMENTOS,ENTRESAFRA,0,0,0,0,0,0,0,0,0,0,0,0,0,0,0,0,0,0,0,0,0,0,0,0.0,-0.05,INEXISTENTE,0.0,28.67,,,,,
438,14/03/2021,0.26,0.42,0.12,,,0.0,,,,,,,,,1,PICO_NASCIMENTOS,ENTRESAFRA,0,0,0,0,0,0,0,0,0,0,0,0,0,0,0,0,0,0,0,0,0,0,0,0.0,-0.05,INEXISTENTE,0.6,28.13,,,,,
439,15/03/2021,0.26,0.42,0.12,119.12,309.6,0.0,54.84,163.73,29.0,1410.25,91.87,92.17,16.33,5.6156,1,PICO_NASCIMENTOS,ENTRESAFRA,0,0,0,0,0,0,0,0,0,0,0,0,0,0,0,0,0,0,0,0,0,0,0,0.0,-0.05,INEXISTENTE,0.0,30.86,1.9,0.93,1.2,5.7,206.12
440,16/03/2021,0.26,0.42,0.12,118.2,309.9,0.0,55.23,163.67,29.17,1413.75,94.89,93.21,16.61,5.6246,1,PICO_NASCIMENTOS,ENTRESAFRA,0,0,0,0,0,0,0,0,0,0,0,0,0,0,0,0,0,0,0,0,0,0,0,0.0,-0.05,INEXISTENTE,0.0,30.33,1.9,0.93,1.2,5.7,204.18
441,17/03/2021,0.26,0.42,0.12,119.42,309.5,0.0,55.44,164.0,29.37,1406.0,94.9,93.44,16.74,5.5832,1,PICO_NASCIMENTOS,ENTRESAFRA,0,0,0,0,0,0,0,0,0,0,0,0,0,0,0,0,0,0,0,0,0,0,0,0.0,-0.05,INEXISTENTE,5.2,28.42,1.9,0.93,1.2,5.7,203.65
442,18/03/2021,0.26,0.42,0.12,118.58,313.5,0.0,56.4,161.82,29.11,1380.5,93.26,93.3,16.78,5.5604,1,PICO_NASCIMENTOS,ENTRESAFRA,0,0,0,0,0,0,0,0,0,0,0,0,0,0,0,0,0,0,0,0,0,0,0,0.0,-0.05,INEXISTENTE,0.0,28.16,2.65,0.93,1.2,5.7,202.86
443,19/03/2021,0.26,0.42,0.12,118.4,311.5,0.0,56.76,160.49,29.24,1403.0,92.78,93.85,17.1,5.4917,1,PICO_NASCIMENTOS,ENTRESAFRA,0,0,0,0,0,0,0,0,0,0,0,0,0,0,0,0,0,0,0,0,0,0,0,0.0,-0.05,INEXISTENTE,0.0,26.75,2.65,0.93,1.2,5.7,199.78
444,20/03/2021,0.26,0.42,0.12,,,0.0,,,,,,,,,1,PICO_NASCIMENTOS,ENTRESAFRA,0,0,0,0,0,0,0,0,0,0,0,0,0,0,0,0,0,0,0,0,0,0,0,0.0,-0.05,INEXISTENTE,0.0,29.29,,,,,
445,21/03/2021,0.26,0.42,0.12,,,0.0,,,,,,,,,1,PICO_NASCIMENTOS,ENTRESAFRA,0,0,0,0,0,0,0,0,0,0,0,0,0,0,0,0,0,0,0,0,0,0,0,0.0,-0.05,INEXISTENTE,2.8,29.76,,,,,
446,22/03/2021,0.26,0.42,0.12,118.78,315.2,0.0,57.17,160.91,29.19,1404.0,92.35,93.27,16.92,5.5045,1,PICO_NASCIMENTOS,ENTRESAFRA,0,0,0,0,0,0,0,0,0,0,0,0,0,0,0,0,0,0,0,0,0,0,0,0.0,-0.05,INEXISTENTE,0.0,30.1,2.65,0.93,1.2,5.7,196.52
447,23/03/2021,0.26,0.42,0.12,119.12,313.8,0.0,56.91,160.64,29.13,1411.25,92.33,92.56,16.79,5.5214,1,PICO_NASCIMENTOS,ENTRESAFRA,0,0,0,0,0,0,0,0,0,0,0,0,0,0,0,0,0,0,0,0,0,0,0,0.0,-0.05,INEXISTENTE,0.0,32.14,2.65,0.93,1.2,5.7,197.09
448,24/03/2021,0.26,0.42,0.12,119.12,310.8,0.0,55.37,161.54,28.78,1421.0,94.14,93.03,16.57,5.6209,1,PICO_NASCIMENTOS,ENTRESAFRA,0,0,0,0,0,0,0,0,0,0,0,0,0,0,0,0,0,0,0,0,0,0,0,0.0,-0.05,INEXISTENTE,0.0,32.71,2.65,0.93,1.2,5.7,201.87
449,25/03/2021,0.26,0.42,0.12,119.55,315.8,0.0,55.73,164.48,29.02,1404.5,93.35,93.31,16.47,5.6475,1,PICO_NASCIMENTOS,ENTRESAFRA,0,0,0,0,0,0,0,0,0,0,0,0,0,0,0,0,0,0,0,0,0,0,0,0.0,-0.05,INEXISTENTE,0.0,32.13,2.65,0.93,1.2,5.7,202.34
450,26/03/2021,0.26,0.42,0.12,120.1,314.45,0.0,54.73,165.07,28.73,1391.25,94.53,93.4,16.25,5.7566,1,PICO_NASCIMENTOS,ENTRESAFRA,0,0,0,0,0,0,0,0,0,0,0,0,0,0,0,0,0,0,0,0,0,0,0,0.0,-0.05,INEXISTENTE,0.0,30.88,2.65,0.93,1.2,5.7,205.48
451,27/03/2021,0.26,0.42,0.12,,,0.0,,,,,,,,,1,PICO_NASCIMENTOS,ENTRESAFRA,0,0,0,0,0,0,0,0,0,0,0,0,0,0,0,0,0,0,0,0,0,0,0,0.0,-0.05,INEXISTENTE,0.0,31.71,,,,,
452,28/03/2021,0.26,0.42,0.12,,,0.0,,,,,,,,,1,PICO_NASCIMENTOS,ENTRESAFRA,0,0,0,0,0,0,0,0,0,0,0,0,0,0,0,0,0,0,0,0,0,0,0,0.0,-0.05,INEXISTENTE,0.0,32.94,,,,,
453,29/03/2021,0.26,0.42,0.12,120.97,315.6,0.0,54.73,165.98,28.78,1385.25,94.59,94.4,16.37,5.7799,1,PICO_NASCIMENTOS,ENTRESAFRA,0,0,0,0,0,0,0,0,0,0,0,0,0,0,0,0,0,0,0,0,0,0,0,0.0,-0.05,INEXISTENTE,0.0,30.55,2.65,0.93,1.2,5.7,206.0
454,30/03/2021,0.26,0.42,0.12,120.97,313.1,0.0,54.48,164.59,28.64,1357.75,94.16,94.22,16.39,5.7745,1,PICO_NASCIMENTOS,ENTRESAFRA,0,0,0,0,0,0,0,0,0,0,0,0,0,0,0,0,0,0,0,0,0,0,0,0.0,-0.05,INEXISTENTE,0.0,32.98,2.65,0.93,1.2,5.7,202.03
455,31/03/2021,0.26,0.42,0.12,120.97,315.8,0.0,56.15,166.44,29.59,1427.75,96.59,93.71,16.66,5.6315,1,PICO_NASCIMENTOS,ENTRESAFRA,0,0,0,0,0,0,0,0,0,0,0,0,0,0,0,0,0,0,0,0,0,0,0,0.0,-0.05,INEXISTENTE,0.0,33.12,2.65,0.93,1.2,5.7,201.33
456,01/04/2021,0.26,0.42,0.12,120.03,316.1,0.0,55.4,166.42,29.17,1396.75,97.43,93.9,16.46,5.7071,1,NASC_COMPLEMENTARES,ENTRESAFRA,0,0,0,0,0,0,0,0,0,0,0,0,0,0,0,0,0,0,0,0,0,0,0,0.0,-0.04,INEXISTENTE,0.0,31.83,2.65,0.31,-0.2,-2.8,203.16
457,02/04/2021,0.26,0.42,0.12,,,0.0,,,,,,,,,1,NASC_COMPLEMENTARES,ENTRESAFRA,0,0,0,0,1,0,0,0,0,0,0,0,0,0,0,0,0,0,0,0,0,0,0,0.5,-0.04,INEXISTENTE,0.0,28.02,,,,,
458,03/04/2021,0.26,0.42,0.12,,,0.0,,,,,,,,,1,NASC_COMPLEMENTARES,ENTRESAFRA,0,0,0,0,1,0,0,0,0,0,0,0,0,0,0,0,0,0,0,0,0,0,0,0.5,-0.04,INEXISTENTE,0.0,30.31,,,,,
459,04/04/2021,0.26,0.42,0.12,,,0.0,,,,,,,,,1,NASC_COMPLEMENTARES,ENTRESAFRA,0,0,0,1,1,0,0,0,0,0,0,0,0,0,0,0,0,0,0,0,0,0,0,1.5,-0.04,INEXISTENTE,0.0,32.93,,,,,
460,05/04/2021,0.26,0.42,0.12,121.38,317.45,0.0,55.97,165.83,29.24,1405.5,99.15,94.04,16.58,5.6632,1,NASC_COMPLEMENTARES,ENTRESAFRA,0,0,0,0,0,0,0,0,0,0,0,0,0,0,0,0,0,0,0,0,0,0,0,0.0,-0.04,INEXISTENTE,0.0,31.05,2.65,0.31,-0.2,-2.8,204.5
461,06/04/2021,0.26,0.42,0.12,122.72,318.95,0.0,56.98,167.34,29.89,1411.25,99.79,94.7,16.92,5.5904,1,NASC_COMPLEMENTARES,ENTRESAFRA,0,0,0,0,0,0,0,0,0,0,0,0,0,0,0,0,0,0,0,0,0,0,0,0.0,-0.04,INEXISTENTE,7.6,29.39,2.65,0.31,-0.2,-2.8,202.18
462,07/04/2021,0.26,0.42,0.12,123.15,316.3,0.0,55.99,165.82,29.35,1403.0,98.94,95.32,16.87,5.6143,1,NASC_COMPLEMENTARES,ENTRESAFRA,0,0,0,0,0,0,0,0,0,0,0,0,0,0,0,0,0,0,0,0,0,0,0,0.0,-0.04,INEXISTENTE,0.0,30.6,2.65,0.31,-0.2,-2.8,201.44
463,08/04/2021,0.26,0.42,0.12,124.15,316.8,0.0,56.85,165.82,29.75,1409.75,99.86,95.49,17.13,5.572,1,NASC_COMPLEMENTARES,ENTRESAFRA,0,0,0,0,0,0,0,0,0,0,0,0,0,0,0,0,0,0,0,0,0,0,0,0.0,-0.04,INEXISTENTE,0.0,27.37,2.65,0.31,-0.2,-2.8,199.86
464,09/04/2021,0.26,0.42,0.12,123.42,319.4,0.0,56.25,168.88,29.74,1398.25,100.51,95.37,16.8,5.6821,1,NASC_COMPLEMENTARES,ENTRESAFRA,0,0,0,0,0,0,0,0,0,0,0,0,0,0,0,0,0,0,0,0,0,0,0,0.0,-0.04,INEXISTENTE,0.2,29.6,2.65,0.31,-0.2,-2.8,201.73
465,10/04/2021,0.26,0.42,0.12,,,0.0,,,,,,,,,1,NASC_COMPLEMENTARES,ENTRESAFRA,0,0,0,0,0,0,0,0,0,0,0,0,0,0,0,0,0,0,0,0,0,0,0,0.0,-0.04,INEXISTENTE,0.0,31.24,,,,,
466,11/04/2021,0.26,0.42,0.12,,,0.0,,,,,,,,,1,NASC_COMPLEMENTARES,ENTRESAFRA,0,0,0,0,0,0,0,0,0,0,0,0,0,0,0,0,0,0,0,0,0,0,0,0.0,-0.04,INEXISTENTE,0.0,30.18,,,,,
467,12/04/2021,0.26,0.42,0.12,122.72,316.45,0.0,55.28,166.91,29.15,1379.0,101.92,95.93,16.76,5.7333,1,NASC_COMPLEMENTARES,ENTRESAFRA,0,0,0,0,0,0,0,0,0,0,0,0,0,0,0,0,0,0,0,0,0,0,0,0.0,-0.04,INEXISTENTE,0.0,30.61,2.65,0.31,-0.2,-2.8,201.79
468,13/04/2021,0.26,0.42,0.12,122.4,316.7,0.0,55.55,168.5,29.56,1384.75,103.87,96.57,16.94,5.7166,1,NASC_COMPLEMENTARES,ENTRESAFRA,0,0,0,0,0,0,0,0,0,0,0,0,0,0,0,0,0,0,0,0,0,0,0,0.0,-0.04,INEXISTENTE,0.8,31.1,2.65,0.31,-0.2,-2.8,202.94
469,14/04/2021,0.26,0.42,0.12,122.1,320.0,0.0,56.4,172.66,30.43,1402.25,100.92,96.92,17.08,5.6526,1,NASC_COMPLEMENTARES,ENTRESAFRA,0,0,0,0,0,0,0,0,0,0,0,0,0,0,0,0,0,0,0,0,0,0,0,0.0,-0.04,INEXISTENTE,0.0,32.05,2.65,0.31,-0.2,-2.8,203.83
470,15/04/2021,0.26,0.42,0.12,121.6,319.4,0.0,56.79,169.4,30.12,1411.0,101.75,97.64,17.36,5.6162,1,NASC_COMPLEMENTARES,ENTRESAFRA,0,0,0,0,0,0,0,0,0,0,0,0,0,0,0,0,0,0,0,0,0,0,0,0.0,-0.04,INEXISTENTE,0.0,29.8,2.65,0.31,-0.2,-2.8,201.15
471,16/04/2021,0.26,0.42,0.12,120.85,312.6,0.0,55.96,171.74,30.74,1422.5,102.73,97.88,17.52,5.5883,1,NASC_COMPLEMENTARES,ENTRESAFRA,0,0,0,0,0,0,0,0,0,0,0,0,0,0,0,0,0,0,0,0,0,0,0,0.0,-0.04,INEXISTENTE,0.2,31.81,2.65,0.31,-0.2,-2.8,204.63
472,17/04/2021,0.26,0.42,0.12,,,0.0,,,,,,,,,1,NASC_COMPLEMENTARES,ENTRESAFRA,0,0,0,0,0,0,0,0,0,0,0,0,0,0,0,0,0,0,0,0,0,0,0,0.0,-0.04,INEXISTENTE,0.0,29.9,,,,,
473,18/04/2021,0.26,0.42,0.12,,,0.0,,,,,,,,,1,NASC_COMPLEMENTARES,ENTRESAFRA,0,0,0,0,0,0,0,0,0,0,0,0,0,0,0,0,0,0,0,0,0,0,0,0.0,-0.04,INEXISTENTE,0.0,28.21,,,,,
474,19/04/2021,0.26,0.42,0.12,120.35,315.4,0.0,56.71,172.01,30.93,1436.5,103.53,97.91,17.6,5.5461,1,NASC_COMPLEMENTARES,ENTRESAFRA,0,0,0,0,0,0,0,0,0,0,0,0,0,0,0,0,0,0,0,0,0,0,0,0.0,-0.04,INEXISTENTE,0.0,27.53,2.65,0.31,-0.2,-2.8,202.67
475,20/04/2021,0.26,0.42,0.12,120.58,315.85,0.0,56.84,171.7,30.9,1457.75,102.27,97.78,17.6,5.5687,1,NASC_COMPLEMENTARES,ENTRESAFRA,0,0,0,0,0,0,0,0,0,0,0,0,0,0,0,0,0,0,0,0,0,0,0,0.0,-0.04,INEXISTENTE,1.4,26.33,2.65,0.31,-0.2,-2.8,203.19
476,21/04/2021,0.26,0.42,0.12,119.78,,0.0,,,,1479.5,,,,5.569,1,NASC_COMPLEMENTARES,ENTRESAFRA,0,0,0,0,0,0,0,0,0,0,0,0,0,0,0,0,0,0,0,0,0,0,0,0.0,-0.04,INEXISTENTE,0.0,28.2,,,,,
477,22/04/2021,0.26,0.42,0.12,118.33,316.65,0.0,57.97,175.64,32.16,1514.25,104.34,97.98,17.94,5.4448,1,NASC_COMPLEMENTARES,ENTRESAFRA,0,0,0,0,0,0,0,0,0,0,0,0,0,0,0,0,0,0,0,0,0,0,0,0.0,-0.04,INEXISTENTE,0.0,29.61,2.65,0.31,-0.2,-2.8,203.2
478,23/04/2021,0.26,0.42,0.12,117.85,315.4,0.0,57.4,174.5,31.76,1516.0,104.0,98.7,17.96,5.4751,1,NASC_COMPLEMENTARES,ENTRESAFRA,0,0,0,0,0,0,0,0,0,0,0,0,0,0,0,0,0,0,0,0,0,0,0,0.0,-0.04,INEXISTENTE,0.0,30.17,2.65,0.31,-0.2,-2.8,204.37
479,24/04/2021,0.26,0.42,0.12,,,0.0,,,,,,,,,1,NASC_COMPLEMENTARES,ENTRESAFRA,0,0,0,0,0,0,0,0,0,0,0,0,0,0,0,0,0,0,0,0,0,0,0,0.0,-0.04,INEXISTENTE,0.0,31.63,,,,,
480,25/04/2021,0.26,0.42,0.12,,,0.0,,,,,,,,,1,NASC_COMPLEMENTARES,ENTRESAFRA,0,0,0,0,0,0,0,0,0,0,0,0,0,0,0,0,0,0,0,0,0,0,0,0.0,-0.04,INEXISTENTE,0.0,31.91,,,,,
481,26/04/2021,0.26,0.42,0.12,118.5,315.6,0.0,57.82,176.12,32.27,1539.25,106.22,99.28,18.19,5.4364,1,NASC_COMPLEMENTARES,ENTRESAFRA,0,0,0,0,0,0,0,0,0,0,0,0,0,0,0,0,0,0,0,0,0,0,0,0.0,-0.04,INEXISTENTE,0.0,28.98,2.65,0.31,-0.2,-2.8,201.78
482,27/04/2021,0.26,0.42,0.12,118.38,313.4,0.0,57.35,176.56,32.31,1519.5,106.92,98.88,18.09,5.449,1,NASC_COMPLEMENTARES,ENTRESAFRA,0,0,0,0,0,0,0,0,0,0,0,0,0,0,0,0,0,0,0,0,0,0,0,0.0,-0.04,INEXISTENTE,0.0,30.46,2.65,0.31,-0.2,-2.8,201.87
483,28/04/2021,0.26,0.42,0.12,118.95,312.1,0.0,58.18,175.47,32.71,1513.75,104.34,99.25,18.5,5.343,1,NASC_COMPLEMENTARES,ENTRESAFRA,0,0,0,0,0,0,0,0,0,0,0,0,0,0,0,0,0,0,0,0,0,0,0,0.0,-0.04,INEXISTENTE,0.0,29.9,2.65,0.31,-0.2,-2.8,198.17
484,29/04/2021,0.26,0.42,0.12,119.47,313.7,0.0,58.59,172.57,32.23,1502.25,101.52,99.78,18.64,5.3375,1,NASC_COMPLEMENTARES,ENTRESAFRA,0,0,0,0,0,0,0,0,0,0,0,0,0,0,0,0,0,0,0,0,0,0,0,0.0,-0.04,INEXISTENTE,0.0,28.13,2.65,0.31,-0.2,-2.8,200.84
485,30/04/2021,0.26,0.42,0.12,116.0,312.95,0.0,57.59,172.1,31.67,1534.25,103.2,99.76,18.36,5.4366,1,NASC_COMPLEMENTARES,ENTRESAFRA,0,0,0,0,0,0,0,0,0,0,0,0,0,0,0,0,0,0,0,0,0,0,0,0.0,-0.04,INEXISTENTE,13.4,28.23,2.65,0.31,-0.2,-2.8,199.12
486,01/05/2021,0.26,0.42,0.12,,,0.0,,,,,,,,,1,NASC_COMPLEMENTARES,PLANEJAMENTO,0,0,0,0,0,0,0,0,0,0,0,0,0,0,0,0,0,0,0,0,0,0,0,0.0,-3.39,INEXISTENTE,0.0,29.91,,,,,
487,02/05/2021,0.26,0.42,0.12,,,0.0,,,,,,,,,1,NASC_COMPLEMENTARES,PLANEJAMENTO,0,0,0,0,0,0,0,0,0,0,0,0,0,0,0,0,0,0,0,0,0,0,0,0.0,-3.39,INEXISTENTE,0.0,29.72,,,,,
488,03/05/2021,0.26,0.42,0.12,115.3,314.2,0.0,57.95,172.9,31.89,1524.0,104.64,99.84,18.41,5.442,1,NASC_COMPLEMENTARES,PLANEJAMENTO,0,0,0,0,0,0,0,0,0,0,0,0,0,0,0,0,0,0,0,0,0,0,0,0.0,-3.39,INEXISTENTE,0.0,30.51,2.65,0.83,-0.2,-2.8,200.81
489,04/05/2021,0.26,0.42,0.12,113.03,313.1,0.0,57.63,176.32,32.45,1538.25,102.68,99.79,18.37,5.4435,1,NASC_COMPLEMENTARES,PLANEJAMENTO,0,0,0,0,0,0,0,0,0,0,0,0,0,0,0,0,0,0,0,0,0,0,0,0.0,-3.39,INEXISTENTE,0.0,30.06,2.65,0.83,-0.2,-2.8,201.46
490,05/05/2021,0.26,0.42,0.12,114.42,307.5,0.0,57.31,176.96,32.98,1542.25,101.72,100.24,18.68,5.3542,1,NASC_COMPLEMENTARES,PLANEJAMENTO,0,0,0,0,0,0,0,0,0,0,0,0,0,0,0,0,0,0,0,0,0,0,0,0.0,-3.39,INEXISTENTE,0.0,30.54,2.65,0.83,-0.2,-2.8,200.18
491,06/05/2021,0.26,0.42,0.12,115.47,309.6,0.0,58.63,174.18,32.98,1569.5,102.32,100.9,19.11,5.276,1,NASC_COMPLEMENTARES,PLANEJAMENTO,0,0,0,0,0,0,0,0,0,0,0,0,0,0,0,0,0,0,0,0,0,0,0,0.0,-3.39,INEXISTENTE,0.0,30.29,3.4,0.83,-0.2,-2.8,201.45
492,07/05/2021,0.26,0.42,0.12,116.03,311.45,0.0,59.64,173.52,33.23,1589.75,102.46,101.56,19.45,5.2368,1,NASC_COMPLEMENTARES,PLANEJAMENTO,0,0,0,0,0,0,1,0,0,0,0,0,0,0,0,0,0,0,0,0,0,0,0,0.5,-3.39,INEXISTENTE,0.0,28.85,3.4,0.83,-0.2,-2.8,200.04
493,08/05/2021,0.26,0.42,0.12,,,0.0,,,,,,,,,1,NASC_COMPLEMENTARES,PLANEJAMENTO,0,0,0,0,0,0,1,0,0,0,0,0,0,0,0,0,0,0,0,0,0,0,0,0.5,-3.39,INEXISTENTE,0.0,30.49,,,,,
494,09/05/2021,0.26,0.42,0.12,,,0.0,,,,,,,,,1,NASC_COMPLEMENTARES,PLANEJAMENTO,0,0,0,0,0,1,1,0,0,0,0,0,0,0,0,0,0,0,0,0,0,0,0,1.5,-3.39,INEXISTENTE,0.0,32.18,,,,,
495,10/05/2021,0.26,0.42,0.12,118.22,311.4,0.0,59.53,172.4,32.96,1587.5,102.73,101.23,19.35,5.2272,1,NASC_COMPLEMENTARES,PLANEJAMENTO,0,0,0,0,0,0,0,0,0,0,0,0,0,0,0,0,0,0,0,0,0,0,0,0.0,-3.39,INEXISTENTE,0.0,30.68,3.4,0.83,-0.2,-2.8,205.1
496,11/05/2021,0.26,0.42,0.12,118.62,312.1,0.0,59.74,173.93,33.29,1614.75,102.55,101.4,19.41,5.2208,1,NASC_COMPLEMENTARES,PLANEJAMENTO,0,0,0,0,0,0,0,0,0,0,0,0,0,0,0,0,0,0,0,0,0,0,0,0.0,-3.39,INEXISTENTE,0.0,29.74,3.4,0.83,-0.2,-2.8,209.08
497,12/05/2021,0.26,0.42,0.12,118.6,307.7,0.0,58.1,177.48,33.51,1642.5,102.35,102.39,19.33,5.3061,1,NASC_COMPLEMENTARES,PLANEJAMENTO,0,0,0,0,0,0,0,0,0,0,0,0,0,0,0,0,0,0,0,0,0,0,0,0.0,-3.39,INEXISTENTE,0.0,30.66,3.4,0.83,-0.2,-2.8,211.03
498,13/05/2021,0.26,0.42,0.12,115.6,311.85,0.0,58.85,173.0,32.65,1584.0,102.28,101.79,19.21,5.309,1,NASC_COMPLEMENTARES,PLANEJAMENTO,0,0,0,0,0,0,0,0,0,0,0,0,0,0,0,0,0,0,0,0,0,0,0,0.0,-3.39,INEXISTENTE,0.0,31.42,3.4,0.83,-0.2,-2.8,212.2
499,14/05/2021,0.26,0.42,0.12,115.3,307.0,0.0,58.25,171.88,32.61,1586.25,101.99,101.34,19.23,5.2728,1,NASC_COMPLEMENTARES,PLANEJAMENTO,0,0,0,0,0,0,0,0,0,0,0,0,0,0,0,0,0,0,0,0,0,0,0,0.0,-3.39,INEXISTENTE,0.0,32.19,3.4,0.83,-0.2,-2.8,213.91
500,15/05/2021,0.26,0.42,0.12,,,0.0,,,,,,,,,1,NASC_COMPLEMENTARES,PLANEJAMENTO,0,0,0,0,0,0,0,0,0,0,0,0,0,0,0,0,0,0,0,0,0,0,0,0.0,-3.39,INEXISTENTE,0.0,30.2,,,,,
501,16/05/2021,0.26,0.42,0.12,,,0.0,,,,,,,,,1,NASC_COMPLEMENTARES,PLANEJAMENTO,0,0,0,0,0,0,0,0,0,0,0,0,0,0,0,0,0,0,0,0,0,0,0,0.0,-3.39,INEXISTENTE,0.0,29.8,,,,,
502,17/05/2021,0.26,0.42,0.12,115.35,303.2,0.0,57.58,171.58,32.58,1525.5,101.4,101.08,19.2,5.2729,1,NASC_COMPLEMENTARES,PLANEJAMENTO,0,0,0,0,0,0,0,0,0,0,0,0,0,0,0,0,0,0,0,0,0,0,0,0.0,-3.39,INEXISTENTE,0.0,30.48,3.4,0.83,-0.2,-2.8,213.36
503,18/05/2021,0.26,0.42,0.12,116.75,306.55,0.0,58.43,170.51,32.5,1521.25,98.43,103.23,19.68,5.2605,1,NASC_COMPLEMENTARES,PLANEJAMENTO,0,0,0,0,0,0,0,0,0,0,0,0,0,0,0,0,0,0,0,0,0,0,0,0.0,-3.39,INEXISTENTE,0.0,28.98,3.4,0.83,-0.2,-2.8,211.19
504,19/05/2021,0.26,0.42,0.12,116.9,309.35,0.0,58.2,167.59,31.53,1485.5,98.12,102.72,19.33,5.3094,1,NASC_COMPLEMENTARES,PLANEJAMENTO,0,0,0,0,0,0,0,0,0,0,0,0,0,0,0,0,0,0,0,0,0,0,0,0.0,-3.39,INEXISTENTE,0.0,30.17,3.4,0.83,-0.2,-2.8,208.85
505,20/05/2021,0.26,0.42,0.12,116.6,305.45,0.0,57.93,167.4,31.75,1480.25,97.19,102.06,19.35,5.2825,1,NASC_COMPLEMENTARES,PLANEJAMENTO,0,0,0,0,0,0,0,0,0,0,0,0,0,0,0,0,0,0,0,0,0,0,0,0.0,-3.39,INEXISTENTE,0.0,31.18,3.4,0.83,-0.2,-2.8,212.94
506,21/05/2021,0.26,0.42,0.12,117.67,312.4,0.0,58.41,168.36,31.48,1472.25,94.96,101.93,19.06,5.3617,1,NASC_COMPLEMENTARES,PLANEJAMENTO,0,0,0,0,0,0,0,0,0,0,0,0,0,0,0,0,0,0,0,0,0,0,0,0.0,-3.39,INEXISTENTE,0.0,32.56,3.4,0.83,-0.2,-2.8,214.69
507,22/05/2021,0.26,0.42,0.12,,,0.0,,,,,,,,,1,NASC_COMPLEMENTARES,PLANEJAMENTO,0,0,0,0,0,0,0,0,0,0,0,0,0,0,0,0,0,0,0,0,0,0,0,0.0,-3.39,INEXISTENTE,0.0,32.12,,,,,
508,23/05/2021,0.26,0.42,0.12,,,0.0,,,,,,,,,1,NASC_COMPLEMENTARES,PLANEJAMENTO,0,0,0,0,0,0,0,0,0,0,0,0,0,0,0,0,0,0,0,0,0,0,0,0.0,-3.39,INEXISTENTE,0.0,30.7,,,,,
509,24/05/2021,0.26,0.42,0.12,116.75,307.5,0.0,57.78,168.49,31.66,1471.0,92.37,101.12,19.0,5.3175,1,NASC_COMPLEMENTARES,PLANEJAMENTO,0,0,0,0,0,0,0,0,0,0,0,0,0,0,0,0,0,0,0,0,0,0,0,0.0,-3.39,INEXISTENTE,0.0,31.24,3.4,0.83,-0.2,-2.8,214.23
510,25/05/2021,0.26,0.42,0.12,116.72,309.0,0.0,57.9,168.67,31.6,1460.5,91.45,98.66,18.49,5.3312,1,NASC_COMPLEMENTARES,PLANEJAMENTO,0,0,0,0,0,0,0,0,0,0,0,0,0,0,0,0,0,0,0,0,0,0,0,0.0,-3.39,INEXISTENTE,0.0,32.93,3.4,0.83,-0.2,-2.8,211.83
511,26/05/2021,0.26,0.42,0.12,116.45,312.75,0.0,58.91,168.51,31.74,1453.0,91.89,96.83,18.24,5.3115,1,NASC_COMPLEMENTARES,PLANEJAMENTO,0,0,0,0,0,0,0,0,0,0,0,0,0,0,0,0,0,0,0,0,0,0,0,0.0,-3.39,INEXISTENTE,0.0,32.61,3.4,0.83,-0.2,-2.8,213.06
512,27/05/2021,0.26,0.42,0.12,116.35,314.6,0.0,59.89,168.42,32.06,1487.25,93.93,97.69,18.6,5.2383,1,NASC_COMPLEMENTARES,PLANEJAMENTO,0,0,0,0,0,0,0,0,0,0,0,0,0,0,0,0,0,0,0,0,0,0,0,0.0,-3.39,INEXISTENTE,0.0,31.6,3.4,0.83,-0.2,-2.8,214.99
513,28/05/2021,0.26,0.42,0.12,115.88,317.1,0.0,60.77,168.22,32.24,1482.0,94.0,99.24,19.02,5.2244,1,NASC_COMPLEMENTARES,PLANEJAMENTO,0,0,0,0,0,0,0,0,0,0,0,0,0,0,0,0,0,0,0,0,0,0,0,0.0,-3.39,INEXISTENTE,0.0,31.07,3.4,0.83,-0.2,-2.8,215.65
514,29/05/2021,0.26,0.42,0.12,,,0.0,,,,,,,,,1,NASC_COMPLEMENTARES,PLANEJAMENTO,0,0,0,0,0,0,0,0,0,0,0,0,0,0,0,0,0,0,0,0,0,0,0,0.0,-3.39,INEXISTENTE,0.0,30.42,,,,,
515,30/05/2021,0.26,0.42,0.12,,,0.0,,,,,,,,,1,NASC_COMPLEMENTARES,PLANEJAMENTO,0,0,0,0,0,0,0,0,0,0,0,0,0,0,0,0,0,0,0,0,0,0,0,0.0,-3.39,INEXISTENTE,0.0,31.28,,,,,
516,31/05/2021,0.26,0.42,0.12,,,0.0,,,,,,,,,1,NASC_COMPLEMENTARES,PLANEJAMENTO,0,0,0,0,0,0,0,0,0,0,0,0,0,0,0,0,0,0,0,0,0,0,0,0.0,-3.39,INEXISTENTE,0.0,30.97,3.4,0.83,-0.2,-2.8,
517,01/06/2021,0.26,0.42,0.12,113.55,313.0,0.0,60.71,168.91,32.76,1500.75,97.2,99.23,19.24,5.1509,1,NASC_COMPLEMENTARES,PLANEJAMENTO,0,0,0,0,0,0,0,1,0,0,0,0,0,0,0,0,0,0,0,0,0,0,0,0.5,-2.95,INEXISTENTE,0.0,31.48,3.4,0.53,-0.2,-2.8,210.12
518,02/06/2021,0.26,0.42,0.12,117.12,307.9,0.0,60.47,167.98,32.99,1516.25,95.42,98.67,19.38,5.0754,1,NASC_COMPLEMENTARES,PLANEJAMENTO,0,0,0,0,0,0,0,1,0,0,0,0,0,0,0,0,0,0,0,0,0,0,0,0.5,-2.95,INEXISTENTE,0.0,31.31,3.4,0.53,-0.2,-2.8,213.24
519,03/06/2021,0.26,0.42,0.12,116.78,,0.0,,,,1504.25,,,,5.0775,1,NASC_COMPLEMENTARES,PLANEJAMENTO,0,0,0,0,0,0,0,1,0,0,0,0,0,0,0,0,0,0,0,0,0,0,0,0.5,-2.95,INEXISTENTE,0.0,32.59,,,,,
520,04/06/2021,0.26,0.42,0.12,116.83,311.45,0.0,61.86,168.26,33.42,1537.5,95.09,98.63,19.59,5.0495,1,NASC_COMPLEMENTARES,PLANEJAMENTO,0,0,0,0,0,0,0,1,0,0,0,0,0,0,0,0,0,0,0,0,0,0,0,0.5,-2.95,INEXISTENTE,0.0,31.73,3.4,0.53,-0.2,-2.8,215.27
521,05/06/2021,0.26,0.42,0.12,,,0.0,,,,,,,,,1,NASC_COMPLEMENTARES,PLANEJAMENTO,0,0,0,0,0,0,0,1,0,0,0,0,0,0,0,0,0,0,0,0,0,0,0,0.5,-2.95,INEXISTENTE,0.0,30.93,,,,,
522,06/06/2021,0.26,0.42,0.12,,,0.0,,,,,,,,,1,NASC_COMPLEMENTARES,PLANEJAMENTO,0,0,0,0,0,0,0,1,0,0,0,0,0,0,0,0,0,0,0,0,0,0,0,0.5,-2.95,INEXISTENTE,0.0,31.05,,,,,
523,07/06/2021,0.26,0.42,0.12,116.22,308.75,0.0,61.3,168.69,33.49,1522.25,94.82,97.04,19.27,5.0451,1,NASC_COMPLEMENTARES,PLANEJAMENTO,0,0,0,0,0,0,0,1,0,0,0,0,0,0,0,0,0,0,0,0,0,0,0,0.5,-2.95,INEXISTENTE,0.0,31.07,3.4,0.53,-0.2,-2.8,215.0
524,08/06/2021,0.26,0.42,0.12,116.72,316.7,0.0,62.86,168.34,33.41,1539.5,94.46,96.57,19.17,5.0325,1,NASC_COMPLEMENTARES,PLANEJAMENTO,0,0,0,0,0,0,0,1,0,0,0,0,0,0,0,0,0,0,0,0,0,0,0,0.5,-2.95,INEXISTENTE,0.0,31.01,3.4,0.53,-0.2,-2.8,214.55
525,09/06/2021,0.26,0.42,0.12,117.4,315.85,0.0,62.3,167.62,33.06,1523.0,94.06,95.72,18.88,5.0621,1,NASC_COMPLEMENTARES,PLANEJAMENTO,0,0,0,0,0,0,0,1,0,0,0,0,0,0,0,0,0,0,0,0,0,0,0,0.5,-2.95,INEXISTENTE,0.0,31.86,3.4,0.53,-0.2,-2.8,212.45
526,10/06/2021,0.26,0.42,0.12,117.58,317.35,0.0,62.67,165.94,32.77,1510.0,93.66,95.21,18.8,5.0552,1,NASC_COMPLEMENTARES,PLANEJAMENTO,0,0,0,0,0,0,0,1,0,0,0,0,0,0,0,0,0,0,0,0,0,0,0,0.5,-2.95,INEXISTENTE,0.0,32.29,3.4,0.53,-0.2,-2.8,209.85
527,11/06/2021,0.26,0.42,0.12,118.7,319.45,0.0,62.39,165.35,32.29,1482.5,92.16,94.88,18.53,5.1171,1,NASC_COMPLEMENTARES,PLANEJAMENTO,0,0,0,0,0,0,0,1,0,0,0,0,0,0,0,0,0,0,0,0,0,0,0,0.5,-2.95,INEXISTENTE,0.0,31.08,3.4,0.53,-0.2,-2.8,211.42
528,12/06/2021,0.26,0.42,0.12,,,0.0,,,,,,,,,1,NASC_COMPLEMENTARES,PLANEJAMENTO,0,0,0,0,0,0,0,1,0,0,0,0,0,0,0,0,0,0,0,0,0,0,0,0.5,-2.95,INEXISTENTE,0.0,30.1,,,,,
529,13/06/2021,0.26,0.42,0.12,,,0.0,,,,,,,,,1,NASC_COMPLEMENTARES,PLANEJAMENTO,0,0,0,0,0,0,0,1,1,0,0,0,0,0,0,0,0,0,0,0,0,0,0,1.5,-2.95,INEXISTENTE,0.0,30.83,,,,,
530,14/06/2021,0.26,0.42,0.12,119.38,319.45,0.0,62.98,162.36,32.01,1441.25,89.98,94.29,18.59,5.0601,1,NASC_COMPLEMENTARES,PLANEJAMENTO,0,0,0,0,0,0,0,1,0,0,0,0,0,0,0,0,0,0,0,0,0,0,0,0.5,-2.95,INEXISTENTE,0.0,31.66,3.4,0.53,-0.2,-2.8,213.62
531,15/06/2021,0.26,0.42,0.12,121.22,317.35,0.0,62.93,159.24,31.58,1426.0,88.83,93.27,18.5,5.0437,1,NASC_COMPLEMENTARES,PLANEJAMENTO,0,0,0,0,0,0,0,1,0,0,0,0,0,0,0,0,0,0,0,0,0,0,0,0.5,-2.95,INEXISTENTE,0.0,29.73,3.4,0.53,-0.2,-2.8,213.9
532,16/06/2021,0.26,0.42,0.12,122.3,319.65,0.0,63.36,157.22,31.16,1402.0,87.16,91.6,18.16,5.0545,1,NASC_COMPLEMENTARES,PLANEJAMENTO,0,0,0,0,0,0,0,1,0,0,0,0,0,0,0,0,0,0,0,0,0,0,0,0.5,-2.95,INEXISTENTE,0.0,29.52,3.4,0.53,-0.2,-2.8,215.74
533,17/06/2021,0.26,0.42,0.12,120.1,318.9,0.0,63.48,148.09,29.48,1295.0,82.8,89.56,17.83,5.0059,1,NASC_COMPLEMENTARES,PLANEJAMENTO,0,0,0,0,0,0,0,1,0,0,0,0,0,0,0,0,0,0,0,0,0,0,0,0.5,-2.95,INEXISTENTE,0.0,30.82,4.15,0.53,-0.2,-2.8,213.92
534,18/06/2021,0.26,0.42,0.12,121.05,320.9,0.0,63.29,148.08,29.21,1355.0,83.98,89.87,17.73,5.0894,1,NASC_COMPLEMENTARES,PLANEJAMENTO,0,0,0,0,0,0,0,1,0,0,0,0,0,0,0,0,0,0,0,0,0,0,0,0.5,-2.95,INEXISTENTE,0.0,30.75,4.15,0.53,-0.2,-2.8,207.72
535,19/06/2021,0.26,0.42,0.12,,,0.0,,,,,,,,,1,NASC_COMPLEMENTARES,PLANEJAMENTO,0,0,0,0,0,0,0,1,0,0,0,0,0,0,0,0,0,0,0,0,0,0,0,0.5,-2.95,INEXISTENTE,0.0,32.29,,,,,
536,20/06/2021,0.26,0.42,0.12,,,0.0,,,,,,,,,1,NASC_COMPLEMENTARES,PLANEJAMENTO,0,0,0,0,0,0,0,1,0,0,0,0,0,0,0,0,0,0,0,0,0,0,0,0.5,-2.95,INEXISTENTE,0.0,31.37,,,,,
537,21/06/2021,0.26,0.42,0.12,120.97,318.25,0.0,63.37,149.01,29.67,1370.25,83.21,88.52,17.63,5.013,1,NASC_COMPLEMENTARES,PLANEJAMENTO,0,0,0,0,0,0,0,1,0,0,0,0,0,0,0,0,0,0,0,0,0,0,0,0.5,-2.95,INEXISTENTE,0.0,32.78,4.15,0.53,-0.2,-2.8,212.94
538,22/06/2021,0.26,0.42,0.12,123.1,319.55,0.0,64.37,149.5,30.12,1352.0,80.69,87.72,17.67,4.9574,1,NASC_COMPLEMENTARES,PLANEJAMENTO,0,0,0,0,0,0,0,1,0,0,0,0,0,0,0,0,0,0,0,0,0,0,0,0.5,-2.95,INEXISTENTE,0.0,32.07,4.15,0.53,-0.2,-2.8,212.8
539,23/06/2021,0.26,0.42,0.12,122.5,319.9,0.0,64.43,148.4,29.89,1346.0,81.17,87.27,17.58,4.9667,1,NASC_COMPLEMENTARES,PLANEJAMENTO,0,0,0,0,0,0,0,1,0,0,0,0,0,0,0,0,0,0,0,0,0,0,0,0.5,-2.95,INEXISTENTE,0.0,32.01,4.15,0.53,-0.2,-2.8,211.72
540,24/06/2021,0.26,0.42,0.12,122.83,318.9,0.0,65.02,145.95,29.76,1334.0,81.78,86.25,17.58,4.9137,1,NASC_COMPLEMENTARES,PLANEJAMENTO,0,0,0,0,0,0,0,1,0,1,0,0,0,0,0,0,0,0,0,0,0,0,0,1.5,-2.95,INEXISTENTE,0.0,32.6,4.15,0.53,-0.2,-2.8,213.9
541,25/06/2021,0.26,0.42,0.12,122.83,319.45,0.0,64.51,144.53,29.19,1302.75,83.01,86.27,17.42,4.9335,1,NASC_COMPLEMENTARES,PLANEJAMENTO,0,0,0,0,0,0,0,1,0,0,0,0,0,0,0,0,0,0,0,0,0,0,0,0.5,-2.95,INEXISTENTE,0.0,31.47,4.15,0.53,-0.2,-2.8,215.02
542,26/06/2021,0.26,0.42,0.12,,,0.0,,,,,,,,,1,NASC_COMPLEMENTARES,PLANEJAMENTO,0,0,0,0,0,0,0,1,0,0,0,0,0,0,0,0,0,0,0,0,0,0,0,0.5,-2.95,INEXISTENTE,0.0,30.7,,,,,
543,27/06/2021,0.26,0.42,0.12,,,0.0,,,,,,,,,1,NASC_COMPLEMENTARES,PLANEJAMENTO,0,0,0,0,0,0,0,1,0,0,0,0,0,0,0,0,0,0,0,0,0,0,0,0.5,-2.95,INEXISTENTE,0.0,30.34,,,,,
544,28/06/2021,0.26,0.42,0.12,122.1,321.9,0.0,65.35,145.88,29.61,1336.75,87.16,86.63,17.59,4.9244,1,NASC_COMPLEMENTARES,PLANEJAMENTO,0,0,0,0,0,0,0,1,0,0,0,0,0,0,0,0,0,0,0,0,0,0,0,0.5,-2.95,INEXISTENTE,0.0,30.28,4.15,0.53,-0.2,-2.8,212.16
545,29/06/2021,0.26,0.42,0.12,122.55,319.65,0.0,64.73,147.55,29.88,1339.75,93.26,87.14,17.65,4.9559,1,NASC_COMPLEMENTARES,PLANEJAMENTO,0,0,0,0,0,0,0,1,0,0,1,0,0,0,0,0,0,0,0,0,0,0,0,1.5,-2.95,INEXISTENTE,0.0,25.77,4.15,0.53,-0.2,-2.8,210.27
546,30/06/2021,0.26,0.42,0.12,122.5,318.5,0.0,64.05,153.38,30.84,1430.0,89.15,89.57,18.01,4.9686,1,NASC_COMPLEMENTARES,PLANEJAMENTO,0,0,0,0,0,0,0,1,0,0,0,0,0,0,0,0,0,0,0,0,0,0,0,0.5,-2.95,INEXISTENTE,0.0,25.21,4.15,0.53,-0.2,-2.8,209.66
547,01/07/2021,0.26,0.42,0.12,123.58,316.2,0.0,62.64,158.1,31.32,1429.75,91.03,91.25,18.08,5.0476,1,MENOR_TX_NASC,PLANEJAMENTO,0,0,0,0,0,0,0,0,0,0,0,1,0,0,0,0,0,0,0,0,0,0,0,0.5,-3.14,INEXISTENTE,0.0,28.66,4.15,0.96,-0.2,-8.0,211.16
548,02/07/2021,0.26,0.42,0.12,122.0,316.05,0.0,62.61,158.69,31.44,1433.25,92.07,92.1,18.24,5.0575,1,MENOR_TX_NASC,PLANEJAMENTO,0,0,0,0,0,0,0,0,0,0,0,1,0,0,0,0,0,0,0,0,0,0,0,0.5,-3.14,INEXISTENTE,0.0,31.14,4.15,0.96,-0.2,-8.0,210.49
549,03/07/2021,0.26,0.42,0.12,,,0.0,,,,,,,,,1,MENOR_TX_NASC,PLANEJAMENTO,0,0,0,0,0,0,0,0,0,0,0,1,0,0,0,0,0,0,0,0,0,0,0,0.5,-3.14,INEXISTENTE,0.0,31.79,,,,,
550,04/07/2021,0.26,0.42,0.12,,,0.0,,,,,,,,,1,MENOR_TX_NASC,PLANEJAMENTO,0,0,0,0,0,0,0,0,0,0,0,1,0,0,0,0,0,0,0,0,0,0,0,0.5,-3.14,INEXISTENTE,0.0,30.78,,,,,
551,05/07/2021,0.26,0.42,0.12,,,0.0,,,,,,,,,1,MENOR_TX_NASC,PLANEJAMENTO,0,0,0,0,0,0,0,0,0,0,0,1,0,0,0,0,0,0,0,0,0,0,0,0.5,-3.14,INEXISTENTE,0.0,31.07,4.15,0.96,-0.2,-8.0,
552,06/07/2021,0.26,0.42,0.12,122.4,319.65,0.0,61.47,155.77,29.96,1344.25,92.34,94.44,18.16,5.1969,1,MENOR_TX_NASC,PLANEJAMENTO,0,0,0,0,0,0,0,0,0,0,0,1,0,0,0,0,0,0,0,0,0,0,0,0.5,-3.14,INEXISTENTE,0.0,31.56,4.15,0.96,-0.2,-8.0,205.09
553,07/07/2021,0.26,0.42,0.12,120.6,319.2,0.0,60.99,157.5,30.09,1366.75,94.1,95.17,18.18,5.2315,1,MENOR_TX_NASC,PLANEJAMENTO,0,0,0,0,0,0,0,0,0,0,0,1,0,0,0,0,0,0,0,0,0,0,0,0.5,-3.14,INEXISTENTE,0.0,32.01,4.15,0.96,-0.2,-8.0,204.01
554,08/07/2021,0.26,0.42,0.12,119.28,319.5,0.0,60.81,160.17,30.48,1365.25,95.25,95.93,18.26,5.2579,1,MENOR_TX_NASC,PLANEJAMENTO,0,0,0,0,0,0,0,0,0,0,0,1,0,0,0,0,0,0,0,0,0,0,0,0.5,-3.14,INEXISTENTE,0.0,30.02,4.15,0.96,-0.2,-8.0,204.6
555,09/07/2021,0.26,0.42,0.12,119.22,,0.0,,160.24,30.59,1379.25,,96.21,18.36,5.2579,1,MENOR_TX_NASC,PLANEJAMENTO,0,0,0,0,0,0,0,0,0,0,0,1,0,0,0,0,0,0,0,0,0,0,0,0.5,-3.14,INEXISTENTE,0.0,31.93,4.15,0.96,-0.2,-8.0,206.64
556,10/07/2021,0.26,0.42,0.12,,,0.0,,,,,,,,,1,MENOR_TX_NASC,PLANEJAMENTO,0,0,0,0,0,0,0,0,0,0,0,1,0,0,0,0,0,0,0,0,0,0,0,0.5,-3.14,INEXISTENTE,0.0,31.49,,,,,
557,11/07/2021,0.26,0.42,0.12,,,0.0,,,,,,,,,1,MENOR_TX_NASC,PLANEJAMENTO,0,0,0,0,0,0,0,0,0,0,0,1,0,0,0,0,0,0,0,0,0,0,0,0.5,-3.14,INEXISTENTE,0.0,30.9,,,,,
558,12/07/2021,0.26,0.42,0.12,119.83,319.15,0.0,61.73,161.8,31.3,1404.25,95.38,96.24,18.62,5.173,1,MENOR_TX_NASC,PLANEJAMENTO,0,0,0,0,0,0,0,0,0,0,0,1,0,0,0,0,0,0,0,0,0,0,0,0.5,-3.14,INEXISTENTE,0.0,31.98,4.15,0.96,-0.2,-8.0,207.26
559,13/07/2021,0.26,0.42,0.12,121.75,318.0,0.0,61.5,163.45,31.61,1414.75,95.67,96.43,18.65,5.1622,1,MENOR_TX_NASC,PLANEJAMENTO,0,0,0,0,0,0,0,0,0,0,0,1,0,0,0,0,0,0,0,0,0,0,0,0.5,-3.14,INEXISTENTE,0.0,32.63,4.15,0.96,-0.2,-8.0,207.44
560,14/07/2021,0.26,0.42,0.12,121.25,320.7,0.0,63.23,164.02,32.34,1453.0,96.23,97.19,19.16,5.0706,1,MENOR_TX_NASC,PLANEJAMENTO,0,0,0,0,0,0,0,0,0,0,0,1,0,0,0,0,0,0,0,0,0,0,0,0.5,-3.14,INEXISTENTE,0.0,31.93,4.15,0.96,-0.2,-8.0,207.18
561,15/07/2021,0.26,0.42,0.12,121.12,320.55,0.0,62.55,163.6,31.92,1394.25,97.21,98.01,19.12,5.11,1,MENOR_TX_NASC,PLANEJAMENTO,0,0,0,0,0,0,0,0,0,0,0,1,0,0,0,0,0,0,0,0,0,0,0,0.5,-3.14,INEXISTENTE,0.0,31.47,4.15,0.96,-0.2,-8.0,207.43
562,16/07/2021,0.26,0.42,0.12,120.17,321.85,0.0,62.86,165.25,32.28,1406.0,95.12,97.34,19.01,5.1147,1,MENOR_TX_NASC,PLANEJAMENTO,0,0,0,0,0,0,0,0,0,0,0,1,0,0,0,0,0,0,0,0,0,0,0,0.5,-3.14,INEXISTENTE,0.0,32.42,4.15,0.96,-0.2,-8.0,206.36
563,17/07/2021,0.26,0.42,0.12,,,0.0,,,,,,,,,1,MENOR_TX_NASC,PLANEJAMENTO,0,0,0,0,0,0,0,0,0,0,0,1,0,0,0,0,0,0,0,0,0,0,0,0.5,-3.14,INEXISTENTE,0.0,33.24,,,,,
564,18/07/2021,0.26,0.42,0.12,,,0.0,,,,,,,,,1,MENOR_TX_NASC,PLANEJAMENTO,0,0,0,0,0,0,0,0,0,0,0,1,0,0,0,0,0,0,0,0,0,0,0,0.5,-3.14,INEXISTENTE,0.0,32.89,,,,,
565,19/07/2021,0.26,0.42,0.12,120.25,319.25,0.0,60.74,166.67,31.71,1382.75,96.11,97.48,18.55,5.2519,1,MENOR_TX_NASC,PLANEJAMENTO,0,0,0,0,0,0,0,0,0,0,0,1,0,0,0,0,0,0,0,0,0,0,0,0.5,-3.14,INEXISTENTE,0.0,31.2,4.15,0.96,-0.2,-8.0,203.29
566,20/07/2021,0.26,0.42,0.12,119.78,319.5,0.0,61.22,167.71,32.13,1399.0,97.15,97.49,18.68,5.2205,1,MENOR_TX_NASC,PLANEJAMENTO,0,0,0,0,0,0,0,0,0,0,0,1,0,0,0,0,0,0,0,0,0,0,0,0.5,-3.14,INEXISTENTE,0.0,31.66,4.15,0.96,-0.2,-8.0,205.62
567,21/07/2021,0.26,0.42,0.12,120.05,314.5,0.0,60.68,167.77,32.37,1397.75,98.26,98.54,19.01,5.1874,1,MENOR_TX_NASC,PLANEJAMENTO,0,0,0,0,0,0,0,0,0,0,0,1,0,0,0,0,0,0,0,0,0,0,0,0.5,-3.14,INEXISTENTE,0.0,33.47,4.15,0.96,-0.2,-8.0,208.99
568,22/07/2021,0.26,0.42,0.12,120.8,317.5,0.0,60.95,165.27,31.73,1369.0,99.12,99.19,19.04,5.2003,1,MENOR_TX_NASC,PLANEJAMENTO,0,0,0,0,0,0,0,0,0,0,0,1,0,0,0,0,0,0,0,0,0,0,0,0.5,-3.14,INEXISTENTE,0.0,32.63,4.15,0.96,-0.2,-8.0,206.39
569,23/07/2021,0.26,0.42,0.12,121.5,320.6,0.0,61.45,164.31,31.5,1355.75,99.32,99.99,19.17,5.2006,1,MENOR_TX_NASC,PLANEJAMENTO,0,0,0,0,0,0,0,0,0,0,0,1,0,0,0,0,0,0,0,0,0,0,0,0.5,-3.14,INEXISTENTE,0.0,31.9,4.15,0.96,-0.2,-8.0,208.89
570,24/07/2021,0.26,0.42,0.12,,,0.0,,,,,,,,,1,MENOR_TX_NASC,PLANEJAMENTO,0,0,0,0,0,0,0,0,0,0,0,1,0,0,0,0,0,0,0,0,0,0,0,0.5,-3.14,INEXISTENTE,0.0,31.37,,,,,
571,25/07/2021,0.26,0.42,0.12,,,0.0,,,,,,,,,1,MENOR_TX_NASC,PLANEJAMENTO,0,0,0,0,0,0,0,0,0,0,0,1,0,0,0,0,0,0,0,0,0,0,0,0.5,-3.14,INEXISTENTE,0.0,31.57,,,,,
572,26/07/2021,0.26,0.42,0.12,123.45,321.5,0.0,62.13,163.63,31.62,1362.5,101.97,100.63,19.45,5.1761,1,MENOR_TX_NASC,PLANEJAMENTO,0,0,0,0,0,0,0,0,0,0,0,1,0,0,0,0,0,0,0,0,0,0,0,0.5,-3.14,INEXISTENTE,0.0,31.73,4.15,0.96,-0.2,-8.0,207.44
573,27/07/2021,0.26,0.42,0.12,122.92,317.15,0.0,61.25,164.82,31.83,1367.0,102.46,101.6,19.62,5.169,1,MENOR_TX_NASC,PLANEJAMENTO,0,0,0,0,0,0,0,0,0,0,0,1,0,0,0,0,0,0,0,0,0,0,0,0.5,-3.14,INEXISTENTE,0.0,32.58,4.15,0.96,-0.2,-8.0,208.91
574,28/07/2021,0.26,0.42,0.12,123.08,316.85,0.0,61.96,164.54,32.18,1370.25,101.52,102.44,20.03,5.1157,1,MENOR_TX_NASC,PLANEJAMENTO,0,0,0,0,0,0,0,0,0,0,0,1,0,0,0,0,0,0,0,0,0,0,0,0.5,-3.14,INEXISTENTE,0.0,33.08,4.15,0.96,-0.2,-8.0,210.4
575,29/07/2021,0.26,0.42,0.12,122.5,315.55,0.0,62.15,163.59,32.22,1385.25,100.45,101.93,20.08,5.0812,1,MENOR_TX_NASC,PLANEJAMENTO,0,0,0,0,0,0,0,0,0,0,0,1,0,0,0,0,0,0,0,0,0,0,0,0.5,-3.14,INEXISTENTE,0.0,27.14,4.15,0.96,-0.2,-8.0,211.65
576,30/07/2021,0.26,0.42,0.12,122.08,319.9,0.0,61.55,163.56,31.47,1355.5,99.38,101.4,19.51,5.2123,1,MENOR_TX_NASC,PLANEJAMENTO,0,0,0,0,0,0,0,0,0,0,0,1,0,0,0,0,0,0,0,0,0,0,0,0.5,-3.14,INEXISTENTE,0.0,29.06,4.15,0.96,-0.2,-8.0,209.12
577,31/07/2021,0.26,0.42,0.12,,,0.0,,,,,,,,,1,MENOR_TX_NASC,PLANEJAMENTO,0,0,0,0,0,0,0,0,0,0,0,1,0,0,0,0,0,0,0,0,0,0,0,0.5,-3.14,INEXISTENTE,0.0,32.66,,,,,
578,01/08/2021,0.26,0.42,0.12,,,0.0,,,,,,,,,1,MENOR_TX_NASC,PLANEJAMENTO,0,0,0,0,0,0,0,0,0,0,0,0,0,0,0,0,0,0,0,0,0,0,0,0.0,-3.42,INEXISTENTE,0.0,33.16,,,,,
579,02/08/2021,0.26,0.42,0.12,122.12,316.2,0.0,61.24,163.71,31.71,1356.25,98.64,101.47,19.65,5.1747,1,MENOR_TX_NASC,PLANEJAMENTO,0,0,0,0,0,0,0,0,0,0,0,0,0,0,0,0,0,0,0,0,0,0,0,0.0,-3.42,INEXISTENTE,0.0,32.48,4.15,0.87,-0.2,-8.0,208.5
580,03/08/2021,0.26,0.42,0.12,123.25,315.4,0.0,60.85,164.31,31.7,1323.75,97.02,100.96,19.48,5.1967,1,MENOR_TX_NASC,PLANEJAMENTO,0,0,0,0,0,0,0,0,0,0,0,0,0,0,0,0,0,0,0,0,0,0,0,0.0,-3.42,INEXISTENTE,0.0,32.72,4.15,0.87,-0.2,-8.0,205.81
581,04/08/2021,0.26,0.42,0.12,124.05,316.7,0.0,61.03,164.98,31.79,1332.0,95.3,100.21,19.31,5.1685,1,MENOR_TX_NASC,PLANEJAMENTO,0,0,0,0,0,0,0,0,0,0,0,0,0,0,0,0,0,0,0,0,0,0,0,0.0,-3.42,INEXISTENTE,0.0,32.49,4.15,0.87,-0.2,-8.0,205.54
582,05/08/2021,0.26,0.42,0.12,122.58,319.2,0.0,61.35,164.58,31.63,1335.75,97.8,100.31,19.28,5.2488,1,MENOR_TX_NASC,PLANEJAMENTO,0,0,0,0,0,0,0,0,0,0,0,0,0,0,0,0,0,0,0,0,0,0,0,0.0,-3.42,INEXISTENTE,0.0,32.51,5.15,0.87,-0.2,-8.0,205.29
583,06/08/2021,0.26,0.42,0.12,123.0,312.95,0.0,59.71,167.17,31.9,1344.25,97.52,99.1,18.91,5.2301,1,MENOR_TX_NASC,PLANEJAMENTO,0,0,0,0,0,0,0,0,0,0,0,0,0,0,1,0,0,0,0,0,0,0,0,0.5,-3.42,INEXISTENTE,0.0,32.31,5.15,0.87,-0.2,-8.0,206.86
584,07/08/2021,0.26,0.42,0.12,,,0.0,,,,,,,,,1,MENOR_TX_NASC,PLANEJAMENTO,0,0,0,0,0,0,0,0,0,0,0,0,0,0,1,0,0,0,0,0,0,0,0,0.5,-3.42,INEXISTENTE,0.0,31.58,,,,,
585,08/08/2021,0.26,0.42,0.12,,,0.0,,,,,,,,,1,MENOR_TX_NASC,PLANEJAMENTO,0,0,0,0,0,0,0,0,0,0,0,0,0,1,1,0,0,0,0,0,0,0,0,1.5,-3.42,INEXISTENTE,0.0,31.83,,,,,
586,09/08/2021,0.26,0.42,0.12,123.0,318.6,0.0,60.82,168.21,32.11,1341.5,97.26,99.45,18.99,5.2331,1,MENOR_TX_NASC,PLANEJAMENTO,0,0,0,0,0,0,0,0,0,0,0,0,0,0,0,0,0,0,0,0,0,0,0,0.0,-3.42,INEXISTENTE,0.0,32.83,5.15,0.87,-0.2,-8.0,206.14
587,10/08/2021,0.26,0.42,0.12,123.65,316.45,0.0,60.88,167.77,32.28,1348.25,98.21,98.16,18.88,5.1895,1,MENOR_TX_NASC,PLANEJAMENTO,0,0,0,0,0,0,0,0,0,0,0,0,0,0,0,0,0,0,0,0,0,0,0,0.0,-3.42,INEXISTENTE,0.0,34.24,5.15,0.87,-0.2,-8.0,205.96
588,11/08/2021,0.26,0.42,0.12,122.95,318.65,0.0,60.95,167.97,32.13,1347.0,99.15,98.35,18.81,5.2185,1,MENOR_TX_NASC,PLANEJAMENTO,0,0,0,0,0,0,0,0,0,0,0,0,0,0,0,0,0,0,0,0,0,0,0,0.0,-3.42,INEXISTENTE,0.0,35.07,5.15,0.87,-0.2,-8.0,206.1
589,12/08/2021,0.26,0.42,0.12,123.15,314.3,0.0,59.82,168.22,32.02,1347.0,100.03,98.97,18.84,5.2524,1,MENOR_TX_NASC,PLANEJAMENTO,0,0,0,0,0,0,0,0,0,0,0,0,0,0,0,0,0,0,0,0,0,0,0,0.0,-3.42,INEXISTENTE,0.0,35.17,5.15,0.87,-0.2,-8.0,205.42
590,13/08/2021,0.26,0.42,0.12,122.75,317.35,0.0,60.53,169.81,32.39,1373.0,99.76,99.87,19.05,5.2466,1,MENOR_TX_NASC,PLANEJAMENTO,0,0,0,0,0,0,0,0,0,0,0,0,0,0,0,0,0,0,0,0,0,0,0,0.0,-3.42,INEXISTENTE,0.0,34.64,5.15,0.87,-0.2,-8.0,204.09
591,14/08/2021,0.26,0.42,0.12,,,0.0,,,,,,,,,1,MENOR_TX_NASC,PLANEJAMENTO,0,0,0,0,0,0,0,0,0,0,0,0,0,0,0,0,0,0,0,0,0,0,0,0.0,-3.42,INEXISTENTE,0.0,34.72,,,,,
592,15/08/2021,0.26,0.42,0.12,,,0.0,,,,,,,,,1,MENOR_TX_NASC,PLANEJAMENTO,0,0,0,0,0,0,0,0,0,0,0,0,0,0,0,0,0,0,0,0,0,0,0,0.0,-3.42,INEXISTENTE,0.0,34.63,,,,,
593,16/08/2021,0.26,0.42,0.12,123.53,313.25,0.0,59.26,169.29,32.03,1368.25,99.9,99.89,18.9,5.2595,1,MENOR_TX_NASC,PLANEJAMENTO,0,0,0,0,0,0,0,0,0,0,0,0,0,0,0,0,0,0,0,0,0,0,0,0.0,-3.42,INEXISTENTE,0.0,34.79,5.15,0.87,-0.2,-8.0,204.25
594,17/08/2021,0.26,0.42,0.12,123.3,319.3,0.0,60.61,170.4,32.35,1361.5,99.61,99.4,18.87,5.2948,1,MENOR_TX_NASC,PLANEJAMENTO,0,0,0,0,0,0,0,0,0,0,0,0,0,0,0,0,0,0,0,0,0,0,0,0.0,-3.42,INEXISTENTE,0.0,34.9,5.15,0.87,-0.2,-8.0,202.47
595,18/08/2021,0.26,0.42,0.12,124.03,312.2,0.0,58.25,172.25,32.14,1353.25,97.86,99.32,18.53,5.3794,1,MENOR_TX_NASC,PLANEJAMENTO,0,0,0,0,0,0,0,0,0,0,0,0,0,0,0,0,0,0,0,0,0,0,0,0.0,-3.42,INEXISTENTE,0.0,34.39,5.15,0.87,-0.2,-8.0,194.78
596,19/08/2021,0.26,0.42,0.12,123.4,314.7,0.0,58.11,172.27,31.81,1320.0,96.94,99.02,18.28,5.4142,1,MENOR_TX_NASC,PLANEJAMENTO,0,0,0,0,0,0,0,0,0,0,0,0,0,0,0,0,0,0,0,0,0,0,0,0.0,-3.42,INEXISTENTE,0.0,32.88,5.15,0.87,-0.2,-8.0,195.27
597,20/08/2021,0.26,0.42,0.12,124.28,313.4,0.0,58.27,172.24,32.03,1290.75,95.88,98.79,18.37,5.377,1,MENOR_TX_NASC,PLANEJAMENTO,0,0,0,0,0,0,0,0,0,0,0,0,0,0,0,0,0,0,0,0,0,0,0,0.0,-3.42,INEXISTENTE,0.0,33.34,5.15,0.87,-0.2,-8.0,195.54
598,21/08/2021,0.26,0.42,0.12,,,0.0,,,,,,,,,1,MENOR_TX_NASC,PLANEJAMENTO,0,0,0,0,0,0,0,0,0,0,0,0,0,0,0,0,0,0,0,0,0,0,0,0.0,-3.42,INEXISTENTE,0.0,34.32,,,,,
599,22/08/2021,0.26,0.42,0.12,,,0.0,,,,,,,,,1,MENOR_TX_NASC,PLANEJAMENTO,0,0,0,0,0,0,0,0,0,0,0,0,0,0,0,0,0,0,0,0,0,0,0,0.0,-3.42,INEXISTENTE,0.0,34.92,,,,,
600,23/08/2021,0.26,0.42,0.12,126.45,313.75,0.0,58.4,169.89,31.62,1292.75,95.73,98.21,18.28,5.3802,1,MENOR_TX_NASC,PLANEJAMENTO,0,0,0,0,0,0,0,0,0,0,0,0,0,0,0,0,0,0,0,0,0,0,0,0.0,-3.42,INEXISTENTE,0.0,35.66,5.15,0.87,-0.2,-8.0,198.97
601,24/08/2021,0.26,0.42,0.12,125.8,313.0,0.0,59.52,169.41,32.21,1331.75,95.27,97.59,18.56,5.2463,1,MENOR_TX_NASC,PLANEJAMENTO,0,0,0,0,0,0,0,0,0,0,0,0,0,0,0,0,0,0,0,0,0,0,0,0.0,-3.42,INEXISTENTE,0.0,36.3,5.15,0.87,-0.2,-8.0,197.72
602,25/08/2021,0.26,0.42,0.12,124.42,313.4,0.0,60.15,169.14,32.46,1332.75,95.27,97.49,18.71,5.2117,1,MENOR_TX_NASC,PLANEJAMENTO,0,0,0,0,0,0,0,0,0,0,0,0,0,0,0,0,0,0,0,0,0,0,0,0.0,-3.42,INEXISTENTE,0.0,36.35,5.15,0.87,-0.2,-8.0,197.45
603,26/08/2021,0.26,0.42,0.12,123.28,312.45,0.0,59.51,169.0,32.19,1326.25,95.37,97.06,18.49,5.2522,1,MENOR_TX_NASC,PLANEJAMENTO,0,0,0,0,0,0,0,0,0,0,0,0,0,0,0,0,0,0,0,0,0,0,0,0.0,-3.42,INEXISTENTE,0.0,35.38,5.15,0.87,-0.2,-8.0,196.51
604,27/08/2021,0.26,0.42,0.12,122.0,310.85,0.0,59.82,166.96,32.13,1323.25,95.16,95.84,18.45,5.1996,1,MENOR_TX_NASC,PLANEJAMENTO,0,0,0,0,0,0,0,0,0,0,0,0,0,0,0,0,0,0,0,0,0,0,0,0.0,-3.42,INEXISTENTE,0.0,35.89,5.15,0.87,-0.2,-8.0,197.02
605,28/08/2021,0.26,0.42,0.12,,,0.0,,,,,,,,,1,MENOR_TX_NASC,PLANEJAMENTO,0,0,0,0,0,0,0,0,0,0,0,0,0,0,0,0,0,0,0,0,0,0,0,0.0,-3.42,INEXISTENTE,0.0,36.44,,,,,
606,29/08/2021,0.26,0.42,0.12,,,0.0,,,,,,,,,1,MENOR_TX_NASC,PLANEJAMENTO,0,0,0,0,0,0,0,0,0,0,0,0,0,0,0,0,0,0,0,0,0,0,0,0.0,-3.42,INEXISTENTE,0.0,35.76,,,,,
607,30/08/2021,0.26,0.42,0.12,120.25,317.3,0.0,61.17,166.04,32.01,1303.25,93.12,95.82,18.47,5.184,1,MENOR_TX_NASC,PLANEJAMENTO,0,0,0,0,0,0,0,0,0,0,0,0,0,0,0,0,0,0,0,0,0,0,0,0.0,-3.42,INEXISTENTE,0.0,34.91,5.15,0.87,-0.2,-8.0,196.46
608,31/08/2021,0.26,0.42,0.12,118.95,313.4,0.0,60.56,164.44,31.78,1292.5,91.62,94.76,18.31,5.1492,1,MENOR_TX_NASC,PLANEJAMENTO,0,0,0,0,0,0,0,0,0,0,0,0,0,0,0,0,0,0,0,0,0,0,0,0.0,-3.42,INEXISTENTE,0.0,34.88,5.15,0.87,-0.2,-8.0,198.86
609,01/09/2021,0.26,0.42,0.12,127.58,305.5,0.0,59.05,163.93,31.68,1277.75,90.31,93.72,18.11,5.1858,1,MENOR_TX_NASC,ENTRESAFRA,0,0,0,0,0,0,0,0,0,0,0,0,0,0,0,0,0,0,0,0,0,0,0,0.0,-2.78,INEXISTENTE,0.0,32.11,5.15,1.16,-0.2,-8.0,196.38
610,02/09/2021,0.26,0.42,0.12,126.05,305.1,0.0,58.84,165.23,31.87,1283.25,91.58,93.0,17.94,5.1819,1,MENOR_TX_NASC,ENTRESAFRA,0,0,0,0,0,0,0,0,0,0,0,0,0,0,0,0,0,0,0,0,0,0,0,0.0,-2.78,INEXISTENTE,0.8,27.82,5.15,1.16,-0.2,-8.0,194.81
611,03/09/2021,0.26,0.42,0.12,124.8,305.1,0.0,58.84,167.63,32.34,1292.0,91.57,92.26,17.8,5.1908,1,MENOR_TX_NASC,ENTRESAFRA,0,0,0,0,0,0,0,0,0,0,0,0,0,0,0,0,0,0,0,0,0,0,0,0.0,-2.78,INEXISTENTE,0.0,28.53,5.15,1.16,-0.2,-8.0,192.53
612,04/09/2021,0.26,0.42,0.12,,,0.0,,,,,,,,,1,MENOR_TX_NASC,ENTRESAFRA,0,0,0,0,0,0,0,0,0,0,0,0,0,0,0,0,0,0,0,0,0,0,0,0.0,-2.78,INEXISTENTE,0.0,29.24,,,,,
613,05/09/2021,0.26,0.42,0.12,,,0.0,,,,,,,,,1,MENOR_TX_NASC,ENTRESAFRA,0,0,0,0,0,0,0,0,0,0,0,0,0,0,0,0,0,0,0,0,0,0,0,0.0,-2.78,INEXISTENTE,0.0,30.6,,,,,
614,06/09/2021,0.26,0.42,0.12,,,0.0,,,,,,,,,1,MENOR_TX_NASC,ENTRESAFRA,0,0,0,0,0,0,0,0,0,0,0,0,0,0,0,0,1,0,0,0,0,0,0,0.5,-2.78,INEXISTENTE,0.0,29.48,5.15,1.16,-0.2,-8.0,
615,07/09/2021,0.26,0.42,0.12,123.75,,0.0,,,,1277.0,,,,5.1692,1,MENOR_TX_NASC,ENTRESAFRA,0,0,0,0,0,0,0,0,0,0,0,0,0,0,0,1,1,0,0,0,0,0,0,1.5,-2.78,INEXISTENTE,0.0,30.2,,,,,
616,08/09/2021,0.26,0.42,0.12,123.1,312.25,0.0,58.77,169.24,31.85,1279.5,92.71,92.32,17.38,5.3214,1,MENOR_TX_NASC,ENTRESAFRA,0,0,0,0,0,0,0,0,0,0,0,0,0,0,0,0,1,0,0,0,0,0,0,0.5,-2.78,INEXISTENTE,0.0,29.75,5.15,1.16,-0.2,-8.0,191.0
617,09/09/2021,0.26,0.42,0.12,123.75,305.95,0.0,57.65,169.38,31.92,1270.5,92.69,92.15,17.36,5.1976,1,MENOR_TX_NASC,ENTRESAFRA,0,0,0,0,0,0,0,0,0,0,0,0,0,0,0,0,0,0,0,0,0,0,0,0.0,-2.78,INEXISTENTE,0.0,29.76,5.15,1.16,-0.2,-8.0,189.73
618,10/09/2021,0.26,0.42,0.12,123.42,305.25,0.0,57.97,169.73,32.23,1286.5,92.17,93.53,17.76,5.2454,1,MENOR_TX_NASC,ENTRESAFRA,0,0,0,0,0,0,0,0,0,0,0,0,0,0,0,0,0,0,0,0,0,0,0,0.0,-2.78,INEXISTENTE,0.0,30.16,5.15,1.16,-0.2,-8.0,186.52
619,11/09/2021,0.26,0.42,0.12,,,0.0,,,,,,,,,1,MENOR_TX_NASC,ENTRESAFRA,0,0,0,0,0,0,0,0,0,0,0,0,0,0,0,0,0,0,0,0,0,0,0,0.0,-2.78,INEXISTENTE,0.0,31.04,,,,,
620,12/09/2021,0.26,0.42,0.12,,,0.0,,,,,,,,,1,MENOR_TX_NASC,ENTRESAFRA,0,0,0,0,0,0,0,0,0,0,0,0,0,0,0,0,0,0,0,0,0,0,0,0.0,-2.78,INEXISTENTE,0.0,29.35,,,,,
621,13/09/2021,0.26,0.42,0.12,122.28,310.6,0.0,59.38,169.5,32.4,1284.75,93.16,93.71,17.91,5.2144,1,MENOR_TX_NASC,ENTRESAFRA,0,0,0,0,0,0,0,0,0,0,0,0,0,0,0,0,0,0,0,0,0,0,0,0.0,-2.78,INEXISTENTE,1.6,29.26,5.15,1.16,-0.2,-8.0,186.54
622,14/09/2021,0.26,0.42,0.12,124.12,303.1,0.0,57.61,170.4,32.39,1282.5,93.96,93.6,17.79,5.2398,1,MENOR_TX_NASC,ENTRESAFRA,0,0,0,0,0,0,0,0,0,0,0,0,0,0,0,0,0,0,0,0,0,0,0,0.0,-2.78,INEXISTENTE,0.0,29.0,5.15,1.16,-0.2,-8.0,186.17
623,15/09/2021,0.26,0.42,0.12,124.17,295.0,0.0,56.28,171.54,32.72,1303.5,93.58,93.43,17.82,5.2219,1,MENOR_TX_NASC,ENTRESAFRA,0,0,0,0,0,0,0,0,0,0,0,0,0,0,0,0,0,0,0,0,0,0,0,0.0,-2.78,INEXISTENTE,0.0,29.91,5.15,1.16,-0.2,-8.0,186.28
624,16/09/2021,0.26,0.42,0.12,123.6,302.45,0.0,57.34,172.16,32.64,1304.75,93.04,93.71,17.76,5.2535,1,MENOR_TX_NASC,ENTRESAFRA,0,0,0,0,0,0,0,0,0,0,0,0,0,0,0,0,0,0,0,0,0,0,0,0.0,-2.78,INEXISTENTE,0.0,30.62,5.15,1.16,-0.2,-8.0,186.01
625,17/09/2021,0.26,0.42,0.12,122.8,302.75,0.0,57.31,171.6,32.48,1293.0,93.25,93.67,17.73,5.2883,1,MENOR_TX_NASC,ENTRESAFRA,0,0,0,0,0,0,0,0,0,0,0,0,0,0,0,0,0,0,0,0,0,0,0,0.0,-2.78,INEXISTENTE,0.0,30.39,5.15,1.16,-0.2,-8.0,185.97
626,18/09/2021,0.26,0.42,0.12,,,0.0,,,,,,,,,1,MENOR_TX_NASC,ENTRESAFRA,0,0,0,0,0,0,0,0,0,0,0,0,0,0,0,0,0,0,0,0,0,0,0,0.0,-2.78,INEXISTENTE,0.0,29.45,,,,,
627,19/09/2021,0.26,0.42,0.12,,,0.0,,,,,,,,,1,MENOR_TX_NASC,ENTRESAFRA,0,0,0,0,0,0,0,0,0,0,0,0,0,0,0,0,0,0,0,0,0,0,0,0.0,-2.78,INEXISTENTE,0.0,29.14,,,,,
628,20/09/2021,0.26,0.42,0.12,122.78,300.4,0.0,56.14,170.18,31.8,1271.75,92.77,92.81,17.34,5.324,1,MENOR_TX_NASC,ENTRESAFRA,0,0,0,0,0,0,0,0,0,0,0,0,0,0,0,0,0,0,0,0,0,0,0,0.0,-2.78,INEXISTENTE,0.0,29.69,5.15,1.16,-0.2,-8.0,185.34
629,21/09/2021,0.26,0.42,0.12,122.45,300.6,0.0,56.91,168.94,31.98,1282.75,92.67,92.08,17.43,5.2699,1,MENOR_TX_NASC,ENTRESAFRA,0,0,0,0,0,0,0,0,0,0,0,0,0,0,0,0,0,0,0,0,0,0,0,0.0,-2.78,INEXISTENTE,0.0,30.38,5.15,1.16,-0.2,-8.0,183.2
630,22/09/2021,0.26,0.42,0.12,123.28,299.3,0.0,56.46,168.61,31.81,1291.75,92.22,91.59,17.28,5.2888,1,MENOR_TX_NASC,ENTRESAFRA,0,0,0,0,0,0,0,0,0,0,0,0,0,0,0,0,0,0,0,0,0,0,0,0.0,-2.78,INEXISTENTE,0.0,30.57,5.15,1.16,-0.2,-8.0,186.64
631,23/09/2021,0.26,0.42,0.12,123.22,298.8,0.0,56.29,169.02,31.84,1294.0,91.73,90.83,17.11,5.303,1,MENOR_TX_NASC,ENTRESAFRA,0,0,0,0,0,0,0,0,0,0,0,0,0,0,0,0,0,0,0,0,0,0,0,0.0,-2.78,INEXISTENTE,0.0,30.48,6.15,1.16,-0.2,-8.0,190.73
632,24/09/2021,0.26,0.42,0.12,122.92,300.25,0.0,56.16,170.06,31.81,1294.75,90.71,90.47,16.92,5.3344,1,MENOR_TX_NASC,ENTRESAFRA,0,0,0,0,0,0,0,0,0,0,0,0,0,0,0,0,0,0,0,0,0,0,0,0.0,-2.78,INEXISTENTE,62.8,25.2,6.15,1.16,-0.2,-8.0,195.2
633,25/09/2021,0.26,0.42,0.12,,,0.0,,,,,,,,,1,MENOR_TX_NASC,ENTRESAFRA,0,0,0,0,0,0,0,0,0,0,0,0,0,0,0,0,0,0,0,0,0,0,0,0.0,-2.78,INEXISTENTE,1.6,26.91,,,,,
634,26/09/2021,0.26,0.42,0.12,,,0.0,,,,,,,,,1,MENOR_TX_NASC,ENTRESAFRA,0,0,0,0,0,0,0,0,0,0,0,0,0,0,0,0,0,0,0,0,0,0,0,0.0,-2.78,INEXISTENTE,45.8,23.58,,,,,
635,27/09/2021,0.26,0.42,0.12,122.4,304.45,0.0,56.59,171.12,31.81,1297.5,92.6,91.18,16.95,5.3914,1,MENOR_TX_NASC,ENTRESAFRA,0,0,0,0,0,0,0,0,0,0,0,0,0,0,0,0,0,0,0,0,0,0,0,0.0,-2.78,INEXISTENTE,0.0,26.15,6.15,1.16,-0.2,-8.0,195.61
636,28/09/2021,0.26,0.42,0.12,122.0,294.7,0.0,54.27,171.71,31.62,1287.0,93.16,91.42,16.84,5.4293,1,MENOR_TX_NASC,ENTRESAFRA,0,0,0,0,0,0,0,0,0,0,0,0,0,0,0,0,0,0,0,0,0,0,0,0.0,-2.78,INEXISTENTE,0.0,29.21,6.15,1.16,-0.2,-8.0,195.08
637,29/09/2021,0.26,0.42,0.12,121.78,294.8,0.0,54.33,171.8,31.66,1293.5,93.4,91.45,16.85,5.4152,1,MENOR_TX_NASC,ENTRESAFRA,0,0,0,0,0,0,0,0,0,0,0,0,0,0,0,0,0,0,0,0,0,0,0,0.0,-2.78,INEXISTENTE,0.0,29.5,6.15,1.16,-0.2,-8.0,193.38
638,30/09/2021,0.26,0.42,0.12,120.58,291.6,0.0,53.63,171.52,31.55,1265.5,91.97,91.83,16.89,5.4428,1,MENOR_TX_NASC,ENTRESAFRA,0,0,0,0,0,0,0,0,0,0,0,0,0,0,0,0,0,0,0,0,0,0,0,0.0,-2.78,INEXISTENTE,0.0,28.49,6.15,1.16,-0.2,-8.0,190.63
639,01/10/2021,0.26,0.42,0.12,120.4,292.25,0.0,54.49,168.31,31.38,1256.5,91.29,91.76,17.11,5.3628,1,ESTACAO_MONTA,ENTRESAFRA,0,0,0,0,0,0,0,0,0,0,0,0,0,0,0,0,0,0,0,0,0,0,0,0.0,-0.15,INEXISTENTE,0.0,28.61,6.15,1.25,0.2,5.8,193.8
640,02/10/2021,0.26,0.42,0.12,,,0.0,,,,,,,,,1,ESTACAO_MONTA,ENTRESAFRA,0,0,0,0,0,0,0,0,0,0,0,0,0,0,0,0,0,0,0,0,0,0,0,0.0,-0.15,INEXISTENTE,3.8,26.48,,,,,
641,03/10/2021,0.26,0.42,0.12,,,0.0,,,,,,,,,1,ESTACAO_MONTA,ENTRESAFRA,0,0,0,0,0,0,0,0,0,0,0,0,0,0,0,0,0,0,0,0,0,0,0,0.0,-0.15,INEXISTENTE,0.2,26.73,,,,,
642,04/10/2021,0.26,0.42,0.12,122.62,286.55,0.0,52.56,167.1,30.65,1246.25,90.41,92.03,16.88,5.4535,1,ESTACAO_MONTA,ENTRESAFRA,0,0,0,0,0,0,0,0,0,0,0,0,0,0,0,0,0,0,0,0,0,0,0,0.0,-0.15,INEXISTENTE,0.0,28.3,6.15,1.25,0.2,5.8,191.95
643,05/10/2021,0.26,0.42,0.12,122.83,283.0,0.0,51.75,167.88,30.7,1261.0,90.27,92.22,16.86,5.4748,1,ESTACAO_MONTA,ENTRESAFRA,0,0,0,0,0,0,0,0,0,0,0,0,0,0,0,0,0,0,0,0,0,0,0,0.0,-0.15,INEXISTENTE,0.0,29.25,6.15,1.25,0.2,5.8,195.5
644,06/10/2021,0.26,0.42,0.12,123.83,280.9,0.0,51.18,168.45,30.69,1252.5,89.73,91.98,16.76,5.4912,1,ESTACAO_MONTA,ENTRESAFRA,0,0,0,0,0,0,0,0,0,0,0,0,0,0,0,0,0,0,0,0,0,0,0,0.0,-0.15,INEXISTENTE,0.0,31.53,6.15,1.25,0.2,5.8,195.9
645,07/10/2021,0.26,0.42,0.12,125.28,282.7,0.0,51.37,168.69,30.65,1258.25,88.64,91.12,16.56,5.5188,1,ESTACAO_MONTA,ENTRESAFRA,0,0,0,0,0,0,0,0,0,0,0,0,0,0,0,0,0,0,0,0,0,0,0,0.0,-0.15,INEXISTENTE,0.0,30.58,6.15,1.25,0.2,5.8,199.24
646,08/10/2021,0.26,0.42,0.12,125.58,271.25,0.0,49.23,169.36,30.74,1254.25,88.57,91.03,16.52,5.5082,1,ESTACAO_MONTA,ENTRESAFRA,0,0,0,0,0,0,0,0,0,0,0,0,0,0,0,0,0,0,0,0,0,0,0,0.0,-0.15,INEXISTENTE,0.0,30.4,6.15,1.25,0.2,5.8,198.67
647,09/10/2021,0.26,0.42,0.12,,,0.0,,,,,,,,,1,ESTACAO_MONTA,ENTRESAFRA,0,0,0,0,0,0,0,0,0,0,0,0,0,0,0,0,0,0,0,0,0,0,0,0.0,-0.15,INEXISTENTE,0.0,29.21,,,,,
648,10/10/2021,0.26,0.42,0.12,,,0.0,,,,,,,,,1,ESTACAO_MONTA,ENTRESAFRA,0,0,0,0,0,0,0,0,0,0,0,0,0,0,0,0,0,0,0,0,0,0,0,0.5,-0.15,INEXISTENTE,4.8,28.65,,,,,
649,11/10/2021,0.26,0.42,0.12,125.62,271.25,0.0,49.23,168.97,30.54,1239.75,88.83,91.02,16.45,5.5367,1,ESTACAO_MONTA,ENTRESAFRA,0,0,0,0,0,0,0,0,0,0,0,0,0,0,0,0,0,0,0,0,0,0,0,0.5,-0.15,INEXISTENTE,13.2,26.04,6.15,1.25,0.2,5.8,198.46
650,12/10/2021,0.26,0.42,0.12,125.03,,0.0,,,,1210.0,,,,5.5325,1,ESTACAO_MONTA,ENTRESAFRA,0,0,0,0,0,0,0,0,0,0,0,0,0,0,0,0,0,1,0,0,0,0,0,1.5,-0.15,INEXISTENTE,0.0,28.41,,,,,
651,13/10/2021,0.26,0.42,0.12,124.78,270.5,0.0,49.08,166.94,30.29,1206.0,88.69,90.39,16.4,5.5133,1,ESTACAO_MONTA,ENTRESAFRA,0,0,0,0,0,0,0,0,0,0,0,0,0,0,0,0,0,0,0,0,0,0,0,0.0,-0.15,INEXISTENTE,0.0,29.91,6.15,1.25,0.2,5.8,201.36
652,14/10/2021,0.26,0.42,0.12,125.75,271.55,0.0,49.19,165.49,29.98,1215.5,88.82,90.13,16.33,5.5132,1,ESTACAO_MONTA,ENTRESAFRA,0,0,0,0,0,0,0,0,0,0,0,0,0,0,0,0,0,0,0,0,0,0,0,0.0,-0.15,INEXISTENTE,8.4,26.56,6.15,1.25,0.2,5.8,204.11
653,15/10/2021,0.26,0.42,0.12,125.97,266.8,0.0,48.86,166.48,30.49,1226.25,88.93,90.18,16.52,5.4611,1,ESTACAO_MONTA,ENTRESAFRA,0,0,0,0,0,0,0,0,0,0,0,0,0,0,0,0,0,0,0,0,0,0,0,0.0,-0.15,INEXISTENTE,0.0,27.45,6.15,1.25,0.2,5.8,208.89
654,16/10/2021,0.26,0.42,0.12,,,0.0,,,,,,,,,1,ESTACAO_MONTA,ENTRESAFRA,0,0,0,0,0,0,0,0,0,0,0,0,0,0,0,0,0,0,0,0,0,0,0,0.0,-0.15,INEXISTENTE,16.8,25.74,,,,,
655,17/10/2021,0.26,0.42,0.12,,,0.0,,,,,,,,,1,ESTACAO_MONTA,ENTRESAFRA,0,0,0,0,0,0,0,0,0,0,0,0,0,0,0,0,0,0,0,0,0,0,0,0.0,-0.15,INEXISTENTE,0.2,27.25,,,,,
656,18/10/2021,0.26,0.42,0.12,125.45,267.8,0.0,48.57,166.0,30.1,1229.0,89.61,89.89,16.3,5.5117,1,ESTACAO_MONTA,ENTRESAFRA,0,0,0,0,0,0,0,0,0,0,0,0,0,0,0,0,0,0,0,0,0,0,0,0.0,-0.15,INEXISTENTE,0.0,28.22,6.15,1.25,0.2,5.8,210.89
657,19/10/2021,0.26,0.42,0.12,125.0,272.55,0.0,48.78,167.48,29.98,1237.0,89.37,90.21,16.15,5.5844,1,ESTACAO_MONTA,ENTRESAFRA,0,0,0,0,0,0,0,0,0,0,0,0,0,0,0,0,0,0,0,0,0,0,0,0.0,-0.15,INEXISTENTE,49.2,25.43,6.15,1.25,0.2,5.8,214.47
658,20/10/2021,0.26,0.42,0.12,125.95,262.9,0.0,47.39,169.74,30.6,1255.0,88.68,89.56,16.15,5.5975,1,ESTACAO_MONTA,ENTRESAFRA,0,0,0,0,0,0,0,0,0,0,0,0,0,0,0,0,0,0,0,0,0,0,0,0.0,-0.15,INEXISTENTE,0.0,28.71,6.15,1.25,0.2,5.8,211.13
659,21/10/2021,0.26,0.42,0.12,124.97,262.8,0.0,46.48,170.23,30.11,1233.5,88.53,88.99,15.74,5.6577,1,ESTACAO_MONTA,ENTRESAFRA,0,0,0,0,0,0,0,0,0,0,0,0,0,0,0,0,0,0,0,0,0,0,0,0.0,-0.15,INEXISTENTE,0.2,28.65,6.15,1.25,0.2,5.8,211.74
660,22/10/2021,0.26,0.42,0.12,124.1,260.2,0.0,46.13,170.58,30.25,1230.75,88.52,89.27,15.83,5.6474,1,ESTACAO_MONTA,ENTRESAFRA,0,0,0,0,0,0,0,0,0,0,0,0,0,0,0,0,0,0,0,0,0,0,0,0.0,-0.15,INEXISTENTE,19.4,24.99,6.15,1.25,0.2,5.8,214.86
661,23/10/2021,0.26,0.42,0.12,,,0.0,,,,,,,,,1,ESTACAO_MONTA,ENTRESAFRA,0,0,0,0,0,0,0,0,0,0,0,0,0,0,0,0,0,0,0,0,0,0,0,0.0,-0.15,INEXISTENTE,0.0,25.8,,,,,
662,24/10/2021,0.26,0.42,0.12,,,0.0,,,,,,,,,1,ESTACAO_MONTA,ENTRESAFRA,0,0,0,0,0,0,0,0,0,0,0,0,0,0,0,0,0,0,0,0,0,0,0,0.0,-0.15,INEXISTENTE,0.0,28.22,,,,,
663,25/10/2021,0.26,0.42,0.12,125.03,263.35,0.0,47.48,168.37,30.36,1247.0,87.7,89.18,16.08,5.5563,1,ESTACAO_MONTA,ENTRESAFRA,0,0,0,0,0,0,0,0,0,0,0,0,0,0,0,0,0,0,0,0,0,0,0,0.0,-0.15,INEXISTENTE,3.0,27.18,6.15,1.25,0.2,5.8,214.6
664,26/10/2021,0.26,0.42,0.12,126.82,257.25,0.0,46.21,168.79,30.32,1247.5,87.55,88.27,15.86,5.5666,1,ESTACAO_MONTA,ENTRESAFRA,0,0,0,0,0,0,0,0,0,0,0,0,0,0,0,0,0,0,0,0,0,0,0,0.0,-0.15,INEXISTENTE,0.0,28.83,6.15,1.25,0.2,5.8,216.16
665,27/10/2021,0.26,0.42,0.12,127.22,256.45,0.0,46.04,168.88,30.32,1249.75,87.79,87.5,15.71,5.538,1,ESTACAO_MONTA,ENTRESAFRA,0,0,0,0,0,0,0,0,0,0,0,0,0,0,0,0,0,0,0,0,0,0,0,0.0,-0.15,INEXISTENTE,5.2,27.76,6.15,1.25,0.2,5.8,213.98
666,28/10/2021,0.26,0.42,0.12,124.5,254.1,0.0,45.15,168.55,29.95,1246.0,87.9,86.89,15.44,5.6464,1,ESTACAO_MONTA,ENTRESAFRA,0,0,0,0,0,0,0,0,0,0,0,0,0,0,0,0,0,0,0,0,0,0,0,0.0,-0.15,INEXISTENTE,0.0,29.56,7.65,1.25,0.2,5.8,215.24
667,29/10/2021,0.26,0.42,0.12,127.38,257.1,0.0,45.52,168.11,29.76,1249.5,88.44,86.84,15.38,5.6372,1,ESTACAO_MONTA,ENTRESAFRA,0,0,0,0,0,0,0,0,0,0,0,0,0,0,0,0,0,0,0,0,0,0,0,0.0,-0.15,INEXISTENTE,0.0,29.53,7.65,1.25,0.2,5.8,217.42
668,30/10/2021,0.26,0.42,0.12,,,0.0,,,,,,,,,1,ESTACAO_MONTA,ENTRESAFRA,0,0,0,0,0,0,0,0,0,0,0,0,0,0,0,0,0,0,0,0,0,0,0,0.0,-0.15,INEXISTENTE,5.8,27.4,,,,,
669,31/10/2021,0.26,0.42,0.12,,,0.0,,,,,,,,,1,ESTACAO_MONTA,ENTRESAFRA,0,0,0,0,0,0,0,0,0,0,0,0,0,0,0,0,0,0,0,1,0,0,0,0.5,-0.15,INEXISTENTE,0.2,27.72,,,,,
670,01/11/2021,0.26,0.42,0.12,128.85,263.95,0.0,46.54,167.96,29.62,1248.5,90.15,86.97,15.34,5.6815,1,ESTACAO_MONTA,SAFRA,0,0,0,0,0,0,0,0,0,0,0,0,0,0,0,0,0,0,0,1,0,0,0,0.5,0.23,INEXISTENTE,16.8,26.45,7.65,0.95,0.2,5.8,215.23
671,02/11/2021,0.26,0.42,0.12,129.95,,0.0,,,,1256.25,,,,5.6795,1,ESTACAO_MONTA,SAFRA,0,0,0,0,0,0,0,0,0,0,0,0,0,0,0,0,0,0,1,1,0,0,0,1.5,0.23,INEXISTENTE,0.0,26.84,,,,,
672,03/11/2021,0.26,0.42,0.12,131.65,256.65,0.0,45.87,166.21,29.71,1244.25,88.99,87.16,15.58,5.5525,1,ESTACAO_MONTA,SAFRA,0,0,0,0,0,0,0,0,0,0,0,0,0,0,0,0,0,0,0,0,0,0,0,0.0,0.23,INEXISTENTE,66.8,25.01,7.65,0.95,0.2,5.8,217.31
673,04/11/2021,0.26,0.42,0.12,130.63,267.75,0.0,47.68,162.28,28.9,1222.75,88.63,86.4,15.39,5.602,1,ESTACAO_MONTA,SAFRA,0,0,0,0,0,0,0,0,0,0,0,0,0,0,0,0,0,0,0,0,0,0,0,0.0,0.23,INEXISTENTE,14.0,26.47,7.65,0.95,0.2,5.8,217.44
674,05/11/2021,0.26,0.42,0.12,131.8,264.6,0.0,48.02,159.8,29.0,1205.5,87.07,86.61,15.72,5.5428,1,ESTACAO_MONTA,SAFRA,0,0,0,0,0,0,0,0,0,0,0,0,0,0,0,0,0,0,0,0,0,0,0,0.0,0.23,INEXISTENTE,35.8,25.67,7.65,0.95,0.2,5.8,218.56
675,06/11/2021,0.26,0.42,0.12,,,0.0,,,,,,,,,1,ESTACAO_MONTA,SAFRA,0,0,0,0,0,0,0,0,0,0,0,0,0,0,0,0,0,0,0,0,0,0,0,0.0,0.23,INEXISTENTE,1.0,26.41,,,,,
676,07/11/2021,0.26,0.42,0.12,,,0.0,,,,,,,,,1,ESTACAO_MONTA,SAFRA,0,0,0,0,0,0,0,0,0,0,0,0,0,0,0,0,0,0,0,0,0,0,0,0.0,0.23,INEXISTENTE,3.4,24.59,,,,,
677,08/11/2021,0.26,0.42,0.12,132.1,267.85,0.0,48.27,156.89,28.27,1188.5,86.97,85.69,15.44,5.544,1,ESTACAO_MONTA,SAFRA,0,0,0,0,0,0,0,0,0,0,0,0,0,0,0,0,0,0,0,0,0,0,0,0.0,0.23,INEXISTENTE,0.0,26.27,7.65,0.95,0.2,5.8,217.54
678,09/11/2021,0.26,0.42,0.12,132.2,280.7,0.0,51.19,156.36,28.52,1212.0,85.36,84.93,15.49,5.4804,1,ESTACAO_MONTA,SAFRA,0,0,0,0,0,0,0,0,0,0,0,0,0,0,0,0,0,0,0,0,0,0,0,0.0,0.23,INEXISTENTE,0.0,25.93,7.65,0.95,0.2,5.8,218.58
679,10/11/2021,0.26,0.42,0.12,132.0,291.2,0.0,52.99,156.62,28.5,1216.75,85.05,84.51,15.38,5.491,1,ESTACAO_MONTA,SAFRA,0,0,0,0,0,0,0,0,0,0,0,0,0,0,0,0,0,0,0,0,0,0,0,0.0,0.23,INEXISTENTE,31.2,24.06,7.65,0.95,0.2,5.8,217.94
680,11/11/2021,0.26,0.42,0.12,131.88,294.8,0.0,54.61,156.11,28.92,1221.5,84.06,83.59,15.49,5.3989,1,ESTACAO_MONTA,SAFRA,0,0,0,0,0,0,0,0,0,0,0,0,0,0,0,0,0,0,0,0,0,0,0,0.0,0.23,INEXISTENTE,15.2,25.05,7.65,0.95,0.2,5.8,219.35
681,12/11/2021,0.26,0.42,0.12,132.12,301.0,0.0,55.18,156.39,28.67,1244.25,83.31,82.75,15.17,5.4588,1,ESTACAO_MONTA,SAFRA,0,0,0,0,0,0,0,0,0,0,0,0,0,0,0,0,0,0,0,0,0,0,0,0.0,0.23,INEXISTENTE,3.8,25.9,7.65,0.95,0.2,5.8,221.66
682,13/11/2021,0.26,0.42,0.12,,,0.0,,,,,,,,,1,ESTACAO_MONTA,SAFRA,0,0,0,0,0,0,0,0,0,0,0,0,0,0,0,0,0,0,0,0,0,0,0,0.0,0.23,INEXISTENTE,0.0,26.88,,,,,
683,14/11/2021,0.26,0.42,0.12,,,0.0,,,,,,,,,1,ESTACAO_MONTA,SAFRA,0,0,0,0,0,0,0,0,0,0,0,0,0,0,0,0,0,0,0,0,0,0,0,0.0,0.23,INEXISTENTE,19.0,26.01,,,,,
684,15/11/2021,0.26,0.42,0.12,131.78,,0.0,,,,1268.75,,,,5.4575,1,ESTACAO_MONTA,SAFRA,0,0,0,0,0,0,0,0,0,0,0,0,0,0,0,0,0,0,0,0,0,0,0,0.0,0.23,INEXISTENTE,2.0,24.59,,,,,
685,16/11/2021,0.26,0.42,0.12,131.72,303.15,0.0,55.2,159.08,28.96,1263.25,83.03,82.74,15.07,5.5028,1,ESTACAO_MONTA,SAFRA,0,0,0,0,0,0,0,0,0,0,0,0,0,0,0,0,0,0,0,0,0,0,0,0.0,0.23,INEXISTENTE,0.6,25.67,7.65,0.95,0.2,5.8,222.46
686,17/11/2021,0.26,0.42,0.12,132.22,304.8,0.0,55.16,163.11,29.52,1288.25,84.45,82.45,14.92,5.5292,1,ESTACAO_MONTA,SAFRA,0,0,0,0,0,0,0,0,0,0,0,0,0,0,0,0,0,0,0,0,0,0,0,0.0,0.23,INEXISTENTE,0.0,27.72,7.65,0.95,0.2,5.8,223.21
687,18/11/2021,0.26,0.42,0.12,133.15,313.0,0.0,56.2,164.58,29.55,1276.5,85.09,82.34,14.79,5.5576,1,ESTACAO_MONTA,SAFRA,0,0,0,0,0,0,0,0,0,0,0,0,0,0,0,0,0,0,0,0,0,0,0,0.0,0.23,INEXISTENTE,15.6,25.15,7.65,0.95,0.2,5.8,222.99
688,19/11/2021,0.26,0.42,0.12,133.53,314.15,0.0,56.06,164.78,29.4,1275.0,86.09,82.84,14.78,5.6135,1,ESTACAO_MONTA,SAFRA,0,0,0,0,0,0,0,0,0,0,0,0,0,0,0,0,0,0,0,0,0,0,0,0.0,0.23,INEXISTENTE,0.0,27.0,7.65,0.95,0.2,5.8,220.14
689,20/11/2021,0.26,0.42,0.12,,,0.0,,,,,,,,,1,ESTACAO_MONTA,SAFRA,0,0,0,0,0,0,0,0,0,0,0,0,0,0,0,0,0,0,0,0,0,0,0,0.0,0.23,INEXISTENTE,68.0,26.55,,,,,
690,21/11/2021,0.26,0.42,0.12,,,0.0,,,,,,,,,1,ESTACAO_MONTA,SAFRA,0,0,0,0,0,0,0,0,0,0,0,0,0,0,0,0,0,0,0,0,0,0,0,0.0,0.23,INEXISTENTE,0.0,27.63,,,,,
691,22/11/2021,0.26,0.42,0.12,134.43,315.9,0.0,56.51,166.26,29.74,1286.25,87.41,82.81,14.81,5.5865,1,ESTACAO_MONTA,SAFRA,0,0,0,0,0,0,0,0,0,0,0,0,0,0,0,0,0,0,0,0,0,0,0,0.0,0.23,INEXISTENTE,2.6,26.88,7.65,0.95,0.2,5.8,221.15
692,23/11/2021,0.26,0.42,0.12,135.4,316.9,0.0,56.51,167.62,29.89,1284.5,89.16,83.26,14.85,5.5712,1,ESTACAO_MONTA,SAFRA,0,0,0,0,0,0,0,0,0,0,0,0,0,0,0,0,0,0,0,0,0,0,0,0.0,0.23,INEXISTENTE,0.0,26.38,7.65,0.95,0.2,5.8,224.7
693,24/11/2021,0.26,0.42,0.12,137.9,316.65,0.0,56.62,166.82,29.83,1277.25,87.76,83.59,14.94,5.6061,1,ESTACAO_MONTA,SAFRA,0,0,0,0,0,0,0,0,0,0,0,0,0,0,0,0,0,0,0,0,0,0,0,0.0,0.23,INEXISTENTE,1.4,26.57,7.65,0.95,0.2,5.8,225.69
694,25/11/2021,0.26,0.42,0.12,,,0.0,,,,,,,,,1,ESTACAO_MONTA,SAFRA,0,0,0,0,0,0,0,0,0,0,0,0,0,0,0,0,0,0,0,0,0,0,0,0.0,0.23,INEXISTENTE,0.2,28.23,7.65,0.95,0.2,5.8,
695,26/11/2021,0.26,0.42,0.12,138.1,318.1,0.0,56.8,163.84,29.26,1263.0,88.9,83.72,14.95,5.6093,1,ESTACAO_MONTA,SAFRA,0,0,0,0,0,0,0,0,0,0,0,0,0,0,0,0,0,0,0,0,0,0,0,0.0,0.23,INEXISTENTE,0.0,28.03,7.65,0.95,0.2,5.8,219.01
696,27/11/2021,0.26,0.42,0.12,,,0.0,,,,,,,,,1,ESTACAO_MONTA,SAFRA,0,0,0,0,0,0,0,0,0,0,0,0,0,0,0,0,0,0,0,0,0,0,0,0.0,0.23,INEXISTENTE,0.0,28.87,,,,,
697,28/11/2021,0.26,0.42,0.12,,,0.0,,,,,,,,,1,ESTACAO_MONTA,SAFRA,0,0,0,0,0,0,0,0,0,0,0,0,0,0,0,0,0,0,0,0,0,0,0,0.0,0.23,INEXISTENTE,0.0,28.56,,,,,
698,29/11/2021,0.26,0.42,0.12,136.93,321.8,0.0,57.31,164.38,29.28,1252.0,89.33,83.44,14.86,5.6017,1,ESTACAO_MONTA,SAFRA,0,0,0,0,0,0,0,0,0,0,0,0,0,0,0,0,0,0,0,0,0,0,0,0.0,0.23,INEXISTENTE,19.8,24.1,7.65,0.95,0.2,5.8,222.13
699,30/11/2021,0.26,0.42,0.12,135.88,322.3,0.0,57.07,162.89,28.85,1226.5,88.77,84.46,14.96,5.6239,1,ESTACAO_MONTA,SAFRA,0,0,0,0,0,0,0,0,0,0,0,0,0,0,0,0,0,0,0,0,0,0,0,0.0,0.23,INEXISTENTE,0.0,26.65,7.65,0.95,0.2,5.8,217.39
700,01/12/2021,0.26,0.42,0.12,136.0,321.6,0.0,56.77,162.14,28.62,1235.0,90.35,84.98,15.0,5.6955,1,ESTACAO_MONTA,PLANEJAMENTO,0,0,0,0,0,0,0,0,0,0,0,0,0,0,0,0,0,0,0,0,0,0,0,0.0,0.42,INEXISTENTE,10.0,26.05,7.65,0.73,0.2,5.8,216.89
701,02/12/2021,0.26,0.42,0.12,137.65,324.35,0.0,57.39,163.82,28.98,1250.0,91.85,86.22,15.26,5.6462,1,ESTACAO_MONTA,PLANEJAMENTO,0,0,0,0,0,0,0,0,0,0,0,0,0,0,0,0,0,0,0,0,0,0,0,0.0,0.42,INEXISTENTE,2.8,26.01,7.65,0.73,0.2,5.8,223.33
702,03/12/2021,0.26,0.42,0.12,137.68,312.95,0.0,55.13,165.69,29.19,1271.25,93.09,86.86,15.3,5.6532,1,ESTACAO_MONTA,PLANEJAMENTO,0,0,0,0,0,0,0,0,0,0,0,0,0,0,0,0,0,0,0,0,0,0,0,0.0,0.42,INEXISTENTE,5.8,26.6,7.65,0.73,0.2,5.8,222.06
703,04/12/2021,0.26,0.42,0.12,,,0.0,,,,,,,,,1,ESTACAO_MONTA,PLANEJAMENTO,0,0,0,0,0,0,0,0,0,0,0,0,0,0,0,0,0,0,0,0,0,0,0,0.0,0.42,INEXISTENTE,1.2,25.97,,,,,
704,05/12/2021,0.26,0.42,0.12,,,0.0,,,,,,,,,1,ESTACAO_MONTA,PLANEJAMENTO,0,0,0,0,0,0,0,0,0,0,0,0,0,0,0,0,0,0,0,0,0,0,0,0.0,0.42,INEXISTENTE,4.4,25.37,,,,,
705,06/12/2021,0.26,0.42,0.12,138.18,322.1,0.0,56.65,166.33,29.25,1266.5,94.67,86.12,15.15,5.6891,1,ESTACAO_MONTA,PLANEJAMENTO,0,0,0,0,0,0,0,0,0,0,0,0,0,0,0,0,0,0,0,0,0,0,0,0.0,0.42,INEXISTENTE,2.6,26.65,7.65,0.73,0.2,5.8,221.26
706,07/12/2021,0.26,0.42,0.12,138.22,316.5,0.0,56.34,165.07,29.38,1258.25,94.47,87.58,15.59,5.6128,1,ESTACAO_MONTA,PLANEJAMENTO,0,0,0,0,0,0,0,0,0,0,0,0,0,0,0,0,0,0,0,0,0,0,0,0.0,0.42,INEXISTENTE,0.2,26.67,7.65,0.73,0.2,5.8,227.97
707,08/12/2021,0.26,0.42,0.12,137.55,319.5,0.0,57.69,163.27,29.48,1268.75,93.49,87.55,15.81,5.5327,1,ESTACAO_MONTA,PLANEJAMENTO,0,0,0,0,0,0,0,0,0,0,0,0,0,0,0,0,0,0,0,0,0,0,0,0.0,0.42,INEXISTENTE,30.0,25.89,7.65,0.73,0.2,5.8,228.68
708,09/12/2021,0.26,0.42,0.12,136.73,312.25,0.0,55.96,161.36,28.92,1272.25,93.21,87.54,15.69,5.5727,1,ESTACAO_MONTA,PLANEJAMENTO,0,0,0,0,0,0,0,0,0,0,0,0,0,0,0,0,0,0,0,0,0,0,0,0.0,0.42,INEXISTENTE,0.2,25.84,9.15,0.73,0.2,5.8,224.41
709,10/12/2021,0.26,0.42,0.12,136.85,311.2,0.0,55.44,162.09,28.88,1274.25,93.2,88.06,15.69,5.6127,1,ESTACAO_MONTA,PLANEJAMENTO,0,0,0,0,0,0,0,0,0,0,0,0,0,0,0,0,0,0,0,0,0,0,0,0.0,0.42,INEXISTENTE,8.8,26.44,9.15,0.73,0.2,5.8,225.16
710,11/12/2021,0.26,0.42,0.12,,,0.0,,,,,,,,,1,ESTACAO_MONTA,PLANEJAMENTO,0,0,0,0,0,0,0,0,0,0,0,0,0,0,0,0,0,0,0,0,0,0,0,0.0,0.42,INEXISTENTE,18.6,25.7,,,,,
711,12/12/2021,0.26,0.42,0.12,,,0.0,,,,,,,,,1,ESTACAO_MONTA,PLANEJAMENTO,0,0,0,0,0,0,0,0,0,0,0,0,0,0,0,0,0,0,0,0,0,0,0,0.0,0.42,INEXISTENTE,0.0,25.53,,,,,
712,13/12/2021,0.26,0.42,0.12,136.95,316.35,0.0,55.76,162.8,28.7,1250.75,93.73,88.1,15.53,5.6804,1,ESTACAO_MONTA,PLANEJAMENTO,0,0,0,0,0,0,0,0,0,0,0,0,0,0,0,0,0,0,0,0,0,0,0,0.0,0.42,INEXISTENTE,7.8,26.21,9.15,0.73,0.2,5.8,224.66
713,14/12/2021,0.26,0.42,0.12,136.77,310.4,0.0,54.54,164.13,28.84,1264.5,93.33,87.75,15.42,5.6815,1,ESTACAO_MONTA,PLANEJAMENTO,0,0,0,0,0,0,0,0,0,0,0,0,0,0,0,0,0,0,0,0,0,0,0,0.0,0.42,INEXISTENTE,0.2,26.66,9.15,0.73,0.2,5.8,224.32
714,15/12/2021,0.26,0.42,0.12,135.0,308.0,0.0,53.82,166.1,29.02,1265.25,91.21,87.56,15.3,5.6806,1,ESTACAO_MONTA,PLANEJAMENTO,0,0,0,0,0,0,0,0,0,0,0,0,1,0,0,0,0,0,0,0,0,0,0,0.5,0.42,INEXISTENTE,0.0,27.28,9.15,0.73,0.2,5.8,224.42
715,16/12/2021,0.26,0.42,0.12,135.28,316.65,0.0,55.8,167.52,29.52,1278.25,90.7,87.39,15.4,5.6884,1,ESTACAO_MONTA,PLANEJAMENTO,0,0,0,0,0,0,0,0,0,0,0,0,1,0,0,0,0,0,0,0,0,0,0,0.5,0.42,INEXISTENTE,8.6,25.82,9.15,0.73,0.2,5.8,225.84
716,17/12/2021,0.26,0.42,0.12,134.75,318.85,0.0,56.12,168.07,29.58,1288.5,89.39,87.18,15.34,5.6959,1,ESTACAO_MONTA,PLANEJAMENTO,0,0,0,0,0,0,0,0,0,0,0,0,1,0,0,0,0,0,0,0,0,0,0,0.5,0.42,INEXISTENTE,0.0,26.39,9.15,0.73,0.2,5.8,221.59
717,18/12/2021,0.26,0.42,0.12,,,0.0,,,,,,,,,1,ESTACAO_MONTA,PLANEJAMENTO,0,0,0,0,0,0,0,0,0,0,0,0,1,0,0,0,0,0,0,0,0,0,0,0.5,0.42,INEXISTENTE,1.6,25.9,,,,,
718,19/12/2021,0.26,0.42,0.12,,,0.0,,,,,,,,,1,ESTACAO_MONTA,PLANEJAMENTO,0,0,0,0,0,0,0,0,0,0,0,0,1,0,0,0,0,0,0,0,0,0,0,0.5,0.42,INEXISTENTE,10.2,25.72,,,,,
719,20/12/2021,0.26,0.42,0.12,134.47,317.7,0.0,55.37,167.91,29.26,1294.75,89.95,87.57,15.26,5.742,1,ESTACAO_MONTA,PLANEJAMENTO,0,0,0,0,0,0,0,0,0,0,0,0,1,0,0,0,0,0,0,0,0,0,1,1.0,0.42,INEXISTENTE,2.2,26.63,9.15,0.73,0.2,5.8,218.76
720,21/12/2021,0.26,0.42,0.12,135.53,327.75,0.0,57.13,168.72,29.41,1312.75,93.2,88.61,15.45,5.7451,1,ESTACAO_MONTA,PLANEJAMENTO,0,0,0,0,0,0,0,0,0,0,0,0,1,0,0,0,0,0,0,0,0,0,1,1.0,0.42,INEXISTENTE,10.2,26.62,9.15,0.73,0.2,5.8,222.0
721,22/12/2021,0.26,0.42,0.12,135.75,322.4,0.0,56.86,171.66,30.27,1335.0,92.56,88.69,15.64,5.654,1,ESTACAO_MONTA,PLANEJAMENTO,0,0,0,0,0,0,0,0,0,0,0,0,1,0,0,0,0,0,0,0,0,0,1,1.0,0.42,INEXISTENTE,6.8,26.15,9.15,0.73,0.2,5.8,223.97
722,23/12/2021,0.26,0.42,0.12,137.05,327.5,0.0,57.83,170.5,30.11,1340.75,93.16,89.81,15.86,5.6749,1,ESTACAO_MONTA,PLANEJAMENTO,0,0,0,0,0,0,0,0,0,0,0,0,1,0,0,0,0,0,0,0,0,0,1,1.0,0.42,INEXISTENTE,17.0,25.89,9.15,0.73,0.2,5.8,225.71
723,24/12/2021,0.26,0.42,0.12,,,0.0,,,,,,,,,1,ESTACAO_MONTA,PLANEJAMENTO,0,0,0,0,0,0,0,0,0,0,0,0,1,0,0,0,0,0,0,0,0,1,1,1.5,0.42,INEXISTENTE,44.4,24.92,9.15,0.73,0.2,5.8,
724,25/12/2021,0.26,0.42,0.12,,,0.0,,,,,,,,,1,ESTACAO_MONTA,PLANEJAMENTO,0,0,0,0,0,0,0,0,0,0,0,0,1,0,0,0,0,0,0,0,1,1,1,2.5,0.42,INEXISTENTE,15.8,25.11,,,,,
725,26/12/2021,0.26,0.42,0.12,,,0.0,,,,,,,,,1,ESTACAO_MONTA,PLANEJAMENTO,0,0,0,0,0,0,0,0,0,0,0,0,1,0,0,0,0,0,0,0,0,0,1,1.0,0.42,INEXISTENTE,0.2,26.91,,,,,
726,27/12/2021,0.26,0.42,0.12,137.3,329.1,0.0,58.39,171.02,30.34,1371.5,93.26,89.99,15.97,5.6249,1,ESTACAO_MONTA,PLANEJAMENTO,0,0,0,0,0,0,0,0,0,0,0,0,1,0,0,0,0,0,0,0,0,0,1,1.0,0.42,INEXISTENTE,33.2,25.81,9.15,0.73,0.2,5.8,229.43
727,28/12/2021,0.26,0.42,0.12,138.47,331.4,0.0,58.79,171.81,30.48,1368.0,89.37,90.34,16.03,5.6283,1,ESTACAO_MONTA,PLANEJAMENTO,0,0,0,0,0,0,0,0,0,0,0,0,1,0,0,0,0,0,0,0,0,0,1,1.0,0.42,INEXISTENTE,0.0,26.49,9.15,0.73,0.2,5.8,230.12
728,29/12/2021,0.26,0.42,0.12,139.4,335.85,0.0,58.98,171.22,30.07,1368.75,89.24,90.37,15.87,5.7032,1,ESTACAO_MONTA,PLANEJAMENTO,0,0,0,0,0,0,0,0,0,0,0,0,1,0,0,0,0,0,0,0,0,0,1,1.0,0.42,INEXISTENTE,23.4,25.02,9.15,0.73,0.2,5.8,229.11
729,30/12/2021,0.26,0.42,0.12,139.05,336.5,0.0,60.36,170.22,30.53,1338.5,88.67,90.35,16.21,5.571,1,ESTACAO_MONTA,PLANEJAMENTO,0,0,0,0,0,0,0,0,0,0,0,0,1,0,0,0,0,0,0,0,0,0,1,1.0,0.42,INEXISTENTE,3.8,24.95,9.15,0.73,0.2,5.8,228.66
730,31/12/2021,0.26,0.42,0.12,138.9,,0.0,,,,1339.25,,,,5.5703,1,ESTACAO_MONTA,PLANEJAMENTO,0,0,0,0,0,0,0,0,0,0,0,0,1,0,0,0,0,0,0,0,0,0,1,1.0,0.42,INEXISTENTE,9.2,24.6,9.15,0.73,0.2,5.8,228.46
731,01/01/2022,0.26,0.42,0.12,,,0.0,,,,,,,,,1,PICO_NASCIMENTOS,PLANEJAMENTO,1,0,0,0,0,0,0,0,0,0,0,0,1,0,0,0,0,0,0,0,0,0,1,2.0,0.64,INEXISTENTE,41.4,24.8,,,,,
732,02/01/2022,0.26,0.42,0.12,,,0.0,,,,,,,,,1,PICO_NASCIMENTOS,PLANEJAMENTO,0,0,0,0,0,0,0,0,0,0,0,0,1,0,0,0,0,0,0,0,0,0,0,0.5,0.64,INEXISTENTE,4.0,25.86,,,,,
733,03/01/2022,0.26,0.42,0.12,138.93,334.5,0.0,59.09,170.62,30.14,1355.5,91.15,92.01,16.25,5.6818,1,PICO_NASCIMENTOS,PLANEJAMENTO,0,0,0,0,0,0,0,0,0,0,0,0,1,0,0,0,0,0,0,0,0,0,0,0.5,0.64,INEXISTENTE,0.2,26.43,9.15,0.54,1.0,-5.4,225.46
734,04/01/2022,0.26,0.42,0.12,137.82,339.65,0.0,59.72,174.46,30.68,1389.75,93.83,92.72,16.3,5.677,1,PICO_NASCIMENTOS,PLANEJAMENTO,0,0,0,0,0,0,0,0,0,0,0,0,1,0,0,0,0,0,0,0,0,0,0,0.5,0.64,INEXISTENTE,2.6,25.82,9.15,0.54,1.0,-5.4,227.27
735,05/01/2022,0.26,0.42,0.12,137.25,345.25,0.0,60.97,178.23,31.47,1394.75,93.41,92.81,16.3,5.7087,1,PICO_NASCIMENTOS,PLANEJAMENTO,0,0,0,0,0,0,0,0,0,0,0,0,1,0,0,0,0,0,0,0,0,0,0,0.5,0.64,INEXISTENTE,30.2,25.28,9.15,0.54,1.0,-5.4,226.43
736,06/01/2022,0.26,0.42,0.12,137.35,337.6,0.0,59.37,176.13,30.98,1387.25,93.56,93.28,16.41,5.6834,1,PICO_NASCIMENTOS,PLANEJAMENTO,0,0,0,0,0,0,0,0,0,0,0,0,1,0,0,0,0,0,0,0,0,0,0,0.5,0.64,INEXISTENTE,11.8,24.71,9.15,0.54,1.0,-5.4,225.71
737,07/01/2022,0.26,0.42,0.12,137.32,331.4,0.0,58.83,175.97,31.24,1410.25,94.16,93.52,16.6,5.6355,1,PICO_NASCIMENTOS,PLANEJAMENTO,0,0,0,0,0,0,0,0,0,0,0,0,1,0,0,0,0,0,0,0,0,0,0,0.5,0.64,INEXISTENTE,6.4,25.99,9.15,0.54,1.0,-5.4,225.04
738,08/01/2022,0.26,0.42,0.12,,,0.0,,,,,,,,,1,PICO_NASCIMENTOS,PLANEJAMENTO,0,0,0,0,0,0,0,0,0,0,0,0,1,0,0,0,0,0,0,0,0,0,0,0.5,0.64,INEXISTENTE,88.2,24.22,,,,,
739,09/01/2022,0.26,0.42,0.12,,,0.0,,,,,,,,,1,PICO_NASCIMENTOS,PLANEJAMENTO,0,0,0,0,0,0,0,0,0,0,0,0,1,0,0,0,0,0,0,0,0,0,0,0.5,0.64,INEXISTENTE,3.4,24.83,,,,,
740,10/01/2022,0.26,0.42,0.12,136.25,339.0,0.0,59.77,176.56,31.13,1384.75,94.32,94.43,16.65,5.6633,1,PICO_NASCIMENTOS,PLANEJAMENTO,0,0,0,0,0,0,0,0,0,0,0,0,1,0,0,0,0,0,0,0,0,0,0,0.5,0.64,INEXISTENTE,1.6,26.06,9.15,0.54,1.0,-5.4,222.8
741,11/01/2022,0.26,0.42,0.12,137.68,333.7,0.0,59.81,176.17,31.58,1386.5,94.94,95.13,17.05,5.5686,1,PICO_NASCIMENTOS,PLANEJAMENTO,0,0,0,0,0,0,0,0,0,0,0,0,1,0,0,0,0,0,0,0,0,0,0,0.5,0.64,INEXISTENTE,69.6,24.8,9.15,0.54,1.0,-5.4,223.44
742,12/01/2022,0.26,0.42,0.12,136.57,335.05,0.0,60.53,175.07,31.63,1399.25,95.79,95.27,17.21,5.5338,1,PICO_NASCIMENTOS,PLANEJAMENTO,0,0,0,0,0,0,0,0,0,0,0,0,1,0,0,0,0,0,0,0,0,0,0,0.5,0.64,INEXISTENTE,14.6,23.81,9.15,0.54,1.0,-5.4,226.18
743,13/01/2022,0.26,0.42,0.12,137.0,333.7,0.0,60.46,175.25,31.75,1377.25,95.84,96.5,17.48,5.5286,1,PICO_NASCIMENTOS,PLANEJAMENTO,0,0,0,0,0,0,0,0,0,0,0,0,1,0,0,0,0,0,0,0,0,0,0,0.5,0.64,INEXISTENTE,5.4,25.6,9.15,0.54,1.0,-5.4,223.73
744,14/01/2022,0.26,0.42,0.12,137.97,335.5,0.0,60.76,174.6,31.62,1369.75,96.71,96.77,17.52,5.5344,1,PICO_NASCIMENTOS,PLANEJAMENTO,0,0,0,0,0,0,0,0,0,0,0,0,1,0,0,0,0,0,0,0,0,0,0,0.5,0.64,INEXISTENTE,0.0,27.6,9.15,0.54,1.0,-5.4,223.19
745,15/01/2022,0.26,0.42,0.12,,,0.0,,,,,,,,,1,PICO_NASCIMENTOS,PLANEJAMENTO,0,0,0,0,0,0,0,0,0,0,0,0,1,0,0,0,0,0,0,0,0,0,0,0.5,0.64,INEXISTENTE,0.0,29.43,,,,,
746,16/01/2022,0.26,0.42,0.12,,,0.0,,,,,,,,,1,PICO_NASCIMENTOS,PLANEJAMENTO,0,0,0,0,0,0,0,0,0,0,0,0,1,0,0,0,0,0,0,0,0,0,0,0.5,0.64,INEXISTENTE,0.0,28.74,,,,,
747,17/01/2022,0.26,0.42,0.12,,,0.0,,,,,,,,,1,PICO_NASCIMENTOS,PLANEJAMENTO,0,0,0,0,0,0,0,0,0,0,0,0,1,0,0,0,0,0,0,0,0,0,0,0.5,0.64,INEXISTENTE,0.0,26.38,9.15,0.54,1.0,-5.4,
748,18/01/2022,0.26,0.42,0.12,137.68,333.95,0.0,60.11,174.06,31.33,1371.0,99.34,97.39,17.53,5.5666,1,PICO_NASCIMENTOS,PLANEJAMENTO,0,0,0,0,0,0,0,0,0,0,0,0,1,0,0,0,0,0,0,0,0,0,0,0.5,0.64,INEXISTENTE,0.0,26.6,9.15,0.54,1.0,-5.4,223.5
749,19/01/2022,0.26,0.42,0.12,138.55,337.2,0.0,61.71,175.78,32.17,1400.75,100.0,97.7,17.88,5.4383,1,PICO_NASCIMENTOS,PLANEJAMENTO,0,0,0,0,0,0,0,0,0,0,0,0,1,0,0,0,0,0,0,0,0,0,0,0.5,0.64,INEXISTENTE,14.2,26.06,9.15,0.54,1.0,-5.4,229.62
750,20/01/2022,0.26,0.42,0.12,138.32,339.25,0.0,62.7,176.07,32.54,1434.5,99.32,98.13,18.14,5.4191,1,PICO_NASCIMENTOS,PLANEJAMENTO,0,0,0,0,0,0,0,0,0,0,0,0,1,0,0,0,0,0,0,0,0,0,0,0.5,0.64,INEXISTENTE,0.0,27.25,9.15,0.54,1.0,-5.4,231.2
751,21/01/2022,0.26,0.42,0.12,137.93,344.2,0.0,63.07,177.33,32.5,1423.0,99.77,98.33,18.02,5.4582,1,PICO_NASCIMENTOS,PLANEJAMENTO,0,0,0,0,0,0,0,0,0,0,0,0,1,0,0,0,0,0,0,0,0,0,0,0.5,0.64,INEXISTENTE,0.0,27.55,9.15,0.54,1.0,-5.4,225.91
752,22/01/2022,0.26,0.42,0.12,,,0.0,,,,,,,,,1,PICO_NASCIMENTOS,PLANEJAMENTO,0,0,0,0,0,0,0,0,0,0,0,0,1,0,0,0,0,0,0,0,0,0,0,0.5,0.64,INEXISTENTE,0.0,28.9,,,,,
753,23/01/2022,0.26,0.42,0.12,,,0.0,,,,,,,,,1,PICO_NASCIMENTOS,PLANEJAMENTO,0,0,0,0,0,0,0,0,0,0,0,0,1,0,0,0,0,0,0,0,0,0,0,0.5,0.64,INEXISTENTE,0.0,29.93,,,,,
754,24/01/2022,0.26,0.42,0.12,136.32,338.2,0.0,61.46,177.4,32.24,1411.0,101.0,97.93,17.8,5.4877,1,PICO_NASCIMENTOS,PLANEJAMENTO,0,0,0,0,0,0,0,0,0,0,0,0,1,0,0,0,0,0,0,0,0,0,0,0.5,0.64,INEXISTENTE,61.6,26.41,9.15,0.54,1.0,-5.4,224.25
755,25/01/2022,0.26,0.42,0.12,137.1,343.1,0.0,63.07,176.97,32.53,1416.0,100.53,97.76,17.97,5.4437,1,PICO_NASCIMENTOS,PLANEJAMENTO,0,0,0,0,0,0,0,0,0,0,0,0,1,0,0,0,0,0,0,0,0,0,0,0.5,0.64,INEXISTENTE,0.2,26.08,9.15,0.54,1.0,-5.4,221.79
756,26/01/2022,0.26,0.42,0.12,138.05,342.3,0.0,63.31,177.26,32.78,1447.0,99.57,97.9,18.11,5.4324,1,PICO_NASCIMENTOS,PLANEJAMENTO,0,0,0,0,0,0,0,0,0,0,0,0,1,0,0,0,0,0,0,0,0,0,0,0.5,0.64,INEXISTENTE,5.4,25.81,9.15,0.54,1.0,-5.4,220.13
757,27/01/2022,0.26,0.42,0.12,137.82,343.7,0.0,63.33,179.22,33.02,1454.0,100.32,97.37,17.94,5.4065,1,PICO_NASCIMENTOS,PLANEJAMENTO,0,0,0,0,0,0,0,0,0,0,0,0,1,0,0,0,0,0,0,0,0,0,0,0.5,0.64,INEXISTENTE,0.0,26.0,9.15,0.54,1.0,-5.4,223.24
758,28/01/2022,0.26,0.42,0.12,138.7,339.4,0.0,62.93,180.32,33.44,1475.25,99.03,97.4,18.06,5.3674,1,PICO_NASCIMENTOS,PLANEJAMENTO,0,0,0,0,0,0,0,0,0,0,0,0,1,0,0,0,0,0,0,0,0,0,0,0.5,0.64,INEXISTENTE,0.6,25.92,9.15,0.54,1.0,-5.4,225.75
759,29/01/2022,0.26,0.42,0.12,,,0.0,,,,,,,,,1,PICO_NASCIMENTOS,PLANEJAMENTO,0,0,0,0,0,0,0,0,0,0,0,0,1,0,0,0,0,0,0,0,0,0,0,0.5,0.64,INEXISTENTE,8.8,24.91,,,,,
760,30/01/2022,0.26,0.42,0.12,,,0.0,,,,,,,,,1,PICO_NASCIMENTOS,PLANEJAMENTO,0,0,0,0,0,0,0,0,0,0,0,0,1,0,0,0,0,0,0,0,0,0,0,0.5,0.64,INEXISTENTE,0.8,25.11,,,,,
761,31/01/2022,0.26,0.42,0.12,139.57,343.8,0.0,64.83,180.99,34.13,1495.25,98.75,97.42,18.37,5.3041,1,PICO_NASCIMENTOS,PLANEJAMENTO,0,0,0,0,0,0,0,0,0,0,0,0,1,0,0,0,0,0,0,0,0,0,0,0.5,0.64,INEXISTENTE,14.0,24.83,9.15,0.54,1.0,-5.4,229.5
762,01/02/2022,0.26,0.42,0.12,140.3,333.9,0.0,63.36,184.33,34.98,1534.25,98.28,97.4,18.48,5.2655,1,PICO_NASCIMENTOS,SAFRA,0,0,0,0,0,0,0,0,0,0,0,0,0,0,0,0,0,0,0,0,0,0,0,0.0,1.46,INEXISTENTE,0.2,26.44,9.15,1.01,1.0,-5.4,232.02
763,02/02/2022,0.26,0.42,0.12,141.12,334.7,0.0,63.33,188.15,35.6,1549.5,97.19,97.14,18.38,5.262,1,PICO_NASCIMENTOS,SAFRA,0,0,0,0,0,0,0,0,0,0,0,0,0,0,0,0,0,0,0,0,0,0,0,0.0,1.46,INEXISTENTE,0.0,28.18,9.15,1.01,1.0,-5.4,239.37
764,03/02/2022,0.26,0.42,0.12,141.6,334.0,0.0,63.1,188.98,35.7,1547.0,96.85,96.82,18.29,5.2839,1,PICO_NASCIMENTOS,SAFRA,0,0,0,0,0,0,0,0,0,0,0,0,0,0,0,0,0,0,0,0,0,0,0,0.0,1.46,INEXISTENTE,26.8,26.58,10.65,1.01,1.0,-5.4,241.07
765,04/02/2022,0.26,0.42,0.12,142.05,343.9,0.0,64.57,190.26,35.72,1557.5,96.75,97.13,18.24,5.3279,1,PICO_NASCIMENTOS,SAFRA,0,0,0,0,0,0,0,0,0,0,0,0,0,0,0,0,0,0,0,0,0,0,0,0.0,1.46,INEXISTENTE,0.0,28.0,10.65,1.01,1.0,-5.4,246.17
766,05/02/2022,0.26,0.42,0.12,,,0.0,,,,,,,,,1,PICO_NASCIMENTOS,SAFRA,0,0,0,0,0,0,0,0,0,0,0,0,0,0,0,0,0,0,0,0,0,0,0,0.0,1.46,INEXISTENTE,0.0,25.96,,,,,
767,06/02/2022,0.26,0.42,0.12,,,0.0,,,,,,,,,1,PICO_NASCIMENTOS,SAFRA,0,0,0,0,0,0,0,0,0,0,0,0,0,0,0,0,0,0,0,0,0,0,0,0.0,1.46,INEXISTENTE,0.0,26.16,,,,,
768,07/02/2022,0.26,0.42,0.12,141.82,330.3,0.0,62.79,194.42,36.96,1586.25,99.4,96.97,18.44,5.2636,1,PICO_NASCIMENTOS,SAFRA,0,0,0,0,0,0,0,0,0,0,0,0,0,0,0,0,0,0,0,0,0,0,0,0.0,1.46,INEXISTENTE,0.0,26.69,10.65,1.01,1.0,-5.4,242.67
769,08/02/2022,0.26,0.42,0.12,141.97,339.35,0.0,64.58,191.85,36.51,1572.5,98.84,97.14,18.49,5.2593,1,PICO_NASCIMENTOS,SAFRA,0,0,0,0,0,0,0,0,0,0,0,0,0,0,0,0,0,0,0,0,0,0,0,0.0,1.46,INEXISTENTE,0.0,26.66,10.65,1.01,1.0,-5.4,241.41
770,09/02/2022,0.26,0.42,0.12,142.9,341.05,0.0,65.34,192.22,36.82,1595.5,98.89,96.93,18.57,5.2354,1,PICO_NASCIMENTOS,SAFRA,0,0,0,0,0,0,0,0,0,0,0,0,0,0,0,0,0,0,0,0,0,0,0,0.0,1.46,INEXISTENTE,5.0,25.82,10.65,1.01,1.0,-5.4,249.51
771,10/02/2022,0.26,0.42,0.12,142.35,342.1,0.0,65.46,193.4,37.01,1576.5,98.45,97.08,18.58,5.2496,1,PICO_NASCIMENTOS,SAFRA,0,0,0,0,0,0,0,0,0,0,0,0,0,0,0,0,0,0,0,0,0,0,0,0.0,1.46,INEXISTENTE,2.2,26.01,10.65,1.01,1.0,-5.4,244.05
772,11/02/2022,0.26,0.42,0.12,141.88,342.05,0.0,65.45,191.33,36.61,1586.25,99.55,97.05,18.57,5.2527,1,PICO_NASCIMENTOS,SAFRA,0,0,0,0,0,0,0,0,0,0,0,0,0,0,0,0,0,0,0,0,0,0,0,0.0,1.46,INEXISTENTE,6.0,24.88,10.65,1.01,1.0,-5.4,241.03
773,12/02/2022,0.26,0.42,0.12,,,0.0,,,,,,,,,1,PICO_NASCIMENTOS,SAFRA,0,0,0,0,0,0,0,0,0,0,0,0,0,0,0,0,0,0,0,0,0,0,0,0.0,1.46,INEXISTENTE,0.2,25.8,,,,,
774,13/02/2022,0.26,0.42,0.12,,,0.0,,,,,,,,,1,PICO_NASCIMENTOS,SAFRA,0,0,0,0,0,0,0,0,0,0,0,0,0,0,0,0,0,0,0,0,0,0,0,0.0,1.46,INEXISTENTE,29.4,25.24,,,,,
775,14/02/2022,0.26,0.42,0.12,142.43,338.9,0.0,64.96,188.52,36.13,1574.0,99.33,95.98,18.4,5.2149,1,PICO_NASCIMENTOS,SAFRA,0,0,0,0,0,0,0,0,0,0,0,0,0,0,0,0,0,0,0,0,0,0,0,0.0,1.46,INEXISTENTE,26.2,25.58,10.65,1.01,1.0,-5.4,239.17
776,15/02/2022,0.26,0.42,0.12,142.9,338.15,0.0,65.27,188.38,36.36,1555.75,97.09,96.55,18.63,5.159,1,PICO_NASCIMENTOS,SAFRA,0,0,0,0,0,0,0,0,0,0,0,0,0,0,0,0,0,0,0,0,0,0,0,0.0,1.46,INEXISTENTE,0.0,27.47,10.65,1.01,1.0,-5.4,238.84
777,16/02/2022,0.26,0.42,0.12,143.12,340.65,0.0,66.43,190.32,37.11,1591.25,96.91,96.53,18.82,5.1365,1,PICO_NASCIMENTOS,SAFRA,0,0,0,0,0,0,0,0,0,0,0,0,0,0,0,0,0,0,0,0,0,0,0,0.0,1.46,INEXISTENTE,0.0,27.0,10.65,1.01,1.0,-5.4,238.92
778,17/02/2022,0.26,0.42,0.12,143.4,345.9,0.0,66.92,192.0,37.14,1596.0,96.83,96.51,18.67,5.1718,1,PICO_NASCIMENTOS,SAFRA,0,0,0,0,0,0,0,0,0,0,0,0,0,0,0,0,0,0,0,0,0,0,0,0.0,1.46,INEXISTENTE,0.0,26.35,10.65,1.01,1.0,-5.4,238.85
779,18/02/2022,0.26,0.42,0.12,143.25,340.9,0.0,66.35,193.54,37.67,1603.5,96.8,96.49,18.78,5.1385,1,PICO_NASCIMENTOS,SAFRA,0,0,0,0,0,0,0,0,0,0,0,0,0,0,0,0,0,0,0,0,0,0,0,0.0,1.46,INEXISTENTE,0.0,27.25,10.65,1.01,1.0,-5.4,236.62
780,19/02/2022,0.26,0.42,0.12,,,0.0,,,,,,,,,1,PICO_NASCIMENTOS,SAFRA,0,0,0,0,0,0,0,0,0,0,0,0,0,0,0,0,0,0,0,0,0,0,0,0.0,1.46,INEXISTENTE,55.2,23.5,,,,,
781,20/02/2022,0.26,0.42,0.12,,,0.0,,,,,,,,,1,PICO_NASCIMENTOS,SAFRA,0,0,0,0,0,0,0,0,0,0,0,0,0,0,0,0,0,0,0,0,0,0,0,0.0,1.46,INEXISTENTE,9.6,25.35,,,,,
782,21/02/2022,0.26,0.42,0.12,,,0.0,,,,,,,,,1,PICO_NASCIMENTOS,SAFRA,0,0,0,0,0,0,0,0,0,0,0,0,0,0,0,0,0,0,0,0,0,0,0,0.0,1.46,INEXISTENTE,1.6,26.8,10.65,1.01,1.0,-5.4,
783,22/02/2022,0.26,0.42,0.12,143.75,348.4,0.0,68.79,193.4,38.18,1635.0,97.98,96.8,19.11,5.0583,1,PICO_NASCIMENTOS,SAFRA,0,0,0,0,0,0,0,0,0,0,0,0,0,0,0,0,0,0,0,0,0,0,0,0.0,1.46,INEXISTENTE,0.6,26.23,10.65,1.01,1.0,-5.4,238.37
784,23/02/2022,0.26,0.42,0.12,143.05,343.95,0.0,68.75,195.23,39.02,1671.0,98.13,96.85,19.36,5.0097,1,PICO_NASCIMENTOS,SAFRA,0,0,0,0,0,0,0,0,0,0,0,0,0,0,0,0,0,0,0,0,0,0,0,0.0,1.46,INEXISTENTE,59.4,24.39,10.65,1.01,1.0,-5.4,235.56
785,24/02/2022,0.26,0.42,0.12,140.53,340.7,0.0,66.58,197.5,38.6,1654.0,98.71,96.89,18.93,5.1231,1,PICO_NASCIMENTOS,SAFRA,0,0,0,0,0,0,0,0,0,0,0,0,0,0,0,0,0,0,0,0,0,0,0,0.0,1.46,INEXISTENTE,0.0,25.5,10.65,1.01,1.0,-5.4,237.26
786,25/02/2022,0.26,0.42,0.12,139.28,343.05,0.0,66.68,195.03,37.91,1584.5,97.4,97.34,18.92,5.1623,1,PICO_NASCIMENTOS,SAFRA,0,0,1,0,0,0,0,0,0,0,0,0,0,0,0,0,0,0,0,0,0,0,0,0.5,1.46,INEXISTENTE,0.0,28.62,10.65,1.01,1.0,-5.4,239.41
787,26/02/2022,0.26,0.42,0.12,,,0.0,,,,,,,,,1,PICO_NASCIMENTOS,SAFRA,0,0,1,0,0,0,0,0,0,0,0,0,0,0,0,0,0,0,0,0,0,0,0,0.5,1.46,INEXISTENTE,0.0,29.61,,,,,
788,27/02/2022,0.26,0.42,0.12,,,0.0,,,,,,,,,1,PICO_NASCIMENTOS,SAFRA,0,0,1,0,0,0,0,0,0,0,0,0,0,0,0,0,0,0,0,0,0,0,0,0.5,1.46,INEXISTENTE,2.6,28.33,,,,,
789,28/02/2022,0.26,0.42,0.12,140.5,,0.0,,,,1636.75,,,,5.1599,1,PICO_NASCIMENTOS,SAFRA,0,0,1,0,0,0,0,0,0,0,0,0,0,0,0,0,0,0,0,0,0,0,0,0.5,1.46,INEXISTENTE,0.0,29.01,,,,,
790,01/03/2022,0.26,0.42,0.12,140.53,,0.0,,,,1690.0,,,,5.1595,1,PICO_NASCIMENTOS,ENTRESAFRA,0,1,1,0,0,0,0,0,0,0,0,0,0,0,0,0,0,0,0,0,0,0,0,1.5,-0.0,INEXISTENTE,37.8,26.71,,,,,
791,02/03/2022,0.26,0.42,0.12,140.1,339.85,0.0,66.51,199.19,38.98,1663.0,99.53,97.2,19.02,5.0995,1,PICO_NASCIMENTOS,ENTRESAFRA,0,0,0,0,0,0,0,0,0,0,0,0,0,0,0,0,0,0,0,0,0,0,0,0.0,-0.0,INEXISTENTE,0.2,25.38,10.65,1.62,1.0,-5.4,236.74
792,03/03/2022,0.26,0.42,0.12,138.35,342.35,0.0,68.14,199.85,39.78,1667.75,100.51,97.72,19.45,5.032,1,PICO_NASCIMENTOS,ENTRESAFRA,0,0,0,0,0,0,0,0,0,0,0,0,0,0,0,0,0,0,0,0,0,0,0,0.0,-0.0,INEXISTENTE,0.6,24.9,10.65,1.62,1.0,-5.4,240.82
793,04/03/2022,0.26,0.42,0.12,135.78,341.15,0.0,67.17,199.88,39.35,1660.5,102.33,98.15,19.32,5.062,1,PICO_NASCIMENTOS,ENTRESAFRA,0,0,0,0,0,0,0,0,0,0,0,0,0,0,0,0,0,0,0,0,0,0,0,0.0,-0.0,INEXISTENTE,0.0,26.4,10.65,1.62,1.0,-5.4,243.77
794,05/03/2022,0.26,0.42,0.12,,,0.0,,,,,,,,,1,PICO_NASCIMENTOS,ENTRESAFRA,0,0,0,0,0,0,0,0,0,0,0,0,0,0,0,0,0,0,0,0,0,0,0,0.0,-0.0,INEXISTENTE,0.0,27.12,,,,,
795,06/03/2022,0.26,0.42,0.12,,,0.0,,,,,,,,,1,PICO_NASCIMENTOS,ENTRESAFRA,0,0,0,0,0,0,0,0,0,0,0,0,0,0,0,0,0,0,0,0,0,0,0,0.0,-0.0,INEXISTENTE,14.2,25.27,,,,,
796,07/03/2022,0.26,0.42,0.12,137.9,345.35,0.0,68.0,200.3,39.44,1659.5,101.82,100.19,19.73,5.1115,1,PICO_NASCIMENTOS,ENTRESAFRA,0,0,0,0,0,0,0,0,0,0,0,0,0,0,0,0,0,0,0,0,0,0,0,0.0,-0.0,INEXISTENTE,17.8,25.34,10.65,1.62,1.0,-5.4,235.73
797,08/03/2022,0.26,0.42,0.12,139.05,350.35,0.0,69.29,203.22,40.19,1689.75,102.0,101.36,20.05,5.0599,1,PICO_NASCIMENTOS,ENTRESAFRA,0,0,0,0,0,0,0,0,0,0,0,0,0,0,0,0,0,0,0,0,0,0,0,0.0,-0.0,INEXISTENTE,38.4,25.31,10.65,1.62,1.0,-5.4,222.73
798,09/03/2022,0.26,0.42,0.12,137.57,342.8,0.0,68.41,202.02,40.32,1671.75,101.88,101.25,20.21,5.0123,1,PICO_NASCIMENTOS,ENTRESAFRA,0,0,0,0,0,0,0,0,0,0,0,0,0,0,0,0,0,0,0,0,0,0,0,0.0,-0.0,INEXISTENTE,18.2,25.37,10.65,1.62,1.0,-5.4,230.09
799,10/03/2022,0.26,0.42,0.12,135.9,345.2,0.0,68.79,202.56,40.37,1686.25,102.42,101.42,20.21,5.011,1,PICO_NASCIMENTOS,ENTRESAFRA,0,0,0,0,0,0,0,0,0,0,0,0,0,0,0,0,0,0,0,0,0,0,0,0.0,-0.0,INEXISTENTE,1.2,26.35,10.65,1.62,1.0,-5.4,227.96
800,11/03/2022,0.26,0.42,0.12,137.3,347.0,0.0,68.69,200.38,39.66,1676.0,102.45,103.57,20.5,5.0745,1,PICO_NASCIMENTOS,ENTRESAFRA,0,0,0,0,0,0,0,0,0,0,0,0,0,0,0,0,0,0,0,0,0,0,0,0.0,-0.0,INEXISTENTE,3.6,26.88,10.65,1.62,1.0,-5.4,225.96
801,12/03/2022,0.26,0.42,0.12,,,0.0,,,,,,,,,1,PICO_NASCIMENTOS,ENTRESAFRA,0,0,0,0,0,0,0,0,0,0,0,0,0,0,0,0,0,0,0,0,0,0,0,0.0,-0.0,INEXISTENTE,0.0,25.93,,,,,
802,13/03/2022,0.26,0.42,0.12,,,0.0,,,,,,,,,1,PICO_NASCIMENTOS,ENTRESAFRA,0,0,0,0,0,0,0,0,0,0,0,0,0,0,0,0,0,0,0,0,0,0,0,0.0,-0.0,INEXISTENTE,0.0,27.35,,,,,
803,14/03/2022,0.26,0.42,0.12,140.32,345.05,0.0,67.27,200.43,39.08,1670.5,103.7,103.9,20.26,5.1193,1,PICO_NASCIMENTOS,ENTRESAFRA,0,0,0,0,0,0,0,0,0,0,0,0,0,0,0,0,0,0,0,0,0,0,0,0.0,-0.0,INEXISTENTE,0.2,25.53,10.65,1.62,1.0,-5.4,229.57
804,15/03/2022,0.26,0.42,0.12,140.85,341.1,0.0,66.18,199.65,38.74,1635.75,103.78,103.87,20.15,5.1631,1,PICO_NASCIMENTOS,ENTRESAFRA,0,0,0,0,0,0,0,0,0,0,0,0,0,0,0,0,0,0,0,0,0,0,0,0.0,-0.0,INEXISTENTE,0.2,27.04,10.65,1.62,1.0,-5.4,232.0
805,16/03/2022,0.26,0.42,0.12,139.35,343.3,0.0,67.25,199.62,39.1,1626.0,102.65,103.74,20.32,5.0757,1,PICO_NASCIMENTOS,ENTRESAFRA,0,0,0,0,0,0,0,0,0,0,0,0,0,0,0,0,0,0,0,0,0,0,0,0.0,-0.0,INEXISTENTE,64.6,24.98,10.65,1.62,1.0,-5.4,242.01
806,17/03/2022,0.26,0.42,0.12,139.47,349.45,0.0,69.36,199.8,39.66,1647.25,102.47,103.57,20.56,5.039,1,PICO_NASCIMENTOS,ENTRESAFRA,0,0,0,0,0,0,0,0,0,0,0,0,0,0,0,0,0,0,0,0,0,0,0,0.0,-0.0,INEXISTENTE,13.4,26.77,11.65,1.62,1.0,-5.4,246.28
807,18/03/2022,0.26,0.42,0.12,140.5,349.05,0.0,69.62,197.41,39.37,1645.75,101.29,102.59,20.46,5.0231,1,PICO_NASCIMENTOS,ENTRESAFRA,0,0,0,0,0,0,0,0,0,0,0,0,0,0,0,0,0,0,0,0,0,0,0,0.0,-0.0,INEXISTENTE,0.0,26.86,11.65,1.62,1.0,-5.4,249.6
808,19/03/2022,0.26,0.42,0.12,,,0.0,,,,,,,,,1,PICO_NASCIMENTOS,ENTRESAFRA,0,0,0,0,0,0,0,0,0,0,0,0,0,0,0,0,0,0,0,0,0,0,0,0.0,-0.0,INEXISTENTE,2.0,27.83,,,,,
809,20/03/2022,0.26,0.42,0.12,,,0.0,,,,,,,,,1,PICO_NASCIMENTOS,ENTRESAFRA,0,0,0,0,0,0,0,0,0,0,0,0,0,0,0,0,0,0,0,0,0,0,0,0.0,-0.0,INEXISTENTE,0.0,27.59,,,,,
810,21/03/2022,0.26,0.42,0.12,140.05,346.0,0.0,69.87,197.44,39.87,1672.25,101.32,102.63,20.72,4.9354,1,PICO_NASCIMENTOS,ENTRESAFRA,0,0,0,0,0,0,0,0,0,0,0,0,0,0,0,0,0,0,0,0,0,0,0,0.0,-0.0,INEXISTENTE,0.8,25.55,11.65,1.62,1.0,-5.4,250.76
811,22/03/2022,0.26,0.42,0.12,139.43,349.1,0.0,70.97,197.11,40.07,1678.75,99.43,101.29,20.59,4.9094,1,PICO_NASCIMENTOS,ENTRESAFRA,0,0,0,0,0,0,0,0,0,0,0,0,0,0,0,0,0,0,0,0,0,0,0,0.0,-0.0,INEXISTENTE,1.0,26.18,11.65,1.62,1.0,-5.4,247.99
812,23/03/2022,0.26,0.42,0.12,139.43,345.3,0.0,71.37,194.55,40.21,1698.5,98.43,99.93,20.65,4.8258,1,PICO_NASCIMENTOS,ENTRESAFRA,0,0,0,0,0,0,0,0,0,0,0,0,0,0,0,0,0,0,0,0,0,0,0,0.0,-0.0,INEXISTENTE,0.0,27.35,11.65,1.62,1.0,-5.4,246.79
813,24/03/2022,0.26,0.42,0.12,139.68,352.05,0.0,72.93,192.38,39.85,1682.25,97.3,99.2,20.55,4.8253,1,PICO_NASCIMENTOS,ENTRESAFRA,0,0,0,0,0,0,0,0,0,0,0,0,0,0,0,0,0,0,0,0,0,0,0,0.0,-0.0,INEXISTENTE,29.6,26.77,11.65,1.62,1.0,-5.4,244.93
814,25/03/2022,0.26,0.42,0.12,140.47,347.0,0.0,73.04,189.54,39.89,1688.5,93.35,96.98,20.41,4.742,1,PICO_NASCIMENTOS,ENTRESAFRA,0,0,0,0,0,0,0,0,0,0,0,0,0,0,0,0,0,0,0,0,0,0,0,0.0,-0.0,INEXISTENTE,2.4,25.95,11.65,1.62,1.0,-5.4,247.72
815,26/03/2022,0.26,0.42,0.12,,,0.0,,,,,,,,,1,PICO_NASCIMENTOS,ENTRESAFRA,0,0,0,0,0,0,0,0,0,0,0,0,0,0,0,0,0,0,0,0,0,0,0,0.0,-0.0,INEXISTENTE,0.0,27.99,,,,,
816,27/03/2022,0.26,0.42,0.12,,,0.0,,,,,,,,,1,PICO_NASCIMENTOS,ENTRESAFRA,0,0,0,0,0,0,0,0,0,0,0,0,0,0,0,0,0,0,0,0,0,0,0,0.0,-0.0,INEXISTENTE,0.0,27.3,,,,,
817,28/03/2022,0.26,0.42,0.12,140.3,349.95,0.0,73.36,186.57,39.11,1646.75,89.89,96.16,20.16,4.7675,1,PICO_NASCIMENTOS,ENTRESAFRA,0,0,0,0,0,0,0,0,0,0,0,0,0,0,0,0,0,0,0,0,0,0,0,0.0,-0.0,INEXISTENTE,0.0,28.26,11.65,1.62,1.0,-5.4,232.41
818,29/03/2022,0.26,0.42,0.12,140.9,341.6,0.0,71.75,180.98,38.01,1623.75,86.41,92.77,19.49,4.7561,1,PICO_NASCIMENTOS,ENTRESAFRA,0,0,0,0,0,0,0,0,0,0,0,0,0,0,0,0,0,0,0,0,0,0,0,0.0,-0.0,INEXISTENTE,32.6,24.38,11.65,1.62,1.0,-5.4,228.9
819,30/03/2022,0.26,0.42,0.12,140.18,347.35,0.0,72.64,183.4,38.35,1642.5,88.61,92.7,19.38,4.7685,1,PICO_NASCIMENTOS,ENTRESAFRA,0,0,0,0,0,0,0,0,0,0,0,0,0,0,0,0,0,0,0,0,0,0,0,0.0,-0.0,INEXISTENTE,3.8,26.0,11.65,1.62,1.0,-5.4,229.77
820,31/03/2022,0.26,0.42,0.12,139.38,323.25,0.0,67.9,182.32,38.3,1598.0,91.31,93.09,19.55,4.739,1,PICO_NASCIMENTOS,ENTRESAFRA,0,0,0,0,0,0,0,0,0,0,0,0,0,0,0,0,0,0,0,0,0,0,0,0.0,-0.0,INEXISTENTE,0.0,28.0,11.65,1.62,1.0,-5.4,226.02
821,01/04/2022,0.26,0.42,0.12,138.65,341.6,0.0,73.16,178.94,38.33,1566.75,89.17,92.04,19.71,4.6575,1,NASC_COMPLEMENTARES,ENTRESAFRA,0,0,0,0,0,0,0,0,0,0,0,0,0,0,0,0,0,0,0,0,0,0,0,0.0,0.79,INEXISTENTE,1.0,27.52,11.65,1.06,1.3,-2.6,227.88
822,02/04/2022,0.26,0.42,0.12,,,0.0,,,,,,,,,1,NASC_COMPLEMENTARES,ENTRESAFRA,0,0,0,0,0,0,0,0,0,0,0,0,0,0,0,0,0,0,0,0,0,0,0,0.0,0.79,INEXISTENTE,3.2,26.95,,,,,
823,03/04/2022,0.26,0.42,0.12,,,0.0,,,,,,,,,1,NASC_COMPLEMENTARES,ENTRESAFRA,0,0,0,0,0,0,0,0,0,0,0,0,0,0,0,0,0,0,0,0,0,0,0,0.0,0.79,INEXISTENTE,0.2,27.96,,,,,
824,04/04/2022,0.26,0.42,0.12,138.0,335.4,0.0,72.72,171.22,37.13,1589.0,87.35,91.55,19.85,4.5928,1,NASC_COMPLEMENTARES,ENTRESAFRA,0,0,0,0,0,0,0,0,0,0,0,0,0,0,0,0,0,0,0,0,0,0,0,0.0,0.79,INEXISTENTE,0.0,27.6,11.65,1.06,1.3,-2.6,222.91
825,05/04/2022,0.26,0.42,0.12,136.8,333.4,0.0,71.59,172.69,37.08,1614.0,88.37,90.19,19.37,4.6506,1,NASC_COMPLEMENTARES,ENTRESAFRA,0,0,0,0,0,0,0,0,0,0,0,0,0,0,0,0,0,0,0,0,0,0,0,0.0,0.79,INEXISTENTE,0.0,28.52,11.65,1.06,1.3,-2.6,225.64
826,06/04/2022,0.26,0.42,0.12,137.7,336.7,0.0,71.33,174.91,37.06,1603.5,88.01,89.46,18.95,4.7161,1,NASC_COMPLEMENTARES,ENTRESAFRA,0,0,0,0,0,0,0,0,0,0,0,0,0,0,0,0,0,0,0,0,0,0,0,0.0,0.79,INEXISTENTE,0.0,28.97,11.65,1.06,1.3,-2.6,231.33
827,07/04/2022,0.26,0.42,0.12,138.0,327.4,0.0,69.0,177.84,37.48,1627.0,86.53,89.06,18.77,4.7524,1,NASC_COMPLEMENTARES,ENTRESAFRA,0,0,0,0,0,0,0,0,0,0,0,0,0,0,0,0,0,0,0,0,0,0,0,0.0,0.79,INEXISTENTE,0.0,27.48,11.65,1.06,1.3,-2.6,232.14
828,08/04/2022,0.26,0.42,0.12,137.82,345.95,0.0,73.53,180.9,38.45,1668.0,87.2,89.02,18.92,4.697,1,NASC_COMPLEMENTARES,ENTRESAFRA,0,0,0,0,0,0,0,0,0,0,0,0,0,0,0,0,0,0,0,0,0,0,0,0.0,0.79,INEXISTENTE,0.0,27.59,11.65,1.06,1.3,-2.6,230.43
829,09/04/2022,0.26,0.42,0.12,,,0.0,,,,,,,,,1,NASC_COMPLEMENTARES,ENTRESAFRA,0,0,0,0,0,0,0,0,0,0,0,0,0,0,0,0,0,0,0,0,0,0,0,0.0,0.79,INEXISTENTE,0.0,29.44,,,,,
830,10/04/2022,0.26,0.42,0.12,,,0.0,,,,,,,,,1,NASC_COMPLEMENTARES,ENTRESAFRA,0,0,0,0,0,0,0,0,0,0,0,0,0,0,0,0,0,0,0,0,0,0,0,0.0,0.79,INEXISTENTE,0.0,28.95,,,,,
831,11/04/2022,0.26,0.42,0.12,138.53,338.6,0.0,72.3,179.49,38.33,1640.75,86.87,88.9,18.98,4.6944,1,NASC_COMPLEMENTARES,ENTRESAFRA,0,0,0,0,0,0,0,0,0,0,0,0,0,0,0,0,0,0,0,0,0,0,0,0.0,0.79,INEXISTENTE,0.0,28.85,11.65,1.06,1.3,-2.6,227.9
832,12/04/2022,0.26,0.42,0.12,139.95,337.1,0.0,72.06,178.57,38.17,1660.5,88.03,88.17,18.85,4.6735,1,NASC_COMPLEMENTARES,ENTRESAFRA,0,0,0,0,0,0,0,0,0,0,0,0,0,0,0,0,0,0,0,0,0,0,0,0.0,0.79,INEXISTENTE,0.0,29.2,11.65,1.06,1.3,-2.6,224.28
833,13/04/2022,0.26,0.42,0.12,140.62,336.3,0.0,71.77,178.99,38.2,1665.0,88.06,87.56,18.69,4.6899,1,NASC_COMPLEMENTARES,ENTRESAFRA,0,0,0,0,0,0,0,0,0,0,0,0,0,0,0,0,0,0,0,0,0,0,0,0.0,0.79,INEXISTENTE,0.0,27.8,11.65,1.06,1.3,-2.6,227.45
834,14/04/2022,0.26,0.42,0.12,140.68,338.9,0.0,72.23,180.5,38.47,1665.25,88.51,87.3,18.61,4.7013,1,NASC_COMPLEMENTARES,ENTRESAFRA,0,0,0,0,0,0,0,0,0,0,0,0,0,0,0,0,0,0,0,0,0,0,0,0.0,0.79,INEXISTENTE,75.0,26.3,11.65,1.06,1.3,-2.6,225.83
835,15/04/2022,0.26,0.42,0.12,,,0.0,,,,,,,,,1,NASC_COMPLEMENTARES,ENTRESAFRA,0,0,0,0,1,0,0,0,0,0,0,0,0,0,0,0,0,0,0,0,0,0,0,0.5,0.79,INEXISTENTE,0.0,25.92,,,,,
836,16/04/2022,0.26,0.42,0.12,,,0.0,,,,,,,,,1,NASC_COMPLEMENTARES,ENTRESAFRA,0,0,0,0,1,0,0,0,0,0,0,0,0,0,0,0,0,0,0,0,0,0,0,0.5,0.79,INEXISTENTE,7.4,26.9,,,,,
837,17/04/2022,0.26,0.42,0.12,,,0.0,,,,,,,,,1,NASC_COMPLEMENTARES,ENTRESAFRA,0,0,0,1,1,0,0,0,0,0,0,0,0,0,0,0,0,0,0,0,0,0,0,1.5,0.79,INEXISTENTE,0.2,27.05,,,,,
838,18/04/2022,0.26,0.42,0.12,140.47,328.8,0.0,70.59,182.04,39.08,1693.25,89.86,87.63,18.81,4.6527,1,NASC_COMPLEMENTARES,ENTRESAFRA,0,0,0,0,0,0,0,0,0,0,0,0,0,0,0,0,0,0,0,0,0,0,0,0.0,0.79,INEXISTENTE,3.2,27.14,11.65,1.06,1.3,-2.6,224.48
839,19/04/2022,0.26,0.42,0.12,141.35,340.25,0.0,72.81,182.35,39.02,1691.75,90.77,88.03,18.84,4.6675,1,NASC_COMPLEMENTARES,ENTRESAFRA,0,0,0,0,0,0,0,0,0,0,0,0,0,0,0,0,0,0,0,0,0,0,0,0.0,0.79,INEXISTENTE,0.0,27.21,11.65,1.06,1.3,-2.6,222.45
840,20/04/2022,0.26,0.42,0.12,143.07,331.4,0.0,71.65,182.71,39.51,1717.0,91.91,87.87,19.0,4.6219,1,NASC_COMPLEMENTARES,ENTRESAFRA,0,0,0,0,0,0,0,0,0,0,0,0,0,0,0,0,0,0,0,0,0,0,0,0.0,0.79,INEXISTENTE,0.0,27.21,11.65,1.06,1.3,-2.6,224.44
841,21/04/2022,0.26,0.42,0.12,144.1,,0.0,,,,1719.5,,,,4.622,1,NASC_COMPLEMENTARES,ENTRESAFRA,0,0,0,0,0,0,0,0,0,0,0,0,0,0,0,0,0,0,0,0,0,0,0,0.0,0.79,INEXISTENTE,0.0,27.61,,,,,
842,22/04/2022,0.26,0.42,0.12,142.45,327.75,0.0,68.32,186.62,38.9,1688.0,92.38,87.93,18.33,4.7937,1,NASC_COMPLEMENTARES,ENTRESAFRA,0,0,0,0,0,0,0,0,0,0,0,0,0,0,0,0,0,0,0,0,0,0,0,0.0,0.79,INEXISTENTE,0.0,26.63,11.65,1.06,1.3,-2.6,211.83
843,23/04/2022,0.26,0.42,0.12,,,0.0,,,,,,,,,1,NASC_COMPLEMENTARES,ENTRESAFRA,0,0,0,0,0,0,0,0,0,0,0,0,0,0,0,0,0,0,0,0,0,0,0,0.0,0.79,INEXISTENTE,0.0,27.2,,,,,
844,24/04/2022,0.26,0.42,0.12,,,0.0,,,,,,,,,1,NASC_COMPLEMENTARES,ENTRESAFRA,0,0,0,0,0,0,0,0,0,0,0,0,0,0,0,0,0,0,0,0,0,0,0,0.0,0.79,INEXISTENTE,2.4,27.65,,,,,
845,25/04/2022,0.26,0.42,0.12,139.1,328.9,0.0,67.49,187.87,38.55,1675.25,93.69,88.71,18.2,4.8766,1,NASC_COMPLEMENTARES,ENTRESAFRA,0,0,0,0,0,0,0,0,0,0,0,0,0,0,0,0,0,0,0,0,0,0,0,0.0,0.79,INEXISTENTE,0.0,27.8,11.65,1.06,1.3,-2.6,210.53
846,26/04/2022,0.26,0.42,0.12,140.0,334.0,0.0,66.93,190.93,38.26,1671.75,95.12,88.51,17.74,4.9989,1,NASC_COMPLEMENTARES,ENTRESAFRA,0,0,0,0,0,0,0,0,0,0,0,0,0,0,0,0,0,0,0,0,0,0,0,0.0,0.79,INEXISTENTE,0.0,27.41,11.65,1.06,1.3,-2.6,202.66
847,27/04/2022,0.26,0.42,0.12,138.5,335.6,0.0,67.61,191.55,38.59,1692.75,93.4,88.21,17.77,4.9651,1,NASC_COMPLEMENTARES,ENTRESAFRA,0,0,0,0,0,0,0,0,0,0,0,0,0,0,0,0,0,0,0,0,0,0,0,0.0,0.79,INEXISTENTE,0.0,26.68,11.65,1.06,1.3,-2.6,214.69
848,28/04/2022,0.26,0.42,0.12,138.5,333.3,0.0,67.5,192.44,38.97,1684.75,91.6,88.38,17.9,4.9425,1,NASC_COMPLEMENTARES,ENTRESAFRA,0,0,0,0,0,0,0,0,0,0,0,0,0,0,0,0,0,0,0,0,0,0,0,0.0,0.79,INEXISTENTE,0.0,27.19,11.65,1.06,1.3,-2.6,214.49
849,29/04/2022,0.26,0.42,0.12,141.9,334.85,0.0,67.67,191.16,38.63,1684.75,92.26,88.25,17.83,4.9721,1,NASC_COMPLEMENTARES,ENTRESAFRA,0,0,0,0,0,0,0,0,0,0,0,0,0,0,0,0,0,0,0,0,0,0,0,0.0,0.79,INEXISTENTE,0.0,27.9,11.65,1.06,1.3,-2.6,208.42
850,30/04/2022,0.26,0.42,0.12,,,0.0,,,,,,,,,1,NASC_COMPLEMENTARES,ENTRESAFRA,0,0,0,0,0,0,0,0,0,0,0,0,0,0,0,0,0,0,0,0,0,0,0,0.0,0.79,INEXISTENTE,0.0,27.25,,,,,
851,01/05/2022,0.26,0.42,0.12,,,0.0,,,,,,,,,1,NASC_COMPLEMENTARES,PLANEJAMENTO,0,0,0,0,0,0,0,0,0,0,0,0,0,0,0,0,0,0,0,0,0,0,0,0.0,-2.82,INEXISTENTE,0.0,26.6,,,,,
852,02/05/2022,0.26,0.42,0.12,135.2,328.9,0.0,64.91,190.51,37.6,1645.25,91.87,87.87,17.34,5.0848,1,NASC_COMPLEMENTARES,PLANEJAMENTO,0,0,0,0,0,0,0,0,0,0,0,0,0,0,0,0,0,0,0,0,0,0,0,0.0,-2.82,INEXISTENTE,0.0,27.05,11.65,0.47,1.3,-2.6,205.99
853,03/05/2022,0.26,0.42,0.12,135.32,339.3,0.0,68.34,188.59,37.98,1630.5,90.07,87.6,17.64,4.9584,1,NASC_COMPLEMENTARES,PLANEJAMENTO,0,0,0,0,0,0,0,0,0,0,0,0,0,0,0,0,0,0,0,0,0,0,0,0.0,-2.82,INEXISTENTE,0.0,28.24,11.65,0.47,1.3,-2.6,208.25
854,04/05/2022,0.26,0.42,0.12,134.82,331.95,0.0,67.59,186.82,38.04,1640.5,89.4,87.55,17.83,4.9198,1,NASC_COMPLEMENTARES,PLANEJAMENTO,0,0,0,0,0,0,0,0,0,0,0,0,0,0,0,0,0,0,0,0,0,0,0,0.0,-2.82,INEXISTENTE,0.0,27.68,11.65,0.47,1.3,-2.6,209.68
855,05/05/2022,0.26,0.42,0.12,133.78,333.25,0.0,66.27,188.42,37.47,1647.0,88.88,87.41,17.38,5.028,1,NASC_COMPLEMENTARES,PLANEJAMENTO,0,0,0,0,0,0,0,0,0,0,0,0,0,0,0,0,0,0,0,0,0,0,0,0.0,-2.82,INEXISTENTE,0.0,27.97,12.65,0.47,1.3,-2.6,202.66
856,06/05/2022,0.26,0.42,0.12,132.75,333.25,0.0,66.27,189.44,37.34,1622.0,87.86,86.63,17.08,5.0774,1,NASC_COMPLEMENTARES,PLANEJAMENTO,0,0,0,0,0,0,1,0,0,0,0,0,0,0,0,0,0,0,0,0,0,0,0,0.5,-2.82,INEXISTENTE,0.0,28.26,12.65,0.47,1.3,-2.6,199.9
857,07/05/2022,0.26,0.42,0.12,,,0.0,,,,,,,,,1,NASC_COMPLEMENTARES,PLANEJAMENTO,0,0,0,0,0,0,1,0,0,0,0,0,0,0,0,0,0,0,0,0,0,0,0,0.5,-2.82,INEXISTENTE,9.0,26.69,,,,,
858,08/05/2022,0.26,0.42,0.12,,,0.0,,,,,,,,,1,NASC_COMPLEMENTARES,PLANEJAMENTO,0,0,0,0,0,1,1,0,0,0,0,0,0,0,0,0,0,0,0,0,0,0,0,1.5,-2.82,INEXISTENTE,0.2,27.33,,,,,
859,09/05/2022,0.26,0.42,0.12,133.55,331.3,0.0,64.26,187.45,36.36,1585.25,86.79,86.15,16.71,5.1617,1,NASC_COMPLEMENTARES,PLANEJAMENTO,0,0,0,0,0,0,0,0,0,0,0,0,0,0,0,0,0,0,0,0,0,0,0,0.0,-2.82,INEXISTENTE,0.0,27.55,12.65,0.47,1.3,-2.6,191.57
860,10/05/2022,0.26,0.42,0.12,132.4,330.5,0.0,64.49,187.27,36.54,1592.25,86.8,85.83,16.75,5.1313,1,NASC_COMPLEMENTARES,PLANEJAMENTO,0,0,0,0,0,0,0,0,0,0,0,0,0,0,0,0,0,0,0,0,0,0,0,0.0,-2.82,INEXISTENTE,0.0,27.11,12.65,0.47,1.3,-2.6,190.3
861,11/05/2022,0.26,0.42,0.12,133.57,311.15,0.0,60.56,188.14,36.62,1606.75,86.31,86.08,16.75,5.1373,1,NASC_COMPLEMENTARES,PLANEJAMENTO,0,0,0,0,0,0,0,0,0,0,0,0,0,0,0,0,0,0,0,0,0,0,0,0.0,-2.82,INEXISTENTE,0.0,27.05,12.65,0.47,1.3,-2.6,188.74
862,12/05/2022,0.26,0.42,0.12,131.65,325.4,0.0,63.23,190.72,37.06,1613.75,86.98,86.4,16.79,5.1339,1,NASC_COMPLEMENTARES,PLANEJAMENTO,0,0,0,0,0,0,0,0,0,0,0,0,0,0,0,0,0,0,0,0,0,0,0,0.0,-2.82,INEXISTENTE,0.0,26.63,12.65,0.47,1.3,-2.6,186.25
863,13/05/2022,0.26,0.42,0.12,132.07,327.45,0.0,64.79,191.49,37.89,1646.5,86.75,86.54,17.12,5.0602,1,NASC_COMPLEMENTARES,PLANEJAMENTO,0,0,0,0,0,0,0,0,0,0,0,0,0,0,0,0,0,0,0,0,0,0,0,0.0,-2.82,INEXISTENTE,0.0,26.54,12.65,0.47,1.3,-2.6,190.14
864,14/05/2022,0.26,0.42,0.12,,,0.0,,,,,,,,,1,NASC_COMPLEMENTARES,PLANEJAMENTO,0,0,0,0,0,0,0,0,0,0,0,0,0,0,0,0,0,0,0,0,0,0,0,0.0,-2.82,INEXISTENTE,0.0,26.95,,,,,
865,15/05/2022,0.26,0.42,0.12,,,0.0,,,,,,,,,1,NASC_COMPLEMENTARES,PLANEJAMENTO,0,0,0,0,0,0,0,0,0,0,0,0,0,0,0,0,0,0,0,0,0,0,0,0.0,-2.82,INEXISTENTE,0.0,27.01,,,,,
866,16/05/2022,0.26,0.42,0.12,133.18,334.8,0.0,66.36,192.13,38.08,1607.25,86.97,87.97,17.44,5.0599,1,NASC_COMPLEMENTARES,PLANEJAMENTO,0,0,0,0,0,0,0,0,0,0,0,0,0,0,0,0,0,0,0,0,0,0,0,0.0,-2.82,INEXISTENTE,0.0,27.59,12.65,0.47,1.3,-2.6,186.41
867,17/05/2022,0.26,0.42,0.12,133.0,323.4,0.0,65.44,191.47,38.74,1624.25,95.08,89.09,18.03,4.9387,1,NASC_COMPLEMENTARES,PLANEJAMENTO,0,0,0,0,0,0,0,0,0,0,0,0,0,0,0,0,0,0,0,0,0,0,0,0.0,-2.82,INEXISTENTE,0.0,26.66,12.65,0.47,1.3,-2.6,186.27
868,18/05/2022,0.26,0.42,0.12,131.5,307.25,0.0,61.61,190.16,38.13,1607.0,93.5,89.28,17.9,4.9682,1,NASC_COMPLEMENTARES,PLANEJAMENTO,0,0,0,0,0,0,0,0,0,0,0,0,0,0,0,0,0,0,0,0,0,0,0,0.0,-2.82,INEXISTENTE,0.0,21.79,12.65,0.47,1.3,-2.6,179.1
869,19/05/2022,0.26,0.42,0.12,131.5,311.5,0.0,63.39,190.41,38.75,1630.5,93.06,89.23,18.16,4.9309,1,NASC_COMPLEMENTARES,PLANEJAMENTO,0,0,0,0,0,0,0,0,0,0,0,0,0,0,0,0,0,0,0,0,0,0,0,0.0,-2.82,INEXISTENTE,0.0,18.83,12.65,0.47,1.3,-2.6,180.69
870,20/05/2022,0.26,0.42,0.12,131.57,324.45,0.0,66.64,191.07,39.24,1641.75,92.08,88.48,18.17,4.8788,1,NASC_COMPLEMENTARES,PLANEJAMENTO,0,0,0,0,0,0,0,0,0,0,0,0,0,0,0,0,0,0,0,0,0,0,0,0.0,-2.82,INEXISTENTE,0.0,19.26,12.65,0.47,1.3,-2.6,182.55
871,21/05/2022,0.26,0.42,0.12,,,0.0,,,,,,,,,1,NASC_COMPLEMENTARES,PLANEJAMENTO,0,0,0,0,0,0,0,0,0,0,0,0,0,0,0,0,0,0,0,0,0,0,0,0.0,-2.82,INEXISTENTE,0.0,20.88,,,,,
872,22/05/2022,0.26,0.42,0.12,,,0.0,,,,,,,,,1,NASC_COMPLEMENTARES,PLANEJAMENTO,0,0,0,0,0,0,0,0,0,0,0,0,0,0,0,0,0,0,0,0,0,0,0,0.0,-2.82,INEXISTENTE,0.0,21.82,,,,,
873,23/05/2022,0.26,0.42,0.12,132.78,305.2,0.0,63.41,187.44,38.94,1628.75,90.84,88.03,18.29,4.813,1,NASC_COMPLEMENTARES,PLANEJAMENTO,0,0,0,0,0,0,0,0,0,0,0,0,0,0,0,0,0,0,0,0,0,0,0,0.0,-2.82,INEXISTENTE,0.0,23.39,12.65,0.47,1.3,-2.6,182.06
874,24/05/2022,0.26,0.42,0.12,132.72,314.15,0.0,65.16,186.51,38.69,1632.25,92.1,87.43,18.13,4.8191,1,NASC_COMPLEMENTARES,PLANEJAMENTO,0,0,0,0,0,0,0,0,0,0,0,0,0,0,0,0,0,0,0,0,0,0,0,0.0,-2.82,INEXISTENTE,0.0,25.5,12.65,0.47,1.3,-2.6,182.13
875,25/05/2022,0.26,0.42,0.12,132.3,318.2,0.0,66.14,187.93,39.06,1620.5,91.31,87.33,18.15,4.8275,1,NASC_COMPLEMENTARES,PLANEJAMENTO,0,0,0,0,0,0,0,0,0,0,0,0,0,0,0,0,0,0,0,0,0,0,0,0.0,-2.82,INEXISTENTE,0.0,25.2,12.65,0.47,1.3,-2.6,185.7
876,26/05/2022,0.26,0.42,0.12,132.4,319.1,0.0,67.02,188.01,39.49,1659.5,90.56,86.99,18.27,4.7677,1,NASC_COMPLEMENTARES,PLANEJAMENTO,0,0,0,0,0,0,0,0,0,0,0,0,0,0,0,0,0,0,0,0,0,0,0,0.0,-2.82,INEXISTENTE,0.0,24.83,12.65,0.47,1.3,-2.6,187.11
877,27/05/2022,0.26,0.42,0.12,132.18,315.8,0.0,66.65,188.81,39.85,1663.0,90.74,86.9,18.34,4.7295,1,NASC_COMPLEMENTARES,PLANEJAMENTO,0,0,0,0,0,0,0,0,0,0,0,0,0,0,0,0,0,0,0,0,0,0,0,0.0,-2.82,INEXISTENTE,0.0,25.65,12.65,0.47,1.3,-2.6,189.98
878,28/05/2022,0.26,0.42,0.12,,,0.0,,,,,,,,,1,NASC_COMPLEMENTARES,PLANEJAMENTO,0,0,0,0,0,0,0,0,0,0,0,0,0,0,0,0,0,0,0,0,0,0,0,0.0,-2.82,INEXISTENTE,0.0,25.87,,,,,
879,29/05/2022,0.26,0.42,0.12,,,0.0,,,,,,,,,1,NASC_COMPLEMENTARES,PLANEJAMENTO,0,0,0,0,0,0,0,0,0,0,0,0,0,0,0,0,0,0,0,0,0,0,0,0.0,-2.82,INEXISTENTE,0.0,25.34,,,,,
880,30/05/2022,0.26,0.42,0.12,,,0.0,,,,,,,,,1,NASC_COMPLEMENTARES,PLANEJAMENTO,0,0,0,0,0,0,0,0,0,0,0,0,0,0,0,0,0,0,0,0,0,0,0,0.0,-2.82,INEXISTENTE,0.0,24.8,12.65,0.47,1.3,-2.6,
881,31/05/2022,0.26,0.42,0.12,130.53,321.4,0.0,67.65,185.47,39.04,1620.25,88.42,86.25,18.15,4.7315,1,NASC_COMPLEMENTARES,PLANEJAMENTO,0,0,0,0,0,0,0,0,0,0,0,0,0,0,0,0,0,0,0,0,0,0,0,0.0,-2.82,INEXISTENTE,0.0,25.49,12.65,0.47,1.3,-2.6,188.93
882,01/06/2022,0.26,0.42,0.12,132.8,314.6,0.0,65.56,184.5,38.45,1625.0,87.13,85.8,17.88,4.8151,1,NASC_COMPLEMENTARES,PLANEJAMENTO,0,0,0,0,0,0,0,1,0,0,0,0,0,0,0,0,0,0,0,0,0,0,0,0.5,-3.91,INEXISTENTE,0.0,26.41,12.65,0.67,1.3,-2.6,189.45
883,02/06/2022,0.26,0.42,0.12,133.62,308.65,0.0,64.38,186.7,38.95,1658.75,86.56,85.52,17.84,4.7962,1,NASC_COMPLEMENTARES,PLANEJAMENTO,0,0,0,0,0,0,0,1,0,0,0,0,0,0,0,0,0,0,0,0,0,0,0,0.5,-3.91,INEXISTENTE,0.0,26.9,12.65,0.67,1.3,-2.6,194.49
884,03/06/2022,0.26,0.42,0.12,133.6,312.5,0.0,65.32,186.96,39.08,1633.75,86.34,85.07,17.78,4.7734,1,NASC_COMPLEMENTARES,PLANEJAMENTO,0,0,0,0,0,0,0,1,0,0,0,0,0,0,0,0,0,0,0,0,0,0,0,0.5,-3.91,INEXISTENTE,0.0,27.07,12.65,0.67,1.3,-2.6,190.05
885,04/06/2022,0.26,0.42,0.12,,,0.0,,,,,,,,,1,NASC_COMPLEMENTARES,PLANEJAMENTO,0,0,0,0,0,0,0,1,0,0,0,0,0,0,0,0,0,0,0,0,0,0,0,0.5,-3.91,INEXISTENTE,0.0,26.02,,,,,
886,05/06/2022,0.26,0.42,0.12,,,0.0,,,,,,,,,1,NASC_COMPLEMENTARES,PLANEJAMENTO,0,0,0,0,0,0,0,1,0,0,0,0,0,0,0,0,0,0,0,0,0,0,0,0.5,-3.91,INEXISTENTE,0.0,25.62,,,,,
887,06/06/2022,0.26,0.42,0.12,132.82,311.4,0.0,64.86,186.07,38.76,1635.75,87.11,84.8,17.66,4.7945,1,NASC_COMPLEMENTARES,PLANEJAMENTO,0,0,0,0,0,0,0,1,0,0,0,0,0,0,0,0,0,0,0,0,0,0,0,0.5,-3.91,INEXISTENTE,0.0,25.15,12.65,0.67,1.3,-2.6,189.44
888,07/06/2022,0.26,0.42,0.12,133.72,315.15,0.0,64.7,189.45,38.89,1653.75,88.41,85.56,17.56,4.8696,1,NASC_COMPLEMENTARES,PLANEJAMENTO,0,0,0,0,0,0,0,1,0,0,0,0,0,0,0,0,0,0,0,0,0,0,0,0.5,-3.91,INEXISTENTE,0.0,25.01,12.65,0.67,1.3,-2.6,192.67
889,08/06/2022,0.26,0.42,0.12,136.82,316.15,0.0,64.77,191.82,39.3,1662.75,88.42,85.86,17.59,4.8988,1,NASC_COMPLEMENTARES,PLANEJAMENTO,0,0,0,0,0,0,0,1,0,0,0,0,0,0,0,0,0,0,0,0,0,0,0,0.5,-3.91,INEXISTENTE,0.0,24.97,12.65,0.67,1.3,-2.6,189.64
890,09/06/2022,0.26,0.42,0.12,137.05,312.1,0.0,63.55,193.18,39.34,1679.75,89.6,85.85,17.48,4.9063,1,NASC_COMPLEMENTARES,PLANEJAMENTO,0,0,0,0,0,0,0,1,0,0,0,0,0,0,0,0,0,0,0,0,0,0,0,0.5,-3.91,INEXISTENTE,0.0,24.77,12.65,0.67,1.3,-2.6,188.08
891,10/06/2022,0.26,0.42,0.12,136.2,314.4,0.0,63.12,194.93,39.13,1662.0,89.31,85.42,17.15,4.9865,1,NASC_COMPLEMENTARES,PLANEJAMENTO,0,0,0,0,0,0,0,1,0,0,0,0,0,0,0,0,0,0,0,0,0,0,0,0.5,-3.91,INEXISTENTE,0.0,25.08,12.65,0.67,1.3,-2.6,189.95
892,11/06/2022,0.26,0.42,0.12,,,0.0,,,,,,,,,1,NASC_COMPLEMENTARES,PLANEJAMENTO,0,0,0,0,0,0,0,1,0,0,0,0,0,0,0,0,0,0,0,0,0,0,0,0.5,-3.91,INEXISTENTE,0.0,25.13,,,,,
893,12/06/2022,0.26,0.42,0.12,,,0.0,,,,,,,,,1,NASC_COMPLEMENTARES,PLANEJAMENTO,0,0,0,0,0,0,0,1,0,0,0,0,0,0,0,0,0,0,0,0,0,0,0,0.5,-3.91,INEXISTENTE,0.0,25.06,,,,,
894,13/06/2022,0.26,0.42,0.12,134.0,311.05,0.0,60.72,194.3,37.93,1627.75,89.03,85.41,16.67,5.1154,1,NASC_COMPLEMENTARES,PLANEJAMENTO,0,0,0,0,0,0,0,1,1,0,0,0,0,0,0,0,0,0,0,0,0,0,0,1.5,-3.91,INEXISTENTE,0.0,25.15,12.65,0.67,1.3,-2.6,192.89
895,14/06/2022,0.26,0.42,0.12,135.2,319.75,0.0,62.21,194.56,37.85,1616.5,88.93,86.42,16.81,5.1168,1,NASC_COMPLEMENTARES,PLANEJAMENTO,0,0,0,0,0,0,0,1,0,0,0,0,0,0,0,0,0,0,0,0,0,0,0,0.5,-3.91,INEXISTENTE,0.0,25.75,12.65,0.67,1.3,-2.6,186.35
896,15/06/2022,0.26,0.42,0.12,137.55,317.7,0.0,63.22,194.0,38.61,1613.75,90.02,86.25,17.16,5.0536,1,NASC_COMPLEMENTARES,PLANEJAMENTO,0,0,0,0,0,0,0,1,0,0,0,0,0,0,0,0,0,0,0,0,0,0,0,0.5,-3.91,INEXISTENTE,0.0,26.58,12.65,0.67,1.3,-2.6,190.88
897,16/06/2022,0.26,0.42,0.12,137.75,,0.0,,,,1630.75,,,,5.0535,1,NASC_COMPLEMENTARES,PLANEJAMENTO,0,0,0,0,0,0,0,1,0,0,0,0,0,0,0,0,0,0,0,0,0,0,0,0.5,-3.91,INEXISTENTE,0.0,26.2,,,,,
898,17/06/2022,0.26,0.42,0.12,138.03,320.5,0.0,62.35,193.65,37.67,1622.25,91.25,86.32,16.79,5.1518,1,NASC_COMPLEMENTARES,PLANEJAMENTO,0,0,0,0,0,0,0,1,0,0,0,0,0,0,0,0,0,0,0,0,0,0,0,0.5,-3.91,INEXISTENTE,0.0,25.62,13.15,0.67,1.3,-2.6,190.55
899,18/06/2022,0.26,0.42,0.12,,,0.0,,,,,,,,,1,NASC_COMPLEMENTARES,PLANEJAMENTO,0,0,0,0,0,0,0,1,0,0,0,0,0,0,0,0,0,0,0,0,0,0,0,0.5,-3.91,INEXISTENTE,0.0,25.15,,,,,
900,19/06/2022,0.26,0.42,0.12,,,0.0,,,,,,,,,1,NASC_COMPLEMENTARES,PLANEJAMENTO,0,0,0,0,0,0,0,1,0,0,0,0,0,0,0,0,0,0,0,0,0,0,0,0.5,-3.91,INEXISTENTE,0.0,25.88,,,,,
901,20/06/2022,0.26,0.42,0.12,,,0.0,,,,,,,,,1,NASC_COMPLEMENTARES,PLANEJAMENTO,0,0,0,0,0,0,0,1,0,0,0,0,0,0,0,0,0,0,0,0,0,0,0,0.5,-3.91,INEXISTENTE,0.0,24.82,13.15,0.67,1.3,-2.6,
902,21/06/2022,0.26,0.42,0.12,137.82,321.4,0.0,62.4,191.62,37.2,1598.5,89.03,87.15,16.92,5.1257,1,NASC_COMPLEMENTARES,PLANEJAMENTO,0,0,0,0,0,0,0,1,0,0,0,0,0,0,0,0,0,0,0,0,0,0,0,0.5,-3.91,INEXISTENTE,0.0,25.2,13.15,0.67,1.3,-2.6,198.12
903,22/06/2022,0.26,0.42,0.12,136.12,321.5,0.0,62.19,188.96,36.55,1564.0,87.64,87.04,16.84,5.194,1,NASC_COMPLEMENTARES,PLANEJAMENTO,0,0,0,0,0,0,0,1,0,0,0,0,0,0,0,0,0,0,0,0,0,0,0,0.5,-3.91,INEXISTENTE,0.0,24.84,13.15,0.67,1.3,-2.6,198.09
904,23/06/2022,0.26,0.42,0.12,135.25,321.75,0.0,61.53,185.46,35.47,1507.25,86.7,85.92,16.43,5.2406,1,NASC_COMPLEMENTARES,PLANEJAMENTO,0,0,0,0,0,0,0,1,0,0,0,0,0,0,0,0,0,0,0,0,0,0,0,0.5,-3.91,INEXISTENTE,0.0,25.44,13.15,0.67,1.3,-2.6,198.09
905,24/06/2022,0.26,0.42,0.12,135.35,322.9,0.0,61.41,184.07,35.01,1520.75,87.46,85.65,16.29,5.2417,1,NASC_COMPLEMENTARES,PLANEJAMENTO,0,0,0,0,0,0,0,1,0,1,0,0,0,0,0,0,0,0,0,0,0,0,0,1.5,-3.91,INEXISTENTE,0.0,25.42,13.15,0.67,1.3,-2.6,199.55
906,25/06/2022,0.26,0.42,0.12,,,0.0,,,,,,,,,1,NASC_COMPLEMENTARES,PLANEJAMENTO,0,0,0,0,0,0,0,1,0,0,0,0,0,0,0,0,0,0,0,0,0,0,0,0.5,-3.91,INEXISTENTE,0.0,26.13,,,,,
907,26/06/2022,0.26,0.42,0.12,,,0.0,,,,,,,,,1,NASC_COMPLEMENTARES,PLANEJAMENTO,0,0,0,0,0,0,0,1,0,0,0,0,0,0,0,0,0,0,0,0,0,0,0,0.5,-3.91,INEXISTENTE,0.0,25.01,,,,,
908,27/06/2022,0.26,0.42,0.12,136.25,326.25,0.0,62.4,184.94,35.37,1529.5,85.89,84.75,16.21,5.2366,1,NASC_COMPLEMENTARES,PLANEJAMENTO,0,0,0,0,0,0,0,1,0,0,0,0,0,0,0,0,0,0,0,0,0,0,0,0.5,-3.91,INEXISTENTE,0.0,24.6,13.15,0.67,1.3,-2.6,199.02
909,28/06/2022,0.26,0.42,0.12,136.3,326.0,0.0,61.91,187.94,35.69,1556.5,86.2,83.9,15.93,5.2675,1,NASC_COMPLEMENTARES,PLANEJAMENTO,0,0,0,0,0,0,0,1,0,0,0,0,0,0,0,0,0,0,0,0,0,0,0,0.5,-3.91,INEXISTENTE,0.0,24.09,13.15,0.67,1.3,-2.6,195.86
910,29/06/2022,0.26,0.42,0.12,136.8,319.65,0.0,61.52,189.21,36.41,1571.5,84.62,84.85,16.33,5.1818,1,NASC_COMPLEMENTARES,PLANEJAMENTO,0,0,0,0,0,0,0,1,0,0,1,0,0,0,0,0,0,0,0,0,0,0,0,1.5,-3.91,INEXISTENTE,0.0,24.62,13.15,0.67,1.3,-2.6,195.89
911,30/06/2022,0.26,0.42,0.12,138.0,320.25,0.0,61.23,189.76,36.28,1560.5,84.64,83.55,15.97,5.2562,1,NASC_COMPLEMENTARES,PLANEJAMENTO,0,0,0,0,0,0,0,1,0,0,0,0,0,0,0,0,0,0,0,0,0,0,0,0.5,-3.91,INEXISTENTE,0.0,24.27,13.15,0.67,1.3,-2.6,194.51
912,01/07/2022,0.26,0.42,0.12,134.6,314.75,0.0,59.14,188.75,35.47,1509.75,84.33,83.16,15.63,5.331,1,MENOR_TX_NASC,PLANEJAMENTO,0,0,0,0,0,0,0,0,0,0,0,1,0,0,0,0,0,0,0,0,0,0,0,0.5,-2.78,INEXISTENTE,0.0,25.1,13.15,-0.68,0.5,3.5,194.11
913,02/07/2022,0.26,0.42,0.12,,,0.0,,,,,,,,,1,MENOR_TX_NASC,PLANEJAMENTO,0,0,0,0,0,0,0,0,0,0,0,1,0,0,0,0,0,0,0,0,0,0,0,0.5,-2.78,INEXISTENTE,0.0,25.66,,,,,
914,03/07/2022,0.26,0.42,0.12,,,0.0,,,,,,,,,1,MENOR_TX_NASC,PLANEJAMENTO,0,0,0,0,0,0,0,0,0,0,0,1,0,0,0,0,0,0,0,0,0,0,0,0.5,-2.78,INEXISTENTE,0.0,26.42,,,,,
915,04/07/2022,0.26,0.42,0.12,,,0.0,,,,,,,,,1,MENOR_TX_NASC,PLANEJAMENTO,0,0,0,0,0,0,0,0,0,0,0,1,0,0,0,0,0,0,0,0,0,0,0,0.5,-2.78,INEXISTENTE,0.0,24.35,13.15,-0.68,0.5,3.5,
916,05/07/2022,0.26,0.42,0.12,132.93,323.55,0.0,60.01,182.73,33.89,1439.25,82.1,82.6,15.32,5.3861,1,MENOR_TX_NASC,PLANEJAMENTO,0,0,0,0,0,0,0,0,0,0,0,1,0,0,0,0,0,0,0,0,0,0,0,0.5,-2.78,INEXISTENTE,0.0,23.56,13.15,-0.68,0.5,3.5,194.19
917,06/07/2022,0.26,0.42,0.12,134.5,316.0,0.0,58.36,182.37,33.68,1446.5,82.11,82.19,15.18,5.4287,1,MENOR_TX_NASC,PLANEJAMENTO,0,0,0,0,0,0,0,0,0,0,0,1,0,0,0,0,0,0,0,0,0,0,0,0.5,-2.78,INEXISTENTE,0.0,24.81,13.15,-0.68,0.5,3.5,193.81
918,07/07/2022,0.26,0.42,0.12,134.55,324.8,0.0,60.78,184.45,34.52,1485.25,82.82,81.68,15.28,5.3391,1,MENOR_TX_NASC,PLANEJAMENTO,0,0,0,0,0,0,0,0,0,0,0,1,0,0,0,0,0,0,0,0,0,0,0,0.5,-2.78,INEXISTENTE,0.0,25.07,13.15,-0.68,0.5,3.5,198.39
919,08/07/2022,0.26,0.42,0.12,133.95,324.95,0.0,61.72,185.25,35.18,1513.25,82.7,81.5,15.48,5.2536,1,MENOR_TX_NASC,PLANEJAMENTO,0,0,0,0,0,0,0,0,0,0,0,1,0,0,0,0,0,0,0,0,0,0,0,0.5,-2.78,INEXISTENTE,0.0,25.67,13.15,-0.68,0.5,3.5,198.5
920,09/07/2022,0.26,0.42,0.12,,,0.0,,,,,,,,,1,MENOR_TX_NASC,PLANEJAMENTO,0,0,0,0,0,0,0,0,0,0,0,1,0,0,0,0,0,0,0,0,0,0,0,0.5,-2.78,INEXISTENTE,0.0,26.15,,,,,
921,10/07/2022,0.26,0.42,0.12,,,0.0,,,,,,,,,1,MENOR_TX_NASC,PLANEJAMENTO,0,0,0,0,0,0,0,0,0,0,0,1,0,0,0,0,0,0,0,0,0,0,0,0.5,-2.78,INEXISTENTE,0.0,25.06,,,,,
922,11/07/2022,0.26,0.42,0.12,136.15,334.0,0.0,62.22,187.8,34.99,1522.0,82.94,82.36,15.34,5.3782,1,MENOR_TX_NASC,PLANEJAMENTO,0,0,0,0,0,0,0,0,0,0,0,1,0,0,0,0,0,0,0,0,0,0,0,0.5,-2.78,INEXISTENTE,0.0,24.28,13.15,-0.68,0.5,3.5,197.97
923,12/07/2022,0.26,0.42,0.12,136.68,324.7,0.0,59.71,186.89,34.37,1468.25,82.63,83.12,15.29,5.4368,1,MENOR_TX_NASC,PLANEJAMENTO,0,0,0,0,0,0,0,0,0,0,0,1,0,0,0,0,0,0,0,0,0,0,0,0.5,-2.78,INEXISTENTE,0.0,25.0,13.15,-0.68,0.5,3.5,193.06
924,13/07/2022,0.26,0.42,0.12,136.88,330.35,0.0,61.11,184.65,34.16,1484.75,82.78,82.73,15.3,5.3917,1,MENOR_TX_NASC,PLANEJAMENTO,0,0,0,0,0,0,0,0,0,0,0,1,0,0,0,0,0,0,0,0,0,0,0,0.5,-2.78,INEXISTENTE,0.0,24.95,13.15,-0.68,0.5,3.5,193.42
925,14/07/2022,0.26,0.42,0.12,135.4,324.65,0.0,59.74,185.61,34.16,1471.75,82.54,82.58,15.2,5.4233,1,MENOR_TX_NASC,PLANEJAMENTO,0,0,0,0,0,0,0,0,0,0,0,1,0,0,0,0,0,0,0,0,0,0,0,0.5,-2.78,INEXISTENTE,0.0,25.25,13.15,-0.68,0.5,3.5,189.6
926,15/07/2022,0.26,0.42,0.12,134.93,325.95,0.0,60.28,183.56,33.95,1359.5,82.59,82.46,15.25,5.4082,1,MENOR_TX_NASC,PLANEJAMENTO,0,0,0,0,0,0,0,0,0,0,0,1,0,0,0,0,0,0,0,0,0,0,0,0.5,-2.78,INEXISTENTE,0.0,26.62,13.15,-0.68,0.5,3.5,191.89
927,16/07/2022,0.26,0.42,0.12,,,0.0,,,,,,,,,1,MENOR_TX_NASC,PLANEJAMENTO,0,0,0,0,0,0,0,0,0,0,0,1,0,0,0,0,0,0,0,0,0,0,0,0.5,-2.78,INEXISTENTE,0.0,26.87,,,,,
928,17/07/2022,0.26,0.42,0.12,,,0.0,,,,,,,,,1,MENOR_TX_NASC,PLANEJAMENTO,0,0,0,0,0,0,0,0,0,0,0,1,0,0,0,0,0,0,0,0,0,0,0,0.5,-2.78,INEXISTENTE,0.0,25.82,,,,,
929,18/07/2022,0.26,0.42,0.12,135.62,327.05,0.0,60.31,185.0,34.11,1396.75,87.99,82.36,15.19,5.4375,1,MENOR_TX_NASC,PLANEJAMENTO,0,0,0,0,0,0,0,0,0,0,0,1,0,0,0,0,0,0,0,0,0,0,0,0.5,-2.78,INEXISTENTE,0.0,25.09,13.15,-0.68,0.5,3.5,190.46
930,19/07/2022,0.26,0.42,0.12,135.72,321.4,0.0,59.3,183.45,33.85,1375.5,85.32,81.67,15.07,5.4135,1,MENOR_TX_NASC,PLANEJAMENTO,0,0,0,0,0,0,0,0,0,0,0,1,0,0,0,0,0,0,0,0,0,0,0,0.5,-2.78,INEXISTENTE,0.0,24.78,13.15,-0.68,0.5,3.5,193.68
931,20/07/2022,0.26,0.42,0.12,135.75,323.7,0.0,59.27,183.2,33.55,1350.5,85.12,81.41,14.91,5.4714,1,MENOR_TX_NASC,PLANEJAMENTO,0,0,0,0,0,0,0,0,0,0,0,1,0,0,0,0,0,0,0,0,0,0,0,0.5,-2.78,INEXISTENTE,0.0,26.41,13.15,-0.68,0.5,3.5,193.99
932,21/07/2022,0.26,0.42,0.12,135.72,320.65,0.0,58.4,181.4,33.04,1317.0,83.65,80.85,14.72,5.4968,1,MENOR_TX_NASC,PLANEJAMENTO,0,0,0,0,0,0,0,0,0,0,0,1,0,0,0,0,0,0,0,0,0,0,0,0.5,-2.78,INEXISTENTE,0.0,25.17,13.15,-0.68,0.5,3.5,195.55
933,22/07/2022,0.26,0.42,0.12,137.38,324.1,0.0,58.92,179.28,32.59,1327.5,82.96,80.06,14.55,5.4968,1,MENOR_TX_NASC,PLANEJAMENTO,0,0,0,0,0,0,0,0,0,0,0,1,0,0,0,0,0,0,0,0,0,0,0,0.5,-2.78,INEXISTENTE,0.0,26.44,13.15,-0.68,0.5,3.5,194.3
934,23/07/2022,0.26,0.42,0.12,,,0.0,,,,,,,,,1,MENOR_TX_NASC,PLANEJAMENTO,0,0,0,0,0,0,0,0,0,0,0,1,0,0,0,0,0,0,0,0,0,0,0,0.5,-2.78,INEXISTENTE,0.0,26.8,,,,,
935,24/07/2022,0.26,0.42,0.12,,,0.0,,,,,,,,,1,MENOR_TX_NASC,PLANEJAMENTO,0,0,0,0,0,0,0,0,0,0,0,1,0,0,0,0,0,0,0,0,0,0,0,0.5,-2.78,INEXISTENTE,0.0,25.73,,,,,
936,25/07/2022,0.26,0.42,0.12,137.75,330.0,0.0,61.41,180.49,33.59,1356.0,83.87,80.2,14.92,5.3576,1,MENOR_TX_NASC,PLANEJAMENTO,0,0,0,0,0,0,0,0,0,0,0,1,0,0,0,0,0,0,0,0,0,0,0,0.5,-2.78,INEXISTENTE,0.0,25.25,13.15,-0.68,0.5,3.5,194.28
937,26/07/2022,0.26,0.42,0.12,136.88,322.75,0.0,60.28,183.41,34.26,1399.75,87.35,81.27,15.18,5.3511,1,MENOR_TX_NASC,PLANEJAMENTO,0,0,0,0,0,0,0,0,0,0,0,1,0,0,0,0,0,0,0,0,0,0,0,0.5,-2.78,INEXISTENTE,0.0,25.5,13.15,-0.68,0.5,3.5,193.64
938,27/07/2022,0.26,0.42,0.12,136.8,325.05,0.0,61.93,186.56,35.54,1424.5,86.7,81.4,15.51,5.2432,1,MENOR_TX_NASC,PLANEJAMENTO,0,0,0,0,0,0,0,0,0,0,0,1,0,0,0,0,0,0,0,0,0,0,0,0.5,-2.78,INEXISTENTE,0.0,24.85,13.15,-0.68,0.5,3.5,186.24
939,28/07/2022,0.26,0.42,0.12,136.18,323.5,0.0,62.68,186.11,36.06,1457.0,88.51,81.78,15.84,5.1823,1,MENOR_TX_NASC,PLANEJAMENTO,0,0,0,0,0,0,0,0,0,0,0,1,0,0,0,0,0,0,0,0,0,0,0,0.5,-2.78,INEXISTENTE,0.0,24.89,13.15,-0.68,0.5,3.5,189.59
940,29/07/2022,0.26,0.42,0.12,136.45,325.7,0.0,62.9,188.17,36.34,1487.25,86.11,82.93,16.02,5.1734,1,MENOR_TX_NASC,PLANEJAMENTO,0,0,0,0,0,0,0,0,0,0,0,1,0,0,0,0,0,0,0,0,0,0,0,0.5,-2.78,INEXISTENTE,0.0,24.6,13.15,-0.68,0.5,3.5,189.55
941,30/07/2022,0.26,0.42,0.12,,,0.0,,,,,,,,,1,MENOR_TX_NASC,PLANEJAMENTO,0,0,0,0,0,0,0,0,0,0,0,1,0,0,0,0,0,0,0,0,0,0,0,0.5,-2.78,INEXISTENTE,0.0,24.69,,,,,
942,31/07/2022,0.26,0.42,0.12,,,0.0,,,,,,,,,1,MENOR_TX_NASC,PLANEJAMENTO,0,0,0,0,0,0,0,0,0,0,0,1,0,0,0,0,0,0,0,0,0,0,0,0.5,-2.78,INEXISTENTE,0.0,26.62,,,,,
943,01/08/2022,0.26,0.42,0.12,136.78,326.65,0.0,63.0,185.37,35.75,1432.0,85.83,82.64,15.94,5.1838,1,MENOR_TX_NASC,PLANEJAMENTO,0,0,0,0,0,0,0,0,0,0,0,0,0,0,0,0,0,0,0,0,0,0,0,0.0,-3.66,INEXISTENTE,0.0,25.66,13.15,-0.36,0.5,3.5,186.01
944,02/08/2022,0.26,0.42,0.12,136.57,322.5,0.0,61.08,183.04,34.67,1415.75,85.62,82.58,15.64,5.2784,1,MENOR_TX_NASC,PLANEJAMENTO,0,0,0,0,0,0,0,0,0,0,0,0,0,0,0,0,0,0,0,0,0,0,0,0.0,-3.66,INEXISTENTE,0.0,26.09,13.15,-0.36,0.5,3.5,187.69
945,03/08/2022,0.26,0.42,0.12,137.9,299.55,0.0,56.79,180.47,34.21,1403.75,85.85,82.41,15.62,5.2815,1,MENOR_TX_NASC,PLANEJAMENTO,0,0,0,0,0,0,0,0,0,0,0,0,0,0,0,0,0,0,0,0,0,0,0,0.0,-3.66,INEXISTENTE,0.0,27.6,13.15,-0.36,0.5,3.5,187.9
946,04/08/2022,0.26,0.42,0.12,137.7,297.6,0.0,57.04,181.08,34.71,1461.25,87.31,82.24,15.76,5.2164,1,MENOR_TX_NASC,PLANEJAMENTO,0,0,0,0,0,0,0,0,0,0,0,0,0,0,0,0,0,0,0,0,0,0,0,0.0,-3.66,INEXISTENTE,0.0,26.65,13.65,-0.36,0.5,3.5,190.07
947,05/08/2022,0.26,0.42,0.12,137.88,310.65,0.0,60.11,182.61,35.34,1463.25,87.06,81.91,15.85,5.1646,1,MENOR_TX_NASC,PLANEJAMENTO,0,0,0,0,0,0,0,0,0,0,0,0,0,0,0,0,0,0,0,0,0,0,0,0.0,-3.66,INEXISTENTE,0.0,27.08,13.65,-0.36,0.5,3.5,192.09
948,06/08/2022,0.26,0.42,0.12,,,0.0,,,,,,,,,1,MENOR_TX_NASC,PLANEJAMENTO,0,0,0,0,0,0,0,0,0,0,0,0,0,0,0,0,0,0,0,0,0,0,0,0.0,-3.66,INEXISTENTE,0.0,27.5,,,,,
949,07/08/2022,0.26,0.42,0.12,,,0.0,,,,,,,,,1,MENOR_TX_NASC,PLANEJAMENTO,0,0,0,0,0,0,0,0,0,0,0,0,0,0,0,0,0,0,0,0,0,0,0,0.0,-3.66,INEXISTENTE,0.0,28.45,,,,,
950,08/08/2022,0.26,0.42,0.12,138.35,315.75,0.0,61.74,179.84,35.17,1464.0,86.13,82.05,16.04,5.1117,1,MENOR_TX_NASC,PLANEJAMENTO,0,0,0,0,0,0,0,0,0,0,0,0,0,0,0,0,0,0,0,0,0,0,0,0.0,-3.66,INEXISTENTE,0.0,28.58,13.65,-0.36,0.5,3.5,191.43
951,09/08/2022,0.26,0.42,0.12,137.97,317.0,0.0,61.71,180.81,35.2,1512.25,87.77,81.63,15.89,5.1237,1,MENOR_TX_NASC,PLANEJAMENTO,0,0,0,0,0,0,0,0,0,0,0,0,0,0,0,0,0,0,0,0,0,0,0,0.0,-3.66,INEXISTENTE,0.0,28.01,13.65,-0.36,0.5,3.5,192.85
952,10/08/2022,0.26,0.42,0.12,139.2,311.2,0.0,61.1,181.56,35.65,1509.0,87.08,82.76,16.25,5.0927,1,MENOR_TX_NASC,PLANEJAMENTO,0,0,0,0,0,0,0,0,0,0,0,0,0,0,0,0,0,0,0,0,0,0,0,0.0,-3.66,INEXISTENTE,0.0,27.08,13.65,-0.36,0.5,3.5,188.53
953,11/08/2022,0.26,0.42,0.12,140.6,307.8,0.0,59.63,183.07,35.47,1520.25,89.16,81.94,15.87,5.1581,1,MENOR_TX_NASC,PLANEJAMENTO,0,0,0,0,0,0,0,0,0,0,0,0,0,0,0,0,0,0,0,0,0,0,0,0.0,-3.66,INEXISTENTE,0.0,24.98,13.65,-0.36,0.5,3.5,189.12
954,12/08/2022,0.26,0.42,0.12,140.22,316.5,0.0,62.46,184.05,36.32,1535.0,88.74,81.55,16.09,5.0735,1,MENOR_TX_NASC,PLANEJAMENTO,0,0,0,0,0,0,0,0,0,0,0,0,0,0,1,0,0,0,0,0,0,0,0,0.5,-3.66,INEXISTENTE,0.0,25.96,13.65,-0.36,0.5,3.5,192.52
955,13/08/2022,0.26,0.42,0.12,,,0.0,,,,,,,,,1,MENOR_TX_NASC,PLANEJAMENTO,0,0,0,0,0,0,0,0,0,0,0,0,0,0,1,0,0,0,0,0,0,0,0,0.5,-3.66,INEXISTENTE,0.0,27.25,,,,,
956,14/08/2022,0.26,0.42,0.12,,,0.0,,,,,,,,,1,MENOR_TX_NASC,PLANEJAMENTO,0,0,0,0,0,0,0,0,0,0,0,0,0,1,1,0,0,0,0,0,0,0,0,1.5,-3.66,INEXISTENTE,0.0,27.4,,,,,
957,15/08/2022,0.26,0.42,0.12,139.75,313.5,0.0,61.56,180.32,35.4,1412.25,87.52,81.41,15.98,5.0961,1,MENOR_TX_NASC,PLANEJAMENTO,0,0,0,0,0,0,0,0,0,0,0,0,0,0,0,0,0,0,0,0,0,0,0,0.0,-3.66,INEXISTENTE,0.0,27.36,13.65,-0.36,0.5,3.5,192.22
958,16/08/2022,0.26,0.42,0.12,141.3,314.2,0.0,61.05,179.05,34.79,1381.0,85.69,82.11,15.95,5.1459,1,MENOR_TX_NASC,PLANEJAMENTO,0,0,0,0,0,0,0,0,0,0,0,0,0,0,0,0,0,0,0,0,0,0,0,0.0,-3.66,INEXISTENTE,0.0,29.23,13.65,-0.36,0.5,3.5,195.23
959,17/08/2022,0.26,0.42,0.12,141.75,316.6,0.0,61.21,178.83,34.58,1390.0,85.75,82.77,16.0,5.1642,1,MENOR_TX_NASC,PLANEJAMENTO,0,0,0,0,0,0,0,0,0,0,0,0,0,0,0,0,0,0,0,0,0,0,0,0.0,-3.66,INEXISTENTE,0.0,27.19,13.65,-0.36,0.5,3.5,196.18
960,18/08/2022,0.26,0.42,0.12,141.28,313.0,0.0,60.49,179.27,34.65,1405.25,85.8,82.1,15.87,5.1674,1,MENOR_TX_NASC,PLANEJAMENTO,0,0,0,0,0,0,0,0,0,0,0,0,0,0,0,0,0,0,0,0,0,0,0,0.0,-3.66,INEXISTENTE,0.0,27.15,13.65,-0.36,0.5,3.5,197.57
961,19/08/2022,0.26,0.42,0.12,141.6,318.35,0.0,61.52,179.69,34.72,1404.0,85.26,82.16,15.88,5.1697,1,MENOR_TX_NASC,PLANEJAMENTO,0,0,0,0,0,0,0,0,0,0,0,0,0,0,0,0,0,0,0,0,0,0,0,0.0,-3.66,INEXISTENTE,0.0,27.14,13.65,-0.36,0.5,3.5,192.01
962,20/08/2022,0.26,0.42,0.12,,,0.0,,,,,,,,,1,MENOR_TX_NASC,PLANEJAMENTO,0,0,0,0,0,0,0,0,0,0,0,0,0,0,0,0,0,0,0,0,0,0,0,0.0,-3.66,INEXISTENTE,0.0,27.22,,,,,
963,21/08/2022,0.26,0.42,0.12,,,0.0,,,,,,,,,1,MENOR_TX_NASC,PLANEJAMENTO,0,0,0,0,0,0,0,0,0,0,0,0,0,0,0,0,0,0,0,0,0,0,0,0.0,-3.66,INEXISTENTE,0.0,26.43,,,,,
964,22/08/2022,0.26,0.42,0.12,141.22,326.6,0.0,63.27,181.9,35.24,1435.25,84.38,81.9,15.87,5.1574,1,MENOR_TX_NASC,PLANEJAMENTO,0,0,0,0,0,0,0,0,0,0,0,0,0,0,0,0,0,0,0,0,0,0,0,0.0,-3.66,INEXISTENTE,0.0,25.95,13.65,-0.36,0.5,3.5,189.75
965,23/08/2022,0.26,0.42,0.12,141.62,303.2,0.0,59.45,183.79,36.04,1461.0,85.25,82.69,16.21,5.1037,1,MENOR_TX_NASC,PLANEJAMENTO,0,0,0,0,0,0,0,0,0,0,0,0,0,0,0,0,0,0,0,0,0,0,0,0.0,-3.66,INEXISTENTE,0.0,27.96,13.65,-0.36,0.5,3.5,187.84
966,24/08/2022,0.26,0.42,0.12,141.32,307.9,0.0,60.27,182.6,35.74,1457.0,85.22,82.77,16.2,5.1114,1,MENOR_TX_NASC,PLANEJAMENTO,0,0,0,0,0,0,0,0,0,0,0,0,0,0,0,0,0,0,0,0,0,0,0,0.0,-3.66,INEXISTENTE,0.0,27.01,13.65,-0.36,0.5,3.5,189.0
967,25/08/2022,0.26,0.42,0.12,141.1,313.45,0.0,61.15,184.2,35.93,1431.25,84.84,83.31,16.25,5.1099,1,MENOR_TX_NASC,PLANEJAMENTO,0,0,0,0,0,0,0,0,0,0,0,0,0,0,0,0,0,0,0,0,0,0,0,0.0,-3.66,INEXISTENTE,0.0,28.49,13.65,-0.36,0.5,3.5,189.22
968,26/08/2022,0.26,0.42,0.12,140.8,323.6,0.0,63.78,183.83,36.23,1461.25,86.54,83.6,16.48,5.0601,1,MENOR_TX_NASC,PLANEJAMENTO,0,0,0,0,0,0,0,0,0,0,0,0,0,0,0,0,0,0,0,0,0,0,0,0.0,-3.66,INEXISTENTE,0.0,29.33,13.65,-0.36,0.5,3.5,186.58
969,27/08/2022,0.26,0.42,0.12,,,0.0,,,,,,,,,1,MENOR_TX_NASC,PLANEJAMENTO,0,0,0,0,0,0,0,0,0,0,0,0,0,0,0,0,0,0,0,0,0,0,0,0.0,-3.66,INEXISTENTE,0.0,27.83,,,,,
970,28/08/2022,0.26,0.42,0.12,,,0.0,,,,,,,,,1,MENOR_TX_NASC,PLANEJAMENTO,0,0,0,0,0,0,0,0,0,0,0,0,0,0,0,0,0,0,0,0,0,0,0,0.0,-3.66,INEXISTENTE,0.0,28.12,,,,,
971,29/08/2022,0.26,0.42,0.12,141.55,311.35,0.0,61.95,183.38,36.49,1437.75,86.06,83.8,16.67,5.0282,1,MENOR_TX_NASC,PLANEJAMENTO,0,0,0,0,0,0,0,0,0,0,0,0,0,0,0,0,0,0,0,0,0,0,0,0.0,-3.66,INEXISTENTE,0.0,28.69,13.65,-0.36,0.5,3.5,185.68
972,30/08/2022,0.26,0.42,0.12,142.5,312.0,0.0,61.06,180.44,35.31,1432.5,85.57,83.73,16.39,5.1223,1,MENOR_TX_NASC,PLANEJAMENTO,0,0,0,0,0,0,0,0,0,0,0,0,0,0,0,0,0,0,0,0,0,0,0,0.0,-3.66,INEXISTENTE,0.0,28.02,13.65,-0.36,0.5,3.5,185.48
973,31/08/2022,0.26,0.42,0.12,141.55,309.1,0.0,59.42,183.47,35.27,1422.5,85.5,83.94,16.14,5.1831,1,MENOR_TX_NASC,PLANEJAMENTO,0,0,0,0,0,0,0,0,0,0,0,0,0,0,0,0,0,0,0,0,0,0,0,0.0,-3.66,INEXISTENTE,0.0,27.67,13.65,-0.36,0.5,3.5,185.87
974,01/09/2022,0.26,0.42,0.12,142.8,314.75,0.0,60.12,183.76,35.1,1394.75,84.71,83.66,15.98,5.2416,1,MENOR_TX_NASC,ENTRESAFRA,0,0,0,0,0,0,0,0,0,0,0,0,0,0,0,0,0,0,0,0,0,0,0,0.0,-3.87,INEXISTENTE,0.0,27.35,13.65,-0.29,0.5,3.5,189.5
975,02/09/2022,0.26,0.42,0.12,144.55,310.25,0.0,59.93,183.96,35.53,1420.5,84.63,83.39,16.11,5.1681,1,MENOR_TX_NASC,ENTRESAFRA,0,0,0,0,0,0,0,0,0,0,0,0,0,0,0,0,0,0,0,0,0,0,0,0.0,-3.87,INEXISTENTE,0.0,26.3,13.65,-0.29,0.5,3.5,185.0
976,03/09/2022,0.26,0.42,0.12,,,0.0,,,,,,,,,1,MENOR_TX_NASC,ENTRESAFRA,0,0,0,0,0,0,0,0,0,0,0,0,0,0,0,0,0,0,0,0,0,0,0,0.0,-3.87,INEXISTENTE,0.0,27.14,,,,,
977,04/09/2022,0.26,0.42,0.12,,,0.0,,,,,,,,,1,MENOR_TX_NASC,ENTRESAFRA,0,0,0,0,0,0,0,0,0,0,0,0,0,0,0,0,0,0,0,0,0,0,0,0.0,-3.87,INEXISTENTE,0.0,27.89,,,,,
978,05/09/2022,0.26,0.42,0.12,,,0.0,,,,,,,,,1,MENOR_TX_NASC,ENTRESAFRA,0,0,0,0,0,0,0,0,0,0,0,0,0,0,0,0,0,0,0,0,0,0,0,0.0,-3.87,INEXISTENTE,0.0,28.28,13.65,-0.29,0.5,3.5,
979,06/09/2022,0.26,0.42,0.12,145.05,303.95,0.0,57.98,182.72,34.86,1398.75,84.66,83.54,15.94,5.2528,1,MENOR_TX_NASC,ENTRESAFRA,0,0,0,0,0,0,0,0,0,0,0,0,0,0,0,0,1,0,0,0,0,0,0,0.5,-3.87,INEXISTENTE,0.0,29.96,13.65,-0.29,0.5,3.5,188.17
980,07/09/2022,0.26,0.42,0.12,144.25,,0.0,,,,1383.5,,,,5.248,1,MENOR_TX_NASC,ENTRESAFRA,0,0,0,0,0,0,0,0,0,0,0,0,0,0,0,1,1,0,0,0,0,0,0,1.5,-3.87,INEXISTENTE,0.0,27.42,,,,,
981,08/09/2022,0.26,0.42,0.12,144.38,307.0,0.0,58.94,180.42,34.64,1386.0,84.27,83.25,15.98,5.2141,1,MENOR_TX_NASC,ENTRESAFRA,0,0,0,0,0,0,0,0,0,0,0,0,0,0,0,0,1,0,0,0,0,0,0,0.5,-3.87,INEXISTENTE,0.0,27.57,13.65,-0.29,0.5,3.5,191.93
982,09/09/2022,0.26,0.42,0.12,145.68,292.3,0.0,56.76,179.13,34.78,1412.25,83.79,83.43,16.2,5.1462,1,MENOR_TX_NASC,ENTRESAFRA,0,0,0,0,0,0,0,0,0,0,0,0,0,0,0,0,0,0,0,0,0,0,0,0.0,-3.87,INEXISTENTE,0.0,28.44,13.65,-0.29,0.5,3.5,191.3
983,10/09/2022,0.26,0.42,0.12,,,0.0,,,,,,,,,1,MENOR_TX_NASC,ENTRESAFRA,0,0,0,0,0,0,0,0,0,0,0,0,0,0,0,0,0,0,0,0,0,0,0,0.0,-3.87,INEXISTENTE,0.0,28.72,,,,,
984,11/09/2022,0.26,0.42,0.12,,,0.0,,,,,,,,,1,MENOR_TX_NASC,ENTRESAFRA,0,0,0,0,0,0,0,0,0,0,0,0,0,0,0,0,0,0,0,0,0,0,0,0.0,-3.87,INEXISTENTE,0.0,29.23,,,,,
985,12/09/2022,0.26,0.42,0.12,145.75,306.25,0.0,60.16,181.66,35.68,1488.25,83.61,83.95,16.49,5.093,1,MENOR_TX_NASC,ENTRESAFRA,0,0,0,0,0,0,0,0,0,0,0,0,0,0,0,0,0,0,0,0,0,0,0,0.0,-3.87,INEXISTENTE,0.0,31.51,13.65,-0.29,0.5,3.5,190.25
986,13/09/2022,0.26,0.42,0.12,144.8,308.4,0.0,59.43,183.36,35.34,1478.75,84.05,83.72,16.13,5.1911,1,MENOR_TX_NASC,ENTRESAFRA,0,0,0,0,0,0,0,0,0,0,0,0,0,0,0,0,0,0,0,0,0,0,0,0.0,-3.87,INEXISTENTE,0.0,30.48,13.65,-0.29,0.5,3.5,184.42
987,14/09/2022,0.26,0.42,0.12,144.35,296.4,0.0,57.22,182.38,35.21,1455.0,83.55,84.28,16.27,5.1631,1,MENOR_TX_NASC,ENTRESAFRA,0,0,0,0,0,0,0,0,0,0,0,0,0,0,0,0,0,0,0,0,0,0,0,0.0,-3.87,INEXISTENTE,0.0,30.12,13.65,-0.29,0.5,3.5,181.78
988,15/09/2022,0.26,0.42,0.12,145.62,291.6,0.0,55.62,182.05,34.72,1458.0,84.18,84.55,16.13,5.247,1,MENOR_TX_NASC,ENTRESAFRA,0,0,0,0,0,0,0,0,0,0,0,0,0,0,0,0,0,0,0,0,0,0,0,0.0,-3.87,INEXISTENTE,0.0,29.94,13.65,-0.29,0.5,3.5,181.28
989,16/09/2022,0.26,0.42,0.12,145.5,294.55,0.0,56.03,181.66,34.56,1455.25,89.97,84.35,16.04,5.2531,1,MENOR_TX_NASC,ENTRESAFRA,0,0,0,0,0,0,0,0,0,0,0,0,0,0,0,0,0,0,0,0,0,0,0,0.0,-3.87,INEXISTENTE,0.0,31.02,13.65,-0.29,0.5,3.5,182.03
990,17/09/2022,0.26,0.42,0.12,,,0.0,,,,,,,,,1,MENOR_TX_NASC,ENTRESAFRA,0,0,0,0,0,0,0,0,0,0,0,0,0,0,0,0,0,0,0,0,0,0,0,0.0,-3.87,INEXISTENTE,0.0,31.22,,,,,
991,18/09/2022,0.26,0.42,0.12,,,0.0,,,,,,,,,1,MENOR_TX_NASC,ENTRESAFRA,0,0,0,0,0,0,0,0,0,0,0,0,0,0,0,0,0,0,0,0,0,0,0,0.0,-3.87,INEXISTENTE,2.0,28.34,,,,,
992,19/09/2022,0.26,0.42,0.12,145.72,308.05,0.0,59.66,182.04,35.26,1467.5,89.11,84.02,16.27,5.167,1,MENOR_TX_NASC,ENTRESAFRA,0,0,0,0,0,0,0,0,0,0,0,0,0,0,0,0,0,0,0,0,0,0,0,0.0,-3.87,INEXISTENTE,0.4,25.55,13.65,-0.29,0.5,3.5,181.23
993,20/09/2022,0.26,0.42,0.12,146.3,308.0,0.0,59.68,180.75,35.02,1484.5,89.43,84.21,16.32,5.1417,1,MENOR_TX_NASC,ENTRESAFRA,0,0,0,0,0,0,0,0,0,0,0,0,0,0,0,0,0,0,0,0,0,0,0,0.0,-3.87,INEXISTENTE,0.0,29.38,13.65,-0.29,0.5,3.5,177.93
994,21/09/2022,0.26,0.42,0.12,145.88,297.5,0.0,57.58,182.17,35.26,1467.0,89.47,84.24,16.3,5.1716,1,MENOR_TX_NASC,ENTRESAFRA,0,0,0,0,0,0,0,0,0,0,0,0,0,0,0,0,0,0,0,0,0,0,0,0.0,-3.87,INEXISTENTE,0.2,28.4,13.65,-0.29,0.5,3.5,172.97
995,22/09/2022,0.26,0.42,0.12,144.85,299.05,0.0,58.49,181.76,35.55,1463.25,89.66,84.56,16.54,5.1166,1,MENOR_TX_NASC,ENTRESAFRA,0,0,0,0,0,0,0,0,0,0,0,0,0,0,0,0,0,0,0,0,0,0,0,0.0,-3.87,INEXISTENTE,12.4,27.57,13.65,-0.29,0.5,3.5,174.21
996,23/09/2022,0.26,0.42,0.12,144.25,300.6,0.0,57.25,179.52,34.19,1431.75,89.21,84.54,16.1,5.2595,1,MENOR_TX_NASC,ENTRESAFRA,0,0,0,0,0,0,0,0,0,0,0,0,0,0,0,0,0,0,0,0,0,0,0,0.0,-3.87,INEXISTENTE,20.2,25.42,13.65,-0.29,0.5,3.5,172.07
997,24/09/2022,0.26,0.42,0.12,,,0.0,,,,,,,,,1,MENOR_TX_NASC,ENTRESAFRA,0,0,0,0,0,0,0,0,0,0,0,0,0,0,0,0,0,0,0,0,0,0,0,0.0,-3.87,INEXISTENTE,0.0,28.29,,,,,
998,25/09/2022,0.26,0.42,0.12,,,0.0,,,,,,,,,1,MENOR_TX_NASC,ENTRESAFRA,0,0,0,0,0,0,0,0,0,0,0,0,0,0,0,0,0,0,0,0,0,0,0,0.0,-3.87,INEXISTENTE,0.0,26.36,,,,,
999,26/09/2022,0.26,0.42,0.12,143.48,301.8,0.0,56.0,180.91,33.57,1416.25,89.79,84.58,15.69,5.3898,1,MENOR_TX_NASC,ENTRESAFRA,0,0,0,0,0,0,0,0,0,0,0,0,0,0,0,0,0,0,0,0,0,0,0,0.0,-3.87,INEXISTENTE,0.0,28.44,13.65,-0.29,0.5,3.5,171.02
1000,27/09/2022,0.26,0.42,0.12,143.57,306.7,0.0,57.01,180.91,33.63,1414.0,89.12,84.72,15.75,5.3824,1,MENOR_TX_NASC,ENTRESAFRA,0,0,0,0,0,0,0,0,0,0,0,0,0,0,0,0,0,0,0,0,0,0,0,0.0,-3.87,INEXISTENTE,0.0,29.03,13.65,-0.29,0.5,3.5,167.49
1001,28/09/2022,0.26,0.42,0.12,143.05,301.9,0.0,56.46,179.56,33.58,1416.25,88.84,84.25,15.76,5.3745,1,MENOR_TX_NASC,ENTRESAFRA,0,0,0,0,0,0,0,0,0,0,0,0,0,0,0,0,0,0,0,0,0,0,0,0.0,-3.87,INEXISTENTE,0.0,29.0,13.65,-0.29,0.5,3.5,170.6
1002,29/09/2022,0.26,0.42,0.12,144.13,302.3,0.0,56.0,181.64,33.65,1420.5,89.03,84.24,15.61,5.3964,1,MENOR_TX_NASC,ENTRESAFRA,0,0,0,0,0,0,0,0,0,0,0,0,0,0,0,0,0,0,0,0,0,0,0,0.0,-3.87,INEXISTENTE,0.0,28.95,13.65,-0.29,0.5,3.5,169.78
1003,30/09/2022,0.26,0.42,0.12,143.27,303.95,0.0,56.51,181.7,33.78,1375.5,89.76,84.42,15.7,5.4154,1,MENOR_TX_NASC,ENTRESAFRA,0,0,0,0,0,0,0,0,0,0,0,0,0,0,0,0,0,0,0,0,0,0,0,0.0,-3.87,INEXISTENTE,0.0,30.4,13.65,-0.29,0.5,3.5,168.31
1004,01/10/2022,0.26,0.42,0.12,,,0.0,,,,,,,,,1,ESTACAO_MONTA,ENTRESAFRA,0,0,0,0,0,0,0,0,0,0,0,0,0,0,0,0,0,0,0,0,0,0,0,0.0,1.87,INEXISTENTE,0.0,30.5,,,,,
1005,02/10/2022,0.26,0.42,0.12,,,0.0,,,,,,,,,1,ESTACAO_MONTA,ENTRESAFRA,0,0,0,0,0,0,0,0,0,0,0,0,0,0,0,0,0,0,0,0,0,0,0,0.0,1.87,INEXISTENTE,0.0,28.75,,,,,
1006,03/10/2022,0.26,0.42,0.12,144.32,290.1,0.0,56.04,177.01,34.19,1384.0,87.82,84.14,16.25,5.1672,1,ESTACAO_MONTA,ENTRESAFRA,0,0,0,0,0,0,0,0,0,0,0,0,0,0,0,0,0,0,0,0,0,0,0,0.0,1.87,INEXISTENTE,0.0,29.91,13.65,0.59,0.2,1.8,169.31
1007,04/10/2022,0.26,0.42,0.12,144.2,294.9,0.0,56.97,173.75,33.57,1393.5,86.41,83.27,16.09,5.177,1,ESTACAO_MONTA,ENTRESAFRA,0,0,0,0,0,0,0,0,0,0,0,0,0,0,0,0,0,0,0,0,0,0,0,0.0,1.87,INEXISTENTE,0.0,29.53,13.65,0.59,0.2,1.8,173.07
1008,05/10/2022,0.26,0.42,0.12,144.68,295.0,0.0,57.02,173.25,33.48,1380.5,86.82,82.91,16.02,5.194,1,ESTACAO_MONTA,ENTRESAFRA,0,0,0,0,0,0,0,0,0,0,0,0,0,0,0,0,0,0,0,0,0,0,0,0.0,1.87,INEXISTENTE,0.0,28.85,13.65,0.59,0.2,1.8,171.87
1009,06/10/2022,0.26,0.42,0.12,145.32,301.55,0.0,57.95,173.57,33.35,1370.5,86.17,83.04,15.96,5.2217,1,ESTACAO_MONTA,ENTRESAFRA,0,0,0,0,0,0,0,0,0,0,0,0,0,0,0,0,0,0,0,0,0,0,0,0.0,1.87,INEXISTENTE,0.0,29.01,13.65,0.59,0.2,1.8,166.91
1010,07/10/2022,0.26,0.42,0.12,145.32,303.5,0.0,58.09,174.71,33.44,1379.25,86.44,83.05,15.89,5.1996,1,ESTACAO_MONTA,ENTRESAFRA,0,0,0,0,0,0,0,0,0,0,0,0,0,0,0,0,0,0,0,0,0,0,0,0.0,1.87,INEXISTENTE,0.0,27.52,13.65,0.59,0.2,1.8,161.46
1011,08/10/2022,0.26,0.42,0.12,,,0.0,,,,,,,,,1,ESTACAO_MONTA,ENTRESAFRA,0,0,0,0,0,0,0,0,0,0,0,0,0,0,0,0,0,0,0,0,0,0,0,0.0,1.87,INEXISTENTE,0.0,28.7,,,,,
1012,09/10/2022,0.26,0.42,0.12,,,0.0,,,,,,,,,1,ESTACAO_MONTA,ENTRESAFRA,0,0,0,0,0,0,0,0,0,0,0,0,0,0,0,0,0,0,0,0,0,0,0,0.0,1.87,INEXISTENTE,0.0,28.02,,,,,
1013,10/10/2022,0.26,0.42,0.12,144.7,304.05,0.0,58.66,177.97,34.34,1385.75,86.67,83.5,16.11,5.1901,1,ESTACAO_MONTA,ENTRESAFRA,0,0,0,0,0,0,0,0,0,0,0,0,0,0,0,0,0,0,0,0,0,0,0,0.5,1.87,INEXISTENTE,0.0,28.51,13.65,0.59,0.2,1.8,161.03
1014,11/10/2022,0.26,0.42,0.12,145.8,302.3,0.0,57.36,178.09,33.79,1388.0,86.4,83.86,15.91,5.3005,1,ESTACAO_MONTA,ENTRESAFRA,0,0,0,0,0,0,0,0,0,0,0,0,0,0,0,0,0,0,0,0,0,0,0,0.5,1.87,INEXISTENTE,0.0,28.97,13.65,0.59,0.2,1.8,161.49
1015,12/10/2022,0.26,0.42,0.12,146.18,,0.0,,,,1405.0,,,,5.293,1,ESTACAO_MONTA,ENTRESAFRA,0,0,0,0,0,0,0,0,0,0,0,0,0,0,0,0,0,1,0,0,0,0,0,1.5,1.87,INEXISTENTE,0.0,30.4,,,,,
1016,13/10/2022,0.26,0.42,0.12,146.45,306.3,0.0,58.02,182.72,34.61,1405.5,87.69,84.42,15.99,5.2626,1,ESTACAO_MONTA,ENTRESAFRA,0,0,0,0,0,0,0,0,0,0,0,0,0,0,0,0,0,0,0,0,0,0,0,0.0,1.87,INEXISTENTE,0.0,29.99,13.65,0.59,0.2,1.8,165.76
1017,14/10/2022,0.26,0.42,0.12,146.95,297.4,0.0,55.82,183.77,34.49,1392.75,87.58,84.67,15.89,5.3252,1,ESTACAO_MONTA,ENTRESAFRA,0,0,0,0,0,0,0,0,0,0,0,0,0,0,0,0,0,0,0,0,0,0,0,0.0,1.87,INEXISTENTE,0.0,30.07,13.65,0.59,0.2,1.8,163.27
1018,15/10/2022,0.26,0.42,0.12,,,0.0,,,,,,,,,1,ESTACAO_MONTA,ENTRESAFRA,0,0,0,0,0,0,0,0,0,0,0,0,0,0,0,0,0,0,0,0,0,0,0,0.0,1.87,INEXISTENTE,0.0,30.5,,,,,
1019,16/10/2022,0.26,0.42,0.12,,,0.0,,,,,,,,,1,ESTACAO_MONTA,ENTRESAFRA,0,0,0,0,0,0,0,0,0,0,0,0,0,0,0,0,0,0,0,0,0,0,0,0.0,1.87,INEXISTENTE,0.0,29.86,,,,,
1020,17/10/2022,0.26,0.42,0.12,147.88,286.4,0.0,54.09,183.2,34.6,1392.75,87.08,84.86,16.03,5.2808,1,ESTACAO_MONTA,ENTRESAFRA,0,0,0,0,0,0,0,0,0,0,0,0,0,0,0,0,0,0,0,0,0,0,0,0.0,1.87,INEXISTENTE,0.0,30.17,13.65,0.59,0.2,1.8,165.48
1021,18/10/2022,0.26,0.42,0.12,148.48,302.45,0.0,57.49,182.08,34.61,1382.0,86.86,85.38,16.23,5.2405,1,ESTACAO_MONTA,ENTRESAFRA,0,0,0,0,0,0,0,0,0,0,0,0,0,0,0,0,0,0,0,0,0,0,0,0.0,1.87,INEXISTENTE,0.0,30.38,13.65,0.59,0.2,1.8,165.59
1022,19/10/2022,0.26,0.42,0.12,149.35,295.7,0.0,56.09,180.61,34.26,1382.75,87.08,85.41,16.2,5.27,1,ESTACAO_MONTA,ENTRESAFRA,0,0,0,0,0,0,0,0,0,0,0,0,0,0,0,0,0,0,0,0,0,0,0,0.0,1.87,INEXISTENTE,0.0,30.37,13.65,0.59,0.2,1.8,164.2
1023,20/10/2022,0.26,0.42,0.12,149.77,299.7,0.0,57.37,180.59,34.57,1400.0,86.56,85.21,16.31,5.2147,1,ESTACAO_MONTA,ENTRESAFRA,0,0,0,0,0,0,0,0,0,0,0,0,0,0,0,0,0,0,0,0,0,0,0,0.0,1.87,INEXISTENTE,0.0,30.33,13.65,0.59,0.2,1.8,161.92
1024,21/10/2022,0.26,0.42,0.12,150.48,295.3,0.0,57.36,179.8,34.93,1404.5,86.25,85.28,16.57,5.1605,1,ESTACAO_MONTA,ENTRESAFRA,0,0,0,0,0,0,0,0,0,0,0,0,0,0,0,0,0,0,0,0,0,0,0,0.0,1.87,INEXISTENTE,0.0,29.12,13.65,0.59,0.2,1.8,161.53
1025,22/10/2022,0.26,0.42,0.12,,,0.0,,,,,,,,,1,ESTACAO_MONTA,ENTRESAFRA,0,0,0,0,0,0,0,0,0,0,0,0,0,0,0,0,0,0,0,0,0,0,0,0.0,1.87,INEXISTENTE,24.4,26.66,,,,,
1026,23/10/2022,0.26,0.42,0.12,,,0.0,,,,,,,,,1,ESTACAO_MONTA,ENTRESAFRA,0,0,0,0,0,0,0,0,0,0,0,0,0,0,0,0,0,0,0,0,0,0,0,0.0,1.87,INEXISTENTE,0.0,28.04,,,,,
1027,24/10/2022,0.26,0.42,0.12,151.6,310.8,0.0,58.76,179.75,33.99,1381.25,85.9,85.08,16.09,5.3032,1,ESTACAO_MONTA,ENTRESAFRA,0,0,0,0,0,0,0,0,0,0,0,0,0,0,0,0,0,0,0,0,0,0,0,0.0,1.87,INEXISTENTE,6.8,27.92,13.65,0.59,0.2,1.8,163.45
1028,25/10/2022,0.26,0.42,0.12,151.68,292.8,0.0,55.09,181.24,34.1,1392.25,86.21,84.91,15.98,5.3167,1,ESTACAO_MONTA,ENTRESAFRA,0,0,0,0,0,0,0,0,0,0,0,0,0,0,0,0,0,0,0,0,0,0,0,0.0,1.87,INEXISTENTE,26.6,25.92,13.65,0.59,0.2,1.8,167.05
1029,26/10/2022,0.26,0.42,0.12,151.45,284.2,0.0,52.89,182.22,33.91,1393.0,86.31,85.12,15.84,5.3804,1,ESTACAO_MONTA,ENTRESAFRA,0,0,0,0,0,0,0,0,0,0,0,0,0,0,0,0,0,0,0,0,0,0,0,0.0,1.87,INEXISTENTE,0.2,26.59,13.65,0.59,0.2,1.8,163.37
1030,27/10/2022,0.26,0.42,0.12,151.4,294.9,0.0,55.65,183.18,34.57,1393.5,86.39,85.35,16.11,5.3449,1,ESTACAO_MONTA,ENTRESAFRA,0,0,0,0,0,0,0,0,0,0,0,0,0,0,0,0,0,0,0,0,0,0,0,0.0,1.87,INEXISTENTE,0.0,28.17,13.65,0.59,0.2,1.8,164.13
1031,28/10/2022,0.26,0.42,0.12,150.38,285.4,0.0,53.71,183.34,34.5,1400.25,86.44,85.69,16.12,5.2949,1,ESTACAO_MONTA,ENTRESAFRA,0,0,0,0,0,0,0,0,0,0,0,0,0,0,0,0,0,0,0,0,0,0,0,0.0,1.87,INEXISTENTE,0.0,28.74,13.65,0.59,0.2,1.8,166.05
1032,29/10/2022,0.26,0.42,0.12,,,0.0,,,,,,,,,1,ESTACAO_MONTA,ENTRESAFRA,0,0,0,0,0,0,0,0,0,0,0,0,0,0,0,0,0,0,0,0,0,0,0,0.0,1.87,INEXISTENTE,24.0,24.54,,,,,
1033,30/10/2022,0.26,0.42,0.12,,,0.0,,,,,,,,,1,ESTACAO_MONTA,ENTRESAFRA,0,0,0,0,0,0,0,0,0,0,0,0,0,0,0,0,0,0,0,0,0,0,0,0.0,1.87,INEXISTENTE,0.0,27.61,,,,,
1034,31/10/2022,0.26,0.42,0.12,146.77,292.0,0.0,56.44,183.42,35.45,1419.5,86.6,85.35,16.5,5.1791,1,ESTACAO_MONTA,ENTRESAFRA,0,0,0,0,0,0,0,0,0,0,0,0,0,0,0,0,0,0,0,1,0,0,0,0.5,1.87,INEXISTENTE,0.0,29.09,13.65,0.59,0.2,1.8,164.68
1035,01/11/2022,0.26,0.42,0.12,151.95,281.35,0.0,55.04,183.23,35.84,1447.75,86.76,85.11,16.65,5.1475,1,ESTACAO_MONTA,SAFRA,0,0,0,0,0,0,0,0,0,0,0,0,0,0,0,0,0,0,0,1,0,0,0,0.5,1.91,INEXISTENTE,4.6,26.0,13.65,0.41,0.2,1.8,164.89
1036,02/11/2022,0.26,0.42,0.12,151.4,,0.0,,,,1454.0,,,,5.1432,1,ESTACAO_MONTA,SAFRA,0,0,0,0,0,0,0,0,0,0,0,0,0,0,0,0,0,0,1,1,0,0,0,1.5,1.91,INEXISTENTE,7.0,22.42,,,,,
1037,03/11/2022,0.26,0.42,0.12,151.95,289.3,0.0,56.58,182.69,35.73,1437.0,86.07,84.76,16.58,5.1137,1,ESTACAO_MONTA,SAFRA,0,0,0,0,0,0,0,0,0,0,0,0,0,0,0,0,0,0,0,0,0,0,0,0.0,1.91,INEXISTENTE,0.0,26.23,13.65,0.41,0.2,1.8,162.41
1038,04/11/2022,0.26,0.42,0.12,151.65,287.7,0.0,57.15,181.88,36.13,1462.25,85.64,84.95,16.87,5.0557,1,ESTACAO_MONTA,SAFRA,0,0,0,0,0,0,0,0,0,0,0,0,0,0,0,0,0,0,0,0,0,0,0,0.0,1.91,INEXISTENTE,0.0,27.95,13.65,0.41,0.2,1.8,162.18
1039,05/11/2022,0.26,0.42,0.12,,,0.0,,,,,,,,,1,ESTACAO_MONTA,SAFRA,0,0,0,0,0,0,0,0,0,0,0,0,0,0,0,0,0,0,0,0,0,0,0,0.0,1.91,INEXISTENTE,0.0,27.43,,,,,
1040,06/11/2022,0.26,0.42,0.12,,,0.0,,,,,,,,,1,ESTACAO_MONTA,SAFRA,0,0,0,0,0,0,0,0,0,0,0,0,0,0,0,0,0,0,0,0,0,0,0,0.0,1.91,INEXISTENTE,16.2,26.65,,,,,
1041,07/11/2022,0.26,0.42,0.12,153.05,288.0,0.0,55.87,182.04,35.31,1450.25,85.76,85.19,16.52,5.1567,1,ESTACAO_MONTA,SAFRA,0,0,0,0,0,0,0,0,0,0,0,0,0,0,0,0,0,0,0,0,0,0,0,0.0,1.91,INEXISTENTE,0.2,27.59,13.65,0.41,0.2,1.8,161.29
1042,08/11/2022,0.26,0.42,0.12,153.05,283.8,0.0,54.9,182.64,35.33,1446.5,85.83,85.3,16.5,5.144,1,ESTACAO_MONTA,SAFRA,0,0,0,0,0,0,0,0,0,0,0,0,0,0,0,0,0,0,0,0,0,0,0,0.0,1.91,INEXISTENTE,0.0,26.81,13.65,0.41,0.2,1.8,164.58
1043,09/11/2022,0.26,0.42,0.12,151.57,292.3,0.0,56.45,183.38,35.42,1452.0,85.73,84.76,16.37,5.1864,1,ESTACAO_MONTA,SAFRA,0,0,0,0,0,0,0,0,0,0,0,0,0,0,0,0,0,0,0,0,0,0,0,0.0,1.91,INEXISTENTE,0.2,28.36,13.65,0.41,0.2,1.8,162.49
1044,10/11/2022,0.26,0.42,0.12,153.07,279.1,0.0,51.71,184.56,34.2,1423.0,85.42,84.48,15.65,5.3449,1,ESTACAO_MONTA,SAFRA,0,0,0,0,0,0,0,0,0,0,0,0,0,0,0,0,0,0,0,0,0,0,0,0.0,1.91,INEXISTENTE,52.0,27.14,13.65,0.41,0.2,1.8,165.66
1045,11/11/2022,0.26,0.42,0.12,151.52,270.5,0.0,50.65,184.94,34.63,1450.0,84.94,83.74,15.68,5.325,1,ESTACAO_MONTA,SAFRA,0,0,0,0,0,0,0,0,0,0,0,0,0,0,0,0,0,0,0,0,0,0,0,0.0,1.91,INEXISTENTE,0.2,26.84,13.65,0.41,0.2,1.8,165.58
1046,12/11/2022,0.26,0.42,0.12,,,0.0,,,,,,,,,1,ESTACAO_MONTA,SAFRA,0,0,0,0,0,0,0,0,0,0,0,0,0,0,0,0,0,0,0,0,0,0,0,0.0,1.91,INEXISTENTE,17.4,25.61,,,,,
1047,13/11/2022,0.26,0.42,0.12,,,0.0,,,,,,,,,1,ESTACAO_MONTA,SAFRA,0,0,0,0,0,0,0,0,0,0,0,0,0,0,0,0,0,0,0,0,0,0,0,0.0,1.91,INEXISTENTE,0.0,27.23,,,,,
1048,14/11/2022,0.26,0.42,0.12,151.57,270.5,0.0,50.65,184.9,34.68,1440.5,84.01,84.0,15.76,5.3321,1,ESTACAO_MONTA,SAFRA,0,0,0,0,0,0,0,0,0,0,0,0,0,0,0,0,0,0,0,0,0,0,0,0.0,1.91,INEXISTENTE,0.0,27.55,13.65,0.41,0.2,1.8,165.25
1049,15/11/2022,0.26,0.42,0.12,151.27,,0.0,,,,1461.75,,,,5.3325,1,ESTACAO_MONTA,SAFRA,0,0,0,0,0,0,0,0,0,0,0,0,0,0,0,0,0,0,0,0,0,0,0,0.0,1.91,INEXISTENTE,0.2,27.24,,,,,
1050,16/11/2022,0.26,0.42,0.12,151.8,268.1,0.0,49.8,184.53,34.27,1434.75,83.81,83.69,15.54,5.3998,1,ESTACAO_MONTA,SAFRA,0,0,0,0,0,0,0,0,0,0,0,0,0,0,0,0,0,0,0,0,0,0,0,0.0,1.91,INEXISTENTE,0.0,26.12,13.65,0.41,0.2,1.8,166.19
1051,17/11/2022,0.26,0.42,0.12,152.75,286.45,0.0,52.74,184.02,33.88,1422.25,87.98,84.06,15.48,5.4231,1,ESTACAO_MONTA,SAFRA,0,0,0,0,0,0,0,0,0,0,0,0,0,0,0,0,0,0,0,0,0,0,0,0.0,1.91,INEXISTENTE,1.2,27.27,13.65,0.41,0.2,1.8,164.89
1052,18/11/2022,0.26,0.42,0.12,153.07,279.05,0.0,52.0,182.02,33.92,1433.25,89.22,84.77,15.8,5.3827,1,ESTACAO_MONTA,SAFRA,0,0,0,0,0,0,0,0,0,0,0,0,0,0,0,0,0,0,0,0,0,0,0,0.0,1.91,INEXISTENTE,54.8,25.9,13.65,0.41,0.2,1.8,163.91
1053,19/11/2022,0.26,0.42,0.12,,,0.0,,,,,,,,,1,ESTACAO_MONTA,SAFRA,0,0,0,0,0,0,0,0,0,0,0,0,0,0,0,0,0,0,0,0,0,0,0,0.0,1.91,INEXISTENTE,0.0,26.45,,,,,
1054,20/11/2022,0.26,0.42,0.12,,,0.0,,,,,,,,,1,ESTACAO_MONTA,SAFRA,0,0,0,0,0,0,0,0,0,0,0,0,0,0,0,0,0,0,0,0,0,0,0,0.0,1.91,INEXISTENTE,3.8,24.55,,,,,
1055,21/11/2022,0.26,0.42,0.12,153.55,291.4,0.0,54.87,181.52,34.18,1441.75,88.74,85.08,16.02,5.32,1,ESTACAO_MONTA,SAFRA,0,0,0,0,0,0,0,0,0,0,0,0,0,0,0,0,0,0,0,0,0,0,0,0.0,1.91,INEXISTENTE,0.2,26.61,13.65,0.41,0.2,1.8,167.72
1056,22/11/2022,0.26,0.42,0.12,153.8,281.0,0.0,52.22,181.02,33.64,1436.5,89.47,85.19,15.83,5.3586,1,ESTACAO_MONTA,SAFRA,0,0,0,0,0,0,0,0,0,0,0,0,0,0,0,0,0,0,0,0,0,0,0,0.0,1.91,INEXISTENTE,0.0,26.46,13.65,0.41,0.2,1.8,165.58
1057,23/11/2022,0.26,0.42,0.12,153.35,283.65,0.0,52.8,181.13,33.72,1442.0,89.67,85.51,15.92,5.3591,1,ESTACAO_MONTA,SAFRA,0,0,0,0,0,0,0,0,0,0,0,0,0,0,0,0,0,0,0,0,0,0,0,0.0,1.91,INEXISTENTE,9.2,27.3,13.65,0.41,0.2,1.8,167.24
1058,24/11/2022,0.26,0.42,0.12,,,0.0,,,,,,,,,1,ESTACAO_MONTA,SAFRA,0,0,0,0,0,0,0,0,0,0,0,0,0,0,0,0,0,0,0,0,0,0,0,0.0,1.91,INEXISTENTE,10.6,25.73,13.65,0.41,0.2,1.8,
1059,25/11/2022,0.26,0.42,0.12,153.07,287.75,0.0,53.19,181.43,33.54,1442.25,90.42,85.48,15.8,5.4098,1,ESTACAO_MONTA,SAFRA,0,0,0,0,0,0,0,0,0,0,0,0,0,0,0,0,0,0,0,0,0,0,0,0.0,1.91,INEXISTENTE,0.0,25.25,13.65,0.41,0.2,1.8,166.29
1060,26/11/2022,0.26,0.42,0.12,,,0.0,,,,,,,,,1,ESTACAO_MONTA,SAFRA,0,0,0,0,0,0,0,0,0,0,0,0,0,0,0,0,0,0,0,0,0,0,0,0.0,1.91,INEXISTENTE,0.0,26.62,,,,,
1061,27/11/2022,0.26,0.42,0.12,,,0.0,,,,,,,,,1,ESTACAO_MONTA,SAFRA,0,0,0,0,0,0,0,0,0,0,0,0,0,0,0,0,0,0,0,0,0,0,0,0.0,1.91,INEXISTENTE,0.0,26.3,,,,,
1062,28/11/2022,0.26,0.42,0.12,152.57,287.75,0.0,53.19,181.34,33.79,1462.75,90.1,85.96,16.02,5.3654,1,ESTACAO_MONTA,SAFRA,0,0,0,0,0,0,0,0,0,0,0,0,0,0,0,0,0,0,0,0,0,0,0,0.0,1.91,INEXISTENTE,0.0,27.58,13.65,0.41,0.2,1.8,164.51
1063,29/11/2022,0.26,0.42,0.12,152.68,280.45,0.0,53.01,181.13,34.23,1466.0,88.59,85.76,16.21,5.2695,1,ESTACAO_MONTA,SAFRA,0,0,0,0,0,0,0,0,0,0,0,0,0,0,0,0,0,0,0,0,0,0,0,0.0,1.91,INEXISTENTE,18.6,25.55,13.65,0.41,0.2,1.8,166.11
1064,30/11/2022,0.26,0.42,0.12,153.07,284.9,0.0,54.68,179.5,34.45,1475.5,88.47,86.2,16.55,5.1851,1,ESTACAO_MONTA,SAFRA,0,0,0,0,0,0,0,0,0,0,0,0,0,0,0,0,0,0,0,0,0,0,0,0.0,1.91,INEXISTENTE,3.8,23.57,13.65,0.41,0.2,1.8,167.72
1065,01/12/2022,0.26,0.42,0.12,153.05,290.7,0.0,55.85,177.11,34.03,1436.75,88.35,86.0,16.52,5.1848,1,ESTACAO_MONTA,PLANEJAMENTO,0,0,0,0,0,0,0,0,0,0,0,0,0,0,0,0,0,0,0,0,0,0,0,0.0,1.52,INEXISTENTE,1.8,25.69,13.65,0.62,0.2,1.8,169.05
1066,02/12/2022,0.26,0.42,0.12,153.35,290.7,0.0,55.85,174.59,33.43,1446.5,87.43,86.03,16.47,5.2189,1,ESTACAO_MONTA,PLANEJAMENTO,0,0,0,0,0,0,0,0,0,0,0,0,0,0,0,0,0,0,0,0,0,0,0,0.0,1.52,INEXISTENTE,0.0,25.98,13.65,0.62,0.2,1.8,167.84
1067,03/12/2022,0.26,0.42,0.12,,,0.0,,,,,,,,,1,ESTACAO_MONTA,PLANEJAMENTO,0,0,0,0,0,0,0,0,0,0,0,0,0,0,0,0,0,0,0,0,0,0,0,0.0,1.52,INEXISTENTE,2.8,25.13,,,,,
1068,04/12/2022,0.26,0.42,0.12,,,0.0,,,,,,,,,1,ESTACAO_MONTA,PLANEJAMENTO,0,0,0,0,0,0,0,0,0,0,0,0,0,0,0,0,0,0,0,0,0,0,0,0.0,1.52,INEXISTENTE,0.0,25.35,,,,,
1069,05/12/2022,0.26,0.42,0.12,153.23,293.5,0.0,55.59,176.25,33.38,1445.0,87.25,85.54,16.2,5.2809,1,ESTACAO_MONTA,PLANEJAMENTO,0,0,0,0,0,0,0,0,0,0,0,0,0,0,0,0,0,0,0,0,0,0,0,0.0,1.52,INEXISTENTE,1.0,24.77,13.65,0.62,0.2,1.8,171.4
1070,06/12/2022,0.26,0.42,0.12,151.55,290.5,0.0,55.13,179.16,34.0,1461.5,87.48,86.1,16.34,5.2352,1,ESTACAO_MONTA,PLANEJAMENTO,0,0,0,0,0,0,0,0,0,0,0,0,0,0,0,0,0,0,0,0,0,0,0,0.0,1.52,INEXISTENTE,3.6,23.88,13.65,0.62,0.2,1.8,170.94
1071,07/12/2022,0.26,0.42,0.12,151.93,284.9,0.0,54.68,178.68,34.3,1477.25,87.2,86.19,16.54,5.2048,1,ESTACAO_MONTA,PLANEJAMENTO,0,0,0,0,0,0,0,0,0,0,0,0,0,0,0,0,0,0,0,0,0,0,0,0.0,1.52,INEXISTENTE,0.0,27.43,13.65,0.62,0.2,1.8,167.24
1072,08/12/2022,0.26,0.42,0.12,152.43,280.65,0.0,53.85,179.39,34.42,1490.25,87.55,85.9,16.48,5.2253,1,ESTACAO_MONTA,PLANEJAMENTO,0,0,0,0,0,0,0,0,0,0,0,0,0,0,0,0,0,0,0,0,0,0,0,0.0,1.52,INEXISTENTE,1.4,29.02,13.65,0.62,0.2,1.8,168.38
1073,09/12/2022,0.26,0.42,0.12,153.68,295.85,0.0,56.46,179.94,34.34,1488.25,87.53,86.08,16.43,5.24,1,ESTACAO_MONTA,PLANEJAMENTO,0,0,0,0,0,0,0,0,0,0,0,0,0,0,0,0,0,0,0,0,0,0,0,0.0,1.52,INEXISTENTE,16.6,25.45,13.65,0.62,0.2,1.8,169.93
1074,10/12/2022,0.26,0.42,0.12,,,0.0,,,,,,,,,1,ESTACAO_MONTA,PLANEJAMENTO,0,0,0,0,0,0,0,0,0,0,0,0,0,0,0,0,0,0,0,0,0,0,0,0.0,1.52,INEXISTENTE,1.0,27.11,,,,,
1075,11/12/2022,0.26,0.42,0.12,,,0.0,,,,,,,,,1,ESTACAO_MONTA,PLANEJAMENTO,0,0,0,0,0,0,0,0,0,0,0,0,0,0,0,0,0,0,0,0,0,0,0,0.0,1.52,INEXISTENTE,0.4,28.85,,,,,
1076,12/12/2022,0.26,0.42,0.12,154.4,298.8,0.0,56.11,180.09,33.82,1465.5,88.13,86.15,16.18,5.3226,1,ESTACAO_MONTA,PLANEJAMENTO,0,0,0,0,0,0,0,0,0,0,0,0,0,0,0,0,0,0,0,0,0,0,0,0.0,1.52,INEXISTENTE,0.2,27.78,13.65,0.62,0.2,1.8,171.89
1077,13/12/2022,0.26,0.42,0.12,154.9,291.25,0.0,54.79,178.49,33.58,1484.5,87.74,86.0,16.18,5.2938,1,ESTACAO_MONTA,PLANEJAMENTO,0,0,0,0,0,0,0,0,0,0,0,0,0,0,0,0,0,0,0,0,0,0,0,0.0,1.52,INEXISTENTE,6.4,27.41,13.65,0.62,0.2,1.8,169.26
1078,14/12/2022,0.26,0.42,0.12,154.5,293.7,0.0,55.2,179.85,33.8,1485.0,87.93,85.79,16.12,5.2787,1,ESTACAO_MONTA,PLANEJAMENTO,0,0,0,0,0,0,0,0,0,0,0,0,0,0,0,0,0,0,0,0,0,0,0,0.0,1.52,INEXISTENTE,36.8,25.54,13.65,0.62,0.2,1.8,166.21
1079,15/12/2022,0.26,0.42,0.12,154.05,296.45,0.0,55.7,178.24,33.49,1476.75,87.91,85.91,16.14,5.313,1,ESTACAO_MONTA,PLANEJAMENTO,0,0,0,0,0,0,0,0,0,0,0,0,1,0,0,0,0,0,0,0,0,0,0,0.5,1.52,INEXISTENTE,0.0,26.89,13.65,0.62,0.2,1.8,163.89
1080,16/12/2022,0.26,0.42,0.12,155.05,297.2,0.0,56.1,177.82,33.56,1483.75,88.03,86.44,16.32,5.314,1,ESTACAO_MONTA,PLANEJAMENTO,0,0,0,0,0,0,0,0,0,0,0,0,1,0,0,0,0,0,0,0,0,0,0,0.5,1.52,INEXISTENTE,16.8,24.71,13.65,0.62,0.2,1.8,162.6
1081,17/12/2022,0.26,0.42,0.12,,,0.0,,,,,,,,,1,ESTACAO_MONTA,PLANEJAMENTO,0,0,0,0,0,0,0,0,0,0,0,0,1,0,0,0,0,0,0,0,0,0,0,0.5,1.52,INEXISTENTE,5.0,25.49,,,,,
1082,18/12/2022,0.26,0.42,0.12,,,0.0,,,,,,,,,1,ESTACAO_MONTA,PLANEJAMENTO,0,0,0,0,0,0,0,0,0,0,0,0,1,0,0,0,0,0,0,0,0,0,0,0.5,1.52,INEXISTENTE,48.0,25.18,,,,,
1083,19/12/2022,0.26,0.42,0.12,155.27,304.55,0.0,57.38,177.99,33.53,1463.5,88.04,86.05,16.21,5.293,1,ESTACAO_MONTA,PLANEJAMENTO,0,0,0,0,0,0,0,0,0,0,0,0,1,0,0,0,0,0,0,0,0,0,0,0.5,1.52,INEXISTENTE,29.2,24.39,13.65,0.62,0.2,1.8,162.19
1084,20/12/2022,0.26,0.42,0.12,155.05,290.3,0.0,55.74,176.6,33.91,1479.75,87.93,85.98,16.51,5.1996,1,ESTACAO_MONTA,PLANEJAMENTO,0,0,0,0,0,0,0,0,0,0,0,0,1,0,0,0,0,0,0,0,0,0,1,1.0,1.52,INEXISTENTE,9.8,24.42,13.65,0.62,0.2,1.8,160.77
1085,21/12/2022,0.26,0.42,0.12,156.13,288.3,0.0,55.47,175.43,33.76,1484.5,88.06,85.82,16.51,5.2009,1,ESTACAO_MONTA,PLANEJAMENTO,0,0,0,0,0,0,0,0,0,0,0,0,1,0,0,0,0,0,0,0,0,0,1,1.0,1.52,INEXISTENTE,19.0,25.1,13.65,0.62,0.2,1.8,164.27
1086,22/12/2022,0.26,0.42,0.12,155.9,297.1,0.0,57.39,174.79,33.76,1472.0,88.08,85.58,16.53,5.1665,1,ESTACAO_MONTA,PLANEJAMENTO,0,0,0,0,0,0,0,0,0,0,0,0,1,0,0,0,0,0,0,0,0,0,1,1.0,1.52,INEXISTENTE,30.0,23.31,13.65,0.62,0.2,1.8,164.55
1087,23/12/2022,0.26,0.42,0.12,156.9,290.0,0.0,56.16,174.23,33.74,1484.5,88.03,85.8,16.61,5.1652,1,ESTACAO_MONTA,PLANEJAMENTO,0,0,0,0,0,0,0,0,0,0,0,0,1,0,0,0,0,0,0,0,0,0,1,1.0,1.52,INEXISTENTE,23.2,24.25,13.65,0.62,0.2,1.8,164.7
1088,24/12/2022,0.26,0.42,0.12,,,0.0,,,,,,,,,1,ESTACAO_MONTA,PLANEJAMENTO,0,0,0,0,0,0,0,0,0,0,0,0,1,0,0,0,0,0,0,0,0,1,1,1.5,1.52,INEXISTENTE,34.4,23.84,,,,,
1089,25/12/2022,0.26,0.42,0.12,,,0.0,,,,,,,,,1,ESTACAO_MONTA,PLANEJAMENTO,0,0,0,0,0,0,0,0,0,0,0,0,1,0,0,0,0,0,0,0,1,1,1,2.5,1.52,INEXISTENTE,6.0,24.5,,,,,
1090,26/12/2022,0.26,0.42,0.12,,,0.0,,,,,,,,,1,ESTACAO_MONTA,PLANEJAMENTO,0,0,0,0,0,0,0,0,0,0,0,0,1,0,0,0,0,0,0,0,0,0,1,1.0,1.52,INEXISTENTE,26.4,23.6,13.65,0.62,0.2,1.8,
1091,27/12/2022,0.26,0.42,0.12,156.82,286.6,0.0,54.24,176.37,33.38,1489.0,88.27,86.61,16.39,5.2928,1,ESTACAO_MONTA,PLANEJAMENTO,0,0,0,0,0,0,0,0,0,0,0,0,1,0,0,0,0,0,0,0,0,0,1,1.0,1.52,INEXISTENTE,2.0,24.66,13.65,0.62,0.2,1.8,163.58
1092,28/12/2022,0.26,0.42,0.12,157.45,288.45,0.0,54.91,176.72,33.64,1514.25,89.42,86.42,16.45,5.2676,1,ESTACAO_MONTA,PLANEJAMENTO,0,0,0,0,0,0,0,0,0,0,0,0,1,0,0,0,0,0,0,0,0,0,1,1.0,1.52,INEXISTENTE,43.0,24.2,13.65,0.62,0.2,1.8,163.84
1093,29/12/2022,0.26,0.42,0.12,158.5,286.85,0.0,54.33,176.56,33.44,1516.25,89.83,86.07,16.3,5.286,1,ESTACAO_MONTA,PLANEJAMENTO,0,0,0,0,0,0,0,0,0,0,0,0,1,0,0,0,0,0,0,0,0,0,1,1.0,1.52,INEXISTENTE,0.2,25.2,13.65,0.62,0.2,1.8,165.03
1094,30/12/2022,0.26,0.42,0.12,154.82,,0.0,,,,1524.0,,,,5.286,1,ESTACAO_MONTA,PLANEJAMENTO,0,0,0,0,0,0,0,0,0,0,0,0,1,0,0,0,0,0,0,0,0,0,1,1.0,1.52,INEXISTENTE,2.6,25.73,13.65,0.62,0.2,1.8,164.05
1095,31/12/2022,0.26,0.42,0.12,,,0.0,,,,,,,,,1,ESTACAO_MONTA,PLANEJAMENTO,0,0,0,0,0,0,0,0,0,0,0,0,1,0,0,0,0,0,0,0,0,0,1,1.0,1.52,INEXISTENTE,0.2,25.9,,,,,
1096,01/01/2023,0.26,0.42,0.12,,,0.0,,,,,,,,,1,PICO_NASCIMENTOS,PLANEJAMENTO,1,0,0,0,0,0,0,0,0,0,0,0,1,0,0,0,0,0,0,0,0,0,1,2.0,0.26,INEXISTENTE,0.0,27.77,,,,,
1097,02/01/2023,0.26,0.42,0.12,,,0.0,,,,,,,,,1,PICO_NASCIMENTOS,PLANEJAMENTO,0,0,0,0,0,0,0,0,0,0,0,0,1,0,0,0,0,0,0,0,0,0,0,0.5,0.26,INEXISTENTE,20.2,27.11,13.65,0.53,1.8,20.9,
1098,03/01/2023,0.26,0.42,0.12,156.85,293.45,0.0,53.86,177.96,32.67,1492.25,88.03,86.07,15.8,5.4797,1,PICO_NASCIMENTOS,PLANEJAMENTO,0,0,0,0,0,0,0,0,0,0,0,0,1,0,0,0,0,0,0,0,0,0,0,0.5,0.26,INEXISTENTE,5.0,26.67,13.65,0.53,1.8,20.9,164.82
1099,04/01/2023,0.26,0.42,0.12,157.27,288.2,0.0,52.84,178.33,32.7,1483.5,87.81,86.35,15.83,5.4312,1,PICO_NASCIMENTOS,PLANEJAMENTO,0,0,0,0,0,0,0,0,0,0,0,0,1,0,0,0,0,0,0,0,0,0,0,0.5,0.26,INEXISTENTE,0.6,26.11,13.65,0.53,1.8,20.9,165.92
1100,05/01/2023,0.26,0.42,0.12,157.35,284.95,0.0,53.14,176.86,32.98,1470.75,87.55,87.72,16.36,5.3509,1,PICO_NASCIMENTOS,PLANEJAMENTO,0,0,0,0,0,0,0,0,0,0,0,0,1,0,0,0,0,0,0,0,0,0,0,0.5,0.26,INEXISTENTE,0.2,25.7,13.65,0.53,1.8,20.9,165.6
1101,06/01/2023,0.26,0.42,0.12,156.77,289.75,0.0,55.26,174.15,33.22,1492.5,88.11,87.5,16.69,5.2254,1,PICO_NASCIMENTOS,PLANEJAMENTO,0,0,0,0,0,0,0,0,0,0,0,0,1,0,0,0,0,0,0,0,0,0,0,0.5,0.26,INEXISTENTE,0.0,24.02,13.65,0.53,1.8,20.9,170.81
1102,07/01/2023,0.26,0.42,0.12,,,0.0,,,,,,,,,1,PICO_NASCIMENTOS,PLANEJAMENTO,0,0,0,0,0,0,0,0,0,0,0,0,1,0,0,0,0,0,0,0,0,0,0,0.5,0.26,INEXISTENTE,0.0,25.53,,,,,
1103,08/01/2023,0.26,0.42,0.12,,,0.0,,,,,,,,,1,PICO_NASCIMENTOS,PLANEJAMENTO,0,0,0,0,0,0,0,0,0,0,0,0,1,0,0,0,0,0,0,0,0,0,0,0.5,0.26,INEXISTENTE,0.0,26.04,,,,,
1104,09/01/2023,0.26,0.42,0.12,157.75,271.85,0.0,51.73,173.35,32.99,1488.5,88.35,87.27,16.61,5.2546,1,PICO_NASCIMENTOS,PLANEJAMENTO,0,0,0,0,0,0,0,0,0,0,0,0,1,0,0,0,0,0,0,0,0,0,0,0.5,0.26,INEXISTENTE,2.4,25.58,13.65,0.53,1.8,20.9,171.5
1105,10/01/2023,0.26,0.42,0.12,157.75,287.5,0.0,55.27,172.39,33.14,1485.0,88.02,87.33,16.79,5.1997,1,PICO_NASCIMENTOS,PLANEJAMENTO,0,0,0,0,0,0,0,0,0,0,0,0,1,0,0,0,0,0,0,0,0,0,0,0.5,0.26,INEXISTENTE,0.0,26.67,13.65,0.53,1.8,20.9,173.16
1106,11/01/2023,0.26,0.42,0.12,157.75,287.15,0.0,55.37,171.09,32.99,1493.0,87.64,87.19,16.81,5.16,1,PICO_NASCIMENTOS,PLANEJAMENTO,0,0,0,0,0,0,0,0,0,0,0,0,1,0,0,0,0,0,0,0,0,0,0,0.5,0.26,INEXISTENTE,0.0,25.2,13.65,0.53,1.8,20.9,171.35
1107,12/01/2023,0.26,0.42,0.12,157.55,289.8,0.0,56.89,170.67,33.5,1518.5,87.5,86.86,17.05,5.1082,1,PICO_NASCIMENTOS,PLANEJAMENTO,0,0,0,0,0,0,0,0,0,0,0,0,1,0,0,0,0,0,0,0,0,0,0,0.5,0.26,INEXISTENTE,8.2,27.46,13.65,0.53,1.8,20.9,172.39
1108,13/01/2023,0.26,0.42,0.12,157.73,288.75,0.0,56.68,171.34,33.64,1527.75,87.0,86.87,17.05,5.0956,1,PICO_NASCIMENTOS,PLANEJAMENTO,0,0,0,0,0,0,0,0,0,0,0,0,1,0,0,0,0,0,0,0,0,0,0,0.5,0.26,INEXISTENTE,,24.3,13.65,0.53,1.8,20.9,171.33
1109,14/01/2023,0.26,0.42,0.12,,,0.0,,,,,,,,,1,PICO_NASCIMENTOS,PLANEJAMENTO,0,0,0,0,0,0,0,0,0,0,0,0,1,0,0,0,0,0,0,0,0,0,0,0.5,0.26,INEXISTENTE,,26.59,,,,,
1110,15/01/2023,0.26,0.42,0.12,,,0.0,,,,,,,,,1,PICO_NASCIMENTOS,PLANEJAMENTO,0,0,0,0,0,0,0,0,0,0,0,0,1,0,0,0,0,0,0,0,0,0,0,0.5,0.26,INEXISTENTE,,27.8,,,,,
1111,16/01/2023,0.26,0.42,0.12,,,0.0,,,,,,,,,1,PICO_NASCIMENTOS,PLANEJAMENTO,0,0,0,0,0,0,0,0,0,0,0,0,1,0,0,0,0,0,0,0,0,0,0,0.5,0.26,INEXISTENTE,,26.87,13.65,0.53,1.8,20.9,
1112,17/01/2023,0.26,0.42,0.12,157.0,279.5,0.0,54.72,170.9,33.46,1537.5,91.91,86.19,16.87,5.1003,1,PICO_NASCIMENTOS,PLANEJAMENTO,0,0,0,0,0,0,0,0,0,0,0,0,1,0,0,0,0,0,0,0,0,0,0,0.5,0.26,INEXISTENTE,,23.68,13.65,0.53,1.8,20.9,171.69
1113,18/01/2023,0.26,0.42,0.12,156.8,287.0,0.0,55.63,170.73,33.09,1521.5,91.52,85.9,16.65,5.1863,1,PICO_NASCIMENTOS,PLANEJAMENTO,0,0,0,0,0,0,0,0,0,0,0,0,1,0,0,0,0,0,0,0,0,0,0,0.5,0.26,INEXISTENTE,,25.58,13.65,0.53,1.8,20.9,171.48
1114,19/01/2023,0.26,0.42,0.12,155.95,284.9,0.0,55.05,171.1,33.06,1511.5,90.78,85.38,16.5,5.1741,1,PICO_NASCIMENTOS,PLANEJAMENTO,0,0,0,0,0,0,0,0,0,0,0,0,1,0,0,0,0,0,0,0,0,0,0,0.5,0.26,INEXISTENTE,,24.25,13.65,0.53,1.8,20.9,170.01
1115,20/01/2023,0.26,0.42,0.12,156.63,277.5,0.0,53.33,171.05,32.88,1501.75,90.41,85.33,16.4,5.2074,1,PICO_NASCIMENTOS,PLANEJAMENTO,0,0,0,0,0,0,0,0,0,0,0,0,1,0,0,0,0,0,0,0,0,0,0,0.5,0.26,INEXISTENTE,,25.85,13.65,0.53,1.8,20.9,170.78
1116,21/01/2023,0.26,0.42,0.12,,,0.0,,,,,,,,,1,PICO_NASCIMENTOS,PLANEJAMENTO,0,0,0,0,0,0,0,0,0,0,0,0,1,0,0,0,0,0,0,0,0,0,0,0.5,0.26,INEXISTENTE,,26.23,,,,,
1117,22/01/2023,0.26,0.42,0.12,,,0.0,,,,,,,,,1,PICO_NASCIMENTOS,PLANEJAMENTO,0,0,0,0,0,0,0,0,0,0,0,0,1,0,0,0,0,0,0,0,0,0,0,0.5,0.26,INEXISTENTE,,24.29,,,,,
1118,23/01/2023,0.26,0.42,0.12,157.48,286.7,0.0,55.18,169.07,32.54,1487.25,89.97,85.43,16.44,5.2076,1,PICO_NASCIMENTOS,PLANEJAMENTO,0,0,0,0,0,0,0,0,0,0,0,0,1,0,0,0,0,0,0,0,0,0,0,0.5,0.26,INEXISTENTE,,25.41,13.65,0.53,1.8,20.9,170.1
1119,24/01/2023,0.26,0.42,0.12,157.85,276.95,0.0,53.81,168.14,32.67,1486.5,89.76,85.17,16.55,5.1392,1,PICO_NASCIMENTOS,PLANEJAMENTO,0,0,0,0,0,0,0,0,0,0,0,0,1,0,0,0,0,0,0,0,0,0,0,0.5,0.26,INEXISTENTE,,25.57,13.65,0.53,1.8,20.9,168.9
1120,25/01/2023,0.26,0.42,0.12,157.6,284.7,0.0,56.09,165.13,32.53,1496.5,89.11,85.22,16.79,5.0734,1,PICO_NASCIMENTOS,PLANEJAMENTO,0,0,0,0,0,0,0,0,0,0,0,0,1,0,0,0,0,0,0,0,0,0,0,0.5,0.26,INEXISTENTE,,26.99,13.65,0.53,1.8,20.9,169.14
1121,26/01/2023,0.26,0.42,0.12,156.73,290.05,0.0,57.19,163.78,32.29,1514.75,88.83,84.88,16.73,5.0658,1,PICO_NASCIMENTOS,PLANEJAMENTO,0,0,0,0,0,0,0,0,0,0,0,0,1,0,0,0,0,0,0,0,0,0,0,0.5,0.26,INEXISTENTE,,26.52,13.65,0.53,1.8,20.9,172.45
1122,27/01/2023,0.26,0.42,0.12,156.73,290.2,0.0,56.78,164.53,32.19,1504.5,87.8,84.74,16.58,5.1089,1,PICO_NASCIMENTOS,PLANEJAMENTO,0,0,0,0,0,0,0,0,0,0,0,0,1,0,0,0,0,0,0,0,0,0,0,0.5,0.26,INEXISTENTE,,24.47,13.65,0.53,1.8,20.9,171.39
1123,28/01/2023,0.26,0.42,0.12,,,0.0,,,,,,,,,1,PICO_NASCIMENTOS,PLANEJAMENTO,0,0,0,0,0,0,0,0,0,0,0,0,1,0,0,0,0,0,0,0,0,0,0,0.5,0.26,INEXISTENTE,,25.61,,,,,
1124,29/01/2023,0.26,0.42,0.12,,,0.0,,,,,,,,,1,PICO_NASCIMENTOS,PLANEJAMENTO,0,0,0,0,0,0,0,0,0,0,0,0,1,0,0,0,0,0,0,0,0,0,0,0.5,0.26,INEXISTENTE,,25.99,,,,,
1125,30/01/2023,0.26,0.42,0.12,158.75,289.35,0.0,56.6,165.51,32.38,1529.5,88.88,84.95,16.62,5.1162,1,PICO_NASCIMENTOS,PLANEJAMENTO,0,0,0,0,0,0,0,0,0,0,0,0,1,0,0,0,0,0,0,0,0,0,0,0.5,0.26,INEXISTENTE,,25.54,13.65,0.53,1.8,20.9,171.66
1126,31/01/2023,0.26,0.42,0.12,158.85,288.7,0.0,56.85,166.13,32.72,1530.25,89.0,85.49,16.83,5.0731,1,PICO_NASCIMENTOS,PLANEJAMENTO,0,0,0,0,0,0,0,0,0,0,0,0,1,0,0,0,0,0,0,0,0,0,0,0.5,0.26,INEXISTENTE,,26.63,13.65,0.53,1.8,20.9,172.34
1127,01/02/2023,0.26,0.42,0.12,158.43,291.1,0.0,57.19,165.71,32.56,1516.5,89.56,85.76,16.85,5.0547,1,PICO_NASCIMENTOS,SAFRA,0,0,0,0,0,0,0,0,0,0,0,0,0,0,0,0,0,0,0,0,0,0,0,0.0,-0.26,INEXISTENTE,0.0,26.19,13.65,0.84,1.8,20.9,171.25
1128,02/02/2023,0.26,0.42,0.12,159.75,290.1,0.0,57.61,164.19,32.6,1527.75,88.98,85.04,16.89,5.0504,1,PICO_NASCIMENTOS,SAFRA,0,0,0,0,0,0,0,0,0,0,0,0,0,0,0,0,0,0,0,0,0,0,0,0.0,-0.26,INEXISTENTE,1.0,25.35,13.65,0.84,1.8,20.9,171.69
1129,03/02/2023,0.26,0.42,0.12,160.27,286.4,0.0,55.73,164.64,32.04,1525.5,88.78,84.98,16.54,5.1522,1,PICO_NASCIMENTOS,SAFRA,0,0,0,0,0,0,0,0,0,0,0,0,0,0,0,0,0,0,0,0,0,0,0,0.0,-0.26,INEXISTENTE,0.2,26.18,13.65,0.84,1.8,20.9,172.23
1130,04/02/2023,0.26,0.42,0.12,,,0.0,,,,,,,,,1,PICO_NASCIMENTOS,SAFRA,0,0,0,0,0,0,0,0,0,0,0,0,0,0,0,0,0,0,0,0,0,0,0,0.0,-0.26,INEXISTENTE,0.2,27.69,,,,,
1131,05/02/2023,0.26,0.42,0.12,,,0.0,,,,,,,,,1,PICO_NASCIMENTOS,SAFRA,0,0,0,0,0,0,0,0,0,0,0,0,0,0,0,0,0,0,0,0,0,0,0,0.0,-0.26,INEXISTENTE,0.0,27.09,,,,,
1132,06/02/2023,0.26,0.42,0.12,160.82,293.1,0.0,56.63,166.33,32.14,1514.5,88.63,85.12,16.45,5.1464,1,PICO_NASCIMENTOS,SAFRA,0,0,0,0,0,0,0,0,0,0,0,0,0,0,0,0,0,0,0,0,0,0,0,0.0,-0.26,INEXISTENTE,4.2,26.39,13.65,0.84,1.8,20.9,170.49
1133,07/02/2023,0.26,0.42,0.12,160.57,289.25,0.0,55.64,166.6,32.05,1510.25,87.78,84.87,16.32,5.2101,1,PICO_NASCIMENTOS,SAFRA,0,0,0,0,0,0,0,0,0,0,0,0,0,0,0,0,0,0,0,0,0,0,0,0.0,-0.26,INEXISTENTE,0.0,27.1,13.65,0.84,1.8,20.9,173.45
1134,08/02/2023,0.26,0.42,0.12,160.8,296.6,0.0,57.16,166.4,32.07,1513.75,87.35,84.9,16.36,5.2007,1,PICO_NASCIMENTOS,SAFRA,0,0,0,0,0,0,0,0,0,0,0,0,0,0,0,0,0,0,0,0,0,0,0,0.0,-0.26,INEXISTENTE,0.0,26.34,13.65,0.84,1.8,20.9,182.85
1135,09/02/2023,0.26,0.42,0.12,160.82,295.15,0.0,56.01,166.78,31.65,1511.75,87.41,85.96,16.31,5.2911,1,PICO_NASCIMENTOS,SAFRA,0,0,0,0,0,0,0,0,0,0,0,0,0,0,0,0,0,0,0,0,0,0,0,0.0,-0.26,INEXISTENTE,0.0,27.41,13.65,0.84,1.8,20.9,178.45
1136,10/02/2023,0.26,0.42,0.12,161.2,295.0,0.0,56.48,167.62,32.09,1533.5,88.89,86.03,16.47,5.2151,1,PICO_NASCIMENTOS,SAFRA,0,0,0,0,0,0,0,0,0,0,0,0,0,0,0,0,0,0,0,0,0,0,0,0.0,-0.26,INEXISTENTE,0.0,27.95,13.65,0.84,1.8,20.9,179.6
1137,11/02/2023,0.26,0.42,0.12,,,0.0,,,,,,,,,1,PICO_NASCIMENTOS,SAFRA,0,0,0,0,0,0,0,0,0,0,0,0,0,0,0,0,0,0,0,0,0,0,0,0.0,-0.26,INEXISTENTE,0.0,28.95,,,,,
1138,12/02/2023,0.26,0.42,0.12,,,0.0,,,,,,,,,1,PICO_NASCIMENTOS,SAFRA,0,0,0,0,0,0,0,0,0,0,0,0,0,0,0,0,0,0,0,0,0,0,0,0.0,-0.26,INEXISTENTE,0.0,27.16,,,,,
1139,13/02/2023,0.26,0.42,0.12,162.27,302.7,0.0,58.41,167.59,32.34,1536.0,89.38,85.86,16.57,5.1596,1,PICO_NASCIMENTOS,SAFRA,0,0,0,0,0,0,0,0,0,0,0,0,0,0,0,0,0,0,0,0,0,0,0,0.0,-0.26,INEXISTENTE,,28.78,13.65,0.84,1.8,20.9,180.68
1140,14/02/2023,0.26,0.42,0.12,162.15,300.9,0.0,57.85,166.22,31.96,1530.0,88.9,86.26,16.59,5.1923,1,PICO_NASCIMENTOS,SAFRA,0,0,0,0,0,0,0,0,0,0,0,0,0,0,0,0,0,0,0,0,0,0,0,0.0,-0.26,INEXISTENTE,,30.51,13.65,0.84,1.8,20.9,181.83
1141,15/02/2023,0.26,0.42,0.12,162.55,296.0,0.0,56.75,165.71,31.77,1519.5,88.46,86.06,16.5,5.219,1,PICO_NASCIMENTOS,SAFRA,0,0,0,0,0,0,0,0,0,0,0,0,0,0,0,0,0,0,0,0,0,0,0,0.0,-0.26,INEXISTENTE,,28.65,13.65,0.84,1.8,20.9,183.69
1142,16/02/2023,0.26,0.42,0.12,162.77,302.95,0.0,58.04,166.11,31.82,1521.25,88.67,86.24,16.52,5.2178,1,PICO_NASCIMENTOS,SAFRA,0,0,0,0,0,0,0,0,0,0,0,0,0,0,0,0,0,0,0,0,0,0,0,0.0,-0.26,INEXISTENTE,,28.53,13.65,0.84,1.8,20.9,183.89
1143,17/02/2023,0.26,0.42,0.12,163.57,294.6,0.0,57.07,166.41,32.24,1522.25,88.96,85.73,16.61,5.1674,1,PICO_NASCIMENTOS,SAFRA,0,0,1,0,0,0,0,0,0,0,0,0,0,0,0,0,0,0,0,0,0,0,0,0.5,-0.26,INEXISTENTE,,27.72,13.65,0.84,1.8,20.9,184.03
1144,18/02/2023,0.26,0.42,0.12,,,0.0,,,,,,,,,1,PICO_NASCIMENTOS,SAFRA,0,0,1,0,0,0,0,0,0,0,0,0,0,0,0,0,0,0,0,0,0,0,0,0.5,-0.26,INEXISTENTE,,26.8,,,,,
1145,19/02/2023,0.26,0.42,0.12,,,0.0,,,,,,,,,1,PICO_NASCIMENTOS,SAFRA,0,0,1,0,0,0,0,0,0,0,0,0,0,0,0,0,0,0,0,0,0,0,0,0.5,-0.26,INEXISTENTE,,25.17,,,,,
1146,20/02/2023,0.26,0.42,0.12,,,0.0,,,,,,,,,1,PICO_NASCIMENTOS,SAFRA,0,0,1,0,0,0,0,0,0,0,0,0,0,0,0,0,0,0,0,0,0,0,0,0.5,-0.26,INEXISTENTE,,25.76,,,,,
1147,21/02/2023,0.26,0.42,0.12,164.75,,0.0,,,,1544.0,,,,5.1675,1,PICO_NASCIMENTOS,SAFRA,0,1,1,0,0,0,0,0,0,0,0,0,0,0,0,0,0,0,0,0,0,0,0,1.5,-0.26,INEXISTENTE,,25.85,,,,,
1148,22/02/2023,0.26,0.42,0.12,164.9,299.5,0.0,57.94,166.05,32.12,1534.75,88.37,86.06,16.65,5.1522,1,PICO_NASCIMENTOS,SAFRA,0,0,0,0,0,0,0,0,0,0,0,0,0,0,0,0,0,0,0,0,0,0,0,0.0,-0.26,INEXISTENTE,,23.97,13.65,0.84,1.8,20.9,182.43
1149,23/02/2023,0.26,0.42,0.12,165.15,267.45,0.0,52.11,163.65,31.89,1527.25,88.32,86.22,16.8,5.1373,1,PICO_NASCIMENTOS,SAFRA,0,0,0,0,0,0,0,0,0,0,0,0,0,0,0,0,0,0,0,0,0,0,0,0.0,-0.26,INEXISTENTE,,27.66,13.65,0.84,1.8,20.9,182.53
1150,24/02/2023,0.26,0.42,0.12,165.2,273.1,0.0,52.46,163.61,31.43,1519.25,87.93,85.83,16.49,5.21,1,PICO_NASCIMENTOS,SAFRA,0,0,0,0,0,0,0,0,0,0,0,0,0,0,0,0,0,0,0,0,0,0,0,0.0,-0.26,INEXISTENTE,,25.98,13.65,0.84,1.8,20.9,182.6
1151,25/02/2023,0.26,0.42,0.12,,,0.0,,,,,,,,,1,PICO_NASCIMENTOS,SAFRA,0,0,0,0,0,0,0,0,0,0,0,0,0,0,0,0,0,0,0,0,0,0,0,0.0,-0.26,INEXISTENTE,,28.0,,,,,
1152,26/02/2023,0.26,0.42,0.12,,,0.0,,,,,,,,,1,PICO_NASCIMENTOS,SAFRA,0,0,0,0,0,0,0,0,0,0,0,0,0,0,0,0,0,0,0,0,0,0,0,0.0,-0.26,INEXISTENTE,,27.39,,,,,
1153,27/02/2023,0.26,0.42,0.12,165.0,273.1,0.0,52.46,164.32,31.63,1512.75,87.24,86.4,16.63,5.2008,1,PICO_NASCIMENTOS,SAFRA,0,0,0,0,0,0,0,0,0,0,0,0,0,0,0,0,0,0,0,0,0,0,0,0.0,-0.26,INEXISTENTE,,26.81,13.65,0.84,1.8,20.9,179.64
1154,28/02/2023,0.26,0.42,0.12,167.5,267.95,0.0,51.32,162.15,31.06,1479.0,87.29,86.08,16.49,5.2367,1,PICO_NASCIMENTOS,SAFRA,0,0,0,0,0,0,0,0,0,0,0,0,0,0,0,0,0,0,0,0,0,0,0,0.0,-0.26,INEXISTENTE,,24.95,13.65,0.84,1.8,20.9,180.83
1155,01/03/2023,0.26,0.42,0.12,165.13,273.85,0.0,52.7,161.36,31.05,1494.25,86.96,86.11,16.57,5.1794,1,PICO_NASCIMENTOS,ENTRESAFRA,0,0,0,0,0,0,0,0,0,0,0,0,0,0,0,0,0,0,0,0,0,0,0,0.0,1.21,INEXISTENTE,0.0,25.62,13.65,0.71,1.8,20.9,179.73
1156,02/03/2023,0.26,0.42,0.12,164.1,273.85,0.0,52.7,161.98,31.13,1509.25,87.2,86.36,16.59,5.2006,1,PICO_NASCIMENTOS,ENTRESAFRA,0,0,0,0,0,0,0,0,0,0,0,0,0,0,0,0,0,0,0,0,0,0,0,0.0,1.21,INEXISTENTE,2.0,27.36,13.65,0.71,1.8,20.9,181.94
1157,03/03/2023,0.26,0.42,0.12,165.43,273.85,0.0,52.7,162.88,31.34,1518.75,87.2,86.22,16.59,5.1956,1,PICO_NASCIMENTOS,ENTRESAFRA,0,0,0,0,0,0,0,0,0,0,0,0,0,0,0,0,0,0,0,0,0,0,0,0.0,1.21,INEXISTENTE,0.0,26.39,13.65,0.71,1.8,20.9,180.76
1158,04/03/2023,0.26,0.42,0.12,,,0.0,,,,,,,,,1,PICO_NASCIMENTOS,ENTRESAFRA,0,0,0,0,0,0,0,0,0,0,0,0,0,0,0,0,0,0,0,0,0,0,0,0.0,1.21,INEXISTENTE,0.0,26.11,,,,,
1159,05/03/2023,0.26,0.42,0.12,,,0.0,,,,,,,,,1,PICO_NASCIMENTOS,ENTRESAFRA,0,0,0,0,0,0,0,0,0,0,0,0,0,0,0,0,0,0,0,0,0,0,0,0.0,1.21,INEXISTENTE,0.0,27.66,,,,,
1160,06/03/2023,0.26,0.42,0.12,166.1,273.85,0.0,52.7,162.45,31.45,1529.0,87.07,86.15,16.68,5.1534,1,PICO_NASCIMENTOS,ENTRESAFRA,0,0,0,0,0,0,0,0,0,0,0,0,0,0,0,0,0,0,0,0,0,0,0,0.0,1.21,INEXISTENTE,0.0,27.85,13.65,0.71,1.8,20.9,180.38
1161,07/03/2023,0.26,0.42,0.12,165.98,266.95,0.0,51.43,161.93,31.19,1515.5,86.78,85.84,16.54,5.191,1,PICO_NASCIMENTOS,ENTRESAFRA,0,0,0,0,0,0,0,0,0,0,0,0,0,0,0,0,0,0,0,0,0,0,0,0.0,1.21,INEXISTENTE,0.0,26.77,13.65,0.71,1.8,20.9,177.77
1162,08/03/2023,0.26,0.42,0.12,165.45,266.95,0.0,51.43,161.2,31.34,1517.75,86.2,86.03,16.73,5.1453,1,PICO_NASCIMENTOS,ENTRESAFRA,0,0,0,0,0,0,0,0,0,0,0,0,0,0,0,0,0,0,0,0,0,0,0,0.0,1.21,INEXISTENTE,0.0,25.42,13.65,0.71,1.8,20.9,177.47
1163,09/03/2023,0.26,0.42,0.12,164.8,276.8,0.0,53.92,159.73,31.11,1510.75,86.35,85.47,16.65,5.1645,1,PICO_NASCIMENTOS,ENTRESAFRA,0,0,0,0,0,0,0,0,0,0,0,0,0,0,0,0,0,0,0,0,0,0,0,0.0,1.21,INEXISTENTE,0.0,26.49,13.65,0.71,1.8,20.9,173.13
1164,10/03/2023,0.26,0.42,0.12,164.27,282.2,0.0,54.11,159.34,30.55,1507.0,86.05,85.32,16.36,5.2166,1,PICO_NASCIMENTOS,ENTRESAFRA,0,0,0,0,0,0,0,0,0,0,0,0,0,0,0,0,0,0,0,0,0,0,0,0.0,1.21,INEXISTENTE,0.0,28.03,13.65,0.71,1.8,20.9,170.4
1165,11/03/2023,0.26,0.42,0.12,,,0.0,,,,,,,,,1,PICO_NASCIMENTOS,ENTRESAFRA,0,0,0,0,0,0,0,0,0,0,0,0,0,0,0,0,0,0,0,0,0,0,0,0.0,1.21,INEXISTENTE,0.0,26.66,,,,,
1166,12/03/2023,0.26,0.42,0.12,,,0.0,,,,,,,,,1,PICO_NASCIMENTOS,ENTRESAFRA,0,0,0,0,0,0,0,0,0,0,0,0,0,0,0,0,0,0,0,0,0,0,0,0.0,1.21,INEXISTENTE,12.4,26.41,,,,,
1167,13/03/2023,0.26,0.42,0.12,163.55,280.2,0.0,53.19,159.32,30.24,1491.25,85.85,85.61,16.25,5.2459,1,PICO_NASCIMENTOS,ENTRESAFRA,0,0,0,0,0,0,0,0,0,0,0,0,0,0,0,0,0,0,0,0,0,0,0,0.0,1.21,INEXISTENTE,,25.83,13.65,0.71,1.8,20.9,175.32
1168,14/03/2023,0.26,0.42,0.12,163.05,276.25,0.0,52.56,159.17,30.28,1493.75,85.74,85.42,16.25,5.2543,1,PICO_NASCIMENTOS,ENTRESAFRA,0,0,0,0,0,0,0,0,0,0,0,0,0,0,0,0,0,0,0,0,0,0,0,0.0,1.21,INEXISTENTE,,25.47,13.65,0.71,1.8,20.9,180.84
1169,15/03/2023,0.26,0.42,0.12,161.55,276.05,0.0,52.14,159.58,30.14,1474.5,85.51,85.49,16.15,5.2882,1,PICO_NASCIMENTOS,ENTRESAFRA,0,0,0,0,0,0,0,0,0,0,0,0,0,0,0,0,0,0,0,0,0,0,0,0.0,1.21,INEXISTENTE,,26.33,13.65,0.71,1.8,20.9,178.21
1170,16/03/2023,0.26,0.42,0.12,162.35,278.9,0.0,53.19,158.9,30.31,1476.0,86.75,85.37,16.28,5.2285,1,PICO_NASCIMENTOS,ENTRESAFRA,0,0,0,0,0,0,0,0,0,0,0,0,0,0,0,0,0,0,0,0,0,0,0,0.0,1.21,INEXISTENTE,,25.47,13.65,0.71,1.8,20.9,182.63
1171,17/03/2023,0.26,0.42,0.12,162.32,278.9,0.0,53.19,156.66,29.7,1461.25,86.38,85.24,16.16,5.2778,1,PICO_NASCIMENTOS,ENTRESAFRA,0,0,0,0,0,0,0,0,0,0,0,0,0,0,0,0,0,0,0,0,0,0,0,0.0,1.21,INEXISTENTE,,25.3,13.65,0.71,1.8,20.9,181.43
1172,18/03/2023,0.26,0.42,0.12,,,0.0,,,,,,,,,1,PICO_NASCIMENTOS,ENTRESAFRA,0,0,0,0,0,0,0,0,0,0,0,0,0,0,0,0,0,0,0,0,0,0,0,0.0,1.21,INEXISTENTE,,24.41,,,,,
1173,19/03/2023,0.26,0.42,0.12,,,0.0,,,,,,,,,1,PICO_NASCIMENTOS,ENTRESAFRA,0,0,0,0,0,0,0,0,0,0,0,0,0,0,0,0,0,0,0,0,0,0,0,0.0,1.21,INEXISTENTE,,22.7,,,,,
1174,20/03/2023,0.26,0.42,0.12,162.02,277.8,0.0,52.98,155.0,29.56,1466.75,85.86,84.66,16.15,5.2368,1,PICO_NASCIMENTOS,ENTRESAFRA,0,0,0,0,0,0,0,0,0,0,0,0,0,0,0,0,0,0,0,0,0,0,0,0.0,1.21,INEXISTENTE,,24.45,13.65,0.71,1.8,20.9,180.26
1175,21/03/2023,0.26,0.42,0.12,162.43,279.65,0.0,53.34,153.84,29.34,1448.5,85.22,84.46,16.11,5.243,1,PICO_NASCIMENTOS,ENTRESAFRA,0,0,0,0,0,0,0,0,0,0,0,0,0,0,0,0,0,0,0,0,0,0,0,0.0,1.21,INEXISTENTE,,23.39,13.65,0.71,1.8,20.9,178.24
1176,22/03/2023,0.26,0.42,0.12,162.3,276.25,0.0,52.94,151.15,28.97,1425.0,83.84,84.36,16.17,5.2369,1,PICO_NASCIMENTOS,ENTRESAFRA,0,0,0,0,0,0,0,0,0,0,0,0,0,0,0,0,0,0,0,0,0,0,0,0.0,1.21,INEXISTENTE,,25.28,13.65,0.71,1.8,20.9,175.09
1177,23/03/2023,0.26,0.42,0.12,162.15,292.9,0.0,55.38,147.66,27.92,1398.5,83.92,83.91,15.86,5.2973,1,PICO_NASCIMENTOS,ENTRESAFRA,0,0,0,0,0,0,0,0,0,0,0,0,0,0,0,0,0,0,0,0,0,0,0,0.0,1.21,INEXISTENTE,,24.7,13.65,0.71,1.8,20.9,175.63
1178,24/03/2023,0.26,0.42,0.12,163.0,298.8,0.0,56.94,145.86,27.79,1406.25,84.03,84.18,16.04,5.2463,1,PICO_NASCIMENTOS,ENTRESAFRA,0,0,0,0,0,0,0,0,0,0,0,0,0,0,0,0,0,0,0,0,0,0,0,0.0,1.21,INEXISTENTE,,25.62,13.65,0.71,1.8,20.9,179.06
1179,25/03/2023,0.26,0.42,0.12,,,0.0,,,,,,,,,1,PICO_NASCIMENTOS,ENTRESAFRA,0,0,0,0,0,0,0,0,0,0,0,0,0,0,0,0,0,0,0,0,0,0,0,0.0,1.21,INEXISTENTE,,26.31,,,,,
1180,26/03/2023,0.26,0.42,0.12,,,0.0,,,,,,,,,1,PICO_NASCIMENTOS,ENTRESAFRA,0,0,0,0,0,0,0,0,0,0,0,0,0,0,0,0,0,0,0,0,0,0,0,0.0,1.21,INEXISTENTE,,27.36,,,,,
1181,27/03/2023,0.26,0.42,0.12,164.9,295.35,0.0,56.68,144.86,27.8,1420.75,83.92,84.0,16.12,5.1983,1,PICO_NASCIMENTOS,ENTRESAFRA,0,0,0,0,0,0,0,0,0,0,0,0,0,0,0,0,0,0,0,0,0,0,0,0.0,1.21,INEXISTENTE,,26.7,13.65,0.71,1.8,20.9,180.5
1182,28/03/2023,0.26,0.42,0.12,164.95,295.2,0.0,57.14,145.16,28.1,1444.5,82.58,83.39,16.14,5.1655,1,PICO_NASCIMENTOS,ENTRESAFRA,0,0,0,0,0,0,0,0,0,0,0,0,0,0,0,0,0,0,0,0,0,0,0,0.0,1.21,INEXISTENTE,,25.43,13.65,0.71,1.8,20.9,182.74
1183,29/03/2023,0.26,0.42,0.12,165.82,295.75,0.0,57.53,146.56,28.51,1450.75,82.19,83.17,16.18,5.1356,1,PICO_NASCIMENTOS,ENTRESAFRA,0,0,0,0,0,0,0,0,0,0,0,0,0,0,0,0,0,0,0,0,0,0,0,0.0,1.21,INEXISTENTE,,26.96,13.65,0.71,1.8,20.9,182.48
1184,30/03/2023,0.26,0.42,0.12,167.55,295.1,0.0,57.85,147.31,28.88,1447.0,81.06,82.9,16.25,5.0938,1,PICO_NASCIMENTOS,ENTRESAFRA,0,0,0,0,0,0,0,0,0,0,0,0,0,0,0,0,0,0,0,0,0,0,0,0.0,1.21,INEXISTENTE,,27.45,13.65,0.71,1.8,20.9,184.31
1185,31/03/2023,0.26,0.42,0.12,168.35,295.95,0.0,58.38,147.5,29.1,1475.5,79.63,82.6,16.29,5.0631,1,PICO_NASCIMENTOS,ENTRESAFRA,0,0,0,0,0,0,0,0,0,0,0,0,0,0,0,0,0,0,0,0,0,0,0,0.0,1.21,INEXISTENTE,,28.34,13.65,0.71,1.8,20.9,186.84
1186,01/04/2023,0.26,0.42,0.12,,,0.0,,,,,,,,,1,NASC_COMPLEMENTARES,ENTRESAFRA,0,0,0,0,0,0,0,0,0,0,0,0,0,0,0,0,0,0,0,0,0,0,0,0.0,0.6,INEXISTENTE,0.0,26.06,,,,,
1187,02/04/2023,0.26,0.42,0.12,,,0.0,,,,,,,,,1,NASC_COMPLEMENTARES,ENTRESAFRA,0,0,0,0,0,0,0,0,0,0,0,0,0,0,0,0,0,0,0,0,0,0,0,0.0,0.6,INEXISTENTE,0.0,26.35,,,,,
1188,03/04/2023,0.26,0.42,0.12,168.13,296.85,0.0,58.5,148.45,29.26,1495.0,80.6,82.4,16.24,5.0632,1,NASC_COMPLEMENTARES,ENTRESAFRA,0,0,0,0,0,0,0,0,0,0,0,0,0,0,0,0,0,0,0,0,0,0,0,0.0,0.6,INEXISTENTE,0.0,25.06,13.65,0.61,0.9,-6.4,185.66
1189,04/04/2023,0.26,0.42,0.12,167.6,294.25,0.0,57.84,149.12,29.31,1482.75,79.93,81.12,15.95,5.0716,1,NASC_COMPLEMENTARES,ENTRESAFRA,0,0,0,0,0,0,0,0,0,0,0,0,0,0,0,0,0,0,0,0,0,0,0,0.0,0.6,INEXISTENTE,0.0,26.16,13.65,0.61,0.9,-6.4,188.32
1190,05/04/2023,0.26,0.42,0.12,168.4,290.3,0.0,57.44,148.4,29.36,1477.75,80.02,80.89,16.0,5.034,1,NASC_COMPLEMENTARES,ENTRESAFRA,0,0,0,0,0,0,0,0,0,0,0,0,0,0,0,0,0,0,0,0,0,0,0,0.0,0.6,INEXISTENTE,0.0,26.97,13.65,0.61,0.9,-6.4,190.42
1191,06/04/2023,0.26,0.42,0.12,171.07,294.15,0.0,58.13,146.22,28.9,1462.5,79.79,80.24,15.86,5.057,1,NASC_COMPLEMENTARES,ENTRESAFRA,0,0,0,0,0,0,0,0,0,0,0,0,0,0,0,0,0,0,0,0,0,0,0,0.0,0.6,INEXISTENTE,0.0,26.57,13.65,0.61,0.9,-6.4,190.33
1192,07/04/2023,0.26,0.42,0.12,,,0.0,,,,,,,,,1,NASC_COMPLEMENTARES,ENTRESAFRA,0,0,0,0,1,0,0,0,0,0,0,0,0,0,0,0,0,0,0,0,0,0,0,0.5,0.6,INEXISTENTE,0.0,24.82,,,,,
1193,08/04/2023,0.26,0.42,0.12,,,0.0,,,,,,,,,1,NASC_COMPLEMENTARES,ENTRESAFRA,0,0,0,0,1,0,0,0,0,0,0,0,0,0,0,0,0,0,0,0,0,0,0,0.5,0.6,INEXISTENTE,0.0,26.65,,,,,
1194,09/04/2023,0.26,0.42,0.12,,,0.0,,,,,,,,,1,NASC_COMPLEMENTARES,ENTRESAFRA,0,0,0,1,1,0,0,0,0,0,0,0,0,0,0,0,0,0,0,0,0,0,0,1.5,0.6,INEXISTENTE,0.0,26.65,,,,,
1195,10/04/2023,0.26,0.42,0.12,171.38,284.9,0.0,56.19,143.48,28.3,1461.75,78.65,79.39,15.66,5.0655,1,NASC_COMPLEMENTARES,ENTRESAFRA,0,0,0,0,0,0,0,0,0,0,0,0,0,0,0,0,0,0,0,0,0,0,0,0.0,0.6,INEXISTENTE,0.0,26.75,13.65,0.61,0.9,-6.4,188.03
1196,11/04/2023,0.26,0.42,0.12,172.3,293.0,0.0,58.52,142.55,28.47,1471.25,76.24,78.34,15.65,5.0054,1,NASC_COMPLEMENTARES,ENTRESAFRA,0,0,0,0,0,0,0,0,0,0,0,0,0,0,0,0,0,0,0,0,0,0,0,0.0,0.6,INEXISTENTE,0.0,26.16,13.65,0.61,0.9,-6.4,186.9
1197,12/04/2023,0.26,0.42,0.12,174.27,291.55,0.0,58.97,141.47,28.61,1472.25,74.76,77.66,15.71,4.9181,1,NASC_COMPLEMENTARES,ENTRESAFRA,0,0,0,0,0,0,0,0,0,0,0,0,0,0,0,0,0,0,0,0,0,0,0,0.0,0.6,INEXISTENTE,0.2,26.94,13.65,0.61,0.9,-6.4,187.05
1198,13/04/2023,0.26,0.42,0.12,175.5,285.35,0.0,57.92,140.0,28.42,1473.25,73.35,76.88,15.6,4.9272,1,NASC_COMPLEMENTARES,ENTRESAFRA,0,0,0,0,0,0,0,0,0,0,0,0,0,0,0,0,0,0,0,0,0,0,0,0.0,0.6,INEXISTENTE,,25.62,13.65,0.61,0.9,-6.4,185.29
1199,14/04/2023,0.26,0.42,0.12,174.75,285.9,0.0,58.13,137.98,28.06,1467.25,73.8,75.99,15.45,4.9096,1,NASC_COMPLEMENTARES,ENTRESAFRA,0,0,0,0,0,0,0,0,0,0,0,0,0,0,0,0,0,0,0,0,0,0,0,0.0,0.6,INEXISTENTE,,27.33,13.65,0.61,0.9,-6.4,185.82
1200,15/04/2023,0.26,0.42,0.12,,,0.0,,,,,,,,,1,NASC_COMPLEMENTARES,ENTRESAFRA,0,0,0,0,0,0,0,0,0,0,0,0,0,0,0,0,0,0,0,0,0,0,0,0.0,0.6,INEXISTENTE,,28.14,,,,,
1201,16/04/2023,0.26,0.42,0.12,,,0.0,,,,,,,,,1,NASC_COMPLEMENTARES,ENTRESAFRA,0,0,0,0,0,0,0,0,0,0,0,0,0,0,0,0,0,0,0,0,0,0,0,0.0,0.6,INEXISTENTE,,28.58,,,,,
1202,17/04/2023,0.26,0.42,0.12,175.75,286.8,0.0,58.12,137.1,27.78,1485.5,72.0,75.29,15.26,4.9413,1,NASC_COMPLEMENTARES,ENTRESAFRA,0,0,0,0,0,0,0,0,0,0,0,0,0,0,0,0,0,0,0,0,0,0,0,0.0,0.6,INEXISTENTE,,27.48,13.65,0.61,0.9,-6.4,187.42
1203,18/04/2023,0.26,0.42,0.12,176.48,284.4,0.0,57.17,137.67,27.67,1491.0,70.03,73.92,14.86,4.984,1,NASC_COMPLEMENTARES,ENTRESAFRA,0,0,0,0,0,0,0,0,0,0,0,0,0,0,0,0,0,0,0,0,0,0,0,0.0,0.6,INEXISTENTE,,26.36,13.65,0.61,0.9,-6.4,186.7
1204,19/04/2023,0.26,0.42,0.12,175.43,278.4,0.0,54.85,137.91,27.17,1478.75,68.98,72.76,14.33,5.0753,1,NASC_COMPLEMENTARES,ENTRESAFRA,0,0,0,0,0,0,0,0,0,0,0,0,0,0,0,0,0,0,0,0,0,0,0,0.0,0.6,INEXISTENTE,,27.73,13.65,0.61,0.9,-6.4,187.57
1205,20/04/2023,0.26,0.42,0.12,174.1,285.4,0.0,56.49,136.85,27.09,1468.5,66.72,70.6,13.97,5.0486,1,NASC_COMPLEMENTARES,ENTRESAFRA,0,0,0,0,0,0,0,0,0,0,0,0,0,0,0,0,0,0,0,0,0,0,0,0.0,0.6,INEXISTENTE,,26.48,13.65,0.61,0.9,-6.4,185.7
1206,21/04/2023,0.26,0.42,0.12,173.98,,0.0,,,,1449.0,,,,5.0486,1,NASC_COMPLEMENTARES,ENTRESAFRA,0,0,0,0,0,0,0,0,0,0,0,0,0,0,0,0,0,0,0,0,0,0,0,0.0,0.6,INEXISTENTE,,28.34,,,,,
1207,22/04/2023,0.26,0.42,0.12,,,0.0,,,,,,,,,1,NASC_COMPLEMENTARES,ENTRESAFRA,0,0,0,0,0,0,0,0,0,0,0,0,0,0,0,0,0,0,0,0,0,0,0,0.0,0.6,INEXISTENTE,,27.08,,,,,
1208,23/04/2023,0.26,0.42,0.12,,,0.0,,,,,,,,,1,NASC_COMPLEMENTARES,ENTRESAFRA,0,0,0,0,0,0,0,0,0,0,0,0,0,0,0,0,0,0,0,0,0,0,0,0.0,0.6,INEXISTENTE,,27.46,,,,,
1209,24/04/2023,0.26,0.42,0.12,174.3,282.9,0.0,56.13,133.86,26.56,1436.0,64.22,70.11,13.91,5.0337,1,NASC_COMPLEMENTARES,ENTRESAFRA,0,0,0,0,0,0,0,0,0,0,0,0,0,0,0,0,0,0,0,0,0,0,0,0.0,0.6,INEXISTENTE,,27.4,13.65,0.61,0.9,-6.4,182.64
1210,25/04/2023,0.26,0.42,0.12,174.3,281.6,0.0,55.55,131.27,25.9,1417.5,67.26,69.75,13.76,5.0497,1,NASC_COMPLEMENTARES,ENTRESAFRA,0,0,0,0,0,0,0,0,0,0,0,0,0,0,0,0,0,0,0,0,0,0,0,0.0,0.6,INEXISTENTE,,27.5,13.65,0.61,0.9,-6.4,183.2
1211,26/04/2023,0.26,0.42,0.12,174.52,279.15,0.0,55.24,130.24,25.78,1414.75,66.05,68.68,13.59,5.0435,1,NASC_COMPLEMENTARES,ENTRESAFRA,0,0,0,0,0,0,0,0,0,0,0,0,0,0,0,0,0,0,0,0,0,0,0,0.0,0.6,INEXISTENTE,,27.93,13.65,0.61,0.9,-6.4,180.41
1212,27/04/2023,0.26,0.42,0.12,175.45,278.2,0.0,55.83,130.83,26.26,1403.75,64.25,67.71,13.59,4.9771,1,NASC_COMPLEMENTARES,ENTRESAFRA,0,0,0,0,0,0,0,0,0,0,0,0,0,0,0,0,0,0,0,0,0,0,0,0.0,0.6,INEXISTENTE,,27.77,13.65,0.61,0.9,-6.4,179.9
1213,28/04/2023,0.26,0.42,0.12,175.18,271.4,0.0,54.4,130.57,26.17,1419.25,65.29,65.61,13.15,4.9865,1,NASC_COMPLEMENTARES,ENTRESAFRA,0,0,0,0,0,0,0,0,0,0,0,0,0,0,0,0,0,0,0,0,0,0,0,0.0,0.6,INEXISTENTE,,28.04,13.65,0.61,0.9,-6.4,181.23
1214,29/04/2023,0.26,0.42,0.12,,,0.0,,,,,,,,,1,NASC_COMPLEMENTARES,ENTRESAFRA,0,0,0,0,0,0,0,0,0,0,0,0,0,0,0,0,0,0,0,0,0,0,0,0.0,0.6,INEXISTENTE,,28.39,,,,,
1215,30/04/2023,0.26,0.42,0.12,,,0.0,,,,,,,,,1,NASC_COMPLEMENTARES,ENTRESAFRA,0,0,0,0,0,0,0,0,0,0,0,0,0,0,0,0,0,0,0,0,0,0,0,0.0,0.6,INEXISTENTE,,26.93,,,,,
1216,01/05/2023,0.26,0.42,0.12,164.88,,0.0,,,,1427.5,,,,4.9889,1,NASC_COMPLEMENTARES,PLANEJAMENTO,0,0,0,0,0,0,0,0,0,0,0,0,0,0,0,0,0,0,0,0,0,0,0,0.0,-3.76,INEXISTENTE,9.8,26.1,,,,,
1217,02/05/2023,0.26,0.42,0.12,162.9,273.35,0.0,54.16,131.53,26.06,1410.75,63.46,64.5,12.78,5.0387,1,NASC_COMPLEMENTARES,PLANEJAMENTO,0,0,0,0,0,0,0,0,0,0,0,0,0,0,0,0,0,0,0,0,0,0,0,0.0,-3.76,INEXISTENTE,1.2,27.61,13.65,0.23,0.9,-6.4,181.0
1218,03/05/2023,0.26,0.42,0.12,161.65,262.3,0.0,52.55,131.61,26.37,1417.5,62.64,64.15,12.85,4.9949,1,NASC_COMPLEMENTARES,PLANEJAMENTO,0,0,0,0,0,0,0,0,0,0,0,0,0,0,0,0,0,0,0,0,0,0,0,0.0,-3.76,INEXISTENTE,0.0,25.94,13.65,0.23,0.9,-6.4,176.9
1219,04/05/2023,0.26,0.42,0.12,161.57,260.45,0.0,52.16,132.18,26.47,1417.75,62.47,62.85,12.59,4.9822,1,NASC_COMPLEMENTARES,PLANEJAMENTO,0,0,0,0,0,0,0,0,0,0,0,0,0,0,0,0,0,0,0,0,0,0,0,0.0,-3.76,INEXISTENTE,0.0,25.78,13.65,0.23,0.9,-6.4,179.43
1220,05/05/2023,0.26,0.42,0.12,161.93,269.6,0.0,54.53,132.58,26.82,1436.5,61.12,62.32,12.6,4.9518,1,NASC_COMPLEMENTARES,PLANEJAMENTO,0,0,0,0,0,0,0,0,0,0,0,0,0,0,0,0,0,0,0,0,0,0,0,0.0,-3.76,INEXISTENTE,0.2,25.9,13.65,0.23,0.9,-6.4,180.61
1221,06/05/2023,0.26,0.42,0.12,,,0.0,,,,,,,,,0,NASC_COMPLEMENTARES,PLANEJAMENTO,0,0,0,0,0,0,0,0,0,0,0,0,0,0,0,0,0,0,0,0,0,0,0,0.0,-3.76,INEXISTENTE,0.0,28.05,,,,,
1222,07/05/2023,0.26,0.42,0.12,,,0.0,,,,,,,,,0,NASC_COMPLEMENTARES,PLANEJAMENTO,0,0,0,0,0,0,0,0,0,0,0,0,0,0,0,0,0,0,0,0,0,0,0,0.0,-3.76,INEXISTENTE,0.0,27.98,,,,,
1223,08/05/2023,0.26,0.42,0.12,162.43,274.35,0.0,54.72,133.96,26.72,1433.75,61.33,61.75,12.32,5.0097,0,NASC_COMPLEMENTARES,PLANEJAMENTO,0,0,0,0,0,0,0,0,0,0,0,0,0,0,0,0,0,0,0,0,0,0,0,0.0,-3.76,INEXISTENTE,0.0,27.11,13.65,0.23,0.9,-6.4,181.15
1224,09/05/2023,0.26,0.42,0.12,163.93,272.55,0.0,54.64,134.82,27.03,1414.25,59.73,60.46,12.12,4.9862,0,NASC_COMPLEMENTARES,PLANEJAMENTO,0,0,0,0,0,0,0,0,0,0,0,0,0,0,0,0,0,0,0,0,0,0,0,0.0,-3.76,INEXISTENTE,5.0,27.13,13.65,0.23,0.9,-6.4,180.12
1225,10/05/2023,0.26,0.42,0.12,163.0,274.7,0.0,55.48,133.12,26.89,1404.0,59.14,60.13,12.14,4.9424,0,NASC_COMPLEMENTARES,PLANEJAMENTO,0,0,0,0,0,0,0,0,0,0,0,0,0,0,0,0,0,0,0,0,0,0,0,0.0,-3.76,INEXISTENTE,0.0,28.08,13.65,0.23,0.9,-6.4,180.78
1226,11/05/2023,0.26,0.42,0.12,162.95,271.25,0.0,54.88,133.65,27.04,1405.5,59.0,58.69,11.87,4.9295,0,NASC_COMPLEMENTARES,PLANEJAMENTO,0,0,0,0,0,0,0,0,0,0,0,0,0,0,0,0,0,0,0,0,0,0,0,0.0,-3.76,INEXISTENTE,0.0,27.89,13.65,0.23,0.9,-6.4,179.0
1227,12/05/2023,0.26,0.42,0.12,164.4,272.55,0.0,55.32,133.1,27.02,1390.0,58.27,58.79,11.93,4.9195,0,NASC_COMPLEMENTARES,PLANEJAMENTO,0,0,0,0,0,0,1,0,0,0,0,0,0,0,0,0,0,0,0,0,0,0,0,0.5,-3.76,INEXISTENTE,0.2,27.75,13.65,0.23,0.9,-6.4,180.43
1228,13/05/2023,0.26,0.42,0.12,,,0.0,,,,,,,,,0,NASC_COMPLEMENTARES,PLANEJAMENTO,0,0,0,0,0,0,1,0,0,0,0,0,0,0,0,0,0,0,0,0,0,0,0,0.5,-3.76,INEXISTENTE,,27.46,,,,,
1229,14/05/2023,0.26,0.42,0.12,,,0.0,,,,,,,,,0,NASC_COMPLEMENTARES,PLANEJAMENTO,0,0,0,0,0,1,1,0,0,0,0,0,0,0,0,0,0,0,0,0,0,0,0,1.5,-3.76,INEXISTENTE,,27.86,,,,,
1230,15/05/2023,0.26,0.42,0.12,164.32,273.6,0.0,55.91,132.99,27.17,1328.25,58.77,58.83,12.02,4.8904,0,NASC_COMPLEMENTARES,PLANEJAMENTO,0,0,0,0,0,0,0,0,0,0,0,0,0,0,0,0,0,0,0,0,0,0,0,0.0,-3.76,INEXISTENTE,,27.47,13.65,0.23,0.9,-6.4,179.86
1231,16/05/2023,0.26,0.42,0.12,163.88,267.2,0.0,54.1,131.53,26.63,1298.25,55.68,58.84,11.91,4.9402,0,NASC_COMPLEMENTARES,PLANEJAMENTO,0,0,0,0,0,0,0,0,0,0,0,0,0,0,0,0,0,0,0,0,0,0,0,0.0,-3.76,INEXISTENTE,,28.16,13.65,0.23,0.9,-6.4,177.15
1232,17/05/2023,0.26,0.42,0.12,164.82,267.75,0.0,54.21,130.22,26.37,1274.75,54.42,57.43,11.63,4.9396,0,NASC_COMPLEMENTARES,PLANEJAMENTO,0,0,0,0,0,0,0,0,0,0,0,0,0,0,0,0,0,0,0,0,0,0,0,0.0,-3.76,INEXISTENTE,,27.53,13.65,0.23,0.9,-6.4,178.05
1233,18/05/2023,0.26,0.42,0.12,165.52,267.3,0.0,53.79,128.84,25.93,1269.5,53.44,56.51,11.37,4.9652,0,NASC_COMPLEMENTARES,PLANEJAMENTO,0,0,0,0,0,0,0,0,0,0,0,0,0,0,0,0,0,0,0,0,0,0,0,0.0,-3.76,INEXISTENTE,,27.49,13.65,0.23,0.9,-6.4,177.37
1234,19/05/2023,0.26,0.42,0.12,165.73,263.6,0.0,52.71,129.34,25.86,1248.0,54.58,56.04,11.21,4.9981,0,NASC_COMPLEMENTARES,PLANEJAMENTO,0,0,0,0,0,0,0,0,0,0,0,0,0,0,0,0,0,0,0,0,0,0,0,0.0,-3.76,INEXISTENTE,,27.9,13.65,0.23,0.9,-6.4,177.38
1235,20/05/2023,0.26,0.42,0.12,,,0.0,,,,,,,,,0,NASC_COMPLEMENTARES,PLANEJAMENTO,0,0,0,0,0,0,0,0,0,0,0,0,0,0,0,0,0,0,0,0,0,0,0,0.0,-3.76,INEXISTENTE,,26.64,,,,,
1236,21/05/2023,0.26,0.42,0.12,,,0.0,,,,,,,,,0,NASC_COMPLEMENTARES,PLANEJAMENTO,0,0,0,0,0,0,0,0,0,0,0,0,0,0,0,0,0,0,0,0,0,0,0,0.0,-3.76,INEXISTENTE,,25.77,,,,,
1237,22/05/2023,0.26,0.42,0.12,165.05,263.55,0.0,53.04,128.95,25.95,1275.5,54.74,55.83,11.24,4.9667,0,NASC_COMPLEMENTARES,PLANEJAMENTO,0,0,0,0,0,0,0,0,0,0,0,0,0,0,0,0,0,0,0,0,0,0,0,0.0,-3.76,INEXISTENTE,,26.4,13.65,0.23,0.9,-6.4,177.48
1238,23/05/2023,0.26,0.42,0.12,164.27,261.85,0.0,52.66,129.72,26.09,1258.75,55.9,55.16,11.09,4.9714,0,NASC_COMPLEMENTARES,PLANEJAMENTO,0,0,0,0,0,0,0,0,0,0,0,0,0,0,0,0,0,0,0,0,0,0,0,0.0,-3.76,INEXISTENTE,,25.99,13.65,0.23,0.9,-6.4,174.7
1239,24/05/2023,0.26,0.42,0.12,166.1,257.3,0.0,51.96,128.86,26.02,1258.75,56.03,54.56,11.02,4.9619,0,NASC_COMPLEMENTARES,PLANEJAMENTO,0,0,0,0,0,0,0,0,0,0,0,0,0,0,0,0,0,0,0,0,0,0,0,0.0,-3.76,INEXISTENTE,,26.63,13.65,0.23,0.9,-6.4,175.67
1240,25/05/2023,0.26,0.42,0.12,167.3,255.85,0.0,50.78,129.4,25.68,1249.75,56.06,55.0,10.92,5.0356,0,NASC_COMPLEMENTARES,PLANEJAMENTO,0,0,0,0,0,0,0,0,0,0,0,0,0,0,0,0,0,0,0,0,0,0,0,0.0,-3.76,INEXISTENTE,,26.65,13.65,0.23,0.9,-6.4,172.69
1241,26/05/2023,0.26,0.42,0.12,167.35,253.3,0.0,50.76,130.72,26.2,1261.0,58.39,54.82,10.99,4.9939,0,NASC_COMPLEMENTARES,PLANEJAMENTO,0,0,0,0,0,0,0,0,0,0,0,0,0,0,0,0,0,0,0,0,0,0,0,0.0,-3.76,INEXISTENTE,,26.4,13.65,0.23,0.9,-6.4,172.35
1242,27/05/2023,0.26,0.42,0.12,,,0.0,,,,,,,,,0,NASC_COMPLEMENTARES,PLANEJAMENTO,0,0,0,0,0,0,0,0,0,0,0,0,0,0,0,0,0,0,0,0,0,0,0,0.0,-3.76,INEXISTENTE,,27.35,,,,,
1243,28/05/2023,0.26,0.42,0.12,,,0.0,,,,,,,,,0,NASC_COMPLEMENTARES,PLANEJAMENTO,0,0,0,0,0,0,0,0,0,0,0,0,0,0,0,0,0,0,0,0,0,0,0,0.0,-3.76,INEXISTENTE,,26.95,,,,,
1244,29/05/2023,0.26,0.42,0.12,,,0.0,,,,,,,,,0,NASC_COMPLEMENTARES,PLANEJAMENTO,0,0,0,0,0,0,0,0,0,0,0,0,0,0,0,0,0,0,0,0,0,0,0,0.0,-3.76,INEXISTENTE,,26.95,13.65,0.23,0.9,-6.4,
1245,30/05/2023,0.26,0.42,0.12,168.88,241.75,0.0,47.96,129.47,25.68,1219.5,55.58,54.27,10.76,5.0357,0,NASC_COMPLEMENTARES,PLANEJAMENTO,0,0,0,0,0,0,0,0,0,0,0,0,0,0,0,0,0,0,0,0,0,0,0,0.0,-3.76,INEXISTENTE,,27.31,13.65,0.23,0.9,-6.4,173.84
1246,31/05/2023,0.26,0.42,0.12,169.13,243.25,0.0,47.89,128.05,25.21,1217.75,53.71,53.77,10.59,5.0574,0,NASC_COMPLEMENTARES,PLANEJAMENTO,0,0,0,0,0,0,0,0,0,0,0,0,0,0,0,0,0,0,0,0,0,0,0,0.0,-3.76,INEXISTENTE,,25.65,13.65,0.23,0.9,-6.4,174.38
1247,01/06/2023,0.26,0.42,0.12,174.9,243.9,0.0,48.65,127.43,25.42,1244.0,54.65,53.9,10.75,5.014,0,NASC_COMPLEMENTARES,PLANEJAMENTO,0,0,0,0,0,0,0,1,0,0,0,0,0,0,0,0,0,0,0,0,0,0,0,0.5,-3.01,FRACO,34.2,27.59,13.65,-0.08,0.9,-6.4,175.62
1248,02/06/2023,0.26,0.42,0.12,176.43,248.3,0.0,50.09,127.82,25.79,1262.5,53.83,53.72,10.84,4.9571,0,NASC_COMPLEMENTARES,PLANEJAMENTO,0,0,0,0,0,0,0,1,0,0,0,0,0,0,0,0,0,0,0,0,0,0,0,0.5,-3.01,FRACO,3.8,27.93,13.65,-0.08,0.9,-6.4,180.77
1249,03/06/2023,0.26,0.42,0.12,,,0.0,,,,,,,,,0,NASC_COMPLEMENTARES,PLANEJAMENTO,0,0,0,0,0,0,0,1,0,0,0,0,0,0,0,0,0,0,0,0,0,0,0,0.5,-3.01,FRACO,0.0,27.7,,,,,
1250,04/06/2023,0.26,0.42,0.12,,,0.0,,,,,,,,,0,NASC_COMPLEMENTARES,PLANEJAMENTO,0,0,0,0,0,0,0,1,0,0,0,0,0,0,0,0,0,0,0,0,0,0,0,0.5,-3.01,FRACO,8.8,27.13,,,,,
1251,05/06/2023,0.26,0.42,0.12,177.15,248.85,0.0,50.51,127.86,25.95,1261.0,52.91,53.63,10.89,4.9289,0,NASC_COMPLEMENTARES,PLANEJAMENTO,0,0,0,0,0,0,0,1,0,0,0,0,0,0,0,0,0,0,0,0,0,0,0,0.5,-3.01,FRACO,0.0,26.29,13.65,-0.08,0.9,-6.4,181.72
1252,06/06/2023,0.26,0.42,0.12,179.82,244.9,0.0,49.85,127.48,25.95,1265.75,52.96,54.07,11.01,4.9125,0,NASC_COMPLEMENTARES,PLANEJAMENTO,0,0,0,0,0,0,0,1,0,0,0,0,0,0,0,0,0,0,0,0,0,0,0,0.5,-3.01,FRACO,0.0,25.75,13.65,-0.08,0.9,-6.4,179.84
1253,07/06/2023,0.26,0.42,0.12,179.0,244.4,0.0,49.62,127.53,25.89,1267.25,53.38,53.72,10.91,4.9235,0,NASC_COMPLEMENTARES,PLANEJAMENTO,0,0,0,0,0,0,0,1,0,0,0,0,0,0,0,0,0,0,0,0,0,0,0,0.5,-3.01,FRACO,0.0,26.31,13.65,-0.08,0.9,-6.4,178.09
1254,08/06/2023,0.26,0.42,0.12,178.77,,0.0,,,,1279.25,,,,4.9235,0,NASC_COMPLEMENTARES,PLANEJAMENTO,0,0,0,0,0,0,0,1,0,0,0,0,0,0,0,0,0,0,0,0,0,0,0,0.5,-3.01,FRACO,0.0,25.86,,,,,
1255,09/06/2023,0.26,0.42,0.12,178.23,251.1,0.0,51.5,127.61,26.17,1296.0,53.27,53.73,11.02,4.8791,0,NASC_COMPLEMENTARES,PLANEJAMENTO,0,0,0,0,0,0,0,1,0,0,0,0,0,0,0,0,0,0,0,0,0,0,0,0.5,-3.01,FRACO,0.2,26.48,13.65,-0.08,0.9,-6.4,180.32
1256,10/06/2023,0.26,0.42,0.12,,,0.0,,,,,,,,,0,NASC_COMPLEMENTARES,PLANEJAMENTO,0,0,0,0,0,0,0,1,0,0,0,0,0,0,0,0,0,0,0,0,0,0,0,0.5,-3.01,FRACO,9.0,26.68,,,,,
1257,11/06/2023,0.26,0.42,0.12,,,0.0,,,,,,,,,0,NASC_COMPLEMENTARES,PLANEJAMENTO,0,0,0,0,0,0,0,1,0,0,0,0,0,0,0,0,0,0,0,0,0,0,0,0.5,-3.01,FRACO,12.8,27.95,,,,,
1258,12/06/2023,0.26,0.42,0.12,179.07,237.65,0.0,48.84,127.28,26.16,1292.5,53.18,53.77,11.05,4.8613,0,NASC_COMPLEMENTARES,PLANEJAMENTO,0,0,0,0,0,0,0,1,0,0,0,0,0,0,0,0,0,0,0,0,0,0,0,0.5,-3.01,FRACO,0.0,27.57,13.65,-0.08,0.9,-6.4,174.97
1259,13/06/2023,0.26,0.42,0.12,179.43,243.65,0.0,50.1,127.37,26.19,1321.75,53.23,54.07,11.12,4.8622,0,NASC_COMPLEMENTARES,PLANEJAMENTO,0,0,0,0,0,0,0,1,1,0,0,0,0,0,0,0,0,0,0,0,0,0,0,1.5,-3.01,FRACO,,26.53,13.65,-0.08,0.9,-6.4,173.4
1260,14/06/2023,0.26,0.42,0.12,177.45,249.4,0.0,51.66,126.62,26.23,1318.5,53.52,54.33,11.25,4.8146,0,NASC_COMPLEMENTARES,PLANEJAMENTO,0,0,0,0,0,0,0,1,0,0,0,0,0,0,0,0,0,0,0,0,0,0,0,0.5,-3.01,FRACO,,25.74,13.65,-0.08,0.9,-6.4,177.07
1261,15/06/2023,0.26,0.42,0.12,177.57,236.15,0.0,49.16,127.12,26.46,1368.5,54.76,54.35,11.31,4.8102,0,NASC_COMPLEMENTARES,PLANEJAMENTO,0,0,0,0,0,0,0,1,0,0,0,0,0,0,0,0,0,0,0,0,0,0,0,0.5,-3.01,FRACO,,25.58,13.65,-0.08,0.9,-6.4,177.77
1262,16/06/2023,0.26,0.42,0.12,178.35,244.2,0.0,50.68,128.34,26.64,1407.5,57.2,54.36,11.28,4.8199,0,NASC_COMPLEMENTARES,PLANEJAMENTO,0,0,0,0,0,0,0,1,0,0,0,0,0,0,0,0,0,0,0,0,0,0,0,0.5,-3.01,FRACO,,26.04,13.65,-0.08,0.9,-6.4,179.61
1263,17/06/2023,0.26,0.42,0.12,,,0.0,,,,,,,,,0,NASC_COMPLEMENTARES,PLANEJAMENTO,0,0,0,0,0,0,0,1,0,0,0,0,0,0,0,0,0,0,0,0,0,0,0,0.5,-3.01,FRACO,,26.57,,,,,
1264,18/06/2023,0.26,0.42,0.12,,,0.0,,,,,,,,,0,NASC_COMPLEMENTARES,PLANEJAMENTO,0,0,0,0,0,0,0,1,0,0,0,0,0,0,0,0,0,0,0,0,0,0,0,0.5,-3.01,FRACO,,26.54,,,,,
1265,19/06/2023,0.26,0.42,0.12,,,0.0,,,,,,,,,0,NASC_COMPLEMENTARES,PLANEJAMENTO,0,0,0,0,0,0,0,1,0,0,0,0,0,0,0,0,0,0,0,0,0,0,0,0.5,-3.01,FRACO,,27.05,13.65,-0.08,0.9,-6.4,
1266,20/06/2023,0.26,0.42,0.12,177.13,251.6,0.0,52.5,129.07,26.93,1408.25,56.31,54.83,11.44,4.7902,0,NASC_COMPLEMENTARES,PLANEJAMENTO,0,0,0,0,0,0,0,1,0,0,0,0,0,0,0,0,0,0,0,0,0,0,0,0.5,-3.01,FRACO,,27.07,13.65,-0.08,0.9,-6.4,178.22
1267,21/06/2023,0.26,0.42,0.12,177.25,252.95,0.0,53.03,130.8,27.42,1445.0,59.13,55.52,11.64,4.763,0,NASC_COMPLEMENTARES,PLANEJAMENTO,0,0,0,0,0,0,0,1,0,0,0,0,0,0,0,0,0,0,0,0,0,0,0,0.5,-3.01,FRACO,,26.73,13.65,-0.08,0.9,-6.4,177.16
1268,22/06/2023,0.26,0.42,0.12,177.65,249.9,0.0,52.3,129.68,27.14,1418.25,58.59,57.07,11.94,4.7689,0,NASC_COMPLEMENTARES,PLANEJAMENTO,0,0,0,0,0,0,0,1,0,0,0,0,0,0,0,0,0,0,0,0,0,0,0,0.5,-3.01,FRACO,,26.05,13.65,-0.08,0.9,-6.4,177.65
1269,23/06/2023,0.26,0.42,0.12,177.5,252.4,0.0,52.79,128.7,26.92,1404.0,56.13,57.36,12.0,4.7864,0,NASC_COMPLEMENTARES,PLANEJAMENTO,0,0,0,0,0,0,0,1,0,0,0,0,0,0,0,0,0,0,0,0,0,0,0,0.5,-3.01,FRACO,,26.2,13.65,-0.08,0.9,-6.4,177.23
1270,24/06/2023,0.26,0.42,0.12,,,0.0,,,,,,,,,0,NASC_COMPLEMENTARES,PLANEJAMENTO,0,0,0,0,0,0,0,1,0,1,0,0,0,0,0,0,0,0,0,0,0,0,0,1.5,-3.01,FRACO,,27.28,,,,,
1271,25/06/2023,0.26,0.42,0.12,,,0.0,,,,,,,,,0,NASC_COMPLEMENTARES,PLANEJAMENTO,0,0,0,0,0,0,0,1,0,0,0,0,0,0,0,0,0,0,0,0,0,0,0,0.5,-3.01,FRACO,,25.36,,,,,
1272,26/06/2023,0.26,0.42,0.12,177.7,257.8,0.0,54.09,130.26,27.33,1424.5,57.29,57.41,12.05,4.7675,0,NASC_COMPLEMENTARES,PLANEJAMENTO,0,0,0,0,0,0,0,1,0,0,0,0,0,0,0,0,0,0,0,0,0,0,0,0.5,-3.01,FRACO,,25.55,13.65,-0.08,0.9,-6.4,174.52
1273,27/06/2023,0.26,0.42,0.12,179.3,258.0,0.0,53.79,128.97,26.89,1395.5,55.7,57.67,12.02,4.8103,0,NASC_COMPLEMENTARES,PLANEJAMENTO,0,0,0,0,0,0,0,1,0,0,0,0,0,0,0,0,0,0,0,0,0,0,0,0.5,-3.01,FRACO,,25.01,13.65,-0.08,0.9,-6.4,174.58
1274,28/06/2023,0.26,0.42,0.12,179.63,252.2,0.0,52.06,128.45,26.52,1361.0,55.25,56.36,11.63,4.8506,0,NASC_COMPLEMENTARES,PLANEJAMENTO,0,0,0,0,0,0,0,1,0,0,0,0,0,0,0,0,0,0,0,0,0,0,0,0.5,-3.01,FRACO,,25.83,13.65,-0.08,0.9,-6.4,178.66
1275,29/06/2023,0.26,0.42,0.12,179.75,260.0,0.0,53.54,128.56,26.47,1367.75,54.48,56.12,11.56,4.8553,0,NASC_COMPLEMENTARES,PLANEJAMENTO,0,0,0,0,0,0,0,1,0,0,1,0,0,0,0,0,0,0,0,0,0,0,0,1.5,-3.01,FRACO,,25.67,13.65,-0.08,0.9,-6.4,178.88
1276,30/06/2023,0.26,0.42,0.12,181.5,254.2,0.0,53.04,131.2,27.37,1442.0,53.3,55.36,11.55,4.786,0,NASC_COMPLEMENTARES,PLANEJAMENTO,0,0,0,0,0,0,0,1,0,0,0,0,0,0,0,0,0,0,0,0,0,0,0,0.5,-3.01,FRACO,,25.0,13.65,-0.08,0.9,-6.4,180.76
1277,01/07/2023,0.26,0.42,0.12,,,0.0,,,,,,,,,0,MENOR_TX_NASC,PLANEJAMENTO,0,0,0,0,0,0,0,0,0,0,0,1,0,0,0,0,0,0,0,0,0,0,0,0.5,-3.93,FRACO,3.2,25.43,,,,,
1278,02/07/2023,0.26,0.42,0.12,,,0.0,,,,,,,,,0,MENOR_TX_NASC,PLANEJAMENTO,0,0,0,0,0,0,0,0,0,0,0,1,0,0,0,0,0,0,0,0,0,0,0,0.5,-3.93,FRACO,8.8,24.95,,,,,
1279,03/07/2023,0.26,0.42,0.12,176.82,259.05,0.0,53.92,132.85,27.65,1467.75,52.94,55.53,11.56,4.8077,0,MENOR_TX_NASC,PLANEJAMENTO,0,0,0,0,0,0,0,0,0,0,0,1,0,0,0,0,0,0,0,0,0,0,0,0.5,-3.93,FRACO,2.4,24.94,13.65,0.12,0.1,-5.6,181.61
1280,04/07/2023,0.26,0.42,0.12,,,0.0,,,,,,,,,0,MENOR_TX_NASC,PLANEJAMENTO,0,0,0,0,0,0,0,0,0,0,0,1,0,0,0,0,0,0,0,0,0,0,0,0.5,-3.93,FRACO,19.0,25.28,13.65,0.12,0.1,-5.6,
1281,05/07/2023,0.26,0.42,0.12,174.95,244.7,0.0,50.51,133.91,27.64,1468.75,53.2,56.12,11.58,4.8478,0,MENOR_TX_NASC,PLANEJAMENTO,0,0,0,0,0,0,0,0,0,0,0,1,0,0,0,0,0,0,0,0,0,0,0,0.5,-3.93,FRACO,0.0,24.77,13.65,0.12,0.1,-5.6,179.36
1282,06/07/2023,0.26,0.42,0.12,174.57,257.3,0.0,52.23,134.46,27.3,1448.25,54.47,55.35,11.24,4.9193,0,MENOR_TX_NASC,PLANEJAMENTO,0,0,0,0,0,0,0,0,0,0,0,1,0,0,0,0,0,0,0,0,0,0,0,0.5,-3.93,FRACO,0.0,25.05,13.65,0.12,0.1,-5.6,178.77
1283,07/07/2023,0.26,0.42,0.12,177.0,256.25,0.0,52.74,133.34,27.44,1427.75,53.7,55.88,11.5,4.872,0,MENOR_TX_NASC,PLANEJAMENTO,0,0,0,0,0,0,0,0,0,0,0,1,0,0,0,0,0,0,0,0,0,0,0,0.5,-3.93,FRACO,0.0,24.88,13.65,0.12,0.1,-5.6,177.5
1284,08/07/2023,0.26,0.42,0.12,,,0.0,,,,,,,,,0,MENOR_TX_NASC,PLANEJAMENTO,0,0,0,0,0,0,0,0,0,0,0,1,0,0,0,0,0,0,0,0,0,0,0,0.5,-3.93,FRACO,0.0,25.24,,,,,
1285,09/07/2023,0.26,0.42,0.12,,,0.0,,,,,,,,,0,MENOR_TX_NASC,PLANEJAMENTO,0,0,0,0,0,0,0,0,0,0,0,1,0,0,0,0,0,0,0,0,0,0,0,0.5,-3.93,FRACO,0.0,26.12,,,,,
1286,10/07/2023,0.26,0.42,0.12,177.2,254.7,0.0,52.14,134.78,27.59,1455.5,54.38,55.79,11.42,4.8978,0,MENOR_TX_NASC,PLANEJAMENTO,0,0,0,0,0,0,0,0,0,0,0,1,0,0,0,0,0,0,0,0,0,0,0,0.5,-3.93,FRACO,0.4,26.88,13.65,0.12,0.1,-5.6,176.87
1287,11/07/2023,0.26,0.42,0.12,178.82,257.15,0.0,52.93,136.44,28.08,1471.5,55.4,55.24,11.37,4.8538,0,MENOR_TX_NASC,PLANEJAMENTO,0,0,0,0,0,0,0,0,0,0,0,1,0,0,0,0,0,0,0,0,0,0,0,0.5,-3.93,FRACO,0.0,26.48,13.65,0.12,0.1,-5.6,177.87
1288,12/07/2023,0.26,0.42,0.12,176.88,258.0,0.0,53.55,134.71,27.96,1444.25,54.84,55.29,11.48,4.8184,0,MENOR_TX_NASC,PLANEJAMENTO,0,0,0,0,0,0,0,0,0,0,0,1,0,0,0,0,0,0,0,0,0,0,0,0.5,-3.93,FRACO,0.0,27.24,13.65,0.12,0.1,-5.6,176.88
1289,13/07/2023,0.26,0.42,0.12,176.9,253.2,0.0,52.86,136.02,28.4,1484.75,55.26,54.06,11.29,4.7971,0,MENOR_TX_NASC,PLANEJAMENTO,0,0,0,0,0,0,0,0,0,0,0,1,0,0,0,0,0,0,0,0,0,0,0,0.5,-3.93,FRACO,,26.95,13.65,0.12,0.1,-5.6,178.74
1290,14/07/2023,0.26,0.42,0.12,180.18,254.9,0.0,53.17,136.31,28.43,1480.25,54.4,54.28,11.32,4.7894,0,MENOR_TX_NASC,PLANEJAMENTO,0,0,0,0,0,0,0,0,0,0,0,1,0,0,0,0,0,0,0,0,0,0,0,0.5,-3.93,FRACO,,25.65,13.65,0.12,0.1,-5.6,181.58
1291,15/07/2023,0.26,0.42,0.12,,,0.0,,,,,,,,,0,MENOR_TX_NASC,PLANEJAMENTO,0,0,0,0,0,0,0,0,0,0,0,1,0,0,0,0,0,0,0,0,0,0,0,0.5,-3.93,FRACO,,26.47,,,,,
1292,16/07/2023,0.26,0.42,0.12,,,0.0,,,,,,,,,0,MENOR_TX_NASC,PLANEJAMENTO,0,0,0,0,0,0,0,0,0,0,0,1,0,0,0,0,0,0,0,0,0,0,0,0.5,-3.93,FRACO,,27.78,,,,,
1293,17/07/2023,0.26,0.42,0.12,180.13,257.0,0.0,53.37,137.75,28.61,1407.25,54.29,54.52,11.32,4.8066,0,MENOR_TX_NASC,PLANEJAMENTO,0,0,0,0,0,0,0,0,0,0,0,1,0,0,0,0,0,0,0,0,0,0,0,0.5,-3.93,FRACO,,27.57,13.65,0.12,0.1,-5.6,180.72
1294,18/07/2023,0.26,0.42,0.12,181.27,248.2,0.0,51.62,138.04,28.71,1418.75,57.67,54.57,11.35,4.8105,0,MENOR_TX_NASC,PLANEJAMENTO,0,0,0,0,0,0,0,0,0,0,0,1,0,0,0,0,0,0,0,0,0,0,0,0.5,-3.93,FRACO,,26.88,13.65,0.12,0.1,-5.6,182.48
1295,19/07/2023,0.26,0.42,0.12,181.32,246.15,0.0,51.44,139.04,29.06,1432.0,59.48,55.04,11.5,4.7909,0,MENOR_TX_NASC,PLANEJAMENTO,0,0,0,0,0,0,0,0,0,0,0,1,0,0,0,0,0,0,0,0,0,0,0,0.5,-3.93,FRACO,,27.22,13.65,0.12,0.1,-5.6,181.82
1296,20/07/2023,0.26,0.42,0.12,180.32,250.9,0.0,52.25,139.73,29.1,1426.25,57.61,54.68,11.39,4.798,0,MENOR_TX_NASC,PLANEJAMENTO,0,0,0,0,0,0,0,0,0,0,0,1,0,0,0,0,0,0,0,0,0,0,0,0.5,-3.93,FRACO,,25.99,13.65,0.12,0.1,-5.6,182.83
1297,21/07/2023,0.26,0.42,0.12,180.02,246.35,0.0,51.59,139.43,29.2,1429.0,57.29,53.74,11.25,4.7795,0,MENOR_TX_NASC,PLANEJAMENTO,0,0,0,0,0,0,0,0,0,0,0,1,0,0,0,0,0,0,0,0,0,0,0,0.5,-3.93,FRACO,,24.64,13.65,0.12,0.1,-5.6,184.63
1298,22/07/2023,0.26,0.42,0.12,,,0.0,,,,,,,,,0,MENOR_TX_NASC,PLANEJAMENTO,0,0,0,0,0,0,0,0,0,0,0,1,0,0,0,0,0,0,0,0,0,0,0,0.5,-3.93,FRACO,,25.34,,,,,
1299,23/07/2023,0.26,0.42,0.12,,,0.0,,,,,,,,,0,MENOR_TX_NASC,PLANEJAMENTO,0,0,0,0,0,0,0,0,0,0,0,1,0,0,0,0,0,0,0,0,0,0,0,0.5,-3.93,FRACO,,25.2,,,,,
1300,24/07/2023,0.26,0.42,0.12,178.75,247.1,0.0,52.19,140.91,29.76,1453.25,58.15,55.06,11.63,4.7271,0,MENOR_TX_NASC,PLANEJAMENTO,0,0,0,0,0,0,0,0,0,0,0,1,0,0,0,0,0,0,0,0,0,0,0,0.5,-3.93,FRACO,,25.46,13.65,0.12,0.1,-5.6,186.37
1301,25/07/2023,0.26,0.42,0.12,178.3,243.6,0.0,51.25,139.97,29.45,1450.5,57.37,55.28,11.63,4.7498,0,MENOR_TX_NASC,PLANEJAMENTO,0,0,0,0,0,0,0,0,0,0,0,1,0,0,0,0,0,0,0,0,0,0,0,0.5,-3.93,FRACO,,25.57,13.65,0.12,0.1,-5.6,186.55
1302,26/07/2023,0.26,0.42,0.12,178.68,243.5,0.0,51.47,141.75,29.96,1468.5,56.6,55.12,11.65,4.7364,0,MENOR_TX_NASC,PLANEJAMENTO,0,0,0,0,0,0,0,0,0,0,0,1,0,0,0,0,0,0,0,0,0,0,0,0.5,-3.93,FRACO,,25.85,13.65,0.12,0.1,-5.6,193.89
1303,27/07/2023,0.26,0.42,0.12,178.05,241.4,0.0,50.9,142.01,29.94,1453.5,57.11,54.71,11.53,4.7424,0,MENOR_TX_NASC,PLANEJAMENTO,0,0,0,0,0,0,0,0,0,0,0,1,0,0,0,0,0,0,0,0,0,0,0,0.5,-3.93,FRACO,,26.12,13.65,0.12,0.1,-5.6,193.8
1304,28/07/2023,0.26,0.42,0.12,178.15,245.05,0.0,51.8,141.8,29.97,1433.0,55.87,54.92,11.61,4.7336,0,MENOR_TX_NASC,PLANEJAMENTO,0,0,0,0,0,0,0,0,0,0,0,1,0,0,0,0,0,0,0,0,0,0,0,0.5,-3.93,FRACO,,26.97,13.65,0.12,0.1,-5.6,194.55
1305,29/07/2023,0.26,0.42,0.12,,,0.0,,,,,,,,,0,MENOR_TX_NASC,PLANEJAMENTO,0,0,0,0,0,0,0,0,0,0,0,1,0,0,0,0,0,0,0,0,0,0,0,0.5,-3.93,FRACO,,27.06,,,,,
1306,30/07/2023,0.26,0.42,0.12,,,0.0,,,,,,,,,0,MENOR_TX_NASC,PLANEJAMENTO,0,0,0,0,0,0,0,0,0,0,0,1,0,0,0,0,0,0,0,0,0,0,0,0.5,-3.93,FRACO,,27.8,,,,,
1307,31/07/2023,0.26,0.42,0.12,178.05,243.85,0.0,51.54,139.94,29.58,1370.5,55.35,53.62,11.33,4.7241,0,MENOR_TX_NASC,PLANEJAMENTO,0,0,0,0,0,0,0,0,0,0,0,1,0,0,0,0,0,0,0,0,0,0,0,0.5,-3.93,FRACO,,28.08,13.65,0.12,0.1,-5.6,194.1
1308,01/08/2023,0.26,0.42,0.12,179.5,240.1,0.0,50.11,136.71,28.54,1386.75,55.57,53.75,11.22,4.7911,0,MENOR_TX_NASC,PLANEJAMENTO,0,0,0,0,0,0,0,0,0,0,0,0,0,0,0,0,0,0,0,0,0,0,0,0.0,-2.18,FRACO,15.2,28.86,13.65,0.23,0.1,-5.6,194.94
1309,02/08/2023,0.26,0.42,0.12,178.02,242.1,0.0,50.4,137.83,28.69,1376.5,55.43,53.22,11.08,4.812,0,MENOR_TX_NASC,PLANEJAMENTO,0,0,0,0,0,0,0,0,0,0,0,0,0,0,0,0,0,0,0,0,0,0,0,0.0,-2.18,FRACO,0.6,27.1,13.65,0.23,0.1,-5.6,194.79
1310,03/08/2023,0.26,0.42,0.12,178.5,232.4,0.0,47.54,138.72,28.37,1382.0,55.41,53.47,10.94,4.917,0,MENOR_TX_NASC,PLANEJAMENTO,0,0,0,0,0,0,0,0,0,0,0,0,0,0,0,0,0,0,0,0,0,0,0,0.0,-2.18,FRACO,4.2,26.83,13.15,0.23,0.1,-5.6,197.88
1311,04/08/2023,0.26,0.42,0.12,180.9,240.2,0.0,49.33,139.89,28.73,1387.0,54.94,53.19,10.92,4.8733,0,MENOR_TX_NASC,PLANEJAMENTO,0,0,0,0,0,0,0,0,0,0,0,0,0,0,0,0,0,0,0,0,0,0,0,0.0,-2.18,FRACO,0.2,27.08,13.15,0.23,0.1,-5.6,200.06
1312,05/08/2023,0.26,0.42,0.12,,,0.0,,,,,,,,,0,MENOR_TX_NASC,PLANEJAMENTO,0,0,0,0,0,0,0,0,0,0,0,0,0,0,0,0,0,0,0,0,0,0,0,0.0,-2.18,FRACO,0.0,28.0,,,,,
1313,06/08/2023,0.26,0.42,0.12,,,0.0,,,,,,,,,0,MENOR_TX_NASC,PLANEJAMENTO,0,0,0,0,0,0,0,0,0,0,0,0,0,0,0,0,0,0,0,0,0,0,0,0.0,-2.18,FRACO,0.0,29.03,,,,,
1314,07/08/2023,0.26,0.42,0.12,179.7,237.7,0.0,48.55,138.98,28.39,1348.25,55.07,53.13,10.85,4.8999,0,MENOR_TX_NASC,PLANEJAMENTO,0,0,0,0,0,0,0,0,0,0,0,0,0,0,0,0,0,0,0,0,0,0,0,0.0,-2.18,FRACO,0.0,28.05,13.15,0.23,0.1,-5.6,203.27
1315,08/08/2023,0.26,0.42,0.12,179.7,238.0,0.0,48.6,138.17,28.21,1353.5,55.73,52.96,10.81,4.8996,0,MENOR_TX_NASC,PLANEJAMENTO,0,0,0,0,0,0,0,0,0,0,0,0,0,0,0,0,0,0,0,0,0,0,0,0.0,-2.18,FRACO,0.0,27.51,13.15,0.23,0.1,-5.6,200.08
1316,09/08/2023,0.26,0.42,0.12,180.57,237.35,0.0,48.36,138.92,28.3,1355.25,55.15,52.97,10.79,4.902,0,MENOR_TX_NASC,PLANEJAMENTO,0,0,0,0,0,0,0,0,0,0,0,0,0,0,0,0,0,0,0,0,0,0,0,0.0,-2.18,FRACO,0.0,27.65,13.15,0.23,0.1,-5.6,201.47
1317,10/08/2023,0.26,0.42,0.12,181.1,233.95,0.0,47.94,138.82,28.45,1352.0,54.86,52.65,10.79,4.8924,0,MENOR_TX_NASC,PLANEJAMENTO,0,0,0,0,0,0,0,0,0,0,0,0,0,0,0,0,0,0,0,0,0,0,0,0.0,-2.18,FRACO,0.0,28.75,13.15,0.23,0.1,-5.6,199.79
1318,11/08/2023,0.26,0.42,0.12,180.38,230.1,0.0,46.94,138.5,28.25,1337.25,53.65,52.84,10.78,4.9048,0,MENOR_TX_NASC,PLANEJAMENTO,0,0,0,0,0,0,0,0,0,0,0,0,0,0,1,0,0,0,0,0,0,0,0,0.5,-2.18,FRACO,13.8,28.0,13.15,0.23,0.1,-5.6,200.74
1319,12/08/2023,0.26,0.42,0.12,,,0.0,,,,,,,,,0,MENOR_TX_NASC,PLANEJAMENTO,0,0,0,0,0,0,0,0,0,0,0,0,0,0,1,0,0,0,0,0,0,0,0,0.5,-2.18,FRACO,0.0,28.04,,,,,
1320,13/08/2023,0.26,0.42,0.12,,,0.0,,,,,,,,,0,MENOR_TX_NASC,PLANEJAMENTO,0,0,0,0,0,0,0,0,0,0,0,0,0,1,1,0,0,0,0,0,0,0,0,1.5,-2.18,FRACO,,26.42,,,,,
1321,14/08/2023,0.26,0.42,0.12,179.75,230.4,0.0,46.36,139.32,28.03,1353.0,53.09,53.26,10.72,4.9615,0,MENOR_TX_NASC,PLANEJAMENTO,0,0,0,0,0,0,0,0,0,0,0,0,0,0,0,0,0,0,0,0,0,0,0,0.0,-2.18,FRACO,,27.3,13.15,0.23,0.1,-5.6,201.4
1322,15/08/2023,0.26,0.42,0.12,179.1,221.2,0.0,44.34,139.51,27.96,1305.25,52.71,53.33,10.69,4.9845,0,MENOR_TX_NASC,PLANEJAMENTO,0,0,0,0,0,0,0,0,0,0,0,0,0,0,0,0,0,0,0,0,0,0,0,0.0,-2.18,FRACO,,27.12,13.15,0.23,0.1,-5.6,200.16
1323,16/08/2023,0.26,0.42,0.12,178.77,217.15,0.0,43.55,139.66,28.01,1323.5,53.13,53.19,10.67,4.9879,0,MENOR_TX_NASC,PLANEJAMENTO,0,0,0,0,0,0,0,0,0,0,0,0,0,0,0,0,0,0,0,0,0,0,0,0.0,-2.18,FRACO,,25.97,13.15,0.23,0.1,-5.6,200.97
1324,17/08/2023,0.26,0.42,0.12,178.05,219.05,0.0,43.97,139.85,28.07,1330.0,53.61,53.22,10.68,4.9758,0,MENOR_TX_NASC,PLANEJAMENTO,0,0,0,0,0,0,0,0,0,0,0,0,0,0,0,0,0,0,0,0,0,0,0,0.0,-2.18,FRACO,,27.78,13.15,0.23,0.1,-5.6,199.04
1325,18/08/2023,0.26,0.42,0.12,178.52,211.85,0.0,42.62,140.86,28.34,1353.25,54.33,53.55,10.77,4.9694,0,MENOR_TX_NASC,PLANEJAMENTO,0,0,0,0,0,0,0,0,0,0,0,0,0,0,0,0,0,0,0,0,0,0,0,0.0,-2.18,FRACO,,29.0,13.15,0.23,0.1,-5.6,198.75
1326,19/08/2023,0.26,0.42,0.12,,,0.0,,,,,,,,,0,MENOR_TX_NASC,PLANEJAMENTO,0,0,0,0,0,0,0,0,0,0,0,0,0,0,0,0,0,0,0,0,0,0,0,0.0,-2.18,FRACO,,28.43,,,,,
1327,20/08/2023,0.26,0.42,0.12,,,0.0,,,,,,,,,0,MENOR_TX_NASC,PLANEJAMENTO,0,0,0,0,0,0,0,0,0,0,0,0,0,0,0,0,0,0,0,0,0,0,0,0.0,-2.18,FRACO,,29.19,,,,,
1328,21/08/2023,0.26,0.42,0.12,178.98,215.1,0.0,43.2,142.23,28.57,1361.75,53.5,53.65,10.77,4.9793,0,MENOR_TX_NASC,PLANEJAMENTO,0,0,0,0,0,0,0,0,0,0,0,0,0,0,0,0,0,0,0,0,0,0,0,0.0,-2.18,FRACO,,28.7,13.15,0.23,0.1,-5.6,197.65
1329,22/08/2023,0.26,0.42,0.12,177.95,214.95,0.0,43.54,140.17,28.39,1346.0,53.81,53.47,10.83,4.9386,0,MENOR_TX_NASC,PLANEJAMENTO,0,0,0,0,0,0,0,0,0,0,0,0,0,0,0,0,0,0,0,0,0,0,0,0.0,-2.18,FRACO,,29.97,13.15,0.23,0.1,-5.6,194.61
1330,23/08/2023,0.26,0.42,0.12,178.05,205.3,0.0,42.3,139.34,28.71,1360.5,53.6,53.96,11.12,4.8572,0,MENOR_TX_NASC,PLANEJAMENTO,0,0,0,0,0,0,0,0,0,0,0,0,0,0,0,0,0,0,0,0,0,0,0,0.0,-2.18,MÉDIO,,29.63,13.15,0.23,0.1,-5.6,195.84
1331,24/08/2023,0.26,0.42,0.12,179.85,199.75,0.0,40.99,139.48,28.62,1371.75,54.11,53.56,10.99,4.8802,0,MENOR_TX_NASC,PLANEJAMENTO,0,0,0,0,0,0,0,0,0,0,0,0,0,0,0,0,0,0,0,0,0,0,0,0.0,-2.18,MÉDIO,,29.9,13.15,0.23,0.1,-5.6,195.22
1332,25/08/2023,0.26,0.42,0.12,180.68,199.9,0.0,41.03,140.48,28.83,1387.75,54.19,53.38,10.96,4.8711,0,MENOR_TX_NASC,PLANEJAMENTO,0,0,0,0,0,0,0,0,0,0,0,0,0,0,0,0,0,0,0,0,0,0,0,0.0,-2.18,MÉDIO,,29.39,13.15,0.23,0.1,-5.6,198.25
1333,26/08/2023,0.26,0.42,0.12,,,0.0,,,,,,,,,0,MENOR_TX_NASC,PLANEJAMENTO,0,0,0,0,0,0,0,0,0,0,0,0,0,0,0,0,0,0,0,0,0,0,0,0.0,-2.18,MÉDIO,,27.13,,,,,
1334,27/08/2023,0.26,0.42,0.12,,,0.0,,,,,,,,,0,MENOR_TX_NASC,PLANEJAMENTO,0,0,0,0,0,0,0,0,0,0,0,0,0,0,0,0,0,0,0,0,0,0,0,0.0,-2.18,MÉDIO,,28.0,,,,,
1335,28/08/2023,0.26,0.42,0.12,180.7,199.25,0.0,40.86,142.7,29.26,1405.75,54.07,53.44,10.96,4.8731,0,MENOR_TX_NASC,PLANEJAMENTO,0,0,0,0,0,0,0,0,0,0,0,0,0,0,0,0,0,0,0,0,0,0,0,0.0,-2.18,MÉDIO,,28.59,13.15,0.23,0.1,-5.6,198.35
1336,29/08/2023,0.26,0.42,0.12,181.0,202.95,0.0,41.81,142.69,29.4,1392.5,53.36,53.5,11.02,4.8523,0,MENOR_TX_NASC,PLANEJAMENTO,0,0,0,0,0,0,0,0,0,0,0,0,0,0,0,0,0,0,0,0,0,0,0,0.0,-2.18,MÉDIO,,28.95,13.15,0.23,0.1,-5.6,197.76
1337,30/08/2023,0.26,0.42,0.12,178.8,199.75,0.0,41.06,141.63,29.11,1386.75,53.06,53.7,11.04,4.889,0,MENOR_TX_NASC,PLANEJAMENTO,0,0,0,0,0,0,0,0,0,0,0,0,0,0,0,0,0,0,0,0,0,0,0,0.0,-2.18,MÉDIO,,26.87,13.15,0.23,0.1,-5.6,197.5
1338,31/08/2023,0.26,0.42,0.12,179.73,199.8,0.0,40.36,141.9,28.67,1368.75,53.15,53.54,10.82,4.9544,0,MENOR_TX_NASC,PLANEJAMENTO,0,0,0,0,0,0,0,0,0,0,0,0,0,0,0,0,0,0,0,0,0,0,0,0.0,-2.18,MÉDIO,,28.68,13.15,0.23,0.1,-5.6,197.73
1339,01/09/2023,0.26,0.42,0.12,180.15,199.65,0.0,40.43,142.64,28.89,1369.25,53.18,53.88,10.91,4.9463,0,MENOR_TX_NASC,ENTRESAFRA,0,0,0,0,0,0,0,0,0,0,0,0,0,0,0,0,0,0,0,0,0,0,0,0.0,-3.48,MÉDIO,5.6,28.21,13.15,0.26,0.1,-5.6,197.93
1340,02/09/2023,0.26,0.42,0.12,,,0.0,,,,,,,,,0,MENOR_TX_NASC,ENTRESAFRA,0,0,0,0,0,0,0,0,0,0,0,0,0,0,0,0,0,0,0,0,0,0,0,0.0,-3.48,MÉDIO,0.0,26.99,,,,,
1341,03/09/2023,0.26,0.42,0.12,,,0.0,,,,,,,,,0,MENOR_TX_NASC,ENTRESAFRA,0,0,0,0,0,0,0,0,0,0,0,0,0,0,0,0,0,0,0,0,0,0,0,0.0,-3.48,MÉDIO,5.0,29.09,,,,,
1342,04/09/2023,0.26,0.42,0.12,,,0.0,,,,,,,,,0,MENOR_TX_NASC,ENTRESAFRA,0,0,0,0,0,0,0,0,0,0,0,0,0,0,0,0,0,0,0,0,0,0,0,0.0,-3.48,MÉDIO,0.0,29.88,13.15,0.26,0.1,-5.6,
1343,05/09/2023,0.26,0.42,0.12,179.95,201.0,0.0,40.36,142.91,28.7,1365.0,53.98,54.0,10.84,4.9671,0,MENOR_TX_NASC,ENTRESAFRA,0,0,0,0,0,0,0,0,0,0,0,0,0,0,0,0,0,0,0,0,0,0,0,0.0,-3.48,MÉDIO,0.0,29.09,13.15,0.26,0.1,-5.6,197.58
1344,06/09/2023,0.26,0.42,0.12,182.7,200.35,0.0,40.17,143.74,28.82,1376.25,54.95,53.86,10.8,4.9784,0,MENOR_TX_NASC,ENTRESAFRA,0,0,0,0,0,0,0,0,0,0,0,0,0,0,0,0,1,0,0,0,0,0,0,0.5,-3.48,MÉDIO,0.0,30.39,13.15,0.26,0.1,-5.6,198.68
1345,07/09/2023,0.26,0.42,0.12,183.65,,0.0,,,,1359.5,,,,4.9767,0,MENOR_TX_NASC,ENTRESAFRA,0,0,0,0,0,0,0,0,0,0,0,0,0,0,0,1,1,0,0,0,0,0,0,1.5,-3.48,MÉDIO,0.0,29.87,,,,,
1346,08/09/2023,0.26,0.42,0.12,183.23,202.7,0.0,40.66,142.07,28.5,1363.0,54.72,54.56,10.94,4.9882,0,MENOR_TX_NASC,ENTRESAFRA,0,0,0,0,0,0,0,0,0,0,0,0,0,0,0,0,1,0,0,0,0,0,0,0.5,-3.48,MÉDIO,0.0,29.21,13.15,0.26,0.1,-5.6,199.98
1347,09/09/2023,0.26,0.42,0.12,,,0.0,,,,,,,,,0,MENOR_TX_NASC,ENTRESAFRA,0,0,0,0,0,0,0,0,0,0,0,0,0,0,0,0,0,0,0,0,0,0,0,0.0,-3.48,MÉDIO,0.0,29.91,,,,,
1348,10/09/2023,0.26,0.42,0.12,,,0.0,,,,,,,,,0,MENOR_TX_NASC,ENTRESAFRA,0,0,0,0,0,0,0,0,0,0,0,0,0,0,0,0,0,0,0,0,0,0,0,0.0,-3.48,MÉDIO,7.0,30.32,,,,,
1349,11/09/2023,0.26,0.42,0.12,184.23,204.15,0.0,41.36,140.71,28.51,1369.0,54.99,53.82,10.9,4.9307,0,MENOR_TX_NASC,ENTRESAFRA,0,0,0,0,0,0,0,0,0,0,0,0,0,0,0,0,0,0,0,0,0,0,0,0.0,-3.48,MÉDIO,19.4,30.31,13.15,0.26,0.1,-5.6,200.89
1350,12/09/2023,0.26,0.42,0.12,184.15,196.35,0.0,39.63,139.98,28.26,1346.5,54.48,53.28,10.76,4.947,0,MENOR_TX_NASC,ENTRESAFRA,0,0,0,0,0,0,0,0,0,0,0,0,0,0,0,0,0,0,0,0,0,0,0,0.0,-3.48,MÉDIO,0.0,30.16,13.15,0.26,0.1,-5.6,201.11
1351,13/09/2023,0.26,0.42,0.12,183.15,202.0,0.0,41.09,139.16,28.31,1349.75,53.83,53.06,10.79,4.9153,0,MENOR_TX_NASC,ENTRESAFRA,0,0,0,0,0,0,0,0,0,0,0,0,0,0,0,0,0,0,0,0,0,0,0,0.0,-3.48,MÉDIO,,30.53,13.15,0.26,0.1,-5.6,202.35
1352,14/09/2023,0.26,0.42,0.12,185.48,204.0,0.0,41.85,139.08,28.53,1360.5,53.47,53.99,11.07,4.8668,0,MENOR_TX_NASC,ENTRESAFRA,0,0,0,0,0,0,0,0,0,0,0,0,0,0,0,0,0,0,0,0,0,0,0,0.0,-3.48,MÉDIO,,29.61,13.15,0.26,0.1,-5.6,202.73
1353,15/09/2023,0.26,0.42,0.12,186.93,213.7,0.0,43.88,138.14,28.36,1355.75,53.64,53.87,11.06,4.8663,0,MENOR_TX_NASC,ENTRESAFRA,0,0,0,0,0,0,0,0,0,0,0,0,0,0,0,0,0,0,0,0,0,0,0,0.0,-3.48,MÉDIO,,30.91,13.15,0.26,0.1,-5.6,201.77
1354,16/09/2023,0.26,0.42,0.12,,,0.0,,,,,,,,,0,MENOR_TX_NASC,ENTRESAFRA,0,0,0,0,0,0,0,0,0,0,0,0,0,0,0,0,0,0,0,0,0,0,0,0.0,-3.48,MÉDIO,,32.17,,,,,
1355,17/09/2023,0.26,0.42,0.12,,,0.0,,,,,,,,,0,MENOR_TX_NASC,ENTRESAFRA,0,0,0,0,0,0,0,0,0,0,0,0,0,0,0,0,0,0,0,0,0,0,0,0.0,-3.48,MÉDIO,,30.25,,,,,
1356,18/09/2023,0.26,0.42,0.12,186.32,214.9,0.0,44.28,137.86,28.41,1332.75,57.45,53.82,11.09,4.8556,0,MENOR_TX_NASC,ENTRESAFRA,0,0,0,0,0,0,0,0,0,0,0,0,0,0,0,0,0,0,0,0,0,0,0,0.0,-3.48,MÉDIO,,29.73,13.15,0.26,0.1,-5.6,201.5
1357,19/09/2023,0.26,0.42,0.12,185.68,209.85,0.0,43.05,136.12,27.92,1331.75,57.09,54.29,11.14,4.8673,0,MENOR_TX_NASC,ENTRESAFRA,0,0,0,0,0,0,0,0,0,0,0,0,0,0,0,0,0,0,0,0,0,0,0,0.0,-3.48,MÉDIO,,29.98,13.15,0.26,0.1,-5.6,201.43
1358,20/09/2023,0.26,0.42,0.12,186.77,215.4,0.0,44.23,136.12,27.95,1336.25,57.18,54.34,11.16,4.8801,0,MENOR_TX_NASC,ENTRESAFRA,0,0,0,0,0,0,0,0,0,0,0,0,0,0,0,0,0,0,0,0,0,0,0,0.0,-3.48,MÉDIO,,30.7,13.15,0.26,0.1,-5.6,200.88
1359,21/09/2023,0.26,0.42,0.12,184.98,218.65,0.0,44.34,135.95,27.57,1310.75,56.76,54.43,11.04,4.9351,0,MENOR_TX_NASC,ENTRESAFRA,0,0,0,0,0,0,0,0,0,0,0,0,0,0,0,0,0,0,0,0,0,0,0,0.0,-3.48,MÉDIO,,30.73,12.65,0.26,0.1,-5.6,197.27
1360,22/09/2023,0.26,0.42,0.12,187.07,222.1,0.0,45.05,136.4,27.67,1313.5,56.91,54.9,11.14,4.9351,0,MENOR_TX_NASC,ENTRESAFRA,0,0,0,0,0,0,0,0,0,0,0,0,0,0,0,0,0,0,0,0,0,0,0,0.0,-3.48,MÉDIO,,31.08,12.65,0.26,0.1,-5.6,196.79
1361,23/09/2023,0.26,0.42,0.12,,,0.0,,,,,,,,,0,MENOR_TX_NASC,ENTRESAFRA,0,0,0,0,0,0,0,0,0,0,0,0,0,0,0,0,0,0,0,0,0,0,0,0.0,-3.48,MÉDIO,,31.73,,,,,
1362,24/09/2023,0.26,0.42,0.12,,,0.0,,,,,,,,,0,MENOR_TX_NASC,ENTRESAFRA,0,0,0,0,0,0,0,0,0,0,0,0,0,0,0,0,0,0,0,0,0,0,0,0.0,-3.48,MÉDIO,,31.5,,,,,
1363,25/09/2023,0.26,0.42,0.12,186.98,220.8,0.0,44.42,136.87,27.53,1315.5,58.0,55.73,11.21,4.9678,0,MENOR_TX_NASC,ENTRESAFRA,0,0,0,0,0,0,0,0,0,0,0,0,0,0,0,0,0,0,0,0,0,0,0,0.0,-3.48,MÉDIO,,31.77,12.65,0.26,0.1,-5.6,195.94
1364,26/09/2023,0.26,0.42,0.12,184.8,226.55,0.0,45.4,137.64,27.58,1321.0,57.82,55.97,11.22,4.9898,0,MENOR_TX_NASC,ENTRESAFRA,0,0,0,0,0,0,0,0,0,0,0,0,0,0,0,0,0,0,0,0,0,0,0,0.0,-3.48,MÉDIO,,32.03,12.65,0.26,0.1,-5.6,194.95
1365,27/09/2023,0.26,0.42,0.12,184.9,228.3,0.0,45.19,138.79,27.47,1323.0,58.39,56.39,11.16,5.0425,0,MENOR_TX_NASC,ENTRESAFRA,0,0,0,0,0,0,0,0,0,0,0,0,0,0,0,0,0,0,0,0,0,0,0,0.0,-3.48,MÉDIO,,29.15,12.65,0.26,0.1,-5.6,195.46
1366,28/09/2023,0.26,0.42,0.12,186.5,234.5,0.0,46.56,138.7,27.54,1319.25,58.57,57.02,11.32,5.0331,0,MENOR_TX_NASC,ENTRESAFRA,0,0,0,0,0,0,0,0,0,0,0,0,0,0,0,0,0,0,0,0,0,0,0,0.0,-3.48,MÉDIO,,29.4,12.65,0.26,0.1,-5.6,196.73
1367,29/09/2023,0.26,0.42,0.12,184.2,236.15,0.0,46.96,137.63,27.37,1294.5,58.29,57.47,11.43,5.032,0,MENOR_TX_NASC,ENTRESAFRA,0,0,0,0,0,0,0,0,0,0,0,0,0,0,0,0,0,0,0,0,0,0,0,0.0,-3.48,MÉDIO,,27.59,12.65,0.26,0.1,-5.6,195.33
1368,30/09/2023,0.26,0.42,0.12,,,0.0,,,,,,,,,0,MENOR_TX_NASC,ENTRESAFRA,0,0,0,0,0,0,0,0,0,0,0,0,0,0,0,0,0,0,0,0,0,0,0,0.0,-3.48,MÉDIO,,29.32,,,,,
1369,01/10/2023,0.26,0.42,0.12,,,0.0,,,,,,,,,0,ESTACAO_MONTA,ENTRESAFRA,0,0,0,0,0,0,0,0,0,0,0,0,0,0,0,0,0,0,0,0,0,0,0,0.0,1.16,MÉDIO,1.6,31.43,,,,,
1370,02/10/2023,0.26,0.42,0.12,184.43,236.05,0.0,46.59,136.55,26.95,1296.75,59.36,58.08,11.46,5.061,0,ESTACAO_MONTA,ENTRESAFRA,0,0,0,0,0,0,0,0,0,0,0,0,0,0,0,0,0,0,0,0,0,0,0,0.0,1.16,MÉDIO,0.0,32.21,12.65,0.24,0.6,-5.3,195.26
1371,03/10/2023,0.26,0.42,0.12,182.13,238.8,0.0,46.32,136.6,26.5,1292.0,59.77,57.81,11.21,5.1669,0,ESTACAO_MONTA,ENTRESAFRA,0,0,0,0,0,0,0,0,0,0,0,0,0,0,0,0,0,0,0,0,0,0,0,0.0,1.16,MÉDIO,0.0,30.06,12.65,0.24,0.6,-5.3,196.73
1372,04/10/2023,0.26,0.42,0.12,182.2,233.95,0.0,45.42,137.87,26.77,1292.25,59.91,58.47,11.35,5.1562,0,ESTACAO_MONTA,ENTRESAFRA,0,0,0,0,0,0,0,0,0,0,0,0,0,0,0,0,0,0,0,0,0,0,0,0.0,1.16,MÉDIO,0.2,30.82,12.65,0.24,0.6,-5.3,198.27
1373,05/10/2023,0.26,0.42,0.12,181.95,239.2,0.0,46.23,137.56,26.59,1298.5,60.84,59.19,11.44,5.1658,0,ESTACAO_MONTA,ENTRESAFRA,0,0,0,0,0,0,0,0,0,0,0,0,0,0,0,0,0,0,0,0,0,0,0,0.0,1.16,MÉDIO,0.0,30.3,12.65,0.24,0.6,-5.3,202.33
1374,06/10/2023,0.26,0.42,0.12,183.07,239.8,0.0,46.47,138.18,26.78,1284.5,60.7,59.72,11.57,5.1457,0,ESTACAO_MONTA,ENTRESAFRA,0,0,0,0,0,0,0,0,0,0,0,0,0,0,0,0,0,0,0,0,0,0,0,0.0,1.16,MÉDIO,0.0,28.04,12.65,0.24,0.6,-5.3,206.75
1375,07/10/2023,0.26,0.42,0.12,,,0.0,,,,,,,,,0,ESTACAO_MONTA,ENTRESAFRA,0,0,0,0,0,0,0,0,0,0,0,0,0,0,0,0,0,0,0,0,0,0,0,0.0,1.16,MÉDIO,0.0,28.58,,,,,
1376,08/10/2023,0.26,0.42,0.12,,,0.0,,,,,,,,,0,ESTACAO_MONTA,ENTRESAFRA,0,0,0,0,0,0,0,0,0,0,0,0,0,0,0,0,0,0,0,0,0,0,0,0.0,1.16,MÉDIO,0.0,31.14,,,,,
1377,09/10/2023,0.26,0.42,0.12,182.38,238.0,0.0,46.35,136.52,26.59,1282.5,61.22,59.96,11.68,5.1355,0,ESTACAO_MONTA,ENTRESAFRA,0,0,0,0,0,0,0,0,0,0,0,0,0,0,0,0,0,0,0,0,0,0,0,0.0,1.16,MÉDIO,0.0,30.75,12.65,0.24,0.6,-5.3,210.49
1378,10/10/2023,0.26,0.42,0.12,182.57,237.8,0.0,46.97,135.12,26.69,1289.25,60.49,60.52,11.95,5.0516,0,ESTACAO_MONTA,ENTRESAFRA,0,0,0,0,0,0,0,0,0,0,0,0,0,0,0,0,0,0,0,0,0,0,0,0.5,1.16,MÉDIO,1.0,28.8,12.65,0.24,0.6,-5.3,210.81
1379,11/10/2023,0.26,0.42,0.12,184.5,233.05,0.0,46.13,134.42,26.61,1272.25,61.35,60.34,11.94,5.0483,0,ESTACAO_MONTA,ENTRESAFRA,0,0,0,0,0,0,0,0,0,0,0,0,0,0,0,0,0,0,0,0,0,0,0,0.5,1.16,MÉDIO,0.0,27.23,12.65,0.24,0.6,-5.3,211.79
1380,12/10/2023,0.26,0.42,0.12,185.4,,0.0,,,,1308.75,,,,5.046,0,ESTACAO_MONTA,ENTRESAFRA,0,0,0,0,0,0,0,0,0,0,0,0,0,0,0,0,0,1,0,0,0,0,0,1.5,1.16,MÉDIO,0.0,28.88,,,,,
1381,13/10/2023,0.26,0.42,0.12,185.13,231.9,0.0,45.54,136.23,26.75,1300.0,62.14,59.74,11.73,5.0801,0,ESTACAO_MONTA,ENTRESAFRA,0,0,0,0,0,0,0,0,0,0,0,0,0,0,0,0,0,0,0,0,0,0,0,0.0,1.16,MÉDIO,,30.46,12.65,0.24,0.6,-5.3,214.02
1382,14/10/2023,0.26,0.42,0.12,,,0.0,,,,,,,,,0,ESTACAO_MONTA,ENTRESAFRA,0,0,0,0,0,0,0,0,0,0,0,0,0,0,0,0,0,0,0,0,0,0,0,0.0,1.16,MÉDIO,,28.56,,,,,
1383,15/10/2023,0.26,0.42,0.12,,,0.0,,,,,,,,,0,ESTACAO_MONTA,ENTRESAFRA,0,0,0,0,0,0,0,0,0,0,0,0,0,0,0,0,0,0,0,0,0,0,0,0.0,1.16,MÉDIO,,28.02,,,,,
1384,16/10/2023,0.26,0.42,0.12,185.2,243.45,0.0,48.29,136.74,27.13,1305.75,61.9,59.42,11.79,5.0377,0,ESTACAO_MONTA,ENTRESAFRA,0,0,0,0,0,0,0,0,0,0,0,0,0,0,0,0,0,0,0,0,0,0,0,0.0,1.16,MÉDIO,,29.7,12.65,0.24,0.6,-5.3,213.47
1385,17/10/2023,0.26,0.42,0.12,185.5,241.7,0.0,48.02,136.96,27.21,1316.25,60.55,58.81,11.69,5.0414,0,ESTACAO_MONTA,ENTRESAFRA,0,0,0,0,0,0,0,0,0,0,0,0,0,0,0,0,0,0,0,0,0,0,0,0.0,1.16,MÉDIO,,31.03,12.65,0.24,0.6,-5.3,211.21
1386,18/10/2023,0.26,0.42,0.12,185.73,230.8,0.0,45.65,137.99,27.29,1329.25,60.46,58.48,11.57,5.0591,0,ESTACAO_MONTA,ENTRESAFRA,0,0,0,0,0,0,0,0,0,0,0,0,0,0,0,0,0,0,0,0,0,0,0,0.0,1.16,MÉDIO,,30.9,12.65,0.24,0.6,-5.3,210.71
1387,19/10/2023,0.26,0.42,0.12,184.4,242.1,0.0,47.95,138.61,27.45,1331.75,61.29,58.53,11.59,5.0646,0,ESTACAO_MONTA,ENTRESAFRA,0,0,0,0,0,0,0,0,0,0,0,0,0,0,0,0,0,0,0,0,0,0,0,0.0,1.16,MÉDIO,,31.23,12.65,0.24,0.6,-5.3,208.89
1388,20/10/2023,0.26,0.42,0.12,184.27,241.1,0.0,47.88,138.21,27.45,1320.25,60.64,58.84,11.69,5.0312,0,ESTACAO_MONTA,ENTRESAFRA,0,0,0,0,0,0,0,0,0,0,0,0,0,0,0,0,0,0,0,0,0,0,0,0.0,1.16,MÉDIO,,31.11,12.65,0.24,0.6,-5.3,207.61
1389,21/10/2023,0.26,0.42,0.12,,,0.0,,,,,,,,,0,ESTACAO_MONTA,ENTRESAFRA,0,0,0,0,0,0,0,0,0,0,0,0,0,0,0,0,0,0,0,0,0,0,0,0.0,1.16,MÉDIO,,32.45,,,,,
1390,22/10/2023,0.26,0.42,0.12,,,0.0,,,,,,,,,0,ESTACAO_MONTA,ENTRESAFRA,0,0,0,0,0,0,0,0,0,0,0,0,0,0,0,0,0,0,0,0,0,0,0,0.0,1.16,MÉDIO,,31.95,,,,,
1391,23/10/2023,0.26,0.42,0.12,178.25,237.4,0.0,47.28,137.06,27.3,1305.5,60.03,59.0,11.75,5.0112,0,ESTACAO_MONTA,ENTRESAFRA,0,0,0,0,0,0,0,0,0,0,0,0,0,0,0,0,0,0,0,0,0,0,0,0.0,1.16,MÉDIO,,28.71,12.65,0.24,0.6,-5.3,208.39
1392,24/10/2023,0.26,0.42,0.12,180.0,239.45,0.0,47.92,136.38,27.29,1314.5,59.18,58.92,11.79,4.9908,0,ESTACAO_MONTA,ENTRESAFRA,0,0,0,0,0,0,0,0,0,0,0,0,0,0,0,0,0,0,0,0,0,0,0,0.0,1.16,MÉDIO,,28.44,12.65,0.24,0.6,-5.3,209.01
1393,25/10/2023,0.26,0.42,0.12,181.13,240.05,0.0,48.01,136.24,27.25,1308.5,59.33,58.91,11.78,4.9947,0,ESTACAO_MONTA,ENTRESAFRA,0,0,0,0,0,0,0,0,0,0,0,0,0,0,0,0,0,0,0,0,0,0,0,0.0,1.16,MÉDIO,,30.78,12.65,0.24,0.6,-5.3,208.85
1394,26/10/2023,0.26,0.42,0.12,181.7,240.75,0.0,48.22,136.58,27.36,1300.25,59.4,58.81,11.78,4.9861,0,ESTACAO_MONTA,ENTRESAFRA,0,0,0,0,0,0,0,0,0,0,0,0,0,0,0,0,0,0,0,0,0,0,0,0.0,1.16,MÉDIO,,26.1,12.65,0.24,0.6,-5.3,210.16
1395,27/10/2023,0.26,0.42,0.12,184.0,230.0,0.0,45.86,136.47,27.21,1319.5,60.23,58.98,11.76,5.0152,0,ESTACAO_MONTA,ENTRESAFRA,0,0,0,0,0,0,0,0,0,0,0,0,0,0,0,0,0,0,0,0,0,0,0,0.0,1.16,MÉDIO,,27.82,12.65,0.24,0.6,-5.3,203.92
1396,28/10/2023,0.26,0.42,0.12,,,0.0,,,,,,,,,0,ESTACAO_MONTA,ENTRESAFRA,0,0,0,0,0,0,0,0,0,0,0,0,0,0,0,0,0,0,0,0,0,0,0,0.0,1.16,MÉDIO,,30.46,,,,,
1397,29/10/2023,0.26,0.42,0.12,,,0.0,,,,,,,,,0,ESTACAO_MONTA,ENTRESAFRA,0,0,0,0,0,0,0,0,0,0,0,0,0,0,0,0,0,0,0,0,0,0,0,0.0,1.16,MÉDIO,,30.65,,,,,
1398,30/10/2023,0.26,0.42,0.12,184.13,241.7,0.0,47.94,137.31,27.23,1307.25,60.82,59.25,11.75,5.0472,0,ESTACAO_MONTA,ENTRESAFRA,0,0,0,0,0,0,0,0,0,0,0,0,0,0,0,0,0,0,0,0,0,0,0,0.0,1.16,MÉDIO,,30.77,12.65,0.24,0.6,-5.3,206.16
1399,31/10/2023,0.26,0.42,0.12,183.75,237.5,0.0,47.17,137.53,27.31,1310.5,60.7,60.02,11.92,5.035,0,ESTACAO_MONTA,ENTRESAFRA,0,0,0,0,0,0,0,0,0,0,0,0,0,0,0,0,0,0,0,1,0,0,0,0.5,1.16,MÉDIO,,28.39,12.65,0.24,0.6,-5.3,208.24
1400,01/11/2023,0.26,0.42,0.12,183.63,232.85,0.0,46.79,136.71,27.47,1315.0,60.2,60.03,12.06,4.9534,0,ESTACAO_MONTA,SAFRA,0,0,0,0,0,0,0,0,0,0,0,0,0,0,0,0,0,0,0,1,0,0,0,0.5,0.28,MÉDIO,48.6,30.55,12.65,0.28,0.6,-5.3,205.76
1401,02/11/2023,0.26,0.42,0.12,184.68,,0.0,,,,1328.25,,,,4.9534,0,ESTACAO_MONTA,SAFRA,0,0,0,0,0,0,0,0,0,0,0,0,0,0,0,0,0,0,1,1,0,0,0,1.5,0.28,MÉDIO,0.0,28.73,,,,,
1402,03/11/2023,0.26,0.42,0.12,183.88,234.95,0.0,47.96,137.41,28.05,1351.75,60.14,59.99,12.25,4.9012,0,ESTACAO_MONTA,SAFRA,0,0,0,0,0,0,0,0,0,0,0,0,0,0,0,0,0,0,0,0,0,0,0,0.0,0.28,MÉDIO,0.0,28.83,12.15,0.28,0.6,-5.3,203.52
1403,04/11/2023,0.26,0.42,0.12,,,0.0,,,,,,,,,0,ESTACAO_MONTA,SAFRA,0,0,0,0,0,0,0,0,0,0,0,0,0,0,0,0,0,0,0,0,0,0,0,0.0,0.28,MÉDIO,0.0,28.4,,,,,
1404,05/11/2023,0.26,0.42,0.12,,,0.0,,,,,,,,,0,ESTACAO_MONTA,SAFRA,0,0,0,0,0,0,0,0,0,0,0,0,0,0,0,0,0,0,0,0,0,0,0,0.0,0.28,MÉDIO,0.0,29.86,,,,,
1405,06/11/2023,0.26,0.42,0.12,181.32,240.6,0.0,49.19,137.82,28.18,1364.0,60.69,60.05,12.28,4.8853,0,ESTACAO_MONTA,SAFRA,0,0,0,0,0,0,0,0,0,0,0,0,0,0,0,0,0,0,0,0,0,0,0,0.0,0.28,MÉDIO,0.0,28.39,12.15,0.28,0.6,-5.3,207.83
1406,07/11/2023,0.26,0.42,0.12,178.77,228.5,0.0,46.93,137.85,28.31,1362.0,59.98,59.46,12.21,4.8724,0,ESTACAO_MONTA,SAFRA,0,0,0,0,0,0,0,0,0,0,0,0,0,0,0,0,0,0,0,0,0,0,0,0.0,0.28,MÉDIO,0.0,28.57,12.15,0.28,0.6,-5.3,207.17
1407,08/11/2023,0.26,0.42,0.12,179.4,229.5,0.0,46.79,138.5,28.24,1365.75,59.96,59.36,12.1,4.9103,0,ESTACAO_MONTA,SAFRA,0,0,0,0,0,0,0,0,0,0,0,0,0,0,0,0,0,0,0,0,0,0,0,0.0,0.28,MÉDIO,0.0,27.8,12.15,0.28,0.6,-5.3,207.36
1408,09/11/2023,0.26,0.42,0.12,174.35,228.25,0.0,46.31,138.16,28.03,1343.5,59.91,59.51,12.07,4.9342,0,ESTACAO_MONTA,SAFRA,0,0,0,0,0,0,0,0,0,0,0,0,0,0,0,0,0,0,0,0,0,0,0,0.0,0.28,MÉDIO,0.0,27.33,12.15,0.28,0.6,-5.3,211.09
1409,10/11/2023,0.26,0.42,0.12,174.18,234.65,0.0,47.78,137.71,28.04,1347.5,60.28,59.87,12.19,4.9013,0,ESTACAO_MONTA,SAFRA,0,0,0,0,0,0,0,0,0,0,0,0,0,0,0,0,0,0,0,0,0,0,0,0.0,0.28,MÉDIO,15.0,28.83,12.15,0.28,0.6,-5.3,211.8
1410,11/11/2023,0.26,0.42,0.12,,,0.0,,,,,,,,,0,ESTACAO_MONTA,SAFRA,0,0,0,0,0,0,0,0,0,0,0,0,0,0,0,0,0,0,0,0,0,0,0,0.0,0.28,MÉDIO,0.0,29.71,,,,,
1411,12/11/2023,0.26,0.42,0.12,,,0.0,,,,,,,,,0,ESTACAO_MONTA,SAFRA,0,0,0,0,0,0,0,0,0,0,0,0,0,0,0,0,0,0,0,0,0,0,0,0.0,0.28,MÉDIO,11.8,30.38,,,,,
1412,13/11/2023,0.26,0.42,0.12,174.93,231.75,0.0,47.22,138.56,28.23,1382.5,60.66,59.67,12.16,4.9075,0,ESTACAO_MONTA,SAFRA,0,0,0,0,0,0,0,0,0,0,0,0,0,0,0,0,0,0,0,0,0,0,0,0.0,0.28,MÉDIO,,29.62,12.15,0.28,0.6,-5.3,211.77
1413,14/11/2023,0.26,0.42,0.12,175.85,231.25,0.0,47.53,139.31,28.64,1389.75,60.08,60.15,12.36,4.8654,0,ESTACAO_MONTA,SAFRA,0,0,0,0,0,0,0,0,0,0,0,0,0,0,0,0,0,0,0,0,0,0,0,0.0,0.28,MÉDIO,,30.19,12.15,0.28,0.6,-5.3,206.58
1414,15/11/2023,0.26,0.42,0.12,177.77,,0.0,,,,1399.5,,,,4.862,0,ESTACAO_MONTA,SAFRA,0,0,0,0,0,0,0,0,0,0,0,0,0,0,0,0,0,0,0,0,0,0,0,0.0,0.28,MÉDIO,,32.44,,,,,
1415,16/11/2023,0.26,0.42,0.12,174.75,227.95,0.0,46.83,138.74,28.5,1375.0,60.32,61.14,12.56,4.8632,0,ESTACAO_MONTA,SAFRA,0,0,0,0,0,0,0,0,0,0,0,0,0,0,0,0,0,0,0,0,0,0,0,0.0,0.28,MÉDIO,,28.78,12.15,0.28,0.6,-5.3,207.0
1416,17/11/2023,0.26,0.42,0.12,175.75,235.6,0.0,48.03,137.35,28.0,1356.5,67.03,60.74,12.38,4.9059,0,ESTACAO_MONTA,SAFRA,0,0,0,0,0,0,0,0,0,0,0,0,0,0,0,0,0,0,0,0,0,0,0,0.0,0.28,MÉDIO,,29.23,12.15,0.28,0.6,-5.3,208.2
1417,18/11/2023,0.26,0.42,0.12,,,0.0,,,,,,,,,0,ESTACAO_MONTA,SAFRA,0,0,0,0,0,0,0,0,0,0,0,0,0,0,0,0,0,0,0,0,0,0,0,0.0,0.28,MÉDIO,,29.59,,,,,
1418,19/11/2023,0.26,0.42,0.12,,,0.0,,,,,,,,,0,ESTACAO_MONTA,SAFRA,0,0,0,0,0,0,0,0,0,0,0,0,0,0,0,0,0,0,0,0,0,0,0,0.0,0.28,MÉDIO,,31.23,,,,,
1419,20/11/2023,0.26,0.42,0.12,175.48,235.6,0.0,48.03,137.82,28.41,1383.25,67.76,60.76,12.52,4.8543,0,ESTACAO_MONTA,SAFRA,0,0,0,0,0,0,0,0,0,0,0,0,0,0,0,0,0,0,0,0,0,0,0,0.0,0.28,MÉDIO,,28.24,12.15,0.28,0.6,-5.3,206.82
1420,21/11/2023,0.26,0.42,0.12,175.0,235.65,0.0,48.08,139.23,28.41,1393.0,68.91,61.11,12.47,4.9006,0,ESTACAO_MONTA,SAFRA,0,0,0,0,0,0,0,0,0,0,0,0,0,0,0,0,0,0,0,0,0,0,0,0.0,0.28,MÉDIO,,28.65,12.15,0.28,0.6,-5.3,210.29
1421,22/11/2023,0.26,0.42,0.12,174.48,232.8,0.0,47.51,139.24,28.42,1374.25,68.81,61.16,12.48,4.9068,0,ESTACAO_MONTA,SAFRA,0,0,0,0,0,0,0,0,0,0,0,0,0,0,0,0,0,0,0,0,0,0,0,0.0,0.28,MÉDIO,,27.97,12.15,0.28,0.6,-5.3,211.06
1422,23/11/2023,0.26,0.42,0.12,174.4,237.8,0.0,48.46,139.16,28.36,,67.72,61.18,12.47,4.9039,0,ESTACAO_MONTA,SAFRA,0,0,0,0,0,0,0,0,0,0,0,0,0,0,0,0,0,0,0,0,0,0,0,0.0,0.28,MÉDIO,,27.96,12.15,0.28,0.6,-5.3,
1423,24/11/2023,0.26,0.42,0.12,170.25,232.35,0.0,47.45,138.2,28.22,1348.75,66.76,60.96,12.45,4.902,0,ESTACAO_MONTA,SAFRA,0,0,0,0,0,0,0,0,0,0,0,0,0,0,0,0,0,0,0,0,0,0,0,0.0,0.28,MÉDIO,,28.32,12.15,0.28,0.6,-5.3,211.88
1424,25/11/2023,0.26,0.42,0.12,,,0.0,,,,,,,,,0,ESTACAO_MONTA,SAFRA,0,0,0,0,0,0,0,0,0,0,0,0,0,0,0,0,0,0,0,0,0,0,0,0.0,0.28,MÉDIO,,31.03,,,,,
1425,26/11/2023,0.26,0.42,0.12,,,0.0,,,,,,,,,0,ESTACAO_MONTA,SAFRA,0,0,0,0,0,0,0,0,0,0,0,0,0,0,0,0,0,0,0,0,0,0,0,0.0,0.28,MÉDIO,,28.28,,,,,
1426,27/11/2023,0.26,0.42,0.12,168.77,241.7,0.0,49.35,136.86,27.94,1348.25,65.77,61.51,12.56,4.8964,0,ESTACAO_MONTA,SAFRA,0,0,0,0,0,0,0,0,0,0,0,0,0,0,0,0,0,0,0,0,0,0,0,0.0,0.28,MÉDIO,,26.92,12.15,0.28,0.6,-5.3,211.43
1427,28/11/2023,0.26,0.42,0.12,171.65,244.7,0.0,50.23,137.27,28.17,1364.75,68.21,61.92,12.71,4.8705,0,ESTACAO_MONTA,SAFRA,0,0,0,0,0,0,0,0,0,0,0,0,0,0,0,0,0,0,0,0,0,0,0,0.0,0.28,MÉDIO,,30.41,12.15,0.28,0.6,-5.3,210.66
1428,29/11/2023,0.26,0.42,0.12,171.9,241.2,0.0,49.34,138.14,28.25,1365.5,67.93,61.63,12.61,4.9029,0,ESTACAO_MONTA,SAFRA,0,0,0,0,0,0,0,0,0,0,0,0,0,0,0,0,0,0,0,0,0,0,0,0.0,0.28,MÉDIO,,30.96,12.15,0.28,0.6,-5.3,209.59
1429,30/11/2023,0.26,0.42,0.12,170.88,239.7,0.0,48.71,139.39,28.32,1362.25,69.88,62.74,12.75,4.9205,0,ESTACAO_MONTA,SAFRA,0,0,0,0,0,0,0,0,0,0,0,0,0,0,0,0,0,0,0,0,0,0,0,0.0,0.28,MÉDIO,,30.04,12.15,0.28,0.6,-5.3,213.02
1430,01/12/2023,0.26,0.42,0.12,169.27,248.1,0.0,50.89,138.32,28.37,1345.5,69.9,62.63,12.85,4.8801,0,ESTACAO_MONTA,PLANEJAMENTO,0,0,0,0,0,0,0,0,0,0,0,0,0,0,0,0,0,0,0,0,0,0,0,0.0,0.8,FORTE,0.0,28.26,12.15,0.56,0.6,-5.3,214.17
1431,02/12/2023,0.26,0.42,0.12,,,0.0,,,,,,,,,0,ESTACAO_MONTA,PLANEJAMENTO,0,0,0,0,0,0,0,0,0,0,0,0,0,0,0,0,0,0,0,0,0,0,0,0.0,0.8,FORTE,9.4,29.31,,,,,
1432,03/12/2023,0.26,0.42,0.12,,,0.0,,,,,,,,,0,ESTACAO_MONTA,PLANEJAMENTO,0,0,0,0,0,0,0,0,0,0,0,0,0,0,0,0,0,0,0,0,0,0,0,0.0,0.8,FORTE,0.0,27.58,,,,,
1433,04/12/2023,0.26,0.42,0.12,167.25,249.45,0.0,50.4,137.8,27.84,1326.5,69.98,63.29,12.79,4.9432,0,ESTACAO_MONTA,PLANEJAMENTO,0,0,0,0,0,0,0,0,0,0,0,0,0,0,0,0,0,0,0,0,0,0,0,0.0,0.8,FORTE,0.0,26.31,12.15,0.56,0.6,-5.3,214.41
1434,05/12/2023,0.26,0.42,0.12,168.5,246.35,0.0,49.98,138.66,28.13,1326.5,70.59,64.67,13.12,4.9306,0,ESTACAO_MONTA,PLANEJAMENTO,0,0,0,0,0,0,0,0,0,0,0,0,0,0,0,0,0,0,0,0,0,0,0,0.0,0.8,FORTE,0.0,27.52,12.15,0.56,0.6,-5.3,213.0
1435,06/12/2023,0.26,0.42,0.12,163.45,240.7,0.0,49.07,138.06,28.15,1315.5,70.09,64.91,13.23,4.9022,0,ESTACAO_MONTA,PLANEJAMENTO,0,0,0,0,0,0,0,0,0,0,0,0,0,0,0,0,0,0,0,0,0,0,0,0.0,0.8,FORTE,0.0,31.06,12.15,0.56,0.6,-5.3,209.01
1436,07/12/2023,0.26,0.42,0.12,162.35,243.05,0.0,49.49,137.95,28.09,1330.25,70.97,65.79,13.4,4.9115,0,ESTACAO_MONTA,PLANEJAMENTO,0,0,0,0,0,0,0,0,0,0,0,0,0,0,0,0,0,0,0,0,0,0,0,0.0,0.8,FORTE,0.0,31.95,12.15,0.56,0.6,-5.3,205.58
1437,08/12/2023,0.26,0.42,0.12,165.45,247.95,0.0,50.35,139.29,28.28,1323.0,71.45,65.94,13.39,4.9317,0,ESTACAO_MONTA,PLANEJAMENTO,0,0,0,0,0,0,0,0,0,0,0,0,0,0,0,0,0,0,0,0,0,0,0,0.0,0.8,FORTE,0.0,30.5,12.15,0.56,0.6,-5.3,206.45
1438,09/12/2023,0.26,0.42,0.12,,,0.0,,,,,,,,,0,ESTACAO_MONTA,PLANEJAMENTO,0,0,0,0,0,0,0,0,0,0,0,0,0,0,0,0,0,0,0,0,0,0,0,0.0,0.8,FORTE,0.0,31.5,,,,,
1439,10/12/2023,0.26,0.42,0.12,,,0.0,,,,,,,,,0,ESTACAO_MONTA,PLANEJAMENTO,0,0,0,0,0,0,0,0,0,0,0,0,0,0,0,0,0,0,0,0,0,0,0,0.0,0.8,FORTE,11.4,30.94,,,,,
1440,11/12/2023,0.26,0.42,0.12,166.98,249.4,0.0,50.54,139.65,28.3,1353.25,71.37,67.26,13.63,4.9386,0,ESTACAO_MONTA,PLANEJAMENTO,0,0,0,0,0,0,0,0,0,0,0,0,0,0,0,0,0,0,0,0,0,0,0,0.0,0.8,FORTE,0.0,26.0,12.15,0.56,0.6,-5.3,210.16
1441,12/12/2023,0.26,0.42,0.12,167.7,250.8,0.0,50.51,139.84,28.17,1342.75,73.07,67.5,13.59,4.9631,0,ESTACAO_MONTA,PLANEJAMENTO,0,0,0,0,0,0,0,0,0,0,0,0,0,0,0,0,0,0,0,0,0,0,0,0.0,0.8,FORTE,0.0,28.78,12.15,0.56,0.6,-5.3,208.9
1442,13/12/2023,0.26,0.42,0.12,166.95,248.65,0.0,50.45,141.66,28.74,1326.25,73.13,68.13,13.82,4.9197,0,ESTACAO_MONTA,PLANEJAMENTO,0,0,0,0,0,0,0,0,0,0,0,0,0,0,0,0,0,0,0,0,0,0,0,0.0,0.8,FORTE,,30.13,12.15,0.56,0.6,-5.3,207.95
1443,14/12/2023,0.26,0.42,0.12,167.5,249.4,0.0,50.84,140.7,28.68,1332.0,72.23,68.21,13.9,4.9155,0,ESTACAO_MONTA,PLANEJAMENTO,0,0,0,0,0,0,0,0,0,0,0,0,0,0,0,0,0,0,0,0,0,0,0,0.0,0.8,FORTE,,28.43,11.65,0.56,0.6,-5.3,205.02
1444,15/12/2023,0.26,0.42,0.12,168.23,249.15,0.0,50.39,140.49,28.42,1331.5,73.12,67.57,13.67,4.9371,0,ESTACAO_MONTA,PLANEJAMENTO,0,0,0,0,0,0,0,0,0,0,0,0,1,0,0,0,0,0,0,0,0,0,0,0.5,0.8,FORTE,,29.97,11.65,0.56,0.6,-5.3,201.68
1445,16/12/2023,0.26,0.42,0.12,,,0.0,,,,,,,,,0,ESTACAO_MONTA,PLANEJAMENTO,0,0,0,0,0,0,0,0,0,0,0,0,1,0,0,0,0,0,0,0,0,0,0,0.5,0.8,FORTE,,29.88,,,,,
1446,17/12/2023,0.26,0.42,0.12,,,0.0,,,,,,,,,0,ESTACAO_MONTA,PLANEJAMENTO,0,0,0,0,0,0,0,0,0,0,0,0,1,0,0,0,0,0,0,0,0,0,0,0.5,0.8,FORTE,,28.41,,,,,
1447,18/12/2023,0.26,0.42,0.12,168.82,250.35,0.0,51.0,140.91,28.7,1340.0,72.5,67.56,13.76,4.8967,0,ESTACAO_MONTA,PLANEJAMENTO,0,0,0,0,0,0,0,0,0,0,0,0,1,0,0,0,0,0,0,0,0,0,0,0.5,0.8,FORTE,,28.44,11.65,0.56,0.6,-5.3,206.03
1448,19/12/2023,0.26,0.42,0.12,168.45,242.8,0.0,49.95,139.95,28.79,1322.5,70.48,67.42,13.87,4.8675,0,ESTACAO_MONTA,PLANEJAMENTO,0,0,0,0,0,0,0,0,0,0,0,0,1,0,0,0,0,0,0,0,0,0,0,0.5,0.8,FORTE,,32.65,11.65,0.56,0.6,-5.3,207.75
1449,20/12/2023,0.26,0.42,0.12,170.02,248.9,0.0,50.79,138.98,28.36,1315.75,71.47,67.55,13.78,4.9163,0,ESTACAO_MONTA,PLANEJAMENTO,0,0,0,0,0,0,0,0,0,0,0,0,1,0,0,0,0,0,0,0,0,0,1,1.0,0.8,FORTE,,24.42,11.65,0.56,0.6,-5.3,205.89
1450,21/12/2023,0.26,0.42,0.12,170.55,250.2,0.0,51.2,139.2,28.48,1301.75,71.44,67.59,13.83,4.8844,0,ESTACAO_MONTA,PLANEJAMENTO,0,0,0,0,0,0,0,0,0,0,0,0,1,0,0,0,0,0,0,0,0,0,1,1.0,0.8,FORTE,,28.1,11.65,0.56,0.6,-5.3,208.55
1451,22/12/2023,0.26,0.42,0.12,170.05,251.9,0.0,51.82,138.99,28.59,1306.25,70.39,67.56,13.9,4.8585,0,ESTACAO_MONTA,PLANEJAMENTO,0,0,0,0,0,0,0,0,0,0,0,0,1,0,0,0,0,0,0,0,0,0,1,1.0,0.8,FORTE,,28.2,11.65,0.56,0.6,-5.3,209.07
1452,23/12/2023,0.26,0.42,0.12,,,0.0,,,,,,,,,0,ESTACAO_MONTA,PLANEJAMENTO,0,0,0,0,0,0,0,0,0,0,0,0,1,0,0,0,0,0,0,0,0,0,1,1.0,0.8,FORTE,,26.82,,,,,
1453,24/12/2023,0.26,0.42,0.12,,,0.0,,,,,,,,,0,ESTACAO_MONTA,PLANEJAMENTO,0,0,0,0,0,0,0,0,0,0,0,0,1,0,0,0,0,0,0,0,0,1,1,1.5,0.8,FORTE,,33.99,,,,,
1454,25/12/2023,0.26,0.42,0.12,,,0.0,,,,,,,,,0,ESTACAO_MONTA,PLANEJAMENTO,0,0,0,0,0,0,0,0,0,0,0,0,1,0,0,0,0,0,0,0,1,1,1,2.5,0.8,FORTE,,36.23,,,,,
1455,26/12/2023,0.26,0.42,0.12,170.57,252.5,0.0,52.32,137.96,28.59,1319.0,70.16,67.84,14.06,4.814,0,ESTACAO_MONTA,PLANEJAMENTO,0,0,0,0,0,0,0,0,0,0,0,0,1,0,0,0,0,0,0,0,0,0,1,1.0,0.8,FORTE,,32.69,11.65,0.56,0.6,-5.3,209.55
1456,27/12/2023,0.26,0.42,0.12,170.73,252.05,0.0,52.15,137.96,28.59,1320.5,69.56,68.02,14.07,4.8267,0,ESTACAO_MONTA,PLANEJAMENTO,0,0,0,0,0,0,0,0,0,0,0,0,1,0,0,0,0,0,0,0,0,0,1,1.0,0.8,FORTE,,35.69,11.65,0.56,0.6,-5.3,210.54
1457,28/12/2023,0.26,0.42,0.12,171.2,252.3,0.0,52.0,136.86,28.21,1312.0,71.12,69.21,14.26,4.8521,0,ESTACAO_MONTA,PLANEJAMENTO,0,0,0,0,0,0,0,0,0,0,0,0,1,0,0,0,0,0,0,0,0,0,1,1.0,0.8,FORTE,,24.2,11.65,0.56,0.6,-5.3,211.02
1458,29/12/2023,0.26,0.42,0.12,173.68,,0.0,,,,1298.0,,,,4.8521,0,ESTACAO_MONTA,PLANEJAMENTO,0,0,0,0,0,0,0,0,0,0,0,0,1,0,0,0,0,0,0,0,0,0,1,1.0,0.8,FORTE,,33.66,11.65,0.56,0.6,-5.3,210.6
1459,30/12/2023,0.26,0.42,0.12,,,0.0,,,,,,,,,0,ESTACAO_MONTA,PLANEJAMENTO,0,0,0,0,0,0,0,0,0,0,0,0,1,0,0,0,0,0,0,0,0,0,1,1.0,0.8,FORTE,,25.73,,,,,
1460,31/12/2023,0.26,0.42,0.12,,,0.0,,,,,,,,,0,ESTACAO_MONTA,PLANEJAMENTO,0,0,0,0,0,0,0,0,0,0,0,0,1,0,0,0,0,0,0,0,0,0,1,1.0,0.8,FORTE,,25.9,,,,,
1461,01/01/2024,0.26,0.42,0.12,,,0.0,,,,,,,,,0,PICO_NASCIMENTOS,PLANEJAMENTO,1,0,0,0,0,0,0,0,0,0,0,0,1,0,0,0,0,0,0,0,0,0,1,2.0,0.87,FORTE,1.2,26.0,,,,,
1462,02/01/2024,0.26,0.42,0.12,171.93,255.5,0.0,52.02,136.3,27.75,1273.5,71.88,69.75,14.2,4.9235,0,PICO_NASCIMENTOS,PLANEJAMENTO,0,0,0,0,0,0,0,0,0,0,0,0,1,0,0,0,0,0,0,0,0,0,0,0.5,0.87,FORTE,18.6,,11.65,0.42,0.8,3.6,209.23
1463,03/01/2024,0.26,0.42,0.12,171.85,250.15,0.0,50.94,134.28,27.34,1277.0,72.35,69.77,14.21,4.9198,0,PICO_NASCIMENTOS,PLANEJAMENTO,0,0,0,0,0,0,0,0,0,0,0,0,1,0,0,0,0,0,0,0,0,0,0,0.5,0.87,FORTE,0.4,27.7,11.65,0.42,0.8,3.6,201.41
1464,04/01/2024,0.26,0.42,0.12,171.13,251.75,0.0,51.24,134.11,27.3,1267.5,72.45,71.32,14.52,4.8968,0,PICO_NASCIMENTOS,PLANEJAMENTO,0,0,0,0,0,0,0,0,0,0,0,0,1,0,0,0,0,0,0,0,0,0,0,0.5,0.87,FORTE,11.6,27.39,11.65,0.42,0.8,3.6,202.74
1465,05/01/2024,0.26,0.42,0.12,170.57,251.45,0.0,51.61,132.89,27.28,1256.25,72.71,70.47,14.46,4.8743,0,PICO_NASCIMENTOS,PLANEJAMENTO,0,0,0,0,0,0,0,0,0,0,0,0,1,0,0,0,0,0,0,0,0,0,0,0.5,0.87,FORTE,4.0,,11.65,0.42,0.8,3.6,199.19
1466,06/01/2024,0.26,0.42,0.12,,,0.0,,,,,,,,,0,PICO_NASCIMENTOS,PLANEJAMENTO,0,0,0,0,0,0,0,0,0,0,0,0,1,0,0,0,0,0,0,0,0,0,0,0.5,0.87,FORTE,0.2,29.59,,,,,
1467,07/01/2024,0.26,0.42,0.12,,,0.0,,,,,,,,,0,PICO_NASCIMENTOS,PLANEJAMENTO,0,0,0,0,0,0,0,0,0,0,0,0,1,0,0,0,0,0,0,0,0,0,0,0.5,0.87,FORTE,0.0,31.02,,,,,
1468,08/01/2024,0.26,0.42,0.12,169.95,252.65,0.0,51.86,128.83,26.44,1245.5,71.29,70.12,14.39,4.87,0,PICO_NASCIMENTOS,PLANEJAMENTO,0,0,0,0,0,0,0,0,0,0,0,0,1,0,0,0,0,0,0,0,0,0,0,0.5,0.87,FORTE,0.0,25.38,11.65,0.42,0.8,3.6,200.11
1469,09/01/2024,0.26,0.42,0.12,170.77,249.05,0.0,50.82,127.53,26.02,1248.5,70.9,70.24,14.33,4.9038,0,PICO_NASCIMENTOS,PLANEJAMENTO,0,0,0,0,0,0,0,0,0,0,0,0,1,0,0,0,0,0,0,0,0,0,0,0.5,0.87,FORTE,0.0,29.59,11.65,0.42,0.8,3.6,197.09
1470,10/01/2024,0.26,0.42,0.12,170.75,250.4,0.0,51.16,126.3,25.81,1236.5,69.64,69.3,14.16,4.8909,0,PICO_NASCIMENTOS,PLANEJAMENTO,0,0,0,0,0,0,0,0,0,0,0,0,1,0,0,0,0,0,0,0,0,0,0,0.5,0.87,FORTE,0.0,,11.65,0.42,0.8,3.6,197.83
1471,11/01/2024,0.26,0.42,0.12,171.8,250.95,0.0,51.45,122.2,25.05,1236.5,68.84,68.0,13.94,4.87,0,PICO_NASCIMENTOS,PLANEJAMENTO,0,0,0,0,0,0,0,0,0,0,0,0,1,0,0,0,0,0,0,0,0,0,0,0.5,0.87,FORTE,0.0,,11.65,0.42,0.8,3.6,196.4
1472,12/01/2024,0.26,0.42,0.12,171.38,251.3,0.0,51.77,120.62,24.85,1224.25,67.86,67.24,13.85,4.8539,0,PICO_NASCIMENTOS,PLANEJAMENTO,0,0,0,0,0,0,0,0,0,0,0,0,1,0,0,0,0,0,0,0,0,0,0,0.5,0.87,FORTE,0.0,,11.65,0.42,0.8,3.6,197.54
1473,13/01/2024,0.26,0.42,0.12,,,0.0,,,,,,,,,0,PICO_NASCIMENTOS,PLANEJAMENTO,0,0,0,0,0,0,0,0,0,0,0,0,1,0,0,0,0,0,0,0,0,0,0,0.5,0.87,FORTE,0.0,32.87,,,,,
1474,14/01/2024,0.26,0.42,0.12,,,0.0,,,,,,,,,0,PICO_NASCIMENTOS,PLANEJAMENTO,0,0,0,0,0,0,0,0,0,0,0,0,1,0,0,0,0,0,0,0,0,0,0,0.5,0.87,FORTE,0.0,28.82,,,,,
1475,15/01/2024,0.26,0.42,0.12,,,0.0,,,,,,,,,0,PICO_NASCIMENTOS,PLANEJAMENTO,0,0,0,0,0,0,0,0,0,0,0,0,1,0,0,0,0,0,0,0,0,0,0,0.5,0.87,FORTE,0.0,,11.65,0.42,0.8,3.6,
1476,16/01/2024,0.26,0.42,0.12,173.13,249.7,0.0,50.66,118.7,24.08,1238.5,66.92,65.53,13.3,4.9258,0,PICO_NASCIMENTOS,PLANEJAMENTO,0,0,0,0,0,0,0,0,0,0,0,0,1,0,0,0,0,0,0,0,0,0,0,0.5,0.87,FORTE,0.0,,11.65,0.42,0.8,3.6,198.6
1477,17/01/2024,0.26,0.42,0.12,173.1,249.5,0.0,50.62,116.89,23.71,1218.25,67.93,64.8,13.15,4.9349,0,PICO_NASCIMENTOS,PLANEJAMENTO,0,0,0,0,0,0,0,0,0,0,0,0,1,0,0,0,0,0,0,0,0,0,0,0.5,0.87,FORTE,0.0,,11.65,0.42,0.8,3.6,202.97
1478,18/01/2024,0.26,0.42,0.12,174.82,251.1,0.0,50.89,116.29,23.57,1224.25,66.72,64.09,12.99,4.9269,0,PICO_NASCIMENTOS,PLANEJAMENTO,0,0,0,0,0,0,0,0,0,0,0,0,1,0,0,0,0,0,0,0,0,0,0,0.5,0.87,FORTE,0.2,30.78,11.65,0.42,0.8,3.6,202.9
1479,19/01/2024,0.26,0.42,0.12,174.38,249.6,0.0,50.64,116.31,23.6,1223.0,65.4,63.0,12.78,4.931,0,PICO_NASCIMENTOS,PLANEJAMENTO,0,0,0,0,0,0,0,0,0,0,0,0,1,0,0,0,0,0,0,0,0,0,0,0.5,0.87,FORTE,0.0,33.66,11.65,0.42,0.8,3.6,202.05
1480,20/01/2024,0.26,0.42,0.12,,,0.0,,,,,,,,,0,PICO_NASCIMENTOS,PLANEJAMENTO,0,0,0,0,0,0,0,0,0,0,0,0,1,0,0,0,0,0,0,0,0,0,0,0.5,0.87,FORTE,0.0,34.6,,,,,
1481,21/01/2024,0.26,0.42,0.12,,,0.0,,,,,,,,,0,PICO_NASCIMENTOS,PLANEJAMENTO,0,0,0,0,0,0,0,0,0,0,0,0,1,0,0,0,0,0,0,0,0,0,0,0.5,0.87,FORTE,0.0,33.52,,,,,
1482,22/01/2024,0.26,0.42,0.12,173.77,249.1,0.0,49.92,115.73,23.19,1233.0,64.62,62.28,12.48,4.9892,0,PICO_NASCIMENTOS,PLANEJAMENTO,0,0,0,0,0,0,0,0,0,0,0,0,1,0,0,0,0,0,0,0,0,0,0,0.5,0.87,FORTE,0.0,33.55,11.65,0.42,0.8,3.6,203.27
1483,23/01/2024,0.26,0.42,0.12,174.65,248.0,0.0,50.04,117.1,23.63,1247.0,66.14,62.11,12.53,4.9535,0,PICO_NASCIMENTOS,PLANEJAMENTO,0,0,0,0,0,0,0,0,0,0,0,0,1,0,0,0,0,0,0,0,0,0,0,0.5,0.87,FORTE,0.2,30.32,11.65,0.42,0.8,3.6,203.97
1484,24/01/2024,0.26,0.42,0.12,175.35,248.0,0.0,50.27,117.23,23.76,1246.5,66.61,62.64,12.7,4.9335,0,PICO_NASCIMENTOS,PLANEJAMENTO,0,0,0,0,0,0,0,0,0,0,0,0,1,0,0,0,0,0,0,0,0,0,0,0.5,0.87,FORTE,4.0,28.88,11.65,0.42,0.8,3.6,204.27
1485,25/01/2024,0.26,0.42,0.12,177.73,247.7,0.0,50.34,115.93,23.56,1230.25,67.27,62.24,12.65,4.9165,0,PICO_NASCIMENTOS,PLANEJAMENTO,0,0,0,0,0,0,0,0,0,0,0,0,1,0,0,0,0,0,0,0,0,0,0,0.5,0.87,FORTE,1.2,30.42,11.65,0.42,0.8,3.6,205.61
1486,26/01/2024,0.26,0.42,0.12,178.45,247.1,0.0,50.31,113.68,23.14,1216.25,65.57,61.95,12.61,4.9168,0,PICO_NASCIMENTOS,PLANEJAMENTO,0,0,0,0,0,0,0,0,0,0,0,0,1,0,0,0,0,0,0,0,0,0,0,0.5,0.87,FORTE,0.0,28.44,11.65,0.42,0.8,3.6,206.78
1487,27/01/2024,0.26,0.42,0.12,,,0.0,,,,,,,,,0,PICO_NASCIMENTOS,PLANEJAMENTO,0,0,0,0,0,0,0,0,0,0,0,0,1,0,0,0,0,0,0,0,0,0,0,0.5,0.87,FORTE,1.0,29.24,,,,,
1488,28/01/2024,0.26,0.42,0.12,,,0.0,,,,,,,,,0,PICO_NASCIMENTOS,PLANEJAMENTO,0,0,0,0,0,0,0,0,0,0,0,0,1,0,0,0,0,0,0,0,0,0,0,0.5,0.87,FORTE,0.0,25.54,,,,,
1489,29/01/2024,0.26,0.42,0.12,177.38,248.55,0.0,50.2,112.07,22.64,1205.0,64.3,62.15,12.55,4.9518,0,PICO_NASCIMENTOS,PLANEJAMENTO,0,0,0,0,0,0,0,0,0,0,0,0,1,0,0,0,0,0,0,0,0,0,0,0.5,0.87,FORTE,0.2,27.75,11.65,0.42,0.8,3.6,204.78
1490,30/01/2024,0.26,0.42,0.12,178.02,247.2,0.0,50.0,110.23,22.3,1227.75,64.38,62.81,12.7,4.9516,0,PICO_NASCIMENTOS,PLANEJAMENTO,0,0,0,0,0,0,0,0,0,0,0,0,1,0,0,0,0,0,0,0,0,0,0,0.5,0.87,FORTE,0.0,,11.65,0.42,0.8,3.6,206.11
1491,31/01/2024,0.26,0.42,0.12,177.35,245.0,0.0,49.52,110.98,22.43,1232.75,65.17,62.34,12.6,4.9526,0,PICO_NASCIMENTOS,PLANEJAMENTO,0,0,0,0,0,0,0,0,0,0,0,0,1,0,0,0,0,0,0,0,0,0,0,0.5,0.87,FORTE,0.0,,11.65,0.42,0.8,3.6,205.84
1492,01/02/2024,0.26,0.42,0.12,179.75,242.9,0.0,49.42,111.44,22.67,1213.75,64.13,61.45,12.5,4.9163,0,PICO_NASCIMENTOS,SAFRA,0,0,0,0,0,0,0,0,0,0,0,0,0,0,0,0,0,0,0,0,0,0,0,0.0,-0.04,MÉDIO,0.0,,11.15,0.83,0.8,3.6,205.79
1493,02/02/2024,0.26,0.42,0.12,180.55,240.2,0.0,48.36,111.76,22.5,1198.25,64.13,62.13,12.51,4.9699,0,PICO_NASCIMENTOS,SAFRA,0,0,0,0,0,0,0,0,0,0,0,0,0,0,0,0,0,0,0,0,0,0,0,0.0,-0.04,MÉDIO,0.0,,11.15,0.83,0.8,3.6,206.55
1494,03/02/2024,0.26,0.42,0.12,,,0.0,,,,,,,,,0,PICO_NASCIMENTOS,SAFRA,0,0,0,0,0,0,0,0,0,0,0,0,0,0,0,0,0,0,0,0,0,0,0,0.0,-0.04,MÉDIO,0.2,,,,,,
1495,04/02/2024,0.26,0.42,0.12,,,0.0,,,,,,,,,0,PICO_NASCIMENTOS,SAFRA,0,0,0,0,0,0,0,0,0,0,0,0,0,0,0,0,0,0,0,0,0,0,0,0.0,-0.04,MÉDIO,1.4,31.52,,,,,
1496,05/02/2024,0.26,0.42,0.12,179.73,239.7,0.0,48.12,112.67,22.62,1204.75,65.46,62.72,12.59,4.9854,0,PICO_NASCIMENTOS,SAFRA,0,0,0,0,0,0,0,0,0,0,0,0,0,0,0,0,0,0,0,0,0,0,0,0.0,-0.04,MÉDIO,0.0,,11.15,0.83,0.8,3.6,204.82
1497,06/02/2024,0.26,0.42,0.12,183.0,237.55,0.0,47.88,112.81,22.74,1208.25,65.32,62.82,12.66,4.9634,0,PICO_NASCIMENTOS,SAFRA,0,0,0,0,0,0,0,0,0,0,0,0,0,0,0,0,0,0,0,0,0,0,0,0.0,-0.04,MÉDIO,0.0,,11.15,0.83,0.8,3.6,202.78
1498,07/02/2024,0.26,0.42,0.12,182.23,238.0,0.0,47.92,112.26,22.6,1197.5,64.42,63.28,12.74,4.9685,0,PICO_NASCIMENTOS,SAFRA,0,0,0,0,0,0,0,0,0,0,0,0,0,0,0,0,0,0,0,0,0,0,0,0.0,-0.04,MÉDIO,0.0,,11.15,0.83,0.8,3.6,205.46
1499,08/02/2024,0.26,0.42,0.12,183.77,239.15,0.0,47.92,112.46,22.53,1199.75,65.21,62.71,12.56,4.992,0,PICO_NASCIMENTOS,SAFRA,0,0,0,0,0,0,0,0,0,0,0,0,0,0,0,0,0,0,0,0,0,0,0,0.0,-0.04,MÉDIO,0.2,29.91,11.15,0.83,0.8,3.6,204.0
1500,09/02/2024,0.26,0.42,0.12,184.63,239.35,0.0,48.28,112.8,22.75,1190.0,64.98,62.17,12.54,4.9517,0,PICO_NASCIMENTOS,SAFRA,0,0,1,0,0,0,0,0,0,0,0,0,0,0,0,0,0,0,0,0,0,0,0,0.5,-0.04,MÉDIO,0.0,32.17,11.15,0.83,0.8,3.6,205.09
1501,10/02/2024,0.26,0.42,0.12,,,0.0,,,,,,,,,0,PICO_NASCIMENTOS,SAFRA,0,0,1,0,0,0,0,0,0,0,0,0,0,0,0,0,0,0,0,0,0,0,0,0.5,-0.04,MÉDIO,0.0,,,,,,
1502,11/02/2024,0.26,0.42,0.12,,,0.0,,,,,,,,,0,PICO_NASCIMENTOS,SAFRA,0,0,1,0,0,0,0,0,0,0,0,0,0,0,0,0,0,0,0,0,0,0,0,0.5,-0.04,MÉDIO,0.0,,,,,,
1503,12/02/2024,0.26,0.42,0.12,184.25,,0.0,,,,1197.75,,,,4.9536,0,PICO_NASCIMENTOS,SAFRA,0,0,1,0,0,0,0,0,0,0,0,0,0,0,0,0,0,0,0,0,0,0,0,0.5,-0.04,MÉDIO,0.0,,,,,,
1504,13/02/2024,0.26,0.42,0.12,183.75,,0.0,,,,1191.75,,,,4.9536,0,PICO_NASCIMENTOS,SAFRA,0,1,1,0,0,0,0,0,0,0,0,0,0,0,0,0,0,0,0,0,0,0,0,1.5,-0.04,MÉDIO,0.0,,,,,,
1505,14/02/2024,0.26,0.42,0.12,182.4,237.8,0.0,47.85,112.52,22.64,1176.25,64.54,62.13,12.5,4.969,0,PICO_NASCIMENTOS,SAFRA,0,0,0,0,0,0,0,0,0,0,0,0,0,0,0,0,0,0,0,0,0,0,0,0.0,-0.04,MÉDIO,0.0,35.6,11.15,0.83,0.8,3.6,215.18
1506,15/02/2024,0.26,0.42,0.12,183.4,238.95,0.0,48.09,111.47,22.43,1166.0,64.59,62.12,12.5,4.9732,0,PICO_NASCIMENTOS,SAFRA,0,0,0,0,0,0,0,0,0,0,0,0,0,0,0,0,0,0,0,0,0,0,0,0.0,-0.04,MÉDIO,0.2,33.53,11.15,0.83,0.8,3.6,211.02
1507,16/02/2024,0.26,0.42,0.12,184.77,240.45,0.0,48.42,112.38,22.63,1176.25,64.51,62.47,12.58,4.9665,0,PICO_NASCIMENTOS,SAFRA,0,0,0,0,0,0,0,0,0,0,0,0,0,0,0,0,0,0,0,0,0,0,0,0.0,-0.04,MÉDIO,0.0,35.05,11.15,0.83,0.8,3.6,212.26
1508,17/02/2024,0.26,0.42,0.12,,,0.0,,,,,,,,,0,PICO_NASCIMENTOS,SAFRA,0,0,0,0,0,0,0,0,0,0,0,0,0,0,0,0,0,0,0,0,0,0,0,0.0,-0.04,MÉDIO,0.2,,,,,,
1509,18/02/2024,0.26,0.42,0.12,,,0.0,,,,,,,,,0,PICO_NASCIMENTOS,SAFRA,0,0,0,0,0,0,0,0,0,0,0,0,0,0,0,0,0,0,0,0,0,0,0,0.0,-0.04,MÉDIO,0.0,30.73,,,,,
1510,19/02/2024,0.26,0.42,0.12,,,0.0,,,,,,,,,0,PICO_NASCIMENTOS,SAFRA,0,0,0,0,0,0,0,0,0,0,0,0,0,0,0,0,0,0,0,0,0,0,0,0.0,-0.04,MÉDIO,0.0,,11.15,0.83,0.8,3.6,
1511,20/02/2024,0.26,0.42,0.12,184.4,235.5,0.0,47.77,112.95,22.91,1183.5,64.83,62.85,12.75,4.9275,0,PICO_NASCIMENTOS,SAFRA,0,0,0,0,0,0,0,0,0,0,0,0,0,0,0,0,0,0,0,0,0,0,0,0.0,-0.04,MÉDIO,8.0,29.09,11.15,0.83,0.8,3.6,210.99
1512,21/02/2024,0.26,0.42,0.12,183.98,236.35,0.0,47.84,112.98,22.87,1165.0,64.37,63.11,12.78,4.9358,0,PICO_NASCIMENTOS,SAFRA,0,0,0,0,0,0,0,0,0,0,0,0,0,0,0,0,0,0,0,0,0,0,0,0.0,-0.04,MÉDIO,0.0,,11.15,0.83,0.8,3.6,215.0
1513,22/02/2024,0.26,0.42,0.12,183.5,235.6,0.0,47.6,112.6,22.75,1152.5,64.07,62.87,12.7,4.9605,0,PICO_NASCIMENTOS,SAFRA,0,0,0,0,0,0,0,0,0,0,0,0,0,0,0,0,0,0,0,0,0,0,0,0.0,-0.04,MÉDIO,0.0,29.43,11.15,0.83,0.8,3.6,218.0
1514,23/02/2024,0.26,0.42,0.12,185.6,236.25,0.0,47.36,111.68,22.39,1141.75,61.96,63.06,12.64,4.9951,0,PICO_NASCIMENTOS,SAFRA,0,0,0,0,0,0,0,0,0,0,0,0,0,0,0,0,0,0,0,0,0,0,0,0.0,-0.04,MÉDIO,0.0,28.93,11.15,0.83,0.8,3.6,217.96
1515,24/02/2024,0.26,0.42,0.12,,,0.0,,,,,,,,,0,PICO_NASCIMENTOS,SAFRA,0,0,0,0,0,0,0,0,0,0,0,0,0,0,0,0,0,0,0,0,0,0,0,0.0,-0.04,MÉDIO,0.0,,,,,,
1516,25/02/2024,0.26,0.42,0.12,,,0.0,,,,,,,,,0,PICO_NASCIMENTOS,SAFRA,0,0,0,0,0,0,0,0,0,0,0,0,0,0,0,0,0,0,0,0,0,0,0,0.0,-0.04,MÉDIO,0.0,,,,,,
1517,26/02/2024,0.26,0.42,0.12,185.73,236.45,0.0,47.51,109.72,22.05,1145.25,61.01,63.11,12.68,4.9799,0,PICO_NASCIMENTOS,SAFRA,0,0,0,0,0,0,0,0,0,0,0,0,0,0,0,0,0,0,0,0,0,0,0,0.0,-0.04,MÉDIO,0.0,33.98,11.15,0.83,0.8,3.6,219.44
1518,27/02/2024,0.26,0.42,0.12,185.6,235.2,0.0,47.66,110.57,22.4,1140.75,61.08,62.91,12.75,4.9335,0,PICO_NASCIMENTOS,SAFRA,0,0,0,0,0,0,0,0,0,0,0,0,0,0,0,0,0,0,0,0,0,0,0,0.0,-0.04,MÉDIO,0.0,,11.15,0.83,0.8,3.6,219.45
1519,28/02/2024,0.26,0.42,0.12,184.65,234.9,0.0,47.25,110.31,22.19,1145.25,60.28,62.3,12.53,4.9675,0,PICO_NASCIMENTOS,SAFRA,0,0,0,0,0,0,0,0,0,0,0,0,0,0,0,0,0,0,0,0,0,0,0,0.0,-0.04,MÉDIO,0.0,34.04,11.15,0.83,0.8,3.6,220.84
1520,29/02/2024,0.26,0.42,0.12,184.0,235.4,0.0,47.34,110.7,22.26,1140.75,60.22,62.23,12.51,4.9716,0,PICO_NASCIMENTOS,SAFRA,0,0,0,0,0,0,0,0,0,0,0,0,0,0,0,0,0,0,0,0,0,0,0,0.0,-0.04,MÉDIO,0.2,,11.15,0.83,0.8,3.6,220.35
1521,01/03/2024,0.26,0.42,0.12,188.45,235.05,0.0,47.46,111.08,22.43,1151.25,61.1,62.72,12.66,4.9541,0,PICO_NASCIMENTOS,ENTRESAFRA,0,0,0,0,0,0,0,0,0,0,0,0,0,0,0,0,0,0,0,0,0,0,0,0.0,1.92,MÉDIO,0.0,,11.15,0.16,0.8,3.6,219.21
1522,02/03/2024,0.26,0.42,0.12,,,0.0,,,,,,,,,0,PICO_NASCIMENTOS,ENTRESAFRA,0,0,0,0,0,0,0,0,0,0,0,0,0,0,0,0,0,0,0,0,0,0,0,0.0,1.92,MÉDIO,0.0,,,,,,
1523,03/03/2024,0.26,0.42,0.12,,,0.0,,,,,,,,,0,PICO_NASCIMENTOS,ENTRESAFRA,0,0,0,0,0,0,0,0,0,0,0,0,0,0,0,0,0,0,0,0,0,0,0,0.0,1.92,MÉDIO,0.0,,,,,,
1524,04/03/2024,0.26,0.42,0.12,186.68,235.1,0.0,47.52,112.84,22.81,1155.0,62.19,63.01,12.74,4.9458,0,PICO_NASCIMENTOS,ENTRESAFRA,0,0,0,0,0,0,0,0,0,0,0,0,0,0,0,0,0,0,0,0,0,0,0,0.0,1.92,MÉDIO,0.0,30.22,11.15,0.16,0.8,3.6,221.35
1525,05/03/2024,0.26,0.42,0.12,188.0,233.3,0.0,47.09,112.96,22.8,1149.0,62.6,62.77,12.67,4.9581,0,PICO_NASCIMENTOS,ENTRESAFRA,0,0,0,0,0,0,0,0,0,0,0,0,0,0,0,0,0,0,0,0,0,0,0,0.0,1.92,MÉDIO,2.2,,11.15,0.16,0.8,3.6,219.9
1526,06/03/2024,0.26,0.42,0.12,187.25,234.05,0.0,47.33,112.97,22.85,1148.25,62.66,62.75,12.69,4.9446,0,PICO_NASCIMENTOS,ENTRESAFRA,0,0,0,0,0,0,0,0,0,0,0,0,0,0,0,0,0,0,0,0,0,0,0,0.0,1.92,MÉDIO,0.0,32.54,11.15,0.16,0.8,3.6,219.69
1527,07/03/2024,0.26,0.42,0.12,188.73,236.7,0.0,47.95,114.11,23.12,1166.25,63.4,62.84,12.73,4.935,0,PICO_NASCIMENTOS,ENTRESAFRA,0,0,0,0,0,0,0,0,0,0,0,0,0,0,0,0,0,0,0,0,0,0,0,0.0,1.92,MÉDIO,0.0,,11.15,0.16,0.8,3.6,213.53
1528,08/03/2024,0.26,0.42,0.12,187.6,234.6,0.0,47.11,115.28,23.15,1184.0,63.17,62.87,12.63,4.9806,0,PICO_NASCIMENTOS,ENTRESAFRA,0,0,0,0,0,0,0,0,0,0,0,0,0,0,0,0,0,0,0,0,0,0,0,0.0,1.92,MÉDIO,0.0,,11.15,0.16,0.8,3.6,212.98
1529,09/03/2024,0.26,0.42,0.12,,,0.0,,,,,,,,,0,PICO_NASCIMENTOS,ENTRESAFRA,0,0,0,0,0,0,0,0,0,0,0,0,0,0,0,0,0,0,0,0,0,0,0,0.0,1.92,MÉDIO,0.2,31.24,,,,,
1530,10/03/2024,0.26,0.42,0.12,,,0.0,,,,,,,,,0,PICO_NASCIMENTOS,ENTRESAFRA,0,0,0,0,0,0,0,0,0,0,0,0,0,0,0,0,0,0,0,0,0,0,0,0.0,1.92,MÉDIO,0.0,32.53,,,,,
1531,11/03/2024,0.26,0.42,0.12,187.6,233.85,0.0,47.01,116.58,23.43,1179.25,62.91,62.9,12.64,4.9771,0,PICO_NASCIMENTOS,ENTRESAFRA,0,0,0,0,0,0,0,0,0,0,0,0,0,0,0,0,0,0,0,0,0,0,0,0.0,1.92,MÉDIO,0.0,35.0,11.15,0.16,0.8,3.6,216.77
1532,12/03/2024,0.26,0.42,0.12,188.25,233.15,0.0,46.88,117.56,23.64,1196.0,63.4,63.07,12.68,4.9718,0,PICO_NASCIMENTOS,ENTRESAFRA,0,0,0,0,0,0,0,0,0,0,0,0,0,0,0,0,0,0,0,0,0,0,0,0.0,1.92,MÉDIO,0.0,,11.15,0.16,0.8,3.6,217.75
1533,13/03/2024,0.26,0.42,0.12,189.93,232.3,0.0,46.7,117.97,23.72,1196.75,63.47,63.0,12.67,4.97,0,PICO_NASCIMENTOS,ENTRESAFRA,0,0,0,0,0,0,0,0,0,0,0,0,0,0,0,0,0,0,0,0,0,0,0,0.0,1.92,MÉDIO,1.2,28.83,11.15,0.16,0.8,3.6,219.36
1534,14/03/2024,0.26,0.42,0.12,186.95,233.6,0.0,46.79,117.98,23.63,1195.25,63.03,63.24,12.67,4.9895,0,PICO_NASCIMENTOS,ENTRESAFRA,0,0,0,0,0,0,0,0,0,0,0,0,0,0,0,0,0,0,0,0,0,0,0,0.0,1.92,MÉDIO,0.0,28.54,11.15,0.16,0.8,3.6,219.41
1535,15/03/2024,0.26,0.42,0.12,187.25,231.5,0.0,46.35,118.61,23.75,1212.5,63.14,63.17,12.65,4.9949,0,PICO_NASCIMENTOS,ENTRESAFRA,0,0,0,0,0,0,0,0,0,0,0,0,0,0,0,0,0,0,0,0,0,0,0,0.0,1.92,MÉDIO,0.0,30.24,11.15,0.16,0.8,3.6,217.5
1536,16/03/2024,0.26,0.42,0.12,,,0.0,,,,,,,,,0,PICO_NASCIMENTOS,ENTRESAFRA,0,0,0,0,0,0,0,0,0,0,0,0,0,0,0,0,0,0,0,0,0,0,0,0.0,1.92,MÉDIO,0.0,27.92,,,,,
1537,17/03/2024,0.26,0.42,0.12,,,0.0,,,,,,,,,0,PICO_NASCIMENTOS,ENTRESAFRA,0,0,0,0,0,0,0,0,0,0,0,0,0,0,0,0,0,0,0,0,0,0,0,0.0,1.92,MÉDIO,0.0,28.66,,,,,
1538,18/03/2024,0.26,0.42,0.12,188.57,231.25,0.0,46.0,118.48,23.57,1202.25,60.95,62.87,12.51,5.0253,0,PICO_NASCIMENTOS,ENTRESAFRA,0,0,0,0,0,0,0,0,0,0,0,0,0,0,0,0,0,0,0,0,0,0,0,0.0,1.92,MÉDIO,0.0,30.17,11.15,0.16,0.8,3.6,218.89
1539,19/03/2024,0.26,0.42,0.12,188.05,228.5,0.0,45.51,118.87,23.68,1200.25,61.58,62.86,12.52,5.0301,0,PICO_NASCIMENTOS,ENTRESAFRA,0,0,0,0,0,0,0,0,0,0,0,0,0,0,0,0,0,0,0,0,0,0,0,0.0,1.92,MÉDIO,1.0,27.18,11.15,0.16,0.8,3.6,216.36
1540,20/03/2024,0.26,0.42,0.12,187.8,230.9,0.0,46.44,119.39,24.01,1223.25,60.68,62.75,12.62,4.9691,0,PICO_NASCIMENTOS,ENTRESAFRA,0,0,0,0,0,0,0,0,0,0,0,0,0,0,0,0,0,0,0,0,0,0,0,0.0,1.92,MÉDIO,0.2,26.94,11.15,0.16,0.8,3.6,213.62
1541,21/03/2024,0.26,0.42,0.12,188.38,231.7,0.0,46.53,120.39,24.17,1225.75,60.52,62.62,12.58,4.9781,0,PICO_NASCIMENTOS,ENTRESAFRA,0,0,0,0,0,0,0,0,0,0,0,0,0,0,0,0,0,0,0,0,0,0,0,0.0,1.92,MÉDIO,2.6,28.13,10.65,0.16,0.8,3.6,216.09
1542,22/03/2024,0.26,0.42,0.12,187.5,232.3,0.0,46.46,120.09,24.02,1205.5,60.13,62.45,12.49,4.9997,0,PICO_NASCIMENTOS,ENTRESAFRA,0,0,0,0,0,0,0,0,0,0,0,0,0,0,0,0,0,0,0,0,0,0,0,0.0,1.92,MÉDIO,0.6,28.14,10.65,0.16,0.8,3.6,214.5
1543,23/03/2024,0.26,0.42,0.12,,,0.0,,,,,,,,,0,PICO_NASCIMENTOS,ENTRESAFRA,0,0,0,0,0,0,0,0,0,0,0,0,0,0,0,0,0,0,0,0,0,0,0,0.0,1.92,MÉDIO,0.0,26.91,,,,,
1544,24/03/2024,0.26,0.42,0.12,,,0.0,,,,,,,,,0,PICO_NASCIMENTOS,ENTRESAFRA,0,0,0,0,0,0,0,0,0,0,0,0,0,0,0,0,0,0,0,0,0,0,0,0.0,1.92,MÉDIO,0.0,28.15,,,,,
1545,25/03/2024,0.26,0.42,0.12,186.2,232.0,0.0,46.62,120.18,24.15,1221.75,61.28,62.6,12.58,4.9751,0,PICO_NASCIMENTOS,ENTRESAFRA,0,0,0,0,0,0,0,0,0,0,0,0,0,0,0,0,0,0,0,0,0,0,0,0.0,1.92,MÉDIO,44.6,25.05,10.65,0.16,0.8,3.6,215.19
1546,26/03/2024,0.26,0.42,0.12,183.1,232.2,0.0,46.59,120.48,24.17,1212.5,59.92,62.3,12.5,4.9808,0,PICO_NASCIMENTOS,ENTRESAFRA,0,0,0,0,0,0,0,0,0,0,0,0,0,0,0,0,0,0,0,0,0,0,0,0.0,1.92,MÉDIO,7.2,25.63,10.65,0.16,0.8,3.6,212.88
1547,27/03/2024,0.26,0.42,0.12,183.6,231.8,0.0,46.55,120.13,24.12,1206.5,59.66,61.82,12.41,4.9866,0,PICO_NASCIMENTOS,ENTRESAFRA,0,0,0,0,0,0,0,0,0,0,0,0,0,0,0,0,0,0,0,0,0,0,0,0.0,1.92,MÉDIO,8.6,26.85,10.65,0.16,0.8,3.6,215.6
1548,28/03/2024,0.26,0.42,0.12,185.0,232.3,0.0,46.37,119.61,23.87,1205.25,60.4,61.78,12.33,5.0129,0,PICO_NASCIMENTOS,ENTRESAFRA,0,0,0,0,0,0,0,0,0,0,0,0,0,0,0,0,0,0,0,0,0,0,0,0.0,1.92,MÉDIO,44.2,24.56,10.65,0.16,0.8,3.6,215.29
1549,29/03/2024,0.26,0.42,0.12,,,0.0,,,,,,,,,0,PICO_NASCIMENTOS,ENTRESAFRA,0,0,0,0,1,0,0,0,0,0,0,0,0,0,0,0,0,0,0,0,0,0,0,0.5,1.92,MÉDIO,0.4,27.28,,,,,
1550,30/03/2024,0.26,0.42,0.12,,,0.0,,,,,,,,,0,PICO_NASCIMENTOS,ENTRESAFRA,0,0,0,0,1,0,0,0,0,0,0,0,0,0,0,0,0,0,0,0,0,0,0,0.5,1.92,MÉDIO,34.0,25.73,,,,,
1551,31/03/2024,0.26,0.42,0.12,,,0.0,,,,,,,,,0,PICO_NASCIMENTOS,ENTRESAFRA,0,0,0,1,1,0,0,0,0,0,0,0,0,0,0,0,0,0,0,0,0,0,0,1.5,1.92,MÉDIO,0.2,27.83,,,,,
1552,01/04/2024,0.26,0.42,0.12,180.07,228.05,0.0,45.02,120.23,23.74,1199.5,59.54,61.71,12.18,5.0543,0,NASC_COMPLEMENTARES,ENTRESAFRA,0,0,0,0,0,0,0,0,0,0,0,0,0,0,0,0,0,0,0,0,0,0,0,0.0,1.44,MÉDIO,7.6,26.49,10.65,0.38,0.4,-0.6,212.02
1553,02/04/2024,0.26,0.42,0.12,181.77,228.6,0.0,45.19,120.75,23.87,1187.75,58.89,61.57,12.17,5.0576,0,NASC_COMPLEMENTARES,ENTRESAFRA,0,0,0,0,0,0,0,0,0,0,0,0,0,0,0,0,0,0,0,0,0,0,0,0.0,1.44,MÉDIO,0.6,27.09,10.65,0.38,0.4,-0.6,214.8
1554,03/04/2024,0.26,0.42,0.12,180.93,227.3,0.0,45.11,121.02,24.02,1195.25,58.89,61.49,12.2,5.0393,0,NASC_COMPLEMENTARES,ENTRESAFRA,0,0,0,0,0,0,0,0,0,0,0,0,0,0,0,0,0,0,0,0,0,0,0,0.0,1.44,MÉDIO,0.4,27.26,10.65,0.38,0.4,-0.6,212.03
1555,04/04/2024,0.26,0.42,0.12,181.48,227.95,0.0,45.16,120.54,23.88,1192.25,59.39,61.48,12.18,5.0538,0,NASC_COMPLEMENTARES,ENTRESAFRA,0,0,0,0,0,0,0,0,0,0,0,0,0,0,0,0,0,0,0,0,0,0,0,0.0,1.44,MÉDIO,2.8,27.12,10.65,0.38,0.4,-0.6,212.21
1556,05/04/2024,0.26,0.42,0.12,178.25,230.4,0.0,45.49,121.08,23.91,1196.75,58.98,60.99,12.04,5.0655,0,NASC_COMPLEMENTARES,ENTRESAFRA,0,0,0,0,0,0,0,0,0,0,0,0,0,0,0,0,0,0,0,0,0,0,0,0.0,1.44,MÉDIO,14.2,25.14,10.65,0.38,0.4,-0.6,211.08
1557,06/04/2024,0.26,0.42,0.12,,,0.0,,,,,,,,,0,NASC_COMPLEMENTARES,ENTRESAFRA,0,0,0,0,0,0,0,0,0,0,0,0,0,0,0,0,0,0,0,0,0,0,0,0.0,1.44,MÉDIO,0.2,26.72,,,,,
1558,07/04/2024,0.26,0.42,0.12,,,0.0,,,,,,,,,0,NASC_COMPLEMENTARES,ENTRESAFRA,0,0,0,0,0,0,0,0,0,0,0,0,0,0,0,0,0,0,0,0,0,0,0,0.0,1.44,MÉDIO,4.4,25.88,,,,,
1559,08/04/2024,0.26,0.42,0.12,179.4,225.9,0.0,44.92,121.38,24.14,1194.25,58.01,60.62,12.05,5.0268,0,NASC_COMPLEMENTARES,ENTRESAFRA,0,0,0,0,0,0,0,0,0,0,0,0,0,0,0,0,0,0,0,0,0,0,0,0.0,1.44,MÉDIO,0.2,27.51,10.65,0.38,0.4,-0.6,212.75
1560,09/04/2024,0.26,0.42,0.12,180.7,229.0,0.0,45.72,121.08,24.17,1187.75,56.95,60.14,12.01,5.009,0,NASC_COMPLEMENTARES,ENTRESAFRA,0,0,0,0,0,0,0,0,0,0,0,0,0,0,0,0,0,0,0,0,0,0,0,0.0,1.44,MÉDIO,2.6,27.88,10.65,0.38,0.4,-0.6,209.78
1561,10/04/2024,0.26,0.42,0.12,179.07,233.2,0.0,45.92,120.67,23.76,1178.0,57.77,59.83,11.78,5.0746,0,NASC_COMPLEMENTARES,ENTRESAFRA,0,0,0,0,0,0,0,0,0,0,0,0,0,0,0,0,0,0,0,0,0,0,0,0.0,1.44,MÉDIO,43.0,26.81,10.65,0.38,0.4,-0.6,212.0
1562,11/04/2024,0.26,0.42,0.12,180.25,230.4,0.0,45.27,121.08,23.79,1172.5,57.06,59.53,11.7,5.0917,0,NASC_COMPLEMENTARES,ENTRESAFRA,0,0,0,0,0,0,0,0,0,0,0,0,0,0,0,0,0,0,0,0,0,0,0,0.0,1.44,MÉDIO,0.2,27.78,10.65,0.38,0.4,-0.6,212.77
1563,12/04/2024,0.26,0.42,0.12,178.9,231.2,0.0,45.11,121.39,23.69,1186.75,57.32,59.62,11.63,5.1175,0,NASC_COMPLEMENTARES,ENTRESAFRA,0,0,0,0,0,0,0,0,0,0,0,0,0,0,0,0,0,0,0,0,0,0,0,0.0,1.44,MÉDIO,7.6,27.49,10.65,0.38,0.4,-0.6,209.5
1564,13/04/2024,0.26,0.42,0.12,,,0.0,,,,,,,,,0,NASC_COMPLEMENTARES,ENTRESAFRA,0,0,0,0,0,0,0,0,0,0,0,0,0,0,0,0,0,0,0,0,0,0,0,0.0,1.44,MÉDIO,12.2,26.85,,,,,
1565,14/04/2024,0.26,0.42,0.12,,,0.0,,,,,,,,,0,NASC_COMPLEMENTARES,ENTRESAFRA,0,0,0,0,0,0,0,0,0,0,0,0,0,0,0,0,0,0,0,0,0,0,0,0.0,1.44,MÉDIO,0.4,26.36,,,,,
1566,15/04/2024,0.26,0.42,0.12,180.3,230.7,0.0,44.49,122.04,23.53,1172.0,58.42,59.7,11.51,5.1846,0,NASC_COMPLEMENTARES,ENTRESAFRA,0,0,0,0,0,0,0,0,0,0,0,0,0,0,0,0,0,0,0,0,0,0,0,0.0,1.44,MÉDIO,0.0,27.47,10.65,0.38,0.4,-0.6,206.23
1567,16/04/2024,0.26,0.42,0.12,181.5,230.8,0.0,43.87,124.2,23.61,1160.0,58.84,59.74,11.36,5.2826,0,NASC_COMPLEMENTARES,ENTRESAFRA,0,0,0,0,0,0,0,0,0,0,0,0,0,0,0,0,0,0,0,0,0,0,0,0.0,1.44,FRACO,0.0,28.13,10.65,0.38,0.4,-0.6,206.48
1568,17/04/2024,0.26,0.42,0.12,180.9,229.2,0.0,43.78,124.42,23.77,1164.25,58.15,59.41,11.35,5.242,0,NASC_COMPLEMENTARES,ENTRESAFRA,0,0,0,0,0,0,0,0,0,0,0,0,0,0,0,0,0,0,0,0,0,0,0,0.0,1.44,FRACO,0.0,28.88,10.65,0.38,0.4,-0.6,208.42
1569,18/04/2024,0.26,0.42,0.12,181.18,232.05,0.0,44.23,123.65,23.57,1149.0,57.81,59.29,11.3,5.2482,0,NASC_COMPLEMENTARES,ENTRESAFRA,0,0,0,0,0,0,0,0,0,0,0,0,0,0,0,0,0,0,0,0,0,0,0,0.0,1.44,FRACO,0.0,28.92,10.65,0.38,0.4,-0.6,209.65
1570,19/04/2024,0.26,0.42,0.12,181.48,234.5,0.0,45.14,123.58,23.79,1165.75,58.05,59.11,11.38,5.2027,0,NASC_COMPLEMENTARES,ENTRESAFRA,0,0,0,0,0,0,0,0,0,0,0,0,0,0,0,0,0,0,0,0,0,0,0,0.0,1.44,FRACO,0.0,28.02,10.65,0.38,0.4,-0.6,213.04
1571,20/04/2024,0.26,0.42,0.12,,,0.0,,,,,,,,,0,NASC_COMPLEMENTARES,ENTRESAFRA,0,0,0,0,0,0,0,0,0,0,0,0,0,0,0,0,0,0,0,0,0,0,0,0.0,1.44,FRACO,2.8,26.86,,,,,
1572,21/04/2024,0.26,0.42,0.12,,,0.0,,,,,,,,,0,NASC_COMPLEMENTARES,ENTRESAFRA,0,0,0,0,0,0,0,0,0,0,0,0,0,0,0,0,0,0,0,0,0,0,0,0.0,1.44,FRACO,0.2,27.95,,,,,
1573,22/04/2024,0.26,0.42,0.12,183.82,231.0,0.0,44.65,123.73,23.91,1176.5,57.78,58.76,11.36,5.168,0,NASC_COMPLEMENTARES,ENTRESAFRA,0,0,0,0,0,0,0,0,0,0,0,0,0,0,0,0,0,0,0,0,0,0,0,0.0,1.44,FRACO,0.0,28.03,10.65,0.38,0.4,-0.6,215.48
1574,23/04/2024,0.26,0.42,0.12,183.35,233.95,0.0,45.61,124.15,24.2,1182.0,57.66,58.49,11.4,5.126,0,NASC_COMPLEMENTARES,ENTRESAFRA,0,0,0,0,0,0,0,0,0,0,0,0,0,0,0,0,0,0,0,0,0,0,0,0.0,1.44,FRACO,0.0,28.8,10.65,0.38,0.4,-0.6,216.77
1575,24/04/2024,0.26,0.42,0.12,182.1,232.6,0.0,45.19,124.87,24.26,1181.5,57.73,58.27,11.32,5.1457,0,NASC_COMPLEMENTARES,ENTRESAFRA,0,0,0,0,0,0,0,0,0,0,0,0,0,0,0,0,0,0,0,0,0,0,0,0.0,1.44,FRACO,23.8,27.49,10.65,0.38,0.4,-0.6,212.59
1576,25/04/2024,0.26,0.42,0.12,183.95,233.15,0.0,45.14,124.98,24.2,1179.75,57.9,58.01,11.23,5.1602,0,NASC_COMPLEMENTARES,ENTRESAFRA,0,0,0,0,0,0,0,0,0,0,0,0,0,0,0,0,0,0,0,0,0,0,0,0.0,1.44,FRACO,0.0,28.15,10.65,0.38,0.4,-0.6,212.54
1577,26/04/2024,0.26,0.42,0.12,184.68,232.25,0.0,45.4,124.63,24.36,1177.25,56.88,58.09,11.35,5.1151,0,NASC_COMPLEMENTARES,ENTRESAFRA,0,0,0,0,0,0,0,0,0,0,0,0,0,0,0,0,0,0,0,0,0,0,0,0.0,1.44,FRACO,0.0,28.38,10.65,0.38,0.4,-0.6,210.94
1578,27/04/2024,0.26,0.42,0.12,,,0.0,,,,,,,,,0,NASC_COMPLEMENTARES,ENTRESAFRA,0,0,0,0,0,0,0,0,0,0,0,0,0,0,0,0,0,0,0,0,0,0,0,0.0,1.44,FRACO,0.0,28.93,,,,,
1579,28/04/2024,0.26,0.42,0.12,,,0.0,,,,,,,,,0,NASC_COMPLEMENTARES,ENTRESAFRA,0,0,0,0,0,0,0,0,0,0,0,0,0,0,0,0,0,0,0,0,0,0,0,0.0,1.44,FRACO,0.0,28.58,,,,,
1580,29/04/2024,0.26,0.42,0.12,185.4,229.6,0.0,44.91,124.46,24.34,1182.0,56.97,58.11,11.37,5.1189,0,NASC_COMPLEMENTARES,ENTRESAFRA,0,0,0,0,0,0,0,0,0,0,0,0,0,0,0,0,0,0,0,0,0,0,0,0.0,1.44,FRACO,0.0,28.18,10.65,0.38,0.4,-0.6,209.62
1581,30/04/2024,0.26,0.42,0.12,185.0,229.35,0.0,44.19,124.51,23.99,1163.0,57.34,57.93,11.16,5.1934,0,NASC_COMPLEMENTARES,ENTRESAFRA,0,0,0,0,0,0,0,0,0,0,0,0,0,0,0,0,0,0,0,0,0,0,0,0.0,1.44,FRACO,0.0,28.73,10.65,0.38,0.4,-0.6,209.64
1582,01/05/2024,0.26,0.42,0.12,173.85,,0.0,,,,1170.25,,,,5.1936,0,NASC_COMPLEMENTARES,PLANEJAMENTO,0,0,0,0,0,0,0,0,0,0,0,0,0,0,0,0,0,0,0,0,0,0,0,0.0,-2.12,FRACO,0.0,27.55,,,,,
1583,02/05/2024,0.26,0.42,0.12,176.8,231.1,0.0,45.2,125.14,24.48,1199.0,57.35,57.56,11.26,5.1113,0,NASC_COMPLEMENTARES,PLANEJAMENTO,0,0,0,0,0,0,0,0,0,0,0,0,0,0,0,0,0,0,0,0,0,0,0,0.0,-2.12,FRACO,0.0,27.55,10.65,0.46,0.4,-0.6,207.48
1584,03/05/2024,0.26,0.42,0.12,176.68,233.8,0.0,46.11,126.08,24.87,1215.0,57.15,58.1,11.46,5.0722,0,NASC_COMPLEMENTARES,PLANEJAMENTO,0,0,0,0,0,0,0,0,0,0,0,0,0,0,0,0,0,0,0,0,0,0,0,0.0,-2.12,FRACO,0.0,27.97,10.65,0.46,0.4,-0.6,207.65
1585,04/05/2024,0.26,0.42,0.12,,,0.0,,,,,,,,,0,NASC_COMPLEMENTARES,PLANEJAMENTO,0,0,0,0,0,0,0,0,0,0,0,0,0,0,0,0,0,0,0,0,0,0,0,0.0,-2.12,FRACO,0.0,28.73,,,,,
1586,05/05/2024,0.26,0.42,0.12,,,0.0,,,,,,,,,0,NASC_COMPLEMENTARES,PLANEJAMENTO,0,0,0,0,0,0,0,0,0,0,0,0,0,0,0,0,0,0,0,0,0,0,0,0.0,-2.12,FRACO,0.0,27.43,,,,,
1587,06/05/2024,0.26,0.42,0.12,176.98,233.75,0.0,46.07,127.41,25.11,1248.75,58.24,58.2,11.47,5.0758,0,NASC_COMPLEMENTARES,PLANEJAMENTO,0,0,0,0,0,0,0,0,0,0,0,0,0,0,0,0,0,0,0,0,0,0,0,0.0,-2.12,FRACO,0.0,27.4,10.65,0.46,0.4,-0.6,208.0
1588,07/05/2024,0.26,0.42,0.12,177.63,233.15,0.0,45.97,129.43,25.52,1246.5,57.86,58.16,11.47,5.0707,0,NASC_COMPLEMENTARES,PLANEJAMENTO,0,0,0,0,0,0,0,0,0,0,0,0,0,0,0,0,0,0,0,0,0,0,0,0.0,-2.12,FRACO,0.0,28.33,10.65,0.46,0.4,-0.6,208.34
1589,08/05/2024,0.26,0.42,0.12,176.48,233.05,0.0,45.75,129.72,25.47,1227.75,57.71,58.1,11.4,5.0909,0,NASC_COMPLEMENTARES,PLANEJAMENTO,0,0,0,0,0,0,0,0,0,0,0,0,0,0,0,0,0,0,0,0,0,0,0,0.0,-2.12,FRACO,0.0,27.57,10.65,0.46,0.4,-0.6,211.84
1590,09/05/2024,0.26,0.42,0.12,175.95,231.8,0.0,45.06,129.29,25.13,1208.5,57.91,58.19,11.31,5.1412,0,NASC_COMPLEMENTARES,PLANEJAMENTO,0,0,0,0,0,0,0,0,0,0,0,0,0,0,0,0,0,0,0,0,0,0,0,0.0,-2.12,FRACO,0.0,27.81,10.4,0.46,0.4,-0.6,213.61
1591,10/05/2024,0.26,0.42,0.12,176.15,230.15,0.0,44.63,129.64,25.14,1219.0,57.93,58.88,11.42,5.1584,0,NASC_COMPLEMENTARES,PLANEJAMENTO,0,0,0,0,0,0,1,0,0,0,0,0,0,0,0,0,0,0,0,0,0,0,0,0.5,-2.12,FRACO,0.0,27.41,10.4,0.46,0.4,-0.6,208.46
1592,11/05/2024,0.26,0.42,0.12,,,0.0,,,,,,,,,0,NASC_COMPLEMENTARES,PLANEJAMENTO,0,0,0,0,0,0,1,0,0,0,0,0,0,0,0,0,0,0,0,0,0,0,0,0.5,-2.12,FRACO,0.0,27.37,,,,,
1593,12/05/2024,0.26,0.42,0.12,,,0.0,,,,,,,,,0,NASC_COMPLEMENTARES,PLANEJAMENTO,0,0,0,0,0,1,1,0,0,0,0,0,0,0,0,0,0,0,0,0,0,0,0,1.5,-2.12,FRACO,0.0,27.95,,,,,
1594,13/05/2024,0.26,0.42,0.12,175.57,228.65,0.0,44.38,129.72,25.18,1219.5,58.72,58.83,11.42,5.1511,0,NASC_COMPLEMENTARES,PLANEJAMENTO,0,0,0,0,0,0,0,0,0,0,0,0,0,0,0,0,0,0,0,0,0,0,0,0.0,-2.12,FRACO,0.0,26.99,10.4,0.46,0.4,-0.6,209.92
1595,14/05/2024,0.26,0.42,0.12,178.18,227.0,0.0,44.24,129.0,25.14,1214.5,58.71,58.67,11.44,5.1299,0,NASC_COMPLEMENTARES,PLANEJAMENTO,0,0,0,0,0,0,0,0,0,0,0,0,0,0,0,0,0,0,0,0,0,0,0,0.0,-2.12,FRACO,0.0,27.95,10.4,0.46,0.4,-0.6,210.8
1596,15/05/2024,0.26,0.42,0.12,178.25,226.5,0.0,44.09,130.11,25.33,1216.25,58.82,58.96,11.48,5.1373,0,NASC_COMPLEMENTARES,PLANEJAMENTO,0,0,0,0,0,0,0,0,0,0,0,0,0,0,0,0,0,0,0,0,0,0,0,0.0,-2.12,FRACO,0.0,27.8,10.4,0.46,0.4,-0.6,208.26
1597,16/05/2024,0.26,0.42,0.12,179.02,225.9,0.0,44.04,129.95,25.33,1216.75,59.15,58.85,11.47,5.1288,0,NASC_COMPLEMENTARES,PLANEJAMENTO,0,0,0,0,0,0,0,0,0,0,0,0,0,0,0,0,0,0,0,0,0,0,0,0.0,-2.12,FRACO,0.0,28.88,10.4,0.46,0.4,-0.6,212.73
1598,17/05/2024,0.26,0.42,0.12,181.05,225.6,0.0,44.2,130.55,25.58,1225.25,58.64,59.13,11.58,5.1031,0,NASC_COMPLEMENTARES,PLANEJAMENTO,0,0,0,0,0,0,0,0,0,0,0,0,0,0,0,0,0,0,0,0,0,0,0,0.0,-2.12,FRACO,0.0,26.94,10.4,0.46,0.4,-0.6,213.14
1599,18/05/2024,0.26,0.42,0.12,,,0.0,,,,,,,,,0,NASC_COMPLEMENTARES,PLANEJAMENTO,0,0,0,0,0,0,0,0,0,0,0,0,0,0,0,0,0,0,0,0,0,0,0,0.0,-2.12,FRACO,0.0,26.69,,,,,
1600,19/05/2024,0.26,0.42,0.12,,,0.0,,,,,,,,,0,NASC_COMPLEMENTARES,PLANEJAMENTO,0,0,0,0,0,0,0,0,0,0,0,0,0,0,0,0,0,0,0,0,0,0,0,0.0,-2.12,FRACO,0.0,26.73,,,,,
1601,20/05/2024,0.26,0.42,0.12,181.48,225.6,0.0,44.16,132.53,25.94,1243.0,59.37,59.68,11.68,5.1033,0,NASC_COMPLEMENTARES,PLANEJAMENTO,0,0,0,0,0,0,0,0,0,0,0,0,0,0,0,0,0,0,0,0,0,0,0,0.0,-2.12,FRACO,0.0,27.75,10.4,0.46,0.4,-0.6,211.27
1602,21/05/2024,0.26,0.42,0.12,182.98,225.1,0.0,44.01,133.41,26.08,1234.0,59.57,59.48,11.63,5.1225,0,NASC_COMPLEMENTARES,PLANEJAMENTO,0,0,0,0,0,0,0,0,0,0,0,0,0,0,0,0,0,0,0,0,0,0,0,0.0,-2.12,FRACO,0.0,28.53,10.4,0.46,0.4,-0.6,210.35
1603,22/05/2024,0.26,0.42,0.12,184.18,223.7,0.0,43.4,134.19,26.04,1243.25,59.57,59.36,11.52,5.1503,0,NASC_COMPLEMENTARES,PLANEJAMENTO,0,0,0,0,0,0,0,0,0,0,0,0,0,0,0,0,0,0,0,0,0,0,0,0.0,-2.12,FRACO,0.0,27.14,10.4,0.46,0.4,-0.6,211.48
1604,23/05/2024,0.26,0.42,0.12,183.52,222.5,0.0,43.16,134.86,26.16,1237.75,59.25,59.77,11.6,5.1442,0,NASC_COMPLEMENTARES,PLANEJAMENTO,0,0,0,0,0,0,0,0,0,0,0,0,0,0,0,0,0,0,0,0,0,0,0,0.0,-2.12,FRACO,0.0,27.43,10.4,0.46,0.4,-0.6,212.07
1605,24/05/2024,0.26,0.42,0.12,183.7,222.05,0.0,42.92,134.35,25.97,1245.0,59.39,59.74,11.55,5.166,0,NASC_COMPLEMENTARES,PLANEJAMENTO,0,0,0,0,0,0,0,0,0,0,0,0,0,0,0,0,0,0,0,0,0,0,0,0.0,-2.12,FRACO,0.0,27.85,10.4,0.46,0.4,-0.6,214.92
1606,25/05/2024,0.26,0.42,0.12,,,0.0,,,,,,,,,0,NASC_COMPLEMENTARES,PLANEJAMENTO,0,0,0,0,0,0,0,0,0,0,0,0,0,0,0,0,0,0,0,0,0,0,0,0.0,-2.12,FRACO,0.0,27.04,,,,,
1607,26/05/2024,0.26,0.42,0.12,,,0.0,,,,,,,,,0,NASC_COMPLEMENTARES,PLANEJAMENTO,0,0,0,0,0,0,0,0,0,0,0,0,0,0,0,0,0,0,0,0,0,0,0,0.0,-2.12,FRACO,0.0,26.85,,,,,
1608,27/05/2024,0.26,0.42,0.12,,,0.0,,,,,,,,,0,NASC_COMPLEMENTARES,PLANEJAMENTO,0,0,0,0,0,0,0,0,0,0,0,0,0,0,0,0,0,0,0,0,0,0,0,0.0,-2.12,FRACO,0.0,26.1,10.4,0.46,0.4,-0.6,
1609,28/05/2024,0.26,0.42,0.12,184.55,221.9,0.0,43.0,133.81,25.93,1229.0,58.99,59.43,11.52,5.1611,0,NASC_COMPLEMENTARES,PLANEJAMENTO,0,0,0,0,0,0,0,0,0,0,0,0,0,0,0,0,0,0,0,0,0,0,0,0.0,-2.12,FRACO,0.0,26.4,10.4,0.46,0.4,-0.6,208.5
1610,29/05/2024,0.26,0.42,0.12,183.35,221.5,0.0,42.57,133.36,25.63,1213.75,58.67,59.29,11.4,5.2018,0,NASC_COMPLEMENTARES,PLANEJAMENTO,0,0,0,0,0,0,0,0,0,0,0,0,0,0,0,0,0,0,0,0,0,0,0,0.0,-2.12,FRACO,0.0,27.07,10.4,0.46,0.4,-0.6,205.89
1611,30/05/2024,0.26,0.42,0.12,182.55,,0.0,,,,1208.0,,,,5.2034,0,NASC_COMPLEMENTARES,PLANEJAMENTO,0,0,0,0,0,0,0,0,0,0,0,0,0,0,0,0,0,0,0,0,0,0,0,0.0,-2.12,FRACO,0.0,27.28,,,,,
1612,31/05/2024,0.26,0.42,0.12,181.55,221.15,0.0,42.07,133.27,25.35,1203.5,58.22,59.36,11.29,5.2443,0,NASC_COMPLEMENTARES,PLANEJAMENTO,0,0,0,0,0,0,0,0,0,0,0,0,0,0,0,0,0,0,0,0,0,0,0,0.0,-2.12,FRACO,0.0,26.89,10.4,0.46,0.4,-0.6,202.98
1613,01/06/2024,0.26,0.42,0.12,,,0.0,,,,,,,,,0,NASC_COMPLEMENTARES,PLANEJAMENTO,0,0,0,0,0,0,0,1,0,0,0,0,0,0,0,0,0,0,0,0,0,0,0,0.5,-2.21,FRACO,0.0,26.58,,,,,
1614,02/06/2024,0.26,0.42,0.12,,,0.0,,,,,,,,,0,NASC_COMPLEMENTARES,PLANEJAMENTO,0,0,0,0,0,0,0,1,0,0,0,0,0,0,0,0,0,0,0,0,0,0,0,0.5,-2.21,FRACO,0.0,25.5,,,,,
1615,03/06/2024,0.26,0.42,0.12,182.02,216.7,0.0,41.41,132.47,25.31,1182.5,57.38,58.95,11.27,5.2467,0,NASC_COMPLEMENTARES,PLANEJAMENTO,0,0,0,0,0,0,0,1,0,0,0,0,0,0,0,0,0,0,0,0,0,0,0,0.5,-2.21,FRACO,0.0,26.19,10.4,0.21,0.4,-0.6,201.75
1616,04/06/2024,0.26,0.42,0.12,182.18,216.6,0.0,40.96,131.62,24.89,1177.5,57.07,58.58,11.08,5.2861,0,NASC_COMPLEMENTARES,PLANEJAMENTO,0,0,0,0,0,0,0,1,0,0,0,0,0,0,0,0,0,0,0,0,0,0,0,0.5,-2.21,FRACO,0.0,26.38,10.4,0.21,0.4,-0.6,203.78
1617,05/06/2024,0.26,0.42,0.12,181.77,216.55,0.0,40.87,131.81,24.88,1174.25,56.39,58.55,11.05,5.2964,0,NASC_COMPLEMENTARES,PLANEJAMENTO,0,0,0,0,0,0,0,1,0,0,0,0,0,0,0,0,0,0,0,0,0,0,0,0.5,-2.21,FRACO,0.0,26.64,10.4,0.21,0.4,-0.6,200.49
1618,06/06/2024,0.26,0.42,0.12,181.82,215.95,0.0,41.09,133.45,25.39,1193.5,57.36,58.27,11.09,5.256,0,NASC_COMPLEMENTARES,PLANEJAMENTO,0,0,0,0,0,0,0,1,0,0,0,0,0,0,0,0,0,0,0,0,0,0,0,0.5,-2.21,FRACO,0.0,26.17,10.4,0.21,0.4,-0.6,201.49
1619,07/06/2024,0.26,0.42,0.12,182.18,215.3,0.0,40.5,133.66,25.14,1176.75,57.13,57.85,10.88,5.3448,0,NASC_COMPLEMENTARES,PLANEJAMENTO,0,0,0,0,0,0,0,1,0,0,0,0,0,0,0,0,0,0,0,0,0,0,0,0.5,-2.21,FRACO,0.0,25.56,10.4,0.21,0.4,-0.6,199.36
1620,08/06/2024,0.26,0.42,0.12,,,0.0,,,,,,,,,0,NASC_COMPLEMENTARES,PLANEJAMENTO,0,0,0,0,0,0,0,1,0,0,0,0,0,0,0,0,0,0,0,0,0,0,0,0.5,-2.21,FRACO,0.0,26.48,,,,,
1621,09/06/2024,0.26,0.42,0.12,,,0.0,,,,,,,,,0,NASC_COMPLEMENTARES,PLANEJAMENTO,0,0,0,0,0,0,0,1,0,0,0,0,0,0,0,0,0,0,0,0,0,0,0,0.5,-2.21,FRACO,0.0,25.73,,,,,
1622,10/06/2024,0.26,0.42,0.12,183.93,215.8,0.0,40.3,134.6,25.14,1182.75,58.38,58.22,10.87,5.3547,0,NASC_COMPLEMENTARES,PLANEJAMENTO,0,0,0,0,0,0,0,1,0,0,0,0,0,0,0,0,0,0,0,0,0,0,0,0.5,-2.21,FRACO,0.0,26.0,10.4,0.21,0.4,-0.6,198.5
1623,11/06/2024,0.26,0.42,0.12,183.75,216.0,0.0,40.31,134.93,25.18,1171.75,58.65,57.94,10.81,5.3662,0,NASC_COMPLEMENTARES,PLANEJAMENTO,0,0,0,0,0,0,0,1,0,0,0,0,0,0,0,0,0,0,0,0,0,0,0,0.5,-2.21,FRACO,0.0,26.37,10.4,0.21,0.4,-0.6,198.7
1624,12/06/2024,0.26,0.42,0.12,183.65,219.25,0.0,40.54,136.13,25.17,1166.75,58.76,57.51,10.63,5.4123,0,NASC_COMPLEMENTARES,PLANEJAMENTO,0,0,0,0,0,0,0,1,0,0,0,0,0,0,0,0,0,0,0,0,0,0,0,0.5,-2.21,FRACO,0.0,27.02,10.4,0.21,0.4,-0.6,195.73
1625,13/06/2024,0.26,0.42,0.12,184.82,220.5,0.0,41.04,136.06,25.32,1178.25,58.38,57.53,10.71,5.3636,0,NASC_COMPLEMENTARES,PLANEJAMENTO,0,0,0,0,0,0,0,1,1,0,0,0,0,0,0,0,0,0,0,0,0,0,0,1.5,-2.21,FRACO,0.0,25.35,10.4,0.21,0.4,-0.6,195.64
1626,14/06/2024,0.26,0.42,0.12,186.82,221.25,0.0,41.15,135.52,25.2,1168.25,57.57,57.77,10.74,5.3757,0,NASC_COMPLEMENTARES,PLANEJAMENTO,0,0,0,0,0,0,0,1,0,0,0,0,0,0,0,0,0,0,0,0,0,0,0,0.5,-2.21,FRACO,0.0,25.5,10.4,0.21,0.4,-0.6,197.13
1627,15/06/2024,0.26,0.42,0.12,,,0.0,,,,,,,,,0,NASC_COMPLEMENTARES,PLANEJAMENTO,0,0,0,0,0,0,0,1,0,0,0,0,0,0,0,0,0,0,0,0,0,0,0,0.5,-2.21,FRACO,0.0,25.9,,,,,
1628,16/06/2024,0.26,0.42,0.12,,,0.0,,,,,,,,,0,NASC_COMPLEMENTARES,PLANEJAMENTO,0,0,0,0,0,0,0,1,0,0,0,0,0,0,0,0,0,0,0,0,0,0,0,0.5,-2.21,FRACO,0.0,25.6,,,,,
1629,17/06/2024,0.26,0.42,0.12,187.05,221.5,0.0,40.84,134.26,24.75,1146.0,57.09,57.72,10.64,5.4195,0,NASC_COMPLEMENTARES,PLANEJAMENTO,0,0,0,0,0,0,0,1,0,0,0,0,0,0,0,0,0,0,0,0,0,0,0,0.5,-2.21,FRACO,0.0,24.56,10.4,0.21,0.4,-0.6,196.59
1630,18/06/2024,0.26,0.42,0.12,186.68,221.5,0.0,40.76,133.95,24.65,1156.0,57.15,57.71,10.62,5.4359,0,NASC_COMPLEMENTARES,PLANEJAMENTO,0,0,0,0,0,0,0,1,0,0,0,0,0,0,0,0,0,0,0,0,0,0,0,0.5,-2.21,FRACO,0.0,24.95,10.4,0.21,0.4,-0.6,196.53
1631,19/06/2024,0.26,0.42,0.12,,,0.0,,,,,,,,,0,NASC_COMPLEMENTARES,PLANEJAMENTO,0,0,0,0,0,0,0,1,0,0,0,0,0,0,0,0,0,0,0,0,0,0,0,0.5,-2.21,FRACO,0.0,25.06,10.4,0.21,0.4,-0.6,
1632,20/06/2024,0.26,0.42,0.12,187.07,223.6,0.0,41.29,133.91,24.73,1139.75,57.49,58.15,10.74,5.4483,0,NASC_COMPLEMENTARES,PLANEJAMENTO,0,0,0,0,0,0,0,1,0,0,0,0,0,0,0,0,0,0,0,0,0,0,0,0.5,-2.21,FRACO,0.0,26.6,10.4,0.21,0.4,-0.6,198.49
1633,21/06/2024,0.26,0.42,0.12,187.6,223.75,0.0,41.09,133.73,24.56,1147.0,57.59,58.13,10.68,5.4302,0,NASC_COMPLEMENTARES,PLANEJAMENTO,0,0,0,0,0,0,0,1,0,0,0,0,0,0,0,0,0,0,0,0,0,0,0,0.5,-2.21,FRACO,0.0,26.35,10.4,0.21,0.4,-0.6,194.48
1634,22/06/2024,0.26,0.42,0.12,,,0.0,,,,,,,,,0,NASC_COMPLEMENTARES,PLANEJAMENTO,0,0,0,0,0,0,0,1,0,0,0,0,0,0,0,0,0,0,0,0,0,0,0,0.5,-2.21,FRACO,0.0,25.62,,,,,
1635,23/06/2024,0.26,0.42,0.12,,,0.0,,,,,,,,,0,NASC_COMPLEMENTARES,PLANEJAMENTO,0,0,0,0,0,0,0,1,0,0,0,0,0,0,0,0,0,0,0,0,0,0,0,0.5,-2.21,FRACO,0.0,26.21,,,,,
1636,24/06/2024,0.26,0.42,0.12,188.9,225.65,0.0,41.83,133.43,24.74,1160.5,57.78,57.26,10.61,5.3928,0,NASC_COMPLEMENTARES,PLANEJAMENTO,0,0,0,0,0,0,0,1,0,1,0,0,0,0,0,0,0,0,0,0,0,0,0,1.5,-2.21,FRACO,0.0,26.98,10.4,0.21,0.4,-0.6,195.08
1637,25/06/2024,0.26,0.42,0.12,189.48,225.4,0.0,41.35,133.31,24.46,1145.5,57.15,56.88,10.43,5.4509,0,NASC_COMPLEMENTARES,PLANEJAMENTO,0,0,0,0,0,0,0,1,0,0,0,0,0,0,0,0,0,0,0,0,0,0,0,0.5,-2.21,FRACO,0.0,27.45,10.4,0.21,0.4,-0.6,194.1
1638,26/06/2024,0.26,0.42,0.12,192.93,225.0,0.0,40.8,134.06,24.31,1142.25,57.11,57.37,10.4,5.5194,0,NASC_COMPLEMENTARES,PLANEJAMENTO,0,0,0,0,0,0,0,1,0,0,0,0,0,0,0,0,0,0,0,0,0,0,0,0.5,-2.21,FRACO,0.0,25.24,10.4,0.21,0.4,-0.6,195.2
1639,27/06/2024,0.26,0.42,0.12,194.18,226.0,0.0,41.08,133.94,24.34,1136.25,57.92,57.54,10.46,5.5019,0,NASC_COMPLEMENTARES,PLANEJAMENTO,0,0,0,0,0,0,0,1,0,0,0,0,0,0,0,0,0,0,0,0,0,0,0,0.5,-2.21,FRACO,0.0,25.46,10.4,0.21,0.4,-0.6,195.53
1640,28/06/2024,0.26,0.42,0.12,193.5,225.15,0.0,40.29,134.5,24.07,1133.5,57.02,57.22,10.24,5.5925,0,NASC_COMPLEMENTARES,PLANEJAMENTO,0,0,0,0,0,0,0,1,0,0,0,0,0,0,0,0,0,0,0,0,0,0,0,0.5,-2.21,FRACO,0.0,25.26,10.4,0.21,0.4,-0.6,196.6
1641,29/06/2024,0.26,0.42,0.12,,,0.0,,,,,,,,,0,NASC_COMPLEMENTARES,PLANEJAMENTO,0,0,0,0,0,0,0,1,0,0,1,0,0,0,0,0,0,0,0,0,0,0,0,1.5,-2.21,FRACO,0.0,25.71,,,,,
1642,30/06/2024,0.26,0.42,0.12,,,0.0,,,,,,,,,0,NASC_COMPLEMENTARES,PLANEJAMENTO,0,0,0,0,0,0,0,1,0,0,0,0,0,0,0,0,0,0,0,0,0,0,0,0.5,-2.21,FRACO,0.0,25.5,,,,,
1643,01/07/2024,0.26,0.42,0.12,184.27,225.65,0.0,40.02,134.98,23.94,1146.0,56.73,57.32,10.17,5.6603,0,MENOR_TX_NASC,PLANEJAMENTO,0,0,0,0,0,0,0,0,0,0,0,1,0,0,0,0,0,0,0,0,0,0,0,0.5,-2.8,INEXISTENTE,0.0,25.82,10.4,0.38,0.2,0.6,195.5
1644,02/07/2024,0.26,0.42,0.12,185.1,225.3,0.0,39.85,136.59,24.16,1150.25,57.37,56.87,10.06,5.6777,0,MENOR_TX_NASC,PLANEJAMENTO,0,0,0,0,0,0,0,0,0,0,0,1,0,0,0,0,0,0,0,0,0,0,0,0.5,-2.8,INEXISTENTE,0.0,27.07,10.4,0.38,0.2,0.6,197.08
1645,03/07/2024,0.26,0.42,0.12,185.93,224.25,0.0,40.31,137.68,24.75,1157.75,56.62,56.4,10.14,5.5563,0,MENOR_TX_NASC,PLANEJAMENTO,0,0,0,0,0,0,0,0,0,0,0,1,0,0,0,0,0,0,0,0,0,0,0,0.5,-2.8,INEXISTENTE,0.0,25.65,10.4,0.38,0.2,0.6,196.06
1646,04/07/2024,0.26,0.42,0.12,,,0.0,,,,,,,,,0,MENOR_TX_NASC,PLANEJAMENTO,0,0,0,0,0,0,0,0,0,0,0,1,0,0,0,0,0,0,0,0,0,0,0,0.5,-2.8,INEXISTENTE,0.0,25.65,10.4,0.38,0.2,0.6,
1647,05/07/2024,0.26,0.42,0.12,186.43,227.3,0.0,41.58,137.49,25.15,1166.25,55.99,56.11,10.26,5.4592,0,MENOR_TX_NASC,PLANEJAMENTO,0,0,0,0,0,0,0,0,0,0,0,1,0,0,0,0,0,0,0,0,0,0,0,0.5,-2.8,INEXISTENTE,0.0,25.92,10.4,0.38,0.2,0.6,196.4
1648,06/07/2024,0.26,0.42,0.12,,,0.0,,,,,,,,,0,MENOR_TX_NASC,PLANEJAMENTO,0,0,0,0,0,0,0,0,0,0,0,1,0,0,0,0,0,0,0,0,0,0,0,0.5,-2.8,INEXISTENTE,0.0,26.49,,,,,
1649,07/07/2024,0.26,0.42,0.12,,,0.0,,,,,,,,,0,MENOR_TX_NASC,PLANEJAMENTO,0,0,0,0,0,0,0,0,0,0,0,1,0,0,0,0,0,0,0,0,0,0,0,0.5,-2.8,INEXISTENTE,0.0,25.98,,,,,
1650,08/07/2024,0.26,0.42,0.12,184.35,228.0,0.0,41.63,135.18,24.68,1149.0,55.66,56.14,10.25,5.4699,0,MENOR_TX_NASC,PLANEJAMENTO,0,0,0,0,0,0,0,0,0,0,0,1,0,0,0,0,0,0,0,0,0,0,0,0.5,-2.8,INEXISTENTE,0.0,26.56,10.4,0.38,0.2,0.6,194.97
1651,09/07/2024,0.26,0.42,0.12,182.35,228.0,0.0,41.63,133.6,24.66,1131.25,55.88,56.21,10.37,5.4222,0,MENOR_TX_NASC,PLANEJAMENTO,0,0,0,0,0,0,0,0,0,0,0,1,0,0,0,0,0,0,0,0,0,0,0,0.5,-2.8,INEXISTENTE,0.0,26.27,10.4,0.38,0.2,0.6,194.62
1652,10/07/2024,0.26,0.42,0.12,182.25,227.25,0.0,41.98,131.22,24.24,1113.25,56.03,55.84,10.32,5.4144,0,MENOR_TX_NASC,PLANEJAMENTO,0,0,0,0,0,0,0,0,0,0,0,1,0,0,0,0,0,0,0,0,0,0,0,0.5,-2.8,INEXISTENTE,0.0,26.36,10.4,0.38,0.2,0.6,193.58
1653,11/07/2024,0.26,0.42,0.12,182.25,226.55,0.0,41.61,129.89,23.86,1117.0,55.71,56.49,10.38,5.4381,0,MENOR_TX_NASC,PLANEJAMENTO,0,0,0,0,0,0,0,0,0,0,0,1,0,0,0,0,0,0,0,0,0,0,0,0.5,-2.8,INEXISTENTE,0.0,26.48,10.4,0.38,0.2,0.6,195.8
1654,12/07/2024,0.26,0.42,0.12,182.38,227.1,0.0,41.81,130.06,23.94,1105.0,56.29,56.7,10.44,5.4285,0,MENOR_TX_NASC,PLANEJAMENTO,0,0,0,0,0,0,0,0,0,0,0,1,0,0,0,0,0,0,0,0,0,0,0,0.5,-2.8,INEXISTENTE,0.0,26.56,10.4,0.38,0.2,0.6,193.43
1655,13/07/2024,0.26,0.42,0.12,,,0.0,,,,,,,,,0,MENOR_TX_NASC,PLANEJAMENTO,0,0,0,0,0,0,0,0,0,0,0,1,0,0,0,0,0,0,0,0,0,0,0,0.5,-2.8,INEXISTENTE,0.0,26.22,,,,,
1656,14/07/2024,0.26,0.42,0.12,,,0.0,,,,,,,,,0,MENOR_TX_NASC,PLANEJAMENTO,0,0,0,0,0,0,0,0,0,0,0,1,0,0,0,0,0,0,0,0,0,0,0,0.5,-2.8,INEXISTENTE,0.0,24.98,,,,,
1657,15/07/2024,0.26,0.42,0.12,182.13,226.5,0.0,41.58,129.14,23.71,1033.75,56.51,56.35,10.35,5.4448,0,MENOR_TX_NASC,PLANEJAMENTO,0,0,0,0,0,0,0,0,0,0,0,1,0,0,0,0,0,0,0,0,0,0,0,0.5,-2.8,INEXISTENTE,0.0,24.23,10.4,0.38,0.2,0.6,197.01
1658,16/07/2024,0.26,0.42,0.12,182.68,230.4,0.0,42.41,127.8,23.52,1037.75,58.61,56.33,10.37,5.4286,0,MENOR_TX_NASC,PLANEJAMENTO,0,0,0,0,0,0,0,0,0,0,0,1,0,0,0,0,0,0,0,0,0,0,0,0.5,-2.8,INEXISTENTE,0.0,24.19,10.4,0.38,0.2,0.6,197.37
1659,17/07/2024,0.26,0.42,0.12,184.27,231.2,0.0,42.15,129.41,23.59,1038.25,59.05,56.17,10.24,5.4821,0,MENOR_TX_NASC,PLANEJAMENTO,0,0,0,0,0,0,0,0,0,0,0,1,0,0,0,0,0,0,0,0,0,0,0,0.5,-2.8,INEXISTENTE,0.0,24.4,10.4,0.38,0.2,0.6,201.46
1660,18/07/2024,0.26,0.42,0.12,182.25,232.75,0.0,41.71,130.45,23.38,1040.75,58.26,57.24,10.26,5.546,0,MENOR_TX_NASC,PLANEJAMENTO,0,0,0,0,0,0,0,0,0,0,0,1,0,0,0,0,0,0,0,0,0,0,0,0.5,-2.8,INEXISTENTE,0.0,24.31,10.4,0.38,0.2,0.6,200.61
1661,19/07/2024,0.26,0.42,0.12,183.1,232.3,0.0,41.49,131.64,23.51,1036.75,59.08,57.48,10.27,5.5952,0,MENOR_TX_NASC,PLANEJAMENTO,0,0,0,0,0,0,0,0,0,0,0,1,0,0,0,0,0,0,0,0,0,0,0,0.5,-2.8,INEXISTENTE,0.0,24.81,10.4,0.38,0.2,0.6,199.85
1662,20/07/2024,0.26,0.42,0.12,,,0.0,,,,,,,,,0,MENOR_TX_NASC,PLANEJAMENTO,0,0,0,0,0,0,0,0,0,0,0,1,0,0,0,0,0,0,0,0,0,0,0,0.5,-2.8,INEXISTENTE,0.0,25.13,,,,,
1663,21/07/2024,0.26,0.42,0.12,,,0.0,,,,,,,,,0,MENOR_TX_NASC,PLANEJAMENTO,0,0,0,0,0,0,0,0,0,0,0,1,0,0,0,0,0,0,0,0,0,0,0,0.5,-2.8,INEXISTENTE,0.0,23.99,,,,,
1664,22/07/2024,0.26,0.42,0.12,183.93,231.5,0.0,41.53,133.35,23.92,1064.75,60.52,57.56,10.33,5.5779,0,MENOR_TX_NASC,PLANEJAMENTO,0,0,0,0,0,0,0,0,0,0,0,1,0,0,0,0,0,0,0,0,0,0,0,0.5,-2.8,INEXISTENTE,0.0,24.49,10.4,0.38,0.2,0.6,199.88
1665,23/07/2024,0.26,0.42,0.12,186.3,230.4,0.0,41.2,135.05,24.15,1071.75,60.94,58.41,10.45,5.5846,0,MENOR_TX_NASC,PLANEJAMENTO,0,0,0,0,0,0,0,0,0,0,0,1,0,0,0,0,0,0,0,0,0,0,0,0.5,-2.8,INEXISTENTE,0.0,24.9,10.4,0.38,0.2,0.6,197.44
1666,24/07/2024,0.26,0.42,0.12,186.9,229.7,0.0,40.6,136.83,24.19,1060.25,61.71,58.56,10.35,5.6536,0,MENOR_TX_NASC,PLANEJAMENTO,0,0,0,0,0,0,0,0,0,0,0,1,0,0,0,0,0,0,0,0,0,0,0,0.5,-2.8,INEXISTENTE,0.0,25.12,10.4,0.38,0.2,0.6,197.25
1667,25/07/2024,0.26,0.42,0.12,188.9,232.2,0.0,41.16,137.37,24.35,1074.5,61.34,58.91,10.44,5.6442,0,MENOR_TX_NASC,PLANEJAMENTO,0,0,0,0,0,0,0,0,0,0,0,1,0,0,0,0,0,0,0,0,0,0,0,0.5,-2.8,INEXISTENTE,0.0,25.71,10.4,0.38,0.2,0.6,199.38
1668,26/07/2024,0.26,0.42,0.12,188.57,232.35,0.0,41.04,136.51,24.11,1042.0,61.06,58.81,10.39,5.6557,0,MENOR_TX_NASC,PLANEJAMENTO,0,0,0,0,0,0,0,0,0,0,0,1,0,0,0,0,0,0,0,0,0,0,0,0.5,-2.8,INEXISTENTE,0.0,25.3,10.4,0.38,0.2,0.6,200.54
1669,27/07/2024,0.26,0.42,0.12,,,0.0,,,,,,,,,0,MENOR_TX_NASC,PLANEJAMENTO,0,0,0,0,0,0,0,0,0,0,0,1,0,0,0,0,0,0,0,0,0,0,0,0.5,-2.8,INEXISTENTE,0.0,25.28,,,,,
1670,28/07/2024,0.26,0.42,0.12,,,0.0,,,,,,,,,0,MENOR_TX_NASC,PLANEJAMENTO,0,0,0,0,0,0,0,0,0,0,0,1,0,0,0,0,0,0,0,0,0,0,0,0.5,-2.8,INEXISTENTE,0.0,26.19,,,,,
1671,29/07/2024,0.26,0.42,0.12,186.98,232.35,0.0,41.28,133.71,23.75,1030.0,61.16,58.45,10.38,5.6159,0,MENOR_TX_NASC,PLANEJAMENTO,0,0,0,0,0,0,0,0,0,0,0,1,0,0,0,0,0,0,0,0,0,0,0,0.5,-2.8,INEXISTENTE,0.0,26.99,10.4,0.38,0.2,0.6,198.92
1672,30/07/2024,0.26,0.42,0.12,187.7,232.6,0.0,41.36,131.8,23.44,1011.0,60.05,58.35,10.37,5.6121,0,MENOR_TX_NASC,PLANEJAMENTO,0,0,0,0,0,0,0,0,0,0,0,1,0,0,0,0,0,0,0,0,0,0,0,0.5,-2.8,INEXISTENTE,0.0,27.17,10.4,0.38,0.2,0.6,197.2
1673,31/07/2024,0.26,0.42,0.12,187.13,232.5,0.0,41.06,133.14,23.51,1014.5,59.59,59.2,10.46,5.65,0,MENOR_TX_NASC,PLANEJAMENTO,0,0,0,0,0,0,0,0,0,0,0,1,0,0,0,0,0,0,0,0,0,0,0,0.5,-2.8,INEXISTENTE,0.0,27.96,10.4,0.38,0.2,0.6,193.71
1674,01/08/2024,0.26,0.42,0.12,184.8,231.95,0.0,40.43,133.07,23.2,1009.0,60.57,59.44,10.36,5.7483,0,MENOR_TX_NASC,PLANEJAMENTO,0,0,0,0,0,0,0,0,0,0,0,0,0,0,0,0,0,0,0,0,0,0,0,0.0,-2.16,INEXISTENTE,0.0,26.95,10.4,-0.02,0.2,0.6,196.31
1675,02/08/2024,0.26,0.42,0.12,184.1,233.15,0.0,40.82,134.39,23.53,1018.0,61.74,59.34,10.39,5.7273,0,MENOR_TX_NASC,PLANEJAMENTO,0,0,0,0,0,0,0,0,0,0,0,0,0,0,0,0,0,0,0,0,0,0,0,0.0,-2.16,INEXISTENTE,0.0,26.43,10.4,-0.02,0.2,0.6,199.83
1676,03/08/2024,0.26,0.42,0.12,,,0.0,,,,,,,,,0,MENOR_TX_NASC,PLANEJAMENTO,0,0,0,0,0,0,0,0,0,0,0,0,0,0,0,0,0,0,0,0,0,0,0,0.0,-2.16,INEXISTENTE,0.0,25.52,,,,,
1677,04/08/2024,0.26,0.42,0.12,,,0.0,,,,,,,,,0,MENOR_TX_NASC,PLANEJAMENTO,0,0,0,0,0,0,0,0,0,0,0,0,0,0,0,0,0,0,0,0,0,0,0,0.0,-2.16,INEXISTENTE,0.0,25.56,,,,,
1678,05/08/2024,0.26,0.42,0.12,181.55,234.4,0.0,40.87,134.87,23.52,1031.5,61.8,59.14,10.31,5.7238,0,MENOR_TX_NASC,PLANEJAMENTO,0,0,0,0,0,0,0,0,0,0,0,0,0,0,0,0,0,0,0,0,0,0,0,0.0,-2.16,INEXISTENTE,0.0,24.95,10.4,-0.02,0.2,0.6,197.22
1679,06/08/2024,0.26,0.42,0.12,181.98,234.7,0.0,41.53,135.15,23.91,1014.0,60.37,59.19,10.47,5.6623,0,MENOR_TX_NASC,PLANEJAMENTO,0,0,0,0,0,0,0,0,0,0,0,0,0,0,0,0,0,0,0,0,0,0,0,0.0,-2.16,INEXISTENTE,0.0,25.79,10.4,-0.02,0.2,0.6,202.38
1680,07/08/2024,0.26,0.42,0.12,182.27,230.55,0.0,40.99,133.47,23.73,1005.25,60.12,59.2,10.52,5.6341,0,MENOR_TX_NASC,PLANEJAMENTO,0,0,0,0,0,0,0,0,0,0,0,0,0,0,0,0,0,0,0,0,0,0,0,0.0,-2.16,INEXISTENTE,0.0,25.9,10.4,-0.02,0.2,0.6,205.0
1681,08/08/2024,0.26,0.42,0.12,182.05,231.2,0.0,41.48,132.95,23.85,993.5,60.06,59.02,10.59,5.5493,0,MENOR_TX_NASC,PLANEJAMENTO,0,0,0,0,0,0,0,0,0,0,0,0,0,0,0,0,0,0,0,0,0,0,0,0.0,-2.16,INEXISTENTE,0.0,26.06,10.4,-0.02,0.2,0.6,205.15
1682,09/08/2024,0.26,0.42,0.12,184.25,234.3,0.0,42.51,131.28,23.82,988.75,60.15,58.86,10.68,5.5064,0,MENOR_TX_NASC,PLANEJAMENTO,0,0,0,0,0,0,0,0,0,0,0,0,0,0,1,0,0,0,0,0,0,0,0,0.5,-2.16,INEXISTENTE,0.0,26.4,10.4,-0.02,0.2,0.6,206.66
1683,10/08/2024,0.26,0.42,0.12,,,0.0,,,,,,,,,0,MENOR_TX_NASC,PLANEJAMENTO,0,0,0,0,0,0,0,0,0,0,0,0,0,0,1,0,0,0,0,0,0,0,0,0.5,-2.16,INEXISTENTE,0.0,24.38,,,,,
1684,11/08/2024,0.26,0.42,0.12,,,0.0,,,,,,,,,0,MENOR_TX_NASC,PLANEJAMENTO,0,0,0,0,0,0,0,0,0,0,0,0,0,1,1,0,0,0,0,0,0,0,0,1.5,-2.16,INEXISTENTE,0.0,26.14,,,,,
1685,12/08/2024,0.26,0.42,0.12,183.32,235.4,0.0,42.78,129.08,23.46,971.25,60.39,59.07,10.73,5.4974,0,MENOR_TX_NASC,PLANEJAMENTO,0,0,0,0,0,0,0,0,0,0,0,0,0,0,0,0,0,0,0,0,0,0,0,0.0,-2.16,INEXISTENTE,0.0,26.63,10.4,-0.02,0.2,0.6,206.59
1686,13/08/2024,0.26,0.42,0.12,184.0,235.4,0.0,43.14,126.38,23.16,947.25,59.94,59.22,10.85,5.4538,0,MENOR_TX_NASC,PLANEJAMENTO,0,0,0,0,0,0,0,0,0,0,0,0,0,0,0,0,0,0,0,0,0,0,0,0.0,-2.16,INEXISTENTE,0.0,26.81,10.4,-0.02,0.2,0.6,207.57
1687,14/08/2024,0.26,0.42,0.12,184.6,234.2,0.0,42.78,123.73,22.6,952.25,59.72,59.39,10.85,5.473,0,MENOR_TX_NASC,PLANEJAMENTO,0,0,0,0,0,0,0,0,0,0,0,0,0,0,0,0,0,0,0,0,0,0,0,0.0,-2.16,INEXISTENTE,0.0,27.85,10.4,-0.02,0.2,0.6,207.85
1688,15/08/2024,0.26,0.42,0.12,184.05,232.85,0.0,42.48,124.43,22.7,968.5,60.21,59.01,10.76,5.4827,0,MENOR_TX_NASC,PLANEJAMENTO,0,0,0,0,0,0,0,0,0,0,0,0,0,0,0,0,0,0,0,0,0,0,0,0.0,-2.16,INEXISTENTE,0.0,28.42,10.4,-0.02,0.2,0.6,205.29
1689,16/08/2024,0.26,0.42,0.12,182.8,233.5,0.0,42.7,124.72,22.8,957.0,59.39,59.75,10.92,5.4753,0,MENOR_TX_NASC,PLANEJAMENTO,0,0,0,0,0,0,0,0,0,0,0,0,0,0,0,0,0,0,0,0,0,0,0,0.0,-2.16,INEXISTENTE,0.0,29.48,10.4,-0.02,0.2,0.6,207.88
1690,17/08/2024,0.26,0.42,0.12,,,0.0,,,,,,,,,0,MENOR_TX_NASC,PLANEJAMENTO,0,0,0,0,0,0,0,0,0,0,0,0,0,0,0,0,0,0,0,0,0,0,0,0.0,-2.16,INEXISTENTE,0.0,29.34,,,,,
1691,18/08/2024,0.26,0.42,0.12,,,0.0,,,,,,,,,0,MENOR_TX_NASC,PLANEJAMENTO,0,0,0,0,0,0,0,0,0,0,0,0,0,0,0,0,0,0,0,0,0,0,0,0.0,-2.16,INEXISTENTE,0.0,28.12,,,,,
1692,19/08/2024,0.26,0.42,0.12,182.8,233.45,0.0,43.15,124.47,23.01,976.0,60.1,59.83,11.06,5.4121,0,MENOR_TX_NASC,PLANEJAMENTO,0,0,0,0,0,0,0,0,0,0,0,0,0,0,0,0,0,0,0,0,0,0,0,0.0,-2.16,INEXISTENTE,0.0,27.8,10.4,-0.02,0.2,0.6,208.87
1693,20/08/2024,0.26,0.42,0.12,181.02,234.75,0.0,42.93,124.05,22.69,976.0,60.5,59.69,10.92,5.478,0,MENOR_TX_NASC,PLANEJAMENTO,0,0,0,0,0,0,0,0,0,0,0,0,0,0,0,0,0,0,0,0,0,0,0,0.0,-2.16,INEXISTENTE,0.0,28.1,10.4,-0.02,0.2,0.6,208.7
1694,21/08/2024,0.26,0.42,0.12,181.23,235.5,0.0,43.01,125.54,22.93,981.5,60.15,59.89,10.94,5.4858,0,MENOR_TX_NASC,PLANEJAMENTO,0,0,0,0,0,0,0,0,0,0,0,0,0,0,0,0,0,0,0,0,0,0,0,0.0,-2.16,INEXISTENTE,0.0,28.29,10.4,-0.02,0.2,0.6,209.4
1695,22/08/2024,0.26,0.42,0.12,182.55,236.3,0.0,42.28,127.06,22.73,961.5,60.48,60.12,10.76,5.5834,0,MENOR_TX_NASC,PLANEJAMENTO,0,0,0,0,0,0,0,0,0,0,0,0,0,0,0,0,0,0,0,0,0,0,0,0.0,-2.16,INEXISTENTE,0.0,28.91,10.4,-0.02,0.2,0.6,209.62
1696,23/08/2024,0.26,0.42,0.12,182.57,237.7,0.0,43.4,127.86,23.35,973.0,60.26,60.02,10.96,5.4863,0,MENOR_TX_NASC,PLANEJAMENTO,0,0,0,0,0,0,0,0,0,0,0,0,0,0,0,0,0,0,0,0,0,0,0,0.0,-2.16,INEXISTENTE,0.0,29.06,10.4,-0.02,0.2,0.6,207.05
1697,24/08/2024,0.26,0.42,0.12,,,0.0,,,,,,,,,0,MENOR_TX_NASC,PLANEJAMENTO,0,0,0,0,0,0,0,0,0,0,0,0,0,0,0,0,0,0,0,0,0,0,0,0.0,-2.16,INEXISTENTE,0.0,28.66,,,,,
1698,25/08/2024,0.26,0.42,0.12,,,0.0,,,,,,,,,0,MENOR_TX_NASC,PLANEJAMENTO,0,0,0,0,0,0,0,0,0,0,0,0,0,0,0,0,0,0,0,0,0,0,0,0.0,-2.16,INEXISTENTE,0.0,27.83,,,,,
1699,26/08/2024,0.26,0.42,0.12,183.6,237.8,0.0,43.33,127.12,23.16,980.75,60.15,59.74,10.88,5.495,0,MENOR_TX_NASC,PLANEJAMENTO,0,0,0,0,0,0,0,0,0,0,0,0,0,0,0,0,0,0,0,0,0,0,0,0.0,-2.16,INEXISTENTE,0.0,25.95,10.4,-0.02,0.2,0.6,208.43
1700,27/08/2024,0.26,0.42,0.12,185.18,237.85,0.0,43.24,128.67,23.39,986.5,60.42,59.98,10.9,5.5082,0,MENOR_TX_NASC,PLANEJAMENTO,0,0,0,0,0,0,0,0,0,0,0,0,0,0,0,0,0,0,0,0,0,0,0,0.0,-2.16,INEXISTENTE,0.0,28.31,10.4,-0.02,0.2,0.6,212.4
1701,28/08/2024,0.26,0.42,0.12,183.75,237.9,0.0,42.87,129.36,23.31,977.0,60.45,59.92,10.8,5.5644,0,MENOR_TX_NASC,PLANEJAMENTO,0,0,0,0,0,0,0,0,0,0,0,0,0,0,0,0,0,0,0,0,0,0,0,0.0,-2.16,INEXISTENTE,0.0,29.19,10.4,-0.02,0.2,0.6,215.12
1702,29/08/2024,0.26,0.42,0.12,184.88,239.0,0.0,42.53,131.3,23.37,992.5,61.1,60.27,10.73,5.6266,0,MENOR_TX_NASC,PLANEJAMENTO,0,0,0,0,0,0,0,0,0,0,0,0,0,0,0,0,0,0,0,0,0,0,0,0.0,-2.16,INEXISTENTE,0.0,28.14,10.4,-0.02,0.2,0.6,214.1
1703,30/08/2024,0.26,0.42,0.12,185.85,239.75,0.0,42.43,134.43,23.79,1000.0,61.61,60.59,10.72,5.6103,0,MENOR_TX_NASC,PLANEJAMENTO,0,0,0,0,0,0,0,0,0,0,0,0,0,0,0,0,0,0,0,0,0,0,0,0.0,-2.16,INEXISTENTE,0.0,27.6,10.4,-0.02,0.2,0.6,215.74
1704,31/08/2024,0.26,0.42,0.12,,,0.0,,,,,,,,,0,MENOR_TX_NASC,PLANEJAMENTO,0,0,0,0,0,0,0,0,0,0,0,0,0,0,0,0,0,0,0,0,0,0,0,0.0,-2.16,INEXISTENTE,0.0,28.19,,,,,
1705,01/09/2024,0.26,0.42,0.12,,,0.0,,,,,,,,,0,MENOR_TX_NASC,ENTRESAFRA,0,0,0,0,0,0,0,0,0,0,0,0,0,0,0,0,0,0,0,0,0,0,0,0.0,-3.82,INEXISTENTE,0.0,28.94,,,,,
1706,02/09/2024,0.26,0.42,0.12,,,0.0,,,,,,,,,0,MENOR_TX_NASC,ENTRESAFRA,0,0,0,0,0,0,0,0,0,0,0,0,0,0,0,0,0,0,0,0,0,0,0,0.0,-3.82,INEXISTENTE,0.0,28.58,10.4,0.44,0.2,0.6,
1707,03/09/2024,0.26,0.42,0.12,179.27,241.8,0.0,42.82,135.93,24.07,1012.0,62.18,61.14,10.83,5.6454,0,MENOR_TX_NASC,ENTRESAFRA,0,0,0,0,0,0,0,0,0,0,0,0,0,0,0,0,0,0,0,0,0,0,0,0.0,-3.82,INEXISTENTE,0.0,28.68,10.4,0.44,0.2,0.6,212.64
1708,04/09/2024,0.26,0.42,0.12,179.23,243.6,0.0,43.21,137.47,24.39,1021.5,63.08,61.57,10.92,5.6399,0,MENOR_TX_NASC,ENTRESAFRA,0,0,0,0,0,0,0,0,0,0,0,0,0,0,0,0,0,0,0,0,0,0,0,0.0,-3.82,INEXISTENTE,0.0,28.72,10.4,0.44,0.2,0.6,216.0
1709,05/09/2024,0.26,0.42,0.12,177.25,246.8,0.0,44.24,137.0,24.56,1023.5,62.7,61.89,11.09,5.5741,0,MENOR_TX_NASC,ENTRESAFRA,0,0,0,0,0,0,0,0,0,0,0,0,0,0,0,0,0,0,0,0,0,0,0,0.0,-3.82,INEXISTENTE,0.0,28.61,10.4,0.44,0.2,0.6,219.38
1710,06/09/2024,0.26,0.42,0.12,175.18,246.9,0.0,44.13,137.12,24.51,1005.0,62.82,62.17,11.11,5.599,0,MENOR_TX_NASC,ENTRESAFRA,0,0,0,0,0,0,0,0,0,0,0,0,0,0,0,0,1,0,0,0,0,0,0,0.5,-3.82,INEXISTENTE,0.0,29.36,10.4,0.44,0.2,0.6,220.5
1711,07/09/2024,0.26,0.42,0.12,,,0.0,,,,,,,,,0,MENOR_TX_NASC,ENTRESAFRA,0,0,0,0,0,0,0,0,0,0,0,0,0,0,0,1,1,0,0,0,0,0,0,1.5,-3.82,INEXISTENTE,0.0,29.2,,,,,
1712,08/09/2024,0.26,0.42,0.12,,,0.0,,,,,,,,,0,MENOR_TX_NASC,ENTRESAFRA,0,0,0,0,0,0,0,0,0,0,0,0,0,0,0,0,1,0,0,0,0,0,0,0.5,-3.82,INEXISTENTE,0.0,29.62,,,,,
1713,09/09/2024,0.26,0.42,0.12,176.93,247.15,0.0,44.26,136.6,24.46,1018.0,63.85,62.33,11.16,5.5842,0,MENOR_TX_NASC,ENTRESAFRA,0,0,0,0,0,0,0,0,0,0,0,0,0,0,0,0,0,0,0,0,0,0,0,0.0,-3.82,INEXISTENTE,0.0,28.81,10.4,0.44,0.2,0.6,218.54
1714,10/09/2024,0.26,0.42,0.12,176.32,247.2,0.0,43.7,136.49,24.13,997.25,63.45,62.82,11.1,5.6582,0,MENOR_TX_NASC,ENTRESAFRA,0,0,0,0,0,0,0,0,0,0,0,0,0,0,0,0,0,0,0,0,0,0,0,0.0,-3.82,INEXISTENTE,0.0,28.74,10.4,0.44,0.2,0.6,218.48
1715,11/09/2024,0.26,0.42,0.12,176.95,249.35,0.0,44.12,136.15,24.09,1000.5,63.37,63.42,11.22,5.6618,0,MENOR_TX_NASC,ENTRESAFRA,0,0,0,0,0,0,0,0,0,0,0,0,0,0,0,0,0,0,0,0,0,0,0,0.0,-3.82,INEXISTENTE,0.0,29.18,10.4,0.44,0.2,0.6,218.59
1716,12/09/2024,0.26,0.42,0.12,178.02,251.35,0.0,44.72,136.5,24.29,1010.75,63.78,63.5,11.3,5.6276,0,MENOR_TX_NASC,ENTRESAFRA,0,0,0,0,0,0,0,0,0,0,0,0,0,0,0,0,0,0,0,0,0,0,0,0.0,-3.82,INEXISTENTE,0.0,29.21,10.4,0.44,0.2,0.6,217.3
1717,13/09/2024,0.26,0.42,0.12,177.65,254.0,0.0,45.65,136.15,24.47,1006.25,63.91,62.74,11.28,5.564,0,MENOR_TX_NASC,ENTRESAFRA,0,0,0,0,0,0,0,0,0,0,0,0,0,0,0,0,0,0,0,0,0,0,0,0.0,-3.82,INEXISTENTE,0.0,29.16,10.4,0.44,0.2,0.6,216.99
1718,14/09/2024,0.26,0.42,0.12,,,0.0,,,,,,,,,0,MENOR_TX_NASC,ENTRESAFRA,0,0,0,0,0,0,0,0,0,0,0,0,0,0,0,0,0,0,0,0,0,0,0,0.0,-3.82,INEXISTENTE,0.0,30.21,,,,,
1719,15/09/2024,0.26,0.42,0.12,,,0.0,,,,,,,,,0,MENOR_TX_NASC,ENTRESAFRA,0,0,0,0,0,0,0,0,0,0,0,0,0,0,0,0,0,0,0,0,0,0,0,0.0,-3.82,INEXISTENTE,0.0,30.24,,,,,
1720,16/09/2024,0.26,0.42,0.12,177.23,252.45,0.0,45.78,135.42,24.55,1023.5,62.89,62.42,11.32,5.51,0,MENOR_TX_NASC,ENTRESAFRA,0,0,0,0,0,0,0,0,0,0,0,0,0,0,0,0,0,0,0,0,0,0,0,0.0,-3.82,INEXISTENTE,0.0,30.29,10.4,0.44,0.2,0.6,218.53
1721,17/09/2024,0.26,0.42,0.12,178.8,257.05,0.0,46.86,135.53,24.71,1024.75,67.3,62.02,11.31,5.4825,0,MENOR_TX_NASC,ENTRESAFRA,0,0,0,0,0,0,0,0,0,0,0,0,0,0,0,0,0,0,0,0,0,0,0,0.0,-3.82,INEXISTENTE,0.0,30.47,10.4,0.44,0.2,0.6,218.18
1722,18/09/2024,0.26,0.42,0.12,178.3,257.3,0.0,47.25,135.0,24.79,1032.0,66.36,62.34,11.45,5.4612,0,MENOR_TX_NASC,ENTRESAFRA,0,0,0,0,0,0,0,0,0,0,0,0,0,0,0,0,0,0,0,0,0,0,0,0.0,-3.82,INEXISTENTE,0.0,30.6,10.4,0.44,0.2,0.6,216.3
1723,19/09/2024,0.26,0.42,0.12,179.98,259.95,0.0,47.9,134.53,24.79,1031.25,66.88,62.31,11.48,5.4263,0,MENOR_TX_NASC,ENTRESAFRA,0,0,0,0,0,0,0,0,0,0,0,0,0,0,0,0,0,0,0,0,0,0,0,0.0,-3.82,INEXISTENTE,0.0,31.58,10.65,0.44,0.2,0.6,214.76
1724,20/09/2024,0.26,0.42,0.12,182.48,261.05,0.0,47.3,134.76,24.42,1029.5,67.86,62.2,11.27,5.5103,0,MENOR_TX_NASC,ENTRESAFRA,0,0,0,0,0,0,0,0,0,0,0,0,0,0,0,0,0,0,0,0,0,0,0,0.0,-3.82,INEXISTENTE,0.0,30.4,10.65,0.44,0.2,0.6,213.16
1725,21/09/2024,0.26,0.42,0.12,,,0.0,,,,,,,,,0,MENOR_TX_NASC,ENTRESAFRA,0,0,0,0,0,0,0,0,0,0,0,0,0,0,0,0,0,0,0,0,0,0,0,0.0,-3.82,INEXISTENTE,0.0,31.05,,,,,
1726,22/09/2024,0.26,0.42,0.12,,,0.0,,,,,,,,,0,MENOR_TX_NASC,ENTRESAFRA,0,0,0,0,0,0,0,0,0,0,0,0,0,0,0,0,0,0,0,0,0,0,0,0.0,-3.82,INEXISTENTE,0.0,30.7,,,,,
1727,23/09/2024,0.26,0.42,0.12,183.25,261.7,0.0,47.29,136.85,24.73,1056.75,68.13,62.69,11.33,5.5364,0,MENOR_TX_NASC,ENTRESAFRA,0,0,0,0,0,0,0,0,0,0,0,0,0,0,0,0,0,0,0,0,0,0,0,0.0,-3.82,INEXISTENTE,0.0,31.1,10.65,0.44,0.2,0.6,215.86
1728,24/09/2024,0.26,0.42,0.12,183.2,265.05,0.0,48.54,138.6,25.38,1060.5,68.12,63.24,11.58,5.4547,0,MENOR_TX_NASC,ENTRESAFRA,0,0,0,0,0,0,0,0,0,0,0,0,0,0,0,0,0,0,0,0,0,0,0,0.0,-3.82,INEXISTENTE,0.0,32.14,10.65,0.44,0.2,0.6,218.16
1729,25/09/2024,0.26,0.42,0.12,183.05,265.6,0.0,48.48,138.02,25.2,1071.75,67.69,63.34,11.56,5.4774,0,MENOR_TX_NASC,ENTRESAFRA,0,0,0,0,0,0,0,0,0,0,0,0,0,0,0,0,0,0,0,0,0,0,0,0.0,-3.82,INEXISTENTE,0.0,31.57,10.65,0.44,0.2,0.6,217.52
1730,26/09/2024,0.26,0.42,0.12,184.1,270.55,0.0,49.67,138.81,25.48,1059.25,68.17,63.57,11.67,5.4375,0,MENOR_TX_NASC,ENTRESAFRA,0,0,0,0,0,0,0,0,0,0,0,0,0,0,0,0,0,0,0,0,0,0,0,0.0,-3.82,INEXISTENTE,0.0,30.91,10.65,0.44,0.2,0.6,218.47
1731,27/09/2024,0.26,0.42,0.12,183.75,273.9,0.0,50.38,138.62,25.5,1083.0,68.64,63.88,11.75,5.4329,0,MENOR_TX_NASC,ENTRESAFRA,0,0,0,0,0,0,0,0,0,0,0,0,0,0,0,0,0,0,0,0,0,0,0,0.0,-3.82,INEXISTENTE,0.0,30.66,10.65,0.44,0.2,0.6,218.3
1732,28/09/2024,0.26,0.42,0.12,,,0.0,,,,,,,,,0,MENOR_TX_NASC,ENTRESAFRA,0,0,0,0,0,0,0,0,0,0,0,0,0,0,0,0,0,0,0,0,0,0,0,0.0,-3.82,INEXISTENTE,0.0,31.92,,,,,
1733,29/09/2024,0.26,0.42,0.12,,,0.0,,,,,,,,,0,MENOR_TX_NASC,ENTRESAFRA,0,0,0,0,0,0,0,0,0,0,0,0,0,0,0,0,0,0,0,0,0,0,0,0.0,-3.82,INEXISTENTE,0.0,32.79,,,,,
1734,30/09/2024,0.26,0.42,0.12,183.77,274.35,0.0,50.28,139.02,25.48,1075.25,68.93,64.3,11.79,5.4482,0,MENOR_TX_NASC,ENTRESAFRA,0,0,0,0,0,0,0,0,0,0,0,0,0,0,0,0,0,0,0,0,0,0,0,0.0,-3.82,INEXISTENTE,0.0,33.0,10.65,0.44,0.2,0.6,220.65
1735,01/10/2024,0.26,0.42,0.12,184.48,276.35,0.0,50.63,138.72,25.42,1075.5,68.97,65.04,11.92,5.4368,0,ESTACAO_MONTA,ENTRESAFRA,0,0,0,0,0,0,0,0,0,0,0,0,0,0,0,0,0,0,0,0,0,0,0,0.0,-0.01,INEXISTENTE,0.0,30.93,10.65,0.56,0.1,-3.8,225.28
1736,02/10/2024,0.26,0.42,0.12,187.43,281.0,0.0,51.59,138.98,25.52,1074.25,69.61,65.52,12.03,5.4407,0,ESTACAO_MONTA,ENTRESAFRA,0,0,0,0,0,0,0,0,0,0,0,0,0,0,0,0,0,0,0,0,0,0,0,0.0,-0.01,INEXISTENTE,0.0,31.09,10.65,0.56,0.1,-3.8,223.57
1737,03/10/2024,0.26,0.42,0.12,186.0,285.8,0.0,52.22,139.79,25.54,1064.5,69.48,65.71,12.01,5.4759,0,ESTACAO_MONTA,ENTRESAFRA,0,0,0,0,0,0,0,0,0,0,0,0,0,0,0,0,0,0,0,0,0,0,0,0.0,-0.01,INEXISTENTE,0.0,31.43,10.65,0.56,0.1,-3.8,224.27
1738,04/10/2024,0.26,0.42,0.12,187.0,291.8,0.0,53.44,140.12,25.66,1056.0,68.05,66.21,12.13,5.4555,0,ESTACAO_MONTA,ENTRESAFRA,0,0,0,0,0,0,0,0,0,0,0,0,0,0,0,0,0,0,0,0,0,0,0,0.0,-0.01,INEXISTENTE,0.0,31.32,10.65,0.56,0.1,-3.8,224.43
1739,05/10/2024,0.26,0.42,0.12,,,0.0,,,,,,,,,0,ESTACAO_MONTA,ENTRESAFRA,0,0,0,0,0,0,0,0,0,0,0,0,0,0,0,0,0,0,0,0,0,0,0,0.0,-0.01,INEXISTENTE,0.0,32.37,,,,,
1740,06/10/2024,0.26,0.42,0.12,,,0.0,,,,,,,,,0,ESTACAO_MONTA,ENTRESAFRA,0,0,0,0,0,0,0,0,0,0,0,0,0,0,0,0,0,0,0,0,0,0,0,0.0,-0.01,INEXISTENTE,0.0,32.74,,,,,
1741,07/10/2024,0.26,0.42,0.12,187.48,293.15,0.0,53.46,139.4,25.42,1052.5,67.0,66.05,12.04,5.49,0,ESTACAO_MONTA,ENTRESAFRA,0,0,0,0,0,0,0,0,0,0,0,0,0,0,0,0,0,0,0,0,0,0,0,0.0,-0.01,INEXISTENTE,0.0,30.28,10.65,0.56,0.1,-3.8,221.73
1742,08/10/2024,0.26,0.42,0.12,188.48,294.2,0.0,53.18,138.91,25.11,1034.5,67.83,66.21,11.97,5.5349,0,ESTACAO_MONTA,ENTRESAFRA,0,0,0,0,0,0,0,0,0,0,0,0,0,0,0,0,0,0,0,0,0,0,0,0.0,-0.01,INEXISTENTE,0.0,30.61,10.65,0.56,0.1,-3.8,221.68
1743,09/10/2024,0.26,0.42,0.12,188.2,293.9,0.0,52.64,139.47,24.98,1037.0,68.23,67.07,12.01,5.5941,0,ESTACAO_MONTA,ENTRESAFRA,0,0,0,0,0,0,0,0,0,0,0,0,0,0,0,0,0,0,0,0,0,0,0,0.0,-0.01,INEXISTENTE,0.0,31.91,10.65,0.56,0.1,-3.8,221.46
1744,10/10/2024,0.26,0.42,0.12,189.18,294.5,0.0,52.73,139.35,24.95,1031.5,68.82,67.69,12.12,5.5821,0,ESTACAO_MONTA,ENTRESAFRA,0,0,0,0,0,0,0,0,0,0,0,0,0,0,0,0,0,0,0,0,0,0,0,0.5,-0.01,INEXISTENTE,0.0,31.42,10.65,0.56,0.1,-3.8,221.25
1745,11/10/2024,0.26,0.42,0.12,188.6,297.5,0.0,52.91,139.49,24.81,1021.0,68.49,67.75,12.05,5.6126,0,ESTACAO_MONTA,ENTRESAFRA,0,0,0,0,0,0,0,0,0,0,0,0,0,0,0,0,0,0,0,0,0,0,0,0.5,-0.01,INEXISTENTE,0.0,29.15,10.65,0.56,0.1,-3.8,221.72
1746,12/10/2024,0.26,0.42,0.12,,,0.0,,,,,,,,,0,ESTACAO_MONTA,ENTRESAFRA,0,0,0,0,0,0,0,0,0,0,0,0,0,0,0,0,0,1,0,0,0,0,0,1.5,-0.01,INEXISTENTE,0.0,29.89,,,,,
1747,13/10/2024,0.26,0.42,0.12,,,0.0,,,,,,,,,0,ESTACAO_MONTA,ENTRESAFRA,0,0,0,0,0,0,0,0,0,0,0,0,0,0,0,0,0,0,0,0,0,0,0,0.0,-0.01,INEXISTENTE,0.0,31.77,,,,,
1748,14/10/2024,0.26,0.42,0.12,188.25,298.55,0.0,53.47,138.61,24.83,1011.5,67.38,67.81,12.15,5.5928,0,ESTACAO_MONTA,ENTRESAFRA,0,0,0,0,0,0,0,0,0,0,0,0,0,0,0,0,0,0,0,0,0,0,0,0.0,-0.01,INEXISTENTE,2.0,30.42,10.65,0.56,0.1,-3.8,224.2
1749,15/10/2024,0.26,0.42,0.12,186.73,299.25,0.0,52.9,138.7,24.52,1003.5,68.61,67.96,12.01,5.6502,0,ESTACAO_MONTA,ENTRESAFRA,0,0,0,0,0,0,0,0,0,0,0,0,0,0,0,0,0,0,0,0,0,0,0,0.0,-0.01,INEXISTENTE,58.8,25.79,10.65,0.56,0.1,-3.8,224.82
1750,16/10/2024,0.26,0.42,0.12,187.05,300.3,0.0,53.01,139.27,24.58,994.0,68.51,68.44,12.08,5.6652,0,ESTACAO_MONTA,ENTRESAFRA,0,0,0,0,0,0,0,0,0,0,0,0,0,0,0,0,0,0,0,0,0,0,0,0.0,-0.01,INEXISTENTE,0.0,27.58,10.65,0.56,0.1,-3.8,227.17
1751,17/10/2024,0.26,0.42,0.12,186.63,301.95,0.0,53.28,138.85,24.5,998.0,68.97,68.42,12.07,5.6546,0,ESTACAO_MONTA,ENTRESAFRA,0,0,0,0,0,0,0,0,0,0,0,0,0,0,0,0,0,0,0,0,0,0,0,0.0,-0.01,INEXISTENTE,0.0,27.08,10.65,0.56,0.1,-3.8,227.23
1752,18/10/2024,0.26,0.42,0.12,187.63,302.1,0.0,53.08,138.68,24.37,982.75,69.26,68.77,12.08,5.6912,0,ESTACAO_MONTA,ENTRESAFRA,0,0,0,0,0,0,0,0,0,0,0,0,0,0,0,0,0,0,0,0,0,0,0,0.0,-0.01,INEXISTENTE,0.0,26.87,10.65,0.56,0.1,-3.8,228.32
1753,19/10/2024,0.26,0.42,0.12,,,0.0,,,,,,,,,0,ESTACAO_MONTA,ENTRESAFRA,0,0,0,0,0,0,0,0,0,0,0,0,0,0,0,0,0,0,0,0,0,0,0,0.0,-0.01,INEXISTENTE,5.4,26.24,,,,,
1754,20/10/2024,0.26,0.42,0.12,,,0.0,,,,,,,,,0,ESTACAO_MONTA,ENTRESAFRA,0,0,0,0,0,0,0,0,0,0,0,0,0,0,0,0,0,0,0,0,0,0,0,0.0,-0.01,INEXISTENTE,0.0,27.69,,,,,
1755,21/10/2024,0.26,0.42,0.12,187.0,306.3,0.0,53.72,138.98,24.37,989.75,70.03,69.76,12.23,5.6939,0,ESTACAO_MONTA,ENTRESAFRA,0,0,0,0,0,0,0,0,0,0,0,0,0,0,0,0,0,0,0,0,0,0,0,0.0,-0.01,INEXISTENTE,81.0,23.7,10.65,0.56,0.1,-3.8,227.05
1756,22/10/2024,0.26,0.42,0.12,188.05,308.1,0.0,54.03,139.86,24.53,1000.5,70.88,69.94,12.27,5.6894,0,ESTACAO_MONTA,ENTRESAFRA,0,0,0,0,0,0,0,0,0,0,0,0,0,0,0,0,0,0,0,0,0,0,0,0.0,-0.01,INEXISTENTE,0.0,27.65,10.65,0.56,0.1,-3.8,226.17
1757,23/10/2024,0.26,0.42,0.12,187.63,308.8,0.0,54.27,140.35,24.67,1005.0,71.63,70.59,12.41,5.6884,0,ESTACAO_MONTA,ENTRESAFRA,0,0,0,0,0,0,0,0,0,0,0,0,0,0,0,0,0,0,0,0,0,0,0,0.0,-0.01,INEXISTENTE,0.0,31.13,10.65,0.56,0.1,-3.8,227.14
1758,24/10/2024,0.26,0.42,0.12,189.3,312.75,0.0,55.1,141.64,24.95,1005.0,72.2,71.36,12.57,5.6643,0,ESTACAO_MONTA,ENTRESAFRA,0,0,0,0,0,0,0,0,0,0,0,0,0,0,0,0,0,0,0,0,0,0,0,0.0,-0.01,INEXISTENTE,0.0,31.62,10.65,0.56,0.1,-3.8,229.69
1759,25/10/2024,0.26,0.42,0.12,189.7,313.1,0.0,54.84,141.76,24.83,997.5,72.56,71.67,12.55,5.7073,0,ESTACAO_MONTA,ENTRESAFRA,0,0,0,0,0,0,0,0,0,0,0,0,0,0,0,0,0,0,0,0,0,0,0,0.0,-0.01,INEXISTENTE,8.2,29.39,10.65,0.56,0.1,-3.8,226.14
1760,26/10/2024,0.26,0.42,0.12,,,0.0,,,,,,,,,0,ESTACAO_MONTA,ENTRESAFRA,0,0,0,0,0,0,0,0,0,0,0,0,0,0,0,0,0,0,0,0,0,0,0,0.0,-0.01,INEXISTENTE,2.2,28.26,,,,,
1761,27/10/2024,0.26,0.42,0.12,,,0.0,,,,,,,,,0,ESTACAO_MONTA,ENTRESAFRA,0,0,0,0,0,0,0,0,0,0,0,0,0,0,0,0,0,0,0,0,0,0,0,0.0,-0.01,INEXISTENTE,10.2,26.14,,,,,
1762,28/10/2024,0.26,0.42,0.12,190.18,314.1,0.0,55.04,140.68,24.65,986.0,72.28,72.17,12.65,5.7096,0,ESTACAO_MONTA,ENTRESAFRA,0,0,0,0,0,0,0,0,0,0,0,0,0,0,0,0,0,0,0,0,0,0,0,0.0,-0.01,INEXISTENTE,24.0,27.03,10.65,0.56,0.1,-3.8,228.12
1763,29/10/2024,0.26,0.42,0.12,189.3,315.7,0.0,54.77,140.15,24.31,979.0,73.29,72.37,12.56,5.7604,0,ESTACAO_MONTA,ENTRESAFRA,0,0,0,0,0,0,0,0,0,0,0,0,0,0,0,0,0,0,0,0,0,0,0,0.0,-0.01,INEXISTENTE,0.0,28.7,10.65,0.56,0.1,-3.8,227.09
1764,30/10/2024,0.26,0.42,0.12,188.4,318.3,0.0,55.22,140.53,24.38,991.25,73.2,72.67,12.61,5.763,0,ESTACAO_MONTA,ENTRESAFRA,0,0,0,0,0,0,0,0,0,0,0,0,0,0,0,0,0,0,0,0,0,0,0,0.0,-0.01,INEXISTENTE,0.0,27.22,10.65,0.56,0.1,-3.8,227.26
1765,31/10/2024,0.26,0.42,0.12,193.0,318.6,0.0,55.11,141.13,24.41,994.5,72.94,72.94,12.62,5.7867,0,ESTACAO_MONTA,ENTRESAFRA,0,0,0,0,0,0,0,0,0,0,0,0,0,0,0,0,0,0,0,1,0,0,0,0.5,-0.01,INEXISTENTE,0.2,26.47,10.65,0.56,0.1,-3.8,225.36
1766,01/11/2024,0.26,0.42,0.12,185.93,320.55,0.0,54.61,141.89,24.17,993.75,72.99,73.11,12.46,5.8681,0,ESTACAO_MONTA,SAFRA,0,0,0,0,0,0,0,0,0,0,0,0,0,0,0,0,0,0,0,1,0,0,0,0.5,-0.39,INEXISTENTE,0.0,26.97,10.65,0.39,0.1,-3.8,223.61
1767,02/11/2024,0.26,0.42,0.12,,,0.0,,,,,,,,,0,ESTACAO_MONTA,SAFRA,0,0,0,0,0,0,0,0,0,0,0,0,0,0,0,0,0,0,1,1,0,0,0,1.5,-0.39,INEXISTENTE,0.0,29.19,,,,,
1768,03/11/2024,0.26,0.42,0.12,,,0.0,,,,,,,,,0,ESTACAO_MONTA,SAFRA,0,0,0,0,0,0,0,0,0,0,0,0,0,0,0,0,0,0,0,0,0,0,0,0.0,-0.39,INEXISTENTE,2.2,27.9,,,,,
1769,04/11/2024,0.26,0.42,0.12,185.07,320.8,0.0,55.56,141.31,24.47,997.25,72.86,72.93,12.63,5.7916,0,ESTACAO_MONTA,SAFRA,0,0,0,0,0,0,0,0,0,0,0,0,0,0,0,0,0,0,0,0,0,0,0,0.0,-0.39,INEXISTENTE,29.2,27.27,10.65,0.39,0.1,-3.8,223.08
1770,05/11/2024,0.26,0.42,0.12,184.77,320.9,0.0,55.8,141.74,24.65,1001.75,72.22,73.07,12.71,5.7508,0,ESTACAO_MONTA,SAFRA,0,0,0,0,0,0,0,0,0,0,0,0,0,0,0,0,0,0,0,0,0,0,0,0.0,-0.39,INEXISTENTE,7.0,25.46,10.65,0.39,0.1,-3.8,225.19
1771,06/11/2024,0.26,0.42,0.12,185.4,325.5,0.0,57.3,141.18,24.85,1003.75,72.39,74.21,13.06,5.6793,0,ESTACAO_MONTA,SAFRA,0,0,0,0,0,0,0,0,0,0,0,0,0,0,0,0,0,0,0,0,0,0,0,0.0,-0.39,INEXISTENTE,0.0,26.89,10.65,0.39,0.1,-3.8,221.17
1772,07/11/2024,0.26,0.42,0.12,185.82,326.3,0.0,57.41,141.44,24.88,1026.25,73.57,74.41,13.09,5.6923,0,ESTACAO_MONTA,SAFRA,0,0,0,0,0,0,0,0,0,0,0,0,0,0,0,0,0,0,0,0,0,0,0,0.0,-0.39,INEXISTENTE,25.4,26.73,11.15,0.39,0.1,-3.8,222.04
1773,08/11/2024,0.26,0.42,0.12,183.7,329.05,0.0,57.2,141.12,24.53,1030.25,73.8,74.64,12.97,5.7376,0,ESTACAO_MONTA,SAFRA,0,0,0,0,0,0,0,0,0,0,0,0,0,0,0,0,0,0,0,0,0,0,0,0.0,-0.39,INEXISTENTE,0.4,27.36,11.15,0.39,0.1,-3.8,225.66
1774,09/11/2024,0.26,0.42,0.12,,,0.0,,,,,,,,,0,ESTACAO_MONTA,SAFRA,0,0,0,0,0,0,0,0,0,0,0,0,0,0,0,0,0,0,0,0,0,0,0,0.0,-0.39,INEXISTENTE,0.0,27.1,,,,,
1775,10/11/2024,0.26,0.42,0.12,,,0.0,,,,,,,,,0,ESTACAO_MONTA,SAFRA,0,0,0,0,0,0,0,0,0,0,0,0,0,0,0,0,0,0,0,0,0,0,0,0.0,-0.39,INEXISTENTE,0.0,27.81,,,,,
1776,11/11/2024,0.26,0.42,0.12,183.7,334.6,0.0,57.98,141.85,24.58,1022.25,74.44,74.55,12.92,5.7559,0,ESTACAO_MONTA,SAFRA,0,0,0,0,0,0,0,0,0,0,0,0,0,0,0,0,0,0,0,0,0,0,0,0.0,-0.39,INEXISTENTE,27.6,26.5,11.15,0.39,0.1,-3.8,225.93
1777,12/11/2024,0.26,0.42,0.12,184.4,335.15,0.0,58.11,141.73,24.57,1010.5,74.28,74.37,12.89,5.749,0,ESTACAO_MONTA,SAFRA,0,0,0,0,0,0,0,0,0,0,0,0,0,0,0,0,0,0,0,0,0,0,0,0.0,-0.39,INEXISTENTE,0.2,26.72,11.15,0.39,0.1,-3.8,226.31
1778,13/11/2024,0.26,0.42,0.12,184.02,339.6,0.0,58.57,140.76,24.28,1007.75,74.12,74.45,12.84,5.8061,0,ESTACAO_MONTA,SAFRA,0,0,0,0,0,0,0,0,0,0,0,0,0,0,0,0,0,0,0,0,0,0,0,0.0,-0.39,INEXISTENTE,0.0,27.71,11.15,0.39,0.1,-3.8,228.14
1779,14/11/2024,0.26,0.42,0.12,182.95,342.2,0.0,59.21,140.51,24.31,987.5,74.18,74.67,12.92,5.789,0,ESTACAO_MONTA,SAFRA,0,0,0,0,0,0,0,0,0,0,0,0,0,0,0,0,0,0,0,0,0,0,0,0.0,-0.39,INEXISTENTE,6.0,26.06,11.15,0.39,0.1,-3.8,223.42
1780,15/11/2024,0.26,0.42,0.12,182.95,,0.0,,,,1008.75,,,,5.7947,0,ESTACAO_MONTA,SAFRA,0,0,0,0,0,0,0,0,0,0,0,0,0,0,0,0,0,0,0,0,0,0,0,0.0,-0.39,INEXISTENTE,2.0,25.47,,,,,
1781,16/11/2024,0.26,0.42,0.12,,,0.0,,,,,,,,,0,ESTACAO_MONTA,SAFRA,0,0,0,0,0,0,0,0,0,0,0,0,0,0,0,0,0,0,0,0,0,0,0,0.0,-0.39,INEXISTENTE,2.8,26.39,,,,,
1782,17/11/2024,0.26,0.42,0.12,,,0.0,,,,,,,,,0,ESTACAO_MONTA,SAFRA,0,0,0,0,0,0,0,0,0,0,0,0,0,0,0,0,0,0,0,0,0,0,0,0.0,-0.39,INEXISTENTE,0.6,27.41,,,,,
1783,18/11/2024,0.26,0.42,0.12,184.1,344.2,0.0,59.92,139.85,24.35,1019.0,,74.66,13.0,5.7473,0,ESTACAO_MONTA,SAFRA,0,0,0,0,0,0,0,0,0,0,0,0,0,0,0,0,0,0,0,0,0,0,0,0.0,-0.39,INEXISTENTE,0.0,27.72,11.15,0.39,0.1,-3.8,227.56
1784,19/11/2024,0.26,0.42,0.12,186.57,344.45,0.0,59.66,139.72,24.2,1008.5,72.92,73.55,12.74,5.7694,0,ESTACAO_MONTA,SAFRA,0,0,0,0,0,0,0,0,0,0,0,0,0,0,0,0,0,0,0,0,0,0,0,0.0,-0.39,INEXISTENTE,0.4,28.66,11.15,0.39,0.1,-3.8,229.66
1785,20/11/2024,0.26,0.42,0.12,186.3,,0.0,,,,999.25,,,,5.7725,0,ESTACAO_MONTA,SAFRA,0,0,0,0,0,0,0,0,0,0,0,0,0,0,0,0,0,0,0,0,0,0,0,0.0,-0.39,INEXISTENTE,0.0,29.06,,,,,
1786,21/11/2024,0.26,0.42,0.12,185.6,347.05,0.0,59.65,139.77,24.02,985.25,72.38,73.46,12.63,5.8144,0,ESTACAO_MONTA,SAFRA,0,0,0,0,0,0,0,0,0,0,0,0,0,0,0,0,0,0,0,0,0,0,0,0.0,-0.39,INEXISTENTE,0.0,29.35,11.15,0.39,0.1,-3.8,226.56
1787,22/11/2024,0.26,0.42,0.12,186.77,347.55,0.0,59.82,138.96,23.92,992.25,72.0,73.41,12.63,5.801,0,ESTACAO_MONTA,SAFRA,0,0,0,0,0,0,0,0,0,0,0,0,0,0,0,0,0,0,0,0,0,0,0,0.0,-0.39,INEXISTENTE,9.4,26.27,11.15,0.39,0.1,-3.8,229.04
1788,23/11/2024,0.26,0.42,0.12,,,0.0,,,,,,,,,0,ESTACAO_MONTA,SAFRA,0,0,0,0,0,0,0,0,0,0,0,0,0,0,0,0,0,0,0,0,0,0,0,0.0,-0.39,INEXISTENTE,53.6,25.37,,,,,
1789,24/11/2024,0.26,0.42,0.12,,,0.0,,,,,,,,,0,ESTACAO_MONTA,SAFRA,0,0,0,0,0,0,0,0,0,0,0,0,0,0,0,0,0,0,0,0,0,0,0,0.0,-0.39,INEXISTENTE,74.0,24.49,,,,,
1790,25/11/2024,0.26,0.42,0.12,186.5,349.75,0.0,60.21,138.89,23.91,994.25,71.31,73.48,12.65,5.7983,0,ESTACAO_MONTA,SAFRA,0,0,0,0,0,0,0,0,0,0,0,0,0,0,0,0,0,0,0,0,0,0,0,0.0,-0.39,INEXISTENTE,2.8,26.33,11.15,0.39,0.1,-3.8,229.37
1791,26/11/2024,0.26,0.42,0.12,186.9,352.0,0.0,60.62,139.02,23.94,994.0,70.31,73.12,12.59,5.8095,0,ESTACAO_MONTA,SAFRA,0,0,0,0,0,0,0,0,0,0,0,0,0,0,0,0,0,0,0,0,0,0,0,0.0,-0.39,INEXISTENTE,9.6,26.25,11.15,0.39,0.1,-3.8,234.39
1792,27/11/2024,0.26,0.42,0.12,188.0,352.65,0.0,59.61,139.26,23.54,997.0,70.65,72.51,12.26,5.9377,0,ESTACAO_MONTA,SAFRA,0,0,0,0,0,0,0,0,0,0,0,0,0,0,0,0,0,0,0,0,0,0,0,0.0,-0.39,INEXISTENTE,0.8,27.81,11.15,0.39,0.1,-3.8,237.33
1793,28/11/2024,0.26,0.42,0.12,,,0.0,,,,,,,,,0,ESTACAO_MONTA,SAFRA,0,0,0,0,0,0,0,0,0,0,0,0,0,0,0,0,0,0,0,0,0,0,0,0.0,-0.39,INEXISTENTE,0.0,28.1,11.15,0.39,0.1,-3.8,
1794,29/11/2024,0.26,0.42,0.12,187.98,351.95,0.0,58.6,140.52,23.4,996.0,71.42,72.77,12.12,5.973,0,ESTACAO_MONTA,SAFRA,0,0,0,0,0,0,0,0,0,0,0,0,0,0,0,0,0,0,0,0,0,0,0,0.0,-0.39,INEXISTENTE,0.0,28.14,11.15,0.39,0.1,-3.8,238.0
1795,30/11/2024,0.26,0.42,0.12,,,0.0,,,,,,,,,0,ESTACAO_MONTA,SAFRA,0,0,0,0,0,0,0,0,0,0,0,0,0,0,0,0,0,0,0,0,0,0,0,0.0,-0.39,INEXISTENTE,0.0,27.6,,,,,
1796,01/12/2024,0.26,0.42,0.12,,,0.0,,,,,,,,,0,ESTACAO_MONTA,PLANEJAMENTO,0,0,0,0,0,0,0,0,0,0,0,0,0,0,0,0,0,0,0,0,0,0,0,0.0,0.31,INEXISTENTE,13.8,27.4,,,,,
1797,02/12/2024,0.26,0.42,0.12,187.52,351.8,0.0,57.98,141.33,23.29,991.0,72.49,72.69,11.98,6.058,0,ESTACAO_MONTA,PLANEJAMENTO,0,0,0,0,0,0,0,0,0,0,0,0,0,0,0,0,0,0,0,0,0,0,0,0.0,0.31,INEXISTENTE,0.2,26.83,11.15,0.52,0.1,-3.8,235.61
1798,03/12/2024,0.26,0.42,0.12,188.48,336.4,0.0,55.55,141.35,23.34,997.25,72.33,72.57,11.98,6.044,0,ESTACAO_MONTA,PLANEJAMENTO,0,0,0,0,0,0,0,0,0,0,0,0,0,0,0,0,0,0,0,0,0,0,0,0.0,0.31,INEXISTENTE,11.0,26.68,11.15,0.52,0.1,-3.8,240.73
1799,04/12/2024,0.26,0.42,0.12,188.38,332.35,0.0,55.03,141.13,23.37,989.75,71.12,72.47,12.0,6.0409,0,ESTACAO_MONTA,PLANEJAMENTO,0,0,0,0,0,0,0,0,0,0,0,0,0,0,0,0,0,0,0,0,0,0,0,0.0,0.31,INEXISTENTE,0.0,27.95,11.15,0.52,0.1,-3.8,243.0
1800,05/12/2024,0.26,0.42,0.12,186.98,323.9,0.0,53.97,140.84,23.47,999.0,72.32,73.09,12.18,6.0113,0,ESTACAO_MONTA,PLANEJAMENTO,0,0,0,0,0,0,0,0,0,0,0,0,0,0,0,0,0,0,0,0,0,0,0,0.0,0.31,INEXISTENTE,3.6,27.18,11.15,0.52,0.1,-3.8,246.02
1801,06/12/2024,0.26,0.42,0.12,187.38,323.7,0.0,53.18,140.12,23.02,999.25,73.97,73.2,12.03,6.0894,0,ESTACAO_MONTA,PLANEJAMENTO,0,0,0,0,0,0,0,0,0,0,0,0,0,0,0,0,0,0,0,0,0,0,0,0.0,0.31,INEXISTENTE,1.4,27.75,11.15,0.52,0.1,-3.8,239.38
1802,07/12/2024,0.26,0.42,0.12,,,0.0,,,,,,,,,0,ESTACAO_MONTA,PLANEJAMENTO,0,0,0,0,0,0,0,0,0,0,0,0,0,0,0,0,0,0,0,0,0,0,0,0.0,0.31,INEXISTENTE,0.0,28.36,,,,,
1803,08/12/2024,0.26,0.42,0.12,,,0.0,,,,,,,,,0,ESTACAO_MONTA,PLANEJAMENTO,0,0,0,0,0,0,0,0,0,0,0,0,0,0,0,0,0,0,0,0,0,0,0,0.0,0.31,INEXISTENTE,0.8,25.99,,,,,
1804,09/12/2024,0.26,0.42,0.12,187.8,322.15,0.0,52.94,140.74,23.13,995.5,74.89,73.54,12.08,6.0788,0,ESTACAO_MONTA,PLANEJAMENTO,0,0,0,0,0,0,0,0,0,0,0,0,0,0,0,0,0,0,0,0,0,0,0,0.0,0.31,INEXISTENTE,0.2,27.64,11.15,0.52,0.1,-3.8,236.72
1805,10/12/2024,0.26,0.42,0.12,189.85,316.1,0.0,52.18,140.45,23.18,1000.25,75.92,73.62,12.15,6.045,0,ESTACAO_MONTA,PLANEJAMENTO,0,0,0,0,0,0,0,0,0,0,0,0,0,0,0,0,0,0,0,0,0,0,0,0.0,0.31,INEXISTENTE,34.0,26.5,11.15,0.52,0.1,-3.8,239.19
1806,11/12/2024,0.26,0.42,0.12,192.25,316.45,0.0,52.62,139.68,23.23,1002.75,76.38,73.67,12.25,5.9543,0,ESTACAO_MONTA,PLANEJAMENTO,0,0,0,0,0,0,0,0,0,0,0,0,0,0,0,0,0,0,0,0,0,0,0,0.0,0.31,INEXISTENTE,0.2,26.8,11.15,0.52,0.1,-3.8,234.3
1807,12/12/2024,0.26,0.42,0.12,192.13,316.85,0.0,52.51,139.4,23.1,1003.25,75.53,73.25,12.14,5.9915,0,ESTACAO_MONTA,PLANEJAMENTO,0,0,0,0,0,0,0,0,0,0,0,0,0,0,0,0,0,0,0,0,0,0,0,0.0,0.31,INEXISTENTE,0.0,29.2,12.15,0.52,0.1,-3.8,235.95
1808,13/12/2024,0.26,0.42,0.12,193.65,313.8,0.0,51.94,138.94,22.99,995.0,74.43,72.93,12.07,6.0419,0,ESTACAO_MONTA,PLANEJAMENTO,0,0,0,0,0,0,0,0,0,0,0,0,0,0,0,0,0,0,0,0,0,0,0,0.0,0.31,INEXISTENTE,0.0,28.66,12.15,0.52,0.1,-3.8,237.19
1809,14/12/2024,0.26,0.42,0.12,,,0.0,,,,,,,,,0,ESTACAO_MONTA,PLANEJAMENTO,0,0,0,0,0,0,0,0,0,0,0,0,0,0,0,0,0,0,0,0,0,0,0,0.0,0.31,INEXISTENTE,0.0,27.86,,,,,
1810,15/12/2024,0.26,0.42,0.12,,,0.0,,,,,,,,,0,ESTACAO_MONTA,PLANEJAMENTO,0,0,0,0,0,0,0,0,0,0,0,0,1,0,0,0,0,0,0,0,0,0,0,0.5,0.31,INEXISTENTE,12.4,26.75,,,,,
1811,16/12/2024,0.26,0.42,0.12,192.02,309.8,0.0,50.91,137.62,22.62,986.0,74.0,72.89,11.98,6.1479,0,ESTACAO_MONTA,PLANEJAMENTO,0,0,0,0,0,0,0,0,0,0,0,0,1,0,0,0,0,0,0,0,0,0,0,0.5,0.31,INEXISTENTE,0.0,27.0,12.15,0.52,0.1,-3.8,235.92
1812,17/12/2024,0.26,0.42,0.12,192.25,310.9,0.0,51.1,137.47,22.59,978.75,74.56,72.73,11.95,6.1048,0,ESTACAO_MONTA,PLANEJAMENTO,0,0,0,0,0,0,0,0,0,0,0,0,1,0,0,0,0,0,0,0,0,0,0,0.5,0.31,INEXISTENTE,1.2,26.66,12.15,0.52,0.1,-3.8,235.99
1813,18/12/2024,0.26,0.42,0.12,191.3,315.15,0.0,50.49,136.87,21.93,953.25,74.66,72.74,11.65,6.2896,0,ESTACAO_MONTA,PLANEJAMENTO,0,0,0,0,0,0,0,0,0,0,0,0,1,0,0,0,0,0,0,0,0,0,0,0.5,0.31,INEXISTENTE,0.0,27.35,12.15,0.52,0.1,-3.8,237.08
1814,19/12/2024,0.26,0.42,0.12,190.35,315.55,0.0,51.59,135.66,22.18,966.5,73.9,72.45,11.85,6.1525,0,ESTACAO_MONTA,PLANEJAMENTO,0,0,0,0,0,0,0,0,0,0,0,0,1,0,0,0,0,0,0,0,0,0,0,0.5,0.31,INEXISTENTE,0.0,28.68,12.15,0.52,0.1,-3.8,236.82
1815,20/12/2024,0.26,0.42,0.12,191.32,315.1,0.0,52.0,135.07,22.29,979.25,73.29,72.73,12.0,6.0853,0,ESTACAO_MONTA,PLANEJAMENTO,0,0,0,0,0,0,0,0,0,0,0,0,1,0,0,0,0,0,0,0,0,0,1,1.0,0.31,INEXISTENTE,1.4,27.86,12.15,0.52,0.1,-3.8,238.53
1816,21/12/2024,0.26,0.42,0.12,,,0.0,,,,,,,,,0,ESTACAO_MONTA,PLANEJAMENTO,0,0,0,0,0,0,0,0,0,0,0,0,1,0,0,0,0,0,0,0,0,0,1,1.0,0.31,INEXISTENTE,1.2,27.12,,,,,
1817,22/12/2024,0.26,0.42,0.12,,,0.0,,,,,,,,,0,ESTACAO_MONTA,PLANEJAMENTO,0,0,0,0,0,0,0,0,0,0,0,0,1,0,0,0,0,0,0,0,0,0,1,1.0,0.31,INEXISTENTE,0.2,26.13,,,,,
1818,23/12/2024,0.26,0.42,0.12,190.98,314.6,0.0,50.82,135.43,21.88,975.5,73.4,72.84,11.77,6.1939,0,ESTACAO_MONTA,PLANEJAMENTO,0,0,0,0,0,0,0,0,0,0,0,0,1,0,0,0,0,0,0,0,0,0,1,1.0,0.31,INEXISTENTE,0.0,28.13,12.15,0.52,0.1,-3.8,238.01
1819,24/12/2024,0.26,0.42,0.12,190.8,,0.0,,,,981.25,,,,6.1906,0,ESTACAO_MONTA,PLANEJAMENTO,0,0,0,0,0,0,0,0,0,0,0,0,1,0,0,0,0,0,0,0,0,1,1,1.5,0.31,INEXISTENTE,18.4,26.03,12.15,0.52,0.1,-3.8,239.47
1820,25/12/2024,0.26,0.42,0.12,,,0.0,,,,,,,,,0,ESTACAO_MONTA,PLANEJAMENTO,0,0,0,0,0,0,0,0,0,0,0,0,1,0,0,0,0,0,0,0,1,1,1,2.5,0.31,INEXISTENTE,6.4,26.53,,,,,
1821,26/12/2024,0.26,0.42,0.12,192.77,315.85,0.0,51.13,135.74,21.97,997.25,73.17,72.69,11.77,6.1828,0,ESTACAO_MONTA,PLANEJAMENTO,0,0,0,0,0,0,0,0,0,0,0,0,1,0,0,0,0,0,0,0,0,0,1,1.0,0.31,INEXISTENTE,1.0,26.3,12.15,0.52,0.1,-3.8,239.21
1822,27/12/2024,0.26,0.42,0.12,193.5,318.35,0.0,51.41,135.8,21.93,989.75,73.29,72.65,11.73,6.1964,0,ESTACAO_MONTA,PLANEJAMENTO,0,0,0,0,0,0,0,0,0,0,0,0,1,0,0,0,0,0,0,0,0,0,1,1.0,0.31,INEXISTENTE,38.0,26.13,12.15,0.52,0.1,-3.8,233.5
1823,28/12/2024,0.26,0.42,0.12,,,0.0,,,,,,,,,0,ESTACAO_MONTA,PLANEJAMENTO,0,0,0,0,0,0,0,0,0,0,0,0,1,0,0,0,0,0,0,0,0,0,1,1.0,0.31,INEXISTENTE,0.0,27.14,,,,,
1824,29/12/2024,0.26,0.42,0.12,,,0.0,,,,,,,,,0,ESTACAO_MONTA,PLANEJAMENTO,0,0,0,0,0,0,0,0,0,0,0,0,1,0,0,0,0,0,0,0,0,0,1,1.0,0.31,INEXISTENTE,0.0,27.74,,,,,
1825,30/12/2024,0.26,0.42,0.12,194.07,317.4,0.0,51.36,135.66,21.95,991.75,73.8,72.69,11.76,6.1778,0,ESTACAO_MONTA,PLANEJAMENTO,0,0,0,0,0,0,0,0,0,0,0,0,1,0,0,0,0,0,0,0,0,0,1,1.0,0.31,INEXISTENTE,59.8,25.7,12.15,0.52,0.1,-3.8,231.53
1826,31/12/2024,0.26,0.42,0.12,193.85,,0.0,,,,1010.5,,,,6.1778,0,ESTACAO_MONTA,PLANEJAMENTO,0,0,0,0,0,0,0,0,0,0,0,0,1,0,0,0,0,0,0,0,0,0,1,1.0,0.31,INEXISTENTE,0.8,26.66,12.15,0.52,0.1,-3.8,232.23
1827,01/01/2025,0.36,0.42,0.12,,,0.0,,,,,,,,,0,PICO_NASCIMENTOS,PLANEJAMENTO,1,0,0,0,0,0,0,0,0,0,0,0,1,0,0,0,0,0,0,0,0,0,1,2.0,0.47,INEXISTENTE,0.0,27.94,,,,,
1828,02/01/2025,0.36,0.42,0.12,193.6,321.55,0.0,52.16,134.73,21.85,1012.0,73.25,72.94,11.83,6.1519,0,PICO_NASCIMENTOS,PLANEJAMENTO,0,0,0,0,0,0,0,0,0,0,0,0,1,0,0,0,0,0,0,0,0,0,0,0.5,0.47,INEXISTENTE,0.0,27.1,12.15,0.16,0.4,16.4,232.72
1829,03/01/2025,0.36,0.42,0.12,194.05,321.85,0.0,52.06,133.51,21.6,991.75,72.73,72.99,11.81,6.1798,0,PICO_NASCIMENTOS,PLANEJAMENTO,0,0,0,0,0,0,0,0,0,0,0,0,1,0,0,0,0,0,0,0,0,0,0,0.5,0.47,INEXISTENTE,27.4,26.14,12.15,0.16,0.4,16.4,232.5
1830,04/01/2025,0.36,0.42,0.12,,,0.0,,,,,,,,,0,PICO_NASCIMENTOS,PLANEJAMENTO,0,0,0,0,0,0,0,0,0,0,0,0,1,0,0,0,0,0,0,0,0,0,0,0.5,0.47,INEXISTENTE,0.0,28.6,,,,,
1831,05/01/2025,0.36,0.42,0.12,,,0.0,,,,,,,,,0,PICO_NASCIMENTOS,PLANEJAMENTO,0,0,0,0,0,0,0,0,0,0,0,0,1,0,0,0,0,0,0,0,0,0,0,0.5,0.47,INEXISTENTE,2.8,25.36,,,,,
1832,06/01/2025,0.36,0.42,0.12,195.2,321.85,0.0,52.65,133.17,21.78,997.75,73.9,73.14,11.96,6.1152,0,PICO_NASCIMENTOS,PLANEJAMENTO,0,0,0,0,0,0,0,0,0,0,0,0,1,0,0,0,0,0,0,0,0,0,0,0.5,0.47,INEXISTENTE,6.6,26.09,12.15,0.16,0.4,16.4,225.82
1833,07/01/2025,0.36,0.42,0.12,195.57,322.5,0.0,52.74,130.54,21.35,997.25,73.59,73.98,12.1,6.101,0,PICO_NASCIMENTOS,PLANEJAMENTO,0,0,0,0,0,0,0,0,0,0,0,0,1,0,0,0,0,0,0,0,0,0,0,0.5,0.47,INEXISTENTE,6.4,26.0,12.15,0.16,0.4,16.4,227.01
1834,08/01/2025,0.36,0.42,0.12,193.7,323.7,0.0,53.0,131.93,21.6,994.5,74.08,74.23,12.15,6.1055,0,PICO_NASCIMENTOS,PLANEJAMENTO,0,0,0,0,0,0,0,0,0,0,0,0,1,0,0,0,0,0,0,0,0,0,0,0.5,0.47,INEXISTENTE,36.0,26.09,12.15,0.16,0.4,16.4,229.3
1835,09/01/2025,0.36,0.42,0.12,197.6,323.9,0.0,53.51,131.19,21.67,999.0,73.9,74.32,12.28,6.0364,0,PICO_NASCIMENTOS,PLANEJAMENTO,0,0,0,0,0,0,0,0,0,0,0,0,1,0,0,0,0,0,0,0,0,0,0,0.5,0.47,INEXISTENTE,38.4,24.7,12.15,0.16,0.4,16.4,
1836,10/01/2025,0.36,0.42,0.12,198.77,324.35,0.0,53.19,131.56,21.57,1025.25,74.16,74.91,12.28,6.1053,0,PICO_NASCIMENTOS,PLANEJAMENTO,0,0,0,0,0,0,0,0,0,0,0,0,1,0,0,0,0,0,0,0,0,0,0,0.5,0.47,INEXISTENTE,68.6,24.38,12.15,0.16,0.4,16.4,229.2
1837,11/01/2025,0.36,0.42,0.12,,,0.0,,,,,,,,,0,PICO_NASCIMENTOS,PLANEJAMENTO,0,0,0,0,0,0,0,0,0,0,0,0,1,0,0,0,0,0,0,0,0,0,0,0.5,0.47,INEXISTENTE,26.2,25.59,,,,,
1838,12/01/2025,0.36,0.42,0.12,,,0.0,,,,,,,,,0,PICO_NASCIMENTOS,PLANEJAMENTO,0,0,0,0,0,0,0,0,0,0,0,0,1,0,0,0,0,0,0,0,0,0,0,0.5,0.47,INEXISTENTE,31.4,24.63,,,,,
1839,13/01/2025,0.36,0.42,0.12,197.4,325.6,0.0,53.38,132.23,21.68,1041.5,75.07,74.92,12.28,6.0944,0,PICO_NASCIMENTOS,PLANEJAMENTO,0,0,0,0,0,0,0,0,0,0,0,0,1,0,0,0,0,0,0,0,0,0,0,0.5,0.47,INEXISTENTE,0.2,24.64,12.15,0.16,0.4,16.4,229.45
1840,14/01/2025,0.36,0.42,0.12,197.4,325.7,0.0,53.86,132.22,21.87,1043.0,74.94,74.69,12.35,6.0559,0,PICO_NASCIMENTOS,PLANEJAMENTO,0,0,0,0,0,0,0,0,0,0,0,0,1,0,0,0,0,0,0,0,0,0,0,0.5,0.47,INEXISTENTE,0.0,23.81,12.15,0.16,0.4,16.4,231.73
1841,15/01/2025,0.36,0.42,0.12,198.52,326.95,0.0,54.31,131.41,21.83,1042.75,74.86,74.97,12.45,6.0098,0,PICO_NASCIMENTOS,PLANEJAMENTO,0,0,0,0,0,0,0,0,0,0,0,0,1,0,0,0,0,0,0,0,0,0,0,0.5,0.47,INEXISTENTE,5.6,24.48,12.15,0.16,0.4,16.4,227.88
1842,16/01/2025,0.36,0.42,0.12,196.6,325.3,0.0,53.68,129.98,21.45,1019.0,76.22,74.42,12.28,6.0499,0,PICO_NASCIMENTOS,PLANEJAMENTO,0,0,0,0,0,0,0,0,0,0,0,0,1,0,0,0,0,0,0,0,0,0,0,0.5,0.47,INEXISTENTE,0.8,24.12,12.15,0.16,0.4,16.4,232.31
1843,17/01/2025,0.36,0.42,0.12,196.75,326.65,0.0,53.88,129.3,21.33,1034.0,76.67,74.25,12.25,6.0704,0,PICO_NASCIMENTOS,PLANEJAMENTO,0,0,0,0,0,0,0,0,0,0,0,0,1,0,0,0,0,0,0,0,0,0,0,0.5,0.47,INEXISTENTE,2.4,24.94,12.15,0.16,0.4,16.4,232.71
1844,18/01/2025,0.36,0.42,0.12,,,0.0,,,,,,,,,0,PICO_NASCIMENTOS,PLANEJAMENTO,0,0,0,0,0,0,0,0,0,0,0,0,1,0,0,0,0,0,0,0,0,0,0,0.5,0.47,INEXISTENTE,6.4,26.31,,,,,
1845,19/01/2025,0.36,0.42,0.12,,,0.0,,,,,,,,,0,PICO_NASCIMENTOS,PLANEJAMENTO,0,0,0,0,0,0,0,0,0,0,0,0,1,0,0,0,0,0,0,0,0,0,0,0.5,0.47,INEXISTENTE,0.6,25.9,,,,,
1846,20/01/2025,0.36,0.42,0.12,,,0.0,,,,,,,,,0,PICO_NASCIMENTOS,PLANEJAMENTO,0,0,0,0,0,0,0,0,0,0,0,0,1,0,0,0,0,0,0,0,0,0,0,0.5,0.47,INEXISTENTE,0.2,26.82,12.15,0.16,0.4,16.4,
1847,21/01/2025,0.36,0.42,0.12,197.05,326.6,0.0,54.14,128.7,21.34,1067.25,77.56,74.02,12.27,6.022,0,PICO_NASCIMENTOS,PLANEJAMENTO,0,0,0,0,0,0,0,0,0,0,0,0,1,0,0,0,0,0,0,0,0,0,0,0.5,0.47,INEXISTENTE,6.6,26.85,12.15,0.16,0.4,16.4,232.25
1848,22/01/2025,0.36,0.42,0.12,200.05,327.15,0.0,55.09,129.24,21.76,1056.0,76.06,74.1,12.48,5.9415,0,PICO_NASCIMENTOS,PLANEJAMENTO,0,0,0,0,0,0,0,0,0,0,0,0,1,0,0,0,0,0,0,0,0,0,0,0.5,0.47,INEXISTENTE,0.4,26.53,12.15,0.16,0.4,16.4,232.53
1849,23/01/2025,0.36,0.42,0.12,201.1,325.4,0.0,54.99,128.5,21.72,1065.5,76.33,73.88,12.49,5.9243,0,PICO_NASCIMENTOS,PLANEJAMENTO,0,0,0,0,0,0,0,0,0,0,0,0,1,0,0,0,0,0,0,0,0,0,0,0.5,0.47,INEXISTENTE,6.4,27.65,12.15,0.16,0.4,16.4,233.38
1850,24/01/2025,0.36,0.42,0.12,204.77,325.1,0.0,54.99,128.12,21.67,1055.75,75.21,73.86,12.49,5.9109,0,PICO_NASCIMENTOS,PLANEJAMENTO,0,0,0,0,0,0,0,0,0,0,0,0,1,0,0,0,0,0,0,0,0,0,0,0.5,0.47,INEXISTENTE,71.0,29.25,12.15,0.16,0.4,16.4,234.68
1851,25/01/2025,0.36,0.42,0.12,,,0.0,,,,,,,,,0,PICO_NASCIMENTOS,PLANEJAMENTO,0,0,0,0,0,0,0,0,0,0,0,0,1,0,0,0,0,0,0,0,0,0,0,0.5,0.47,INEXISTENTE,36.0,27.8,,,,,
1852,26/01/2025,0.36,0.42,0.12,,,0.0,,,,,,,,,0,PICO_NASCIMENTOS,PLANEJAMENTO,0,0,0,0,0,0,0,0,0,0,0,0,1,0,0,0,0,0,0,0,0,0,0,0.5,0.47,INEXISTENTE,8.0,25.82,,,,,
1853,27/01/2025,0.36,0.42,0.12,205.68,326.7,0.0,55.27,126.26,21.36,1045.0,74.91,74.04,12.53,5.8926,0,PICO_NASCIMENTOS,PLANEJAMENTO,0,0,0,0,0,0,0,0,0,0,0,0,1,0,0,0,0,0,0,0,0,0,0,0.5,0.47,INEXISTENTE,38.4,27.91,12.15,0.16,0.4,16.4,236.95
1854,28/01/2025,0.36,0.42,0.12,208.55,325.2,0.0,55.39,124.02,21.12,1045.0,74.84,74.05,12.61,5.8571,0,PICO_NASCIMENTOS,PLANEJAMENTO,0,0,0,0,0,0,0,0,0,0,0,0,1,0,0,0,0,0,0,0,0,0,0,0.5,0.47,INEXISTENTE,68.6,28.15,12.15,0.16,0.4,16.4,234.39
1855,29/01/2025,0.36,0.42,0.12,207.02,325.85,0.0,55.43,125.22,21.3,1060.5,75.74,74.49,12.67,5.8563,0,PICO_NASCIMENTOS,PLANEJAMENTO,0,0,0,0,0,0,0,0,0,0,0,0,1,0,0,0,0,0,0,0,0,0,0,0.5,0.47,INEXISTENTE,21.8,27.94,12.15,0.16,0.4,16.4,232.5
1856,30/01/2025,0.36,0.42,0.12,204.48,326.0,0.0,55.56,125.57,21.4,1044.0,76.08,74.79,12.75,5.874,0,PICO_NASCIMENTOS,PLANEJAMENTO,0,0,0,0,0,0,0,0,0,0,0,0,1,0,0,0,0,0,0,0,0,0,0,0.5,0.47,INEXISTENTE,26.2,26.6,13.15,0.16,0.4,16.4,235.92
1857,31/01/2025,0.36,0.42,0.12,204.6,324.45,0.0,55.56,124.18,21.26,1042.0,75.56,74.99,12.84,5.841,0,PICO_NASCIMENTOS,PLANEJAMENTO,0,0,0,0,0,0,0,0,0,0,0,0,1,0,0,0,0,0,0,0,0,0,0,0.5,0.47,INEXISTENTE,31.4,24.99,13.15,0.16,0.4,16.4,236.52
1858,01/02/2025,0.36,0.42,0.12,,,0.0,,,,,,,,,0,PICO_NASCIMENTOS,SAFRA,0,0,0,0,0,0,0,0,0,0,0,0,0,0,0,0,0,0,0,0,0,0,0,0.0,0.18,INEXISTENTE,7.0,25.93,,,,,
1859,02/02/2025,0.36,0.42,0.12,,,0.0,,,,,,,,,0,PICO_NASCIMENTOS,SAFRA,0,0,0,0,0,0,0,0,0,0,0,0,0,0,0,0,0,0,0,0,0,0,0,0.0,0.18,INEXISTENTE,0.2,25.23,,,,,
1860,03/02/2025,0.36,0.42,0.12,202.98,326.1,0.0,56.08,124.81,21.46,1058.25,75.64,75.32,12.95,5.8066,0,PICO_NASCIMENTOS,SAFRA,0,0,0,0,0,0,0,0,0,0,0,0,0,0,0,0,0,0,0,0,0,0,0,0.0,0.18,INEXISTENTE,0.0,26.27,13.15,1.31,0.4,16.4,240.65
1861,04/02/2025,0.36,0.42,0.12,201.88,327.1,0.0,56.71,125.39,21.74,1075.0,76.62,75.6,13.11,5.754,0,PICO_NASCIMENTOS,SAFRA,0,0,0,0,0,0,0,0,0,0,0,0,0,0,0,0,0,0,0,0,0,0,0,0.0,0.18,INEXISTENTE,0.0,26.7,13.15,1.31,0.4,16.4,242.53
1862,05/02/2025,0.36,0.42,0.12,203.6,325.85,0.0,56.29,125.85,21.74,1057.0,77.95,76.04,13.13,5.7973,0,PICO_NASCIMENTOS,SAFRA,0,0,0,0,0,0,0,0,0,0,0,0,0,0,0,0,0,0,0,0,0,0,0,0.0,0.18,INEXISTENTE,0.0,27.28,13.15,1.31,0.4,16.4,241.64
1863,06/02/2025,0.36,0.42,0.12,200.63,326.9,0.0,56.66,126.08,21.85,1060.5,78.22,76.42,13.25,5.7617,0,PICO_NASCIMENTOS,SAFRA,0,0,0,0,0,0,0,0,0,0,0,0,0,0,0,0,0,0,0,0,0,0,0,0.0,0.18,INEXISTENTE,5.6,28.44,13.15,1.31,0.4,16.4,244.41
1864,07/02/2025,0.36,0.42,0.12,200.77,324.6,0.0,56.08,126.03,21.78,1049.5,78.31,77.24,13.35,5.8058,0,PICO_NASCIMENTOS,SAFRA,0,0,0,0,0,0,0,0,0,0,0,0,0,0,0,0,0,0,0,0,0,0,0,0.0,0.18,INEXISTENTE,0.0,28.82,13.15,1.31,0.4,16.4,244.83
1865,08/02/2025,0.36,0.42,0.12,,,0.0,,,,,,,,,0,PICO_NASCIMENTOS,SAFRA,0,0,0,0,0,0,0,0,0,0,0,0,0,0,0,0,0,0,0,0,0,0,0,0.0,0.18,INEXISTENTE,0.8,29.05,,,,,
1866,09/02/2025,0.36,0.42,0.12,,,0.0,,,,,,,,,0,PICO_NASCIMENTOS,SAFRA,0,0,0,0,0,0,0,0,0,0,0,0,0,0,0,0,0,0,0,0,0,0,0,0.0,0.18,INEXISTENTE,2.2,25.92,,,,,
1867,10/02/2025,0.36,0.42,0.12,201.88,324.65,0.0,56.08,125.33,21.65,1049.5,79.27,77.26,13.35,5.7874,0,PICO_NASCIMENTOS,SAFRA,0,0,0,0,0,0,0,0,0,0,0,0,0,0,0,0,0,0,0,0,0,0,0,0.0,0.18,INEXISTENTE,2.4,24.05,13.15,1.31,0.4,16.4,241.81
1868,11/02/2025,0.36,0.42,0.12,199.68,324.25,0.0,56.21,126.03,21.85,1043.5,78.57,77.96,13.51,5.7635,0,PICO_NASCIMENTOS,SAFRA,0,0,0,0,0,0,0,0,0,0,0,0,0,0,0,0,0,0,0,0,0,0,0,0.0,0.18,INEXISTENTE,0.2,23.91,13.15,1.31,0.4,16.4,241.74
1869,12/02/2025,0.36,0.42,0.12,199.15,322.8,0.0,56.04,126.28,21.92,1027.75,78.65,79.0,13.71,5.7649,0,PICO_NASCIMENTOS,SAFRA,0,0,0,0,0,0,0,0,0,0,0,0,0,0,0,0,0,0,0,0,0,0,0,0.0,0.18,INEXISTENTE,6.4,25.73,13.15,1.31,0.4,16.4,248.96
1870,13/02/2025,0.36,0.42,0.12,199.55,320.05,0.0,55.48,125.39,21.74,1030.0,79.76,79.12,13.71,5.7669,0,PICO_NASCIMENTOS,SAFRA,0,0,0,0,0,0,0,0,0,0,0,0,0,0,0,0,0,0,0,0,0,0,0,0.0,0.18,INEXISTENTE,0.2,26.37,13.15,1.31,0.4,16.4,250.11
1871,14/02/2025,0.36,0.42,0.12,197.75,320.3,0.0,56.16,125.59,22.02,1036.0,80.75,79.86,14.0,5.7042,0,PICO_NASCIMENTOS,SAFRA,0,0,0,0,0,0,0,0,0,0,0,0,0,0,0,0,0,0,0,0,0,0,0,0.0,0.18,INEXISTENTE,0.6,28.57,13.15,1.31,0.4,16.4,245.48
1872,15/02/2025,0.36,0.42,0.12,,,0.0,,,,,,,,,0,PICO_NASCIMENTOS,SAFRA,0,0,0,0,0,0,0,0,0,0,0,0,0,0,0,0,0,0,0,0,0,0,0,0.0,0.18,INEXISTENTE,14.0,27.74,,,,,
1873,16/02/2025,0.36,0.42,0.12,,,0.0,,,,,,,,,0,PICO_NASCIMENTOS,SAFRA,0,0,0,0,0,0,0,0,0,0,0,0,0,0,0,0,0,0,0,0,0,0,0,0.0,0.18,INEXISTENTE,0.2,24.95,,,,,
1874,17/02/2025,0.36,0.42,0.12,,,0.0,,,,,,,,,0,PICO_NASCIMENTOS,SAFRA,0,0,0,0,0,0,0,0,0,0,0,0,0,0,0,0,0,0,0,0,0,0,0,0.0,0.18,INEXISTENTE,32.8,27.11,13.15,1.31,0.4,16.4,
1875,18/02/2025,0.36,0.42,0.12,197.45,317.45,0.0,55.77,125.19,21.99,1038.5,80.74,78.91,13.86,5.6892,0,PICO_NASCIMENTOS,SAFRA,0,0,0,0,0,0,0,0,0,0,0,0,0,0,0,0,0,0,0,0,0,0,0,0.0,0.18,INEXISTENTE,1.8,28.68,13.15,1.31,0.4,16.4,247.85
1876,19/02/2025,0.36,0.42,0.12,197.82,315.3,0.0,55.14,126.04,22.04,1031.75,80.83,81.26,14.21,5.7214,0,PICO_NASCIMENTOS,SAFRA,0,0,0,0,0,0,0,0,0,0,0,0,0,0,0,0,0,0,0,0,0,0,0,0.0,0.18,INEXISTENTE,10.8,28.11,13.15,1.31,0.4,16.4,250.75
1877,20/02/2025,0.36,0.42,0.12,197.63,314.2,0.0,55.06,125.49,21.99,1045.5,82.72,83.62,14.65,5.7029,0,PICO_NASCIMENTOS,SAFRA,0,0,0,0,0,0,0,0,0,0,0,0,0,0,0,0,0,0,0,0,0,0,0,0.0,0.18,INEXISTENTE,0.0,29.25,13.15,1.31,0.4,16.4,248.32
1878,21/02/2025,0.36,0.42,0.12,197.82,314.2,0.0,55.06,126.61,22.1,1039.5,85.06,84.19,14.7,5.732,0,PICO_NASCIMENTOS,SAFRA,0,0,0,0,0,0,0,0,0,0,0,0,0,0,0,0,0,0,0,0,0,0,0,0.0,0.18,INEXISTENTE,0.0,29.17,13.15,1.31,0.4,16.4,248.87
1879,22/02/2025,0.36,0.42,0.12,,,0.0,,,,,,,,,0,PICO_NASCIMENTOS,SAFRA,0,0,0,0,0,0,0,0,0,0,0,0,0,0,0,0,0,0,0,0,0,0,0,0.0,0.18,INEXISTENTE,0.0,27.5,,,,,
1880,23/02/2025,0.36,0.42,0.12,,,0.0,,,,,,,,,0,PICO_NASCIMENTOS,SAFRA,0,0,0,0,0,0,0,0,0,0,0,0,0,0,0,0,0,0,0,0,0,0,0,0.0,0.18,INEXISTENTE,0.0,27.87,,,,,
1881,24/02/2025,0.36,0.42,0.12,198.9,314.25,0.0,54.65,125.9,21.9,1047.5,83.75,84.85,14.76,5.7785,0,PICO_NASCIMENTOS,SAFRA,0,0,0,0,0,0,0,0,0,0,0,0,0,0,0,0,0,0,0,0,0,0,0,0.0,0.18,INEXISTENTE,11.8,26.28,13.15,1.31,0.4,16.4,247.75
1882,25/02/2025,0.36,0.42,0.12,199.5,312.1,0.0,54.24,126.58,22.0,1048.75,84.82,86.67,15.06,5.7396,0,PICO_NASCIMENTOS,SAFRA,0,0,0,0,0,0,0,0,0,0,0,0,0,0,0,0,0,0,0,0,0,0,0,0.0,0.18,INEXISTENTE,22.6,25.68,13.15,1.31,0.4,16.4,250.82
1883,26/02/2025,0.36,0.42,0.12,198.82,311.4,0.0,53.7,126.47,21.81,1041.25,86.36,87.18,15.03,5.8035,0,PICO_NASCIMENTOS,SAFRA,0,0,0,0,0,0,0,0,0,0,0,0,0,0,0,0,0,0,0,0,0,0,0,0.0,0.18,INEXISTENTE,26.8,25.79,13.15,1.31,0.4,16.4,247.99
1884,27/02/2025,0.36,0.42,0.12,199.4,311.4,0.0,53.4,127.33,21.84,1037.25,86.83,87.68,15.04,5.8401,0,PICO_NASCIMENTOS,SAFRA,0,0,0,0,0,0,0,0,0,0,0,0,0,0,0,0,0,0,0,0,0,0,0,0.0,0.18,INEXISTENTE,0.6,26.16,13.15,1.31,0.4,16.4,249.85
1885,28/02/2025,0.36,0.42,0.12,197.73,310.95,0.0,52.66,127.95,21.67,1025.75,86.7,87.49,14.82,5.8852,0,PICO_NASCIMENTOS,SAFRA,0,0,1,0,0,0,0,0,0,0,0,0,0,0,0,0,0,0,0,0,0,0,0,0.5,0.18,INEXISTENTE,6.8,24.92,13.15,1.31,0.4,16.4,253.77
1886,01/03/2025,0.36,0.42,0.12,,,0.0,,,,,,,,,0,PICO_NASCIMENTOS,ENTRESAFRA,0,0,1,0,0,0,0,0,0,0,0,0,0,0,0,0,0,0,0,0,0,0,0,0.5,1.57,INEXISTENTE,0.0,26.82,,,,,
1887,02/03/2025,0.36,0.42,0.12,,,0.0,,,,,,,,,0,PICO_NASCIMENTOS,ENTRESAFRA,0,0,1,0,0,0,0,0,0,0,0,0,0,0,0,0,0,0,0,0,0,0,0,0.5,1.57,INEXISTENTE,0.0,26.07,,,,,
1888,03/03/2025,0.36,0.42,0.12,192.25,,0.0,,,,1011.5,,,,5.8852,0,PICO_NASCIMENTOS,ENTRESAFRA,0,0,1,0,0,0,0,0,0,0,0,0,0,0,0,0,0,0,0,0,0,0,0,0.5,1.57,INEXISTENTE,47.4,27.82,,,,,
1889,04/03/2025,0.36,0.42,0.12,194.65,,0.0,,,,999.0,,,,5.8852,0,PICO_NASCIMENTOS,ENTRESAFRA,0,1,1,0,0,0,0,0,0,0,0,0,0,0,0,0,0,0,0,0,0,0,0,1.5,1.57,INEXISTENTE,0.4,28.19,,,,,
1890,05/03/2025,0.36,0.42,0.12,196.55,309.7,0.0,53.8,128.38,22.3,1011.75,86.41,87.67,15.23,5.7394,0,PICO_NASCIMENTOS,ENTRESAFRA,0,0,0,0,0,0,0,0,0,0,0,0,0,0,0,0,0,0,0,0,0,0,0,0.0,1.57,INEXISTENTE,0.0,26.08,13.15,0.56,0.4,16.4,254.48
1891,06/03/2025,0.36,0.42,0.12,196.28,311.0,0.0,53.96,128.85,22.35,1027.25,86.64,87.85,15.24,5.7639,0,PICO_NASCIMENTOS,ENTRESAFRA,0,0,0,0,0,0,0,0,0,0,0,0,0,0,0,0,0,0,0,0,0,0,0,0.0,1.57,INEXISTENTE,0.0,27.39,13.15,0.56,0.4,16.4,254.04
1892,07/03/2025,0.36,0.42,0.12,200.28,311.65,0.0,53.81,129.85,22.42,1025.0,86.1,88.71,15.32,5.7874,0,PICO_NASCIMENTOS,ENTRESAFRA,0,0,0,0,0,0,0,0,0,0,0,0,0,0,0,0,0,0,0,0,0,0,0,0.0,1.57,INEXISTENTE,0.2,28.41,13.15,0.56,0.4,16.4,254.57
1893,08/03/2025,0.36,0.42,0.12,,,0.0,,,,,,,,,0,PICO_NASCIMENTOS,ENTRESAFRA,0,0,0,0,0,0,0,0,0,0,0,0,0,0,0,0,0,0,0,0,0,0,0,0.0,1.57,INEXISTENTE,0.0,27.11,,,,,
1894,09/03/2025,0.36,0.42,0.12,,,0.0,,,,,,,,,0,PICO_NASCIMENTOS,ENTRESAFRA,0,0,0,0,0,0,0,0,0,0,0,0,0,0,0,0,0,0,0,0,0,0,0,0.0,1.57,INEXISTENTE,0.0,28.18,,,,,
1895,10/03/2025,0.36,0.42,0.12,200.57,311.45,0.0,53.2,128.46,21.94,999.75,87.85,88.52,15.12,5.8555,0,PICO_NASCIMENTOS,ENTRESAFRA,0,0,0,0,0,0,0,0,0,0,0,0,0,0,0,0,0,0,0,0,0,0,0,0.0,1.57,INEXISTENTE,0.2,29.12,13.15,0.56,0.4,16.4,262.28
1896,11/03/2025,0.36,0.42,0.12,199.55,311.95,0.0,53.71,128.65,22.15,997.75,87.46,89.08,15.34,5.8103,0,PICO_NASCIMENTOS,ENTRESAFRA,0,0,0,0,0,0,0,0,0,0,0,0,0,0,0,0,0,0,0,0,0,0,0,0.0,1.57,INEXISTENTE,0.2,27.57,13.15,0.56,0.4,16.4,260.43
1897,12/03/2025,0.36,0.42,0.12,201.4,312.1,0.0,53.75,127.59,21.98,987.5,88.69,89.39,15.4,5.7978,0,PICO_NASCIMENTOS,ENTRESAFRA,0,0,0,0,0,0,0,0,0,0,0,0,0,0,0,0,0,0,0,0,0,0,0,0.0,1.57,INEXISTENTE,2.0,27.54,13.15,0.56,0.4,16.4,256.72
1898,13/03/2025,0.36,0.42,0.12,202.05,312.1,0.0,53.75,128.07,22.08,996.75,89.06,89.88,15.5,5.799,0,PICO_NASCIMENTOS,ENTRESAFRA,0,0,0,0,0,0,0,0,0,0,0,0,0,0,0,0,0,0,0,0,0,0,0,0.0,1.57,INEXISTENTE,23.8,28.45,13.15,0.56,0.4,16.4,259.84
1899,14/03/2025,0.36,0.42,0.12,203.18,309.7,0.0,53.95,128.04,22.3,999.25,89.75,89.83,15.65,5.7385,0,PICO_NASCIMENTOS,ENTRESAFRA,0,0,0,0,0,0,0,0,0,0,0,0,0,0,0,0,0,0,0,0,0,0,0,0.0,1.57,INEXISTENTE,0.6,3.0,13.15,0.56,0.4,16.4,258.68
1900,15/03/2025,0.36,0.42,0.12,,,0.0,,,,,,,,,0,PICO_NASCIMENTOS,ENTRESAFRA,0,0,0,0,0,0,0,0,0,0,0,0,0,0,0,0,0,0,0,0,0,0,0,0.0,1.57,INEXISTENTE,23.0,29.27,,,,,
1901,16/03/2025,0.36,0.42,0.12,,,0.0,,,,,,,,,0,PICO_NASCIMENTOS,ENTRESAFRA,0,0,0,0,0,0,0,0,0,0,0,0,0,0,0,0,0,0,0,0,0,0,0,0.0,1.57,INEXISTENTE,0.2,26.71,,,,,
1902,17/03/2025,0.36,0.42,0.12,205.02,309.2,0.0,54.5,127.48,22.47,1015.5,89.99,90.26,15.91,5.6835,0,PICO_NASCIMENTOS,ENTRESAFRA,0,0,0,0,0,0,0,0,0,0,0,0,0,0,0,0,0,0,0,0,0,0,0,0.0,1.57,INEXISTENTE,12.2,27.69,13.15,0.56,0.4,16.4,263.58
1903,18/03/2025,0.36,0.42,0.12,205.38,310.1,0.0,54.66,127.91,22.55,1012.75,84.44,90.33,15.92,5.6705,0,PICO_NASCIMENTOS,ENTRESAFRA,0,0,0,0,0,0,0,0,0,0,0,0,0,0,0,0,0,0,0,0,0,0,0,0.0,1.57,INEXISTENTE,0.0,27.84,13.15,0.56,0.4,16.4,266.49
1904,19/03/2025,0.36,0.42,0.12,206.82,310.25,0.0,54.9,127.36,22.54,1008.25,83.08,90.18,15.96,5.6485,0,PICO_NASCIMENTOS,ENTRESAFRA,0,0,0,0,0,0,0,0,0,0,0,0,0,0,0,0,0,0,0,0,0,0,0,0.0,1.57,INEXISTENTE,0.0,27.21,13.15,0.56,0.4,16.4,265.47
1905,20/03/2025,0.36,0.42,0.12,208.48,311.25,0.0,54.91,127.99,22.58,1013.0,80.33,90.08,15.89,5.6797,0,PICO_NASCIMENTOS,ENTRESAFRA,0,0,0,0,0,0,0,0,0,0,0,0,0,0,0,0,0,0,0,0,0,0,0,0.0,1.57,INEXISTENTE,16.0,26.38,14.15,0.56,0.4,16.4,266.54
1906,21/03/2025,0.36,0.42,0.12,206.95,312.6,0.0,54.68,127.67,22.33,1009.75,79.61,90.14,15.77,5.7291,0,PICO_NASCIMENTOS,ENTRESAFRA,0,0,0,0,0,0,0,0,0,0,0,0,0,0,0,0,0,0,0,0,0,0,0,0.0,1.57,INEXISTENTE,0.0,26.11,14.15,0.56,0.4,16.4,263.35
1907,22/03/2025,0.36,0.42,0.12,,,0.0,,,,,,,,,0,PICO_NASCIMENTOS,ENTRESAFRA,0,0,0,0,0,0,0,0,0,0,0,0,0,0,0,0,0,0,0,0,0,0,0,0.0,1.57,INEXISTENTE,0.0,26.27,,,,,
1908,23/03/2025,0.36,0.42,0.12,,,0.0,,,,,,,,,0,PICO_NASCIMENTOS,ENTRESAFRA,0,0,0,0,0,0,0,0,0,0,0,0,0,0,0,0,0,0,0,0,0,0,0,0.0,1.57,INEXISTENTE,3.4,27.23,,,,,
1909,24/03/2025,0.36,0.42,0.12,205.9,312.75,0.0,54.37,128.19,22.29,1007.25,79.34,89.74,15.6,5.7646,0,PICO_NASCIMENTOS,ENTRESAFRA,0,0,0,0,0,0,0,0,0,0,0,0,0,0,0,0,0,0,0,0,0,0,0,0.0,1.57,INEXISTENTE,0.0,26.0,14.15,0.56,0.4,16.4,262.94
1910,25/03/2025,0.36,0.42,0.12,206.38,312.95,0.0,54.88,126.97,22.27,1001.75,77.93,89.12,15.63,5.6989,0,PICO_NASCIMENTOS,ENTRESAFRA,0,0,0,0,0,0,0,0,0,0,0,0,0,0,0,0,0,0,0,0,0,0,0,0.0,1.57,INEXISTENTE,0.0,27.78,14.15,0.56,0.4,16.4,262.06
1911,26/03/2025,0.36,0.42,0.12,207.07,312.95,0.0,54.57,127.04,22.15,1001.0,76.98,88.94,15.51,5.7359,0,PICO_NASCIMENTOS,ENTRESAFRA,0,0,0,0,0,0,0,0,0,0,0,0,0,0,0,0,0,0,0,0,0,0,0,0.0,1.57,INEXISTENTE,4.6,26.24,14.15,0.56,0.4,16.4,262.72
1912,27/03/2025,0.36,0.42,0.12,209.55,316.55,0.0,54.99,127.57,22.16,1016.75,77.47,87.92,15.28,5.7452,0,PICO_NASCIMENTOS,ENTRESAFRA,0,0,0,0,0,0,0,0,0,0,0,0,0,0,0,0,0,0,0,0,0,0,0,0.0,1.57,INEXISTENTE,0.2,27.41,14.15,0.56,0.4,16.4,261.85
1913,28/03/2025,0.36,0.42,0.12,208.82,319.1,0.0,55.42,127.65,22.17,1023.0,77.07,87.87,15.26,5.7604,0,PICO_NASCIMENTOS,ENTRESAFRA,0,0,0,0,0,0,0,0,0,0,0,0,0,0,0,0,0,0,0,0,0,0,0,0.0,1.57,INEXISTENTE,0.0,27.3,14.15,0.56,0.4,16.4,262.22
1914,29/03/2025,0.36,0.42,0.12,,,0.0,,,,,,,,,0,PICO_NASCIMENTOS,ENTRESAFRA,0,0,0,0,0,0,0,0,0,0,0,0,0,0,0,0,0,0,0,0,0,0,0,0.0,1.57,INEXISTENTE,0.0,26.83,,,,,
1915,30/03/2025,0.36,0.42,0.12,,,0.0,,,,,,,,,0,PICO_NASCIMENTOS,ENTRESAFRA,0,0,0,0,0,0,0,0,0,0,0,0,0,0,0,0,0,0,0,0,0,0,0,0.0,1.57,INEXISTENTE,0.0,26.95,,,,,
1916,31/03/2025,0.36,0.42,0.12,207.8,319.5,0.0,55.99,127.3,22.31,1014.75,77.72,87.71,15.37,5.7047,0,PICO_NASCIMENTOS,ENTRESAFRA,0,0,0,0,0,0,0,0,0,0,0,0,0,0,0,0,0,0,0,0,0,0,0,0.0,1.57,INEXISTENTE,41.0,26.49,14.15,0.56,0.4,16.4,265.29
1917,01/04/2025,0.36,0.42,0.12,209.13,320.75,0.0,56.42,127.28,22.39,1034.25,78.53,86.62,15.24,5.6815,0,NASC_COMPLEMENTARES,ENTRESAFRA,0,0,0,0,0,0,0,0,0,0,0,0,0,0,0,0,0,0,0,0,0,0,0,0.0,0.39,INEXISTENTE,46.2,28.63,14.15,0.43,0.3,-1.4,262.24
1918,02/04/2025,0.36,0.42,0.12,210.38,320.8,0.0,56.34,127.24,22.35,1029.5,77.3,85.97,15.1,5.6607,0,NASC_COMPLEMENTARES,ENTRESAFRA,0,0,0,0,0,0,0,0,0,0,0,0,0,0,0,0,0,0,0,0,0,0,0,0.0,0.39,INEXISTENTE,0.2,27.84,14.15,0.43,0.3,-1.4,262.54
1919,03/04/2025,0.36,0.42,0.12,208.05,321.6,0.0,57.16,126.98,22.57,1011.5,76.63,84.82,15.08,5.629,0,NASC_COMPLEMENTARES,ENTRESAFRA,0,0,0,0,0,0,0,0,0,0,0,0,0,0,0,0,0,0,0,0,0,0,0,0.0,0.39,INEXISTENTE,3.6,28.4,14.15,0.43,0.3,-1.4,268.36
1920,04/04/2025,0.36,0.42,0.12,202.63,324.6,0.0,55.62,127.55,21.86,977.0,76.39,84.63,14.5,5.8425,0,NASC_COMPLEMENTARES,ENTRESAFRA,0,0,0,0,0,0,0,0,0,0,0,0,0,0,0,0,0,0,0,0,0,0,0,0.0,0.39,INEXISTENTE,65.8,29.3,14.15,0.43,0.3,-1.4,254.46
1921,05/04/2025,0.36,0.42,0.12,,,0.0,,,,,,,,,0,NASC_COMPLEMENTARES,ENTRESAFRA,0,0,0,0,0,0,0,0,0,0,0,0,0,0,0,0,0,0,0,0,0,0,0,0.0,0.39,INEXISTENTE,0.0,27.38,,,,,
1922,06/04/2025,0.36,0.42,0.12,,,0.0,,,,,,,,,0,NASC_COMPLEMENTARES,ENTRESAFRA,0,0,0,0,0,0,0,0,0,0,0,0,0,0,0,0,0,0,0,0,0,0,0,0.0,0.39,INEXISTENTE,2.0,26.98,,,,,
1923,07/04/2025,0.36,0.42,0.12,198.93,324.6,0.0,55.62,129.6,21.93,983.0,78.57,84.83,14.35,5.9139,0,NASC_COMPLEMENTARES,ENTRESAFRA,0,0,0,0,0,0,0,0,0,0,0,0,0,0,0,0,0,0,0,0,0,0,0,0.0,0.39,INEXISTENTE,4.2,28.0,14.15,0.43,0.3,-1.4,252.37
1924,08/04/2025,0.36,0.42,0.12,199.1,324.4,0.0,54.18,129.38,21.61,992.75,80.17,85.25,14.24,6.0109,0,NASC_COMPLEMENTARES,ENTRESAFRA,0,0,0,0,0,0,0,0,0,0,0,0,0,0,0,0,0,0,0,0,0,0,0,0.0,0.39,INEXISTENTE,0.2,26.86,14.15,0.43,0.3,-1.4,255.03
1925,09/04/2025,0.36,0.42,0.12,202.8,322.0,0.0,55.15,130.77,22.4,1012.75,79.56,85.72,14.68,5.8215,0,NASC_COMPLEMENTARES,ENTRESAFRA,0,0,0,0,0,0,0,0,0,0,0,0,0,0,0,0,0,0,0,0,0,0,0,0.0,0.39,INEXISTENTE,0.0,27.94,14.15,0.43,0.3,-1.4,254.13
1926,10/04/2025,0.36,0.42,0.12,200.85,323.8,0.0,54.84,131.1,22.21,1029.0,80.57,85.57,14.49,5.8856,0,NASC_COMPLEMENTARES,ENTRESAFRA,0,0,0,0,0,0,0,0,0,0,0,0,0,0,0,0,0,0,0,0,0,0,0,0.0,0.39,INEXISTENTE,8.6,28.6,14.15,0.43,0.3,-1.4,258.39
1927,11/04/2025,0.36,0.42,0.12,202.48,324.5,0.0,55.28,132.33,22.54,1042.75,79.33,84.98,14.48,5.8648,0,NASC_COMPLEMENTARES,ENTRESAFRA,0,0,0,0,0,0,0,0,0,0,0,0,0,0,0,0,0,0,0,0,0,0,0,0.0,0.39,INEXISTENTE,0.0,26.53,14.15,0.43,0.3,-1.4,261.54
1928,12/04/2025,0.36,0.42,0.12,,,0.0,,,,,,,,,0,NASC_COMPLEMENTARES,ENTRESAFRA,0,0,0,0,0,0,0,0,0,0,0,0,0,0,0,0,0,0,0,0,0,0,0,0.0,0.39,INEXISTENTE,0.0,27.68,,,,,
1929,13/04/2025,0.36,0.42,0.12,,,0.0,,,,,,,,,0,NASC_COMPLEMENTARES,ENTRESAFRA,0,0,0,0,0,0,0,0,0,0,0,0,0,0,0,0,0,0,0,0,0,0,0,0.0,0.39,INEXISTENTE,0.6,26.88,,,,,
1930,14/04/2025,0.36,0.42,0.12,203.95,328.5,0.0,56.14,132.56,22.66,1041.75,78.9,85.3,14.58,5.8551,0,NASC_COMPLEMENTARES,ENTRESAFRA,0,0,0,0,0,0,0,0,0,0,0,0,0,0,0,0,0,0,0,0,0,0,0,0.0,0.39,INEXISTENTE,31.4,27.55,14.15,0.43,0.3,-1.4,263.69
1931,15/04/2025,0.36,0.42,0.12,204.8,327.0,0.0,55.5,131.48,22.31,1036.0,78.24,84.71,14.38,5.8859,0,NASC_COMPLEMENTARES,ENTRESAFRA,0,0,0,0,0,0,0,0,0,0,0,0,0,0,0,0,0,0,0,0,0,0,0,0.0,0.39,INEXISTENTE,0.2,27.08,14.15,0.43,0.3,-1.4,262.87
1932,16/04/2025,0.36,0.42,0.12,207.07,326.0,0.0,55.54,132.15,22.51,1038.75,77.02,83.78,14.27,5.8664,0,NASC_COMPLEMENTARES,ENTRESAFRA,0,0,0,0,0,0,0,0,0,0,0,0,0,0,0,0,0,0,0,0,0,0,0,0.0,0.39,INEXISTENTE,0.0,26.64,14.15,0.43,0.3,-1.4,261.39
1933,17/04/2025,0.36,0.42,0.12,209.82,326.65,0.0,56.25,131.91,22.72,1036.5,76.9,83.49,14.38,5.8063,0,NASC_COMPLEMENTARES,ENTRESAFRA,0,0,0,0,0,0,0,0,0,0,0,0,0,0,0,0,0,0,0,0,0,0,0,0.0,0.39,INEXISTENTE,0.0,28.2,14.15,0.43,0.3,-1.4,262.53
1934,18/04/2025,0.36,0.42,0.12,,,0.0,,,,,,,,,0,NASC_COMPLEMENTARES,ENTRESAFRA,0,0,0,0,1,0,0,0,0,0,0,0,0,0,0,0,0,0,0,0,0,0,0,0.5,0.39,INEXISTENTE,0.0,28.18,,,,,
1935,19/04/2025,0.36,0.42,0.12,,,0.0,,,,,,,,,0,NASC_COMPLEMENTARES,ENTRESAFRA,0,0,0,0,1,0,0,0,0,0,0,0,0,0,0,0,0,0,0,0,0,0,0,0.5,0.39,INEXISTENTE,1.0,28.13,,,,,
1936,20/04/2025,0.36,0.42,0.12,,,0.0,,,,,,,,,0,NASC_COMPLEMENTARES,ENTRESAFRA,0,0,0,1,1,0,0,0,0,0,0,0,0,0,0,0,0,0,0,0,0,0,0,1.5,0.39,INEXISTENTE,1.0,28.16,,,,,
1937,21/04/2025,0.36,0.42,0.12,209.77,,0.0,,,,1041.5,,,,5.8067,0,NASC_COMPLEMENTARES,ENTRESAFRA,0,0,0,0,0,0,0,0,0,0,0,0,0,0,0,0,0,0,0,0,0,0,0,0.0,0.39,INEXISTENTE,10.8,28.73,,,,,
1938,22/04/2025,0.36,0.42,0.12,211.38,327.3,0.0,57.2,130.19,22.75,1046.0,77.11,82.57,14.43,5.7255,0,NASC_COMPLEMENTARES,ENTRESAFRA,0,0,0,0,0,0,0,0,0,0,0,0,0,0,0,0,0,0,0,0,0,0,0,0.0,0.39,INEXISTENTE,0.0,26.49,14.15,0.43,0.3,-1.4,265.56
1939,23/04/2025,0.36,0.42,0.12,212.7,325.95,0.0,57.03,129.92,22.73,1050.25,76.54,81.97,14.34,5.7096,0,NASC_COMPLEMENTARES,ENTRESAFRA,0,0,0,0,0,0,0,0,0,0,0,0,0,0,0,0,0,0,0,0,0,0,0,0.0,0.39,INEXISTENTE,0.0,26.58,14.15,0.43,0.3,-1.4,261.48
1940,24/04/2025,0.36,0.42,0.12,213.5,324.15,0.0,57.04,129.06,22.71,1062.0,76.97,81.6,14.36,5.6833,0,NASC_COMPLEMENTARES,ENTRESAFRA,0,0,0,0,0,0,0,0,0,0,0,0,0,0,0,0,0,0,0,0,0,0,0,0.0,0.39,INEXISTENTE,0.0,27.42,14.15,0.43,0.3,-1.4,263.27
1941,25/04/2025,0.36,0.42,0.12,214.25,323.9,0.0,56.99,130.14,22.9,1059.25,77.13,80.54,14.17,5.6841,0,NASC_COMPLEMENTARES,ENTRESAFRA,0,0,0,0,0,0,0,0,0,0,0,0,0,0,0,0,0,0,0,0,0,0,0,0.0,0.39,INEXISTENTE,0.0,27.27,14.15,0.43,0.3,-1.4,266.3
1942,26/04/2025,0.36,0.42,0.12,,,0.0,,,,,,,,,0,NASC_COMPLEMENTARES,ENTRESAFRA,0,0,0,0,0,0,0,0,0,0,0,0,0,0,0,0,0,0,0,0,0,0,0,0.0,0.39,INEXISTENTE,0.0,28.53,,,,,
1943,27/04/2025,0.36,0.42,0.12,,,0.0,,,,,,,,,0,NASC_COMPLEMENTARES,ENTRESAFRA,0,0,0,0,0,0,0,0,0,0,0,0,0,0,0,0,0,0,0,0,0,0,0,0.0,0.39,INEXISTENTE,0.0,25.55,,,,,
1944,28/04/2025,0.36,0.42,0.12,215.65,323.9,0.0,56.99,129.87,22.97,1062.5,75.69,80.49,14.24,5.6546,0,NASC_COMPLEMENTARES,ENTRESAFRA,0,0,0,0,0,0,0,0,0,0,0,0,0,0,0,0,0,0,0,0,0,0,0,0.0,0.39,INEXISTENTE,0.6,26.79,14.15,0.43,0.3,-1.4,267.92
1945,29/04/2025,0.36,0.42,0.12,216.35,319.9,0.0,56.8,129.22,22.94,1052.75,76.41,80.37,14.27,5.621,0,NASC_COMPLEMENTARES,ENTRESAFRA,0,0,0,0,0,0,0,0,0,0,0,0,0,0,0,0,0,0,0,0,0,0,0,0.0,0.39,INEXISTENTE,0.2,28.26,14.15,0.43,0.3,-1.4,272.36
1946,30/04/2025,0.36,0.42,0.12,215.75,318.85,0.0,56.21,127.79,22.53,1044.5,76.34,80.13,14.13,5.6748,0,NASC_COMPLEMENTARES,ENTRESAFRA,0,0,0,0,0,0,0,0,0,0,0,0,0,0,0,0,0,0,0,0,0,0,0,0.0,0.39,INEXISTENTE,1.6,27.81,14.15,0.43,0.3,-1.4,277.08
1947,01/05/2025,0.36,0.42,0.12,209.65,,0.0,,,,1050.25,,,,5.6734,0,NASC_COMPLEMENTARES,PLANEJAMENTO,0,0,0,0,0,0,0,0,0,0,0,0,0,0,0,0,0,0,0,0,0,0,0,0.0,-3.44,INEXISTENTE,0.0,27.13,,,,,
1948,02/05/2025,0.36,0.42,0.12,211.1,318.85,0.0,56.21,128.37,22.7,1058.0,76.47,79.07,13.98,5.6579,0,NASC_COMPLEMENTARES,PLANEJAMENTO,0,0,0,0,0,0,0,0,0,0,0,0,0,0,0,0,0,0,0,0,0,0,0,0.0,-3.44,INEXISTENTE,0.0,25.62,14.15,0.26,0.3,-1.4,280.45
1949,03/05/2025,0.36,0.42,0.12,,,0.0,,,,,,,,,0,NASC_COMPLEMENTARES,PLANEJAMENTO,0,0,0,0,0,0,0,0,0,0,0,0,0,0,0,0,0,0,0,0,0,0,0,0.0,-3.44,INEXISTENTE,0.0,26.98,,,,,
1950,04/05/2025,0.36,0.42,0.12,,,0.0,,,,,,,,,0,NASC_COMPLEMENTARES,PLANEJAMENTO,0,0,0,0,0,0,0,0,0,0,0,0,0,0,0,0,0,0,0,0,0,0,0,0.0,-3.44,INEXISTENTE,6.0,27.67,,,,,
1951,05/05/2025,0.36,0.42,0.12,213.65,319.45,0.0,56.16,128.02,22.51,1045.5,75.29,79.05,13.9,5.6886,0,NASC_COMPLEMENTARES,PLANEJAMENTO,0,0,0,0,0,0,0,0,0,0,0,0,0,0,0,0,0,0,0,0,0,0,0,0.0,-3.44,INEXISTENTE,0.2,27.63,14.15,0.26,0.3,-1.4,282.56
1952,06/05/2025,0.36,0.42,0.12,213.68,316.5,0.0,55.46,127.92,22.41,1041.25,75.09,77.61,13.6,5.7135,0,NASC_COMPLEMENTARES,PLANEJAMENTO,0,0,0,0,0,0,0,0,0,0,0,0,0,0,0,0,0,0,0,0,0,0,0,0.0,-3.44,INEXISTENTE,0.0,27.3,14.15,0.26,0.3,-1.4,282.98
1953,07/05/2025,0.36,0.42,0.12,212.52,315.75,0.0,54.82,127.77,22.18,1039.25,74.37,76.38,13.26,5.7459,0,NASC_COMPLEMENTARES,PLANEJAMENTO,0,0,0,0,0,0,0,0,0,0,0,0,0,0,0,0,0,0,0,0,0,0,0,0.0,-3.44,INEXISTENTE,0.0,27.5,14.15,0.26,0.3,-1.4,284.82
1954,08/05/2025,0.36,0.42,0.12,214.25,309.2,0.0,54.52,127.88,22.55,1045.0,73.93,75.93,13.39,5.6615,0,NASC_COMPLEMENTARES,PLANEJAMENTO,0,0,0,0,0,0,0,0,0,0,0,0,0,0,0,0,0,0,0,0,0,0,0,0.0,-3.44,INEXISTENTE,0.0,28.34,14.65,0.26,0.3,-1.4,281.99
1955,09/05/2025,0.36,0.42,0.12,214.68,309.2,0.0,54.52,127.91,22.62,1051.75,73.94,75.07,13.27,5.6556,0,NASC_COMPLEMENTARES,PLANEJAMENTO,0,0,0,0,0,0,1,0,0,0,0,0,0,0,0,0,0,0,0,0,0,0,0,0.5,-3.44,INEXISTENTE,0.0,27.44,14.65,0.26,0.3,-1.4,284.35
1956,10/05/2025,0.36,0.42,0.12,,,0.0,,,,,,,,,0,NASC_COMPLEMENTARES,PLANEJAMENTO,0,0,0,0,0,0,1,0,0,0,0,0,0,0,0,0,0,0,0,0,0,0,0,0.5,-3.44,INEXISTENTE,0.0,28.0,,,,,
1957,11/05/2025,0.36,0.42,0.12,,,0.0,,,,,,,,,0,NASC_COMPLEMENTARES,PLANEJAMENTO,0,0,0,0,0,1,1,0,0,0,0,0,0,0,0,0,0,0,0,0,0,0,0,1.5,-3.44,INEXISTENTE,0.0,28.01,,,,,
1958,12/05/2025,0.36,0.42,0.12,216.82,313.8,0.0,55.19,128.68,22.63,1066.0,73.92,74.34,13.07,5.6752,0,NASC_COMPLEMENTARES,PLANEJAMENTO,0,0,0,0,0,0,0,0,0,0,0,0,0,0,0,0,0,0,0,0,0,0,0,0.0,-3.44,INEXISTENTE,40.2,28.0,14.65,0.26,0.3,-1.4,270.47
1959,13/05/2025,0.36,0.42,0.12,216.32,308.35,0.0,55.05,128.51,22.94,1067.25,73.4,73.57,13.14,5.6085,0,NASC_COMPLEMENTARES,PLANEJAMENTO,0,0,0,0,0,0,0,0,0,0,0,0,0,0,0,0,0,0,0,0,0,0,0,0.0,-3.44,INEXISTENTE,0.2,26.69,14.65,0.26,0.3,-1.4,268.34
1960,14/05/2025,0.36,0.42,0.12,213.95,308.0,0.0,54.74,128.25,22.79,1067.0,72.86,73.12,12.99,5.6384,0,NASC_COMPLEMENTARES,PLANEJAMENTO,0,0,0,0,0,0,0,0,0,0,0,0,0,0,0,0,0,0,0,0,0,0,0,0.0,-3.44,INEXISTENTE,0.0,26.17,14.65,0.26,0.3,-1.4,266.28
1961,15/05/2025,0.36,0.42,0.12,211.18,308.0,0.0,54.21,127.51,22.44,1051.25,73.25,73.07,12.86,5.6821,0,NASC_COMPLEMENTARES,PLANEJAMENTO,0,0,0,0,0,0,0,0,0,0,0,0,0,0,0,0,0,0,0,0,0,0,0,0.0,-3.44,INEXISTENTE,0.0,26.04,14.65,0.26,0.3,-1.4,274.0
1962,16/05/2025,0.36,0.42,0.12,212.23,302.6,0.0,53.39,127.56,22.51,1050.0,62.01,72.93,12.87,5.6633,0,NASC_COMPLEMENTARES,PLANEJAMENTO,0,0,0,0,0,0,0,0,0,0,0,0,0,0,0,0,0,0,0,0,0,0,0,0.0,-3.44,INEXISTENTE,2.8,26.14,14.65,0.26,0.3,-1.4,276.29
1963,17/05/2025,0.36,0.42,0.12,,,0.0,,,,,,,,,0,NASC_COMPLEMENTARES,PLANEJAMENTO,0,0,0,0,0,0,0,0,0,0,0,0,0,0,0,0,0,0,0,0,0,0,0,0.0,-3.44,INEXISTENTE,22.0,26.21,,,,,
1964,18/05/2025,0.36,0.42,0.12,,,0.0,,,,,,,,,0,NASC_COMPLEMENTARES,PLANEJAMENTO,0,0,0,0,0,0,0,0,0,0,0,0,0,0,0,0,0,0,0,0,0,0,0,0.0,-3.44,INEXISTENTE,0.2,26.42,,,,,
1965,19/05/2025,0.36,0.42,0.12,212.98,302.15,0.0,53.44,127.56,22.56,1050.75,62.07,72.68,12.86,5.6516,0,NASC_COMPLEMENTARES,PLANEJAMENTO,0,0,0,0,0,0,0,0,0,0,0,0,0,0,0,0,0,0,0,0,0,0,0,0.0,-3.44,INEXISTENTE,0.0,26.86,14.65,0.26,0.3,-1.4,277.94
1966,20/05/2025,0.36,0.42,0.12,213.18,306.4,0.0,54.03,127.66,22.51,1053.0,62.97,72.59,12.8,5.6682,0,NASC_COMPLEMENTARES,PLANEJAMENTO,0,0,0,0,0,0,0,0,0,0,0,0,0,0,0,0,0,0,0,0,0,0,0,0.0,-3.44,INEXISTENTE,0.0,26.9,14.65,0.26,0.3,-1.4,277.87
1967,21/05/2025,0.36,0.42,0.12,214.15,303.65,0.0,53.74,128.42,22.73,1062.75,64.47,72.03,12.75,5.6458,0,NASC_COMPLEMENTARES,PLANEJAMENTO,0,0,0,0,0,0,0,0,0,0,0,0,0,0,0,0,0,0,0,0,0,0,0,0.0,-3.44,INEXISTENTE,0.0,25.83,14.65,0.26,0.3,-1.4,281.74
1968,22/05/2025,0.36,0.42,0.12,215.63,303.65,0.0,53.74,128.15,22.68,1067.5,64.47,71.22,12.6,5.716,0,NASC_COMPLEMENTARES,PLANEJAMENTO,0,0,0,0,0,0,0,0,0,0,0,0,0,0,0,0,0,0,0,0,0,0,0,0.0,-3.44,INEXISTENTE,0.0,26.16,14.65,0.26,0.3,-1.4,282.0
1969,23/05/2025,0.36,0.42,0.12,215.8,301.0,0.0,53.24,128.69,22.76,1060.25,63.19,71.13,12.58,5.6468,0,NASC_COMPLEMENTARES,PLANEJAMENTO,0,0,0,0,0,0,0,0,0,0,0,0,0,0,0,0,0,0,0,0,0,0,0,0.0,-3.44,INEXISTENTE,0.0,27.03,14.65,0.26,0.3,-1.4,284.07
1970,24/05/2025,0.36,0.42,0.12,,,0.0,,,,,,,,,0,NASC_COMPLEMENTARES,PLANEJAMENTO,0,0,0,0,0,0,0,0,0,0,0,0,0,0,0,0,0,0,0,0,0,0,0,0.0,-3.44,INEXISTENTE,0.0,27.75,,,,,
1971,25/05/2025,0.36,0.42,0.12,,,0.0,,,,,,,,,0,NASC_COMPLEMENTARES,PLANEJAMENTO,0,0,0,0,0,0,0,0,0,0,0,0,0,0,0,0,0,0,0,0,0,0,0,0.0,-3.44,INEXISTENTE,0.0,27.28,,,,,
1972,26/05/2025,0.36,0.42,0.12,,,0.0,,,,,,,,,0,NASC_COMPLEMENTARES,PLANEJAMENTO,0,0,0,0,0,0,0,0,0,0,0,0,0,0,0,0,0,0,0,0,0,0,0,0.0,-3.44,INEXISTENTE,0.0,26.67,14.65,0.26,0.3,-1.4,
1973,27/05/2025,0.36,0.42,0.12,215.13,305.6,0.0,54.1,128.01,22.66,1062.5,64.47,70.82,12.54,5.6424,0,NASC_COMPLEMENTARES,PLANEJAMENTO,0,0,0,0,0,0,0,0,0,0,0,0,0,0,0,0,0,0,0,0,0,0,0,0.0,-3.44,INEXISTENTE,0.0,26.4,14.65,0.26,0.3,-1.4,284.36
1974,28/05/2025,0.36,0.42,0.12,213.93,305.1,0.0,53.59,128.49,22.57,1048.5,63.65,69.42,12.19,5.689,0,NASC_COMPLEMENTARES,PLANEJAMENTO,0,0,0,0,0,0,0,0,0,0,0,0,0,0,0,0,0,0,0,0,0,0,0,0.0,-3.44,INEXISTENTE,0.0,26.73,14.65,0.26,0.3,-1.4,285.98
1975,29/05/2025,0.36,0.42,0.12,215.52,306.5,0.0,54.07,128.18,22.61,1051.75,62.72,69.17,12.2,5.6666,0,NASC_COMPLEMENTARES,PLANEJAMENTO,0,0,0,0,0,0,0,0,0,0,0,0,0,0,0,0,0,0,0,0,0,0,0,0.0,-3.44,INEXISTENTE,0.0,26.34,14.65,0.26,0.3,-1.4,285.87
1976,30/05/2025,0.36,0.42,0.12,215.48,306.1,0.0,53.53,128.76,22.52,1041.75,62.95,68.95,12.06,5.7227,0,NASC_COMPLEMENTARES,PLANEJAMENTO,0,0,0,0,0,0,0,0,0,0,0,0,0,0,0,0,0,0,0,0,0,0,0,0.0,-3.44,INEXISTENTE,0.0,24.65,14.65,0.26,0.3,-1.4,289.0
1977,31/05/2025,0.36,0.42,0.12,,,0.0,,,,,,,,,0,NASC_COMPLEMENTARES,PLANEJAMENTO,0,0,0,0,0,0,0,0,0,0,0,0,0,0,0,0,0,0,0,0,0,0,0,0.0,-3.44,INEXISTENTE,0.0,26.8,,,,,
1978,01/06/2025,0.36,0.42,0.12,,,0.0,,,,,,,,,0,NASC_COMPLEMENTARES,PLANEJAMENTO,0,0,0,0,0,0,0,1,0,0,0,0,0,0,0,0,0,0,0,0,0,0,0,0.5,-2.91,INEXISTENTE,0.0,27.2,,,,,
1979,02/06/2025,0.36,0.42,0.12,216.55,306.1,0.0,53.53,128.41,22.6,1033.5,62.73,68.85,12.12,5.6734,0,NASC_COMPLEMENTARES,PLANEJAMENTO,0,0,0,0,0,0,0,1,0,0,0,0,0,0,0,0,0,0,0,0,0,0,0,0.5,-2.91,INEXISTENTE,0.0,27.92,14.65,0.24,0.3,-1.4,290.71
1980,03/06/2025,0.36,0.42,0.12,215.98,306.4,0.0,54.32,128.42,22.77,1040.75,62.73,68.89,12.21,5.6393,0,NASC_COMPLEMENTARES,PLANEJAMENTO,0,0,0,0,0,0,0,1,0,0,0,0,0,0,0,0,0,0,0,0,0,0,0,0.5,-2.91,INEXISTENTE,0.0,27.85,14.65,0.24,0.3,-1.4,282.31
1981,04/06/2025,0.36,0.42,0.12,218.4,311.2,0.0,55.08,128.59,22.76,1045.0,64.0,69.02,12.22,5.6368,0,NASC_COMPLEMENTARES,PLANEJAMENTO,0,0,0,0,0,0,0,1,0,0,0,0,0,0,0,0,0,0,0,0,0,0,0,0.5,-2.91,INEXISTENTE,0.0,26.09,14.65,0.24,0.3,-1.4,277.88
1982,05/06/2025,0.36,0.42,0.12,222.9,311.15,0.0,55.65,127.97,22.89,1051.75,64.37,68.96,12.33,5.5893,0,NASC_COMPLEMENTARES,PLANEJAMENTO,0,0,0,0,0,0,0,1,0,0,0,0,0,0,0,0,0,0,0,0,0,0,0,0.5,-2.91,INEXISTENTE,0.0,26.07,14.65,0.24,0.3,-1.4,274.9
1983,06/06/2025,0.36,0.42,0.12,226.3,311.15,0.0,55.65,128.13,23.04,1057.25,64.6,69.53,12.5,5.5594,0,NASC_COMPLEMENTARES,PLANEJAMENTO,0,0,0,0,0,0,0,1,0,0,0,0,0,0,0,0,0,0,0,0,0,0,0,0.5,-2.91,INEXISTENTE,0.0,26.6,14.65,0.24,0.3,-1.4,274.24
1984,07/06/2025,0.36,0.42,0.12,,,0.0,,,,,,,,,0,NASC_COMPLEMENTARES,PLANEJAMENTO,0,0,0,0,0,0,0,1,0,0,0,0,0,0,0,0,0,0,0,0,0,0,0,0.5,-2.91,INEXISTENTE,0.0,26.4,,,,,
1985,08/06/2025,0.36,0.42,0.12,,,0.0,,,,,,,,,0,NASC_COMPLEMENTARES,PLANEJAMENTO,0,0,0,0,0,0,0,1,0,0,0,0,0,0,0,0,0,0,0,0,0,0,0,0.5,-2.91,INEXISTENTE,0.0,26.05,,,,,
1986,09/06/2025,0.36,0.42,0.12,227.0,311.75,0.0,56.04,128.68,23.13,1056.0,64.11,68.79,12.37,5.5588,0,NASC_COMPLEMENTARES,PLANEJAMENTO,0,0,0,0,0,0,0,1,0,0,0,0,0,0,0,0,0,0,0,0,0,0,0,0.5,-2.91,INEXISTENTE,0.0,26.14,14.65,0.24,0.3,-1.4,268.35
1987,10/06/2025,0.36,0.42,0.12,227.07,312.2,0.0,56.01,128.97,23.14,1057.75,64.24,67.73,12.15,5.5744,0,NASC_COMPLEMENTARES,PLANEJAMENTO,0,0,0,0,0,0,0,1,0,0,0,0,0,0,0,0,0,0,0,0,0,0,0,0.5,-2.91,INEXISTENTE,0.0,25.84,14.65,0.24,0.3,-1.4,266.1
1988,11/06/2025,0.36,0.42,0.12,227.82,314.2,0.0,56.66,128.8,23.23,1050.5,63.73,67.97,12.26,5.5364,0,NASC_COMPLEMENTARES,PLANEJAMENTO,0,0,0,0,0,0,0,1,0,0,0,0,0,0,0,0,0,0,0,0,0,0,0,0.5,-2.91,INEXISTENTE,0.0,27.18,14.65,0.24,0.3,-1.4,269.65
1989,12/06/2025,0.36,0.42,0.12,228.2,315.85,0.0,56.96,128.8,23.23,1042.25,63.1,67.64,12.2,5.5375,0,NASC_COMPLEMENTARES,PLANEJAMENTO,0,0,0,0,0,0,0,1,0,0,0,0,0,0,0,0,0,0,0,0,0,0,0,0.5,-2.91,INEXISTENTE,0.0,27.24,14.65,0.24,0.3,-1.4,270.96
1990,13/06/2025,0.36,0.42,0.12,225.1,314.35,0.0,56.77,129.14,23.32,1069.75,63.29,67.61,12.21,5.5439,0,NASC_COMPLEMENTARES,PLANEJAMENTO,0,0,0,0,0,0,0,1,1,0,0,0,0,0,0,0,0,0,0,0,0,0,0,1.5,-2.91,INEXISTENTE,0.0,27.05,14.65,0.24,0.3,-1.4,269.5
1991,14/06/2025,0.36,0.42,0.12,,,0.0,,,,,,,,,0,NASC_COMPLEMENTARES,PLANEJAMENTO,0,0,0,0,0,0,0,1,0,0,0,0,0,0,0,0,0,0,0,0,0,0,0,0.5,-2.91,INEXISTENTE,0.0,25.99,,,,,
1992,15/06/2025,0.36,0.42,0.12,,,0.0,,,,,,,,,0,NASC_COMPLEMENTARES,PLANEJAMENTO,0,0,0,0,0,0,0,1,0,0,0,0,0,0,0,0,0,0,0,0,0,0,0,0.5,-2.91,INEXISTENTE,0.0,25.26,,,,,
1993,16/06/2025,0.36,0.42,0.12,227.02,314.35,0.0,56.77,129.6,23.59,1069.75,62.41,67.5,12.29,5.492,0,NASC_COMPLEMENTARES,PLANEJAMENTO,0,0,0,0,0,0,0,1,0,0,0,0,0,0,0,0,0,0,0,0,0,0,0,0.5,-2.91,INEXISTENTE,0.0,25.17,14.65,0.24,0.3,-1.4,267.51
1994,17/06/2025,0.36,0.42,0.12,223.25,313.85,0.0,57.05,129.51,23.54,1074.0,62.87,67.36,12.25,5.4997,0,NASC_COMPLEMENTARES,PLANEJAMENTO,0,0,0,0,0,0,0,1,0,0,0,0,0,0,0,0,0,0,0,0,0,0,0,0.5,-2.91,INEXISTENTE,0.0,24.31,14.65,0.24,0.3,-1.4,269.7
1995,18/06/2025,0.36,0.42,0.12,224.3,314.4,0.0,57.13,129.35,23.51,1074.75,63.07,68.07,12.37,5.4917,0,NASC_COMPLEMENTARES,PLANEJAMENTO,0,0,0,0,0,0,0,1,0,0,0,0,0,0,0,0,0,0,0,0,0,0,0,0.5,-2.91,INEXISTENTE,0.0,25.76,14.65,0.24,0.3,-1.4,272.1
1996,19/06/2025,0.36,0.42,0.12,,,0.0,,,,,,,,,0,NASC_COMPLEMENTARES,PLANEJAMENTO,0,0,0,0,0,0,0,1,0,0,0,0,0,0,0,0,0,0,0,0,0,0,0,0.5,-2.91,INEXISTENTE,0.0,25.71,,,,,
1997,20/06/2025,0.36,0.42,0.12,223.02,314.4,0.0,57.13,130.08,23.55,1068.0,63.16,68.11,12.33,5.5132,0,NASC_COMPLEMENTARES,PLANEJAMENTO,0,0,0,0,0,0,0,1,0,0,0,0,0,0,0,0,0,0,0,0,0,0,0,0.5,-2.91,INEXISTENTE,0.0,26.01,14.9,0.24,0.3,-1.4,273.99
1998,21/06/2025,0.36,0.42,0.12,,,0.0,,,,,,,,,0,NASC_COMPLEMENTARES,PLANEJAMENTO,0,0,0,0,0,0,0,1,0,0,0,0,0,0,0,0,0,0,0,0,0,0,0,0.5,-2.91,INEXISTENTE,0.0,24.96,,,,,
1999,22/06/2025,0.36,0.42,0.12,,,0.0,,,,,,,,,0,NASC_COMPLEMENTARES,PLANEJAMENTO,0,0,0,0,0,0,0,1,0,0,0,0,0,0,0,0,0,0,0,0,0,0,0,0.5,-2.91,INEXISTENTE,0.0,26.14,,,,,
2000,23/06/2025,0.36,0.42,0.12,222.3,314.4,0.0,57.13,130.47,23.7,1062.0,63.78,68.43,12.43,5.4965,0,NASC_COMPLEMENTARES,PLANEJAMENTO,0,0,0,0,0,0,0,1,0,0,0,0,0,0,0,0,0,0,0,0,0,0,0,0.5,-2.91,INEXISTENTE,0.0,26.28,14.9,0.24,0.3,-1.4,272.66
2001,24/06/2025,0.36,0.42,0.12,221.6,317.7,0.0,57.62,129.83,23.55,1050.25,64.59,68.27,12.38,5.5113,0,NASC_COMPLEMENTARES,PLANEJAMENTO,0,0,0,0,0,0,0,1,0,1,0,0,0,0,0,0,0,0,0,0,0,0,0,1.5,-2.91,INEXISTENTE,0.0,24.98,14.9,0.24,0.3,-1.4,271.38
2002,25/06/2025,0.36,0.42,0.12,221.6,316.2,0.0,56.91,128.34,23.1,1029.5,64.31,68.04,12.25,5.5637,0,NASC_COMPLEMENTARES,PLANEJAMENTO,0,0,0,0,0,0,0,1,0,0,0,0,0,0,0,0,0,0,0,0,0,0,0,0.5,-2.91,INEXISTENTE,0.0,26.45,14.9,0.24,0.3,-1.4,273.03
2003,26/06/2025,0.36,0.42,0.12,221.7,315.75,0.0,57.39,129.79,23.59,1027.75,63.95,67.58,12.28,5.489,0,NASC_COMPLEMENTARES,PLANEJAMENTO,0,0,0,0,0,0,0,1,0,0,0,0,0,0,0,0,0,0,0,0,0,0,0,0.5,-2.91,INEXISTENTE,0.0,26.83,14.9,0.24,0.3,-1.4,272.83
2004,27/06/2025,0.36,0.42,0.12,224.75,317.4,0.0,57.86,129.22,23.55,1033.25,63.54,67.65,12.33,5.4856,0,NASC_COMPLEMENTARES,PLANEJAMENTO,0,0,0,0,0,0,0,1,0,0,0,0,0,0,0,0,0,0,0,0,0,0,0,0.5,-2.91,INEXISTENTE,0.0,26.72,14.9,0.24,0.3,-1.4,274.76
2005,28/06/2025,0.36,0.42,0.12,,,0.0,,,,,,,,,0,NASC_COMPLEMENTARES,PLANEJAMENTO,0,0,0,0,0,0,0,1,0,0,0,0,0,0,0,0,0,0,0,0,0,0,0,0.5,-2.91,INEXISTENTE,0.0,26.13,,,,,
2006,29/06/2025,0.36,0.42,0.12,,,0.0,,,,,,,,,0,NASC_COMPLEMENTARES,PLANEJAMENTO,0,0,0,0,0,0,0,1,0,0,1,0,0,0,0,0,0,0,0,0,0,0,0,1.5,-2.91,INEXISTENTE,0.0,25.97,,,,,
2007,30/06/2025,0.36,0.42,0.12,225.88,317.4,0.0,57.86,129.15,23.79,1029.75,63.44,67.02,12.34,5.4326,0,NASC_COMPLEMENTARES,PLANEJAMENTO,0,0,0,0,0,0,0,1,0,0,0,0,0,0,0,0,0,0,0,0,0,0,0,0.5,-2.91,INEXISTENTE,0.0,26.59,14.9,0.24,0.3,-1.4,275.62
2008,01/07/2025,0.36,0.42,0.12,210.75,310.65,0.0,56.86,129.13,23.64,1029.75,62.98,65.68,12.02,5.4588,0,MENOR_TX_NASC,PLANEJAMENTO,0,0,0,0,0,0,0,0,0,0,0,1,0,0,0,0,0,0,0,0,0,0,0,0.5,-3.72,INEXISTENTE,0.0,25.77,14.9,0.26,0.3,0.4,275.42
2009,02/07/2025,0.36,0.42,0.12,212.45,310.65,0.0,56.86,129.55,23.89,1053.5,62.24,65.25,12.03,5.424,0,MENOR_TX_NASC,PLANEJAMENTO,0,0,0,0,0,0,0,0,0,0,0,1,0,0,0,0,0,0,0,0,0,0,0,0.5,-3.72,INEXISTENTE,0.0,26.36,14.9,0.26,0.3,0.4,275.82
2010,03/07/2025,0.36,0.42,0.12,214.05,310.4,0.0,57.35,130.26,24.07,1055.5,62.51,64.15,11.85,5.409,0,MENOR_TX_NASC,PLANEJAMENTO,0,0,0,0,0,0,0,0,0,0,0,1,0,0,0,0,0,0,0,0,0,0,0,0.5,-3.72,INEXISTENTE,0.0,26.58,14.9,0.26,0.3,0.4,276.7
2011,04/07/2025,0.36,0.42,0.12,,,0.0,,,,,,,,,0,MENOR_TX_NASC,PLANEJAMENTO,0,0,0,0,0,0,0,0,0,0,0,1,0,0,0,0,0,0,0,0,0,0,0,0.5,-3.72,INEXISTENTE,0.0,25.14,14.9,0.26,0.3,0.4,
2012,05/07/2025,0.36,0.42,0.12,,,0.0,,,,,,,,,0,MENOR_TX_NASC,PLANEJAMENTO,0,0,0,0,0,0,0,0,0,0,0,1,0,0,0,0,0,0,0,0,0,0,0,0.5,-3.72,INEXISTENTE,0.0,24.64,,,,,
2013,06/07/2025,0.36,0.42,0.12,,,0.0,,,,,,,,,0,MENOR_TX_NASC,PLANEJAMENTO,0,0,0,0,0,0,0,0,0,0,0,1,0,0,0,0,0,0,0,0,0,0,0,0.5,-3.72,INEXISTENTE,0.0,24.71,,,,,
2014,07/07/2025,0.36,0.42,0.12,215.9,305.55,0.0,55.77,129.04,23.55,1031.5,61.61,63.44,11.58,5.488,0,MENOR_TX_NASC,PLANEJAMENTO,0,0,0,0,0,0,0,0,0,0,0,1,0,0,0,0,0,0,0,0,0,0,0,0.5,-3.72,INEXISTENTE,0.0,25.38,14.9,0.26,0.3,0.4,282.55
2015,08/07/2025,0.36,0.42,0.12,219.98,305.6,0.0,56.11,128.7,23.63,1021.25,62.24,63.35,11.63,5.4474,0,MENOR_TX_NASC,PLANEJAMENTO,0,0,0,0,0,0,0,0,0,0,0,1,0,0,0,0,0,0,0,0,0,0,0,0.5,-3.72,INEXISTENTE,0.0,25.86,14.9,0.26,0.3,0.4,275.63
2016,09/07/2025,0.36,0.42,0.12,219.77,305.0,0.0,55.53,128.35,23.37,1009.0,62.99,63.19,11.5,5.5766,0,MENOR_TX_NASC,PLANEJAMENTO,0,0,0,0,0,0,0,0,0,0,0,1,0,0,0,0,0,0,0,0,0,0,0,0.5,-3.72,INEXISTENTE,0.0,25.38,14.9,0.26,0.3,0.4,275.64
2017,10/07/2025,0.36,0.42,0.12,219.23,299.7,0.0,54.09,129.83,23.43,1012.5,62.46,62.98,11.37,5.5321,0,MENOR_TX_NASC,PLANEJAMENTO,0,0,0,0,0,0,0,0,0,0,0,1,0,0,0,0,0,0,0,0,0,0,0,0.5,-3.72,INEXISTENTE,0.0,25.46,14.9,0.26,0.3,0.4,275.19
2018,11/07/2025,0.36,0.42,0.12,222.2,299.7,0.0,54.09,129.93,23.42,1004.25,62.46,62.91,11.34,5.5589,0,MENOR_TX_NASC,PLANEJAMENTO,0,0,0,0,0,0,0,0,0,0,0,1,0,0,0,0,0,0,0,0,0,0,0,0.5,-3.72,INEXISTENTE,0.0,25.98,14.9,0.26,0.3,0.4,275.08
2019,12/07/2025,0.36,0.42,0.12,,,0.0,,,,,,,,,0,MENOR_TX_NASC,PLANEJAMENTO,0,0,0,0,0,0,0,0,0,0,0,1,0,0,0,0,0,0,0,0,0,0,0,0.5,-3.72,INEXISTENTE,0.0,24.31,,,,,
2020,13/07/2025,0.36,0.42,0.12,,,0.0,,,,,,,,,0,MENOR_TX_NASC,PLANEJAMENTO,0,0,0,0,0,0,0,0,0,0,0,1,0,0,0,0,0,0,0,0,0,0,0,0.5,-3.72,INEXISTENTE,0.0,24.74,,,,,
2021,14/07/2025,0.36,0.42,0.12,219.35,299.25,0.0,53.58,129.75,23.23,1001.0,63.07,62.73,11.23,5.5893,0,MENOR_TX_NASC,PLANEJAMENTO,0,0,0,0,0,0,0,0,0,0,0,1,0,0,0,0,0,0,0,0,0,0,0,0.5,-3.72,INEXISTENTE,0.0,26.16,14.9,0.26,0.3,0.4,277.06
2022,15/07/2025,0.36,0.42,0.12,222.4,300.6,0.0,54.05,130.14,23.4,995.0,62.81,62.78,11.29,5.5571,0,MENOR_TX_NASC,PLANEJAMENTO,0,0,0,0,0,0,0,0,0,0,0,1,0,0,0,0,0,0,0,0,0,0,0,0.5,-3.72,INEXISTENTE,0.0,23.91,14.9,0.26,0.3,0.4,275.0
2023,16/07/2025,0.36,0.42,0.12,223.9,298.5,0.0,53.67,129.52,23.29,1013.5,64.03,62.84,11.3,5.569,0,MENOR_TX_NASC,PLANEJAMENTO,0,0,0,0,0,0,0,0,0,0,0,1,0,0,0,0,0,0,0,0,0,0,0,0.5,-3.72,INEXISTENTE,0.0,24.36,14.9,0.26,0.3,0.4,277.53
2024,17/07/2025,0.36,0.42,0.12,223.68,298.5,0.0,53.67,130.8,23.58,1021.5,64.48,62.93,11.34,5.5449,0,MENOR_TX_NASC,PLANEJAMENTO,0,0,0,0,0,0,0,0,0,0,0,1,0,0,0,0,0,0,0,0,0,0,0,0.5,-3.72,INEXISTENTE,0.0,24.97,14.9,0.26,0.3,0.4,277.82
2025,18/07/2025,0.36,0.42,0.12,223.55,296.75,0.0,53.12,131.45,23.53,1027.75,65.48,63.39,11.35,5.579,0,MENOR_TX_NASC,PLANEJAMENTO,0,0,0,0,0,0,0,0,0,0,0,1,0,0,0,0,0,0,0,0,0,0,0,0.5,-3.72,INEXISTENTE,0.0,25.01,14.9,0.26,0.3,0.4,274.7
2026,19/07/2025,0.36,0.42,0.12,,,0.0,,,,,,,,,0,MENOR_TX_NASC,PLANEJAMENTO,0,0,0,0,0,0,0,0,0,0,0,1,0,0,0,0,0,0,0,0,0,0,0,0.5,-3.72,INEXISTENTE,0.0,24.64,,,,,
2027,20/07/2025,0.36,0.42,0.12,,,0.0,,,,,,,,,0,MENOR_TX_NASC,PLANEJAMENTO,0,0,0,0,0,0,0,0,0,0,0,1,0,0,0,0,0,0,0,0,0,0,0,0.5,-3.72,INEXISTENTE,0.0,25.25,,,,,
2028,21/07/2025,0.36,0.42,0.12,225.23,293.9,0.0,52.78,130.83,23.5,1010.5,65.1,63.56,11.41,5.5671,0,MENOR_TX_NASC,PLANEJAMENTO,0,0,0,0,0,0,0,0,0,0,0,1,0,0,0,0,0,0,0,0,0,0,0,0.5,-3.72,INEXISTENTE,0.0,25.62,14.9,0.26,0.3,0.4,275.0
2029,22/07/2025,0.36,0.42,0.12,224.98,296.1,0.0,53.2,130.67,23.48,1008.0,65.28,64.02,11.5,5.5657,0,MENOR_TX_NASC,PLANEJAMENTO,0,0,0,0,0,0,0,0,0,0,0,1,0,0,0,0,0,0,0,0,0,0,0,0.5,-3.72,INEXISTENTE,0.0,26.17,14.9,0.26,0.3,0.4,274.64
2030,23/07/2025,0.36,0.42,0.12,227.02,296.1,0.0,53.2,131.78,23.86,1005.0,65.13,64.0,11.59,5.5212,0,MENOR_TX_NASC,PLANEJAMENTO,0,0,0,0,0,0,0,0,0,0,0,1,0,0,0,0,0,0,0,0,0,0,0,0.5,-3.72,INEXISTENTE,0.0,26.8,14.9,0.26,0.3,0.4,276.48
2031,24/07/2025,0.36,0.42,0.12,225.8,294.45,0.0,53.36,131.4,23.81,1005.75,65.78,64.11,11.62,5.5215,0,MENOR_TX_NASC,PLANEJAMENTO,0,0,0,0,0,0,0,0,0,0,0,1,0,0,0,0,0,0,0,0,0,0,0,0.5,-3.72,INEXISTENTE,0.0,26.82,14.9,0.26,0.3,0.4,277.18
2032,25/07/2025,0.36,0.42,0.12,226.48,291.8,0.0,52.42,131.21,23.57,1002.0,65.64,63.74,11.45,5.5633,0,MENOR_TX_NASC,PLANEJAMENTO,0,0,0,0,0,0,0,0,0,0,0,1,0,0,0,0,0,0,0,0,0,0,0,0.5,-3.72,INEXISTENTE,0.0,26.39,14.9,0.26,0.3,0.4,279.55
2033,26/07/2025,0.36,0.42,0.12,,,0.0,,,,,,,,,0,MENOR_TX_NASC,PLANEJAMENTO,0,0,0,0,0,0,0,0,0,0,0,1,0,0,0,0,0,0,0,0,0,0,0,0.5,-3.72,INEXISTENTE,0.0,26.75,,,,,
2034,27/07/2025,0.36,0.42,0.12,,,0.0,,,,,,,,,0,MENOR_TX_NASC,PLANEJAMENTO,0,0,0,0,0,0,0,0,0,0,0,1,0,0,0,0,0,0,0,0,0,0,0,0.5,-3.72,INEXISTENTE,0.0,26.58,,,,,
2035,28/07/2025,0.36,0.42,0.12,227.88,292.65,0.0,52.3,131.62,23.52,1011.5,65.05,63.7,11.38,5.5888,0,MENOR_TX_NASC,PLANEJAMENTO,0,0,0,0,0,0,0,0,0,0,0,1,0,0,0,0,0,0,0,0,0,0,0,0.5,-3.72,INEXISTENTE,0.0,26.17,14.9,0.26,0.3,0.4,274.12
2036,29/07/2025,0.36,0.42,0.12,229.73,294.5,0.0,52.88,131.62,23.63,1009.5,65.15,63.64,11.43,5.5747,0,MENOR_TX_NASC,PLANEJAMENTO,0,0,0,0,0,0,0,0,0,0,0,1,0,0,0,0,0,0,0,0,0,0,0,0.5,-3.72,INEXISTENTE,0.0,25.61,14.9,0.26,0.3,0.4,274.6
2037,30/07/2025,0.36,0.42,0.12,233.07,294.2,0.0,52.78,132.66,23.8,995.75,66.88,63.51,11.39,5.5695,0,MENOR_TX_NASC,PLANEJAMENTO,0,0,0,0,0,0,0,0,0,0,0,1,0,0,0,0,0,0,0,0,0,0,0,0.5,-3.72,INEXISTENTE,0.0,27.2,14.9,0.26,0.3,0.4,277.74
2038,31/07/2025,0.36,0.42,0.12,227.77,294.35,0.0,52.55,132.88,23.72,989.25,66.83,63.54,11.35,5.6015,0,MENOR_TX_NASC,PLANEJAMENTO,0,0,0,0,0,0,0,0,0,0,0,1,0,0,0,0,0,0,0,0,0,0,0,0.5,-3.72,INEXISTENTE,0.0,28.1,14.9,0.26,0.3,0.4,278.28
2039,01/08/2025,0.76,0.42,0.12,230.13,294.35,0.0,52.55,133.08,23.98,989.25,67.05,63.71,11.48,5.542,0,MENOR_TX_NASC,PLANEJAMENTO,0,0,0,0,0,0,0,0,0,0,0,0,0,0,0,0,0,0,0,0,0,0,0,0.0,-2.4,INEXISTENTE,0.0,27.19,14.9,-0.11,0.3,0.4,280.76
2040,02/08/2025,0.76,0.42,0.12,,,0.0,,,,,,,,,0,MENOR_TX_NASC,PLANEJAMENTO,0,0,0,0,0,0,0,0,0,0,0,0,0,0,0,0,0,0,0,0,0,0,0,0.0,-2.4,INEXISTENTE,0.0,27.08,,,,,
2041,03/08/2025,0.76,0.42,0.12,,,0.0,,,,,,,,,0,MENOR_TX_NASC,PLANEJAMENTO,0,0,0,0,0,0,0,0,0,0,0,0,0,0,0,0,0,0,0,0,0,0,0,0.0,-2.4,INEXISTENTE,0.0,25.65,,,,,
2042,04/08/2025,0.76,0.42,0.12,230.9,298.95,0.0,54.29,132.34,24.03,994.5,66.58,64.0,11.62,5.4988,0,MENOR_TX_NASC,PLANEJAMENTO,0,0,0,0,0,0,0,0,0,0,0,0,0,0,0,0,0,0,0,0,0,0,0,0.0,-2.4,INEXISTENTE,0.0,25.13,14.9,-0.11,0.3,0.4,287.1
2043,05/08/2025,0.76,0.42,0.12,234.27,301.0,0.0,54.66,133.32,24.21,990.75,65.74,64.01,11.62,5.5075,0,MENOR_TX_NASC,PLANEJAMENTO,0,0,0,0,0,0,0,0,0,0,0,0,0,0,0,0,0,0,0,0,0,0,0,0.0,-2.4,INEXISTENTE,0.0,25.7,14.9,-0.11,0.3,0.4,284.61
2044,06/08/2025,0.76,0.42,0.12,236.3,304.3,0.0,55.7,132.89,24.33,984.5,65.54,63.67,11.66,5.4632,0,MENOR_TX_NASC,PLANEJAMENTO,0,0,0,0,0,0,0,0,0,0,0,0,0,0,0,0,0,0,0,0,0,0,0,0.0,-2.4,INEXISTENTE,0.0,26.74,14.9,-0.11,0.3,0.4,281.35
2045,07/08/2025,0.76,0.42,0.12,238.75,305.3,0.0,56.17,132.17,24.32,993.75,65.83,63.58,11.7,5.4236,0,MENOR_TX_NASC,PLANEJAMENTO,0,0,0,0,0,0,0,0,0,0,0,0,0,0,0,0,0,0,0,0,0,0,0,0.0,-2.4,INEXISTENTE,0.0,27.48,14.9,-0.11,0.3,0.4,280.95
2046,08/08/2025,0.76,0.42,0.12,232.55,305.6,0.0,56.17,132.52,24.36,987.5,65.19,63.61,11.69,5.434,0,MENOR_TX_NASC,PLANEJAMENTO,0,0,0,0,0,0,0,0,0,0,0,0,0,0,1,0,0,0,0,0,0,0,0,0.5,-2.4,INEXISTENTE,0.0,27.16,14.9,-0.11,0.3,0.4,282.21
2047,09/08/2025,0.76,0.42,0.12,,,0.0,,,,,,,,,0,MENOR_TX_NASC,PLANEJAMENTO,0,0,0,0,0,0,0,0,0,0,0,0,0,0,1,0,0,0,0,0,0,0,0,0.5,-2.4,INEXISTENTE,0.0,27.06,,,,,
2048,10/08/2025,0.76,0.42,0.12,,,0.0,,,,,,,,,0,MENOR_TX_NASC,PLANEJAMENTO,0,0,0,0,0,0,0,0,0,0,0,0,0,1,1,0,0,0,0,0,0,0,0,1.5,-2.4,INEXISTENTE,0.0,26.78,,,,,
2049,11/08/2025,0.76,0.42,0.12,233.07,305.6,0.0,56.17,133.45,24.5,991.75,65.3,63.65,11.69,5.4424,0,MENOR_TX_NASC,PLANEJAMENTO,0,0,0,0,0,0,0,0,0,0,0,0,0,0,0,0,0,0,0,0,0,0,0,0.0,-2.4,INEXISTENTE,0.0,27.07,14.9,-0.11,0.3,0.4,285.75
2050,12/08/2025,0.76,0.42,0.12,235.82,309.85,0.0,57.49,133.2,24.71,1012.75,64.78,63.89,11.85,5.3895,0,MENOR_TX_NASC,PLANEJAMENTO,0,0,0,0,0,0,0,0,0,0,0,0,0,0,0,0,0,0,0,0,0,0,0,0.0,-2.4,INEXISTENTE,0.0,25.88,14.9,-0.11,0.3,0.4,275.88
2051,13/08/2025,0.76,0.42,0.12,235.55,308.7,0.0,57.12,133.77,24.75,1024.0,64.85,63.7,11.79,5.3991,0,MENOR_TX_NASC,PLANEJAMENTO,0,0,0,0,0,0,0,0,0,0,0,0,0,0,0,0,0,0,0,0,0,0,0,0.0,-2.4,INEXISTENTE,0.0,25.92,14.9,-0.11,0.3,0.4,273.92
2052,14/08/2025,0.76,0.42,0.12,233.35,308.9,0.0,57.02,133.31,24.61,1007.5,64.51,63.37,11.7,5.416,0,MENOR_TX_NASC,PLANEJAMENTO,0,0,0,0,0,0,0,0,0,0,0,0,0,0,0,0,0,0,0,0,0,0,0,0.0,-2.4,INEXISTENTE,0.0,25.92,14.9,-0.11,0.3,0.4,274.7
2053,15/08/2025,0.76,0.42,0.12,236.25,308.3,0.0,57.11,134.38,24.89,1042.5,64.75,63.26,11.72,5.4009,0,MENOR_TX_NASC,PLANEJAMENTO,0,0,0,0,0,0,0,0,0,0,0,0,0,0,0,0,0,0,0,0,0,0,0,0.0,-2.4,INEXISTENTE,0.0,28.1,14.9,-0.11,0.3,0.4,273.92
2054,16/08/2025,0.76,0.42,0.12,,,0.0,,,,,,,,,0,MENOR_TX_NASC,PLANEJAMENTO,0,0,0,0,0,0,0,0,0,0,0,0,0,0,0,0,0,0,0,0,0,0,0,0.0,-2.4,INEXISTENTE,0.0,28.28,,,,,
2055,17/08/2025,0.76,0.42,0.12,,,0.0,,,,,,,,,0,MENOR_TX_NASC,PLANEJAMENTO,0,0,0,0,0,0,0,0,0,0,0,0,0,0,0,0,0,0,0,0,0,0,0,0.0,-2.4,INEXISTENTE,0.0,28.2,,,,,
2056,18/08/2025,0.76,0.42,0.12,236.73,307.05,0.0,56.52,134.42,24.74,1041.25,65.74,63.33,11.66,5.4368,0,MENOR_TX_NASC,PLANEJAMENTO,0,0,0,0,0,0,0,0,0,0,0,0,0,0,0,0,0,0,0,0,0,0,0,0.0,-2.4,INEXISTENTE,0.0,28.21,14.9,-0.11,0.3,0.4,270.41
2057,19/08/2025,0.76,0.42,0.12,236.32,307.75,0.0,55.94,135.51,24.63,1033.75,66.25,63.83,11.6,5.504,0,MENOR_TX_NASC,PLANEJAMENTO,0,0,0,0,0,0,0,0,0,0,0,0,0,0,0,0,0,0,0,0,0,0,0,0.0,-2.4,INEXISTENTE,0.0,28.35,14.9,-0.11,0.3,0.4,271.49
2058,20/08/2025,0.76,0.42,0.12,238.52,310.55,0.0,56.74,136.29,24.9,1036.0,65.37,63.87,11.67,5.4829,0,MENOR_TX_NASC,PLANEJAMENTO,0,0,0,0,0,0,0,0,0,0,0,0,0,0,0,0,0,0,0,0,0,0,0,0.0,-2.4,INEXISTENTE,0.0,28.09,14.9,-0.11,0.3,0.4,274.61
2059,21/08/2025,0.76,0.42,0.12,238.65,310.75,0.0,56.71,136.83,24.97,1056.0,66.36,64.03,11.68,5.471,0,MENOR_TX_NASC,PLANEJAMENTO,0,0,0,0,0,0,0,0,0,0,0,0,0,0,0,0,0,0,0,0,0,0,0,0.0,-2.4,INEXISTENTE,0.0,27.68,14.9,-0.11,0.3,0.4,273.32
2060,22/08/2025,0.76,0.42,0.12,239.95,310.55,0.0,57.24,135.95,25.06,1058.5,66.16,64.05,11.81,5.4227,0,MENOR_TX_NASC,PLANEJAMENTO,0,0,0,0,0,0,0,0,0,0,0,0,0,0,0,0,0,0,0,0,0,0,0,0.0,-2.4,INEXISTENTE,0.0,26.08,14.9,-0.11,0.3,0.4,269.52
2061,23/08/2025,0.76,0.42,0.12,,,0.0,,,,,,,,,0,MENOR_TX_NASC,PLANEJAMENTO,0,0,0,0,0,0,0,0,0,0,0,0,0,0,0,0,0,0,0,0,0,0,0,0.0,-2.4,INEXISTENTE,0.0,26.88,,,,,
2062,24/08/2025,0.76,0.42,0.12,,,0.0,,,,,,,,,0,MENOR_TX_NASC,PLANEJAMENTO,0,0,0,0,0,0,0,0,0,0,0,0,0,0,0,0,0,0,0,0,0,0,0,0.0,-2.4,INEXISTENTE,0.0,27.42,,,,,
2063,25/08/2025,0.76,0.42,0.12,240.23,310.55,0.0,57.24,134.55,24.85,1047.75,65.99,64.32,11.88,5.4121,0,MENOR_TX_NASC,PLANEJAMENTO,0,0,0,0,0,0,0,0,0,0,0,0,0,0,0,0,0,0,0,0,0,0,0,0.0,-2.4,INEXISTENTE,0.0,27.6,14.9,-0.11,0.3,0.4,271.39
2064,26/08/2025,0.76,0.42,0.12,242.5,310.95,0.0,57.21,134.47,24.74,1049.5,66.12,64.34,11.84,5.4311,0,MENOR_TX_NASC,PLANEJAMENTO,0,0,0,0,0,0,0,0,0,0,0,0,0,0,0,0,0,0,0,0,0,0,0,0.0,-2.4,INEXISTENTE,0.0,28.24,14.9,-0.11,0.3,0.4,271.61
2065,26/08/2025,0.76,0.42,0.12,242.5,310.95,0.0,57.21,134.47,24.74,1049.5,66.12,64.34,11.84,5.4311,0,MENOR_TX_NASC,PLANEJAMENTO,0,0,0,0,0,0,0,0,0,0,0,0,0,0,0,0,0,0,0,0,0,0,0,0.0,-2.4,INEXISTENTE,0.0,28.24,14.9,-0.11,0.3,0.4,271.61
2066,26/08/2025,0.76,0.42,0.12,242.5,310.95,0.0,57.21,134.47,24.74,1049.5,66.12,64.34,11.84,5.4311,0,MENOR_TX_NASC,PLANEJAMENTO,0,0,0,0,0,0,0,0,0,0,0,0,0,0,0,0,0,0,0,0,0,0,0,0.0,-2.4,INEXISTENTE,0.0,28.24,14.9,-0.11,0.3,0.4,271.61
2067,26/08/2025,0.76,0.42,0.12,242.5,310.95,0.0,57.21,134.47,24.74,1049.5,66.12,64.34,11.84,5.4311,0,MENOR_TX_NASC,PLANEJAMENTO,0,0,0,0,0,0,0,0,0,0,0,0,0,0,0,0,0,0,0,0,0,0,0,0.0,-2.4,INEXISTENTE,0.0,28.24,14.9,-0.11,0.3,0.4,271.61
2068,26/08/2025,0.76,0.42,0.12,242.5,310.95,0.0,57.21,134.47,24.74,1049.5,66.12,64.34,11.84,5.4311,0,MENOR_TX_NASC,PLANEJAMENTO,0,0,0,0,0,0,0,0,0,0,0,0,0,0,0,0,0,0,0,0,0,0,0,0.0,-2.4,INEXISTENTE,0.0,28.24,14.9,-0.11,0.3,0.4,271.61
2069,26/08/2025,0.76,0.42,0.12,242.5,310.95,0.0,57.21,134.47,24.74,1049.5,66.12,64.34,11.84,5.4311,0,MENOR_TX_NASC,PLANEJAMENTO,0,0,0,0,0,0,0,0,0,0,0,0,0,0,0,0,0,0,0,0,0,0,0,0.0,-2.4,INEXISTENTE,0.0,28.24,14.9,-0.11,0.3,0.4,271.61
2070,26/08/2025,0.76,0.42,0.12,242.5,310.95,0.0,57.21,134.47,24.74,1049.5,66.12,64.34,11.84,5.4311,0,MENOR_TX_NASC,PLANEJAMENTO,0,0,0,0,0,0,0,0,0,0,0,0,0,0,0,0,0,0,0,0,0,0,0,0.0,-2.4,INEXISTENTE,0.0,28.24,14.9,-0.11,0.3,0.4,271.61
2071,26/08/2025,0.76,0.42,0.12,242.5,310.95,0.0,57.21,134.47,24.74,1049.5,66.12,64.34,11.84,5.4311,0,MENOR_TX_NASC,PLANEJAMENTO,0,0,0,0,0,0,0,0,0,0,0,0,0,0,0,0,0,0,0,0,0,0,0,0.0,-2.4,INEXISTENTE,0.0,28.24,14.9,-0.11,0.3,0.4,271.61
2072,26/08/2025,0.76,0.42,0.12,242.5,310.95,0.0,57.21,134.47,24.74,1049.5,66.12,64.34,11.84,5.4311,0,MENOR_TX_NASC,PLANEJAMENTO,0,0,0,0,0,0,0,0,0,0,0,0,0,0,0,0,0,0,0,0,0,0,0,0.0,-2.4,INEXISTENTE,0.0,28.24,14.9,-0.11,0.3,0.4,271.61
2073,26/08/2025,0.76,0.42,0.12,242.5,310.95,0.0,57.21,134.47,24.74,1049.5,66.12,64.34,11.84,5.4311,0,MENOR_TX_NASC,PLANEJAMENTO,0,0,0,0,0,0,0,0,0,0,0,0,0,0,0,0,0,0,0,0,0,0,0,0.0,-2.4,INEXISTENTE,0.0,28.24,14.9,-0.11,0.3,0.4,271.61
2074,26/08/2025,0.76,0.42,0.12,242.5,310.95,0.0,57.21,134.47,24.74,1049.5,66.12,64.34,11.84,5.4311,0,MENOR_TX_NASC,PLANEJAMENTO,0,0,0,0,0,0,0,0,0,0,0,0,0,0,0,0,0,0,0,0,0,0,0,0.0,-2.4,INEXISTENTE,0.0,28.24,14.9,-0.11,0.3,0.4,271.61
2075,26/08/2025,0.76,0.42,0.12,242.5,310.95,0.0,57.21,134.47,24.74,1049.5,66.12,64.34,11.84,5.4311,0,MENOR_TX_NASC,PLANEJAMENTO,0,0,0,0,0,0,0,0,0,0,0,0,0,0,0,0,0,0,0,0,0,0,0,0.0,-2.4,INEXISTENTE,0.0,28.24,14.9,-0.11,0.3,0.4,271.61
2076,26/08/2025,0.76,0.42,0.12,242.5,310.95,0.0,57.21,134.47,24.74,1049.5,66.12,64.34,11.84,5.4311,0,MENOR_TX_NASC,PLANEJAMENTO,0,0,0,0,0,0,0,0,0,0,0,0,0,0,0,0,0,0,0,0,0,0,0,0.0,-2.4,INEXISTENTE,0.0,28.24,14.9,-0.11,0.3,0.4,271.61
2077,26/08/2025,0.76,0.42,0.12,242.5,310.95,0.0,57.21,134.47,24.74,1049.5,66.12,64.34,11.84,5.4311,0,MENOR_TX_NASC,PLANEJAMENTO,0,0,0,0,0,0,0,0,0,0,0,0,0,0,0,0,0,0,0,0,0,0,0,0.0,-2.4,INEXISTENTE,0.0,28.24,14.9,-0.11,0.3,0.4,271.61
2078,26/08/2025,0.76,0.42,0.12,242.5,310.95,0.0,57.21,134.47,24.74,1049.5,66.12,64.34,11.84,5.4311,0,MENOR_TX_NASC,PLANEJAMENTO,0,0,0,0,0,0,0,0,0,0,0,0,0,0,0,0,0,0,0,0,0,0,0,0.0,-2.4,INEXISTENTE,0.0,28.24,14.9,-0.11,0.3,0.4,271.61
2079,26/08/2025,0.76,0.42,0.12,242.5,310.95,0.0,57.21,134.47,24.74,1049.5,66.12,64.34,11.84,5.4311,0,MENOR_TX_NASC,PLANEJAMENTO,0,0,0,0,0,0,0,0,0,0,0,0,0,0,0,0,0,0,0,0,0,0,0,0.0,-2.4,INEXISTENTE,0.0,28.24,14.9,-0.11,0.3,0.4,271.61
2080,26/08/2025,0.76,0.42,0.12,242.5,310.95,0.0,57.21,134.47,24.74,1049.5,66.12,64.34,11.84,5.4311,0,MENOR_TX_NASC,PLANEJAMENTO,0,0,0,0,0,0,0,0,0,0,0,0,0,0,0,0,0,0,0,0,0,0,0,0.0,-2.4,INEXISTENTE,0.0,28.24,14.9,-0.11,0.3,0.4,271.61
2081,26/08/2025,0.76,0.42,0.12,242.5,310.95,0.0,57.21,134.47,24.74,1049.5,66.12,64.34,11.84,5.4311,0,MENOR_TX_NASC,PLANEJAMENTO,0,0,0,0,0,0,0,0,0,0,0,0,0,0,0,0,0,0,0,0,0,0,0,0.0,-2.4,INEXISTENTE,0.0,28.24,14.9,-0.11,0.3,0.4,271.61
2082,27/08/2025,0.76,0.42,0.12,243.25,311.35,0.0,57.43,134.27,24.77,1047.5,65.77,64.49,11.9,5.4178,0,MENOR_TX_NASC,PLANEJAMENTO,0,0,0,0,0,0,0,0,0,0,0,0,0,0,0,0,0,0,0,0,0,0,0,0.0,-2.4,INEXISTENTE,0.0,28.84,14.9,-0.11,0.3,0.4,270.12
2083,28/08/2025,0.76,0.42,0.12,237.0,311.4,0.0,57.61,134.48,24.88,1048.0,65.12,64.26,11.89,5.4129,0,MENOR_TX_NASC,PLANEJAMENTO,0,0,0,0,0,0,0,0,0,0,0,0,0,0,0,0,0,0,0,0,0,0,0,0.0,-2.4,INEXISTENTE,0.0,28.84,14.9,-0.11,0.3,0.4,266.77
2084,29/08/2025,0.76,0.42,0.12,241.9,310.5,0.0,57.29,134.25,24.77,1054.5,65.49,64.29,11.86,5.4304,0,MENOR_TX_NASC,PLANEJAMENTO,0,0,0,0,0,0,0,0,0,0,0,0,0,0,0,0,0,0,0,0,0,0,0,0.0,-2.4,INEXISTENTE,0.0,29.31,14.9,-0.11,0.3,0.4,266.51
2085,30/08/2025,0.76,0.42,0.12,,,0.0,,,,,,,,,0,MENOR_TX_NASC,PLANEJAMENTO,0,0,0,0,0,0,0,0,0,0,0,0,0,0,0,0,0,0,0,0,0,0,0,0.0,-2.4,INEXISTENTE,0.0,28.93,,,,,
2086,31/08/2025,0.76,0.42,0.12,,,0.0,,,,,,,,,0,MENOR_TX_NASC,PLANEJAMENTO,0,0,0,0,0,0,0,0,0,0,0,0,0,0,0,0,0,0,0,0,0,0,0,0.0,-2.4,INEXISTENTE,0.0,29.07,,,,,
2087,01/09/2025,0.76,0.42,0.12,,,0.0,,,,,,,,,0,MENOR_TX_NASC,ENTRESAFRA,0,0,0,0,0,0,0,0,0,0,0,0,0,0,0,0,0,0,0,0,0,0,0,0.0,-3.85,INEXISTENTE,0.0,29.83,14.9,0.48,0.3,0.4,
2088,02/09/2025,0.76,0.42,0.12,239.52,313.65,0.0,57.29,134.41,24.55,1041.0,64.95,64.53,11.79,5.465,0,MENOR_TX_NASC,ENTRESAFRA,0,0,0,0,0,0,0,0,0,0,0,0,0,0,0,0,0,0,0,0,0,0,0,0.0,-3.85,INEXISTENTE,0.0,28.63,14.9,0.48,0.3,0.4,265.4
2089,03/09/2025,0.76,0.42,0.12,238.32,313.4,0.0,57.42,135.04,24.74,1031.5,65.31,64.58,11.83,5.4516,0,MENOR_TX_NASC,ENTRESAFRA,0,0,0,0,0,0,0,0,0,0,0,0,0,0,0,0,0,0,0,0,0,0,0,0.0,-3.85,INEXISTENTE,0.0,28.23,14.9,0.48,0.3,0.4,269.35
2090,04/09/2025,0.76,0.42,0.12,236.95,313.4,0.0,57.42,135.11,24.81,1033.0,65.39,64.7,11.88,5.4462,0,MENOR_TX_NASC,ENTRESAFRA,0,0,0,0,0,0,0,0,0,0,0,0,0,0,0,0,0,0,0,0,0,0,0,0.0,-3.85,INEXISTENTE,0.0,27.95,14.9,0.48,0.3,0.4,267.43
2091,05/09/2025,0.76,0.42,0.12,235.98,312.1,0.0,57.66,134.75,24.89,1027.0,65.37,64.78,11.97,5.4134,0,MENOR_TX_NASC,ENTRESAFRA,0,0,0,0,0,0,0,0,0,0,0,0,0,0,0,0,0,0,0,0,0,0,0,0.0,-3.85,INEXISTENTE,0.0,28.3,14.9,0.48,0.3,0.4,261.94
2092,06/09/2025,0.76,0.42,0.12,,,0.0,,,,,,,,,0,MENOR_TX_NASC,ENTRESAFRA,0,0,0,0,0,0,0,0,0,0,0,0,0,0,0,0,1,0,0,0,0,0,0,0.5,-3.85,INEXISTENTE,0.0,28.9,,,,,
2093,07/09/2025,0.76,0.42,0.12,,,0.0,,,,,,,,,0,MENOR_TX_NASC,ENTRESAFRA,0,0,0,0,0,0,0,0,0,0,0,0,0,0,0,1,1,0,0,0,0,0,0,1.5,-3.85,INEXISTENTE,0.0,29.48,,,,,
2094,08/09/2025,0.76,0.42,0.12,235.8,312.25,0.0,57.62,135.35,24.98,1013.5,65.39,64.82,11.96,5.4196,0,MENOR_TX_NASC,ENTRESAFRA,0,0,0,0,0,0,0,0,0,0,0,0,0,0,0,0,1,0,0,0,0,0,0,0.5,-3.85,INEXISTENTE,0.0,29.43,14.9,0.48,0.3,0.4,262.58
2095,09/09/2025,0.76,0.42,0.12,230.18,311.7,0.0,57.36,135.69,24.97,1011.5,65.47,65.15,11.99,5.4398,0,MENOR_TX_NASC,ENTRESAFRA,0,0,0,0,0,0,0,0,0,0,0,0,0,0,0,0,0,0,0,0,0,0,0,0.0,-3.85,INEXISTENTE,0.0,28.83,14.9,0.48,0.3,0.4,261.53
2096,10/09/2025,0.76,0.42,0.12,231.15,311.65,0.0,57.63,135.38,25.03,1005.5,65.37,65.07,12.03,5.4087,0,MENOR_TX_NASC,ENTRESAFRA,0,0,0,0,0,0,0,0,0,0,0,0,0,0,0,0,0,0,0,0,0,0,0,0.0,-3.85,INEXISTENTE,0.0,30.17,14.9,0.48,0.3,0.4,259.91
2097,11/09/2025,0.76,0.42,0.12,232.27,310.75,0.0,57.61,135.37,25.1,1015.25,65.19,64.97,12.04,5.3903,0,MENOR_TX_NASC,ENTRESAFRA,0,0,0,0,0,0,0,0,0,0,0,0,0,0,0,0,0,0,0,0,0,0,0,0.0,-3.85,INEXISTENTE,0.0,30.49,14.9,0.48,0.3,0.4,262.38
2098,12/09/2025,0.76,0.42,0.12,229.98,310.75,0.0,57.61,134.98,25.21,1025.75,65.12,65.03,12.14,5.3549,0,MENOR_TX_NASC,ENTRESAFRA,0,0,0,0,0,0,0,0,0,0,0,0,0,0,0,0,0,0,0,0,0,0,0,0.0,-3.85,INEXISTENTE,0.0,30.33,14.9,0.48,0.3,0.4,262.3
2099,13/09/2025,0.76,0.42,0.12,,,0.0,,,,,,,,,0,MENOR_TX_NASC,ENTRESAFRA,0,0,0,0,0,0,0,0,0,0,0,0,0,0,0,0,0,0,0,0,0,0,0,0.0,-3.85,INEXISTENTE,0.0,29.14,,,,,
2100,14/09/2025,0.76,0.42,0.12,,,0.0,,,,,,,,,0,MENOR_TX_NASC,ENTRESAFRA,0,0,0,0,0,0,0,0,0,0,0,0,0,0,0,0,0,0,0,0,0,0,0,0.0,-3.85,INEXISTENTE,0.0,27.93,,,,,
2101,15/09/2025,0.76,0.42,0.12,234.6,307.9,0.0,57.9,135.13,25.41,1042.75,65.03,65.08,12.24,5.3168,0,MENOR_TX_NASC,ENTRESAFRA,0,0,0,0,0,0,0,0,0,0,0,0,0,0,0,0,0,0,0,0,0,0,0,0.0,-3.85,INEXISTENTE,0.0,29.01,14.9,0.48,0.3,0.4,258.83
2102,16/09/2025,0.76,0.42,0.12,233.45,307.05,0.0,57.96,134.12,25.32,1049.75,67.5,65.19,12.3,5.2972,0,MENOR_TX_NASC,ENTRESAFRA,0,0,0,0,0,0,0,0,0,0,0,0,0,0,0,0,0,0,0,0,0,0,0,0.0,-3.85,INEXISTENTE,0.0,29.8,14.9,0.48,0.3,0.4,259.83
2103,17/09/2025,0.76,0.42,0.12,231.1,305.1,0.0,57.58,134.48,25.38,230300.0,67.18,65.36,12.33,5.3059,0,MENOR_TX_NASC,ENTRESAFRA,0,0,0,0,0,0,0,0,0,0,0,0,0,0,0,0,0,0,0,0,0,0,0,0.0,-3.85,INEXISTENTE,0.0,29.9,14.9,0.48,0.3,0.4,262.4
2104,18/09/2025,0.76,0.42,0.12,232.38,305.2,0.0,57.48,134.18,25.27,228700.0,67.27,65.33,12.3,5.3138,0,MENOR_TX_NASC,ENTRESAFRA,0,0,0,0,0,0,0,0,0,0,0,0,0,0,0,0,0,0,0,0,0,0,0,0.0,-3.85,INEXISTENTE,0.0,30.85,14.9,0.48,0.3,0.4,260.59
2105,19/09/2025,0.76,0.42,0.12,233.58,304.1,0.0,57.16,133.69,25.13,226100.0,67.34,65.32,12.28,5.3238,0,MENOR_TX_NASC,ENTRESAFRA,0,0,0,0,0,0,0,0,0,0,0,0,0,0,0,0,0,0,0,0,0,0,0,0.0,-3.85,INEXISTENTE,0.0,28.45,14.9,0.48,0.3,0.4,261.53
2106,20/09/2025,0.76,0.42,0.12,,,0.0,,,,,,,,,0,MENOR_TX_NASC,ENTRESAFRA,0,0,0,0,0,0,0,0,0,0,0,0,0,0,0,0,0,0,0,0,0,0,0,0.0,-3.85,INEXISTENTE,0.0,29.15,,,,,
2107,21/09/2025,0.76,0.42,0.12,,,0.0,,,,,,,,,0,MENOR_TX_NASC,ENTRESAFRA,0,0,0,0,0,0,0,0,0,0,0,0,0,0,0,0,0,0,0,0,0,0,0,0.0,-3.85,INEXISTENTE,0.0,29.61,,,,,
2108,22/09/2025,0.76,0.42,0.12,237.23,304.45,0.0,57.05,132.16,24.76,222900.0,66.57,64.75,12.13,5.3353,0,MENOR_TX_NASC,ENTRESAFRA,0,0,0,0,0,0,0,0,0,0,0,0,0,0,0,0,0,0,0,0,0,0,0,0.0,-3.85,INEXISTENTE,27.6,27.63,14.9,0.48,0.3,0.4,261.08
2109,23/09/2025,0.76,0.42,0.12,235.6,304.45,0.0,57.05,129.13,24.43,223100.0,66.44,64.32,12.17,5.285,0,MENOR_TX_NASC,ENTRESAFRA,0,0,0,0,0,0,0,0,0,0,0,0,0,0,0,0,0,0,0,0,0,0,0,0.0,-3.85,INEXISTENTE,0.2,25.23,14.9,0.48,0.3,0.4,261.96
2110,24/09/2025,0.76,0.42,0.12,234.05,301.8,0.0,56.65,128.08,24.04,222400.0,66.12,64.33,12.08,5.327,0,MENOR_TX_NASC,ENTRESAFRA,0,0,0,0,0,0,0,0,0,0,0,0,0,0,0,0,0,0,0,0,0,0,0,0.0,-3.85,INEXISTENTE,0.2,28.01,14.9,0.48,0.3,0.4,264.43
2111,25/09/2025,0.76,0.42,0.12,232.05,302.0,0.0,56.26,128.29,23.9,223200.0,66.52,64.36,11.99,5.368,0,MENOR_TX_NASC,ENTRESAFRA,0,0,0,0,0,0,0,0,0,0,0,0,0,0,0,0,0,0,0,0,0,0,0,0.0,-3.85,INEXISTENTE,0.0,29.28,14.9,0.48,0.3,0.4,268.73
2112,26/09/2025,0.76,0.42,0.12,231.8,302.95,0.0,56.73,129.22,24.2,223500.0,66.22,64.34,12.05,5.34,0,MENOR_TX_NASC,ENTRESAFRA,0,0,0,0,0,0,0,0,0,0,0,0,0,0,0,0,0,0,0,0,0,0,0,0.0,-3.85,INEXISTENTE,0.0,30.7,14.9,0.48,0.3,0.4,270.28
2113,27/09/2025,0.76,0.42,0.12,,,0.0,,,,,,,,,0,MENOR_TX_NASC,ENTRESAFRA,0,0,0,0,0,0,0,0,0,0,0,0,0,0,0,0,0,0,0,0,0,0,0,0.0,-3.85,INEXISTENTE,27.6,30.4,,,,,
2114,28/09/2025,0.76,0.42,0.12,,,0.0,,,,,,,,,0,MENOR_TX_NASC,ENTRESAFRA,0,0,0,0,0,0,0,0,0,0,0,0,0,0,0,0,0,0,0,0,0,0,0,0.0,-3.85,INEXISTENTE,0.0,30.4,,,,,
2115,29/09/2025,0.76,0.42,0.12,231.32,303.95,0.0,57.15,129.01,24.26,222800.0,66.11,64.36,12.1,5.318,0,MENOR_TX_NASC,ENTRESAFRA,0,0,0,0,0,0,0,0,0,0,0,0,0,0,0,0,0,0,0,0,0,0,0,0.0,-3.85,INEXISTENTE,0.0,30.48,14.9,0.48,0.3,0.4,272.24
2116,30/09/2025,0.76,0.42,0.12,231.85,304.1,0.0,57.12,128.88,24.21,220800.0,65.28,64.26,12.07,5.324,0,MENOR_TX_NASC,ENTRESAFRA,0,0,0,0,0,0,0,0,0,0,0,0,0,0,0,0,0,0,0,0,0,0,0,0.0,-3.85,INEXISTENTE,0.0,30.92,14.9,0.48,0.3,0.4,270.19
2117,01/10/2025,0.76,0.42,0.12,231.1,305.6,0.0,57.43,128.76,24.2,223300.0,65.51,64.31,12.09,5.321,0,ESTACAO_MONTA,ENTRESAFRA,0,0,0,0,0,0,0,0,0,0,0,0,0,0,0,0,0,0,0,0,0,0,0,0.0,1.97,INEXISTENTE,0.0,29.63,14.9,0.09,0.4,-2.5,265.84
2118,02/10/2025,0.76,0.42,0.12,230.52,305.8,0.0,57.27,130.27,24.4,225700.0,65.71,64.57,12.09,5.34,0,ESTACAO_MONTA,ENTRESAFRA,0,0,0,0,0,0,0,0,0,0,0,0,0,0,0,0,0,0,0,0,0,0,0,0.0,1.97,INEXISTENTE,0.0,29.96,14.9,0.09,0.4,-2.5,265.43
2119,03/10/2025,0.76,0.42,0.12,231.02,307.35,0.0,57.66,131.3,24.64,224100.0,65.98,64.77,12.15,5.33,0,ESTACAO_MONTA,ENTRESAFRA,0,0,0,0,0,0,0,0,0,0,0,0,0,0,0,0,0,0,0,0,0,0,0,0.0,1.97,INEXISTENTE,0.0,29.8,14.9,0.09,0.4,-2.5,264.67
2120,04/10/2025,0.76,0.42,0.12,,,0.0,,,,,,,,,0,ESTACAO_MONTA,ENTRESAFRA,0,0,0,0,0,0,0,0,0,0,0,0,0,0,0,0,0,0,0,0,0,0,0,0.0,1.97,INEXISTENTE,0.0,30.11,,,,,
2121,05/10/2025,0.76,0.42,0.12,,,0.0,,,,,,,,,0,ESTACAO_MONTA,ENTRESAFRA,0,0,0,0,0,0,0,0,0,0,0,0,0,0,0,0,0,0,0,0,0,0,0,0.0,1.97,INEXISTENTE,0.0,29.7,,,,,
2122,06/10/2025,0.76,0.42,0.12,231.88,307.35,0.0,57.66,131.47,24.75,224400.0,66.36,64.93,12.22,5.311,0,ESTACAO_MONTA,ENTRESAFRA,0,0,0,0,0,0,0,0,0,0,0,0,0,0,0,0,0,0,0,0,0,0,0,0.0,1.97,INEXISTENTE,0.0,30.63,14.9,0.09,0.4,-2.5,262.05
2123,07/10/2025,0.76,0.42,0.12,233.1,306.5,0.0,57.31,131.29,24.55,225100.0,66.4,65.09,12.17,5.348,0,ESTACAO_MONTA,ENTRESAFRA,0,0,0,0,0,0,0,0,0,0,0,0,0,0,0,0,0,0,0,0,0,0,0,0.0,1.97,INEXISTENTE,0.0,30.73,14.9,0.09,0.4,-2.5,263.6
2124,08/10/2025,0.76,0.42,0.12,233.85,307.6,0.0,57.56,131.9,24.68,227000.0,66.6,65.3,12.22,5.344,0,ESTACAO_MONTA,ENTRESAFRA,0,0,0,0,0,0,0,0,0,0,0,0,0,0,0,0,0,0,0,0,0,0,0,0.0,1.97,INEXISTENTE,2.2,30.68,14.9,0.09,0.4,-2.5,264.94
2125,09/10/2025,0.76,0.42,0.12,235.02,307.95,0.0,57.26,131.95,24.53,225100.0,67.24,65.19,12.12,5.378,0,ESTACAO_MONTA,ENTRESAFRA,0,0,0,0,0,0,0,0,0,0,0,0,0,0,0,0,0,0,0,0,0,0,0,0.0,1.97,INEXISTENTE,0.2,27.27,14.9,0.09,0.4,-2.5,268.84
2126,10/10/2025,0.76,0.42,0.12,238.48,307.95,0.0,57.26,132.68,24.13,222000.0,67.88,65.21,11.86,5.499,0,ESTACAO_MONTA,ENTRESAFRA,0,0,0,0,0,0,0,0,0,0,0,0,0,0,0,0,0,0,0,0,0,0,0,0.0,1.97,INEXISTENTE,0.0,28.16,14.9,0.09,0.4,-2.5,271.45
2127,11/10/2025,0.76,0.42,0.12,,,0.0,,,,,,,,,0,ESTACAO_MONTA,ENTRESAFRA,0,0,0,0,0,0,0,0,0,0,0,0,0,0,0,0,0,0,0,0,0,0,0,0.0,1.97,INEXISTENTE,0.2,27.88,,,,,
2128,12/10/2025,0.76,0.42,0.12,,,0.0,,,,,,,,,0,ESTACAO_MONTA,ENTRESAFRA,0,0,0,0,0,0,0,0,0,0,0,0,0,0,0,0,0,1,0,0,0,0,0,0.5,1.97,INEXISTENTE,1.4,25.12,,,,,
2129,13/10/2025,0.76,0.42,0.12,240.57,308.3,0.0,56.49,133.44,24.45,222200.0,67.23,65.15,11.94,5.458,0,ESTACAO_MONTA,ENTRESAFRA,0,0,0,0,0,0,0,0,0,0,0,0,0,0,0,0,0,0,0,0,0,0,0,0.0,1.97,INEXISTENTE,0.0,28.51,14.9,0.09,0.4,-2.5,271.28
2130,14/10/2025,0.76,0.42,0.12,241.82,308.7,0.0,56.48,133.29,24.38,221900.0,67.8,64.98,11.89,5.466,0,ESTACAO_MONTA,ENTRESAFRA,0,0,0,0,0,0,0,0,0,0,0,0,0,0,0,0,0,0,0,0,0,0,0,0.0,1.97,INEXISTENTE,0.4,28.63,14.9,0.09,0.4,-2.5,267.18
2131,15/10/2025,0.76,0.42,0.12,242.18,309.15,0.0,56.65,133.23,24.41,221900.0,67.51,64.96,11.9,5.457,0,ESTACAO_MONTA,ENTRESAFRA,0,0,0,0,0,0,0,0,0,0,0,0,0,0,0,0,0,0,0,0,0,0,0,0.0,1.97,INEXISTENTE,3.2,28.17,14.9,0.09,0.4,-2.5,268.15
2132,16/10/2025,0.76,0.42,0.12,243.95,309.15,0.0,56.65,132.96,24.41,222800.0,67.93,65.12,11.96,5.447,0,ESTACAO_MONTA,ENTRESAFRA,0,0,0,0,0,0,0,0,0,0,0,0,0,0,0,0,0,0,0,0,0,0,0,0.0,1.97,INEXISTENTE,0.0,29.61,14.9,0.09,0.4,-2.5,262.51
2133,17/10/2025,0.76,0.42,0.12,240.25,309.7,0.0,57.29,133.56,24.71,224800.0,68.4,65.53,12.12,5.406,0,ESTACAO_MONTA,ENTRESAFRA,0,0,0,0,0,0,0,0,0,0,0,0,0,0,0,0,0,0,0,0,0,0,0,0.0,1.97,INEXISTENTE,0.0,29.98,14.9,0.09,0.4,-2.5,267.93
2134,18/10/2025,0.76,0.42,0.12,,,0.0,,,,,,,,,0,ESTACAO_MONTA,ENTRESAFRA,0,0,0,0,0,0,0,0,0,0,0,0,0,0,0,0,0,0,0,0,0,0,0,0.0,1.97,INEXISTENTE,0.8,29.44,,,,,
2135,19/10/2025,0.76,0.42,0.12,,,0.0,,,,,,,,,0,ESTACAO_MONTA,ENTRESAFRA,0,0,0,0,0,0,0,0,0,0,0,0,0,0,0,0,0,0,0,0,0,0,0,0.0,1.97,INEXISTENTE,1.8,26.59,,,,,
2136,20/10/2025,0.76,0.42,0.12,241.85,310.2,0.0,57.73,133.01,24.75,227500.0,68.95,65.49,12.19,5.373,0,ESTACAO_MONTA,ENTRESAFRA,0,0,0,0,0,0,0,0,0,0,0,0,0,0,0,0,0,0,0,0,0,0,0,0.0,1.97,INEXISTENTE,10.8,25.18,14.9,0.09,0.4,-2.5,267.62
2137,21/10/2025,0.76,0.42,0.12,243.68,310.9,0.0,57.69,132.95,24.67,227400.0,68.5,65.61,12.17,5.389,0,ESTACAO_MONTA,ENTRESAFRA,0,0,0,0,0,0,0,0,0,0,0,0,0,0,0,0,0,0,0,0,0,0,0,0.0,1.97,INEXISTENTE,0.0,27.04,14.9,0.09,0.4,-2.5,268.61
2138,22/10/2025,0.76,0.42,0.12,239.05,311.4,0.0,57.66,133.24,24.67,228100.0,68.53,65.47,12.12,5.401,0,ESTACAO_MONTA,ENTRESAFRA,0,0,0,0,0,0,0,0,0,0,0,0,0,0,0,0,0,0,0,0,0,0,0,0.0,1.97,INEXISTENTE,4.4,26.5,14.9,0.09,0.4,-2.5,267.81
2139,23/10/2025,0.76,0.42,0.12,239.73,311.4,0.0,57.66,133.45,24.78,230000.0,67.26,65.63,12.19,5.386,0,ESTACAO_MONTA,ENTRESAFRA,0,0,0,0,0,0,0,0,0,0,0,0,0,0,0,0,0,0,0,0,0,0,0,0.0,1.97,INEXISTENTE,0.0,28.26,14.9,0.09,0.4,-2.5,268.9
2140,24/10/2025,0.76,0.42,0.12,233.75,313.15,0.0,58.08,133.44,24.75,229700.0,67.19,65.66,12.18,5.392,0,ESTACAO_MONTA,ENTRESAFRA,0,0,0,0,0,0,0,0,0,0,0,0,0,0,0,0,0,0,0,0,0,0,0,0.0,1.97,INEXISTENTE,0.0,29.39,14.9,0.09,0.4,-2.5,269.54
2141,25/10/2025,0.76,0.42,0.12,,,0.0,,,,,,,,,0,ESTACAO_MONTA,ENTRESAFRA,0,0,0,0,0,0,0,0,0,0,0,0,0,0,0,0,0,0,0,0,0,0,0,0.0,1.97,INEXISTENTE,0.0,30.01,,,,,
2142,26/10/2025,0.76,0.42,0.12,,,0.0,,,,,,,,,0,ESTACAO_MONTA,ENTRESAFRA,0,0,0,0,0,0,0,0,0,0,0,0,0,0,0,0,0,0,0,0,0,0,0,0.0,1.97,INEXISTENTE,0.0,30.07,,,,,
2143,27/10/2025,0.76,0.42,0.12,228.82,313.35,0.0,58.33,133.76,24.9,235300.0,67.91,65.71,12.23,5.372,0,ESTACAO_MONTA,ENTRESAFRA,0,0,0,0,0,0,0,0,0,0,0,0,0,0,0,0,0,0,0,0,0,0,0,0.0,1.97,INEXISTENTE,0.0,30.06,14.9,0.09,0.4,-2.5,271.09
2144,28/10/2025,0.76,0.42,0.12,227.5,314.65,0.0,58.7,134.36,25.07,237700.0,67.52,65.84,12.28,5.36,0,ESTACAO_MONTA,ENTRESAFRA,0,0,0,0,0,0,0,0,0,0,0,0,0,0,0,0,0,0,0,0,0,0,0,0.0,1.97,INEXISTENTE,0.0,31.02,14.9,0.09,0.4,-2.5,266.33
2145,29/10/2025,0.76,0.42,0.12,231.4,317.9,0.0,59.24,133.43,24.87,238200.0,68.41,66.03,12.31,5.366,0,ESTACAO_MONTA,ENTRESAFRA,0,0,0,0,0,0,0,0,0,0,0,0,0,0,0,0,0,0,0,0,0,0,0,0.0,1.97,INEXISTENTE,0.0,31.37,14.9,0.09,0.4,-2.5,261.53
2146,30/10/2025,0.76,0.42,0.12,235.27,318.85,0.0,59.29,133.84,24.89,240600.0,67.71,66.24,12.32,5.378,0,ESTACAO_MONTA,ENTRESAFRA,0,0,0,0,0,0,0,0,0,0,0,0,0,0,0,0,0,0,0,0,0,0,0,0.0,1.97,INEXISTENTE,0.0,30.85,14.9,0.09,0.4,-2.5,262.89
2147,31/10/2025,0.76,0.42,0.12,236.6,318.85,0.0,59.29,133.58,24.82,245900.0,68.0,66.15,12.29,5.381,0,ESTACAO_MONTA,ENTRESAFRA,0,0,0,0,0,0,0,0,0,0,0,0,0,0,0,0,0,0,0,0,0,0,0,0.0,1.97,INEXISTENTE,0.0,29.54,14.9,0.09,0.4,-2.5,265.49
2148,01/11/2025,0.76,0.42,0.12,,,0.0,,,,,,,,,0,ESTACAO_MONTA,SAFRA,0,0,0,0,0,0,0,0,0,0,0,0,0,0,0,0,0,0,0,0,0,0,0,0.0,1.43,INEXISTENTE,21.6,28.77,,,,,
2149,02/11/2025,0.76,0.42,0.12,,,0.0,,,,,,,,,0,ESTACAO_MONTA,SAFRA,0,0,0,0,0,0,0,0,0,0,0,0,0,0,0,0,0,0,1,1,0,0,0,1.5,1.43,INEXISTENTE,0.2,27.92,,,,,
2150,03/11/2025,0.76,0.42,0.12,232.2,320.2,0.0,59.78,134.07,25.03,250100.0,68.35,66.43,12.4,5.356,0,ESTACAO_MONTA,SAFRA,0,0,0,0,0,0,0,0,0,0,0,0,0,0,0,0,0,0,0,0,0,0,0,0.0,1.43,INEXISTENTE,0.0,27.15,14.9,0.18,0.4,-2.5,264.16
2151,04/11/2025,0.76,0.42,0.12,227.77,322.55,0.0,59.75,134.47,24.91,247200.0,68.04,66.69,12.35,5.398,0,ESTACAO_MONTA,SAFRA,0,0,0,0,0,0,0,0,0,0,0,0,0,0,0,0,0,0,0,0,0,0,0,0.0,1.43,INEXISTENTE,13.0,25.91,14.9,0.18,0.4,-2.5,267.85
2152,05/11/2025,0.76,0.42,0.12,220.52,323.4,0.0,60.35,134.17,25.04,250100.0,68.44,66.8,12.46,5.359,0,ESTACAO_MONTA,SAFRA,0,0,0,0,0,0,0,0,0,0,0,0,0,0,0,0,0,0,0,0,0,0,0,0.0,1.43,INEXISTENTE,3.6,29.01,14.9,0.18,0.4,-2.5,268.0
2153,06/11/2025,0.76,0.42,0.12,218.77,323.7,0.0,60.53,133.61,24.98,244200.0,68.22,66.85,12.5,5.348,0,ESTACAO_MONTA,SAFRA,0,0,0,0,0,0,0,0,0,0,0,0,0,0,0,0,0,0,0,0,0,0,0,0.0,1.43,INEXISTENTE,1.2,27.89,14.9,0.18,0.4,-2.5,271.42
2154,07/11/2025,0.76,0.42,0.12,221.35,323.7,0.0,60.53,133.71,25.05,246300.0,67.72,67.08,12.57,5.338,0,ESTACAO_MONTA,SAFRA,0,0,0,0,0,0,0,0,0,0,0,0,0,0,0,0,0,0,0,0,0,0,0,0.0,1.43,INEXISTENTE,0.0,25.5,14.9,0.18,0.4,-2.5,276.5
2155,08/11/2025,0.76,0.42,0.12,,,0.0,,,,,,,,,0,ESTACAO_MONTA,SAFRA,0,0,0,0,0,0,0,0,0,0,0,0,0,0,0,0,0,0,0,0,0,0,0,0.0,1.43,INEXISTENTE,7.4,26.8,,,,,
2156,09/11/2025,0.76,0.42,0.12,,,0.0,,,,,,,,,0,ESTACAO_MONTA,SAFRA,0,0,0,0,0,0,0,0,0,0,0,0,0,0,0,0,0,0,0,0,0,0,0,0.0,1.43,INEXISTENTE,0.2,28.31,,,,,
2157,10/11/2025,0.76,0.42,0.12,228.55,322.65,0.0,60.8,133.98,25.25,249100.0,67.76,67.31,12.68,5.307,0,ESTACAO_MONTA,SAFRA,0,0,0,0,0,0,0,0,0,0,0,0,0,0,0,0,0,0,0,0,0,0,0,0.0,1.43,INEXISTENTE,19.4,29.18,14.9,0.18,0.4,-2.5,277.28
2158,11/11/2025,0.76,0.42,0.12,227.2,322.15,0.0,61.13,133.95,25.42,248500.0,67.74,67.34,12.78,5.27,0,ESTACAO_MONTA,SAFRA,0,0,0,0,0,0,0,0,0,0,0,0,0,0,0,0,0,0,0,0,0,0,0,0.0,1.43,INEXISTENTE,6.0,26.55,14.9,0.18,0.4,-2.5,278.84
2159,12/11/2025,0.76,0.42,0.12,225.27,321.85,0.0,60.81,133.94,25.3,249900.0,67.89,67.36,12.73,5.293,0,ESTACAO_MONTA,SAFRA,0,0,0,0,0,0,0,0,0,0,0,0,0,0,0,0,0,0,0,0,0,0,0,0.0,1.43,INEXISTENTE,7.8,26.67,14.9,0.18,0.4,-2.5,279.58
2160,13/11/2025,0.76,0.42,0.12,219.0,322.45,0.0,60.87,134.31,25.36,252900.0,67.75,67.46,12.73,5.297,0,ESTACAO_MONTA,SAFRA,0,0,0,0,0,0,0,0,0,0,0,0,0,0,0,0,0,0,0,0,0,0,0,0.0,1.43,INEXISTENTE,0.0,26.73,14.9,0.18,0.4,-2.5,283.54
2161,14/11/2025,0.76,0.42,0.12,219.15,322.65,0.0,60.89,134.57,25.39,247900.0,67.69,67.52,12.74,5.299,0,ESTACAO_MONTA,SAFRA,0,0,0,0,0,0,0,0,0,0,0,0,0,0,0,0,0,0,0,0,0,0,0,0.0,1.43,INEXISTENTE,0.0,29.52,14.9,0.18,0.4,-2.5,285.04
2162,15/11/2025,0.76,0.42,0.12,,,0.0,,,,,,,,,0,ESTACAO_MONTA,SAFRA,0,0,0,0,0,0,0,0,0,0,0,0,0,0,0,0,0,0,0,0,0,0,0,0.0,1.43,INEXISTENTE,0.0,30.2,,,,,
2163,16/11/2025,0.76,0.42,0.12,,,0.0,,,,,,,,,0,ESTACAO_MONTA,SAFRA,0,0,0,0,0,0,0,0,0,0,0,0,0,0,0,0,0,0,0,0,0,0,0,0.0,1.43,INEXISTENTE,0.0,29.58,,,,,
2164,17/11/2025,0.76,0.42,0.12,221.27,321.35,0.0,60.34,134.92,25.33,255200.0,67.53,67.62,12.7,5.326,0,ESTACAO_MONTA,SAFRA,0,0,0,0,0,0,0,0,0,0,0,0,0,0,0,0,0,0,0,0,0,0,0,0.0,1.43,INEXISTENTE,14.2,28.9,14.9,0.18,0.4,-2.5,279.13
2165,18/11/2025,0.76,0.42,0.12,220.02,321.25,0.0,60.41,135.44,25.47,253900.0,71.27,67.61,12.71,5.318,0,ESTACAO_MONTA,SAFRA,0,0,0,0,0,0,0,0,0,0,0,0,0,0,0,0,0,0,0,0,0,0,0,0.0,1.43,INEXISTENTE,4.6,27.11,14.9,0.18,0.4,-2.5,279.28
2166,19/11/2025,0.76,0.42,0.12,216.3,321.5,0.0,60.23,135.85,25.45,250500.0,70.89,67.64,12.67,5.338,0,ESTACAO_MONTA,SAFRA,0,0,0,0,0,0,0,0,0,0,0,0,0,0,0,0,0,0,0,0,0,0,0,0.0,1.43,INEXISTENTE,0.0,29.02,14.9,0.18,0.4,-2.5,272.49
2167,20/11/2025,0.76,0.42,0.12,214.73,,0.0,,,,,,,,,0,ESTACAO_MONTA,SAFRA,0,0,0,0,0,0,0,0,0,0,0,0,0,0,0,0,0,0,0,0,0,0,0,0.0,1.43,INEXISTENTE,0.0,29.95,,,,,
2168,21/11/2025,0.76,0.42,0.12,214.45,322.45,0.0,59.75,135.37,25.08,248000.0,71.04,67.67,12.54,5.397,0,ESTACAO_MONTA,SAFRA,0,0,0,0,0,0,0,0,0,0,0,0,0,0,0,0,0,0,0,0,0,0,0,0.0,1.43,INEXISTENTE,0.0,27.51,14.9,0.18,0.4,-2.5,273.09
2169,22/11/2025,0.76,0.42,0.12,,,0.0,,,,,,,,,0,ESTACAO_MONTA,SAFRA,0,0,0,0,0,0,0,0,0,0,0,0,0,0,0,0,0,0,0,0,0,0,0,0.0,1.43,INEXISTENTE,35.8,25.32,,,,,
2170,23/11/2025,0.76,0.42,0.12,,,0.0,,,,,,,,,0,ESTACAO_MONTA,SAFRA,0,0,0,0,0,0,0,0,0,0,0,0,0,0,0,0,0,0,0,0,0,0,0,0.0,1.43,INEXISTENTE,0.0,27.31,,,,,
2171,24/11/2025,0.76,0.42,0.12,207.2,322.45,0.0,59.75,134.58,24.95,247600.0,71.26,67.82,12.57,5.394,0,ESTACAO_MONTA,SAFRA,0,0,0,0,0,0,0,0,0,0,0,0,0,0,0,0,0,0,0,0,0,0,0,0.0,1.43,INEXISTENTE,0.0,28.12,14.9,0.18,0.4,-2.5,275.68
2172,25/11/2025,0.76,0.42,0.12,207.0,321.25,0.0,59.76,135.69,25.24,248000.0,71.96,68.24,12.69,5.376,0,ESTACAO_MONTA,SAFRA,0,0,0,0,0,0,0,0,0,0,0,0,0,0,0,0,0,0,0,0,0,0,0,0.0,1.43,INEXISTENTE,0.0,26.99,14.9,0.18,0.4,-2.5,276.98
2173,26/11/2025,0.76,0.42,0.12,211.02,321.1,0.0,60.18,135.74,25.44,249400.0,72.99,68.4,12.82,5.336,0,ESTACAO_MONTA,SAFRA,0,0,0,0,0,0,0,0,0,0,0,0,0,0,0,0,0,0,0,0,0,0,0,0.0,1.43,INEXISTENTE,0.0,27.9,14.9,0.18,0.4,-2.5,280.87
2174,27/11/2025,0.76,0.42,0.12,,,0.0,,,,,,,,,0,ESTACAO_MONTA,SAFRA,0,0,0,0,0,0,0,0,0,0,0,0,0,0,0,0,0,0,0,0,0,0,0,0.0,1.43,INEXISTENTE,0.2,27.69,14.9,0.18,0.4,-2.5,
2175,28/11/2025,0.76,0.42,0.12,215.57,321.6,0.0,60.32,136.07,25.52,250800.0,73.22,68.76,12.9,5.332,0,ESTACAO_MONTA,SAFRA,0,0,0,0,0,0,0,0,0,0,0,0,0,0,0,0,0,0,0,0,0,0,0,0.0,1.43,INEXISTENTE,0.0,26.6,14.9,0.18,0.4,-2.5,281.46
2176,29/11/2025,0.76,0.42,0.12,,,0.0,,,,,,,,,0,ESTACAO_MONTA,SAFRA,0,0,0,0,0,0,0,0,0,0,0,0,0,0,0,0,0,0,0,0,0,0,0,0.0,1.43,INEXISTENTE,0.0,28.44,,,,,
2177,30/11/2025,0.76,0.42,0.12,,,0.0,,,,,,,,,0,ESTACAO_MONTA,SAFRA,0,0,0,0,0,0,0,0,0,0,0,0,0,0,0,0,0,0,0,0,0,0,0,0.0,1.43,INEXISTENTE,20.8,27.16,,,,,
2178,01/12/2025,0.26,0.42,0.12,214.2,321.6,0.0,60.32,135.39,25.26,248700.0,74.2,69.04,12.88,5.359,0,ESTACAO_MONTA,PLANEJAMENTO,0,0,0,0,0,0,0,0,0,0,0,0,0,0,0,0,0,0,0,0,0,0,0,0.0,-0.0,INEXISTENTE,2.6,26.66,14.9,,0.4,-2.5,278.99
2179,02/12/2025,0.26,0.42,0.12,218.48,321.75,0.0,60.34,136.04,25.51,248000.0,76.47,69.54,13.04,5.332,0,ESTACAO_MONTA,PLANEJAMENTO,0,0,0,0,0,0,0,0,0,0,0,0,0,0,0,0,0,0,0,0,0,0,0,0.0,-0.0,INEXISTENTE,0.6,26.13,14.9,,0.4,-2.5,277.49
2180,03/12/2025,0.26,0.42,0.12,218.95,321.2,0.0,60.47,135.82,25.57,246000.0,75.0,69.91,13.16,5.312,0,ESTACAO_MONTA,PLANEJAMENTO,0,0,0,0,0,0,0,0,0,0,0,0,0,0,0,0,0,0,0,0,0,0,0,0.0,-0.0,INEXISTENTE,0.0,27.8,14.9,,0.4,-2.5,274.34
2181,04/12/2025,0.26,0.42,0.12,221.45,322.05,0.0,60.66,135.21,25.47,246803.0,74.4,69.97,13.18,5.309,0,ESTACAO_MONTA,PLANEJAMENTO,0,0,0,0,0,0,0,0,0,0,0,0,0,0,0,0,0,0,0,0,0,0,0,0.0,-0.0,INEXISTENTE,23.4,25.1,14.9,,0.4,-2.5,273.19
2182,05/12/2025,0.26,0.42,0.12,227.15,322.1,0.0,59.04,135.45,24.83,243662.0,74.23,70.3,12.89,5.456,0,ESTACAO_MONTA,PLANEJAMENTO,0,0,0,0,0,0,0,0,0,0,0,0,0,0,0,0,0,0,0,0,0,0,0,0.0,-0.0,INEXISTENTE,1.8,24.81,14.9,,0.4,-2.5,270.87
2183,06/12/2025,0.26,0.42,0.12,,,0.0,,,,,,,,,0,ESTACAO_MONTA,PLANEJAMENTO,0,0,0,0,0,0,0,0,0,0,0,0,0,0,0,0,0,0,0,0,0,0,0,0.0,-0.0,INEXISTENTE,0.4,25.19,,,,,
2184,07/12/2025,0.26,0.42,0.12,,,0.0,,,,,,,,,0,ESTACAO_MONTA,PLANEJAMENTO,0,0,0,0,0,0,0,0,0,0,0,0,0,0,0,0,0,0,0,0,0,0,0,0.0,-0.0,INEXISTENTE,25.8,24.79,,,,,
2185,08/12/2025,0.26,0.42,0.12,227.32,322.1,0.0,59.04,135.64,25.01,241127.0,74.5,70.15,12.93,5.424,0,ESTACAO_MONTA,PLANEJAMENTO,0,0,0,0,0,0,0,0,0,0,0,0,0,0,0,0,0,0,0,0,0,0,0,0.0,-0.0,INEXISTENTE,17.8,24.33,14.9,,0.4,-2.5,270.42
2186,09/12/2025,0.26,0.42,0.12,226.82,322.5,0.0,59.29,135.46,24.91,239694.0,74.47,69.99,12.87,5.439,0,ESTACAO_MONTA,PLANEJAMENTO,0,0,0,0,0,0,0,0,0,0,0,0,0,0,0,0,0,0,0,0,0,0,0,0.0,-0.0,INEXISTENTE,0.2,26.29,14.9,,0.4,-2.5,270.12
2187,10/12/2025,0.26,0.42,0.12,226.8,320.9,0.0,58.58,135.63,24.76,240575.0,73.03,69.76,12.74,5.478,0,ESTACAO_MONTA,PLANEJAMENTO,0,0,0,0,0,0,0,0,0,0,0,0,0,0,0,0,0,0,0,0,0,0,0,0.0,-0.0,INEXISTENTE,2.6,25.77,14.9,,0.4,-2.5,266.33
2188,11/12/2025,0.26,0.42,0.12,230.38,320.9,0.0,58.58,135.83,25.15,241071.0,72.27,69.62,12.89,5.401,0,ESTACAO_MONTA,PLANEJAMENTO,0,0,0,0,0,0,0,0,0,0,0,0,0,0,0,0,0,0,0,0,0,0,0,0.0,-0.0,INEXISTENTE,0.2,27.62,14.9,,0.4,-2.5,272.4
2189,12/12/2025,0.26,0.42,0.12,229.8,320.8,0.0,59.26,135.41,25.02,237379.0,71.91,69.46,12.83,5.413,0,ESTACAO_MONTA,PLANEJAMENTO,0,0,0,0,0,0,0,0,0,0,0,0,0,0,0,0,0,0,0,0,0,0,0,0.0,-0.0,INEXISTENTE,12.4,27.76,14.9,,0.4,-2.5,273.55
2190,13/12/2025,0.26,0.42,0.12,,,0.0,,,,,,,,,0,ESTACAO_MONTA,PLANEJAMENTO,0,0,0,0,0,0,0,0,0,0,0,0,0,0,0,0,0,0,0,0,0,0,0,0.0,-0.0,INEXISTENTE,0.8,27.25,,,,,
2191,14/12/2025,0.26,0.42,0.12,,,0.0,,,,,,,,,0,ESTACAO_MONTA,PLANEJAMENTO,0,0,0,0,0,0,0,0,0,0,0,0,0,0,0,0,0,0,0,0,0,0,0,0.0,-0.0,INEXISTENTE,0.0,28.88,,,,,
2192,15/12/2025,0.26,0.42,0.12,230.82,321.15,0.0,59.23,134.62,24.83,236276.0,71.59,69.71,12.86,5.422,0,ESTACAO_MONTA,PLANEJAMENTO,0,0,0,0,0,0,0,0,0,0,0,0,0,0,0,0,0,0,0,0,0,0,0,0.0,-0.0,INEXISTENTE,6.0,26.1,14.9,,0.4,-2.5,272.18
2193,16/12/2025,0.26,0.42,0.12,231.15,319.25,0.0,58.41,134.55,24.62,234292.0,71.81,69.56,12.73,5.466,0,ESTACAO_MONTA,PLANEJAMENTO,0,0,0,0,0,0,0,0,0,0,0,0,0,0,0,0,0,0,0,0,0,0,0,0.0,-0.0,INEXISTENTE,10.6,27.03,14.9,,0.4,-2.5,272.95
2194,17/12/2025,0.26,0.42,0.12,230.3,319.2,0.0,57.81,135.88,24.61,233300.0,71.89,69.19,12.53,5.522,0,ESTACAO_MONTA,PLANEJAMENTO,0,0,0,0,0,0,0,0,0,0,0,0,0,0,0,0,0,0,0,0,0,0,0,0.0,-0.0,INEXISTENTE,5.4,26.62,14.9,,0.4,-2.5,273.74
2195,18/12/2025,0.26,0.42,0.12,228.43,318.0,0.0,57.6,136.24,24.68,231978.0,71.13,69.27,12.55,5.521,0,ESTACAO_MONTA,PLANEJAMENTO,0,0,0,0,0,0,0,0,0,0,0,0,0,0,0,0,0,0,0,0,0,0,0,0.0,-0.0,INEXISTENTE,5.4,25.36,14.9,,0.4,-2.5,266.03
2196,19/12/2025,0.26,0.42,0.12,230.4,318.0,0.0,57.6,136.1,24.62,231316.0,70.98,69.42,12.56,5.529,0,ESTACAO_MONTA,PLANEJAMENTO,0,0,0,0,0,0,0,0,0,0,0,0,0,0,0,0,0,0,0,0,0,0,0,0.0,-0.0,INEXISTENTE,1.8,26.05,14.9,,0.4,-2.5,269.09
2197,20/12/2025,0.26,0.42,0.12,,,0.0,,,,,,,,,0,ESTACAO_MONTA,PLANEJAMENTO,0,0,0,0,0,0,0,0,0,0,0,0,0,0,0,0,0,0,0,0,0,0,0,0.0,-0.0,INEXISTENTE,3.4,25.06,,,,,
2198,21/12/2025,0.26,0.42,0.12,,,0.0,,,,,,,,,0,ESTACAO_MONTA,PLANEJAMENTO,0,0,0,0,0,0,0,0,0,0,0,0,0,0,0,0,0,0,0,0,0,0,0,0.0,-0.0,INEXISTENTE,5.2,25.6,,,,,
2199,22/12/2025,0.26,0.42,0.12,230.73,317.85,0.0,56.94,136.16,24.39,232198.0,70.99,69.47,12.45,5.582,0,ESTACAO_MONTA,PLANEJAMENTO,0,0,0,0,0,0,0,0,0,0,0,0,0,0,0,0,0,0,0,0,0,0,0,0.0,-0.0,INEXISTENTE,6.4,26.88,14.9,,0.4,-2.5,273.2
2200,23/12/2025,0.26,0.42,0.12,228.82,319.5,0.0,57.69,136.2,24.59,231812.0,70.81,69.5,12.55,5.538,0,ESTACAO_MONTA,PLANEJAMENTO,0,0,0,0,0,0,0,0,0,0,0,0,0,0,0,0,0,0,0,0,0,0,0,0.0,-0.0,INEXISTENTE,0.2,26.22,14.9,,0.4,-2.5,275.53
2201,24/12/2025,0.26,0.42,0.12,228.7,,0.0,,,,,,,,,0,ESTACAO_MONTA,PLANEJAMENTO,0,0,0,0,0,0,0,0,0,0,0,0,0,0,0,0,0,0,0,0,1,1,0,1.5,-0.0,INEXISTENTE,2.0,27.01,14.9,,0.4,-2.5,276.38
2202,25/12/2025,0.26,0.42,0.12,,,0.0,,,,,,,,,0,ESTACAO_MONTA,PLANEJAMENTO,0,0,0,0,0,0,0,0,0,0,0,0,0,0,0,0,0,0,0,0,1,1,0,1.5,-0.0,INEXISTENTE,11.2,25.12,,,,,
2203,26/12/2025,0.26,0.42,0.12,229.82,319.5,0.0,57.69,136.23,24.57,233410.0,70.08,69.48,12.53,5.544,0,ESTACAO_MONTA,PLANEJAMENTO,0,0,0,0,0,0,0,0,0,0,0,0,0,0,0,0,0,0,0,0,1,1,0,1.5,-0.0,INEXISTENTE,3.4,27.27,14.9,,0.4,-2.5,276.73
2204,27/12/2025,0.26,0.42,0.12,,,0.0,,,,,,,,,0,ESTACAO_MONTA,PLANEJAMENTO,0,0,0,0,0,0,0,0,0,0,0,0,0,0,0,0,0,0,0,0,0,0,0,0.0,-0.0,INEXISTENTE,0.0,29.9,,,,,
2205,28/12/2025,0.26,0.42,0.12,,,0.0,,,,,,,,,0,ESTACAO_MONTA,PLANEJAMENTO,0,0,0,0,0,0,0,0,0,0,0,0,0,0,0,0,0,0,0,0,0,0,0,0.0,-0.0,INEXISTENTE,0.0,30.06,,,,,
2206,29/12/2025,0.26,0.42,0.12,228.9,318.0,0.0,57.0,136.21,24.41,231371.0,70.28,69.46,12.45,5.579,0,ESTACAO_MONTA,PLANEJAMENTO,0,0,0,0,0,0,0,0,0,0,0,0,0,0,0,0,0,0,0,0,0,0,0,0.0,-0.0,INEXISTENTE,0.0,28.14,14.9,,0.4,-2.5,278.42
2207,30/12/2025,0.26,0.42,0.12,231.18,319.2,0.0,58.16,135.6,24.71,234182.0,70.25,69.5,12.66,5.488,0,ESTACAO_MONTA,PLANEJAMENTO,0,0,0,0,0,0,0,0,0,0,0,0,0,0,0,0,0,0,0,0,0,0,1,1.5,-0.0,INEXISTENTE,0.0,27.66,14.9,,0.4,-2.5,275.83
2208,31/12/2025,0.26,0.42,0.12,232.0,,0.0,,,,,,,,,0,ESTACAO_MONTA,PLANEJAMENTO,0,0,0,0,0,0,0,0,0,0,0,0,0,0,0,0,0,0,0,0,0,0,1,1.5,-0.0,INEXISTENTE,10.8,26.9,14.9,,0.4,-2.5,273.08
